pcm_RMSenergy_sma,pcm_fftMag_mfcc_sma[1],pcm_fftMag_mfcc_sma[2],pcm_fftMag_mfcc_sma[3],pcm_fftMag_mfcc_sma[4],pcm_fftMag_mfcc_sma[5],pcm_fftMag_mfcc_sma[6],pcm_fftMag_mfcc_sma[7],pcm_fftMag_mfcc_sma[8],pcm_fftMag_mfcc_sma[9],pcm_fftMag_mfcc_sma[10],pcm_fftMag_mfcc_sma[11],pcm_fftMag_mfcc_sma[12],pcm_zcr_sma,F0final_sma,voicingFinalUnclipped_sma,pcm_RMSenergy_sma_de,pcm_fftMag_mfcc_sma_de[1],pcm_fftMag_mfcc_sma_de[2],pcm_fftMag_mfcc_sma_de[3],pcm_fftMag_mfcc_sma_de[4],pcm_fftMag_mfcc_sma_de[5],pcm_fftMag_mfcc_sma_de[6],pcm_fftMag_mfcc_sma_de[7],pcm_fftMag_mfcc_sma_de[8],pcm_fftMag_mfcc_sma_de[9],pcm_fftMag_mfcc_sma_de[10],pcm_fftMag_mfcc_sma_de[11],pcm_fftMag_mfcc_sma_de[12],pcm_zcr_sma_de,F0final_sma_de,voicingFinalUnclipped_sma_de
1.049284e-03,-1.698117e+00,6.927008e+00,-3.823413e+00,-2.010346e+00,-1.947005e+00,-2.098027e+00,-8.300344e-02,5.828192e+00,1.563489e+00,2.318142e+00,7.466015e-01,6.764827e-01,1.027501e-02,0,5.281891e-01,-5.724956e-06,-4.866003e-01,-7.218704e-02,4.309648e-01,9.573380e-01,-2.316122e-01,-2.152546e-01,6.165504e-01,-2.876291e-01,-9.055301e-02,-8.137967e-02,-8.558289e-01,-1.352095e-01,-3.022058e-05,0,-2.888811e-03
1.034873e-03,-2.788318e+00,6.930270e+00,-2.771194e+00,-2.418427e-01,-2.470577e+00,-2.462502e+00,1.286437e+00,5.541504e+00,1.424485e+00,2.080361e+00,-5.800881e-01,2.171762e-01,9.972801e-03,0,5.317559e-01,1.167724e-05,-9.319208e-01,2.914515e-02,6.903623e-01,8.766295e-01,2.875330e-01,-4.816743e-01,8.732956e-01,-2.350805e-01,-2.127988e-01,-4.590299e-02,-1.668358e+00,-1.825480e-01,3.022063e-04,0,-7.014745e-03
1.027865e-03,-3.586018e+00,6.564442e+00,-2.194698e+00,1.892092e+00,-2.843280e+00,-2.992062e+00,2.315028e+00,4.533390e+00,1.180225e+00,2.030134e+00,-2.869198e+00,2.300882e-01,1.027501e-02,0,5.119617e-01,3.480514e-05,-9.889351e-01,3.281428e-01,6.192793e-01,4.645951e-01,4.697993e-01,-6.634159e-01,1.143339e+00,-2.549962e-01,-2.550051e-01,-9.558413e-02,-2.022398e+00,2.645996e-01,1.631913e-03,0,-1.373966e-02
1.118380e-03,-5.413770e+00,7.254017e+00,-1.185959e+00,4.215821e-01,-6.120225e-02,-4.059380e+00,3.084459e+00,5.300190e+00,6.911261e-01,2.232631e+00,-5.787287e+00,-1.306029e-02,1.178604e-02,0,5.012291e-01,6.558523e-05,-7.588680e-01,3.428347e-01,9.104673e-01,1.292820e-02,-4.018361e-01,-6.917607e-01,1.256005e+00,-5.166161e-01,-7.668189e-01,-9.490985e-02,-1.015183e+00,2.487038e-01,4.110003e-03,0,-8.824837e-03
1.181556e-03,-5.330066e+00,8.405849e+00,-1.519634e+00,-1.908308e-02,-8.026957e-01,-4.616667e+00,4.734679e+00,4.673868e+00,6.551428e-01,1.764086e+00,-6.761791e+00,2.114599e+00,1.752795e-02,0,4.747542e-01,7.729358e-05,-5.996442e-02,-8.540416e-02,1.228448e+00,3.754188e-01,-2.083158e+00,-9.846743e-01,1.032882e+00,-1.051087e+00,-1.267969e+00,1.219911e-01,3.584215e-01,1.015128e-01,5.862799e-03,0,9.709299e-03
1.285953e-03,-5.710634e+00,7.723740e+00,1.443610e+00,7.783859e-01,-5.500050e+00,-5.109003e+00,6.356636e+00,2.888185e+00,-2.147068e+00,1.738836e+00,-3.709705e+00,5.184401e-01,2.689634e-02,0,5.062354e-01,9.395766e-05,6.730550e-01,-6.306912e-01,1.262911e+00,4.589485e-01,-3.737423e+00,-1.757609e+00,4.847888e-01,-1.752360e+00,-1.862690e+00,8.400132e-01,8.455395e-01,-4.831325e-01,5.439710e-03,0,3.411129e-02
1.330546e-03,-3.737408e+00,5.902560e+00,2.632759e+00,3.590784e+00,-1.053965e+01,-7.390622e+00,5.843352e+00,4.839556e-01,-3.740521e+00,2.886987e+00,-2.115882e+00,4.719018e-01,3.203385e-02,0,5.580050e-01,1.159785e-04,1.060915e+00,-5.356235e-01,5.096406e-01,-5.522054e-01,-3.400387e+00,-2.534677e+00,-3.602084e-01,-1.862359e+00,-1.509689e+00,1.647597e+00,-4.639234e-01,-5.356186e-01,2.055002e-03,1.018511e+01,5.303161e-02
1.513673e-03,-2.844825e+00,5.352205e+00,3.052400e+00,9.113908e-01,-1.387984e+01,-1.146045e+01,4.954066e+00,-1.366653e+00,-6.424493e+00,5.871247e+00,-3.882544e+00,-1.607374e+00,3.173164e-02,0,6.301602e-01,1.236303e-04,1.251742e+00,1.885869e-01,-1.025158e+00,-2.102350e+00,-1.793430e+00,-2.461141e+00,-7.880133e-01,-1.216324e+00,-4.625907e-01,1.539847e+00,-2.235418e+00,8.998177e-02,-2.055002e-03,2.563758e+01,5.283054e-02
1.647589e-03,-1.458395e+00,6.913498e+00,2.241736e-01,-2.846613e+00,-1.361473e+01,-1.411433e+01,3.634922e+00,-2.510507e+00,-4.754591e+00,7.935864e+00,-8.994988e+00,4.994133e-01,2.538531e-02,5.092556e+01,6.779499e-01,9.942022e-05,1.126246e+00,6.311520e-01,-1.810100e+00,-2.523674e+00,-5.310066e-01,-1.177894e+00,-6.737759e-01,-6.487921e-01,2.481793e-01,4.126329e-01,-2.185745e+00,3.953232e-01,-4.261107e-03,4.138840e+01,4.158975e-02
1.745583e-03,-5.914297e-01,8.161205e+00,-2.477888e+00,-6.514668e+00,-1.292966e+01,-1.405286e+01,3.520784e+00,-1.696202e+00,-3.952986e+00,6.913630e+00,-1.144724e+01,9.545932e-01,1.994560e-02,1.027251e+02,7.104157e-01,3.493094e-05,1.059373e+00,6.587217e-01,-1.828524e+00,-1.720378e+00,1.827565e-01,4.945477e-01,-3.182585e-01,-2.092867e-01,3.232392e-01,-1.151999e+00,-6.671861e-01,4.297846e-01,-4.321548e-03,4.210781e+01,2.447617e-02
1.711692e-03,7.671265e-01,7.653820e+00,-3.652596e+00,-5.314554e+00,-1.366977e+01,-1.198389e+01,3.191113e+00,-2.595230e+00,-3.735378e+00,4.428960e+00,-9.262258e+00,1.167534e+00,1.662134e-02,1.555795e+02,7.258260e-01,-1.103872e-05,8.518508e-01,2.925308e-01,-1.116686e+00,-7.114321e-01,1.640964e-01,1.862591e+00,-6.940749e-02,-4.035692e-01,-1.113891e-01,-1.667675e+00,9.301979e-01,-3.277609e-01,-3.324267e-03,2.736761e+01,1.245664e-02
1.656277e-03,1.339280e+00,8.275653e+00,-4.151834e+00,-6.456529e+00,-1.293854e+01,-1.005293e+01,3.584678e+00,-2.370725e+00,-5.317904e+00,1.864707e+00,-7.084840e+00,2.074888e-01,1.450589e-02,1.582121e+02,7.286029e-01,-2.569224e-05,5.152919e-01,2.322642e-01,-4.971531e-01,-4.145226e-01,4.578020e-01,2.496109e+00,-9.168234e-02,-9.760792e-01,-7.763350e-02,-8.033941e-01,1.014038e+00,-5.392970e-01,-2.689634e-03,1.208192e+01,4.712624e-03
1.637049e-03,1.835504e+00,8.318929e+00,-4.522284e+00,-6.432843e+00,-1.278981e+01,-6.801336e+00,3.255938e+00,-4.191092e+00,-4.629077e+00,2.121951e+00,-6.525200e+00,-7.658389e-01,1.148383e-02,1.600201e+02,7.311395e-01,-7.606682e-06,1.538266e-01,2.294250e-01,-2.713365e-01,-4.945226e-01,6.479205e-01,2.437579e+00,-1.844696e-01,-1.257892e+00,4.940216e-01,4.322113e-01,1.694835e-01,-3.164226e-01,-2.417649e-03,1.258224e+00,1.926142e-03
1.654444e-03,1.450841e+00,8.989972e+00,-4.528810e+00,-8.028136e+00,-1.108063e+01,-4.163591e+00,3.029961e+00,-5.778667e+00,-3.894304e+00,4.050164e+00,-7.745581e+00,-7.752054e-01,9.066183e-03,1.609144e+02,7.313221e-01,-9.355717e-07,-1.744854e-03,-1.120052e-01,-1.104406e-01,-1.122843e-01,4.251798e-01,1.869502e+00,-1.402491e-01,-1.258226e+00,8.777117e-01,1.101592e+00,-2.800462e-01,1.625315e-01,-1.631913e-03,2.770920e-01,9.166122e-04
1.674575e-03,1.480479e+00,8.443786e+00,-4.820791e+00,-7.001363e+00,-1.135913e+01,-2.740663e+00,2.546124e+00,-7.180717e+00,-1.977069e+00,5.497288e+00,-8.084470e+00,7.676804e-02,7.252946e-03,1.605194e+02,7.340972e-01,-1.826476e-05,-8.802277e-02,-3.348216e-01,2.373447e-02,8.868875e-02,8.949204e-02,9.099744e-01,4.109948e-02,-6.671286e-01,6.683853e-01,6.838773e-01,-4.849686e-02,4.499183e-01,-3.626474e-04,-7.991654e-01,-3.081262e-04
1.632836e-03,1.508068e+00,7.653198e+00,-4.554783e+00,-6.733690e+00,-1.152798e+01,-2.735758e+00,3.238339e+00,-7.167044e+00,-2.255349e+00,5.685000e+00,-7.705436e+00,5.988431e-01,8.461771e-03,1.593479e+02,7.317072e-01,-4.550571e-05,-4.590746e-02,-4.009977e-01,4.288645e-02,2.359925e-01,-3.285832e-01,2.649232e-01,-1.412840e-02,3.317871e-02,6.105670e-02,-1.694748e-01,6.691364e-01,1.719415e-01,1.299486e-03,-1.663380e+00,-1.481092e-03
1.556529e-03,1.366777e+00,7.313208e+00,-4.390625e+00,-6.636622e+00,-1.211867e+01,-2.965380e+00,3.357246e+00,-6.832546e+00,-2.106629e+00,4.723919e+00,-6.787756e+00,7.967284e-01,9.972801e-03,1.568075e+02,7.294063e-01,-5.839114e-05,-9.476912e-02,-9.040122e-02,-3.078589e-02,-1.916765e-01,-7.238550e-02,3.407159e-02,-5.379021e-01,3.841356e-01,-3.701992e-01,-5.421727e-01,1.084791e+00,-3.758060e-01,2.629193e-03,-2.267812e+00,-1.965475e-03
1.485938e-03,1.278155e+00,7.550272e+00,-4.529461e+00,-7.030544e+00,-1.234377e+01,-2.726616e+00,2.553758e+00,-5.786860e+00,-3.524241e+00,3.589474e+00,-5.048255e+00,-2.754782e-01,1.420369e-02,1.544534e+02,7.262620e-01,-7.750083e-06,2.362511e-02,-2.525681e-01,-6.403122e-01,-9.097014e-02,3.687271e-01,-5.136207e-01,-1.732946e+00,7.799989e-01,1.786540e-01,-2.746404e-01,1.083574e+00,-7.480241e-01,3.294046e-03,-2.319134e+00,-1.418442e-03
1.456068e-03,1.121590e+00,8.043242e+00,-4.987381e+00,-7.811319e+00,-1.131316e+01,-2.574876e+00,1.989042e-01,-5.950132e+00,-3.193619e+00,3.834187e+00,-3.989106e+00,-1.365101e+00,1.752795e-02,1.516276e+02,7.269924e-01,1.142116e-04,8.421806e-02,-1.167367e+00,-1.390120e+00,3.679837e-01,8.556200e-01,-1.656066e+00,-2.105128e+00,1.165922e+00,1.391523e+00,5.113589e-01,-1.409662e-02,-1.616009e-01,3.112723e-03,-2.060297e+00,4.411459e-04
1.644316e-03,1.748787e+00,6.025341e+00,-7.457966e+00,-6.601192e+00,-1.008710e+01,-5.499114e+00,-3.847221e+00,-3.708257e+00,-8.185838e-01,4.756664e+00,-3.686891e+00,-2.060363e+00,2.115443e-02,1.503422e+02,7.258219e-01,2.687158e-04,-6.496805e-02,-2.320539e+00,-2.116853e+00,9.660012e-01,8.503776e-01,-2.792586e+00,-1.358199e+00,1.685274e+00,3.013852e+00,7.647966e-01,-1.662043e+00,1.465237e+00,2.206104e-03,-1.714774e+00,2.325147e-03
2.048398e-03,1.552551e+00,2.238836e+00,-9.876973e+00,-5.011379e+00,-8.968904e+00,-9.859464e+00,-3.967906e+00,-2.042237e+00,3.498157e+00,6.697119e+00,-7.538922e+00,8.811660e-01,2.206104e-02,1.485617e+02,7.318321e-01,3.507414e-04,-4.111310e-01,-2.763986e+00,-2.266198e+00,1.014345e+00,5.954933e-01,-2.795804e+00,2.382806e-01,1.992343e+00,3.657734e+00,2.719699e-01,-3.032035e+00,3.215020e+00,1.631913e-03,-1.595251e+00,4.053980e-03
2.533352e-03,7.378340e-01,-1.150220e+00,-1.266893e+01,-3.600508e+00,-9.264012e+00,-1.304725e+01,-2.153831e+00,6.855662e-01,8.199128e+00,5.981991e+00,-1.158356e+01,5.927572e+00,2.296766e-02,1.474125e+02,7.354679e-01,2.884281e-04,-6.014346e-01,-1.934738e+00,-1.934740e+00,2.739275e-01,6.752561e-01,-1.541447e+00,1.116875e+00,1.836508e+00,2.801808e+00,-2.656731e-01,-3.063178e+00,3.332340e+00,1.601693e-03,-1.879306e+00,4.245895e-03
2.765257e-03,-4.285885e-01,-2.188906e+00,-1.371289e+01,-4.239938e+00,-8.747240e+00,-1.277982e+01,5.436122e-01,1.814671e+00,1.058620e+01,4.581373e+00,-1.520094e+01,1.071603e+01,2.478090e-02,1.451162e+02,7.424393e-01,1.082243e-04,-3.243552e-01,-4.410218e-01,-1.432302e+00,-4.450668e-01,1.094510e+00,-2.045349e-01,4.310265e-01,1.476890e+00,1.041101e+00,-2.992244e-02,-1.780403e+00,1.347048e+00,2.357208e-03,-2.087724e+00,2.402288e-03
2.728027e-03,-2.678168e-01,-1.434478e+00,-1.521371e+01,-5.617276e+00,-6.821655e+00,-1.174617e+01,-5.186062e-01,3.545828e+00,9.646438e+00,4.486171e+00,-1.517177e+01,9.683903e+00,2.780296e-02,1.426684e+02,7.417478e-01,-7.726475e-05,1.439016e-01,8.341055e-01,-7.353022e-01,-9.297821e-01,1.709973e+00,4.474125e-01,-7.878889e-01,9.871397e-01,-7.328397e-01,9.673742e-01,-1.590917e-01,-1.134593e+00,2.417648e-03,-2.172505e+00,-8.300543e-05
2.492182e-03,4.335999e-01,1.758563e-01,-1.576610e+01,-6.228329e+00,-4.717535e+00,-1.153268e+01,-2.630386e+00,3.912083e+00,7.980006e+00,7.295416e+00,-1.464684e+01,5.738241e+00,3.142944e-02,1.404951e+02,7.407036e-01,-1.829473e-04,4.961533e-01,1.516722e+00,-1.887093e-02,-8.500363e-01,1.808630e+00,3.530149e-01,-1.647886e+00,4.579399e-01,-1.365592e+00,1.679332e+00,1.069923e+00,-2.627694e+00,1.359927e-03,-1.690044e+00,-2.810192e-03
2.283565e-03,1.026248e+00,1.837926e+00,-1.531884e+01,-7.255223e+00,-2.729002e+00,-1.143376e+01,-4.506277e+00,4.572559e+00,5.838025e+00,9.461841e+00,-1.265608e+01,2.743503e+00,3.173164e-02,1.388605e+02,7.359207e-01,-2.002995e-04,4.420777e-01,1.685294e+00,8.991874e-01,-6.060485e-01,1.562054e+00,-2.214146e-03,-1.453279e+00,-2.283936e-02,-1.152082e+00,1.308451e+00,1.190406e+00,-1.955700e+00,-8.461770e-04,-9.343338e-01,-4.488224e-03
2.072751e-03,1.405145e+00,3.758500e+00,-1.375468e+01,-7.671146e+00,-1.750414e+00,-1.117095e+01,-5.701984e+00,3.591006e+00,5.662441e+00,1.049020e+01,-1.110918e+01,1.047759e+00,2.961620e-02,1.385699e+02,7.313018e-01,-1.622212e-04,2.289681e-01,1.650833e+00,1.461169e+00,-2.794620e-01,1.327656e+00,-7.007964e-01,-1.013944e+00,-1.662539e-01,-8.183330e-01,4.160277e-01,7.167760e-01,-5.359815e-01,-2.961620e-03,-7.049408e-02,-5.398178e-03
1.936245e-03,1.456799e+00,5.200669e+00,-1.172348e+01,-7.926110e+00,-4.949457e-01,-1.193810e+01,-6.249204e+00,3.592170e+00,5.044810e+00,9.431035e+00,-1.098857e+01,2.250646e+00,2.447869e-02,1.389593e+02,7.240075e-01,-1.007036e-04,-5.097344e-02,1.346699e+00,1.624679e+00,7.125850e-02,1.037132e+00,-1.707566e+00,-3.620732e-01,-1.134405e-01,-6.466413e-01,-5.815697e-02,-3.034546e-01,9.650938e-01,-3.596252e-03,5.882202e-01,-4.806912e-03
1.854736e-03,1.363165e+00,6.748653e+00,-1.025793e+01,-7.290196e+00,8.037178e-01,-1.478449e+01,-6.828640e+00,3.571008e+00,4.284948e+00,9.390958e+00,-1.189671e+01,3.304762e+00,2.024781e-02,1.400932e+02,7.196693e-01,-2.223280e-05,-3.496478e-01,8.775944e-01,1.301956e+00,2.219832e-01,6.195579e-01,-2.629456e+00,9.563427e-02,1.597759e-01,-6.478740e-01,-3.718285e-01,-6.968095e-01,2.072716e+00,-2.598973e-03,8.136185e-01,-3.938496e-03
1.889055e-03,7.923710e-01,7.076343e+00,-8.943817e+00,-7.089406e+00,1.179590e+00,-1.816482e+01,-5.753314e+00,4.015355e+00,3.293565e+00,9.720675e+00,-1.377958e+01,6.440470e+00,1.843457e-02,1.410399e+02,7.177024e-01,2.734375e-06,-4.932822e-01,6.965810e-01,1.009841e+00,3.596155e-01,-1.933485e-01,-2.285463e+00,3.974872e-01,-2.354555e-01,-2.457767e-01,-4.464651e-01,-2.379475e-01,1.859624e+00,-9.670591e-04,-8.747055e+00,-4.357696e-03
1.985182e-03,-1.087976e-02,7.208635e+00,-8.634730e+00,-6.979582e+00,5.101070e-01,-2.120487e+01,-5.471757e+00,4.178293e+00,3.298694e+00,8.486235e+00,-1.319772e+01,9.316427e+00,1.964340e-02,1.415977e+02,7.147619e-01,-5.101421e-05,-4.430614e-01,8.384563e-01,1.093443e+00,6.819051e-01,-9.650084e-01,-1.253605e-01,7.221678e-01,-5.586160e-01,5.855999e-02,-1.255770e+00,7.971556e-01,5.809524e-01,3.022086e-05,-2.322847e+01,-8.894777e-03
1.884694e-03,-3.225896e-01,8.453583e+00,-7.485880e+00,-6.283339e+00,-1.314883e+00,-2.015523e+01,-4.940210e+00,2.111250e+00,4.309053e+00,7.651071e+00,-1.152780e+01,8.542932e+00,1.994560e-02,9.447186e+01,7.046728e-01,-1.612108e-04,-2.370103e-01,1.221525e+00,1.493434e+00,1.323676e+00,-1.459502e+00,2.862136e+00,6.829074e-01,-9.810111e-01,1.429966e-01,-1.625805e+00,1.839703e+00,-1.793901e+00,-2.417650e-04,-3.764426e+01,-1.863427e-02
1.601846e-03,-2.946617e-01,1.025231e+01,-5.519683e+00,-4.283704e+00,-2.774087e+00,-1.441609e+01,-3.624354e+00,1.729981e+00,4.070004e+00,4.146910e+00,-9.036820e+00,5.158293e+00,1.964340e-02,4.723494e+01,6.817102e-01,-2.421743e-04,-3.307996e-01,1.301693e+00,1.991930e+00,1.783826e+00,-1.363361e+00,5.197589e+00,9.650093e-01,-1.109299e+00,-5.636242e-01,-1.754274e+00,2.254665e+00,-2.938604e+00,-1.420369e-03,-3.776672e+01,-6.681381e-02
1.274669e-03,-2.507895e-01,1.166213e+01,-3.034171e+00,-1.818964e+00,-4.475822e+00,-7.248531e+00,-3.262480e+00,3.344555e-01,3.622893e+00,3.761312e+00,-6.661518e+00,-4.499687e-01,1.722575e-02,0,6.410570e-01,-2.170343e-04,-1.113545e+00,6.691185e-01,1.825964e+00,1.773831e+00,-7.218736e-01,4.916745e+00,1.105392e+00,-7.172832e-01,-7.779973e-01,-1.286943e+00,2.425988e+00,-2.492131e+00,-1.783016e-03,-2.361786e+01,-1.287717e-01
1.079323e-03,-1.700778e+00,1.211283e+01,-9.009352e-01,-2.926400e-01,-4.726227e+00,-1.670279e+00,-1.485576e+00,-4.798044e-01,8.236530e-01,1.659744e+00,-4.357535e+00,-8.801411e-01,1.390148e-02,0,4.125007e-01,-1.304630e-04,-1.910364e+00,-3.245249e-01,1.052028e+00,1.057899e+00,2.926254e-01,3.155402e+00,1.402251e+00,-3.563282e-01,-5.453792e-01,-3.966188e-01,1.778888e+00,-1.126740e+00,3.928679e-04,-9.446989e+00,-1.809058e-01
1.060783e-03,-5.187255e+00,1.086892e+01,-6.654344e-01,5.902848e-01,-3.948181e+00,-1.944408e+00,-4.826397e-01,-3.702736e-01,2.042242e+00,2.459942e+00,-1.737506e+00,-8.985081e-01,1.390148e-02,0,1.954190e-01,6.433926e-06,-2.323096e+00,-1.542835e+00,-3.186816e-01,6.390748e-01,1.481664e+00,6.514593e-01,1.634266e+00,4.643468e-01,-1.255998e-01,-4.057457e-01,6.925057e-01,1.970362e-01,5.228166e-03,0,-1.694615e-01
1.056474e-03,-7.378250e+00,9.026295e+00,-1.443911e+00,-1.988347e-01,-1.574781e+00,-1.291144e+00,1.996984e+00,3.007042e-01,2.133433e+00,2.814502e+00,-2.604386e+00,-2.511363e-01,2.326987e-02,0,0,1.045006e-04,-1.876485e+00,-2.175599e+00,-1.452929e+00,6.477727e-01,2.197008e+00,-1.008142e+00,1.370754e+00,9.309469e-01,-1.973411e-01,-2.860525e-01,-3.138952e-01,6.099995e-01,7.917801e-03,0,-1.020420e-01
1.318263e-03,-9.027531e+00,5.491219e+00,-4.356091e+00,1.329507e+00,1.356776e+00,-4.180803e+00,3.167569e+00,2.265935e+00,2.340004e+00,1.155205e+00,-4.075564e+00,2.207100e-01,3.868238e-02,0,0,1.214221e-04,-8.617012e-01,-1.874603e+00,-1.360421e+00,1.212068e+00,1.926548e+00,-1.406741e+00,3.674099e-01,7.041637e-01,-1.069911e+00,-5.840188e-01,-7.747280e-01,8.362503e-01,4.321548e-03,0,-1.993054e-02
1.473087e-03,-9.163062e+00,3.923681e+00,-6.320253e+00,2.576612e+00,3.606332e+00,-5.592793e+00,3.543087e+00,2.856826e+00,-3.119334e-01,8.818495e-01,-4.757982e+00,1.610247e+00,4.110003e-02,0,0,4.496877e-05,-1.493059e-01,-9.020737e-01,-2.520702e-01,1.585059e+00,7.478494e-01,-8.886108e-01,-4.150861e-01,1.288151e-01,-1.217389e+00,-1.002715e-02,7.665300e-02,4.254286e-01,-4.110003e-03,0,2.872988e-02
1.459587e-03,-8.603355e+00,4.047214e+00,-5.029367e+00,5.262901e+00,3.094003e+00,-6.827291e+00,5.813589e-01,1.872484e+00,-2.084632e+00,5.061733e-01,-4.534348e+00,2.352052e+00,2.659414e-02,0,9.576628e-02,-9.438586e-05,2.264582e-01,4.484317e-02,1.027632e+00,7.891743e-01,-9.029352e-01,6.804360e-01,-6.475977e-01,-8.695688e-01,-9.046815e-01,6.928136e-01,6.675184e-01,-1.167044e-02,-1.097008e-02,0,2.872988e-02
1.210656e-03,-8.336867e+00,5.237929e+00,-2.367624e+00,5.759762e+00,1.295853e+00,-4.410954e+00,1.214659e+00,1.141505e+00,-1.741196e+00,3.088882e+00,-1.991729e+00,8.103358e-01,8.763977e-03,0,9.576628e-02,-1.593600e-04,-6.140394e-02,2.372925e-01,1.258450e+00,-5.964106e-01,-2.175797e+00,1.610406e+00,-8.184620e-02,-1.132972e+00,-1.895769e-01,6.298690e-01,8.691947e-01,-2.340024e-01,-9.187066e-03,0,0
9.775491e-04,-8.308337e+00,5.058311e+00,-1.194246e+00,3.683804e+00,-2.002661e+00,-1.369542e+00,1.093795e+00,-1.224248e+00,-1.468772e+00,3.515757e+00,-2.121098e+00,5.623135e-01,0,0,9.576628e-02,-1.480557e-04,-3.682209e-01,-1.373982e-02,3.151130e-01,-2.143497e+00,-2.597083e+00,1.513265e+00,1.290394e-01,-8.531758e-01,1.036772e-01,2.599708e-01,3.570810e-01,-2.880986e-01,2.719857e-04,0,-2.872988e-02
9.173055e-04,-9.617591e+00,4.604595e+00,-1.945563e+00,3.841081e-01,-4.724321e+00,-2.696387e-01,2.877638e+00,-1.259667e+00,-1.567748e+00,2.526403e+00,-1.618633e+00,1.335105e+00,8.461771e-03,0,0,-7.937950e-05,-4.571343e-01,-1.521377e-01,-6.578609e-01,-2.383572e+00,-2.062579e+00,3.265402e-01,-1.080743e+00,-5.263826e-01,3.652465e-01,-3.552385e-01,-7.869117e-02,2.831329e-01,1.145361e-02,0,-2.872988e-02
8.659841e-04,-9.804098e+00,4.295182e+00,-3.664832e+00,-2.766757e+00,-6.881325e+00,-1.331623e+00,3.950664e-01,-1.192809e+00,-1.652970e+00,2.087267e+00,-2.935490e+00,6.491745e-01,2.810517e-02,0,0,-2.428291e-05,-4.297177e-01,-8.452144e-02,-1.024714e+00,-1.568660e+00,-5.533394e-01,-9.321993e-01,-2.381196e+00,-3.669220e-01,4.280673e-01,-2.530835e-02,3.537942e-01,8.147594e-01,1.625869e-02,0,-1.915326e-02
8.695407e-04,-9.874659e+00,4.858805e+00,-4.421635e+00,-2.932815e+00,-6.577711e+00,-2.797212e+00,-3.839693e+00,-1.506127e+00,1.771353e-01,2.026935e+00,-1.977989e+00,2.182570e+00,5.197945e-02,0,0,-4.378171e-06,-3.006300e-01,-1.177699e-01,-4.304361e-01,-1.496527e-01,8.304366e-01,-1.252567e+00,-3.095018e+00,-7.234186e-01,5.806643e-01,6.789936e-01,1.053007e+00,1.914929e+00,9.428832e-03,0,0
8.800170e-04,-1.032839e+01,4.508599e+00,-5.079779e+00,-2.501033e+00,-3.842663e+00,-4.766752e+00,-7.453516e+00,-2.935628e+00,-2.008771e-01,3.638950e+00,-1.724493e-01,4.212378e+00,5.953461e-02,0,0,9.165099e-06,-2.254773e-01,-1.736359e-01,2.850302e-01,4.446830e-01,1.583322e+00,-5.948674e-01,-1.806802e+00,-7.865939e-01,1.708634e-01,9.150815e-01,1.782469e+00,2.074190e+00,-2.840737e-03,0,0
8.883982e-04,-1.085859e+01,3.909037e+00,-3.390270e+00,-4.970177e-01,-2.091469e+00,-4.814911e+00,-8.673160e+00,-4.005350e+00,6.095269e-01,5.145529e+00,2.264879e+00,9.128150e+00,3.989121e-02,0,0,2.835647e-05,-4.323292e-03,-6.862253e-01,2.961486e-01,6.561583e-01,1.685244e+00,2.408981e-01,1.823068e-01,-2.966730e-01,-1.480354e-01,1.086753e+00,1.933667e+00,1.212823e+00,-1.133273e-02,0,0
9.023808e-04,-1.043952e+01,3.901886e+00,-2.755364e+00,-1.761241e+00,-1.207837e+00,-3.297111e+00,-6.222212e+00,-3.876167e+00,-1.014849e+00,5.103377e+00,3.855422e+00,7.547334e+00,1.994560e-02,0,0,4.819971e-05,4.607183e-01,-9.558539e-01,-2.458133e-01,8.502671e-01,1.811764e+00,9.432651e-01,1.439853e+00,2.820649e-01,-7.359369e-02,1.261527e+00,1.531856e+00,-2.794903e-01,-8.522213e-03,0,3.029259e-02
1.000141e-03,-9.840713e+00,1.731035e+00,-4.103100e+00,-2.191965e-02,5.310966e-01,-2.327542e+00,-3.543812e+00,-2.519223e+00,-1.560559e-01,6.728487e+00,5.676412e+00,6.579207e+00,1.511031e-02,0,0,6.901081e-05,1.245359e+00,-7.724808e-01,-1.008167e+00,7.872205e-01,2.123031e+00,5.965226e-01,1.257236e+00,6.242977e-01,1.373820e-01,1.629815e+00,2.108427e-01,-1.581273e+00,2.115443e-04,0,8.552005e-02
1.065144e-03,-8.533741e+00,8.183300e-01,-5.952430e+00,1.512754e+00,3.904877e+00,-1.294111e+00,-2.818925e+00,-2.268367e+00,-1.860542e-01,9.155106e+00,5.781066e+00,4.089398e+00,2.931399e-02,0,1.514630e-01,1.022778e-04,1.789028e+00,-1.735280e-01,-7.303932e-01,4.916492e-01,1.279763e+00,-4.005032e-02,6.101762e-01,8.269100e-01,5.395764e-01,9.541262e-01,-1.123118e+00,-1.523760e+00,5.318827e-03,0,1.443129e-01
1.152071e-03,-5.584688e+00,1.588411e+00,-6.832573e+00,1.802087e+00,5.967329e+00,-2.833798e+00,-4.088624e+00,-1.687761e+00,8.820395e-01,1.126874e+01,2.356270e+00,2.950753e+00,3.626474e-02,0,3.518688e-01,2.602109e-04,1.979966e+00,2.369608e-01,-4.350587e-01,-1.249041e+00,-9.651002e-01,-8.776686e-01,9.991198e-01,1.588077e+00,7.269108e-01,-1.081612e+00,-1.913392e+00,-1.020725e+00,4.230885e-03,0,1.588884e-01
1.337805e-03,-3.622390e+00,3.105558e+00,-5.042593e+00,-2.149982e-01,2.472860e+00,-3.244234e+00,-2.898925e+00,-1.573474e-01,1.163986e+00,7.603882e+00,-1.000975e-01,1.742761e+00,3.596253e-02,0,5.456302e-01,3.502519e-04,1.461555e+00,-1.891570e-01,2.596479e-02,-1.972312e+00,-3.184597e+00,-1.580287e+00,2.238344e+00,2.333007e+00,6.336455e-01,-3.007800e+00,-1.805219e+00,2.348521e-01,5.741905e-04,0,1.147017e-01
2.164865e-03,-2.396560e+00,1.772225e+00,-6.733312e+00,-5.403248e+00,-3.578396e+00,-5.740823e+00,1.491786e+00,4.365652e+00,2.803478e+00,2.096037e+00,-9.499667e-01,2.648898e+00,3.294047e-02,0,5.973582e-01,3.006420e-04,8.132498e-01,-1.111797e-01,-3.601752e-01,-1.859934e+00,-3.280142e+00,-1.541629e+00,2.359493e+00,2.023185e+00,3.907188e-01,-3.120659e+00,-1.422618e+00,8.880911e-01,-1.118163e-03,0,6.130455e-02
2.310006e-03,-2.820032e+00,-2.193620e-01,-5.872237e+00,-4.746138e+00,-7.245243e+00,-7.742035e+00,5.582588e+00,6.369961e+00,2.021454e+00,-1.297542e+00,-1.591909e+00,5.414586e+00,3.384708e-02,0,6.022267e-01,1.100758e-05,3.602555e-01,6.481392e-01,-2.315908e-01,-5.747483e-01,-1.113060e+00,-1.004287e+00,9.541656e-01,2.594805e-02,-5.348979e-01,-9.686724e-01,-2.028863e+00,8.134220e-01,-1.873678e-03,0,2.039520e-02
2.169180e-03,-1.919618e+00,2.694973e+00,-8.218627e+00,-5.232013e+00,-5.574329e+00,-8.293042e+00,3.468086e+00,5.164510e+00,2.406899e+00,1.161533e-01,-4.010916e+00,5.555296e+00,3.173164e-02,0,6.300933e-01,-2.741370e-04,1.196049e-01,2.045953e+00,5.460297e-01,5.093305e-01,8.436076e-01,1.431493e-01,-9.921158e-01,-2.557168e+00,-1.275702e+00,1.561327e+00,-2.261709e+00,-6.170225e-02,-3.626473e-03,0,1.171893e-02
1.390685e-03,-2.059583e+00,5.884881e+00,-5.457890e+00,-3.174357e+00,-2.094475e+00,-6.989558e+00,8.837531e-01,-4.270363e-01,-1.312214e+00,3.750462e+00,-8.713937e+00,4.356672e+00,2.719855e-02,0,6.312386e-01,-3.082771e-04,1.193773e-01,2.403322e+00,1.210480e+00,5.552651e-01,7.984600e-01,1.029112e+00,-1.333672e+00,-3.707671e+00,-1.427890e+00,2.685981e+00,-1.782487e+00,-9.972107e-01,-5.893019e-03,0,8.638638e-03
1.253841e-03,-2.178760e+00,8.949869e+00,-4.210337e+00,-3.642486e+00,-1.935742e+00,-5.401315e+00,-1.119375e+00,-5.021692e+00,-1.908199e+00,7.378671e+00,-8.697497e+00,2.869344e+00,1.813237e-02,0,6.414468e-01,-2.036161e-04,1.537191e-01,1.764664e+00,1.542086e+00,5.022134e-01,-6.391009e-01,9.679806e-01,-7.276448e-01,-2.704204e+00,-1.122085e+00,1.782580e+00,-4.628596e-01,-9.285443e-01,-6.557873e-03,0,7.447249e-03
1.226290e-03,-2.093574e+00,8.669797e+00,-1.823980e+00,-2.764576e+00,-5.072237e+00,-4.042340e+00,1.207961e+00,-7.075291e+00,-2.960448e+00,8.501103e+00,-8.161054e+00,1.771508e+00,1.118163e-02,0,6.397431e-01,-2.861776e-05,4.163114e-01,8.912557e-01,7.462437e-01,1.978839e-01,-1.874143e+00,3.653771e-01,-3.491916e-01,-8.036846e-01,9.664962e-02,9.212146e-02,4.623722e-01,-2.455981e-01,-4.805076e-03,0,1.060945e-02
1.233298e-03,-1.134027e+00,1.012583e+01,-2.325154e+00,-2.925837e+00,-7.280952e+00,-4.926748e+00,-3.322413e-01,-5.032384e+00,-2.379409e+00,6.653732e+00,-6.601655e+00,2.205157e+00,6.950740e-03,0,6.630773e-01,3.581785e-06,4.714088e-01,2.752581e-01,3.565562e-01,1.309537e-01,-1.607394e+00,-5.219940e-01,-3.026230e-01,5.553452e-01,6.597043e-01,-1.262701e+00,1.552447e-01,4.303122e-01,-6.044122e-04,0,1.083739e-02
1.257868e-03,-5.003929e-01,9.753177e+00,-2.669263e+00,-2.543262e+00,-8.792586e+00,-5.399956e+00,-1.255772e+00,-4.440113e+00,-5.933612e-01,4.573539e+00,-7.449997e+00,3.460775e+00,8.763977e-03,0,6.734707e-01,1.928143e-05,2.097727e-01,1.318476e-01,1.065401e-01,-2.013521e-02,-6.246184e-01,-1.127992e+00,-3.892131e-01,9.341460e-01,8.265480e-01,-1.658467e+00,-1.929362e-01,7.495679e-01,4.019341e-03,0,7.076919e-03
1.255961e-03,-6.183065e-01,9.784470e+00,-2.004915e+00,-3.098374e+00,-8.112538e+00,-7.332477e+00,-1.400624e+00,-3.562554e+00,2.067791e-01,3.028948e+00,-8.276802e+00,4.176271e+00,1.631913e-02,0,6.787700e-01,7.365188e-05,-2.304881e-01,-4.079004e-01,3.445073e-02,1.949770e-02,5.509658e-02,-1.691296e+00,8.798034e-02,1.103301e+00,1.026897e-01,-9.352924e-01,-2.804557e-01,8.371340e-01,7.162285e-03,0,-1.229954e-03
1.311366e-03,-1.302571e+00,9.499717e+00,-1.451399e+00,-2.778983e+00,-7.779536e+00,-8.479438e+00,-2.039135e-01,-3.139476e+00,-1.208025e-01,2.021161e+00,-8.288161e+00,4.533791e+00,2.659414e-02,0,6.672813e-01,1.596591e-04,-3.984204e-01,-9.422127e-01,-5.008831e-01,1.987042e-02,1.542762e-01,-2.315785e+00,2.366874e-02,1.713231e+00,-5.860106e-01,2.709947e-02,2.516673e-01,1.167961e+00,6.346328e-03,0,-2.412343e-03
1.574808e-03,-1.885378e+00,8.213061e+00,-2.761832e+00,-2.710487e+00,-7.511995e+00,-1.184349e+01,-4.182687e-01,-1.661990e-01,-2.102240e+00,3.253459e+00,-7.584852e+00,5.854319e+00,3.384708e-02,0,6.600222e-01,2.465061e-04,-1.815204e-01,-1.734184e+00,-1.133878e+00,-2.039418e-02,-5.171686e-01,-2.713701e+00,-2.831830e-01,1.909069e+00,-7.056159e-01,1.173744e+00,3.370451e-01,1.448617e+00,2.266546e-03,0,2.854180e-03
1.896740e-03,-1.858959e+00,5.827817e+00,-4.795220e+00,-2.637853e+00,-8.321477e+00,-1.472338e+01,-1.628605e+00,2.427863e+00,-2.368904e+00,4.596781e+00,-6.537636e+00,8.461555e+00,3.173164e-02,0,6.707829e-01,2.431496e-04,2.229473e-01,-2.060512e+00,-1.234236e+00,-2.237356e-01,-7.817338e-01,-2.630983e+00,-2.948694e-01,1.372202e+00,-6.225308e-01,1.650806e+00,9.816246e-02,1.385907e+00,-2.145663e-03,0,1.067012e-02
2.195804e-03,-1.247715e+00,2.949499e+00,-6.002392e+00,-3.270910e+00,-1.042741e+01,-1.777901e+01,-2.104193e+00,3.199122e+00,-2.197249e+00,7.609858e+00,-7.466839e+00,9.455475e+00,2.508311e-02,0,6.912901e-01,1.569567e-04,4.611592e-01,-1.764335e+00,-5.765793e-01,3.178275e-02,-9.458991e-01,-1.800449e+00,-1.623391e-01,1.746813e-01,-6.187534e-01,1.193858e+00,-2.213194e-01,7.038658e-01,-4.049561e-03,0,1.139640e-02
2.216616e-03,-5.066660e-01,1.828937e+00,-6.002298e+00,-3.617450e+00,-1.023050e+01,-1.866659e+01,-8.352981e-01,2.038875e+00,-3.185951e+00,8.096993e+00,-7.856355e+00,9.662745e+00,2.024781e-02,0,7.049980e-01,1.157140e-05,4.462644e-01,-7.221791e-01,4.144944e-01,6.878443e-01,-6.476067e-01,-5.528837e-01,-1.289658e-01,-6.560904e-01,-9.091997e-01,-1.405573e-03,-1.369079e-01,-1.426761e-01,-3.233605e-03,0,2.978700e-03
2.199654e-03,-2.557286e-01,1.390828e+00,-5.041189e+00,-2.061775e+00,-1.128698e+01,-1.887412e+01,-1.626618e+00,9.017012e-01,-4.787484e+00,7.472641e+00,-8.032089e+00,8.773053e+00,1.934119e-02,0,6.998966e-01,-1.454958e-04,1.787484e-01,8.578900e-01,1.280730e+00,1.311578e+00,3.668080e-02,1.283120e+00,-2.247494e-01,-4.644674e-01,-3.757467e-01,-1.499196e+00,3.681675e-01,-1.156935e+00,-1.934120e-03,0,-1.108934e-02
1.952672e-03,-1.236306e-01,2.996258e+00,-3.203349e+00,1.968005e-01,-1.112973e+01,-1.694024e+01,-2.512222e+00,2.961212e-01,-5.619786e+00,4.658362e+00,-6.939550e+00,8.089386e+00,1.843457e-02,0,6.813731e-01,-2.531280e-04,-9.203991e-02,2.050237e+00,1.715893e+00,1.413962e+00,8.184949e-01,2.615527e+00,-4.035207e-01,1.190307e-01,9.329737e-01,-2.097094e+00,7.892993e-01,-1.916230e+00,-1.269266e-03,0,-2.206466e-02
1.600297e-03,-5.454906e-01,6.655289e+00,-9.982152e-01,1.379856e+00,-9.794393e+00,-1.222659e+01,-2.389478e+00,1.748162e+00,-2.859066e+00,1.833195e+00,-6.084404e+00,4.457479e+00,1.631913e-02,0,6.476558e-01,-2.926170e-04,-2.522230e-01,2.667149e+00,1.650384e+00,8.667604e-01,1.446206e+00,3.492007e+00,-2.523107e-02,2.705123e-01,2.125322e+00,-2.073602e+00,5.919477e-01,-2.182529e+00,-5.439709e-04,0,-2.288045e-02
1.250654e-03,-8.219845e-01,9.447892e+00,5.556772e-01,1.731546e+00,-6.884316e+00,-8.912724e+00,-2.471472e+00,2.210798e+00,5.147080e-01,4.312458e-01,-4.883701e+00,2.239383e+00,1.541251e-02,0,6.207951e-01,-2.220817e-04,-3.933160e-01,2.087684e+00,1.094453e+00,4.146375e-01,1.267990e+00,3.002273e+00,3.094687e-01,-9.150064e-03,2.083985e+00,-1.533738e+00,4.958511e-01,-1.594797e+00,1.329707e-03,0,-1.457296e-02
1.087577e-03,-1.167667e+00,1.150076e+01,1.331216e+00,1.504654e+00,-6.178655e+00,-5.427849e+00,-1.773149e+00,1.296924e+00,2.771878e+00,-7.818124e-01,-6.100276e+00,7.854117e-01,1.813237e-02,0,6.157834e-01,-8.425752e-05,-5.500772e-01,9.239904e-01,3.292713e-01,2.178036e-01,1.346850e-01,1.422944e+00,6.662860e-01,-4.513934e-01,7.291645e-01,-7.006341e-01,9.415903e-01,-3.350104e-01,3.173164e-03,0,-3.878212e-03
1.098623e-03,-1.779123e+00,1.101195e+01,1.104198e+00,2.207589e+00,-6.597642e+00,-5.328245e+00,-1.273044e+00,4.759898e-01,1.984666e+00,-1.702826e+00,-4.452359e+00,1.951435e+00,2.417649e-02,0,6.244445e-01,6.446325e-05,-6.013373e-01,-2.796009e-01,-3.058345e-01,-9.178586e-02,-1.311648e+00,-4.652078e-01,9.156847e-01,-4.929439e-01,-1.005390e+00,5.323763e-01,1.833701e+00,3.578063e-01,3.626473e-03,0,4.916304e-03
1.255025e-03,-2.817307e+00,1.049321e+01,3.738810e-01,2.230852e+00,-9.264304e+00,-6.904108e+00,3.427383e-01,3.585991e-01,5.177754e-02,-6.029398e-01,-1.592124e+00,2.926401e+00,2.780296e-02,0,6.264400e-01,1.697716e-04,-4.514689e-01,-1.223865e+00,-5.297198e-01,-5.170954e-01,-2.592536e+00,-2.099884e+00,5.983424e-01,-2.354275e-01,-2.331182e+00,2.049246e+00,2.272260e+00,5.855752e-01,1.722575e-03,0,1.063043e-02
1.489247e-03,-3.003851e+00,8.553658e+00,-4.948278e-01,9.095171e-01,-1.189973e+01,-1.050063e+01,1.049009e+00,2.152413e-01,-3.152193e+00,3.003691e+00,2.030729e+00,2.957919e+00,2.870958e-02,0,6.400483e-01,1.970083e-04,-6.308877e-02,-1.607126e+00,-3.116818e-01,-1.193859e+00,-3.084420e+00,-2.277320e+00,3.490335e-01,-2.574105e-01,-2.919572e+00,3.044691e+00,1.141251e+00,3.133050e-01,-6.950736e-04,0,1.504729e-02
1.741124e-03,-2.812647e+00,6.610574e+00,-5.178700e-01,-4.317870e-01,-1.649029e+01,-1.334107e+01,5.753724e-02,2.501609e-01,-6.315604e+00,7.111158e+00,2.019481e+00,3.210046e+00,2.447869e-02,0,6.611337e-01,1.478350e-04,1.927014e-01,-1.441699e+00,-1.599627e-01,-1.283130e+00,-2.612647e+00,-1.738450e+00,2.880439e-01,-4.220346e-01,-2.629122e+00,3.018559e+00,-5.439599e-01,2.561579e-01,-2.085222e-03,0,1.571240e-02
1.840615e-03,-2.096897e+00,4.917639e+00,-8.335623e-03,-2.430387e+00,-1.840675e+01,-1.349636e+01,6.147247e-01,-7.568433e-01,-9.429504e+00,9.663581e+00,-5.519071e-01,3.376137e+00,2.236325e-02,0,6.823342e-01,6.870535e-05,2.523989e-01,-1.040291e+00,-1.785158e-01,-9.039155e-01,-1.551207e+00,-8.312302e-01,6.067129e-01,-7.339163e-01,-1.620423e+00,2.019610e+00,-1.602406e+00,3.376799e-01,-2.024781e-03,0,1.035489e-02
1.818516e-03,-2.307278e+00,5.102728e+00,-6.691787e-01,-2.514846e+00,-1.907403e+01,-1.409849e+01,2.000100e+00,-1.265532e+00,-9.955177e+00,1.115991e+01,-3.020605e+00,3.998081e+00,2.055001e-02,0,6.838591e-01,-3.938295e-06,2.329260e-01,-6.910731e-01,-3.054954e-01,-2.910142e-01,-3.531593e-01,-4.025784e-01,1.188910e+00,-8.585394e-01,-6.220461e-01,8.811294e-01,-1.331871e+00,3.063531e-01,-7.252948e-04,0,3.445905e-03
1.794077e-03,-1.994541e+00,4.106125e+00,-1.311753e+00,-2.568531e+00,-1.836390e+01,-1.427808e+01,3.111292e+00,-2.696494e+00,-9.434522e+00,1.107737e+01,-3.461259e+00,4.252301e+00,2.055001e-02,0,6.804600e-01,-3.318414e-05,3.184956e-01,-6.308743e-01,-3.480341e-01,4.576623e-01,1.480652e-01,-4.324196e-01,1.437733e+00,-7.576895e-01,2.774644e-01,1.447221e-01,-2.799461e-01,3.191127e-01,-1.862645e-10,0,-1.866281e-03
1.744701e-03,-1.699195e+00,3.560965e+00,-1.393639e+00,-1.817786e+00,-1.827751e+01,-1.496311e+01,4.753803e+00,-3.072711e+00,-9.423326e+00,1.080991e+01,-3.185198e+00,4.303730e+00,2.175884e-02,0,6.793003e-01,-4.986009e-05,4.946207e-01,-5.926889e-01,-3.901977e-01,8.347729e-01,6.081200e-01,-5.913690e-01,9.225376e-01,-2.687242e-01,7.716120e-01,-3.224840e-01,5.776956e-01,9.814930e-03,4.835298e-04,0,-1.058698e-03
1.711602e-03,-8.084604e-01,2.534148e+00,-1.386276e+00,-4.906056e-01,-1.806468e+01,-1.522615e+01,6.426539e+00,-3.641701e+00,-8.308108e+00,1.056219e+01,-1.869341e+00,4.818877e+00,2.175884e-02,0,6.752822e-01,-6.068146e-05,4.785872e-01,-1.474287e-01,-7.624720e-01,7.793939e-01,1.087398e+00,-7.360166e-01,-4.795880e-02,7.170574e-01,1.188713e+00,-9.604526e-01,7.533454e-01,-9.248035e-02,3.022062e-04,8.990641e+00,2.077156e-03
1.610453e-03,-4.272141e-01,2.925272e+00,-2.582906e+00,6.200554e-01,-1.618304e+01,-1.658130e+01,4.955164e+00,-2.136549e+00,-6.660324e+00,9.805079e+00,-9.280861e-01,3.763868e+00,2.236325e-02,0,6.811545e-01,-3.598209e-05,3.452648e-01,-6.730187e-02,-1.235316e+00,1.386838e-01,1.605867e+00,-7.006160e-01,-1.221796e+00,1.487955e+00,1.696076e+00,-1.536242e+00,4.119526e-01,-5.191560e-02,-1.208827e-04,2.241249e+01,5.692339e-03
1.557794e-03,-2.375954e-01,3.686829e+00,-4.529480e+00,1.095179e-01,-1.397414e+01,-1.714906e+01,2.770817e+00,4.207125e-01,-4.872456e+00,6.777520e+00,-8.230875e-01,4.059830e+00,2.175884e-02,4.495320e+01,6.899187e-01,2.619303e-05,1.482805e-01,-2.008217e-01,-1.504185e+00,-7.789467e-01,1.702000e+00,-4.267000e-01,-1.436625e+00,1.819692e+00,1.828291e+00,-1.633705e+00,-5.878335e-01,3.181192e-01,-3.626475e-04,3.584032e+01,8.116323e-03
1.641694e-03,-2.583038e-01,2.648116e+00,-5.998615e+00,-1.424429e+00,-1.229345e+01,-1.750473e+01,4.726861e-01,2.335857e+00,-2.660770e+00,5.021040e+00,-1.648562e+00,4.423675e+00,2.115443e-02,8.958582e+01,7.004437e-01,9.393550e-05,3.587336e-02,-7.391172e-01,-1.357084e+00,-1.111460e+00,1.373831e+00,-2.973309e-02,-4.620011e-01,1.452756e+00,1.535383e+00,-9.291124e-01,-1.433173e+00,7.996382e-01,-6.044118e-04,2.683665e+01,6.048173e-03
1.826946e-03,-1.515132e-01,1.668618e+00,-7.199345e+00,-3.363097e+00,-1.149948e+01,-1.689794e+01,1.484655e+00,3.220554e+00,-1.166430e+00,4.785683e+00,-4.448271e+00,6.079569e+00,2.055001e-02,1.344087e+02,7.062192e-01,1.118517e-04,-7.535515e-02,-1.123672e+00,-1.096977e+00,-7.626379e-01,8.168535e-01,4.717155e-01,6.260648e-01,9.855888e-01,9.332918e-01,-5.930762e-02,-1.830719e+00,5.260735e-01,-2.417648e-04,-3.909454e-02,-4.772663e-04
1.945555e-03,-2.908884e-01,2.387913e-01,-8.033393e+00,-3.200938e+00,-1.055121e+01,-1.685553e+01,3.288240e+00,3.727311e+00,-8.364232e-01,6.155436e+00,-6.281361e+00,6.752189e+00,1.994560e-02,8.945551e+01,7.032452e-01,5.110217e-05,-1.650458e-01,-1.070733e+00,-7.374978e-01,-4.672895e-02,6.653862e-02,1.045277e+00,1.239186e+00,5.778039e-01,5.284333e-03,-9.280252e-03,-1.294164e+00,6.023965e-02,3.626475e-04,-2.687574e+01,-7.660574e-03
1.965122e-03,-5.980788e-01,-7.268710e-01,-8.996978e+00,-2.815417e+00,-1.076099e+01,-1.511509e+01,4.493364e+00,4.652930e+00,-1.118170e+00,5.913784e+00,-7.660283e+00,5.525940e+00,2.115443e-02,4.482289e+01,6.861317e-01,-2.932394e-05,-1.968009e-01,-7.726004e-01,-2.878326e-01,4.195305e-01,-6.541322e-01,1.286235e+00,8.247673e-01,1.726313e-01,-4.188253e-01,-6.686078e-01,-6.501170e-02,-3.655504e-01,1.541251e-03,-3.582729e+01,-1.028484e-02
1.828117e-03,-8.602502e-01,-1.507805e+00,-8.787288e+00,-1.931913e+00,-1.233000e+01,-1.316977e+01,5.164259e+00,4.508688e+00,-2.658478e+00,4.410588e+00,-6.513378e+00,5.001688e+00,2.266546e-02,0,6.721846e-01,-1.041953e-04,-1.005302e-01,7.867774e-02,2.158037e-01,2.710458e-01,-7.398645e-01,1.304823e+00,-4.701805e-01,-2.457886e-01,-2.784290e-01,-1.362707e+00,1.355428e+00,-4.967349e-01,2.568752e-03,-2.237339e+01,-8.067304e-03
1.739045e-03,-8.508366e-01,-1.321086e+00,-8.261560e+00,-1.899957e+00,-1.388075e+01,-1.230964e+01,4.670482e+00,3.693022e+00,-2.349529e+00,2.315068e+00,-4.657320e+00,5.127068e+00,2.689634e-02,0,6.703253e-01,-1.469120e-04,3.152633e-02,1.136844e+00,7.216493e-01,9.911583e-02,2.288866e-01,1.000980e+00,-1.932553e+00,-1.010745e+00,2.226685e-01,-1.136011e+00,2.017572e+00,-5.248776e-01,1.873678e-03,-8.964578e+00,-5.025744e-03
1.537617e-03,-6.671605e-01,9.292874e-01,-7.322083e+00,-2.303439e+00,-1.269066e+01,-1.173414e+01,8.487787e-01,2.978322e+00,-1.612888e+00,1.141260e+00,-1.005700e+00,4.467950e+00,2.991840e-02,0,6.708118e-01,-1.640710e-04,5.909538e-02,1.988057e+00,1.029363e+00,2.521234e-01,1.452039e+00,9.244832e-01,-2.777086e+00,-1.318986e+00,5.136433e-01,-1.559153e-01,1.569371e+00,-1.112495e+00,-1.027501e-03,0,-7.518572e-03
1.375813e-03,-5.369920e-01,3.738805e+00,-6.121334e+00,-2.134075e+00,-9.436231e+00,-1.082801e+01,-3.011662e+00,3.643881e-01,-5.276223e-01,1.868390e+00,-3.262613e-01,3.168421e+00,2.689634e-02,0,6.616893e-01,-1.584130e-04,-2.924085e-02,2.150224e+00,1.239439e+00,7.014390e-01,2.149122e+00,1.131003e+00,-2.426459e+00,-1.675679e+00,4.843209e-01,7.633217e-01,4.144974e-01,-1.724134e+00,-4.744635e-03,0,-1.080261e-02
1.189378e-03,-7.216956e-01,5.902533e+00,-4.710588e+00,-5.542372e-01,-7.292062e+00,-9.288173e+00,-4.880096e+00,-4.219251e-01,-1.001216e+00,3.854350e+00,-8.320530e-01,4.185377e-01,1.752795e-02,0,6.389098e-01,-1.075907e-04,-6.720269e-02,1.463395e+00,1.121323e+00,1.067724e+00,1.517045e+00,9.102917e-01,-9.808259e-01,-1.246161e+00,4.219082e-01,9.310589e-01,-6.715871e-01,-1.568429e+00,-6.104563e-03,0,-1.009189e-02
1.121099e-03,-9.697733e-01,6.943411e+00,-3.370111e+00,7.326369e-01,-5.834436e+00,-7.877608e+00,-4.597375e+00,-2.985252e+00,-2.337609e-01,4.775131e+00,-2.671657e+00,-1.468894e+00,9.368389e-03,0,6.322632e-01,-3.981622e-05,7.251221e-03,4.840561e-01,6.602311e-01,8.370258e-01,1.950285e-01,1.856693e-01,3.184126e-02,-4.477438e-01,3.482838e-01,2.097314e-01,-5.562252e-01,-8.517469e-01,-3.777576e-03,0,-1.609069e-03
1.127020e-03,-7.867833e-01,6.643957e+00,-3.091079e+00,1.601823e+00,-6.906330e+00,-8.657878e+00,-3.262494e+00,-1.577665e+00,3.497219e-01,4.343184e+00,-3.190938e+00,-1.055537e+00,8.159565e-03,0,6.350654e-01,4.887609e-05,1.000299e-01,-4.081313e-01,2.476254e-01,3.050877e-01,-1.575212e+00,-1.023685e+00,7.684457e-01,2.418010e-01,-3.569370e-01,-3.299714e-01,1.211218e-01,4.794874e-01,5.741914e-04,0,9.924853e-03
1.207911e-03,-4.681920e-01,5.788373e+00,-3.629933e+00,9.730237e-01,-8.653955e+00,-1.021481e+01,-3.661257e+00,-1.296461e+00,5.383280e-01,2.672630e+00,-1.927945e+00,-3.532765e-01,1.269266e-02,0,6.555662e-01,1.299039e-04,2.124246e-02,-8.779010e-01,8.420324e-02,-2.238005e-01,-3.076154e+00,-1.631771e+00,1.156328e+00,4.534910e-01,-1.858643e+00,5.550396e-02,1.004513e+00,1.193178e+00,3.596252e-03,0,1.706714e-02
1.390353e-03,-4.723367e-01,4.439395e+00,-3.342550e+00,8.510079e-01,-1.375836e+01,-1.323800e+01,-1.505927e+00,-5.731551e-02,-3.171945e+00,3.255744e+00,-5.983002e-01,2.258166e+00,1.873678e-02,0,6.768826e-01,1.984357e-04,-2.225018e-01,-8.894690e-01,3.444312e-01,-5.160300e-01,-3.681545e+00,-1.201321e+00,1.322481e+00,-2.000584e-01,-3.002515e+00,1.420590e+00,9.336801e-01,1.270501e+00,3.717135e-03,0,1.769888e-02
1.638953e-03,-1.020784e+00,3.656187e+00,-2.823359e+00,-1.095764e-02,-1.778919e+01,-1.374641e+01,3.059796e-01,-1.477971e+00,-7.766144e+00,5.596371e+00,1.054587e+00,2.840144e+00,2.206104e-02,0,6.966904e-01,2.184220e-04,-3.687537e-01,-5.798335e-01,6.041521e-01,-5.662199e-01,-3.123184e+00,-1.864333e-01,1.257848e+00,-6.792232e-01,-3.100775e+00,2.460226e+00,1.853472e-01,1.033834e+00,1.964340e-03,0,1.215594e-02
1.903678e-03,-1.622996e+00,3.262705e+00,-1.772209e+00,-4.863358e-01,-2.074644e+01,-1.289869e+01,1.366293e+00,-2.487202e+00,-1.051062e+01,9.984262e+00,-1.380380e-02,3.700257e+00,2.206104e-02,0,7.029977e-01,1.798434e-04,-3.455916e-01,-1.449610e-01,6.724623e-01,-4.482903e-01,-1.557577e+00,4.352027e-01,5.605027e-01,-8.834788e-01,-1.746545e+00,2.286419e+00,-6.579727e-01,5.803162e-01,4.835300e-04,0,5.297029e-03
2.043359e-03,-1.736631e+00,3.477551e+00,-1.394342e+00,-1.189404e+00,-2.077584e+01,-1.131663e+01,1.191872e+00,-3.477634e+00,-1.129621e+01,1.160950e+01,-1.293457e+00,4.094846e+00,2.085222e-02,0,7.032883e-01,7.638690e-05,-3.160478e-02,1.494544e-01,5.351042e-01,-5.164502e-02,9.796524e-03,1.083362e-01,3.176703e-01,-5.753940e-01,-1.763897e-01,1.002029e+00,-1.011315e+00,3.141441e-01,5.741922e-04,0,-2.563560e-03
2.087367e-03,-1.842372e+00,3.803908e+00,-6.947468e-01,-8.012200e-01,-2.005293e+01,-1.227687e+01,8.536403e-01,-3.474878e+00,-1.013964e+01,1.168128e+01,-2.714142e+00,4.532396e+00,2.175884e-02,0,7.000688e-01,-7.068098e-05,2.344113e-01,6.534343e-01,3.622753e-01,5.155826e-01,1.789304e+00,-1.288038e-01,1.640985e-02,6.294668e-02,1.136396e+00,-1.048318e+00,-7.952255e-01,-4.000399e-01,1.511031e-03,0,-1.183612e-02
1.929042e-03,-1.069121e+00,4.132857e+00,-6.865698e-01,-1.117406e-01,-1.808696e+01,-1.351563e+01,2.150657e+00,-3.861103e+00,-8.833583e+00,9.758009e+00,-2.651819e+00,3.994795e+00,2.508311e-02,0,6.853371e-01,-1.962372e-04,3.184678e-01,1.224869e+00,3.060568e-01,9.332641e-01,2.818547e+00,1.669287e-01,-2.978199e-01,9.478588e-01,1.862061e+00,-2.462406e+00,-6.538457e-01,-9.381056e-01,2.750075e-03,0,-2.238506e-02
1.607431e-03,-7.846949e-01,6.202223e+00,-3.147188e-01,1.552745e+00,-1.314435e+01,-1.244320e+01,9.689497e-01,-1.980734e+00,-6.059952e+00,5.668416e+00,-3.310750e+00,1.750083e+00,2.750076e-02,0,6.527928e-01,-2.392064e-04,-1.398206e-01,1.644053e+00,6.308476e-01,7.709363e-01,3.480363e+00,1.203113e+00,-1.181195e+00,1.802070e+00,2.026628e+00,-3.342393e+00,-3.917750e-01,-1.081115e+00,3.082502e-03,0,-2.984359e-02
1.302141e-03,-6.731303e-01,8.402737e+00,-5.407230e-02,2.299934e+00,-1.013739e+01,-1.039882e+01,-3.548823e-01,5.145881e-01,-4.025749e+00,2.303899e+00,-4.264381e+00,7.954753e-01,3.173164e-02,0,6.150010e-01,-1.772058e-04,-8.620514e-01,1.511890e+00,1.080144e+00,3.575438e-01,2.964689e+00,1.685651e+00,-1.719410e+00,2.304870e+00,1.393551e+00,-2.731605e+00,-6.901026e-04,-1.016540e+00,2.689634e-03,0,-3.013763e-02
1.204786e-03,-2.739470e+00,9.889233e+00,2.143243e+00,1.847624e+00,-6.625895e+00,-7.819708e+00,-3.799567e+00,3.347627e+00,-2.410411e+00,-1.303638e+00,-3.866735e+00,7.264813e-01,3.384708e-02,0,5.860189e-01,-5.266956e-05,-1.086530e+00,5.640055e-01,1.087327e+00,-1.416550e-01,1.177507e+00,1.146316e+00,-1.020558e+00,1.555498e+00,1.196750e-01,-1.212946e+00,7.918662e-01,-6.649224e-01,1.087943e-03,0,-1.770833e-02
1.244336e-03,-4.401990e+00,9.848802e+00,3.485169e+00,1.528539e+00,-6.522745e+00,-7.399124e+00,-4.062133e+00,4.999065e+00,-3.690600e+00,-4.139914e-01,-2.377277e+00,-5.761027e-01,3.535812e-02,0,5.680358e-01,6.790560e-05,-5.745625e-01,-5.671431e-01,5.047314e-01,-3.417955e-01,-1.119905e+00,-2.690711e-02,3.059311e-01,1.125958e-01,-9.167233e-01,6.539690e-01,8.231176e-01,-7.195933e-01,-1.783015e-03,1.044836e+01,4.339695e-03
1.372986e-03,-4.352917e+00,8.299218e+00,3.352294e+00,1.230168e+00,-9.064139e+00,-8.211472e+00,-2.280213e+00,3.554518e+00,-5.629152e+00,9.626314e-01,-2.949712e-01,-8.887400e-01,3.112723e-02,0,5.877337e-01,1.692587e-04,4.584966e-01,-1.537436e+00,-3.872509e-01,-4.597490e-01,-3.606190e+00,-1.266422e+00,1.607761e+00,-1.623301e+00,-1.266216e+00,2.316820e+00,-3.628467e-02,-3.699825e-01,-4.381988e-03,2.596828e+01,2.807819e-02
1.557569e-03,-2.739219e+00,6.362028e+00,1.865059e+00,8.996846e-01,-1.451779e+01,-1.033748e+01,4.150956e-01,9.741214e-01,-6.999995e+00,4.440609e+00,-1.934676e+00,-1.994881e+00,2.417649e-02,5.224179e+01,6.358420e-01,2.421155e-04,8.774356e-01,-1.903308e+00,-6.232683e-01,-7.283341e-01,-4.420013e+00,-1.720479e+00,1.709175e+00,-2.538326e+00,-8.123644e-01,2.798991e+00,-1.402431e+00,2.804220e-01,-5.590814e-03,4.128352e+01,4.014717e-02
1.894463e-03,-1.278372e+00,3.945437e+00,1.017043e+00,-1.366939e-01,-2.065932e+01,-1.268264e+01,2.000625e+00,-2.756406e+00,-7.086792e+00,7.853163e+00,-4.269459e+00,-4.140421e-01,1.752795e-02,1.037205e+02,6.925067e-01,2.561180e-04,6.426889e-01,-1.548566e+00,-2.762004e-01,-8.023996e-01,-3.685984e+00,-1.704647e+00,1.288335e+00,-2.468345e+00,-2.224185e-01,2.749062e+00,-2.288998e+00,7.388129e-01,-4.261107e-03,4.079680e+01,3.391868e-02
2.194175e-03,-1.552085e+00,2.509151e+00,1.536453e+00,-1.429700e+00,-2.282522e+01,-1.376593e+01,2.343323e+00,-4.537101e+00,-7.023602e+00,1.013570e+01,-7.402187e+00,5.886584e-01,1.420369e-02,1.545574e+02,7.163852e-01,2.150822e-04,1.242481e-01,-9.164693e-01,4.788711e-02,-6.065117e-01,-1.911222e+00,-1.485787e+00,8.746325e-01,-1.743555e+00,-1.962909e-01,1.934821e+00,-2.084980e+00,1.199412e+00,-1.601692e-03,2.471903e+01,1.868433e-02
2.335272e-03,-1.733039e+00,2.482829e+00,2.135595e+00,-1.617138e+00,-2.334035e+01,-1.502048e+01,3.197348e+00,-6.031598e+00,-6.729441e+00,1.186040e+01,-9.006204e+00,1.513555e+00,1.480810e-02,1.528262e+02,7.170555e-01,1.089867e-04,-5.735276e-02,-2.839398e-01,6.831495e-02,1.330912e-02,-4.505205e-01,-1.157292e+00,6.343797e-01,-7.831204e-01,-2.656444e-01,1.076414e+00,-1.217314e+00,7.546874e-01,8.159564e-04,-9.819824e-01,3.734440e-03
2.412575e-03,-1.890645e+00,2.510986e+00,1.545218e+00,-1.392652e+00,-2.273339e+01,-1.659749e+01,4.189896e+00,-6.106058e+00,-8.160125e+00,1.211110e+01,-9.991202e+00,3.038380e+00,1.752795e-02,1.512841e+02,7.169893e-01,-2.638090e-05,1.212867e-01,1.495344e-01,-2.600293e-01,5.719264e-01,3.528217e-01,-5.245931e-01,3.522110e-01,1.252624e-01,-5.157531e-01,6.472397e-03,2.469315e-01,3.537025e-01,2.387429e-03,-2.616205e+01,-3.449059e-03
2.330196e-03,-1.395855e+00,2.524821e+00,1.354235e+00,-8.867256e-02,-2.295784e+01,-1.705332e+01,4.249237e+00,-5.887530e+00,-7.846753e+00,1.224753e+01,-9.061522e+00,2.134534e+00,1.994560e-02,1.004472e+02,7.108769e-01,-1.687370e-04,3.131362e-01,5.457799e-01,-5.648684e-01,7.724909e-01,1.279691e+00,6.461108e-01,-5.309750e-01,8.943672e-01,4.699707e-03,-1.463113e+00,1.665807e+00,-2.665002e-01,2.598973e-03,-4.069999e+01,-6.373626e-03
2.064809e-03,-1.114243e+00,3.235827e+00,6.269864e-01,6.656984e-01,-2.125236e+01,-1.537248e+01,3.578433e+00,-3.982823e+00,-9.043712e+00,9.974493e+00,-6.139870e+00,2.046681e+00,2.357208e-02,4.993658e+01,7.022292e-01,-2.749541e-04,4.040855e-01,1.124326e+00,-6.786747e-01,6.125637e-01,2.194898e+00,1.536942e+00,-1.305459e+00,1.488979e+00,8.329346e-01,-2.755683e+00,2.114460e+00,-6.342909e-01,1.269266e-03,-4.030154e+01,-7.018828e-03
1.665471e-03,-5.555594e-01,4.849308e+00,-2.296306e-01,1.216141e+00,-1.768241e+01,-1.240243e+01,8.482042e-01,-2.621379e+00,-6.264149e+00,5.613135e+00,-2.602835e+00,6.769035e-01,2.478090e-02,0,6.925674e-01,-2.789878e-04,3.532438e-01,1.490245e+00,-6.247745e-01,9.712286e-02,2.503954e+00,1.677922e+00,-1.434319e+00,1.495139e+00,1.532758e+00,-3.456115e+00,1.520754e+00,-5.136593e-01,-7.555153e-04,-2.508310e+01,-6.006324e-03
1.370167e-03,-2.903655e-01,6.970372e+00,-1.056222e+00,1.017760e+00,-1.439662e+01,-1.123823e+01,-6.368847e-01,-2.942396e-01,-4.786754e+00,1.649882e+00,-2.648248e+00,5.957411e-01,2.145663e-02,0,6.910499e-01,-2.002293e-04,2.089318e-01,1.418188e+00,-2.359903e-01,-2.626928e-01,1.645183e+00,9.645944e-01,-6.680534e-01,9.970876e-01,1.764786e+00,-2.767517e+00,1.864488e-01,-4.194072e-01,-2.689635e-03,-9.987316e+00,-4.099882e-03
1.282578e-03,-4.157503e-02,8.108773e+00,-9.280329e-01,2.209111e-01,-1.386594e+01,-1.073084e+01,-8.146976e-01,-2.561286e-01,-2.311444e+00,-8.707351e-01,-3.203564e+00,2.917075e-01,1.722575e-02,0,6.864349e-01,-9.702310e-05,-1.378433e-02,1.014057e+00,1.614157e-01,-3.320642e-01,4.908494e-01,1.744191e-01,3.170319e-01,3.248781e-01,1.041492e+00,-1.399388e+00,-3.752242e-01,-3.619042e-01,-2.024781e-03,0,-2.541041e-03
1.255109e-03,-3.265767e-01,8.697037e+00,-2.037640e-01,-1.501506e-01,-1.493468e+01,-1.138530e+01,1.069617e+00,-1.800103e-01,-2.196135e+00,-6.211563e-01,-4.907261e+00,1.422434e-01,1.390148e-02,0,6.847960e-01,-3.492382e-05,-1.957029e-01,6.381475e-01,2.108401e-01,1.622530e-02,8.383904e-02,-1.154740e-01,6.974428e-01,-3.844400e-01,4.786647e-01,-1.552350e-01,-3.347952e-01,-4.819178e-01,3.626466e-04,0,-1.842779e-03
1.237885e-03,-6.063755e-01,9.056261e+00,1.512188e-01,1.397754e-01,-1.495913e+01,-1.145680e+01,1.580112e+00,-1.054103e+00,-2.352000e+00,-2.482859e-01,-3.349449e+00,-9.058686e-01,1.843457e-02,0,6.829891e-01,-2.051224e-05,-2.407210e-01,4.761043e-01,4.203238e-02,1.050229e-01,3.739863e-01,1.590177e-01,3.938422e-01,-4.883097e-01,-1.811271e-01,3.225864e-01,1.293891e-01,-2.371556e-01,2.206105e-03,0,-5.571604e-04
1.217894e-03,-9.864796e-01,9.687366e+00,-5.416477e-01,1.139454e+00,-1.343083e+01,-1.145262e+01,1.652925e+00,-1.817452e+00,-2.373152e+00,5.624822e-01,-4.249281e+00,-1.215060e+00,2.266546e-02,0,6.835589e-01,-1.936986e-05,-1.918876e-01,4.684052e-01,-1.670065e-01,-1.816317e-01,7.518886e-01,7.043779e-01,-1.714821e-01,-3.795074e-01,-4.411627e-01,-6.330244e-02,6.814562e-01,4.767066e-01,2.901179e-03,0,-9.849668e-05
1.198624e-03,-9.152285e-01,9.994130e+00,-5.489291e-01,1.012233e-01,-1.274794e+01,-9.902093e+00,8.628597e-01,-1.878956e+00,-3.128571e+00,1.503775e-01,-2.885608e+00,-2.154190e-01,2.387428e-02,0,6.842677e-01,-2.272157e-05,-8.001376e-02,3.449251e-01,-2.184326e-01,-6.945748e-01,7.307547e-01,1.280114e+00,-6.723292e-01,2.231211e-01,-4.431208e-01,-6.633928e-01,7.553002e-01,8.665540e-01,2.478091e-03,0,4.857183e-04
1.177890e-03,-1.131588e+00,1.057013e+01,-6.887226e-01,-1.039033e+00,-1.228083e+01,-8.640766e+00,5.708332e-01,-1.665121e+00,-4.013664e+00,-1.137000e+00,-1.731901e+00,2.180551e+00,2.568752e-02,0,6.836643e-01,-1.968724e-05,-3.947162e-02,1.018364e-01,-1.151934e-01,-7.174150e-01,4.861252e-01,1.376859e+00,-1.023131e+00,6.735294e-01,-1.400578e-01,-1.033285e+00,7.500175e-01,6.561283e-01,2.115443e-03,0,-3.683567e-05
1.144279e-03,-9.338899e-01,1.033951e+01,-8.674065e-01,-2.243855e+00,-1.188035e+01,-6.462155e+00,-1.240488e+00,-1.466322e-02,-3.747349e+00,-2.715508e+00,-8.316388e-01,1.729096e+00,2.931399e-02,0,6.853650e-01,-1.372610e-05,-1.498656e-02,-6.904773e-02,-7.929434e-02,-1.677073e-01,3.485376e-01,9.139692e-01,-1.154541e+00,1.168690e+00,2.050413e-01,-9.752197e-01,8.465992e-02,-1.903014e-01,1.148383e-03,0,-7.132470e-04
1.146631e-03,-1.174507e+00,1.002386e+01,-9.583761e-01,-1.275082e+00,-1.143400e+01,-6.288292e+00,-2.411055e+00,6.180483e-01,-2.764053e+00,-3.170998e+00,-1.526178e+00,1.093324e+00,3.052282e-02,0,6.828260e-01,-8.143601e-07,2.184709e-02,-1.194142e-01,-6.008130e-03,4.026356e-01,3.061302e-01,2.712925e-01,-1.106468e+00,1.067877e+00,6.539981e-02,-3.111145e-01,-2.304312e-01,-8.196112e-01,-1.239045e-03,0,-1.177609e-03
1.145623e-03,-9.687020e-01,9.922026e+00,-8.105741e-01,-6.192891e-01,-1.142867e+01,-6.508484e+00,-3.418902e+00,2.822908e+00,-2.728169e+00,-3.708722e+00,-2.565170e+00,-6.233124e-01,2.719855e-02,0,6.811206e-01,1.199562e-05,4.921480e-02,1.478169e-01,3.898301e-02,4.775292e-01,2.668858e-01,-1.645938e-01,-6.639126e-01,4.284818e-01,-4.141732e-01,4.070626e-01,-3.108967e-01,-6.930218e-01,-3.112722e-03,0,-1.244313e-03
1.173146e-03,-1.004947e+00,1.018180e+01,-7.471795e-01,1.618616e-01,-1.097602e+01,-7.261139e+00,-3.872301e+00,2.255480e+00,-4.196254e+00,-2.195966e+00,-2.017291e+00,-7.413003e-01,2.055001e-02,0,6.798984e-01,1.842499e-05,1.039255e-01,2.606572e-01,5.186368e-02,4.336280e-03,2.783836e-01,9.388690e-02,-3.072417e-01,-3.343004e-01,-6.612140e-01,1.084151e+00,-1.407885e-01,-5.847852e-01,-3.022061e-03,0,-8.135081e-04
1.191000e-03,-7.725959e-01,1.099962e+01,-7.780898e-01,-5.746806e-01,-1.077491e+01,-6.798701e+00,-3.829428e+00,1.309030e+00,-5.102114e+00,-1.167712e+00,-2.140566e+00,-8.187005e-01,1.873678e-02,0,6.806073e-01,1.808344e-05,7.865258e-02,2.905507e-01,1.224411e-01,-3.928804e-01,-8.847761e-02,4.145617e-01,1.052384e-01,-7.176533e-01,-3.623529e-01,8.799908e-01,4.697218e-02,-1.482182e-01,-1.299487e-03,0,-3.598392e-04
1.216067e-03,-7.529324e-01,1.078835e+01,-7.152998e-01,-1.275705e+00,-1.036896e+01,-5.673749e+00,-3.742001e+00,-2.965151e-01,-4.883151e+00,9.792506e-01,-2.442423e+00,-1.732908e+00,1.964340e-02,0,6.790152e-01,8.708926e-06,7.908640e-02,1.072958e-01,1.013322e-01,-5.541611e-01,-4.812983e-01,3.989817e-01,5.393412e-01,-4.322997e-01,7.172465e-02,9.968280e-02,1.145976e-01,1.396759e-01,5.439706e-04,0,5.712748e-04
1.214580e-03,-7.014464e-01,1.107150e+01,-2.143083e-01,-1.864908e+00,-1.217459e+01,-5.229370e+00,-2.957860e+00,5.106387e-01,-4.196486e+00,-8.963768e-01,-2.117743e+00,-8.685996e-01,2.115443e-02,0,6.797630e-01,1.336215e-06,5.991128e-02,-1.977809e-01,-9.526490e-02,-3.191936e-01,-5.672058e-01,7.345404e-02,7.906108e-01,-4.591586e-01,3.300907e-01,-7.182665e-01,3.384960e-01,7.788348e-01,5.439706e-04,0,2.106875e-03
1.204901e-03,-6.450896e-01,1.068233e+01,-5.224093e-01,-1.963830e+00,-1.268268e+01,-6.050896e+00,-1.611379e+00,4.931769e-01,-4.290445e+00,-1.833219e+00,-1.455715e+00,-1.797136e-02,2.206104e-02,0,6.831769e-01,2.923259e-06,1.139507e-01,-4.830923e-01,-3.358026e-01,-1.637560e-01,-2.003022e-01,-3.968930e-01,7.156374e-01,-7.791839e-01,1.280715e-01,-6.999100e-01,3.426250e-01,1.275396e+00,-2.115443e-04,0,3.811812e-03
1.203264e-03,-5.269609e-01,1.006372e+01,-1.350860e+00,-1.826586e+00,-1.245408e+01,-6.242857e+00,-9.416845e-01,-1.381609e+00,-3.748013e+00,-3.352809e+00,-9.414398e-01,2.218005e+00,2.024781e-02,0,6.890607e-01,1.612068e-05,1.447825e-01,-8.727023e-01,-4.048379e-01,3.164786e-02,2.351326e-01,-5.517377e-01,3.333602e-01,-1.188035e+00,-2.033650e-01,1.071010e-01,1.349589e-01,1.239689e+00,-8.461770e-04,0,3.892076e-03
1.236341e-03,-2.704214e-01,8.876777e+00,-1.826037e+00,-2.113646e+00,-1.123072e+01,-7.151471e+00,-1.171901e+00,-3.246311e+00,-4.467030e+00,-1.292083e+00,-1.317450e+00,3.100767e+00,1.903898e-02,0,6.934254e-01,3.114469e-05,1.153407e-01,-9.503029e-01,-7.809119e-02,1.283400e-01,-9.695454e-02,-4.911263e-01,-1.549011e-01,-7.608587e-01,-3.486526e-01,5.451601e-01,-2.013009e-01,8.466271e-01,-1.208824e-03,0,2.654999e-03
1.279463e-03,-1.648679e-01,7.610771e+00,-1.586684e+00,-1.631761e+00,-1.172490e+01,-7.437771e+00,-1.510798e+00,-3.559795e+00,-5.125019e+00,-6.314396e-01,-1.512081e+00,3.770478e+00,1.843457e-02,0,6.940992e-01,3.288868e-05,2.792155e-02,-7.553755e-01,3.393545e-01,1.519615e-01,-7.721812e-01,-3.692451e-01,-1.136851e-01,-1.862695e-01,-5.058697e-01,6.638206e-01,-3.933032e-01,1.950690e-01,-1.239045e-03,0,1.280582e-03
1.322525e-03,-2.494328e-01,7.157297e+00,-7.949531e-01,-1.419543e+00,-1.353204e+01,-7.909070e+00,-2.101328e+00,-2.222023e+00,-5.345205e+00,-4.681034e-01,-2.176898e+00,3.438927e+00,1.692354e-02,0,6.939327e-01,2.452553e-05,-6.931137e-02,-4.124505e-01,5.140403e-01,9.466555e-02,-1.123840e+00,-1.681192e-01,-2.866292e-03,1.410430e-01,-2.651706e-01,-1.672266e-02,-3.709377e-01,-1.410078e-01,-1.480810e-03,0,1.704693e-04
1.324615e-03,-3.978474e-01,7.146586e+00,-1.696294e-01,-1.413830e+00,-1.516433e+01,-7.710283e+00,-1.045397e+00,-2.825100e+00,-5.838274e+00,-4.456964e-01,-2.478231e+00,3.024270e+00,1.511031e-02,0,6.952100e-01,8.921907e-06,-6.357006e-02,-6.957903e-02,3.614066e-01,-4.290595e-02,-6.607565e-01,-2.598884e-01,2.637122e-01,-1.971920e-01,-3.426480e-02,-2.918823e-01,-6.139972e-02,-2.176844e-01,-1.390148e-03,0,-3.449559e-04
1.336393e-03,-5.004885e-01,7.046617e+00,3.563671e-02,-1.749284e+00,-1.513021e+01,-7.855811e+00,-1.418933e+00,-2.908443e+00,-5.436255e+00,-1.468568e+00,-2.689063e+00,2.768832e+00,1.329707e-02,0,6.937223e-01,-3.709621e-06,-8.209204e-03,5.112104e-02,-3.747064e-02,-1.261430e-01,3.630907e-01,-4.536411e-01,2.703710e-02,-3.147663e-01,4.138395e-01,-4.539090e-01,1.588822e-01,2.343682e-01,-7.857359e-04,0,-1.654565e-03
1.317138e-03,-3.571903e-01,7.318216e+00,-1.949456e-01,-1.681420e+00,-1.422960e+01,-8.763843e+00,-5.334345e-01,-4.202545e+00,-5.250818e+00,-1.590618e+00,-1.562997e+00,3.017103e+00,1.329707e-02,0,6.924796e-01,-1.355408e-05,1.848787e-02,2.311494e-01,-3.300796e-01,-1.864556e-01,1.048290e+00,-6.958390e-01,-2.279027e-01,2.340575e-01,4.648139e-01,-1.516181e-01,3.981677e-01,6.770777e-01,7.252941e-04,0,-3.596264e-03
1.307715e-03,-3.108074e-01,7.327087e+00,-9.696482e-01,-1.916462e+00,-1.218395e+01,-9.650496e+00,-2.222124e+00,-3.107133e+00,-3.569736e+00,-2.165187e+00,-1.840104e+00,4.614352e+00,1.390148e-02,0,6.870251e-01,-3.066043e-05,-1.882696e-02,3.859556e-01,-5.008299e-01,-1.556680e-01,1.144946e+00,-5.711529e-01,-1.668750e-01,9.432702e-01,8.798690e-02,1.401614e-01,3.783574e-01,7.896860e-01,3.112723e-03,0,-5.174601e-03
1.271184e-03,-4.002487e-01,8.162098e+00,-1.317385e+00,-2.262519e+00,-1.139601e+01,-1.029214e+01,-1.783315e+00,-1.555468e+00,-4.447464e+00,-8.554774e-01,-9.118727e-01,5.486899e+00,1.843457e-02,0,6.805773e-01,-4.362933e-05,-1.495997e-01,5.666144e-01,-1.865322e-01,-9.688115e-03,6.729145e-01,-1.685043e-01,4.536783e-02,1.097136e+00,-3.753846e-01,9.272623e-03,3.018476e-01,4.879260e-01,4.865518e-03,0,-7.050192e-03
1.206068e-03,-5.730941e-01,8.554454e+00,-1.907293e+00,-2.237075e+00,-1.082227e+01,-9.947429e+00,-1.628368e+00,4.843690e-01,-5.397997e+00,-1.135332e+00,-1.122839e+00,5.482365e+00,2.629193e-02,0,6.738005e-01,-5.315356e-05,-1.985735e-01,7.613871e-01,1.239369e-01,3.048665e-02,1.837917e-01,5.150763e-01,7.202178e-02,4.654475e-01,-4.742061e-01,-1.057757e-01,1.382401e-01,-3.330440e-01,4.623753e-03,0,-6.901664e-03
1.149815e-03,-9.740456e-01,9.537604e+00,-6.587840e-01,-1.569555e+00,-1.154586e+01,-9.457898e+00,-6.034729e-01,-5.126133e-01,-6.213610e+00,-2.059183e+00,-4.123919e-01,5.022727e+00,3.142944e-02,0,6.638409e-01,-4.821380e-05,-2.885217e-01,8.426088e-01,4.448758e-01,-1.167821e-01,6.431846e-02,9.330614e-01,-5.925909e-01,-2.885933e-01,3.726137e-01,-1.602845e-01,-7.467558e-01,-7.419637e-01,2.055002e-03,0,-8.471256e-03
1.102632e-03,-1.016776e+00,1.044627e+01,-6.792644e-01,-2.110511e+00,-1.119006e+01,-7.492233e+00,-2.451936e+00,-1.301322e+00,-5.057693e+00,-2.092213e+00,-1.398644e+00,3.181218e+00,3.052282e-02,0,6.608849e-01,-3.814038e-05,-3.428775e-01,6.858101e-01,3.269866e-01,-3.273516e-01,3.920032e-01,9.804375e-01,-1.172546e+00,-6.537247e-01,9.221798e-01,3.213619e-01,-9.563059e-01,-9.811616e-01,-1.208824e-03,0,-8.967209e-03
1.081833e-03,-1.621016e+00,1.142923e+01,2.929795e-01,-2.909711e+00,-1.089052e+01,-6.854426e+00,-4.334486e+00,-2.105588e+00,-2.754547e+00,-1.178459e+00,-4.507749e+00,2.927654e+00,2.659414e-02,0,6.446788e-01,-3.442059e-05,-4.557025e-01,1.799998e-01,1.347190e-01,-1.656319e-01,9.459091e-01,4.583090e-01,-1.269111e+00,-5.720987e-01,1.187958e+00,6.153579e-01,-8.808702e-01,-8.793863e-01,-2.357208e-03,0,-5.128754e-02
1.049357e-03,-1.963996e+00,1.103769e+01,-7.482421e-01,-3.203754e+00,-9.189926e+00,-6.346977e+00,-5.625594e+00,-1.987767e+00,-2.516630e+00,3.111597e-02,-3.856689e+00,1.624094e+00,2.266546e-02,0,6.385455e-01,-2.773927e-05,-4.426135e-01,-3.020423e-01,8.640584e-02,2.167201e-01,9.488068e-01,-2.600786e-01,-5.213759e-01,-3.039797e-01,8.405874e-01,6.041945e-01,-9.967856e-02,-8.271879e-01,7.252946e-04,0,-7.498749e-02
1.004350e-03,-2.778948e+00,1.014189e+01,4.929978e-02,-1.851092e+00,-7.816386e+00,-7.738981e+00,-5.362200e+00,-3.029885e+00,-1.544354e+00,-4.405837e-02,-3.587721e+00,1.404357e+00,2.357207e-02,0,4.185729e-01,-2.556701e-05,-5.387917e-01,-6.226627e-01,-1.620937e-02,5.013658e-01,5.701624e-01,-2.038679e-01,1.188451e-01,-1.208408e-01,3.673793e-01,4.878163e-01,4.938830e-01,-9.576911e-01,7.343609e-03,0,-1.154323e-01
1.002677e-03,-2.650878e+00,9.579728e+00,-1.253953e-01,-1.556220e+00,-7.983097e+00,-8.350348e+00,-4.544958e+00,-2.359073e+00,-1.459853e+00,3.615594e-01,-2.357051e+00,-1.930738e-01,3.566032e-02,0,3.990004e-01,-1.985638e-05,-7.289481e-01,-5.921092e-01,1.855680e-01,7.011365e-01,-8.598533e-02,1.714217e-01,4.257091e-01,9.690399e-02,2.521285e-01,6.475980e-01,4.422457e-01,-1.061388e+00,1.432457e-02,0,-1.133794e-01
9.773379e-04,-3.971534e+00,9.044902e+00,-9.949078e-02,-1.226649e+00,-8.643126e+00,-6.872080e+00,-4.280578e+00,-2.524140e+00,-1.446039e+00,1.095401e+00,-2.788153e+00,-9.522182e-01,5.681475e-02,0,1.872899e-01,-2.190193e-05,-1.106051e+00,-6.244549e-01,1.906259e-02,8.742571e-01,1.505353e-01,1.082574e+00,7.043135e-01,2.420956e-01,2.717862e-02,1.141898e+00,8.300381e-01,-9.497932e-01,1.647023e-02,0,-1.048856e-01
9.635811e-04,-5.012444e+00,8.625639e+00,2.539933e-01,-1.029364e-02,-9.206483e+00,-5.923319e+00,-4.037859e+00,-1.756119e+00,-1.305145e+00,2.699376e+00,-2.045244e+00,-2.504556e+00,7.766697e-02,0,1.872899e-01,-2.632446e-05,-1.399615e+00,-7.077779e-01,1.294343e-02,1.201141e+00,1.021101e+00,1.275998e+00,5.674550e-01,-1.577401e-02,-4.638809e-02,1.012618e+00,9.984968e-01,2.137335e-01,1.296464e-02,0,-9.852907e-02
9.143879e-04,-7.128418e+00,7.496664e+00,-4.508157e-02,1.747230e+00,-6.452016e+00,-3.539627e+00,-2.094182e+00,-2.120883e+00,-1.485815e+00,4.496522e+00,4.065661e-01,-2.188867e+00,8.491992e-02,0,0,-2.065048e-05,-1.358586e+00,-7.780613e-01,1.322290e-01,1.261941e+00,1.565555e+00,9.790685e-01,4.721686e-01,1.816509e-01,1.102629e-01,5.228481e-01,8.872250e-01,1.177679e+00,6.195226e-03,0,-5.618696e-02
9.025295e-04,-8.070513e+00,6.814958e+00,-8.788276e-02,2.962544e+00,-3.973145e+00,-3.636585e+00,-2.800881e+00,-2.639571e+00,-1.671905e+00,3.724090e+00,1.038073e+00,1.493918e+00,8.643094e-02,0,0,-1.444388e-05,-1.245382e+00,-8.307773e-01,2.383137e-01,7.797675e-01,1.338956e+00,2.789056e-01,-1.275255e-01,2.786449e-01,6.651710e-01,-3.150640e-01,5.208613e-01,2.032011e+00,-1.722575e-03,0,-3.745798e-02
9.046113e-04,-9.235428e+00,6.059936e+00,7.325923e-01,3.596635e+00,-3.432018e+00,-3.120105e+00,-2.538224e+00,-1.174159e+00,-7.113447e-01,3.197285e+00,1.063123e-01,2.936939e+00,8.340889e-02,0,0,-7.845088e-06,-9.916544e-01,-6.437609e-01,2.560951e-01,2.411860e-01,7.261401e-01,-1.227230e-01,-2.683355e-01,1.044115e+00,1.351538e+00,-9.060113e-01,7.821910e-02,1.411036e+00,-5.530372e-03,0,0
8.962500e-04,-1.018585e+01,5.190116e+00,1.056725e+00,2.963841e+00,-4.021699e+00,-4.738553e+00,-4.453466e+00,-8.362570e-01,1.633475e+00,1.773675e+00,7.091892e-01,5.092593e+00,6.980961e-02,0,0,-1.192199e-05,-9.258717e-01,-7.293996e-01,-4.578114e-01,-5.149141e-01,6.745498e-01,2.912214e-01,-1.080774e-01,7.539103e-01,1.031888e+00,-1.392582e+00,4.270384e-01,7.183197e-01,-5.167724e-03,0,0
8.783022e-04,-1.102902e+01,5.090280e+00,6.630901e-01,2.952512e+00,-2.797038e+00,-3.602258e+00,-2.609567e+00,2.198033e+00,3.619185e+00,9.416730e-01,9.621037e-01,3.066973e+00,6.557873e-02,0,0,-1.686843e-05,-6.743346e-01,-7.466311e-01,-1.450516e+00,-1.055407e+00,1.099192e+00,9.333410e-01,-1.267834e-01,2.083635e-01,1.989355e-02,-1.578403e+00,9.375322e-01,4.574783e-01,-3.928684e-04,0,0
8.560741e-04,-1.180307e+01,3.652788e+00,-2.342189e+00,7.100356e-01,-9.178860e-01,-1.939401e+00,-3.305597e+00,-5.561158e-01,1.322270e+00,-2.111013e+00,2.745370e+00,5.020499e+00,6.950741e-02,0,0,-1.149066e-05,-4.126292e-01,-7.796541e-01,-1.803871e+00,-1.059314e+00,1.148164e+00,1.487800e+00,-1.781990e-01,-4.703217e-01,-1.058124e+00,-1.224419e+00,8.843901e-01,3.881864e-01,3.354489e-03,0,0
8.403571e-04,-1.179849e+01,3.095444e+00,-4.820534e+00,-5.534973e-01,5.120367e-01,1.470246e-01,-3.746076e+00,-2.724124e-01,-4.562746e-01,-2.752387e+00,3.775883e+00,5.260378e+00,8.159565e-02,0,0,-1.658720e-06,-1.870911e-01,-5.419041e-01,-1.384845e+00,-9.022118e-01,4.055193e-01,1.045402e+00,-2.840361e-01,-4.247954e-01,-9.295285e-01,-1.071058e-01,8.759726e-01,5.489392e-01,6.285886e-03,0,0
8.577692e-04,-1.186426e+01,2.289263e+00,-5.220816e+00,-5.797234e-01,6.458285e-02,8.258050e-01,-4.776206e+00,-1.952643e+00,-1.619416e+00,-2.501390e+00,3.724250e+00,5.936822e+00,7.857359e-02,0,0,1.258374e-05,-2.365470e-01,-2.444652e-01,-3.007670e-01,-1.572974e-01,-1.769195e-01,3.426756e-01,1.473032e-01,3.343036e-01,-2.674496e-01,1.032251e+00,3.993593e-01,5.029945e-02,7.373828e-03,0,0
8.691610e-04,-1.193388e+01,3.062522e+00,-4.821820e+00,-9.136681e-01,-1.260676e+00,2.421467e-01,-3.294443e+00,7.723196e-01,4.423848e-01,6.013324e-01,4.852526e+00,5.353508e+00,9.247506e-02,0,0,1.829700e-05,-4.039291e-01,-2.548544e-01,1.397642e-01,-2.916346e-01,-7.776476e-01,-3.834819e-01,7.111520e-01,1.124305e+00,5.264953e-01,1.861717e+00,2.904387e-01,-2.148426e-01,4.593530e-03,0,0
9.045908e-04,-1.291811e+01,2.446923e+00,-3.845381e+00,1.036341e-01,-9.161273e-01,-2.735842e-01,-2.794897e+00,5.930362e-01,-4.643077e-01,1.373384e+00,4.203845e+00,5.225431e+00,1.009368e-01,0,0,1.490972e-05,-4.577400e-01,-5.934266e-01,-1.402545e-01,-3.252254e-01,-6.369117e-01,-4.689420e-01,1.241330e+00,1.775626e+00,6.122032e-01,2.154521e+00,3.255890e-01,-2.029372e-01,-3.898460e-03,0,0
9.084313e-04,-1.329121e+01,1.742342e+00,-4.809431e+00,-2.353349e+00,-2.885846e+00,-1.220690e+00,-1.180971e+00,4.076273e+00,1.598648e+00,4.618810e+00,4.988279e+00,4.541860e+00,9.338168e-02,0,0,5.807070e-06,-3.786617e-01,-1.143558e+00,-6.953734e-01,-7.570292e-01,-6.490644e-01,3.798566e-01,1.375595e+00,1.331369e+00,-2.053066e-01,1.792625e+00,3.324122e-01,-1.521341e-01,-1.384104e-02,0,0
9.126827e-04,-1.347430e+01,-1.777955e-02,-5.928283e+00,-1.486010e+00,-2.307390e+00,-7.874865e-01,3.737082e-01,5.273510e+00,8.634691e-01,6.262476e+00,5.284318e+00,5.327960e+00,5.862798e-02,0,0,-5.171919e-06,-7.122612e-02,-1.303895e+00,-1.062358e+00,-8.812147e-01,-5.805030e-01,9.414858e-01,1.558930e+00,6.627218e-01,-7.892042e-01,1.203568e+00,5.812601e-01,-2.742663e-01,-9.489272e-03,0,0
8.941505e-04,-1.354910e+01,-1.422916e+00,-7.257235e+00,-3.903992e+00,-3.810366e+00,2.398381e+00,1.999232e+00,5.088927e+00,-1.248037e+00,7.119911e+00,5.974350e+00,4.541573e+00,4.442430e-02,0,0,-9.682553e-06,8.603267e-02,-1.184495e+00,-7.662570e-01,-4.782875e-01,-3.377971e-01,1.452752e+00,1.394063e+00,-4.032731e-01,-1.290485e+00,8.743019e-02,7.096806e-01,-1.847287e-01,9.972801e-03,0,0
8.858716e-04,-1.314530e+01,-2.489920e+00,-7.933268e+00,-3.527117e+00,-3.356382e+00,2.624309e+00,3.409650e+00,3.400318e+00,-2.986987e+00,6.140671e+00,6.617110e+00,3.854244e+00,7.796917e-02,0,0,-8.632016e-06,2.573950e-01,-6.150225e-01,-2.507944e-02,-1.018304e-01,-2.570975e-01,9.073828e-01,1.007012e+00,-6.780349e-01,-9.400225e-01,-7.810274e-01,5.265655e-01,-3.270378e-02,3.315201e-02,0,0
8.734241e-04,-1.302555e+01,-2.944062e+00,-7.638223e+00,-3.724233e+00,-4.050336e+00,4.337171e+00,4.271372e+00,2.996504e+00,-2.928551e+00,5.116863e+00,7.870286e+00,4.355075e+00,1.335751e-01,0,0,-3.959308e-06,1.268544e-01,-2.162488e-01,6.581513e-01,6.695766e-01,3.984265e-01,6.102984e-02,5.455676e-01,-7.294391e-01,-5.752788e-01,-1.500709e+00,-4.237294e-01,2.914864e-01,4.106981e-02,0,0
8.798858e-04,-1.244910e+01,-2.332319e+00,-5.863186e+00,-2.085042e+00,-3.472893e+00,2.780032e+00,4.272696e+00,2.929548e+00,-2.996386e+00,3.358863e+00,6.969178e+00,5.257690e+00,1.798126e-01,0,0,-3.721175e-06,-2.755089e-02,5.473650e-02,7.893192e-01,7.216100e-01,9.858143e-01,-4.271461e-01,-2.460725e-01,-8.193321e-01,-8.386431e-01,-1.835206e+00,-1.502113e+00,9.636593e-02,3.034149e-02,0,0
8.773468e-04,-1.326293e+01,-2.582961e+00,-5.001520e+00,-1.277147e+00,-1.759978e+00,2.625669e+00,4.295547e+00,1.677116e+00,-4.119730e+00,1.007270e+00,3.679669e+00,5.297282e+00,1.988516e-01,0,0,-3.107934e-06,-2.181251e-01,6.425748e-02,1.429836e-01,4.708915e-01,1.417280e+00,-8.030647e-01,-6.582103e-01,-6.894888e-01,-8.761036e-01,-1.562027e+00,-2.088976e+00,-6.627418e-01,1.375037e-02,0,0
8.653044e-04,-1.316436e+01,-2.396789e+00,-5.305024e+00,-1.142611e+00,4.275102e-01,1.344329e+00,2.167200e+00,-3.664872e-02,-6.584612e+00,-9.805619e-01,1.201853e+00,3.864970e+00,1.970384e-01,0,0,-5.674374e-07,-2.729755e-01,-1.024995e-01,-5.989132e-01,-1.743765e-01,8.137120e-01,-4.052648e-01,-8.125757e-01,-5.707452e-01,-7.370974e-01,-7.072411e-01,-1.042764e+00,-1.124256e+00,2.085221e-03,0,0
8.651751e-04,-1.375854e+01,-2.590540e+00,-7.202386e+00,-1.840991e+00,1.085860e+00,1.039698e+00,2.033069e+00,1.032158e+00,-5.514956e+00,-5.235571e-01,3.090675e-01,1.737726e+00,1.937141e-01,0,0,6.989570e-06,-1.649770e-01,-5.228722e-02,-7.377554e-01,-3.937704e-01,-1.902959e-01,3.237559e-02,7.622335e-02,9.589764e-02,5.295781e-01,2.027767e-01,-2.910780e-01,-1.298334e+00,-2.478094e-03,0,0
8.831345e-04,-1.356617e+01,-2.841027e+00,-7.757319e+00,-2.675003e+00,-8.272526e-01,1.546693e+00,1.341057e+00,3.983006e-01,-5.984261e+00,5.880714e-01,3.440660e+00,1.416191e+00,1.928075e-01,0,0,1.042400e-05,-3.635826e-02,-7.515156e-02,-3.422510e-01,-1.325654e-01,-1.179281e+00,2.435998e-01,1.091507e+00,8.412385e-02,1.329221e+00,8.218546e-01,-2.270143e-01,-6.901305e-01,-4.261100e-03,0,0
9.033796e-04,-1.388691e+01,-2.622278e+00,-7.464149e+00,-2.479803e+00,-2.084076e+00,2.686364e+00,5.089736e+00,1.939130e+00,-1.772016e+00,1.236837e+00,1.104875e+00,2.999972e-02,1.885766e-01,0,0,5.933986e-06,1.370880e-01,1.206777e-01,1.462940e-01,4.618315e-01,-1.077219e+00,3.437395e-01,1.666252e+00,-2.475873e-01,1.475148e+00,1.304170e+00,-8.850611e-01,1.311222e-02,-1.166515e-02,0,0
8.983221e-04,-1.328197e+01,-2.756678e+00,-6.885397e+00,-1.486032e+00,-3.883925e+00,1.738996e+00,6.096400e+00,-6.951538e-02,-1.809975e+00,2.248514e+00,-3.311222e-01,1.268181e+00,1.783016e-01,0,0,-5.115406e-07,7.044868e-02,2.206949e-01,3.364085e-01,6.609837e-01,-5.623976e-01,-4.238560e-02,1.177628e+00,-3.986920e-01,1.080377e+00,1.663218e+00,-1.017591e+00,3.871531e-01,-2.067089e-02,0,0
8.872512e-04,-1.321520e+01,-2.029326e+00,-6.906877e+00,-1.263188e-01,-2.771898e+00,2.662245e+00,7.986658e+00,2.812946e-02,-2.263588e-01,5.167071e+00,-2.230347e+00,1.877292e+00,1.426413e-01,0,0,-4.040031e-06,2.361107e-03,1.194931e-01,1.629851e-01,3.058847e-01,-2.065229e-01,-2.792706e-01,2.377586e-01,-6.666813e-01,1.887948e-01,1.448785e+00,2.787854e-02,2.972549e-01,-2.200060e-02,0,0
8.886410e-04,-1.354978e+01,-2.034028e+00,-6.353912e+00,-5.468265e-01,-3.295330e+00,1.346825e+00,5.780735e+00,-6.396592e-01,-1.355202e+00,6.939046e+00,2.031430e-02,2.428309e+00,1.124207e-01,0,0,-5.054765e-06,-1.360941e-01,3.025484e-03,4.998236e-02,-3.425075e-01,-1.531227e-02,-4.064255e-01,-3.100009e-01,-7.936730e-02,-2.575629e-01,5.920599e-01,9.854383e-01,-4.239545e-01,-9.942585e-03,0,0
8.880200e-04,-1.374120e+01,-2.386137e+00,-6.914966e+00,-1.419982e+00,-3.410989e+00,1.486097e+00,6.436361e+00,-1.109205e+00,-1.055429e+00,6.135497e+00,1.068550e+00,9.362100e-01,1.115141e-01,0,0,-6.560370e-06,-1.389367e-01,-3.301709e-01,-2.624550e-02,-7.099657e-01,-2.205971e-01,-4.422323e-01,-6.716202e-01,1.398431e-02,-8.823701e-01,-3.932024e-01,1.376464e+00,-6.820894e-01,6.013901e-03,0,0
8.726639e-04,-1.369944e+01,-2.563145e+00,-6.631441e+00,-2.551737e+00,-3.640941e+00,2.949424e-01,5.321544e+00,1.023153e-01,-2.683255e+00,4.724600e+00,2.946621e+00,-3.810506e-01,1.441523e-01,0,0,-4.201633e-06,-8.321476e-02,-2.124256e-01,1.316425e-01,-3.236247e-01,2.379253e-01,5.852262e-01,-2.151642e-01,7.459779e-01,-7.010993e-01,-5.552280e-01,9.437839e-01,-5.295061e-01,6.708977e-03,0,0
8.624379e-04,-1.383505e+01,-3.415623e+00,-6.899340e+00,-2.673692e+00,-3.702078e+00,9.770247e-01,4.858152e+00,-2.729362e-01,-3.974183e+00,4.308282e+00,3.188817e+00,-1.284747e-01,1.568450e-01,0,0,2.152822e-06,-6.636343e-02,-6.500743e-02,3.862541e-01,3.042776e-01,3.578156e-01,1.460288e+00,2.149611e-02,7.568703e-01,-6.533993e-01,-6.486545e-01,1.251878e-01,-2.362645e-03,-5.772137e-03,0,0
8.804239e-04,-1.391893e+01,-2.581413e+00,-5.703513e+00,-1.538095e+00,-1.960159e+00,4.527492e+00,5.494019e+00,2.672096e+00,-3.401321e+00,5.076514e+00,3.679100e+00,3.131214e-01,1.233001e-01,0,0,9.837403e-06,2.201071e-02,1.112688e-01,2.502012e-01,8.039684e-01,3.357297e-01,1.731696e+00,4.669615e-01,3.511218e-01,-1.590990e-01,-4.935881e-01,-5.448312e-01,-4.720235e-03,-1.242067e-02,0,0
8.949041e-04,-1.396327e+01,-2.702040e+00,-5.447660e+00,-4.054151e-01,-2.462302e+00,6.671262e+00,6.457604e+00,1.390256e+00,-3.963392e+00,2.716267e+00,1.328249e+00,5.773107e-01,9.307948e-02,0,0,1.075221e-05,1.613896e-01,4.502862e-01,1.386821e-01,7.873170e-01,1.126796e-01,7.629164e-01,2.600951e-01,2.429069e-01,5.638908e-01,3.159230e-02,-9.537084e-01,-5.289823e-01,-2.719864e-04,0,0
9.056178e-04,-1.352528e+01,-2.363592e+00,-6.106275e+00,3.339667e-01,-2.582181e+00,6.106302e+00,6.856625e+00,1.026328e+00,-3.484145e+00,3.052667e+00,1.152749e+00,-7.575445e-01,1.139317e-01,0,0,5.008042e-06,2.941253e-01,5.929700e-01,6.339188e-02,4.150521e-01,-1.290686e-01,-6.715868e-01,-3.565631e-01,3.839859e-01,1.322930e+00,1.019177e+00,-5.223114e-01,-5.565526e-01,1.813237e-02,0,0
9.036020e-04,-1.322493e+01,-1.273102e+00,-6.004549e+00,3.268623e-01,-2.827669e+00,4.002202e+00,5.477324e+00,1.764482e+00,-1.113317e+00,5.478167e+00,-3.165488e-01,-2.238054e+00,1.601692e-01,0,0,-1.161086e-06,5.655769e-01,8.984165e-01,2.851266e-01,2.845163e-01,1.459076e-01,-1.503268e+00,-7.286240e-01,7.694086e-01,1.294499e+00,1.416016e+00,-8.154951e-02,-2.199873e-01,2.079178e-02,0,0
9.011151e-04,-1.281747e+01,-3.310321e-01,-5.108109e+00,1.710271e-01,-2.422818e+00,2.504088e+00,4.201343e+00,4.404913e+00,1.788290e+00,8.791451e+00,1.889942e+00,-1.061960e+00,1.804170e-01,0,0,-5.418272e-06,8.145105e-01,8.903316e-01,6.310652e-01,3.299545e-01,3.047875e-01,-1.508283e+00,-7.442483e-01,1.363351e-01,5.393832e-01,7.809030e-01,2.034992e-01,3.953814e-01,4.895742e-03,0,0
8.913500e-04,-1.148929e+01,7.737622e-01,-4.521110e+00,1.098636e+00,-1.812446e+00,9.560301e-01,4.142125e+00,3.548007e+00,-1.271145e-01,6.926956e+00,5.519050e-01,-3.704183e-01,1.637957e-01,0,0,-3.678614e-06,7.689465e-01,5.837848e-01,6.056024e-01,8.455974e-01,5.527454e-01,-9.552531e-01,-2.667575e-02,-6.978900e-01,-3.728483e-01,-1.923548e-01,4.836439e-01,2.670810e-01,-9.035963e-03,0,0
8.846524e-04,-1.032055e+01,1.064634e+00,-3.692668e+00,1.597852e+00,-1.565855e+00,8.797184e-02,3.802983e+00,8.162413e-01,-1.280330e+00,6.232788e+00,1.736018e+00,2.855450e-01,1.365972e-01,0,0,-2.902408e-07,2.458007e-01,1.000809e-01,3.091750e-01,5.591075e-01,5.620052e-01,-3.365352e-02,3.738383e-01,-1.081768e+00,-5.063794e-01,-2.138056e-01,4.524893e-01,-2.477806e-02,-1.006346e-02,0,0
8.934403e-04,-1.062866e+01,9.479890e-01,-3.684257e+00,3.841437e+00,-4.924236e-01,4.339943e-01,5.543125e+00,6.936797e-02,-1.443248e+00,5.795724e+00,2.178632e+00,-1.576401e+00,1.368994e-01,0,0,3.285916e-06,-6.787308e-01,-6.715191e-01,-2.003681e-01,-5.709155e-02,4.223951e-01,3.859462e-01,4.984370e-01,-2.653917e-01,-7.071494e-02,4.382700e-01,8.587540e-01,2.017302e-01,-2.115458e-04,0,0
8.986188e-04,-1.201879e+01,8.225886e-02,-3.980661e+00,1.595164e+00,-2.728035e-01,2.596839e+00,5.370035e+00,7.353930e-01,-8.553997e-02,8.288039e+00,3.339025e+00,-5.828585e-01,1.435479e-01,0,0,-2.240407e-06,-1.158925e+00,-1.078171e+00,-8.425840e-01,-1.077835e+00,-1.198512e-02,2.125498e-01,7.868357e-02,5.900227e-01,2.572815e-01,2.907072e-01,5.474642e-01,8.467659e-01,5.258384e-03,0,0
9.007964e-04,-1.403382e+01,-2.092646e+00,-5.378954e+00,8.145226e-01,-3.469958e-01,1.631328e+00,5.850784e+00,2.261473e+00,-1.078084e+00,8.090680e+00,4.044172e+00,1.072435e+00,1.592626e-01,0,0,-1.013167e-05,-9.869658e-01,-8.386617e-01,-8.991628e-01,-1.537572e+00,-2.930339e-01,-2.199999e-01,-2.388017e-01,1.269761e+00,4.049223e-01,-6.305338e-01,4.128287e-01,1.094741e+00,-1.239045e-03,0,0
8.697723e-04,-1.441259e+01,-2.805905e+00,-7.058239e+00,-2.277865e+00,-1.698495e+00,5.520541e-01,4.042572e+00,2.670303e+00,-1.765047e-01,6.538846e+00,3.540569e+00,3.194957e+00,1.517075e-01,0,0,-1.216619e-05,-4.132375e-01,-8.346021e-02,-5.429277e-01,-8.424227e-01,-3.396970e-01,-5.039306e-01,-5.079789e-01,1.238415e+00,4.769718e-01,-1.511923e+00,2.556838e-01,5.569504e-01,-1.003324e-02,0,0
8.572052e-04,-1.436659e+01,-1.801237e+00,-6.641281e+00,-1.909907e+00,-1.244748e+00,3.563870e-01,5.012848e+00,5.450717e+00,6.268457e-01,3.517652e+00,4.142004e+00,2.008396e+00,1.266244e-01,0,0,-3.732601e-06,1.585243e-01,7.714950e-01,3.576284e-01,-8.490145e-03,-3.072499e-01,-1.178039e-02,-6.006118e-01,7.886459e-01,5.224156e-01,-1.144849e+00,-2.080986e-01,-8.367213e-02,-1.018435e-02,0,0
8.595834e-04,-1.391859e+01,-4.807464e-01,-6.064136e+00,-1.254734e+00,-1.522413e+00,7.146562e-01,3.249108e+00,5.332844e+00,1.446854e+00,3.014938e+00,4.568528e+00,1.733913e+00,1.097008e-01,0,0,1.136197e-05,1.860883e-01,9.353215e-01,8.440863e-01,7.625321e-01,-6.054726e-01,8.852758e-02,-3.332053e-01,-3.003368e-02,2.534169e-01,-1.328285e-01,-4.334361e-01,-4.485998e-02,4.563308e-03,0,0
8.872279e-04,-1.348820e+01,6.022499e-01,-4.087864e+00,2.605063e-01,-1.971286e+00,1.491125e+00,3.244457e+00,4.873432e+00,7.223142e-01,4.128390e+00,2.489699e+00,1.384596e+00,1.293442e-01,0,0,1.398976e-05,1.105339e-01,5.879539e-01,6.585115e-01,5.694720e-01,-6.790367e-01,4.604784e-01,1.710914e-01,-5.766714e-01,-3.138335e-01,2.987631e-01,-6.851813e-01,6.304730e-01,1.849501e-02,0,0
9.115709e-04,-1.392134e+01,6.689584e-01,-4.114516e+00,4.495881e-01,-4.362588e+00,4.273231e-01,3.260741e+00,2.808777e+00,1.042846e+00,5.569334e+00,2.199541e+00,3.282557e+00,1.731641e-01,0,0,1.057865e-05,-8.108988e-02,1.101645e-01,1.556617e-01,2.138406e-01,-8.473307e-02,8.851069e-01,1.114016e+00,-1.813800e-01,-2.315154e-01,-2.110531e-01,-4.382591e-01,7.709398e-01,1.075854e-02,0,0
9.011603e-04,-1.381254e+01,5.636796e-01,-4.323534e+00,8.529151e-02,-3.219844e+00,2.802446e+00,5.862489e+00,3.829394e+00,-7.403175e-01,3.734270e+00,1.900591e+00,4.386439e+00,1.873678e-01,0,0,3.652065e-06,-1.548386e-01,-2.621791e-01,-2.501296e-01,-8.919220e-02,8.726578e-01,1.245357e+00,1.174221e+00,4.870868e-01,9.496619e-01,-1.174116e-01,-1.869461e-02,4.074065e-01,-1.710486e-02,0,0
9.055105e-04,-1.416187e+01,8.936112e-02,-5.167993e+00,-9.792379e-02,-1.321800e+00,4.484530e+00,7.510172e+00,4.947963e+00,1.020593e+00,2.156733e+00,2.671787e+00,4.087690e+00,1.344817e-01,0,0,1.666200e-06,-7.596178e-02,-3.216713e-01,-1.605431e-01,-8.375563e-02,1.425397e+00,1.422025e+00,6.182628e-01,4.983090e-01,2.130110e+00,3.711848e-01,-4.828016e-01,-6.707009e-01,-4.155334e-02,0,0
9.085184e-04,-1.414213e+01,-4.188468e-01,-4.811773e+00,8.830132e-02,8.716081e-01,5.689305e+00,6.990845e+00,6.239273e+00,5.481750e+00,5.247633e+00,2.160104e+00,3.019062e+00,6.316108e-02,0,0,4.926580e-07,-3.681469e-03,-5.590972e-02,7.315373e-02,4.683117e-02,8.742119e-01,6.870753e-01,-4.352602e-01,-4.121865e-01,2.175164e+00,6.322796e-01,-1.127961e+00,-1.025523e+00,-4.025386e-02,0,0
9.162228e-04,-1.413636e+01,-4.481352e-01,-4.673111e+00,2.930514e-02,7.186705e-01,6.094021e+00,5.787877e+00,4.095383e+00,8.582364e+00,6.668577e+00,-3.442230e-01,6.127408e-01,2.750076e-02,0,0,-6.801239e-06,1.959393e-01,2.731466e-01,2.925505e-01,2.238011e-01,4.045020e-01,1.851445e-01,-1.042136e+00,-8.719555e-01,5.311565e-01,-1.492129e-01,-1.755917e+00,-7.588599e-01,-1.644002e-02,0,0
8.982674e-04,-1.384371e+01,5.528791e-01,-4.205205e+00,2.558329e-01,1.309804e-01,5.433077e+00,4.547336e+00,2.194752e+00,6.354617e+00,4.639746e+00,-2.231208e+00,9.962964e-01,3.958900e-02,0,0,-9.894948e-06,1.310504e-01,3.687608e-01,1.075228e-01,4.012595e-01,-1.745171e-01,-3.397359e-01,-7.665426e-01,-4.773086e-01,-1.272545e+00,-1.244475e+00,-1.166205e+00,3.029507e-01,1.239045e-03,0,0
8.766298e-04,-1.333139e+01,9.692311e-01,-4.008524e+00,9.373161e-01,1.071024e+00,5.538366e+00,3.521246e+00,2.610446e+00,3.239942e+00,1.714612e+00,-3.912144e+00,1.304773e+00,6.406769e-02,0,0,-5.023111e-06,-6.249743e-02,6.444392e-02,-2.402345e-01,4.717284e-01,5.088873e-02,-2.892090e-01,-3.279201e-01,5.617808e-01,-1.626865e+00,-7.542347e-01,2.314637e-01,1.210452e+00,8.340888e-03,0,0
8.788402e-04,-1.388936e+01,7.162743e-01,-4.606453e+00,1.640593e+00,-1.771545e-01,4.268453e+00,4.291448e+00,4.595198e+00,1.790238e+00,1.502239e+00,-1.886962e+00,4.187799e+00,5.107283e-02,0,0,8.372287e-06,-2.908114e-01,-2.243679e-01,-6.540797e-01,3.109804e-01,1.471320e-01,2.765661e-01,3.892636e-01,6.403351e-01,-1.158547e+00,3.116403e-01,1.144073e+00,7.994249e-01,1.293442e-02,0,0
9.008209e-04,-1.442602e+01,-2.076131e-01,-5.673660e+00,1.695567e+00,1.127182e+00,5.230288e+00,4.276220e+00,5.704064e+00,2.730230e+00,4.466157e+00,6.409727e-01,5.069251e+00,6.346328e-02,0,0,1.414225e-05,-2.924557e-01,-1.697559e-01,-5.258690e-01,8.409346e-03,2.366965e-01,6.899930e-01,5.794918e-01,2.176072e-01,-9.034981e-01,9.043366e-01,1.114880e+00,-5.383294e-02,2.330009e-02,0,0
9.280333e-04,-1.475045e+01,1.946155e-02,-6.643036e+00,1.431610e+00,8.385616e-01,6.969946e+00,6.116167e+00,3.849618e+00,8.167384e-01,4.822175e+00,1.212601e+00,3.111182e+00,1.045633e-01,0,0,8.920790e-06,-1.192774e-01,5.527638e-02,-1.028598e-01,-3.936207e-01,1.903089e-01,6.134173e-01,1.981340e-01,-9.277306e-02,-8.637426e-01,4.597370e-01,7.561137e-02,-1.230703e+00,3.726202e-02,0,0
9.227445e-04,-1.436312e+01,4.688580e-01,-5.619577e+00,1.083855e+00,1.746649e+00,7.637584e+00,5.506345e+00,4.071272e+00,-7.907987e-01,4.576326e+00,1.124756e-01,1.573917e+00,1.538229e-01,0,0,2.663280e-06,-1.317018e-01,1.747480e-01,5.172575e-01,-5.380570e-01,-3.122426e-01,-3.658729e-01,-3.809892e-01,1.019413e-02,-3.494443e-01,5.056791e-02,-8.474709e-01,-1.331742e+00,3.487458e-02,0,0
9.124823e-04,-1.451720e+01,6.544206e-01,-5.147793e+00,-2.165441e-02,4.646563e-01,6.131891e+00,4.667055e+00,4.947729e+00,-7.679610e-01,3.745839e+00,-1.244657e+00,-2.180487e-01,1.922031e-01,0,0,2.130982e-07,6.367435e-02,5.001303e-01,1.241826e+00,-3.562765e-01,-4.656870e-01,-1.222988e+00,-9.819065e-01,-5.905484e-01,4.638244e-01,9.128855e-01,-6.361392e-01,-9.782705e-01,2.190994e-02,0,0
9.219128e-04,-1.520115e+01,3.486472e-01,-3.834994e+00,-2.680866e-01,-2.470787e-01,3.819951e+00,3.095830e+00,5.205979e+00,1.775358e+00,5.257164e+00,-2.367752e+00,7.515502e-02,1.940163e-01,0,0,2.173290e-05,1.005621e+00,1.329859e+00,1.930053e+00,-2.056704e-01,-1.731951e+00,-1.962224e+00,-5.664298e-01,-1.642124e+00,3.321483e-01,1.765010e+00,-4.633529e-01,-7.288395e-01,-4.533091e-03,0,3.723941e-02
9.295146e-04,-1.401306e+01,2.580219e+00,-1.326198e+00,3.261977e-01,-4.930095e-01,2.763824e+00,2.411892e+00,3.295228e-01,1.852782e+00,9.046184e+00,-7.279807e-01,-1.030789e+00,1.940163e-01,0,0,5.580753e-05,2.521410e+00,2.450675e+00,2.450707e+00,2.328764e-01,-2.864619e+00,-2.182243e+00,-3.026487e-01,-2.779545e+00,-7.180607e-01,1.798039e+00,-2.027137e-01,-5.191518e-01,-3.091569e-02,0,9.591620e-02
1.022893e-03,-9.587082e+00,6.155257e+00,2.119891e+00,-1.184236e-01,-6.434273e+00,-4.895009e-01,3.801778e+00,-1.830244e+00,-4.404284e-01,1.075121e+01,-2.462627e+00,-1.663910e+00,1.302508e-01,0,1.861970e-01,8.884873e-05,3.609379e+00,2.974508e+00,2.141650e+00,9.804480e-02,-3.824752e+00,-1.813650e+00,-6.800535e-02,-2.694144e+00,-1.810537e+00,3.358101e-01,-4.945606e-01,-3.494629e-01,-4.623754e-02,0,1.606676e-01
1.141030e-03,-4.717183e+00,1.000449e+01,4.128297e+00,1.067896e+00,-1.076484e+01,-2.624599e+00,2.800838e+00,-5.431883e+00,-3.250371e+00,9.989013e+00,-2.210788e+00,-1.944275e+00,6.950741e-02,0,3.864825e-01,9.973099e-05,3.363511e+00,2.416709e+00,1.000389e+00,-3.420319e-03,-2.622876e+00,-1.105587e+00,-6.227848e-01,-1.709953e+00,-2.182584e+00,-1.461367e+00,-4.910800e-01,3.259153e-01,-4.539136e-02,0,1.726678e-01
1.260399e-03,-1.802196e+00,1.150905e+01,4.146008e+00,-1.487118e-01,-1.423493e+01,-2.554085e+00,2.561330e+00,-5.384037e+00,-4.725748e+00,6.464800e+00,-4.099152e+00,-1.215417e+00,2.508311e-02,0,6.100968e-01,7.950610e-05,2.218446e+00,1.418996e+00,-2.330531e-01,-2.980444e-01,-1.952290e-01,3.379167e-01,-8.892199e-01,-1.357659e+00,-2.030386e+00,-1.961383e+00,-2.805328e-02,8.063431e-01,-2.765186e-02,0,1.256824e-01
1.309417e-03,-1.087949e+00,1.198687e+01,2.662691e+00,3.242402e-01,-9.707065e+00,-1.731821e+00,-8.180821e-02,-6.443347e+00,-6.917480e+00,3.882552e+00,-2.365118e+00,3.745406e-01,1.964340e-02,0,6.513889e-01,5.567964e-05,1.225985e+00,5.930840e-01,-1.006328e+00,-7.651757e-01,1.791054e+00,6.509291e-01,-8.663929e-01,-4.679343e-01,-1.276447e+00,-1.665665e+00,4.851267e-02,7.432449e-01,-1.211846e-02,0,6.758058e-02
1.336230e-03,-3.094690e-01,1.225905e+01,1.687429e+00,-1.236817e+00,-7.939307e+00,7.536940e-01,7.970016e-01,-8.112805e+00,-8.758807e+00,3.997519e+00,-2.525728e+00,1.208398e+00,1.692354e-02,0,6.821561e-01,3.248248e-05,6.690496e-01,3.130358e-01,-8.454550e-01,-5.183818e-01,2.344292e+00,6.138464e-01,-7.077288e-01,-3.217297e-01,1.499119e-02,-4.923781e-01,1.797678e-01,-7.792778e-02,-3.928679e-03,0,1.794815e-02
1.381513e-03,6.663780e-01,1.259491e+01,3.259458e-01,-2.213929e+00,-4.957383e+00,-1.023843e+00,-6.489628e-01,-6.407171e+00,-7.616074e+00,2.894326e+00,-2.754936e+00,5.600417e-01,1.299486e-02,0,6.883557e-01,7.936556e-06,3.717190e-01,1.824012e-01,-2.849119e-01,-1.374222e-01,1.786663e+00,2.563426e-01,-5.316344e-01,6.982772e-01,1.613877e+00,-1.343267e-01,-6.224029e-02,-8.673735e-01,-3.112723e-03,0,2.871662e-03
1.386763e-03,6.658896e-01,1.277021e+01,1.087105e+00,-1.471536e+00,-4.888304e+00,1.611576e-01,-6.937367e-01,-7.010774e+00,-4.301495e+00,4.497023e+00,-3.005404e+00,-1.697806e+00,8.763977e-03,0,6.813541e-01,-2.158647e-05,-1.316487e-01,-4.382105e-01,2.167666e-01,9.957121e-01,1.438861e+00,4.667065e-01,-3.616295e-01,8.931836e-01,2.536489e+00,1.218745e-01,1.294724e-01,-1.153592e+00,-1.511030e-03,0,-1.241993e-02
1.323833e-03,2.829672e-01,1.264329e+01,1.538293e+00,-2.455116e-01,-2.299253e+00,-1.538399e-01,-1.994611e+00,-3.502977e+00,-1.076752e+00,2.961167e+00,-2.436482e+00,-2.509225e+00,8.159565e-03,0,6.661482e-01,-2.354304e-05,-8.642105e-01,-1.259879e+00,1.334233e-01,1.756635e+00,1.084254e+00,5.716111e-01,3.447782e-01,3.485722e-01,1.858347e+00,-1.992707e-02,1.005738e+00,-1.074778e+00,9.066181e-04,0,-2.867300e-02
1.257138e-03,-7.760074e-01,1.004380e+01,2.165088e+00,2.757534e+00,-2.074068e+00,2.652225e+00,-3.383219e-01,-5.098984e+00,6.539773e-01,4.573471e+00,-2.037594e+00,-3.024930e+00,1.178604e-02,0,6.311602e-01,2.808140e-05,-1.189932e+00,-1.703731e+00,-3.261744e-01,1.658526e+00,2.858218e-01,-8.708904e-01,9.255818e-01,2.683043e-03,2.985134e-01,-4.110636e-01,1.590546e+00,-2.819097e-01,2.961620e-03,0,-3.357664e-02
1.328610e-03,-2.933726e+00,7.658714e+00,4.540704e-01,4.454710e+00,-9.432292e-01,5.886790e-01,8.972207e-01,-5.620205e+00,-8.020738e-01,2.756467e+00,1.789849e+00,-4.150286e+00,1.601692e-02,0,5.700877e-01,1.777050e-04,-1.055414e+00,-1.589530e+00,-6.752838e-01,7.250227e-01,-1.466828e+00,-3.177173e+00,1.044643e+00,-1.074581e-01,-1.118027e+00,-1.216493e-01,1.604228e+00,6.497806e-01,3.082502e-03,0,-2.275082e-02
1.524781e-03,-3.675421e+00,6.743843e+00,-1.655837e-03,4.470982e+00,-4.137207e+00,-4.564554e+00,2.488256e+00,-5.938745e+00,-2.946267e+00,2.544055e+00,2.834161e+00,-2.286824e+00,1.964340e-02,0,5.615011e-01,3.317834e-04,-2.334913e-01,-1.235438e+00,-6.958134e-01,-7.692221e-01,-3.119601e+00,-4.865926e+00,5.588177e-01,6.239724e-01,-1.300913e+00,6.958100e-01,5.890897e-01,1.962344e+00,2.417649e-03,0,3.238946e-03
2.078536e-03,-3.544395e+00,6.345627e+00,-7.547535e-01,2.522878e+00,-8.601823e+00,-1.243132e+01,1.815315e+00,-3.620387e+00,-4.866765e+00,3.367628e+00,3.148779e+00,3.706247e-01,1.964340e-02,0,5.872236e-01,4.211498e-04,5.654962e-01,-1.408579e+00,-5.483220e-01,-1.701750e+00,-3.858060e+00,-4.193051e+00,3.094911e-01,8.805663e-01,-4.975716e-01,2.204219e+00,-7.108476e-01,2.930666e+00,1.752796e-03,0,2.135350e-02
2.541092e-03,-1.638130e+00,4.523160e+00,-7.095663e-01,-1.226596e-01,-1.384278e+01,-1.516741e+01,1.996720e+00,-2.979031e+00,-3.818243e+00,7.746940e+00,2.283898e-01,4.526335e+00,2.206104e-02,0,6.387870e-01,3.317467e-04,7.712365e-01,-1.712983e+00,-5.480884e-01,-1.791164e+00,-2.675707e+00,-1.868471e+00,4.650152e-01,9.116905e-01,6.766782e-01,2.206367e+00,-9.316965e-01,2.634085e+00,1.420369e-03,0,1.928442e-02
2.926204e-03,-1.124891e+00,1.726161e+00,-1.933584e+00,-1.757221e+00,-1.538074e+01,-1.507515e+01,2.690444e+00,-2.697230e+00,-2.853944e+00,1.117612e+01,-4.615036e-01,7.096467e+00,2.357208e-02,0,6.382123e-01,1.065184e-04,5.986457e-01,-1.525950e+00,-7.034568e-01,-1.206270e+00,-3.314976e-01,3.997106e-02,9.419224e-01,7.930146e-01,1.471984e+00,1.130550e+00,-9.242048e-01,2.040729e+00,1.239045e-03,0,9.489208e-03
2.759681e-03,-1.028991e+00,4.886600e-01,-2.152683e+00,-2.344791e+00,-1.412628e+01,-1.258499e+01,4.375767e+00,-1.841871e+00,-5.692869e-01,9.671645e+00,-1.918063e-02,7.520679e+00,2.478090e-02,0,6.324289e-01,-1.153128e-04,3.191952e-01,-7.787222e-01,-1.014896e+00,-4.114615e-01,1.978572e+00,3.425204e-01,5.975486e-01,1.158084e+00,1.602601e+00,-7.392898e-01,-5.443634e-01,9.362818e-01,1.511030e-04,0,2.957845e-03
2.501833e-03,-8.557358e-01,7.331282e-01,-3.550479e+00,-2.397409e+00,-1.011756e+01,-1.352267e+01,5.335403e+00,-2.238940e-01,8.686779e-01,8.058026e+00,-1.348460e+00,9.077095e+00,2.447869e-02,0,6.378487e-01,-2.541739e-04,4.430838e-01,1.487375e-01,-1.082332e+00,7.277940e-02,2.916601e+00,-7.620907e-03,-4.414465e-01,1.108652e+00,1.268058e+00,-1.194742e+00,-9.055026e-01,1.654533e-01,-1.027501e-03,0,5.993790e-03
2.176713e-03,-1.767316e-01,1.126065e+00,-4.975599e+00,-1.859873e+00,-6.581510e+00,-1.423105e+01,3.661983e+00,1.574719e+00,2.333450e+00,5.609537e+00,-2.049949e+00,8.217430e+00,2.236325e-02,0,6.537580e-01,-2.825744e-04,3.225596e-01,8.084511e-01,-1.493554e-01,3.528623e-01,2.254398e+00,4.246233e-01,-1.592050e+00,5.944310e-01,2.652412e-01,-3.836974e-01,-9.417230e-01,-7.954883e-01,-2.296766e-03,0,-4.774332e-04
1.946819e-03,6.643981e-01,2.151146e+00,-5.933786e+00,-1.635782e+00,-4.570122e+00,-1.429023e+01,8.401039e-01,1.137735e+00,2.034977e+00,7.233463e+00,-3.973632e+00,7.575359e+00,1.964340e-02,0,6.575167e-01,-2.878082e-04,-2.293830e-01,1.008117e+00,1.508449e+00,5.775350e-01,9.489042e-01,1.714277e+00,-1.907133e+00,-1.807407e-01,-4.685608e-01,6.292380e-01,-7.358769e-01,-1.937761e+00,-2.417649e-03,0,-1.672933e-02
1.624316e-03,-1.762598e-01,3.821907e+00,-1.707806e+00,-9.612926e-01,-5.628011e+00,-1.007809e+01,-1.336834e+00,4.494698e-01,1.737694e-01,8.165440e+00,-3.415209e+00,4.294106e+00,1.571472e-02,0,6.202077e-01,-2.249184e-04,-5.470827e-01,7.095013e-01,2.067695e+00,4.881901e-01,-3.472076e-02,2.563630e+00,-1.439561e+00,-8.107792e-01,-6.139925e-01,1.394279e+00,-4.064921e-01,-2.633731e+00,-1.057721e-03,0,-2.715861e-02
1.338991e-03,-2.002887e+00,4.425791e+00,2.357869e+00,4.097573e-02,-5.849785e+00,-7.027761e+00,-1.700855e+00,-5.649732e-01,-3.942859e-01,9.926265e+00,-4.345214e+00,1.349952e+00,1.571472e-02,0,5.709772e-01,-1.152918e-04,-2.812542e-01,-5.806851e-02,7.680451e-01,1.706238e-01,-3.955723e-01,2.575936e+00,-8.616668e-01,-1.071239e+00,2.549979e-01,1.255375e+00,-1.304473e-01,-2.699565e+00,1.601693e-03,0,-1.705257e-02
1.356035e-03,-1.578503e+00,3.536249e+00,1.217051e+00,-2.573017e-01,-6.115283e+00,-5.044130e+00,-2.265342e+00,-1.627823e+00,4.781195e-01,1.123453e+01,-3.896619e+00,-1.838521e+00,1.903898e-02,0,5.612347e-01,4.162141e-05,6.842036e-01,-7.877992e-01,-1.881513e+00,-5.733671e-01,-4.015425e-01,1.996237e+00,-7.370890e-01,-1.415041e+00,1.442697e+00,1.115877e+00,-1.356800e-01,-2.322521e+00,4.049562e-03,0,1.090151e-02
1.504500e-03,-4.075130e-02,2.003632e+00,-3.555990e+00,-1.134659e+00,-6.304348e+00,-3.927532e+00,-3.003976e+00,-3.179812e+00,3.157792e+00,1.197579e+01,-4.385164e+00,-2.856155e+00,2.598973e-02,0,6.017403e-01,1.167602e-04,1.215680e+00,-8.111902e-01,-3.234666e+00,-1.096631e+00,-2.939565e-01,1.565455e+00,-7.504363e-01,-1.450759e+00,1.805217e+00,3.410904e-01,-4.335558e-02,-1.444651e+00,5.046842e-03,0,3.281396e-02
1.749669e-03,2.263691e+00,1.093989e+00,-8.158443e+00,-3.240311e+00,-7.408442e+00,-1.647024e+00,-4.370718e+00,-5.318318e+00,5.611217e+00,1.272006e+01,-4.073634e+00,-5.215445e+00,3.082502e-02,0,6.593337e-01,8.984157e-05,9.401449e-01,-3.932571e-01,-2.652358e+00,-1.265950e+00,4.038386e-02,1.309245e+00,-8.053257e-01,-1.185874e+00,1.561237e+00,-1.767814e-01,-3.057162e-01,-5.330974e-01,3.868238e-03,0,3.541765e-02
1.725975e-03,2.154418e+00,1.590970e+00,-9.127717e+00,-3.950674e+00,-6.672987e+00,-8.990385e-01,-4.400348e+00,-5.973522e+00,6.065251e+00,1.088895e+01,-4.473485e+00,-4.184843e+00,3.505591e-02,0,6.859974e-01,1.321593e-06,3.141199e-01,1.113835e-01,-1.140926e+00,-1.038230e+00,6.548448e-01,7.525808e-01,-6.462646e-01,-5.292332e-01,7.323279e-01,-4.801306e-01,-5.182135e-01,2.451861e-01,1.813236e-03,0,2.204278e-02
1.694505e-03,2.024637e+00,1.776295e+00,-9.258877e+00,-5.179046e+00,-5.729043e+00,-1.215017e-02,-5.593784e+00,-6.160337e+00,6.830573e+00,1.089404e+01,-5.381039e+00,-3.839664e+00,3.384708e-02,0,6.961944e-01,-8.358401e-05,-2.577251e-01,4.116527e-01,2.424114e-01,-4.513467e-01,1.152858e+00,-2.727697e-02,-6.296531e-01,3.948584e-01,4.237400e-01,-5.851594e-01,-1.113969e+00,8.752009e-01,-3.928684e-04,0,5.711365e-03
1.538690e-03,1.649375e+00,2.219397e+00,-8.710402e+00,-5.356440e+00,-3.869823e+00,-9.820647e-01,-5.623766e+00,-5.404968e+00,6.209754e+00,1.048815e+01,-6.322529e+00,-2.318115e+00,3.354488e-02,0,6.935238e-01,-1.044935e-04,-3.876701e-01,4.423929e-01,8.355755e-01,3.588844e-01,9.324008e-01,-1.047139e+00,-3.416140e-01,1.409640e+00,1.271269e-01,-4.559910e-01,-1.464896e+00,9.534014e-01,-1.511031e-03,0,-3.061438e-03
1.425391e-03,1.227587e+00,2.838039e+00,-7.155044e+00,-4.794161e+00,-3.045736e+00,-1.741896e+00,-6.907275e+00,-3.628303e+00,7.657666e+00,9.994664e+00,-8.718959e+00,-1.772804e+00,2.961620e-02,0,6.841273e-01,-9.365283e-05,-4.760056e-01,4.057296e-01,1.020077e+00,1.024955e+00,1.211671e-01,-1.710060e+00,6.519920e-01,2.210460e+00,-6.615791e-01,-5.439617e-01,-1.392803e+00,1.193025e+00,-8.159569e-04,0,-8.820033e-03
1.338065e-03,6.145924e-01,3.272062e+00,-6.001756e+00,-2.348694e+00,-3.352637e+00,-5.269862e+00,-5.451673e+00,-1.913419e-01,6.287339e+00,9.058685e+00,-1.012901e+01,-4.512657e-01,2.961620e-02,0,6.767238e-01,-4.356444e-05,-4.370599e-01,5.746939e-02,7.486511e-01,1.113490e+00,-9.244728e-01,-1.362101e+00,1.794200e+00,2.208222e+00,-1.446589e+00,-3.629543e-01,-8.053400e-01,1.089767e+00,1.662133e-03,0,-1.206037e-02
1.326554e-03,1.620007e-01,3.278610e+00,-5.512814e+00,-1.558144e+00,-5.381801e+00,-6.418554e+00,-2.419871e+00,2.285150e+00,3.483885e+00,8.888965e+00,-1.044182e+01,1.192034e+00,3.173164e-02,0,6.604943e-01,1.698927e-05,-2.914844e-01,-4.743055e-01,1.527196e-01,5.398914e-01,-1.204280e+00,-5.941534e-01,2.501417e+00,1.724778e+00,-1.936680e+00,-1.608594e-01,-2.510781e-01,7.464159e-01,5.349048e-03,0,-1.242686e-02
1.370286e-03,-3.131588e-03,2.286458e+00,-5.788261e+00,-1.406999e+00,-7.324155e+00,-5.454241e+00,1.103530e+00,2.679415e+00,1.063699e+00,9.226226e+00,-9.487800e+00,1.648298e+00,4.079783e-02,0,6.450385e-01,8.708949e-05,-9.948499e-02,-9.451047e-01,-5.714760e-01,-1.162994e-01,-4.280466e-01,7.344494e-02,2.026171e+00,1.264859e+00,-1.325858e+00,-5.136796e-01,4.161768e-02,2.131573e-01,7.162286e-03,0,-7.342505e-03
1.494227e-03,7.902709e-02,9.593139e-01,-6.498193e+00,-2.565552e+00,-7.081375e+00,-4.620473e+00,2.322209e+00,3.560211e+00,5.860836e-01,9.106597e+00,-1.029495e+01,9.094941e-01,5.077063e-02,0,6.378357e-01,1.528279e-04,-3.560792e-02,-1.223030e+00,-1.178095e+00,-1.971622e-01,1.040417e+00,-3.703946e-01,1.125165e+00,1.343821e+00,-8.761829e-01,-7.805393e-01,2.065971e-01,-4.295964e-01,5.621035e-03,0,2.054733e-03
1.689676e-03,1.586543e-01,-2.938131e-01,-8.366446e+00,-2.426487e+00,-4.643083e+00,-5.801678e+00,2.308141e+00,5.495425e+00,1.106951e+00,6.381471e+00,-9.994349e+00,7.557909e-01,5.590813e-02,0,6.513405e-01,1.890071e-04,-8.137737e-02,-1.220294e+00,-1.497985e+00,2.293478e-01,2.122510e+00,-1.193955e+00,8.419682e-01,1.239431e+00,-7.737188e-01,-1.218785e+00,6.110147e-01,-6.077748e-01,4.533093e-04,0,9.231484e-03
1.930999e-03,-9.693182e-02,-1.546403e+00,-1.011420e+01,-2.034211e+00,-1.520253e+00,-8.096809e+00,2.603648e+00,7.596248e+00,-9.186554e-01,6.408646e+00,-9.155557e+00,-5.096945e-01,5.228166e-02,0,6.676169e-01,1.609232e-04,-2.362162e-01,-1.117076e+00,-1.032870e+00,1.033793e+00,1.977039e+00,-1.380602e+00,1.270055e+00,2.173796e-01,-6.215318e-01,-1.111168e+00,9.042417e-01,-2.458341e-01,-5.469930e-03,0,8.018071e-03
2.096936e-03,-3.220390e-01,-2.562155e+00,-1.147019e+01,-5.259304e-01,5.078366e-01,-9.685849e+00,5.172652e+00,6.858550e+00,-2.052526e+00,4.481276e+00,-7.002424e+00,-6.809818e-01,4.230886e-02,0,6.763053e-01,6.355288e-05,-4.526432e-01,-7.488109e-01,2.461410e-01,1.635123e+00,7.335236e-01,-9.461419e-01,2.124870e+00,-1.270381e+00,-4.215064e-02,-1.019510e+00,4.850636e-01,5.568217e-01,-7.887580e-03,0,-1.404482e-03
2.095212e-03,-8.617070e-01,-3.491895e+00,-1.011067e+01,1.653136e+00,2.283588e-01,-9.581397e+00,7.240227e+00,3.965547e+00,-9.418374e-01,4.500855e+00,-7.269707e+00,3.987101e-01,3.022061e-02,0,6.654437e-01,-7.402887e-05,-6.064130e-01,-1.615672e-02,1.609169e+00,1.860241e+00,-3.149386e-01,-2.375927e-01,1.809247e+00,-2.275393e+00,1.090910e+00,-1.066592e+00,1.397316e-01,1.489677e+00,-6.376550e-03,0,-1.273781e-02
1.925333e-03,-1.722174e+00,-3.065122e+00,-7.137504e+00,3.905453e+00,-1.849771e+00,-9.790093e+00,1.061420e+01,9.588683e-01,9.077886e-01,2.237814e+00,-8.511956e+00,3.085697e+00,2.750075e-02,0,6.454048e-01,-1.875943e-04,-7.699688e-01,9.224474e-01,2.580207e+00,1.592242e+00,-4.339651e-01,2.186255e-01,4.381789e-01,-1.881719e+00,1.301409e+00,-8.581270e-01,3.630038e-01,1.705763e+00,-3.263827e-03,0,-2.099784e-02
1.646656e-03,-2.428929e+00,-1.375703e+00,-4.234692e+00,5.051301e+00,-1.916142e+00,-9.232651e+00,8.929108e+00,-8.308764e-01,3.055737e+00,2.197414e+00,-7.702133e+00,5.055349e+00,2.780296e-02,0,6.193781e-01,-2.338195e-04,-9.211669e-01,1.806574e+00,2.565714e+00,1.163077e+00,1.322082e-01,9.264836e-01,-1.027618e+00,-5.856138e-01,9.947554e-01,-1.066884e+00,1.389446e+00,1.188429e+00,-6.346334e-04,0,-2.765797e-02
1.383243e-03,-3.388272e+00,9.919858e-01,-1.507143e+00,5.736199e+00,-5.897384e-01,-8.767095e+00,6.519106e+00,-1.518348e-01,2.455734e+00,1.342361e+00,-4.971192e+00,5.519516e+00,2.719855e-02,0,5.943488e-01,-1.921907e-04,-1.348241e+00,2.194942e+00,1.739812e+00,6.263188e-01,7.108325e-01,2.023638e+00,-1.823668e+00,7.756524e-01,4.158107e-01,-1.030784e+00,2.339430e+00,6.375178e-01,7.857356e-04,0,-6.478368e-02
1.197160e-03,-4.634492e+00,3.512423e+00,-9.728158e-02,6.553147e+00,2.593838e-01,-5.460478e+00,4.149683e+00,1.592830e+00,3.257966e+00,-3.858395e-01,-2.092859e+00,5.123947e+00,2.719855e-02,0,5.526817e-01,-1.227092e-04,-1.730694e+00,1.788511e+00,6.289474e-01,-1.053246e-01,3.566520e-01,2.454176e+00,-1.235176e+00,1.689556e+00,1.543418e-01,-1.001528e+00,2.079132e+00,3.334748e-01,2.750076e-03,0,-1.147944e-01
1.189128e-03,-7.360596e+00,5.465527e+00,-5.071518e-01,6.286124e+00,6.166283e-01,-1.557992e+00,3.885575e+00,3.625277e+00,2.885728e+00,-1.624478e+00,3.805550e-01,6.238987e+00,3.173164e-02,0,3.548346e-01,-6.983474e-05,-1.796864e+00,6.936517e-01,-6.241651e-01,-1.312961e+00,-2.217373e-01,2.132831e+00,-4.424327e-01,1.833200e+00,1.403849e-01,-9.291659e-02,1.529250e+00,5.866653e-01,2.417650e-03,0,-1.576216e-01
1.130167e-03,-9.096237e+00,5.330080e+00,-1.589950e+00,4.249715e+00,-7.360660e-01,-5.663218e-01,4.069994e+00,5.728348e+00,3.612450e+00,-1.326804e+00,1.765553e-02,6.362987e+00,3.928680e-02,0,1.651633e-01,-6.675561e-05,-1.443597e+00,-6.838255e-01,-1.300812e+00,-2.127399e+00,-7.685620e-01,8.388952e-01,1.468337e-01,1.530439e+00,2.790100e-01,1.190590e+00,8.369702e-01,2.835622e-01,4.442430e-03,0,-1.460198e-01
1.067565e-03,-1.014172e+01,3.551416e+00,-3.881634e+00,3.231107e-01,-1.200700e+00,-5.500160e-01,4.346787e+00,6.946408e+00,2.980417e+00,1.348261e+00,1.619799e+00,7.833322e+00,3.324267e-02,0,0,-7.794666e-05,-9.909104e-01,-1.618770e+00,-1.716103e+00,-2.012335e+00,-1.376805e+00,1.034926e-01,1.521206e-01,5.476227e-01,1.995837e-01,1.628657e+00,3.417495e-01,-2.903658e-01,1.344817e-02,0,-8.748324e-02
9.241630e-04,-1.046192e+01,1.050351e+00,-4.914098e+00,-1.102343e+00,-2.674762e+00,-1.769990e+00,4.653245e+00,7.584459e+00,4.605671e+00,4.080739e+00,1.472370e+00,5.744590e+00,4.865518e-02,0,0,-4.613246e-05,-8.239453e-01,-1.578810e+00,-1.650465e+00,-1.070885e+00,-1.528861e+00,-8.892536e-02,-9.060411e-02,-4.704782e-01,3.111658e-01,1.357956e+00,-1.476528e-01,-7.307841e-01,3.221517e-02,0,-3.303266e-02
9.023965e-04,-1.163231e+01,-4.884591e-01,-7.425594e+00,-1.099524e+00,-5.298049e+00,-4.386948e-01,4.354553e+00,5.435335e+00,3.387036e+00,3.815035e+00,1.361945e+00,5.096357e+00,9.428831e-02,0,0,4.913910e-05,-7.210361e-01,-7.940226e-01,-1.185662e+00,-3.128961e-01,-1.657387e+00,1.841965e-01,-7.566476e-01,-1.340115e+00,1.395032e-01,3.905649e-01,-1.238255e+00,-6.792406e-01,5.152614e-02,0,0
9.820896e-04,-1.247067e+01,-5.440334e-01,-8.070296e+00,-3.933910e-01,-6.331697e+00,-1.066609e+00,3.613091e+00,4.131493e+00,4.964970e+00,4.229588e+00,-5.916812e-01,4.077549e+00,1.698398e-01,0,0,2.498188e-04,-5.949615e-01,3.044263e-01,-6.668107e-01,-2.662245e-01,-1.049340e+00,6.665828e-01,-1.368708e+00,-1.471776e+00,-1.130088e-01,1.086181e-01,-1.029840e+00,-2.686982e-02,5.965549e-02,0,0
1.284298e-03,-1.274252e+01,3.784948e-01,-8.231843e+00,-1.595846e+00,-7.659170e+00,1.927582e-02,1.083626e+00,1.972317e+00,3.498284e+00,3.226661e+00,-3.539451e+00,5.270639e+00,2.302811e-01,0,0,5.750993e-04,-5.724284e-01,1.227128e+00,-3.125415e-02,1.122620e-01,-5.165274e-01,9.143003e-01,-2.171071e+00,-8.471614e-01,-1.405638e-01,7.028777e-01,-1.687216e-01,-7.936015e-02,4.941069e-02,0,0
1.982307e-03,-1.288161e+01,2.139005e+00,-7.845027e+00,-2.185304e+00,-6.740904e+00,1.333938e+00,-5.548316e-01,1.957089e+00,3.985003e+00,4.918017e+00,-1.226134e+00,5.523100e+00,2.789362e-01,0,0,9.926923e-04,-9.740312e-01,1.768693e+00,-9.672513e-02,1.014179e+00,-5.341853e-01,1.132216e+00,-2.163293e+00,1.328431e-01,-1.883781e-01,1.307995e+00,8.657387e-01,-2.382970e-01,2.807495e-02,0,0
3.277784e-03,-1.428898e+01,4.305663e+00,-7.694499e+00,3.577422e-01,-7.676083e+00,2.932533e+00,-4.416839e+00,2.286730e+00,3.174200e+00,6.985209e+00,8.355635e-01,3.976781e+00,2.867936e-01,0,0,1.447667e-03,-1.703521e+00,1.784214e+00,-2.650754e-01,2.424022e+00,-7.626230e-01,7.418832e-01,-9.783144e-01,1.249214e+00,4.476612e-02,1.241575e+00,9.268498e-01,-1.055815e+00,1.069809e-02,0,0
4.948808e-03,-1.656760e+01,6.335848e+00,-8.822594e+00,3.700712e+00,-8.994167e+00,3.137844e+00,-4.453141e+00,4.638502e+00,4.185121e+00,8.890290e+00,1.549505e+00,3.532993e+00,2.819583e-01,0,0,1.758704e-03,-2.332744e+00,1.219240e+00,-5.996693e-01,2.834438e+00,-1.095455e+00,1.567507e-01,7.395961e-01,1.135950e+00,-2.046457e-01,1.156330e-01,-3.662859e-01,-1.359583e+00,5.651257e-03,0,0
7.039381e-03,-1.941714e+01,7.201144e+00,-9.068437e+00,7.581256e+00,-1.034565e+01,2.826739e+00,-1.858791e+00,6.877682e+00,3.622055e+00,7.448399e+00,-2.930213e-01,9.866200e-01,2.822605e-01,0,0,1.642954e-03,-2.260401e+00,4.693601e-01,-5.333979e-01,2.224408e+00,-8.263267e-01,-4.572898e-01,2.856220e+00,7.733707e-02,-6.616257e-01,-1.334967e+00,-5.280937e-01,-1.141437e+00,9.277734e-03,0,0
8.895027e-03,-2.198125e+01,6.787464e+00,-1.015641e+01,8.375126e+00,-1.088340e+01,2.170588e+00,1.864125e+00,5.341364e+00,2.737847e+00,5.264587e+00,-2.493271e+00,2.202655e-01,3.094591e-01,0,0,9.151585e-04,-1.459049e+00,1.291132e-02,-1.512161e-01,9.234792e-01,-2.383128e-01,-9.991249e-01,3.829486e+00,-2.078979e+00,-1.485504e+00,-1.552422e+00,2.792318e-01,-9.506497e-01,2.629197e-03,0,0
9.519447e-03,-2.288416e+01,6.426655e+00,-9.694583e+00,9.142575e+00,-1.086310e+01,1.129712e+00,6.705627e+00,2.321985e+00,5.897083e-01,2.123224e+00,2.164830e-01,-7.403922e-02,3.194319e-01,0,0,-2.927165e-04,5.506727e-01,3.075671e-01,5.772578e-01,-6.817343e-01,-9.357004e-02,-2.491186e+00,3.656823e+00,-3.821124e+00,-1.907608e+00,-8.473523e-01,1.203634e+00,-5.441457e-01,-2.100333e-02,0,4.260051e-02
8.284568e-03,-2.212933e+01,6.787649e+00,-9.265601e+00,7.537448e+00,-9.927007e+00,-1.009267e+00,1.041208e+01,-3.478545e+00,-1.726226e+00,3.790768e+00,2.690912e+00,-6.899255e-01,2.765186e-01,0,0,-1.269968e-03,2.975690e+00,3.821099e-01,1.304675e+00,-2.087756e+00,-6.752248e-01,-4.245396e+00,1.788019e+00,-4.104409e+00,-2.444288e+00,3.558955e-01,6.450206e-01,-8.375338e-01,-5.306740e-02,1.481271e+01,1.114948e-01
5.881028e-03,-1.658974e+01,8.738887e+00,-6.627550e+00,4.591424e+00,-1.129170e+01,-8.039262e+00,1.215135e+01,-7.817980e+00,-3.683946e+00,3.948546e+00,3.133057e+00,-1.279013e+00,1.937141e-01,0,2.130025e-01,-1.476705e-03,4.883254e+00,-2.574091e-02,1.478009e+00,-3.355891e+00,-1.660787e+00,-5.626087e+00,-9.515930e-01,-2.912256e+00,-2.170087e+00,9.832036e-01,-1.529081e+00,-4.188209e-01,-7.104866e-02,3.748279e+01,1.852063e-01
4.364395e-03,-1.025001e+01,7.541897e+00,-5.166548e+00,2.119231e-01,-1.404522e+01,-1.447190e+01,8.081361e+00,-1.011070e+01,-7.346764e+00,6.131403e+00,-7.264554e-01,-3.364916e+00,1.069810e-01,7.406356e+01,4.509726e-01,-9.380059e-04,5.221879e+00,-1.156864e+00,7.759739e-01,-3.672645e+00,-2.064283e+00,-4.680825e+00,-3.619219e+00,-4.335346e-01,-1.141476e+00,5.799421e-01,-3.238213e+00,2.128781e-01,-6.530674e-02,6.032967e+01,1.965578e-01
4.096007e-03,-4.407547e+00,5.920826e+00,-4.354066e+00,-3.974116e+00,-1.710793e+01,-2.026941e+01,3.113021e+00,-8.923221e+00,-7.450459e+00,5.868925e+00,-5.720239e+00,-8.306481e-01,4.895739e-02,1.503822e+02,7.005451e-01,-2.479867e-04,4.054685e+00,-1.875721e+00,-8.312780e-01,-3.504138e+00,-9.202363e-01,-1.617053e+00,-5.291041e+00,1.113101e+00,4.605300e-01,2.270461e-01,-3.187772e+00,4.422594e-01,-4.321547e-02,6.057335e+01,1.382082e-01
4.487049e-03,-2.111034e+00,2.412360e+00,-6.522474e+00,-6.543006e+00,-1.734031e+01,-1.829832e+01,-3.164855e+00,-5.093598e+00,-5.550349e+00,5.730290e+00,-9.073503e+00,1.502827e-01,2.236325e-02,2.264573e+02,7.390177e-01,3.677090e-05,2.681760e+00,-1.247859e+00,-2.380410e+00,-3.255774e+00,9.461373e-01,2.095174e+00,-5.653883e+00,1.165882e+00,1.469184e+00,-1.781598e-01,-1.459212e+00,2.500802e-01,-2.030825e-02,3.745475e+01,6.765362e-02
4.579768e-03,-3.857999e-01,1.925050e+00,-1.010598e+01,-9.551805e+00,-1.424534e+01,-1.421132e+01,-8.680755e+00,-4.761025e+00,-2.279503e+00,5.284333e+00,-8.632277e+00,-8.253152e-01,1.994560e-02,2.266699e+02,7.600208e-01,-7.304973e-05,1.746799e+00,2.915275e-02,-3.250639e+00,-2.979476e+00,2.055902e+00,4.856907e+00,-4.287139e+00,-1.256247e-01,5.497643e-01,-4.604129e-01,8.653309e-01,-3.231422e-01,-5.983681e-03,1.316303e+01,1.315802e-02
4.306369e-03,1.147913e+00,3.300488e+00,-1.419265e+01,-1.327810e+01,-1.074583e+01,-7.025080e+00,-1.429117e+01,-6.362385e+00,-2.586324e+00,5.532900e+00,-6.566498e+00,-2.117182e+00,1.994560e-02,2.231935e+02,7.595029e-01,-3.079434e-04,1.362098e+00,1.277798e+00,-2.720130e+00,-2.580448e+00,1.387182e+00,4.976101e+00,-1.492073e+00,-1.334448e+00,-1.019058e+00,-1.423620e+00,1.859715e+00,6.480740e-02,-2.115443e-04,-3.602376e+00,6.805122e-04
3.821098e-03,2.696976e+00,5.622526e+00,-1.677218e+01,-1.550395e+01,-1.012565e+01,-1.621493e+00,-1.275952e+01,-8.916950e+00,-6.183650e+00,3.665555e+00,-2.647087e+00,-1.312627e+00,2.024781e-02,2.178292e+02,7.560925e-01,-3.944033e-04,1.051391e+00,1.511793e+00,-1.493764e+00,-1.527169e+00,-2.918037e-01,3.483215e+00,1.453975e+00,-1.015548e+00,-1.828043e+00,-2.566073e+00,1.101185e+00,9.640096e-01,4.230887e-04,-4.674352e+00,-5.611712e-03
3.326667e-03,3.158068e+00,6.952611e+00,-1.679003e+01,-1.646918e+01,-1.246424e+01,2.872756e-01,-8.585839e+00,-9.687878e+00,-8.693567e+00,-5.784202e-01,-2.767523e+00,7.179757e-01,2.115443e-02,2.128657e+02,7.443843e-01,-2.919501e-04,6.629971e-01,9.916498e-01,-3.504320e-01,-6.039732e-01,-1.394818e+00,1.248377e+00,2.964503e+00,-4.936028e-02,-1.528878e+00,-3.167493e+00,-2.825075e-01,1.011108e+00,3.626475e-04,-4.688979e+00,-2.861369e-03
3.097602e-03,3.866077e+00,7.657953e+00,-1.627611e+01,-1.559211e+01,-1.484515e+01,-4.514214e-01,-4.263546e+00,-8.176022e+00,-8.366097e+00,-4.490371e+00,-5.025842e+00,2.577155e+00,2.145663e-02,2.084620e+02,7.395215e-01,-8.824591e-05,3.698393e-01,3.604450e-01,1.319662e-01,-1.834538e-01,-1.137142e+00,2.234139e-01,2.402533e+00,9.993759e-01,-9.954287e-01,-2.155590e+00,-9.335533e-01,1.565610e-01,-1.813235e-04,-4.357294e+00,3.810179e-03
3.208366e-03,3.878348e+00,7.241024e+00,-1.619284e+01,-1.625389e+01,-1.536017e+01,-1.368230e+00,-3.716641e+00,-6.979651e+00,-9.139491e+00,-6.226604e+00,-6.789658e+00,9.934691e-01,2.115443e-02,2.044322e+02,7.534816e-01,1.096007e-04,2.707257e-01,-5.929289e-02,-2.006838e-01,-1.773987e-01,-1.632645e-01,3.036033e-01,1.072721e+00,1.295800e+00,-9.631241e-01,-1.971122e-01,3.106894e-01,-1.067321e+00,-7.555153e-04,-4.495748e+00,1.193948e-02
3.439019e-03,4.186033e+00,7.280545e+00,-1.641094e+01,-1.652886e+01,-1.436339e+01,3.233294e-01,-3.181453e+00,-5.274184e+00,-1.093783e+01,-4.288301e+00,-5.303786e+00,-6.675689e-01,1.934119e-02,2.002595e+02,7.705948e-01,2.179784e-04,2.115777e-01,-2.727125e-01,-5.396606e-01,-3.942871e-02,6.696089e-01,9.761776e-01,-8.446596e-02,7.905887e-01,-6.735920e-01,1.768676e+00,1.951410e+00,-1.377384e+00,-8.159567e-04,-5.133926e+00,1.298950e-02
3.703962e-03,4.351719e+00,6.844851e+00,-1.772603e+01,-1.688779e+01,-1.352144e+01,1.417917e+00,-3.763278e+00,-4.659796e+00,-1.222332e+01,-1.665016e+00,-1.075104e+00,-2.996266e+00,1.843457e-02,1.944882e+02,7.885451e-01,2.456142e-04,3.211138e-01,-3.875763e-01,-5.057051e-01,3.697829e-01,1.143644e+00,1.165576e+00,-7.491492e-01,-3.643560e-02,5.262615e-01,3.094068e+00,2.856738e+00,-8.347036e-01,-3.022058e-04,-6.201218e+00,6.460619e-03
3.939696e-03,4.687281e+00,6.492477e+00,-1.820782e+01,-1.547230e+01,-1.241647e+01,3.036393e+00,-4.662557e+00,-5.383006e+00,-1.019214e+01,2.072214e+00,1.873929e+00,-2.314897e+00,1.873678e-02,1.877643e+02,7.869372e-01,1.753761e-04,2.838851e-01,-5.711382e-01,-6.959724e-03,1.210808e+00,1.228735e+00,5.197325e-01,-1.603810e+00,-5.666950e-01,2.019454e+00,3.500085e+00,2.119638e+00,-3.298224e-01,7.555153e-04,-7.292186e+00,-1.877749e-03
4.186098e-03,5.233294e+00,5.697176e+00,-1.782293e+01,-1.493325e+01,-1.061541e+01,3.103116e+00,-6.721836e+00,-7.107418e+00,-6.881028e+00,6.063478e+00,3.905177e+00,-2.356385e+00,1.994560e-02,1.796737e+02,7.776135e-01,1.514000e-05,1.567778e-01,-6.651591e-01,8.602621e-01,2.262054e+00,1.069999e+00,-6.217478e-01,-2.041880e+00,-4.308271e-01,3.145267e+00,3.416253e+00,3.260118e-01,-1.762609e-01,9.670599e-04,-7.998732e+00,-1.027069e-02
4.074831e-03,5.164671e+00,4.998691e+00,-1.639729e+01,-1.145210e+01,-9.672734e+00,2.079392e+00,-9.721224e+00,-6.883848e+00,-3.511705e+00,9.347880e+00,2.804262e+00,-2.636621e+00,2.236325e-02,1.712059e+02,7.666719e-01,-2.668692e-04,-2.348552e-01,-3.685115e-01,1.904358e+00,3.060032e+00,6.084089e-01,-1.898794e+00,-1.516215e+00,7.908759e-02,3.474224e+00,2.245681e+00,-1.502544e+00,-5.378879e-01,5.137500e-04,-1.809796e+01,-1.604577e-02
3.712094e-03,4.896913e+00,4.265948e+00,-1.432998e+01,-7.587627e+00,-9.543311e+00,-1.212322e+00,-1.144335e+01,-6.063510e+00,1.627957e-01,1.177842e+01,8.978828e-02,-3.716708e+00,2.145663e-02,1.627738e+02,7.473243e-01,-5.499930e-04,-7.647125e-01,3.824521e-01,3.219466e+00,2.916901e+00,-1.774080e-01,-2.200914e+00,-1.580200e-02,7.357099e-01,2.899666e+00,3.626184e-01,-2.492753e+00,-4.158213e-01,-1.208827e-04,-3.217784e+01,-2.093846e-02
2.842352e-03,3.681195e+00,5.365533e+00,-1.043250e+01,-3.844954e+00,-9.910480e+00,-4.299858e+00,-9.882878e+00,-5.509521e+00,3.657067e+00,1.044315e+01,-3.731098e+00,-4.324174e+00,2.055001e-02,1.057245e+02,7.218530e-01,-6.821404e-04,-1.106119e+00,1.208959e+00,3.946947e+00,1.546801e+00,-2.967384e-01,-2.032204e+00,1.524451e+00,1.009333e+00,1.831922e+00,-1.317322e+00,-2.160423e+00,7.198830e-02,2.417648e-04,-4.536604e+01,-2.271568e-02
2.052373e-03,2.151469e+00,7.426016e+00,-4.707994e+00,-4.152314e+00,-1.138358e+01,-4.711830e+00,-6.720018e+00,-4.116032e+00,4.032919e+00,7.328935e+00,-5.290908e+00,-3.591715e+00,2.024781e-02,5.152517e+01,6.953306e-01,-6.024939e-04,-1.076870e+00,1.466472e+00,3.400415e+00,2.751935e-01,-1.876288e-02,-1.137633e+00,1.842420e+00,1.107478e+00,2.561869e-01,-2.067649e+00,-8.211653e-01,9.125630e-01,1.087942e-03,-4.312721e+01,-1.770822e-02
1.493990e-03,1.006797e+00,9.463454e+00,-1.473549e+00,-5.435745e+00,-1.023629e+01,-6.331873e+00,-4.460632e+00,-2.810923e+00,3.712845e+00,4.986009e+00,-5.307507e+00,-2.339176e+00,2.417649e-02,0,6.790903e-01,-3.650781e-04,-6.570174e-01,9.418983e-01,1.791845e+00,-3.322906e-01,5.105270e-01,-4.178038e-01,1.261645e+00,7.364356e-01,-7.962166e-01,-1.772149e+00,5.237499e-01,1.668231e+00,1.269266e-03,-2.629741e+01,-9.387976e-03
1.373805e-03,8.497618e-01,9.549350e+00,-1.807378e+00,-5.416264e+00,-9.474219e+00,-5.884479e+00,-4.942369e+00,-1.875420e+00,1.415841e+00,4.168741e+00,-3.227834e+00,-1.463925e-01,2.508311e-02,0,6.801645e-01,-1.624510e-04,-2.669874e-01,2.755384e-01,9.570144e-02,-1.582634e-01,6.748074e-01,2.293454e-01,7.237679e-01,1.310932e-01,-1.081346e+00,-9.533046e-01,1.310515e+00,1.611605e+00,5.137503e-04,-1.030503e+01,-2.551150e-03
1.356245e-03,1.046961e+00,9.013358e+00,-2.923582e+00,-4.874432e+00,-8.312525e+00,-5.802553e+00,-4.463480e+00,-2.947649e+00,9.845228e-01,3.162501e+00,-2.143886e+00,2.294321e+00,2.447869e-02,0,6.824961e-01,-4.728816e-05,-2.653199e-01,5.935211e-02,-5.070196e-01,5.126791e-02,1.533258e-01,7.771111e-01,8.305029e-01,-3.483754e-01,-1.195771e+00,-6.656030e-01,1.317655e+00,1.171052e+00,4.835296e-04,0,-2.284795e-03
1.308990e-03,7.964502e-01,9.028756e+00,-3.504470e+00,-5.224288e+00,-8.971427e+00,-3.829763e+00,-3.099754e+00,-3.392202e+00,-9.652376e-03,3.474166e+00,-3.201428e-01,2.149564e+00,2.266546e-02,0,6.808720e-01,-3.952312e-06,-7.940777e-01,4.310285e-01,-2.853231e-01,4.407994e-01,-4.170291e-01,5.440119e-01,1.622077e+00,-6.686916e-01,-1.207701e+00,-3.703497e-01,1.265705e+00,1.598036e-01,1.480810e-03,0,-1.022535e-02
1.289957e-03,-2.931463e-01,1.002051e+01,-3.160101e+00,-5.275394e+00,-9.721059e+00,-3.473676e+00,-1.229425e+00,-3.794409e+00,-1.553262e+00,2.005282e+00,-1.730751e-01,2.368104e+00,2.780296e-02,0,6.673126e-01,3.190364e-05,-1.186593e+00,7.647799e-01,1.847388e-01,9.758242e-01,-9.605387e-01,-3.082805e-02,1.454947e+00,-3.976312e-01,-1.547364e+00,1.738394e-01,7.627944e-01,-4.382882e-01,2.024781e-03,0,-1.510065e-02
1.387188e-03,-2.450573e+00,1.120092e+01,-3.115734e+00,-3.011786e+00,-1.085510e+01,-4.328858e+00,1.550989e+00,-4.795498e+00,-3.353772e+00,2.895602e+00,2.115285e+00,6.157338e-01,3.082502e-02,0,6.366295e-01,5.409453e-05,-1.214178e+00,6.499438e-01,7.837014e-01,1.711413e+00,-8.437107e-01,-8.068680e-01,8.583347e-01,2.538798e-02,-1.651006e+00,9.403065e-01,3.342144e-01,-2.846135e-01,8.763984e-04,0,-1.635053e-02
1.476664e-03,-3.262490e+00,1.175118e+01,-2.194256e+00,-1.101562e+00,-1.217338e+01,-5.707146e+00,4.858841e-01,-4.234157e+00,-5.080237e+00,4.320980e+00,4.523726e-01,8.697950e-01,3.052282e-02,0,6.291141e-01,3.262888e-05,-8.828655e-01,2.133530e-01,1.094472e+00,1.977307e+00,-2.200403e-01,-9.042727e-01,1.196638e-01,-2.362490e-02,-1.190140e+00,2.097230e+00,2.284611e-01,-1.236526e-01,-3.928676e-04,0,-1.564099e-02
1.486109e-03,-3.789770e+00,1.141314e+01,-6.888548e-02,1.245862e+00,-1.196382e+01,-6.747368e+00,3.342644e-01,-3.045388e+00,-6.501196e+00,7.017849e+00,1.038206e+00,1.475651e+00,2.568752e-02,0,6.182186e-01,1.750313e-05,-9.218225e-01,-1.852153e-01,1.018631e+00,2.167981e+00,8.320958e-01,-2.958684e-01,1.374257e-01,-4.829901e-01,-4.909306e-01,2.109690e+00,7.300578e-01,7.163639e-02,2.447868e-03,0,-5.388127e-02
1.403640e-03,-4.037875e+00,1.098116e+01,7.888341e-01,2.482318e+00,-1.026690e+01,-6.785784e+00,-2.274402e-02,-4.787588e+00,-5.930251e+00,1.043031e+01,1.507770e+00,1.319882e+00,2.840737e-02,0,5.983132e-01,1.179600e-04,-1.693876e+00,-3.025330e-01,2.989800e-01,2.653139e+00,1.485055e+00,5.476862e-01,1.179977e+00,-1.218335e+00,2.938477e-01,1.477882e+00,1.858466e+00,-2.247558e-01,1.169538e-02,0,-1.140981e-01
1.511215e-03,-6.671993e+00,1.065985e+01,4.858755e-01,6.036177e+00,-7.647860e+00,-5.268881e+00,2.492431e+00,-6.933733e+00,-5.383419e+00,1.038939e+01,5.237875e+00,7.488720e-01,4.412209e-02,0,3.826237e-01,3.827420e-04,-2.612307e+00,-4.082124e-01,-7.104779e-01,2.959856e+00,1.679318e+00,1.515531e+00,2.042915e+00,-8.215970e-01,3.542373e-01,-2.818003e-02,1.934492e+00,-7.739148e-01,2.484134e-02,0,-1.658329e-01
2.053911e-03,-1.029076e+01,1.061516e+01,-9.767361e-01,9.768974e+00,-6.906085e+00,-3.707958e+00,5.306687e+00,-8.381658e+00,-4.169887e+00,1.002462e+01,7.644866e+00,1.094054e-01,7.978242e-02,0,1.764212e-01,7.073645e-04,-3.113264e+00,-6.728983e-01,-1.343471e+00,2.724339e+00,8.565370e-01,1.931290e+00,2.453698e+00,1.131640e-01,8.322863e-02,-8.656301e-01,1.441182e+00,-9.309301e-01,3.732245e-02,0,-1.579250e-01
3.074684e-03,-1.372486e+01,9.555081e+00,-2.738490e+00,1.240181e+01,-5.247635e+00,-7.086275e-01,7.884122e+00,-5.356339e+00,-5.610191e+00,7.079794e+00,7.642117e+00,-1.788684e+00,1.242067e-01,0,0,8.668575e-04,-2.744119e+00,-9.917992e-01,-1.709481e+00,1.321594e+00,5.430870e-02,1.480224e+00,2.116537e+00,1.023943e+00,-1.200645e-01,-5.511776e-01,1.683564e-01,-1.074172e+00,4.252040e-02,0,-9.416685e-02
4.158729e-03,-1.607776e+01,8.169054e+00,-4.316339e+00,1.292120e+01,-7.184328e+00,5.905402e-01,9.549901e+00,-5.010466e+00,-5.400721e+00,7.756955e+00,7.511560e+00,-2.065990e+00,1.749773e-01,0,0,7.117311e-04,-1.903789e+00,-1.293030e+00,-1.554391e+00,-2.116930e-01,-8.113648e-01,2.743832e-01,1.914442e+00,1.298971e+00,1.435476e-01,4.478641e-01,-5.640591e-01,-1.002067e+00,3.544878e-02,0,-3.528424e-02
4.793094e-03,-1.749909e+01,6.923904e+00,-6.391726e+00,1.106803e+01,-7.237195e+00,-1.701117e-02,1.095351e+01,-3.499617e+00,-5.368324e+00,8.767330e+00,6.146310e+00,-3.534292e+00,2.091266e-01,0,0,2.711672e-04,-9.238619e-01,-1.033821e+00,-7.849752e-01,-1.318727e+00,-9.565622e-01,-8.877298e-01,2.354623e+00,4.763779e-01,2.988878e-01,1.037896e+00,-6.830203e-01,-7.520177e-01,1.508008e-02,0,4.608818e-02
4.753362e-03,-1.792259e+01,5.465598e+00,-6.922071e+00,9.377399e+00,-9.968129e+00,-2.681850e+00,1.334420e+01,-2.815164e+00,-3.573083e+00,1.142017e+01,5.572473e+00,-4.028128e+00,2.145663e-01,0,0,-2.396272e-04,1.328659e-01,-3.803533e-01,6.459423e-01,-1.314665e+00,-4.654912e-01,-1.331869e+00,2.586896e+00,-2.607571e-01,4.423048e-01,2.379966e-01,-9.199244e-01,-5.482613e-01,-1.356906e-02,0,6.913227e-02
4.133204e-03,-1.742176e+01,5.737707e+00,-5.360500e+00,7.580076e+00,-8.638546e+00,-3.511081e+00,1.776008e+01,-4.072100e+00,-5.029572e+00,1.043766e+01,5.196558e+00,-4.567704e+00,1.798126e-01,0,2.304409e-01,-6.225911e-04,1.322119e+00,5.357762e-01,2.395383e+00,-9.690574e-01,1.631396e-01,-1.116039e+00,1.376061e+00,-2.036376e+00,4.976693e-01,-1.213752e+00,-1.170519e+00,5.740893e-01,-3.726202e-02,0,1.055504e-01
3.290538e-03,-1.545210e+01,6.860386e+00,-1.602240e+00,8.091852e+00,-8.811109e+00,-4.321769e+00,1.908109e+01,-6.028009e+00,-3.358573e+00,8.111771e+00,3.386814e+00,-4.290590e+00,1.217891e-01,0,2.304409e-01,-7.605970e-04,2.501695e+00,1.081913e+00,3.189874e+00,-7.263571e-01,4.466373e-01,-1.206891e+00,-1.434703e+00,-2.704057e+00,6.553926e-01,-2.112250e+00,-1.829123e+00,1.046289e+00,-4.587489e-02,0,9.273686e-02
2.411550e-03,-1.212374e+01,8.905391e+00,2.925273e+00,6.865520e+00,-7.000008e+00,-4.777246e+00,1.496537e+01,-1.207507e+01,-2.987232e+00,4.352773e+00,1.386545e+00,-5.326141e-01,6.920519e-02,0,4.125315e-01,-6.872945e-04,3.239436e+00,1.130862e+00,2.747023e+00,-1.038445e+00,-3.167673e-01,-1.767314e+00,-4.312837e+00,-1.841765e+00,8.032635e-01,-1.669922e+00,-1.906676e+00,1.308709e+00,-3.834995e-02,0,8.272667e-02
1.811204e-03,-8.063125e+00,9.291322e+00,4.884414e+00,6.102891e+00,-8.554212e+00,-8.083224e+00,7.568048e+00,-1.233396e+01,-1.317289e+00,3.901370e+00,-1.668135e+00,-8.142292e-01,4.049562e-02,0,3.726390e-01,-5.115402e-04,3.050041e+00,8.923270e-01,1.294932e+00,-1.068000e+00,-5.150365e-01,-1.883462e+00,-5.580998e+00,5.473452e-02,5.023854e-01,-7.130986e-01,-1.372140e+00,7.533807e-01,-2.175884e-02,0,8.598226e-02
1.436398e-03,-4.919065e+00,1.017655e+01,5.131287e+00,3.382330e+00,-1.035083e+01,-1.046692e+01,1.952424e+00,-1.012795e+01,-2.033896e+00,4.193253e+00,-1.809345e+00,2.376614e-01,2.870958e-02,0,5.729752e-01,-3.299270e-04,1.828177e+00,7.441874e-01,3.937078e-03,-5.570611e-01,-6.395531e-03,-9.409587e-01,-4.713381e+00,2.128869e+00,1.808400e-01,-5.805835e-01,-4.034045e-01,4.559485e-01,-7.494711e-03,0,1.615922e-02
1.220413e-03,-3.804226e+00,1.068644e+01,3.769414e+00,4.493448e+00,-9.710879e+00,-1.089424e+01,-2.317426e+00,-6.727898e+00,-1.323314e+00,4.626038e+00,-1.875939e+00,-9.088244e-01,3.324267e-02,0,5.801303e-01,-2.084669e-04,-3.588548e-02,2.682060e-01,-7.682303e-01,2.833648e-02,1.255709e+00,8.499624e-01,-2.490445e+00,2.217932e+00,-2.132016e-01,-8.779989e-01,1.055682e+00,9.552009e-01,1.813231e-04,0,-5.501799e-02
1.057311e-03,-5.112305e+00,1.192877e+01,3.502458e+00,4.884937e+00,-6.453651e+00,-8.076532e+00,-3.658800e+00,-4.233760e+00,-2.080020e+00,1.087522e+00,-5.265752e-01,1.794426e+00,3.535811e-02,0,3.895819e-01,-1.208842e-04,-1.474155e+00,-6.252800e-01,-1.432270e+00,1.133456e-02,1.662740e+00,1.778839e+00,-3.818159e-01,1.682957e+00,-5.876946e-01,-7.812462e-01,1.965138e+00,1.110505e+00,-6.648537e-04,0,-1.536835e-01
9.584129e-04,-8.145932e+00,9.756242e+00,1.857677e+00,5.493270e+00,-4.224255e+00,-5.028608e+00,-2.078567e+00,-4.191394e+00,-2.360235e+00,1.064241e+00,2.968890e+00,3.183393e+00,3.807797e-02,0,1.892457e-01,-5.884407e-05,-2.001614e+00,-1.558945e+00,-1.789631e+00,-6.814631e-01,1.101604e+00,1.823452e+00,1.309165e+00,9.804643e-01,-8.324526e-01,2.357718e-02,2.370235e+00,1.226349e+00,-5.893019e-03,0,-1.549843e-01
9.629771e-04,-1.011899e+01,7.515247e+00,-1.074194e+00,2.939091e+00,-4.780443e+00,-4.505546e+00,-7.608555e-02,-2.981415e+00,-4.453909e+00,2.067920e+00,5.593929e+00,3.744076e+00,2.296766e-02,0,0,-1.264241e-05,-1.541704e+00,-1.874724e+00,-1.854571e+00,-1.011149e+00,3.466768e-01,1.179852e+00,1.255636e+00,2.430053e-01,-5.925050e-01,9.440287e-01,1.336520e+00,4.906412e-01,-9.761257e-03,0,-9.684096e-02
9.733594e-04,-1.130896e+01,5.098479e+00,-2.890413e+00,2.059055e+00,-5.039466e+00,-3.562472e+00,2.437042e+00,-2.451750e+00,-4.298632e+00,4.253725e+00,6.914982e+00,4.248098e+00,9.972801e-03,0,0,1.056294e-07,-8.339065e-01,-1.562980e+00,-1.158146e+00,-7.955862e-01,2.115800e-01,6.516786e-01,6.634172e-01,2.316057e-01,2.630385e-01,5.883533e-01,-5.548272e-02,5.726941e-02,-7.736477e-03,0,-3.784914e-02
9.866256e-04,-1.123931e+01,4.884029e+00,-3.396353e+00,1.546301e+00,-4.312662e+00,-2.910342e+00,3.615758e-01,-3.888556e+00,-4.073347e+00,4.212924e+00,4.182978e+00,3.715280e+00,6.044122e-04,0,0,-1.065310e-05,-4.619395e-01,-1.218993e+00,-3.180039e-01,3.930295e-02,5.821711e-01,2.808990e-01,-7.376282e-02,4.257487e-01,1.673285e+00,2.754229e-01,-1.114111e+00,-7.236538e-01,9.670596e-04,0,0
9.471168e-04,-1.175530e+01,3.256952e+00,-2.771976e+00,2.211734e+00,-3.400245e+00,-2.567817e+00,1.019688e+00,-2.579795e+00,-1.235324e+00,2.933506e+00,3.396953e+00,3.484138e+00,1.057721e-02,0,0,-1.586598e-05,-2.662116e-01,-1.024943e+00,3.737153e-01,6.368265e-01,8.023584e-01,2.422797e-01,-1.939356e-01,1.029964e+00,2.301543e+00,3.146763e-02,-1.268786e+00,-1.590859e+00,9.459051e-03,0,0
9.228329e-04,-1.220551e+01,2.341047e+00,-2.723433e+00,3.059266e+00,-2.689198e+00,-3.598378e+00,2.637769e-01,-7.886485e-01,2.380860e+00,4.105144e+00,1.782387e+00,5.077868e-01,2.750076e-02,0,0,-4.298595e-06,1.098120e-01,-5.957606e-01,9.167515e-01,4.719092e-01,-1.132823e-01,1.141463e-01,2.153675e-01,9.006811e-01,1.793176e+00,8.711431e-02,-1.295307e+00,-1.911799e+00,1.257177e-02,0,3.802554e-02
9.259258e-04,-1.215691e+01,1.245254e+00,-1.358297e+00,4.486704e+00,-1.839406e+00,-2.007055e+00,1.516263e+00,1.148115e+00,3.981978e+00,4.464953e+00,1.771349e+00,-2.102453e+00,4.381989e-02,0,0,2.004415e-05,7.662511e-01,2.229771e-01,1.239772e+00,-4.686611e-01,-1.657380e+00,-1.007637e-01,1.820095e-01,-5.217922e-01,-8.311863e-02,-3.495981e-01,-1.603898e+00,-1.449046e+00,8.401331e-03,0,9.506386e-02
9.757281e-04,-1.048945e+01,2.911075e+00,4.805656e-01,2.768362e+00,-5.659493e+00,-2.619992e+00,1.190126e+00,-1.249106e+00,2.283883e+00,3.882771e+00,-1.480757e+00,-3.050419e+00,4.684195e-02,0,1.901277e-01,3.400951e-05,1.312000e+00,8.988351e-01,1.212298e+00,-1.725925e+00,-3.228819e+00,-7.710240e-01,3.103846e-01,-1.923874e+00,-1.727866e+00,-1.189393e+00,-1.840042e+00,-2.152198e-01,2.206105e-03,0,1.521022e-01
1.020890e-03,-8.782079e+00,4.086824e+00,1.824885e+00,1.388089e-02,-1.020200e+01,-3.560829e+00,1.466561e+00,-4.958527e+00,-1.602429e+00,1.296702e+00,-2.990967e+00,-1.981991e+00,4.291327e-02,0,3.802554e-01,3.086156e-05,1.280448e+00,1.084173e+00,7.475425e-01,-2.174361e+00,-3.461768e+00,-1.339573e+00,1.299000e-01,-2.311122e+00,-2.064664e+00,-1.358576e+00,-1.717194e+00,5.369695e-01,-1.752795e-03,0,1.521022e-01
1.045398e-03,-7.332933e+00,5.414438e+00,1.746466e+00,-3.333947e+00,-1.465200e+01,-6.676611e+00,1.840551e+00,-7.354698e+00,-3.466268e+00,-2.576934e-01,-5.036667e+00,-6.285430e-01,3.898459e-02,0,5.703831e-01,1.638491e-05,7.762175e-01,6.334339e-01,2.453380e-01,-1.555245e+00,-2.243500e+00,-1.122902e+00,1.674839e-01,-1.460736e+00,-1.336414e+00,-9.835324e-01,-9.157521e-01,6.197200e-01,-1.964340e-03,0,9.506385e-02
