pcm_RMSenergy_sma,pcm_fftMag_mfcc_sma[1],pcm_fftMag_mfcc_sma[2],pcm_fftMag_mfcc_sma[3],pcm_fftMag_mfcc_sma[4],pcm_fftMag_mfcc_sma[5],pcm_fftMag_mfcc_sma[6],pcm_fftMag_mfcc_sma[7],pcm_fftMag_mfcc_sma[8],pcm_fftMag_mfcc_sma[9],pcm_fftMag_mfcc_sma[10],pcm_fftMag_mfcc_sma[11],pcm_fftMag_mfcc_sma[12],pcm_zcr_sma,F0final_sma,voicingFinalUnclipped_sma,pcm_RMSenergy_sma_de,pcm_fftMag_mfcc_sma_de[1],pcm_fftMag_mfcc_sma_de[2],pcm_fftMag_mfcc_sma_de[3],pcm_fftMag_mfcc_sma_de[4],pcm_fftMag_mfcc_sma_de[5],pcm_fftMag_mfcc_sma_de[6],pcm_fftMag_mfcc_sma_de[7],pcm_fftMag_mfcc_sma_de[8],pcm_fftMag_mfcc_sma_de[9],pcm_fftMag_mfcc_sma_de[10],pcm_fftMag_mfcc_sma_de[11],pcm_fftMag_mfcc_sma_de[12],pcm_zcr_sma_de,F0final_sma_de,voicingFinalUnclipped_sma_de
1.117925e-03,-1.386918e+01,2.592805e+00,-9.818506e-02,3.994222e+00,2.615560e+00,1.804661e+00,2.921062e+00,5.396250e+00,4.505341e+00,-1.948423e+00,2.391729e-01,2.726009e+00,0,0,0,4.048540e-05,6.117264e-01,-1.262518e-01,-5.858347e-01,-1.616386e+00,-7.613907e-01,-4.670300e-01,4.184113e-01,1.076639e+00,1.272952e-01,1.247716e-01,1.781785e-01,1.262085e+00,6.346328e-04,0,2.830633e-02
1.200893e-03,-1.324336e+01,1.970121e+00,-1.723194e+00,1.850927e+00,9.970713e-01,1.017268e+00,4.856215e+00,7.727472e+00,4.407663e+00,-9.953772e-01,7.707258e-02,5.451762e+00,3.022061e-04,0,0,4.719044e-05,1.468552e+00,3.818524e-01,-4.447178e-01,-2.835868e+00,-1.361749e+00,-8.446039e-01,6.304231e-01,1.577746e+00,2.147404e-01,-3.154791e-01,2.540746e-02,1.008833e+00,2.901179e-03,0,8.313808e-02
1.278868e-03,-1.112345e+01,2.272887e+00,-2.214854e+00,-3.016061e+00,-3.821491e-01,-1.367925e-01,4.045542e+00,9.613834e+00,5.190656e+00,-1.801088e+00,1.211116e+00,7.673560e+00,3.022061e-03,0,1.415317e-01,4.717346e-05,2.347983e+00,5.870102e-01,-5.597922e-01,-3.093527e+00,-1.329821e+00,-1.514277e+00,6.065460e-01,1.248639e+00,-2.583473e-01,-8.703319e-01,-5.975988e-01,5.604337e-01,6.588093e-03,0,1.447483e-01
1.273406e-03,-7.899279e+00,4.662025e+00,-1.263439e+00,-6.679974e+00,-2.694331e+00,-1.447632e+00,5.510937e+00,1.117619e+01,5.236385e+00,-3.599487e+00,-1.197611e-01,5.296400e+00,1.299486e-02,0,3.449246e-01,3.498279e-05,2.727208e+00,2.603628e-01,-1.029245e+00,-1.817104e+00,-7.604426e-01,-2.040173e+00,9.032065e-01,2.757959e-01,-1.278631e+00,-9.837149e-01,-1.777931e+00,2.907629e-02,1.015413e-02,0,1.652483e-01
1.317536e-03,-4.801303e+00,4.181903e+00,-3.127024e+00,-7.207964e+00,-2.187845e+00,-4.534276e+00,5.626431e+00,9.915090e+00,2.799243e+00,-4.998028e+00,-2.650404e+00,5.605859e+00,2.659414e-02,0,5.512790e-01,2.279006e-05,2.379165e+00,-5.118087e-01,-1.832811e+00,1.447239e-01,-2.101463e-01,-1.842961e+00,1.421438e+00,-4.287212e-01,-2.316696e+00,-4.408294e-01,-2.892205e+00,1.230806e-01,1.133273e-02,0,1.259249e-01
1.356473e-03,-2.768398e+00,2.317427e+00,-6.413334e+00,-5.138643e+00,-1.902294e+00,-6.984854e+00,8.581802e+00,8.955824e+00,-7.897845e-01,-4.315482e+00,-6.881823e+00,6.630993e+00,3.928680e-02,0,6.213680e-01,1.651619e-05,1.520134e+00,-1.209380e+00,-2.106256e+00,1.116324e+00,1.114607e-01,-7.336925e-01,1.284953e+00,-7.048664e-01,-2.424819e+00,3.520975e-01,-3.056206e+00,3.690774e-01,9.187066e-03,0,6.698105e-02
1.351285e-03,-1.793067e+00,8.861432e-01,-8.803960e+00,-3.063107e+00,-1.828899e+00,-6.582985e+00,9.617297e+00,8.580409e+00,-3.379738e+00,-3.647238e+00,-9.868880e+00,7.621666e+00,4.653974e-02,0,6.329346e-01,-7.112557e-06,6.551360e-01,-8.106656e-01,-1.394765e+00,9.564782e-01,-4.235419e-01,8.338928e-01,9.190070e-01,-2.343511e-01,-1.635424e+00,4.221050e-01,-2.081617e+00,-2.629572e-01,4.956181e-03,0,1.919639e-02
1.339112e-03,-1.802725e+00,2.630071e-01,-8.956254e+00,-3.170782e+00,-2.316501e+00,-4.091740e+00,9.940270e+00,8.319194e+00,-3.798219e+00,-2.514394e+00,-1.179155e+01,6.133883e+00,4.895739e-02,0,6.390020e-01,-3.319432e-05,1.150108e-01,5.381659e-02,-2.047886e-01,1.914041e-01,-8.461994e-01,1.561560e+00,1.800528e-01,-1.576487e-01,-5.819171e-01,1.666526e-01,-6.872191e-01,-9.076893e-01,8.461770e-04,0,4.282468e-03
1.290653e-03,-2.008460e+00,1.155785e+00,-8.829388e+00,-3.409504e+00,-4.098451e+00,-1.811369e+00,9.542232e+00,9.061649e+00,-3.873662e+00,-3.788047e+00,-1.060363e+01,4.539629e+00,4.653974e-02,0,6.384439e-01,-4.568300e-05,-2.090790e-02,7.773420e-01,4.313462e-01,-3.541195e-01,-9.882787e-01,1.116288e+00,-2.987564e-01,-3.791153e-01,2.833265e-01,-9.865532e-02,4.254023e-01,-9.434631e-01,-1.692354e-03,0,2.563488e-03
1.220817e-03,-2.085647e+00,2.451689e+00,-7.424563e+00,-4.008424e+00,-4.998515e+00,-1.562864e+00,9.519599e+00,7.926960e+00,-3.452408e+00,-3.411814e+00,-9.950545e+00,3.633566e+00,4.351768e-02,0,6.400257e-01,-3.639957e-05,7.740823e-02,9.800467e-01,3.584859e-01,-3.194470e-01,-5.737851e-01,-1.873778e-01,-5.630245e-01,-6.353959e-01,9.684610e-01,-1.656873e-01,5.930603e-01,-2.645566e-01,-3.233606e-03,0,1.164001e-03
1.182018e-03,-1.756145e+00,3.678513e+00,-7.413074e+00,-4.414883e+00,-5.429286e+00,-2.265985e+00,8.333851e+00,6.880949e+00,-2.136011e+00,-3.691805e+00,-8.662373e+00,4.154509e+00,4.079783e-02,0,6.452402e-01,-1.516081e-05,-7.254666e-02,9.062401e-01,2.275338e-01,-3.872819e-02,2.294147e-01,-7.936858e-01,-1.216732e+00,-3.428313e-01,1.444749e+00,-1.471805e-01,7.241440e-03,-2.611322e-02,-4.714415e-03,0,-7.964229e-03
1.211432e-03,-1.541841e+00,3.901877e+00,-7.871981e+00,-4.265327e+00,-4.520009e+00,-4.801321e+00,7.729338e+00,6.232564e+00,1.752609e-01,-3.390952e+00,-9.796878e+00,5.003660e+00,3.566032e-02,0,6.414239e-01,-7.510896e-06,-7.529482e-01,1.009710e+00,7.493924e-01,4.096026e-01,9.929981e-01,-4.945123e-01,-1.858319e+00,5.045943e-01,1.625802e+00,-3.095593e-01,2.957520e-01,-2.330588e-01,-5.197945e-03,0,-3.026204e-02
1.219542e-03,-2.643096e+00,4.961891e+00,-7.468009e+00,-3.474693e+00,-3.190631e+00,-4.160569e+00,4.353700e+00,8.194691e+00,1.536250e+00,-4.534380e+00,-1.064425e+01,3.724015e+00,2.689634e-02,0,5.979237e-01,-2.464803e-05,-1.583683e+00,1.008976e+00,1.949602e+00,8.107101e-01,1.233492e+00,-1.402595e-02,-2.121846e+00,1.004873e+00,8.942070e-01,7.067764e-02,1.183100e+00,-6.763929e-01,-1.964340e-03,0,-5.129113e-02
1.164500e-03,-5.406912e+00,6.858549e+00,-3.650133e+00,-2.430506e+00,-1.152852e+00,-3.088134e+00,2.218081e+00,9.793061e+00,2.840472e+00,-4.538322e+00,-7.480845e+00,2.683519e+00,2.447869e-02,0,5.123737e-01,-3.503095e-05,-1.606252e+00,5.917927e-01,2.385529e+00,8.455580e-01,8.882474e-01,-2.011884e-01,-1.286810e+00,9.501627e-01,-3.367517e-02,5.932693e-01,2.502090e+00,-3.923985e-01,3.868238e-03,0,-4.639586e-02
1.082243e-03,-7.742027e+00,7.245055e+00,2.240100e-01,-1.278744e+00,-9.454063e-01,-3.192708e+00,4.802512e-01,1.012506e+01,1.002419e+00,-2.764731e+00,-3.904888e+00,1.932615e+00,3.656694e-02,0,4.533097e-01,-7.198600e-06,-4.662042e-01,-4.533989e-01,1.318984e+00,5.160419e-01,-3.262900e-01,-1.526971e+00,3.964054e-01,4.261696e-01,-7.502344e-01,8.955947e-01,2.501543e+00,6.779405e-01,6.920520e-03,0,-9.512251e-03
1.104927e-03,-7.023636e+00,5.719259e+00,2.096556e-01,-1.135512e+00,-1.201384e+00,-6.291193e+00,3.232012e+00,1.001819e+01,2.738007e-01,-1.309430e+00,-6.561096e-01,3.937367e+00,5.016622e-02,0,4.817516e-01,4.014536e-05,1.063609e+00,-1.132929e+00,-6.857161e-01,-1.333040e-01,-1.408201e+00,-2.237416e+00,1.596241e+00,-1.345158e-02,-7.922140e-01,6.255070e-01,1.038221e+00,1.596113e+00,4.170445e-03,0,3.639688e-02
1.213336e-03,-4.165755e+00,3.264542e+00,-2.802982e+00,-1.541980e+00,-4.797814e+00,-1.019389e+01,5.828762e+00,1.021297e+01,-9.315860e-01,-1.670853e+00,-1.548905e+00,6.486794e+00,4.865518e-02,0,5.656735e-01,6.323772e-05,1.798325e+00,-8.847719e-01,-1.780275e+00,-7.317277e-01,-1.868962e+00,-1.813177e+00,1.574035e+00,-3.825246e-01,-3.004563e-01,6.327889e-02,-3.843144e-01,1.711064e+00,-1.813237e-03,0,5.653219e-02
1.299681e-03,-1.877005e+00,3.184160e+00,-5.565217e+00,-2.965408e+00,-6.267653e+00,-1.077462e+01,7.525030e+00,9.681849e+00,-1.535957e-01,-1.957727e+00,-3.467729e+00,8.386994e+00,3.928680e-02,0,6.381762e-01,3.213328e-05,1.476659e+00,9.308092e-02,-1.448205e+00,-1.045551e+00,-1.481174e+00,-2.482695e-01,1.011606e-01,-7.162476e-01,9.959080e-02,7.105158e-02,-1.084164e+00,4.280320e-01,-4.835297e-03,0,4.346152e-02
1.301055e-03,-1.323717e+00,4.088745e+00,-5.789927e+00,-4.022435e+00,-7.757083e+00,-1.001688e+01,6.203920e+00,8.380612e+00,-2.861649e-01,-2.124188e+00,-4.420651e+00,8.263120e+00,3.294047e-02,0,6.577583e-01,-2.314505e-05,6.445857e-01,1.072192e+00,-1.559961e-01,-9.893805e-01,-4.112716e-01,1.455579e+00,-1.262458e+00,-9.350528e-01,3.501189e-01,4.771506e-01,-2.357819e-01,-1.470141e+00,-4.533091e-03,0,1.387988e-02
1.221734e-03,-1.061360e+00,5.772562e+00,-5.537895e+00,-5.123038e+00,-7.127620e+00,-7.621048e+00,3.550236e+00,7.353134e+00,4.490442e-01,-7.275044e-01,-4.641058e+00,5.189364e+00,3.384709e-02,0,6.530168e-01,-6.424940e-05,-1.694261e-01,1.444020e+00,1.104571e+00,-4.935304e-01,6.778926e-01,2.081526e+00,-1.794435e+00,-6.826254e-01,-1.639522e-01,9.906195e-01,6.537679e-01,-2.531695e+00,-3.445150e-03,0,-4.932828e-02
1.136584e-03,-1.350649e+00,7.331299e+00,-3.596624e+00,-5.410068e+00,-6.424189e+00,-4.492783e+00,1.503868e+00,6.702067e+00,5.176887e-01,9.978873e-02,-2.141150e+00,7.349047e-01,2.870958e-02,0,6.276526e-01,-7.509971e-05,-5.926560e-01,1.471566e+00,1.483356e+00,5.953789e-04,1.558511e+00,2.125390e+00,-1.591385e+00,-7.162164e-01,-6.519488e-01,1.409155e+00,1.244035e+00,-2.362432e+00,-2.780296e-03,0,-1.171304e-01
1.060669e-03,-2.710669e+00,8.782982e+00,-1.139012e+00,-4.739243e+00,-3.544638e+00,-3.129039e+00,9.028819e-01,7.107994e+00,-1.375283e+00,1.883382e+00,-1.338640e+00,-5.073718e-01,2.417649e-02,0,4.065876e-01,-5.950151e-05,-6.202947e-01,1.040817e+00,9.555798e-01,6.004797e-01,1.618060e+00,1.292126e+00,-1.162194e+00,-9.866616e-01,-7.271484e-01,1.170998e+00,6.420356e-01,-1.254018e+00,-1.390149e-03,0,-1.738365e-01
1.006088e-03,-3.462342e+00,9.941365e+00,-5.725865e-01,-4.211355e+00,-1.756021e+00,-1.635936e+00,-4.293270e-01,4.922101e+00,-2.633745e+00,3.616142e+00,1.483141e-01,-7.006752e-01,2.387428e-02,0,1.953208e-01,-3.567593e-05,-1.348505e-01,5.518929e-01,-2.771430e-01,7.981172e-01,9.877321e-01,4.739914e-01,-1.286152e+00,-1.652510e+00,1.832380e-01,5.371066e-01,-5.688583e-01,-1.883996e-01,1.601693e-03,0,-1.661893e-01
9.894740e-04,-3.106987e+00,9.671615e+00,-2.272015e+00,-2.719996e+00,-1.371401e+00,-2.588842e+00,-1.294138e+00,3.309809e+00,-1.610981e+00,3.369311e+00,-2.575612e+00,-3.629377e-01,2.931399e-02,0,0,-1.185938e-05,4.453386e-01,-6.413078e-02,-1.089547e+00,9.787995e-01,-2.503374e-02,-3.977532e-01,-1.057997e+00,-1.955043e+00,1.028402e+00,-4.976165e-01,-1.046318e+00,1.183674e-01,4.472651e-03,0,-5.757905e-02
9.938022e-04,-1.826743e+00,9.646447e+00,-4.415838e+00,-2.429106e+00,-2.572147e+00,-2.392924e+00,-3.828382e+00,3.386086e-01,1.551727e+00,2.042357e+00,-4.366955e+00,-2.793107e-01,3.414929e-02,0,0,7.442885e-06,6.606264e-01,-4.685840e-01,-9.755386e-01,9.196342e-01,-5.633698e-01,-9.943174e-01,-4.353582e-01,-1.547993e+00,7.536176e-01,-7.811739e-01,-6.038205e-01,1.979839e-01,5.560593e-03,0,6.980678e-02
1.007515e-03,-1.301776e+00,8.609787e+00,-4.665123e+00,-7.363708e-01,-3.261744e+00,-4.739311e+00,-2.687575e+00,-3.754737e-01,1.673990e+00,1.821921e-01,-4.312594e+00,-1.262169e-01,4.140224e-02,0,2.163528e-01,2.242542e-05,5.972702e-01,-7.283408e-01,-4.978165e-01,5.991809e-01,-5.800725e-01,-1.059926e+00,1.374026e-01,-9.417881e-01,-2.668958e-01,-1.071318e-01,8.335525e-01,-2.432665e-02,5.077063e-03,0,1.750282e-01
1.034282e-03,-1.061816e+00,8.129359e+00,-4.253726e+00,-6.049964e-01,-3.627699e+00,-5.532288e+00,-1.909399e+00,-9.752229e-01,-5.081428e-01,1.303831e+00,-2.002297e+00,1.708838e-01,4.563312e-02,0,4.361783e-01,4.338748e-05,3.196438e-01,-1.298410e+00,-1.694141e-01,2.966504e-01,-3.576178e-01,-7.777063e-01,5.070561e-01,-2.168364e-01,-6.614491e-01,8.517650e-01,9.233345e-01,-1.449145e-01,3.112723e-03,0,1.750835e-01
1.081361e-03,-5.030994e-01,6.788455e+00,-4.842154e+00,-6.361458e-01,-3.743987e+00,-6.318790e+00,-1.566616e+00,-7.422152e-01,-1.915525e+00,3.202915e+00,4.098215e-01,-7.096682e-01,4.895739e-02,0,6.570519e-01,5.425387e-05,2.300259e-01,-1.669448e+00,-5.436967e-01,-6.748044e-02,6.358800e-02,-5.503654e-04,1.649898e-01,1.609089e-01,1.129229e-01,9.550797e-01,-3.309113e-01,1.292024e-02,9.368394e-04,0,1.103051e-01
1.173817e-03,-6.278621e-01,4.065061e+00,-5.174393e+00,-9.959663e-01,-4.119114e+00,-5.491716e+00,-1.853582e+00,-5.622029e-01,3.923957e-02,4.790821e+00,-2.111490e+00,-7.121575e-01,4.593533e-02,0,6.550679e-01,4.986014e-05,1.923174e-01,-1.867630e+00,-1.198032e+00,9.431055e-02,4.111741e-01,4.563709e-01,1.506370e-01,7.400841e-01,8.974537e-01,-8.430744e-03,-1.847729e+00,3.771404e-01,2.417646e-04,0,4.494399e-02
1.209017e-03,-3.686235e-01,2.294694e+00,-6.923273e+00,-8.782881e-01,-2.698096e+00,-4.762349e+00,-1.890535e+00,2.225608e-01,1.964914e+00,3.214096e+00,-5.912554e+00,3.799050e-01,4.593533e-02,0,6.584337e-01,2.319004e-05,1.883165e-01,-1.181758e+00,-1.505137e+00,1.759122e-01,6.672140e-01,9.312218e-01,9.725917e-02,1.443372e+00,5.735694e-01,-1.181994e+00,-2.156181e+00,7.175938e-01,1.087942e-03,0,1.907098e-03
1.219755e-03,-1.674666e-01,1.038087e+00,-9.203324e+00,-1.237253e-02,-2.094774e+00,-4.028655e+00,-9.942549e-01,2.242810e+00,2.038907e+00,1.256087e+00,-8.079754e+00,1.511799e+00,4.835298e-02,0,6.602073e-01,-3.594766e-06,1.581714e-01,-2.406472e-01,-1.266845e+00,2.288486e-01,6.530950e-01,9.401390e-01,7.625961e-03,1.804119e+00,-2.223566e-01,-1.732081e+00,-1.001940e+00,7.493916e-01,2.780297e-03,0,1.482135e-03
1.174342e-03,2.082855e-01,2.393154e+00,-1.035337e+01,-2.483818e-01,-1.420087e+00,-2.394212e+00,-1.509984e+00,5.072136e+00,-4.751114e-02,-9.396867e-01,-7.386950e+00,1.766323e+00,5.318828e-02,0,6.640176e-01,-1.553068e-05,-5.172615e-02,3.394718e-01,-4.527976e-01,6.120868e-02,3.617715e-01,1.053260e+00,-1.305302e-01,1.197693e+00,-2.173117e-01,-1.368297e+00,-1.909385e-02,4.539317e-01,1.390148e-03,0,-5.726516e-04
1.173180e-03,-1.254598e-01,2.812595e+00,-9.793567e+00,-1.666765e-01,-1.492643e+00,-1.975089e+00,-2.005728e+00,6.033604e+00,-6.633107e-02,-1.792695e+00,-6.383994e+00,2.341592e+00,5.621034e-02,0,6.596866e-01,-2.066010e-05,-2.396956e-01,4.753657e-01,2.586961e-01,1.384377e-01,3.232769e-01,8.313969e-01,-2.182878e-01,-2.791138e-01,8.010556e-01,-8.614147e-01,-6.728859e-02,1.729855e-01,-2.840737e-03,0,-2.971601e-03
1.154651e-03,-6.482577e-01,3.104799e+00,-8.892139e+00,-4.950927e-01,-1.190304e+00,-5.228303e-01,-2.037450e+00,4.315629e+00,1.930974e+00,-2.102999e+00,-6.855904e+00,2.234668e+00,4.895739e-02,0,6.558308e-01,-2.525507e-05,-4.784166e-01,2.953164e-01,8.274064e-01,3.639009e-01,4.504771e-01,6.025580e-01,1.091921e-01,-1.743842e+00,1.596808e+00,-8.517806e-02,-7.932143e-01,4.803913e-02,-7.917801e-03,0,-7.357329e-03
1.126300e-03,-9.376729e-01,3.059093e+00,-8.640460e+00,8.031714e-01,-5.932810e-01,-8.073609e-01,-1.821961e+00,1.225494e+00,5.054942e+00,-2.469330e+00,-8.681720e+00,2.142554e+00,3.626473e-02,0,6.494427e-01,-3.836997e-05,-7.093661e-01,5.437127e-01,1.553950e+00,6.449305e-01,4.821081e-01,3.533466e-01,2.685220e-01,-2.064890e+00,1.536635e+00,4.019436e-01,-1.270703e+00,-1.100992e-01,-1.039589e-02,0,-5.157282e-02
1.071507e-03,-1.777691e+00,3.746486e+00,-6.792893e+00,1.086199e+00,3.826171e-01,3.471380e-02,-1.055906e+00,-1.243019e+00,5.375894e+00,-1.027259e+00,-1.020416e+01,2.106037e+00,2.357208e-02,0,6.323529e-01,-4.683696e-05,-9.062093e-01,9.309307e-01,2.128692e+00,5.479045e-01,2.914960e-01,3.131295e-01,1.310089e-01,-1.496480e+00,6.616167e-01,9.284993e-01,-5.949801e-01,-2.128119e-01,-7.494711e-03,0,-1.144002e-01
1.022902e-03,-3.107574e+00,5.210315e+00,-3.073440e+00,2.267330e+00,1.314368e-01,-4.871279e-01,-1.153889e+00,-1.511524e+00,5.894384e+00,-3.208467e-01,-1.106338e+01,1.855411e+00,1.692354e-02,0,4.135614e-01,-4.928894e-05,-1.018258e+00,1.221685e+00,2.253465e+00,3.488470e-01,1.005148e-01,3.649212e-01,9.521228e-02,-2.895791e-01,-1.024945e-01,1.112043e+00,2.668316e-01,-3.661253e-01,-1.692354e-03,0,-1.729468e-01
9.721650e-04,-4.094354e+00,6.683842e+00,-1.032188e+00,1.512350e+00,-9.518258e-02,8.827006e-01,-1.716441e+00,-1.798263e+00,4.819336e+00,1.465256e+00,-8.639974e+00,1.314180e+00,2.115443e-02,0,2.017704e-01,-3.935673e-05,-1.047058e+00,1.191833e+00,1.458674e+00,2.509380e-01,1.285487e-01,2.547416e-01,8.124922e-01,7.678646e-01,-5.456339e-01,8.457762e-01,7.371489e-01,3.100214e-02,4.593533e-03,0,-1.678267e-01
9.295262e-04,-4.870632e+00,7.698843e+00,-2.534885e-01,2.334331e+00,1.481930e-01,5.932515e-01,-1.015632e+00,5.522053e-02,4.820748e+00,1.844627e+00,-8.129654e+00,7.078565e-01,2.901179e-02,0,0,-1.416253e-05,-1.339293e+00,6.812898e-01,5.246935e-01,4.280651e-01,4.656973e-01,4.144931e-01,1.877204e+00,2.008162e+00,-5.964030e-01,8.221461e-01,7.995282e-01,9.781477e-01,8.703536e-03,0,-1.028893e-01
9.214119e-04,-6.131450e+00,8.461387e+00,-9.095006e-01,2.307389e+00,1.016982e+00,7.682319e-01,2.937426e+00,1.812931e+00,3.184542e+00,2.118884e+00,-7.985277e+00,2.834825e+00,4.049562e-02,0,0,2.060130e-05,-1.756746e+00,-9.219389e-02,3.753832e-03,7.735482e-01,3.417571e-01,1.060875e+00,2.710923e+00,2.715523e+00,-2.760536e-01,5.488590e-01,1.114519e+00,1.412505e+00,9.428831e-03,0,-4.035409e-02
9.774663e-04,-8.785488e+00,7.727992e+00,-5.113159e-01,4.010137e+00,1.903841e+00,1.642572e+00,5.905199e+00,6.723688e+00,3.729766e+00,3.463069e+00,-7.393087e+00,5.985827e+00,5.077063e-02,0,0,3.823993e-05,-1.832070e+00,-9.339469e-01,-2.779426e-01,3.831648e-01,-3.723312e-01,1.709832e+00,1.764304e+00,2.041990e+00,6.122146e-02,3.967485e-01,2.037539e+00,6.250675e-01,6.165004e-03,0,0
1.051201e-03,-1.092065e+01,6.208298e+00,-8.845050e-01,4.542188e+00,7.357788e-01,5.662413e+00,8.377756e+00,8.445117e+00,3.984559e+00,3.400330e+00,-3.435663e+00,5.737719e+00,5.741916e-02,0,0,2.218464e-05,-1.446784e+00,-1.467166e+00,-6.837362e-01,-4.028896e-01,-1.308300e+00,1.445226e+00,1.436292e-01,4.448420e-01,1.549814e-01,-5.050652e-02,2.605251e+00,-9.724489e-01,3.505590e-03,0,0
1.055831e-03,-1.163638e+01,4.155653e+00,-1.655699e+00,3.132755e+00,-1.572861e+00,6.695322e+00,5.085722e+00,6.949076e+00,4.726847e+00,3.187647e+00,-2.167660e-01,2.381747e+00,5.137504e-02,0,0,-1.790312e-05,-8.785804e-01,-1.371050e+00,-1.249394e+00,-1.290653e+00,-1.369069e+00,2.904521e-01,-1.167837e+00,-1.184475e+00,-3.149688e-01,-1.029484e+00,1.818447e+00,-1.344422e+00,3.173164e-03,0,0
9.931527e-04,-1.193993e+01,2.911727e+00,-3.755990e+00,7.316312e-01,-3.786168e+00,5.467988e+00,4.065310e+00,3.924447e+00,3.460909e+00,2.004063e+00,1.452817e+00,-2.253799e-01,5.772137e-02,0,0,-4.589411e-05,-6.823695e-01,-9.915901e-01,-1.461385e+00,-1.628395e+00,-5.206726e-01,-1.011566e+00,-1.571588e+00,-1.274684e+00,-5.255655e-01,-1.399049e+00,5.153884e-01,-2.745429e-01,3.686916e-03,0,0
9.169751e-04,-1.266875e+01,2.521028e+00,-5.322544e+00,-5.378509e-01,-2.680533e+00,3.192045e+00,2.222238e+00,3.061648e+00,2.416747e+00,-9.862186e-01,-7.450907e-01,2.245266e+00,6.648535e-02,0,0,-4.701675e-05,-6.122402e-01,-4.858291e-01,-1.117287e+00,-1.047378e+00,6.940531e-01,-9.992353e-01,-8.608219e-01,-4.889835e-01,-7.755111e-01,-1.880676e+00,-5.125959e-01,9.534609e-01,1.511048e-04,0,0
8.911589e-04,-1.381631e+01,2.067659e+00,-6.358007e+00,-1.764484e+00,-1.313748e+00,2.356221e+00,1.951560e+00,4.015412e+00,2.511782e+00,-1.507984e+00,-5.945585e-01,4.433245e+00,6.829859e-02,0,0,-3.024410e-05,-3.458690e-01,-3.890797e-01,-6.097258e-01,-4.306942e-01,1.098356e+00,-4.956346e-01,-3.831638e-01,1.021383e-01,-1.013103e+00,-1.072359e+00,-4.817370e-01,7.628410e-01,-7.041402e-03,0,0
8.717442e-04,-1.375939e+01,2.148541e+00,-5.941126e+00,-8.560793e-01,6.611945e-01,3.255028e+00,1.838488e+00,4.458676e+00,1.323855e+00,-4.459708e+00,-1.756058e+00,4.819739e+00,4.684195e-02,0,0,4.303558e-05,5.555315e-02,-6.082693e-01,-7.860410e-01,2.327252e-01,9.371837e-01,4.656158e-02,1.069971e+00,2.208167e-01,-1.636020e+00,1.620150e-01,5.566221e-02,-5.612195e-01,-9.882140e-03,0,0
8.645477e-04,-1.312395e+01,1.152571e+00,-6.495328e+00,-1.262726e+00,3.474839e-02,2.958323e+00,2.341366e+00,3.736625e+00,-1.058160e+00,-1.620986e+00,-4.503845e-01,2.301589e+00,3.233605e-02,0,0,9.429653e-05,2.387930e-01,-6.027876e-01,-1.185799e+00,5.343903e-01,8.411106e-01,-4.792915e-01,1.962872e+00,1.574555e-01,-1.545179e+00,1.576213e+00,-2.586119e-02,-1.234659e+00,-3.535812e-03,0,0
1.145459e-03,-1.273717e+01,-6.277490e-02,-9.184089e+00,3.748959e-01,1.331137e+00,3.123802e+00,7.377188e+00,4.305125e+00,-3.978380e+00,-1.196425e-01,-5.388666e-01,5.049962e-01,3.505591e-02,0,0,1.067624e-04,1.428753e-01,-3.848633e-01,-1.070584e+00,4.107696e-01,7.109135e-01,-1.278826e+00,1.633715e+00,6.733652e-01,-1.070477e-01,2.401091e+00,-6.688585e-02,-8.842589e-01,7.676035e-03,0,0
1.225784e-03,-1.313346e+01,1.593792e-01,-1.066552e+01,2.919797e-01,2.556834e+00,2.537680e-02,8.996572e+00,4.879466e+00,-2.562998e+00,4.203049e+00,-1.332460e+00,4.173197e-01,5.651255e-02,0,0,2.731973e-05,2.929129e-01,6.319286e-01,3.412967e-01,4.746495e-01,8.931241e-01,-1.418484e+00,-2.290944e-01,7.208272e-01,1.553916e+00,1.584161e+00,-1.708256e-01,8.319443e-03,1.359927e-02,0,0
1.224938e-03,-1.304026e+01,7.208202e-01,-9.208946e+00,4.204159e-01,2.954720e+00,-1.672626e+00,6.679461e+00,7.254082e+00,1.541035e+00,4.633730e+00,-1.649449e+00,1.340578e+00,7.313388e-02,0,0,-6.900362e-05,9.878873e-01,1.276135e+00,2.295065e+00,3.260108e-01,4.652683e-01,-1.031929e+00,-2.307491e+00,1.193619e-01,2.005185e+00,5.178400e-01,4.945076e-01,3.965344e-01,7.917799e-03,0,3.054760e-02
9.614067e-04,-1.150785e+01,3.920417e+00,-4.776416e+00,1.087762e+00,3.688578e+00,-1.735884e+00,1.544758e+00,5.866282e+00,3.951712e+00,3.923132e+00,-7.492211e-01,1.925395e+00,8.129344e-02,0,0,-7.710044e-05,1.503400e+00,1.146519e+00,3.341494e+00,7.617071e-01,-1.701158e-01,3.415288e-02,-2.408603e+00,-7.010571e-01,1.138356e+00,-4.582858e-01,6.196722e-01,2.476643e-02,-4.714416e-03,0,4.582140e-02
9.326294e-04,-8.610538e+00,4.437382e+00,-6.533162e-01,1.607059e+00,3.091606e+00,-1.155214e+00,-4.343607e-01,4.408526e+00,2.790190e+00,2.609516e+00,1.642052e+00,1.733631e+00,6.225446e-02,0,1.527380e-01,-4.446027e-05,1.476405e+00,2.356493e-01,2.821009e+00,1.290810e+00,-6.904873e-01,3.241599e-01,-1.382732e+00,-8.553509e-01,5.295474e-01,9.450941e-02,3.149484e-01,-5.001856e-01,-1.365972e-02,0,4.582140e-02
9.864364e-04,-7.831316e+00,4.033695e+00,1.764132e+00,3.507194e+00,1.637811e+00,-6.256467e-02,5.104654e-01,2.796958e+00,2.504206e+00,2.923727e+00,1.201506e-01,3.446257e-01,3.838018e-02,0,1.527380e-01,8.703367e-06,1.124479e+00,-3.837031e-01,7.960428e-01,9.032650e-01,-1.046419e+00,6.889769e-01,-1.578980e-01,-2.461648e-01,3.785780e-01,6.626260e-01,-4.162248e-02,-6.977364e-01,-1.429435e-02,0,0
9.901217e-04,-7.496499e+00,1.842427e+00,1.625825e+00,5.664751e+00,5.276660e-01,-8.884862e-01,2.829490e-01,4.511990e+00,4.912525e+00,5.605980e+00,-5.093932e-01,-3.699650e-01,2.629193e-02,0,1.527380e-01,1.063499e-05,1.189905e+00,1.692242e-01,-1.419642e+00,-5.763763e-01,-9.973461e-01,1.182774e+00,8.760045e-02,-5.139139e-02,-6.601763e-02,7.921680e-01,5.661373e-01,-4.015226e-01,-7.101844e-03,0,-4.159479e-03
9.761773e-04,-6.442472e+00,3.299378e+00,-1.935773e+00,3.575241e+00,-2.615450e-01,1.575636e+00,3.966132e-01,4.583726e+00,4.783434e+00,5.738029e+00,1.183890e-01,-5.114895e-01,2.780296e-02,0,0,9.292178e-06,1.727889e+00,1.260769e+00,-2.840096e+00,-3.011342e+00,-1.146912e+00,1.827983e+00,5.416980e-01,-5.417184e-01,-1.695006e+00,-5.858986e-01,1.446418e+00,5.119802e-01,1.511028e-04,0,6.037821e-02
9.909339e-04,-3.355433e+00,5.650661e+00,-5.901576e+00,-1.308846e+00,-9.454463e-01,3.939555e+00,6.056762e-02,3.258185e+00,1.320488e+00,5.163205e+00,4.473619e+00,1.540753e-01,3.203385e-02,0,2.083096e-01,2.637208e-05,1.902982e+00,1.862240e+00,-2.902215e+00,-4.248257e+00,-1.594992e+00,1.887391e+00,1.581173e+00,-1.128813e+00,-3.345505e+00,-2.208535e+00,1.242912e+00,1.181334e+00,4.956181e-03,0,1.413439e-01
1.032491e-03,-1.262405e+00,8.433423e+00,-8.672645e+00,-8.062716e+00,-3.360193e+00,6.663328e+00,3.330146e+00,7.152681e-01,-4.174805e+00,2.156213e-01,4.860733e+00,2.642507e+00,3.626473e-02,0,4.268433e-01,3.467462e-05,1.388748e+00,1.573104e+00,-1.981956e+00,-3.769815e+00,-1.965111e+00,1.102288e+00,2.530001e+00,-1.024673e+00,-3.490531e+00,-2.903465e+00,1.044267e-01,1.346504e+00,7.887580e-03,0,1.757686e-01
1.093825e-03,-5.716239e-01,8.586604e+00,-9.516816e+00,-9.757556e+00,-5.897971e+00,6.004623e+00,6.722050e+00,8.021535e-01,-7.335883e+00,-2.675490e+00,3.333996e+00,3.959705e+00,4.684195e-02,0,6.460357e-01,3.065455e-05,5.020230e-01,9.154469e-01,-9.539485e-01,-2.164422e+00,-1.912199e+00,3.058699e-01,2.517009e+00,-4.693684e-01,-2.067204e+00,-2.801800e+00,-1.280916e+00,7.980488e-01,1.021457e-02,0,1.147470e-01
1.098105e-03,-8.906372e-01,9.696926e+00,-1.003793e+01,-1.104948e+01,-7.610840e+00,6.054544e+00,9.715877e+00,6.883793e-01,-8.341036e+00,-4.859949e+00,1.210334e+00,4.318216e+00,5.983681e-02,0,6.599801e-01,1.274325e-05,2.272027e-02,2.547827e-01,-2.005730e-01,-6.789252e-01,-1.283979e+00,-1.734527e-01,1.284399e+00,7.861550e-02,-1.453277e-01,-1.711361e+00,-1.504494e+00,-3.136671e-01,8.854638e-03,0,5.076734e-02
1.111400e-03,-1.031202e+00,9.596145e+00,-9.988675e+00,-1.063757e+01,-8.381116e+00,5.773297e+00,9.452747e+00,9.247872e-01,-6.932416e+00,-6.308010e+00,-1.057615e-01,3.306465e+00,7.132064e-02,0,6.654763e-01,-1.603505e-06,-5.664562e-02,7.005043e-02,2.251125e-01,-2.676767e-01,-5.123218e-01,-2.331840e-01,-3.096685e-02,3.296483e-01,9.717047e-01,-1.006724e+00,-1.295790e+00,-5.396639e-01,3.626472e-03,0,6.407589e-03
1.087420e-03,-9.190142e-01,9.202566e+00,-9.439580e+00,-1.101733e+01,-8.538518e+00,5.911728e+00,8.386792e+00,1.047029e+00,-5.103177e+00,-6.524923e+00,-9.418597e-01,1.400791e+00,6.829858e-02,0,6.709597e-01,6.256276e-07,7.350364e-02,-2.355928e-02,4.749680e-01,-4.333757e-01,-6.823444e-03,-2.806534e-01,-8.660805e-01,7.658779e-01,7.649797e-01,-1.352905e-01,-7.491807e-01,-3.433558e-01,-2.629193e-03,0,3.391147e-03
1.091150e-03,-8.406635e-01,9.184036e+00,-8.690429e+00,-1.111201e+01,-7.995741e+00,4.910112e+00,7.231758e+00,2.271070e+00,-4.096289e+00,-6.876624e+00,-2.068856e+00,2.720097e+00,6.074343e-02,0,6.725838e-01,6.697851e-06,7.487717e-02,2.444871e-01,5.190188e-01,-8.941154e-01,8.886079e-02,-1.494268e-01,-9.414698e-01,9.340645e-01,7.251072e-02,3.986706e-01,-3.426662e-01,3.049039e-01,-4.230884e-03,0,1.299626e-03
1.111358e-03,-6.183882e-01,9.785184e+00,-8.312214e+00,-1.297914e+01,-7.837645e+00,5.082870e+00,6.495969e+00,3.844627e+00,-5.934201e+00,-5.252095e+00,-1.554022e+00,2.894621e+00,5.197945e-02,0,6.733820e-01,1.531101e-05,4.234940e-02,5.099089e-01,3.327319e-01,-7.307301e-01,-1.269083e-01,-3.777555e-01,-6.966463e-01,1.003888e+00,-6.704254e-02,5.709096e-01,-7.988791e-02,4.060782e-01,-6.044112e-04,0,-6.792784e-04
1.132920e-03,-8.071291e-01,1.052727e+01,-7.957264e+00,-1.412725e+01,-8.287249e+00,5.440592e+00,5.690810e+00,4.196311e+00,-6.154351e+00,-4.951071e+00,-1.513011e+00,4.084070e+00,5.832578e-02,0,6.707633e-01,6.023375e-06,-2.723389e-02,5.522854e-01,4.034169e-01,1.550446e-02,-4.769924e-01,-7.840310e-01,-1.679459e-01,9.335562e-01,5.901520e-01,6.449406e-01,-7.846582e-02,-1.252046e-01,3.747357e-03,0,-4.934949e-03
1.143090e-03,-7.240344e-01,1.108049e+01,-8.142503e+00,-1.316337e+01,-9.027306e+00,3.757710e+00,5.674035e+00,5.103850e+00,-4.409359e+00,-4.633152e+00,-1.619222e+00,2.749196e+00,6.648535e-02,0,6.684735e-01,-1.314370e-05,-2.431908e-01,5.569341e-01,9.006871e-01,1.182863e+00,-4.991363e-01,-1.355846e+00,5.230975e-02,9.389616e-01,1.991906e+00,5.529870e-01,-4.973672e-01,-5.873728e-01,4.774856e-03,0,-1.060140e-02
1.105401e-03,-9.240099e-01,1.129781e+01,-6.758200e+00,-1.094238e+01,-9.785872e+00,1.652537e+00,6.802996e+00,6.309240e+00,-1.907950e+00,-3.961392e+00,-2.428586e+00,2.166787e+00,7.222726e-02,0,6.503633e-01,-3.403162e-05,-4.232011e-01,4.138907e-01,1.422880e+00,1.826575e+00,-6.020155e-02,-1.281428e+00,2.009582e-03,7.820209e-01,2.332577e+00,6.039313e-01,-1.374962e-01,-6.484802e-01,1.148383e-03,0,-5.614522e-02
1.059399e-03,-1.775902e+00,1.218459e+01,-4.408310e+00,-8.657260e+00,-9.584014e+00,1.976697e-01,6.201425e+00,7.482971e+00,1.902127e+00,-2.981999e+00,-3.583071e+00,9.163981e-01,6.890299e-02,0,6.305750e-01,-4.740149e-05,-6.629050e-01,2.622787e-01,1.663622e+00,1.844796e+00,6.926645e-01,-4.744950e-01,-3.167496e-01,3.680992e-03,1.893952e+00,6.576105e-01,3.249025e-01,-6.764080e-02,-3.898460e-03,0,-1.173787e-01
1.004608e-03,-2.397201e+00,1.204468e+01,-2.709960e+00,-7.247425e+00,-8.309902e+00,8.134726e-01,5.437162e+00,6.916855e+00,2.352790e+00,-2.756990e+00,-1.218568e+00,1.758067e+00,6.285887e-02,0,4.089864e-01,-4.123807e-05,-6.825532e-01,1.234787e-01,1.015282e+00,1.375907e+00,1.386022e+00,2.610801e-01,-3.512210e-01,-5.455588e-01,8.735209e-01,5.967586e-01,1.010687e+00,2.024215e-01,-6.134784e-03,0,-1.729033e-01
9.564792e-04,-3.301964e+00,1.201845e+01,-1.848513e+00,-5.786860e+00,-6.301968e+00,1.804767e+00,4.773203e+00,4.818448e+00,2.930033e+00,-1.947300e+00,-5.997179e-01,2.615352e+00,5.167724e-02,0,2.022686e-01,-2.030137e-05,-3.888390e-01,-6.602802e-02,1.160469e-01,4.593780e-01,1.338754e+00,4.076206e-01,2.546166e-01,-6.027750e-01,-4.674954e-02,6.251415e-01,8.945590e-01,-7.787959e-02,-4.895739e-03,0,-1.259565e-01
9.506703e-04,-3.573745e+00,1.199827e+01,-2.961689e+00,-5.498041e+00,-4.496785e+00,2.154389e+00,5.761002e+00,4.913708e+00,1.945701e+00,-1.494949e+00,1.133174e+00,2.329417e+00,5.016622e-02,0,0,1.362864e-05,1.411452e-01,-1.928012e-01,-7.184007e-01,-6.383734e-01,6.160835e-01,-2.713089e-02,7.535634e-01,1.030381e-01,-4.436883e-01,5.152584e-01,4.182582e-02,-5.308489e-01,-1.843458e-03,0,4.201421e-03
9.848609e-04,-3.131825e+00,1.187765e+01,-3.702211e+00,-7.235062e+00,-4.796802e+00,1.565315e+00,7.312588e+00,5.470669e+00,1.871924e+00,-4.873126e-01,-2.861474e-01,2.413253e-01,5.077063e-02,0,2.052856e-01,5.176161e-05,7.814258e-01,-3.128392e-01,-1.298287e+00,-1.889784e+00,-3.478710e-01,-1.202774e-03,1.035431e+00,3.207020e-01,-1.016138e+00,6.431785e-02,-5.036917e-01,-2.406727e-01,-9.368382e-04,0,1.339715e-01
1.058560e-03,-1.776544e+00,1.115107e+01,-5.375114e+00,-9.715191e+00,-5.982068e+00,7.975445e-01,7.935287e+00,7.105935e+00,6.634030e-01,-9.106922e-01,-1.166224e+00,2.908361e-01,5.409489e-02,0,4.284850e-01,8.454432e-05,1.071529e+00,-3.544911e-01,-1.554807e+00,-2.511982e+00,-8.762415e-01,6.474922e-01,7.496544e-01,-2.218842e-01,-1.586481e+00,-6.169518e-01,-5.997585e-01,8.071738e-01,-3.173165e-03,0,1.824100e-01
1.161342e-03,-2.934349e-01,1.087785e+01,-7.133235e+00,-1.312720e+01,-7.298682e+00,2.477176e+00,8.863216e+00,5.325844e+00,-1.509507e+00,-1.917839e+00,-1.968478e+00,2.431279e+00,4.502871e-02,0,6.578836e-01,1.062816e-04,9.751612e-01,-3.967289e-01,-1.799279e+00,-2.175916e+00,-8.491598e-01,1.554402e+00,3.378355e-01,-1.149001e+00,-2.006136e+00,-1.131412e+00,1.111443e-01,1.582161e+00,-4.956180e-03,0,1.234235e-01
1.285151e-03,3.647059e-01,1.072571e+01,-9.020213e+00,-1.511188e+01,-7.627052e+00,4.935919e+00,8.733959e+00,3.876699e+00,-4.295990e+00,-3.864445e+00,-1.024454e+00,5.270309e+00,3.717135e-02,0,6.857513e-01,1.021080e-04,6.476275e-01,-4.966539e-01,-1.701481e+00,-1.281801e+00,-6.852044e-01,1.936605e+00,2.301800e-01,-1.904746e+00,-2.138027e+00,-9.526504e-01,8.049093e-01,1.400111e+00,-4.200665e-03,0,5.705373e-02
1.402973e-03,6.733559e-01,1.010669e+01,-1.087606e+01,-1.541630e+01,-8.220109e+00,7.268137e+00,8.602429e+00,1.340280e+00,-5.679060e+00,-4.667496e+00,1.986889e-01,5.662393e+00,3.445150e-02,0,6.937699e-01,7.387119e-05,3.490335e-01,-6.481511e-01,-1.440352e+00,-2.223072e-01,-5.096537e-01,1.469840e+00,2.200685e-01,-1.899414e+00,-1.922507e+00,-1.306579e-01,1.156497e+00,5.843845e-01,-1.208825e-03,0,8.573961e-03
1.448285e-03,9.781982e-01,9.053388e+00,-1.201111e+01,-1.497965e+01,-8.947376e+00,8.085091e+00,9.216580e+00,-4.250137e-01,-7.941956e+00,-4.299116e+00,1.774740e+00,5.675835e+00,3.838018e-02,0,6.958105e-01,3.344556e-05,1.970472e-01,-5.642744e-01,-9.991514e-01,7.602616e-02,-3.534400e-01,1.025884e+00,4.694695e-01,-1.704991e+00,-1.554457e+00,6.733173e-01,1.139714e+00,-1.423882e-01,9.368394e-04,0,2.142113e-03
1.449132e-03,1.144987e+00,8.473260e+00,-1.283954e+01,-1.430486e+01,-9.186789e+00,8.251791e+00,9.722248e+00,-2.020369e+00,-9.299058e+00,-2.353793e+00,2.414412e+00,5.150439e+00,3.838018e-02,0,6.957238e-01,-5.761161e-06,3.122509e-04,-3.830711e-01,-2.348242e-01,-1.735741e-01,-8.280782e-02,6.045877e-01,3.285507e-01,-9.852601e-01,-9.358312e-01,7.513326e-01,6.826850e-01,-3.187785e-01,1.299486e-03,0,7.981062e-06
1.429300e-03,1.114127e+00,8.721053e+00,-1.303423e+01,-1.528747e+01,-8.910913e+00,9.573514e+00,1.052140e+01,-2.967931e+00,-1.025828e+01,-1.654710e+00,3.566255e+00,4.814346e+00,3.989121e-02,0,6.954849e-01,-2.707706e-05,-1.880411e-01,-1.340505e-01,3.859941e-01,-4.857009e-01,2.536916e-01,6.222543e-01,-1.319417e-01,-4.570566e-01,1.468838e-01,2.444191e-01,-8.040889e-02,-3.913923e-01,1.631913e-03,0,-1.733494e-03
1.383660e-03,6.069529e-01,8.357498e+00,-1.153862e+01,-1.613026e+01,-8.652380e+00,9.546865e+00,9.592774e+00,-2.314562e+00,-9.200055e+00,-2.233036e+00,2.716357e+00,4.499245e+00,4.019341e-02,0,6.939726e-01,-4.230435e-05,-3.078440e-01,-8.334732e-03,8.185219e-01,-4.196099e-01,4.254490e-01,2.255444e-01,-7.313572e-01,1.600349e-01,8.674988e-01,-3.253259e-01,-7.253693e-01,-6.279777e-01,2.689634e-03,0,-3.549939e-03
1.345635e-03,3.070097e-01,8.441016e+00,-1.073160e+01,-1.649545e+01,-7.946123e+00,1.054883e+01,8.621609e+00,-2.563200e+00,-7.257039e+00,-3.137398e+00,1.221723e+00,4.044470e+00,4.563312e-02,0,6.880186e-01,-4.488379e-05,-2.549499e-01,1.123099e-01,6.648029e-01,1.192378e-01,2.515408e-01,-1.409829e-01,-1.188583e+00,4.080493e-01,9.783207e-01,-5.237908e-01,-9.054660e-01,-1.025514e+00,2.810517e-03,0,-6.164855e-03
1.279442e-03,9.325127e-03,8.571605e+00,-9.898246e+00,-1.579891e+01,-7.541939e+00,8.891857e+00,7.015357e+00,-1.422560e+00,-6.462184e+00,-3.239078e+00,-4.016829e-02,2.395489e+00,4.895739e-02,0,6.817072e-01,-4.606214e-05,-1.871353e-01,3.064575e-01,5.101534e-01,5.435897e-01,-1.418355e-01,-4.084252e-01,-1.120158e+00,3.425581e-01,6.714191e-01,-3.486079e-01,-6.952735e-01,-1.167540e+00,2.326987e-03,0,-7.906062e-03
1.256990e-03,1.381911e-01,9.175550e+00,-1.053040e+01,-1.485695e+01,-8.208429e+00,9.196103e+00,5.867190e+00,-1.373685e+00,-6.735610e+00,-3.770643e+00,4.171874e-01,7.386543e-01,4.956180e-02,0,6.707933e-01,-4.363181e-05,-1.810910e-01,3.175915e-01,5.722154e-01,7.501178e-01,-6.220811e-01,-6.895818e-01,-6.520168e-01,3.188217e-01,3.577084e-01,-3.977555e-01,-3.405280e-01,-7.152733e-01,1.420369e-03,0,-7.733470e-03
1.197672e-03,-2.443141e-01,9.522519e+00,-9.088454e+00,-1.423156e+01,-9.230404e+00,8.181100e+00,5.369194e+00,-1.196529e+00,-6.103673e+00,-3.659454e+00,-3.577433e-01,3.144521e-01,4.986401e-02,0,6.630549e-01,-4.238493e-05,-2.354036e-01,3.633677e-01,6.606712e-01,8.963777e-01,-5.239248e-01,-1.148565e+00,-1.000520e-01,4.035437e-01,6.847717e-01,-5.720950e-01,-5.049713e-01,2.232179e-01,1.783017e-03,0,-5.768246e-03
1.168361e-03,-4.716256e-01,9.553516e+00,-8.275421e+00,-1.352854e+01,-1.021230e+01,7.456295e+00,6.184606e+00,-1.082108e+00,-5.647752e+00,-4.915988e+00,-3.221292e-01,1.508622e+00,5.228166e-02,0,6.586774e-01,-4.497265e-05,-3.082041e-01,3.563564e-01,7.237878e-01,1.077667e+00,-1.259153e-01,-1.843294e+00,3.692410e-01,9.859770e-01,1.022699e+00,-9.248563e-01,-6.447752e-01,1.040510e+00,2.719855e-03,0,-3.683191e-03
1.111832e-03,-8.627844e-01,1.019946e+01,-7.722378e+00,-1.198123e+01,-9.159630e+00,4.018939e+00,6.356389e+00,4.493698e-01,-3.582255e+00,-5.526881e+00,-2.195367e+00,3.126595e+00,5.651255e-02,0,6.589239e-01,-4.229684e-05,-2.421896e-01,4.049445e-01,4.651825e-01,1.085386e+00,2.752139e-01,-1.638178e+00,4.393999e-01,1.132558e+00,9.966513e-01,-8.014469e-01,-3.765149e-01,9.701591e-01,2.447869e-03,0,-4.013312e-03
1.075047e-03,-1.093594e+00,1.061886e+01,-7.594497e+00,-1.059378e+01,-8.873393e+00,2.060715e+00,7.219798e+00,2.733250e+00,-2.882827e+00,-7.461211e+00,-1.887877e+00,4.535135e+00,5.983681e-02,0,6.544428e-01,-3.251712e-05,-1.835255e-01,3.534180e-01,3.096712e-01,7.027584e-01,4.193049e-01,-4.597425e-01,1.668781e-01,7.195552e-01,5.405880e-01,-2.541532e-01,1.886167e-01,7.981118e-01,4.835285e-04,0,-6.756258e-03
1.032845e-03,-1.144278e+00,1.101457e+01,-7.103004e+00,-1.027201e+01,-8.523786e+00,2.687998e+00,7.048598e+00,2.558581e+00,-2.502880e+00,-6.394077e+00,-1.457444e+00,3.651991e+00,5.832578e-02,0,6.451057e-01,-1.640893e-05,-7.061251e-02,2.624407e-02,1.698732e-01,3.061420e-01,1.384999e-01,6.775368e-01,-1.557893e-01,1.052210e-01,-7.149200e-02,7.863799e-01,8.770320e-01,1.637683e-01,-2.357208e-03,0,-9.491873e-03
1.045269e-03,-1.248506e+00,1.091305e+01,-7.036752e+00,-1.086936e+01,-8.433693e+00,5.823053e+00,6.672892e+00,1.461063e+00,-3.484500e+00,-5.753156e+00,2.519929e-01,5.236483e+00,5.379269e-02,0,6.318052e-01,-7.532036e-06,-1.596239e-01,-1.166222e-01,1.676724e-01,2.079142e-01,2.487972e-01,6.436277e-01,-6.126187e-01,-1.436924e-01,-2.672570e-01,1.747899e+00,1.233699e+00,-1.115849e-01,-4.563312e-03,0,-5.075474e-02
1.044676e-03,-1.138391e+00,1.018359e+01,-7.151885e+00,-1.031273e+01,-8.686980e+00,5.525454e+00,5.850895e+00,1.611568e+00,-3.638879e+00,-2.449009e+00,1.119858e+00,3.594762e+00,4.774857e-02,0,6.227834e-01,-1.346115e-05,-4.053941e-01,-2.482775e-01,6.026394e-01,8.370118e-01,5.135828e-01,-2.802632e-01,-7.560380e-01,-4.132605e-02,-5.531573e-02,2.238410e+00,1.636128e+00,-6.198657e-01,-5.137504e-03,0,-1.098444e-01
1.031471e-03,-1.894657e+00,1.045124e+01,-6.731695e+00,-9.533848e+00,-7.547810e+00,3.860126e+00,4.755556e+00,2.488294e+00,-3.651112e+00,-6.942501e-01,2.991966e+00,4.005825e+00,4.230886e-02,0,4.118303e-01,-2.931618e-05,-6.319005e-01,-2.270027e-01,1.097427e+00,1.570127e+00,1.066851e+00,-1.276810e+00,-1.049564e+00,-1.748525e-01,5.738440e-01,2.624254e+00,1.587874e+00,-1.465835e+00,-5.046842e-03,0,-1.680523e-01
9.724382e-04,-2.848173e+00,1.000409e+01,-4.242335e+00,-6.754707e+00,-6.398813e+00,2.268145e+00,4.227076e+00,1.838335e+00,-2.696152e+00,2.268519e+00,5.353212e+00,1.167992e+00,3.838018e-02,0,2.058713e-01,-3.314813e-05,-6.589725e-01,-1.501344e-01,1.563787e+00,1.920496e+00,1.184194e+00,-1.433500e+00,-1.258891e+00,-2.943152e-01,1.207635e+00,2.059828e+00,6.297272e-01,-1.561872e+00,-4.291327e-03,0,-1.657397e-01
9.348069e-04,-3.553118e+00,9.867787e+00,-3.004392e+00,-4.797736e+00,-4.243520e+00,1.067655e+00,2.236984e+00,4.734174e-01,-1.086643e+00,5.009348e+00,6.074684e+00,-8.793047e-01,3.324267e-02,0,0,-2.490072e-05,-3.660638e-01,-6.199875e-02,1.597891e+00,1.722445e+00,7.209868e-01,-1.298002e+00,-1.275796e+00,-1.092107e-01,1.516294e+00,1.010627e+00,-8.834941e-01,-1.342337e+00,-3.294046e-03,0,-1.029532e-01
9.272672e-04,-3.604023e+00,9.724641e+00,-1.196600e+00,-3.078309e+00,-4.418154e+00,-2.458081e-01,8.157235e-01,1.147431e+00,1.117060e+00,4.998333e+00,2.727136e+00,-1.772031e+00,3.082502e-02,0,0,-6.936077e-06,-2.330336e-01,3.442229e-01,1.655435e+00,1.198224e+00,3.455944e-01,-8.710847e-01,-1.085666e+00,5.261424e-01,1.219329e+00,-1.049881e+00,-2.118721e+00,-2.028197e-03,-3.022061e-03,0,-4.117426e-02
9.295531e-04,-3.347051e+00,1.028097e+01,-2.651068e-01,-2.759821e+00,-4.933205e+00,-1.372909e+00,8.225390e-02,2.287693e+00,2.023752e+00,2.993979e+00,-1.124667e-01,-1.235849e+00,2.961620e-02,0,0,1.429569e-06,-2.698490e-01,7.205998e-01,1.778404e+00,9.921864e-01,1.607762e-01,-3.720327e-01,-6.205937e-01,7.448629e-01,6.955466e-01,-2.167816e+00,-2.215517e+00,8.323671e-01,-1.903899e-03,0,0
9.403848e-04,-4.116374e+00,1.151861e+01,2.665199e+00,-1.782546e+00,-4.325999e+00,-8.669959e-01,-1.238872e-01,3.561909e+00,1.845297e+00,-1.973199e+00,-2.146817e+00,1.336123e+00,2.508311e-02,0,0,2.494379e-06,-4.490465e-01,9.114768e-01,1.618685e+00,8.364105e-01,5.811437e-01,-2.908712e-01,-7.463720e-01,8.974468e-01,2.280703e-01,-2.322340e+00,-1.448066e+00,9.388544e-01,-4.230885e-04,0,0
9.353960e-04,-4.646187e+00,1.257380e+01,3.956729e+00,-4.846851e-01,-3.485717e+00,-4.819146e-01,-3.961792e-01,2.990493e+00,2.026971e+00,-2.343965e+00,-2.565923e+00,1.728454e+00,2.659414e-02,0,0,5.789026e-06,-2.488527e-01,6.471922e-01,6.814731e-01,7.574159e-01,6.380993e-01,-9.226308e-01,-1.472259e+00,8.430713e-01,1.086715e-01,-1.448593e+00,-6.294525e-01,3.204073e-01,8.763978e-04,0,4.121276e-02
9.368176e-04,-5.199687e+00,1.313561e+01,4.785906e+00,-3.382421e-02,-2.236180e+00,-2.145662e+00,-2.676920e+00,5.283264e+00,2.255801e+00,-3.944392e+00,-3.286464e+00,1.440090e+00,3.022061e-02,0,0,1.493774e-05,3.599942e-01,-5.854187e-02,-8.292494e-01,4.983149e-01,4.025335e-01,-2.066413e+00,-2.300276e+00,6.340619e-01,6.783094e-02,-2.254250e-01,-1.113443e-02,-3.864575e-01,8.461768e-04,0,1.054219e-01
9.602818e-04,-4.049658e+00,1.270843e+01,2.081905e+00,1.528977e-01,-2.787618e+00,-5.346731e+00,-6.002524e+00,5.642372e+00,2.361857e+00,-3.263391e+00,-2.689905e+00,3.142036e-01,3.142944e-02,0,2.060638e-01,3.626025e-05,1.025142e+00,-7.876035e-01,-2.107147e+00,3.309012e-01,-9.012041e-02,-2.749134e+00,-2.550029e+00,1.124909e-01,-5.977633e-02,6.842813e-01,-4.982834e-02,-3.165746e-01,-8.763980e-04,0,1.717186e-01
1.002631e-03,-2.614668e+00,1.115858e+01,-5.436360e-01,3.902372e-01,-2.662380e+00,-8.766652e+00,-8.822097e+00,5.406279e+00,2.017009e+00,-2.640611e+00,-2.140498e+00,1.109603e-01,2.689634e-02,0,4.240777e-01,5.551419e-05,1.386693e+00,-1.331881e+00,-2.451656e+00,2.375441e-02,-5.731113e-01,-2.042448e+00,-2.005781e+00,-7.866507e-01,-2.483216e-01,1.643613e+00,-2.388799e-01,1.410077e-01,-7.555153e-04,0,1.766049e-01
1.083791e-03,-8.129864e-01,9.624297e+00,-3.914234e+00,9.577902e-01,-3.723219e+00,-1.091709e+01,-1.007374e+01,3.491441e+00,1.847486e+00,4.255513e-01,-3.388048e+00,8.101456e-01,2.387428e-02,0,6.465543e-01,6.429364e-05,1.106961e+00,-1.267938e+00,-1.714159e+00,-4.562542e-01,-7.605184e-01,-7.116199e-01,-1.106512e+00,-9.368809e-01,-2.995517e-02,1.410791e+00,-6.462906e-01,8.176880e-01,8.159563e-04,0,1.157140e-01
1.152634e-03,1.154407e-01,8.018273e+00,-4.474303e+00,-3.174984e-01,-4.633936e+00,-9.572721e+00,-1.067022e+01,2.425477e+00,1.271379e+00,2.429199e+00,-4.131792e+00,1.897157e+00,3.022061e-02,0,6.627792e-01,5.307551e-05,5.481216e-01,-8.928351e-01,-6.945836e-01,-1.002642e+00,-1.043023e+00,6.656839e-01,-1.854799e-01,-8.096251e-01,2.635029e-01,5.367255e-01,-5.805609e-01,1.326373e+00,2.508311e-03,0,4.957500e-02
1.206748e-03,1.200907e-01,7.938896e+00,-4.523556e+00,-1.774505e+00,-5.604433e+00,-8.501796e+00,-1.061102e+01,2.448369e+00,2.584896e+00,1.255658e+00,-4.925711e+00,3.509546e+00,3.384708e-02,0,6.652829e-01,2.424622e-05,-8.443384e-02,-3.901255e-01,3.364926e-01,-1.105704e+00,-1.069496e+00,7.697169e-01,6.565356e-01,-2.129310e-01,5.006347e-01,-7.784318e-01,-1.703596e-01,1.636861e+00,1.873678e-03,0,2.682763e-03
1.206529e-03,-3.405991e-01,7.537109e+00,-3.711893e+00,-3.256827e+00,-6.936888e+00,-6.645880e+00,-9.480853e+00,1.879689e+00,2.965818e+00,-3.720366e-01,-4.274471e+00,5.393125e+00,3.445150e-02,0,6.625884e-01,1.783622e-06,-4.133902e-01,-1.226647e-01,6.332244e-01,-5.190187e-01,-1.166535e+00,-2.258364e-01,1.538225e+00,4.291462e-01,1.971666e-02,-1.274430e+00,1.066997e-01,1.776880e+00,-8.159567e-04,0,-1.105994e-03
1.178074e-03,-1.007136e+00,7.914252e+00,-2.612976e+00,-3.101063e+00,-7.919224e+00,-8.531926e+00,-7.385740e+00,2.699680e+00,3.503440e+00,-2.065990e+00,-4.168507e+00,7.246466e+00,3.112723e-02,0,6.600635e-01,-1.115901e-05,-5.168842e-01,1.176898e-01,7.338933e-01,1.546584e-01,-1.094904e+00,-1.214227e+00,2.165584e+00,8.541193e-01,-1.062525e+00,-8.078694e-01,4.550870e-01,1.254916e+00,-2.206104e-03,0,-1.893121e-03
1.175889e-03,-1.387897e+00,7.417272e+00,-2.263471e+00,-2.249313e+00,-9.309216e+00,-1.068684e+01,-4.591735e+00,4.445552e+00,9.106911e-01,-2.282128e+00,-3.976896e+00,8.913098e+00,2.750076e-02,0,6.598589e-01,-1.000125e-05,-4.763042e-01,3.238045e-01,5.550297e-01,6.720041e-01,-8.254133e-01,-1.693074e+00,2.447461e+00,1.049975e+00,-1.915848e+00,-2.249051e-01,3.555456e-01,3.294905e-01,-1.873678e-03,0,-3.456157e-03
1.166273e-03,-1.940681e+00,8.587264e+00,-1.578301e+00,-1.504970e+00,-9.892791e+00,-1.255245e+01,-2.227661e+00,5.436034e+00,-1.700167e+00,-1.828644e+00,-2.799063e+00,8.024137e+00,2.629193e-02,0,6.571820e-01,-1.588711e-05,-4.624971e-01,5.821247e-01,6.450578e-01,7.841231e-01,-3.863226e-01,-8.420771e-01,2.066286e+00,5.477899e-01,-1.879316e+00,2.582830e-01,3.986264e-01,-1.012866e+00,-3.626479e-04,0,-1.026402e-02
1.162424e-03,-2.255347e+00,8.819626e+00,-1.454081e+00,-6.948530e-01,-1.007717e+01,-1.310099e+01,1.774104e-01,5.761387e+00,-4.011621e+00,-1.615235e+00,-3.181464e+00,6.651742e+00,2.750075e-02,0,6.467483e-01,-3.476072e-05,-7.263638e-01,6.411445e-01,1.100570e+00,1.157211e+00,7.479970e-01,5.983785e-01,1.241366e+00,-4.700317e-02,-5.443652e-01,1.216367e-01,2.574356e-01,-2.041232e+00,4.835296e-04,0,-5.652144e-02
1.105371e-03,-2.885896e+00,1.012370e+01,2.076182e-01,4.232268e-02,-9.466859e+00,-1.153524e+01,5.611156e-01,4.780712e+00,-3.431986e+00,-1.108021e+00,-2.573091e+00,3.312816e+00,2.931399e-02,0,6.152987e-01,-5.066327e-05,-1.188430e+00,3.615580e-01,1.324640e+00,1.368071e+00,1.722671e+00,2.103099e+00,3.848916e-01,-5.052603e-01,9.503440e-01,1.288606e-01,4.914574e-01,-2.100778e+00,-8.159563e-04,0,-1.185192e-01
1.032537e-03,-4.547109e+00,9.854777e+00,2.346418e+00,2.763097e+00,-5.782197e+00,-8.203553e+00,2.207080e-01,4.538198e+00,-9.452255e-01,-2.034255e+00,-2.802705e+00,1.062601e+00,2.840737e-02,0,3.981934e-01,-5.368913e-05,-1.800077e+00,-6.680317e-02,8.629981e-01,1.115862e+00,2.343175e+00,3.091998e+00,-2.158201e-01,-7.116677e-01,1.744896e+00,4.154269e-01,9.301746e-01,-1.292537e+00,-3.596252e-03,0,-1.719932e-01
9.779005e-04,-6.736952e+00,9.877479e+00,3.144648e+00,3.606410e+00,-3.426926e+00,-4.485676e+00,-3.248516e-01,3.521327e+00,1.518355e+00,-9.748306e-01,-5.311564e-01,3.148168e-01,2.175884e-02,0,1.888633e-01,2.042764e-05,-2.019105e+00,-8.231251e-01,-9.929768e-01,-7.476022e-02,1.504226e+00,2.906252e+00,9.380955e-02,-6.369563e-01,9.508482e-01,1.058401e+00,1.262078e+00,3.007841e-03,-2.538531e-03,0,-1.628791e-01
9.577135e-04,-9.330205e+00,8.608720e+00,1.392394e+00,3.102412e+00,-1.381262e+00,-1.165777e+00,-4.587068e-01,2.832741e+00,2.237685e+00,3.953042e-01,4.484414e-01,1.688057e+00,1.329707e-02,0,0,1.460335e-04,-1.948262e+00,-1.175105e+00,-2.753889e+00,-1.318810e+00,-5.277477e-01,1.959414e+00,1.129421e+00,-6.482056e-01,-3.524098e-01,1.490748e+00,1.461352e+00,5.965866e-01,4.170445e-03,0,-9.852500e-02
1.244921e-03,-1.058987e+01,6.631102e+00,-4.280254e+00,-5.011358e-01,-4.146197e+00,-5.228665e-01,1.369871e+00,2.448658e+00,-2.692002e-01,2.969205e+00,2.111725e+00,3.015127e+00,2.417649e-02,0,0,2.598799e-04,-2.031073e+00,-1.439836e+00,-2.689178e+00,-1.286440e+00,-1.293606e+00,9.411956e-01,1.728966e+00,-3.279444e-01,-1.599635e+00,1.343289e+00,1.677037e+00,7.194061e-01,1.338773e-02,0,-3.777266e-02
1.629194e-03,-1.236196e+01,5.602442e+00,-7.710575e+00,-1.777178e+00,-8.061299e+00,-3.878861e-01,5.020453e+00,1.833503e+00,-1.813497e+00,3.447465e+00,3.182615e+00,2.695379e+00,4.805077e-02,0,0,2.914808e-04,-2.057749e+00,-8.695181e-01,-3.540848e-01,-3.671544e-01,-5.501059e-01,2.732052e-01,1.307116e+00,7.010137e-01,-1.568660e+00,1.020379e+00,1.420634e+00,5.340220e-01,1.365972e-02,0,0
1.941560e-03,-1.537644e+01,4.181437e+00,-5.749756e+00,-3.859939e-01,-6.554939e+00,-1.686439e-01,5.580400e+00,2.381223e+00,-4.454227e+00,4.215536e+00,6.486940e+00,3.408186e+00,7.132065e-02,0,0,1.287027e-04,-1.544957e+00,7.156925e-02,2.552649e+00,8.908100e-01,1.564070e+00,2.220215e-01,-9.620309e-03,1.609762e+00,-7.307676e-01,8.019792e-01,5.095427e-01,3.554058e-01,3.475370e-03,0,0
2.066798e-03,-1.722566e+01,5.485962e+00,3.567216e-01,1.209069e+00,-2.927421e+00,2.313761e-02,3.971607e+00,6.371526e+00,-3.513099e+00,4.874032e+00,5.364004e+00,4.161638e+00,5.802357e-02,0,0,-8.273503e-05,1.824248e-01,1.102044e+00,3.330294e+00,9.569701e-01,2.237561e+00,-5.942456e-01,-1.057011e+00,2.019929e+00,2.423904e-01,5.188798e-01,-1.008600e+00,1.156984e-01,-7.766698e-03,0,0
1.669633e-03,-1.588280e+01,7.047188e+00,4.449342e+00,2.459791e+00,1.107212e+00,3.817294e-01,1.846192e+00,8.228456e+00,-3.073237e+00,6.265817e+00,3.568744e+00,4.059027e+00,3.656694e-02,0,0,-2.681989e-04,2.223802e+00,1.545831e+00,1.917362e+00,3.954421e-01,5.955378e-01,-1.810049e+00,-8.386237e-01,8.231549e-01,1.051381e+00,6.831861e-02,-2.136669e+00,-3.461804e-01,-1.009368e-02,0,0
1.351482e-03,-1.119665e+01,9.679784e+00,3.841346e+00,1.584780e+00,-7.045709e-01,-3.634300e+00,1.602499e+00,9.009532e+00,-1.292040e+00,5.016724e+00,-4.012855e-01,2.948451e+00,2.659414e-02,0,0,-2.689361e-04,3.356724e+00,6.728662e-01,-2.648212e-01,-4.671005e-01,-1.600149e+00,-3.324401e+00,1.148888e-02,-9.146248e-01,8.227828e-01,-6.911807e-02,-2.036612e+00,-4.532468e-01,-2.598972e-03,0,3.928137e-02
9.582234e-04,-7.271934e+00,9.813682e+00,2.094743e+00,1.403361e+00,-4.688674e+00,-7.390172e+00,2.571835e+00,5.177995e+00,-3.078535e-01,4.485783e+00,-1.313761e+00,2.283878e+00,3.656694e-02,0,0,-1.167061e-04,3.153874e+00,-6.259258e-01,-1.416865e+00,-1.142652e+00,-3.090789e+00,-3.739049e+00,1.392298e+00,-1.944901e+00,3.497138e-01,5.209134e-01,-1.394081e+00,-2.707723e-01,2.629193e-03,0,9.836833e-02
1.077822e-03,-4.747480e+00,7.467046e+00,2.099148e-01,-5.982191e-01,-8.030224e+00,-1.271292e+01,3.666230e+00,3.323632e+00,-7.818767e-01,5.418458e+00,-2.377802e+00,2.782979e+00,4.502871e-02,0,1.964069e-01,2.950165e-05,2.216946e+00,-1.676604e+00,-1.523298e+00,-1.410444e+00,-2.834836e+00,-3.093455e+00,2.208691e+00,-1.803061e+00,-4.404095e-01,1.372206e+00,-2.968988e-01,-1.453458e-01,1.903898e-03,0,1.598988e-01
1.222932e-03,-3.338021e+00,5.023928e+00,-8.192680e-01,-2.161971e+00,-1.068391e+01,-1.377421e+01,7.775815e+00,1.346899e+00,-1.579750e+00,8.669517e+00,-2.413403e+00,2.787902e+00,4.049562e-02,0,3.936382e-01,1.085209e-04,1.465374e+00,-1.381658e+00,-1.392116e+00,-1.421980e+00,-1.795904e+00,-1.566661e+00,1.682633e+00,-4.694607e-01,-4.911179e-01,1.112221e+00,3.913435e-01,-2.128797e-01,-3.022062e-03,0,1.647636e-01
1.366636e-03,-2.078880e+00,3.691640e+00,-2.318139e+00,-3.684775e+00,-1.188114e+01,-1.590956e+01,1.004396e+01,1.909777e+00,-2.858139e+00,9.785886e+00,-1.335958e+00,1.969710e+00,3.414929e-02,0,6.026747e-01,4.972053e-05,1.011105e+00,-8.134651e-02,-1.235337e+00,-1.013770e+00,-7.006561e-01,6.244424e-01,5.977082e-02,1.218187e-01,7.585412e-02,-2.489555e-01,1.013651e+00,-4.484902e-01,-6.134785e-03,0,1.114580e-01
1.356421e-03,-1.279366e+00,4.793095e+00,-3.601810e+00,-4.163263e+00,-1.174274e+01,-1.362516e+01,7.796133e+00,3.537620e+00,-1.725312e+00,7.863172e+00,1.220353e-01,1.626114e+00,2.689634e-02,0,6.206841e-01,-2.511492e-05,6.628534e-01,1.253244e+00,-8.982819e-01,-5.302297e-01,1.893843e-01,2.303485e+00,-1.839013e+00,-2.451637e-01,6.558764e-01,-1.576989e+00,8.720096e-01,-3.014696e-01,-6.618314e-03,0,5.363299e-02
1.259680e-03,-7.212830e-01,7.175730e+00,-4.575500e+00,-4.666422e+00,-1.100409e+01,-9.665232e+00,3.954926e+00,2.837365e+00,-3.298253e-01,4.576853e+00,1.422733e+00,1.121422e+00,2.115443e-02,0,6.401737e-01,-7.852215e-05,2.688351e-01,2.070059e+00,-2.501374e-01,-1.877625e-01,7.778977e-01,3.678345e+00,-2.413983e+00,-1.352852e+00,5.649385e-01,-1.923486e+00,5.591074e-01,-6.673777e-02,-6.436990e-03,0,9.603227e-03
1.150835e-03,-7.025520e-01,9.548102e+00,-4.181997e+00,-4.322296e+00,-1.017551e+01,-5.378946e+00,1.625269e+00,-3.427142e-01,4.354749e-01,3.389086e+00,5.672994e-01,1.704698e+00,1.390148e-02,0,6.430537e-01,-7.638703e-05,-2.477768e-02,2.013932e+00,4.336215e-01,-2.406170e-01,1.110046e+00,3.225990e+00,-1.719887e+00,-1.833682e+00,-3.840916e-01,-1.450285e+00,6.042052e-02,1.283472e-02,-4.653974e-03,0,1.922929e-03
1.076818e-03,-1.023111e+00,1.166443e+01,-3.278732e+00,-4.544071e+00,-8.775263e+00,-1.640935e+00,1.059481e+00,-2.914315e+00,-1.113840e+00,2.405500e+00,1.236946e+00,1.596729e+00,8.461771e-03,0,6.395060e-01,-5.010795e-05,-2.239619e-01,1.541399e+00,8.381640e-01,-3.362781e-01,1.007441e+00,2.120971e+00,-7.752792e-01,-1.101841e+00,-1.327734e+00,-1.044511e+00,-1.476713e-02,-1.853128e-01,3.022039e-05,0,-3.312886e-03
1.065917e-03,-1.252340e+00,1.261841e+01,-2.082086e+00,-5.427523e+00,-7.306921e+00,-1.507357e+00,6.444209e-01,-2.754951e+00,-3.253762e+00,1.697424e+00,5.170314e-01,1.452634e+00,9.972801e-03,0,6.306326e-01,-2.194629e-05,-2.203813e-01,8.991805e-01,7.888478e-01,-2.997649e-01,5.971232e-01,7.020601e-01,-1.112464e-02,-2.482385e-01,-1.652819e+00,-8.178010e-01,-5.378328e-02,-3.835771e-01,6.799637e-03,0,-4.323363e-03
1.051600e-03,-1.566199e+00,1.334757e+01,-1.434636e+00,-5.795199e+00,-7.401179e+00,-9.961732e-01,5.689537e-01,-1.465722e+00,-5.123877e+00,2.001278e-01,1.374032e+00,3.208897e-01,2.326987e-02,0,6.298198e-01,-1.097622e-05,-1.355269e-01,2.081165e-01,4.905083e-01,2.640971e-01,-1.009679e-01,-6.761988e-02,-3.149496e-02,5.211227e-02,-6.166436e-01,-5.531814e-01,-3.764473e-01,-4.121931e-01,1.169538e-02,0,-2.588129e-03
1.053713e-03,-1.532915e+00,1.320243e+01,-1.159806e+00,-5.195557e+00,-7.876935e+00,-2.191026e+00,1.814909e+00,-2.308203e+00,-5.823604e+00,4.027669e-01,2.298403e-01,4.247321e-01,4.049562e-02,0,6.262800e-01,-1.202829e-05,-4.113061e-02,-2.920539e-01,2.591266e-01,6.625799e-01,-4.313272e-01,-1.059249e-01,-5.202047e-01,-1.419922e-01,7.474459e-01,-8.671733e-02,-5.068241e-01,-1.910239e-01,1.142339e-02,0,-1.250762e-03
1.028039e-03,-1.560458e+00,1.241300e+01,-1.287331e+00,-3.339569e+00,-8.995095e+00,-1.637200e+00,3.167621e-01,-2.877128e+00,-2.912137e+00,2.869218e-01,-5.016946e-01,4.971409e-02,5.167725e-02,0,6.287417e-01,-1.390055e-05,-5.379505e-02,-5.631359e-01,2.523204e-01,6.956866e-01,-3.228206e-01,2.496774e-02,-1.298712e+00,-1.011120e-01,1.691797e+00,3.550762e-02,-5.209171e-01,1.301244e-01,8.431550e-03,0,-4.258235e-02
1.017556e-03,-1.460863e+00,1.162542e+01,-8.601055e-01,-3.342439e+00,-8.666598e+00,-1.716468e+00,-1.830507e+00,-2.759209e+00,-6.224025e-01,1.220441e+00,-1.079226e+00,6.331019e-01,5.288607e-02,0,6.249179e-01,-1.372851e-05,-7.171652e-02,-4.953821e-01,3.656333e-01,2.436233e-01,-2.158891e-01,2.507663e-01,-1.203396e+00,-3.414222e-02,1.154875e+00,-8.036791e-02,2.039773e-01,1.555578e-01,5.651254e-03,0,-6.530046e-02
1.000176e-03,-1.871200e+00,1.132040e+01,-3.228846e-01,-3.243325e+00,-8.620450e+00,-1.108614e+00,-4.101898e+00,-1.745778e+00,7.345092e-01,-3.117100e-02,-5.760206e-01,8.673266e-01,5.923240e-02,0,4.175891e-01,-1.265502e-05,-5.897247e-02,-2.831708e-01,2.797294e-01,-1.497603e-01,6.929245e-02,2.211816e-01,-3.436371e-01,-2.299633e-01,-1.686220e-01,-4.387395e-02,7.256982e-01,-7.688375e-02,3.142944e-03,0,-1.080899e-01
9.990023e-04,-1.736127e+00,1.127182e+01,1.861376e-01,-4.025562e+00,-9.143703e+00,-1.201488e+00,-1.992742e+00,-3.044589e+00,-1.872554e+00,1.599737e-01,1.286890e+00,7.937150e-01,6.497432e-02,0,4.053539e-01,-8.451932e-06,-1.379108e-02,-1.549904e-01,8.878175e-02,-8.616474e-02,1.373115e-01,-1.350773e-01,5.422779e-01,-1.730559e-01,-8.835585e-01,1.210101e-01,4.943643e-01,-5.337601e-01,-2.085222e-03,0,-6.666090e-02
9.740409e-04,-1.717689e+00,1.117395e+01,-4.118050e-01,-3.746809e+00,-8.410081e+00,-7.887822e-01,-1.320306e+00,-3.884254e+00,-3.130172e+00,5.977855e-01,1.943739e+00,-4.150112e-01,6.134784e-02,0,1.980743e-01,-3.018626e-06,-3.703046e-03,-5.887985e-02,-1.026546e-01,7.686331e-02,2.455636e-01,-6.894968e-01,6.501235e-01,9.524097e-02,-5.028966e-01,8.097412e-01,-2.591668e-01,-8.225088e-01,-1.009368e-02,0,-2.767292e-03
9.883638e-04,-1.606574e+00,1.092370e+01,-3.717366e-01,-3.521520e+00,-8.085225e+00,-2.551770e+00,-5.099129e-01,-2.555251e+00,-3.107855e+00,1.511013e+00,1.327157e-01,-1.394530e+00,4.140224e-02,0,4.013708e-01,4.445418e-06,-1.345824e-01,7.290898e-02,-1.295000e-01,2.420808e-01,1.261602e-01,-9.633800e-01,1.594490e-01,5.496651e-01,6.072341e-01,9.026168e-01,-9.780548e-01,-6.720945e-01,-1.514053e-02,0,6.206660e-02
9.904020e-04,-1.954491e+00,1.120006e+01,-5.572205e-01,-3.111029e+00,-7.921871e+00,-3.880956e+00,-1.592695e+00,-1.514243e+00,-1.162323e+00,3.342016e+00,-1.294767e+00,-2.151095e+00,2.055001e-02,0,4.057442e-01,4.592468e-06,-2.513205e-01,1.839997e-01,1.763927e-02,5.934815e-02,-9.614887e-02,-6.900395e-01,9.124095e-02,2.897729e-01,8.768892e-01,9.244612e-01,-6.484248e-01,-3.623109e-01,-1.405258e-02,0,6.314437e-02
1.013049e-03,-2.290637e+00,1.162331e+01,-3.886548e-01,-3.133048e+00,-8.757007e+00,-4.472300e+00,-1.059302e+00,-1.481270e+00,1.796923e-01,3.300943e+00,-1.984131e+00,-1.698715e+00,9.670596e-03,0,6.118520e-01,-4.152697e-06,-3.688852e-01,1.574753e-01,1.554391e-01,-3.853400e-02,4.620576e-02,2.516920e-01,-2.078767e-01,2.562215e-02,6.458575e-01,4.452569e-01,-1.155189e-01,-2.329216e-02,-6.799637e-03,0,-3.877147e-02
9.846607e-04,-2.632260e+00,1.174414e+01,-3.151495e-01,-3.644304e+00,-8.554935e+00,-3.278714e+00,-5.894068e-01,-2.972381e+00,-3.894989e-01,4.325127e+00,-2.399623e-01,-2.074473e+00,6.950740e-03,0,4.085555e-01,-1.248262e-05,-3.230359e-01,-2.103977e-02,2.330398e-01,1.893139e-02,5.351871e-01,8.713785e-01,-4.356547e-01,-7.021312e-02,1.834860e-01,-1.076291e-01,2.565473e-01,1.603191e-01,1.722575e-03,0,-1.217233e-01
9.704709e-04,-3.112116e+00,1.143904e+01,2.844234e-01,-3.447553e+00,-7.537664e+00,-1.594431e+00,-2.050940e+00,-1.698071e+00,-2.649796e-01,3.245742e+00,-9.722816e-01,-1.549302e+00,1.420369e-02,0,2.061078e-01,-1.304331e-05,-1.984495e-01,-1.032492e-01,1.134445e-01,2.128926e-01,8.671910e-01,8.956453e-01,-7.262934e-01,-9.840167e-02,3.479385e-01,-3.262669e-01,1.950317e-01,1.225943e-01,8.824418e-03,0,-1.632259e-01
9.492778e-04,-3.158932e+00,1.118700e+01,2.714394e-01,-2.859120e+00,-5.855606e+00,-9.629983e-01,-3.275150e+00,-1.756907e+00,-2.255760e-02,2.831470e+00,-5.179556e-01,-1.424206e+00,2.689634e-02,0,0,-3.574987e-06,9.235335e-03,-2.224110e-01,-9.938115e-02,5.218197e-01,6.508740e-01,2.292966e-01,-3.152314e-01,-8.772226e-02,4.124648e-01,-6.133183e-01,2.627752e-01,2.169485e-01,1.172560e-02,0,-1.023219e-01
9.655237e-04,-3.019549e+00,1.138563e+01,-1.147267e-01,-2.461178e+00,-5.770716e+00,-1.151931e+00,-3.347898e+00,-2.581015e+00,1.735914e+00,2.416437e+00,-8.699756e-01,-1.410877e+00,4.381989e-02,0,0,1.336922e-05,1.732421e-01,-5.526937e-01,-5.505819e-02,5.877180e-01,-6.574040e-01,-7.297422e-01,8.016136e-01,-2.982882e-01,2.849762e-01,-9.269919e-02,3.926069e-01,4.273572e-01,1.066788e-02,0,-2.009445e-03
9.692594e-04,-2.632366e+00,1.065878e+01,-6.124802e-01,-1.528393e+00,-6.184039e+00,-2.353481e+00,-1.517085e+00,-2.969520e+00,6.723784e-01,1.673188e+00,1.022761e+00,-1.058943e+00,5.077063e-02,0,0,3.418108e-05,1.409037e-01,-9.330872e-01,4.078445e-01,1.654268e-01,-2.095144e+00,-1.127982e+00,1.721331e+00,-3.725160e-01,-9.097368e-03,7.271710e-01,-8.267369e-02,1.150434e+00,6.074344e-03,0,9.991409e-02
1.027326e-03,-2.509188e+00,8.939675e+00,4.510922e-01,-1.174326e+00,-1.066047e+01,-4.547901e+00,1.078095e+00,-2.583206e+00,8.124332e-01,3.361387e+00,2.203944e-01,4.048527e-01,5.560592e-02,0,1.960605e-01,4.956626e-05,4.620099e-03,-1.023416e+00,7.385983e-01,-6.748871e-01,-2.937031e+00,-9.514033e-01,1.894231e+00,-4.722128e-01,-6.972097e-02,1.566611e+00,-8.330899e-01,1.938328e+00,1.148384e-03,0,1.625393e-01
1.089282e-03,-2.709594e+00,7.744543e+00,2.027753e+00,-2.675412e+00,-1.388645e+01,-4.904922e+00,3.118511e+00,-3.618392e+00,3.936961e-01,5.994850e+00,-1.476509e+00,3.420101e+00,5.137504e-02,0,4.015402e-01,5.262879e-05,-1.412948e-01,-5.074941e-01,6.801518e-01,-1.697902e+00,-2.446988e+00,-2.067764e-01,1.092004e+00,-6.698371e-01,4.014310e-01,1.797634e+00,-1.948804e+00,2.173648e+00,-2.266545e-03,0,1.674410e-01
1.153344e-03,-2.957834e+00,7.725674e+00,2.258148e+00,-5.262104e+00,-1.660467e+01,-4.633227e+00,3.805460e+00,-4.617643e+00,1.526651e+00,8.088660e+00,-3.785790e+00,6.041241e+00,4.925960e-02,0,6.119265e-01,3.714694e-05,-1.693549e-01,8.092513e-02,1.752948e-01,-1.878720e+00,-1.125034e+00,4.364547e-01,-3.173017e-03,-5.119647e-01,3.629509e-01,1.102568e+00,-2.136881e+00,1.430436e+00,-3.656694e-03,0,1.107011e-01
1.169395e-03,-3.114517e+00,8.728314e+00,1.884751e+00,-7.974014e+00,-1.544688e+01,-3.344701e+00,2.579252e+00,-5.301487e+00,2.322425e+00,8.297723e+00,-6.718168e+00,6.991105e+00,4.261106e-02,0,6.292719e-01,1.704858e-05,-1.283677e-01,4.282966e-01,-8.907579e-02,-1.366896e+00,-2.095595e-01,5.739464e-01,-5.983063e-01,-7.899904e-02,2.523501e-01,1.264219e-01,-1.965635e+00,4.052877e-03,-2.145665e-03,0,4.953518e-02
1.173005e-03,-3.153501e+00,8.852415e+00,1.399067e+00,-7.918626e+00,-1.550542e+01,-3.145739e+00,1.331860e+00,-4.301482e+00,1.662823e+00,7.722790e+00,-7.843182e+00,5.771533e+00,4.170444e-02,0,6.357000e-01,1.038658e-07,-1.243745e-01,4.008265e-01,5.599028e-02,-5.263942e-01,2.817844e-01,3.883407e-01,-4.731187e-01,2.635129e-01,-2.213304e-01,-3.387558e-01,-1.230786e+00,-1.249380e+00,-5.439721e-04,0,4.474163e-03
1.164694e-03,-3.253599e+00,9.322655e+00,2.011914e+00,-8.181633e+00,-1.548387e+01,-2.778934e+00,1.363780e+00,-4.171468e+00,1.587360e+00,6.809895e+00,-9.275990e+00,3.575219e+00,4.442430e-02,0,6.373293e-01,-8.121249e-06,-6.778250e-02,3.450323e-01,5.880431e-02,-1.763163e-01,3.316255e-01,1.425867e-01,-8.356758e-02,4.197174e-01,-3.281240e-01,-3.994184e-01,-3.580475e-01,-1.424350e+00,8.763980e-04,0,-2.201152e-03
1.156213e-03,-3.510166e+00,9.432636e+00,2.474518e+00,-7.790266e+00,-1.517725e+01,-2.974406e+00,2.047603e+00,-3.865088e+00,7.875306e-01,7.138795e+00,-8.660810e+00,1.502285e+00,4.563312e-02,0,6.302686e-01,-1.241299e-05,-8.355010e-02,4.006618e-01,5.160834e-02,-2.196890e-01,5.663578e-01,-1.366855e-01,1.528528e-01,3.297388e-01,5.653416e-02,-3.319717e-01,7.195530e-02,-8.058816e-01,3.022071e-04,0,-7.421994e-03
1.137184e-03,-3.275097e+00,1.016337e+01,1.641047e+00,-8.919776e+00,-1.395284e+01,-2.717433e+00,1.803543e+00,-3.421097e+00,1.119451e+00,6.592628e+00,-8.099591e+00,2.003980e+00,4.502871e-02,0,6.209819e-01,-1.443932e-05,-6.384540e-02,4.770875e-01,-1.360386e-01,-1.428974e-01,5.792562e-01,-4.287085e-01,2.216077e-01,4.240932e-01,2.360567e-01,-6.684076e-01,5.934602e-01,2.407819e-01,-9.066127e-05,0,-8.841264e-03
1.124695e-03,-3.560502e+00,1.043537e+01,1.842543e+00,-8.648000e+00,-1.343915e+01,-3.859917e+00,1.876243e+00,-3.027973e+00,2.179448e+00,6.171565e+00,-8.071605e+00,2.527745e+00,4.291327e-02,0,6.067638e-01,-1.567160e-05,-1.029148e-01,4.737836e-01,1.123739e-01,3.151326e-01,3.103659e-01,-5.449980e-01,2.918534e-01,2.024984e-01,4.538998e-01,-6.970962e-01,6.503087e-01,4.954174e-01,4.533090e-04,0,-7.390344e-03
1.108257e-03,-3.547658e+00,1.120673e+01,1.647709e+00,-8.467253e+00,-1.345664e+01,-4.479722e+00,2.557499e+00,-2.469559e+00,2.071685e+00,3.951472e+00,-6.603292e+00,4.266398e+00,4.533092e-02,0,6.048754e-01,-1.132629e-05,-1.872447e-01,3.228483e-01,3.780290e-01,9.120079e-01,1.246340e-01,-3.637393e-01,6.800397e-02,-1.535324e-01,1.526388e-01,-1.666110e-01,8.409384e-01,3.490509e-01,1.329707e-03,0,-6.152129e-03
1.092319e-03,-3.888459e+00,1.127987e+01,3.033056e+00,-6.440864e+00,-1.387352e+01,-4.818253e+00,3.129892e+00,-3.328365e+00,2.580913e+00,4.973892e+00,-6.157416e+00,2.848163e+00,4.774857e-02,0,6.013702e-01,-9.415508e-06,-1.846253e-01,7.579041e-02,3.496401e-01,1.149849e+00,-3.346195e-02,3.206042e-01,-1.263680e-01,-5.512368e-01,-2.762676e-01,3.000450e-01,8.848373e-01,1.375507e-01,1.541251e-03,0,-6.253594e-03
1.096741e-03,-4.047342e+00,1.135535e+01,2.935935e+00,-5.463304e+00,-1.311248e+01,-4.056962e+00,1.516738e+00,-4.038563e+00,1.681913e+00,6.358410e+00,-4.851994e+00,3.589026e+00,4.925960e-02,0,5.929180e-01,-2.267747e-06,-2.132622e-01,-1.855724e-01,9.257970e-02,1.197474e+00,2.303497e-01,6.135867e-01,-4.555033e-01,-5.375068e-01,-3.727765e-01,4.011509e-01,4.791605e-01,1.578648e-01,9.972804e-04,0,-6.958938e-03
1.083375e-03,-4.233787e+00,1.074001e+01,2.946630e+00,-4.400728e+00,-1.377853e+01,-2.468276e+00,1.764783e+00,-4.999655e+00,9.929965e-01,6.468321e+00,-4.523067e+00,3.554185e+00,4.865518e-02,0,5.814745e-01,-8.327584e-06,-1.803315e-01,-2.077614e-01,-3.662239e-01,8.114387e-01,6.376181e-01,5.503144e-01,-4.040349e-01,-2.742142e-01,-3.520412e-01,-3.181840e-01,5.256698e-01,3.847657e-01,6.648529e-04,0,-4.342635e-02
1.101390e-03,-4.441305e+00,1.054880e+01,2.153821e+00,-3.499950e+00,-1.235238e+01,-2.586776e+00,9.625364e-01,-4.321448e+00,1.001761e+00,5.210012e+00,-5.024664e+00,4.702712e+00,4.986401e-02,0,5.800285e-01,-1.155251e-05,-5.295806e-02,-2.288805e-01,-4.967748e-01,4.089970e-01,7.959385e-01,-2.744535e-01,-1.736368e-01,-1.199860e-01,1.959546e-01,-6.422753e-01,1.757903e-01,2.314742e-02,-7.555165e-04,0,-6.007805e-02
1.048356e-03,-4.593135e+00,1.064435e+01,1.592994e+00,-3.365348e+00,-1.106548e+01,-2.801773e+00,1.386818e+00,-4.557993e+00,1.160783e+00,3.957171e+00,-3.442732e+00,4.215149e+00,5.077063e-02,0,3.906832e-01,-2.109683e-05,-1.081843e-01,-1.008046e-01,-5.107966e-01,-7.822132e-02,9.569956e-01,-8.052618e-01,-3.368604e-01,1.572595e-01,6.767242e-01,-3.004789e-01,5.442523e-01,-2.711220e-01,-3.989120e-03,0,-9.745467e-02
1.056488e-03,-4.132458e+00,1.025878e+01,1.128879e+00,-3.936009e+00,-1.048932e+01,-5.262480e+00,8.375364e-01,-4.859324e+00,2.577793e+00,4.402608e+00,-4.513210e+00,3.374281e+00,4.442430e-02,0,3.879234e-01,-2.207775e-05,-9.552731e-02,3.536520e-02,-2.330352e-01,-5.280749e-01,5.106066e-01,-1.033008e+00,-4.936728e-01,6.474591e-01,7.769080e-01,2.326181e-01,1.453583e-01,-3.276575e-01,-6.648534e-03,0,-6.443635e-02
1.000342e-03,-4.929132e+00,1.038099e+01,9.051178e-01,-4.573805e+00,-9.925090e+00,-5.156733e+00,1.429815e-01,-3.944420e+00,3.588601e+00,5.369628e+00,-2.057532e+00,2.862790e+00,3.142944e-02,0,1.902537e-01,-1.825215e-05,-3.018132e-01,1.534178e-01,-9.326740e-02,-2.892958e-01,6.142374e-01,-3.759900e-01,-6.490870e-01,1.449452e+00,7.307000e-01,8.030156e-01,1.990796e-01,-5.235870e-02,-5.379268e-03,0,-4.756125e-02
1.015008e-03,-4.750944e+00,1.085730e+01,1.332583e+00,-5.536096e+00,-1.036954e+01,-6.574335e+00,-8.839095e-01,-1.390939e+00,3.672392e+00,5.666874e+00,-4.990472e+00,3.740603e+00,2.629193e-02,0,3.580616e-01,-1.693000e-05,-2.847996e-01,3.328068e-01,-1.579145e-02,-5.430780e-02,7.599717e-01,-2.099123e-02,-2.302264e-01,1.806601e+00,1.602561e-02,3.661288e-01,3.560963e-01,3.879414e-01,1.843458e-03,0,-4.626770e-02
9.778353e-04,-5.792959e+00,1.111217e+01,1.024805e+00,-4.011783e+00,-8.054179e+00,-4.025796e+00,-9.978938e-01,9.550752e-01,4.266984e+00,7.340116e+00,-2.208703e+00,3.770194e+00,3.294047e-02,0,1.678079e-01,-7.297506e-06,-5.769708e-01,1.991301e-01,-1.095950e-01,9.020834e-01,1.044324e+00,-6.417070e-02,6.919112e-01,8.871185e-01,-2.843307e-01,-1.781759e-02,9.820792e-01,3.184474e-01,1.081898e-02,0,-5.707610e-02
9.830913e-04,-5.124543e+00,1.155722e+01,9.900780e-01,-4.488559e+00,-7.624913e+00,-5.932905e+00,2.568419e-01,1.723933e+00,2.318730e+00,5.248009e+00,-2.657144e+00,4.860286e+00,5.288607e-02,0,1.678079e-01,2.055496e-05,-1.436727e+00,1.754337e-01,-9.252793e-02,1.940123e+00,1.227606e+00,-2.479467e-01,1.501770e+00,-3.978380e-01,-7.476125e-01,-4.345631e-01,1.921281e+00,-2.784040e-01,1.915987e-02,0,-8.839310e-02
9.798132e-04,-7.627186e+00,1.102668e+01,5.283952e-01,-5.871566e-01,-6.075786e+00,-5.798301e+00,3.032162e+00,-1.066263e+00,2.843779e+00,5.489973e+00,1.686200e+00,3.895185e+00,7.222726e-02,0,0,9.983861e-05,-2.559265e+00,8.007650e-02,-3.571756e-02,3.213335e+00,1.083598e+00,-1.742339e-01,1.632952e+00,-1.196541e+00,-1.012121e+00,-1.826695e-01,2.236703e+00,-8.439575e-01,2.550619e-02,0,-5.034236e-02
1.116794e-03,-1.101746e+01,1.177722e+01,1.118148e+00,2.452208e+00,-5.220710e+00,-6.927816e+00,4.609915e+00,-2.369459e+00,6.459315e-01,4.419130e+00,2.668482e+00,2.286088e+00,1.024479e-01,0,0,2.216995e-04,-3.413660e+00,-4.639854e-02,-3.942768e-01,3.782040e+00,8.589548e-01,3.991919e-01,9.901522e-01,-6.514527e-01,-1.503445e+00,4.219452e-01,2.562661e+00,-1.047677e+00,2.931399e-02,0,-3.356157e-02
1.410177e-03,-1.564282e+01,1.140256e+01,7.821823e-01,8.584510e+00,-3.838288e+00,-4.399510e+00,4.990328e+00,-2.980932e+00,4.277515e-02,6.841208e+00,6.312000e+00,8.375061e-01,1.356905e-01,0,0,3.625917e-04,-3.016093e+00,9.228735e-02,-9.602707e-01,2.770309e+00,1.531124e-03,6.536964e-01,-2.248572e-01,5.037206e-02,-1.925869e+00,6.048166e-01,1.930831e+00,-2.482425e-01,3.251738e-02,0,0
1.876407e-03,-1.818502e+01,1.113729e+01,-1.108199e+00,9.835811e+00,-4.448887e+00,-4.636341e+00,4.228520e+00,-5.759965e-01,-3.797992e+00,6.682117e+00,7.843263e+00,1.150742e+00,1.677244e-01,0,0,4.632101e-04,-2.026070e+00,1.550212e-01,-1.688718e+00,1.175803e+00,-9.225189e-01,6.473514e-01,-1.080558e+00,-2.288306e-02,-1.556022e+00,6.150967e-01,9.894821e-01,3.405619e-01,3.481415e-02,0,0
2.412965e-03,-1.912387e+01,1.180808e+01,-3.159784e+00,9.572586e+00,-6.454042e+00,-3.675556e+00,2.098573e+00,-1.711134e+00,-4.563602e+00,7.382562e+00,8.752963e+00,3.221646e+00,2.021759e-01,0,0,5.384510e-04,-1.015847e+00,4.180155e-01,-1.879195e+00,-4.202193e-01,-1.495968e+00,3.113390e-01,-1.549377e+00,-1.046007e+00,-8.826529e-01,2.730748e-01,-6.172337e-01,6.704450e-01,3.668782e-02,0,0
2.931450e-03,-1.940729e+01,1.234956e+01,-5.354456e+00,7.837184e+00,-8.525428e+00,-4.053036e+00,6.530039e-01,-3.118774e+00,-4.830989e+00,7.223936e+00,6.395411e+00,2.796827e+00,2.432759e-01,0,0,5.951318e-04,-7.384264e-01,2.098089e-01,-1.733121e+00,-7.177112e-01,-9.834471e-01,4.482686e-01,-1.410296e+00,-1.553566e+00,1.958653e-01,4.189654e-01,-1.448544e+00,-5.034915e-02,3.487458e-02,0,0
3.574910e-03,-2.011092e+01,1.288650e+01,-6.490665e+00,7.482727e+00,-9.279858e+00,-3.134468e+00,-9.687969e-01,-6.939577e+00,-3.853991e+00,7.935673e+00,3.949758e+00,3.366688e+00,2.813539e-01,0,0,6.171016e-04,-8.909361e-01,-2.712450e-02,-1.439809e+00,-4.558249e-01,-6.770639e-02,6.983563e-01,-5.966355e-01,-1.029354e+00,2.206123e-01,-3.456873e-01,-1.543191e+00,-9.373232e-01,2.719854e-02,0,0
4.271093e-03,-2.138363e+01,1.164712e+01,-8.108364e+00,7.292184e+00,-7.953215e+00,-2.665542e+00,-1.289276e+00,-5.729604e+00,-3.173471e+00,8.500389e+00,3.002144e+00,8.264750e-01,3.025083e-01,0,0,5.901529e-04,-9.492376e-01,-1.118317e-01,-1.108290e+00,2.583762e-01,5.878982e-01,1.230644e+00,1.467073e-01,-2.099471e-01,4.541665e-01,-1.109923e+00,-1.058443e+00,-1.389340e+00,1.704442e-02,0,0
4.828652e-03,-2.259038e+01,1.202368e+01,-8.981876e+00,7.565961e+00,-7.078681e+00,-8.775218e-01,8.653641e-02,-5.552489e+00,-4.289300e+00,5.015899e+00,2.733642e+00,-4.797939e-01,3.085524e-01,0,0,4.576615e-04,-6.748871e-01,1.244226e-01,-8.858732e-01,5.791992e-01,5.565113e-01,1.314133e+00,6.228571e-01,3.715200e-01,8.038992e-01,-1.812738e+00,-7.626647e-01,-7.805812e-01,8.854645e-03,0,0
5.255344e-03,-2.291375e+01,1.222182e+01,-9.650301e+00,9.087448e+00,-6.686525e+00,9.717087e-01,8.588737e-01,-4.862053e+00,-2.342502e+00,3.134206e+00,1.711254e+00,-2.226632e+00,3.148988e-01,0,0,1.964940e-04,-1.992865e-01,2.602030e-01,-5.908939e-01,4.368801e-01,8.007331e-02,8.376953e-01,5.078709e-01,-8.607139e-02,1.459108e+00,-1.011186e+00,-4.569495e-01,3.795921e-01,3.384709e-03,0,0
5.371092e-03,-2.272030e+01,1.322127e+01,-1.014906e+01,9.481091e+00,-7.130646e+00,1.617574e+00,1.071414e+00,-5.515752e+00,-2.499790e-01,1.555074e+00,7.818797e-01,9.903357e-01,3.194319e-01,0,0,-1.482371e-04,2.487999e-01,-5.796242e-02,-2.748867e-01,-1.444943e-01,-1.069939e-01,-4.947891e-02,3.881994e-01,2.658494e-01,1.659150e+00,6.047748e-01,2.954562e-01,9.264151e-01,-9.368330e-04,0,0
4.982343e-03,-2.231510e+01,1.234934e+01,-1.047924e+01,8.519020e+00,-7.526865e+00,2.753866e-01,7.576393e-01,-6.178329e+00,2.102411e+00,5.174872e+00,1.693277e+00,1.989371e+00,3.139921e-01,0,0,-4.878425e-04,4.123545e-01,-5.346929e-01,1.198628e-01,-1.066566e+00,-3.121117e-01,-7.725205e-01,8.650638e-01,8.971993e-01,1.074494e+00,1.333421e+00,7.545702e-01,6.016008e-01,-7.373828e-03,0,0
4.223967e-03,-2.164570e+01,1.167010e+01,-9.941840e+00,7.127704e+00,-7.193480e+00,-7.767553e-01,2.078151e+00,-3.565104e+00,1.783994e+00,7.019440e+00,4.219911e+00,2.044281e+00,3.043216e-01,0,0,-6.602305e-04,3.678959e-01,-1.006236e+00,6.270553e-01,-1.335175e+00,-1.832971e-01,-8.375288e-01,1.560337e+00,1.675165e+00,6.739817e-01,9.849671e-01,5.819564e-01,-1.738451e-01,-1.378060e-02,0,0
3.389694e-03,-2.138927e+01,1.032394e+01,-9.154598e+00,4.931311e+00,-8.215667e+00,-1.693730e+00,4.680824e+00,-1.351381e+00,2.012980e+00,7.069127e+00,3.765089e+00,2.543992e-01,2.855848e-01,0,0,-6.281631e-04,2.051968e-01,-1.048039e+00,8.542477e-01,-1.360236e+00,-6.752567e-02,-4.832989e-01,1.848693e+00,1.532608e+00,6.556849e-01,-4.186654e-01,-4.305385e-01,-7.971861e-02,-1.810214e-02,0,0
2.866265e-03,-2.134373e+01,9.202794e+00,-7.676107e+00,4.599072e+00,-7.702731e+00,-1.585512e+00,6.911509e+00,4.465984e-01,3.164644e+00,5.532782e+00,2.655756e+00,9.885958e-01,2.647325e-01,0,0,-4.601682e-04,3.484287e-02,-1.014977e+00,6.067370e-01,-8.135854e-01,4.094785e-01,-4.241976e-01,1.456651e+00,1.465940e-01,7.875041e-01,-1.271772e+00,-8.412997e-01,4.768252e-01,-1.740707e-02,0,0
2.520379e-03,-2.144010e+01,8.342803e+00,-7.340868e+00,2.982156e+00,-7.609869e+00,-1.736729e+00,7.584425e+00,-5.211419e-01,4.690510e+00,3.824874e+00,3.226624e-01,2.118620e+00,2.432759e-01,0,0,-2.939034e-04,2.920729e-01,-7.431254e-01,1.042228e-02,-4.897427e-01,9.224696e-01,-4.435806e-01,8.829350e-01,-1.230191e+00,4.568575e-01,-1.107604e+00,-1.609313e-01,1.291716e+00,-1.423391e-02,0,0
2.357784e-03,-2.144608e+01,7.585783e+00,-7.815020e+00,4.034355e+00,-5.448987e+00,-2.876244e+00,7.909607e+00,-3.247253e+00,4.382749e+00,2.282705e+00,1.734625e+00,3.496296e+00,2.384406e-01,0,0,-2.550654e-04,1.175225e+00,-2.550859e-01,4.627671e-02,-6.563176e-01,8.564755e-01,-7.518162e-01,4.288027e-01,-1.857722e+00,-2.895303e-02,-5.257344e-01,3.081888e-01,1.123339e+00,-1.662134e-02,0,0
2.174417e-03,-1.987774e+01,7.416815e+00,-9.033031e+00,2.764956e+00,-4.730191e+00,-3.266267e+00,8.596450e+00,-5.655411e+00,3.688215e+00,3.156146e+00,3.420998e+00,5.459130e+00,2.275612e-01,0,0,-3.051721e-04,2.661982e+00,4.658678e-01,9.025251e-01,-1.030090e+00,2.406409e-01,-7.033805e-01,-1.503187e-01,-1.389778e+00,-5.943897e-01,2.154646e-01,-3.274309e-02,5.522645e-01,-2.744032e-02,0,3.719395e-02
1.763918e-03,-1.624879e+01,8.390359e+00,-6.598643e+00,1.426084e+00,-4.860192e+00,-4.579824e+00,8.549510e+00,-6.274875e+00,3.521027e+00,3.238474e+00,2.647532e+00,4.935038e+00,1.894832e-01,0,0,-3.597387e-04,3.739636e+00,1.061050e+00,2.117813e+00,-1.628824e+00,-7.741112e-01,-6.634995e-01,-9.682673e-01,-1.861889e-01,-8.006711e-01,3.460935e-01,-1.150711e+00,-5.396588e-01,-4.155334e-02,0,5.579092e-02
1.291451e-03,-1.072884e+01,1.026985e+01,-3.436432e+00,-8.641564e-01,-6.701061e+00,-4.401842e+00,6.512880e+00,-5.956223e+00,2.149422e+00,4.424312e+00,-2.975062e-01,4.160572e+00,1.305530e-01,0,1.859698e-01,-3.116165e-04,3.904713e+00,1.124954e+00,2.248652e+00,-1.656944e+00,-1.351686e+00,-6.026434e-01,-1.364723e+00,6.415807e-01,-1.088620e+00,3.887202e-01,-1.607834e+00,-1.300888e+00,-4.366878e-02,0,9.576847e-02
1.000574e-03,-7.322347e+00,1.146451e+01,-2.425605e-02,-2.295209e+00,-8.334107e+00,-5.625954e+00,4.110055e+00,-4.027792e+00,1.148790e+00,3.379090e+00,-2.159679e+00,1.447281e+00,7.917800e-02,0,1.859698e-01,-1.887815e-04,2.848566e+00,6.281450e-01,1.150579e+00,-1.435390e+00,-1.268661e+00,-3.666234e-01,-1.480109e+00,9.825341e-01,-8.091243e-01,6.634898e-01,-8.941303e-01,-1.100652e+00,-3.339377e-02,0,5.996630e-02
9.980073e-04,-4.817395e+00,1.150451e+01,-1.076961e+00,-3.659116e+00,-9.751662e+00,-5.756419e+00,3.992563e+00,-3.571049e+00,-5.687684e-01,5.029439e+00,-2.214565e+00,6.985695e-01,6.436990e-02,0,3.858574e-01,-5.755688e-05,1.658972e+00,2.022288e-01,-7.467830e-02,-1.318199e+00,-8.791565e-01,5.367375e-03,-9.965328e-01,4.377968e-01,-1.710628e-01,8.299205e-01,-1.918198e-01,-7.035430e-01,-1.746751e-02,0,4.230775e-02
9.667328e-04,-4.961682e+00,1.091376e+01,-2.025484e+00,-4.353384e+00,-9.678199e+00,-5.735652e+00,2.409126e+00,-2.554791e+00,8.345008e-01,6.253359e+00,-8.645904e-01,1.162776e+00,5.560593e-02,0,1.998876e-01,1.201173e-07,6.846442e-01,-8.776207e-02,-3.367468e-01,-1.022115e+00,-2.845793e-01,7.622263e-01,-8.079308e-01,2.332462e-01,6.753548e-01,9.197024e-01,5.881692e-01,-1.069405e-01,-8.250226e-03,0,1.407653e-03
1.020587e-03,-3.614310e+00,1.155638e+01,-2.809209e+00,-6.426064e+00,-1.042480e+01,-4.320156e+00,2.380681e+00,-4.503739e+00,1.451253e+00,7.136780e+00,-1.904150e+00,7.851087e-01,5.500151e-02,0,3.905496e-01,1.479936e-05,2.975837e-01,3.785925e-02,3.488778e-01,-1.113357e+00,3.084671e-01,7.150623e-01,-5.712236e-01,2.467095e-01,6.636082e-01,2.764472e-01,5.158190e-01,-8.833615e-02,-6.678755e-03,0,-3.627780e-03
9.898847e-04,-4.500669e+00,1.099977e+01,-8.418663e-01,-6.022312e+00,-9.420436e+00,-2.532954e+00,8.763418e-01,-2.395216e+00,3.515553e+00,6.923931e+00,6.259585e-01,8.693085e-01,4.261106e-02,0,1.906620e-01,1.439932e-05,9.013090e-02,8.517256e-02,1.056738e+00,-5.641964e-01,6.028131e-01,3.760857e-01,-2.974583e-01,1.021808e+00,4.460708e-01,-1.415018e-01,1.412832e-01,3.475875e-02,-6.346330e-03,0,-5.465457e-03
1.060428e-03,-3.559983e+00,1.165080e+01,7.561877e-02,-8.391438e+00,-8.338208e+00,-3.782456e+00,1.902837e+00,-2.417289e+00,1.408746e+00,6.076390e+00,-3.807449e-01,4.036227e-01,3.747356e-02,0,3.723314e-01,9.035261e-06,2.257171e-02,1.001900e-01,8.927419e-01,-1.385789e-01,7.713703e-01,-2.002869e-01,1.541865e-03,1.149025e+00,-2.747650e-01,-2.353586e-01,-4.158054e-01,4.331334e-01,-4.925960e-03,0,-6.491291e-03
1.018809e-03,-4.538191e+00,1.129241e+01,1.815795e+00,-6.191679e+00,-7.707428e+00,-4.124074e+00,1.160756e+00,1.511026e+00,3.086108e+00,6.076046e+00,-9.198766e-01,1.527313e+00,3.263826e-02,0,1.816695e-01,-3.226451e-07,4.473305e-02,3.895636e-02,5.132461e-01,5.173618e-01,1.612374e-01,1.543992e-02,5.342259e-01,4.486892e-01,-5.152780e-01,1.833683e-01,-1.230944e+00,5.208791e-01,-7.555161e-04,0,-2.922612e-03
1.051301e-03,-3.482690e+00,1.191101e+01,3.256699e-01,-7.034275e+00,-7.424450e+00,-4.526031e+00,2.246183e+00,-7.117330e-01,2.921503e-01,6.383930e+00,-3.210259e+00,2.621773e+00,3.535812e-02,0,3.625894e-01,-1.105061e-05,2.475939e-02,-2.787743e-01,2.422239e-01,9.826782e-01,-5.516776e-01,5.487072e-01,7.753311e-01,-7.809008e-01,-4.798087e-01,8.410975e-01,-1.127447e+00,3.008412e-01,2.417649e-03,0,-1.832607e-03
9.928350e-04,-4.315650e+00,1.106445e+01,1.599339e+00,-4.114085e+00,-9.071128e+00,-2.083967e+00,3.375798e+00,-1.004548e+00,1.497461e+00,7.687003e+00,-4.114006e+00,2.364629e+00,3.989120e-02,0,1.809199e-01,-5.709857e-06,4.223921e-02,-2.493613e-01,3.828019e-01,6.496945e-01,-9.482313e-01,5.842806e-01,1.103550e+00,-1.547256e+00,-6.924495e-01,9.959881e-01,-1.025406e+00,-1.342158e-02,3.838017e-03,0,3.784307e-02
1.018162e-03,-3.547457e+00,1.037091e+01,1.394966e+00,-4.516845e+00,-1.041475e+01,-2.058973e+00,4.671971e+00,-5.064006e+00,-1.959735e-01,9.476398e+00,-4.420915e+00,1.489171e+00,4.593533e-02,0,3.635431e-01,-1.180184e-06,-2.017755e-01,-2.241330e-01,6.422931e-01,5.469555e-01,-6.939614e-01,1.540953e-01,6.410244e-01,-8.378353e-01,-1.727718e-01,7.749376e-01,-6.419932e-01,6.455199e-02,1.450589e-03,0,5.474431e-02
1.006829e-03,-4.294611e+00,1.081565e+01,3.195156e+00,-4.201921e+00,-1.095344e+01,-2.436199e+00,5.465612e+00,-4.049119e+00,-1.320767e-01,9.509751e+00,-5.441577e+00,2.026506e+00,4.653974e-02,0,3.704079e-01,9.430677e-06,-1.444827e-01,5.611134e-03,3.094979e-01,-2.400441e-02,1.428597e-01,-4.715852e-01,-7.493491e-02,-8.305311e-04,-7.066151e-02,-1.125850e-01,-5.985264e-01,5.157615e-01,-1.692354e-03,0,9.066764e-02
1.038403e-03,-4.502087e+00,1.091474e+01,2.739227e+00,-4.255579e+00,-9.953103e+00,-3.579438e+00,4.406398e+00,-3.378624e+00,2.430603e-01,9.347243e+00,-5.756439e+00,3.113594e+00,3.928679e-02,0,5.415669e-01,5.739275e-08,-2.771935e-01,-2.015419e-02,7.190196e-02,1.519079e-01,8.598510e-01,-4.369043e-01,-8.000250e-01,9.526941e-01,6.151972e-01,-6.651822e-01,-2.759926e-01,5.875498e-01,-4.321548e-03,0,1.626749e-02
1.029868e-03,-4.560749e+00,1.082059e+01,2.474698e+00,-4.364740e+00,-8.587651e+00,-3.681661e+00,3.133910e+00,-1.851392e+00,9.246368e-01,7.188655e+00,-6.438875e+00,4.131224e+00,3.475370e-02,0,5.452462e-01,-3.988959e-06,3.159986e-02,-1.310706e-01,-2.684506e-01,-7.314985e-02,9.600954e-01,-5.474836e-01,-8.271008e-01,5.707834e-01,4.886876e-01,-5.870954e-01,-2.212472e-02,1.020103e-01,-2.840737e-03,0,-1.947946e-02
1.006929e-03,-4.800355e+00,1.026767e+01,2.114705e+00,-3.675896e+00,-7.298384e+00,-3.620764e+00,1.837698e+00,-1.399399e+00,2.351656e+00,7.311035e+00,-5.302229e+00,3.374561e+00,3.022061e-02,0,3.574615e-01,-1.579451e-05,3.416784e-02,3.371324e-02,-1.411869e-01,-2.991619e-02,5.193337e-01,-3.558901e-01,-2.296971e-01,2.688276e-01,4.694317e-01,-3.558044e-01,4.556802e-01,-4.707903e-01,3.022142e-05,0,-9.057950e-02
1.002621e-03,-3.987478e+00,1.048383e+01,2.165164e+00,-4.857512e+00,-7.480319e+00,-5.152955e+00,2.614458e+00,-2.184815e+00,1.257063e+00,7.592378e+00,-5.779306e+00,2.406075e+00,3.686915e-02,0,3.650633e-01,-1.472628e-05,1.489841e-01,2.003382e-01,-1.281879e-01,-1.979043e-01,-3.957982e-01,-6.140270e-02,1.899473e-01,-4.330404e-01,1.718967e-01,-9.364261e-02,6.168411e-01,-6.931136e-01,2.931400e-03,0,-9.116714e-02
9.730540e-04,-4.617883e+00,1.125168e+01,2.188059e+00,-4.158773e+00,-7.910100e+00,-4.623242e+00,3.517638e+00,-1.867775e+00,2.424006e+00,7.366360e+00,-3.807823e+00,1.622218e+00,3.838018e-02,0,1.787608e-01,-1.378881e-05,8.126755e-02,2.852732e-01,9.665668e-03,-4.162807e-02,-9.971447e-01,4.965492e-01,2.666937e-01,-4.773629e-01,3.835884e-02,-2.668432e-01,7.838382e-01,-3.393880e-01,3.686915e-03,0,-9.012254e-02
9.731741e-04,-3.907064e+00,1.133027e+01,1.797082e+00,-5.112823e+00,-1.026078e+01,-3.487435e+00,3.243676e+00,-3.782406e+00,1.747945e+00,6.692780e+00,-4.101873e+00,1.541828e+00,4.533092e-02,0,1.787608e-01,-7.529400e-06,2.943397e-02,1.640281e-01,-1.150204e-01,4.622345e-02,-9.637262e-01,5.062031e-01,-3.749668e-01,-4.039510e-01,-1.125568e-01,-1.977205e-01,6.841285e-01,8.221211e-02,1.027501e-03,0,-9.088875e-02
9.527088e-04,-4.434225e+00,1.127082e+01,2.347074e+00,-3.756381e+00,-1.089388e+01,-1.970777e+00,2.856557e+00,-2.987418e+00,2.298009e+00,6.426618e+00,-2.221755e+00,2.109745e+00,4.442430e-02,0,0,4.322053e-06,8.981101e-02,-2.918491e-02,-2.214832e-01,2.033432e-01,-5.587290e-01,-8.076346e-02,-8.835953e-01,-2.049059e-01,-3.828239e-01,2.509502e-01,3.063249e-01,1.102265e-01,-3.928680e-04,0,-1.467704e-02
9.751466e-04,-3.932137e+00,1.129441e+01,1.510554e+00,-4.827591e+00,-1.080706e+01,-3.948172e+00,1.070165e+00,-3.644748e+00,7.572777e-01,7.073647e+00,-3.151697e+00,2.573372e+00,3.898459e-02,0,0,1.009952e-05,4.403591e-04,7.190895e-03,-4.432926e-01,1.323795e-01,-1.080571e-01,-7.143735e-01,-1.282781e+00,2.833723e-01,-4.041065e-01,1.086976e-01,3.406877e-01,-8.156514e-03,3.022052e-04,0,5.682246e-02
9.936780e-04,-4.156291e+00,1.112369e+01,1.223907e+00,-3.284673e+00,-1.043061e+01,-4.796691e+00,1.864174e-01,-2.961133e+00,1.005220e+00,8.430677e+00,-2.751287e+00,1.657578e+00,3.958900e-02,0,1.947560e-01,1.182125e-05,9.588399e-02,-4.670286e-02,-4.834762e-01,-3.954659e-02,2.614555e-02,-6.537981e-01,-1.210310e+00,3.069055e-01,-3.842899e-01,-1.401817e-01,3.356371e-01,-2.606079e-01,5.077061e-03,0,1.096485e-01
1.003187e-03,-4.043829e+00,1.143979e+01,1.422026e-01,-4.686779e+00,-1.103270e+01,-5.646346e+00,-1.835158e+00,-2.378687e+00,3.738075e-01,6.234238e+00,-2.133669e+00,1.727129e+00,4.925959e-02,0,3.654951e-01,2.331566e-06,-3.031218e-02,-1.228828e-01,-2.844937e-01,-5.197360e-02,-2.743549e-02,-4.294783e-01,-6.896405e-01,4.596148e-01,-1.648220e-01,-4.907052e-01,5.392491e-01,-3.286860e-02,6.195225e-03,0,5.122172e-02
9.977948e-04,-3.898959e+00,1.096461e+01,6.138694e-01,-4.024520e+00,-1.065033e+01,-4.390681e+00,-1.742330e+00,-2.085921e+00,5.682947e-01,6.145414e+00,-1.052584e+00,1.229827e+00,6.467211e-02,0,3.654951e-01,-5.048816e-06,-8.859682e-03,-1.956088e-01,1.018538e-02,-1.445778e-01,-6.544380e-02,-1.535004e-01,-3.591097e-02,1.184232e-01,-2.759531e-01,-2.204692e-01,3.971187e-01,1.943220e-01,2.508312e-03,0,-5.842682e-02
9.847460e-04,-4.212365e+00,1.075953e+01,3.931047e-01,-4.717535e+00,-1.083438e+01,-6.298568e+00,-1.413664e+00,-1.784280e+00,1.516305e-01,5.762753e+00,-1.304803e+00,2.622905e+00,5.741916e-02,0,1.707391e-01,-7.985800e-06,-1.370136e-01,-1.998620e-01,1.493694e-01,7.161117e-03,-1.746661e-01,-1.029724e-01,2.948348e-01,-2.844934e-01,-4.217152e-01,5.593449e-01,1.889803e-01,3.589569e-01,-3.535810e-03,0,-1.096485e-01
9.776545e-04,-4.116322e+00,1.048577e+01,1.149383e+00,-3.992184e+00,-1.085699e+01,-5.238081e+00,-2.038846e-01,-2.666220e+00,-2.634567e-01,7.564074e+00,-1.180126e+00,2.181300e+00,4.805077e-02,0,0,-8.622400e-06,-2.397819e-01,-5.893974e-02,1.581578e-01,-3.070668e-01,-3.469276e-02,6.100009e-01,2.900077e-01,-8.066074e-01,-6.636324e-01,1.051619e+00,-1.133309e-01,1.908371e-01,-5.379269e-03,0,-9.017293e-02
9.733283e-04,-4.620215e+00,1.067990e+01,6.212927e-01,-4.667141e+00,-1.180270e+01,-5.737507e+00,-1.130207e+00,-3.511004e+00,-1.318893e+00,8.321632e+00,-1.124997e+00,3.046176e+00,3.989121e-02,0,0,-7.182622e-06,-2.145369e-01,2.058725e-02,1.814372e-02,-4.417184e-01,2.363424e-01,1.229709e+00,-2.359337e-01,-1.154877e+00,-4.786146e-01,1.093561e+00,-5.287316e-01,-1.557863e-01,-3.022142e-05,0,-3.414781e-02
9.603917e-04,-4.893943e+00,1.070973e+01,1.290565e+00,-5.585051e+00,-1.033963e+01,-1.621207e+00,-4.340204e-01,-5.255597e+00,-2.014606e+00,1.012407e+01,-1.709142e+00,1.972376e+00,4.653974e-02,0,0,-8.124375e-06,-1.667577e-01,-1.825142e-03,-1.090916e-01,-3.942572e-01,2.850187e-01,1.047458e+00,-2.573092e-01,-9.490936e-01,-8.035979e-02,6.265167e-01,-1.167642e+00,-2.029665e-01,5.197945e-03,0,0
9.574643e-04,-4.896239e+00,1.075049e+01,4.132324e-01,-6.129694e+00,-9.911347e+00,-1.958460e+00,-2.478264e+00,-6.263976e+00,-1.365868e+00,9.950557e+00,-3.683953e+00,1.948435e+00,5.802357e-02,0,0,-3.090216e-06,1.049709e-02,-4.986935e-02,5.358815e-04,7.261772e-02,2.441111e-02,1.190582e-01,-1.083818e-01,-7.859563e-03,3.489360e-01,-1.994047e-01,-1.456249e+00,-2.190012e-01,5.590813e-03,0,0
9.449646e-04,-4.812099e+00,1.044135e+01,7.079551e-01,-5.232193e+00,-1.037757e+01,-1.890317e+00,-8.164019e-01,-6.035203e+00,-6.417679e-01,9.882195e+00,-5.738857e+00,1.715339e+00,6.497432e-02,0,0,9.839830e-07,4.250522e-02,-1.011803e-01,-3.918411e-02,7.328957e-01,-2.957769e-01,-1.182971e+00,1.005279e-01,8.745142e-01,5.188611e-01,-8.415171e-01,-9.954737e-01,3.570969e-02,-1.390148e-03,0,0
9.655908e-04,-4.608652e+00,1.056474e+01,9.152768e-01,-4.480482e+00,-1.166168e+01,-5.007661e+00,-1.480925e+00,-3.160499e+00,-2.606317e-01,7.445547e+00,-6.391386e+00,2.079689e+00,5.862798e-02,0,0,3.101485e-06,2.462249e-02,1.660843e-02,1.823176e-01,1.051017e+00,-6.525326e-03,-1.092820e+00,2.007226e-01,1.354697e+00,4.908311e-01,-1.184955e+00,-1.826493e-01,8.565485e-03,-9.398609e-03,0,0
9.612484e-04,-4.825211e+00,1.029670e+01,8.436219e-01,-2.745179e+00,-1.094335e+01,-6.011459e+00,-4.300503e-01,-2.434764e+00,2.708171e-02,7.168991e+00,-5.332794e+00,2.085298e+00,3.928680e-02,0,0,-7.850584e-07,-1.805053e-02,1.978684e-01,2.149193e-01,9.352844e-01,5.054938e-01,-3.389355e-01,-2.409843e-01,1.063092e+00,2.745642e-01,-1.130139e+00,7.415121e-01,-1.772840e-01,-1.139317e-02,0,0
9.648299e-04,-4.766571e+00,1.090586e+01,1.256987e+00,-2.118116e+00,-9.661086e+00,-5.361989e+00,-1.667827e+00,-1.290711e+00,7.538629e-01,5.382383e+00,-4.800231e+00,1.806283e+00,2.387428e-02,0,0,-8.177065e-06,-7.475257e-02,2.249731e-01,4.587118e-01,4.859773e-01,7.669708e-01,8.939922e-01,-1.601395e-01,6.655141e-01,-1.133989e-01,-1.026699e+00,1.154813e+00,-3.272411e-01,-5.862798e-03,0,0
9.414197e-04,-4.823392e+00,1.126013e+01,1.611697e+00,-1.736954e+00,-8.850399e+00,-3.407831e+00,-1.927873e+00,-1.654635e+00,2.238059e-01,5.263084e+00,-2.826874e+00,9.656217e-01,2.538531e-02,0,0,-9.368919e-06,-1.090633e-01,1.914748e-01,5.802404e-01,-2.296677e-01,5.044187e-01,1.325723e+00,6.105544e-02,5.298886e-01,-7.990807e-01,-8.345678e-01,1.179515e+00,-3.419863e-01,2.568752e-03,0,0
9.346197e-04,-4.983324e+00,1.120789e+01,2.824798e+00,-2.554708e+00,-8.873298e+00,-1.839514e+00,-1.532712e+00,-2.229927e-01,-9.259882e-01,3.265005e+00,-1.870278e+00,1.003322e+00,3.626473e-02,0,0,-9.369105e-06,-2.039050e-01,-8.942757e-02,5.106696e-01,-5.353508e-01,2.050559e-01,7.643920e-01,3.631919e-01,2.929381e-01,-7.491589e-01,-2.495368e-01,5.046954e-01,-4.570142e-01,7.071623e-03,0,0
9.295088e-04,-5.262150e+00,1.110306e+01,2.960918e+00,-3.675222e+00,-8.815148e+00,-1.144081e+00,-1.923308e-01,-3.191800e-01,-3.128396e+00,4.054840e+00,-9.001966e-01,7.768468e-01,4.593533e-02,0,0,-4.478532e-06,-3.230728e-01,-1.599350e-01,5.134324e-01,-4.194447e-01,-8.539543e-02,-2.722656e-01,4.404905e-01,4.674611e-01,-1.540319e-01,3.986469e-01,-5.277740e-01,-7.790645e-01,4.895739e-03,0,0
9.239398e-04,-5.566717e+00,1.053726e+01,3.135724e+00,-3.825736e+00,-8.653432e+00,-2.671904e+00,-7.196386e-01,-4.937476e-01,-1.315830e+00,4.738821e+00,-3.240093e+00,-3.844009e-01,4.895739e-02,0,0,-2.588070e-06,-3.637854e-01,-2.541003e-01,4.653157e-01,1.410676e-01,-2.179205e-01,-9.200954e-01,2.984324e-01,4.772304e-01,7.754449e-01,7.394675e-01,-1.181549e+00,-9.059014e-01,7.857356e-04,0,0
9.243671e-04,-6.147060e+00,1.079578e+01,4.023396e+00,-3.198664e+00,-9.387309e+00,-4.352964e+00,-1.319567e-01,8.180481e-01,-3.514324e-01,6.519411e+00,-4.780837e+00,-2.235840e+00,4.351768e-02,0,0,1.285505e-06,-3.210818e-01,-3.093991e-01,4.944404e-01,7.555139e-01,-3.346901e-01,-1.088775e+00,5.027260e-01,6.151231e-01,9.897906e-01,8.959198e-03,-1.080230e+00,-5.664764e-01,-1.359927e-03,0,0
9.242503e-04,-6.359796e+00,1.009103e+01,4.620138e+00,-2.087649e+00,-9.676820e+00,-4.835550e+00,-7.073637e-02,1.594545e+00,1.562754e+00,5.730057e+00,-5.837704e+00,-2.019842e+00,4.140224e-02,0,0,3.005948e-06,-1.674967e-01,-3.254642e-01,4.296768e-01,7.257876e-01,-5.134966e-01,-2.991909e-01,9.887886e-01,-1.206498e-01,3.278168e-01,-6.234245e-01,-1.753561e-01,2.476933e-01,6.044097e-05,0,0
9.357811e-04,-6.471020e+00,9.779180e+00,4.690913e+00,-7.666957e-01,-9.976905e+00,-5.506132e+00,1.996848e+00,1.712289e+00,3.812647e-01,3.604018e+00,-5.002544e+00,-1.237815e+00,4.291327e-02,0,0,4.586327e-06,1.322689e-02,-2.611485e-01,2.537435e-01,4.183902e-01,-6.197360e-01,2.095481e-01,9.331136e-01,-1.433202e+00,-2.623570e-01,-4.502055e-01,3.231939e-01,6.810262e-01,2.568752e-03,0,0
9.332625e-04,-6.242220e+00,9.418233e+00,4.950349e+00,-1.412782e+00,-1.092612e+01,-3.591274e+00,3.159902e+00,-1.544117e+00,-4.309491e-02,3.079395e+00,-4.006020e+00,3.550526e-01,4.956180e-02,0,0,-5.391194e-07,2.763281e-02,1.521650e-01,1.898466e-01,7.034871e-02,-5.892107e-01,4.097893e-01,3.261533e-01,-2.167461e+00,-4.098215e-01,4.768553e-01,3.334621e-01,6.497916e-01,5.288607e-03,0,0
9.427926e-04,-6.139713e+00,9.826432e+00,5.127008e+00,-1.444146e+00,-1.186134e+01,-3.927361e+00,2.918292e+00,-4.778633e+00,-8.602929e-01,5.593714e+00,-4.080709e+00,-1.815632e-02,5.228166e-02,0,0,-4.185696e-06,-5.384774e-02,3.455122e-01,-1.753214e-01,2.523545e-01,1.527120e-01,2.864583e-01,-6.269346e-01,-2.029954e+00,-6.873070e-02,1.263893e+00,5.164752e-02,3.400477e-01,8.552433e-03,0,0
9.180490e-04,-6.387285e+00,1.082823e+01,5.351324e+00,-1.397180e+00,-1.168066e+01,-3.575989e+00,1.099308e+00,-5.997299e+00,1.344254e-01,7.119485e+00,-4.631310e+00,6.192865e-01,6.316108e-02,0,0,-6.219855e-06,-3.347199e-01,2.887710e-01,-5.195285e-01,9.454213e-01,1.168350e+00,-6.321154e-02,-1.186558e+00,-8.789488e-01,4.076943e-02,8.220749e-01,3.895141e-01,-3.072869e-01,1.021457e-02,0,0
9.224594e-04,-6.667726e+00,1.080174e+01,3.613819e+00,4.872760e-01,-8.836076e+00,-4.081483e+00,-1.075284e-01,-6.210890e+00,-5.114897e-02,7.903437e+00,-4.431661e+00,3.303072e-01,7.887580e-02,0,0,-4.404271e-06,-4.838805e-01,-1.161394e-01,-5.876737e-01,1.191715e+00,1.716317e+00,2.442313e-01,-1.500176e+00,-5.618405e-02,7.753589e-02,-1.077175e-03,1.164429e+00,-5.986543e-01,8.884860e-03,0,0
9.123298e-04,-7.651814e+00,1.037443e+01,3.109302e+00,2.348614e+00,-6.596998e+00,-3.830271e+00,-1.259979e+00,-5.222733e+00,-2.438197e-01,6.034908e+00,-1.882973e+00,-1.355614e+00,8.733758e-02,0,0,4.245667e-07,-5.217025e-01,-4.285278e-01,-4.345272e-01,8.980947e-01,1.607048e+00,3.922101e-01,-1.644126e+00,4.621795e-01,-1.063174e-01,-8.234138e-01,1.480617e+00,-5.394031e-01,3.414930e-03,0,0
9.236308e-04,-7.926852e+00,9.472633e+00,3.309650e+00,2.641531e+00,-5.821583e+00,-2.579064e+00,-3.402946e+00,-5.446836e+00,-2.834908e-01,6.130617e+00,3.672701e-01,-2.023978e+00,8.461771e-02,0,0,-2.406398e-06,-4.201862e-01,-4.226599e-01,-1.400224e-01,2.198750e-02,1.200391e+00,4.174392e-01,-1.441974e+00,9.689549e-01,-6.052874e-02,-1.433033e+00,1.088301e+00,4.141293e-01,-4.533097e-04,0,0
9.195861e-04,-8.366235e+00,9.350144e+00,3.330772e+00,2.016166e+00,-5.152662e+00,-2.366148e+00,-5.473612e+00,-4.068429e+00,-2.809908e-01,3.888826e+00,3.723105e-01,-9.005864e-01,7.736477e-02,0,0,-3.377738e-06,-2.929871e-01,-3.829381e-01,-2.666369e-01,-6.235029e-01,5.338604e-01,2.306595e-02,-6.032851e-01,1.240820e+00,-5.059354e-01,-1.996487e+00,4.849146e-01,1.228114e+00,3.263824e-03,0,0
9.067993e-04,-8.411447e+00,9.200587e+00,2.802972e+00,7.634372e-01,-3.556290e+00,-2.726349e+00,-5.210580e+00,-1.943268e+00,-3.352071e-01,1.811314e+00,-1.177969e-01,2.173440e+00,8.159565e-02,0,0,-1.026485e-05,-3.019696e-01,-2.983088e-01,-3.791893e-01,-6.232384e-01,1.944480e-01,-7.262738e-02,2.150560e-01,1.097775e+00,-7.987350e-01,-1.968532e+00,2.168189e-01,1.066089e+00,1.396192e-02,0,0
9.038569e-04,-8.874452e+00,8.595765e+00,2.029456e+00,1.701457e-01,-5.060343e+00,-3.641299e+00,-3.372587e+00,-7.704197e-01,-2.747639e+00,-1.787877e+00,7.841333e-01,2.686249e+00,1.051677e-01,0,0,-1.391172e-05,-3.204769e-01,-3.417500e-01,-4.045719e-01,-3.326941e-01,1.115474e-01,3.480837e-01,7.055650e-01,6.003040e-01,-9.027125e-01,-1.208700e+00,2.928333e-01,3.209455e-01,2.221215e-02,0,0
8.801711e-04,-9.182591e+00,8.358279e+00,2.064362e+00,4.483484e-01,-4.895503e+00,-2.304625e+00,-3.378178e+00,-1.606966e+00,-3.043842e+00,-8.736918e-01,1.245453e+00,1.513050e+00,1.405258e-01,0,0,-1.753264e-05,-3.032074e-01,-2.497639e-01,-2.115965e-01,-5.556875e-03,5.885124e-01,5.668705e-01,5.132140e-01,4.782606e-01,-3.046548e-01,-1.041317e-01,-1.342834e-01,-2.138424e-01,2.345119e-02,0,0
8.633416e-04,-9.583047e+00,8.062549e+00,1.677217e+00,5.102399e-01,-3.925319e+00,-8.365914e-01,-2.861988e+00,-1.235059e+00,-3.440236e+00,-8.121716e-01,1.154852e+00,1.034336e+00,1.589604e-01,0,0,-1.604696e-05,-3.975403e-01,-4.091598e-01,-2.835881e-01,-4.094148e-02,1.263682e+00,5.532774e-01,2.406619e-01,7.163605e-01,5.527274e-01,4.505652e-01,-5.655755e-01,-4.053168e-02,1.867634e-02,0,0
8.393938e-04,-9.573186e+00,8.218376e+00,1.921109e+00,5.656058e-01,-1.181240e+00,-1.294350e+00,-2.899810e+00,6.803548e-01,-1.512183e+00,8.028023e-01,-9.745733e-01,1.930184e+00,1.719553e-01,0,0,-6.700587e-06,-7.119993e-01,-9.522177e-01,-6.259215e-01,-2.206270e-01,1.184007e+00,3.064323e-01,6.840444e-02,3.451883e-01,6.079351e-01,3.175129e-01,-9.573821e-01,6.090990e-02,1.725597e-02,0,0
8.440108e-04,-1.066686e+01,6.619917e+00,6.831422e-01,-9.319031e-02,-5.990636e-01,-1.380049e+00,-2.408462e+00,1.667723e+00,-7.498314e-01,-3.732986e-01,-9.337311e-01,2.275023e+00,1.828347e-01,0,0,1.290452e-06,-1.116823e+00,-1.503927e+00,-1.046922e+00,-2.276540e-03,7.835253e-01,6.964359e-01,-1.828969e-02,-1.114613e+00,2.576711e-01,3.375890e-01,-8.971385e-01,1.822030e-01,1.915987e-02,0,0
8.563336e-04,-1.220068e+01,4.318507e+00,-5.682079e-01,-3.530712e-01,-6.385965e-01,-5.007347e-01,-3.262919e+00,-1.332415e+00,-1.349369e+00,4.944363e-01,-2.497166e+00,1.197256e+00,2.148685e-01,0,0,4.712207e-06,-1.356461e+00,-1.638143e+00,-1.216020e+00,-1.133180e-03,2.751467e-01,1.131598e+00,1.970812e-01,-2.147110e+00,-2.240145e-01,5.340718e-01,-6.267756e-01,1.162596e-02,1.925053e-02,0,0
8.613239e-04,-1.385341e+01,2.492849e+00,-2.312735e+00,9.581957e-01,-2.790142e-01,2.248780e+00,-2.771882e+00,-5.801741e+00,-2.233287e+00,1.029956e+00,-2.569545e+00,2.311815e+00,2.333031e-01,0,0,3.705506e-06,-1.072855e+00,-9.169887e-01,-8.024805e-01,3.905973e-02,2.561537e-01,1.056312e+00,3.509922e-01,-1.633931e+00,-1.454355e-01,6.916995e-01,-1.664495e-01,3.033554e-01,1.151405e-02,0,0
8.542982e-04,-1.476221e+01,2.091197e+00,-2.661051e+00,3.424684e-02,3.446849e-02,2.549227e+00,-1.732694e+00,-6.320461e+00,-1.890527e+00,2.771534e+00,-3.290544e+00,1.969918e+00,2.429737e-01,0,0,4.413893e-06,-5.950109e-01,-1.143641e-01,-3.832794e-01,-1.053425e-01,3.634788e-01,3.091040e-01,4.410383e-01,7.213612e-02,1.567555e-01,4.685170e-01,8.411112e-01,4.459284e-01,-3.233603e-03,0,0
8.635560e-04,-1.475037e+01,3.148628e+00,-2.282839e+00,-9.155070e-02,3.451724e-01,2.376531e+00,-1.418613e+00,-4.007911e+00,-1.206430e+00,1.946650e+00,-1.369289e+00,3.405469e+00,2.263524e-01,0,0,8.454454e-06,-1.980624e-01,3.278065e-01,3.105235e-02,-9.552709e-02,4.786924e-01,-5.334014e-01,1.220872e-01,1.345434e+00,7.238041e-02,1.502072e-01,1.484063e+00,6.331934e-01,-1.187670e-02,0,0
8.772870e-04,-1.472726e+01,3.418797e+00,-2.499553e+00,-3.549106e-01,8.667042e-01,9.809102e-01,-1.734362e+00,-1.868650e+00,-1.079020e+00,2.378674e+00,1.108263e+00,2.880071e+00,2.021759e-01,0,0,8.618849e-06,-1.162298e-01,1.485512e-01,7.680564e-02,4.820324e-01,4.274036e-01,-9.317153e-01,-4.356190e-01,9.344288e-01,-2.801091e-01,-1.336854e-01,1.639378e+00,9.216183e-01,-6.708975e-03,0,0
8.921018e-04,-1.486120e+01,3.468081e+00,-2.238222e+00,6.751390e-01,1.698330e+00,3.659318e-01,-2.160612e+00,-1.300476e+00,-2.277138e+00,1.977422e+00,2.651365e+00,5.022706e+00,1.943185e-01,0,0,4.771800e-06,-3.218725e-01,-4.171296e-01,-6.370783e-03,5.017220e-01,1.266180e-01,-6.275446e-01,-3.865070e-01,3.908186e-01,-6.916926e-01,-3.379724e-01,7.505410e-01,2.493101e-01,1.121184e-02,0,0
8.831196e-04,-1.528795e+01,2.674227e+00,-2.299331e+00,2.061064e+00,1.494908e+00,-1.104050e+00,-3.539790e+00,-3.002034e+00,-2.755718e+00,2.087721e+00,2.896017e+00,5.769392e+00,2.254457e-01,0,0,-1.961808e-06,-4.628999e-01,-7.995074e-01,-3.034441e-01,5.398220e-01,-5.006363e-02,3.075926e-01,-9.625497e-02,3.047084e-01,-9.023598e-01,-8.861941e-01,-4.115888e-01,-5.551080e-01,2.928377e-02,0,0
8.844987e-04,-1.607939e+01,1.435266e+00,-2.414804e+00,1.209072e+00,6.641607e-01,2.812880e-01,-2.448435e+00,-1.487126e+00,-3.826544e+00,4.022648e-01,1.489539e+00,3.207359e+00,2.707767e-01,0,0,-5.480141e-06,-6.194247e-01,-9.546378e-01,-3.742721e-01,3.542582e-01,-1.551250e-01,1.202758e+00,8.490160e-01,9.038760e-01,-7.587913e-01,-1.143627e+00,-1.545207e+00,-2.110201e+00,3.423996e-02,0,0
8.712795e-04,-1.643267e+01,4.376672e-01,-3.928483e+00,2.077233e+00,1.133471e+00,2.561195e+00,-2.071726e+00,-2.517833e-01,-4.816117e+00,-1.264718e+00,-3.687682e-01,1.012204e+00,3.103657e-01,0,0,-5.122641e-06,-4.622536e-01,-6.471709e-01,-4.789094e-01,2.723069e-01,1.686805e-01,1.595655e+00,1.609928e+00,1.221723e+00,1.467496e-01,-9.700310e-01,-2.087557e+00,-1.836996e+00,1.822303e-02,0,0
8.706211e-04,-1.738596e+01,-1.868278e-01,-3.295007e+00,2.438346e+00,1.103423e+00,4.547100e+00,1.350436e+00,1.843778e+00,-5.040896e+00,-2.064495e+00,-3.442279e+00,-3.149707e+00,3.230583e-01,0,0,-1.856702e-06,-8.265305e-02,-3.929541e-02,-7.260642e-02,4.112167e-01,4.293528e-01,9.450739e-01,1.854609e+00,3.907638e-01,1.328748e+00,7.273960e-03,-1.697729e+00,-2.678651e-01,-1.335751e-02,0,0
8.644452e-04,-1.694592e+01,2.494187e-01,-4.253777e+00,2.807961e+00,2.118679e+00,4.741319e+00,2.610414e+00,1.441130e+00,-1.414795e+00,-1.529054e+00,-5.075858e+00,-2.370567e-01,2.904201e-01,0,0,1.140044e-06,3.680790e-01,4.610676e-01,3.703547e-01,-1.099126e-01,1.306356e-01,-9.277227e-02,1.308052e+00,-4.039753e-01,2.028099e+00,1.027899e+00,-5.535666e-01,1.657378e+00,-4.765791e-02,0,0
8.786324e-04,-1.623602e+01,1.332913e+00,-2.615189e+00,2.899791e+00,2.318321e+00,3.916595e+00,4.483539e+00,-3.797636e-01,1.116536e+00,5.708029e-01,-4.645565e+00,2.492664e+00,2.139619e-01,0,0,4.286412e-08,6.250466e-01,8.100084e-01,6.640821e-01,-2.694417e-01,1.929119e-01,-7.899448e-01,1.239085e-03,-5.953478e-01,1.504330e+00,1.360644e+00,1.231463e+00,2.379607e+00,-6.334241e-02,0,0
8.729741e-04,-1.516724e+01,1.983135e+00,-2.416619e+00,1.296947e+00,1.179200e+00,2.412586e+00,2.901985e+00,-1.159889e+00,2.245661e+00,2.557130e+00,-2.534959e+00,6.477907e+00,1.266244e-01,0,0,-1.930323e-06,4.157100e-01,6.075934e-01,9.267513e-01,-2.181047e-01,-1.433502e-01,-1.141039e+00,-1.067311e+00,-1.274937e-02,4.023682e-01,8.398167e-01,2.505820e+00,1.077767e+00,-4.829253e-02,0,0
8.665710e-04,-1.515007e+01,2.996356e+00,-8.931755e-01,1.846645e+00,2.537722e+00,1.761742e+00,1.210846e+00,1.675485e-01,6.505279e-01,2.695634e+00,1.444588e+00,5.390846e+00,8.824418e-02,0,0,-2.098637e-06,8.708153e-02,3.195242e-01,7.022840e-01,2.698777e-01,1.524733e-01,-8.438206e-01,-1.298450e+00,8.219957e-01,-1.364288e-01,6.479505e-02,2.632733e+00,-2.972614e-01,-1.489876e-02,0,0
8.608242e-04,-1.541035e+01,2.455664e+00,-4.810268e-01,2.244011e+00,1.292227e+00,1.135514e-01,-1.089793e+00,1.103727e+00,8.300511e-01,1.607613e+00,4.408166e+00,3.702688e+00,1.118163e-01,0,0,1.387682e-06,-1.735559e-01,-8.076365e-02,6.034294e-01,7.381719e-01,4.189203e-01,1.270829e-01,-4.135422e-01,7.463818e-01,-6.842107e-01,-6.901711e-01,1.333067e+00,-1.147097e+00,1.130251e-02,0,0
8.742141e-04,-1.567906e+01,2.694269e+00,-7.156507e-02,3.775648e+00,3.024174e+00,8.470097e-01,-1.282032e-02,2.598407e+00,1.142197e+00,1.369536e+00,5.046536e+00,2.393967e+00,1.468722e-01,0,0,6.009685e-06,-2.043145e-01,-3.274499e-01,3.508188e-01,7.629383e-01,2.723455e-01,1.044121e+00,6.558524e-01,1.056734e-01,-9.589626e-01,-1.048560e+00,-6.950205e-01,-8.675159e-01,1.435479e-02,0,0
8.760910e-04,-1.577053e+01,1.730360e+00,1.897233e-01,4.023305e+00,3.030576e+00,3.505367e+00,1.446107e+00,1.356591e+00,-1.421227e+00,-2.306768e-01,2.329402e+00,2.240859e+00,1.538229e-01,0,0,8.128665e-06,-1.179338e-01,-4.160693e-01,-6.526612e-02,5.111164e-01,7.081880e-02,1.700446e+00,1.625017e+00,-1.225400e-01,-9.602791e-01,-1.036343e+00,-1.829983e+00,-3.041013e-01,-5.439728e-04,0,0
8.889860e-04,-1.599156e+01,1.721759e+00,5.255432e-01,4.771689e+00,3.030275e+00,5.286438e+00,3.222158e+00,5.694835e-01,-3.018646e+00,-1.628020e+00,-9.911323e-01,1.784181e+00,1.390148e-01,0,0,6.281276e-06,-7.474585e-02,-5.094786e-01,-4.315304e-01,1.019166e-01,-5.900220e-01,1.419579e+00,1.732329e+00,2.340303e-01,3.807544e-02,-5.093513e-01,-1.395823e+00,1.887329e-01,-1.544273e-02,0,0
8.940816e-04,-1.584377e+01,8.615725e-01,-1.105911e+00,4.301573e+00,1.643270e+00,6.396066e+00,5.417805e+00,1.505489e+00,-1.890923e+00,-2.075321e+00,-1.722914e+00,2.487074e+00,1.130251e-01,0,0,2.516754e-06,1.251315e-01,-3.480611e-01,-7.558712e-01,-3.811761e-01,-7.079521e-01,6.588989e-01,1.384055e+00,1.405347e+00,1.454855e+00,1.590392e-01,-2.484866e-02,7.824563e-01,-2.695679e-02,0,0
8.966252e-04,-1.601617e+01,5.812698e-01,-1.581400e+00,4.146097e+00,7.677166e-01,6.499556e+00,6.662975e+00,3.694110e+00,1.567422e+00,-2.548980e-01,9.357802e-02,3.214524e+00,9.005743e-02,0,0,-3.189518e-06,2.755614e-01,-1.104710e-01,-6.367525e-01,-6.359185e-01,-2.538928e-01,4.239151e-01,8.736332e-01,1.851742e+00,1.985537e+00,4.461943e-01,1.047106e+00,1.306342e+00,-3.046237e-02,0,0
8.848552e-04,-1.513256e+01,5.602990e-01,-2.536161e+00,2.430220e+00,6.220949e-01,6.193302e+00,6.645976e+00,6.821012e+00,3.560014e+00,-1.220416e-01,1.662804e+00,5.437969e+00,4.351768e-02,0,0,-1.882378e-06,4.126512e-01,4.305443e-01,-1.664971e-01,-6.744189e-01,-1.049668e-02,-3.713217e-01,-1.847166e-01,1.056722e+00,1.667575e+00,4.263697e-01,9.860002e-01,1.366096e+00,-2.462980e-02,0,0
8.776517e-04,-1.496935e+01,1.320041e+00,-1.943094e+00,2.527773e+00,2.271399e+00,7.507395e+00,6.976238e+00,7.170433e+00,4.183570e+00,-3.736884e-01,2.551537e+00,6.840445e+00,2.145663e-02,0,0,2.201070e-06,4.126883e-01,7.895527e-01,2.065049e-01,-3.770035e-01,-2.512518e-01,-7.649693e-01,-4.383501e-01,-2.328525e-01,8.247023e-01,3.005499e-01,1.922567e-01,8.422716e-01,-1.178604e-02,0,0
8.941565e-04,-1.430392e+01,2.644908e+00,-1.757550e+00,1.738641e+00,8.389457e-01,4.035538e+00,4.337590e+00,5.050938e+00,5.138876e+00,1.159222e-01,1.978108e+00,7.504591e+00,2.417649e-02,0,0,5.831878e-06,2.495691e-01,8.486425e-01,5.556595e-01,1.202068e-01,-9.165189e-01,-1.515678e+00,-8.524310e-01,-1.087521e+00,8.048520e-02,4.746319e-01,-4.683694e-01,-4.112360e-01,-1.208821e-04,0,0
9.029799e-04,-1.436705e+01,3.486729e+00,-9.381810e-01,2.606869e+00,-5.969675e-01,3.753592e+00,5.625417e+00,3.414885e+00,4.901502e+00,1.128869e+00,8.972092e-01,6.392571e+00,4.079783e-02,0,0,8.688238e-06,2.007059e-01,3.584638e-01,2.851346e-01,5.811218e-01,-1.129253e+00,-1.660399e+00,-6.187326e-01,-1.139652e+00,-5.000783e-01,8.338662e-01,-3.496029e-01,-1.179754e+00,-6.044116e-05,0,0
9.013505e-04,-1.418587e+01,3.720167e+00,-2.603205e-01,2.991706e+00,-2.526316e+00,4.918157e-01,3.059231e+00,3.261180e+00,3.603474e+00,1.499839e+00,1.481204e-01,3.605726e+00,3.324267e-02,0,0,1.051339e-05,5.195332e-03,-2.189573e-01,-1.201005e-01,9.099908e-01,-2.739683e-01,-6.816596e-01,-2.767051e-01,-5.381800e-01,-9.130100e-01,1.106271e+00,6.869465e-01,-1.187298e+00,-7.252946e-03,0,0
9.174959e-04,-1.402485e+01,2.574730e+00,-1.266035e+00,4.806849e+00,-1.692235e+00,9.772595e-01,4.521755e+00,2.367052e+00,2.450880e+00,3.103684e+00,1.718516e+00,2.891110e+00,1.662134e-02,0,0,1.498638e-05,3.672800e-02,-3.059208e-01,-4.240888e-01,6.697614e-01,4.983821e-01,-1.475619e-01,-5.812929e-01,-2.906632e-01,-6.723848e-01,1.254688e+00,1.403592e+00,-3.824421e-01,-1.148383e-02,0,0
9.394654e-04,-1.444905e+01,2.006121e+00,-2.194125e+00,5.188605e+00,1.673806e-02,2.015406e+00,3.505896e+00,2.883954e+00,1.799137e+00,4.659868e+00,5.002187e+00,3.318830e+00,0,0,0,9.496440e-06,-1.225946e-01,-1.467023e-02,-3.730136e-01,2.298496e-01,8.032757e-01,5.287765e-01,-4.702155e-01,2.779347e-01,-3.016329e-01,8.191143e-01,1.356633e+00,1.873607e-01,-5.590813e-03,0,0
9.588543e-04,-1.405182e+01,2.814148e+00,-2.091722e+00,4.857227e+00,6.234156e-01,2.253987e+00,2.495620e+00,2.150182e+00,2.441746e+00,5.822292e+00,5.488135e+00,4.623808e+00,0,0,0,-7.817976e-06,-1.905893e-01,2.943928e-01,-1.145228e-01,-4.199307e-01,4.831459e-01,3.106698e-01,-6.381908e-01,8.516652e-01,1.251754e-01,-6.286335e-03,3.438737e-01,-5.265288e-02,3.717135e-03,0,0
9.281535e-04,-1.478536e+01,3.527107e+00,-1.712545e+00,4.115765e+00,3.322366e-01,2.497335e+00,1.721221e+00,4.759288e+00,2.099876e+00,4.236106e+00,5.046476e+00,3.676180e+00,1.359928e-02,0,0,-1.766951e-05,-2.286052e-01,6.516943e-02,-2.405070e-01,-7.247996e-01,2.104505e-01,3.913895e-01,3.858023e-02,1.223534e+00,3.395741e-01,-7.455398e-01,-4.834935e-01,-2.885571e-01,1.148383e-02,0,0
8.840620e-04,-1.480964e+01,3.286201e+00,-2.079439e+00,3.243615e+00,5.657451e-01,2.289644e+00,2.223138e+00,5.687711e+00,2.926388e+00,3.284133e+00,3.415740e+00,2.449170e+00,2.840737e-02,0,0,-1.333298e-05,-3.064069e-01,-4.153918e-01,-8.740212e-02,-5.358016e-01,4.122490e-01,5.125260e-01,3.999456e-01,1.193150e+00,3.810983e-01,-8.748854e-01,-3.434303e-01,-8.140588e-03,8.884859e-03,0,0
8.885140e-04,-1.521316e+01,2.095942e+00,-3.402802e+00,2.371413e+00,1.097826e+00,3.954525e+00,3.835038e+00,7.232861e+00,3.254687e+00,2.201248e+00,3.620917e+00,2.963364e+00,4.321547e-02,0,0,6.410456e-06,-1.479584e-01,-4.439767e-01,5.104868e-01,-1.454181e-01,5.670360e-01,2.688034e-01,8.306594e-02,3.218878e-01,4.023332e-01,-8.519335e-02,-5.212958e-02,4.627956e-01,3.626473e-04,0,0
9.120091e-04,-1.536995e+01,1.452772e+00,-1.683605e+00,3.050395e+00,2.301866e+00,4.088022e+00,3.438439e+00,6.879147e+00,3.769832e+00,2.465294e+00,4.483763e+00,4.939514e+00,2.961620e-02,0,0,1.753602e-05,-1.455418e-01,-2.265849e-02,1.311914e+00,4.438493e-01,4.538585e-01,8.462556e-02,-4.377086e-01,-5.049121e-01,2.263259e-01,7.539212e-01,3.411857e-01,6.490029e-01,-8.522213e-03,0,0
9.462322e-04,-1.524500e+01,2.223938e+00,6.419719e-01,3.485285e+00,2.299356e+00,2.942163e+00,1.528900e+00,5.773010e+00,3.689820e+00,4.219559e+00,4.251817e+00,4.744986e+00,1.480810e-02,0,0,1.150855e-05,3.102760e-02,4.789427e-01,1.438768e+00,3.384123e-01,3.259861e-02,-1.026297e-03,-2.062002e-01,-6.974905e-01,1.334732e-01,1.297472e+00,-2.521440e-01,2.471188e-01,-1.160471e-02,0,0
9.428830e-04,-1.552143e+01,3.108910e+00,2.457743e+00,4.905926e+00,2.234272e+00,3.218953e+00,1.187664e+00,3.893076e+00,3.840451e+00,6.044584e+00,4.806219e+00,4.803374e+00,0,0,0,-3.722857e-06,4.583330e-02,4.834138e-01,2.989245e-01,-3.262651e-01,-4.386818e-01,2.396937e-01,8.296286e-01,-5.332714e-01,-1.638710e-01,1.177394e+00,-6.759772e-01,1.624863e-01,-4.200665e-03,0,0
9.306198e-04,-1.498228e+01,3.662585e+00,1.720364e+00,3.135709e+00,1.294616e+00,4.383928e+00,3.929424e+00,5.238443e+00,3.886744e+00,6.898962e+00,2.198969e+00,4.267027e+00,0,0,0,-1.917834e-05,9.354687e-02,2.642827e-02,-1.005638e+00,-1.187575e+00,-5.794545e-01,6.812115e-02,1.633457e+00,1.612128e-01,3.671060e-02,7.499858e-01,-9.145842e-01,1.844590e-01,5.046842e-03,0,0
9.012010e-04,-1.527214e+01,3.150517e+00,-7.281782e-01,1.593858e+00,6.108270e-01,4.565608e+00,6.386321e+00,4.480072e+00,2.852015e+00,7.012564e+00,2.130301e+00,5.990924e+00,1.601692e-02,0,0,-2.140141e-05,1.158274e-01,-2.698657e-01,-1.577742e+00,-1.348503e+00,-3.488793e-01,-6.438965e-01,1.185640e+00,1.917651e-01,-8.277540e-02,1.428804e-01,-8.128084e-01,1.109941e-01,1.196736e-02,0,0
8.711815e-04,-1.490191e+01,2.335276e+00,-2.793259e+00,-7.965546e-01,2.138065e-01,2.609441e+00,7.096859e+00,6.285576e+00,4.367590e+00,7.485498e+00,1.016855e+00,5.073506e+00,3.203385e-02,0,0,-1.262550e-05,5.522575e-02,-3.855884e-01,-9.587328e-01,-4.471921e-01,-5.084271e-02,-1.234698e+00,1.701808e-01,7.381888e-02,2.625262e-01,-6.030709e-01,-3.062505e-01,-2.724573e-01,8.340890e-03,0,0
8.655951e-04,-1.498248e+01,2.423236e+00,-3.174154e+00,1.295445e-01,1.030281e+00,8.867143e-01,5.532145e+00,4.328335e+00,3.186151e+00,6.465717e+00,1.333234e+00,4.955105e+00,4.381989e-02,0,0,-1.189293e-06,-2.354069e-02,-2.803256e-01,1.955568e-02,3.354248e-01,1.570938e-01,-9.517136e-01,-4.402711e-01,2.101140e-01,1.876683e-01,-1.119645e+00,1.010056e-01,-3.761907e-01,-1.269266e-03,0,0
8.852953e-04,-1.485098e+01,2.098284e+00,-1.850312e+00,1.631904e+00,8.306757e-01,4.988651e-02,5.207417e+00,5.683406e+00,5.032307e+00,4.157031e+00,1.066250e+00,3.422651e+00,2.780296e-02,0,0,3.549107e-06,-3.151856e-01,-2.837006e-01,6.750076e-01,9.726976e-01,2.859556e-01,3.436854e-01,-4.286643e-01,1.557527e-01,1.370347e-01,-1.339897e+00,4.167764e-01,-1.562251e-01,-7.917801e-03,0,0
8.881976e-04,-1.541531e+01,1.867385e+00,-1.101873e+00,2.056752e+00,1.087861e+00,1.086817e+00,5.129686e+00,5.831728e+00,3.457999e+00,3.078571e+00,2.610631e+00,4.935399e+00,1.178604e-02,0,0,-3.264466e-06,-4.622485e-01,-3.659399e-01,6.120209e-01,7.136885e-01,7.205322e-01,1.697347e+00,-5.168039e-01,2.705146e-01,-1.457171e-02,-8.942432e-01,2.903341e-01,-9.701359e-02,-3.989120e-03,0,0
8.776258e-04,-1.626142e+01,1.194699e+00,-4.543616e-01,3.103330e+00,1.614794e+00,4.227817e+00,5.154767e+00,6.312644e+00,4.916840e+00,2.479588e+00,2.462038e+00,4.302234e+00,8.461771e-03,0,0,-1.375703e-05,-3.335606e-01,-3.238929e-01,6.432360e-02,8.839643e-02,8.538698e-01,2.251127e+00,-7.549391e-01,-2.874074e-01,-7.897407e-01,-5.554299e-01,1.401463e-01,-4.861560e-01,9.066182e-03,0,0
8.531075e-04,-1.658851e+01,1.045329e+00,-8.120255e-01,2.962274e+00,4.240882e+00,7.284483e+00,2.974450e+00,5.366290e+00,3.171026e+00,2.833222e+00,2.087010e+00,4.030245e+00,3.354488e-02,0,0,-1.255358e-05,1.837006e-02,-1.320192e-01,-5.154759e-01,-7.352812e-01,2.165458e-01,1.241857e+00,-1.033118e+00,-4.624308e-01,-1.110781e+00,-6.407183e-01,-1.917403e-02,-9.790589e-01,1.807193e-02,0,0
8.340552e-04,-1.593219e+01,8.898476e-01,-1.673618e+00,1.621126e+00,3.523514e+00,8.206686e+00,2.510339e+00,4.479088e+00,1.227090e+00,1.502555e+00,2.028792e+00,1.444447e+00,6.225446e-02,0,0,-3.205525e-06,2.697011e-01,1.922603e-01,-8.005346e-01,-1.119094e+00,-9.811952e-01,-7.151074e-01,-9.118770e-01,-5.178843e-02,-8.610417e-01,-6.491333e-01,2.459137e-01,-9.804772e-01,2.466002e-02,0,0
8.472150e-04,-1.548807e+01,1.359715e+00,-3.069624e+00,-8.785515e-01,1.216230e+00,5.306666e+00,1.286311e+00,4.436351e+00,-2.510312e-01,3.634964e-01,2.731384e+00,1.468998e+00,7.524932e-02,0,0,9.459135e-06,2.115794e-01,3.613431e-01,-5.141443e-01,-4.780043e-01,-1.729249e+00,-2.150006e+00,-4.373626e-01,3.206932e-01,2.127276e-01,-4.489183e-01,-5.811667e-02,-5.305618e-01,2.686612e-02,0,0
8.645444e-04,-1.546313e+01,1.998807e+00,-3.328236e+00,-5.717266e-01,-1.778856e+00,1.641189e+00,1.439451e+00,6.518671e+00,2.322660e+00,4.687847e-01,3.369420e+00,6.804719e-01,1.109096e-01,0,0,9.946234e-06,-9.142265e-02,1.512722e-01,-2.051480e-01,3.953760e-01,-1.172369e+00,-1.894052e+00,-1.153186e-01,9.418216e-02,1.202669e+00,1.892734e-01,-4.340444e-01,3.850259e-02,2.586884e-02,0,0
8.851586e-04,-1.576514e+01,2.297565e+00,-2.555438e+00,1.668679e+00,-1.754180e+00,-1.827992e-01,1.323082e+00,5.949965e+00,3.686879e+00,1.105516e+00,1.126113e+00,1.759424e+00,1.435479e-01,0,0,-2.139196e-06,-2.868642e-01,-2.444446e-01,1.633106e-01,8.261946e-01,-5.283067e-01,-1.071930e+00,-4.875791e-03,-4.942586e-01,1.035470e+00,5.360332e-01,-7.309393e-01,5.591326e-01,2.254457e-02,0,0
8.648146e-04,-1.625077e+01,1.177284e+00,-2.956451e+00,2.324391e+00,-8.531248e-01,1.481161e+00,1.915361e+00,4.193192e+00,5.271479e+00,2.077912e+00,6.612056e-01,1.491747e+00,1.574494e-01,0,0,-1.177068e-05,-3.990129e-01,-5.449942e-01,9.164491e-02,2.235890e-01,-3.587033e-01,-2.756051e-01,-7.963127e-02,-8.396347e-01,1.108120e-01,-6.965016e-02,-5.690497e-01,9.785588e-01,2.061046e-02,0,0
8.363840e-04,-1.652858e+01,5.482538e-01,-2.438964e+00,1.804363e+00,-1.888169e+00,2.703206e-02,1.023977e+00,3.127797e+00,3.451911e+00,2.239099e+00,4.307950e-01,3.859023e+00,1.647023e-01,0,0,-9.960541e-06,-2.238358e-01,-4.075887e-01,5.261445e-03,-5.194942e-01,-8.991159e-01,-5.066265e-01,-1.927283e-01,-1.766513e-01,-5.732236e-01,-4.094889e-01,-1.501515e-01,6.885790e-01,2.562708e-02,0,0
8.300783e-04,-1.707648e+01,1.484920e-01,-2.928248e+00,4.783763e-01,-3.505378e+00,1.582475e-01,1.190847e+00,3.731581e+00,2.994204e+00,-4.462573e-01,8.718304e-01,4.523466e+00,2.033847e-01,0,0,3.190874e-06,-5.308418e-02,1.948873e-02,-7.081294e-02,-7.752129e-01,-6.003119e-01,-2.507837e-01,1.949087e-01,6.225674e-01,-8.413181e-01,-2.893282e-01,-8.027411e-02,-1.154225e-01,2.532488e-02,0,0
8.527240e-04,-1.647146e+01,7.740170e-01,-2.543232e+00,-5.785088e-03,-4.923632e+00,-2.054475e+00,7.216971e-01,5.297514e+00,1.959398e+00,3.201565e-01,2.700430e-01,3.686459e+00,2.487156e-01,0,0,1.368562e-05,3.766651e-02,2.188728e-01,-1.657845e-01,-5.274864e-01,1.874578e-01,1.887890e-01,2.617978e-01,6.063758e-01,-9.735869e-01,2.623514e-01,1.130444e-01,-1.222892e+00,1.523119e-02,0,0
8.725989e-04,-1.654475e+01,1.161846e+00,-3.258381e+00,-6.466000e-01,-2.336952e+00,1.267996e+00,3.041044e+00,6.221171e+00,1.811145e+00,1.590742e+00,3.402110e-01,1.000917e+00,2.420671e-01,0,0,1.394384e-05,-5.013599e-02,1.897762e-01,-1.159195e-01,-6.927097e-02,1.114561e+00,3.666164e-01,-1.128384e-01,-2.022493e-01,-1.547767e+00,1.310361e-01,1.638328e-01,-1.402378e+00,3.566025e-03,0,0
8.835518e-04,-1.660611e+01,1.135941e+00,-3.102820e+00,-2.705813e-01,-1.535092e+00,4.161029e-01,1.407868e+00,4.914881e+00,-8.244939e-01,2.532356e+00,1.261826e+00,-4.941616e-01,2.215171e-01,0,0,6.957341e-06,-1.650326e-01,-1.317320e-01,-1.158129e-01,2.195954e-01,1.267513e+00,3.022904e-01,-7.382243e-01,-1.417979e+00,-1.611489e+00,-8.801406e-01,-1.571832e-01,-9.806458e-01,3.142942e-03,0,0
8.843836e-04,-1.725983e+01,9.164111e-01,-3.228052e+00,2.644196e-01,3.731553e-01,7.560405e-01,2.835692e-01,2.911651e+00,-3.352683e+00,-8.971764e-01,1.195103e+00,-3.981152e-01,2.348141e-01,0,0,-1.089298e-06,-3.209247e-02,-2.464302e-01,1.028763e-01,5.306379e-01,6.783249e-01,-1.153371e-01,-1.045108e+00,-1.807465e+00,-9.208682e-01,-1.175375e+00,-5.492513e-01,2.132376e-01,7.252948e-03,0,0
8.816184e-04,-1.693908e+01,2.380743e-01,-3.137461e+00,6.366823e-01,5.887838e-02,-2.870457e-01,-1.590687e+00,-1.376209e-01,-3.516133e+00,-2.836587e+00,-9.433188e-01,-5.172547e-01,2.680568e-01,0,0,-3.297115e-06,2.953514e-01,-5.967561e-02,2.280616e-01,5.833389e-01,2.276618e-01,3.200197e-01,1.852764e-01,-9.562432e-01,4.897837e-01,-5.645876e-01,-8.500087e-01,7.394574e-01,2.629198e-03,0,0
8.681191e-04,-1.653872e+01,3.786281e-01,-2.726679e+00,1.552957e+00,2.576869e-01,1.042884e+00,-6.852205e-01,-2.899041e-01,-1.447377e+00,-1.601663e+00,-1.303473e+00,2.078651e+00,2.550620e-01,0,0,-1.430820e-06,6.429342e-01,3.875360e-01,3.469429e-01,3.504295e-01,-5.800091e-01,7.798385e-01,1.293424e+00,-1.107172e-02,7.238930e-01,3.154594e-01,-4.893929e-01,8.550705e-01,-1.214868e-02,0,0
8.751985e-04,-1.548991e+01,1.106454e+00,-2.213198e+00,2.001844e+00,-3.390491e-01,1.872779e+00,2.818645e+00,1.734443e+00,6.717713e-01,6.166077e-02,-1.738929e+00,1.964742e+00,2.245391e-01,0,0,5.699158e-06,5.195320e-01,7.519128e-01,3.543558e-01,7.281431e-02,-5.542594e-01,1.091094e+00,1.712845e+00,8.088250e-01,3.770633e-02,2.236458e-01,3.763499e-01,2.691864e-01,-2.139620e-02,0,0
8.804395e-04,-1.476975e+01,2.419901e+00,-1.955469e+00,1.333986e+00,-2.327926e+00,3.575320e+00,4.546024e+00,1.920260e+00,-1.827170e+00,-7.690031e-01,-8.540568e-01,2.636239e+00,1.958296e-01,0,0,1.085773e-05,9.023104e-02,5.430344e-01,1.206409e-01,-3.212430e-01,-5.194235e-01,1.106309e+00,1.118425e+00,5.821221e-01,-5.969228e-01,-2.291720e-01,8.636352e-01,-1.927436e-01,-1.662134e-02,0,0
9.039540e-04,-1.522591e+01,2.977002e+00,-1.751287e+00,1.110240e+00,-1.419612e+00,3.902208e+00,4.357913e+00,2.801422e+00,-3.137705e+00,-2.134688e+00,7.137229e-01,5.498837e-01,1.906921e-01,0,0,1.265075e-05,-5.120314e-01,-1.214145e-01,-2.693841e-01,-2.978770e-01,1.095540e-01,8.377464e-01,1.738903e-01,6.414658e-01,-3.461605e-02,-6.438777e-01,1.014989e+00,-3.039446e-01,-6.376552e-03,0,0
9.080300e-04,-1.621957e+01,2.158526e+00,-2.354430e+00,3.925446e-01,-1.799149e+00,5.559715e+00,4.137268e+00,2.087217e+00,-2.527253e+00,-1.649349e+00,1.788377e+00,1.822363e+00,1.888788e-01,0,0,5.897100e-06,-5.791528e-01,-6.503327e-01,-5.592628e-01,6.540529e-02,6.975953e-01,5.460457e-01,-1.451035e-01,6.622894e-01,1.412163e+00,-2.494987e-01,1.011932e-01,-7.403272e-01,3.686914e-03,0,0
9.246569e-04,-1.732515e+01,6.300693e-01,-3.360639e+00,9.831797e-01,-5.566776e-02,5.069314e+00,3.892474e+00,4.858294e+00,8.487323e-01,-2.717555e+00,2.014800e+00,8.519571e-01,1.961318e-01,0,0,-4.894368e-06,-1.801508e-01,-5.546266e-01,-5.563584e-01,5.496031e-01,9.942625e-01,3.656250e-01,-2.731528e-01,5.503390e-01,1.807160e+00,1.583702e-01,-1.018409e+00,-6.224247e-01,9.035964e-03,0,0
8.995735e-04,-1.661589e+01,3.417036e-01,-3.947107e+00,1.724542e+00,4.780781e-01,5.721996e+00,4.053226e+00,4.203271e+00,3.240428e+00,-1.725063e+00,-9.986293e-01,-1.216434e+00,2.115443e-01,0,0,-1.043407e-05,2.818408e-01,-7.222857e-02,-2.374616e-01,8.639328e-01,1.076347e+00,3.718155e-01,-8.935328e-02,2.575396e-01,1.290819e+00,4.485653e-01,-1.744071e+00,-7.502086e-01,4.533094e-03,0,0
8.837104e-04,-1.592850e+01,1.112280e+00,-3.736740e+00,3.192256e+00,2.413087e+00,5.649192e+00,3.034170e+00,4.495090e+00,3.014257e+00,-1.304980e+00,-2.984818e+00,-1.042842e+00,2.245391e-01,0,0,-8.907484e-06,3.764730e-01,3.275922e-01,-7.539680e-02,4.784336e-01,6.531083e-01,3.861399e-01,3.622726e-01,-3.308749e-01,1.497919e-01,3.722218e-01,-1.473135e+00,1.354955e-01,-9.338166e-03,0,0
8.763329e-04,-1.550869e+01,1.556278e+00,-3.353687e+00,3.607671e+00,2.348208e+00,7.128853e+00,4.119653e+00,3.556517e+00,2.844082e+00,-1.128097e-01,-4.432167e+00,-9.812809e-01,1.973406e-01,0,0,5.547423e-07,6.426849e-02,2.551280e-01,-1.302892e-01,-4.919286e-01,1.789705e-01,1.365071e-01,5.954715e-01,-4.981550e-01,-7.302135e-01,6.358504e-03,-1.508889e-01,2.743546e-01,-2.396495e-02,0,0
8.917398e-04,-1.599639e+01,1.660743e+00,-4.034333e+00,2.433784e+00,2.274809e+00,6.296585e+00,5.670623e+00,3.527296e+00,1.795865e+00,-1.662573e+00,-3.634108e+00,1.411858e+00,1.565428e-01,0,0,2.740102e-06,-1.232760e-01,2.226275e-01,-8.677032e-02,-1.246699e+00,-4.026553e-01,-4.667807e-01,5.441397e-01,-5.191382e-01,-9.962198e-01,-5.875564e-02,1.058088e+00,1.468412e-01,-2.783318e-02,0,0
8.983325e-04,-1.626060e+01,1.343112e+00,-4.449757e+00,-3.558643e-01,1.442070e+00,6.080835e+00,5.712357e+00,2.196393e+00,1.985564e-01,-1.514474e+00,-1.428429e+00,-1.072011e+00,1.257177e-01,0,0,-5.726004e-07,-3.170824e-02,1.627774e-01,2.716740e-01,-1.094393e+00,-4.557692e-01,-8.544060e-01,-2.730199e-01,-2.273813e-01,-1.167384e+00,2.429754e-01,1.842726e+00,1.106171e-01,-2.076156e-02,0,0
8.864111e-04,-1.616892e+01,2.332001e+00,-3.622557e+00,-1.059474e+00,8.528795e-01,3.839298e+00,4.958517e+00,2.579461e+00,-6.440799e-01,-8.979259e-01,8.037513e-01,-2.632706e-01,1.211846e-01,0,0,-7.010967e-06,2.418602e-01,8.738597e-02,7.100289e-01,-5.280552e-03,-6.305286e-01,-1.034035e+00,-1.136382e+00,2.672729e-01,-3.972043e-01,8.376195e-01,1.554519e+00,7.132678e-01,-1.166515e-02,0,0
8.761343e-04,-1.558096e+01,2.034536e+00,-2.201205e+00,-1.176685e-01,7.803262e-01,4.085467e+00,3.110607e+00,2.893528e+00,-1.772865e+00,7.197439e-01,2.562533e+00,4.093691e-01,1.112119e-01,0,0,1.005124e-05,8.769702e-01,-4.159477e-01,4.792024e-01,1.185156e+00,-7.705139e-01,-1.897867e+00,-1.468757e+00,4.529270e-01,5.790469e-01,1.275456e+00,6.902761e-01,1.985793e+00,-7.252947e-03,0,4.375489e-02
8.677841e-04,-1.512691e+01,1.751961e+00,-1.608464e+00,2.288283e+00,-5.469623e-01,2.124094e+00,1.289589e+00,4.515093e+00,7.955541e-01,1.408416e+00,2.143008e+00,4.237507e+00,1.054699e-01,0,0,4.189325e-05,1.546369e+00,-1.055887e+00,-2.490176e-01,1.499814e+00,-1.140013e+00,-2.952057e+00,-1.242048e+00,3.055322e-01,1.627130e+00,1.631840e+00,-3.425821e-01,2.195380e+00,-4.714415e-03,0,1.093872e-01
9.579022e-04,-1.239676e+01,-4.466068e-01,-3.060791e+00,3.896035e+00,-1.710579e+00,-2.550897e+00,2.030347e-01,3.493212e+00,2.373974e+00,3.709637e+00,1.353324e+00,6.606563e+00,9.731036e-02,0,2.187744e-01,7.226166e-05,2.084131e+00,-1.317632e+00,-8.855961e-01,1.193021e+00,-1.367515e+00,-4.112285e+00,-5.425192e-01,7.647555e-02,2.009327e+00,1.726017e+00,-9.109028e-01,1.754422e+00,-2.387430e-03,0,1.750195e-01
1.054993e-03,-1.002918e+01,-1.706862e+00,-4.437851e+00,4.432743e+00,-3.601730e+00,-7.602804e+00,2.020656e-01,3.807280e+00,5.418149e+00,5.766328e+00,-3.045546e-01,7.615032e+00,1.045633e-01,0,4.375489e-01,7.380434e-05,1.952306e+00,-1.152995e+00,-9.365756e-01,5.853014e-01,-1.078509e+00,-3.653481e+00,4.310578e-03,-1.633962e-01,1.392234e+00,1.498616e+00,-7.943939e-01,7.396575e-01,-9.066180e-04,0,1.750195e-01
1.143838e-03,-7.709171e+00,-2.824212e+00,-5.214492e+00,4.775205e+00,-4.529863e+00,-1.161251e+01,9.417731e-01,3.629812e+00,5.962475e+00,7.170874e+00,-7.682002e-01,7.492717e+00,9.972802e-02,0,6.563233e-01,4.607160e-05,1.169519e+00,-5.872561e-01,-5.084041e-01,2.100803e-01,-6.566701e-01,-2.213292e+00,2.217184e-01,9.573245e-03,7.721327e-01,8.327020e-01,-4.706694e-01,1.649994e-01,7.450581e-10,0,1.093872e-01
