pcm_RMSenergy_sma,pcm_fftMag_mfcc_sma[1],pcm_fftMag_mfcc_sma[2],pcm_fftMag_mfcc_sma[3],pcm_fftMag_mfcc_sma[4],pcm_fftMag_mfcc_sma[5],pcm_fftMag_mfcc_sma[6],pcm_fftMag_mfcc_sma[7],pcm_fftMag_mfcc_sma[8],pcm_fftMag_mfcc_sma[9],pcm_fftMag_mfcc_sma[10],pcm_fftMag_mfcc_sma[11],pcm_fftMag_mfcc_sma[12],pcm_zcr_sma,F0final_sma,voicingFinalUnclipped_sma,pcm_RMSenergy_sma_de,pcm_fftMag_mfcc_sma_de[1],pcm_fftMag_mfcc_sma_de[2],pcm_fftMag_mfcc_sma_de[3],pcm_fftMag_mfcc_sma_de[4],pcm_fftMag_mfcc_sma_de[5],pcm_fftMag_mfcc_sma_de[6],pcm_fftMag_mfcc_sma_de[7],pcm_fftMag_mfcc_sma_de[8],pcm_fftMag_mfcc_sma_de[9],pcm_fftMag_mfcc_sma_de[10],pcm_fftMag_mfcc_sma_de[11],pcm_fftMag_mfcc_sma_de[12],pcm_zcr_sma_de,F0final_sma_de,voicingFinalUnclipped_sma_de
6.454147e-04,4.346876e+00,-2.199394e+00,-4.906649e+00,4.855045e+00,4.525244e+00,-1.150773e+00,-5.360037e+00,6.223169e+00,-8.979034e+00,5.899223e+00,-9.672146e+00,-1.190990e+01,1.450589e-02,0,0,9.084784e-06,-4.083866e-01,6.082829e-01,-6.155041e-01,-1.670982e+00,2.027410e-01,-6.452546e-01,-1.713279e+00,-3.621437e-01,6.276445e-02,2.145377e+00,3.260829e-01,3.729563e-01,2.236325e-03,0,0
6.752457e-04,3.847701e+00,-1.564030e+00,-5.785074e+00,1.975940e+00,4.319767e+00,-2.670481e+00,-8.530335e+00,5.552020e+00,-8.721921e+00,1.007817e+01,-8.968232e+00,-1.146302e+01,1.813237e-02,0,0,2.376561e-07,-7.444727e-01,1.382667e+00,-1.183594e+00,-2.508598e+00,4.325866e-01,-8.818455e-01,-2.417882e+00,-4.748531e-01,2.141307e-01,2.795734e+00,-9.029408e-02,8.235270e-01,3.958900e-03,0,0
6.759231e-04,2.554531e+00,5.243391e-01,-7.544958e+00,-2.060310e+00,5.641688e+00,-3.617191e+00,-1.234128e+01,4.748026e+00,-8.793769e+00,1.453664e+01,-8.393688e+00,-1.026856e+01,2.387428e-02,0,0,-1.115362e-05,-9.106304e-01,1.871854e+00,-1.727232e+00,-2.737254e+00,3.820747e-01,-1.781974e-01,-1.968589e+00,-5.472322e-01,4.036389e-01,2.203968e+00,-6.267719e-01,9.906448e-01,4.533092e-03,0,0
6.313488e-04,1.520685e+00,3.352073e+00,-9.505467e+00,-4.230266e+00,6.129955e+00,-4.326791e+00,-1.395882e+01,4.586475e+00,-8.001014e+00,1.555919e+01,-1.076285e+01,-8.612937e+00,2.961620e-02,0,0,-1.727676e-05,-7.108262e-01,1.538975e+00,-1.551326e+00,-2.353386e+00,-2.719478e-01,1.356782e+00,-4.714376e-01,-5.044732e-01,4.588726e-01,4.859300e-01,-9.837389e-01,5.764467e-01,3.233606e-03,0,0
6.115951e-04,9.572318e-01,4.701826e+00,-1.168261e+01,-5.728120e+00,5.530523e+00,-1.213605e+00,-1.248874e+01,3.969781e+00,-7.321293e+00,1.417856e+01,-1.190870e+01,-8.381719e+00,3.142944e-02,0,0,-3.879511e-06,-3.546253e-01,5.690821e-01,-8.911431e-01,-2.179611e+00,-8.865298e-01,2.459081e+00,7.596961e-01,-3.026279e-01,1.124120e-01,-6.046754e-01,2.696161e-02,-1.016647e-01,1.057722e-03,0,0
6.210259e-04,1.092220e+00,4.042102e+00,-1.147288e+01,-7.957086e+00,3.015610e+00,2.911637e+00,-1.081380e+01,3.418776e+00,-7.163795e+00,1.268686e+01,-1.212942e+01,-9.524207e+00,3.052282e-02,0,0,7.025950e-06,-1.210320e-02,-3.709581e-01,3.955822e-02,-2.465845e+00,-7.579705e-01,2.553241e+00,1.228133e+00,-1.802382e-01,-2.922683e-01,-7.149707e-01,1.763419e+00,-4.901186e-01,-6.346328e-04,0,0
6.616870e-04,9.956372e-01,3.024735e+00,-1.101697e+01,-1.109495e+01,2.766211e+00,5.059002e+00,-1.011532e+01,3.818736e+00,-8.650318e+00,1.294942e+01,-7.575592e+00,-1.032125e+01,2.870958e-02,0,0,3.315433e-06,2.382367e-01,-5.703545e-01,5.255390e-01,-2.443358e+00,-4.712258e-02,1.508473e+00,1.401106e+00,-4.685850e-02,-3.809700e-01,-4.288721e-01,2.776906e+00,-4.367100e-01,-8.159567e-04,0,0
6.414325e-04,1.440966e+00,2.335828e+00,-9.640498e+00,-1.387607e+01,3.722259e+00,5.303113e+00,-9.004869e+00,3.760807e+00,-8.797843e+00,1.259890e+01,-4.112301e+00,-1.009376e+01,2.780296e-02,0,0,-1.075762e-05,3.534106e-01,-3.741970e-01,6.917776e-01,-1.835649e+00,8.532818e-01,7.016026e-01,1.568697e+00,-6.302891e-02,-1.192186e-01,-3.220664e-01,2.306865e+00,-5.270516e-01,-4.230887e-04,0,0
6.179689e-04,1.974042e+00,2.703191e+00,-9.971107e+00,-1.498542e+01,4.941586e+00,5.133021e+00,-6.387672e+00,3.564473e+00,-8.409120e+00,1.207818e+01,-2.032727e+00,-1.028049e+01,2.870958e-02,0,0,-2.499889e-05,3.058523e-01,-9.052563e-03,8.439835e-01,-8.371205e-01,1.095297e+00,8.067747e-01,1.288976e+00,1.380484e-01,1.660647e-01,-3.625294e-01,5.614671e-01,-7.305578e-01,-3.022063e-04,0,0
5.890969e-04,2.370070e+00,2.331890e+00,-8.536920e+00,-1.519010e+01,6.194332e+00,6.382641e+00,-4.834133e+00,3.230763e+00,-7.880488e+00,1.151215e+01,-3.366527e+00,-1.217984e+01,2.840737e-02,0,0,-1.695470e-05,1.352206e-01,5.111034e-02,8.436409e-01,7.239914e-02,9.185417e-01,1.044784e+00,4.220512e-01,4.452084e-01,8.658600e-02,2.353206e-01,-4.984751e-01,-8.708156e-01,-1.027500e-03,0,0
5.628604e-04,2.060347e+00,2.981441e+00,-7.348841e+00,-1.462354e+01,7.006660e+00,8.553112e+00,-5.755804e+00,4.774000e+00,-8.278672e+00,1.168015e+01,-5.141144e+00,-1.293100e+01,2.689634e-02,0,0,-7.768738e-06,9.694254e-02,-1.274231e-01,9.273573e-01,6.795373e-01,-1.601118e-01,7.575189e-01,-1.748708e-01,7.075855e-01,1.482489e-01,6.003420e-01,-3.144093e-01,-4.010374e-01,-1.511030e-03,0,0
5.842133e-04,2.073917e+00,2.452254e+00,-6.733427e+00,-1.369501e+01,7.282431e+00,8.816988e+00,-7.210547e+00,5.382085e+00,-8.430137e+00,1.397452e+01,-5.050468e+00,-1.312259e+01,2.357208e-02,0,0,1.702603e-06,2.425329e-01,-2.801050e-01,5.685713e-01,7.577959e-01,-1.402208e+00,1.026417e-01,2.725917e-01,7.335383e-01,4.619586e-01,3.040420e-01,5.876254e-01,3.938150e-01,-1.057721e-03,0,0
5.815670e-04,2.606831e+00,2.005893e+00,-6.236066e+00,-1.233528e+01,3.596977e+00,7.703442e+00,-6.073820e+00,6.026739e+00,-7.393051e+00,1.384870e+01,-2.762803e+00,-1.181431e+01,2.357208e-02,0,0,-9.911781e-06,4.392135e-01,-2.046771e-01,4.513195e-01,5.002311e-01,-2.139162e+00,-4.951974e-01,1.200269e+00,1.054020e-01,1.167700e+00,-6.689144e-01,1.279091e+00,1.026754e+00,-1.862645e-10,0,0
5.882566e-04,3.309492e+00,1.419139e+00,-6.250450e+00,-1.254525e+01,8.881347e-01,7.320684e+00,-3.312166e+00,6.272085e+00,-6.013505e+00,1.194808e+01,-1.617570e+00,-1.076912e+01,2.478090e-02,0,0,-3.952826e-05,2.740897e-01,3.504796e-01,2.104516e-01,1.505141e-01,-1.464056e+00,-4.715509e-01,1.952964e+00,-4.825429e-01,1.617093e+00,-1.381789e+00,1.063594e+00,1.654348e+00,5.741905e-04,0,0
5.112799e-04,3.638626e+00,2.474613e+00,-5.333731e+00,-1.269727e+01,-4.920016e-01,6.825277e+00,-1.703649e+00,4.856010e+00,-3.648490e+00,9.348794e+00,-4.621367e-01,-8.973966e+00,2.629193e-02,0,0,-6.597573e-05,-1.700904e-01,8.068048e-01,-1.988305e-01,2.089436e-01,-9.260249e-03,-3.645511e-01,1.744900e+00,-1.051554e+00,1.900304e+00,-4.161328e-01,5.177737e-01,1.715019e+00,2.719848e-04,0,0
4.217156e-04,2.928468e+00,3.970292e+00,-6.132336e+00,-1.276145e+01,2.006639e+00,6.898316e+00,3.691893e-01,3.554735e+00,-2.216954e+00,9.315529e+00,-8.828320e-01,-6.271018e+00,2.508310e-02,0,0,-7.885186e-05,-6.331922e-01,6.695349e-01,-6.373118e-01,5.895667e-01,7.582809e-01,-2.563995e-01,1.473990e+00,-8.767325e-01,2.018250e+00,6.897240e-01,9.302015e-02,1.580161e+00,-2.719855e-04,0,0
3.349589e-04,1.946891e+00,4.764341e+00,-7.289276e+00,-1.118246e+01,2.991424e+00,6.091871e+00,8.099999e-01,2.127645e+00,2.101912e-01,1.308432e+01,-5.413032e-01,-5.488262e+00,2.478090e-02,0,0,-6.655879e-05,-8.904834e-01,9.753571e-02,-9.255098e-01,7.563249e-01,7.524582e-01,-2.114218e-01,5.825650e-01,-6.333878e-01,1.809992e+00,9.571687e-01,-5.167530e-01,4.487686e-01,-7.555149e-04,0,0
2.821578e-04,9.893984e-01,3.621949e+00,-8.459237e+00,-1.035482e+01,2.937827e+00,6.405390e+00,2.800961e+00,3.252605e+00,2.148403e+00,1.352894e+01,-1.112886e+00,-4.611161e+00,2.417649e-02,0,0,-4.902487e-05,-9.428541e-01,-4.449565e-01,-6.850714e-01,5.388154e-01,1.137304e-01,-2.204754e-01,-7.093728e-01,-8.270243e-01,6.925668e-01,-1.033223e-01,-8.019799e-01,-7.698057e-01,-7.252941e-04,0,0
2.482648e-04,1.557439e-01,3.136463e+00,-8.797830e+00,-1.011895e+01,2.804696e+00,6.014631e+00,-6.709894e-03,1.840136e+00,3.218794e+00,1.202793e+01,-2.930875e+00,-7.560051e+00,2.296766e-02,0,0,-3.420563e-05,-9.990932e-01,-5.899545e-01,-2.641572e-01,1.920404e-01,-1.896101e-01,-2.558902e-01,-1.948945e+00,-9.760021e-01,-8.887246e-01,-1.247194e+00,-1.305487e+00,-1.526106e+00,-3.626469e-04,0,0
2.199382e-04,-8.902287e-01,2.559448e+00,-8.803416e+00,-1.059913e+01,2.668655e+00,5.834559e+00,-2.769320e+00,-4.366319e-01,-2.584211e-01,9.327110e+00,-3.697946e+00,-9.084151e+00,2.236325e-02,0,0,-2.452082e-05,-9.676752e-01,-4.909546e-01,1.363800e-01,1.315637e-01,-5.146831e-01,-4.510322e-01,-2.289551e+00,-8.564411e-01,-1.494488e+00,-1.019530e+00,-1.005174e+00,-1.442850e+00,2.115441e-04,0,0
1.950405e-04,-2.108761e+00,2.345819e+00,-8.437972e+00,-1.010011e+01,2.177959e+00,5.097836e+00,-6.149584e+00,-9.077471e-01,-3.030020e+00,8.949264e+00,-5.776207e+00,-1.088230e+01,2.387428e-02,0,0,-1.555914e-05,-8.202926e-01,-4.202777e-01,2.407647e-01,3.809303e-01,-3.298886e-01,-2.398255e-01,-9.697661e-01,9.847236e-02,-5.284358e-01,-5.361727e-01,-7.972496e-01,-7.621058e-01,-6.044116e-05,0,0
1.861659e-04,-2.716725e+00,1.562499e+00,-7.957266e+00,-9.706428e+00,6.777800e-01,4.608627e+00,-5.575356e+00,3.443415e-01,-2.199631e+00,9.970626e+00,-4.716091e+00,-1.016429e+01,2.478090e-02,0,0,-5.297735e-06,-4.162344e-01,-3.439115e-01,-2.295532e-02,7.669116e-01,6.882861e-02,-1.553690e-01,4.306897e-01,7.267210e-01,9.681700e-01,-2.068083e-01,-1.706199e-01,-4.080884e-01,-2.055001e-03,0,0
1.873553e-04,-3.032471e+00,1.533549e+00,-8.017081e+00,-8.660651e+00,2.150690e+00,5.428469e+00,-3.452523e+00,1.942011e+00,1.547220e+00,9.025310e+00,-6.408051e+00,-1.083051e+01,2.145663e-02,0,0,2.503033e-06,-3.738427e-02,-2.952754e-01,-8.384026e-01,6.871833e-01,5.344230e-01,-6.858329e-02,1.380417e+00,7.451340e-01,1.211800e+00,-6.882567e-01,7.184386e-01,1.867216e-01,-4.533092e-03,0,0
1.972921e-04,-2.509546e+00,1.246026e+00,-9.128638e+00,-7.484296e+00,3.026433e+00,4.892397e+00,-1.964402e+00,1.772094e+00,2.293809e+00,8.255046e+00,-4.235124e+00,-1.115049e+01,1.329707e-02,0,0,4.119295e-06,1.603093e-01,-1.634529e-01,-1.309200e+00,4.033813e-01,7.312630e-02,-5.250006e-01,1.193969e+00,2.772254e-01,4.904190e-01,-7.494171e-01,1.434411e+00,4.394520e-01,-4.774856e-03,0,0
2.019925e-04,-2.399272e+00,1.027678e+00,-1.204430e+01,-7.775257e+00,3.675748e+00,4.613034e+00,-1.052977e+00,2.104047e+00,7.822614e-01,6.365770e+00,-2.424498e+00,-9.455590e+00,6.950740e-03,0,0,-1.407068e-07,5.542944e-02,-6.551922e-02,-1.215743e+00,-2.241010e-01,-1.208899e+00,-1.090242e+00,2.069542e-01,-1.897845e-01,3.320139e-02,-4.519090e-01,1.824234e+00,1.111760e+00,-1.420369e-03,0,0
1.994438e-04,-2.231778e+00,9.981697e-01,-1.248965e+01,-8.132218e+00,2.808828e-01,2.391342e+00,-8.052831e-01,1.649451e+00,6.349429e-01,7.553310e+00,4.641883e-01,-8.654489e+00,8.159565e-03,0,0,-6.429385e-06,-1.727205e-01,2.159541e-01,-2.689472e-01,-5.494502e-01,-2.088395e+00,-1.330913e+00,-9.864488e-01,-8.089225e-01,2.588813e-01,3.216090e-01,1.137443e+00,1.231207e+00,3.958900e-03,0,0
1.855760e-04,-2.894207e+00,1.329881e+00,-1.241529e+01,-9.457195e+00,-2.521030e+00,1.227787e+00,-2.997311e+00,1.054410e+00,2.542660e+00,7.116632e+00,3.634655e-01,-6.519709e+00,1.692354e-02,0,0,-1.046554e-05,-2.630170e-01,5.169765e-01,7.411431e-01,-3.953297e-01,-1.613655e+00,-1.021952e+00,-1.785229e+00,-1.220161e+00,5.996528e-01,4.373937e-01,2.648239e-01,1.163537e+00,7.192506e-03,0,0
1.733535e-04,-3.125680e+00,2.174695e+00,-1.028788e+01,-9.390578e+00,-4.317153e+00,-6.954459e-02,-5.924479e+00,-1.747700e+00,2.708016e+00,9.487659e+00,5.811101e-02,-6.462392e+00,2.810517e-02,0,0,-7.512345e-06,3.567555e-02,1.209192e+00,1.590122e+00,6.535619e-01,1.108248e-01,-4.677895e-01,-1.648249e+00,-1.497744e+00,-1.812365e-01,-3.318322e-01,-2.920712e-01,1.069331e+00,6.497432e-03,0,0
1.627100e-04,-3.267406e+00,3.024298e+00,-9.439471e+00,-9.122725e+00,-2.093508e+00,7.337185e-01,-7.419523e+00,-2.298182e+00,2.743989e+00,7.585564e+00,-8.973393e-01,-4.733955e+00,3.294047e-02,0,0,2.491080e-06,6.847050e-01,1.880441e+00,2.282729e+00,2.155698e+00,1.650360e+00,-1.806360e-01,-8.795254e-01,-1.439480e+00,-1.250909e+00,-9.650280e-01,-1.498885e-01,8.546650e-01,1.964340e-03,0,0
1.733151e-04,-1.866801e+00,6.196921e+00,-6.026952e+00,-5.031643e+00,6.212458e-01,2.994281e-01,-6.835423e+00,-4.162971e+00,-3.719040e-01,5.659684e+00,-3.657651e-01,-4.200709e+00,3.263826e-02,0,0,2.207860e-05,1.389801e+00,2.173650e+00,2.814514e+00,3.289651e+00,1.764923e+00,-6.949199e-01,-3.768152e-01,-1.328021e+00,-2.207416e+00,-8.570511e-01,5.015265e-01,3.046450e-01,-2.901179e-03,0,0
1.980506e-04,-1.001220e-01,8.720975e+00,-3.132109e+00,-8.581708e-01,3.261571e+00,1.401201e-01,-6.939466e+00,-4.935354e+00,-2.171924e+00,4.205480e+00,-1.740389e-01,-3.377226e+00,2.447869e-02,0,0,4.489534e-05,1.766167e+00,1.874658e+00,2.960232e+00,3.372063e+00,5.929919e-01,-1.540246e+00,-2.331401e-01,-1.035006e+00,-2.285078e+00,4.566783e-01,8.280478e-01,-5.758700e-01,-5.651255e-03,0,0
2.660762e-04,2.239681e+00,1.019460e+01,6.310096e-01,2.925397e+00,1.829920e+00,-3.247345e+00,-8.048583e+00,-7.069220e+00,-5.871109e+00,6.892446e+00,2.204093e+00,-5.617532e+00,1.783016e-02,0,0,6.614435e-05,1.497295e+00,8.636797e-01,2.585938e+00,2.305538e+00,-8.784305e-01,-1.887580e+00,-1.252700e-01,-1.704919e-01,-1.800294e+00,1.575377e+00,5.864111e-01,-1.426860e+00,-5.288607e-03,0,0
3.408061e-04,3.510190e+00,1.039875e+01,2.032710e+00,3.759068e+00,2.671145e-01,-5.194127e+00,-7.978643e+00,-6.020086e+00,-5.931797e+00,9.252574e+00,1.957970e+00,-6.904894e+00,1.208824e-02,0,0,7.832372e-05,9.307933e-01,1.324024e-02,1.913420e+00,1.030890e+00,-1.636900e+00,-1.517107e+00,1.656151e-01,5.727103e-01,-1.300286e+00,1.617640e+00,1.670885e-01,-1.720360e+00,-2.840737e-03,0,0
4.326590e-04,3.814516e+00,9.676434e+00,4.320330e+00,4.187426e+00,-2.273679e+00,-6.471350e+00,-6.942184e+00,-4.473064e+00,-7.493437e+00,1.101302e+01,1.500286e+00,-9.571176e+00,1.239045e-02,0,0,7.717622e-05,3.215042e-01,-5.287852e-01,9.845845e-01,5.348644e-02,-1.424700e+00,-3.767098e-01,3.506233e-01,9.024461e-01,-8.613144e-01,6.924552e-01,-1.392021e-01,-1.569949e+00,-3.928679e-04,0,0
5.063777e-04,3.766427e+00,9.046262e+00,4.590331e+00,3.665263e+00,-2.871127e+00,-5.833412e+00,-6.664590e+00,-3.369881e+00,-7.862188e+00,1.023339e+01,1.013307e+00,-1.000220e+01,1.299486e-02,0,0,6.788927e-05,4.277787e-02,-3.240908e-01,2.458538e-01,-1.345076e-01,-1.507807e+00,3.986875e-01,-1.131542e-01,5.292693e-01,-8.293067e-01,4.322796e-02,2.698675e-01,-1.086901e+00,1.390148e-03,0,0
5.691714e-04,3.719084e+00,8.226921e+00,4.275122e+00,3.239732e+00,-3.724461e+00,-4.811251e+00,-6.952493e+00,-3.882092e+00,-9.212485e+00,9.864314e+00,1.980414e+00,-1.191862e+01,1.541251e-02,0,0,5.282253e-05,-1.723003e-03,2.027044e-01,-4.880826e-01,-1.724465e-01,-2.020730e+00,7.963327e-01,-5.002689e-01,2.797102e-01,-2.169210e-01,-1.233588e-01,2.983748e-01,-4.677584e-01,1.541252e-03,0,0
6.119962e-04,3.771795e+00,9.503049e+00,3.284583e+00,3.560377e+00,-6.546529e+00,-4.030738e+00,-8.539260e+00,-3.669225e+00,-9.218806e+00,1.004307e+01,3.067243e+00,-1.116568e+01,1.752795e-02,0,0,4.325270e-05,4.829197e-02,4.726325e-01,-9.113590e-01,-6.141061e-01,-3.073329e+00,1.117716e+00,-3.841376e-02,1.813472e-01,3.677555e-01,1.050259e-01,-1.392651e-01,-1.719658e-01,1.329707e-03,0,0
6.439624e-04,3.803217e+00,1.046156e+01,2.532790e+00,3.377637e+00,-1.053963e+01,-3.391023e+00,-8.506194e+00,-2.924841e+00,-7.899733e+00,1.049139e+01,1.965192e+00,-1.132823e+01,1.783016e-02,0,0,4.646730e-05,7.063794e-02,2.729322e-01,-1.516699e+00,-1.556604e+00,-3.476618e+00,1.641013e+00,1.224219e+00,2.245601e-01,7.055658e-01,-6.098176e-01,-8.913245e-01,-2.421629e-01,9.368388e-04,0,0
6.852457e-04,3.965820e+00,1.029210e+01,9.047015e-01,5.257805e-01,-1.483019e+01,-9.549446e-01,-6.079809e+00,-2.941771e+00,-6.679787e+00,1.044498e+01,3.245933e-01,-1.115723e+01,1.843457e-02,0,0,5.695915e-05,1.122860e-01,-3.955429e-01,-1.929867e+00,-2.662760e+00,-2.616117e+00,2.051461e+00,2.763590e+00,-1.281753e-01,-5.487058e-01,-1.439786e+00,-9.846988e-01,-5.063807e-01,1.087942e-03,0,0
7.648832e-04,3.975261e+00,9.197055e+00,-2.118435e+00,-3.025990e+00,-1.696572e+01,1.855915e+00,-2.061126e+00,-3.123019e+00,-6.954166e+00,6.614269e+00,-1.104883e+00,-1.313366e+01,1.964340e-02,0,0,6.178874e-05,7.770810e-02,-9.169291e-01,-2.264144e+00,-2.584539e+00,-6.724772e-01,1.510766e+00,3.115918e+00,-2.253979e-01,-2.388499e+00,-2.269925e+00,-1.822273e-01,-6.204634e-02,9.670593e-04,0,0
8.363316e-04,4.247203e+00,8.157588e+00,-4.039140e+00,-6.551610e+00,-1.641407e+01,3.603096e+00,2.056154e+00,-4.211013e+00,-1.243512e+01,4.782698e+00,-3.212130e-01,-1.279486e+01,2.206104e-02,0,0,3.938392e-05,1.486231e-01,-1.200209e+00,-1.944205e+00,-1.167215e+00,1.530713e+00,1.149984e-01,1.994438e+00,1.404008e-01,-2.884366e+00,-2.018563e+00,3.078992e-01,4.652133e-01,-1.813237e-04,0,0
8.773632e-04,4.051066e+00,6.944174e+00,-6.316010e+00,-6.006363e+00,-1.311007e+01,1.883786e+00,3.005415e+00,-3.417209e+00,-1.696456e+01,1.972908e+00,1.376958e+00,-1.081964e+01,2.085222e-02,0,0,-3.125274e-06,2.324846e-01,-1.348276e+00,-1.400655e+00,1.109949e+00,2.745825e+00,-6.890870e-01,2.209574e-02,4.293426e-01,-1.107211e+00,-8.325864e-01,7.185943e-02,5.985209e-01,-1.420369e-03,0,0
8.259253e-04,4.671033e+00,5.417498e+00,-6.717533e+00,-3.820108e+00,-9.104449e+00,-3.938881e-01,1.359112e+00,-2.092671e+00,-1.609642e+01,2.672849e+00,6.231685e-01,-9.988172e+00,1.692354e-02,0,0,-4.018639e-05,2.595009e-01,-1.268872e+00,-7.792937e-01,2.877859e+00,2.706235e+00,-3.775877e-01,-1.799078e+00,4.844727e-01,1.780637e+00,8.149455e-01,-6.668738e-01,-6.274089e-01,-1.903898e-03,0,0
7.544599e-04,4.925769e+00,3.825719e+00,-7.782514e+00,1.158006e+00,-6.891401e+00,4.089727e-01,-1.602126e+00,-2.035477e+00,-1.065957e+01,3.506262e+00,-1.217777e+00,-1.154440e+01,1.511031e-02,0,0,-4.997412e-05,2.522163e-01,-1.044183e+00,-1.895642e-01,3.175704e+00,1.980453e+00,5.945700e-01,-2.380164e+00,-2.512698e-01,3.198935e+00,2.496206e+00,-9.530517e-01,-2.112179e+00,-1.057721e-03,0,0
6.968512e-04,5.107357e+00,3.372455e+00,-7.202357e+00,4.255500e+00,-5.992226e+00,2.452564e+00,-4.635465e+00,-2.479516e+00,-6.684425e+00,8.090749e+00,-2.358214e+00,-1.556953e+01,1.541251e-02,0,0,-2.033968e-05,1.142751e-01,-7.447393e-01,-6.827269e-02,2.451360e+00,1.757739e+00,5.293525e-01,-2.717386e+00,-5.296689e-01,2.607751e+00,3.150468e+00,-4.098824e-01,-2.734038e+00,-3.022061e-04,0,0
6.920297e-04,5.093986e+00,2.745778e+00,-7.021419e+00,5.834351e+00,-4.763921e+00,3.433410e+00,-5.898116e+00,-4.480136e+00,-5.675882e+00,1.174499e+01,-1.897609e+00,-1.858986e+01,1.631913e-02,0,0,2.566713e-05,1.363082e-02,-5.989478e-01,-3.201259e-01,1.243125e+00,2.446195e+00,-7.107171e-01,-2.694801e+00,-7.123771e-02,1.137998e+00,2.801310e+00,-1.914710e-01,-2.315091e+00,-6.044125e-04,0,0
7.554421e-04,5.158300e+00,2.233772e+00,-7.439444e+00,6.098518e+00,-1.379493e+00,7.406557e-01,-1.007982e+01,-3.518686e+00,-5.549507e+00,1.430583e+01,-1.086327e+00,-2.013563e+01,1.480810e-02,0,0,7.301916e-05,-1.245201e-01,-6.773655e-01,-1.034165e+00,3.346319e-01,2.981751e+00,-1.719654e+00,-2.861807e+00,1.173731e+00,-3.239672e-01,1.214984e+00,-1.664857e-02,-1.084799e+00,-9.972805e-04,0,4.446067e-02
8.535002e-04,4.968451e+00,1.400321e+00,-9.264600e+00,6.452123e+00,3.033210e+00,-2.288658e+00,-1.235395e+01,-1.872080e+00,-5.537045e+00,1.440527e+01,-2.811075e+00,-2.083681e+01,1.239045e-02,0,0,1.113235e-04,-4.594999e-01,-5.627328e-01,-1.457772e+00,-7.283118e-01,2.352699e+00,-8.747731e-01,-2.890305e+00,2.671642e+00,-1.484693e+00,-2.908084e-01,1.888666e-01,7.734261e-02,-2.417649e-04,0,1.113287e-01
9.812118e-04,4.547523e+00,6.583555e-01,-1.125159e+01,5.619774e+00,5.017965e+00,-3.284670e+00,-1.571658e+01,2.085113e+00,-8.373680e+00,1.283552e+01,-1.984724e+00,-1.987005e+01,1.239045e-02,0,2.223033e-01,1.421760e-04,-9.855480e-01,-3.604747e-01,-1.145029e+00,-2.212266e+00,5.776494e-01,1.721701e+00,-2.614070e+00,3.244672e+00,-2.241852e+00,-6.988627e-01,7.660425e-01,9.588574e-01,2.085222e-03,0,1.770868e-01
1.135762e-03,3.101875e+00,7.198229e-01,-1.240421e+01,2.432164e+00,3.800846e+00,1.072208e+00,-1.753126e+01,6.076174e+00,-1.168726e+01,1.102610e+01,-5.040774e-01,-1.833594e+01,1.631913e-02,0,4.454917e-01,1.574121e-04,-1.491860e+00,-6.004802e-02,-1.950960e-01,-4.002555e+00,-8.960140e-01,3.891408e+00,-2.194698e+00,2.688126e+00,-2.124932e+00,2.860983e-01,1.326031e+00,1.560900e+00,4.170445e-03,0,1.751466e-01
1.325191e-03,1.163848e+00,7.716476e-01,-1.159478e+01,-2.952832e+00,1.124935e+00,7.668728e+00,-2.056152e+01,8.730548e+00,-1.368366e+01,1.250110e+01,1.590386e+00,-1.659178e+01,2.326987e-02,0,6.626881e-01,1.309244e-04,-1.658023e+00,3.096416e-01,7.680173e-01,-5.152578e+00,-1.205934e+00,3.945885e+00,-1.164227e+00,1.163292e+00,-1.247889e+00,1.713731e+00,9.931496e-01,1.909747e+00,4.533092e-03,0,1.052080e-01
1.468571e-03,-7.990100e-01,1.043435e+00,-1.006848e+01,-9.274348e+00,4.996549e-01,1.169168e+01,-2.090497e+01,8.245831e+00,-1.350672e+01,1.600297e+01,2.031525e+00,-1.467144e+01,2.780296e-02,0,6.555405e-01,3.716477e-05,-1.277038e+00,6.064377e-01,1.458738e+00,-5.059182e+00,-6.167067e-01,1.898584e+00,-2.045668e-01,-3.164372e-01,-2.622867e-01,2.434158e+00,4.425279e-01,2.010574e+00,2.840738e-03,0,-5.810827e-03
1.469430e-03,-1.792148e+00,2.044757e+00,-8.579365e+00,-1.428986e+01,6.388908e-01,1.113502e+01,-1.985086e+01,6.816745e+00,-1.370339e+01,1.891574e+01,1.713223e+00,-1.215356e+01,2.931399e-02,0,6.433187e-01,-8.814914e-05,-5.905711e-01,1.043014e+00,1.412343e+00,-3.592537e+00,1.833899e-01,-5.504621e-01,7.351177e-01,-7.539068e-01,-2.376442e-02,1.567807e+00,3.241388e-02,1.710343e+00,5.741915e-04,0,-1.132862e-01
1.249467e-03,-1.805315e+00,3.115457e+00,-6.618224e+00,-1.719523e+01,9.603347e-01,8.831984e+00,-1.890942e+01,5.450890e+00,-1.298882e+01,1.998957e+01,1.647144e+00,-1.050218e+01,2.750076e-02,0,4.261223e-01,-1.801239e-04,8.720951e-02,1.174161e+00,1.131557e+00,-1.749108e+00,6.107073e-01,-1.800049e+00,8.156158e-01,-2.737810e-01,8.038864e-02,1.825415e-01,-2.140116e-01,1.068128e+00,-9.066187e-04,0,-1.743433e-01
9.939972e-04,-1.285855e+00,4.950706e+00,-6.258198e+00,-1.695508e+01,1.811545e+00,6.346266e+00,-1.788371e+01,6.358485e+00,-1.406143e+01,1.834684e+01,1.944646e+00,-1.012470e+01,2.629193e-02,0,2.109665e-01,-1.835722e-04,5.058983e-01,9.439026e-01,4.324309e-01,-4.481020e-01,5.159699e-01,-1.582462e+00,1.151274e+00,-1.344905e-02,-1.820616e-01,-1.439490e+00,-4.537801e-01,5.381014e-01,-1.420370e-03,0,-1.712760e-01
8.056676e-04,-6.161088e-01,5.461266e+00,-5.571281e+00,-1.668728e+01,2.966864e+00,5.085811e+00,-1.781047e+01,7.106057e+00,-1.292576e+01,1.720013e+01,8.457553e-01,-1.034523e+01,2.478090e-02,0,0,-1.147012e-04,6.492909e-01,3.377437e-01,-3.454429e-01,-9.928302e-02,2.014924e-01,-3.645431e-01,1.928297e+00,-6.360736e-01,-2.031126e-01,-2.120139e+00,-8.015917e-01,5.671052e-01,-1.359928e-03,0,-1.063211e-01
7.734683e-04,1.427407e-01,5.591366e+00,-6.940681e+00,-1.678435e+01,2.215475e+00,5.095794e+00,-1.464396e+01,5.921916e+00,-1.464524e+01,1.311301e+01,-1.549831e-01,-9.541530e+00,2.357207e-02,0,0,6.260979e-06,5.772668e-01,-4.866559e-01,-7.845019e-01,-6.572834e-01,-4.000503e-01,8.380747e-01,2.700811e+00,-1.571211e+00,-4.247891e-01,-1.929435e+00,-6.896470e-01,7.299683e-01,-1.239045e-03,0,5.437961e-03
7.862251e-04,7.268419e-01,4.483845e+00,-8.004196e+00,-1.777701e+01,1.765832e+00,7.634504e+00,-1.088781e+01,2.488806e+00,-1.371248e+01,1.200579e+01,-1.311000e+00,-7.958238e+00,2.206104e-02,0,0,8.085790e-05,4.016388e-01,-6.158273e-01,-6.446779e-01,-1.149918e+00,-3.649424e-01,1.171261e+00,2.364338e+00,-1.676316e+00,-5.204369e-01,-7.805688e-01,1.663325e-01,7.939376e-01,-7.555149e-04,0,7.144690e-02
1.035023e-03,9.290040e-01,3.006137e+00,-8.964250e+00,-1.969663e+01,4.118100e-01,9.262293e+00,-7.840987e+00,8.110527e-01,-1.579201e+01,1.129684e+01,-4.252113e-01,-7.668355e+00,2.145663e-02,0,2.381563e-01,1.084367e-04,1.333945e-01,-3.022559e-01,1.452003e-01,-1.630037e+00,-3.009084e-01,8.267399e-01,7.434018e-01,-3.264920e-01,-6.626062e-02,5.051831e-01,1.044105e+00,7.384449e-01,7.450581e-10,0,1.158882e-01
1.079180e-03,9.989535e-01,3.674744e+00,-7.782887e+00,-2.098073e+01,2.043985e+00,8.858869e+00,-9.390266e+00,1.279910e+00,-1.495455e+01,1.420538e+01,1.812532e+00,-7.312132e+00,2.206104e-02,0,2.381563e-01,4.243535e-05,-2.339711e-02,3.771352e-01,8.689497e-01,-1.471476e+00,9.977624e-03,-7.614394e-02,-8.823538e-01,1.131726e+00,2.678664e-01,6.506727e-01,1.432278e+00,8.436807e-01,5.741920e-04,0,6.666198e-02
1.169175e-03,6.736574e-01,4.484637e+00,-6.325335e+00,-2.333267e+01,5.718568e-01,8.617311e+00,-1.167572e+01,4.893904e+00,-1.435550e+01,1.453913e+01,3.503778e+00,-6.172358e+00,2.357208e-02,0,4.603629e-01,-3.742243e-05,-5.653877e-02,7.682268e-01,1.088867e+00,-1.255555e+00,2.445049e-02,-4.076361e-01,-1.298774e+00,2.305473e+00,1.035859e+00,2.568851e-01,8.136038e-01,1.034704e+00,5.439708e-04,0,-4.784918e-03
9.313261e-04,7.375296e-01,5.630271e+00,-4.978905e+00,-2.331637e+01,1.735696e+00,7.576275e+00,-1.338221e+01,6.106012e+00,-1.309140e+01,1.363800e+01,3.885895e+00,-4.487833e+00,2.387428e-02,0,2.222066e-01,-7.610769e-05,6.880284e-02,7.586072e-01,8.643656e-01,-8.000183e-01,-1.935934e-01,-5.981931e-01,-3.193040e-01,2.065393e+00,1.028002e+00,-5.214804e-01,-2.969677e-02,9.027398e-01,-3.022086e-05,0,-7.144690e-02
9.218379e-04,7.770221e-01,5.869507e+00,-4.921903e+00,-2.480658e+01,6.882069e-01,7.865409e+00,-1.233889e+01,9.925366e+00,-1.154429e+01,1.286495e+01,2.606126e+00,-3.906985e+00,2.326987e-02,0,2.222066e-01,-5.320718e-05,4.089972e-01,6.354457e-01,2.559315e-01,-6.351067e-01,4.101479e-03,-3.803049e-01,8.190338e-01,7.432042e-01,8.247260e-01,-8.209829e-02,-3.502610e-01,6.813673e-01,-3.626479e-04,0,-6.650796e-02
8.223096e-04,1.291285e+00,6.775345e+00,-4.162775e+00,-2.424387e+01,1.017843e+00,6.243854e+00,-1.065521e+01,9.091145e+00,-1.122015e+01,1.243507e+01,2.112874e+00,-3.931120e+00,2.206104e-02,0,0,1.785215e-05,7.139407e-01,3.233747e-01,-5.688139e-01,-6.857567e-01,1.002196e-01,-1.498709e-01,1.576156e+00,-1.109446e+00,2.336194e-01,3.202305e-01,2.741674e-01,5.729840e-01,6.044116e-05,0,4.897323e-02
9.576472e-04,2.441766e+00,7.089329e+00,-5.453743e+00,-2.604446e+01,9.512908e-01,7.381998e+00,-8.944057e+00,7.117359e+00,-1.116750e+01,1.473011e+01,2.638983e+00,-3.043879e+00,2.266546e-02,0,2.389264e-01,6.555948e-05,8.804859e-01,-3.224348e-01,-1.405964e+00,-6.115071e-01,3.664981e-01,-7.735515e-02,1.452125e+00,-2.602067e+00,-3.457505e-01,6.995231e-01,1.362328e+00,1.011148e+00,1.148383e-03,0,1.380283e-01
1.002682e-03,3.474861e+00,6.637234e+00,-7.557055e+00,-2.612621e+01,2.105253e+00,7.068626e+00,-7.198841e+00,1.962785e+00,-1.211170e+01,1.430657e+01,5.240304e+00,-2.054466e+00,2.447869e-02,0,4.587128e-01,7.276383e-05,6.674610e-01,-6.207794e-01,-1.796254e+00,-6.336641e-01,4.275882e-01,-3.692150e-02,1.035266e+00,-2.347664e+00,-4.828736e-01,3.303070e-01,1.794588e+00,1.229990e+00,1.662134e-03,0,1.332196e-01
1.159449e-03,4.087664e+00,4.326388e+00,-1.025458e+01,-2.692294e+01,1.976992e+00,7.066247e+00,-6.806442e+00,4.792081e-01,-1.282727e+01,1.542681e+01,7.854052e+00,2.104278e-01,2.780296e-02,0,6.829917e-01,2.904341e-05,1.930451e-01,-6.695269e-01,-1.281761e+00,1.412449e-02,3.858287e-01,-4.057754e-01,2.242597e-01,-1.274804e+00,-4.837878e-01,-4.458300e-01,1.491462e+00,1.226651e+00,1.359927e-03,0,-4.394245e-03
1.085228e-03,3.805641e+00,5.052918e+00,-1.074362e+01,-2.697295e+01,2.642933e+00,6.217122e+00,-6.547682e+00,6.718976e-01,-1.280464e+01,1.373825e+01,8.478282e+00,5.916770e-01,2.780296e-02,0,4.440653e-01,-2.491610e-05,-1.396595e-01,-1.232894e-01,-3.481249e-01,2.138391e-01,4.080764e-01,-3.257188e-01,-6.402143e-01,-2.635082e-01,-3.589087e-01,-6.422304e-01,1.601266e-01,6.144589e-01,3.626473e-04,0,-1.376138e-01
1.061591e-03,3.241601e+00,4.533852e+00,-1.026926e+01,-2.555047e+01,2.611594e+00,5.778873e+00,-8.148337e+00,1.388780e+00,-1.323997e+01,1.278512e+01,8.477303e+00,1.766306e+00,2.780296e-02,0,2.242789e-01,-7.380395e-05,-2.881725e-01,3.533061e-01,2.420034e-01,6.762336e-01,4.335999e-01,-3.454485e-02,-1.239944e+00,-1.727910e-01,-2.835166e-01,-4.577723e-01,-9.429991e-01,-3.715591e-01,-4.533090e-04,0,-1.810049e-01
9.270305e-04,3.199595e+00,5.917055e+00,-9.290339e+00,-2.574326e+01,3.828334e+00,6.083720e+00,-9.728965e+00,1.904582e-01,-1.369989e+01,1.241627e+01,5.729311e+00,2.398888e-01,2.629193e-02,0,0,-7.182278e-05,-2.279598e-01,3.086725e-01,1.810440e-01,6.586558e-01,1.070345e-01,2.943046e-01,-1.459488e+00,-7.922121e-01,-1.694492e-01,4.926928e-01,-1.431245e+00,-9.147581e-01,-5.741917e-04,0,-1.112410e-01
8.695279e-04,2.949825e+00,5.660850e+00,-9.771207e+00,-2.415662e+01,3.552292e+00,6.960224e+00,-1.141552e+01,-1.440273e-01,-1.379722e+01,1.379894e+01,4.513542e+00,-1.471473e+00,2.629193e-02,0,0,-5.511306e-05,-1.570924e-01,2.233016e-01,-1.632080e-01,6.425558e-01,-3.868588e-01,1.312814e-02,-1.083406e+00,-1.202223e+00,3.320769e-01,1.270314e+00,-1.131523e+00,-1.000475e+00,-4.835300e-04,0,-4.485578e-02
8.221457e-04,2.811731e+00,6.032782e+00,-1.008743e+01,-2.437659e+01,2.707757e+00,7.097969e+00,-1.221153e+01,-2.522759e+00,-1.337326e+01,1.569481e+01,3.303936e+00,-2.363224e+00,2.568752e-02,0,0,-1.196350e-05,-1.543294e-01,-3.736255e-01,-3.541548e-01,5.867947e-01,-5.694556e-01,-9.253408e-01,-5.195330e-01,-1.494485e+00,7.799307e-01,1.653045e+00,-2.088492e-01,-2.861637e-01,-1.813240e-04,0,0
8.384685e-04,2.650071e+00,5.592496e+00,-1.068676e+01,-2.302102e+01,1.237589e+00,5.337389e+00,-1.232409e+01,-3.265727e+00,-1.174290e+01,1.749742e+01,4.032372e+00,-1.934511e+00,2.568752e-02,0,0,-2.923986e-06,-7.044914e-02,-4.385490e-01,-2.032585e-02,5.419243e-01,-2.622715e-01,-1.580462e+00,-1.946633e-01,-1.140026e+00,8.331022e-01,1.289642e+00,1.671192e-01,3.897849e-01,-3.022063e-04,0,0
8.827427e-04,2.577825e+00,4.083105e+00,-1.060334e+01,-2.337708e+01,2.138407e+00,2.268433e+00,-1.187235e+01,-5.721115e+00,-1.082740e+01,1.883225e+01,4.925650e+00,-9.594110e-01,2.568752e-02,0,0,-1.270560e-05,-2.152693e-02,-1.852945e-01,2.988213e-01,8.324829e-01,5.366443e-01,-1.529771e+00,-5.190433e-01,-5.622638e-01,5.559365e-01,5.435135e-01,2.520342e-01,6.966857e-01,-8.159565e-04,0,0
8.246095e-04,2.714532e+00,4.442944e+00,-9.614882e+00,-2.194675e+01,2.525609e+00,1.472684e+00,-1.255843e+01,-4.244982e+00,-1.090464e+01,1.867843e+01,4.538281e+00,-2.244550e-01,2.478090e-02,0,0,-5.309836e-05,6.960642e-02,5.175409e-01,6.426256e-01,1.415161e+00,7.378628e-01,-7.526293e-01,-1.011552e+00,-9.425507e-02,7.050072e-01,-2.062569e-01,-4.337875e-01,7.764336e-01,-1.329707e-03,0,0
7.655472e-04,2.671866e+00,5.681086e+00,-9.129262e+00,-2.075131e+01,4.746968e+00,1.381465e+00,-1.468957e+01,-4.844450e+00,-1.101271e+01,1.782187e+01,4.311153e+00,2.651772e-01,2.206104e-02,0,0,-6.411035e-05,1.353212e-01,8.952456e-01,4.187588e-01,2.020792e+00,3.319823e-01,1.674086e-01,-1.564993e+00,3.155700e-01,9.353064e-01,-2.045044e-01,-9.757250e-01,4.945591e-01,-1.541250e-03,0,0
6.315745e-04,2.951083e+00,7.381210e+00,-8.210666e+00,-1.725810e+01,3.622623e+00,2.017727e+00,-1.597324e+01,-4.175334e+00,-8.125214e+00,1.697133e+01,2.170684e+00,1.335363e+00,2.085222e-02,0,0,-5.446097e-05,8.662517e-02,5.948249e-01,1.152052e-01,2.267397e+00,-5.761964e-02,7.601519e-01,-1.447654e+00,2.550839e-01,6.709388e-01,3.899189e-01,-1.172490e+00,-1.013817e-01,-9.972795e-04,0,0
6.587084e-04,3.136155e+00,7.090199e+00,-9.211654e+00,-1.561744e+01,3.249812e+00,2.832955e+00,-1.798991e+01,-4.178089e+00,-7.540580e+00,1.866328e+01,1.230824e+00,7.334755e-01,1.994560e-02,0,0,-2.488000e-05,1.931937e-02,8.308206e-02,-1.155281e-02,1.834108e+00,-3.967144e-01,9.426205e-01,-8.208039e-01,5.844164e-01,-5.314471e-01,7.650602e-01,-9.417273e-01,-6.233903e-01,-4.835296e-04,0,0
6.057240e-04,2.915513e+00,6.712512e+00,-8.997661e+00,-1.317670e+01,2.986089e+00,4.547699e+00,-1.814653e+01,-3.302743e+00,-9.286009e+00,2.020732e+01,2.159947e-01,-9.655128e-01,2.085222e-02,0,0,-5.559705e-06,-1.717438e-01,-1.161395e-01,1.391222e-01,9.969280e-01,-1.846428e-02,4.258533e-01,-8.044758e-02,6.178864e-01,-1.639075e+00,8.237530e-01,-5.551478e-02,-1.041307e+00,-3.324268e-04,0,0
6.540724e-04,2.786247e+00,6.430845e+00,-8.793529e+00,-1.362147e+01,3.081663e+00,4.829581e+00,-1.770695e+01,-2.358664e+00,-1.308955e+01,2.002918e+01,5.798606e-01,-1.701336e+00,1.964340e-02,0,0,-1.698372e-06,-2.025044e-01,8.365836e-02,3.379996e-01,4.024339e-01,-9.181695e-02,-1.694524e-01,4.405172e-01,6.415616e-01,-1.504790e+00,1.391438e-01,4.194594e-01,-8.889049e-01,-2.115447e-04,0,0
6.060940e-04,2.267318e+00,7.130190e+00,-7.724117e+00,-1.327145e+01,3.614376e+00,3.148680e+00,-1.651696e+01,-1.995615e+00,-1.354611e+01,2.040714e+01,2.218591e+00,-2.653767e+00,1.934119e-02,0,0,1.235923e-05,-1.698813e-01,1.072422e-01,1.753082e-01,2.910299e-01,-4.132666e-01,-7.019669e-01,5.793953e-03,5.113068e-01,-3.995001e-01,-8.834763e-02,9.364060e-01,-5.901420e-01,-1.208823e-04,0,0
6.500316e-04,2.447731e+00,7.299652e+00,-8.158427e+00,-1.355790e+01,2.476584e+00,2.685202e+00,-1.660211e+01,-1.623845e+00,-1.293448e+01,1.925908e+01,2.326823e+00,-2.866922e+00,1.964340e-02,0,0,1.596556e-05,-1.028139e-01,-1.155300e-02,-2.067633e-02,5.372795e-01,-8.177198e-01,-6.345640e-01,-4.763618e-01,5.762208e-01,8.893083e-01,-1.121447e-01,7.559390e-01,-5.180576e-01,2.115441e-04,0,0
6.695405e-04,2.235365e+00,6.814320e+00,-8.438670e+00,-1.175334e+01,1.222296e+00,2.110054e+00,-1.866998e+01,-1.113619e+00,-1.136104e+01,2.015063e+01,4.024543e+00,-3.333430e+00,2.024781e-02,0,0,2.483858e-05,1.069922e-02,-1.906786e-01,-6.971522e-02,2.722969e-01,-9.597569e-01,-3.297463e-01,-8.075463e-01,9.063993e-01,1.199453e+00,-1.031177e-01,7.142943e-01,-2.940333e-01,6.044116e-05,0,0
7.021769e-04,2.288154e+00,6.531015e+00,-8.539634e+00,-1.169413e+01,1.891044e-01,2.176074e+00,-1.901225e+01,8.144172e-02,-9.735536e+00,1.959671e+01,3.456580e+00,-3.951793e+00,2.024781e-02,0,0,1.246293e-05,4.143274e-02,-1.903571e-01,2.797109e-01,-3.186563e-01,-6.129453e-01,-2.082900e-01,-5.009262e-01,1.053353e+00,8.764542e-01,-1.133806e-01,6.252267e-01,-3.813983e-01,-3.022011e-05,0,0
7.042142e-04,2.400602e+00,6.561115e+00,-7.882090e+00,-1.284185e+01,-4.066843e-02,1.754513e+00,-1.934962e+01,1.683738e+00,-9.148314e+00,1.972274e+01,5.225184e+00,-3.581498e+00,1.934119e-02,0,0,1.846405e-05,1.002167e-01,-2.280512e-01,4.292043e-01,-1.051603e+00,-3.414765e-02,-1.948123e-01,-2.334646e-01,5.620061e-01,-4.011917e-03,-2.496595e-01,3.847125e-01,-3.133918e-01,9.066202e-05,0,0
6.950094e-04,2.572276e+00,6.474468e+00,-7.038163e+00,-1.460693e+01,4.333949e-02,1.821523e+00,-1.876692e+01,2.244242e+00,-9.658574e+00,1.890612e+01,4.852636e+00,-4.649879e+00,1.994560e-02,0,0,3.227536e-05,-9.532261e-03,-4.299645e-01,3.976246e-01,-1.082909e+00,3.482415e-01,-4.097103e-01,-2.871185e-01,-3.750024e-01,-5.733131e-01,3.820229e-03,3.125136e-01,-2.219833e-01,2.115443e-04,0,0
7.654445e-04,2.594388e+00,5.702337e+00,-7.043384e+00,-1.555495e+01,1.124440e+00,1.313268e+00,-1.995996e+01,6.150110e-01,-1.141958e+01,1.924762e+01,5.250078e+00,-4.551345e+00,2.085222e-02,0,0,4.147079e-05,-1.178517e-02,-5.798510e-01,2.979326e-02,-6.683328e-01,5.849873e-01,-5.501120e-01,1.102612e-01,-1.672166e+00,-3.735676e-01,5.310078e-02,-7.356081e-02,-1.266930e-01,1.208819e-04,0,0
8.329386e-04,2.143600e+00,4.810582e+00,-6.970864e+00,-1.575212e+01,1.347758e+00,3.481455e-01,-2.014267e+01,-1.259207e+00,-1.146647e+01,1.985337e+01,5.006701e+00,-4.576786e+00,2.055001e-02,0,0,2.533593e-05,1.987140e-01,-2.961006e-01,-2.246257e-01,-6.347303e-02,9.636573e-02,-3.696423e-01,1.069320e+00,-2.634000e+00,3.646396e-01,7.122421e-02,-2.101272e-01,9.438477e-02,-4.835302e-04,0,0
8.426036e-04,2.556014e+00,4.493804e+00,-7.766773e+00,-1.561091e+01,2.232059e+00,-2.593583e-01,-1.811044e+01,-4.925368e+00,-1.011221e+01,1.951462e+01,4.780347e+00,-4.251510e+00,1.964340e-02,0,0,-1.780621e-05,5.789926e-01,3.539279e-01,-2.189073e-01,6.130306e-01,-7.980988e-01,-8.154636e-03,2.224273e+00,-2.804173e+00,9.812835e-01,-5.390596e-01,-4.563463e-01,9.632091e-02,-8.461768e-04,0,0
7.831096e-04,3.585033e+00,5.598232e+00,-7.799597e+00,-1.489631e+01,-2.864146e-02,7.596242e-01,-1.434508e+01,-8.155568e+00,-8.489064e+00,1.912875e+01,4.036865e+00,-4.327873e+00,1.813237e-02,0,0,-4.932854e-05,8.423436e-01,1.178345e+00,-2.552791e-02,1.037134e+00,-1.443207e+00,3.575456e-01,2.163009e+00,-2.021631e+00,5.439608e-01,-1.213689e+00,-4.974915e-01,4.394781e-01,-9.670591e-04,0,0
7.013280e-04,4.768635e+00,7.078152e+00,-7.723554e+00,-1.291770e+01,-2.177855e+00,1.066755e+00,-1.173739e+01,-9.957673e+00,-8.001865e+00,1.691464e+01,3.453264e+00,-4.194197e+00,1.783016e-02,0,0,-5.825983e-05,6.360270e-01,1.587989e+00,7.072247e-01,1.341276e+00,-1.534800e+00,3.948181e-01,9.739192e-01,-7.715982e-01,-3.916234e-01,-1.543805e+00,-4.911989e-01,7.842714e-01,-1.057721e-03,0,0
6.569337e-04,5.249008e+00,9.410132e+00,-7.120113e+00,-1.191306e+01,-3.663318e+00,1.472816e+00,-1.251415e+01,-8.851207e+00,-9.801834e+00,1.508492e+01,3.182785e+00,-2.408052e+00,1.662134e-02,0,0,-5.230345e-05,1.439726e-01,1.610649e+00,1.702431e+00,1.456088e+00,-6.660267e-01,3.009682e-01,-6.022307e-01,-1.346017e-01,-9.474133e-01,-1.190189e+00,-4.935570e-01,9.452581e-01,-1.178604e-03,0,0
6.143923e-04,4.904161e+00,1.052780e+01,-4.570392e+00,-1.039616e+01,-3.624605e+00,1.358136e+00,-1.415631e+01,-8.435539e+00,-1.141394e+01,1.381751e+01,2.751393e+00,-1.290064e+00,1.511031e-02,0,0,-4.904468e-05,-2.988482e-01,1.355551e+00,2.539946e+00,1.321366e+00,1.366690e-01,4.751442e-01,-8.152806e-01,1.151975e-01,-6.201608e-01,-5.222572e-01,-3.194032e-01,8.103001e-01,-9.066188e-04,0,0
5.650601e-04,4.237133e+00,1.192665e+01,-8.640220e-01,-8.876644e+00,-2.635400e+00,2.118775e+00,-1.614677e+01,-9.589643e+00,-1.152009e+01,1.472636e+01,1.920016e+00,-1.053648e+00,1.359927e-02,0,0,-6.136697e-05,-3.923881e-01,7.154730e-01,2.395484e+00,1.185340e+00,8.194995e-01,6.539024e-01,2.468977e-01,2.188080e-01,7.561265e-01,-5.828791e-02,-1.169089e-01,1.440360e-01,-1.511034e-04,0,0
5.020414e-04,3.780331e+00,1.259765e+01,1.848129e+00,-7.829079e+00,-2.008468e+00,3.119497e+00,-1.399748e+01,-9.012467e+00,-1.024354e+01,1.448263e+01,2.487633e+00,-8.198984e-01,1.480810e-02,0,0,-7.590919e-05,-4.395262e-01,-1.115447e-01,9.105014e-01,7.711496e-01,1.380340e+00,5.527099e-01,1.304460e+00,4.781247e-01,1.923188e+00,2.725391e-02,3.427572e-01,-4.334226e-01,1.329707e-03,0,0
4.062743e-04,3.848983e+00,1.195257e+01,1.648049e+00,-7.269897e+00,-3.738887e-01,3.861648e+00,-1.135907e+01,-7.468703e+00,-6.606401e+00,1.446092e+01,2.730121e+00,-1.922954e+00,1.601692e-02,0,0,-8.265254e-05,-6.774337e-01,-1.121836e+00,-5.928296e-01,4.857823e-01,1.053230e+00,-1.700211e-01,1.319830e+00,3.347326e-01,2.131647e+00,2.934956e-01,1.046279e+00,-7.876627e-01,2.145664e-03,0,0
3.142393e-04,2.900605e+00,9.957116e+00,-1.273921e+00,-7.343786e+00,2.146339e+00,3.250249e+00,-1.002786e+01,-7.105386e+00,-4.254845e+00,1.408650e+01,4.060127e+00,-3.022524e+00,2.055001e-02,0,0,-7.523325e-05,-1.085173e+00,-1.723662e+00,-1.858944e+00,1.629138e-01,6.413586e-01,-4.134874e-01,5.402549e-01,-2.741595e-01,1.624579e+00,3.871204e-01,1.543469e+00,-4.921668e-01,1.390148e-03,0,0
2.456985e-04,1.289827e+00,7.637741e+00,-2.267145e+00,-6.690379e+00,5.533481e-01,1.203293e+00,-1.153244e+01,-8.869521e+00,-3.856205e+00,1.639191e+01,6.365165e+00,-3.890649e+00,2.145663e-02,0,0,-5.390459e-05,-1.452230e+00,-1.784115e+00,-1.985117e+00,-8.335414e-02,-2.551979e-01,-4.502187e-02,5.337494e-01,-6.958448e-01,6.991510e-01,3.655272e-01,1.855107e+00,1.004316e-01,-6.346328e-04,0,0
2.061630e-04,-3.659585e-01,6.136755e+00,-5.488993e+00,-7.304269e+00,7.347062e-01,2.381237e+00,-1.120953e+01,-9.682856e+00,-3.495744e+00,1.545274e+01,8.387458e+00,-2.296885e+00,1.903898e-02,0,0,1.741433e-05,-1.524657e+00,-2.351921e+00,-2.133722e+00,4.333240e-01,1.378043e-01,-1.147634e-01,2.817135e-02,1.306306e+00,9.284385e-01,-2.903935e-01,5.445076e-01,6.567901e-01,-1.450589e-03,0,0
1.907895e-04,-1.778886e+00,4.942177e+00,-6.170001e+00,-7.706427e+00,-9.440617e-01,4.071044e+00,-8.099491e+00,-9.659192e+00,-3.490196e+00,1.560544e+01,9.841990e+00,-1.783616e+00,1.359927e-02,0,0,1.405125e-04,-1.492381e+00,-3.080433e+00,-2.266533e+00,1.414930e+00,1.413775e+00,-1.487136e+00,-1.579065e+00,4.298739e+00,1.225571e+00,-9.478259e-01,-1.743600e+00,7.598530e-01,2.598973e-03,0,4.951147e-02
4.287654e-04,-3.188324e+00,-4.547068e-01,-9.991103e+00,-4.669142e+00,3.584066e+00,1.242557e+00,-1.160347e+01,-1.790199e-01,2.043428e-01,1.302777e+01,5.044252e+00,-7.920898e-01,1.722575e-02,0,0,2.273128e-04,-1.703683e+00,-3.550524e+00,-2.091753e+00,2.499966e+00,2.554019e+00,-3.170018e+00,-3.750715e+00,6.828521e+00,1.439227e+00,-1.014024e+00,-3.387499e+00,3.924458e-01,1.015413e-02,0,7.426721e-02
8.369599e-04,-4.760894e+00,-4.468693e+00,-1.134876e+01,-9.332945e-01,6.197543e+00,-5.663044e+00,-1.923079e+01,7.872255e+00,4.216065e-01,1.286526e+01,-6.812299e-01,-8.437818e-01,3.535812e-02,0,2.475574e-01,2.105248e-04,-2.045977e+00,-2.341446e+00,-1.771710e+00,2.685896e+00,3.105571e+00,-3.190963e+00,-4.022340e+00,6.128824e+00,7.920254e-01,-9.700777e-01,-2.661011e+00,-2.746324e-01,1.637957e-02,0,7.426721e-02
1.019642e-03,-7.393370e+00,-6.910429e+00,-1.335838e+01,1.808994e+00,9.933999e+00,-8.601807e+00,-2.439745e+01,1.569403e+01,1.744492e+00,1.175270e+01,-3.288429e+00,-8.045732e-01,5.893019e-02,0,2.475574e-01,6.453965e-05,-1.803060e+00,1.122231e-01,-7.451061e-01,1.597484e+00,2.088324e+00,-1.238637e+00,-1.469160e+00,2.774407e+00,-2.865850e-01,-1.196958e+00,-2.906844e-01,-1.601512e+00,1.535207e-02,0,0
9.479754e-04,-9.906247e+00,-3.537192e+00,-1.334491e+01,2.483986e+00,1.140882e+01,-6.961590e+00,-2.181420e+01,1.304840e+01,-3.001438e-01,1.139258e+01,7.032766e-01,-3.150536e+00,7.464491e-02,0,2.475574e-01,-2.402602e-05,-2.918519e-01,1.427863e+00,-4.082006e-01,-2.575100e-01,7.070433e-01,8.468135e-01,1.453643e+00,-1.392002e-02,-7.857127e-01,-1.668691e+00,1.094935e+00,-2.872031e+00,6.618315e-03,0,-2.976677e-02
6.959559e-04,-9.630947e+00,-3.593419e-01,-1.271856e+01,1.609636e+00,1.142004e+01,-4.301357e+00,-1.765757e+01,1.110494e+01,-8.677071e-01,7.779316e+00,2.898577e+00,-7.646272e+00,7.434271e-02,0,0,1.625411e-04,1.879408e+00,6.464140e-01,-3.671265e-01,-2.634488e+00,-7.551537e-01,1.670079e+00,2.937037e+00,-1.254807e+00,-1.644232e+00,-1.065911e+00,-6.005715e-02,-3.570002e+00,-3.868237e-03,0,4.035700e-02
8.786728e-04,-5.101366e+00,-6.049203e-01,-1.370967e+01,-2.121166e+00,8.989738e+00,-3.579201e+00,-1.533252e+01,1.009720e+01,-2.200858e+00,6.508499e+00,1.699943e+00,-1.178309e+01,6.074343e-02,0,2.225022e-01,6.127324e-04,3.260938e+00,-1.878752e+00,-1.235375e+00,-4.690810e+00,-1.183898e+00,1.176397e+00,3.280062e+00,-3.563918e-01,-2.328405e+00,7.337564e-01,-2.344862e+00,-2.817729e+00,-1.009368e-02,1.619512e+01,1.365287e-01
1.866999e-03,-3.987712e-01,-5.144495e+00,-1.501163e+01,-9.060867e+00,7.367774e+00,-1.942606e+00,-1.295311e+01,1.089559e+01,-5.526310e+00,8.865189e+00,-4.087048e+00,-1.433831e+01,4.653974e-02,0,4.618700e-01,1.188870e-03,2.850945e+00,-3.798575e+00,-2.091525e+00,-5.524755e+00,-4.510087e-01,3.557022e-02,3.512475e+00,2.750645e-02,-3.277050e+00,2.810693e+00,-3.460232e+00,-1.406030e+00,-9.700818e-03,4.056647e+01,1.945496e-01
3.426116e-03,1.782356e+00,-1.053837e+01,-1.837525e+01,-1.563482e+01,7.515469e+00,-2.258981e+00,-7.766120e+00,1.137112e+01,-9.612868e+00,1.451842e+01,-7.528224e+00,-1.389316e+01,3.807797e-02,8.097559e+01,6.992657e-01,1.426671e-03,1.311615e+00,-3.670457e+00,-2.320758e+00,-4.795274e+00,9.596556e-01,-7.743958e-01,3.856771e+00,-2.118351e-01,-3.236177e+00,3.153331e+00,-2.975190e+00,-2.029761e-01,-5.651255e-03,6.465302e+01,1.315223e-01
5.366585e-03,1.181915e+00,-1.438549e+01,-2.084339e+01,-1.925731e+01,9.902134e+00,-4.783616e+00,-3.878396e+00,1.060551e+01,-1.354695e+01,1.782782e+01,-9.788498e+00,-1.362139e+01,3.717135e-02,1.623446e+02,7.343661e-01,1.183021e-03,-1.132469e-01,-2.082533e+00,-1.907381e+00,-2.902268e+00,1.781776e+00,-9.980659e-01,3.255008e+00,-4.192208e-01,-2.595686e+00,2.126933e+00,-1.381119e+00,2.769047e-01,-1.903899e-03,6.411800e+01,6.176535e-02
6.262235e-03,6.663662e-01,-1.433671e+01,-2.239758e+01,-2.099931e+01,1.252084e+01,-6.030675e+00,-5.860147e-01,9.183064e+00,-1.437142e+01,1.779384e+01,-1.032528e+01,-1.315643e+01,3.717135e-02,2.420928e+02,7.438653e-01,5.784981e-04,-7.393893e-01,-3.642086e-01,-8.280228e-01,-1.247084e+00,2.045785e+00,-3.215767e-01,1.770274e+00,4.596682e-02,-1.871493e+00,5.838753e-01,-4.184268e-01,3.636322e-01,-3.021993e-05,3.918468e+01,8.302527e-03
6.364043e-03,-4.070104e-01,-1.365799e+01,-2.253737e+01,-2.088996e+01,1.377397e+01,-5.047088e+00,-2.681235e-01,9.893517e+00,-1.612546e+01,1.786214e+01,-9.594116e+00,-1.332215e+01,3.747356e-02,2.400314e+02,7.483969e-01,2.807989e-05,-8.070958e-01,5.369512e-01,-2.242905e-01,-3.645008e-01,1.480900e+00,5.612693e-01,2.558574e-01,1.033314e+00,-1.679538e+00,7.622375e-02,1.202202e-01,3.103722e-01,3.022067e-04,1.482263e+01,-1.372194e-03
5.819877e-03,-1.120128e+00,-1.272317e+01,-2.166837e+01,-2.105392e+01,1.580848e+01,-3.735128e+00,-7.198871e-01,1.195695e+01,-1.768108e+01,1.742064e+01,-9.717549e+00,-1.222462e+01,3.777577e-02,2.380556e+02,7.337629e-01,-8.760802e-05,-7.633150e-01,4.360414e-01,1.301193e-03,-1.117659e-01,9.497840e-01,9.238876e-01,-7.566999e-01,1.757561e+00,-1.926921e+00,2.429497e-01,1.716544e-01,3.730000e-01,1.511026e-04,-3.950562e-01,-1.730073e-03
5.728163e-03,-1.960317e+00,-1.250751e+01,-2.232945e+01,-2.105252e+01,1.566281e+01,-3.125043e+00,-2.532173e+00,1.438514e+01,-2.028981e+01,1.839554e+01,-9.491263e+00,-1.253543e+01,3.838018e-02,2.384764e+02,7.325563e-01,1.355859e-04,-5.366674e-01,1.058566e-01,-1.539801e-01,2.830124e-02,1.157734e-01,1.141035e+00,-1.089407e+00,1.737664e+00,-1.745304e+00,3.503944e-01,-1.968785e-01,4.677965e-01,-9.066239e-05,9.019745e-01,1.428562e-03
6.142135e-03,-2.373555e+00,-1.273175e+01,-2.249504e+01,-2.147686e+01,1.632533e+01,-2.372260e+00,-3.237489e+00,1.572506e+01,-2.192385e+01,1.874189e+01,-9.518436e+00,-1.168479e+01,3.747356e-02,2.408951e+02,7.431352e-01,4.374753e-04,-3.809204e-01,-3.380432e-01,-2.183605e-01,3.333221e-01,-8.242485e-01,1.133742e+00,-1.162201e+00,1.209162e+00,-1.159939e+00,1.595640e-01,-7.649691e-01,2.753197e-01,-3.022075e-04,1.794043e+00,4.266763e-03
6.880844e-03,-2.463633e+00,-1.312442e+01,-2.289394e+01,-2.053698e+01,1.409441e+01,-2.334937e-02,-4.456356e+00,1.669778e+01,-2.273060e+01,1.895349e+01,-1.067807e+01,-1.125308e+01,3.717135e-02,2.431216e+02,7.508535e-01,5.901149e-04,-2.628956e-01,-7.672691e-01,1.718433e-01,4.861387e-01,-1.205345e+00,5.256275e-01,-9.790788e-01,3.254949e-01,-8.836937e-03,-6.129130e-01,-1.478688e+00,1.674605e-01,-6.044119e-04,1.854807e+00,1.532835e-03
7.430913e-03,-2.773071e+00,-1.410493e+01,-2.247793e+01,-1.964507e+01,1.247144e+01,3.827345e-01,-5.568799e+00,1.684643e+01,-2.226038e+01,1.793948e+01,-1.294899e+01,-1.148919e+01,3.686914e-02,2.447032e+02,7.459481e-01,7.039768e-04,-4.714306e-01,-9.424820e-01,3.106674e-01,4.321352e-01,-1.349127e+00,-9.281440e-01,-1.005819e+00,-8.215056e-02,1.006415e+00,-1.175362e+00,-2.125389e+00,-2.247496e-01,-7.555138e-04,1.650920e+00,-3.955191e-03
8.034348e-03,-3.075037e+00,-1.565726e+01,-2.147878e+01,-1.953772e+01,1.156304e+01,-1.874403e+00,-6.261911e+00,1.545192e+01,-2.016573e+01,1.573218e+01,-1.516943e+01,-1.179592e+01,3.566032e-02,2.458463e+02,7.388141e-01,7.076706e-04,-6.551350e-01,-7.743515e-01,5.243942e-01,2.754602e-01,-1.170210e+00,-2.501164e+00,-9.060506e-01,2.077051e-01,1.987870e+00,-1.229251e+00,-2.053616e+00,-3.082028e-01,-7.857349e-04,-1.510857e+01,-8.327484e-03
9.085267e-03,-4.425006e+00,-1.617773e+01,-2.164928e+01,-1.981582e+01,1.084539e+01,-6.087453e+00,-7.363806e+00,1.593723e+01,-1.817421e+01,1.447574e+01,-1.789970e+01,-1.253711e+01,3.445150e-02,2.477873e+02,7.293790e-01,3.541699e-04,-3.147413e-01,-4.083378e-01,1.050578e+00,5.758154e-01,-1.609350e+00,-3.049470e+00,-1.157109e+00,6.716981e-01,2.839926e+00,-2.541531e-01,-1.205372e+00,-5.261612e-02,7.450581e-10,-4.020947e+01,-8.514052e-03
9.592020e-03,-4.913341e+00,-1.595977e+01,-2.068629e+01,-1.907431e+01,9.056384e+00,-9.294078e+00,-8.089106e+00,1.819091e+01,-1.483434e+01,1.453911e+01,-1.847079e+01,-1.227014e+01,3.445150e-02,1.660367e+02,7.175007e-01,-5.367250e-04,6.401668e-01,-7.693863e-03,2.225823e+00,1.657046e+00,-2.298113e+00,-2.607027e+00,-1.211121e+00,3.870855e-01,2.805235e+00,1.039371e+00,2.098059e-01,6.651265e-01,1.329707e-03,-6.559193e+01,-9.917694e-03
8.422927e-03,-3.427626e+00,-1.599536e+01,-1.762129e+01,-1.699770e+01,5.678014e+00,-1.115478e+01,-1.044075e+01,1.883543e+01,-1.072645e+01,1.726525e+01,-1.732517e+01,-1.151517e+01,3.747356e-02,8.356068e+01,7.140346e-01,-1.515526e-03,1.775253e+00,2.571808e-01,3.430150e+00,2.721234e+00,-2.858351e+00,-1.741208e+00,-8.539833e-01,-7.897462e-01,2.081797e+00,1.828977e+00,9.731699e-01,1.467746e+00,1.903898e-03,-4.076432e+01,-5.767805e-03
5.681893e-03,-3.728939e-01,-1.578692e+01,-1.236367e+01,-1.266155e+01,2.656159e+00,-1.237587e+01,-1.077904e+01,1.593825e+01,-9.863435e+00,1.953428e+01,-1.440766e+01,-8.981265e+00,4.079783e-02,0,6.968978e-01,-1.881637e-03,2.132329e+00,6.575593e-01,3.374160e+00,3.323790e+00,-2.991190e+00,-1.067233e+00,-2.064062e-01,-1.803242e+00,7.322947e-01,1.552979e+00,7.968267e-01,1.750351e+00,1.359927e-03,2.201405e+01,-5.838275e-04
3.462699e-03,2.181034e+00,-1.497826e+01,-8.659842e+00,-9.416026e+00,-2.462599e-01,-1.325259e+01,-1.028875e+01,1.311483e+01,-1.025068e+01,2.112304e+01,-1.506542e+01,-6.842821e+00,4.079783e-02,1.269840e+02,7.108414e-01,-1.427531e-03,1.585250e+00,1.036603e+00,1.972288e+00,3.194366e+00,-2.613334e+00,-7.660880e-01,2.138269e-01,-1.134447e+00,-3.330970e-01,1.419842e-01,-1.145172e-03,1.585701e+00,-1.208827e-04,8.497763e+01,8.754718e-03
2.663950e-03,2.943977e+00,-1.318053e+01,-8.296216e+00,-6.246197e+00,-2.937431e+00,-1.358134e+01,-9.197135e+00,1.203500e+01,-1.141075e+01,2.037511e+01,-1.561654e+01,-5.854553e+00,3.958900e-02,2.543953e+02,7.161781e-01,-6.512385e-04,8.067516e-01,1.152871e+00,-3.257751e-03,2.568949e+00,-1.710648e+00,-5.349725e-01,-3.154506e-01,3.053171e-01,-6.346645e-01,-1.006720e+00,-2.470630e-01,1.302005e+00,-1.299487e-03,1.012315e+02,1.288648e-02
2.794241e-03,2.840186e+00,-1.211554e+01,-9.793571e+00,-4.233546e+00,-4.591862e+00,-1.438249e+01,-1.016257e+01,1.511482e+01,-1.161828e+01,1.755476e+01,-1.672646e+01,-5.150019e+00,3.747356e-02,3.812512e+02,7.481680e-01,-2.210559e-04,4.103301e-01,1.294067e+00,-7.632018e-01,1.499854e+00,-2.137960e-01,3.186498e-01,-2.300346e-01,9.159751e-01,-8.491687e-01,-1.647891e+00,1.096505e-01,7.830755e-01,-2.175884e-03,3.738854e+01,5.603456e-03
2.759930e-03,3.331288e+00,-1.145392e+01,-1.181309e+01,-2.408041e+00,-3.724279e+00,-1.448579e+01,-1.241939e+01,1.646484e+01,-1.235296e+01,1.628481e+01,-1.481246e+01,-3.317642e+00,3.596253e-02,3.790237e+02,7.426669e-01,-2.255247e-04,4.671626e-01,1.294729e+00,-2.217680e-01,1.271223e-01,1.439256e+00,1.628608e+00,5.817786e-01,-2.761327e-01,-7.868115e-01,-1.055171e+00,6.461000e-01,-3.243966e-01,-2.750075e-03,-3.889161e+01,-7.072401e-03
2.309430e-03,4.039029e+00,-9.371227e+00,-1.071741e+01,-3.835835e+00,-9.218156e-01,-1.120712e+01,-9.827800e+00,1.547978e+01,-1.402542e+01,1.492873e+01,-1.491920e+01,-4.195899e+00,3.173164e-02,2.516125e+02,7.256143e-01,-3.692759e-04,4.919425e-01,1.376622e+00,9.391032e-01,-1.130734e+00,2.549474e+00,2.935629e+00,2.376751e+00,-2.226442e+00,-4.785221e-01,-2.306429e-01,5.294614e-01,-1.625347e+00,-2.659414e-03,-1.016770e+02,-1.966007e-02
1.778732e-03,4.680368e+00,-8.079037e+00,-8.943134e+00,-5.809441e+00,2.423824e+00,-7.025980e+00,-6.455627e+00,1.047186e+01,-1.414124e+01,1.641227e+01,-1.328967e+01,-7.953596e+00,2.870958e-02,1.247566e+02,6.920930e-01,-3.575372e-04,2.352887e-01,1.095184e+00,1.521062e+00,-1.444697e+00,2.333605e+00,2.965489e+00,3.444911e+00,-2.480670e+00,1.499398e-01,8.736715e-02,-2.753523e-01,-2.405939e+00,-1.722575e-03,-1.009660e+02,-1.977650e-02
1.438461e-03,4.625359e+00,-6.919876e+00,-6.533033e+00,-8.186518e+00,5.081457e+00,-3.434250e+00,-1.260696e+00,6.979103e+00,-1.311675e+01,1.633782e+01,-1.484055e+01,-1.095878e+01,2.780296e-02,0,6.751546e-01,-2.262023e-04,-5.601387e-02,5.864347e-01,9.085079e-01,-8.054554e-01,1.703996e+00,1.859012e+00,2.815641e+00,-1.467265e+00,8.372465e-01,1.718927e-01,-8.963810e-01,-1.707834e+00,-3.022067e-04,-6.279815e+01,-1.323288e-02
1.407729e-03,4.214567e+00,-7.203680e+00,-6.299974e+00,-7.456186e+00,4.942110e+00,-3.544777e+00,5.216141e-01,8.311832e+00,-1.205759e+01,1.601711e+01,-1.622855e+01,-1.196590e+01,2.931399e-02,0,6.690142e-01,-1.110053e-04,-1.674454e-01,2.678504e-01,1.053963e-01,-7.651744e-02,7.403300e-01,3.118404e-01,1.720175e+00,1.374922e-02,9.018213e-01,-1.121206e-01,-7.304981e-01,-7.243398e-01,6.346330e-04,-2.495131e+01,-3.199023e-03
1.363921e-03,3.991860e+00,-6.876732e+00,-7.496455e+00,-7.039739e+00,6.339024e+00,-3.652660e+00,7.617825e-01,9.223472e+00,-1.088101e+01,1.598577e+01,-1.793167e+01,-1.072892e+01,2.991840e-02,0,6.709893e-01,-7.156348e-05,-8.729573e-02,1.102735e-01,-4.220464e-01,3.583267e-01,2.369728e-01,-5.388750e-01,5.570914e-01,3.762746e-01,3.984617e-01,-9.450150e-02,2.002988e-01,-2.254930e-01,7.555153e-04,0,7.188857e-04
1.260975e-03,4.159891e+00,-6.761356e+00,-7.934442e+00,-6.765418e+00,5.496691e+00,-5.357573e+00,1.134007e+00,9.418418e+00,-1.075000e+01,1.602769e+01,-1.539659e+01,-1.169022e+01,3.082502e-02,0,6.781805e-01,-9.927696e-05,-7.299185e-04,3.499479e-01,-3.446918e-02,1.672898e-01,-3.676015e-01,-4.766235e-01,2.221101e-01,-1.405340e-01,1.650589e-01,-1.311406e-01,7.767555e-01,-6.759377e-01,4.533093e-04,0,-4.356373e-02
1.154020e-03,4.216218e+00,-6.589670e+00,-7.826031e+00,-6.740268e+00,5.989030e+00,-5.222227e+00,1.218565e+00,8.307183e+00,-1.177823e+01,1.586002e+01,-1.425503e+01,-1.222408e+01,3.082502e-02,0,6.741659e-01,-1.176267e-04,-1.647701e-02,6.204985e-01,5.537249e-01,1.913102e-01,-1.160547e+00,1.620988e-01,8.163090e-02,-6.735920e-01,1.405104e-01,-1.366721e-01,9.307305e-01,-1.415194e+00,2.115445e-04,0,-1.130482e-01
1.016294e-03,4.098738e+00,-5.597471e+00,-6.307532e+00,-6.769472e+00,3.279099e+00,-5.143111e+00,1.403773e+00,8.067307e+00,-1.078368e+01,1.542428e+01,-1.418309e+01,-1.459801e+01,3.112723e-02,0,4.496072e-01,-1.054144e-04,-4.505880e-02,8.838823e-01,7.520250e-01,3.725587e-01,-1.417919e+00,7.508056e-01,-3.345324e-01,-9.243730e-01,6.522406e-01,1.177292e-01,4.250170e-01,-1.810410e+00,3.725290e-10,0,-1.810492e-01
8.981281e-04,3.940051e+00,-4.356182e+00,-5.541285e+00,-6.081161e+00,1.645084e+00,-2.949397e+00,1.035054e+00,6.531067e+00,-1.016162e+01,1.560412e+01,-1.388477e+01,-1.635100e+01,3.082502e-02,0,2.200349e-01,-7.812296e-05,-3.807449e-03,8.795168e-01,3.972223e-01,6.232048e-01,-1.169103e+00,9.824446e-01,-1.431974e-01,-9.384554e-01,6.137916e-01,2.426171e-01,4.706128e-01,-1.850714e+00,-2.719851e-04,0,-1.797939e-01
8.618492e-04,4.072680e+00,-3.458688e+00,-5.316690e+00,-5.232178e+00,5.790707e-01,-2.739960e+00,-4.468994e-01,5.684611e+00,-8.297109e+00,1.674429e+01,-1.345664e+01,-1.867882e+01,3.082502e-02,0,0,-4.396051e-05,2.382505e-02,6.690708e-01,-3.749282e-01,8.593735e-01,-2.431805e-01,8.630010e-01,-1.464533e-01,-6.818181e-01,-8.169327e-02,1.416272e-01,5.752412e-01,-1.059889e+00,-1.087942e-03,0,-1.119249e-01
8.406278e-04,4.210210e+00,-3.261477e+00,-6.335340e+00,-4.392891e+00,1.493528e+00,-1.511580e+00,1.427914e+00,4.806254e+00,-9.952563e+00,1.641310e+01,-1.226519e+01,-1.943725e+01,2.961620e-02,0,0,-1.836772e-05,-2.259423e-01,2.523633e-01,-7.805725e-01,1.235167e+00,-1.470938e-02,3.047636e-01,-8.086308e-01,1.924822e-01,-1.264984e+00,-7.926925e-01,1.179549e+00,1.339300e-01,-1.843458e-03,0,-4.400699e-02
8.252418e-04,4.082784e+00,-2.799470e+00,-7.785145e+00,-3.316739e+00,2.138975e+00,-1.547015e+00,4.750768e-01,5.520623e+00,-1.129668e+01,1.572792e+01,-1.211667e+01,-1.835433e+01,2.629193e-02,0,0,3.284087e-05,-9.566976e-01,-4.313445e-03,-4.670032e-01,1.381005e+00,-6.806766e-01,7.409555e-02,-1.992371e+00,1.541330e+00,-2.351868e+00,-2.024466e+00,1.666543e+00,9.921271e-01,-1.964340e-03,0,4.481327e-02
8.245932e-04,2.805288e+00,-3.423975e+00,-8.209920e+00,-8.630459e-01,7.915854e-01,-2.022052e+00,-3.469089e+00,7.575472e+00,-1.498675e+01,1.214883e+01,-8.657008e+00,-1.584359e+01,2.387428e-02,0,0,1.346377e-04,-1.921110e+00,-1.316579e-01,6.103910e-01,1.006668e+00,-1.925137e+00,3.858367e-02,-3.238117e+00,2.525269e+00,-2.698695e+00,-2.560987e+00,2.066286e+00,8.066756e-01,-7.252941e-04,0,1.094776e-01
1.034071e-03,-8.346398e-03,-3.399007e+00,-6.714416e+00,-9.207558e-02,-2.473341e+00,-2.114246e+00,-7.960252e+00,1.200665e+01,-1.753936e+01,8.754088e+00,-6.928012e+00,-1.551501e+01,2.387428e-02,0,2.240664e-01,2.578067e-04,-2.665612e+00,7.712121e-02,1.935545e+00,4.582716e-02,-2.704284e+00,5.561500e-01,-2.895430e+00,2.472264e+00,-2.543215e+00,-2.021430e+00,2.104380e+00,-1.338502e-01,1.662134e-03,0,1.742586e-01
1.409402e-03,-3.349776e+00,-3.619998e+00,-3.818750e+00,-9.718834e-01,-5.825999e+00,-1.035046e+00,-1.054500e+01,1.418958e+01,-2.032470e+01,7.095082e+00,-4.528090e+00,-1.682353e+01,2.719855e-02,0,4.353549e-01,3.133062e-04,-2.517607e+00,5.553005e-01,2.717404e+00,-9.706836e-01,-2.696333e+00,7.294298e-01,-1.848034e+00,1.841430e+00,-1.783234e+00,-5.302435e-01,1.657571e+00,-9.271034e-01,3.505591e-03,0,1.720154e-01
1.821871e-03,-6.167741e+00,-2.315852e+00,-3.030077e-01,-3.033185e+00,-8.073652e+00,7.402317e-01,-1.046412e+01,1.457489e+01,-2.134378e+01,8.147651e+00,-3.659230e+00,-1.853361e+01,3.294047e-02,0,6.536153e-01,2.041729e-04,-1.485872e+00,7.440198e-01,2.492252e+00,-8.588171e-01,-1.989128e+00,6.333324e-01,-9.258464e-01,1.195091e+00,-1.049659e+00,1.058936e-01,1.280093e+00,-5.227648e-01,3.566032e-03,0,1.043365e-01
1.997224e-03,-6.703051e+00,-1.189050e+00,2.171397e+00,-4.245909e+00,-9.889924e+00,1.978586e-01,-1.145733e+01,1.549850e+01,-2.200071e+01,9.800836e+00,-2.003543e+00,-1.896981e+01,3.686915e-02,0,6.453025e-01,-2.189203e-05,-2.893739e-02,6.887448e-01,1.451859e+00,-1.271732e-01,-9.844658e-01,5.339650e-01,-5.375457e-01,7.801520e-01,1.823267e-01,1.388892e-01,3.037816e-01,4.024971e-01,1.178604e-03,0,-3.852075e-03
1.761024e-03,-5.761071e+00,-8.943821e-01,2.751772e+00,-2.749148e+00,-1.038702e+01,4.359637e-01,-1.213332e+01,1.732764e+01,-2.194965e+01,7.930679e+00,-1.789820e+00,-1.705569e+01,3.686915e-02,0,6.407751e-01,-2.465344e-04,1.184096e+00,1.736930e-01,1.539833e-01,7.720181e-01,2.257115e-01,7.370706e-01,-5.384445e-04,-2.716770e-02,1.454735e+00,-5.185981e-01,-7.801505e-01,1.527923e+00,-1.964340e-03,0,-1.116496e-01
1.330365e-03,-3.697798e+00,-8.870091e-01,1.913157e+00,-1.749768e+00,-9.591645e+00,1.786913e+00,-1.239813e+01,1.671396e+01,-1.911013e+01,7.898014e+00,-3.943887e+00,-1.555000e+01,3.112723e-02,0,4.225147e-01,-3.220626e-04,1.545746e+00,-3.197019e-01,-4.752278e-01,9.261163e-01,1.356291e+00,1.102134e+00,8.224481e-01,-1.087431e+00,2.291043e+00,-4.832241e-01,-1.448869e+00,1.646212e+00,-3.989120e-03,0,-1.724619e-01
9.226289e-04,-1.749889e+00,-1.598408e+00,5.960290e-01,-4.211650e-01,-7.094234e+00,3.631058e+00,-9.996407e+00,1.383132e+01,-1.551539e+01,6.506071e+00,-6.589811e+00,-1.260390e+01,2.598973e-02,0,2.067612e-01,-2.239883e-04,1.196692e+00,-6.393733e-01,-4.063222e-01,5.129696e-01,1.745319e+00,4.951970e-01,1.169379e+00,-1.433141e+00,1.950633e+00,-1.966437e-01,-6.448876e-01,9.469026e-01,-3.173164e-03,0,-1.292389e-01
8.061086e-04,-9.799113e-01,-2.435546e+00,8.731301e-01,-7.793193e-01,-4.754859e+00,4.110984e+00,-8.413544e+00,1.180951e+01,-1.376262e+01,8.097019e+00,-6.847891e+00,-1.296464e+01,2.236325e-02,0,0,7.336982e-06,2.577226e-01,-6.424912e-01,5.804295e-02,-1.273001e-01,8.709680e-01,-6.665295e-01,6.431554e-01,-5.312011e-01,2.921804e-01,-6.841540e-02,9.568129e-01,-2.144222e-02,-3.626473e-04,0,9.006321e-04
9.032108e-04,-1.136552e+00,-3.316980e+00,1.240175e+00,-6.695241e-01,-4.078815e+00,1.749913e+00,-8.278724e+00,1.261417e+01,-1.487024e+01,6.847958e+00,-3.562256e+00,-1.361386e+01,2.538531e-02,0,2.058377e-01,2.741218e-04,-6.858435e-01,-3.327360e-01,3.730995e-01,-6.105484e-01,-5.968673e-01,-2.107485e+00,-5.314679e-01,6.462216e-01,-1.233015e+00,-6.282897e-02,2.235204e+00,-7.943171e-01,2.478090e-03,0,1.334714e-01
1.376759e-03,-2.715853e+00,-3.240179e+00,1.881299e+00,-2.262089e+00,-6.744514e+00,-6.051627e-01,-1.004119e+01,1.466653e+01,-1.797181e+01,7.384993e+00,-6.736000e-01,-1.515223e+01,2.961620e-02,0,4.274796e-01,4.419197e-04,-1.222348e+00,3.996577e-02,2.307711e-01,-9.051162e-01,-1.830064e+00,-2.709176e+00,-1.033943e+00,1.082199e+00,-1.700461e+00,-4.192958e-01,2.291646e+00,-5.045174e-01,3.596253e-03,3.427511e+01,1.833362e-01
2.007913e-03,-4.311135e+00,-2.859771e+00,1.957442e+00,-2.732522e+00,-9.083743e+00,-4.548294e+00,-1.183992e+01,1.563391e+01,-1.957587e+01,6.547939e+00,1.499065e+00,-1.548169e+01,3.475370e-02,0,6.603782e-01,4.682482e-04,-1.330211e+00,1.189916e-01,-1.434486e-01,-1.016009e+00,-1.989005e+00,-2.382618e+00,-1.235906e+00,6.478750e-01,-9.431059e-01,-4.244862e-01,1.682797e+00,1.872667e-01,2.115443e-03,8.573668e+01,1.263784e-01
2.463356e-03,-5.504362e+00,-2.464322e+00,1.668352e+00,-4.273401e+00,-1.140272e+01,-6.285794e+00,-1.180266e+01,1.571063e+01,-1.991211e+01,6.150549e+00,2.079676e+00,-1.455331e+01,3.566032e-02,1.713756e+02,6.894107e-01,3.446128e-04,-1.069369e+00,-2.242657e-01,-4.405684e-01,-8.544332e-01,-1.588516e+00,-1.522083e+00,-1.162226e+00,2.060364e-01,2.732443e-01,-5.086612e-01,1.082382e+00,1.148247e+00,-1.208831e-04,1.367467e+02,6.036419e-02
2.701153e-03,-6.393351e+00,-3.109951e+00,6.294048e-01,-4.743914e+00,-1.169474e+01,-7.322862e+00,-1.357752e+01,1.533149e+01,-1.861562e+01,5.342749e+00,3.475090e+00,-1.297698e+01,3.294047e-02,3.429956e+02,7.067640e-01,2.083702e-04,-8.669401e-01,-6.769959e-01,-3.972108e-01,-8.727961e-01,-1.199072e+00,-6.751133e-01,-1.223775e+00,5.580254e-02,1.249249e+00,-1.459703e-01,6.428353e-01,1.861769e+00,-2.085223e-03,1.357377e+02,1.061529e-02
2.753203e-03,-7.021590e+00,-4.236418e+00,3.424751e-01,-5.528559e+00,-1.338159e+01,-6.828293e+00,-1.498352e+01,1.584793e+01,-1.708571e+01,5.444283e+00,3.750297e+00,-1.066335e+01,2.991840e-02,5.122355e+02,7.061076e-01,1.155789e-04,-6.471075e-01,-9.941496e-01,-9.861504e-02,-6.541799e-01,-7.165325e-01,-5.492957e-01,-9.490331e-01,2.298080e-01,1.766154e+00,1.976086e-01,3.738095e-01,2.227771e+00,-1.964340e-03,8.279671e+01,3.153962e-03
2.904841e-03,-7.887222e+00,-5.358702e+00,6.343266e-01,-6.468924e+00,-1.408966e+01,-7.652610e+00,-1.636837e+01,1.584428e+01,-1.474282e+01,6.171221e+00,3.877931e+00,-8.117825e+00,2.719855e-02,5.082583e+02,7.051062e-01,4.461254e-05,-3.321226e-01,-1.055889e+00,2.596255e-01,-4.942350e-01,-4.250937e-01,-5.890590e-01,-1.064549e-01,3.951357e-01,1.926506e+00,2.363718e-01,-2.035690e-01,2.189153e+00,-4.230881e-04,3.016296e+01,2.194941e-04
2.939407e-03,-7.992964e+00,-6.310694e+00,1.172816e+00,-6.681796e+00,-1.378792e+01,-8.867398e+00,-1.515240e+01,1.660328e+01,-1.301774e+01,6.724356e+00,3.747303e+00,-5.844038e+00,2.870958e-02,5.027278e+02,7.060094e-01,-4.111812e-05,8.083453e-02,-1.021187e+00,3.085641e-02,1.332770e-01,-6.719599e-02,-4.679390e-01,7.396775e-01,5.095206e-01,1.564220e+00,-2.479479e-01,-7.588443e-01,1.569992e+00,1.752796e-03,-3.718331e+01,9.803176e-05
2.831114e-03,-7.568277e+00,-7.352255e+00,1.512362e+00,-6.638470e+00,-1.361705e+01,-9.248605e+00,-1.402535e+01,1.692949e+01,-1.101708e+01,5.884572e+00,2.458742e+00,-4.440877e+00,3.142944e-02,4.985643e+02,7.079105e-01,-1.663710e-04,5.332972e-01,-9.791582e-01,-3.893750e-01,9.130125e-01,-1.850192e-01,6.833382e-02,1.444360e+00,5.140384e-01,7.951220e-01,-8.061959e-01,-1.502725e+00,8.310741e-01,3.263827e-03,-8.579256e+01,-4.028118e-03
2.584475e-03,-6.776890e+00,-8.345576e+00,5.773950e-02,-4.777400e+00,-1.395388e+01,-8.369991e+00,-1.245664e+01,1.785292e+01,-1.112749e+01,4.347868e+00,6.656703e-01,-4.651864e+00,3.656694e-02,3.311660e+02,7.051956e-01,-2.591423e-04,7.815338e-01,-7.926881e-01,-8.697892e-01,1.204684e+00,-2.568559e-01,3.680727e-01,1.560473e+00,4.878225e-01,2.014383e-01,-7.100214e-01,-1.884989e+00,7.392416e-02,2.991840e-03,-1.338943e+02,-8.336407e-03
2.250451e-03,-5.828773e+00,-9.237052e+00,-7.550103e-01,-2.856059e+00,-1.493178e+01,-7.559645e+00,-1.049445e+01,1.778965e+01,-1.171234e+01,3.328486e+00,-2.094876e+00,-4.558541e+00,3.958900e-02,1.650765e+02,6.853725e-01,-3.085694e-04,8.346952e-01,-4.219920e-01,-1.063567e+00,7.693685e-01,2.904892e-02,3.070861e-01,1.569421e+00,2.462337e-01,3.077782e-01,2.000405e-01,-1.569298e+00,-2.430740e-01,1.329707e-03,-1.328295e+02,-1.387212e-02
1.934027e-03,-4.955047e+00,-9.331737e+00,-2.042444e+00,-2.549581e+00,-1.441483e+01,-7.871515e+00,-9.115491e+00,1.861231e+01,-1.166291e+01,4.452292e+00,-3.400831e+00,-5.415585e+00,3.958900e-02,0,6.755964e-01,-3.140842e-04,7.199970e-01,2.613727e-01,-9.916803e-01,-4.086795e-01,5.348622e-01,1.283860e-01,1.145466e+00,2.772682e-01,9.695562e-01,1.153724e+00,-8.507355e-01,-3.057100e-01,-1.027501e-03,-8.274084e+01,-1.303816e-02
1.613491e-03,-4.305722e+00,-8.969135e+00,-2.755382e+00,-3.905538e+00,-1.324133e+01,-7.962412e+00,-7.848826e+00,1.778097e+01,-9.210473e+00,6.832562e+00,-3.354497e+00,-5.274387e+00,3.656694e-02,0,6.533495e-01,-2.792810e-04,4.186587e-01,1.103776e+00,-7.714894e-01,-1.183531e+00,6.339342e-01,9.073438e-02,7.404062e-01,3.651932e-01,1.414680e+00,1.251125e+00,2.112305e-02,-2.432327e-01,-2.719855e-03,-3.301529e+01,-7.704544e-03
1.332534e-03,-3.938431e+00,-7.172671e+00,-3.900476e+00,-6.296059e+00,-1.212480e+01,-7.526678e+00,-8.052124e+00,1.924360e+01,-7.530638e+00,8.364451e+00,-2.958197e+00,-5.822491e+00,3.294047e-02,0,6.560163e-01,-2.201877e-04,1.046776e-01,1.693422e+00,-7.022369e-02,-1.391942e+00,4.364086e-01,3.599765e-01,5.497810e-01,1.018309e-01,9.494265e-01,6.556541e-01,3.100050e-01,-2.418941e-01,-3.263826e-03,0,-4.524369e-02
1.154792e-03,-4.243788e+00,-4.797703e+00,-3.683441e+00,-6.900473e+00,-1.290712e+01,-7.278391e+00,-7.324100e+00,1.929997e+01,-6.705074e+00,7.628033e+00,-2.210578e+00,-5.571251e+00,2.931399e-02,0,6.566399e-01,-1.294489e-04,-3.229568e-02,1.602590e+00,8.419924e-01,-1.200763e+00,4.516536e-01,-9.666395e-03,3.639650e-01,-3.147655e-01,6.113238e-02,3.611540e-01,3.850223e-01,-3.668805e-01,-2.659414e-03,0,-6.359887e-02
1.062438e-03,-4.462626e+00,-2.950344e+00,-1.929533e+00,-8.011825e+00,-1.239989e+01,-6.413643e+00,-6.628949e+00,1.836197e+01,-8.168481e+00,7.332827e+00,-2.422765e+00,-6.476623e+00,2.689634e-02,0,4.477328e-01,-4.527589e-05,7.832432e-03,7.464157e-01,1.383737e+00,-9.879320e-01,1.125812e+00,-4.651601e-01,3.992210e-01,-9.292871e-01,-5.482612e-01,6.320295e-01,1.759540e-02,-6.373820e-02,-1.329707e-03,0,-6.705552e-02
1.101295e-03,-4.205102e+00,-3.067350e+00,4.691084e-01,-9.051470e+00,-1.084551e+01,-8.567262e+00,-6.740589e+00,1.664796e+01,-8.585890e+00,9.154144e+00,-1.697101e+00,-6.781723e+00,2.629193e-02,0,4.394969e-01,1.110958e-05,1.638242e-01,-3.200011e-01,1.104313e+00,-5.062822e-01,2.021926e+00,-1.110057e+00,-3.697581e-02,-6.123458e-01,-8.282267e-01,1.354542e+00,-4.410750e-01,4.859824e-01,3.928678e-04,0,-2.776697e-03
1.132904e-03,-3.918611e+00,-4.305768e+00,9.419336e-01,-1.016022e+01,-7.526542e+00,-9.208043e+00,-6.347775e+00,1.592317e+01,-9.331536e+00,1.076154e+01,-3.126958e+00,-5.535946e+00,2.780296e-02,0,4.293102e-01,1.214099e-05,1.983010e-01,-8.531815e-01,1.788313e-02,6.093130e-01,2.285903e+00,-8.659338e-01,-8.506047e-01,-1.555250e-01,-5.944369e-01,1.145005e+00,-1.152305e+00,1.007526e+00,1.843457e-03,0,1.919282e-02
1.175107e-03,-3.696675e+00,-5.719996e+00,4.023914e-01,-8.357686e+00,-5.234169e+00,-1.143148e+01,-7.649566e+00,1.745764e+01,-1.026468e+01,1.268638e+01,-4.063857e+00,-3.611678e+00,3.082502e-02,0,6.519677e-01,-2.048584e-05,2.640198e-01,-7.143361e-01,-7.536939e-01,1.519680e+00,1.794042e+00,-7.221756e-02,-1.741778e+00,3.109248e-01,-1.263142e-02,3.431401e-01,-1.654285e+00,8.045887e-01,2.236325e-03,0,-4.255275e-02
1.086237e-03,-3.725335e+00,-5.889929e+00,-1.806759e+00,-5.312151e+00,-3.776045e+00,-9.311204e+00,-1.042748e+01,1.717950e+01,-1.030127e+01,1.129174e+01,-7.000916e+00,-3.024014e+00,3.384708e-02,0,4.374615e-01,-3.510566e-05,3.679014e-01,-2.230162e-01,-9.049950e-01,1.638011e+00,8.857065e-01,7.378108e-01,-2.373286e+00,6.481053e-01,9.453023e-01,-6.256095e-01,-1.865174e+00,-2.969451e-02,9.670599e-04,0,-8.047585e-02
1.022200e-03,-2.981642e+00,-5.846951e+00,-1.925015e+00,-3.877102e+00,-3.750552e+00,-8.876769e+00,-1.340962e+01,1.757442e+01,-8.164180e+00,1.060475e+01,-8.031546e+00,-4.014745e+00,3.445150e-02,0,2.226575e-01,-2.854061e-05,4.329879e-01,3.656721e-03,-6.331838e-01,9.174474e-01,4.339111e-01,1.359190e+00,-1.872150e+00,8.134907e-01,1.453906e+00,-1.162988e+00,-2.095660e+00,-9.201900e-01,-1.208824e-03,0,-5.844261e-02
1.033829e-03,-2.436621e+00,-5.357372e+00,-2.419338e+00,-4.210456e+00,-3.839818e+00,-6.796343e+00,-1.533418e+01,1.910531e+01,-5.655275e+00,8.674313e+00,-1.046898e+01,-5.482885e+00,3.082502e-02,0,2.415860e-01,5.081994e-07,3.199744e-01,-1.090364e-01,-6.674405e-01,3.053823e-01,8.104231e-01,1.357219e+00,-6.974541e-01,1.032267e+00,1.202838e+00,-1.196885e+00,-2.444611e+00,-1.363218e+00,-2.750075e-03,0,7.080851e-02
1.058608e-03,-2.176092e+00,-5.967991e+00,-2.457238e+00,-4.321296e+00,-3.032727e+00,-5.892959e+00,-1.455697e+01,2.056219e+01,-5.318148e+00,8.180152e+00,-1.280812e+01,-6.983192e+00,2.629193e-02,0,4.576924e-01,1.928694e-05,7.895847e-02,-4.894450e-01,-1.295796e+00,2.276574e-01,1.523467e+00,1.411254e+00,4.074624e-01,8.547943e-01,2.488005e-01,-1.263795e+00,-2.989248e+00,-1.109962e+00,-2.236325e-03,0,1.287310e-01
1.070573e-03,-2.528238e+00,-6.374591e+00,-4.877850e+00,-3.563143e+00,-8.284267e-02,-4.017015e+00,-1.334108e+01,2.084695e+01,-5.710097e+00,6.519609e+00,-1.683568e+01,-8.355880e+00,2.417649e-02,0,6.739866e-01,5.471553e-05,-3.207102e-02,-9.418251e-01,-1.939858e+00,3.112711e-01,1.775112e+00,1.175586e+00,8.465694e-01,2.827652e-01,-2.190090e-01,-1.166775e+00,-2.922576e+00,-3.779776e-01,5.137503e-04,0,1.034978e-01
1.100262e-03,-2.541041e+00,-7.785566e+00,-7.174737e+00,-3.062472e+00,1.988294e+00,-3.210164e+00,-1.236886e+01,2.097757e+01,-6.892766e+00,5.363126e+00,-1.979444e+01,-8.128060e+00,2.659414e-02,0,6.501124e-01,1.456241e-04,-1.598682e-01,-1.211392e+00,-2.327479e+00,-1.933196e-01,1.344947e+00,1.056304e+00,2.889200e-01,-2.103310e-02,-1.037982e-01,-9.066231e-01,-2.475718e+00,-2.420578e-02,3.928679e-03,0,4.162909e-02
1.286580e-03,-2.414502e+00,-9.157710e+00,-9.759876e+00,-3.283513e+00,2.525230e+00,-2.259813e+00,-1.219538e+01,2.031145e+01,-5.963010e+00,4.248951e+00,-2.158871e+01,-6.800339e+00,3.324267e-02,0,6.628649e-01,2.827489e-04,-2.788604e-01,-1.516696e+00,-2.116571e+00,-1.266719e+00,8.818534e-01,1.302494e+00,-5.263308e-01,-4.194895e-01,-1.888312e-01,-6.272413e-01,-1.869977e+00,-4.419764e-01,6.376549e-03,2.613765e+01,5.384278e-03
1.678725e-03,-3.032301e+00,-1.063339e+01,-1.165362e+01,-5.427709e+00,2.387974e+00,-1.490039e+00,-1.368522e+01,2.072478e+01,-5.710682e+00,4.782365e+00,-2.281020e+01,-7.881992e+00,4.140224e-02,0,6.713986e-01,4.063504e-04,-5.050565e-01,-1.523395e+00,-1.897092e+00,-2.281357e+00,1.169834e+00,1.883034e+00,-1.177055e+00,-5.252541e-01,-7.337513e-01,-1.434614e-01,-1.508184e+00,-1.378299e+00,6.255667e-03,6.329415e+01,1.451067e-02
2.195086e-03,-3.676910e+00,-1.253416e+01,-1.322126e+01,-8.714120e+00,4.126585e+00,1.635392e+00,-1.531456e+01,1.887590e+01,-7.245295e+00,3.673783e+00,-2.467768e+01,-1.068880e+01,4.865518e-02,1.306882e+02,6.902649e-01,4.634800e-04,-5.323574e-01,-1.374495e+00,-1.527829e+00,-3.025562e+00,1.812225e+00,2.195156e+00,-1.522500e+00,-7.431164e-01,-1.719296e+00,3.002768e-01,-1.002159e+00,-1.832655e+00,4.019341e-03,9.370903e+01,1.691257e-02
2.677761e-03,-4.435119e+00,-1.371432e+01,-1.492950e+01,-1.175395e+01,7.036789e+00,4.257406e+00,-1.669455e+01,1.906907e+01,-9.920381e+00,4.933403e+00,-2.579087e+01,-1.307533e+01,5.016622e-02,2.511266e+02,7.089658e-01,5.130583e-04,-3.912321e-01,-1.025010e+00,-1.298530e+00,-3.122722e+00,2.275413e+00,1.919713e+00,-1.193666e+00,-8.562782e-01,-1.841465e+00,8.619316e-01,-2.763275e-01,-1.335020e+00,8.763980e-04,7.953355e+01,1.490591e-02
3.104462e-03,-4.374880e+00,-1.448972e+01,-1.576108e+01,-1.524820e+01,9.261947e+00,5.842243e+00,-1.830322e+01,1.742372e+01,-1.245464e+01,5.674816e+00,-2.510916e+01,-1.336695e+01,4.895739e-02,3.429818e+02,7.286442e-01,5.554181e-04,-3.752675e-01,-6.948184e-01,-9.726707e-01,-2.994529e+00,2.234890e+00,8.491039e-01,-2.936482e-01,-7.667837e-01,-1.183603e+00,1.414326e+00,5.366246e-01,-4.809684e-01,-1.480810e-03,2.818519e+01,7.430488e-03
3.789329e-03,-4.639477e+00,-1.478066e+01,-1.687636e+01,-1.777428e+01,1.119736e+01,6.005100e+00,-1.815922e+01,1.716948e+01,-1.231333e+01,8.091507e+00,-2.397610e+01,-1.321801e+01,4.563312e-02,2.915210e+02,7.267385e-01,5.258824e-04,-4.312381e-01,-5.615619e-01,-7.762462e-01,-2.316606e+00,1.435148e+00,6.752309e-01,7.183431e-01,-6.466824e-01,7.591820e-03,1.299883e+00,9.749914e-01,8.958054e-02,-2.417649e-03,-1.157833e+01,5.083561e-04
4.416393e-03,-5.451068e+00,-1.547508e+01,-1.711119e+01,-2.067660e+01,1.322075e+01,5.007064e+00,-1.605046e+01,1.599178e+01,-1.196684e+01,9.166360e+00,-2.290195e+01,-1.302229e+01,4.351768e-02,2.514170e+02,7.185310e-01,3.044427e-04,-3.763638e-01,-4.448344e-01,-5.217733e-01,-1.113408e+00,-8.249597e-02,1.376389e+00,1.033065e+00,-1.361893e-01,1.085899e+00,1.154701e+00,1.139812e+00,3.960103e-01,-2.236325e-03,-2.611368e+01,-1.431483e-03
4.651207e-03,-6.053216e+00,-1.602945e+01,-1.813568e+01,-2.062278e+01,1.223313e+01,8.051149e+00,-1.422921e+01,1.655163e+01,-1.012632e+01,9.687047e+00,-2.201952e+01,-1.279975e+01,4.079783e-02,2.390174e+02,7.165642e-01,-1.183706e-04,2.901367e-01,-3.032916e-01,2.844845e-01,3.792452e-01,-2.033723e+00,2.212256e+00,5.240777e-01,-2.178414e-01,2.021758e+00,1.098661e+00,1.478223e+00,4.920309e-01,-1.480809e-03,-2.791322e+01,-8.854925e-04
4.195736e-03,-5.549829e+00,-1.608950e+01,-1.774029e+01,-1.939099e+01,8.331580e+00,1.170116e+01,-1.510289e+01,1.705169e+01,-8.118649e+00,1.065055e+01,-2.038839e+01,-1.159603e+01,4.019341e-02,2.386652e+02,7.265739e-01,-5.536050e-04,1.258208e+00,1.828785e-01,1.472411e+00,2.126193e+00,-2.827383e+00,1.287679e+00,2.350026e-01,-1.022579e+00,1.907738e+00,1.926838e+00,2.553514e+00,4.878841e-01,-6.346322e-04,-4.257702e+01,-3.951591e-03
3.307804e-03,-3.139413e+00,-1.598991e+01,-1.513939e+01,-1.652086e+01,3.473325e+00,1.371933e+01,-1.601261e+01,1.555031e+01,-4.128634e+00,1.284272e+01,-1.784176e+01,-1.147099e+01,3.989121e-02,1.583308e+02,7.182896e-01,-8.204051e-04,1.931661e+00,9.763463e-01,2.698830e+00,3.114040e+00,-1.958262e+00,-1.263394e+00,7.001517e-01,-2.715595e+00,1.163721e+00,2.869096e+00,3.461932e+00,8.522625e-02,-6.044134e-05,-6.378248e+01,-5.553355e-02
2.320070e-03,-6.169283e-01,-1.458046e+01,-1.124728e+01,-1.209660e+01,3.463738e+00,8.611371e+00,-1.398375e+01,1.137954e+01,-5.426992e+00,1.722272e+01,-1.222325e+01,-1.124725e+01,4.079783e-02,7.887524e+01,6.979103e-01,-8.072258e-04,1.978400e+00,1.775900e+00,3.167160e+00,3.325608e+00,-1.613093e-01,-2.985376e+00,1.302139e+00,-3.507641e+00,2.490567e-01,2.864735e+00,3.271711e+00,-3.762928e-01,-3.928684e-04,-6.356612e+01,-8.341498e-02
1.487015e-03,1.138639e+00,-1.190224e+01,-7.888031e+00,-8.699779e+00,4.875740e+00,3.279076e+00,-1.128802e+01,5.809729e+00,-5.653550e+00,2.074644e+01,-8.792431e+00,-1.254801e+01,4.019341e-02,0,4.532282e-01,-5.969800e-04,1.522833e+00,2.307235e+00,2.881158e+00,2.538406e+00,1.023322e+00,-2.533277e+00,1.437662e+00,-2.939070e+00,-8.037658e-02,1.296255e+00,1.525474e+00,-6.712555e-01,-1.601693e-03,-3.955368e+01,-1.252721e-01
1.070002e-03,2.203143e+00,-9.253837e+00,-5.530165e+00,-6.673491e+00,6.823826e+00,1.994406e+00,-1.095449e+01,4.383782e+00,-6.110908e+00,2.102236e+01,-8.554503e+00,-1.293898e+01,3.807797e-02,0,4.420297e-01,-3.520260e-04,8.594305e-01,2.207459e+00,2.436170e+00,1.576771e+00,1.046036e+00,-5.221243e-01,1.051448e+00,-1.178839e+00,6.565295e-01,-8.856756e-01,-1.575990e-01,-4.276065e-01,-2.689634e-03,-1.577505e+01,-1.189441e-01
9.479378e-04,3.064716e+00,-7.117042e+00,-3.592159e+00,-6.540380e+00,6.909889e+00,4.361428e+00,-1.033893e+01,4.352840e+00,-4.188559e+00,1.742417e+01,-1.204877e+01,-1.398140e+01,3.324267e-02,0,2.198693e-01,-1.759443e-04,-7.399937e-02,1.375870e+00,1.723404e+00,6.539569e-01,6.999234e-01,5.275775e-01,9.482034e-01,5.410852e-01,1.541111e+00,-1.515323e+00,-8.392334e-02,6.695376e-02,-1.994560e-03,0,-1.128617e-01
8.294785e-04,2.717186e+00,-5.935759e+00,-1.214368e+00,-5.292441e+00,7.676842e+00,5.459574e+00,-9.201057e+00,6.213789e+00,-2.876840e+00,1.445547e+01,-1.138308e+01,-1.266859e+01,3.082502e-02,0,2.198693e-01,-1.033926e-04,-1.076698e+00,1.219454e-01,7.350472e-01,1.086728e-01,2.949111e-01,8.860698e-02,9.111717e-01,1.332173e+00,2.263004e+00,-7.125858e-01,1.260195e+00,5.750788e-01,4.230890e-04,0,-1.103929e-01
7.275555e-04,5.116205e-01,-6.681926e+00,-1.428909e+00,-6.120519e+00,7.948849e+00,4.184380e+00,-7.423726e+00,7.600152e+00,4.349726e-01,1.645327e+01,-7.797760e+00,-1.234844e+01,3.384708e-02,0,0,-8.594706e-05,-1.681577e+00,-8.862475e-01,-5.887424e-01,-6.767927e-01,4.106383e-02,-7.424097e-01,8.164562e-01,1.565474e+00,2.308117e+00,6.808467e-01,2.136336e+00,7.853891e-01,2.659413e-03,0,-6.596078e-02
6.632299e-04,-1.903798e+00,-8.861668e+00,-2.936555e+00,-6.340058e+00,7.778902e+00,2.525965e+00,-7.856238e+00,9.420989e+00,2.892346e+00,1.794488e+01,-4.379035e+00,-1.088007e+01,3.989121e-02,0,0,-7.782606e-05,-1.564320e+00,-9.148142e-01,-1.569221e+00,-1.029348e+00,-5.380120e-01,-6.711332e-01,8.745559e-01,8.164175e-01,1.464158e+00,6.176642e-01,1.905076e+00,6.382755e-01,2.387428e-03,0,-4.397385e-02
6.013268e-04,-3.032676e+00,-1.008533e+01,-5.674778e+00,-9.400536e+00,7.064178e+00,2.116184e+00,-6.929060e+00,1.057661e+01,4.467435e+00,1.908370e+01,-4.869115e+00,-1.094871e+01,4.200665e-02,0,0,-7.453707e-05,-1.034316e+00,-3.111600e-01,-1.847319e+00,-9.437662e-01,-7.835895e-01,1.200663e-01,1.495691e+00,-7.307377e-02,1.155769e-01,-5.003532e-01,9.667407e-01,6.938896e-01,6.648541e-04,0,0
5.034626e-04,-3.332267e+00,-8.808130e+00,-6.937539e+00,-8.799170e+00,5.429117e+00,3.138005e+00,-5.075611e+00,8.807649e+00,2.427716e+00,1.622858e+01,-3.322022e+00,-1.017707e+01,3.868238e-02,0,0,-5.779844e-05,-4.886680e-01,6.308508e-02,-1.779932e+00,-3.924614e-01,-6.230613e-01,8.595438e-01,2.274219e+00,-8.109911e-01,-8.451217e-01,-1.354434e+00,8.538153e-02,4.633232e-01,-3.626473e-04,0,0
4.347538e-04,-3.945728e+00,-8.264495e+00,-8.665011e+00,-9.609794e+00,5.205794e+00,4.478691e+00,-1.335586e+00,7.541453e+00,1.245172e+00,1.480966e+01,-3.492563e+00,-9.230491e+00,3.777577e-02,0,0,-3.073167e-05,-1.589687e-01,-1.788721e-01,-1.451115e+00,4.895133e-01,4.862561e-02,1.107522e+00,2.215785e+00,-8.486460e-01,-1.260338e+00,-1.779252e+00,-7.090284e-01,1.202824e-01,5.741917e-04,0,0
4.575242e-04,-3.890612e+00,-9.456657e+00,-1.034110e+01,-8.197736e+00,5.592787e+00,5.642431e+00,7.181211e-01,6.883612e+00,2.778690e-01,1.330973e+01,-4.640403e+00,-9.422569e+00,4.019341e-02,0,0,-7.091186e-06,1.798172e-01,-5.439774e-01,-1.098058e+00,6.196517e-01,6.310079e-01,1.042456e+00,1.143939e+00,-2.863500e-01,-1.042099e+00,-1.456513e+00,-1.743340e+00,-6.888176e-01,2.326987e-03,0,0
4.706376e-04,-3.548347e+00,-1.065542e+01,-1.122857e+01,-7.253686e+00,7.225471e+00,6.401581e+00,1.252997e+00,7.295397e+00,-7.593300e-01,1.164686e+01,-7.755066e+00,-1.072455e+01,4.412209e-02,0,0,-7.185049e-06,3.633717e-01,-3.879253e-01,-3.487488e-01,7.759500e-01,6.633607e-01,7.933719e-01,-2.668130e-01,-1.711670e-01,-9.784559e-01,-1.393656e+00,-1.962503e+00,-1.438487e+00,2.568752e-03,0,0
4.500647e-04,-2.631872e+00,-1.033255e+01,-1.114605e+01,-6.878966e+00,7.574318e+00,7.388842e+00,-6.502095e-01,7.498927e+00,-1.780529e+00,1.052741e+01,-9.907472e+00,-1.287413e+01,4.714416e-02,0,0,-2.608299e-05,2.206514e-01,1.233625e-02,2.430260e-01,5.840931e-02,8.391900e-02,3.305061e-01,-8.521493e-01,-3.214583e-01,-8.063595e-01,-7.077143e-01,-1.498006e+00,-1.707178e+00,1.269265e-03,0,0
4.025583e-04,-2.758240e+00,-9.766173e+00,-1.000628e+01,-6.389429e+00,7.531832e+00,7.572344e+00,-1.985486e+00,6.377960e+00,-2.617908e+00,9.232533e+00,-1.067154e+01,-1.469714e+01,4.714416e-02,0,0,-3.499471e-05,-1.465512e-01,3.300958e-01,5.530650e-01,-4.282792e-01,-5.052471e-01,-5.149748e-01,-2.531832e-01,-2.619551e-01,-2.853552e-01,2.109176e-01,-3.867615e-01,-9.572380e-01,1.511030e-04,0,0
3.611489e-04,-3.182409e+00,-9.839601e+00,-9.737114e+00,-8.337818e+00,5.859202e+00,6.709579e+00,-1.923384e+00,5.735039e+00,-2.824640e+00,1.097832e+01,-1.067220e+01,-1.597217e+01,4.502871e-02,0,0,3.484107e-06,-8.804949e-01,8.597020e-01,7.389803e-02,-3.866097e-01,-4.207651e-01,-1.993104e+00,6.710542e-01,-2.310686e-01,2.393763e-01,4.800738e-01,7.011420e-01,1.149538e+00,4.835293e-04,0,0
3.401219e-04,-4.005834e+00,-9.251420e+00,-9.167711e+00,-8.665656e+00,5.556794e+00,4.166338e+00,6.236681e-01,6.867565e+00,-1.664051e+00,1.247599e+01,-9.306512e+00,-1.396172e+01,4.593533e-02,0,0,7.482747e-05,-1.361586e+00,2.025396e+00,-7.637801e-01,7.092161e-02,5.973496e-02,-3.341864e+00,4.547292e-01,-3.280693e-01,6.893593e-01,-5.271244e-03,1.180634e+00,2.983684e+00,2.206104e-03,0,0
4.987034e-04,-6.410549e+00,-6.291420e+00,-1.119584e+01,-7.673901e+00,6.458012e+00,-8.736756e-01,1.400485e+00,6.098781e+00,-1.060577e+00,1.130605e+01,-7.084278e+00,-7.494148e+00,5.016622e-02,0,0,1.661140e-04,-1.192060e+00,2.911304e+00,-1.288624e+00,5.064040e-01,6.666848e-01,-3.964710e+00,-1.698579e+00,-1.127651e+00,8.345714e-01,-5.906883e-01,1.232773e+00,3.570353e+00,2.296767e-03,0,4.270929e-02
7.079183e-04,-7.952101e+00,-1.413285e+00,-1.309582e+01,-6.366779e+00,7.531102e+00,-5.345346e+00,-1.373774e+00,4.555743e+00,-5.314314e-02,9.042315e+00,-6.562330e+00,-4.017731e+00,5.560592e-02,0,0,2.134776e-04,5.565071e-03,2.756889e+00,-1.162230e+00,2.232657e-01,4.733996e-01,-3.219987e+00,-4.615619e+00,-1.758669e+00,5.990117e-01,9.363260e-02,1.153221e+00,2.096324e+00,-1.118163e-03,0,1.052835e-01
1.007820e-03,-7.169573e+00,7.978544e-01,-1.421618e+01,-6.955236e+00,8.205472e+00,-8.358129e+00,-9.417558e+00,1.252694e+00,5.427635e-01,9.741722e+00,-5.880422e+00,-3.092395e+00,5.167725e-02,0,2.135464e-01,1.676763e-04,1.606205e+00,1.514965e+00,-2.877482e-01,4.330909e-01,-5.861091e-03,-1.595980e+00,-5.850749e+00,-1.660970e+00,5.020753e-01,1.171073e+00,1.177561e+00,5.958640e-01,-6.013901e-03,0,1.258932e-01
1.152951e-03,-3.598497e+00,9.883847e-01,-1.346869e+01,-7.908659e+00,7.050062e+00,-8.191370e+00,-1.704540e+01,4.972632e-01,5.293378e-01,1.372632e+01,-4.142334e+00,-5.680979e+00,3.958900e-02,0,4.196440e-01,7.152984e-05,2.288233e+00,2.334620e-01,2.194971e-01,1.516966e+00,-3.098200e-01,-2.067913e-01,-4.394988e+00,-1.142728e+00,3.928393e-01,8.026395e-01,1.705369e+00,1.313328e-01,-8.643094e-03,0,6.182928e-02
1.114568e-03,-5.563242e-01,8.256897e-02,-1.244815e+01,-4.737506e+00,6.669226e+00,-7.430563e+00,-2.001745e+01,-1.768275e-01,1.158559e+00,1.481941e+01,-2.406473e+00,-3.683204e+00,2.810517e-02,0,4.196440e-01,-1.836144e-05,1.749340e+00,-1.969587e-01,6.204329e-02,2.903636e+00,-6.894942e-02,3.775782e-01,-1.332794e+00,-4.868167e-01,3.572648e-01,-9.890484e-01,2.110534e+00,3.793242e-01,-6.013902e-03,0,-2.197807e-02
1.012194e-03,1.824386e-01,1.116676e-01,-1.288235e+01,1.091846e-01,6.750124e+00,-6.843085e+00,-1.804877e+01,-4.431353e-01,1.603156e+00,1.051667e+01,2.275380e-01,-3.065663e+00,2.417649e-02,0,2.060976e-01,-1.185846e-05,6.544169e-01,-2.881606e-01,-5.247706e-01,2.993990e+00,7.519176e-01,1.088713e-01,6.802357e-01,-1.947819e-01,4.539920e-02,-2.586489e+00,2.155617e+00,5.445433e-01,-6.044125e-04,0,-2.032301e-02
9.863921e-04,-3.133409e-01,2.514195e-01,-1.419913e+01,3.554019e+00,8.010694e+00,-7.144380e+00,-1.557985e+01,-7.111906e-01,1.792178e+00,6.401306e+00,2.487314e+00,-2.503432e+00,2.931399e-02,0,2.104293e-01,6.842016e-05,7.071324e-02,-2.104749e-01,-1.210014e+00,1.767779e+00,1.230986e+00,-3.879704e-01,7.889830e-01,-2.262079e-01,-5.052845e-01,-2.149680e+00,1.729854e+00,-4.047861e-02,3.717135e-03,0,6.527413e-02
1.157747e-03,-4.479037e-01,-5.368433e-01,-1.521705e+01,2.915530e+00,1.013892e+01,-7.790105e+00,-1.586303e+01,-2.094648e-01,4.395242e-01,5.002926e+00,4.188858e+00,-3.548148e+00,3.596253e-02,0,4.226364e-01,1.454590e-04,2.794689e-01,-3.596759e-01,-1.423886e+00,1.809979e-01,1.021827e+00,-5.280827e-01,-1.093822e-01,-6.334847e-01,-4.559657e-01,-4.315574e-01,9.109643e-01,-4.263411e-02,4.895740e-03,0,1.312592e-01
1.383892e-03,1.124132e-01,-6.455500e-01,-1.733087e+01,2.698217e+00,1.112976e+01,-8.896905e+00,-1.716541e+01,-1.424702e+00,-7.860475e-01,6.827883e+00,4.262139e+00,-3.644354e+00,4.079783e-02,0,6.377453e-01,1.724024e-04,7.808169e-01,-5.024024e-01,-1.419123e+00,-8.680248e-01,2.364856e-01,-4.542843e-01,-6.428749e-01,-1.163111e+00,-6.988182e-02,1.058621e+00,1.860572e-01,2.684191e-01,3.475371e-03,0,1.125812e-01
1.540739e-03,1.366906e+00,-1.238227e+00,-1.843591e+01,1.442075e+00,1.029973e+01,-8.607236e+00,-1.780290e+01,-3.253803e+00,6.124399e-01,8.145592e+00,3.894947e+00,-2.708372e+00,4.291327e-02,0,6.487356e-01,1.484957e-04,1.060471e+00,-6.593102e-01,-1.025681e+00,-1.338548e+00,-5.974997e-01,-1.969339e-01,-7.138735e-01,-1.244647e+00,3.814850e-01,1.597867e+00,-6.325056e-02,8.822481e-01,1.450590e-03,0,5.337737e-02
1.656909e-03,2.683339e+00,-1.909901e+00,-1.968532e+01,-4.937744e-02,9.112716e+00,-9.007236e+00,-1.782429e+01,-5.004577e+00,1.356311e+00,1.012308e+01,3.564555e+00,-1.581225e+00,4.321547e-02,0,6.602858e-01,1.471415e-04,1.058803e+00,-1.082339e+00,-2.589617e-01,-1.742820e+00,-7.989393e-01,-1.910915e-02,-9.236927e-01,-4.624470e-01,-4.259654e-02,1.474591e+00,1.333360e-01,1.086899e+00,3.022030e-05,2.642377e+01,1.513905e-02
1.763717e-03,3.568990e+00,-3.201219e+00,-1.916823e+01,-2.403412e+00,8.159940e+00,-8.719609e+00,-1.910295e+01,-4.642762e+00,1.275770e+00,1.134466e+01,4.221397e+00,-1.684725e-01,4.200665e-02,0,6.782529e-01,1.863176e-04,8.524026e-01,-1.354361e+00,3.196747e-01,-1.802366e+00,-3.830743e-01,1.892920e-01,-1.618148e+00,7.651044e-01,-1.185643e+00,1.160527e+00,3.956102e-01,9.289540e-01,-6.648544e-04,6.606718e+01,1.753461e-02
2.008110e-03,4.305386e+00,-5.075748e+00,-1.825952e+01,-4.093139e+00,8.204958e+00,-8.936264e+00,-2.113384e+01,-3.042458e+00,-1.330695e+00,1.260130e+01,4.765594e+00,5.201926e-01,4.140224e-02,1.321188e+02,6.986819e-01,2.018758e-04,6.096354e-01,-1.243432e+00,7.766968e-01,-1.714955e+00,9.649201e-02,6.433928e-01,-1.979088e+00,1.402563e+00,-1.839753e+00,7.375534e-01,3.579164e-01,5.176049e-01,-9.368397e-04,1.056833e+02,1.619558e-02
2.296726e-03,4.817895e+00,-6.427109e+00,-1.755044e+01,-5.547875e+00,8.838235e+00,-7.696262e+00,-2.423886e+01,-4.093408e-01,-3.972274e+00,1.270912e+01,5.272479e+00,8.856893e-01,4.049562e-02,2.642765e+02,7.172106e-01,1.287936e-04,1.542408e-01,-2.393707e-01,5.284550e-01,-1.362958e+00,5.361453e-01,8.109024e-01,-1.287523e+00,7.646583e-01,-1.075850e+00,-1.063480e-02,1.379053e-01,-1.229436e-01,-1.239046e-03,7.924784e+01,8.843696e-03
2.399784e-03,5.107063e+00,-6.514115e+00,-1.661073e+01,-7.051921e+00,9.256028e+00,-6.301946e+00,-2.515177e+01,-1.084727e-01,-5.218432e+00,1.312862e+01,4.828596e+00,4.797188e-01,3.928679e-02,3.962783e+02,7.217849e-01,-3.449265e-05,-5.380980e-01,1.280778e+00,9.172840e-02,-6.513749e-01,5.760149e-01,9.507898e-01,2.514715e-01,-8.622028e-01,6.689404e-01,-1.007323e+00,1.095402e-01,-4.152893e-01,-1.269265e-03,-3.510742e-02,-2.006984e-03
2.211849e-03,3.939355e+00,-3.678889e+00,-1.735035e+01,-7.738813e+00,1.031513e+01,-5.982256e+00,-2.353160e+01,-2.286463e+00,-2.159610e+00,1.102783e+01,4.879422e+00,-7.629538e-01,3.686914e-02,2.641595e+02,7.109199e-01,-1.924413e-04,-1.241716e+00,2.636590e+00,-2.641152e-01,3.777820e-01,7.130831e-01,7.372618e-01,1.766122e+00,-2.389294e+00,1.986946e+00,-1.365081e+00,-4.886594e-02,-3.227772e-01,-5.439706e-04,-7.928294e+01,-1.522799e-02
1.878086e-03,2.054166e+00,-4.597004e-02,-1.790092e+01,-6.254545e+00,1.034658e+01,-5.039318e+00,-2.023011e+01,-6.414911e+00,1.107675e+00,8.405330e+00,5.509823e+00,-7.319327e-01,3.686915e-02,1.320018e+02,6.917923e-01,-2.727497e-04,-1.479472e+00,3.008229e+00,-1.805082e-01,1.322564e+00,1.118935e+00,4.418686e-01,2.495628e+00,-2.518421e+00,1.735608e+00,-8.056897e-01,-3.053626e-01,8.134425e-02,3.928684e-04,-1.056716e+02,-2.626818e-02
1.595368e-03,1.357621e-01,3.521768e+00,-1.822592e+01,-4.057653e+00,1.185837e+01,-4.641267e+00,-1.786908e+01,-9.202590e+00,2.799401e+00,8.245357e+00,4.687536e+00,-1.223708e-01,3.898459e-02,0,6.560670e-01,-2.616249e-04,-1.080283e+00,2.390005e+00,3.508560e-01,1.831094e+00,1.597264e+00,4.970765e-02,2.315615e+00,-1.776280e+00,3.374313e-01,3.192457e-01,-3.030183e-01,1.251998e-01,6.346334e-04,-6.603207e+01,-3.157591e-02
1.344275e-03,-3.885013e-01,4.926700e+00,-1.707548e+01,-2.279680e+00,1.407908e+01,-4.763098e+00,-1.550489e+01,-9.242515e+00,9.801006e-01,1.049141e+01,3.397726e+00,5.661486e-01,4.019341e-02,0,6.178705e-01,-2.047637e-04,-5.056035e-01,1.349104e+00,5.803856e-01,1.678574e+00,1.695727e+00,-2.150584e-01,1.892795e+00,-5.060083e-01,-4.766595e-01,6.671084e-01,-5.863228e-02,-1.986355e-01,6.044097e-05,-2.640036e+01,-2.920859e-02
1.170629e-03,-2.407247e-01,5.784802e+00,-1.600879e+01,-5.707771e-01,1.643520e+01,-5.871828e+00,-1.431614e+01,-9.754063e+00,-4.086662e-01,1.158102e+01,4.420379e+00,-7.859955e-01,3.838018e-02,0,5.900013e-01,-1.341168e-04,-2.669252e-01,4.375035e-01,4.073147e-01,1.053779e+00,1.269551e+00,2.281404e-02,1.914972e+00,2.983860e-01,-2.788384e-01,-4.097710e-02,1.292801e-02,-2.771415e-01,-2.719857e-04,0,-1.979601e-02
1.066637e-03,-2.856083e-01,5.568034e+00,-1.610756e+01,3.948862e-01,1.653680e+01,-5.499329e+00,-1.254261e+01,-8.669216e+00,3.284113e-01,1.007304e+01,5.350240e+00,-1.393298e+00,3.747356e-02,0,5.787822e-01,-5.108040e-05,-2.625937e-01,-2.754126e-01,-8.607654e-02,-7.157741e-02,4.501606e-01,1.652353e-01,1.716680e+00,1.006845e+00,1.576893e-01,-1.142600e+00,-8.339636e-02,1.408743e-01,2.417643e-04,0,-7.947397e-03
1.063603e-03,-1.250310e+00,5.388618e+00,-1.667331e+01,-1.260388e-01,1.697727e+01,-4.159081e+00,-9.775359e+00,-7.997309e+00,1.731054e+00,8.249656e+00,3.775919e+00,-5.283549e-01,3.898459e-02,0,5.766310e-01,3.239646e-05,1.318107e-01,-1.113965e+00,-4.477871e-01,-1.419007e+00,-4.138588e-01,-9.508038e-02,1.232671e+00,1.667896e+00,-4.816272e-02,-1.593973e+00,-4.466743e-01,1.107499e+00,3.626481e-04,0,3.772676e-03
1.142386e-03,-1.196677e+00,3.747729e+00,-1.717360e+01,-2.859936e+00,1.605885e+01,-4.793294e+00,-9.191882e+00,-5.086668e+00,6.986869e-01,6.444090e+00,3.302974e+00,1.141700e+00,4.110003e-02,0,5.848186e-01,1.057484e-04,1.073068e+00,-2.013099e+00,-4.004738e-01,-2.408131e+00,-1.446506e+00,-8.231844e-01,-1.436059e-01,2.250695e+00,-1.254558e+00,-1.345998e+00,-3.802279e-01,1.852364e+00,-1.148383e-03,0,1.353395e-02
1.294737e-03,8.738629e-01,1.125130e+00,-1.771470e+01,-6.038403e+00,1.460488e+01,-6.700247e+00,-9.828146e+00,-3.205857e+00,-8.346176e-01,5.425631e+00,3.210640e+00,3.484001e+00,3.838018e-02,0,6.058465e-01,1.435739e-04,1.896973e+00,-2.754863e+00,-8.283081e-02,-2.816367e+00,-2.510881e+00,-1.150448e+00,-1.091987e+00,2.829854e+00,-2.140258e+00,-5.425182e-01,-3.961586e-01,2.447808e+00,-3.566031e-03,0,1.969139e-02
1.479812e-03,4.017646e+00,-2.365717e+00,-1.758923e+01,-8.689590e+00,1.049047e+01,-8.344668e+00,-1.323425e+01,1.885316e-01,-4.661541e+00,4.755060e+00,3.731740e+00,5.862343e+00,3.203385e-02,0,6.318442e-01,1.335130e-04,1.744680e+00,-2.827437e+00,6.069925e-01,-2.841845e+00,-3.027431e+00,-5.154057e-01,-9.248188e-01,2.882332e+00,-2.539371e+00,6.606674e-01,-7.023678e-01,2.527298e+00,-4.653974e-03,0,2.172564e-02
1.612760e-03,5.627396e+00,-5.328973e+00,-1.687965e+01,-1.129305e+01,7.207058e+00,-8.135636e+00,-1.321411e+01,3.514362e+00,-6.290123e+00,6.381580e+00,1.580743e+00,9.350363e+00,2.568752e-02,0,6.515751e-01,9.435703e-05,7.496110e-01,-2.257604e+00,1.515334e+00,-3.035169e+00,-2.964162e+00,7.018435e-01,-7.170677e-02,2.300278e+00,-2.346282e+00,1.853635e+00,-5.641918e-01,2.039452e+00,-3.263827e-03,0,2.195306e-02
1.650940e-03,5.149959e+00,-7.162403e+00,-1.455617e+01,-1.444184e+01,4.620613e+00,-6.652628e+00,-1.212299e+01,5.964884e+00,-9.270415e+00,9.269453e+00,6.060844e-01,1.084501e+01,2.417649e-02,0,6.705825e-01,7.263181e-05,-3.913006e-01,-1.282662e+00,2.081134e+00,-3.486247e+00,-1.968483e+00,1.780711e+00,8.140085e-01,1.207618e+00,-1.639853e+00,2.640197e+00,-2.033803e-01,9.974605e-01,-9.368391e-04,0,2.142938e-02
1.680958e-03,4.055762e+00,-7.764545e+00,-1.165456e+01,-1.833813e+01,2.718999e+00,-4.037050e+00,-1.074231e+01,5.407358e+00,-1.026159e+01,1.243661e+01,1.952509e+00,1.118993e+01,2.598973e-02,0,6.962426e-01,1.298310e-04,-9.880306e-01,-2.774842e-01,2.066070e+00,-3.823432e+00,-2.548667e-01,1.531639e+00,1.099727e+00,2.545162e-01,-1.443290e+00,3.182520e+00,2.986434e-01,-1.616082e-01,5.439703e-04,0,1.811412e-02
1.808872e-03,2.846960e+00,-7.561241e+00,-9.796104e+00,-2.259829e+01,2.892078e+00,-1.490407e+00,-1.040011e+01,5.280123e+00,-1.087507e+01,1.492853e+01,2.528955e+00,9.929863e+00,2.719855e-02,0,7.166574e-01,2.091246e-04,-1.047480e+00,5.601146e-01,1.389376e+00,-3.535247e+00,1.913796e+00,2.339174e-01,7.948696e-01,2.089725e-01,-1.360288e+00,3.116000e+00,4.696636e-01,-1.241117e+00,5.137503e-04,0,7.050526e-03
2.182949e-03,1.838742e+00,-6.516975e+00,-8.929332e+00,-2.633198e+01,6.796991e+00,-3.058555e+00,-8.576921e+00,5.129323e+00,-1.270424e+01,1.946465e+01,2.112524e+00,8.999894e+00,2.689634e-02,0,7.191083e-01,1.801561e-04,-1.003781e+00,1.525313e+00,7.521527e-01,-2.024456e+00,3.222204e+00,-1.388225e+00,6.096590e-01,1.509800e-02,-1.332772e+00,2.269483e+00,7.080407e-01,-2.351147e+00,6.346330e-04,0,-1.107634e-02
2.445567e-03,1.021068e+00,-4.985615e+00,-8.971900e+00,-2.812115e+01,1.215060e+01,-5.972289e+00,-9.231338e+00,7.148764e+00,-1.485053e+01,2.133543e+01,2.874395e+00,5.734438e+00,2.629193e-02,0,6.944023e-01,-2.907217e-05,-8.513546e-01,2.404184e+00,6.911736e-01,6.627482e-01,2.777378e+00,-1.657288e+00,2.778435e-01,-5.990600e-01,-6.314400e-01,7.311085e-01,1.591473e+00,-2.912067e+00,1.359929e-03,0,-6.628413e-02
2.263391e-03,-5.019899e-02,-1.425794e+00,-8.305900e+00,-2.569897e+01,1.420076e+01,-8.737234e+00,-8.278395e+00,4.548528e+00,-1.493773e+01,2.058057e+01,5.319993e+00,1.531903e+00,2.961620e-02,0,6.519885e-01,-3.198189e-04,-8.783600e-01,2.959007e+00,8.746409e-01,3.254384e+00,9.550378e-01,-7.845255e-01,6.106963e-01,-1.689121e+00,1.032646e+00,-8.554643e-01,2.082882e+00,-2.313234e+00,2.931400e-03,0,-1.311405e-01
1.623290e-03,-4.653420e-01,1.914090e+00,-6.651953e+00,-1.960105e+01,1.307708e+01,-6.937507e+00,-9.160151e+00,2.575221e+00,-1.291553e+01,1.802611e+01,8.882587e+00,-8.964778e-01,3.263826e-02,0,4.187966e-01,-4.685574e-04,-1.074408e+00,2.676285e+00,8.016878e-01,4.244476e+00,-4.500419e-01,2.504817e-01,1.852987e+00,-1.989041e+00,2.659842e+00,-9.361881e-01,1.635557e+00,-3.025106e-01,4.261106e-03,0,-1.839584e-01
9.949933e-04,-1.809853e+00,4.828208e+00,-5.716101e+00,-1.432011e+01,1.110894e+01,-6.498573e+00,-5.559033e+00,-1.029509e+00,-8.508510e+00,1.684199e+01,9.522839e+00,7.491824e-01,3.838018e-02,0,2.012088e-01,-3.831301e-04,-1.755292e+00,1.440155e+00,-2.355685e-01,2.691891e+00,-7.886999e-01,2.970652e-01,2.831612e+00,-1.113112e+00,3.315516e+00,-1.819050e-01,1.121624e+00,2.049544e+00,5.046841e-03,0,-1.255450e-01
7.369790e-04,-3.471144e+00,5.268808e+00,-6.258360e+00,-1.258820e+01,1.144630e+01,-5.839211e+00,-1.326083e+00,-7.419944e-03,-4.765924e+00,1.852379e+01,8.950757e+00,4.613245e+00,4.321547e-02,0,0,-1.604075e-04,-2.452914e+00,1.048307e-01,-1.490525e+00,1.566166e-01,-6.971367e-01,-7.935151e-01,3.049745e+00,-1.698965e-01,2.806077e+00,3.248503e-01,4.753585e-01,3.156950e+00,5.772136e-03,0,1.235055e-02
7.908962e-04,-7.323759e+00,4.097624e+00,-9.680538e+00,-1.574595e+01,1.107265e+01,-7.801056e+00,1.962629e+00,2.742884e-01,-2.434949e+00,1.942221e+01,1.089403e+01,9.024762e+00,4.956180e-02,0,2.336618e-01,3.223483e-05,-2.750917e+00,-7.784053e-01,-2.122267e+00,-1.805561e+00,-1.000063e+00,-2.010286e+00,1.685763e+00,5.951654e-01,1.821509e+00,2.764053e-02,2.709618e-01,2.593586e+00,5.802358e-03,0,1.466083e-01
9.233013e-04,-9.972960e+00,2.803535e+00,-1.212236e+01,-1.810505e+01,9.609542e+00,-1.025384e+01,2.327744e+00,1.073840e+00,-1.921929e+00,1.836025e+01,1.057378e+01,1.075049e+01,5.590813e-02,0,4.643229e-01,9.403353e-05,-2.420033e+00,-7.360412e-01,-1.621201e+00,-1.884472e+00,-1.594679e+00,-3.030598e+00,-2.249370e-01,2.288684e-01,1.254433e+00,-4.713406e-01,-1.328654e-01,7.136841e-01,4.835299e-03,0,1.857067e-01
1.063006e-03,-1.231353e+01,2.168818e+00,-1.339544e+01,-2.058949e+01,7.026998e+00,-1.434269e+01,1.042867e+00,1.405688e+00,-8.229623e-01,1.706196e+01,1.006613e+01,1.064850e+01,6.104564e-02,0,7.020890e-01,6.172738e-05,-1.556984e+00,-1.922887e-01,-6.474531e-01,-8.916506e-01,-1.835444e+00,-2.924648e+00,-1.333673e+00,2.086607e-01,8.709807e-01,-5.143501e-01,-1.693006e-01,-9.321276e-01,2.870959e-03,0,6.899910e-02
1.071092e-03,-1.307642e+01,2.553005e+00,-1.250691e+01,-1.958879e+01,5.495731e+00,-1.772139e+01,-1.990888e+00,5.712224e-01,7.002471e-01,1.734721e+01,8.700377e+00,7.369799e+00,6.165005e-02,0,6.943199e-01,-4.546950e-07,-6.724070e-01,2.928285e-01,-1.276943e-01,1.522373e-01,-1.177252e+00,-2.187482e+00,-1.364021e+00,2.529634e-01,5.214723e-01,-2.669895e-01,3.862840e-01,-1.499065e+00,2.417646e-04,0,-7.152908e-02
1.025638e-03,-1.355695e+01,3.261445e+00,-1.272553e+01,-1.946233e+01,3.952338e+00,-1.869052e+01,-2.546422e+00,1.568900e+00,6.088662e-01,1.735698e+01,1.098423e+01,6.054468e+00,6.104564e-02,0,4.636587e-01,-5.104997e-05,5.024991e-01,8.122891e-01,-1.575930e-01,9.322845e-01,1.989703e-02,-3.628756e-01,-5.012088e-02,3.660082e-01,1.841451e-01,-7.345678e-01,9.819774e-02,-1.601239e+00,-2.568753e-03,0,-1.872605e-01
9.397120e-04,-1.271329e+01,3.721364e+00,-1.309579e+01,-1.790744e+01,5.260614e+00,-1.901733e+01,-2.697717e+00,2.257050e+00,-3.048217e-02,1.687779e+01,1.204616e+01,5.552176e+00,5.711696e-02,0,2.258927e-01,-6.361595e-05,1.765339e+00,9.746677e-01,-4.625228e-01,1.012658e+00,9.074777e-01,1.469315e+00,1.307225e+00,3.001975e-01,3.386955e-01,-8.712405e-01,-7.162625e-01,-1.826194e+00,-5.349049e-03,0,-1.852299e-01
8.734462e-04,-9.982602e+00,5.646084e+00,-1.388897e+01,-1.676874e+01,7.244042e+00,-1.550909e+01,1.145678e+00,2.392815e+00,4.631280e-01,1.362383e+01,8.884233e+00,3.551114e+00,5.046842e-02,0,0,-7.838366e-05,2.920116e+00,6.804398e-01,-3.312922e-01,1.264565e+00,1.148839e+00,2.918196e+00,1.782682e+00,-1.922973e-01,5.840552e-01,-4.150441e-01,-2.524182e+00,-2.028524e+00,-7.494712e-03,0,-1.153210e-01
8.291078e-04,-6.036901e+00,6.234025e+00,-1.423781e+01,-1.587229e+01,8.387268e+00,-1.196553e+01,2.699186e+00,1.660252e+00,2.466594e+00,1.485758e+01,6.169064e+00,-5.094954e-01,4.019341e-02,0,0,-8.932863e-05,3.203457e+00,-4.085889e-02,-1.522092e-01,1.100543e+00,9.247290e-01,3.312454e+00,1.376504e+00,-6.303008e-02,2.532905e-01,2.533481e-01,-3.575209e+00,-1.211354e+00,-7.222726e-03,0,-4.517853e-02
6.890218e-04,-2.294559e+00,5.407314e+00,-1.381098e+01,-1.415708e+01,8.133206e+00,-7.625446e+00,3.668536e+00,9.058132e-01,2.280604e+00,1.629186e+01,1.301867e+00,-1.057319e+00,3.203385e-02,0,0,-7.921043e-05,2.511404e+00,-1.072731e+00,-9.580698e-02,7.484145e-01,1.028972e+00,2.949734e+00,9.884569e-01,7.010914e-01,-7.163779e-01,7.296561e-01,-4.044324e+00,-2.812535e-01,-4.805077e-03,0,0
5.852811e-04,-5.400229e-01,3.636454e+00,-1.389583e+01,-1.371056e+01,9.439676e+00,-6.396887e+00,2.923374e+00,2.685401e+00,3.272321e-01,1.681051e+01,-2.038708e+00,1.799620e+00,3.022061e-02,0,0,-3.150095e-05,1.432777e+00,-1.613629e+00,-4.130884e-01,3.854780e-01,1.771684e+00,2.194182e+00,9.829496e-01,1.245678e+00,-1.238926e+00,2.498808e-01,-3.667516e+00,1.511847e-02,-1.329707e-03,0,0
5.993074e-04,-1.740200e-01,1.581211e+00,-1.453899e+01,-1.410753e+01,1.186270e+01,-3.544741e+00,5.975868e+00,5.385698e+00,-2.049081e+00,1.629564e+01,-7.233503e+00,9.902890e-01,3.142944e-02,0,0,5.137314e-05,4.534099e-01,-1.751401e+00,-7.981567e-01,-3.037996e-01,2.314693e+00,1.416626e+00,1.185576e+00,1.491360e+00,-1.129091e+00,2.605335e-01,-2.506572e+00,-8.535004e-01,1.208824e-03,0,4.422798e-02
7.164602e-04,6.671288e-02,7.893268e-02,-1.593924e+01,-1.396968e+01,1.538094e+01,-3.034968e+00,6.460268e+00,5.648699e+00,-1.563192e+00,1.610509e+01,-7.900830e+00,-1.457707e+00,3.384708e-02,0,0,1.148092e-04,8.191564e-02,-1.421588e+00,-1.015436e+00,-7.627251e-01,2.335120e+00,6.268681e-01,8.102487e-01,1.000385e+00,-7.270241e-01,5.404695e-01,-1.454101e+00,-1.393610e+00,1.873677e-03,0,1.098136e-01
8.802979e-04,-3.308774e-01,-1.570928e+00,-1.678005e+01,-1.554652e+01,1.673604e+01,-2.223277e+00,7.827970e+00,6.880966e+00,-2.419639e+00,1.794724e+01,-8.299932e+00,-3.696157e+00,3.626473e-02,0,2.211399e-01,1.470148e-04,-3.745111e-02,-9.510444e-01,-1.185956e+00,-1.448266e+00,2.029981e+00,4.232287e-01,7.128692e-02,8.260965e-01,-1.042936e+00,7.138504e-01,-7.640095e-01,-1.171766e+00,1.843457e-03,0,1.809361e-01
1.018832e-03,-5.201598e-02,-1.895414e+00,-1.785248e+01,-1.680469e+01,1.867861e+01,-3.923279e+00,6.048567e+00,6.939690e+00,-3.122609e+00,1.868706e+01,-8.775997e+00,-2.825206e+00,3.717135e-02,0,4.384981e-01,1.487651e-04,1.545157e-01,-4.368168e-01,-1.098699e+00,-1.898451e+00,1.462955e+00,5.884606e-01,-4.895820e-01,4.677863e-01,-1.709958e+00,3.835615e-01,-9.220711e-01,-8.582640e-01,1.359928e-03,0,1.854268e-01
1.183196e-03,-3.019111e-01,-2.186837e+00,-1.951215e+01,-1.993136e+01,2.036377e+01,-9.844422e-01,6.538153e+00,8.870686e+00,-6.484054e+00,1.857391e+01,-1.061597e+01,-4.184793e+00,3.898459e-02,0,6.854312e-01,1.273513e-04,4.082445e-01,-3.981012e-02,-1.022408e+00,-1.523209e+00,6.732036e-01,1.028980e+00,-1.143793e+00,-2.216841e-01,-1.510187e+00,-1.191532e-01,-7.175296e-01,-9.530174e-01,6.950747e-04,0,1.242613e-01
1.308837e-03,8.248081e-01,-1.797197e+00,-2.006669e+01,-2.126951e+01,2.088185e+01,-7.120824e-01,4.657266e+00,6.992771e+00,-8.080776e+00,1.770957e+01,-1.135317e+01,-5.504709e+00,3.928680e-02,0,6.949883e-01,9.564376e-05,5.560967e-01,2.536593e-01,-7.572744e-01,-8.933647e-01,-4.397795e-01,9.431238e-01,-1.012104e+00,-6.920005e-01,-8.017191e-01,-4.657003e-01,-3.329831e-01,-1.148376e+00,-2.115436e-04,0,5.291454e-02
1.372052e-03,1.271933e+00,-1.819087e+00,-2.078499e+01,-2.093015e+01,1.900043e+01,1.316024e+00,2.804657e+00,5.746005e+00,-7.491490e+00,1.784022e+01,-1.059899e+01,-7.121493e+00,3.868238e-02,0,7.142012e-01,6.935369e-05,6.777450e-01,2.433855e-01,-7.386808e-01,8.012734e-02,-1.268462e+00,2.642997e-01,-6.696963e-01,-1.024654e+00,4.070063e-01,-4.620754e-01,1.367342e-01,-7.663004e-01,-1.269265e-03,0,-1.136047e-03
1.402623e-03,1.941545e+00,-8.109928e-01,-2.100243e+01,-2.077211e+01,1.716138e+01,-3.578930e-01,2.854792e+00,5.042027e+00,-6.627487e+00,1.672540e+01,-1.044940e+01,-7.098734e+00,3.626473e-02,0,6.886858e-01,9.271142e-05,5.148489e-01,-1.424854e-01,-8.726977e-01,4.380566e-01,-1.153583e+00,-2.319766e-01,-1.232774e-01,-5.683863e-01,3.811158e-01,2.939781e-01,1.856238e-01,-2.468488e-01,-1.420369e-03,0,-5.530262e-03
1.483071e-03,2.528445e+00,-1.463012e+00,-2.273768e+01,-1.977942e+01,1.588169e+01,1.599614e-01,4.090908e+00,4.722788e+00,-5.175667e+00,1.675561e+01,-1.038418e+01,-7.219282e+00,3.414929e-02,0,6.829022e-01,1.588014e-04,3.645255e-01,-8.348915e-01,-6.893662e-01,1.595635e-01,-6.464344e-01,-8.732424e-01,-7.211517e-01,-4.833217e-02,-4.438576e-01,1.205343e+00,1.917317e-01,1.774797e-01,-7.857356e-04,2.015472e+01,-3.128076e-03
1.716884e-03,2.770797e+00,-2.687661e+00,-2.345383e+01,-1.965460e+01,1.667331e+01,-1.293934e+00,3.397753e+00,4.662447e+00,-7.333108e+00,1.972176e+01,-1.053246e+01,-6.690058e+00,3.445150e-02,0,6.829864e-01,2.654225e-04,4.417093e-02,-1.584675e+00,-1.590038e-01,-7.763275e-01,-8.020334e-02,-1.034029e+00,-1.981996e+00,7.359627e-01,-1.083987e+00,1.913306e+00,2.138534e-01,1.554704e-02,3.928676e-04,5.101160e+01,7.155049e-03
2.008928e-03,2.679935e+00,-5.055210e+00,-2.300612e+01,-2.069109e+01,1.601230e+01,-2.582167e+00,-1.072582e+00,5.694134e+00,-9.357967e+00,2.236876e+01,-9.598807e+00,-6.438432e+00,3.566032e-02,1.007736e+02,7.014105e-01,3.958479e-04,-3.896831e-01,-1.749817e+00,4.276249e-01,-1.965468e+00,5.364555e-01,-1.621288e+00,-2.614731e+00,1.447311e+00,-1.197967e+00,1.222042e+00,-8.593778e-02,-2.638642e-01,9.066180e-04,8.299119e+01,9.409988e-03
2.466807e-03,2.086655e+00,-6.938268e+00,-2.166323e+01,-2.419791e+01,1.669506e+01,-4.156974e+00,-4.473440e+00,8.236168e+00,-9.956274e+00,2.348536e+01,-9.772819e+00,-7.411424e+00,3.747356e-02,2.046712e+02,7.152069e-01,5.329839e-04,-7.228096e-01,-1.632385e+00,4.216661e-01,-2.289833e+00,7.606342e-01,-1.618317e+00,-2.009375e+00,1.732340e+00,-4.819137e-01,5.013733e-02,-7.283584e-01,-5.468354e-01,3.928684e-04,8.575730e+01,7.951140e-03
3.087349e-03,9.221006e-01,-8.086792e+00,-2.149486e+01,-2.733510e+01,1.855309e+01,-6.514958e+00,-5.047151e+00,1.017248e+01,-9.853917e+00,2.098402e+01,-1.119369e+01,-8.177920e+00,3.717135e-02,3.126203e+02,7.138419e-01,6.031759e-04,-9.683697e-01,-1.463799e+00,1.262852e-01,-1.565879e+00,5.594996e-01,-1.587664e+00,-1.082273e+00,1.572374e+00,-8.723135e-02,-3.682043e-01,-1.462758e+00,-6.579620e-01,-4.835293e-04,5.838729e+01,4.786611e-03
3.842593e-03,3.566583e-02,-9.333795e+00,-2.210113e+01,-2.778175e+01,1.920608e+01,-7.419123e+00,-4.661839e+00,1.108497e+01,-9.494702e+00,2.066482e+01,-1.337681e+01,-8.554491e+00,3.566032e-02,3.228631e+02,7.165264e-01,4.237994e-04,-8.799485e-01,-1.236337e+00,1.706463e-01,1.771998e-01,-5.332949e-01,-1.291461e+00,-8.923999e-01,1.224011e+00,3.580951e-01,-3.658867e-03,-1.808294e+00,-5.114408e-01,-1.269264e-03,6.298132e+00,1.522499e-03
4.336914e-03,-1.136419e+00,-1.117644e+01,-2.215575e+01,-2.672857e+01,1.755429e+01,-8.889415e+00,-6.389750e+00,1.213160e+01,-1.002491e+01,2.193801e+01,-1.511060e+01,-9.156709e+00,3.414929e-02,3.336141e+02,7.246838e-01,1.206568e-04,-4.857603e-01,-1.016791e+00,5.977068e-01,1.570416e+00,-1.526280e+00,-1.282249e+00,-1.250615e+00,1.050386e+00,1.241199e+00,6.610861e-01,-1.575220e+00,-3.561938e-01,-1.148383e-03,-4.931418e+01,1.276958e-03
3.961022e-03,-1.283828e+00,-1.157513e+01,-2.047956e+01,-2.361518e+01,1.452799e+01,-9.427051e+00,-8.264140e+00,1.337667e+01,-8.080302e+00,2.299007e+01,-1.685583e+01,-9.479234e+00,3.263826e-02,2.256650e+02,7.173985e-01,-2.717041e-04,-8.615158e-02,-9.351101e-02,1.095333e+00,2.076596e+00,-1.791844e+00,-1.338347e+00,-1.529725e+00,1.187917e+00,1.941095e+00,5.424746e-01,-1.179600e+00,-2.497191e-01,-4.230894e-04,-8.646918e+01,-3.368384e-03
3.631419e-03,-8.469542e-01,-1.205008e+01,-1.931711e+01,-2.156631e+01,1.326074e+01,-1.192224e+01,-9.499076e+00,1.427856e+01,-4.355122e+00,2.312683e+01,-1.733027e+01,-9.496518e+00,3.294047e-02,1.146485e+02,7.197906e-01,-4.892264e-04,2.884326e-01,9.625293e-01,1.242854e+00,1.882412e+00,-1.736042e+00,-1.282835e+00,-1.161661e+00,9.502459e-01,2.180214e+00,1.971571e-01,-4.137467e-01,-1.341505e-01,4.533086e-04,-8.928932e+01,-8.627415e-03
2.836820e-03,-5.398245e-01,-9.364531e+00,-1.804378e+01,-1.997991e+01,1.239363e+01,-1.259444e+01,-1.075580e+01,1.595108e+01,-2.624122e+00,2.278278e+01,-1.816497e+01,-9.633182e+00,3.414929e-02,0,7.021311e-01,-5.754221e-04,5.417886e-01,1.728731e+00,1.088380e+00,1.590134e+00,-2.420912e+00,-9.613420e-01,-9.274153e-01,-2.738886e-02,1.365141e+00,-2.617187e-02,6.981640e-01,-1.758867e-01,8.159563e-04,-5.659785e+01,-1.365932e-02
2.452882e-03,-6.625777e-02,-7.469095e+00,-1.715936e+01,-1.913415e+01,9.941255e+00,-1.371989e+01,-1.095222e+01,1.559562e+01,-1.851929e+00,2.302744e+01,-1.652477e+01,-9.750487e+00,3.566032e-02,0,6.891804e-01,-5.933559e-04,8.398838e-01,1.941437e+00,1.250948e+00,1.865071e+00,-3.331975e+00,1.654835e-01,4.230823e-02,-1.649547e+00,3.674565e-01,-9.201546e-01,1.586421e+00,-5.361589e-01,1.813240e-04,-2.292971e+01,-6.069064e-02
1.673179e-03,1.034767e+00,-5.221969e+00,-1.611653e+01,-1.688059e+01,4.083172e+00,-1.333493e+01,-1.217464e+01,1.258119e+01,-2.506194e+00,2.290891e+01,-1.376776e+01,-1.023168e+01,3.535812e-02,0,6.644070e-01,-5.110423e-04,9.239973e-01,1.414177e+00,1.433299e+00,2.078299e+00,-3.344574e+00,1.633743e+00,8.921286e-01,-3.292428e+00,-8.912221e-02,-1.753775e+00,1.868026e+00,-1.223057e+00,-9.670593e-04,0,-1.217953e-01
1.246460e-03,2.565169e+00,-4.414173e+00,-1.402599e+01,-1.379061e+01,7.560909e-01,-1.072458e+01,-8.578115e+00,7.715773e+00,-2.576803e+00,1.846299e+01,-1.159677e+01,-1.187806e+01,3.324267e-02,0,4.351995e-01,-4.404593e-04,5.336905e-01,1.150648e+00,1.565648e+00,2.106975e+00,-1.877331e+00,3.042464e+00,1.411756e+00,-3.486061e+00,-2.581721e-01,-2.790497e+00,1.297189e+00,-1.683209e+00,-2.055002e-03,0,-1.822623e-01
8.848200e-04,2.764449e+00,-3.821109e+00,-1.244397e+01,-1.226018e+01,2.633411e-01,-5.923386e+00,-7.482213e+00,3.428862e+00,-2.707296e+00,1.629613e+01,-1.128884e+01,-1.468468e+01,3.052282e-02,0,2.201450e-01,-2.731237e-04,-1.343683e-01,9.517949e-01,1.101603e+00,1.698170e+00,1.776740e-01,2.912418e+00,8.721598e-01,-1.638489e+00,1.733915e-01,-2.741171e+00,3.793387e-01,-1.791717e+00,-2.478091e-03,0,-1.764013e-01
6.447654e-04,1.737353e+00,-2.416283e+00,-1.116740e+01,-1.090948e+01,2.464514e+00,-2.213347e+00,-6.239656e+00,2.741486e+00,-3.042239e+00,1.238134e+01,-1.127828e+01,-1.594004e+01,2.780296e-02,0,0,-1.554872e-04,-6.308368e-01,9.135095e-01,3.612328e-01,1.260656e+00,1.005437e+00,1.080584e+00,-1.000283e+00,4.822492e-01,3.777834e-01,-2.316288e+00,-8.795156e-02,-6.011618e-01,-1.994560e-03,0,-1.090544e-01
6.084082e-04,7.768334e-01,-1.461939e+00,-1.203781e+01,-9.830307e+00,4.117331e+00,-3.028457e+00,-8.983073e+00,6.875892e+00,-1.406519e+00,1.224387e+01,-1.203032e+01,-1.715928e+01,2.568752e-02,0,0,-5.695605e-05,-5.331451e-01,7.530690e-01,-1.416454e-02,1.325641e+00,4.562501e-01,-1.354032e+00,-2.242706e+00,1.649302e+00,-2.000757e-01,-2.052236e+00,-6.768847e-02,9.210286e-01,-1.239045e-03,0,-4.402900e-02
6.072301e-04,4.047929e-01,-1.026209e+00,-1.242291e+01,-8.702271e+00,3.856282e+00,-6.769121e+00,-1.282910e+01,8.403503e+00,-1.338275e+00,8.907681e+00,-1.166579e+01,-1.364657e+01,2.568752e-02,0,0,1.160585e-06,-1.615550e-01,2.732565e-01,1.583598e-01,1.742092e+00,-1.774195e+00,-2.751544e+00,-2.949195e+00,1.210174e+00,-1.703986e+00,-1.622292e+00,3.882504e-01,2.262291e+00,-9.368388e-04,0,0
6.188074e-04,7.650034e-01,-7.508008e-01,-1.188704e+01,-6.735582e+00,1.848708e+00,-1.041566e+01,-1.540102e+01,8.844363e+00,-4.559657e+00,7.771788e+00,-1.143353e+01,-1.122627e+01,2.538531e-02,0,0,4.472674e-05,1.619232e-01,-2.037264e-01,1.012745e+00,1.807003e+00,-3.603802e+00,-2.530633e+00,-2.200879e+00,5.610462e-01,-3.850864e+00,-1.565111e+00,1.203161e+00,2.846817e+00,-1.329707e-03,1.145029e+01,4.779747e-02
6.453688e-04,9.354933e-01,-1.405571e+00,-1.045099e+01,-3.746378e+00,-5.272147e+00,-1.227746e+01,-1.777666e+01,7.808118e+00,-9.985601e+00,6.505927e+00,-9.635426e+00,-7.595089e+00,2.326987e-02,0,0,9.824069e-05,2.139080e-01,-6.397254e-01,1.796624e+00,1.069709e+00,-4.259371e+00,-1.467299e+00,-8.996879e-01,9.164091e-01,-4.995460e+00,-7.887197e-01,1.666970e+00,2.070415e+00,-2.085222e-03,2.845928e+01,1.204256e-01
8.129726e-04,1.321099e+00,-2.290891e+00,-7.960045e+00,-3.273237e+00,-9.337468e+00,-1.292745e+01,-1.751369e+01,9.978816e+00,-1.633717e+01,5.619195e+00,-7.029695e+00,-5.950935e+00,2.024781e-02,5.725145e+01,2.389873e-01,1.458454e-04,1.422359e-01,-1.036239e+00,2.272785e+00,-2.914030e-01,-3.411147e+00,-7.305961e-01,5.648615e-01,1.121756e+00,-5.045945e+00,-4.057888e-01,1.986774e+00,1.262032e+00,-2.236325e-03,4.535009e+01,1.944145e-01
1.001351e-03,1.196285e+00,-3.454791e+00,-5.403286e+00,-5.084897e+00,-1.184749e+01,-1.284972e+01,-1.627121e+01,1.241832e+01,-2.042682e+01,6.040378e+00,-5.532864e+00,-5.932161e+00,1.783016e-02,1.136707e+02,4.826342e-01,1.619118e-04,2.959716e-03,-1.142367e+00,2.246303e+00,-1.091290e+00,-1.672193e+00,-7.662287e-01,1.528814e+00,9.070789e-01,-4.187517e+00,3.351937e-01,2.095528e+00,1.740764e-01,-1.722575e-03,4.517735e+01,1.971703e-01
1.170043e-03,1.345787e+00,-4.907385e+00,-3.046968e+00,-7.523338e+00,-1.191936e+01,-1.378251e+01,-1.332944e+01,1.214804e+01,-2.456877e+01,5.975618e+00,-3.550938e+00,-5.747574e+00,1.692354e-02,1.699151e+02,7.307554e-01,1.426888e-04,-2.747776e-01,-1.141418e+00,1.670600e+00,-8.345823e-01,-6.845848e-01,-1.167925e+00,1.427235e+00,3.008291e-01,-2.799951e+00,1.015526e+00,2.131791e+00,-1.172232e-01,-8.763978e-04,2.829963e+01,1.271203e-01
1.276392e-03,9.379479e-01,-5.809160e+00,-1.676014e+00,-7.077775e+00,-1.234217e+01,-1.568108e+01,-1.222471e+01,1.125890e+01,-2.680739e+01,8.003684e+00,-8.971655e-01,-6.826388e+00,1.631913e-02,1.695549e+02,7.399676e-01,1.036644e-04,-5.985215e-01,-9.762396e-01,5.915030e-01,-3.342748e-02,5.145884e-02,-1.127506e+00,6.269549e-01,3.570612e-01,-1.103292e+00,1.285424e+00,2.137446e+00,1.822924e-01,1.511028e-04,1.194535e+01,5.476581e-02
1.388896e-03,7.637978e-02,-6.820797e+00,-1.470683e+00,-6.449709e+00,-1.251305e+01,-1.735140e+01,-1.240076e+01,1.206267e+01,-2.714664e+01,9.715171e+00,1.311410e+00,-6.089938e+00,1.662134e-02,1.708075e+02,7.459220e-01,5.967549e-05,-8.910540e-01,-9.249258e-01,-6.733911e-01,5.655866e-01,2.393349e-01,-2.584303e-01,-4.811115e-01,1.070063e+00,1.355647e+00,9.705757e-01,1.421587e+00,3.602153e-01,1.087942e-03,1.480075e+00,6.636166e-03
1.410246e-03,-1.161619e+00,-7.379283e+00,-3.233913e+00,-5.788848e+00,-1.129335e+01,-1.670281e+01,-1.360077e+01,1.424631e+01,-2.465434e+01,1.059772e+01,2.723191e+00,-4.849517e+00,1.873678e-02,1.729512e+02,7.488799e-01,4.128306e-05,-8.748344e-01,-1.199917e+00,-1.706985e+00,4.303219e-01,6.186763e-01,1.030614e+00,-7.842010e-01,1.385611e+00,3.942768e+00,1.868519e-01,5.235995e-01,-9.763837e-02,2.206105e-03,2.093227e+00,6.943858e-03
1.401494e-03,-2.059700e+00,-8.746952e+00,-5.634974e+00,-5.339869e+00,-1.124709e+01,-1.456380e+01,-1.504697e+01,1.600465e+01,-1.886706e+01,9.531478e+00,1.746821e+00,-4.934933e+00,2.115443e-02,1.756173e+02,7.594801e-01,4.401710e-05,-4.595472e-01,-1.406173e+00,-2.351571e+00,1.157217e-01,8.867327e-01,1.797362e+00,-4.905190e-01,6.008080e-01,5.760453e+00,-6.373320e-02,-2.254369e-01,-1.406685e+00,2.931400e-03,2.175282e+00,8.486641e-03
1.476509e-03,-2.368185e+00,-1.084567e+01,-8.128791e+00,-5.481086e+00,-9.881764e+00,-1.192181e+01,-1.482261e+01,1.621597e+01,-1.123334e+01,9.029790e+00,1.503127e+00,-7.892082e+00,2.508311e-02,1.776161e+02,7.679079e-01,5.673499e-05,2.688130e-01,-1.240787e+00,-2.640462e+00,-3.217759e-01,1.023097e+00,1.721215e+00,1.407551e-01,-6.716813e-01,5.600246e+00,4.175840e-01,-7.086183e-01,-2.429155e+00,2.750076e-03,1.982423e+00,8.134562e-03
1.575851e-03,-1.618073e+00,-1.211847e+01,-1.078110e+01,-6.024982e+00,-8.785180e+00,-1.075509e+01,-1.424243e+01,1.408189e+01,-5.054883e+00,1.018047e+01,7.942578e-01,-1.160208e+01,2.810517e-02,1.793515e+02,7.788413e-01,5.439389e-07,7.834153e-01,-4.584470e-01,-2.571887e+00,-6.202809e-01,8.606895e-01,1.544856e+00,7.735245e-01,-2.123555e+00,3.051090e+00,1.136776e+00,-7.212104e-01,-2.202820e+00,1.903898e-03,-1.052034e+01,-4.633097e-02
1.606743e-03,-3.836695e-02,-1.189746e+01,-1.386316e+01,-7.055171e+00,-7.408818e+00,-1.000109e+01,-1.329926e+01,1.184929e+01,-3.559201e+00,1.236115e+01,-3.436183e-01,-1.366172e+01,2.901179e-02,1.809963e+02,7.798721e-01,-9.507911e-05,9.888002e-01,5.367852e-01,-2.088298e+00,-9.884985e-01,7.012454e-01,1.718528e+00,9.604393e-01,-3.312899e+00,-3.191164e-01,1.638982e+00,-7.777108e-01,-9.648813e-01,8.461768e-04,-1.642714e+01,-7.580476e-02
1.339096e-03,6.924677e-01,-1.051329e+01,-1.562722e+01,-7.654231e+00,-8.180119e+00,-7.799878e+00,-1.194102e+01,7.570217e+00,-7.448681e+00,1.354968e+01,-9.358587e-01,-1.306421e+01,2.870958e-02,1.213256e+02,5.218431e-01,-1.456683e-04,8.682748e-01,9.940542e-01,-1.374377e+00,-1.320183e+00,5.465888e-01,2.324941e+00,1.148926e+00,-3.552781e+00,-2.621520e+00,1.625334e+00,-3.053491e-01,4.740170e-01,4.230883e-04,-1.580664e+01,-8.241958e-02
1.119490e-03,1.420546e+00,-8.964332e+00,-1.614722e+01,-9.608954e+00,-6.678068e+00,-4.806774e+00,-1.117112e+01,2.907305e+00,-1.163202e+01,1.554009e+01,-1.520369e+00,-1.198542e+01,2.901179e-02,1.244934e+02,5.173832e-01,-7.101148e-05,7.812807e-01,8.153685e-01,-9.785671e-01,-1.714989e+00,5.660566e-01,2.471908e+00,1.013212e+00,-2.529117e+00,-2.406430e+00,1.520870e+00,4.863869e-01,1.075456e+00,5.137507e-04,3.095630e+00,-1.031374e-02
1.091136e-03,1.993844e+00,-8.614762e+00,-1.651095e+01,-1.134901e+01,-6.417611e+00,-1.727539e+00,-9.561874e+00,7.889711e-01,-1.412607e+01,1.671767e+01,-1.441122e-01,-1.007014e+01,3.022061e-02,1.285697e+02,4.979878e-01,2.600236e-05,6.148912e-01,2.499673e-01,-8.797798e-01,-1.684113e+00,4.281469e-01,1.802560e+00,7.550653e-01,-9.164923e-01,-9.768745e-01,1.053004e+00,1.243226e+00,1.165918e+00,6.044125e-04,8.483006e+00,1.445184e-02
1.375666e-03,3.217348e+00,-8.769882e+00,-1.831413e+01,-1.378273e+01,-5.459789e+00,-6.777179e-01,-9.422776e+00,2.594328e+00,-1.225266e+01,1.838150e+01,1.692443e+00,-9.781475e+00,3.082502e-02,1.928523e+02,7.402310e-01,1.637504e-05,1.900207e-01,-6.544276e-02,-7.081167e-01,-6.830837e-01,-1.475576e-01,7.730152e-01,4.160414e-01,2.851390e-01,2.383463e-01,1.347767e-01,9.517056e-01,8.324167e-01,9.066187e-04,-1.194301e+01,-5.655895e-02
1.341020e-03,2.868522e+00,-9.360680e+00,-1.894267e+01,-1.398791e+01,-6.648524e+00,-8.516030e-01,-9.039867e+00,3.144244e+00,-1.202274e+01,1.739400e+01,3.673864e+00,-8.336598e+00,3.082502e-02,1.295611e+02,4.826783e-01,-8.919220e-05,-2.713937e-01,-1.073977e-01,-4.312849e-01,3.251599e-01,-3.525882e-01,5.348191e-02,1.020794e-01,-1.240388e-02,1.197715e-01,-1.076738e+00,-1.400626e-01,4.650699e-01,1.148384e-03,-3.857091e+01,-1.493963e-01
1.076423e-03,1.933310e+00,-8.918587e+00,-1.847195e+01,-1.170492e+01,-7.300400e+00,-1.379666e+00,-9.351920e+00,3.155364e+00,-1.149196e+01,1.587581e+01,1.329170e+00,-8.690110e+00,3.324267e-02,6.428263e+01,2.422432e-01,-1.887214e-04,-6.077775e-01,5.812264e-03,3.594875e-02,8.725046e-01,-3.671610e-01,-3.630975e-01,1.556886e-01,-6.583351e-01,-1.572375e-01,-1.273399e+00,-1.089848e+00,-4.242535e-02,1.299486e-03,-5.152658e+01,-1.963140e-01
7.947960e-04,1.278895e+00,-9.077398e+00,-1.858847e+01,-1.076211e+01,-7.260246e+00,-1.109156e+00,-9.086905e+00,4.464335e-01,-1.390756e+01,1.258683e+01,-6.627887e-01,-8.290477e+00,3.475371e-02,0,0,-1.720626e-04,-5.071056e-01,-3.664837e-02,2.506758e-01,4.101486e-01,-1.539469e-01,-5.687839e-01,6.079019e-01,-8.423797e-01,1.968461e-01,-7.671438e-01,-9.170915e-01,-4.287669e-01,6.346327e-04,-3.234048e+01,-1.207600e-01
7.051712e-04,9.732742e-01,-8.882462e+00,-1.831149e+01,-1.103310e+01,-6.989733e+00,-2.364429e+00,-8.620814e+00,6.515574e-01,-1.209643e+01,1.441810e+01,-1.588468e+00,-1.001666e+01,3.535812e-02,0,0,-1.227094e-04,-3.638035e-01,-2.986803e-02,6.188377e-01,-2.312569e-01,-8.593650e-02,-7.793088e-01,1.174616e+00,-7.420018e-01,6.812150e-01,-1.977876e-01,-2.065267e-01,-4.168114e-01,-3.626473e-04,-1.285653e+01,-4.844864e-02
6.663333e-04,8.130118e-01,-9.561984e+00,-1.776952e+01,-1.227308e+01,-7.573592e+00,-3.203141e+00,-6.365911e+00,1.842489e-01,-1.073627e+01,1.428714e+01,5.472254e-01,-9.817157e+00,3.294047e-02,0,0,-8.771117e-05,-2.863696e-01,9.176941e-02,8.861449e-01,-6.938715e-02,-3.036392e-01,-7.111832e-01,1.214390e+00,-6.123570e-01,1.103385e+00,-3.311831e-01,2.772081e-03,-2.206826e-01,-7.857360e-04,0,0
5.271072e-04,3.472346e-01,-8.825634e+00,-1.578724e+01,-1.210572e+01,-7.573410e+00,-4.229218e+00,-4.839338e+00,-4.235524e-01,-9.671531e+00,1.403672e+01,-3.084703e-01,-1.001083e+01,3.233606e-02,0,0,-8.935430e-05,-3.696009e-01,3.371413e-01,9.638566e-01,4.502761e-01,-1.442436e-01,-1.852661e-01,9.027233e-01,-1.236974e+00,6.091303e-01,-1.057998e+00,-2.813180e-01,1.467360e-01,-5.439710e-04,0,0
4.452721e-04,1.600670e-01,-8.646965e+00,-1.541987e+01,-1.057274e+01,-8.486604e+00,-3.732677e+00,-4.905693e+00,-2.077796e+00,-9.603086e+00,1.112160e+01,-1.288927e+00,-9.396808e+00,3.233606e-02,0,0,-8.702175e-05,-4.764174e-01,5.726425e-01,8.734102e-01,1.077336e+00,-1.258144e-01,-3.500104e-02,3.347402e-01,-1.087421e+00,9.338185e-01,-4.077338e-01,-8.003389e-01,-1.934601e-01,3.022056e-04,0,0
3.689303e-04,-5.482579e-01,-7.654264e+00,-1.466703e+01,-9.631893e+00,-7.254445e+00,-3.025991e+00,-4.837306e+00,-4.402291e+00,-9.617373e+00,1.071087e+01,-2.076982e+00,-9.493157e+00,3.294047e-02,0,0,-6.505026e-05,-6.336480e-01,5.003477e-01,5.895362e-01,9.137756e-01,1.651587e-01,1.430658e-01,3.225387e-01,-2.869362e-01,1.942096e+00,7.504534e-01,-2.987343e-01,-4.810316e-01,4.835293e-04,0,0
3.103130e-04,-1.121329e+00,-7.284456e+00,-1.396257e+01,-8.123310e+00,-8.362146e+00,-3.979759e+00,-4.693226e+00,-3.263489e+00,-6.094253e+00,1.391139e+01,-2.570214e+00,-1.104329e+01,3.414929e-02,0,0,-4.126172e-05,-6.526271e-01,4.927786e-01,4.471906e-01,4.069466e-01,5.395741e-02,-2.166472e-01,4.595755e-01,1.001222e+00,3.161325e+00,2.053935e+00,4.234832e-01,-7.927508e-01,4.533093e-04,0,0
2.693354e-04,-2.180308e+00,-7.005150e+00,-1.356821e+01,-8.761559e+00,-6.809845e+00,-3.390348e+00,-3.332878e+00,-1.265387e+00,-1.715466e+00,1.639409e+01,-1.161499e+00,-1.159274e+01,3.384709e-02,0,0,-2.070618e-05,-4.943461e-01,3.300437e-01,2.058174e-01,3.705215e-03,-1.345796e-01,-3.183966e-01,3.168497e-01,1.267663e+00,2.882028e+00,1.504128e+00,1.381283e+00,-5.313486e-01,-6.044119e-04,0,0
2.887610e-04,-2.287044e+00,-6.507629e+00,-1.373333e+01,-8.973171e+00,-8.439116e+00,-4.633735e+00,-3.360030e+00,1.359861e+00,2.252584e+00,1.854967e+01,3.707472e-01,-1.231077e+01,3.414929e-02,0,0,-5.512789e-06,-1.262012e-01,3.637249e-01,2.177281e-01,-1.891195e-01,-1.265486e-01,-7.018434e-01,-3.798611e-01,3.005905e-01,9.658066e-01,2.021157e-01,1.654484e+00,-7.384062e-02,-1.783016e-03,0,0
2.761754e-04,-2.437131e+00,-6.392459e+00,-1.375256e+01,-9.188437e+00,-7.888857e+00,-4.290987e+00,-3.919656e+00,-3.756493e-01,6.193495e-01,1.591237e+01,3.358952e+00,-1.151616e+01,2.991840e-02,0,0,-3.307650e-06,2.289969e-01,3.392741e-01,3.971321e-01,2.002399e-01,-4.162836e-02,-1.035964e+00,-1.401397e+00,-1.206347e+00,-1.421368e+00,-1.430631e+00,1.129499e+00,7.308071e-01,-2.810518e-03,0,0
2.793291e-04,-1.623924e+00,-5.772177e+00,-1.278175e+01,-8.855469e+00,-8.455383e+00,-7.038657e+00,-6.299142e+00,-2.205405e+00,-2.432628e+00,1.516283e+01,3.441982e+00,-1.145079e+01,2.719855e-02,0,0,-9.643892e-06,2.840352e-01,3.736016e-01,5.674747e-01,3.487667e-01,1.335196e-01,-1.237434e+00,-1.855125e+00,-2.122630e+00,-2.686037e+00,-2.609307e+00,8.888888e-02,1.696133e+00,-3.203385e-03,0,0
2.575131e-04,-1.366883e+00,-5.676506e+00,-1.205833e+01,-7.819211e+00,-7.009853e+00,-7.367708e+00,-8.870307e+00,-5.514490e+00,-6.479702e+00,1.093435e+01,2.950381e+00,-8.368699e+00,2.326987e-02,0,0,-1.023894e-05,1.952334e-01,5.739696e-01,4.181734e-01,3.774594e-01,-1.041679e-02,-1.170768e+00,-2.017459e+00,-1.898728e+00,-1.978290e+00,-2.749620e+00,-8.329712e-01,2.162561e+00,-2.326987e-03,0,0
2.498727e-04,-1.401991e+00,-4.997598e+00,-1.174307e+01,-7.913950e+00,-8.211020e+00,-9.282542e+00,-1.016033e+01,-6.683869e+00,-7.628072e+00,7.992146e+00,1.019477e+00,-5.403835e+00,2.145663e-02,0,0,-8.548473e-06,4.725055e-02,5.653655e-01,-9.171028e-02,1.631987e-01,-2.537120e-01,-5.845906e-01,-1.395815e+00,-1.094358e+00,-3.415199e-01,-2.125712e+00,-1.330746e+00,1.441275e+00,-9.368388e-04,0,0
2.397089e-04,-1.571930e+00,-3.909901e+00,-1.218103e+01,-7.771899e+00,-8.063123e+00,-9.022885e+00,-1.207636e+01,-7.630058e+00,-6.674377e+00,5.749610e+00,4.053478e-01,-3.726831e+00,2.115443e-02,0,0,-1.741058e-06,6.415582e-02,3.860639e-01,-5.976864e-01,-2.799096e-02,-3.952791e-01,-4.014845e-01,-7.106468e-01,1.886368e-04,1.474118e+00,-2.464042e-01,-1.036694e+00,1.621738e-02,1.118163e-03,0,0
2.454888e-04,-1.285148e+00,-3.828652e+00,-1.317896e+01,-8.063131e+00,-9.197309e+00,-9.134021e+00,-1.167519e+01,-6.619413e+00,-4.042890e+00,7.126637e+00,-1.939234e+00,-6.565343e+00,2.357208e-02,0,0,-5.541020e-07,-1.103569e-02,-5.445933e-03,-8.369039e-01,4.201350e-02,-1.100684e-01,6.492271e-02,5.642846e-01,6.889354e-01,1.742813e+00,7.344857e-01,-5.299211e-01,-1.035053e+00,2.175884e-03,0,0
2.509997e-04,-1.104526e+00,-4.330659e+00,-1.432882e+01,-7.884575e+00,-8.493105e+00,-9.449391e+00,-1.166611e+01,-5.545774e+00,-9.017017e-01,1.013509e+01,-7.537341e-01,-7.706858e+00,2.780296e-02,0,0,-4.322991e-06,-3.376075e-01,-1.501235e-01,-6.803958e-01,6.663189e-02,4.639559e-01,-8.879471e-03,1.708112e+00,1.291833e+00,9.709833e-01,1.068986e+00,2.245688e-01,-7.080737e-01,2.115442e-03,0,0
2.414567e-04,-1.690872e+00,-4.814449e+00,-1.485369e+01,-7.647545e+00,-8.546371e+00,-8.744676e+00,-7.544032e+00,-4.281334e+00,-1.800346e+00,9.471836e+00,-1.050588e+00,-8.589089e+00,2.901179e-02,0,0,-1.063922e-05,-8.856535e-01,3.327989e-03,-1.954222e-01,-3.265710e-02,1.268967e+00,-9.060755e-02,2.049417e+00,1.746663e+00,-1.867415e-01,3.812541e-01,6.653637e-01,6.904722e-01,9.066177e-04,0,0
2.201100e-04,-3.057105e+00,-4.167620e+00,-1.474564e+01,-7.646533e+00,-6.068812e+00,-9.261955e+00,-5.601379e+00,-2.339932e+00,-2.940733e+00,9.921941e+00,1.083869e+00,-6.255327e+00,2.901179e-02,0,0,-8.458053e-06,-1.221069e+00,7.133987e-02,3.285515e-01,1.152465e-01,1.401029e+00,-3.605731e-01,1.888633e+00,2.336588e+00,-9.293815e-01,6.203804e-02,3.421923e-01,1.673043e+00,3.022086e-05,0,0
2.077376e-04,-4.737125e+00,-3.893532e+00,-1.394766e+01,-8.345438e+00,-4.064621e+00,-9.680777e+00,-4.460474e+00,5.109816e-01,-3.957082e+00,9.139481e+00,4.687832e-01,-3.838748e+00,2.750075e-02,0,0,1.803400e-05,-1.121514e+00,-3.269100e-01,5.900189e-01,3.087034e-01,7.002395e-01,-9.511135e-01,1.350058e+00,2.952045e+00,-1.075929e+00,-4.566526e-01,-2.532223e-01,1.677197e+00,-3.022049e-05,0,0
2.255690e-04,-5.686742e+00,-4.434418e+00,-1.313908e+01,-6.959396e+00,-3.728836e+00,-1.078421e+01,-3.764726e+00,3.741008e+00,-4.470241e+00,1.061145e+01,1.975420e-01,-1.716812e+00,2.870958e-02,0,0,7.679817e-05,-5.469921e-01,-9.250024e-01,7.375243e-01,6.308339e-01,-8.252939e-01,-1.202023e+00,1.369571e+00,3.362092e+00,-1.421684e+00,-1.111166e+00,-1.210075e+00,7.999053e-01,4.533095e-04,0,0
3.288972e-04,-5.983624e+00,-6.315600e+00,-1.270688e+01,-6.447596e+00,-6.215162e+00,-1.273912e+01,-1.712067e+00,7.438421e+00,-6.415239e+00,6.843816e+00,-1.873536e+00,-2.472360e+00,2.901179e-02,0,0,1.283887e-04,1.710062e-01,-1.198812e+00,7.135512e-01,6.214787e-01,-2.109054e+00,-1.549301e+00,1.213306e+00,3.781145e+00,-1.696480e+00,-1.736136e+00,-1.889124e+00,-1.227197e-01,1.087943e-03,0,0
5.435210e-04,-5.168817e+00,-7.581598e+00,-1.167841e+01,-5.441284e+00,-9.120011e+00,-1.374290e+01,-1.277271e-01,1.100681e+01,-8.820072e+00,5.513944e+00,-3.795346e+00,-2.938994e+00,3.052282e-02,0,0,2.117512e-04,6.998355e-01,-1.170060e+00,1.711163e-01,4.862869e-01,-2.803687e+00,-1.512252e+00,7.094522e-01,3.629462e+00,-1.587786e+00,-1.206847e+00,-2.379085e+00,-2.183977e-01,1.329707e-03,0,4.780786e-02
6.907049e-04,-4.141057e+00,-8.314000e+00,-1.111024e+01,-5.997100e+00,-1.191430e+01,-1.594794e+01,-2.124459e-01,1.578381e+01,-1.026457e+01,3.007554e+00,-6.980391e+00,-3.841255e+00,3.203385e-02,0,0,2.523939e-04,9.468575e-01,-7.678641e-01,-7.569025e-01,5.077544e-01,-2.343078e+00,-8.940290e-01,-5.196161e-01,2.956461e+00,-7.882737e-01,4.183674e-02,-2.524130e+00,-4.097931e-02,9.972805e-04,0,1.150850e-01
1.103421e-03,-3.108848e+00,-9.285520e+00,-1.308182e+01,-4.753209e+00,-1.489770e+01,-1.674106e+01,-9.672754e-01,1.771562e+01,-1.048451e+01,6.495352e+00,-9.144456e+00,-2.124353e+00,3.384708e-02,0,2.390393e-01,2.744507e-04,9.684479e-01,-5.748647e-01,-2.009746e+00,2.362294e-01,-9.999954e-01,-5.283871e-02,-1.879718e+00,1.482595e+00,5.036101e-01,7.749212e-01,-2.209537e+00,-7.500724e-02,-3.022067e-05,0,1.817624e-01
1.310917e-03,-2.279321e+00,-9.302959e+00,-1.578968e+01,-4.252861e+00,-1.504171e+01,-1.571018e+01,-3.890373e+00,1.886632e+01,-9.524391e+00,6.562296e+00,-1.181963e+01,-3.084578e+00,3.233606e-02,0,4.559051e-01,2.042851e-04,1.047980e+00,-3.093998e-01,-2.417387e+00,-3.459195e-01,1.047476e+00,1.042303e+00,-2.973672e+00,-3.482237e-01,1.867461e+00,1.015701e+00,-1.177147e+00,-7.387232e-01,-7.252948e-04,0,1.802313e-01
1.605669e-03,-1.257445e+00,-9.961442e+00,-1.938742e+01,-5.132257e+00,-1.255629e+01,-1.412597e+01,-7.687354e+00,1.687853e+01,-6.672110e+00,7.611179e+00,-1.242341e+01,-3.692369e+00,3.022061e-02,0,6.808593e-01,2.272152e-05,1.212538e+00,3.127088e-01,-1.400653e+00,-1.119672e+00,2.833373e+00,1.894926e+00,-2.785985e+00,-2.025642e+00,2.518092e+00,8.147123e-01,3.536078e-01,-1.428299e+00,-3.928678e-04,0,6.730242e-02
1.461006e-03,1.731417e-01,-9.523038e+00,-2.004438e+01,-7.537174e+00,-7.847633e+00,-1.204397e+01,-1.172077e+01,1.446124e+01,-2.833459e+00,7.528144e+00,-1.122665e+01,-6.750863e+00,3.022061e-02,0,6.802465e-01,-1.589812e-04,1.299522e+00,1.297978e+00,7.823704e-01,-6.882531e-01,2.857747e+00,1.784578e+00,-1.168556e+00,-2.873052e+00,1.964340e+00,6.761853e-01,1.440713e+00,-1.380596e+00,8.763975e-04,0,-6.524358e-02
1.141984e-03,1.727613e+00,-7.611937e+00,-1.795774e+01,-8.709414e+00,-4.327874e+00,-9.099532e+00,-1.098201e+01,9.789958e+00,-1.239514e+00,1.008599e+01,-7.672908e+00,-7.432703e+00,3.294047e-02,0,4.633807e-01,-3.125392e-04,9.530765e-01,2.199435e+00,3.032531e+00,5.550579e-01,1.888959e+00,1.385772e+00,8.368815e-01,-2.765541e+00,5.582601e-01,-5.367020e-01,1.400140e+00,-8.608751e-01,9.368388e-04,0,-1.803539e-01
7.478531e-04,2.725759e+00,-3.987824e+00,-1.259267e+01,-5.905548e+00,-4.867182e+00,-9.300509e+00,-8.085828e+00,8.045344e+00,-2.418991e+00,8.705817e+00,-6.991315e+00,-8.117391e+00,3.535812e-02,0,2.384265e-01,-3.011138e-04,3.412417e-01,2.234933e+00,3.929530e+00,2.074452e+00,2.971441e-01,4.729872e-01,2.124316e+00,-1.747112e+00,-2.026214e-01,-2.110497e+00,2.462822e-01,-4.794803e-01,-2.417654e-04,0,-1.823874e-01
3.995490e-04,2.231629e+00,-1.731873e+00,-7.950615e+00,-3.172780e+00,-4.601718e+00,-8.568835e+00,-5.320416e+00,6.258768e+00,-4.088044e+00,4.338833e+00,-7.540376e+00,-7.313481e+00,3.233605e-02,0,0,-2.137885e-04,-4.693302e-01,9.047095e-01,2.933042e+00,2.255542e+00,-5.202844e-01,9.255151e-02,1.973316e+00,-4.026404e-01,7.433506e-01,-2.507547e+00,-2.210318e-01,-1.340792e-01,-1.934120e-03,0,-1.165188e-01
3.266551e-04,1.627342e+00,-1.288404e+00,-5.400296e+00,6.676946e-02,-6.224990e+00,-9.944380e+00,-3.929983e+00,7.491272e+00,-2.422301e+00,-1.507596e-01,-1.006150e+01,-9.207875e+00,2.931399e-02,0,0,-1.037912e-04,-9.502618e-01,-5.471303e-01,7.933238e-01,1.067689e+00,-8.128479e-01,-5.613136e-03,1.373316e+00,3.590289e-01,2.534837e+00,-4.437945e-01,2.034477e-01,5.722998e-01,-2.175884e-03,0,-4.768530e-02
2.836403e-04,-6.982914e-02,-4.438099e+00,-6.888721e+00,-4.178605e-01,-6.250391e+00,-8.314839e+00,-3.193346e+00,8.053792e+00,2.478894e+00,1.976543e+00,-7.242973e+00,-7.557857e+00,2.629193e-02,0,0,-2.872646e-05,-1.084274e+00,-1.555119e+00,-1.329193e+00,-3.116050e-01,-9.378843e-01,-4.930097e-01,9.044541e-01,7.267434e-01,3.429045e+00,2.464377e+00,1.037267e+00,1.545855e+00,-6.044118e-04,0,0
2.868515e-04,-8.748208e-01,-5.370363e+00,-9.156998e+00,-1.944561e+00,-8.107085e+00,-9.455573e+00,-2.282784e+00,8.942977e+00,6.971723e+00,7.667989e+00,-6.122778e+00,-5.133703e+00,2.750076e-02,0,0,-1.442507e-05,-9.337835e-01,-1.429696e+00,-2.268745e+00,-1.269374e+00,-1.043740e+00,-7.408296e-01,4.495564e-01,-1.193988e-01,2.136299e+00,3.423378e+00,1.511250e+00,2.144302e+00,1.662134e-03,0,0
2.758185e-04,-1.938657e+00,-7.466486e+00,-1.271823e+01,-3.725140e+00,-8.350092e+00,-1.127829e+01,-1.621745e+00,9.166633e+00,8.360170e+00,1.275134e+01,-4.323406e+00,-1.621290e+00,3.022061e-02,0,0,-3.145949e-06,-5.904850e-01,-1.572761e-02,-1.669480e+00,-7.400822e-01,-7.494506e-01,-4.568924e-01,1.332797e-01,-7.356519e-01,-5.633609e-01,1.554324e+00,1.193156e+00,8.443184e-01,3.596253e-03,0,0
2.584406e-04,-2.107162e+00,-6.922689e+00,-1.382927e+01,-4.626460e+00,-1.039384e+01,-1.216680e+01,-2.468002e+00,6.337858e+00,5.318554e+00,1.157873e+01,-3.965035e+00,-1.454647e+00,3.566032e-02,0,0,1.163469e-05,-1.019818e-01,1.679341e+00,-4.097420e-01,-8.701003e-02,-3.814889e-01,9.711760e-01,-1.763558e-01,-1.338569e+00,-2.655612e+00,-1.732498e+00,7.333895e-01,-7.266871e-01,3.656694e-03,0,0
2.821160e-04,-2.406084e+00,-3.740574e+00,-1.289998e+01,-2.777323e+00,-8.854268e+00,-9.243686e+00,-2.434339e+00,5.678092e+00,4.886742e-01,7.792791e+00,-2.356062e+00,-5.175793e+00,4.019341e-02,0,0,5.096987e-05,6.777558e-01,3.018422e+00,6.059084e-01,-3.634187e-01,-1.159390e-01,2.303361e+00,4.837294e-02,-8.620548e-01,-3.332049e+00,-3.910825e+00,-1.098843e-01,-1.447501e+00,1.299486e-03,0,0
3.418762e-04,-1.151016e+00,1.163384e+00,-1.111483e+01,-2.853520e+00,-9.762442e+00,-5.616993e+00,-2.758267e+00,3.994403e+00,-2.370588e+00,1.484776e+00,-3.439502e+00,-6.989887e+00,4.079783e-02,0,0,1.199737e-04,1.309744e+00,2.738693e+00,6.355674e-01,-2.409196e+00,4.067421e-04,2.977430e+00,1.724456e-01,-9.860992e-04,-2.764907e+00,-3.479852e+00,-2.839939e-01,-1.878841e-01,-2.055002e-03,1.071092e+01,5.028149e-02
4.889501e-04,9.720492e-01,3.582586e+00,-1.104591e+01,-6.428703e+00,-9.245485e+00,-3.036389e+00,-1.234748e+00,6.028086e+00,-4.455502e+00,-1.755810e+00,-5.135593e+00,-6.091177e+00,3.414929e-02,0,0,2.673115e-04,1.335717e+00,1.028791e+00,-7.670756e-02,-5.132075e+00,-1.178810e-01,2.998993e+00,-5.857348e-01,6.256676e-01,-2.611309e+00,-9.972102e-01,2.880041e-01,1.477339e+00,-4.321548e-03,2.548569e+01,1.237331e-01
7.548922e-04,2.752489e+00,3.109193e+00,-1.157847e+01,-1.484675e+01,-1.019620e+01,-3.833043e-01,-2.205569e+00,6.157930e+00,-6.033895e+00,-1.046230e+00,-3.995239e+00,-1.936376e+00,2.840737e-02,5.355458e+01,2.514074e-01,4.798769e-04,6.263350e-01,-7.967395e-01,-7.799658e-01,-6.104871e+00,6.488053e-01,3.226939e+00,-1.999531e+00,1.070310e+00,-2.885447e+00,2.442123e+00,1.620111e+00,1.662316e+00,-3.838018e-03,3.998470e+01,1.966644e-01
1.412165e-03,2.320748e+00,4.304762e-01,-1.305170e+01,-2.244108e+01,-9.226796e+00,3.134435e+00,-5.639362e+00,7.724667e+00,-1.073622e+01,4.072243e+00,-6.381738e-01,-3.158524e-01,2.478090e-02,1.006512e+02,4.929616e-01,6.626413e-04,-5.720381e-02,-2.186200e+00,-9.182720e-01,-4.544266e+00,1.324616e+00,2.887658e+00,-3.470092e+00,5.327107e-01,-2.774691e+00,4.918457e+00,2.280865e+00,3.074658e-01,-1.662134e-03,3.801592e+01,1.952977e-01
2.279653e-03,1.306309e+00,-1.244258e+00,-1.401176e+01,-2.537168e+01,-6.527760e+00,7.432293e+00,-1.055361e+01,8.497661e+00,-1.365747e+01,1.078136e+01,2.412340e+00,-1.565971e+00,2.629193e-02,1.495979e+02,7.368410e-01,6.441533e-04,-3.008576e-01,-2.794293e+00,-3.108348e-01,-1.104263e+00,2.199503e+00,9.773060e-01,-3.754157e+00,-1.566638e-01,-1.298498e+00,5.594098e+00,1.686689e+00,-1.541863e+00,2.115440e-04,2.137296e+01,1.203647e-01
3.039776e-03,1.409120e+00,-5.171688e+00,-1.442062e+01,-2.388757e+01,-4.456625e+00,7.494104e+00,-1.441119e+01,7.521774e+00,-1.451717e+01,1.692268e+01,3.064941e+00,-4.739050e+00,2.689634e-02,1.420579e+02,7.337717e-01,3.665594e-04,4.647927e-02,-2.762812e+00,8.442212e-01,2.571639e+00,2.185162e+00,-2.039113e+00,-3.080636e+00,-9.728069e-01,1.128941e+00,3.983763e+00,5.565204e-01,-2.163532e+00,8.763982e-04,-2.964568e+00,4.303865e-02
3.161854e-03,1.704015e+00,-8.061189e+00,-1.244818e+01,-1.964482e+01,-1.583768e+00,2.323391e+00,-1.659044e+01,5.476058e+00,-1.063591e+01,2.049904e+01,2.586649e+00,-7.434091e+00,2.840737e-02,1.397160e+02,7.328258e-01,-7.604917e-05,3.163586e-02,-1.569344e+00,1.833695e+00,4.906608e+00,1.804053e+00,-3.977599e+00,-1.863955e+00,-9.728630e-01,3.105649e+00,5.506639e-01,-5.590878e-02,-1.491729e+00,4.835304e-04,-2.609752e+01,-1.748055e-02
2.803862e-03,2.354292e+00,-9.975118e+00,-9.612383e+00,-1.244632e+01,-7.729813e-01,-4.506678e+00,-1.802413e+01,4.371434e+00,-6.602289e+00,1.913222e+01,2.057274e+00,-8.199450e+00,2.810517e-02,9.076926e+01,7.101624e-01,-4.621549e-04,-1.257418e-01,4.991544e-01,2.347103e+00,5.112527e+00,1.159174e+00,-2.700317e+00,-1.017282e-01,-4.553751e-01,3.699923e+00,-2.474789e+00,3.973150e-03,-5.575055e-01,-3.928673e-04,-3.790772e+01,-6.978568e-02
2.017364e-03,9.919026e-01,-6.689262e+00,-7.247406e+00,-6.559263e+00,6.506854e-01,-6.455308e+00,-1.806692e+01,5.208516e+00,-2.086667e+00,1.242991e+01,2.636630e+00,-7.294418e+00,2.810517e-02,4.475463e+01,6.612430e-01,-6.263595e-04,-5.698512e-01,2.308039e+00,1.759523e+00,3.746644e+00,3.280894e-01,7.370005e-01,1.668476e+00,-3.960370e-01,2.740964e+00,-3.607505e+00,1.431915e-01,-1.588528e-01,3.626471e-04,-3.702013e+01,-1.356342e-01
1.301246e-03,1.136467e+00,-3.361879e+00,-5.285494e+00,-4.867712e+00,2.220200e-01,-1.618129e+00,-1.418159e+01,5.378670e+00,-2.921759e-01,8.583295e+00,3.059817e+00,-7.596414e+00,2.508311e-02,0,4.206347e-01,-5.201407e-04,-1.232137e+00,2.841221e+00,2.267062e-01,1.422534e+00,-5.930055e-01,3.008113e+00,2.813348e+00,-8.952034e-01,1.483306e+00,-1.913605e+00,7.815118e-02,-3.384239e-01,3.445149e-03,-2.262932e+01,-1.542627e-01
7.813642e-04,-5.363292e-01,1.723865e-01,-5.814013e+00,-4.700904e+00,-4.408214e-01,4.564119e+00,-1.016933e+01,2.992254e+00,-8.614460e-02,7.735980e+00,2.801336e+00,-8.529873e+00,3.173164e-02,0,1.994187e-01,-2.175392e-04,-2.130388e+00,2.241136e+00,-1.581353e+00,6.391200e-01,-1.356331e+00,2.311224e+00,2.554312e+00,-1.478060e+00,8.640425e-01,3.008721e-01,2.381876e-01,2.027001e-02,9.035962e-03,-8.950927e+00,-8.412482e-02
8.211585e-04,-3.042277e+00,8.001644e-01,-9.195548e+00,-6.262827e+00,-3.192255e+00,5.024171e+00,-7.906184e+00,1.003548e+00,-1.860180e-01,1.191116e+01,2.365677e+00,-9.273842e+00,4.351768e-02,0,1.697608e-01,5.588933e-05,-2.940292e+00,1.753214e+00,-2.508561e+00,8.978044e-01,-1.255956e+00,-4.911512e-01,1.367062e+00,-1.660846e+00,1.302938e+00,1.341267e+00,9.346005e-01,7.623176e-01,1.211846e-02,0,4.302346e-02
1.169712e-03,-7.570665e+00,2.435395e+00,-1.319914e+01,-2.666105e+00,-4.423832e+00,1.779660e+00,-8.433063e+00,5.776564e-03,2.180466e+00,1.227034e+01,4.174638e+00,-6.354354e+00,6.406769e-02,0,3.660558e-01,1.596468e-04,-2.397945e+00,1.218718e+00,-1.784233e+00,1.799270e+00,-4.569480e-01,-2.735089e+00,1.490216e-02,-1.435909e+00,1.753217e+00,3.144967e-01,1.379353e+00,1.605307e+00,9.066183e-03,0,7.491805e-02
1.386519e-03,-1.004782e+01,4.272688e+00,-1.413573e+01,-1.396089e+00,-4.066254e+00,-2.681655e+00,-8.214413e+00,-1.432320e+00,5.089207e+00,1.302245e+01,7.046168e+00,-4.872585e+00,6.950741e-02,0,5.524335e-01,6.876905e-05,-8.359565e-01,4.013966e-01,1.577726e-01,1.971414e+00,3.815770e-01,-3.366247e+00,-9.452561e-01,-1.066303e+00,7.429379e-01,-1.696576e+00,9.550295e-01,1.942901e+00,6.044127e-04,0,4.646585e-02
1.296918e-03,-9.023280e+00,4.529716e+00,-1.226509e+01,1.862075e+00,-2.288562e+00,-5.258413e+00,-9.940706e+00,-2.969358e+00,6.042325e+00,8.752818e+00,7.357853e+00,-2.703966e+00,6.406769e-02,0,3.826727e-01,7.508439e-06,1.008840e+00,-1.363794e+00,2.182864e+00,5.229645e-01,6.142191e-01,-3.113656e+00,-2.026945e+00,2.657704e-01,-1.725277e+00,-2.809813e+00,-5.722108e-01,2.112344e+00,-8.340888e-03,0,-2.860820e-03
1.101401e-03,-6.495752e+00,1.759987e+00,-8.873713e+00,1.330151e+00,-2.352005e+00,-8.288028e+00,-1.187864e+01,-2.840401e+00,1.597742e+00,5.187042e+00,5.549217e+00,-1.384533e+00,4.653974e-02,0,3.937817e-01,1.399595e-04,1.618272e+00,-3.039336e+00,3.164171e+00,-1.089375e+00,3.151527e-01,-2.616117e+00,-2.934737e+00,2.686640e+00,-3.925159e+00,-2.038495e+00,-2.041372e+00,2.122424e+00,-1.130251e-02,0,2.367629e-02
1.349813e-03,-4.302500e+00,-3.127224e+00,-4.915834e+00,-1.414402e+00,-2.209861e+00,-1.098544e+01,-1.673567e+01,2.038669e+00,-4.700188e+00,2.138982e+00,2.062060e+00,2.463341e+00,3.384708e-02,0,4.310776e-01,4.473866e-04,1.164114e+00,-3.653948e+00,2.719004e+00,-2.680098e+00,1.030043e-01,-2.317955e+00,-3.190907e+00,5.040488e+00,-4.053334e+00,5.455794e-01,-2.578669e+00,1.384719e+00,-8.915080e-03,0,8.505143e-02
2.059869e-03,-4.316853e+00,-7.095522e+00,-1.989504e+00,-5.204725e+00,-2.529841e+00,-1.289873e+01,-1.949061e+01,9.496865e+00,-9.165335e+00,6.136892e+00,-5.127947e-01,3.155883e+00,2.810517e-02,0,6.466125e-01,7.447376e-04,4.767187e-01,-3.138861e+00,1.213621e+00,-2.742216e+00,1.115679e-01,-1.685224e+00,-2.447818e+00,6.215135e+00,-1.902732e+00,3.049663e+00,-2.308963e+00,5.674007e-02,-3.414929e-03,0,8.557604e-02
3.054617e-03,-4.292160e+00,-9.312270e+00,-2.112171e+00,-8.270978e+00,-1.684622e+00,-1.454284e+01,-2.208926e+01,1.606445e+01,-8.842807e+00,1.100579e+01,-2.504485e+00,1.949421e+00,2.870958e-02,0,6.815144e-01,8.192181e-04,3.135570e-01,-2.178640e+00,-3.453844e-01,-1.644423e+00,-1.249718e-01,-8.268339e-01,-1.071872e+00,5.503388e+00,4.746881e-01,4.325672e+00,-1.469730e+00,-1.513781e+00,5.137509e-04,0,6.129977e-02
3.972687e-03,-4.117329e+00,-1.084180e+01,-4.207438e+00,-8.952643e+00,-2.056785e+00,-1.493545e+01,-2.144094e+01,2.122238e+01,-5.844606e+00,1.600195e+01,-3.712323e+00,-8.438725e-01,3.203385e-02,0,6.964435e-01,6.593828e-04,6.489993e-01,-1.426412e+00,-1.405232e+00,-8.301544e-02,-8.297462e-01,3.120359e-01,-3.661375e-01,3.592060e+00,1.668170e+00,3.786790e+00,-6.638363e-01,-2.305101e+00,2.085222e-03,0,1.430171e-02
4.489494e-03,-2.834477e+00,-1.214729e+01,-5.533789e+00,-7.762556e+00,-3.071248e+00,-1.410124e+01,-2.111987e+01,2.369285e+01,-3.987112e+00,1.883481e+01,-3.686827e+00,-3.105684e+00,3.445150e-02,0,7.126610e-01,3.612501e-04,9.434788e-01,-9.396254e-01,-1.526279e+00,1.346189e+00,-1.575118e+00,1.133546e+00,-7.973023e-02,1.030731e+00,1.657353e+00,2.592238e+00,7.304289e-02,-2.330891e+00,1.752796e-03,0,2.567458e-03
4.639344e-03,-1.800697e+00,-1.281007e+01,-7.304857e+00,-5.874013e+00,-5.985260e+00,-1.155935e+01,-2.180599e+01,2.364297e+01,-3.252334e+00,2.115633e+01,-3.240806e+00,-5.842070e+00,3.566032e-02,0,7.025477e-01,7.523722e-05,1.054853e+00,-4.182721e-01,-1.255629e+00,2.107791e+00,-1.760718e+00,1.239404e+00,-2.093716e-01,-1.428251e+00,1.429843e+00,1.157510e+00,5.566878e-01,-1.432486e+00,6.648541e-04,0,-3.056002e-03
4.527539e-03,-7.330821e-01,-1.302626e+01,-8.194859e+00,-3.079346e+00,-7.595975e+00,-1.056316e+01,-2.230538e+01,2.000781e+01,-1.852177e+00,2.138979e+01,-2.375030e+00,-7.205937e+00,3.566032e-02,0,6.912996e-01,-1.355925e-04,8.575999e-01,5.659161e-02,-8.947783e-01,2.417242e+00,-1.235609e+00,5.484017e-01,7.278652e-02,-2.845739e+00,1.023364e+00,1.521772e-01,7.517732e-01,-7.553363e-02,-3.324263e-04,3.141212e+01,-4.141617e-03
4.329851e-03,1.062373e-01,-1.249367e+01,-9.155047e+00,-7.552934e-01,-8.598012e+00,-1.050747e+01,-2.189504e+01,1.592365e+01,2.371420e-01,2.051202e+01,-1.584783e+00,-5.956174e+00,3.475371e-02,0,6.918442e-01,-2.840481e-04,6.514276e-01,4.827318e-01,-5.370262e-01,2.382642e+00,-1.517058e-01,-5.370170e-01,4.795794e-01,-2.823154e+00,9.439302e-03,-5.703999e-01,7.130646e-01,1.291312e+00,-9.670596e-04,7.879121e+01,3.136861e-03
3.966279e-03,5.000547e-01,-1.202253e+01,-9.082585e+00,1.764295e+00,-7.942915e+00,-1.188517e+01,-2.071141e+01,1.332382e+01,-6.150295e-01,1.991786e+01,-7.559722e-01,-3.426300e+00,3.324267e-02,1.570606e+02,6.973047e-01,-3.822400e-04,4.868788e-01,5.564336e-01,-2.933130e-01,1.880679e+00,9.601251e-01,-1.328628e+00,8.492830e-01,-1.725224e+00,-1.306268e+00,-8.656034e-01,5.624679e-01,1.803061e+00,-5.741917e-04,1.258990e+02,1.139174e-02
3.499734e-03,8.398721e-01,-1.089828e+01,-9.546124e+00,3.617378e+00,-6.570319e+00,-1.358342e+01,-2.020508e+01,1.286919e+01,-3.823711e+00,1.904030e+01,-4.850114e-01,-1.275330e+00,3.203385e-02,3.154258e+02,7.152295e-01,-4.210676e-04,5.139090e-01,2.713940e-01,9.173059e-02,1.227856e+00,2.042839e+00,-1.474345e+00,9.729508e-01,-6.842706e-01,-1.811203e+00,-1.051984e+00,-3.579035e-02,1.284668e+00,8.159559e-04,1.255431e+02,1.621064e-02
3.031397e-03,1.334494e+00,-1.104179e+01,-9.465885e+00,4.137711e+00,-3.809196e+00,-1.566832e+01,-1.890395e+01,1.290892e+01,-6.353090e+00,1.779763e+01,-1.125761e-01,-5.310523e-01,3.414929e-02,4.717824e+02,7.365656e-01,-3.497614e-04,5.856043e-01,-1.404948e-01,4.300311e-01,3.109952e-01,2.454320e+00,-7.398111e-01,9.392246e-01,-3.001122e-01,-7.619914e-01,-9.205906e-01,-6.718125e-01,-9.452943e-02,2.568752e-03,7.778902e+01,1.734322e-02
2.691953e-03,2.258562e+00,-1.162707e+01,-8.504745e+00,4.197279e+00,-4.506747e-01,-1.598762e+01,-1.793402e+01,1.270974e+01,-5.949841e+00,1.631221e+01,-2.085433e+00,-9.804571e-01,3.838018e-02,4.703545e+02,7.532669e-01,-1.994458e-04,5.073796e-01,-5.256326e-01,7.876944e-01,-2.669333e-01,2.279410e+00,3.659036e-01,8.582441e-01,-5.137784e-01,3.055504e-01,-5.958958e-01,-1.362646e+00,-1.406677e+00,3.173164e-03,3.038788e+01,1.415828e-02
2.621362e-03,2.718731e+00,-1.236061e+01,-7.453120e+00,3.029320e+00,1.268863e+00,-1.438213e+01,-1.715082e+01,1.190298e+01,-3.361922e+00,1.667895e+01,-3.314824e+00,-4.046384e+00,4.291327e-02,4.685414e+02,7.650021e-01,-3.516944e-05,2.630798e-01,-4.683550e-01,6.299123e-01,-4.074574e-01,1.515762e+00,1.073941e+00,9.703863e-01,-9.220942e-01,7.182121e-01,-1.162865e-01,-1.697127e+00,-2.236108e+00,2.931398e-03,-4.359985e-01,8.698749e-03
2.707522e-03,2.684652e+00,-1.286703e+01,-6.614035e+00,2.836907e+00,2.287703e+00,-1.239700e+01,-1.679042e+01,1.080327e+01,-3.791543e+00,1.662016e+01,-5.697119e+00,-6.551048e+00,4.351768e-02,4.689857e+02,7.718027e-01,4.266482e-05,-8.361869e-02,-2.094126e-01,9.597559e-02,-3.019145e-01,6.951704e-01,1.208308e+00,1.178022e+00,-9.963547e-01,4.773355e-02,-3.094654e-02,-1.805780e+00,-1.991836e+00,2.629193e-03,5.590881e-01,9.631634e-04
2.847766e-03,2.436848e+00,-1.276359e+01,-7.261678e+00,2.780610e+00,2.400423e+00,-1.209393e+01,-1.462381e+01,9.251683e+00,-3.841178e+00,1.706223e+01,-6.792367e+00,-8.926297e+00,4.623753e-02,4.702868e+02,7.707915e-01,9.174899e-05,-3.385502e-01,6.425762e-02,-5.383831e-01,-5.306972e-01,8.803351e-02,8.751968e-01,1.456388e+00,-9.600395e-01,-3.509956e-01,2.807522e-03,-2.081904e+00,-9.643973e-01,3.414929e-03,1.218152e+00,-6.808764e-03
2.792076e-03,1.981410e+00,-1.247265e+01,-8.120587e+00,2.812062e+00,2.459397e+00,-1.109018e+01,-1.330742e+01,9.053616e+00,-5.471545e+00,1.596584e+01,-9.375560e+00,-8.499680e+00,4.986401e-02,4.722772e+02,7.551880e-01,1.668298e-04,-5.182521e-01,3.976345e-03,-7.441860e-01,-1.621952e+00,1.091527e-01,7.485113e-01,1.531937e+00,-5.745316e-01,1.037220e-01,8.148517e-02,-2.209396e+00,4.495320e-02,4.140223e-03,9.189941e-01,-1.064737e-02
3.037830e-03,1.377601e+00,-1.223651e+01,-9.391759e+00,3.882565e-01,1.623183e+00,-1.065956e+01,-1.161039e+01,7.977612e+00,-4.276899e+00,1.702015e+01,-1.188513e+01,-7.894055e+00,5.681475e-02,4.729864e+02,7.392656e-01,2.970844e-04,-6.296679e-01,-2.936484e-01,-5.508197e-01,-3.189867e+00,6.754491e-01,9.368223e-01,1.328424e+00,3.820372e-02,6.754767e-01,4.977187e-01,-1.788167e+00,1.165079e-01,3.566031e-03,-1.576672e+01,-6.893235e-03
3.446639e-03,6.230151e-01,-1.311069e+01,-9.269925e+00,-4.076678e+00,3.222086e+00,-9.371632e+00,-1.063745e+01,8.567649e+00,-3.055073e+00,1.704863e+01,-1.419772e+01,-6.842403e+00,5.893019e-02,4.722309e+02,7.343288e-01,4.005893e-04,-6.060224e-01,-4.894256e-01,-3.931352e-01,-4.321505e+00,1.512544e+00,1.501953e+00,9.148639e-01,9.832686e-01,1.082146e+00,6.247290e-01,-5.402651e-01,-7.526042e-01,1.722574e-03,-4.029758e+01,1.200742e-03
4.005906e-03,-3.229356e-02,-1.391281e+01,-9.441108e+00,-9.724353e+00,5.396324e+00,-8.269092e+00,-9.316675e+00,9.685685e+00,-1.672031e+00,1.900942e+01,-1.332212e+01,-9.172396e+00,5.953460e-02,3.914763e+02,7.467549e-01,3.549813e-04,-5.296301e-01,-3.021072e-01,-4.216911e-01,-4.250830e+00,2.120473e+00,2.683237e+00,2.385989e-01,2.063648e+00,5.982302e-01,2.634012e-01,7.551325e-01,-1.703395e+00,-8.461773e-04,-6.424070e+01,6.574226e-03
4.310984e-03,-3.437546e-01,-1.408163e+01,-1.006159e+01,-1.373916e+01,8.135547e+00,-4.775647e+00,-9.879951e+00,1.311592e+01,-1.363249e+00,1.809484e+01,-1.135839e+01,-1.162353e+01,5.711696e-02,3.115443e+02,7.574471e-01,1.292405e-04,-3.535118e-01,2.171479e-01,-5.091089e-01,-3.120899e+00,1.706470e+00,3.873164e+00,-2.087539e-01,2.281854e+00,-3.104831e-01,-1.391272e-01,1.329755e+00,-1.967933e+00,-2.961618e-03,-6.418449e+01,2.783555e-03
4.380564e-03,-7.871647e-01,-1.326158e+01,-1.110438e+01,-1.603465e+01,9.768819e+00,4.586349e-01,-1.079614e+01,1.602171e+01,-2.131660e+00,1.781404e+01,-9.529130e+00,-1.402047e+01,5.349048e-02,2.321261e+02,7.605776e-01,-2.543290e-04,-5.581842e-02,7.007580e-01,-4.140282e-02,-1.406577e+00,5.305666e-01,4.133070e+00,1.825676e-02,1.589439e+00,-7.811013e-01,-5.072912e-01,9.879216e-01,-1.191722e+00,-4.986400e-03,-5.567028e+01,-9.988117e-03
3.905512e-03,-7.671080e-01,-1.235056e+01,-1.098383e+01,-1.652602e+01,9.568190e+00,5.630323e+00,-1.094149e+01,1.680891e+01,-4.377674e+00,1.695068e+01,-9.445442e+00,-1.425803e+01,4.714416e-02,2.309835e+02,7.413352e-01,-6.086802e-04,4.016713e-01,9.581717e-01,8.749477e-01,1.126342e-01,-1.182946e+00,2.987573e+00,5.994606e-01,-2.120326e-01,-9.331307e-01,-2.706438e-01,9.344627e-01,-1.400766e-01,-6.285887e-03,-5.485190e+01,-2.490551e-02
2.936997e-03,-9.970900e-02,-1.127455e+01,-9.187000e+00,-1.536380e+01,7.332836e+00,7.193272e+00,-8.694623e+00,1.578639e+01,-4.070325e+00,1.704505e+01,-9.338987e+00,-1.381376e+01,3.958900e-02,1.534053e+02,7.048702e-01,-7.996509e-04,9.236484e-01,1.239274e+00,2.017172e+00,1.427472e+00,-1.940632e+00,7.697132e-01,9.674174e-01,-1.731700e+00,-3.312597e-01,-2.830940e-01,6.866281e-01,5.245501e-01,-6.829858e-03,-6.185906e+01,-7.493608e-02
1.989367e-03,1.320874e+00,-1.028428e+01,-6.645542e+00,-1.351141e+01,3.438807e+00,6.794898e+00,-7.933407e+00,1.217342e+01,-5.059570e+00,1.712612e+01,-6.781144e+00,-1.242727e+01,3.263826e-02,7.664524e+01,6.607732e-01,-7.132390e-04,1.172968e+00,1.555989e+00,2.630656e+00,2.109149e+00,-1.342039e+00,-1.029436e+00,7.411988e-01,-2.479515e+00,-4.068034e-02,-4.124462e-01,6.232241e-01,1.554234e-01,-6.678755e-03,-6.153723e+01,-1.346483e-01
1.340382e-03,2.787086e+00,-8.098349e+00,-3.187668e+00,-1.040460e+01,3.130352e+00,3.724913e+00,-7.463095e+00,9.680955e+00,-3.447011e+00,1.631085e+01,-7.428139e+00,-1.231310e+01,2.659414e-02,0,4.261782e-01,-4.708400e-04,1.053825e+00,1.725537e+00,2.515092e+00,2.645286e+00,3.585526e-01,-1.707600e+00,9.221039e-02,-2.504847e+00,-4.483221e-01,-7.752102e-01,1.346562e-01,-6.850666e-01,-5.832578e-03,-3.834559e+01,-1.436395e-01
1.137625e-03,3.654332e+00,-6.158716e+00,-8.302171e-01,-8.459874e+00,4.959237e+00,2.217320e+00,-7.851257e+00,7.464048e+00,-4.892733e+00,1.525555e+01,-7.284746e+00,-1.423124e+01,2.024781e-02,0,2.074398e-01,-2.322617e-04,6.849734e-01,1.502530e+00,1.861288e+00,2.819738e+00,1.680458e+00,-1.344280e+00,-2.366938e-01,-2.401331e+00,-7.646184e-01,-7.835484e-01,-2.667665e-01,-1.483921e+00,-4.502871e-03,-1.532905e+01,-1.107707e-01
1.008668e-03,4.002688e+00,-4.709649e+00,4.807979e-01,-4.663144e+00,8.365384e+00,9.440627e-01,-8.274646e+00,5.616840e+00,-6.395355e+00,1.410429e+01,-8.413905e+00,-1.633710e+01,1.662134e-02,0,2.133392e-01,-9.959984e-05,2.549644e-01,1.151489e+00,1.251947e+00,2.525667e+00,1.840035e+00,-6.604808e-01,-7.892067e-01,-2.679427e+00,-1.082272e+00,-4.138421e-01,4.916472e-02,-1.179425e+00,-2.568752e-03,0,-4.197787e-02
9.939157e-04,4.137940e+00,-4.465982e+00,8.266647e-01,-2.283450e+00,9.223580e+00,1.463921e+00,-8.711101e+00,2.198821e+00,-7.408490e+00,1.431166e+01,-7.622093e+00,-1.783488e+01,1.511031e-02,0,2.133392e-01,-7.483137e-05,5.265901e-02,9.844630e-01,9.393348e-01,1.684826e+00,9.731969e-01,-2.462164e-01,-7.756073e-01,-2.529077e+00,-1.826549e-01,-2.448473e-01,7.892475e-02,-4.657936e-01,-6.950742e-04,0,-4.148797e-02
9.142375e-04,3.820104e+00,-3.187268e+00,2.243626e+00,-8.644804e-01,1.019835e+01,7.992092e-01,-1.097921e+01,-1.083566e+00,-7.600493e+00,1.471358e+01,-7.013641e+00,-1.640841e+01,1.631913e-02,0,2.133392e-01,-7.464464e-05,-3.693137e-02,8.966920e-01,8.435480e-01,7.621039e-01,8.806877e-02,-1.591486e-01,-7.683012e-01,-1.653975e+00,5.630145e-01,-5.420424e-01,1.825459e-01,4.246565e-01,3.626472e-04,0,-6.400176e-02
8.106831e-04,4.008919e+00,-1.997591e+00,2.985043e+00,-1.935074e+00,8.908736e+00,1.058664e+00,-1.037701e+01,-1.831131e+00,-5.203438e+00,1.372666e+01,-7.590254e+00,-1.652456e+01,1.692354e-02,0,0,-7.287681e-05,7.670140e-03,6.280689e-01,6.742885e-01,5.547909e-01,-2.645854e-01,-3.385331e-01,-5.323077e-01,-3.740259e-02,1.082511e+00,-1.144996e+00,-5.904397e-01,3.240800e-01,5.439708e-04,0,-6.400176e-02
7.270612e-04,3.882542e+00,-1.460385e+00,3.619349e+00,-1.026812e+00,8.963150e+00,3.509476e-01,-1.128320e+01,-6.380591e-01,-4.682808e+00,1.168658e+01,-7.517095e+00,-1.486898e+01,1.752795e-02,0,0,-4.548257e-05,1.029472e-01,2.534533e-01,2.735528e-01,6.627698e-01,-1.939233e-01,-4.256241e-01,-3.311157e-01,1.344311e+00,1.374753e+00,-1.196738e+00,-1.583712e+00,-7.701206e-01,9.066165e-05,0,-4.266784e-02
7.231198e-04,4.145072e+00,-2.189080e+00,3.510246e+00,5.716696e-01,8.518255e+00,-4.614274e-03,-1.122064e+01,1.789054e+00,-3.454778e+00,1.010019e+01,-1.032257e+01,-1.698419e+01,1.722575e-02,0,0,-3.850943e-06,1.141451e-01,3.089221e-01,-4.900644e-01,6.270534e-01,-2.063593e-01,-6.207666e-01,-1.739093e-01,1.877900e+00,1.400392e+00,-7.280777e-01,-1.743097e+00,-1.520978e+00,-4.533088e-04,0,0
7.306063e-04,4.266764e+00,-1.824257e+00,3.348788e+00,1.195997e+00,9.423978e+00,-7.972718e-01,-1.221297e+01,3.827896e+00,-1.601060e+00,1.054313e+01,-1.356605e+01,-2.002920e+01,1.662134e-02,0,0,8.590667e-05,1.272425e-01,4.487140e-01,-2.076607e+00,-6.922210e-01,-1.240073e+00,-5.303538e-01,1.486420e-01,1.517780e+00,1.363064e+00,3.581486e-01,-3.808888e-01,-1.165381e+00,-3.928678e-04,0,4.540720e-02
7.896558e-04,4.387533e+00,-2.710440e-01,6.700012e-01,8.878791e-02,7.646526e+00,-1.471059e+00,-1.078167e+01,5.325394e+00,2.576499e-01,1.065799e+01,-1.328126e+01,-2.154934e+01,1.511031e-02,0,0,2.683168e-04,-3.390284e-02,2.249239e-01,-4.047183e+00,-2.521006e+00,-2.177518e+00,-4.453548e-01,7.186194e-02,1.337217e+00,7.902638e-01,1.253402e+00,2.228127e+00,5.590935e-01,7.857360e-04,2.168652e+01,1.163419e-01
1.123327e-03,4.397523e+00,-1.758328e-01,-5.343562e+00,-4.246477e+00,3.198648e+00,-1.567599e+00,-1.075947e+01,5.182669e+00,2.762976e-01,1.319841e+01,-7.942191e+00,-1.841331e+01,1.662134e-02,0,2.270360e-01,4.734179e-04,-1.860302e-01,-7.225114e-01,-5.440383e+00,-3.790976e+00,-2.480430e+00,8.816624e-03,-2.511309e-01,1.513456e+00,-1.729483e-01,1.922535e+00,3.786293e+00,1.956723e+00,2.538531e-03,5.449680e+01,1.914390e-01
1.868344e-03,3.910178e+00,-1.888672e+00,-1.237950e+01,-9.312122e+00,7.433288e-01,-1.846224e+00,-1.158808e+01,7.797751e+00,-4.421378e-01,1.503955e+01,-1.993858e+00,-1.499667e+01,2.115443e-02,1.084326e+02,4.681918e-01,5.419997e-04,-2.987806e-01,-1.488871e+00,-4.991290e+00,-3.563206e+00,-1.401843e+00,4.576883e-01,-3.683969e-01,1.831106e+00,-7.477083e-01,2.130772e+00,3.043366e+00,1.843674e+00,3.807797e-03,8.725544e+01,1.999342e-01
2.558352e-03,3.575290e+00,-4.628000e+00,-1.732838e+01,-1.305843e+01,4.734264e-01,-5.656059e-01,-1.306542e+01,1.015900e+01,-2.115907e+00,1.796502e+01,-2.782865e-01,-1.352192e+01,2.629193e-02,2.182677e+02,7.230992e-01,3.473707e-04,-3.003975e-01,-1.229466e+00,-2.943450e+00,-1.836132e+00,-1.214814e-01,5.767284e-01,-2.039499e-02,1.645392e+00,-9.931980e-01,1.810080e+00,9.273126e-01,8.053753e-01,3.475369e-03,6.561324e+01,1.314385e-01
2.782142e-03,3.304747e+00,-5.489317e+00,-1.829404e+01,-1.332127e+01,1.999923e+00,3.163861e-01,-1.147068e+01,1.199276e+01,-2.284789e+00,1.892855e+01,-1.896384e+00,-1.477667e+01,2.931399e-02,3.271433e+02,7.516396e-01,1.141853e-05,-2.355058e-01,-2.568304e-01,-4.610352e-01,-3.268242e-01,3.195497e-01,3.363336e-01,2.407818e-01,6.351165e-01,-6.931061e-01,1.608335e+00,-6.437300e-01,-1.143353e-01,2.296766e-03,1.329163e-01,5.036632e-02
2.403281e-03,3.198251e+00,-4.522838e+00,-1.710354e+01,-1.142257e+01,1.962944e+00,2.347377e-01,-1.092015e+01,1.131212e+01,-3.768367e+00,2.030432e+01,-3.354365e+00,-1.449643e+01,2.991840e-02,2.187108e+02,7.425047e-01,-2.813782e-04,-2.033952e-01,6.808268e-01,1.354067e+00,3.924217e-01,3.937741e-01,1.163423e-01,9.224596e-02,-1.204308e-01,-1.596748e-01,1.341190e+00,-5.735983e-01,-3.416206e-01,9.972807e-04,-6.548031e+01,-1.351091e-02
2.002972e-03,2.921169e+00,-3.225405e+00,-1.479709e+01,-1.176418e+01,1.596319e+00,-5.647282e-01,-1.145681e+01,1.039677e+01,-3.081438e+00,2.191158e+01,-3.674469e+00,-1.508108e+01,3.082502e-02,1.088756e+02,7.103207e-01,-4.098713e-04,-6.758084e-02,1.027145e+00,2.543349e+00,7.426108e-01,6.181586e-01,2.140351e-01,-4.006532e-01,-1.034345e+00,2.434429e-01,1.187997e+00,3.657699e-02,-2.670149e-01,-3.022054e-04,-8.729974e+01,-6.812132e-02
1.541045e-03,2.750104e+00,-2.355821e+00,-1.230652e+01,-1.187487e+01,2.644099e+00,4.566626e-01,-1.261112e+01,1.035484e+01,-2.515957e+00,2.317946e+01,-2.257235e+00,-1.507781e+01,3.052282e-02,0,6.762041e-01,-3.885866e-04,2.394550e-01,9.935362e-01,3.038660e+00,1.274174e+00,9.216748e-01,5.346040e-01,5.563804e-01,-1.489416e+00,6.213228e-01,1.519463e-01,-2.696756e-01,-7.714985e-01,-2.145663e-03,-5.462972e+01,-1.308227e-01
1.163903e-03,3.190916e+00,-1.437099e+00,-7.975807e+00,-9.382062e+00,4.750139e+00,1.275599e+00,-1.262846e+01,7.299680e+00,-1.693780e+00,2.343096e+01,-2.262064e+00,-1.582105e+01,2.750076e-02,0,4.441833e-01,-2.984077e-04,6.397274e-01,9.092962e-01,2.873636e+00,2.275630e+00,1.123536e+00,9.888017e-01,1.932331e+00,-2.044025e+00,3.067950e-01,-9.074961e-01,-1.650260e+00,-1.823672e+00,-3.989121e-03,-2.177513e+01,-1.875385e-01
8.798821e-04,4.260653e+00,-4.493103e-01,-5.320885e+00,-6.242751e+00,4.994408e+00,1.987594e+00,-7.552420e+00,5.413586e+00,-1.355582e+00,2.030436e+01,-5.408945e+00,-1.798394e+01,2.085222e-02,0,2.214599e-01,-1.598388e-04,8.686201e-01,8.457168e-01,2.036879e+00,2.107075e+00,4.478328e-01,9.913071e-01,2.970110e+00,-1.987065e+00,-7.243754e-02,-1.487623e+00,-2.629239e+00,-2.674001e+00,-4.623753e-03,0,-1.796592e-01
8.415150e-04,5.364531e+00,3.678195e-01,-3.921728e+00,-3.202080e+00,6.038845e+00,3.613814e+00,-4.324506e+00,2.647271e+00,-2.127650e+00,1.881166e+01,-1.034992e+01,-2.274638e+01,1.571472e-02,0,0,-5.685842e-05,6.828226e-01,7.090319e-01,1.022101e+00,1.257525e+00,-2.736023e-01,9.627969e-01,2.316802e+00,-1.383895e+00,-8.281102e-01,-8.838446e-01,-2.043385e+00,-2.695145e+00,-3.414929e-03,0,-1.109826e-01
9.030452e-04,6.006397e+00,9.703032e-01,-4.149162e+00,-4.429482e+00,4.238910e+00,4.244091e+00,-1.912552e+00,2.745720e+00,-2.661209e+00,1.805100e+01,-1.135950e+01,-2.498515e+01,1.329707e-02,0,0,-1.391139e-05,1.753563e-01,6.030283e-01,6.277193e-01,6.632348e-01,-8.052090e-01,4.250219e-01,8.573931e-01,-8.193083e-01,-1.639665e+00,1.657991e-01,-5.813577e-01,-1.861319e+00,-1.178604e-03,0,-4.429198e-02
8.680291e-04,5.732157e+00,1.398253e+00,-3.451164e+00,-4.001071e+00,3.759876e+00,4.961336e+00,-3.864383e+00,1.714137e+00,-5.181517e+00,2.013842e+01,-9.503708e+00,-2.579617e+01,1.420369e-02,0,0,-2.876243e-05,-2.843403e-01,4.230854e-01,4.301543e-01,6.604775e-01,-8.192272e-01,1.893887e-01,-1.958168e-03,-4.565061e-01,-2.163434e+00,6.947365e-01,2.353482e-01,-9.122993e-01,6.044122e-04,0,0
7.970681e-04,4.953621e+00,2.050614e+00,-2.417570e+00,-2.527081e+00,2.107848e+00,3.438943e+00,-3.495516e+00,1.783611e+00,-8.026973e+00,2.046997e+01,-8.738837e+00,-2.576564e+01,1.571472e-02,0,0,-5.131475e-05,-5.031641e-01,2.296560e-01,4.929807e-01,1.330871e+00,-1.700747e-01,1.070803e-01,-2.615516e-01,-7.654638e-01,-2.380838e+00,4.645870e-01,3.387942e-01,-2.016890e-01,1.239045e-03,0,0
7.506914e-04,4.469217e+00,1.943091e+00,-2.636753e+00,-8.508936e-01,3.008240e+00,4.963332e+00,-3.542815e+00,8.457947e-01,-1.026194e+01,2.107585e+01,-1.048351e+01,-2.691763e+01,1.752795e-02,0,0,-4.776367e-05,-4.223227e-01,2.863525e-02,3.328141e-01,1.464456e+00,9.691238e-03,1.906677e-01,4.830892e-02,-7.995926e-01,-2.234521e+00,-3.860937e-01,3.363417e-01,4.519321e-01,7.555151e-04,0,0
7.051404e-04,4.122046e+00,1.846164e+00,-2.091464e+00,6.497863e-01,3.764355e+00,4.778494e+00,-3.381094e+00,-6.474280e-01,-1.202519e+01,1.990522e+01,-9.175633e+00,-2.543287e+01,1.783016e-02,0,0,-4.446851e-05,-2.955512e-01,-1.999083e-02,3.584846e-01,1.405825e+00,-1.189727e-01,1.331135e-01,2.138739e-01,-8.656424e-01,-2.094787e+00,-1.033325e+00,9.758310e-01,9.849113e-01,-3.626475e-04,0,0
6.751746e-04,4.036331e+00,1.643654e+00,-1.950147e+00,1.732775e+00,2.980079e+00,5.244899e+00,-3.680050e+00,-1.068307e+00,-1.435502e+01,1.849033e+01,-7.603601e+00,-2.370290e+01,1.692354e-02,0,0,-4.133356e-05,-1.799781e-01,1.411149e-01,4.414355e-01,1.089649e+00,-4.320970e-01,-3.581144e-01,3.932369e-01,-8.329607e-01,-1.479471e+00,-1.027474e+00,1.357755e+00,9.213468e-01,-1.148384e-03,0,0
6.124839e-04,3.692308e+00,2.100379e+00,-9.684500e-01,3.210210e+00,1.527065e+00,3.963727e+00,-2.357529e+00,-1.587550e+00,-1.645437e+01,1.659611e+01,-5.299635e+00,-2.244845e+01,1.420369e-02,0,0,-3.046103e-05,1.111624e-01,4.216225e-01,1.849310e-01,2.736886e-01,-4.212814e-01,-8.931052e-01,2.358160e-01,-6.905777e-01,2.045515e-01,-1.003342e-02,7.153295e-01,3.072658e-01,-1.299486e-03,0,0
5.903518e-04,3.784196e+00,2.521558e+00,-9.910824e-01,3.317139e+00,1.966400e+00,3.580143e+00,-2.088413e+00,-2.848948e+00,-1.544471e+01,1.759304e+01,-5.632730e+00,-2.380311e+01,1.359927e-02,0,0,-2.088349e-05,3.605676e-01,6.527623e-01,9.978600e-02,-4.306858e-01,-7.176918e-02,-1.712301e+00,-2.235622e-01,-5.246153e-01,1.968873e+00,8.881624e-01,2.085282e-01,5.429249e-02,-5.439709e-04,0,0
5.952466e-04,4.803926e+00,3.515325e+00,-1.646341e+00,1.226047e+00,2.164787e+00,1.145346e+00,-2.997833e+00,-3.209996e+00,-1.045759e+01,2.030370e+01,-6.584421e+00,-2.384644e+01,1.299486e-02,0,0,-1.201403e-05,4.812058e-01,8.262399e-01,2.724257e-01,-8.277750e-01,-1.622828e-01,-2.073555e+00,-7.699151e-01,1.299724e-01,2.778215e+00,6.223377e-01,-9.084778e-02,7.752888e-01,4.230887e-04,0,0
5.793758e-04,5.283360e+00,4.199993e+00,-1.112271e+00,5.714269e-01,2.302372e+00,-1.907415e+00,-4.477709e+00,-2.880160e+00,-7.509041e+00,2.107734e+01,-5.918568e+00,-2.273244e+01,1.480810e-02,0,0,-1.704788e-05,3.164279e-01,8.419335e-01,6.903607e-01,-4.044755e-01,-2.747449e-01,-1.850286e+00,-6.630189e-01,9.078158e-01,2.057608e+00,-8.363050e-01,2.034658e-01,1.751471e+00,9.368390e-04,0,0
5.579017e-04,5.348754e+00,5.392361e+00,4.542730e-01,4.441907e-01,5.476653e-01,-3.660271e+00,-5.012457e+00,-9.220818e-01,-6.531126e+00,1.796564e+01,-5.610956e+00,-1.910734e+01,1.571472e-02,0,0,-1.371015e-05,2.855597e-02,4.913293e-01,7.226834e-01,6.612294e-01,-1.238492e-01,-1.030463e+00,-1.390894e-01,1.483776e+00,8.391274e-01,-2.481047e+00,6.387472e-03,1.962370e+00,7.555152e-04,0,0
5.237848e-04,5.093921e+00,5.792708e+00,1.410414e+00,1.685690e+00,1.401236e+00,-3.268481e+00,-4.396196e+00,5.461743e-01,-7.119894e+00,1.458054e+01,-5.102134e+00,-1.741530e+01,1.692354e-02,0,0,3.068091e-06,-2.468519e-02,-6.362119e-02,3.023917e-02,1.431025e+00,3.159942e-01,-3.781327e-01,3.747669e-01,1.775964e+00,3.951265e-01,-2.871115e+00,-6.892197e-01,1.204988e+00,0,0,0
5.544914e-04,5.041425e+00,5.175614e+00,7.057335e-01,3.975063e+00,1.996109e+00,-3.326438e+00,-3.734036e+00,2.495716e+00,-6.456524e+00,1.114686e+01,-6.960701e+00,-1.669316e+01,1.571472e-02,0,0,2.173693e-05,-1.117768e-02,-6.519251e-01,-6.522604e-01,1.895272e+00,6.799434e-01,-3.919688e-01,4.135432e-01,1.550601e+00,3.670761e-01,-2.470231e+00,-1.050326e+00,2.282927e-01,-6.346331e-04,0,0
5.964215e-04,5.313599e+00,3.990260e+00,-1.086806e+00,5.961113e+00,3.158121e+00,-3.964995e+00,-3.243085e+00,4.290759e+00,-5.570710e+00,1.013116e+01,-8.689794e+00,-1.791459e+01,1.480810e-02,0,0,2.887432e-05,3.198142e-02,-7.659152e-01,-8.201818e-01,1.600208e+00,4.408239e-01,-5.952174e-01,1.962539e-01,1.128782e+00,4.285297e-01,-1.679042e+00,-1.004129e+00,-1.624929e-01,-8.763979e-04,0,0
6.302681e-04,5.183027e+00,3.033959e+00,-1.558419e+00,7.782840e+00,3.068940e+00,-5.271858e+00,-3.521296e+00,4.958629e+00,-5.470338e+00,7.839176e+00,-9.068754e+00,-1.771623e+01,1.359927e-02,0,0,1.854000e-05,1.526327e-02,-5.239611e-01,-4.999918e-01,9.437283e-01,2.056481e-01,-5.197704e-01,1.472683e-02,5.593695e-01,2.072742e-01,-8.907354e-01,-4.595068e-01,-1.847776e-01,-5.439714e-04,0,0
