pcm_RMSenergy_sma,pcm_fftMag_mfcc_sma[1],pcm_fftMag_mfcc_sma[2],pcm_fftMag_mfcc_sma[3],pcm_fftMag_mfcc_sma[4],pcm_fftMag_mfcc_sma[5],pcm_fftMag_mfcc_sma[6],pcm_fftMag_mfcc_sma[7],pcm_fftMag_mfcc_sma[8],pcm_fftMag_mfcc_sma[9],pcm_fftMag_mfcc_sma[10],pcm_fftMag_mfcc_sma[11],pcm_fftMag_mfcc_sma[12],pcm_zcr_sma,F0final_sma,voicingFinalUnclipped_sma,pcm_RMSenergy_sma_de,pcm_fftMag_mfcc_sma_de[1],pcm_fftMag_mfcc_sma_de[2],pcm_fftMag_mfcc_sma_de[3],pcm_fftMag_mfcc_sma_de[4],pcm_fftMag_mfcc_sma_de[5],pcm_fftMag_mfcc_sma_de[6],pcm_fftMag_mfcc_sma_de[7],pcm_fftMag_mfcc_sma_de[8],pcm_fftMag_mfcc_sma_de[9],pcm_fftMag_mfcc_sma_de[10],pcm_fftMag_mfcc_sma_de[11],pcm_fftMag_mfcc_sma_de[12],pcm_zcr_sma_de,F0final_sma_de,voicingFinalUnclipped_sma_de
1.131605e-03,2.427021e+00,-1.323063e+00,-2.418292e+00,-6.585986e+00,-2.324445e+00,6.018483e+00,-1.853903e+01,3.895612e+00,-6.390332e+00,7.292018e+00,-5.199137e+00,-9.847179e+00,1.994560e-02,0,4.313701e-01,-5.655501e-05,4.541801e-01,7.580096e-01,1.205141e+00,5.660171e-01,5.079850e-01,7.804929e-01,1.316859e+00,7.005036e-01,3.469577e-01,-7.350611e-01,-1.003471e-01,2.892027e-02,-1.420369e-03,0,-1.078425e-01
1.024074e-03,3.382151e+00,1.912918e-01,-9.082000e-03,-5.028347e+00,-1.609459e+00,6.115365e+00,-1.677618e+01,4.954433e+00,-5.493425e+00,6.654550e+00,-4.879264e+00,-9.317176e+00,1.722575e-02,0,2.156851e-01,-9.114209e-05,5.379170e-01,1.320172e+00,1.626483e+00,7.628570e-02,5.580843e-01,1.757513e+00,2.335832e+00,6.022369e-01,6.414117e-01,-1.024716e+00,3.836440e-01,-1.268682e-02,-1.843457e-03,0,-1.294110e-01
9.025962e-04,4.220356e+00,1.709807e+00,2.402808e+00,-4.534719e+00,-1.420133e-01,9.872506e+00,-1.283615e+01,6.868721e+00,-5.103996e+00,3.935447e+00,-5.860809e+00,-9.967580e+00,1.420369e-02,0,0,-1.170296e-04,1.405301e-01,1.327721e+00,1.383754e+00,-9.852109e-01,-3.381317e-01,2.095311e+00,2.847344e+00,2.650441e-01,6.516412e-01,-8.961393e-01,1.148736e+00,-1.111559e-01,-1.269266e-03,0,-1.078425e-01
7.903997e-04,4.219938e+00,3.761360e+00,3.303574e+00,-7.230190e+00,-6.252397e-01,1.287903e+01,-9.711305e+00,5.420243e+00,-3.826441e+00,3.846725e+00,-2.950081e+00,-9.850413e+00,1.359927e-02,0,0,-1.197190e-04,-5.721174e-01,6.822377e-01,3.159771e-02,-2.420586e+00,-2.121441e+00,9.412128e-01,2.066805e+00,-3.784266e-01,3.771187e-01,-2.464964e-01,1.909524e+00,3.867779e-02,7.857358e-04,0,-4.313701e-02
6.632949e-04,2.710778e+00,3.530510e+00,2.844147e+00,-1.041112e+01,-4.507214e+00,1.311320e+01,-7.834746e+00,4.987928e+00,-3.965618e+00,4.215234e+00,-4.200476e-01,-1.013634e+01,1.541251e-02,0,0,-1.089098e-04,-1.079602e+00,-1.282447e-01,-1.137714e+00,-3.167329e+00,-3.372701e+00,-8.469272e-01,2.111307e-01,-6.810244e-01,-2.171090e-01,3.507333e-01,2.000603e+00,3.032263e-01,2.326987e-03,0,0
5.451296e-04,1.276353e+00,2.692129e+00,-7.176304e-02,-1.419308e+01,-1.003407e+01,9.201081e+00,-8.942859e+00,4.002697e+00,-4.177021e+00,5.282175e+00,1.947975e+00,-9.039407e+00,2.055001e-02,0,0,-8.443966e-05,-1.030047e+00,-8.502260e-01,-1.845320e+00,-2.603010e+00,-3.122254e+00,-1.856265e+00,-1.249542e+00,-2.799725e-01,-8.475769e-01,2.258913e-01,1.241609e+00,3.688896e-01,2.024780e-03,0,0
4.806823e-04,2.941410e-01,1.603200e+00,-1.598094e+00,-1.688992e+01,-1.230111e+01,7.476847e+00,-1.216472e+01,4.172371e+00,-6.014251e+00,4.971389e+00,1.693177e+00,-8.856952e+00,2.236325e-02,0,0,-5.412657e-05,-6.335670e-01,-8.035711e-01,-1.521597e+00,-1.373403e+00,-1.551252e+00,-1.817258e+00,-1.758685e+00,-4.526901e-01,-9.713670e-01,1.738690e-01,8.852015e-01,6.907309e-01,-4.533093e-04,0,0
4.595077e-04,2.780225e-01,4.738855e-01,-3.701905e+00,-1.700584e+01,-1.233956e+01,6.415888e+00,-1.379403e+01,4.428159e+00,-7.040009e+00,4.598104e+00,2.201353e+00,-8.645659e+00,2.024781e-02,0,0,-3.137788e-05,-3.052526e-01,-5.283886e-01,-8.566149e-01,-2.983561e-02,-6.672402e-02,-1.153568e+00,-1.153841e+00,-7.473444e-01,-4.953879e-01,-4.169435e-02,5.972158e-01,8.717116e-01,-2.659413e-03,0,0
4.354730e-04,4.210861e-02,6.217758e-01,-2.948764e+00,-1.587175e+01,-1.111073e+01,5.419506e+00,-1.420259e+01,2.511746e+00,-7.390959e+00,5.426615e+00,3.879271e+00,-6.879559e+00,1.329707e-02,0,0,2.629167e-06,-6.563926e-01,-3.468966e-01,-9.033978e-02,3.238769e-01,1.051789e+00,-1.334945e+00,-1.887197e-02,-9.607450e-01,-2.422695e-01,-5.819526e-01,2.851386e-01,1.612260e+00,-9.066182e-04,0,0
4.108448e-04,-1.238937e-01,5.408978e-01,-3.679502e+00,-1.485134e+01,-1.096288e+01,4.461915e+00,-1.369313e+01,1.096287e+00,-5.965607e+00,4.846090e+00,3.841007e+00,-5.669546e+00,1.178604e-02,0,0,1.205892e-04,-1.684848e+00,-3.728965e-01,4.708464e-01,-1.159980e-01,1.673732e+00,-1.950040e+00,7.494842e-01,-5.817296e-01,-6.115815e-01,-1.505060e+00,-2.871139e-01,2.368727e+00,6.678754e-03,0,3.911623e-02
5.181595e-04,-2.786864e+00,-1.647891e-01,-2.060994e+00,-1.634778e+01,-7.730505e+00,1.779108e+00,-1.230953e+01,1.034582e+00,-7.762800e+00,1.937633e+00,2.299043e+00,-2.283709e+00,2.206104e-02,0,0,2.939898e-04,-2.945129e+00,2.460152e-02,2.542829e-01,-6.875228e-01,2.262338e+00,-3.109256e+00,2.035996e+00,4.987949e-01,-6.267277e-01,-1.788064e+00,-2.699697e-01,3.184781e+00,1.783016e-02,0,5.867434e-02
1.021110e-03,-6.731731e+00,-9.973146e-01,-1.791559e+00,-1.734782e+01,-5.661012e+00,-1.514113e+00,-1.099313e+01,2.258093e+00,-9.911996e+00,-1.182704e+00,1.555897e+00,9.000516e-01,4.925959e-02,0,1.955811e-01,3.931181e-04,-3.289937e+00,1.338630e+00,1.596282e-01,1.518745e-01,2.562750e+00,-3.529749e+00,3.259793e+00,7.157472e-01,-4.841948e-01,-1.057107e+00,4.640329e-01,3.078295e+00,2.272590e-02,0,5.867434e-02
1.600289e-03,-1.137962e+01,1.513890e+00,-2.621321e+00,-1.806113e+01,-2.449967e+00,-7.138758e+00,-5.372603e+00,4.424818e+00,-8.551403e+00,-4.993084e-01,3.671977e+00,5.759548e+00,8.371109e-02,0,1.955811e-01,2.828901e-04,-2.081728e+00,2.941811e+00,1.221663e-01,2.055006e+00,2.149029e+00,-2.842307e+00,3.649165e+00,3.241419e-01,3.725750e-01,2.479114e-01,9.621016e-01,1.337292e+00,1.535207e-02,0,0
1.835370e-03,-1.227720e+01,6.394707e+00,-2.601198e+00,-1.323530e+01,-7.893954e-01,-8.727898e+00,-8.626311e-01,2.979905e+00,-7.992279e+00,7.790275e-01,5.474705e+00,5.700300e+00,9.459051e-02,0,1.955811e-01,2.438076e-05,-3.750830e-02,3.245984e+00,1.126766e+00,3.822529e+00,1.217793e+00,-1.207016e+00,2.566598e+00,-2.547646e-01,-3.091505e-01,6.913957e-01,2.070922e-01,-1.636923e+00,-2.085221e-03,0,-1.941805e-02
1.525480e-03,-1.042277e+01,1.084826e+01,-1.045343e+00,-8.129014e+00,5.788329e-01,-8.825536e+00,8.710466e-01,2.294385e+00,-6.859783e+00,2.196324e+00,5.150147e+00,2.002625e+00,7.615594e-02,0,0,-1.482392e-04,1.637433e+00,1.897874e+00,2.234612e+00,3.943215e+00,-1.712453e-02,3.938562e-01,-1.373202e-01,1.886426e-01,-1.840514e+00,7.734919e-01,-1.299783e+00,-4.837161e+00,-1.758840e-02,0,3.926568e-02
1.180419e-03,-7.397695e+00,1.056542e+01,3.054281e+00,-3.201229e+00,-1.086446e+00,-6.705803e+00,-1.281968e+00,2.049486e+00,-1.230356e+01,9.264582e-01,1.852273e+00,-5.406102e+00,4.261106e-02,0,1.962814e-01,-1.506305e-04,2.018926e+00,6.323089e-02,2.684525e+00,2.203159e+00,-9.166497e-01,1.182882e+00,-1.916609e+00,1.619146e+00,-3.225070e+00,1.190141e+00,-2.488941e+00,-6.094608e+00,-2.133575e-02,0,1.188612e-01
1.186569e-03,-5.632206e+00,8.917901e+00,5.723999e+00,-3.362086e+00,-2.387064e+00,-6.180524e+00,-5.849535e+00,5.833241e+00,-1.559833e+01,3.294436e+00,-1.015723e+00,-1.287306e+01,2.175884e-02,0,3.915594e-01,-3.281287e-05,1.518914e+00,-7.950947e-01,2.230451e+00,2.021235e-01,-9.093529e-01,1.406366e+00,-2.161512e+00,2.421634e+00,-4.051461e+00,1.520928e+00,-2.608872e+00,-5.277314e+00,-1.532185e-02,0,1.595919e-01
1.251673e-03,-4.577853e+00,7.676039e+00,7.436756e+00,-4.602963e+00,-3.889695e+00,-4.135993e+00,-7.085385e+00,9.306206e+00,-1.974835e+01,6.180677e+00,-3.887066e+00,-1.733490e+01,1.511031e-02,0,5.941072e-01,9.898725e-06,8.184149e-01,-3.083749e-01,1.231200e+00,-8.964807e-01,-3.630915e-01,1.403262e+00,-1.046076e+00,1.978125e+00,-3.248909e+00,1.453708e+00,-2.199617e+00,-2.844742e+00,-6.769417e-03,0,6.224624e-02
1.325788e-03,-4.238122e+00,8.317474e+00,7.915676e+00,-6.417530e+00,-2.566307e+00,-3.078613e+00,-7.034807e+00,1.077420e+01,-2.339469e+01,7.173854e+00,-5.024542e+00,-1.841955e+01,1.329707e-02,0,5.990468e-01,-3.925387e-05,4.178433e-01,4.774370e-01,4.677563e-01,-7.533298e-01,1.650011e-01,1.461497e+00,2.040715e-01,4.160117e-01,-2.332401e+00,5.665006e-01,-1.677913e+00,-4.703352e-01,-1.783016e-03,0,-5.710150e-02
1.160303e-03,-4.002663e+00,9.323761e+00,8.114444e+00,-6.155911e+00,-2.812282e+00,-1.240451e+00,-5.919712e+00,9.469633e+00,-2.464993e+01,6.255291e+00,-7.141403e+00,-1.685657e+01,1.299486e-02,0,4.037689e-01,-1.082782e-04,2.102748e-01,9.685023e-01,1.623133e-01,-4.864067e-01,1.868110e-01,1.165021e+00,5.084005e-01,-8.427124e-01,-1.001728e+00,2.635440e-01,-8.536273e-01,9.670066e-01,-1.813240e-04,0,-1.586040e-01
1.035985e-03,-3.830584e+00,1.048123e+01,7.723937e+00,-6.352261e+00,-2.100765e+00,-3.208110e-01,-5.412014e+00,7.831585e+00,-2.480955e+01,6.089632e+00,-7.778121e+00,-1.546390e+01,1.390148e-02,0,2.012210e-01,-1.531520e-04,3.043292e-01,6.689273e-01,8.553114e-02,-3.094228e-01,-2.310342e-01,6.821890e-01,8.331100e-01,-1.436065e+00,4.110230e-01,3.503194e-01,-9.722366e-02,1.560532e+00,2.719854e-04,0,-1.601863e-01
8.551840e-04,-3.730248e+00,1.143668e+01,8.344192e+00,-7.067631e+00,-3.188411e+00,3.102088e-01,-5.354779e+00,6.563949e+00,-2.404956e+01,8.040508e+00,-6.778413e+00,-1.397769e+01,1.390148e-02,0,0,-1.385800e-04,3.051371e-01,-2.011071e-01,3.389595e-01,-3.495198e-01,-4.357489e-01,-2.354171e-01,8.742012e-01,-1.477511e+00,1.145858e+00,5.791968e-01,5.559337e-01,1.141894e+00,6.950740e-04,0,-1.008759e-01
7.125880e-04,-2.852684e+00,1.060565e+01,8.228457e+00,-7.508784e+00,-3.533413e+00,-4.429983e-01,-3.151724e+00,5.046714e+00,-2.163976e+01,8.032843e+00,-5.692155e+00,-1.205632e+01,1.420369e-02,0,0,-1.347681e-04,1.574223e-01,-1.400263e+00,-1.377307e-01,-4.824525e-01,-7.176391e-01,-7.860855e-01,1.199419e+00,-1.756546e+00,2.018030e+00,2.211932e-01,6.383170e-01,8.733179e-01,1.752796e-03,0,-4.024421e-02
6.291010e-04,-2.965927e+00,8.256011e+00,9.556981e+00,-7.325249e+00,-4.274703e+00,-2.356443e+00,-2.678851e+00,3.474516e+00,-2.050553e+01,8.179669e+00,-5.404717e+00,-1.285088e+01,1.631913e-02,0,0,-1.189909e-04,-2.130337e-01,-2.135374e+00,-1.032552e+00,-7.487282e-01,-8.268714e-01,-6.221116e-01,1.223188e+00,-2.013674e+00,2.051790e+00,-1.213105e-01,3.766039e-01,5.470777e-01,4.049562e-03,0,0
4.751862e-04,-3.425633e+00,5.070241e+00,6.428888e+00,-8.635715e+00,-5.145815e+00,-2.917913e+00,-7.528813e-01,5.935713e-01,-1.649142e+01,7.126017e+00,-5.273384e+00,-1.166071e+01,2.145663e-02,0,0,-1.128462e-04,-6.438549e-01,-2.061616e+00,-1.861624e+00,-8.422702e-01,-6.583360e-01,-1.690034e-02,9.714738e-01,-1.801961e+00,1.938034e+00,8.809266e-02,3.203345e-01,6.216096e-01,5.953460e-03,0,0
3.789304e-04,-4.508942e+00,3.527512e+00,4.081215e+00,-1.024781e+01,-6.516567e+00,-1.562892e+00,-4.382581e-01,-1.277849e+00,-1.636478e+01,7.887369e+00,-5.104780e+00,-1.144010e+01,3.052282e-02,0,0,-9.351806e-05,-6.597275e-01,-1.493642e+00,-2.017936e+00,-6.497512e-01,-4.107881e-01,1.242784e-01,3.751687e-01,-1.037112e+00,1.470308e+00,-1.533440e-01,4.641896e-01,1.122151e+00,5.953460e-03,0,0
2.734425e-04,-5.300451e+00,2.661821e+00,1.658217e+00,-1.025886e+01,-5.704161e+00,-9.242757e-01,5.853486e-01,-1.586907e+00,-1.401996e+01,8.619456e+00,-4.240451e+00,-9.653665e+00,3.686914e-02,0,0,-5.704612e-05,-4.188184e-01,-8.327374e-01,-1.377561e+00,-3.568009e-01,-1.610185e-01,-2.495885e-01,-6.523922e-01,2.076441e-01,1.096799e+00,-2.999805e-01,5.636684e-01,1.039764e+00,3.022060e-03,0,0
2.623826e-04,-5.327156e+00,1.992010e+00,1.852635e+00,-9.762434e+00,-6.049470e+00,-2.731870e+00,-1.472123e+00,-6.208027e-01,-1.438972e+01,6.666230e+00,-3.600235e+00,-8.243650e+00,3.838018e-02,0,0,-3.129862e-05,-5.212045e-02,-4.384440e-01,-9.824080e-01,-4.473162e-01,-1.835214e-01,-4.612654e-01,-1.383363e+00,7.123917e-01,9.228706e-01,-1.079679e+00,6.861469e-01,1.215590e+00,-2.115443e-03,0,0
2.482295e-04,-5.110618e+00,1.674305e+00,6.553720e-01,-1.066241e+01,-6.184456e+00,-3.581367e+00,-3.497910e+00,1.303269e+00,-1.199495e+01,6.236684e+00,-3.207314e+00,-8.060122e+00,3.263826e-02,0,0,-1.354521e-05,1.019472e-01,-1.209307e-01,-6.726300e-01,-5.699212e-01,-3.430093e-01,2.354023e-01,-1.583497e+00,4.024952e-01,5.778111e-01,-9.530929e-01,5.229593e-01,7.069252e-01,-6.165004e-03,0,0
2.350438e-04,-4.864460e+00,1.829049e+00,-3.294021e-01,-1.228261e+01,-7.194027e+00,-2.540673e+00,-5.313442e+00,8.390215e-01,-1.276293e+01,3.680358e+00,-2.190614e+00,-6.158924e+00,2.206104e-02,0,0,-1.372625e-05,7.077751e-02,1.745606e-01,-4.394215e-01,-4.463466e-01,-4.698712e-01,1.077128e+00,-6.501554e-01,-2.355672e-01,7.698506e-01,-3.326003e-01,3.233162e-01,3.390535e-01,-7.464491e-03,0,0
2.193858e-04,-5.022063e+00,2.138648e+00,-6.139138e-01,-1.184837e+01,-6.846930e+00,1.571375e-01,-5.411478e+00,-3.043431e-01,-1.194430e+01,5.346928e+00,-2.330466e+00,-7.161402e+00,1.420369e-02,0,0,-1.156976e-05,2.647233e-02,2.560440e-01,1.235516e-01,9.438439e-02,-4.965205e-01,1.302608e+00,6.734311e-01,-3.214847e-01,9.844893e-01,1.717511e-01,-5.877416e-02,-1.282365e-01,-5.772135e-03,0,0
2.081731e-04,-5.017546e+00,2.632642e+00,2.901706e-01,-1.140118e+01,-8.067590e+00,7.845173e-01,-3.766116e+00,-9.948329e-01,-1.056579e+01,5.448107e+00,-2.422078e+00,-6.997743e+00,1.027501e-02,0,0,-5.247394e-06,6.052828e-02,5.846094e-01,7.025522e-01,6.504337e-01,-2.758396e-01,1.246155e+00,1.990275e+00,-1.930655e-02,9.791482e-01,4.506274e-01,-3.142938e-01,-4.713897e-01,-3.535811e-03,0,0
2.038160e-04,-4.901714e+00,2.552728e+00,9.633436e-01,-1.063120e+01,-8.230277e+00,1.269079e+00,-9.044170e-01,6.127724e-01,-8.171079e+00,6.211565e+00,-3.385453e+00,-8.281895e+00,9.670596e-03,0,0,3.212558e-06,1.206580e-01,8.166254e-01,7.994935e-01,7.888530e-01,2.482124e-01,9.640239e-01,2.077003e+00,-1.147498e-01,2.303664e-01,-1.100965e-02,-6.819880e-02,2.106966e-01,-2.538531e-03,0,0
2.165918e-04,-4.621994e+00,4.545056e+00,2.394730e+00,-9.639031e+00,-7.881551e+00,3.134132e+00,2.384405e+00,2.839310e-01,-9.753803e+00,5.501176e+00,-3.234589e+00,-7.955626e+00,6.648534e-03,0,0,7.922713e-06,2.005600e-01,8.481519e-01,4.969718e-01,9.454613e-01,8.463570e-01,4.944836e-01,9.152668e-01,-5.871048e-01,-4.860317e-01,-1.073587e-01,-8.361697e-03,9.071800e-01,-1.783016e-03,0,0
2.312393e-04,-4.616549e+00,5.265568e+00,2.331274e+00,-8.785183e+00,-5.698887e+00,3.802450e+00,1.898275e+00,-1.517474e+00,-1.119846e+01,5.265345e+00,-2.265204e+00,-5.628977e+00,3.324267e-03,0,0,2.504284e-06,2.005446e-01,6.029271e-01,8.657974e-02,6.970881e-01,8.247434e-01,-8.528277e-01,-9.762522e-01,-7.004997e-01,-3.589187e-01,-3.217627e-01,-2.735822e-01,1.202617e+00,1.511030e-04,0,0
2.340751e-04,-4.157328e+00,5.516982e+00,2.091064e+00,-7.596884e+00,-5.101500e+00,1.990250e+00,-5.911281e-01,-2.865234e+00,-1.148226e+01,5.384424e+00,-3.024011e+00,-3.788301e+00,4.533092e-03,0,0,-7.604239e-06,1.735043e-01,1.250777e-01,-2.783127e-01,1.736779e-01,1.385675e-01,-1.862139e+00,-2.198747e+00,-5.266662e-02,4.075623e-01,-1.913287e-01,-1.023638e+00,2.856273e-01,3.112723e-03,0,0
2.075958e-04,-4.131324e+00,5.081401e+00,1.548075e+00,-8.166831e+00,-5.496586e+00,-2.423118e+00,-4.297911e+00,-1.315143e+00,-9.101443e+00,4.661128e+00,-4.858653e+00,-4.352472e+00,1.148383e-02,0,0,-1.416453e-05,1.964314e-02,3.579574e-02,-4.832127e-01,-1.798111e-01,-5.877298e-01,-1.334000e+00,-1.536182e+00,6.835987e-01,6.587824e-01,-3.919572e-01,-1.430869e+00,-1.198247e+00,4.019341e-03,0,0
1.903923e-04,-3.997085e+00,5.262527e+00,1.394766e+00,-9.079818e+00,-7.289864e+00,-3.063779e+00,-5.511239e+00,-8.056740e-02,-8.764501e+00,4.846641e+00,-7.056057e+00,-7.165742e+00,1.813237e-02,0,0,-1.220138e-05,-1.998334e-01,1.000388e-01,-6.223061e-01,-1.724915e-01,-5.322077e-01,1.679897e-01,-2.536506e-01,6.598421e-01,3.496317e-01,-5.281461e-01,-9.476234e-01,-1.698220e+00,1.541251e-03,0,0
1.822580e-04,-4.598455e+00,5.571774e+00,2.633596e-01,-8.942772e+00,-7.543354e+00,-3.405377e-01,-3.322578e+00,5.081865e-01,-9.263429e+00,3.574450e+00,-7.403528e+00,-9.931492e+00,1.662134e-02,0,0,-5.756141e-06,-3.360286e-01,8.772588e-02,-4.953601e-01,4.446796e-01,-4.575305e-02,1.260359e+00,1.172463e+00,4.105911e-01,-2.495184e-01,-8.437654e-01,-1.878453e-01,-1.297385e+00,-2.296766e-03,0,0
1.857370e-04,-4.922930e+00,5.771989e+00,-3.781084e-01,-8.071371e+00,-6.739155e+00,1.788908e+00,-2.347048e+00,-4.776880e-01,-9.653110e+00,3.287032e+00,-6.489690e+00,-9.489894e+00,9.670596e-03,0,0,-2.848875e-06,-4.173175e-01,3.999662e-02,-1.056104e-01,6.244577e-01,3.667917e-01,6.134405e-01,1.338167e+00,2.733353e-01,2.753315e-02,-8.743385e-01,7.743697e-01,-1.655812e-01,-3.414929e-03,0,0
1.811427e-04,-5.348545e+00,5.265300e+00,-4.228802e-02,-6.447657e+00,-6.000706e+00,1.452333e+00,-1.769090e-02,9.363723e-01,-9.904731e+00,1.222106e+00,-6.081062e+00,-9.677322e+00,4.230885e-03,0,0,-3.567744e-06,-3.087293e-01,-1.270216e-01,2.201014e-01,1.612128e-01,-3.660178e-02,-5.039099e-01,1.012987e+00,4.079300e-02,5.728251e-01,-5.109751e-01,8.789711e-01,2.398984e-01,4.230884e-04,0,0
1.767056e-04,-5.708627e+00,5.615747e+00,1.019538e+00,-7.205087e+00,-6.227230e+00,-8.930114e-01,-4.728452e-01,1.072016e+00,-8.306184e+00,1.651121e+00,-3.845442e+00,-8.120733e+00,7.252946e-03,0,0,-6.051187e-06,-2.346078e-01,-2.761933e-01,7.211989e-03,-5.363593e-01,-5.698176e-01,-1.232847e+00,1.499878e-01,-6.056479e-01,1.110583e+00,-1.522305e-01,5.414864e-01,7.777214e-03,6.104563e-03,0,0
1.689350e-04,-5.749253e+00,5.014786e+00,6.650435e-01,-8.569850e+00,-7.982325e+00,-1.519128e+00,8.052533e-01,-6.270059e-02,-7.072766e+00,1.837530e+00,-4.330797e+00,-9.416580e+00,1.994560e-02,0,0,-6.979289e-06,-1.002970e-01,-3.028557e-01,-5.323984e-01,-6.653440e-01,-5.213882e-01,-1.060459e+00,-9.981894e-01,-1.197828e+00,1.363625e+00,3.260821e-01,4.853199e-02,2.599460e-01,9.761257e-03,0,0
1.615849e-04,-5.895615e+00,4.516280e+00,-6.957142e-01,-9.692071e+00,-8.597433e+00,-2.889597e+00,-2.008581e+00,-3.006391e+00,-5.516176e+00,2.218167e+00,-4.657391e+00,-9.581379e+00,3.233605e-02,0,0,-5.850833e-06,-6.829252e-02,-3.045994e-01,-6.803766e-01,5.118511e-01,5.344236e-01,-2.038956e-01,-1.658415e+00,-9.986202e-01,1.089413e+00,1.063322e-01,-3.570063e-01,8.481802e-01,7.555154e-03,0,0
1.538066e-04,-5.756536e+00,4.300755e+00,-1.846654e+00,-8.530885e+00,-7.422545e+00,-2.851668e+00,-4.240771e+00,-3.013563e+00,-4.481609e+00,2.568992e+00,-5.432428e+00,-7.647270e+00,4.049562e-02,0,0,-2.202895e-06,-1.432068e-01,-1.596570e-01,-2.147450e-01,1.839193e+00,1.990374e+00,7.483104e-01,-1.771669e+00,-1.910822e-02,9.181544e-01,4.007599e-01,1.376739e-01,1.939131e+00,7.252950e-04,0,0
1.550156e-04,-6.046448e+00,4.449766e+00,-1.126496e+00,-4.665314e+00,-3.835002e+00,-1.246220e+00,-6.241909e+00,-2.445654e+00,-4.154696e+00,1.817051e+00,-5.079658e+00,-4.764488e+00,3.475371e-02,0,0,1.975834e-06,-2.549399e-01,-1.214805e-01,3.677255e-01,2.578012e+00,2.372066e+00,1.189606e+00,-7.212335e-01,6.961671e-01,6.151328e-01,4.578288e-01,4.085276e-01,1.784321e+00,-6.527652e-03,0,0
1.612052e-04,-6.389870e+00,4.249758e+00,-1.932902e-01,-1.887262e+00,-4.116715e-01,1.400736e+00,-5.936428e+00,-4.386105e-01,-3.162734e+00,4.041888e+00,-3.431294e+00,-2.129368e+00,2.236325e-02,0,0,3.198098e-06,-3.051981e-01,-1.357677e-01,2.898088e-01,1.894518e+00,1.502359e+00,7.935100e-01,2.321654e-01,8.681610e-01,8.230356e-01,5.446183e-01,6.040372e-01,8.176152e-01,-9.307949e-03,0,0
1.677648e-04,-6.853647e+00,3.934376e+00,3.162313e-01,-1.238225e-01,-2.425376e-01,9.322298e-01,-4.766920e+00,-8.130323e-01,-3.099950e+00,3.770864e+00,-3.615319e+00,-3.418723e+00,8.763977e-03,0,0,1.673616e-07,-2.035125e-01,-2.933755e-02,-3.180378e-01,6.797387e-01,-1.176190e-02,-5.206549e-02,1.075244e+00,7.213392e-01,9.151742e-01,2.863275e-01,2.153416e-01,-4.823423e-01,-6.436991e-03,0,0
1.634225e-04,-6.878927e+00,3.879612e+00,-1.118974e+00,-1.329039e+00,-1.706984e+00,2.665768e-02,-3.817438e+00,5.109312e-01,-8.938037e-01,4.315177e+00,-3.144411e+00,-4.232077e+00,6.950740e-03,0,0,-3.224945e-06,-9.465976e-02,7.546540e-02,-7.652057e-01,-2.937502e-01,-1.039376e+00,-5.619927e-01,1.340615e+00,3.049192e-01,7.492808e-01,1.103804e-01,-7.632279e-03,-1.110110e+00,-1.783016e-03,0,0
1.547438e-04,-6.819482e+00,4.488152e+00,-2.253843e+00,-1.545732e+00,-3.246155e+00,-8.195079e-01,-1.925184e+00,6.862717e-01,-7.132898e-01,3.112044e+00,-4.146391e+00,-6.124845e+00,1.027501e-02,0,0,-2.578578e-06,-1.621186e-01,3.764410e-02,-6.496609e-01,-2.796535e-01,-7.652012e-01,-4.345727e-01,1.364099e+00,2.479998e-01,7.549719e-01,6.728389e-01,3.598981e-01,-5.747747e-01,3.324267e-04,0,0
1.515910e-04,-6.880251e+00,4.350197e+00,-2.734281e+00,-2.645058e+00,-4.106741e+00,-5.333588e-01,-6.542217e-01,3.363336e-01,-6.096599e-01,4.923200e+00,-3.203920e+00,-6.326859e+00,1.269266e-02,0,0,3.681169e-06,-2.290586e-01,-1.429740e-01,-8.282063e-02,2.424521e-01,-7.951145e-02,-1.454695e-01,1.175843e+00,5.066431e-01,7.504199e-01,3.212618e-01,5.878178e-01,2.839679e-01,-1.178604e-03,0,0
1.607877e-04,-7.663578e+00,3.887304e+00,-2.124420e+00,-8.640805e-01,-2.868665e+00,-9.606255e-01,4.719683e-01,5.142654e-01,5.328381e-01,6.831047e+00,-1.786075e+00,-5.245205e+00,7.555153e-03,0,0,9.658383e-06,-1.194002e-01,-2.780235e-01,1.134718e-01,5.079172e-01,6.162241e-01,3.696427e-01,7.951449e-01,1.059870e+00,1.120527e+00,-3.873791e-01,3.796412e-01,1.095116e+00,-3.082502e-03,0,0
1.788064e-04,-7.602172e+00,3.465166e+00,-1.597789e+00,-4.576040e-01,-2.293287e+00,-6.301310e-01,8.631983e-01,3.130150e+00,2.235232e+00,4.061985e+00,-1.385480e+00,-3.252057e+00,2.417649e-03,0,0,8.854414e-06,1.386522e-01,-2.709596e-01,-1.357889e-01,2.425783e-01,6.549922e-01,5.848519e-01,9.653899e-01,1.774455e+00,1.235613e+00,-1.444058e+00,-5.025331e-01,1.002382e+00,-1.903898e-03,0,0
1.894280e-04,-7.055523e+00,3.540550e+00,-2.254730e+00,-9.987370e-02,-1.071762e+00,1.077092e+00,1.291831e+00,4.588715e+00,3.466897e+00,1.605756e+00,-3.157405e+00,-2.186667e+00,0,0,0,3.884634e-07,2.019942e-01,-1.355661e-01,-6.119503e-01,-4.162334e-01,3.841581e-01,4.964843e-01,1.099521e+00,1.552175e+00,6.242827e-01,-1.478192e+00,-1.142493e+00,5.237969e-01,1.722575e-03,0,0
1.815429e-04,-6.491018e+00,3.168776e+00,-3.348071e+00,-1.814270e+00,-1.730232e+00,1.372042e+00,3.762797e+00,7.171385e+00,4.101374e+00,3.155551e-01,-5.030920e+00,-2.844219e+00,6.950740e-03,0,0,-8.917717e-06,-1.566563e-01,-6.264494e-02,-6.600954e-01,-3.716170e-01,3.115433e-01,-1.010653e-01,6.682655e-01,8.187434e-01,-1.103050e-01,-5.590573e-01,-8.917496e-01,-4.853463e-02,4.593533e-03,0,0
1.613617e-04,-7.209184e+00,3.357668e+00,-4.309031e+00,-2.266914e+00,-1.229402e+00,5.207095e-01,4.519775e+00,6.254522e+00,2.721181e+00,1.313301e+00,-5.675818e+00,-2.830140e+00,1.390148e-02,0,0,-1.092107e-05,-4.590980e-01,1.018795e-01,-2.495706e-01,-9.775531e-03,4.340417e-01,-9.355154e-01,-7.537135e-01,-1.746430e-01,-1.014860e+00,-8.799422e-03,7.859135e-03,5.481791e-02,3.445150e-03,0,0
1.482509e-04,-8.308623e+00,3.243382e+00,-3.871116e+00,-1.232169e+00,-6.567500e-01,-8.572662e-01,2.590554e+00,6.390963e+00,2.056565e+00,1.412926e+00,-4.585021e+00,-3.172994e+00,1.843457e-02,0,0,-3.881592e-06,-4.238140e-01,3.066333e-01,1.393336e-01,6.755559e-01,7.709674e-01,-1.030410e+00,-2.280818e+00,-1.051719e+00,-8.886155e-01,4.556259e-01,1.117561e+00,5.689874e-01,-7.252946e-04,0,0
1.514687e-04,-8.442210e+00,4.012644e+00,-3.241061e+00,-4.398019e-01,5.617060e-01,-2.485831e+00,-1.890615e+00,4.105711e+00,-5.849987e-01,1.013073e+00,-3.341059e+00,-1.748190e+00,1.148383e-02,0,0,7.661813e-06,-2.089076e-02,4.549422e-01,6.885052e-02,5.976494e-01,6.291620e-01,-6.872500e-01,-2.444002e+00,-9.979113e-01,2.118707e-03,9.993567e-01,1.850151e+00,1.210390e+00,-4.170444e-03,0,0
1.670815e-04,-7.993575e+00,4.374455e+00,-3.185388e+00,6.499534e-01,1.229051e+00,-2.276737e+00,-4.436100e+00,2.987197e+00,1.311386e+00,2.743798e+00,-6.104947e-01,-5.402570e-01,4.533092e-03,0,0,1.486289e-05,3.052248e-01,4.614048e-01,-3.383229e-01,1.646373e-01,1.768501e-01,3.134647e-01,-1.222769e+00,-4.262282e-01,6.620728e-01,1.482233e+00,1.896025e+00,1.450446e+00,-4.835297e-03,0,0
1.902555e-04,-7.471162e+00,5.066843e+00,-4.307642e+00,-2.197284e-01,9.735077e-01,-2.205805e+00,-4.186908e+00,2.966849e+00,3.104364e+00,5.644648e+00,1.587673e+00,1.905443e+00,0,0,0,1.334026e-05,2.824617e-01,3.257662e-01,-3.275303e-01,-3.446792e-01,-4.680912e-01,1.111001e+00,3.465972e-01,4.110421e-01,1.052737e+00,1.412511e+00,1.131551e+00,7.552477e-01,-2.750076e-03,0,0
2.031719e-04,-7.268023e+00,5.023307e+00,-5.029440e+00,-5.190189e-01,2.159957e-02,5.700440e-01,-2.375146e+00,4.829253e+00,3.522248e+00,6.508302e+00,2.430740e+00,2.252421e+00,0,0,0,3.465146e-06,9.414659e-02,1.834822e-01,1.790449e-01,-4.783627e-01,-7.627546e-01,1.230503e+00,9.601221e-01,3.373548e-01,2.444765e-01,-1.124873e-02,2.555005e-01,-2.655826e-01,6.044122e-04,0,0
2.001247e-04,-7.392677e+00,5.317049e+00,-3.956686e+00,-1.578712e+00,-1.175024e+00,1.645784e+00,-1.188106e+00,5.239893e+00,3.573252e+00,6.193378e+00,7.960803e-01,6.317094e-01,0,0,0,-8.437737e-06,-2.060772e-01,1.145062e-02,7.573145e-01,-1.592607e-01,-5.759609e-01,7.825359e-01,6.586985e-01,-6.641110e-01,-3.311384e-02,-1.209548e+00,-1.461060e-01,-1.176234e+00,3.777576e-03,0,0
1.794726e-04,-7.562084e+00,5.166763e+00,-2.465641e+00,-1.062368e+00,-1.510456e+00,1.949986e+00,-1.134890e+00,3.537449e+00,2.299324e+00,2.413189e+00,1.062804e+00,-1.231304e+00,7.555153e-03,0,0,-1.408870e-05,-5.424286e-01,-1.862297e-01,7.765944e-01,1.107172e-01,-3.582931e-01,-1.711737e-01,2.117503e-02,-1.718232e+00,4.534826e-02,-9.889371e-01,3.481928e-01,-6.669467e-01,5.197945e-03,0,0
1.599165e-04,-8.354518e+00,5.052368e+00,-1.802969e+00,-7.443572e-01,-1.140269e+00,1.016904e+00,-1.513544e+00,2.921961e-01,3.550256e+00,1.644464e+00,1.541111e+00,-2.233865e+00,1.511031e-02,0,0,-1.127020e-05,-7.928458e-01,-3.024947e-01,2.416584e-01,1.734297e-02,-2.977763e-02,-2.472622e-01,1.415794e-01,-1.309571e+00,5.651309e-01,3.389087e-01,9.281262e-01,4.018759e-01,3.263826e-03,0,0
1.528325e-04,-9.499246e+00,4.224499e+00,-2.223326e+00,-3.826104e-01,-1.787243e+00,2.861571e-02,-2.106552e+00,-1.288056e+00,3.760488e+00,3.838074e+00,3.799189e+00,3.504744e-01,1.843457e-02,0,0,-3.285738e-06,-8.167171e-01,-2.913219e-01,-1.092434e-01,-2.222209e-01,3.804845e-02,3.561851e-02,6.313729e-01,-1.397720e-01,7.681097e-01,1.571348e+00,1.184828e+00,1.465960e+00,-1.269266e-03,0,0
1.570938e-04,-1.038833e+01,4.275707e+00,-2.869552e+00,-1.831876e+00,-1.185519e+00,1.370158e+00,5.621830e-03,1.104794e+00,5.668325e+00,7.175480e+00,4.068519e+00,1.850200e+00,1.087942e-02,0,0,3.575429e-06,-5.608581e-01,-1.713458e-01,-1.550836e-01,-9.596397e-02,2.225917e-01,4.957155e-01,9.459004e-01,1.176704e+00,5.437936e-01,1.507734e+00,1.362838e+00,1.946981e+00,-4.533092e-03,0,0
1.644553e-04,-1.062877e+01,4.098484e+00,-2.478567e+00,-1.629713e+00,-1.297589e+00,1.951451e+00,1.262391e+00,2.432290e+00,5.080838e+00,7.504423e+00,5.723238e+00,4.056465e+00,3.324267e-03,0,0,5.245888e-06,-1.673666e-01,-2.881217e-02,-1.613531e-02,4.128455e-01,4.662051e-01,4.588013e-01,3.910550e-01,1.257635e+00,-2.812428e-02,5.736068e-01,1.279334e+00,1.683260e+00,-4.774856e-03,0,0
1.719823e-04,-1.059405e+01,4.258646e+00,-2.450767e+00,-6.006256e-01,-2.721384e-01,2.534064e+00,1.531487e+00,4.315541e+00,5.609049e+00,7.349960e+00,7.393274e+00,5.648046e+00,0,0,0,2.598714e-06,3.644781e-02,-1.814769e-01,-1.250301e-01,1.119159e+00,6.038802e-01,-1.552736e-01,-6.587657e-01,4.699669e-01,-3.105628e-01,-1.010596e-01,6.731421e-01,1.174042e+00,-2.206104e-03,0,0
1.716177e-04,-1.023322e+01,4.088969e+00,-2.513396e+00,1.065992e+00,8.709232e-02,1.740669e+00,-9.142100e-01,3.394744e+00,3.649504e+00,6.618867e+00,8.533482e+00,6.867854e+00,0,0,0,-2.884558e-06,-2.366200e-02,-4.923420e-01,-3.880804e-01,1.334075e+00,9.589493e-01,-4.760311e-01,-1.125661e+00,3.357222e-02,-1.446090e-01,-8.002772e-02,1.042250e-01,3.904239e-01,9.066179e-05,0,0
1.665061e-04,-1.040386e+01,3.373080e+00,-3.477288e+00,2.416067e+00,1.141542e+00,6.991808e-01,-2.199906e+00,2.973401e+00,4.831178e+00,7.112959e+00,6.029108e+00,6.314718e+00,1.511030e-03,0,0,-7.916715e-06,-1.450524e-01,-8.387586e-01,-6.213187e-01,1.085455e+00,6.848075e-01,-7.248822e-01,-8.349861e-01,-7.406201e-01,-3.978531e-02,-1.678557e-01,-4.486848e-01,-5.869961e-03,1.027501e-03,0,0
1.527706e-04,-1.084217e+01,2.079557e+00,-3.905708e+00,3.532314e+00,2.790318e+00,4.887369e-01,-2.500216e+00,3.271221e+00,4.746728e+00,7.222785e+00,6.926446e+00,5.675249e+00,3.022061e-03,0,0,-8.285424e-06,4.479278e-01,-3.427634e-01,-4.246684e-01,3.765966e-01,2.162381e-02,-7.111059e-01,-2.174132e-01,-8.786726e-01,3.529282e-02,-3.036629e-01,-9.020960e-01,-3.669401e-01,2.024781e-03,0,0
1.418223e-04,-1.101483e+01,1.069560e+00,-4.861204e+00,3.593490e+00,1.800287e+00,-4.643816e-01,-1.850441e+00,6.742023e-01,4.861510e+00,6.208724e+00,5.953368e+00,6.214999e+00,3.626473e-03,0,0,-3.750328e-06,1.627727e+00,8.347982e-01,1.610975e-01,-5.284480e-01,-8.575438e-01,-6.447924e-01,1.827729e-02,-1.014926e+00,-4.797863e-01,-1.119889e+00,-1.721727e+00,-5.410221e-01,3.203385e-03,0,0
1.425325e-04,-7.688092e+00,3.526912e+00,-3.944779e+00,2.360264e+00,-1.341610e-01,-1.233079e+00,-2.176009e+00,1.509809e-01,3.810802e+00,5.552671e+00,4.060872e+00,5.083013e+00,9.066183e-03,0,0,2.539116e-06,2.195396e+00,1.627978e+00,8.055903e-01,-7.747518e-01,-9.655554e-01,-1.737245e-01,8.482166e-02,-1.589113e-01,-3.082971e-01,-1.471145e+00,-2.676346e+00,-8.922728e-01,3.566032e-03,0,0
1.528735e-04,-3.842265e+00,6.823393e+00,-2.652265e+00,3.598526e-01,-1.683938e+00,-1.663874e+00,-2.270623e+00,-5.411065e-01,2.900209e+00,2.348571e+00,-1.146741e+00,3.905725e+00,1.450589e-02,0,0,4.700822e-06,1.287011e+00,1.182758e+00,8.653078e-01,-4.319727e-01,-1.378844e-01,7.428507e-01,4.024854e-01,1.089859e+00,-1.347568e-01,-1.470261e+00,-2.051620e+00,-9.485051e-01,2.024781e-03,0,0
1.599405e-04,-3.451472e+00,7.342531e+00,-9.822267e-01,1.275373e+00,-2.953473e-01,2.198602e-01,-1.866016e+00,3.084319e+00,4.185894e+00,1.797136e+00,-2.905230e+00,2.368522e+00,1.541251e-02,0,0,1.427888e-06,-6.461636e-01,-2.867381e-01,3.572583e-02,1.368746e-01,4.959922e-01,1.314087e+00,9.250633e-01,1.246671e+00,-2.878651e-01,-7.708575e-01,-7.507178e-01,-5.770258e-01,-5.741916e-04,0,0
1.566224e-04,-6.698090e+00,5.075538e+00,-2.015941e+00,1.976072e+00,1.191458e+00,2.523402e+00,6.990036e-03,4.656830e+00,4.000181e+00,7.351861e-01,-8.216813e-01,2.829719e+00,1.057721e-02,0,0,-2.275352e-06,-1.784830e+00,-1.256609e+00,-9.502860e-01,1.003914e-01,5.942055e-01,1.324079e+00,1.055811e+00,1.071717e+00,-4.119965e-01,7.809140e-01,6.652896e-01,-3.501885e-01,-1.390148e-03,0,0
1.477975e-04,-9.490997e+00,2.967149e+00,-4.084312e+00,2.236527e+00,9.081022e-01,3.243716e+00,1.310501e+00,3.785368e+00,1.821491e+00,2.505076e+00,1.447528e-01,2.735887e+00,8.159565e-03,0,0,-1.685781e-07,-1.490548e+00,-1.091087e+00,-1.488548e+00,-4.631169e-01,2.437593e-01,6.136368e-01,7.651323e-01,4.912018e-01,-1.920778e-01,1.718904e+00,8.887601e-01,-1.736067e-01,-1.208825e-03,0,0
1.475683e-04,-9.746651e+00,2.728041e+00,-5.852652e+00,3.812329e-01,6.853647e-01,3.444592e+00,1.420172e+00,4.466952e+00,2.022428e+00,5.899171e+00,6.547157e-01,1.971100e+00,1.118163e-02,0,0,6.129661e-06,-6.489059e-01,-3.768759e-01,-1.130881e+00,-5.468366e-01,2.489808e-01,2.445007e-01,3.132109e-01,7.198259e-01,1.123119e+00,2.339708e+00,4.473283e-01,-4.197300e-01,-1.118163e-03,0,0
1.636247e-04,-9.379930e+00,3.060843e+00,-6.506609e+00,-2.427918e-01,1.176496e+00,2.827449e+00,1.253054e+00,5.635267e+00,4.214381e+00,7.809664e+00,8.003721e-01,1.929798e+00,9.066183e-03,0,0,9.783241e-06,-1.354128e-01,1.510411e-01,-4.163222e-01,-1.123059e-01,2.286529e-01,5.595946e-02,1.451613e-01,7.859847e-01,2.046125e+00,1.604040e+00,3.365304e-01,-2.544307e-01,-1.450589e-03,0,0
1.793571e-04,-9.998154e+00,3.144312e+00,-6.459199e+00,4.815485e-01,2.302165e+00,3.954040e+00,1.601768e+00,7.331009e+00,8.419332e+00,9.781429e+00,1.087151e+00,1.134114e+00,4.533092e-03,0,0,5.808659e-06,-1.689161e-01,2.906522e-01,3.268349e-01,6.086484e-01,1.297209e-01,2.702143e-01,3.359150e-01,3.074481e-01,1.656033e+00,8.954743e-01,6.119922e-01,-3.177415e-01,-1.027501e-03,0,0
1.808193e-04,-1.004231e+01,3.514219e+00,-5.862649e+00,1.624840e+00,1.242967e+00,3.268790e+00,1.945510e+00,6.283263e+00,8.853667e+00,8.584146e+00,1.611188e+00,1.882227e+00,4.230885e-03,0,0,-2.429014e-06,-1.136930e-01,2.728269e-01,7.339568e-01,6.494810e-01,-6.676430e-02,4.151343e-01,1.689647e-01,-1.502220e-01,2.999734e-01,9.696569e-02,9.090363e-01,-3.339380e-01,1.118163e-03,0,0
1.680142e-04,-1.026004e+01,3.954614e+00,-4.540457e+00,2.490659e+00,1.300734e+00,4.574993e+00,2.753519e+00,5.680195e+00,7.982952e+00,9.989302e+00,3.309269e+00,4.061780e-01,8.461771e-03,0,0,-6.708178e-06,1.076405e-01,9.064984e-02,7.362491e-01,5.961833e-01,2.042035e-01,3.702874e-01,1.891151e-01,-4.715306e-01,-1.193246e+00,-5.005764e-01,9.353879e-01,-2.124240e-01,1.631913e-03,0,0
1.571511e-04,-9.817451e+00,4.019826e+00,-3.796196e+00,2.000058e+00,1.343390e+00,4.592644e+00,1.522002e+00,5.709565e+00,5.932438e+00,8.190557e+00,4.234495e+00,6.240754e-01,1.269266e-02,0,0,-6.396510e-06,3.392834e-01,-3.002439e-01,2.438370e-01,1.711452e-01,2.117476e-01,2.119731e-01,-2.339508e-01,-2.498279e-01,-1.287104e+00,-9.067696e-01,2.372745e-01,2.500388e-01,2.538531e-03,0,0
1.576503e-04,-9.572381e+00,3.344757e+00,-3.811181e+00,3.274856e+00,3.272971e+00,5.143550e+00,2.759097e+00,5.260205e+00,3.913716e+00,7.475342e+00,4.452436e+00,7.010692e-01,8.461771e-03,0,0,-4.158830e-06,7.246251e-01,-4.605324e-01,-4.544898e-01,-2.724744e-01,-3.170684e-01,-3.817882e-01,-4.214600e-01,-3.460677e-01,-9.659353e-01,-1.609726e+00,-7.077051e-01,8.089392e-01,8.159566e-03,0,0
1.540187e-04,-8.689723e+00,2.317928e+00,-5.008103e+00,2.088468e+00,1.315586e+00,4.044377e+00,7.729666e-01,5.244118e+00,4.452764e+00,5.307277e+00,2.225976e+00,2.984976e+00,1.692354e-02,0,0,-4.253242e-06,7.482665e-01,-3.951100e-01,-9.467446e-01,-8.845409e-01,-9.600375e-01,-6.947239e-01,-3.068667e-01,-6.825514e-01,-4.806663e-01,-1.668465e+00,-1.438750e+00,3.214708e-01,1.855545e-02,0,0
1.487863e-04,-7.200779e+00,2.502902e+00,-6.206953e+00,1.084082e+00,-2.707063e-01,2.940186e+00,1.020737e+00,4.182580e+00,3.893112e+00,3.382314e+00,7.750027e-01,3.270424e+00,4.714416e-02,0,0,-5.503901e-06,4.910564e-01,-2.353406e-02,-7.676245e-01,-1.227273e+00,-1.034829e+00,-8.747333e-01,-4.795488e-01,-1.153631e+00,-8.395720e-01,-1.844720e+00,-1.424597e+00,-4.674084e-01,2.348141e-02,0,0
1.403169e-04,-7.261919e+00,2.465204e+00,-7.332033e+00,-1.327260e+00,-1.684959e+00,2.220707e+00,8.568487e-01,2.835621e+00,3.539408e+00,1.894747e+00,-1.120536e+00,9.467523e-01,8.612874e-02,0,0,-4.765506e-06,-2.139652e-01,1.409671e-01,-3.682405e-01,-6.686954e-01,-5.800138e-02,-6.367058e-01,-3.198485e-01,-1.299558e+00,-1.172515e+00,-1.187496e+00,-1.010568e+00,-1.349379e+00,1.378060e-02,0,0
1.369817e-04,-7.831001e+00,3.153449e+00,-6.487339e+00,-1.153644e+00,-4.008998e-01,1.681718e+00,3.194119e-01,6.962970e-01,1.725342e-01,-4.199457e-02,-9.972920e-01,-6.168610e-01,9.126624e-02,0,0,-2.666826e-06,-7.895744e-01,8.320677e-02,5.690718e-02,-4.729757e-02,6.714248e-01,-1.711442e-01,-5.941750e-01,-6.397927e-01,-3.794271e-01,-4.711138e-01,-6.825210e-01,-1.242325e+00,-5.923240e-03,0,0
1.360934e-04,-9.444438e+00,2.697490e+00,-6.709113e+00,-1.361466e-01,1.090676e+00,1.490082e+00,-4.756134e-01,4.894691e-01,4.504761e-01,1.081951e+00,-1.940715e+00,-1.818276e+00,6.376549e-02,0,0,-3.109264e-07,-8.246740e-01,2.390988e-02,2.397491e-01,4.448736e-01,9.337788e-01,2.309495e-02,-4.212391e-01,6.441326e-01,1.032345e+00,4.053816e-01,-5.647310e-01,-7.890500e-01,-1.931097e-02,0,0
1.375639e-04,-1.005739e+01,2.802793e+00,-6.233877e+00,2.520376e-01,1.698600e+00,2.449777e+00,-1.283907e+00,2.156692e+00,3.540443e+00,1.433143e+00,-2.227513e+00,-1.558689e+00,2.870958e-02,0,0,1.103725e-06,-3.846332e-01,1.409216e-01,5.957782e-01,6.642038e-01,4.318990e-01,1.852680e-01,-2.572538e-01,1.380687e+00,1.931593e+00,8.579796e-01,-8.685066e-01,-4.451324e-01,-1.776972e-02,0,0
1.384712e-04,-1.027209e+01,2.760082e+00,-6.260018e+00,1.942673e-01,1.934185e+00,1.952152e+00,-4.476874e-01,5.326086e+00,7.017180e+00,3.184086e+00,-3.329081e+00,-2.527584e+00,2.085222e-02,0,0,1.755050e-06,2.248219e-01,4.769893e-01,1.175740e+00,6.301237e-01,-1.828875e-01,-3.038013e-02,-1.429814e-01,1.069124e+00,5.001259e-01,1.169718e-01,-8.694648e-01,6.202000e-02,-9.187066e-03,0,0
1.413115e-04,-9.340340e+00,3.826761e+00,-3.732995e+00,2.002169e+00,1.336841e+00,2.377023e+00,-9.808199e-01,5.181422e+00,6.547147e+00,3.196836e+00,-4.645642e+00,-2.487869e+00,2.387428e-02,0,0,2.408783e-06,7.420608e-01,8.349184e-01,1.542492e+00,8.710440e-01,-3.395783e-01,-5.108681e-02,-8.980739e-02,-7.201719e-03,-1.312412e+00,-5.595149e-01,-5.948706e-01,6.331049e-01,-3.686915e-03,0,0
1.429949e-04,-8.678855e+00,4.570452e+00,-2.080853e+00,2.139406e+00,3.571184e-01,1.374559e+00,-1.342064e+00,4.322721e+00,1.447753e+00,7.849634e-01,-5.078974e+00,-1.043586e+00,2.024781e-02,0,0,2.272561e-06,7.452357e-01,8.325588e-01,1.436428e+00,6.930669e-01,2.637268e-02,2.168844e-01,1.456205e-01,-6.246626e-01,-1.934398e+00,-9.272516e-01,2.902886e-01,7.899153e-01,-4.472651e-03,0,0
1.473459e-04,-7.143707e+00,6.072199e+00,-6.109979e-01,3.634688e+00,7.892417e-01,2.483140e+00,-1.285756e+00,2.622366e+00,-2.369041e-01,-1.648701e-01,-4.326920e+00,8.648367e-01,1.057721e-02,0,0,1.170319e-06,5.880219e-01,5.345446e-01,6.715497e-01,2.337984e-01,4.339742e-01,3.229741e-01,6.572266e-01,-3.325672e-01,-8.756694e-01,-4.881934e-01,8.690876e-01,3.074432e-01,-3.807797e-03,0,0
1.468168e-04,-7.644231e+00,5.800156e+00,-6.388742e-01,2.843342e+00,2.339848e+00,2.983516e+00,4.328831e-01,3.482301e+00,7.372155e-01,2.286805e-01,-2.036999e+00,-2.543603e-01,5.137504e-03,0,0,1.060325e-07,1.276710e-01,8.610205e-02,-6.815624e-03,-6.788321e-02,6.157106e-01,3.087519e-01,8.492966e-01,5.469520e-02,7.381298e-01,-1.209264e-01,9.385660e-01,-1.933744e-01,6.044088e-05,0,0
1.452521e-04,-6.917542e+00,5.884632e+00,-1.096235e+00,2.819193e+00,2.515347e+00,3.187415e+00,1.417840e+00,3.938796e+00,2.524070e+00,1.034010e+00,-1.821191e+00,-1.345266e+00,1.239045e-02,0,0,-3.723079e-07,-1.663946e-01,-4.091352e-01,-5.150379e-01,-3.548128e-01,4.746722e-01,3.489668e-01,8.997649e-01,4.245791e-01,9.449629e-01,-3.146819e-01,5.620620e-01,-1.235843e-01,2.598973e-03,0,0
1.445719e-04,-8.153583e+00,5.094746e+00,-1.872312e+00,2.207738e+00,2.572619e+00,2.566180e+00,1.552621e+00,3.937982e+00,3.757915e+00,-4.191088e-01,-1.639008e+00,-9.054065e-01,1.964340e-02,0,0,1.054679e-07,-2.157042e-01,-5.389570e-01,-5.847340e-01,-1.684736e-01,3.693992e-01,5.702701e-01,1.814621e-01,-8.645964e-02,5.025083e-01,-1.800225e-01,-2.958603e-01,1.364176e-01,4.442430e-03,0,0
1.466068e-04,-7.721004e+00,4.379229e+00,-2.569468e+00,2.178426e+00,3.046217e+00,4.436642e+00,2.653199e+00,4.517421e+00,2.977560e+00,-1.414385e+00,-1.715605e+00,5.724385e-01,1.631913e-02,0,0,-1.067237e-07,-3.437539e-01,-7.023851e-01,-5.265281e-01,-6.217341e-02,-1.033187e-03,5.376625e-01,-7.835689e-01,-5.874650e-01,8.507943e-03,6.504105e-01,5.192975e-02,4.476683e-02,6.739196e-03,0,0
1.466668e-04,-8.321021e+00,3.858073e+00,-2.825928e+00,2.321357e+00,3.921408e+00,5.210253e+00,7.225139e-01,2.760691e+00,3.023011e+00,5.527654e-01,-3.569094e+00,-5.311246e-01,2.538531e-02,0,0,-9.841970e-07,-3.268394e-01,-6.497968e-01,-5.091043e-01,1.839313e-01,-4.817718e-01,1.807227e-02,-1.521059e+00,-1.026534e+00,3.030454e-01,1.603317e+00,6.154410e-01,-1.822780e-02,1.060743e-02,0,0
1.436711e-04,-8.552592e+00,2.991043e+00,-3.252068e+00,2.451516e+00,1.835786e+00,4.553691e+00,-2.084951e+00,1.590117e+00,2.934061e+00,3.800125e+00,-5.964997e-01,-1.308573e+00,4.321547e-02,0,0,-1.253227e-06,-3.488655e-01,-5.348442e-01,-7.415688e-01,4.506447e-02,-7.738401e-01,-6.854209e-01,-1.572919e+00,-7.085478e-01,1.137628e+00,1.859405e+00,1.522635e+00,3.402601e-01,1.003324e-02,0,0
1.411188e-04,-9.371985e+00,2.539855e+00,-4.076534e+00,2.990849e+00,7.689758e-01,2.598017e+00,-3.683598e+00,2.689617e-01,5.294892e+00,4.990219e+00,8.786445e-01,-5.603997e-02,5.923240e-02,0,0,-9.413546e-07,-6.679048e-02,-2.798507e-01,-8.268543e-01,-2.373551e-01,-3.749042e-01,-8.132792e-01,-7.160342e-01,4.591563e-02,9.360901e-01,7.714499e-01,1.375906e+00,9.238442e-01,1.601693e-03,0,0
1.431147e-04,-8.939850e+00,2.364117e+00,-5.652009e+00,2.069002e+00,7.532330e-01,2.315655e+00,-3.008340e+00,2.220547e+00,7.529758e+00,5.663912e+00,3.673703e+00,2.036197e+00,4.956180e-02,0,0,9.734504e-08,1.656313e-01,1.577921e-01,-6.429444e-01,-8.220560e-01,1.540147e-01,-6.099983e-01,3.659749e-01,6.947280e-01,-4.054928e-03,-5.037945e-01,3.575769e-01,8.530505e-01,-8.582653e-03,0,0
1.422382e-04,-8.461345e+00,2.772283e+00,-5.760229e+00,1.325839e+00,2.588164e+00,2.262875e+00,-2.395962e+00,2.675054e+00,5.405613e+00,3.478122e+00,1.175333e+00,2.415711e+00,3.022061e-02,0,0,8.812887e-07,1.314903e-01,4.111594e-01,-9.464331e-02,-8.436085e-01,1.652071e-01,-3.615018e-01,9.531037e-01,1.212014e+00,-9.504074e-01,-1.028506e+00,-2.397991e-01,1.708533e-01,-1.375038e-02,0,0
1.435981e-04,-8.179756e+00,3.663790e+00,-5.624942e+00,-8.262585e-01,1.696266e+00,1.671271e+00,-8.988941e-01,3.860710e+00,2.858426e+00,2.037202e+00,1.043041e+00,1.720804e+00,1.480810e-02,0,0,1.479301e-06,-1.717197e-01,4.371128e-01,2.140197e-01,-3.792575e-01,7.008543e-02,-1.440781e-01,9.797741e-01,1.115331e+00,-1.246646e+00,-9.061669e-01,-5.713931e-01,-1.466565e-01,-1.178604e-02,0,0
1.452835e-04,-9.094581e+00,3.945815e+00,-4.563284e+00,2.204373e-01,1.123495e+00,1.112700e+00,2.719736e-02,5.508949e+00,2.878521e+00,1.661045e+00,9.949802e-01,9.559228e-01,7.857359e-03,0,0,1.388199e-06,-1.753855e-01,2.251513e-01,1.306951e-01,2.009068e-01,7.189870e-04,-2.680008e-01,2.092430e-01,7.680650e-01,-8.339897e-01,-4.125932e-01,-4.949313e-01,-3.446077e-01,-6.557873e-03,0,0
1.489885e-04,-9.481831e+00,3.962914e+00,-5.180383e+00,7.254155e-01,1.835994e+00,2.170352e+00,6.789505e-01,6.380256e+00,2.560073e+00,2.041616e+00,9.069138e-01,2.032809e+00,1.813237e-03,0,0,4.189336e-07,1.745762e-01,1.470830e-01,3.572281e-01,1.110373e+00,6.421056e-01,-2.501477e-01,-4.610379e-01,-1.571121e-02,-5.894619e-01,-1.873864e-01,-8.424244e-01,-5.832964e-01,-3.928681e-04,0,0
1.464840e-04,-8.687235e+00,3.748477e+00,-5.329032e+00,1.554536e+00,2.521894e+00,6.733307e-01,-2.138670e+00,5.255606e+00,1.384841e+00,1.412948e+00,-1.231260e+00,5.366704e-01,3.928680e-03,0,0,1.610737e-07,7.558693e-01,4.804076e-01,7.794822e-01,1.429826e+00,8.698658e-01,-9.530509e-02,-4.178602e-01,-3.573220e-01,-1.347522e-01,7.582402e-03,-9.923400e-01,-1.128551e+00,4.744635e-03,0,0
1.450925e-04,-7.510548e+00,4.497874e+00,-3.455928e+00,4.058559e+00,4.207594e+00,6.402169e-01,-2.121150e+00,3.908826e+00,6.579564e-01,1.224318e+00,-2.055961e+00,-9.860516e-01,1.480810e-02,0,0,2.804911e-07,7.836146e-01,7.473351e-01,1.319557e+00,1.588491e+00,8.964720e-01,3.382662e-01,3.060194e-01,1.504879e-01,8.046050e-01,6.799515e-01,-5.232105e-01,-1.358056e+00,7.736476e-03,0,0
1.480369e-04,-6.300875e+00,6.080373e+00,-1.528101e+00,5.702997e+00,4.287024e+00,1.401242e+00,-6.620535e-01,4.958054e+00,3.155818e+00,2.107606e+00,-2.485282e+00,-3.177401e+00,2.508310e-02,0,0,2.434857e-06,3.851411e-01,6.449133e-01,1.178824e+00,1.106142e+00,7.435161e-01,1.049000e+00,1.029757e+00,6.434367e-01,1.364748e+00,1.085125e+00,3.676439e-01,-4.854421e-01,5.258386e-03,0,0
1.496145e-04,-6.756938e+00,6.533642e+00,-4.830637e-01,6.593641e+00,5.435789e+00,3.497728e+00,1.470739e+00,7.281471e+00,5.697609e+00,5.094044e+00,-1.082128e+00,-2.900434e+00,2.991840e-02,0,0,3.976867e-06,1.457018e-01,1.354038e-01,4.329571e-01,2.896605e-01,-1.557827e-03,7.421642e-01,8.686188e-01,-2.110848e-02,1.020948e+00,8.916115e-01,8.030754e-01,7.617866e-01,-5.439706e-04,0,0
1.563973e-04,-7.138335e+00,5.955160e+00,-9.213465e-01,5.817707e+00,5.625377e+00,4.489575e+00,1.214170e+00,6.786467e+00,5.688754e+00,4.903712e+00,1.200425e-01,-9.333487e-01,2.266546e-02,0,0,6.515379e-06,2.489931e-01,-3.376535e-01,-3.553066e-02,1.166775e-01,-5.865492e-01,1.181024e-01,3.125852e-01,-1.563416e+00,-4.641853e-01,-5.217062e-01,6.115738e-01,2.022693e+00,-5.590812e-03,0,0
1.607967e-04,-6.363309e+00,5.237500e+00,-1.594519e+00,5.449506e+00,3.530628e+00,2.806871e+00,1.283832e+00,2.889077e+00,4.496230e+00,4.284322e+00,6.567534e-01,1.700855e+00,1.329707e-02,0,0,7.094460e-06,5.547062e-01,-2.694975e-01,-8.616219e-02,3.666230e-01,-1.124826e+00,-3.132995e-01,-2.002392e-02,-2.160143e+00,-1.240624e+00,-2.027415e+00,1.720336e-01,2.284513e+00,-7.283167e-03,0,0
1.750227e-04,-5.252724e+00,5.040176e+00,-1.150026e+00,6.858452e+00,2.306859e+00,2.337183e+00,9.943259e-01,-6.628286e-01,1.435582e+00,-9.606361e-02,-2.968535e-01,4.635420e+00,5.439710e-03,0,0,3.862695e-06,4.074180e-01,-6.767931e-02,2.406553e-01,8.011593e-01,-7.236933e-01,4.374719e-03,2.156774e-01,-1.319018e+00,-1.151352e+00,-2.417361e+00,-3.167494e-01,1.149292e+00,-4.805077e-03,0,0
1.757741e-04,-4.926212e+00,5.643646e+00,-7.995346e-01,7.906384e+00,1.470916e+00,3.007427e+00,1.480542e+00,2.054048e-01,1.621077e+00,-2.543144e+00,-1.351186e-02,5.737750e+00,2.115443e-03,0,0,-1.624355e-06,-6.916618e-03,2.881178e-01,5.300605e-01,1.026327e+00,7.298141e-01,8.997129e-01,1.569370e-01,-1.472292e-01,-5.883865e-01,-1.935026e+00,-5.672361e-01,-4.865152e-01,-7.252948e-04,0,0
1.682220e-04,-5.819794e+00,5.413690e+00,-1.155620e-01,8.595065e+00,3.036767e+00,4.411171e+00,2.194202e+00,1.533213e+00,1.369568e+00,-3.769358e+00,-1.128572e+00,2.794664e+00,4.230885e-03,0,0,-7.617804e-06,-3.678891e-01,2.605341e-01,3.818125e-01,7.788152e-01,1.649034e+00,1.163841e+00,5.451256e-02,-1.050716e-01,-6.085435e-01,-8.963112e-01,-5.050510e-01,-1.575786e+00,2.810517e-03,0,0
1.560752e-04,-6.114357e+00,6.491333e+00,5.385512e-01,9.712834e+00,6.814744e+00,6.268442e+00,1.468579e+00,1.054911e+00,1.587304e+00,-3.554160e+00,-1.763568e+00,1.886570e-01,1.027501e-02,0,0,-6.813888e-06,-5.943949e-01,-5.145874e-02,1.060762e-01,4.578896e-01,2.015443e+00,8.063170e-01,-8.087052e-02,-2.422901e-01,-6.283165e-01,2.797789e-01,-1.352144e-01,-1.051729e+00,3.354488e-03,0,0
1.467831e-04,-6.498096e+00,5.919004e+00,8.999336e-02,9.849302e+00,7.880116e+00,6.525880e+00,1.272870e+00,-1.612939e+00,-1.590249e+00,-4.072112e+00,-1.947080e+00,-4.689644e-01,1.541251e-02,0,0,-5.763985e-07,-6.698791e-01,-3.478127e-01,-1.597486e-01,9.034195e-02,1.172351e+00,-1.262812e-01,-2.537259e-01,3.342770e-01,1.703061e-01,1.423167e+00,3.247063e-01,-1.009835e-01,7.252948e-04,0,0
1.524242e-04,-7.559035e+00,5.133696e+00,-3.719312e-01,9.568713e+00,9.126454e+00,5.981657e+00,1.536855e+00,5.670304e-01,-4.059665e-02,-9.928730e-01,-2.803299e-01,2.110921e+00,1.329707e-02,0,0,5.149197e-06,-5.463998e-01,-3.102210e-01,-1.135862e-01,-3.014755e-01,1.507437e-01,-1.122106e+00,-4.008492e-01,1.268542e+00,1.143912e+00,2.157862e+00,4.218933e-01,2.672442e-01,-2.719855e-03,0,0
1.671656e-04,-8.446851e+00,4.353445e+00,-4.590639e-01,9.118835e+00,7.742666e+00,3.923158e+00,8.914344e-01,3.448538e+00,3.035049e+00,2.065831e+00,-2.466595e-01,1.328615e+00,6.346328e-03,0,0,6.078656e-06,-1.653318e-01,1.680922e-01,1.722881e-01,-2.780925e-01,8.271789e-03,-7.802875e-01,-3.126450e-01,1.648955e+00,1.454566e+00,1.846192e+00,4.652594e-01,-2.259078e-01,-3.263826e-03,0,0
1.716300e-04,-7.871979e+00,5.723007e+00,2.451490e-01,8.570690e+00,7.637188e+00,1.959272e+00,-3.449490e-01,4.866880e+00,4.994214e+00,4.166182e+00,-5.043122e-01,6.260883e-01,1.208824e-03,0,0,1.781038e-07,2.116168e-01,5.589908e-01,3.941775e-01,-4.815597e-02,-1.419169e-01,-7.125001e-02,-6.692082e-02,4.594679e-01,2.388900e-01,5.561057e-01,5.596539e-01,-8.474780e-01,-7.857360e-04,0,0
1.675735e-04,-7.168283e+00,6.464809e+00,6.428936e-01,8.957851e+00,8.666108e+00,4.635635e+00,6.505470e-01,4.481912e+00,3.165176e+00,2.579319e+00,4.912081e-01,-8.560874e-01,5.137504e-03,0,0,-5.192864e-06,1.610788e-01,5.288320e-01,3.727811e-01,-1.404099e-01,1.657057e-02,8.174158e-01,1.131892e-03,-6.434981e-01,-3.185095e-01,9.925508e-02,6.426199e-01,-1.034022e+00,1.964340e-03,0,0
1.531107e-04,-7.140234e+00,6.872967e+00,1.047978e+00,9.408425e+00,7.955149e+00,5.269168e+00,1.322695e+00,2.347683e+00,1.088790e+00,1.530911e+00,2.149006e+00,-1.034118e+00,9.972801e-03,0,0,-6.196859e-06,-9.713893e-02,3.120006e-01,2.667504e-01,-1.750691e-01,-4.721996e-01,4.575813e-01,-4.981824e-01,-1.657348e+00,-7.051873e-01,-7.910516e-02,-2.609033e-01,-1.176505e+00,3.203385e-03,0,0
1.504609e-04,-8.007329e+00,6.422625e+00,1.003427e+00,7.997919e+00,7.666538e+00,6.355289e+00,6.327200e-02,1.490646e+00,3.395213e+00,3.879741e+00,1.639781e+00,-3.011391e+00,1.178604e-02,0,0,-3.549863e-06,-2.180067e-01,2.123612e-01,7.081626e-02,-6.324599e-01,-7.624381e-01,-2.340170e-01,-8.219665e-01,-1.489475e+00,-2.947312e-01,5.212693e-01,-9.522293e-01,-6.429538e-01,3.656694e-03,0,0
1.492020e-04,-7.938151e+00,7.304102e+00,1.398634e+00,8.175311e+00,5.775975e+00,3.387352e+00,-2.542223e+00,-1.924228e+00,1.353258e+00,3.120445e+00,-2.383115e+00,-4.178786e+00,1.390148e-02,0,0,-1.146895e-07,-7.499614e-02,2.150993e-01,-5.577563e-02,-5.084587e-01,-5.971298e-01,-5.560533e-01,-4.238243e-01,-6.524094e-01,-4.464864e-01,2.401430e-01,-1.225834e+00,2.657301e-01,4.835297e-03,0,0
1.517786e-04,-7.859358e+00,7.311048e+00,8.216467e-01,6.412109e+00,5.943505e+00,4.406458e+00,-1.526827e+00,-8.295090e-01,1.559285e+00,4.390899e+00,-2.003878e+00,-2.498523e+00,2.145663e-02,0,0,8.922885e-07,8.246422e-04,-2.426295e-02,-3.079460e-01,-1.860494e-01,-1.627786e-01,-4.216296e-01,1.880017e-01,3.066707e-01,-1.765041e-01,3.189890e-01,-3.233810e-01,1.200344e+00,3.777577e-03,0,0
1.518784e-04,-7.589200e+00,7.504252e+00,8.599896e-01,7.659037e+00,5.831017e+00,3.463317e+00,-1.377344e-03,2.457133e-01,-2.256784e-01,2.476048e+00,-2.158337e+00,3.809766e-02,2.931399e-02,0,0,3.626599e-07,-4.264379e-02,-5.416286e-01,-7.311044e-01,-6.834555e-02,1.280107e-01,6.936879e-02,4.441335e-01,7.905823e-01,7.566785e-01,3.205733e-01,1.963251e-01,1.230617e+00,-5.137501e-04,0,0
1.535841e-04,-8.177681e+00,6.201235e+00,-2.669806e-01,7.325809e+00,6.825124e+00,4.209158e+00,-2.671426e-01,1.939029e+00,3.302161e+00,5.796885e+00,-8.951316e-02,8.818883e-01,2.296767e-02,0,0,-5.426613e-07,-2.195039e-02,-8.167627e-01,-7.716684e-01,6.597018e-02,2.705259e-01,5.756352e-02,1.316294e-01,2.159942e-01,1.034543e+00,4.858073e-01,2.598295e-01,4.252551e-01,-5.258386e-03,0,0
1.501125e-04,-7.992208e+00,5.150866e+00,-1.712574e+00,7.376733e+00,5.975218e+00,3.832846e+00,-9.513977e-01,6.444141e-01,4.265213e+00,4.020318e+00,-2.358672e+00,2.840923e-01,1.057721e-02,0,0,-1.657658e-06,8.936010e-02,-6.767483e-01,-4.877616e-01,-1.686219e-01,5.075234e-01,4.527885e-01,2.290518e-01,-2.203743e-01,4.744187e-01,8.511329e-02,-1.133186e-02,-2.504198e-01,-5.409489e-03,0,0
1.499482e-04,-7.767606e+00,4.403927e+00,-1.750414e+00,6.883111e+00,7.224033e+00,4.509511e+00,-3.936695e-01,5.111150e-02,4.486554e+00,6.047801e+00,-6.045630e-01,-4.952444e-01,4.533092e-03,0,0,-2.315501e-06,1.285998e-01,-3.847103e-02,1.773273e-01,-9.577513e-02,1.087314e+00,9.347765e-01,6.461374e-01,-4.548264e-01,-1.080035e+00,-7.700411e-01,-1.865097e-01,-4.817933e-01,-6.346332e-04,0,0
1.454081e-04,-7.347437e+00,5.019164e+00,-8.371019e-01,7.037276e+00,8.169179e+00,5.577083e+00,1.207145e+00,8.780050e-02,1.554219e+00,2.776156e+00,-1.957471e+00,-5.254349e-01,1.148383e-02,0,0,-1.540972e-06,-1.184459e-01,3.415731e-01,3.424426e-01,9.991741e-02,1.405929e+00,1.522590e+00,9.976965e-01,1.471198e-02,-1.571456e+00,-9.511658e-01,-2.418108e-02,-6.880788e-01,2.991840e-03,0,0
1.443588e-04,-7.857068e+00,6.074730e+00,1.819199e-01,7.016662e+00,1.116472e+01,8.010922e+00,1.884273e+00,-5.679591e-02,-7.425175e-01,2.568760e+00,-1.222662e+00,-1.122315e+00,1.934119e-02,0,0,-4.882459e-08,-2.763825e-01,4.868518e-01,1.702385e-01,2.770043e-01,7.513911e-01,1.502508e+00,8.737184e-01,3.158143e-01,-1.188879e+00,-1.373731e+00,-5.050149e-01,-1.151137e+00,2.478090e-03,0,0
1.452023e-04,-8.539707e+00,6.023329e+00,-9.665280e-01,7.809545e+00,1.103452e+01,9.695090e+00,2.898113e+00,7.719277e-01,-9.775310e-01,1.004009e+00,-2.170528e+00,-2.842766e+00,1.813237e-02,0,0,2.450074e-06,-1.026702e-01,3.968902e-01,-1.249935e-01,3.467146e-01,-1.102209e-02,1.046429e+00,7.381587e-01,6.995143e-01,-1.348943e-01,-1.139418e+00,-3.746001e-01,-1.208763e+00,-1.118163e-03,0,0
1.498070e-04,-8.553384e+00,6.336103e+00,-8.345079e-01,7.881999e+00,9.548317e+00,9.963048e+00,3.129438e+00,1.288120e+00,-1.919689e-01,6.521646e-02,-3.023109e+00,-5.092262e+00,1.359928e-02,0,0,3.524419e-06,3.169244e-01,2.440098e-01,-1.297137e-01,3.721509e-02,-7.141392e-01,2.986040e-01,1.994222e-01,7.169741e-01,1.264922e-01,-1.243936e+00,-5.969714e-01,-4.352969e-01,-2.931399e-03,0,0
1.549344e-04,-7.512630e+00,6.872929e+00,-9.538557e-01,8.338181e+00,8.922268e+00,9.833163e+00,4.275356e+00,2.912914e+00,6.044731e-01,-1.669162e+00,-2.930248e+00,-4.584274e+00,8.763977e-03,0,0,3.304973e-06,6.159242e-01,8.364077e-02,-6.261591e-02,-3.032608e-01,-5.197287e-02,-1.852322e-03,-5.094870e-01,1.498246e-01,-1.688282e-01,-6.541995e-01,-2.921200e-03,5.040072e-01,-2.236325e-03,0,0
1.571149e-04,-6.785984e+00,6.869980e+00,-4.729846e-01,6.938420e+00,8.650147e+00,9.434906e+00,2.192763e+00,2.457582e+00,-9.010585e-01,-2.314333e+00,-3.827659e+00,-2.428045e+00,9.368389e-03,0,0,4.788279e-07,3.383094e-01,-2.410531e-01,1.577360e-02,-2.567237e-01,4.899248e-01,-4.121795e-01,-1.550384e+00,-4.023544e-01,3.146148e-03,6.460527e-01,7.728788e-01,8.282137e-01,-9.368391e-04,0,0
1.580732e-04,-6.343786e+00,6.174595e+00,-1.460369e+00,6.765030e+00,1.122374e+01,9.949900e+00,8.190162e-01,9.363196e-01,-1.467127e+00,-1.077213e+00,-1.782859e+00,-1.654839e+00,9.066183e-03,0,0,-1.169799e-07,-2.137990e-01,-5.172457e-01,9.109102e-02,-4.393167e-02,4.468271e-01,-6.015369e-01,-1.735969e+00,-7.030996e-01,5.460104e-01,1.690536e+00,1.403747e+00,8.209324e-01,-7.252946e-04,0,0
1.506317e-04,-7.446259e+00,5.480005e+00,-5.023832e-01,7.384955e+00,1.084720e+01,7.843782e+00,-2.894312e+00,2.646451e-01,8.595619e-01,2.999506e+00,2.675900e-01,-2.415912e+00,8.763977e-03,0,0,2.322464e-06,-7.894932e-01,-6.837682e-01,1.039985e-01,2.046638e-01,-1.585772e-01,-5.704348e-01,-9.558266e-01,2.271685e-01,1.958193e+00,2.053140e+00,1.548747e+00,1.306037e+00,-1.692354e-03,0,0
1.575911e-04,-8.251488e+00,4.981688e+00,-4.837013e-01,7.895255e+00,1.005788e+01,7.621041e+00,-1.860953e+00,4.938844e-01,2.454215e+00,4.126596e+00,2.040863e+00,-4.856785e-01,5.439710e-03,0,0,5.606790e-06,-8.856152e-01,-7.720088e-01,-9.301193e-02,-5.095129e-02,-1.042728e+00,-3.015717e-01,3.181183e-01,9.859158e-01,2.432202e+00,1.197067e+00,4.784617e-01,1.855009e+00,-2.115443e-03,0,0
1.689683e-04,-9.779599e+00,4.047593e+00,-4.413261e-01,7.396627e+00,8.440195e+00,7.747161e+00,-1.246386e+00,3.814642e+00,6.929234e+00,5.349461e+00,2.004213e+00,3.517562e+00,2.719855e-03,0,0,4.577408e-06,-2.381466e-01,-6.541764e-01,-6.721958e-01,-5.428948e-01,-9.247036e-01,3.132474e-01,1.222826e+00,8.948952e-01,1.779577e+00,-2.956838e-01,-9.419643e-01,1.350840e+00,-1.299486e-03,0,0
1.769389e-04,-9.605191e+00,3.030757e+00,-1.955957e+00,6.504438e+00,7.213605e+00,8.490352e+00,1.585645e+00,4.090900e+00,7.659048e+00,3.733145e+00,-2.588620e-01,4.653468e+00,1.511030e-03,0,0,-2.793262e-06,4.591500e-01,-3.571139e-01,-7.174866e-01,-8.732772e-01,-4.941518e-01,6.767335e-02,1.016353e+00,1.272088e-01,4.968022e-01,-1.127836e+00,-1.929039e+00,-3.477580e-01,2.024781e-03,0,0
1.638448e-04,-7.960140e+00,3.184589e+00,-3.127234e+00,5.365889e+00,7.645821e+00,8.975364e+00,1.496517e+00,2.940613e+00,7.155029e+00,1.717813e+00,-3.292369e+00,1.768714e+00,4.230885e-03,0,0,-9.538888e-06,8.153637e-01,-7.610593e-02,-6.208102e-01,-7.281470e-01,2.987480e-03,-7.266309e-01,5.677393e-01,-7.985476e-01,-1.389367e+00,-9.729871e-01,-1.391595e+00,-1.667114e+00,6.104563e-03,0,0
1.461865e-04,-6.865467e+00,3.627621e+00,-2.728180e+00,4.544238e+00,7.984304e+00,7.345306e+00,1.849362e+00,1.566943e+00,4.825328e+00,3.032386e-01,-4.956042e+00,-1.350045e+00,1.480810e-02,0,0,-1.043749e-05,4.314211e-01,1.400418e-02,-7.450211e-02,-9.174328e-02,5.427459e-01,-1.201384e+00,-1.925643e-01,-6.487203e-01,-1.934297e+00,-1.500169e-01,-3.808314e-01,-1.758419e+00,9.247507e-03,0,0
1.366500e-04,-7.072643e+00,3.368631e+00,-3.159266e+00,4.735992e+00,8.069783e+00,4.686530e+00,1.460452e+00,1.083883e+00,1.399259e+00,2.199478e+00,-2.605171e+00,-1.816253e+00,2.659414e-02,0,0,-5.247841e-06,-9.044447e-02,-1.724882e-01,-1.283357e-01,2.881995e-01,4.048652e-01,-1.290473e+00,-2.041826e-01,-2.033583e-02,-2.028593e+00,7.742534e-01,8.161656e-01,-8.998598e-01,6.950741e-03,0,0
1.383488e-04,-7.891834e+00,3.008757e+00,-2.312452e+00,6.360670e+00,9.715354e+00,4.627848e+00,6.408553e-01,1.775664e+00,8.654480e-01,2.742228e+00,-2.506618e+00,-2.346143e+00,3.656694e-02,0,0,2.599030e-07,-2.380640e-01,-2.391206e-01,-4.895318e-01,-1.529260e-02,2.832715e-01,-2.544447e-01,-2.143303e-01,6.913835e-01,-1.029698e+00,9.640088e-01,8.189279e-01,-2.154085e-01,1.511030e-04,0,0
1.415245e-04,-7.899179e+00,2.631580e+00,-3.976776e+00,5.898670e+00,8.804622e+00,3.881728e+00,1.079857e+00,2.734573e+00,-1.007995e+00,4.369585e+00,-4.362527e-01,-2.232536e+00,2.810517e-02,0,0,2.771387e-06,-7.604294e-02,4.365208e-02,-5.993275e-01,-5.013576e-01,-7.707806e-02,3.580834e-01,3.261055e-01,1.189950e+00,3.203686e-01,5.486056e-01,5.918809e-01,-6.728015e-02,-7.071623e-03,0,0
1.450488e-04,-7.642519e+00,2.800544e+00,-4.767084e+00,3.886436e+00,9.033242e+00,6.475483e+00,9.680081e-01,4.198515e+00,8.804671e-01,4.038229e+00,-1.945861e+00,-2.218946e+00,1.480810e-02,0,0,2.161972e-06,4.132748e-02,4.286105e-01,-4.607849e-01,-7.154229e-01,-5.109940e-01,3.294503e-01,9.373429e-01,1.137828e+00,1.446584e+00,6.788573e-01,6.637028e-01,-3.984014e-01,-7.494712e-03,0,0
1.471570e-04,-7.577515e+00,3.690998e+00,-4.928587e+00,3.466321e+00,8.025449e+00,5.553129e+00,2.927403e+00,5.822207e+00,2.993593e+00,4.294506e+00,7.385522e-02,-2.216252e+00,2.115443e-03,0,0,4.622401e-07,-3.085141e-02,4.897087e-01,1.601841e-01,-3.532087e-01,-6.991230e-01,-1.502824e-02,1.358056e+00,9.992287e-01,1.696503e+00,-5.439258e-02,5.065770e-01,-7.403236e-01,-8.763978e-04,0,0
1.463424e-04,-7.846029e+00,4.622100e+00,-4.140471e+00,3.999730e+00,7.549971e+00,5.439399e+00,4.403797e+00,5.920984e+00,6.097572e+00,6.174054e+00,5.568421e-01,-4.346292e+00,1.208824e-02,0,0,-1.405075e-06,-1.716035e-01,2.196773e-01,2.699380e-01,-2.565400e-01,-1.096050e+00,-2.664161e-01,1.305822e+00,5.449600e-01,5.900276e-01,-3.462736e-01,5.372971e-01,-8.435394e-01,6.225446e-03,0,0
1.431889e-04,-7.951681e+00,4.169345e+00,-3.489162e+00,4.075980e+00,6.050642e+00,4.324629e+00,6.152242e+00,6.869482e+00,4.865967e+00,3.029710e+00,8.452807e-01,-4.870481e+00,2.508311e-02,0,0,-1.913357e-06,-1.873619e-01,-1.282700e-01,3.358245e-02,-8.023342e-01,-1.160845e+00,1.472795e-01,-1.840868e-02,8.404513e-02,-6.535194e-01,-1.199475e+00,-2.472295e-01,-1.139566e-01,8.220007e-03,0,0
1.400075e-04,-8.313454e+00,3.659757e+00,-4.137106e+00,2.298906e+00,4.540397e+00,5.757653e+00,5.884696e+00,6.399677e+00,2.894418e+00,2.939259e+00,3.549111e-01,-5.109528e+00,3.445150e-02,0,0,-1.149462e-06,-1.916882e-01,-2.997400e-01,-2.096046e-01,-1.132775e+00,-1.243945e+00,2.855586e-01,-1.037326e+00,1.339816e-01,-9.794301e-01,-1.246726e+00,-8.317559e-01,7.672802e-01,5.349049e-03,0,0
1.407577e-04,-8.280612e+00,3.530820e+00,-4.762358e+00,3.050621e-01,3.726011e+00,6.130400e+00,2.094910e+00,6.003086e+00,1.327573e+00,-8.547334e-02,-1.061327e+00,-2.404417e+00,3.203385e-02,0,0,-4.094472e-07,-1.699355e-01,-3.218055e-01,-2.736789e-01,-9.933845e-01,-1.232059e+00,1.986279e-01,-1.591281e+00,9.225936e-02,-2.859612e-01,-5.953546e-01,-1.040694e+00,9.908798e-01,6.739196e-03,0,0
1.418107e-04,-8.640004e+00,3.442662e+00,-4.551897e+00,2.213135e-01,2.492559e+00,5.964307e+00,1.245833e+00,7.024090e+00,2.969619e+00,1.498014e+00,-2.648634e+00,-1.742923e+00,3.535812e-02,0,0,-7.332783e-07,-1.731424e-01,-4.508274e-01,-2.032829e-01,-3.961793e-01,-8.160157e-01,2.387813e-01,-8.616190e-01,2.512587e-01,3.273014e-01,-7.439106e-01,-1.064357e+00,4.431579e-01,1.121185e-02,0,0
1.402400e-04,-8.638083e+00,2.668864e+00,-4.650161e+00,1.478537e-01,9.142692e-01,5.214442e+00,5.152704e-01,7.018572e+00,3.398561e+00,7.735599e-01,-2.856415e+00,-1.599384e+00,5.832578e-02,0,0,-1.502066e-06,-6.480179e-02,-3.886635e-01,-5.077413e-01,-2.851846e-01,-5.283749e-02,6.850823e-01,-3.021531e-02,1.893663e-03,3.729769e-01,-5.185850e-01,-6.292176e-01,-4.247243e-01,1.568450e-02,0,0
1.365999e-04,-9.000430e+00,1.836597e+00,-5.209619e+00,3.966140e-01,1.866189e+00,7.409538e+00,2.366421e+00,7.148228e+00,3.495431e+00,-1.209810e+00,-4.069329e+00,-3.296254e+00,7.736477e-02,0,0,-1.504825e-06,2.051354e-04,-9.461673e-02,-6.742924e-01,-3.404942e-01,1.055516e+00,8.065325e-01,2.088449e-01,-4.210818e-01,3.728249e-01,-5.641075e-01,-2.187025e-01,-2.806952e-01,1.072832e-02,0,0
1.358527e-04,-8.424408e+00,2.390535e+00,-6.972203e+00,-1.208511e+00,3.775008e+00,8.833196e+00,1.383539e+00,5.950486e+00,2.929551e+00,-1.324486e+00,-3.497067e+00,-3.751373e+00,8.945301e-02,0,0,-5.926762e-07,1.571776e-01,2.892468e-01,-4.233308e-01,-6.941234e-02,1.515704e+00,3.648181e-01,1.677595e-01,-3.803595e-01,8.836586e-01,3.344108e-01,3.698415e-01,3.306076e-01,-1.511022e-04,0,0
1.364802e-04,-8.745816e+00,3.108744e+00,-6.762338e+00,-8.029755e-01,6.339771e+00,8.187593e+00,1.855924e+00,5.452724e+00,5.068248e+00,-2.735004e-01,-3.421820e+00,-2.070405e+00,7.343609e-02,0,0,4.283312e-07,2.385572e-01,5.347617e-01,2.736254e-01,5.226834e-01,1.050646e+00,-5.252545e-01,3.044857e-02,-4.676859e-01,1.171069e+00,1.246892e+00,1.350592e+00,1.132873e+00,-1.072832e-02,0,0
1.373365e-04,-7.979502e+00,3.479025e+00,-5.990456e+00,4.005867e-01,6.256001e+00,6.649505e+00,1.609317e+00,5.964527e+00,7.030445e+00,1.977459e+00,-1.330961e+00,-5.592713e-01,5.953461e-02,0,0,4.102796e-07,1.015327e-01,3.187001e-01,5.657917e-01,5.867193e-01,-1.029118e-01,-1.022350e+00,1.224540e-01,-1.759289e-01,7.711970e-01,1.340275e+00,1.764358e+00,1.252495e+00,-1.598671e-02,0,0
1.379997e-04,-8.030097e+00,3.966161e+00,-4.332366e+00,2.205482e+00,5.878925e+00,5.875111e+00,2.405776e+00,4.802778e+00,7.300331e+00,3.373675e+00,1.600579e+00,7.720594e-01,3.868238e-02,0,0,1.068403e-06,-1.428502e-01,-4.055030e-02,4.766903e-02,6.055228e-02,-1.083518e+00,-8.836100e-01,-3.645064e-02,-1.497872e-01,-3.960334e-01,7.718276e-01,1.479793e+00,7.414578e-01,-1.504987e-02,0,0
1.371444e-04,-8.274604e+00,3.555326e+00,-5.358231e+00,2.208568e-01,3.490872e+00,4.877689e+00,1.720883e+00,5.395814e+00,5.669495e+00,3.553301e+00,2.813523e+00,1.089871e+00,2.689634e-02,0,0,1.935296e-06,-4.400121e-01,-3.041242e-01,-6.041156e-01,-4.200098e-01,-1.042124e+00,-3.500714e-01,2.712548e-03,-1.420565e-02,-1.447808e+00,-3.210446e-01,5.993163e-01,2.321537e-01,-1.245089e-02,0,0
1.419183e-04,-9.312516e+00,2.867841e+00,-6.840106e+00,-4.103491e-01,2.304745e+00,4.655451e+00,1.617887e+00,4.988144e+00,3.768556e+00,2.797717e+00,1.904905e+00,8.123136e-01,1.450589e-02,0,0,2.713865e-06,-3.207622e-01,-3.381260e-01,-7.718250e-01,-3.715712e-01,-5.473940e-01,4.152479e-02,-6.519939e-02,6.526623e-02,-1.675656e+00,-6.684366e-01,6.687167e-02,-3.974280e-01,-8.522213e-03,0,0
1.450537e-04,-9.538353e+00,2.507564e+00,-7.757164e+00,-3.915465e-01,2.832473e+00,5.508978e+00,2.016824e+00,5.800815e+00,1.557294e+00,6.602156e-01,1.513457e+00,5.813702e-01,9.368389e-03,0,0,2.308776e-06,-1.134337e-01,-1.288352e-01,9.053325e-03,4.567419e-01,4.689806e-01,6.623334e-01,1.587813e-01,-8.266314e-01,-1.455353e+00,-6.484724e-01,1.492999e-01,-5.197266e-01,-5.862799e-03,0,0
1.476144e-04,-9.002033e+00,2.799412e+00,-6.992024e+00,6.538281e-01,3.471155e+00,5.767090e+00,1.931808e+00,4.926609e+00,9.781533e-01,1.478035e+00,2.584970e+00,-9.608302e-01,4.835298e-03,0,0,7.041919e-07,2.367010e-02,-8.866310e-02,5.993274e-01,9.430028e-01,1.051834e+00,8.028239e-01,4.146529e-01,-1.141729e+00,-8.792869e-01,-8.069824e-02,1.916252e-01,-5.005232e-01,-3.596253e-03,0,0
1.458402e-04,-8.997014e+00,2.945365e+00,-5.237005e+00,1.972478e+00,5.252570e+00,7.633536e+00,2.357829e+00,1.293425e+00,-2.120703e-01,9.707801e-01,3.219990e+00,-6.221902e-01,2.417649e-03,0,0,-3.709778e-07,-2.466380e-01,-2.466987e-01,7.539631e-01,1.403996e+00,1.320191e+00,5.838708e-01,7.416104e-01,-9.823431e-01,-8.326709e-02,4.548662e-01,-2.448089e-01,-3.517213e-01,-4.230884e-04,0,0
1.450460e-04,-9.464835e+00,2.205625e+00,-5.103548e+00,3.122653e+00,6.353864e+00,7.607292e+00,3.520649e+00,1.533194e+00,2.568043e-01,2.238944e+00,2.009765e+00,-1.088522e+00,0,0,0,-7.098424e-07,-6.088399e-01,-4.077502e-01,2.784968e-01,9.443186e-01,6.247189e-01,-2.068891e-01,9.609181e-01,1.512965e-01,6.238669e-01,7.580749e-01,-6.649129e-01,-2.142060e-01,6.769417e-03,0,0
1.444830e-04,-1.054014e+01,1.570964e+00,-4.931586e+00,5.394020e+00,7.992074e+00,7.508232e+00,4.930456e+00,2.585807e+00,1.501633e+00,2.554092e+00,5.770157e-01,-1.113390e+00,9.670596e-03,0,0,-8.434145e-07,-6.571156e-01,-4.120806e-01,-6.734280e-02,4.348688e-02,-6.795582e-01,-9.138268e-01,6.804309e-01,8.498589e-01,1.335164e+00,7.981014e-01,-6.363695e-01,8.924200e-02,1.498942e-02,0,0
1.447438e-04,-1.127467e+01,1.447862e+00,-5.752249e+00,3.664650e+00,5.224998e+00,4.795297e+00,5.450086e+00,5.036900e+00,3.240636e+00,4.476753e+00,5.818931e-01,-1.786260e+00,3.505591e-02,0,0,-3.375753e-07,-2.937482e-01,7.607029e-02,1.485491e-01,-4.132620e-01,-1.558640e+00,-6.331677e-01,-5.796623e-03,2.715924e-02,1.128893e+00,2.841550e-01,-2.817304e-01,7.503749e-01,1.589604e-02,0,0
1.417742e-04,-1.137768e+01,1.263844e+00,-5.249368e+00,1.918913e+00,2.419212e+00,4.470399e+00,4.795265e+00,3.790867e+00,4.971832e+00,3.842382e+00,7.520787e-01,1.728888e-01,5.983681e-02,0,0,1.361012e-06,2.757624e-01,4.878730e-01,4.074260e-01,-1.649304e-01,-1.152926e+00,1.038978e-01,-6.822253e-01,-4.653755e-01,6.233761e-01,-1.781429e-01,1.299340e-01,1.710670e+00,5.802357e-03,0,0
1.447125e-04,-1.051481e+01,2.739537e+00,-4.201911e+00,2.793896e+00,1.347094e+00,5.960369e+00,3.559261e+00,1.066460e+00,4.166167e+00,3.015573e+00,5.135813e-01,2.020213e+00,5.439710e-02,0,0,4.168821e-06,5.159383e-01,7.403654e-01,7.191547e-01,7.693605e-01,2.482503e-01,1.208207e+00,-5.406467e-01,-1.370765e-01,3.477391e-01,-3.720189e-01,9.446270e-02,1.346807e+00,-9.247507e-03,0,0
1.513037e-04,-9.541260e+00,3.364491e+00,-3.669625e+00,5.004745e+00,4.166393e+00,7.445185e+00,2.464742e+00,2.244149e+00,4.155748e+00,2.393967e+00,1.260842e+00,5.536724e+00,2.901179e-02,0,0,5.741042e-06,2.833540e-01,4.625541e-01,4.740916e-01,6.800140e-01,1.052005e+00,1.203390e+00,5.385375e-02,1.468408e+00,1.086827e+00,4.471691e-02,-4.724282e-01,6.610428e-02,-1.698398e-02,0,0
1.608232e-04,-9.613185e+00,4.099365e+00,-2.946347e+00,5.968536e+00,5.592659e+00,9.348940e+00,3.912114e+00,5.124876e+00,5.387373e+00,3.340866e+00,7.998250e-01,2.265860e+00,4.230885e-03,0,0,2.992945e-06,-1.180041e-01,-1.001768e-01,2.247740e-01,-2.002228e-01,8.092167e-01,2.979898e-01,5.244383e-01,2.175122e+00,2.009736e+00,5.223327e-01,-1.162896e+00,-1.112605e+00,-1.275310e-02,0,0
1.624241e-04,-1.041172e+01,2.896700e+00,-3.506692e+00,3.731663e+00,5.556456e+00,8.793063e+00,4.888107e+00,9.103700e+00,9.795363e+00,3.903320e+00,-1.753184e+00,3.805868e-01,0,0,0,-1.896016e-06,-4.477714e-01,-4.837323e-01,1.255672e-02,-8.484481e-01,1.218452e-01,-1.052682e+00,1.143770e-02,1.205021e+00,1.714488e+00,5.397028e-01,-1.861939e+00,-1.208432e+00,-3.656694e-03,0,0
1.541170e-04,-1.066960e+01,2.472548e+00,-3.159508e+00,2.429323e+00,4.698146e+00,6.776379e+00,4.969770e+00,8.512293e+00,1.139504e+01,4.872560e+00,-3.793887e+00,-9.647455e-01,5.137504e-03,0,0,-5.397457e-06,-5.146618e-01,-7.174312e-01,-4.038040e-01,-8.364443e-01,5.231385e-02,-1.784406e+00,-8.816080e-01,-4.571415e-01,2.474490e-01,2.719982e-01,-9.134480e-01,4.167351e-01,3.263826e-03,0,0
1.451767e-04,-1.125191e+01,1.759238e+00,-3.500261e+00,2.532111e+00,5.222876e+00,3.468056e+00,1.993102e+00,6.575544e+00,9.724357e+00,4.326634e+00,-5.751997e+00,1.109867e+00,1.027501e-02,0,0,-4.904173e-06,-5.055202e-01,-6.318260e-01,-5.781707e-01,-1.368335e-01,2.242771e-01,-1.241063e+00,-1.111469e+00,-1.105807e+00,-1.342569e+00,1.345048e-01,6.574829e-01,1.118435e+00,3.082502e-03,0,0
1.424596e-04,-1.176640e+01,1.080940e+00,-4.968583e+00,2.386091e+00,6.021019e+00,3.089413e+00,9.515765e-01,4.103246e+00,6.660122e+00,4.489200e+00,-1.768009e+00,3.984895e+00,1.541251e-02,0,0,-1.469789e-06,-4.963955e-01,-5.520562e-01,-6.982976e-01,4.718707e-02,6.798949e-02,-3.619171e-01,-8.430153e-01,-8.390024e-01,-1.421202e+00,2.557441e-01,1.741719e+00,1.251976e+00,0,0,0
1.437319e-04,-1.239092e+01,4.333744e-01,-5.493008e+00,3.069112e+00,6.016406e+00,4.431229e+00,1.339861e+00,5.779190e+00,5.449978e+00,4.767524e+00,5.212912e-01,3.497943e+00,1.027501e-02,0,0,2.268297e-06,-2.157266e-01,-1.933078e-01,-1.906468e-01,6.143594e-03,-3.522709e-01,1.267684e-01,-5.592870e-02,-2.412071e-01,-8.599812e-01,3.003291e-01,1.703374e+00,1.883966e-01,-2.598973e-03,0,0
1.474905e-04,-1.258207e+01,3.751988e-01,-5.654623e+00,2.396758e+00,4.641329e+00,4.485207e+00,1.081314e+00,4.715457e+00,6.426217e+00,5.930836e+00,1.778063e+00,4.101094e+00,5.137504e-03,0,0,3.795426e-06,2.740211e-02,-1.111982e-02,1.735228e-01,-1.636129e-01,-8.613468e-01,-2.235727e-01,4.625867e-02,-1.602773e-01,-3.458281e-01,-2.415023e-02,3.892015e-01,-8.977072e-01,-1.269266e-03,0,0
1.540028e-04,-1.192270e+01,1.145569e+00,-4.110476e+00,2.557496e+00,4.151366e+00,3.404001e+00,1.648590e+00,5.063403e+00,5.541403e+00,5.107462e+00,9.918364e-01,1.993751e+00,2.417649e-03,0,0,2.707378e-06,2.622680e-01,2.859537e-01,3.182705e-01,-2.248321e-01,-9.590364e-01,-6.382102e-01,2.635762e-01,-5.129385e-01,-5.821420e-01,-6.531340e-01,-3.137783e-01,-1.370383e+00,6.285888e-03,0,0
1.563013e-04,-1.186350e+01,6.692432e-01,-4.792235e+00,1.823835e+00,2.646804e+00,2.485163e+00,1.028505e+00,3.659754e+00,4.885269e+00,4.198480e+00,-5.727410e-02,2.484552e-01,1.299486e-02,0,0,-9.904441e-07,9.682427e-02,2.352136e-01,2.271767e-01,-1.540547e-01,-9.198616e-01,-2.869797e-01,4.462180e-01,-4.422514e-01,-1.082771e+00,-1.471360e+00,-1.106345e+00,-1.048101e+00,1.731641e-02,0,0
1.528634e-04,-1.143887e+01,1.716121e+00,-4.332850e+00,2.231413e+00,2.218486e+00,2.240200e+00,2.684146e+00,3.742349e+00,3.309742e+00,2.368032e+00,-1.299316e-01,-1.427652e+00,3.777577e-02,0,0,-4.082415e-06,-1.160768e-01,3.268109e-01,-1.274281e-02,-2.356734e-01,-9.522758e-01,1.567848e-01,6.486409e-01,-3.245073e-01,-8.560103e-01,-1.619823e+00,-5.017245e-01,3.787593e-01,2.314899e-02,0,0
1.431079e-04,-1.233987e+01,1.265991e+00,-4.407552e+00,1.789526e+00,1.008461e+00,3.632209e+00,2.794626e+00,3.164727e+00,2.128193e+00,-5.624866e-02,-3.192780e+00,5.712919e-01,7.404049e-02,0,0,-4.840941e-06,-1.366619e-01,2.632471e-01,1.227717e-02,-7.726184e-02,-5.953669e-01,3.261957e-01,3.158382e-01,1.155014e-01,-3.787515e-01,-1.359692e+00,4.097564e-01,1.723863e+00,1.568450e-02,0,0
1.401874e-04,-1.226490e+01,2.481250e+00,-4.366531e+00,1.396284e+00,2.091590e-01,3.614402e+00,4.008734e+00,3.688379e+00,2.639889e+00,-8.642895e-01,5.096690e-02,3.726129e+00,8.763977e-02,0,0,-3.187612e-06,1.649103e-02,8.186158e-02,-3.642080e-01,1.093099e-01,-5.091058e-02,2.009521e-01,-4.217681e-01,2.359251e-01,2.739740e-01,-3.360098e-01,1.122940e+00,1.874703e+00,-2.750076e-03,0,0
1.384346e-04,-1.213379e+01,1.602914e+00,-4.714008e+00,1.855091e+00,6.746333e-01,3.429041e+00,1.945402e+00,4.264246e+00,3.326438e+00,-9.838205e-01,1.901059e+00,6.290881e+00,6.648535e-02,0,0,-6.153321e-07,3.402461e-01,6.155859e-02,-6.245016e-01,1.996685e-01,9.110074e-01,-7.302408e-02,-9.350952e-01,5.500612e-01,6.551547e-01,6.051246e-01,1.000991e+00,4.952205e-01,-1.952251e-02,0,0
1.392620e-04,-1.145945e+01,1.956967e+00,-6.000661e+00,2.745180e+00,2.130847e+00,3.346545e+00,9.999175e-01,4.372216e+00,4.080490e+00,1.151769e+00,2.937851e+00,5.086071e+00,2.780296e-02,0,0,4.728296e-07,4.130369e-01,-7.631822e-02,-7.501162e-01,1.668551e-01,1.368337e+00,2.165412e-01,-7.910498e-01,3.759274e-01,5.008906e-01,9.381940e-01,-6.145400e-01,-9.954447e-01,-2.221215e-02,0,0
1.404940e-04,-1.104136e+01,1.835925e+00,-6.712995e+00,2.113420e+00,4.602654e+00,3.401017e+00,-3.764416e-01,5.573115e+00,4.683667e+00,1.961345e+00,3.687350e-01,2.367423e+00,6.346328e-03,0,0,6.545335e-07,4.376278e-01,7.693577e-03,-3.949006e-01,2.209928e-01,1.049712e+00,1.476061e-01,-1.393675e-01,2.799987e-01,1.575352e-01,5.086157e-01,-1.317969e+00,-1.809453e+00,-1.269266e-02,0,0
1.415219e-04,-1.074593e+01,1.983153e+00,-7.117619e+00,2.101394e+00,5.086834e+00,4.711120e+00,1.214407e+00,4.913582e+00,4.465728e+00,2.354097e+00,-2.255571e+00,7.106341e-01,6.648534e-03,0,0,2.476809e-07,2.240269e-01,-1.813372e-01,2.584726e-01,6.296979e-01,2.706011e-01,2.349422e-01,3.528314e-01,-3.729752e-01,-4.517017e-01,-2.223148e-01,-1.429290e+00,-1.055180e+00,-4.230888e-04,0,0
1.405774e-04,-1.030241e+01,1.628289e+00,-6.130033e+00,3.281947e+00,4.445199e+00,3.484784e+00,1.141320e+00,5.393556e+00,3.921495e+00,9.580939e-01,-2.092075e+00,-5.686652e-01,1.359927e-02,0,0,-2.180823e-07,1.369524e-02,-3.822787e-01,4.672244e-01,9.675342e-01,-4.037108e-01,1.568819e-01,1.042933e-01,-9.610125e-01,-5.718072e-01,-3.789751e-01,-7.673817e-01,-4.721318e-01,6.739196e-03,0,0
1.404587e-04,-1.070879e+01,1.154099e+00,-4.999779e+00,5.309406e+00,3.562580e+00,4.479372e+00,2.005194e+00,2.597119e+00,2.203067e+00,5.418203e-01,-2.978196e+00,1.278214e+00,2.206104e-02,0,0,-6.676520e-07,-2.005609e-01,-3.534026e-01,2.585343e-01,5.536752e-01,-3.593096e-01,-1.251824e-01,-5.967166e-01,-8.239567e-01,-9.012508e-03,-2.278531e-01,-2.892339e-02,-1.619724e-02,7.192506e-03,0,0
1.399351e-04,-1.099145e+01,3.390589e-01,-5.435792e+00,5.347085e+00,3.346227e+00,4.301301e+00,-2.503684e-01,1.926284e+00,2.955961e+00,9.726086e-01,-3.106861e+00,-2.770258e-01,3.233605e-02,0,0,-1.168065e-06,-1.247026e-01,1.370117e-01,-1.499740e-01,-2.942425e-01,-2.060505e-01,-4.459487e-01,-1.099828e+00,-3.310192e-01,5.517413e-01,6.427731e-02,5.662931e-01,2.450477e-01,6.255667e-03,0,0
1.385047e-04,-1.140421e+01,8.607550e-01,-6.172068e+00,3.837201e+00,3.839772e+00,3.676950e+00,-1.073332e+00,2.527434e+00,4.903432e+00,1.207575e+00,-1.892795e+00,4.838282e-01,3.324267e-02,0,0,-1.618198e-06,3.490105e-02,5.546973e-01,-2.688348e-01,-6.519340e-01,-8.563540e-02,-8.835265e-01,-1.131764e+00,6.343384e-01,1.023155e+00,3.108289e-01,1.448258e+00,2.852245e-01,6.074343e-03,0,0
1.357140e-04,-1.057822e+01,2.460019e+00,-6.293759e+00,2.546837e+00,3.276350e+00,1.656251e+00,-2.818559e+00,3.773303e+00,5.330019e+00,9.466033e-01,1.966902e-01,1.053766e+00,3.928679e-02,0,0,-1.275376e-06,7.823572e-02,6.806616e-01,2.509657e-01,-4.024278e-01,-2.662339e-01,-9.328731e-01,-2.992489e-01,4.774563e-01,2.065511e-01,2.812397e-01,1.582851e+00,5.306493e-01,7.132064e-03,0,0
1.344783e-04,-1.074091e+01,2.867106e+00,-5.914970e+00,3.449860e+00,3.169341e+00,1.384264e+00,-2.369530e+00,4.845302e+00,6.131813e+00,2.108968e+00,2.611319e+00,2.038940e+00,4.895739e-02,0,0,-3.448367e-08,-2.206001e-01,2.337132e-01,9.691540e-01,2.282995e-01,-2.725433e-01,-4.407358e-01,3.480192e-01,-1.772351e-01,-4.893912e-01,4.080834e-01,8.600342e-01,-5.399214e-02,5.953460e-03,0,0
1.355715e-04,-1.093193e+01,2.739191e+00,-4.309513e+00,3.528617e+00,2.350273e+00,7.832780e-01,-1.098514e+00,3.154631e+00,3.374527e+00,1.928111e+00,2.555337e+00,1.598665e+00,6.013902e-02,0,0,1.658696e-06,-5.242884e-01,-2.196088e-01,1.285510e+00,1.515187e-01,-3.630867e-01,-2.283057e-01,5.772122e-01,-9.223542e-01,-7.723128e-01,5.138394e-01,1.030648e-01,-3.098491e-01,-6.044119e-04,0,0
1.384036e-04,-1.233036e+01,1.889735e+00,-2.318421e+00,4.487809e+00,2.940095e+00,1.909758e+00,-1.932588e-01,1.950595e+00,3.434222e+00,2.757238e+00,1.228052e+00,-5.858183e-02,5.258386e-02,0,0,2.590177e-06,-5.333778e-01,-2.991192e-01,1.009845e+00,-1.111841e-01,-5.003731e-02,3.644840e-02,2.343369e-01,-1.052013e+00,-4.524156e-01,7.346759e-01,-2.313046e-01,-1.293889e-01,-8.129344e-03,0,0
1.420448e-04,-1.240493e+01,1.850660e+00,-1.664483e+00,2.785456e+00,1.575540e+00,2.519763e-01,-1.020634e+00,6.088856e-01,2.817250e+00,3.191665e+00,1.403647e+00,5.532817e-01,3.445150e-02,0,0,1.901630e-06,-3.112006e-01,-1.609325e-01,2.117465e-01,-3.208183e-01,4.069664e-01,4.969315e-01,1.971966e-01,-4.590594e-01,1.655202e-01,7.620642e-01,-1.933815e-01,3.565316e-01,-1.269266e-02,0,0
1.441925e-04,-1.267130e+01,1.815775e+00,-2.188257e+00,3.265520e+00,3.306521e+00,1.832157e+00,-1.236786e+00,8.581097e-01,4.148373e+00,5.150570e+00,2.030641e+00,1.914687e+00,2.115443e-02,0,0,5.150738e-07,-1.021950e-01,1.484177e-01,-4.564572e-01,-1.725219e-01,1.008552e+00,8.482250e-01,4.076093e-01,1.873842e-02,1.043110e-01,6.749400e-01,-7.623112e-02,6.698253e-01,-1.127229e-02,0,0
1.421852e-04,-1.231746e+01,1.971509e+00,-3.315862e+00,2.535670e+00,4.201891e+00,3.306736e+00,4.092329e-01,1.405577e+00,3.845052e+00,4.541766e+00,1.187135e+00,2.394688e+00,1.239045e-02,0,0,-8.315837e-07,-3.693666e-02,2.550394e-01,-6.150834e-01,1.821484e-01,1.039800e+00,1.165658e+00,5.363814e-01,1.819326e-01,1.310303e-01,6.706952e-01,-2.766656e-01,1.692391e-01,-5.983680e-03,0,0
1.409088e-04,-1.288507e+01,2.571400e+00,-3.775017e+00,3.750093e+00,6.669678e+00,4.623503e+00,1.129854e+00,1.645941e+00,3.441876e+00,5.456888e+00,9.551526e-01,2.369841e+00,7.252946e-03,0,0,-1.051956e-06,5.252399e-02,1.310684e-01,-4.632748e-01,5.447149e-02,3.863436e-01,5.267246e-01,1.869208e-01,8.685185e-02,-2.199242e-01,7.151033e-01,-2.842943e-01,-4.034098e-01,-2.115444e-04,0,0
1.395288e-04,-1.248273e+01,2.748045e+00,-3.946520e+00,3.453912e+00,5.092960e+00,4.684595e+00,4.779527e-01,1.124633e+00,3.825650e+00,6.391982e+00,5.580636e-01,1.171900e+00,1.148383e-02,0,0,2.263492e-07,8.482876e-02,-5.351038e-02,-2.209910e-01,-3.473163e-01,-4.950265e-01,-5.462692e-02,1.624131e-01,5.420116e-02,-4.477180e-01,6.580673e-01,-3.519907e-01,-6.743371e-01,2.840737e-03,0,0
1.402609e-04,-1.232604e+01,2.082849e+00,-4.189302e+00,3.078756e+00,4.792705e+00,3.776850e+00,-3.365419e-01,1.432841e+00,3.058453e+00,7.800978e+00,9.237054e-01,5.090326e-01,2.055001e-02,0,0,8.155897e-07,9.194259e-02,-2.781449e-01,-3.076334e-01,-1.070598e+00,-1.233985e+00,-4.913119e-01,5.707056e-01,2.393253e-01,-8.744724e-01,-1.119693e-01,-5.303072e-01,-5.652122e-01,1.390148e-03,0,0
1.436409e-04,-1.217283e+01,1.948232e+00,-4.213675e+00,1.134756e+00,2.665245e+00,3.456928e+00,1.954496e+00,1.783133e+00,1.798174e+00,6.660058e+00,-5.570945e-01,-4.659275e-02,1.994560e-02,0,0,9.714888e-07,-5.725880e-02,-2.866845e-01,-3.980785e-01,-1.119545e+00,-1.284008e+00,-8.894601e-01,1.948694e-01,-7.195877e-02,-9.437405e-01,-7.234513e-01,-4.189208e-01,-1.654385e-01,-3.354487e-03,0,0
1.429307e-04,-1.258030e+01,1.580582e+00,-5.179607e+00,-4.433210e-01,1.713609e+00,2.780777e+00,3.245111e+00,2.513318e+00,8.325245e-02,4.763004e+00,-1.138805e+00,1.530267e-01,9.972801e-03,0,0,3.712092e-07,1.443348e-02,-1.179190e-01,-4.884282e-01,-8.006889e-01,-1.028805e+00,-1.271163e+00,-6.843566e-01,-4.869609e-01,-6.898798e-01,-1.256930e+00,1.662016e-01,4.209234e-01,-6.104563e-03,0,0
1.430513e-04,-1.264189e+01,1.565756e+00,-5.441760e+00,-3.827752e-01,2.124684e-01,7.353308e-01,-3.385264e-01,2.246005e-01,5.945477e-01,4.293713e+00,-5.052856e-01,5.227103e-01,0,0,0,-8.328497e-08,2.471399e-01,-2.473819e-03,-2.506202e-01,-7.044145e-02,-2.438336e-01,-1.419806e+00,-1.817608e+00,-8.843824e-01,-8.425472e-02,-9.544994e-01,6.574451e-01,1.040739e+00,-4.865518e-03,0,0
1.424117e-04,-1.201934e+01,1.684492e+00,-6.017400e+00,-1.659219e-01,8.750708e-01,-1.218164e+00,-2.611814e+00,-2.226976e-01,2.108672e-01,2.699500e+00,1.728809e+00,2.328998e+00,0,0,0,-1.368084e-07,5.225214e-01,3.185386e-01,2.785457e-01,3.822552e-01,1.341373e-01,-1.321612e+00,-1.585918e+00,-7.355072e-01,6.626194e-01,-5.448227e-01,6.698909e-01,1.359440e+00,-1.329707e-03,0,0
1.434839e-04,-1.121761e+01,1.883908e+00,-5.047879e+00,6.438496e-01,1.865346e+00,-1.642632e+00,-4.205081e+00,-1.270772e+00,1.313093e+00,2.919312e+00,1.296324e+00,4.069116e+00,6.044122e-04,0,0,4.153728e-07,8.502907e-01,1.012830e+00,1.154698e+00,1.122721e+00,7.564660e-01,-1.705914e-01,-3.941092e-01,-3.112275e-01,1.124461e+00,-5.867791e-02,-1.365856e-01,9.614446e-01,1.571472e-03,0,0
1.420303e-04,-1.067984e+01,3.014199e+00,-3.983819e+00,9.546426e-01,1.557857e+00,-2.638299e+00,-2.751204e+00,-4.165328e-01,3.037077e+00,2.726091e+00,1.309845e+00,5.177024e+00,3.022061e-03,0,0,3.618123e-06,9.652686e-01,1.431543e+00,1.980084e+00,2.136834e+00,1.014833e+00,7.250770e-01,4.708714e-01,5.646545e-01,1.494987e+00,6.862665e-01,2.516113e-01,5.324968e-01,1.903898e-03,0,0
1.453189e-04,-9.060192e+00,5.965051e+00,-6.850603e-01,4.670550e+00,3.653405e+00,5.924411e-01,-2.239377e+00,-1.234620e+00,4.803750e+00,3.987028e+00,-9.787319e-01,3.905920e+00,6.346328e-03,0,0,7.013847e-06,8.324959e-01,1.184324e+00,1.952198e+00,2.466013e+00,1.091725e+00,1.445306e+00,1.215376e+00,1.570553e+00,1.149344e+00,1.104778e+00,1.427575e+00,6.014996e-01,1.571472e-03,0,0
1.595848e-04,-8.271710e+00,6.801634e+00,1.701612e+00,8.504897e+00,5.055208e+00,1.289684e+00,-1.240309e+00,2.582499e+00,5.940473e+00,5.596975e+00,4.124393e+00,5.073080e+00,6.648534e-03,0,0,6.921176e-06,2.398860e-01,8.375611e-02,9.628774e-01,1.090656e+00,3.925591e-01,1.059575e+00,7.463146e-01,1.694832e+00,7.056610e-01,1.281531e+00,2.373924e+00,7.576236e-01,3.233605e-03,0,0
1.697759e-04,-8.259196e+00,5.911808e+00,1.870396e+00,9.198789e+00,5.575296e+00,3.619905e+00,1.116351e+00,5.082475e+00,5.608112e+00,7.007761e+00,7.026926e+00,7.128586e+00,6.648534e-03,0,0,1.299693e-06,-4.102582e-01,-8.304812e-01,-6.415778e-01,-1.458272e+00,-1.106516e+00,-1.404090e-01,-2.333719e-01,3.511986e-01,2.371879e-02,3.406034e-01,1.750189e+00,5.755213e-01,9.700815e-03,0,0
1.644077e-04,-9.880905e+00,3.459601e+00,-4.471601e-01,4.143805e+00,2.559707e+00,1.145843e+00,-6.974948e-01,4.899081e+00,6.163200e+00,7.623379e+00,9.176639e+00,7.353809e+00,1.903898e-02,0,0,-6.242107e-06,-6.599592e-01,-7.982907e-01,-1.739197e+00,-3.212589e+00,-1.617413e+00,-7.721368e-01,-1.530072e+00,-1.848074e+00,-5.069344e-01,-8.908831e-01,-2.493598e-01,-3.226628e-01,1.689332e-02,0,0
1.494059e-04,-1.030689e+01,3.483662e+00,-2.818563e+00,-4.402647e-01,-6.314212e-01,-3.768343e-02,-3.677644e+00,-6.369174e-01,4.810980e+00,4.676843e+00,5.246090e+00,5.643162e+00,4.865518e-02,0,0,-9.168883e-06,-5.529397e-01,-2.734723e-01,-1.699743e+00,-2.884228e+00,-1.380753e+00,-1.112473e+00,-1.720898e+00,-2.337625e+00,-6.305051e-01,-1.680662e+00,-1.375863e+00,-7.814783e-01,1.755818e-02,0,0
1.385593e-04,-1.054766e+01,4.024254e+00,-4.649895e+00,-2.738518e+00,7.150277e-02,-7.422061e-01,-6.493673e+00,-3.798176e+00,3.804367e+00,2.308018e+00,3.768012e+00,4.202478e+00,7.011182e-02,0,0,-6.292893e-06,-2.837082e-01,2.356271e-01,-7.806571e-01,-9.031997e-01,-5.067832e-01,-6.757139e-01,-2.555331e-01,-6.589394e-01,-4.457788e-01,-1.221569e+00,-1.202375e+00,-6.040884e-01,5.893019e-03,0,0
1.368557e-04,-1.069052e+01,4.262120e+00,-4.526951e+00,-1.781190e+00,-8.436632e-02,-9.984379e-01,-4.590049e+00,-2.257023e+00,3.635003e+00,1.262133e+00,2.851923e+00,4.796860e+00,6.890299e-02,0,0,-1.301408e-06,-1.832037e-01,1.692964e-01,3.278915e-01,7.569202e-01,-4.044127e-01,-9.349667e-01,9.583263e-01,1.698097e+00,7.146923e-02,-1.351769e-01,-2.407122e-01,-3.969219e-01,-8.250227e-03,0,0
1.392183e-04,-1.110763e+01,4.248507e+00,-3.496251e+00,2.982685e-01,-2.477365e-01,-1.752349e+00,-1.518958e+00,2.414437e+00,4.522295e+00,3.222889e+00,4.361849e+00,4.756518e+00,3.838018e-02,0,0,2.379908e-06,3.318100e-02,1.840591e-05,8.803660e-01,1.402931e+00,-7.176803e-01,-1.058529e+00,1.322690e+00,2.622890e+00,3.369808e-01,5.950029e-01,3.685105e-02,-6.704252e-01,-1.508009e-02,0,0
1.425693e-04,-1.094292e+01,4.218017e+00,-1.755928e+00,1.825943e+00,-2.493865e+00,-4.207445e+00,-1.373370e+00,4.747263e+00,4.809362e+00,3.543523e+00,3.745611e+00,3.381532e+00,2.326987e-02,0,0,4.175138e-06,6.927407e-01,4.760757e-01,9.894828e-01,9.782339e-01,-2.929265e-01,-9.450476e-01,5.237204e-01,1.504248e+00,-1.779186e-01,2.710246e-01,-8.251254e-01,-1.188432e+00,-1.048655e-02,0,0
1.476020e-04,-1.025556e+01,4.046397e+00,-1.633577e+00,2.472569e+00,-2.312150e+00,-4.430349e+00,-1.488562e+00,5.814128e+00,4.902092e+00,4.142337e+00,3.505423e+00,1.558016e+00,1.752795e-02,0,0,1.989356e-05,1.915827e+00,1.714029e+00,1.119866e+00,2.222437e-01,2.039957e-01,-3.923846e-01,-1.872298e-01,-1.355529e-01,-1.148065e+00,-9.660628e-02,-2.097128e+00,-1.728573e+00,-3.324267e-03,0,0
1.535395e-04,-7.652851e+00,6.743553e+00,-5.108749e-01,2.022830e+00,-5.167922e-01,-4.384676e+00,-1.986645e+00,3.564369e+00,2.555512e+00,2.157532e+00,-8.454912e-01,4.539536e-01,2.689634e-02,0,0,4.864756e-05,3.208025e+00,2.945668e+00,1.197858e+00,-2.743379e-01,8.177540e-01,1.520670e-01,-7.287863e-01,-1.074257e+00,-2.354795e+00,-8.853976e-02,-2.455506e+00,-1.884532e+00,-1.571472e-03,0,0
2.332010e-04,-3.173528e+00,1.155588e+01,1.480550e+00,1.311044e+00,-2.162942e-01,-3.625657e+00,-2.148469e+00,2.328119e+00,-9.110530e-02,3.432853e+00,-3.828242e+00,-2.422556e+00,1.994560e-02,0,0,8.269377e-05,3.743419e+00,2.981932e+00,1.194131e+00,-9.914743e-01,5.103545e-01,5.648968e-02,-1.391231e+00,-1.128938e+00,-3.044014e+00,3.646748e-01,-1.762063e+00,-1.949167e+00,-2.901179e-03,0,0
3.430076e-04,1.556191e+00,1.519161e+01,2.676299e+00,1.035016e+00,5.469772e-01,-3.849456e+00,-4.687348e+00,1.118983e+00,-4.468012e+00,3.455566e+00,-4.865087e+00,-4.050840e+00,1.420369e-02,0,0,9.941439e-05,3.059175e+00,1.486257e+00,7.738140e-01,-1.597577e+00,-1.167482e-01,-1.050487e-01,-1.913169e+00,-6.660641e-01,-2.520542e+00,1.274369e+00,-2.223153e-01,-1.708874e+00,-3.958900e-03,0,0
4.663368e-04,3.857018e+00,1.473203e+01,2.743491e+00,-1.990896e+00,-2.922618e-01,-4.415511e+00,-7.094366e+00,1.392131e+00,-6.806219e+00,5.316694e+00,-3.295095e+00,-5.935424e+00,9.368389e-03,0,0,9.254079e-05,1.755393e+00,-2.823911e-01,3.451717e-01,-2.154335e+00,-1.066765e+00,-2.533782e-01,-1.777006e+00,-3.562040e-01,-1.223516e+00,1.777756e+00,2.405736e-01,-1.051271e+00,-1.390148e-03,0,0
5.340436e-04,4.127752e+00,1.258677e+01,2.726725e+00,-4.314085e+00,-1.062550e+00,-4.514992e+00,-9.079541e+00,7.020429e-01,-6.689640e+00,7.587456e+00,-2.223641e+00,-6.333985e+00,1.239045e-02,0,0,8.023608e-05,5.096208e-01,-9.415663e-01,-2.438497e-01,-2.624542e+00,-1.820789e+00,-1.225202e-01,-3.205560e-01,-8.552785e-02,6.683980e-01,2.034636e+00,-6.332399e-01,-5.030695e-01,3.928680e-04,0,0
6.003870e-04,4.317658e+00,1.144635e+01,3.181196e+00,-6.786079e+00,-4.745354e+00,-4.559780e+00,-8.837401e+00,7.555693e-01,-5.097869e+00,1.025569e+01,-3.946096e+00,-6.537340e+00,1.390148e-02,0,0,7.455297e-05,3.993273e-04,-7.200556e-01,-1.158094e+00,-2.851891e+00,-1.384787e+00,4.899504e-01,1.678905e+00,-5.538147e-02,1.321307e+00,8.309704e-01,-2.196181e+00,3.814356e-01,1.299486e-03,0,0
6.771630e-04,3.873975e+00,1.212662e+01,1.238198e+00,-9.690103e+00,-6.330419e+00,-4.389922e+00,-5.418610e+00,1.009625e+00,-1.980197e+00,1.115925e+01,-7.705786e+00,-6.265230e+00,1.390148e-02,0,0,7.511213e-05,-6.787810e-02,-5.939172e-01,-2.112121e+00,-3.398344e+00,3.855483e-01,1.182424e+00,3.062965e+00,-3.412465e-01,1.928463e-01,-4.111015e-01,-2.610608e+00,8.786887e-01,1.148383e-03,0,0
7.675420e-04,3.985903e+00,1.136182e+01,-2.302715e+00,-1.356234e+01,-4.582262e+00,-2.028294e+00,-5.303075e-01,9.614330e-01,-2.554405e+00,7.685650e+00,-1.153493e+01,-4.062624e+00,1.511031e-02,0,0,7.360461e-05,-1.109193e-01,-1.212457e+00,-2.427193e+00,-3.454175e+00,3.037411e+00,1.451318e+00,2.586954e+00,-4.954389e-01,-2.224259e+00,-7.658116e-01,-1.339154e+00,6.658658e-01,1.631913e-03,0,0
8.260267e-04,3.954239e+00,9.659443e+00,-5.091923e+00,-1.791767e+01,7.836453e-01,1.313846e-01,2.081735e+00,-1.107122e+00,-6.997140e+00,6.816967e+00,-1.148227e+01,-3.177899e+00,1.752795e-02,0,0,7.058037e-05,-3.001263e-01,-2.153055e+00,-1.826655e+00,-2.230157e+00,4.971875e+00,7.407879e-01,5.888248e-01,-1.171126e-02,-4.606662e+00,4.198833e-01,3.938921e-01,-3.494312e-01,2.206105e-03,0,4.337686e-02
8.939782e-04,3.722929e+00,6.617655e+00,-5.789710e+00,-1.994317e+01,6.884668e+00,4.361575e-01,3.471978e-01,-6.632518e-01,-1.371069e+01,8.597770e+00,-8.753626e+00,-4.751676e+00,2.024781e-02,0,0,6.814364e-05,-7.412518e-01,-2.511672e+00,-8.362139e-01,6.109905e-02,5.417737e+00,-8.156654e-01,-2.054011e+00,1.270447e+00,-4.631017e+00,1.929271e+00,9.942197e-01,-1.590216e+00,2.296766e-03,0,1.073088e-01
9.668467e-04,2.504830e+00,3.733433e+00,-6.151579e+00,-1.765048e+01,1.279549e+01,-1.918208e+00,-2.913239e+00,1.763411e+00,-1.943536e+01,1.280260e+01,-7.126976e+00,-7.667860e+00,2.236325e-02,0,2.168843e-01,5.612166e-05,-1.001831e+00,-2.279777e+00,-1.311608e-01,2.656573e+00,4.111556e+00,-1.866485e+00,-3.838095e+00,2.478005e+00,-2.275218e+00,2.317368e+00,-2.630806e-03,-2.157931e+00,2.266545e-03,0,1.284306e-01
1.037850e-03,1.004348e+00,1.766470e+00,-5.953957e+00,-1.339045e+01,1.650050e+01,-5.081824e+00,-8.302874e+00,5.878401e+00,-1.949038e+01,1.433918e+01,-8.741474e+00,-9.768725e+00,2.417649e-02,0,4.281021e-01,2.181511e-05,-9.650327e-01,-1.448935e+00,1.984568e-01,3.971053e+00,1.966143e+00,-1.810347e+00,-4.319558e+00,2.715666e+00,1.269541e+00,1.243273e+00,-1.221413e+00,-2.207664e+00,2.145663e-03,0,6.336536e-02
1.034699e-03,3.043763e-01,6.861528e-01,-5.665604e+00,-7.911171e+00,1.653351e+01,-6.442050e+00,-1.278370e+01,8.012076e+00,-1.548339e+01,1.553310e+01,-1.150150e+01,-1.145903e+01,2.689634e-02,0,4.281021e-01,-2.666513e-05,-5.535292e-01,-6.236275e-01,1.688691e-01,3.754524e+00,-1.532086e-01,-7.780095e-01,-3.710353e+00,2.059184e+00,3.648874e+00,-2.368282e-01,-1.515458e+00,-1.875165e+00,1.722575e-03,0,-6.506529e-02
9.691276e-04,-2.007435e-03,8.966196e-01,-5.040413e+00,-4.957557e+00,1.484637e+01,-6.353655e+00,-1.631536e+01,9.790748e+00,-9.338978e+00,1.344889e+01,-1.267343e+01,-1.389441e+01,2.870958e-02,0,2.112178e-01,-6.892200e-05,4.956434e-02,-1.015389e-01,-2.369504e-01,2.980475e+00,-1.511362e+00,3.327564e-01,-2.358163e+00,9.498153e-01,3.759837e+00,-9.756301e-01,-9.157635e-01,-1.252624e+00,5.439715e-04,0,-1.284306e-01
8.678823e-04,2.403615e-01,1.050221e+00,-5.764005e+00,-3.094298e+00,1.285651e+01,-5.172340e+00,-1.745876e+01,1.010316e+01,-6.266694e+00,1.206361e+01,-1.273829e+01,-1.498084e+01,2.870958e-02,0,0,-8.799951e-05,5.746768e-01,3.854502e-02,-7.281045e-01,2.366934e+00,-1.985375e+00,7.191013e-01,-9.829639e-01,-1.964837e-01,2.522087e+00,-1.146158e+00,-4.382273e-01,1.342709e-01,-8.159565e-04,0,-1.067422e-01
7.766485e-04,1.284177e+00,1.076741e+00,-7.089508e+00,-8.965082e-01,1.078219e+01,-4.052897e+00,-1.775616e+01,9.581937e+00,-5.299544e+00,1.119578e+01,-1.270190e+01,-1.427094e+01,2.598973e-02,0,0,-8.540054e-05,8.342250e-01,1.765283e-02,-1.134716e+00,2.306844e+00,-1.824236e+00,3.546280e-01,3.052326e-01,-1.067386e+00,1.371900e+00,-6.505488e-01,-6.465910e-01,1.747967e+00,-1.359928e-03,0,-4.224357e-02
6.909410e-04,2.534668e+00,7.888171e-01,-8.281579e+00,1.892974e+00,8.638726e+00,-3.996923e+00,-1.697812e+01,7.134063e+00,-4.892667e+00,1.092886e+01,-1.367840e+01,-1.059941e+01,2.417649e-02,0,0,-7.209000e-05,7.527391e-01,1.642048e-02,-1.135672e+00,1.841415e+00,-1.242606e+00,-3.045308e-01,9.495980e-01,-1.086287e+00,1.276275e+00,-4.105868e-01,-8.485840e-01,2.524377e+00,-1.087943e-03,0,0
6.305955e-04,3.021964e+00,1.115585e+00,-9.455206e+00,4.083026e+00,7.834084e+00,-5.168223e+00,-1.502952e+01,5.938365e+00,-3.166489e+00,1.076352e+01,-1.543633e+01,-7.345291e+00,2.417649e-02,0,0,-5.560809e-05,4.812466e-01,-1.655667e-02,-7.411073e-01,6.635131e-01,-3.824942e-01,-8.013323e-01,8.875262e-01,-5.282087e-01,1.430510e+00,-4.852965e-01,-6.087364e-01,2.289967e+00,-1.027501e-03,0,0
5.804588e-04,3.135164e+00,1.112901e+00,-1.025952e+01,3.623009e+00,8.117532e+00,-6.137331e+00,-1.407409e+01,6.493511e+00,-9.518479e-01,1.022681e+01,-1.561399e+01,-5.821781e+00,2.417649e-02,0,0,-3.982891e-05,2.943754e-01,1.677661e-02,-1.223957e-01,-7.020468e-01,1.279201e-01,-8.831365e-01,4.573026e-01,1.070223e-01,1.261165e+00,-9.484048e-01,-3.233801e-01,1.436449e+00,-1.843457e-03,0,0
5.538492e-04,3.390162e+00,8.319159e-01,-9.806076e+00,1.556040e+00,9.130315e+00,-6.989355e+00,-1.477055e+01,7.261169e+00,-1.174015e-01,9.120322e+00,-1.477778e+01,-5.209921e+00,2.085222e-02,0,0,-2.458689e-05,2.019579e-01,9.134080e-02,5.548466e-01,-1.670994e+00,8.856840e-02,-6.115793e-01,-2.827688e-01,2.317421e-01,3.537903e-01,-1.399858e+00,-4.635324e-02,1.133176e+00,-2.508310e-03,0,0
5.301696e-04,3.822446e+00,1.014535e+00,-8.718122e+00,-3.537658e-01,8.630211e+00,-7.502039e+00,-1.482110e+01,7.007772e+00,-1.113834e-01,7.008437e+00,-1.562457e+01,-4.484848e+00,1.662134e-02,0,0,-6.140605e-06,-7.847872e-02,3.803908e-01,9.434198e-01,-2.053651e+00,-2.420830e-01,-7.062836e-02,-9.831063e-01,4.959085e-01,-8.850869e-01,-1.130273e+00,-7.384205e-03,1.376559e+00,-1.934119e-03,0,0
5.328057e-04,3.688112e+00,1.621472e+00,-7.451670e+00,-2.283556e+00,8.020586e+00,-7.543766e+00,-1.606986e+01,6.839944e+00,-1.817770e+00,5.373412e+00,-1.566280e+01,-2.347877e+00,1.541251e-02,0,0,1.545834e-05,-5.020182e-01,5.805298e-01,9.106256e-01,-2.535340e+00,-3.540905e-01,5.778162e-01,-1.952256e+00,1.212460e+00,-1.738910e+00,-1.563141e-01,8.938949e-01,1.143487e+00,-3.022062e-04,0,0
5.602775e-04,2.593795e+00,2.620076e+00,-6.719620e+00,-4.725449e+00,7.461981e+00,-6.213267e+00,-1.833997e+01,9.183666e+00,-4.527098e+00,6.448900e+00,-1.520840e+01,-3.700100e-01,1.722575e-02,0,0,3.684159e-05,-9.197963e-01,4.971333e-01,7.499402e-01,-3.289922e+00,-1.004199e-01,1.112233e+00,-2.698151e+00,1.805557e+00,-1.807109e+00,9.161066e-01,2.079889e+00,3.200908e-01,1.087942e-03,0,0
6.160869e-04,1.494397e+00,2.931794e+00,-6.252199e+00,-8.934819e+00,7.943977e+00,-4.744660e+00,-2.277239e+01,1.223552e+01,-6.604097e+00,8.618520e+00,-1.051639e+01,-1.549907e+00,1.903898e-02,0,0,3.169796e-05,-1.037749e+00,3.873442e-01,5.448067e-01,-3.408087e+00,-3.780368e-01,7.896903e-01,-1.795156e+00,1.400236e+00,-1.002990e+00,1.306823e+00,2.624445e+00,-7.009068e-01,1.813237e-03,0,0
6.727370e-04,3.203216e-01,2.845040e+00,-5.568157e+00,-1.347775e+01,8.166416e+00,-3.340429e+00,-2.496059e+01,1.333777e+01,-6.753766e+00,9.966415e+00,-7.798333e+00,-3.283379e+00,2.024781e-02,0,0,2.774396e-05,-9.688119e-01,2.563544e-01,4.824073e-01,-3.079628e+00,-7.396700e-01,2.516193e-01,-3.258945e-01,2.698226e-01,-1.249856e-01,9.818218e-01,1.493007e+00,-1.489287e+00,2.689635e-03,0,0
6.350658e-04,-3.638977e-01,3.445711e+00,-5.303368e+00,-1.494784e+01,5.778184e+00,-5.031733e+00,-2.173533e+01,1.176408e+01,-5.719387e+00,1.014877e+01,-6.245612e+00,-4.395726e+00,2.296766e-02,0,0,1.037388e-05,-9.416889e-01,1.623168e-01,3.239970e-01,-1.699815e+00,-1.207708e+00,-8.114414e-01,1.112521e+00,-7.052597e-01,7.466402e-01,7.748296e-01,-9.138012e-01,-1.130945e+00,3.989120e-03,0,0
6.895079e-04,-1.321117e+00,3.644890e+00,-4.781999e+00,-1.711708e+01,4.846528e+00,-4.811634e+00,-2.048797e+01,1.076850e+01,-5.594381e+00,1.059289e+01,-9.878758e+00,-6.393534e+00,2.870958e-02,0,0,-5.818048e-06,-8.140193e-01,-9.731195e-02,-1.871903e-01,-5.290875e-01,-8.932069e-01,-1.126492e+00,8.615715e-01,-1.394373e+00,1.161753e+00,1.239050e+00,-2.440499e+00,-6.654814e-01,4.321547e-03,0,0
6.595708e-04,-2.393328e+00,3.343453e+00,-5.025293e+00,-1.561423e+01,3.565382e+00,-8.066265e+00,-1.944609e+01,9.993855e+00,-3.450588e+00,1.217943e+01,-1.404519e+01,-5.649555e+00,3.475370e-02,0,0,-2.071323e-05,-5.732171e-01,-1.998007e-01,-7.335487e-01,-4.971132e-02,-4.040033e-01,-7.594250e-01,-1.281225e-01,-1.429973e+00,1.853917e+00,1.394032e+00,-2.494724e+00,3.293962e-02,2.901178e-03,0,0
6.313942e-04,-2.735059e+00,2.409610e+00,-6.643147e+00,-1.578999e+01,4.806783e+00,-7.455621e+00,-2.179735e+01,7.251013e+00,-2.079399e+00,1.514633e+01,-1.610104e+01,-5.983871e+00,3.596253e-02,0,0,-4.427314e-05,-1.037528e-01,-1.382440e-01,-1.292168e+00,-4.713096e-02,-8.126827e-02,-1.461746e-01,1.381989e-02,-1.405148e+00,1.769869e+00,7.972906e-01,-3.616140e-01,4.277306e-01,-3.022104e-05,0,0
5.605565e-04,-2.523012e+00,3.064348e+00,-8.040538e+00,-1.585994e+01,3.778040e+00,-7.506865e+00,-2.172125e+01,6.372955e+00,1.792709e+00,1.484220e+01,-1.560809e+01,-4.435859e+00,3.384708e-02,0,0,-1.030821e-05,2.590445e-01,-2.584742e-01,-1.380609e+00,-7.660298e-01,2.835928e-01,1.000859e+00,1.505934e-01,-1.802773e-01,1.108090e+00,5.119982e-02,1.685799e+00,-2.808544e-01,-1.722575e-03,0,0
5.176494e-04,-1.775039e+00,3.093223e+00,-9.735218e+00,-1.722988e+01,4.333857e+00,-5.822207e+00,-1.928129e+01,5.553214e+00,6.333145e-01,1.324795e+01,-1.090538e+01,-4.861729e+00,2.901179e-02,0,0,3.555694e-05,3.407113e-01,-7.018631e-01,-1.362744e+00,-1.474304e-01,7.501333e-01,9.535092e-01,6.256886e-01,9.586672e-01,-1.700017e-01,-6.931856e-01,2.744723e+00,-8.203638e-01,-1.329706e-03,0,0
6.649022e-04,-1.578116e+00,1.709276e+00,-1.038230e+01,-1.872443e+01,5.219809e+00,-3.878678e+00,-1.995115e+01,9.941369e+00,7.335073e-01,1.338462e+01,-8.214024e+00,-7.614899e+00,2.961620e-02,0,0,1.036792e-04,2.859191e-01,-1.258572e+00,-1.322217e+00,6.185830e-01,1.504228e+00,9.359636e-01,-3.112013e-01,1.378412e+00,-1.142540e+00,-4.878091e-01,2.172902e+00,-1.448864e+00,4.230898e-04,0,4.310190e-02
7.570061e-04,-1.503951e+00,-4.221697e-01,-1.228598e+01,-1.509490e+01,7.836565e+00,-4.502169e+00,-1.955396e+01,1.026014e+01,-2.399807e+00,1.240919e+01,-6.074461e+00,-8.496171e+00,3.142944e-02,0,0,1.289158e-04,2.410181e-01,-1.243270e+00,-1.255501e+00,1.191434e+00,1.606223e+00,5.756872e-01,-1.261787e+00,7.471452e-01,-8.168436e-01,-4.244932e-01,7.031510e-01,-1.020520e+00,1.662135e-03,0,1.056998e-01
9.592739e-04,-1.228961e+00,-1.470814e+00,-1.337624e+01,-1.383452e+01,9.547826e+00,-3.487065e+00,-2.314093e+01,1.091155e+01,-2.403431e+00,1.282254e+01,-7.159037e+00,-9.862960e+00,3.475371e-02,0,2.155095e-01,1.122396e-04,2.575343e-01,-1.122458e+00,-1.189432e+00,5.879404e-01,9.226643e-01,6.071128e-01,-1.396718e+00,-4.109257e-01,-1.798747e-01,6.957245e-02,3.046902e-01,-4.267225e-02,1.118163e-03,0,1.716885e-01
1.015042e-03,-7.445261e-01,-1.533082e+00,-1.451575e+01,-1.371766e+01,1.020096e+01,-3.139577e+00,-2.399534e+01,8.803849e+00,-1.882434e+00,1.140653e+01,-7.917116e+00,-8.840299e+00,3.475371e-02,0,4.207442e-01,7.972409e-05,3.292336e-01,-1.051973e+00,-6.245766e-01,-6.534314e-01,-2.640133e-01,1.037292e+00,-8.722004e-01,-1.027126e+00,6.511924e-01,6.494150e-01,7.051908e-01,3.092975e-01,4.230879e-04,0,1.735229e-01
1.097082e-03,-6.701567e-01,-3.347558e+00,-1.521458e+01,-1.647335e+01,8.650931e+00,-1.524410e+00,-2.471405e+01,8.614887e+00,-4.245521e-01,1.423382e+01,-5.769246e+00,-7.656196e+00,3.354488e-02,0,6.480706e-01,3.801032e-05,3.983858e-01,-9.502189e-01,-1.577371e-01,-9.349021e-01,-7.768737e-01,9.199568e-01,4.302727e-01,-1.383089e+00,5.750827e-01,7.626926e-01,1.595350e+00,1.598520e-01,-6.044172e-05,0,1.119724e-01
1.086722e-03,-1.371848e-01,-4.743660e+00,-1.448970e+01,-1.704264e+01,6.964946e+00,-2.970363e-01,-2.312840e+01,6.272844e+00,-1.332844e-01,1.495063e+01,-3.243403e+00,-8.053065e+00,3.414929e-02,0,6.513341e-01,4.365586e-06,5.019536e-01,-4.577253e-01,4.083603e-01,-7.964201e-01,-3.382733e-01,6.496824e-01,1.465672e+00,-1.483473e+00,4.013437e-01,5.203293e-01,1.906438e+00,-2.907751e-01,1.208819e-04,0,3.601694e-03
1.113485e-03,4.592975e-01,-4.616620e+00,-1.417795e+01,-1.684654e+01,7.281466e+00,-3.085517e-01,-2.142304e+01,5.261606e+00,-4.025926e-01,1.486395e+01,-1.519143e+00,-9.457316e+00,3.475371e-02,0,6.600763e-01,-2.931862e-05,4.766284e-01,7.586617e-01,6.405193e-01,-6.048425e-01,7.874954e-01,6.107958e-01,1.773827e+00,-1.403745e+00,-2.513715e-01,7.576799e-02,1.326926e+00,-6.954363e-01,-1.813240e-04,0,-1.086772e-01
1.028668e-03,1.200515e+00,-3.187178e+00,-1.299226e+01,-1.751317e+01,9.194329e+00,-4.990941e-01,-1.831249e+01,3.063126e+00,1.133042e-01,1.369311e+01,-5.099793e-01,-9.393614e+00,3.475370e-02,0,4.327498e-01,-5.001078e-05,2.018628e-01,1.483973e+00,6.430731e-01,-9.669510e-01,1.224354e+00,8.705763e-01,1.347708e+00,-1.016018e+00,-9.220155e-01,2.525703e-01,6.637135e-01,-4.433300e-01,-9.066183e-04,0,-1.748768e-01
9.795158e-04,1.044135e+00,-3.324904e-01,-1.276070e+01,-1.926230e+01,1.147372e+01,1.630598e+00,-1.825287e+01,3.201022e+00,-1.804704e+00,1.524142e+01,-5.013259e-01,-1.046310e+01,3.233605e-02,0,2.139769e-01,-5.842132e-05,-3.292092e-02,1.515349e+00,5.452023e-01,-1.376908e+00,5.700130e-01,1.267732e+00,2.693687e-01,-9.657610e-01,-2.145278e+00,4.181193e-01,1.137089e-01,-2.287183e-01,-8.159565e-04,0,-1.752902e-01
9.036534e-04,5.797104e-01,5.341421e-01,-1.198296e+01,-2.066952e+01,1.099059e+01,3.086270e+00,-1.797494e+01,2.223045e+00,-4.042306e+00,1.602475e+01,-4.337442e-01,-9.766822e+00,3.082502e-02,0,0,-4.133214e-05,-1.205718e-01,7.175288e-01,1.651013e-01,-1.426948e+00,-3.998965e-01,1.023018e+00,-3.769711e-01,-7.988786e-01,-2.908439e+00,2.732368e-01,1.220984e-01,4.598826e-01,-4.533090e-04,0,-1.079476e-01
8.838864e-04,6.050952e-01,1.099467e+00,-1.195660e+01,-2.215291e+01,9.233399e+00,4.237428e+00,-2.024497e+01,8.528420e-01,-9.051177e+00,1.578873e+01,-9.887157e-01,-1.041430e+01,3.263826e-02,0,0,-3.468513e-05,4.623951e-02,-9.891398e-02,6.450129e-02,-1.110918e+00,-7.371273e-01,2.667279e-01,1.830095e-01,-8.085744e-01,-2.597398e+00,-2.745856e-01,6.716442e-01,1.106610e+00,-9.066183e-05,0,-4.279537e-02
8.698225e-04,8.171759e-01,-3.155127e-01,-1.256881e+01,-2.320260e+01,8.315005e+00,3.312578e+00,-1.920129e+01,2.428230e-01,-1.080565e+01,1.478564e+01,3.442077e-01,-7.118600e+00,3.233605e-02,0,0,-3.873697e-05,1.920237e-01,-3.007997e-01,2.092180e-01,-6.822765e-01,-4.425172e-01,-3.310977e-01,1.784841e+00,-3.153415e-01,-1.332669e+00,-4.939417e-01,1.099085e+00,1.548900e+00,-9.368397e-04,0,0
8.230056e-04,1.156600e+00,-4.022328e-01,-1.214527e+01,-2.355035e+01,9.125874e+00,2.851084e+00,-1.672465e+01,1.482610e-01,-1.141002e+01,1.448804e+01,2.467919e+00,-6.254166e+00,3.112723e-02,0,0,-4.959886e-05,3.352547e-01,-2.374026e-01,2.967607e-01,-9.657993e-02,-7.271988e-01,-7.212331e-01,3.079710e+00,-2.530814e-01,6.369265e-01,-5.571020e-01,1.229146e+00,1.996597e+00,-2.296767e-03,0,0
7.404089e-04,1.264076e+00,-2.190065e-01,-1.084253e+01,-2.338218e+01,8.831769e+00,2.123954e+00,-1.081090e+01,9.986275e-01,-9.526226e+00,1.420538e+01,3.333365e+00,-4.102390e+00,2.689634e-02,0,0,-6.403045e-05,4.287215e-01,2.817625e-01,4.395730e-01,3.731256e-01,-1.421052e+00,-7.010300e-01,3.170073e+00,-7.541032e-01,1.415962e+00,-5.891250e-01,1.296431e-01,1.758558e+00,-2.840737e-03,0,0
7.005989e-04,2.057918e+00,-1.357994e-01,-1.133593e+01,-2.254602e+01,5.339024e+00,1.225575e+00,-9.041617e+00,-7.904670e-01,-6.506258e+00,1.329335e+01,3.662436e+00,-1.939422e+00,2.387428e-02,0,0,-5.674802e-05,5.620624e-01,7.502916e-01,4.099906e-01,5.397447e-01,-2.140398e+00,-7.118515e-01,1.932226e+00,-1.163978e+00,1.213635e+00,-5.368857e-01,-1.218913e+00,1.540555e+00,-2.689635e-03,0,0
6.108736e-04,2.510124e+00,9.600829e-01,-1.077561e+01,-2.183914e+01,3.103170e+00,6.201831e-01,-7.192442e+00,-3.058329e+00,-6.177726e+00,1.243736e+01,3.951650e-01,-4.831845e-01,2.175884e-02,0,0,-5.693142e-05,5.233811e-01,1.335213e+00,8.795439e-01,9.067402e-01,-1.981103e+00,-6.237653e-01,7.338821e-01,-1.095090e+00,1.932528e-01,-3.638750e-01,-2.147524e+00,3.405584e-01,-1.571472e-03,0,0
6.040332e-04,3.343888e+00,2.759681e+00,-1.012877e+01,-2.162314e+01,1.288184e+00,4.371164e-02,-8.872742e+00,-3.643152e+00,-7.016096e+00,1.268762e+01,-2.157544e+00,-3.609940e-01,2.024781e-02,0,0,-4.910016e-05,4.852197e-01,1.598141e+00,1.383368e+00,1.340113e+00,-1.491620e+00,-6.945978e-01,4.292757e-01,-3.853277e-01,-3.263764e-01,9.882812e-02,-1.901764e+00,-9.554560e-01,-9.368391e-04,0,0
5.040346e-04,3.237996e+00,5.009320e+00,-7.048392e+00,-1.930992e+01,9.516754e-01,-4.039408e-01,-7.225924e+00,-3.050479e+00,-8.305043e+00,1.268887e+01,-4.494263e+00,-3.188812e+00,2.085222e-02,0,0,-4.088732e-05,4.036090e-01,1.485857e+00,1.571449e+00,2.064037e+00,-1.005026e+00,-6.858974e-01,4.086094e-01,-1.471030e-01,1.998815e-01,4.545492e-01,-4.643298e-01,-2.021913e+00,-1.027501e-03,0,0
5.085176e-04,4.120080e+00,5.830286e+00,-6.282700e+00,-1.711006e+01,-1.043327e+00,-1.735352e+00,-6.878498e+00,-2.721030e+00,-7.074481e+00,1.366173e+01,-3.401669e+00,-5.363888e+00,1.964340e-02,0,0,-3.220073e-05,2.496054e-01,1.228833e+00,1.610947e+00,2.134602e+00,-3.324490e-01,-8.018866e-01,6.512267e-01,-2.627225e-01,5.219557e-01,6.632937e-01,5.578915e-01,-2.025991e+00,-1.722575e-03,0,0
4.541948e-04,4.140073e+00,6.854066e+00,-4.841406e+00,-1.377549e+01,-7.562045e-01,-1.919772e+00,-6.146517e+00,-4.254905e+00,-5.149126e+00,1.422305e+01,-1.304422e+00,-8.091304e+00,1.692354e-02,0,0,-1.253519e-05,-1.793194e-02,9.546520e-01,1.612334e+00,1.573666e+00,3.164842e-01,-6.974711e-01,6.539188e-02,-5.327277e-01,3.301821e-01,5.720904e-01,7.340789e-01,-1.274253e+00,-2.296767e-03,0,0
4.679494e-04,4.140877e+00,7.981472e+00,-3.177530e+00,-1.371735e+01,4.798784e-01,-3.207806e+00,-6.156312e+00,-4.354552e+00,-5.984276e+00,1.523700e+01,-9.630072e-01,-8.039702e+00,1.359927e-02,0,0,-1.354155e-06,-2.905301e-01,6.911326e-01,1.777521e+00,8.104010e-01,5.187555e-01,-4.893285e-01,-3.169490e-01,-4.166515e-01,-6.048446e-02,1.250927e-01,-1.744167e-01,-5.674817e-01,-1.541251e-03,0,0
4.616427e-04,3.137938e+00,8.706986e+00,-5.393043e-01,-1.313794e+01,1.772493e+00,-3.155069e+00,-7.260058e+00,-4.897357e+00,-7.199235e+00,1.476169e+01,-2.043199e+00,-8.222171e+00,1.239045e-02,0,0,1.595255e-05,-2.107835e-01,3.828539e-01,1.358311e+00,-6.680965e-02,-2.179652e-01,-8.849721e-02,-3.299283e-01,-1.278450e-01,-7.189798e-03,-4.575547e-01,-1.160390e+00,-8.853569e-02,-1.208823e-04,0,0
4.980228e-04,3.168497e+00,8.359488e+00,4.538529e-01,-1.337683e+01,2.861013e-01,-3.564346e+00,-7.906473e+00,-4.483062e+00,-6.351849e+00,1.401788e+01,-3.904364e+00,-8.135863e+00,1.420369e-02,0,0,2.831943e-05,5.014491e-03,1.077187e-01,5.028049e-01,-9.140465e-01,-7.870392e-01,2.115854e-01,1.914036e-01,4.509595e-01,-2.624610e-01,-7.774836e-01,-1.506692e+00,-1.462469e-01,1.269266e-03,0,0
5.189209e-04,3.572345e+00,8.579328e+00,1.344579e-01,-1.427980e+01,-1.749142e+00,-2.183988e+00,-6.921078e+00,-4.829875e+00,-5.001288e+00,1.254484e+01,-5.635691e+00,-8.485902e+00,1.601692e-02,0,0,4.796238e-05,1.562960e-01,-7.333441e-02,-4.804132e-01,-2.076698e+00,-4.302649e-01,1.430525e-01,1.072629e+00,1.365543e+00,-1.455892e+00,-6.117838e-01,-1.431326e+00,-1.012203e-01,1.903898e-03,0,0
5.809075e-04,3.948746e+00,8.583895e+00,-1.000387e+00,-1.771665e+01,-1.694500e+00,-2.635419e+00,-5.368783e+00,-2.133495e+00,-8.395555e+00,1.245800e+01,-6.700220e+00,-8.639071e+00,1.813237e-02,0,0,7.867505e-05,-1.275881e-01,-2.785223e-01,-9.867729e-01,-2.978339e+00,1.307677e+00,-4.787834e-02,1.498965e+00,2.108209e+00,-3.729219e+00,-6.633530e-02,-1.160390e+00,3.299220e-01,1.783016e-03,0,4.346368e-02
6.600123e-04,3.529294e+00,8.228111e+00,-2.214250e+00,-2.135152e+01,6.114697e-01,-2.904270e+00,-3.165757e+00,7.555731e-01,-1.345684e+01,1.248271e+01,-7.801899e+00,-8.476668e+00,1.994560e-02,0,0,1.082890e-04,-5.173044e-01,-6.590167e-01,-1.103885e+00,-2.678291e+00,2.568652e+00,-2.447544e-01,1.338984e+00,2.415880e+00,-5.210176e+00,6.481504e-01,-5.141414e-01,1.252168e+00,1.631913e-03,0,1.076768e-01
8.208524e-04,2.552082e+00,7.142485e+00,-3.305658e+00,-2.473267e+01,5.644180e+00,-3.443597e+00,-2.289309e+00,3.265257e+00,-2.077017e+01,1.371727e+01,-8.623209e+00,-6.490870e+00,2.115443e-02,0,2.173184e-01,9.979540e-05,-6.526861e-01,-1.006730e+00,-9.552636e-01,-7.040398e-01,2.753991e+00,-2.213755e-01,3.492546e-01,1.999531e+00,-4.608788e+00,8.813599e-01,-4.345527e-02,1.757982e+00,1.057721e-03,0,1.289175e-01
9.403934e-04,1.684155e+00,6.004949e+00,-4.232330e+00,-2.416324e+01,7.424778e+00,-3.003671e+00,-1.765893e+00,4.550149e+00,-2.486486e+01,1.515596e+01,-7.244904e+00,-3.299162e+00,2.266546e-02,0,4.297250e-01,3.491534e-05,-3.845474e-01,-1.043346e+00,-5.889212e-01,2.086019e+00,1.656550e+00,2.063442e-01,-1.010630e+00,8.681244e-01,-2.123337e+00,7.221023e-01,5.265453e-01,7.460223e-01,1.511034e-04,0,6.372197e-02
9.396940e-04,1.607885e+00,4.661825e+00,-4.767665e+00,-1.983099e+01,8.668802e+00,-3.692596e+00,-4.322443e+00,5.966873e+00,-2.573549e+01,1.552818e+01,-7.195994e+00,-2.437917e+00,2.206104e-02,0,4.297250e-01,-5.736831e-05,9.085653e-02,-6.734926e-01,-9.765486e-02,4.459447e+00,3.943968e-01,8.509682e-01,-2.080791e+00,-7.132193e-01,1.045478e+00,-2.001682e-01,6.863477e-01,-1.423079e+00,-1.450589e-03,0,-6.519553e-02
7.751682e-04,2.078656e+00,4.251711e+00,-4.427852e+00,-1.337227e+01,7.381910e+00,-1.748049e+00,-7.202341e+00,3.745387e+00,-2.159087e+01,1.518776e+01,-5.882781e+00,-6.773034e+00,2.024781e-02,0,2.124066e-01,-1.122581e-04,4.125502e-01,1.070566e-01,3.624814e-01,4.983062e+00,-2.021008e-01,1.593500e+00,-2.377717e+00,-2.084107e+00,2.704482e+00,-1.255603e+00,7.237329e-01,-3.213549e+00,-2.689634e-03,0,-1.289175e-01
6.166234e-04,2.809114e+00,4.651641e+00,-3.696171e+00,-7.830922e+00,7.637598e+00,1.834339e-01,-9.975038e+00,1.015417e-01,-1.717977e+01,1.270053e+01,-5.872532e+00,-1.186933e+01,1.511031e-02,0,0,-1.066454e-04,4.966788e-01,7.968836e-01,2.823328e-01,4.036063e+00,-4.745210e-01,1.848950e+00,-1.612192e+00,-2.382321e+00,3.002918e+00,-1.937656e+00,5.799621e-01,-2.881780e+00,-2.750075e-03,0,-1.071857e-01
5.406383e-04,3.146291e+00,6.545324e+00,-2.955670e+00,-5.247971e+00,6.929876e+00,3.025815e+00,-1.082818e+01,-2.937719e+00,-1.562031e+01,1.029177e+01,-4.287970e+00,-1.465120e+01,1.269266e-02,0,0,-6.178838e-05,4.618139e-01,9.729835e-01,-3.371050e-01,2.445346e+00,-2.707978e-01,1.236137e+00,-7.164806e-01,-1.111558e+00,2.545104e+00,-1.890596e+00,-1.948972e-02,-1.129203e+00,-1.692354e-03,0,-4.248131e-02
5.237318e-04,3.557462e+00,7.499437e+00,-4.092092e+00,-3.712827e+00,6.522214e+00,3.165221e+00,-1.057048e+01,-2.603179e+00,-1.370618e+01,8.287896e+00,-5.093588e+00,-1.290773e+01,1.208824e-02,0,0,-2.286939e-05,3.193232e-01,4.930008e-01,-1.032517e+00,1.332664e+00,2.788443e-02,2.025197e-01,-2.742983e-01,4.511778e-01,2.168786e+00,-8.980888e-01,-6.428577e-01,5.037576e-01,-3.022061e-04,0,0
5.126721e-04,4.013552e+00,7.692730e+00,-5.915417e+00,-3.204587e+00,6.585613e+00,2.941744e+00,-1.048702e+01,-4.600400e-01,-1.060214e+01,7.941101e+00,-6.369701e+00,-1.189985e+01,1.329707e-02,0,0,-2.144038e-06,8.383822e-02,-3.905555e-01,-1.299021e+00,9.274302e-01,5.299407e-01,-1.325295e+00,-7.532192e-01,1.907001e+00,1.877620e+00,3.437619e-01,-1.376179e+00,1.060368e+00,3.022060e-04,0,0
5.162596e-04,3.972100e+00,6.542942e+00,-7.378882e+00,-2.189291e+00,7.949152e+00,1.238068e+00,-1.151711e+01,1.118591e+00,-8.844926e+00,9.385418e+00,-8.045955e+00,-1.072622e+01,1.329707e-02,0,0,1.106351e-05,-2.689292e-01,-9.101570e-01,-1.085557e+00,4.167469e-01,6.441666e-01,-2.635254e+00,-1.791353e+00,2.621679e+00,1.377416e+00,1.342489e+00,-1.464692e+00,1.332188e+00,6.346328e-04,0,0
5.336542e-04,3.358163e+00,5.070794e+00,-7.807381e+00,-1.372588e+00,8.866111e+00,-2.637084e+00,-1.412096e+01,4.736398e+00,-8.662833e+00,1.146182e+01,-9.692679e+00,-1.044012e+01,1.359927e-02,0,0,2.015092e-05,-6.273913e-01,-9.741949e-01,-7.056776e-01,-5.089296e-01,3.171283e-01,-3.609730e+00,-2.324767e+00,2.744339e+00,1.213840e+00,1.818080e+00,-1.381237e+00,2.012202e+00,9.066181e-04,0,0
5.685583e-04,2.540510e+00,4.259620e+00,-8.573897e+00,-2.545092e+00,8.602798e+00,-7.221632e+00,-1.771027e+01,7.906998e+00,-7.788754e+00,1.323998e+01,-1.075556e+01,-6.976655e+00,1.511031e-02,0,0,1.771674e-05,-8.665755e-01,-6.459739e-01,-3.273840e-01,-1.143098e+00,-1.374580e-01,-3.587212e+00,-1.677572e+00,1.964976e+00,1.318874e+00,1.236954e+00,-7.267873e-01,2.233878e+00,1.178604e-03,0,0
5.872773e-04,1.592390e+00,3.963417e+00,-8.846297e+00,-5.571334e+00,7.844431e+00,-1.087706e+01,-1.901427e+01,9.867453e+00,-5.061032e+00,1.510422e+01,-1.192109e+01,-3.713619e+00,1.692354e-02,0,0,4.940666e-08,-1.156761e+00,-2.167154e-01,3.064599e-01,-7.471180e-01,-1.202265e-01,-2.449481e+00,-2.424608e-01,9.473424e-02,1.979937e+00,-4.922704e-01,3.985731e-01,2.183280e+00,1.027501e-03,0,0
5.780317e-04,5.221086e-01,3.866761e+00,-8.496344e+00,-5.805408e+00,7.772701e+00,-1.257801e+01,-1.745831e+01,8.377944e+00,-4.051456e+00,1.374899e+01,-1.056569e+01,-2.920076e+00,1.752795e-02,0,0,-1.887276e-05,-1.512701e+00,4.762840e-01,1.053480e+00,6.409312e-01,2.414274e-01,-7.457448e-01,1.647564e+00,-1.473891e+00,2.747725e+00,-2.760885e+00,1.367830e+00,1.373304e+00,1.390148e-03,0,0
5.291645e-04,-1.416440e+00,4.183646e+00,-6.313858e+00,-3.478019e+00,8.680027e+00,-1.220630e+01,-1.545925e+01,4.974597e+00,-6.317987e-01,8.745964e+00,-7.794749e+00,-1.552009e+00,1.752795e-02,0,0,-1.765477e-05,-1.995877e+00,1.302715e+00,1.539494e+00,1.386003e+00,7.704217e-01,6.221520e-01,2.548434e+00,-2.326589e+00,2.877541e+00,-4.456809e+00,1.767248e+00,9.485210e-01,4.593533e-03,0,0
5.032509e-04,-3.518580e+00,6.530926e+00,-4.572718e+00,-3.870933e-01,9.392138e+00,-1.028573e+01,-1.124997e+01,2.983974e+00,3.735255e+00,2.614688e+00,-5.979578e+00,-1.190940e+00,2.175884e-02,0,0,2.601574e-05,-2.446413e+00,1.882743e+00,1.467769e+00,4.748253e-01,9.464048e-01,1.087420e+00,2.934578e+00,-1.322345e+00,1.903782e+00,-4.395734e+00,1.373281e+00,8.216385e-01,1.302508e-02,0,0
5.363939e-04,-6.366651e+00,9.144908e+00,-3.110640e+00,-1.350474e+00,1.088682e+01,-8.912433e+00,-9.376277e+00,9.314943e-01,5.433317e+00,-1.612673e+00,-5.377899e+00,1.644173e-01,3.777577e-02,0,0,9.229450e-05,-2.827725e+00,1.522829e+00,7.785419e-01,-1.157990e+00,9.380938e-01,1.068017e+00,2.401634e+00,-1.970369e-01,-5.050131e-01,-2.986654e+00,7.942822e-01,5.300135e-01,2.490178e-02,0,0
7.044957e-04,-9.234851e+00,1.079984e+01,-2.759106e+00,-4.495054e+00,1.140133e+01,-8.787846e+00,-5.826910e+00,3.787767e+00,2.434896e+00,-3.050364e+00,-4.907709e+00,3.299026e-01,7.252946e-02,0,0,1.474379e-04,-2.900834e+00,3.641628e-01,1.351139e-01,-2.000487e+00,5.260722e-01,6.314546e-01,1.489677e+00,3.971486e-01,-2.885293e+00,-1.661568e+00,9.264883e-01,7.106891e-01,3.357510e-02,0,0
8.900146e-04,-1.269693e+01,9.663331e+00,-3.327955e+00,-7.213991e+00,1.236590e+01,-7.615163e+00,-6.162606e+00,3.587515e+00,-2.506685e+00,-3.354778e+00,-4.359272e+00,3.376368e-01,1.166516e-01,0,0,1.569981e-04,-2.524503e+00,-7.238321e-01,-1.515976e-01,-1.438017e+00,-1.563746e-01,2.182102e-02,8.055766e-01,4.225524e-01,-3.398389e+00,-7.475692e-01,1.233003e+00,4.933486e-01,3.206407e-02,0,0
1.063630e-03,-1.485761e+01,8.092528e+00,-3.788491e+00,-7.457771e+00,1.128296e+01,-7.777094e+00,-5.408418e+00,3.641706e+00,-6.721209e+00,-4.822101e+00,-1.856449e+00,2.275895e+00,1.501964e-01,0,0,1.208823e-04,-1.859096e+00,-1.325018e+00,3.325758e-02,-2.067150e-01,-8.742690e-01,-1.026753e+00,2.442513e-01,-1.413431e-01,-2.265527e+00,8.597111e-03,1.772189e+00,5.156893e-01,1.985494e-02,0,0
1.141817e-03,-1.617779e+01,6.879405e+00,-3.353935e+00,-7.059202e+00,1.016413e+01,-9.308703e+00,-5.557640e+00,3.117287e+00,-6.980578e+00,-4.464651e+00,-7.385135e-01,1.658164e+00,1.592626e-01,0,0,6.264774e-05,-1.027697e+00,-9.294052e-01,4.935249e-01,7.772272e-01,-1.620619e+00,-1.755586e+00,6.390377e-01,3.147515e-01,-3.301779e-01,7.660569e-01,1.631356e+00,-5.484461e-02,4.805076e-03,0,0
1.183006e-03,-1.678990e+01,5.566715e+00,-2.579828e+00,-5.606024e+00,8.130867e+00,-1.307484e+01,-4.908136e+00,3.316166e+00,-6.655793e+00,-2.452442e+00,2.142858e+00,2.248085e+00,1.504986e-01,0,0,-1.145503e-06,-4.045950e-01,-4.407905e-01,8.909351e-01,1.213878e+00,-1.910927e+00,-1.352659e+00,1.015517e+00,2.892432e-01,3.468766e-01,7.916935e-01,8.747680e-01,-6.364444e-01,-4.956180e-03,0,0
1.143565e-03,-1.686927e+01,6.279212e+00,-1.464662e+00,-4.253729e+00,5.838852e+00,-1.374422e+01,-3.217559e+00,5.324043e+00,-4.190282e+00,-7.093223e-01,1.797856e+00,7.731882e-02,1.405258e-01,0,0,-6.124230e-05,2.723486e-01,2.814808e-01,1.003014e+00,1.071337e+00,-2.211135e+00,-2.948294e-01,1.705919e+00,1.880464e-01,1.440908e-01,-5.531604e-01,-2.052260e-01,-1.086971e+00,-8.401330e-03,0,0
1.057028e-03,-1.653484e+01,6.188673e+00,-2.784526e-01,-2.791118e+00,3.890965e+00,-1.232263e+01,-1.500874e+00,3.984544e+00,-6.381973e+00,-2.741298e+00,1.249205e+00,-1.159039e-01,1.347839e-01,0,0,-1.154504e-04,9.641269e-01,6.318999e-01,1.042813e+00,6.949597e-01,-1.813465e+00,9.982780e-01,1.703767e+00,-4.849940e-01,1.792654e-01,-1.454486e+00,-1.370404e+00,-1.271823e+00,-1.139317e-02,0,0
8.985946e-04,-1.494357e+01,7.975830e+00,5.104482e-01,-3.109971e+00,1.228406e+00,-1.115896e+01,1.268322e+00,3.723330e+00,-6.397034e+00,-7.086025e+00,-1.317817e+00,-2.594697e+00,1.251133e-01,0,0,-1.512721e-04,1.800900e+00,6.884785e-01,1.044691e+00,4.811831e-01,-1.260219e+00,1.328554e+00,1.169453e+00,-1.305447e+00,3.121742e-01,-5.387862e-01,-1.234812e+00,-1.096166e+00,-1.822303e-02,0,0
7.282393e-04,-1.293212e+01,7.877905e+00,1.646684e+00,-2.703104e+00,1.368766e+00,-9.376082e+00,1.367761e+00,1.691553e+00,-4.656090e+00,-6.536523e+00,-3.151328e+00,-2.775021e+00,1.012390e-01,0,0,-1.623259e-04,2.520843e+00,6.099717e-01,1.307305e+00,5.801306e-01,-6.281754e-01,1.251522e+00,4.816863e-01,-1.329965e+00,4.285284e-01,1.668617e+00,-4.823436e-01,-1.226353e+00,-2.595950e-02,0,0
5.515997e-04,-9.666131e+00,8.876987e+00,2.796225e+00,-1.891820e+00,7.988566e-01,-8.574727e+00,1.195387e+00,-5.669550e-02,-3.492353e+00,-1.505640e+00,-2.175937e+00,-4.073954e+00,6.618314e-02,0,0,-1.390657e-04,2.832338e+00,2.816413e-01,1.305834e+00,9.294620e-01,-5.114971e-01,8.822285e-01,-1.148069e-01,-1.453457e+00,-5.681210e-01,3.192052e+00,7.226623e-01,-1.518824e+00,-2.813539e-02,0,0
4.188962e-04,-6.569350e+00,8.787952e+00,5.115186e+00,-4.995407e-01,9.648631e-01,-7.357134e+00,9.440243e-01,-7.752681e-01,-5.691672e+00,2.811597e+00,-7.334526e-01,-5.508039e+00,3.445150e-02,0,0,-9.708678e-05,2.621523e+00,2.590622e-01,1.046842e+00,3.864411e-01,-5.937605e-01,7.366487e-01,-1.431040e-01,-8.157399e-01,-1.724007e+00,2.589985e+00,1.170877e+00,-1.942795e+00,-2.194016e-02,0,0
3.579375e-04,-3.963268e+00,8.929013e+00,5.305368e+00,4.355572e-01,-1.127128e+00,-7.757288e+00,9.061554e-01,-2.310545e+00,-8.719848e+00,4.200174e+00,1.086557e+00,-8.822309e+00,1.783016e-02,0,0,-5.223355e-05,1.883171e+00,1.719906e-01,5.021820e-01,5.572956e-02,-2.013710e-01,9.122397e-01,-2.268436e-01,-3.272051e-01,-1.787111e+00,1.445279e+00,6.267337e-01,-1.226516e+00,-1.142339e-02,0,0
3.396365e-04,-2.675931e+00,9.147203e+00,5.626324e+00,-1.934587e+00,-6.370439e-01,-6.101559e+00,7.968565e-01,-1.260222e+00,-1.066238e+01,3.560496e+00,1.071812e+00,-1.011482e+01,1.571472e-02,0,0,-2.458001e-05,1.037554e+00,3.161524e-01,2.066766e-01,-2.683623e-01,5.905053e-01,1.131276e+00,-2.698066e-01,-2.822936e-03,-9.083616e-01,1.021487e+00,2.634423e-01,3.076062e-01,-2.659414e-03,0,0
3.300617e-04,-2.196987e+00,9.557315e+00,5.051566e+00,-8.956492e-01,5.929553e-01,-4.641316e+00,1.347533e-01,-1.450244e+00,-9.942554e+00,5.346307e+00,5.509941e-02,-7.903144e+00,1.843457e-02,0,0,-1.982573e-05,3.054607e-01,2.782575e-01,3.631610e-01,3.868941e-01,1.154069e+00,1.135505e+00,-1.812581e-01,-1.540107e-02,3.978048e-01,1.346413e+00,-1.431698e-01,1.563193e+00,5.137503e-04,0,0
3.099341e-04,-2.264719e+00,1.005456e+01,6.275471e+00,-1.175749e+00,3.057348e+00,-3.258739e+00,-1.930776e-02,-1.219533e+00,-9.622127e+00,7.345966e+00,1.099488e+00,-4.429591e+00,2.085222e-02,0,0,-2.084219e-05,2.600701e-02,3.541991e-01,5.718784e-01,1.057122e+00,7.587884e-01,2.491030e-01,2.809039e-01,-3.160454e-01,1.289101e+00,1.482525e+00,-1.608059e-01,1.169162e+00,-5.439708e-04,0,0
2.736601e-04,-2.641571e+00,9.866621e+00,6.796600e+00,1.990609e+00,2.796020e+00,-3.501170e+00,4.079472e-01,-2.407895e+00,-7.250950e+00,9.039506e+00,3.568698e-01,-3.848957e+00,1.783016e-02,0,0,-1.980545e-05,4.339874e-02,2.794390e-01,5.471464e-01,9.609467e-01,9.266120e-02,-6.593846e-01,1.042018e+00,4.054747e-01,1.641843e+00,3.097858e-01,-5.423857e-01,-9.143639e-02,-2.508310e-03,0,0
2.636264e-04,-2.323604e+00,1.076355e+01,7.613199e+00,1.907895e+00,2.055366e+00,-5.426117e+00,2.064779e+00,-2.361624e+00,-5.562678e+00,9.126519e+00,1.168969e-01,-6.296102e+00,1.329707e-02,0,0,-1.433770e-05,1.130393e-01,3.368222e-01,-8.593621e-02,8.877652e-01,-5.051479e-01,-8.669814e-01,1.269339e+00,1.186011e+00,1.935321e+00,-4.948937e-01,-1.319805e+00,-7.810427e-01,-3.052282e-03,0,0
2.541883e-04,-1.950551e+00,1.060002e+01,7.118433e+00,2.367262e+00,1.557253e+00,-6.854551e+00,4.302799e+00,1.148174e+00,-3.763062e+00,6.004960e+00,-2.165533e+00,-7.427071e+00,9.670596e-03,0,0,-8.410885e-06,-7.752476e-02,2.545400e-01,-5.476090e-01,3.478358e-01,-2.671875e-01,-1.126964e-01,3.561685e-01,1.737616e+00,1.399289e+00,-5.668005e-01,-1.375130e+00,-1.450380e-01,-1.994560e-03,0,0
2.479815e-04,-2.045032e+00,1.137198e+01,5.684873e+00,3.074750e+00,1.150992e+00,-5.916956e+00,4.379960e+00,2.932489e+00,-1.689464e+00,6.388771e+00,-4.238335e+00,-6.545747e+00,9.670596e-03,0,0,-2.871106e-06,-7.205029e-01,-8.789873e-02,-5.741187e-01,2.415702e-01,3.294321e-01,1.372949e+00,-1.544916e+00,1.447475e+00,3.708225e-01,2.359550e-01,-1.515751e+00,7.890865e-01,1.208823e-04,0,0
2.394281e-04,-3.168481e+00,1.083511e+01,5.022718e+00,3.146360e+00,1.912269e+00,-3.819232e+00,1.031199e+00,3.633128e+00,-2.191111e+00,7.574378e+00,-4.341163e+00,-4.449325e+00,9.670596e-03,0,0,1.269737e-05,-1.418084e+00,-2.761174e-01,3.713894e-03,-5.199216e-01,5.794774e-01,1.795215e+00,-2.740173e+00,1.060914e+00,-7.077275e-01,8.437869e-01,-1.143946e+00,1.199025e+00,3.928679e-03,0,0
2.566509e-04,-5.317154e+00,1.020651e+01,5.790463e+00,2.726197e+00,3.525018e+00,-7.903305e-02,-4.024003e+00,3.633276e+00,-4.494541e+00,9.521585e+00,-6.374043e+00,-3.839543e+00,1.390148e-02,0,0,3.633737e-05,-1.842610e+00,-8.981638e-01,-3.403072e-02,-1.108535e+00,6.965904e-01,1.171005e+00,-3.070620e+00,1.137321e+00,-1.080162e+00,9.806933e-02,-7.037001e-01,9.669334e-01,8.340889e-03,0,0
3.133404e-04,-7.404908e+00,9.802165e+00,7.084208e+00,-5.806947e-02,3.267627e+00,-7.974352e-01,-5.196084e+00,6.102352e+00,-5.899161e+00,8.657487e+00,-6.817408e+00,-2.785048e+00,2.719855e-02,0,0,6.159818e-05,-1.488535e+00,-1.332450e+00,-2.748070e-01,-1.503770e+00,-7.628536e-02,-1.133145e+00,-2.951982e+00,9.761478e-01,-7.518984e-01,-5.456351e-01,2.646878e-01,5.227078e-01,1.139317e-02,0,0
3.927122e-04,-9.139871e+00,7.397627e+00,4.483974e+00,-8.657079e-01,3.956265e+00,-1.572832e+00,-7.859499e+00,7.384481e+00,-5.236247e+00,6.337563e+00,-6.518713e+00,-2.543218e+00,4.261106e-02,0,0,5.925777e-05,-4.678029e-01,-1.904072e+00,-1.014646e+00,-1.733747e+00,-1.025115e+00,-3.378767e+00,-2.959850e+00,5.701358e-01,-3.842538e-01,-9.454533e-01,1.848303e+00,5.880383e-01,8.915082e-03,0,0
4.793884e-04,-8.699796e+00,5.577297e+00,4.301927e+00,-2.576535e+00,1.315219e+00,-8.738056e+00,-1.181096e+01,6.638265e+00,-5.579750e+00,6.438213e+00,-2.945389e+00,-2.483948e+00,5.228166e-02,0,0,4.705626e-05,6.176710e-01,-2.450317e+00,-1.775932e+00,-1.693057e+00,-1.543938e+00,-4.480576e+00,-2.551901e+00,4.594575e-01,2.846973e-01,-2.463978e-01,2.345202e+00,1.213436e+00,3.535812e-03,0,0
4.699158e-04,-7.008724e+00,2.798582e+00,2.108375e+00,-4.683308e+00,-6.243531e-01,-1.300256e+01,-1.551581e+01,6.215998e+00,-6.575516e+00,5.903956e+00,9.314649e-01,-1.049901e+00,4.593533e-02,0,0,4.815845e-05,1.347236e+00,-2.582747e+00,-3.139861e+00,-1.841953e+00,-1.332406e+00,-3.775300e+00,-4.941072e-01,1.465639e+00,1.272073e+00,6.943818e-01,4.166918e-01,1.591426e+00,-1.450589e-03,0,0
5.100199e-04,-5.382126e+00,-1.498947e-01,-6.076536e-01,-6.614554e+00,-2.161752e+00,-1.748545e+01,-1.412743e+01,8.983881e+00,-3.806040e+00,7.642302e+00,1.183512e+00,2.535472e+00,4.321547e-02,0,0,6.793831e-05,1.269393e+00,-2.743364e+00,-4.857186e+00,-1.374613e+00,-1.084367e-01,-1.551842e+00,1.729066e+00,2.442247e+00,3.170347e+00,1.930167e+00,-3.095295e+00,1.002872e+00,-2.538532e-03,0,0
6.181886e-04,-4.062527e+00,-2.652511e+00,-8.760541e+00,-8.056464e+00,-9.672790e-01,-1.607563e+01,-9.171800e+00,1.353987e+01,2.372623e-01,9.207428e+00,-6.499704e+00,2.904202e+00,3.989121e-02,0,0,1.186642e-04,8.796036e-01,-2.547073e+00,-5.192581e+00,-1.713701e+00,1.728523e+00,1.134086e+00,2.459731e+00,2.453819e+00,3.080580e+00,2.661955e+00,-5.573256e+00,-1.334430e+00,-1.329708e-03,0,4.475330e-02
7.449435e-04,-3.825931e+00,-5.413978e+00,-1.454955e+01,-7.763021e+00,9.444978e-01,-1.496073e+01,-6.337637e+00,1.518757e+01,6.865595e+00,1.443731e+01,-1.470628e+01,5.533586e-01,4.261106e-02,0,0,1.603521e-04,3.474495e-01,-2.291397e+00,-4.256319e+00,-2.831968e+00,3.479745e+00,3.369598e+00,1.447754e+00,1.395100e+00,1.733564e+00,2.795055e+00,-4.777292e+00,-3.964066e+00,-6.346330e-04,0,1.162834e-01
9.457748e-04,-3.388804e+00,-7.304743e+00,-1.688358e+01,-1.267758e+01,6.465138e+00,-8.594491e+00,-7.112054e+00,1.538325e+01,3.491565e+00,1.581623e+01,-1.898992e+01,-6.730996e+00,3.958900e-02,0,2.237665e-01,1.557023e-04,-1.061399e-01,-1.837048e+00,-2.224669e+00,-3.940053e+00,5.144217e+00,4.034364e+00,2.310878e-01,-3.847213e-01,-8.265751e-01,1.537494e+00,-1.604150e+00,-4.308392e+00,1.813222e-04,0,1.408602e-01
1.147987e-03,-3.981740e+00,-9.280763e+00,-1.782773e+01,-1.846383e+01,1.152076e+01,-4.378034e+00,-7.918536e+00,1.503769e+01,3.234627e+00,1.831318e+01,-1.645784e+01,-1.246726e+01,4.019341e-02,0,4.695338e-01,1.048654e-04,-1.495630e-01,-8.643287e-01,-9.951136e-01,-4.165481e+00,4.817248e+00,3.541176e+00,3.440360e-01,-1.543128e+00,-2.073884e+00,2.454050e-01,1.191264e+00,-2.665855e+00,1.027500e-03,0,1.197674e-01
1.195178e-03,-4.515322e+00,-9.904358e+00,-1.824479e+01,-2.240633e+01,1.946567e+01,-1.195158e+00,-7.225912e+00,1.169120e+01,-2.080129e+00,1.495697e+01,-1.364468e+01,-1.212745e+01,4.200665e-02,0,4.695338e-01,-7.822446e-06,9.200251e-02,3.513089e-01,-4.433843e-01,-2.297040e+00,2.436525e+00,2.264705e+00,1.085398e+00,-2.320889e+00,-1.511455e+00,-3.782082e-01,2.727581e+00,3.717326e-01,1.541251e-03,0,1.925826e-03
1.144569e-03,-4.010487e+00,-8.435815e+00,-1.884451e+01,-2.372605e+01,1.853047e+01,-9.545144e-01,-4.560529e+00,9.317952e+00,-7.179785e-01,1.609397e+01,-1.142258e+01,-1.007769e+01,4.653974e-02,0,4.759533e-01,-1.086037e-04,8.363298e-01,1.608666e+00,4.540443e-02,6.053906e-02,-8.235205e-01,1.629207e+00,1.118304e+00,-2.037926e+00,-8.041241e-01,-6.935547e-01,3.007380e+00,1.728463e+00,-1.511030e-04,0,-7.180437e-02
9.083717e-04,-2.914418e+00,-5.970673e+00,-1.859212e+01,-2.153167e+01,1.514291e+01,1.017274e+00,-3.364068e+00,6.638674e+00,-2.089406e+00,1.503479e+01,-7.869644e+00,-6.067118e+00,4.412209e-02,0,2.301859e-01,-1.759013e-04,1.442563e+00,2.579204e+00,1.095337e+00,2.966798e+00,-3.263622e+00,1.417490e+00,9.536160e-01,-1.301727e+00,4.514897e-01,-1.800105e-01,2.847739e+00,1.338237e+00,-3.656693e-03,0,-1.184835e-01
7.483720e-04,-6.005429e-01,-3.204277e+00,-1.742705e+01,-1.859847e+01,9.564541e+00,2.661785e+00,-4.257935e+00,7.374320e+00,-7.813551e-01,1.480649e+01,-4.308458e+00,-6.855112e+00,3.838018e-02,0,2.301859e-01,-1.980977e-04,1.504456e+00,2.986982e+00,2.427425e+00,4.919724e+00,-3.156989e+00,1.127102e+00,8.353868e-01,-9.971803e-01,6.750647e-01,-4.449530e-01,1.927113e+00,1.551505e-01,-7.071623e-03,0,-1.182092e-01
5.137701e-04,9.925221e-01,3.758932e-01,-1.347684e+01,-1.013613e+01,7.630525e+00,4.084141e+00,-2.609129e+00,6.154382e+00,2.090085e-01,1.470065e+01,-2.963041e+00,-7.047552e+00,2.780296e-02,0,0,-1.583365e-04,1.098474e+00,2.810696e+00,3.252064e+00,5.463626e+00,-2.071552e+00,6.499313e-01,1.248247e+00,-9.266361e-01,1.242790e+00,-1.246855e-01,1.812996e-01,-1.314925e+00,-8.189784e-03,0,-6.905577e-02
3.513811e-04,1.558321e+00,3.325813e+00,-9.265021e+00,-4.825204e+00,6.501725e+00,3.147564e+00,-7.610648e-01,4.574196e+00,1.508138e+00,1.403627e+01,-4.240320e+00,-8.811723e+00,1.934119e-02,0,0,-1.069085e-04,4.268661e-01,1.959320e+00,2.993363e+00,4.434465e+00,-8.973011e-01,4.245273e-01,1.719906e+00,-1.321485e+00,8.330666e-01,-3.679140e-01,-1.030195e+00,-1.783373e+00,-7.434270e-03,0,-4.603718e-02
3.151849e-04,1.498520e+00,4.817762e+00,-6.412807e+00,-1.100174e+00,6.316561e+00,4.024041e+00,1.128730e+00,3.405555e+00,2.979795e+00,1.479647e+01,-6.997215e+00,-1.166344e+01,1.269266e-02,0,0,-4.245509e-05,7.842050e-02,9.786276e-01,1.785334e+00,2.170319e+00,-4.605521e-01,4.682869e-01,1.179031e+00,-1.206050e+00,5.024897e-01,-4.602217e-01,-1.184021e+00,-1.774680e+00,-5.046842e-03,0,0
3.131220e-04,1.280789e+00,4.371389e+00,-5.992249e+00,-9.441168e-01,5.735017e+00,4.814472e+00,2.472666e+00,2.141309e+00,1.998585e+00,1.291901e+01,-7.442347e+00,-1.346403e+01,8.763977e-03,0,0,-5.985497e-06,2.738954e-02,3.897766e-01,4.220300e-01,5.396476e-01,-3.864247e-01,9.984497e-01,3.333394e-01,-9.772485e-01,-1.605863e-01,-4.184473e-01,-4.155455e-01,-5.629110e-01,-2.840737e-03,0,0
3.206242e-04,1.523391e+00,4.746243e+00,-6.186558e+00,-1.225076e+00,5.711118e+00,5.592122e+00,1.669162e+00,1.340577e+00,2.476233e+00,1.295817e+01,-7.282132e+00,-1.359480e+01,7.857359e-03,0,0,8.503988e-06,1.834465e-02,4.118133e-01,-7.631382e-01,-9.522042e-01,-3.974587e-01,1.041220e+00,-5.366957e-01,-7.986196e-01,-6.921611e-01,6.174850e-03,6.586331e-01,1.748775e+00,-1.208824e-03,0,0
3.187340e-04,1.682833e+00,5.310455e+00,-7.267996e+00,-2.064515e+00,4.872323e+00,7.355772e+00,6.354160e-01,7.204425e-01,9.569873e-01,1.286319e+01,-6.175589e+00,-1.066060e+01,7.555153e-03,0,0,2.879573e-05,-5.572150e-02,3.124550e-01,-1.774636e+00,-1.752181e+00,6.080342e-03,1.176720e+00,-1.109120e+00,-4.725296e-01,-8.580847e-01,8.772112e-01,1.126534e+00,3.277616e+00,4.230884e-04,0,0
3.548989e-04,1.389221e+00,6.407295e+00,-9.590625e+00,-5.300995e+00,4.760615e+00,7.959490e+00,-6.361235e-01,1.228898e-01,3.978825e-02,1.485526e+01,-4.337429e+00,-4.321281e+00,7.252946e-03,0,0,5.896616e-05,-2.370674e-01,-3.130521e-01,-2.664051e+00,-2.444335e+00,8.223822e-01,9.658739e-01,-6.428335e-01,-1.886579e-01,-8.881744e-01,1.096120e+00,1.159382e+00,3.113389e+00,3.022061e-03,0,0
4.399633e-04,1.069266e+00,5.103138e+00,-1.316339e+01,-7.667063e+00,6.240671e+00,9.514388e+00,-1.920290e+00,3.875048e-01,-1.073616e+00,1.635652e+01,-3.282029e+00,-1.712707e+00,1.118163e-02,0,0,8.560046e-05,-2.631165e-01,-1.095459e+00,-2.952341e+00,-2.693205e+00,1.682904e+00,3.329139e-01,-1.384862e-01,2.792117e-02,-2.953942e-01,6.015195e-01,4.982398e-01,9.023728e-01,6.225445e-03,0,0
5.548403e-04,6.448372e-01,3.284641e+00,-1.655911e+01,-1.064547e+01,9.138855e+00,9.342183e+00,-2.671526e-01,5.637564e-01,-9.493377e-01,1.669211e+01,-2.932002e+00,-2.501797e+00,2.115443e-02,0,0,8.730472e-05,-1.875177e-01,-1.363028e+00,-2.353319e+00,-2.333031e+00,1.885776e+00,-3.307337e-01,7.600981e-01,1.198400e-01,4.427187e-01,-5.822446e-01,-4.150858e-01,-1.313160e+00,7.555152e-03,0,0
6.467656e-04,7.394424e-01,1.394488e+00,-1.854546e+01,-1.285830e+01,1.109772e+01,8.328996e+00,-2.415003e-01,6.396151e-01,-2.542067e-02,1.495236e+01,-4.387104e+00,-7.058477e+00,3.173164e-02,0,0,5.454848e-05,-1.932164e-01,-6.466173e-01,-9.498485e-01,-1.873608e+00,1.410538e+00,-1.359699e+00,1.182104e+00,2.321209e-01,9.355392e-01,-1.354681e+00,-1.192148e+00,-1.917127e+00,5.409489e-03,0,0
6.880214e-04,6.165438e-01,1.446482e+00,-1.866619e+01,-1.437053e+01,1.176097e+01,6.898518e+00,2.324972e+00,5.960346e-01,1.729284e+00,1.264612e+01,-5.860321e+00,-8.214198e+00,3.475370e-02,0,0,1.535723e-05,-2.257001e-01,3.615731e-01,4.973263e-01,-1.026146e+00,8.599991e-01,-1.792440e+00,5.870861e-01,5.435508e-01,8.060449e-01,-7.674923e-01,-1.030977e+00,-1.295376e+00,1.359928e-03,0,0
6.461152e-04,1.173310e-01,2.789131e+00,-1.685910e+01,-1.517257e+01,1.198231e+01,3.937723e+00,2.694168e+00,1.531970e+00,2.264770e+00,1.160611e+01,-7.778612e+00,-8.442142e+00,3.142944e-02,0,0,-9.855663e-06,-3.819962e-01,1.213462e+00,1.538335e+00,-4.723433e-01,6.350363e-01,-1.961538e+00,-4.259380e-01,6.380692e-01,3.089583e-01,9.292299e-01,-2.930867e-01,-1.019327e-01,-1.208824e-03,0,0
6.319517e-04,-1.726077e-01,4.395185e+00,-1.491566e+01,-1.461907e+01,1.299656e+01,2.575617e+00,1.200444e+00,2.835333e+00,1.935792e+00,1.452777e+01,-6.391130e+00,-8.286845e+00,2.810517e-02,0,0,-1.285604e-05,-2.454754e-01,1.180713e+00,1.881316e+00,3.462059e-01,-2.343683e-02,-1.243946e+00,-2.203386e+00,2.692651e-01,-2.293136e-01,2.460331e+00,6.372729e-01,5.942531e-01,-1.208825e-03,0,0
6.255222e-04,-7.759626e-01,5.987448e+00,-1.272905e+01,-1.509575e+01,1.365511e+01,6.827588e-01,-1.808926e+00,2.710312e+00,1.416117e+00,1.865768e+01,-5.587132e+00,-7.531817e+00,2.901179e-02,0,0,-3.042573e-06,2.466705e-02,9.772941e-01,1.686353e+00,1.054131e+00,-1.336576e+00,-4.181904e-01,-3.304994e+00,-1.304382e-01,-7.010101e-01,2.823305e+00,7.125343e-01,1.555895e+00,-6.648541e-04,0,0
6.340377e-04,-1.641862e-01,5.750887e+00,-1.132464e+01,-1.267791e+01,1.080738e+01,2.306271e+00,-6.440408e+00,1.353189e+00,1.007042e+00,2.142199e+01,-3.769696e+00,-5.698095e+00,2.991840e-02,0,0,-8.528912e-06,4.757052e-01,9.010018e-01,1.421351e+00,2.223501e+00,-3.136388e+00,1.156420e-01,-3.472056e+00,-3.960963e-01,-7.769945e-01,1.865805e+00,8.717742e-02,2.185468e+00,-1.692354e-03,0,0
6.298593e-04,2.364554e-01,6.997751e+00,-1.022284e+01,-1.087249e+01,6.394018e+00,1.981444e+00,-1.001038e+01,1.620851e+00,-7.759059e-01,2.227553e+01,-5.526657e+00,-1.957041e+00,2.719855e-02,0,0,-3.109244e-06,8.771368e-01,1.099830e+00,1.377623e+00,3.131447e+00,-4.092834e+00,4.387649e-01,-2.367181e+00,-3.269695e-02,-9.367886e-01,4.067505e-01,-2.330301e-01,2.485994e+00,-4.079782e-03,0,0
5.871385e-04,1.699710e+00,8.395042e+00,-9.062004e+00,-5.613193e+00,9.451647e-01,2.504485e+00,-1.205911e+01,1.399582e+00,-8.531689e-01,2.204787e+01,-5.985481e+00,-1.468946e-01,2.055001e-02,0,0,-8.600025e-06,9.486810e-01,9.615915e-01,1.577954e+00,3.304734e+00,-3.131491e+00,5.210177e-01,-9.944685e-01,2.002479e-01,-7.229480e-01,-1.087189e+00,2.356815e-03,1.715652e+00,-5.621033e-03,0,0
6.334255e-04,2.677774e+00,1.016452e+01,-6.972248e+00,-2.970873e+00,-1.877950e+00,2.777477e+00,-1.083548e+01,2.523631e+00,-2.337720e+00,2.037849e+01,-5.644390e+00,2.122552e+00,1.329707e-02,0,0,-1.651080e-05,8.216912e-01,2.020254e-01,1.780125e+00,2.750581e+00,-8.963003e-01,1.004364e+00,2.824512e-01,-1.762536e-01,-3.342404e-01,-1.971145e+00,1.126988e+00,3.586777e-01,-5.288606e-03,0,0
5.892545e-04,3.358560e+00,8.975461e+00,-5.060163e+00,-1.050551e-01,-7.140915e-01,4.513343e+00,-1.100020e+01,1.903039e+00,-1.826791e+00,1.693456e+01,-3.699045e+00,8.403664e-01,8.763977e-03,0,0,-3.225953e-05,2.818809e-01,-5.638688e-01,1.464447e+00,1.505059e+00,1.437837e+00,8.482008e-01,7.773010e-01,-6.444469e-01,6.333826e-01,-1.669425e+00,1.398238e+00,-1.199353e+00,-3.747356e-03,0,0
5.462473e-04,3.515486e+00,7.717669e+00,-3.323138e+00,1.263414e-01,2.742145e+00,5.998835e+00,-9.127576e+00,4.878542e-01,-1.960297e+00,1.497646e+01,-1.034934e+00,-6.572825e-01,6.648534e-03,0,0,-3.617097e-05,-7.868767e-03,-4.892406e-01,9.985219e-01,4.613167e-01,2.124166e+00,3.733571e-01,1.153834e+00,-1.236127e+00,1.932827e+00,-9.407698e-01,1.184832e+00,-1.971022e+00,-2.417649e-03,0,0
4.694300e-04,2.690258e+00,6.799124e+00,-3.564324e+00,3.634970e-01,5.824305e+00,5.134809e+00,-9.026557e+00,-8.047647e-01,2.125033e+00,1.640177e+01,-1.299017e+00,-4.753744e+00,5.137504e-03,0,0,2.505388e-05,5.288625e-02,3.914611e-01,7.231015e-01,-4.316058e-01,1.147702e+00,-2.163882e-01,1.546097e+00,-6.765467e-01,2.665907e+00,-7.182544e-01,7.124997e-01,-8.777052e-01,-1.692354e-03,0,2.606506e-02
5.124829e-04,2.972581e+00,8.806485e+00,-2.727558e+00,-8.985650e-01,5.473685e+00,4.333529e+00,-6.053133e+00,-2.303105e+00,5.350502e+00,1.594104e+01,-9.202463e-01,-4.935501e+00,3.022061e-03,0,0,5.848865e-05,-3.371817e-01,6.601976e-01,5.041213e-01,-3.458565e-01,-3.516619e-01,3.227920e-02,1.889368e+00,-2.167149e-02,3.159719e+00,-2.155078e+00,5.751094e-01,5.748101e-01,-1.269266e-03,0,3.909758e-02
7.314061e-04,3.894444e+00,1.038836e+01,-1.742445e+00,-1.750631e+00,3.658646e+00,4.264055e+00,-4.806938e+00,-8.421508e-02,7.847346e+00,1.286100e+01,-1.938908e-01,-1.409050e+00,2.115443e-03,0,1.303253e-01,5.670257e-05,-9.974353e-01,-8.035383e-02,2.051959e-01,2.020285e-02,-1.275751e+00,5.753106e-01,2.037947e+00,6.750558e-01,2.781181e+00,-2.772869e+00,1.194713e+00,2.019480e+00,-7.857358e-04,0,3.909758e-02
7.077025e-04,1.227485e+00,9.224039e+00,-1.713470e+00,-5.458775e-01,2.066665e+00,6.595608e+00,-1.790547e+00,1.922188e-02,1.097714e+01,5.971453e+00,1.288050e+00,5.444214e-01,1.813237e-03,0,1.303253e-01,-1.102989e-05,-1.926766e+00,-1.565612e+00,-4.999344e-01,5.429807e-01,-9.901967e-01,8.041178e-01,1.425705e+00,9.844148e-01,2.068417e+00,-1.930196e+00,1.574132e+00,1.813945e+00,-4.533092e-04,0,0
6.553330e-04,-1.424370e+00,6.188578e+00,-3.045388e+00,2.881674e-01,1.149061e+00,6.880323e+00,-9.681149e-01,1.409351e+00,1.321762e+01,7.522214e+00,3.570401e+00,2.603694e+00,1.813237e-03,0,1.303253e-01,-4.308107e-05,-1.749192e+00,-2.573705e+00,-1.793954e+00,2.555838e-01,4.375248e-01,1.379567e-01,-9.148140e-02,1.176582e+00,2.169295e-01,1.135183e+00,1.250579e+00,1.072882e+00,-1.511030e-04,0,-3.909758e-02
4.953700e-04,-4.001841e+00,3.078315e+00,-4.575758e+00,7.969392e-01,1.777494e+00,7.045984e+00,-8.440189e-01,1.872187e+00,1.300745e+01,8.959453e+00,5.068267e+00,2.127853e+00,9.066183e-04,0,0,5.572884e-05,-8.021169e-01,-2.884913e+00,-3.040219e+00,-4.381613e-01,1.922193e+00,-1.232844e+00,-2.079147e+00,2.163708e+00,-2.488760e+00,4.033292e+00,-6.652178e-01,-1.232839e-01,1.329707e-03,0,9.501492e-03
6.221670e-04,-2.236852e+00,5.926932e-01,-9.281072e+00,-1.144120e+00,5.990856e+00,4.728651e+00,-5.737609e+00,4.872210e+00,7.916838e+00,1.704291e+01,4.168895e+00,3.163646e+00,1.813237e-03,0,0,1.557548e-04,-3.844404e-01,-2.740574e+00,-3.223132e+00,-6.499093e-01,3.224037e+00,-1.955656e+00,-3.024496e+00,2.797863e+00,-4.336093e+00,4.471433e+00,-3.153049e+00,-1.583691e+00,3.475370e-03,0,8.728069e-02
1.002930e-03,-2.376858e+00,-2.402583e+00,-1.379673e+01,-2.020540e+00,9.256734e+00,1.507222e+00,-9.801537e+00,9.106333e+00,1.183726e+00,2.137756e+01,-2.337286e+00,-3.519742e-01,8.461771e-03,0,2.429954e-01,2.039275e-04,-5.190914e-01,-1.662865e+00,-1.565066e+00,-4.226188e-01,3.153510e+00,-2.139613e+00,-2.514722e+00,2.338619e+00,-4.260009e+00,2.852869e+00,-3.986713e+00,-2.650425e+00,4.986401e-03,0,1.335693e-01
1.180327e-03,-4.159063e+00,-4.773841e+00,-1.455056e+01,-1.552639e+00,1.352962e+01,-1.285747e-01,-1.161184e+01,1.178159e+01,-2.550985e+00,2.367032e+01,-8.492070e+00,-4.074847e+00,1.541251e-02,0,4.452311e-01,1.215177e-04,-7.936336e-01,-3.348641e-01,8.188221e-01,1.688749e-01,1.759731e+00,-1.448769e+00,-8.473654e-02,3.536862e-01,-1.928931e+00,-7.027376e-01,-2.413532e+00,-3.219085e+00,4.744635e-03,0,1.047539e-01
1.235928e-03,-5.636192e+00,-2.552742e+00,-9.766343e+00,-1.111895e+00,1.377566e+01,-1.223467e+00,-1.048051e+01,1.011059e+01,-3.058682e+00,1.991009e+01,-8.534814e+00,-7.505026e+00,1.903898e-02,0,4.452311e-01,8.937596e-05,1.575750e-01,4.867912e-01,1.421160e+00,-1.277885e-02,-4.242052e-01,-9.870601e-01,1.871902e+00,-1.529311e+00,1.511252e-01,-2.515995e+00,4.856279e-01,-2.888226e+00,3.324267e-03,0,3.929182e-02
1.113256e-03,-4.575354e+00,-1.006547e+00,-7.202152e+00,-7.540677e-01,1.253005e+01,-1.149848e+00,-5.821804e+00,6.138513e+00,3.933864e-01,1.426296e+01,-4.799998e+00,-9.355255e+00,2.024781e-02,0,4.226515e-01,1.972041e-04,1.623391e+00,4.292416e-03,-3.987713e-02,-1.159364e+00,-2.294011e+00,-1.130548e+00,3.099622e+00,-1.523449e+00,1.184371e-01,-2.060072e+00,1.754283e+00,-2.599513e+00,2.780296e-03,0,4.848011e-02
1.483345e-03,-1.380838e+00,-1.852274e+00,-1.036513e+01,-2.483720e+00,7.635496e+00,-2.917442e+00,-3.337044e+00,4.281319e+00,4.671662e-01,1.350127e+01,-1.755182e+00,-1.215290e+01,2.266546e-02,0,4.507442e-01,3.009682e-04,2.361638e+00,-1.101234e+00,-1.822874e+00,-2.228210e+00,-2.261779e+00,-1.048432e+00,3.141366e+00,2.184296e-03,-1.870494e+00,-3.167979e-01,5.443269e-01,-2.176538e+00,3.263826e-03,0,7.608294e-02
2.042639e-03,1.830214e+00,-5.102613e+00,-1.445055e+01,-6.663548e+00,5.129654e+00,-4.934330e+00,3.145391e-01,7.078981e+00,-3.721724e+00,1.657437e+01,-3.110472e+00,-1.474847e+01,2.750075e-02,0,6.848750e-01,2.513263e-04,1.792856e+00,-1.297781e+00,-1.797843e+00,-2.562458e+00,-5.723706e-01,-9.396504e-01,1.839542e+00,1.456928e+00,-3.769445e+00,7.424350e-01,-1.518656e+00,-1.468601e+00,4.230885e-03,0,7.412426e-02
2.276077e-03,2.969213e+00,-6.010881e+00,-1.525651e+01,-9.298208e+00,6.166964e+00,-4.573385e+00,2.158148e+00,9.651276e+00,-1.035360e+01,1.717039e+01,-6.657942e+00,-1.569111e+01,3.173164e-02,0,6.945340e-01,2.833968e-06,3.857388e-01,-5.654171e-01,-3.491027e-01,-1.369894e+00,1.779585e+00,-3.884985e-01,4.989853e-01,1.274599e+00,-3.757612e+00,1.752697e-01,-2.039845e+00,-3.870188e-01,4.925960e-03,0,3.787830e-02
1.973522e-03,2.213900e+00,-5.416151e+00,-1.374567e+01,-1.015911e+01,1.040246e+01,-5.020129e+00,6.283090e-01,1.073817e+01,-1.304346e+01,1.614057e+01,-9.941895e+00,-1.492916e+01,3.686914e-02,0,6.713780e-01,-2.249322e-04,-8.645744e-01,1.566584e-01,8.494253e-01,2.719607e-01,3.195239e+00,3.210263e-01,-8.802786e-01,-4.040461e-02,-2.317849e+00,-8.681189e-01,-1.092880e+00,3.999279e-01,4.653974e-03,0,-1.596293e-02
1.532073e-03,3.560128e-01,-4.522591e+00,-1.246308e+01,-7.585407e+00,1.389702e+01,-4.817035e+00,-9.990020e-01,8.824719e+00,-1.366003e+01,1.459452e+01,-8.538694e+00,-1.399765e+01,4.261106e-02,0,6.468843e-01,-2.570208e-04,-1.168456e+00,1.752824e-01,1.173107e+00,1.062477e+00,3.550953e+00,1.315117e+00,-4.561175e-01,-5.138888e-01,-1.081236e+00,-8.620802e-01,2.213807e-01,9.353821e-01,2.538532e-03,0,-1.686860e-02
1.289980e-03,-1.186058e+00,-5.063467e+00,-1.160014e+01,-6.160145e+00,1.724082e+01,-3.207374e+00,-2.508279e+00,7.290236e+00,-1.365775e+01,1.352171e+01,-7.634499e+00,-1.359556e+01,4.533092e-02,0,6.288852e-01,-1.272406e-04,-6.245667e-01,-4.176331e-03,1.293814e+00,9.006435e-01,3.028464e+00,2.657829e+00,1.289570e+00,2.396082e-01,-7.729285e-01,-4.617334e-01,1.798313e-01,1.211226e+00,-1.087942e-03,0,-1.215150e-02
1.332744e-03,-1.173087e+00,-5.310811e+00,-1.046374e+01,-5.985307e+00,2.050255e+01,1.095820e+00,1.445854e+00,8.805800e+00,-1.545263e+01,1.416942e+01,-6.704737e+00,-1.168099e+01,4.019341e-02,0,6.314374e-01,2.474303e-06,1.612138e-01,-4.422960e-02,1.302326e+00,9.818578e-02,2.166040e+00,2.775275e+00,2.632462e+00,1.698231e+00,-9.531038e-01,5.864687e-02,-7.047488e-01,1.401071e+00,-4.351768e-03,0,-9.015227e-03
1.436983e-03,-1.443833e-01,-5.042922e+00,-8.276275e+00,-6.455946e+00,2.224201e+01,5.312590e+00,5.853731e+00,1.194567e+01,-1.601180e+01,1.404445e+01,-9.959718e+00,-1.003136e+01,3.263826e-02,0,6.183439e-01,3.615034e-05,3.988569e-01,1.213117e-01,7.768047e-01,-2.498960e-01,6.863947e-01,1.713591e+00,2.715078e+00,2.300435e+00,-1.383102e+00,-1.859858e-01,-1.152787e+00,1.086330e+00,-4.502871e-03,0,-4.411859e-03
1.470943e-03,6.412444e-01,-4.754011e+00,-7.613389e+00,-6.946578e+00,2.222662e+01,4.799358e+00,7.982300e+00,1.498815e+01,-1.724852e+01,1.462639e+01,-1.089983e+01,-8.774396e+00,2.719855e-02,0,6.070788e-01,2.031547e-05,6.479925e-02,-1.397638e-02,-5.249867e-01,-5.775231e-01,-6.416433e-01,-2.299073e-01,1.005192e+00,1.809348e+00,-1.378135e+00,-3.338463e-01,-1.001837e+00,7.117777e-02,-1.722575e-03,0,1.133007e-03
1.401632e-03,-9.893902e-02,-4.735308e+00,-9.141296e+00,-6.928990e+00,1.981076e+01,3.508814e+00,7.798889e+00,1.570124e+01,-1.967532e+01,1.236330e+01,-1.130089e+01,-9.617211e+00,2.931399e-02,0,6.190052e-01,6.551853e-05,-4.265102e-01,-4.490832e-01,-1.989130e+00,-8.890335e-01,-1.181943e+00,-1.279306e+00,-7.005361e-01,9.780967e-01,-5.793955e-01,6.138163e-02,-4.446401e-01,-5.757103e-01,1.208825e-03,0,1.134159e-02
1.451997e-03,-8.718128e-01,-5.534500e+00,-1.265617e+01,-8.636401e+00,1.850996e+01,8.481715e-01,5.499234e+00,1.597476e+01,-2.051155e+01,1.334077e+01,-1.104333e+01,-1.153218e+01,3.324267e-02,0,6.367717e-01,1.511688e-04,-4.434960e-01,-7.280771e-01,-2.791570e+00,-1.208722e+00,-7.980747e-01,-1.435062e+00,-1.512673e+00,2.519032e-01,1.428065e+00,7.266215e-01,-4.747628e-01,-8.858904e-01,2.870958e-03,0,1.367028e-02
1.774049e-03,-1.520405e+00,-6.898094e+00,-1.570053e+01,-1.005620e+01,1.819063e+01,8.916525e-01,3.592584e+00,1.634285e+01,-1.727726e+01,1.499417e+01,-1.211117e+01,-1.153102e+01,3.566032e-02,0,6.602054e-01,2.056829e-04,2.158047e-02,-8.723643e-01,-2.672678e+00,-9.949414e-01,-3.202139e-01,-1.382738e+00,-1.235876e+00,3.000116e-02,3.336903e+00,1.101115e+00,-7.404701e-01,-1.979291e-01,2.387429e-03,0,1.028964e-02
2.040579e-03,-8.655023e-01,-7.313004e+00,-1.829162e+01,-1.142658e+01,1.904631e+01,-1.067370e+00,2.522085e+00,1.592686e+01,-1.130723e+01,1.694406e+01,-1.286850e+01,-1.224694e+01,3.838018e-02,0,6.548301e-01,1.448308e-04,6.102640e-01,-6.469473e-01,-1.757667e+00,3.289909e-02,-8.666092e-01,-1.227989e+00,-7.621101e-01,4.536920e-01,4.091777e+00,7.464234e-01,-1.052418e+00,6.229221e-01,1.571471e-03,0,3.393549e-03
2.135756e-03,5.808115e-03,-8.207878e+00,-1.968696e+01,-1.050861e+01,1.794151e+01,-2.447106e+00,3.108083e+00,1.587519e+01,-7.592960e+00,1.606723e+01,-1.409065e+01,-1.024947e+01,3.868238e-02,0,6.614242e-01,-1.016678e-05,1.072078e+00,-3.143887e-01,-3.845842e-01,9.962448e-01,-2.225270e+00,-1.612520e+00,-8.211898e-01,8.084024e-01,3.586770e+00,8.737634e-01,-8.110946e-01,1.333801e+00,1.208823e-04,0,-2.470028e-03
1.995297e-03,1.416401e+00,-8.114345e+00,-1.945129e+01,-8.245704e+00,1.430147e+01,-3.622394e+00,1.930934e+00,1.847705e+01,-4.894816e+00,1.653635e+01,-1.531568e+01,-9.058341e+00,3.958900e-02,0,6.531301e-01,-1.774834e-04,1.165857e+00,2.633572e-01,1.128866e+00,2.009577e+00,-3.914474e+00,-1.698014e+00,-1.460226e+00,4.793021e-01,2.445689e+00,1.345770e+00,-8.516674e-02,1.929491e+00,-1.208825e-03,0,-4.667772e-02
1.745856e-03,2.699035e+00,-8.069366e+00,-1.704362e+01,-6.665417e+00,9.436698e+00,-5.893436e+00,-2.177889e-01,1.910977e+01,-2.549620e+00,1.956684e+01,-1.494305e+01,-6.456316e+00,3.566032e-02,0,6.487052e-01,-2.953658e-04,9.936386e-01,9.330814e-01,2.367311e+00,2.684441e+00,-4.735585e+00,-2.122716e+00,-2.056099e+00,-9.042570e-01,1.010513e+00,1.941353e+00,1.506224e+00,1.753075e+00,-1.903898e-03,0,-1.124476e-01
1.348112e-03,3.617168e+00,-6.065474e+00,-1.396896e+01,-3.300294e+00,3.726350e+00,-7.834274e+00,-3.116111e+00,1.670608e+01,-1.600455e+00,2.192311e+01,-1.286814e+01,-4.496069e+00,3.384708e-02,0,4.278010e-01,-3.166262e-04,5.799102e-01,1.436859e+00,2.637691e+00,3.452149e+00,-4.691672e+00,-1.925754e+00,-2.168665e+00,-2.308424e+00,-8.438749e-01,1.247508e+00,2.693027e+00,1.715071e+00,-2.055001e-03,0,-1.743114e-01
9.825198e-04,3.873617e+00,-4.566906e+00,-1.059157e+01,4.408933e-01,-4.488486e-01,-1.095475e+01,-4.648890e+00,1.223939e+01,-4.187576e+00,2.308062e+01,-7.783306e+00,-3.765236e+00,3.203385e-02,0,2.118508e-01,-2.488611e-04,2.220370e-01,1.467116e+00,2.032705e+00,3.803612e+00,-3.488374e+00,-1.584604e+00,-2.049505e+00,-1.987145e+00,-1.807457e+00,-6.105087e-01,2.804785e+00,1.630915e+00,-1.843458e-03,0,-1.725211e-01
7.938344e-04,3.728661e+00,-2.681278e+00,-9.488861e+00,5.461885e+00,-4.214118e+00,-1.072051e+01,-6.696842e+00,1.037012e+01,-8.295213e+00,2.101700e+01,-5.430418e+00,-1.828526e+00,3.112723e-02,0,0,-1.506484e-04,1.396329e-01,1.188819e+00,1.093677e+00,3.016207e+00,-1.478860e+00,-9.238179e-01,-1.470941e+00,-8.724952e-01,-1.167469e+00,-2.805645e+00,1.592312e+00,1.731858e+00,-2.659414e-03,0,-1.067453e-01
7.786893e-04,3.753474e+00,-2.425882e+00,-9.120148e+00,7.971556e+00,-4.034936e+00,-1.237334e+01,-8.674947e+00,1.234203e+01,-8.239527e+00,1.696735e+01,-4.637986e+00,3.644854e-01,2.780296e-02,0,0,-8.283879e-05,3.384597e-01,1.115289e+00,6.669749e-01,1.390905e+00,8.026115e-01,5.332446e-01,-1.992481e-01,-4.236863e-01,5.980571e-01,-4.099850e+00,-3.317977e-01,1.030951e+00,-3.747356e-03,0,-4.237016e-02
6.967855e-04,4.375404e+00,-1.191889e+00,-9.236286e+00,8.015412e+00,-1.874904e+00,-1.174407e+01,-8.457788e+00,1.229229e+01,-5.411826e+00,1.095152e+01,-6.479239e+00,2.098362e+00,2.266546e-02,0,0,-6.623132e-05,4.806944e-01,1.397634e+00,1.031685e+00,-3.075932e-01,2.712789e+00,2.188426e+00,1.436199e+00,-1.620372e+00,1.903962e+00,-3.941277e+00,-1.367505e+00,-7.687049e-01,-4.714415e-03,0,0
6.168504e-04,5.242544e+00,2.648448e-01,-7.382983e+00,6.118656e+00,2.394602e+00,-7.776743e+00,-4.764658e+00,9.159875e+00,-2.638984e+00,7.614117e+00,-8.917884e+00,-5.739238e-01,1.752795e-02,0,0,-6.375609e-05,4.263459e-01,1.878474e+00,1.599790e+00,-9.348736e-01,2.870825e+00,3.726564e+00,2.592270e+00,-2.976396e+00,1.984760e+00,-2.735557e+00,-1.668031e+00,-2.297365e+00,-4.563312e-03,0,0
5.435973e-04,5.387598e+00,2.961531e+00,-5.199019e+00,4.850369e+00,6.135057e+00,-2.076677e+00,-1.470993e+00,3.859335e+00,-1.575675e+00,5.987238e+00,-1.012800e+01,-5.202846e+00,1.269266e-02,0,0,-3.248050e-05,2.697369e-01,1.806425e+00,1.813758e+00,-6.972979e-01,1.799588e+00,3.369956e+00,2.277066e+00,-2.917543e+00,1.307453e+00,-1.598928e+00,-1.117214e+00,-2.599277e+00,-3.596253e-03,0,0
5.365030e-04,5.379107e+00,4.889779e+00,-3.139830e+00,4.879710e+00,6.314209e+00,1.425785e+00,7.930057e-01,1.676523e+00,-2.338047e-01,5.771700e+00,-1.115376e+01,-7.471735e+00,9.972801e-03,0,0,-4.772324e-06,1.803146e-01,1.338765e+00,1.189636e+00,-1.107646e-01,3.412263e-01,1.940941e+00,1.034084e+00,-1.758947e+00,4.987265e-01,-1.046835e+00,-3.112854e-01,-1.506951e+00,-2.175884e-03,0,0
5.745566e-04,5.655807e+00,5.527768e+00,-2.289071e+00,5.148396e+00,5.163232e+00,5.044475e-01,1.487114e-01,1.446252e+00,-7.715034e-02,3.878086e+00,-1.094737e+01,-7.449118e+00,8.461771e-03,0,0,2.028437e-05,3.105633e-01,6.892298e-01,2.757554e-01,1.145766e-01,-3.878884e-01,4.666382e-01,-8.132778e-02,-5.105860e-01,-4.418409e-03,-9.031393e-01,1.091893e-01,-9.660163e-01,-9.066182e-04,0,0
5.775091e-04,6.010012e+00,5.675552e+00,-2.889777e+00,5.415819e+00,4.586646e+00,6.373991e-01,-4.040896e-01,1.571679e+00,-8.946136e-01,3.434519e+00,-1.006462e+01,-6.985543e+00,8.763977e-03,0,0,2.359530e-05,3.678031e-01,3.911507e-01,-4.129158e-01,1.166430e-01,-2.154677e-01,-5.035244e-01,-2.107030e-01,-7.700245e-02,-4.289803e-01,-8.079023e-01,8.131742e-02,-1.018180e+00,-9.066183e-05,0,0
6.245161e-04,6.624962e+00,6.014793e+00,-3.945269e+00,5.155197e+00,5.059397e+00,6.507071e-01,-1.279084e+00,1.358826e+00,-1.267363e+00,2.640132e+00,-1.012662e+01,-1.027602e+01,8.763977e-03,0,0,1.811359e-05,2.179795e-01,3.377562e-01,-8.879104e-02,-3.456173e-02,-2.302191e-01,-1.095513e+00,3.333375e-01,-1.201259e-01,-1.040815e+00,-2.125252e-01,-2.753560e-01,-1.655937e+00,2.417648e-04,0,0
6.294997e-04,6.733545e+00,6.602020e+00,-4.376310e+00,5.459524e+00,5.288788e+00,-1.164967e+00,4.533882e-01,1.335223e+00,-1.783600e+00,2.351166e+00,-1.115755e+01,-1.114919e+01,9.368389e-03,0,0,1.305659e-05,1.645694e-02,3.518368e-01,6.188198e-01,-1.918668e-01,-7.544761e-01,-1.457985e+00,1.033466e+00,-1.629709e-01,-2.002186e+00,5.486200e-01,-5.367401e-01,-2.005817e+00,1.813235e-04,0,0
6.391293e-04,6.383938e+00,6.753315e+00,-1.989760e+00,4.953735e+00,3.661065e+00,-4.071934e+00,1.386660e+00,9.638502e-01,-4.836733e+00,3.357137e+00,-1.177769e+01,-1.364698e+01,9.368389e-03,0,0,1.397729e-06,-3.106242e-01,3.597941e-02,1.236185e+00,-2.615153e-01,-1.280648e+00,-1.313852e+00,9.540197e-01,-2.644416e-01,-3.238152e+00,2.243242e+00,1.282652e-01,-2.098893e+00,1.208823e-04,0,0
6.354855e-04,6.212809e+00,7.065475e+00,-7.734320e-01,4.557216e+00,1.513432e+00,-4.291205e+00,3.430368e+00,9.543130e-01,-9.120858e+00,5.819117e+00,-1.192279e+01,-1.532915e+01,9.368389e-03,0,0,9.296811e-07,-3.347708e-01,-2.585094e-01,1.007475e+00,-2.232068e-01,-1.375478e+00,-3.429092e-01,3.074260e-01,-3.835874e-01,-3.092040e+00,3.011204e+00,6.703808e-01,-2.187347e+00,2.417650e-04,0,0
6.285119e-04,5.332209e+00,5.962963e+00,4.342183e-01,4.298775e+00,5.438371e-01,-4.355432e+00,2.002525e+00,2.270735e-01,-1.378949e+01,1.212237e+01,-9.102672e+00,-1.868051e+01,9.368389e-03,0,0,-6.782298e-06,-3.847502e-01,-4.010337e-01,2.012917e-01,-3.606033e-02,-5.699555e-01,3.371589e-01,-2.671653e-01,-5.633086e-01,-2.139683e+00,2.642646e+00,1.476383e+00,-1.334783e+00,6.648535e-04,0,0
6.394568e-04,5.585556e+00,5.704649e+00,-5.509250e-01,4.670970e+00,-2.998849e-02,-2.737764e+00,1.682586e+00,-2.143258e-01,-1.276742e+01,1.302457e+01,-9.143153e+00,-1.956916e+01,1.057721e-02,0,0,-1.697097e-06,-5.537340e-01,-4.347985e-01,-2.451987e-01,5.986419e-02,1.731722e-01,3.261837e-01,-8.456108e-01,-1.199083e-01,-9.474691e-01,9.685041e-01,1.929152e+00,-3.908693e-01,1.239045e-03,0,0
6.032321e-04,4.773814e+00,5.428560e+00,-1.094555e+00,4.716556e+00,1.582997e+00,-3.162860e+00,9.247246e-01,-1.268373e+00,-1.371187e+01,1.296764e+01,-5.785589e+00,-1.820090e+01,1.208824e-02,0,0,6.594547e-05,-1.185563e+00,-4.708993e-01,-3.625057e-02,-3.920992e-01,9.588112e-02,-4.113045e-01,-9.164542e-01,1.541833e+00,-1.498816e+00,-5.873624e-01,2.141391e+00,1.003940e+00,1.752795e-03,0,4.021476e-02
6.396399e-04,3.723336e+00,5.158684e+00,-1.235039e+00,4.647646e+00,1.859712e+00,-3.256573e+00,-2.587861e-01,1.102495e+00,-1.389701e+01,1.023900e+01,-3.935574e+00,-1.752330e+01,1.420369e-02,0,0,2.060996e-04,-2.247478e+00,-6.463122e-01,1.047967e+00,-9.068028e-01,-8.368366e-01,-1.415693e+00,-1.487244e+00,3.319423e+00,-3.370898e+00,-3.626754e-01,2.315188e+00,1.544157e+00,2.055002e-03,0,9.837060e-02
9.581477e-04,3.355021e-01,3.881449e+00,5.950225e-01,2.349941e+00,7.839235e-02,-6.152550e+00,-1.609060e+00,7.277831e+00,-2.071877e+01,1.057834e+01,-9.995047e-01,-1.468373e+01,1.631913e-02,0,2.010738e-01,3.533389e-04,-2.925714e+00,-5.236012e-01,1.878033e+00,-1.187930e+00,-2.335108e+00,-1.524820e+00,-1.761338e+00,4.170470e+00,-4.465791e+00,2.598440e-01,1.675097e+00,1.582078e+00,2.206105e-03,0,1.558313e-01
1.492497e-03,-3.432681e+00,3.246643e+00,3.844121e+00,1.320265e+00,-3.461869e+00,-8.321383e+00,-4.486741e+00,1.210969e+01,-2.611846e+01,1.240585e+01,3.974457e-02,-1.360695e+01,1.873678e-02,0,3.913161e-01,3.853407e-04,-2.832433e+00,-1.750318e-01,1.961905e+00,-9.282997e-01,-3.247984e+00,-8.880844e-01,-1.586795e+00,3.113995e+00,-3.881993e+00,1.242662e+00,1.159382e+00,1.046984e+00,1.903899e-03,0,1.545933e-01
1.943498e-03,-6.276749e+00,3.766574e+00,5.756029e+00,4.405990e-01,-7.431750e+00,-8.254557e+00,-5.767991e+00,1.408038e+01,-2.993011e+01,1.318344e+01,6.022364e-01,-1.224868e+01,2.085222e-02,0,5.834987e-01,2.696620e-04,-1.820409e+00,1.817749e-01,1.165303e+00,-3.111078e-01,-3.279798e+00,4.508672e-01,-1.051201e+00,1.200532e+00,-1.343807e+00,1.332896e+00,5.550082e-01,1.040220e-01,1.480810e-03,0,9.840971e-02
2.073668e-03,-7.132706e+00,4.340962e+00,5.993980e+00,9.608185e-01,-1.062514e+01,-6.645992e+00,-6.113295e+00,1.327119e+01,-2.870131e+01,1.514976e+01,1.060463e+00,-1.350591e+01,2.145663e-02,0,5.817542e-01,1.099545e-04,-7.536951e-01,1.958404e-01,1.714098e-01,-5.153278e-02,-2.638364e+00,1.367507e+00,-2.293981e-01,-1.320100e-01,5.369169e-01,9.494902e-01,5.629162e-01,-2.878299e-01,1.178604e-03,0,4.712190e-02
2.015872e-03,-6.916531e+00,4.243164e+00,5.346609e+00,9.741244e-01,-1.273896e+01,-4.735910e+00,-6.051787e+00,1.269974e+01,-2.614638e+01,1.587086e+01,1.265177e+00,-1.421415e+01,2.236325e-02,0,5.979033e-01,8.624210e-06,-9.239359e-02,-7.912350e-03,-5.124954e-01,1.023574e-01,-1.728698e+00,1.459817e+00,6.064148e-02,-6.116600e-01,1.381343e+00,5.624390e-01,9.188681e-01,-6.663203e-01,1.813237e-03,0,1.507799e-02
2.006083e-03,-6.881266e+00,3.987551e+00,4.905879e+00,7.958379e-01,-1.400008e+01,-3.243172e+00,-5.491833e+00,1.213996e+01,-2.532574e+01,1.580958e+01,2.522855e+00,-1.406337e+01,2.387428e-02,0,6.197233e-01,-6.653066e-06,3.101516e-02,-1.498362e-01,-7.887089e-01,1.748495e-02,-9.816637e-01,9.569269e-01,1.134823e-01,-4.536485e-01,9.866926e-01,4.517479e-02,1.291659e+00,-6.893784e-01,2.870959e-03,0,1.845384e-02
2.020412e-03,-6.864437e+00,3.903718e+00,3.737602e+00,1.034876e+00,-1.438777e+01,-2.656880e+00,-5.775514e+00,1.158770e+01,-2.471118e+01,1.566572e+01,4.465381e+00,-1.530155e+01,2.870958e-02,0,6.399041e-01,7.910421e-06,-1.931014e-02,-1.445743e-01,-8.377266e-01,3.249004e-02,-5.179923e-01,2.070155e-01,-1.593194e-02,-1.704083e-01,6.562773e-01,2.042160e-02,1.344742e+00,-9.983183e-01,3.475371e-03,0,1.545545e-02
2.038133e-03,-7.003677e+00,3.761504e+00,2.854939e+00,1.017867e+00,-1.470905e+01,-2.900872e+00,-5.684020e+00,1.155897e+01,-2.448545e+01,1.547821e+01,5.918658e+00,-1.640910e+01,3.263826e-02,0,6.530230e-01,8.561928e-06,-2.286601e-02,-9.788737e-02,-6.999024e-01,4.501278e-02,-2.535385e-01,-2.472722e-01,-1.346880e-01,5.469532e-02,5.507250e-01,1.131094e-01,9.361860e-01,-1.067033e+00,2.961620e-03,0,9.624153e-03
2.039399e-03,-6.951876e+00,3.633315e+00,2.183446e+00,1.025560e+00,-1.497444e+01,-3.871982e+00,-6.035353e+00,1.213819e+01,-2.328513e+01,1.613866e+01,6.290984e+00,-1.803287e+01,3.535812e-02,0,6.585307e-01,3.923941e-06,-1.230774e-02,-6.689944e-02,-3.779806e-01,-1.093972e-03,-1.438725e-01,-3.401314e-01,-8.710118e-02,1.680199e-01,4.052410e-01,1.606330e-01,4.023531e-01,-7.086412e-01,1.601692e-03,0,4.276097e-03
