pcm_RMSenergy_sma,pcm_fftMag_mfcc_sma[1],pcm_fftMag_mfcc_sma[2],pcm_fftMag_mfcc_sma[3],pcm_fftMag_mfcc_sma[4],pcm_fftMag_mfcc_sma[5],pcm_fftMag_mfcc_sma[6],pcm_fftMag_mfcc_sma[7],pcm_fftMag_mfcc_sma[8],pcm_fftMag_mfcc_sma[9],pcm_fftMag_mfcc_sma[10],pcm_fftMag_mfcc_sma[11],pcm_fftMag_mfcc_sma[12],pcm_zcr_sma,F0final_sma,voicingFinalUnclipped_sma,pcm_RMSenergy_sma_de,pcm_fftMag_mfcc_sma_de[1],pcm_fftMag_mfcc_sma_de[2],pcm_fftMag_mfcc_sma_de[3],pcm_fftMag_mfcc_sma_de[4],pcm_fftMag_mfcc_sma_de[5],pcm_fftMag_mfcc_sma_de[6],pcm_fftMag_mfcc_sma_de[7],pcm_fftMag_mfcc_sma_de[8],pcm_fftMag_mfcc_sma_de[9],pcm_fftMag_mfcc_sma_de[10],pcm_fftMag_mfcc_sma_de[11],pcm_fftMag_mfcc_sma_de[12],pcm_zcr_sma_de,F0final_sma_de,voicingFinalUnclipped_sma_de
1.109629e-03,-5.530123e+00,4.963119e+00,-2.195127e+00,-7.217236e+00,6.600914e+00,-9.870462e+00,-1.209150e+01,-6.288596e+00,7.448896e+00,3.937535e+00,-1.437201e+01,7.483213e-01,3.656694e-02,0,5.630515e-01,2.058405e-04,-1.069407e+00,2.163378e-01,-3.686063e-01,-4.030451e-01,-6.242020e-01,-3.711173e-01,1.136606e+00,2.043020e+00,8.361970e-01,1.056016e+00,1.293233e+00,5.344450e-03,1.205802e-02,0,-9.893017e-02
1.531143e-03,-7.334059e+00,5.479688e+00,-3.264556e+00,-7.688445e+00,5.536054e+00,-1.013580e+01,-9.599061e+00,-1.777530e+00,9.083943e+00,6.149689e+00,-1.205551e+01,4.076564e-01,5.621034e-02,0,3.651912e-01,3.410184e-04,-1.762126e+00,-1.324787e-01,-7.797453e-01,-9.024904e-01,-1.140713e+00,-1.130229e+00,1.259736e+00,2.755872e+00,1.139934e+00,1.366495e+00,2.172976e+00,1.540664e-01,2.009670e-02,0,-1.521824e-01
1.928075e-03,-9.975188e+00,5.786523e+00,-3.503444e+00,-8.996857e+00,4.012334e+00,-1.159338e+01,-7.654698e+00,1.670974e+00,1.081236e+01,8.111538e+00,-9.064092e+00,9.453760e-01,8.703536e-02,0,1.673309e-01,2.849580e-04,-1.883773e+00,-6.382753e-01,-9.447600e-01,-1.275244e+00,-1.545825e+00,-1.859507e+00,5.781735e-01,2.462846e+00,9.890896e-01,9.026710e-01,2.206819e+00,7.050521e-01,2.351163e-02,0,-1.491294e-01
2.405498e-03,-1.211822e+01,3.889024e+00,-5.439695e+00,-1.083988e+01,2.191640e+00,-1.466015e+01,-8.011227e+00,3.510980e+00,1.146684e+01,8.683007e+00,-6.161086e+00,1.420126e+00,1.118163e-01,0,0,1.492972e-05,-1.096446e+00,-1.407851e+00,-9.124904e-01,-1.227602e+00,-1.473130e+00,-1.418501e+00,-5.444340e-01,1.752053e+00,3.869379e-01,-4.506373e-02,8.796139e-01,1.041741e+00,1.547295e-02,0,-8.977133e-02
2.097242e-03,-1.255691e+01,2.567075e+00,-5.831357e+00,-1.201774e+01,5.439977e-01,-1.690582e+01,-9.994554e+00,3.381378e+00,1.120290e+01,7.184231e+00,-6.285126e+00,3.767347e+00,1.263222e-01,0,0,-3.202883e-04,4.655895e-02,-1.859808e+00,-5.248858e-01,-5.819446e-01,-8.686867e-01,-2.322319e-01,-1.208849e+00,1.599223e+00,-9.908104e-02,-2.478247e-02,-7.490607e-01,1.044133e+00,1.511060e-04,0,-3.346617e-02
1.521208e-03,-1.152543e+01,5.015755e-02,-6.663051e+00,-1.231601e+01,-9.542844e-02,-1.457209e+01,-1.115130e+01,6.127532e+00,1.082336e+01,6.388023e+00,-9.046922e+00,4.205376e+00,1.139317e-01,0,0,-5.266290e-04,8.618201e-01,-1.775543e+00,1.067692e-01,-2.492752e-02,-1.438204e-01,1.333962e+00,-7.501906e-01,1.692856e+00,-5.931137e-01,9.330162e-01,-1.640366e+00,6.099428e-01,-1.508008e-02,0,0
7.687784e-04,-1.003879e+01,-1.593081e+00,-5.516195e+00,-1.116851e+01,8.124347e-01,-1.279857e+01,-1.212890e+01,8.358811e+00,1.063869e+01,9.135118e+00,-1.136648e+01,4.773415e+00,8.673316e-02,0,0,-4.491177e-04,1.058134e+00,-1.520421e+00,1.117453e-01,7.758655e-02,2.007958e-01,1.712234e+00,-1.024227e-02,1.383890e+00,-8.550898e-01,1.958547e+00,-9.213853e-01,-1.445899e-01,-2.209127e-02,0,0
4.365851e-04,-9.068179e+00,-2.908613e+00,-5.063431e+00,-1.138913e+01,1.338319e+00,-1.004397e+01,-1.069500e+01,9.486545e+00,8.783373e+00,1.237265e+01,-1.182224e+01,3.966806e+00,5.621034e-02,0,0,-2.643430e-04,7.654238e-01,-9.561809e-01,-2.150385e-01,-5.100039e-01,-4.464809e-01,1.479483e+00,9.521643e-01,2.317516e-01,-1.268324e+00,1.782890e+00,3.684249e-01,-4.279601e-01,-1.647023e-02,0,0
3.939648e-04,-8.494864e+00,-3.555644e+00,-6.072441e+00,-1.209325e+01,8.311031e-01,-1.060871e+01,-1.027391e+01,8.621324e+00,7.947443e+00,1.398466e+01,-9.504395e+00,3.163683e+00,4.472650e-02,0,0,-4.546915e-06,4.310303e-02,-6.384466e-01,-6.259325e-01,-7.284086e-01,-1.211795e+00,1.425914e+00,1.432184e+00,-8.229048e-01,-1.042192e+00,-3.536596e-02,1.493278e+00,-8.938347e-01,-2.719857e-03,0,4.163726e-02
3.868999e-04,-8.470273e+00,-3.749466e+00,-7.460121e+00,-1.440366e+01,-2.337167e+00,-8.269599e+00,-7.317976e+00,7.155034e+00,5.827368e+00,1.287770e+01,-8.135839e+00,2.870442e+00,5.258386e-02,0,0,2.212617e-04,-5.196942e-01,2.669213e-01,-5.367682e-01,-1.437239e-01,-1.069215e+00,1.152209e+00,1.055994e+00,-1.859801e+00,-5.255877e-01,-1.971365e+00,1.849086e+00,-8.162948e-01,9.428829e-03,0,9.931056e-02
7.708865e-04,-1.012223e+01,-4.364888e+00,-7.447512e+00,-1.330329e+01,-3.408798e+00,-6.556186e+00,-6.656497e+00,5.410043e+00,6.905730e+00,8.705758e+00,-5.743288e+00,8.524237e-01,7.494711e-02,0,2.081863e-01,4.241681e-04,-5.160261e-01,9.072916e-01,-5.967103e-01,8.922482e-03,1.755989e-01,9.975794e-01,-2.832735e-01,-2.660532e+00,1.876635e-01,-1.697544e+00,1.569893e+00,-4.911717e-01,9.972801e-03,1.534415e+01,1.690136e-01
1.354433e-03,-1.085297e+01,-1.169384e+00,-7.059736e+00,-1.150273e+01,-1.887803e+00,-6.309187e+00,-7.223742e+00,1.793181e+00,6.676291e+00,5.155269e+00,-4.457364e+00,1.040962e+00,8.824418e-02,0,3.924596e-01,5.849793e-04,1.127259e-01,1.026075e+00,-1.263521e+00,-1.095503e+00,1.499166e+00,7.010464e-02,-2.487115e+00,-3.022409e+00,7.873940e-02,5.430306e-01,1.174393e+00,4.048144e-01,-3.022052e-04,3.815012e+01,1.850238e-01
2.031039e-03,-9.883647e+00,-3.092265e-01,-9.256185e+00,-1.349910e+01,1.484415e+00,-6.601021e+00,-1.173740e+01,-2.000411e+00,8.461299e+00,9.358154e+00,-3.494166e+00,1.622564e+00,7.676035e-02,7.672076e+01,6.488383e-01,5.929040e-04,8.036039e-01,1.971928e-01,-2.498848e+00,-3.415132e+00,1.565060e+00,-6.707354e-02,-3.802974e+00,-2.210234e+00,-1.196091e+00,3.552623e+00,5.626386e-01,1.205964e+00,-1.226957e-02,6.026553e+01,1.458814e-01
2.681720e-03,-8.025933e+00,-6.469209e-01,-1.287339e+01,-1.978327e+01,2.712055e+00,-7.896658e+00,-1.721310e+01,-4.251783e+00,5.443281e+00,1.526666e+01,-3.388433e+00,4.509444e+00,5.016622e-02,1.523902e+02,7.047932e-01,5.067719e-04,7.857713e-01,-9.579504e-01,-3.126401e+00,-4.523108e+00,4.256719e-01,7.168826e-01,-3.568112e+00,-6.574248e-01,-2.475457e+00,4.148010e+00,-3.209829e-02,9.300920e-01,-1.535207e-02,5.872845e+01,9.360846e-02
3.071763e-03,-7.517725e+00,-3.640156e+00,-1.703493e+01,-2.623868e+01,2.116575e+00,-6.097818e+00,-2.067669e+01,-2.618645e+00,1.541778e+00,2.141318e+01,-3.464560e+00,5.148002e+00,3.263826e-02,2.251326e+02,7.814266e-01,3.800931e-04,3.142965e-01,-8.810953e-01,-2.842836e+00,-3.862869e+00,-1.041112e+00,2.429444e+00,-1.688412e+00,8.206981e-01,-3.192758e+00,2.301704e+00,-2.955220e-01,2.009847e-01,-9.217286e-03,3.397777e+01,3.842192e-02
3.367930e-03,-8.107074e+00,-4.293672e+00,-1.880237e+01,-2.774849e+01,-7.552385e-02,-2.976375e+00,-2.059466e+01,-1.184826e+00,-2.241234e+00,1.986781e+01,-4.632658e+00,3.928702e+00,3.354488e-02,2.194364e+02,7.942078e-01,3.753821e-04,-1.057355e-01,-2.310246e-01,-1.972511e+00,-2.321131e+00,-1.994362e+00,4.141598e+00,5.256090e-01,1.511985e+00,-2.527879e+00,-6.472492e-02,2.254628e-01,-2.953138e-01,-1.420369e-03,9.949109e+00,2.096832e-02
3.588399e-03,-8.271594e+00,-2.891328e+00,-2.050587e+01,-2.883084e+01,-2.327354e+00,3.086057e+00,-1.848868e+01,5.696018e-01,-3.660232e+00,1.856610e+01,-4.349664e+00,2.917858e+00,3.898459e-02,2.130865e+02,7.962406e-01,5.383066e-04,-1.334765e-01,5.624723e-01,-1.105279e+00,-1.490478e+00,-2.298364e+00,4.522380e+00,1.834346e+00,1.595761e+00,-1.676695e+00,-2.335742e+00,1.108336e+00,3.267418e-01,2.085222e-03,-5.476123e+00,4.707980e-03
4.300313e-03,-8.177676e+00,-2.176458e+00,-2.100047e+01,-3.009284e+01,-5.037792e+00,8.219392e+00,-1.567906e+01,1.714018e+00,-4.595112e+00,1.636657e+01,-1.818567e+00,4.147947e+00,3.989121e-02,2.081588e+02,8.022277e-01,6.814227e-04,1.206910e-01,5.256800e-01,-4.864191e-01,-1.445258e+00,-2.042943e+00,3.542641e+00,1.840755e+00,1.791936e+00,-8.988236e-01,-3.414477e+00,1.773184e+00,1.341962e+00,1.178604e-03,-5.066852e+00,2.445638e-03
5.297104e-03,-8.149806e+00,-1.886401e+00,-2.146227e+01,-3.251889e+01,-6.894109e+00,1.091620e+01,-1.396276e+01,3.910739e+00,-5.664761e+00,1.148509e+01,6.700737e-01,6.672089e+00,3.989121e-02,2.033907e+02,8.009565e-01,6.689049e-04,3.070249e-01,1.517144e-01,1.480288e-01,-1.299424e+00,-1.252318e+00,1.762041e+00,9.636716e-01,1.808161e+00,-3.122735e-02,-4.255501e+00,1.365551e+00,1.736687e+00,-4.533090e-04,-4.558429e+00,1.905745e-03
5.920691e-03,-7.564513e+00,-2.167735e+00,-2.075627e+01,-3.313076e+01,-8.006864e+00,1.082176e+01,-1.365384e+01,6.104286e+00,-5.733087e+00,6.335929e+00,1.723392e+00,8.761395e+00,3.898459e-02,1.989500e+02,8.040780e-01,4.578877e-04,4.031481e-01,8.770724e-02,6.203880e-01,-8.561386e-01,-3.626633e-01,3.962367e-01,3.884230e-02,1.791617e+00,9.773488e-01,-3.862113e+00,8.042695e-01,1.442284e+00,-1.662134e-03,-4.195613e+00,-5.461097e-04
6.122734e-03,-7.043051e+00,-2.137117e+00,-1.988783e+01,-3.380901e+01,-7.104406e+00,1.059508e+01,-1.468293e+01,7.415274e+00,-3.247381e+00,2.303920e+00,7.071103e-01,9.294569e+00,3.717135e-02,1.948988e+02,8.048442e-01,2.672245e-04,3.720440e-01,1.133638e-01,8.064651e-01,-3.929401e-01,1.459184e-01,-3.366839e-01,-4.777399e-01,1.349880e+00,1.717258e+00,-2.629164e+00,5.568467e-01,5.349040e-01,-2.719856e-03,-3.765958e+00,-2.452648e-03
6.176936e-03,-6.715313e+00,-1.612564e+00,-1.868575e+01,-3.372848e+01,-6.745960e+00,1.036114e+01,-1.512476e+01,8.919835e+00,-9.170580e-01,1.646589e+00,2.184262e+00,1.004813e+01,3.294047e-02,1.914267e+02,7.975534e-01,2.177726e-04,3.028197e-01,9.293431e-02,7.133304e-01,-2.093494e-01,-8.747134e-02,-4.841607e-01,-2.343710e-01,8.223249e-01,1.580743e+00,-1.239180e+00,9.865803e-01,-2.989754e-01,-3.203385e-03,-3.344736e+00,-3.914976e-03
6.505104e-03,-6.714186e+00,-1.597167e+00,-1.846521e+01,-3.418473e+01,-6.794969e+00,9.463092e+00,-1.561600e+01,9.252362e+00,5.135129e-01,6.839354e-01,3.223872e+00,8.703242e+00,2.931399e-02,1.883226e+02,7.919556e-01,2.673895e-04,3.350209e-01,-1.734283e-01,4.325026e-01,-2.202831e-01,-8.157154e-01,-5.403453e-01,1.294360e-01,2.058403e-01,7.495644e-01,-1.359320e-01,1.358844e+00,-5.445369e-01,-2.901179e-03,-2.893935e+00,-2.130836e-03
6.818369e-03,-6.214847e+00,-1.973038e+00,-1.790092e+01,-3.398964e+01,-8.598939e+00,8.966947e+00,-1.435916e+01,9.297366e+00,2.901797e-01,9.500234e-01,5.397913e+00,7.562181e+00,2.689634e-02,1.855144e+02,7.909474e-01,3.051190e-04,4.604528e-01,-4.684092e-01,2.160925e-01,-2.665951e-01,-1.092244e+00,-1.099386e-01,4.126092e-01,-1.689932e-01,6.154380e-02,5.340821e-01,1.002086e+00,-5.463559e-01,-1.994560e-03,-2.435103e+00,1.262635e-03
7.138965e-03,-5.618180e+00,-2.824022e+00,-1.811773e+01,-3.477984e+01,-1.025649e+01,8.590449e+00,-1.441855e+01,8.255710e+00,-1.031781e-01,1.972542e+00,5.894507e+00,7.814857e+00,2.568752e-02,1.833853e+02,7.974930e-01,3.181047e-04,5.475163e-01,-5.964013e-01,6.346683e-02,-2.486748e-01,-9.548200e-01,6.833485e-01,4.922560e-01,-8.426972e-02,-4.116743e-02,9.953524e-01,4.461523e-01,-3.237454e-01,-1.057721e-03,-1.918695e+00,2.905369e-03
7.385600e-03,-4.961052e+00,-3.341183e+00,-1.777902e+01,-3.476390e+01,-1.047642e+01,1.024776e+01,-1.366044e+01,8.573195e+00,-3.009934e-01,3.672696e+00,5.859377e+00,7.760540e+00,2.478090e-02,1.817198e+02,8.010979e-01,2.732348e-04,5.400928e-01,-6.679339e-01,-3.021164e-02,-2.895229e-01,-4.156101e-01,1.371872e+00,1.420361e-01,2.116827e-01,3.162027e-01,1.114398e+00,-3.242528e-01,-6.992706e-01,-2.417643e-04,-1.495540e+00,2.461761e-03
7.812012e-03,-4.603502e+00,-3.895102e+00,-1.820882e+01,-3.504097e+01,-1.063033e+01,1.223943e+01,-1.350408e+01,9.193099e+00,6.032623e-01,4.299361e+00,5.223902e+00,6.985336e+00,2.508311e-02,1.806264e+02,8.014073e-01,9.466512e-05,5.336856e-01,-5.752743e-01,2.202473e-02,-1.978455e-02,-3.874254e-02,1.906518e+00,-9.897365e-02,3.717778e-01,5.506171e-01,9.042575e-01,-5.931388e-01,-1.344350e+00,4.230892e-04,-1.300572e+00,5.719781e-04
7.848020e-03,-4.021722e+00,-4.777168e+00,-1.800644e+01,-3.530669e+01,-1.049007e+01,1.400182e+01,-1.410622e+01,9.887085e+00,1.517973e+00,5.358604e+00,4.111951e+00,4.480589e+00,2.598973e-02,1.794161e+02,8.012991e-01,-1.998497e-04,4.771985e-01,-4.534267e-01,-7.533284e-02,9.719467e-02,-2.679691e-02,1.565771e+00,-6.484421e-01,-8.911018e-02,1.465516e-01,5.170642e-01,-6.225253e-01,-1.586401e+00,1.118162e-03,-1.387125e+00,-5.941152e-04
7.381081e-03,-3.419417e+00,-4.982400e+00,-1.789390e+01,-3.460736e+01,-1.044338e+01,1.624601e+01,-1.469053e+01,9.457654e+00,1.740424e+00,5.650876e+00,3.802526e+00,2.733084e+00,2.719855e-02,1.780343e+02,8.002523e-01,-4.312223e-04,3.959576e-01,-3.320821e-01,-2.266554e-01,7.502861e-02,-2.851753e-01,6.533335e-01,-9.896113e-01,-9.722446e-01,-7.406166e-01,-2.025992e-01,-4.700303e-01,-1.122214e+00,1.662133e-03,-1.631195e+00,-7.823169e-04
6.601817e-03,-3.167102e+00,-5.064667e+00,-1.831315e+01,-3.449473e+01,-1.070388e+01,1.607332e+01,-1.630942e+01,7.995367e+00,-1.368163e-01,5.582260e+00,3.457439e+00,1.954662e+00,2.931399e-02,1.760803e+02,7.987048e-01,-3.867100e-04,2.069237e-01,-4.662224e-01,-4.661249e-01,-4.534020e-01,-6.708460e-01,-5.627123e-01,-1.219469e+00,-1.717639e+00,-1.959501e+00,-1.078154e+00,-1.065317e-01,-1.438707e-01,2.145663e-03,-1.824295e+00,-4.344285e-04
6.279001e-03,-3.051024e+00,-5.411763e+00,-1.918874e+01,-3.507181e+01,-1.194930e+01,1.447034e+01,-1.735053e+01,5.277735e+00,-2.272426e+00,3.174537e+00,3.201007e+00,2.637229e+00,3.173164e-02,1.741384e+02,7.987928e-01,-5.468154e-05,8.847947e-02,-7.314571e-01,-2.040115e-01,-9.906273e-01,-6.439899e-01,-1.628711e+00,-8.800977e-01,-1.618286e+00,-2.548475e+00,-1.369757e+00,3.318586e-01,7.424573e-01,2.508311e-03,-1.985602e+00,-9.363115e-04
6.465510e-03,-3.171300e+00,-6.893599e+00,-1.968964e+01,-3.734148e+01,-1.309134e+01,1.207609e+01,-1.887356e+01,3.388849e+00,-6.273107e+00,1.206004e+00,3.880053e+00,3.809163e+00,3.445150e-02,1.722426e+02,7.998567e-01,2.576828e-04,-6.075084e-02,-6.876460e-01,4.088762e-01,-6.295212e-01,8.597813e-02,-1.434562e+00,-4.567623e-02,-9.340191e-01,-2.174437e+00,-1.285934e+00,1.041453e+00,9.414800e-01,2.538531e-03,-2.153311e+00,-3.835958e-03
7.175827e-03,-2.974920e+00,-7.725220e+00,-1.822571e+01,-3.813713e+01,-1.246960e+01,1.010107e+01,-1.780895e+01,3.669480e+00,-7.933807e+00,9.902172e-01,5.250512e+00,5.518120e+00,3.717135e-02,1.700251e+02,7.949948e-01,2.965967e-04,-1.579011e-01,-1.484601e-01,8.418773e-01,2.714390e-01,1.041860e+00,-7.478173e-01,9.736235e-01,7.576926e-02,-1.225644e+00,-9.961774e-01,1.343626e+00,6.073949e-01,2.236324e-03,-2.395392e+00,-7.804203e-03
7.441819e-03,-3.508908e+00,-7.346168e+00,-1.675028e+01,-3.610968e+01,-1.001384e+01,1.108515e+01,-1.630860e+01,4.129399e+00,-8.178310e+00,2.447511e-01,7.639949e+00,5.221616e+00,3.928679e-02,1.673704e+02,7.814240e-01,-4.698494e-05,-4.517088e-02,5.496372e-01,6.409054e-01,9.408073e-01,1.419649e+00,9.388733e-02,1.366874e+00,2.945251e-01,-3.312987e-01,-8.779829e-01,9.135166e-01,-4.919104e-01,1.118162e-03,-2.709733e+00,-9.356672e-03
7.273830e-03,-3.671725e+00,-5.927778e+00,-1.644903e+01,-3.433052e+01,-8.278754e+00,1.122673e+01,-1.376490e+01,5.286306e+00,-7.448044e+00,-1.325723e+00,8.039187e+00,4.967977e+00,4.049562e-02,1.645975e+02,7.689881e-01,-6.166544e-04,2.508220e-01,1.041481e+00,9.921779e-02,6.466133e-01,6.551498e-01,7.827997e-02,7.846522e-01,1.703286e-01,-2.015910e-01,-6.433467e-01,1.438868e-01,-1.664442e+00,-8.159563e-04,-2.858227e+00,-6.716460e-03
6.181583e-03,-3.048752e+00,-5.044134e+00,-1.737345e+01,-3.454074e+01,-8.088513e+00,1.198270e+01,-1.406122e+01,4.053062e+00,-8.172482e+00,-2.025940e+00,7.053298e+00,1.624683e+00,3.838018e-02,1.614077e+02,7.660766e-01,-1.041342e-03,6.350036e-01,1.108145e+00,-2.305393e-02,-1.543221e-01,-5.136005e-01,-6.824604e-01,-7.694302e-02,-2.956378e-01,-2.548218e-02,4.232374e-01,-5.032679e-01,-2.102047e+00,-2.810516e-03,-2.767732e+00,-7.941360e-03
4.722673e-03,-1.950888e+00,-3.668833e+00,-1.741804e+01,-3.568853e+01,-1.015651e+01,1.004369e+01,-1.500938e+01,4.559291e+00,-8.944676e+00,-1.091171e+00,6.263271e+00,-1.005623e+00,3.354488e-02,1.587153e+02,7.690862e-01,-1.104236e-03,7.085671e-01,9.291441e-01,2.446295e-01,-5.481521e-01,-1.151032e+00,-1.030170e+00,-6.418336e-01,-6.975750e-01,4.971557e-01,1.432770e+00,-3.206228e-01,-1.475108e+00,-3.384708e-03,4.631940e+00,-1.240818e-02
3.510688e-03,-1.194308e+00,-2.934918e+00,-1.638105e+01,-3.620228e+01,-1.164296e+01,8.264362e+00,-1.607107e+01,3.014717e+00,-7.557405e+00,2.243662e+00,6.011568e+00,-2.301818e+00,2.870958e-02,1.564728e+02,7.416682e-01,-7.911216e-04,5.529879e-01,5.435525e-01,6.183686e-01,-3.679668e-01,-6.574696e-01,-6.567163e-01,-3.451118e-01,-1.202449e+00,1.102696e+00,1.952076e+00,-1.677260e-02,-2.061328e-01,-2.024781e-03,1.985329e+01,-1.634837e-02
3.088099e-03,-1.056111e+00,-2.336666e+00,-1.572209e+01,-3.624051e+01,-1.225669e+01,7.935046e+00,-1.596914e+01,2.317604e+00,-5.269804e+00,3.703326e+00,6.956938e+00,-4.443128e-01,2.840737e-02,1.902247e+02,7.191514e-01,-3.348346e-04,3.354276e-01,4.665642e-02,5.766634e-01,-4.837494e-02,1.472735e-01,3.747579e-01,-6.731844e-02,-1.361448e+00,1.277527e+00,1.731743e+00,2.767723e-01,4.877463e-01,9.066165e-05,3.434169e+01,-1.364916e-02
3.043262e-03,-7.312008e-01,-2.992454e+00,-1.512959e+01,-3.610459e+01,-1.032577e+01,9.753444e+00,-1.530690e+01,-8.383394e-01,-4.496441e+00,5.337193e+00,6.622601e+00,3.133636e-01,3.082502e-02,2.449195e+02,7.093021e-01,-6.932183e-05,1.642372e-01,-1.804006e-01,3.538168e-01,3.074432e-01,6.941971e-01,9.774485e-01,2.706345e-01,-1.047498e+00,7.344140e-01,1.014805e+00,3.200150e-01,5.099713e-01,9.972801e-04,3.491610e+01,-4.091776e-03
3.282213e-03,-5.053037e-01,-3.406782e+00,-1.516046e+01,-3.597925e+01,-1.007874e+01,1.117294e+01,-1.572806e+01,-3.214177e-01,-4.087525e+00,6.020781e+00,7.341616e+00,1.255179e-01,3.294047e-02,2.862004e+02,7.170234e-01,-3.930596e-05,6.289864e-02,-6.307340e-02,2.551184e-02,6.844338e-01,4.039747e-01,5.737184e-01,5.044336e-01,-1.441933e-01,6.463575e-01,3.537030e-01,1.654710e-01,8.991152e-03,2.417652e-04,1.064342e+01,9.544790e-04
3.067021e-03,-6.485264e-01,-3.301862e+00,-1.489278e+01,-3.479570e+01,-9.260953e+00,1.153266e+01,-1.483844e+01,-9.032598e-01,-4.476474e+00,6.158958e+00,7.419303e+00,-3.687656e-02,3.142944e-02,2.830655e+02,7.222733e-01,-6.780657e-05,4.604973e-02,2.445347e-01,-5.139582e-01,1.075110e+00,2.801991e-03,-2.371344e-01,7.204018e-01,8.137118e-01,5.853197e-01,-7.049679e-01,2.348262e-01,-1.270490e-01,-7.252948e-04,-1.571916e+01,3.770310e-03
2.879689e-03,-7.829555e-01,-2.497329e+00,-1.571293e+01,-3.347279e+01,-1.076923e+01,9.914031e+00,-1.368120e+01,1.629097e+00,-2.048000e+00,5.060957e+00,7.385942e+00,-2.242370e-01,2.931399e-02,2.243688e+02,7.174382e-01,-8.531706e-06,1.448301e-01,2.400016e-01,-9.753684e-01,1.114187e+00,-2.487648e-01,-6.573907e-01,3.918955e-01,1.214038e+00,2.692832e-01,-1.327357e+00,2.108267e-01,-3.127115e-01,-9.670600e-04,-3.310123e+01,3.658581e-03
2.905491e-03,-3.621262e-01,-2.224508e+00,-1.742314e+01,-3.198227e+01,-9.966519e+00,9.197227e+00,-1.272832e+01,2.254962e+00,-2.589605e+00,2.292265e+00,7.774569e+00,-1.470041e-01,2.901179e-02,1.972395e+02,7.279463e-01,2.379977e-04,3.037384e-01,-1.027640e-01,-1.077253e+00,6.016600e-01,-3.081374e-01,-2.820075e-01,-4.326168e-01,1.386332e+00,-4.138358e-02,-1.526992e+00,1.061724e-01,-5.224783e-01,-5.439714e-04,-2.964719e+01,6.530553e-03
3.320320e-03,7.564668e-02,-2.745452e+00,-1.877212e+01,-3.181503e+01,-1.096978e+01,9.053703e+00,-1.482364e+01,4.169663e+00,-3.684544e+00,1.317341e+00,8.218117e+00,-1.382976e+00,2.931399e-02,1.636073e+02,7.324799e-01,3.679856e-04,2.957065e-01,-5.452852e-01,-3.145285e-01,3.641129e-03,-1.313085e-01,7.570537e-01,-1.058769e+00,1.220204e+00,-2.944727e-01,-8.711656e-01,-2.818852e-01,-6.148029e-01,-3.928686e-04,-1.823317e+01,1.080090e-02
4.036695e-03,4.408649e-01,-3.691621e+00,-1.874945e+01,-3.261628e+01,-1.070136e+01,1.055278e+01,-1.643030e+01,4.758118e+00,-3.865120e+00,3.958052e-01,7.534078e+00,-2.069899e+00,2.870958e-02,1.652103e+02,7.474053e-01,3.662336e-04,4.728422e-02,-7.984399e-01,7.763704e-01,-6.552065e-01,-1.676691e-01,1.315017e+00,-1.117738e+00,1.123188e+00,1.237779e-01,-3.586572e-01,-1.078851e+00,-3.946754e-01,-6.044123e-04,-1.095880e+01,1.263902e-02
4.154015e-03,2.940815e-01,-4.490198e+00,-1.662242e+01,-3.313758e+01,-1.105835e+01,1.302152e+01,-1.712406e+01,6.478539e+00,-2.882606e+00,1.653359e+00,6.096761e+00,-2.336804e+00,2.750075e-02,1.492175e+02,7.617132e-01,2.705841e-04,-2.564068e-01,-7.763416e-01,1.555658e+00,-1.013884e+00,3.163448e-01,1.327863e+00,-3.538071e-01,7.947486e-01,1.792658e-01,-3.041889e-01,-1.225089e+00,3.729669e-01,-4.835298e-04,-4.347690e+00,1.216847e-02
4.319811e-03,-2.349225e-01,-5.344334e+00,-1.461614e+01,-3.459703e+01,-1.076058e+01,1.378840e+01,-1.716680e+01,6.716465e+00,-2.371685e+00,3.309697e-01,3.440993e+00,-1.643467e+00,2.689634e-02,1.496404e+02,7.765247e-01,2.331927e-04,-4.916938e-01,-6.715999e-01,1.454931e+00,-1.277181e+00,3.382463e-01,4.517464e-01,1.873951e-01,2.709707e-01,4.353883e-02,-2.726364e-01,-8.747755e-01,8.654052e-01,-3.022067e-05,-3.139761e+00,7.972861e-03
4.531682e-03,-8.684934e-01,-5.800804e+00,-1.306049e+01,-3.589407e+01,-9.358447e+00,1.407521e+01,-1.622443e+01,7.164232e+00,-3.534932e+00,-1.711861e-01,4.139212e+00,2.686428e-01,2.780296e-02,1.496537e+02,7.787625e-01,3.207112e-04,-4.245526e-01,-5.074977e-01,6.590325e-01,-9.241463e-01,2.156828e-01,-4.376477e-01,6.928738e-01,-1.969207e-01,-1.631850e-01,-9.322211e-02,-7.962418e-02,9.397539e-01,3.928686e-04,-1.627182e-01,3.796107e-03
5.013825e-03,-1.436317e+00,-6.394318e+00,-1.325576e+01,-3.762394e+01,-9.860081e+00,1.228467e+01,-1.594314e+01,5.770124e+00,-3.321263e+00,-5.510410e-02,4.138975e+00,9.544036e-01,2.840737e-02,1.492933e+02,7.787449e-01,3.623218e-04,-7.307459e-02,-6.665004e-01,-1.202852e-01,-3.024826e-02,-1.642085e-01,-6.203643e-01,8.912579e-01,-1.003424e-01,-2.749732e-01,8.521501e-01,3.516329e-01,4.923882e-01,3.928684e-04,-5.190979e-01,1.034236e-03
5.410565e-03,-1.227985e+00,-6.502695e+00,-1.400744e+01,-3.624485e+01,-1.043018e+01,1.158515e+01,-1.427152e+01,5.967106e+00,-3.223742e+00,1.380286e+00,5.349649e+00,1.063030e+00,2.870958e-02,1.485775e+02,7.795836e-01,3.106285e-04,2.195366e-01,-1.033459e+00,-6.385519e-01,8.397610e-01,-3.487153e-01,-3.722535e-01,6.261859e-01,7.177897e-02,-5.848983e-01,1.335396e+00,1.563786e-01,1.255273e-02,6.648537e-04,-8.357498e-01,6.537378e-04
5.691979e-03,-4.205499e-01,-8.325891e+00,-1.474409e+01,-3.457288e+01,-1.104576e+01,1.193161e+01,-1.368697e+01,6.813316e+00,-3.902146e+00,3.815984e+00,4.593939e+00,4.212806e-01,2.840737e-02,1.475830e+02,7.812853e-01,1.715706e-04,2.829772e-01,-1.333971e+00,-6.170511e-01,1.315313e+00,6.386586e-02,2.960563e-01,1.040510e-01,1.193528e-01,-1.118009e+00,1.488230e+00,2.396482e-01,-1.379460e-01,1.390148e-03,-1.074916e+00,-4.657686e-04
5.745748e-03,-2.786936e-01,-1.000231e+01,-1.550908e+01,-3.322079e+01,-1.050919e+01,1.239047e+01,-1.422158e+01,7.001531e+00,-6.168982e+00,4.570249e+00,4.693623e+00,5.979679e-01,3.112723e-02,1.463302e+02,7.807610e-01,1.033888e-04,-9.938337e-02,-1.337889e+00,-6.966130e-01,7.665558e-01,2.202217e-01,1.828747e-01,-8.551876e-01,-4.485503e-01,-1.110508e+00,1.021078e+00,6.487775e-01,-4.915636e-01,1.964340e-03,-1.213229e+00,-1.963145e-03
5.704086e-03,-4.960763e-01,-1.131437e+01,-1.559019e+01,-3.255940e+01,-9.501250e+00,1.336229e+01,-1.544785e+01,5.849676e+00,-7.438686e+00,5.791062e+00,5.665229e+00,4.972049e-01,3.414929e-02,1.450424e+02,7.758274e-01,2.242771e-04,-5.945305e-01,-7.082402e-01,-7.721601e-01,4.122555e-01,5.054083e-01,-3.021421e-02,-1.006782e+00,-6.836107e-01,-5.430559e-01,5.759844e-01,1.347710e+00,-1.369411e+00,1.541252e-03,-1.222185e+00,-3.736025e-03
5.921455e-03,-1.687138e+00,-1.169790e+01,-1.706746e+01,-3.341881e+01,-1.010133e+01,1.178418e+01,-1.766702e+01,4.206175e+00,-7.008009e+00,5.498136e+00,8.057892e+00,-1.432750e+00,3.566032e-02,1.437816e+02,7.724969e-01,5.224494e-04,-9.853107e-01,-2.902920e-01,-9.041681e-01,1.481102e-01,6.705776e-01,-2.531329e-01,-6.477883e-01,-2.366507e-01,2.223194e-01,4.054365e-01,1.559084e+00,-2.687749e+00,8.159570e-04,-1.112349e+00,-4.399556e-03
6.725511e-03,-2.688980e+00,-1.101930e+01,-1.782570e+01,-3.241259e+01,-8.722644e+00,1.208368e+01,-1.699816e+01,4.792941e+00,-6.197912e+00,6.231963e+00,9.650357e+00,-5.410417e+00,3.384709e-02,1.427464e+02,7.667373e-01,7.433345e-04,-1.029911e+00,-2.085266e-02,-6.691185e-01,6.399086e-01,1.269561e+00,1.363742e-01,-7.756405e-02,7.371033e-01,4.170607e-01,6.743959e-01,9.729232e-01,-3.638039e+00,9.972800e-04,-9.416763e-01,-5.116361e-03
7.847282e-03,-4.108795e+00,-1.160131e+01,-1.891217e+01,-3.255365e+01,-7.545601e+00,1.176411e+01,-1.668537e+01,6.346645e+00,-5.677773e+00,6.376981e+00,1.049648e+01,-9.886969e+00,3.535812e-02,1.419164e+02,7.633083e-01,5.816692e-04,-6.941040e-01,-3.086853e-01,-5.220737e-02,1.271260e+00,1.924075e+00,1.070621e+00,6.065311e-02,1.414928e+00,2.157283e-01,1.016701e+00,-3.560111e-01,-3.897962e+00,1.752795e-03,-8.571793e-01,-5.718392e-03
8.457845e-03,-4.434801e+00,-1.146693e+01,-1.801343e+01,-2.979244e+01,-4.431311e+00,1.405420e+01,-1.632649e+01,8.464957e+00,-6.018501e+00,8.723619e+00,9.310552e+00,-1.346588e+01,3.928679e-02,1.412666e+02,7.548399e-01,1.359306e-04,-1.242937e-01,-6.846985e-01,4.696669e-01,1.746765e+00,1.907098e+00,1.550874e+00,-2.639921e-01,1.317102e+00,1.310790e-01,1.023999e+00,-1.361573e+00,-3.173954e+00,1.843458e-03,-9.811172e-01,-5.371046e-03
7.963634e-03,-4.284748e+00,-1.301751e+01,-1.723463e+01,-2.837259e+01,-2.626620e+00,1.615203e+01,-1.769958e+01,9.444806e+00,-6.019073e+00,9.335811e+00,6.447739e+00,-1.689483e+01,4.170445e-02,1.402356e+02,7.498536e-01,-2.183095e-04,4.436309e-01,-9.625580e-01,2.580061e-01,2.036856e+00,1.202761e+00,1.611819e+00,-1.424391e-01,8.522292e-01,2.094947e-01,9.195492e-01,-1.931989e+00,-2.197592e+00,6.648537e-04,-1.306152e+00,-3.510088e-03
7.346988e-03,-3.222472e+00,-1.373468e+01,-1.631614e+01,-2.576929e+01,-1.646644e+00,1.764410e+01,-1.781101e+01,9.829371e+00,-5.371866e+00,9.872545e+00,4.866863e+00,-1.777626e+01,3.989121e-02,1.386812e+02,7.466094e-01,-2.565351e-04,8.340772e-01,-1.087407e+00,-8.450173e-01,1.967306e+00,-1.399488e-02,4.695147e-01,4.192951e-01,-1.142104e-01,2.391830e-01,6.995298e-01,-1.948345e+00,-9.350595e-01,-4.533090e-04,6.635254e-01,-3.790683e-03
7.311163e-03,-2.496805e+00,-1.528022e+01,-1.847079e+01,-2.438094e+01,-2.924131e+00,1.802826e+01,-1.665531e+01,9.925584e+00,-4.953617e+00,1.040026e+01,3.058377e+00,-1.871974e+01,3.838018e-02,1.366784e+02,7.498731e-01,-2.397532e-04,9.100428e-01,-6.676661e-01,-2.023448e+00,1.725641e+00,-8.270649e-01,-7.518722e-01,9.046383e-01,-8.730143e-01,1.231115e-01,6.374899e-01,-1.826171e+00,-2.187099e-02,-7.857367e-04,1.012992e+01,-3.507173e-03
7.501405e-03,-1.158386e+00,-1.577261e+01,-2.162044e+01,-2.195174e+01,-4.352530e+00,1.546366e+01,-1.475216e+01,7.653516e+00,-5.355314e+00,1.168904e+01,1.263507e+00,-1.722872e+01,3.868238e-02,1.463629e+02,7.358767e-01,-4.883970e-04,7.087258e-01,-5.342693e-02,-2.172522e+00,8.277012e-01,-8.579399e-01,-1.504173e+00,6.507981e-01,-1.189272e+00,-1.586683e-01,4.544472e-01,-1.734875e+00,4.282480e-01,-5.439714e-04,2.307275e+01,-2.912748e-03
6.687660e-03,-7.665775e-01,-1.533688e+01,-2.469972e+01,-2.165316e+01,-5.409001e+00,1.348289e+01,-1.470582e+01,6.167662e+00,-5.411791e+00,1.161501e+01,-8.814376e-01,-1.727795e+01,3.838018e-02,1.870444e+02,7.376841e-01,-8.491218e-04,3.684992e-01,5.095305e-01,-9.702654e-01,-7.158754e-01,-1.344161e-01,-1.477057e+00,-4.223729e-01,-7.315229e-01,-1.615989e-01,1.968515e-01,-8.532144e-01,4.467956e-01,-5.741917e-04,3.270827e+01,6.245255e-04
5.216755e-03,-5.439568e-01,-1.397349e+01,-2.406428e+01,-2.299468e+01,-4.693908e+00,1.239592e+01,-1.553177e+01,5.761973e+00,-5.936121e+00,1.153741e+01,-1.837604e+00,-1.635591e+01,3.717135e-02,2.288619e+02,7.381402e-01,-9.875543e-04,4.596736e-02,5.575770e-01,6.869043e-01,-1.678693e+00,9.416966e-01,-4.368073e-01,-1.056928e+00,-1.725760e-02,-4.030334e-01,1.701346e-01,-5.329293e-02,2.090933e-01,-4.533097e-04,2.968078e+01,4.759050e-03
4.207879e-03,-9.615237e-01,-1.363212e+01,-2.210019e+01,-2.743885e+01,-3.425522e+00,1.217684e+01,-1.837737e+01,7.213741e+00,-5.471208e+00,1.146034e+01,3.428603e-01,-1.692217e+01,3.626473e-02,2.589702e+02,7.518640e-01,-6.497926e-04,-1.497371e-01,-1.534293e-01,1.190675e+00,-1.160857e+00,1.421345e+00,1.665182e-01,-6.070472e-01,2.424436e-01,-6.705400e-01,1.661204e-01,1.446727e-01,-2.387886e-02,-2.115443e-04,1.715055e+01,-2.482974e-03
3.803524e-03,-8.310764e-01,-1.383710e+01,-1.948568e+01,-2.745236e+01,-6.357858e-01,1.393264e+01,-1.820103e+01,7.044189e+00,-7.340773e+00,1.261705e+01,3.848938e-01,-1.636115e+01,3.747356e-02,2.588038e+02,7.525820e-01,-2.174211e-04,-1.591715e-01,-7.381976e-01,5.598116e-01,4.369423e-01,1.103898e+00,4.768877e-01,7.388498e-01,7.283697e-02,-5.190143e-01,2.813604e-01,-3.385041e-01,-2.982100e-01,3.928680e-04,5.591754e+00,-7.373082e-03
4.145312e-03,-1.371703e+00,-1.617222e+01,-2.103564e+01,-2.522861e+01,-3.313354e-01,1.354711e+01,-1.640643e+01,6.738772e+00,-8.062165e+00,1.190579e+01,-1.269323e+00,-1.739473e+01,3.717135e-02,2.578261e+02,7.180483e-01,1.019427e-04,-1.398415e-01,-9.804944e-01,-6.950203e-01,2.232730e+00,-1.840493e-01,7.956152e-02,1.901530e+00,1.599722e-02,3.797243e-01,8.503647e-02,-8.883988e-01,-2.162876e-01,7.252954e-04,-1.846405e-01,-1.392072e-02
4.160933e-03,-1.134725e+00,-1.639443e+01,-2.179749e+01,-2.191508e+01,-7.215111e-01,1.409522e+01,-1.282299e+01,6.363642e+00,-7.235713e+00,1.272148e+01,-2.724032e+00,-1.761068e+01,3.868238e-02,2.573927e+02,7.181826e-01,2.555334e-04,-9.693074e-02,-7.744528e-01,-1.321464e+00,2.490284e+00,-1.403802e+00,-4.472433e-01,1.669201e+00,3.560223e-01,1.419276e+00,-1.774668e-01,-5.130875e-01,-1.485838e-01,8.763984e-04,-1.714478e-02,-8.107531e-03
4.538888e-03,-1.508907e+00,-1.725593e+01,-2.441939e+01,-1.904383e+01,-4.302906e+00,1.249336e+01,-1.155873e+01,7.634000e+00,-3.625117e+00,1.183331e+01,-2.544670e+00,-1.737884e+01,3.928680e-02,2.587525e+02,6.994601e-01,3.064307e-04,-2.316533e-01,-5.750963e-01,-6.699944e-01,2.128483e+00,-1.198514e+00,-6.609240e-01,9.825932e-01,9.474875e-01,1.458260e+00,-4.452327e-01,-1.111534e-01,1.986883e-01,7.555149e-04,-1.090839e+00,-6.942034e-04
4.884403e-03,-1.247128e+00,-1.716751e+01,-2.440113e+01,-1.809332e+01,-5.669012e+00,1.222330e+01,-1.227887e+01,8.376686e+00,-2.462916e+00,1.176596e+01,-1.542870e+00,-1.711201e+01,4.079783e-02,2.582549e+02,7.213385e-01,5.417382e-04,-5.700567e-01,-9.722675e-01,2.473267e-01,9.025196e-01,1.109445e-03,-1.153042e+00,9.981537e-02,1.603822e+00,4.013179e-01,-5.825065e-01,-2.722875e-01,-1.978146e-01,5.439703e-04,-3.718414e+00,1.847833e-03
5.315730e-03,-2.473768e+00,-1.866116e+01,-2.308380e+01,-1.649707e+01,-3.850155e+00,1.117845e+01,-1.176552e+01,1.046969e+01,-3.157262e+00,1.015739e+01,-2.415671e+00,-1.665062e+01,3.989121e-02,2.519409e+02,7.129993e-01,4.325969e-04,-5.123258e-01,-8.557232e-01,1.587988e+00,1.680519e-01,1.908244e+00,-1.445770e+00,-1.764317e-01,2.036183e+00,-8.325338e-01,-2.942576e-01,-6.487805e-01,-5.651032e-01,8.159556e-04,-3.092571e+00,3.609121e-03
6.481203e-03,-3.502578e+00,-2.055315e+01,-2.122865e+01,-1.867587e+01,-9.423392e-01,8.987464e+00,-1.222052e+01,1.296491e+01,-5.463051e+00,1.064691e+01,-4.149970e+00,-1.896386e+01,4.110003e-02,2.422065e+02,7.206522e-01,2.752334e-04,-4.906307e-01,-6.114729e-01,1.985915e+00,4.712296e-02,1.961322e+00,-2.258667e+00,-7.521969e-01,2.621527e+00,-1.241379e+00,-4.982731e-01,-5.126559e-01,-9.965715e-01,1.480810e-03,-1.731915e+01,-2.228016e-03
5.903473e-03,-2.942811e+00,-1.984173e+01,-1.806568e+01,-1.791230e+01,2.874978e+00,6.882432e+00,-1.247007e+01,1.552080e+01,-6.287718e+00,1.092154e+01,-4.485023e+00,-1.927843e+01,4.321547e-02,2.513139e+02,7.178488e-01,-1.517311e-04,-1.392063e-01,3.129095e-01,2.205068e+00,8.744625e-01,6.908582e-01,-2.896112e+00,-1.778635e+00,2.752755e+00,-8.353378e-01,-6.517849e-01,4.451411e-01,-7.540310e-01,2.175885e-03,-3.854912e+01,-3.070605e-03
5.966699e-03,-3.465760e+00,-1.963459e+01,-1.698061e+01,-1.715009e+01,7.750332e-01,3.077976e+00,-1.568758e+01,1.895877e+01,-7.104584e+00,8.892518e+00,-3.071474e+00,-2.078097e+01,4.653974e-02,1.719727e+02,7.077736e-01,-5.450105e-04,7.441387e-02,1.207160e+00,2.322702e+00,2.361752e+00,-8.537462e-01,-2.989308e+00,-2.309948e+00,2.261894e+00,-2.125419e-01,-9.638872e-01,1.467437e+00,1.663835e-01,1.450590e-03,-6.414147e+01,-6.147951e-03
4.814327e-03,-3.188208e+00,-1.755589e+01,-1.418248e+01,-1.288765e+01,-1.254550e+00,-3.473670e-01,-1.892516e+01,2.123654e+01,-6.513185e+00,7.775660e+00,-7.292132e-01,-1.951222e+01,4.805077e-02,9.431216e+01,7.040856e-01,-7.430936e-04,6.513165e-01,2.062028e+00,2.426159e+00,3.140686e+00,-1.090559e+00,-1.971892e+00,-1.416407e+00,8.281851e-01,-6.129899e-02,-8.689852e-02,1.438049e+00,3.770569e-01,-5.439706e-04,-6.746004e+01,-7.685858e-03
4.300723e-03,-3.007810e+00,-1.566027e+01,-1.155674e+01,-9.379437e+00,-3.146306e+00,-2.344176e+00,-2.054271e+01,2.141651e+01,-6.413027e+00,7.400414e+00,1.309310e+00,-1.801505e+01,4.593533e-02,0,6.967940e-01,-9.675762e-04,1.458039e+00,2.571580e+00,2.483660e+00,2.926257e+00,2.739547e-01,3.518412e-01,1.107674e+00,-5.735084e-01,1.369627e-01,1.508666e+00,6.543354e-01,-1.402863e-01,-2.780297e-03,-4.382575e+01,-7.579327e-03
3.020993e-03,8.479635e-02,-1.151875e+01,-8.646821e+00,-6.094201e+00,-6.171455e-01,-2.659535e-01,-1.712454e+01,1.843286e+01,-6.939991e+00,1.123310e+01,5.148292e-01,-1.877611e+01,4.079783e-02,0,6.849093e-01,-8.748383e-04,1.629538e+00,2.014702e+00,1.678557e+00,1.228020e+00,8.516779e-01,2.267651e+00,3.459377e+00,-1.783765e+00,1.181875e-01,2.865723e+00,-7.310440e-02,-1.163487e+00,-3.324267e-03,-1.886243e+01,-8.283597e-03
2.025486e-03,2.187932e+00,-9.795262e+00,-7.330142e+00,-5.915533e+00,1.826105e+00,4.796475e+00,-1.104952e+01,1.749306e+01,-6.206367e+00,1.470713e+01,-4.218183e-01,-2.185046e+01,3.626473e-02,0,6.794651e-01,-7.279532e-04,9.885663e-01,5.169728e-01,4.608944e-01,-7.053127e-01,4.207246e-01,2.927452e+00,3.821749e+00,-2.040021e+00,3.721514e-01,2.894620e+00,-1.850532e-01,-1.320140e+00,-1.964340e-03,0,-5.904049e-03
1.577754e-03,2.361608e+00,-1.041489e+01,-7.902998e+00,-8.479500e+00,5.176342e-01,7.420565e+00,-6.374872e+00,1.427944e+01,-6.025578e+00,1.845092e+01,-2.291711e-01,-2.341196e+01,3.626474e-02,0,6.713321e-01,-4.437514e-04,-2.571809e-01,-1.241576e+00,-6.897825e-01,-1.957356e+00,-8.537248e-01,1.815006e+00,2.547012e+00,-2.173703e+00,3.890382e-01,1.748716e+00,5.153978e-01,7.354355e-02,3.324263e-04,0,-4.896447e-02
1.382577e-03,7.966156e-01,-1.362733e+01,-9.624184e+00,-1.171335e+01,-1.610073e+00,8.449824e+00,-6.808796e+00,1.329312e+01,-5.009477e+00,1.826461e+01,7.560442e-01,-2.229782e+01,3.838018e-02,0,6.740624e-01,-2.552117e-04,-1.016447e+00,-2.029344e+00,-1.124905e+00,-1.820868e+00,-1.364433e+00,7.198600e-02,1.075902e+00,-1.858167e+00,4.845965e-01,2.317539e-01,7.453709e-01,1.516891e+00,1.299486e-03,0,-1.145457e-01
1.123690e-03,-5.054500e-01,-1.581059e+01,-1.094871e+01,-1.298207e+01,-3.167681e+00,6.982400e+00,-6.509842e+00,9.664315e+00,-5.593245e+00,1.819794e+01,2.502887e+00,-1.818471e+01,4.140224e-02,0,4.427883e-01,-1.683617e-04,-1.075119e+00,-1.671390e+00,-8.966110e-01,-9.585684e-01,-8.422419e-01,-9.521166e-01,7.841823e-01,-8.161545e-01,9.136427e-01,-9.902471e-01,6.000494e-01,2.155841e+00,6.648529e-04,0,-1.795718e-01
9.764594e-04,-1.460773e+00,-1.724413e+01,-1.143181e+01,-1.276859e+01,-3.153404e+00,5.375488e+00,-5.602526e+00,1.050979e+01,-3.999551e+00,1.599238e+01,1.939007e+00,-1.687963e+01,4.019341e-02,0,2.210082e-01,-1.128418e-04,-6.817261e-01,-6.370685e-01,-6.672575e-01,-2.635244e-01,2.645034e-01,-1.251086e+00,1.064834e+00,8.488341e-02,1.194252e+00,-1.290913e+00,1.460937e-01,1.687350e+00,-6.950740e-04,0,-1.790913e-01
9.390041e-04,-1.885292e+00,-1.696344e+01,-1.148224e+01,-1.274472e+01,-2.921910e+00,4.197151e+00,-3.057096e+00,1.159033e+01,-1.962328e+00,1.463579e+01,2.179595e+00,-1.534185e+01,3.868238e-02,0,0,-3.277544e-05,-2.765635e-01,1.325403e-01,-8.720999e-01,-3.755708e-01,1.290566e+00,-5.832366e-01,9.174406e-01,1.003008e+00,1.075249e+00,-9.917914e-01,5.596043e-02,7.529863e-01,-1.601692e-03,0,-6.399520e-02
9.107107e-04,-1.922094e+00,-1.623625e+01,-1.269371e+01,-1.314965e+01,-4.104412e-01,3.587020e+00,-3.210999e+00,1.275453e+01,-8.536773e-01,1.359112e+01,1.648159e+00,-1.528250e+01,3.626473e-02,0,0,9.976071e-06,5.465001e-02,5.210310e-01,-1.227697e+00,-8.180419e-01,1.464562e+00,-1.718742e-01,5.086506e-01,8.373345e-01,5.430901e-01,-1.699283e-01,4.684365e-01,6.024473e-01,-1.601693e-03,0,7.291926e-02
9.926871e-04,-1.657607e+00,-1.565183e+01,-1.467826e+01,-1.466940e+01,1.913668e+00,4.960452e+00,-3.118402e+00,1.355698e+01,-1.789935e+00,1.443962e+01,2.928113e+00,-1.521834e+01,3.535812e-02,0,2.333164e-01,2.855386e-05,2.043350e-02,4.906230e-01,-1.364984e+00,-8.639181e-01,6.037382e-01,9.538557e-02,9.076472e-02,4.802651e-01,9.206760e-03,4.787412e-01,-5.682046e-02,5.015791e-01,-9.066183e-04,0,1.406839e-01
9.994983e-04,-1.301365e+00,-1.529479e+01,-1.597229e+01,-1.589646e+01,1.751616e+00,4.134466e+00,-3.028620e+00,1.371313e+01,-1.370297e+00,1.524083e+01,3.906930e+00,-1.392915e+01,3.384708e-02,0,4.689463e-01,6.597458e-05,-5.775028e-01,8.892941e-01,-6.771922e-01,2.827234e-01,-4.634814e-01,-4.600980e-01,-3.181565e-02,8.862523e-01,-3.352417e-02,2.864918e-01,-1.258860e+00,1.515622e+00,1.269266e-03,0,1.138999e-01
1.037380e-03,-2.093489e+00,-1.498106e+01,-1.666787e+01,-1.569091e+01,-9.842477e-01,4.400355e+00,-2.694462e+00,1.351235e+01,-1.657984e+00,1.620464e+01,7.661068e-01,-1.351063e+01,3.535812e-02,0,4.689463e-01,1.027378e-04,-1.121084e+00,1.773502e+00,1.992566e-01,2.245923e+00,-5.130166e-01,-1.403960e+00,-5.472648e-01,1.234310e+00,-2.839051e-01,-1.568341e-01,-2.889756e+00,2.090484e+00,3.717135e-03,0,3.738718e-02
1.218237e-03,-4.591667e+00,-1.212516e+01,-1.508487e+01,-1.122527e+01,-1.278891e+00,1.566578e+00,-3.582048e+00,1.720811e+01,-1.087274e+00,1.414106e+01,-3.565139e+00,-8.558246e+00,4.261106e-02,0,4.516847e-01,1.706942e-04,-1.197798e+00,2.575452e+00,9.979283e-01,3.587986e+00,-5.202522e-02,-2.374114e+00,-1.554731e+00,1.465427e+00,-6.010208e-01,-9.268874e-01,-2.520982e+00,2.182603e+00,4.261107e-03,0,3.289570e-02
1.397007e-03,-5.617878e+00,-8.369127e+00,-1.412569e+01,-5.775375e+00,8.638379e-01,-7.754016e-01,-5.578012e+00,1.798105e+01,-3.350972e+00,1.420533e+01,-7.784631e+00,-7.451370e+00,4.956180e-02,0,4.288832e-01,3.146882e-04,-5.404001e-01,2.138623e+00,8.895011e-01,2.922866e+00,-3.030855e-01,-2.436162e+00,-2.731372e+00,8.752945e-01,-6.892665e-01,-1.275960e+00,-2.266015e-01,5.215043e-01,1.511030e-03,1.263262e+01,6.525810e-02
1.673156e-03,-5.528159e+00,-5.723489e+00,-1.225373e+01,-2.914296e+00,5.674469e-01,-5.148225e+00,-9.360500e+00,1.880592e+01,-3.528907e+00,1.160605e+01,-4.422612e+00,-6.045763e+00,4.805077e-02,0,6.534564e-01,6.229696e-04,1.773524e-01,1.965123e-01,-1.570725e-01,4.222616e-01,-1.602871e+00,-7.966024e-01,-3.211304e+00,-2.273418e-01,-5.393323e-01,-1.069805e+00,2.303394e+00,-1.987793e+00,-2.750076e-03,3.179585e+01,8.605740e-02
2.383361e-03,-4.327244e+00,-7.488779e+00,-1.363593e+01,-5.232066e+00,-3.422844e+00,-4.423054e+00,-1.346210e+01,1.708992e+01,-3.883500e+00,1.109235e+01,6.183561e-02,-1.215935e+01,4.019341e-02,6.316308e+01,6.943510e-01,1.040948e-03,3.698274e-01,-2.033439e+00,-1.387199e+00,-2.512756e+00,-2.429276e+00,1.365749e+00,-2.664085e+00,-6.659168e-01,-3.464338e-01,-7.529712e-01,2.844832e+00,-3.236648e+00,-4.835297e-03,5.121908e+01,8.170573e-02
3.839908e-03,-4.350222e+00,-1.158278e+01,-1.611511e+01,-9.385621e+00,-7.149904e+00,-5.926077e-01,-1.569652e+01,1.651696e+01,-3.517671e+00,1.034853e+01,4.028597e+00,-1.614322e+01,3.354488e-02,1.273977e+02,7.492378e-01,1.379057e-03,3.253819e-01,-3.165387e+00,-2.223298e+00,-4.168756e+00,-1.266186e+00,2.952439e+00,-8.654490e-01,-1.460260e+00,-4.626040e-01,2.539898e-01,1.003203e+00,-2.994041e+00,-3.475370e-03,5.178654e+01,3.776553e-02
5.518373e-03,-4.357709e+00,-1.560668e+01,-1.913100e+01,-1.510349e+01,-7.423869e+00,3.775537e+00,-1.573042e+01,1.579594e+01,-5.088759e+00,1.106924e+01,2.213923e+00,-1.858588e+01,3.263826e-02,1.923965e+02,7.895212e-01,1.398205e-03,3.138783e-02,-2.782822e+00,-2.167386e+00,-4.125606e+00,7.943249e-01,2.384984e+00,1.274132e+00,-2.289321e+00,-2.699689e-01,6.547958e-01,-8.470303e-01,-1.365932e+00,-6.950743e-04,3.308584e+01,2.166487e-02
7.000934e-03,-3.886016e+00,-1.749148e+01,-2.062269e+01,-1.882236e+01,-3.762972e+00,5.514671e+00,-1.255358e+01,1.215161e+01,-5.239297e+00,1.288756e+01,-4.826410e-01,-1.780270e+01,3.445150e-02,1.943159e+02,7.946990e-01,1.139085e-03,-1.289499e-01,-1.455057e+00,-1.735839e+00,-2.944536e+00,2.408469e+00,1.094938e+00,2.838325e+00,-2.945158e+00,2.216637e-01,7.008991e-01,-1.507246e+00,-5.437189e-01,1.208824e-03,1.785369e+01,-7.539511e-04
7.793872e-03,-4.402408e+00,-1.844854e+01,-2.221907e+01,-2.114173e+01,-1.144686e+00,4.448225e+00,-8.662906e+00,7.825991e+00,-4.372531e+00,1.309681e+01,-1.917696e+00,-1.815927e+01,3.626473e-02,1.951332e+02,7.799447e-01,7.920242e-04,-4.001330e-01,-3.300394e-01,-1.347677e+00,-1.481576e+00,2.516894e+00,1.265052e-01,3.120396e+00,-2.931138e+00,7.577852e-01,2.651134e-01,-5.102603e-01,-2.641899e-01,1.420368e-03,1.054725e+01,-1.761016e-02
8.397583e-03,-4.972622e+00,-1.743713e+01,-2.325027e+01,-2.108919e+01,1.752849e+00,4.545736e+00,-5.038658e+00,5.776147e+00,-2.767466e+00,1.283924e+01,-1.441822e+00,-1.907512e+01,3.777577e-02,2.152978e+02,7.502562e-01,5.512441e-04,-4.998058e-01,3.250971e-01,-1.038881e+00,-3.585750e-01,1.668928e+00,3.802819e-01,2.306442e+00,-1.799111e+00,7.113587e-01,2.636719e-03,5.779572e-01,-1.611137e-02,1.329707e-03,1.567562e+01,-2.368662e-02
8.780169e-03,-5.815072e+00,-1.728405e+01,-2.455559e+01,-2.137796e+01,2.402690e+00,4.892530e+00,-3.885905e+00,4.327984e+00,-2.535748e+00,1.241896e+01,1.422125e-01,-1.927062e+01,3.807797e-02,2.346418e+02,7.236917e-01,4.947089e-04,-4.378425e-01,3.326954e-01,-8.177298e-01,7.505322e-02,6.452215e-01,1.166177e+00,1.108389e+00,-7.996593e-01,8.909021e-02,1.916947e-01,1.127951e+00,4.381006e-01,1.390147e-03,1.065948e+01,-1.603368e-02
9.264006e-03,-5.678713e+00,-1.644824e+01,-2.464883e+01,-2.049712e+01,2.807980e+00,7.193928e+00,-3.409873e+00,4.905058e+00,-2.600895e+00,1.323967e+01,1.377190e+00,-1.732758e+01,4.019341e-02,2.529397e+02,7.043924e-01,4.816154e-04,-2.213513e-01,7.672062e-02,-5.083590e-01,9.585209e-02,-1.055504e-01,1.790687e+00,2.042856e-01,-3.241101e-01,-7.736023e-01,2.980596e-01,8.299950e-01,9.565657e-01,1.783015e-03,-2.711177e+00,-1.547933e-04
9.834205e-03,-6.238575e+00,-1.727951e+01,-2.560844e+01,-2.106249e+01,1.553856e+00,8.955014e+00,-3.935354e+00,4.263239e+00,-4.010366e+00,1.385507e+01,2.312554e+00,-1.684254e+01,4.200665e-02,2.296097e+02,7.227082e-01,6.040448e-04,7.280894e-02,-2.215792e-01,-1.360794e-01,1.614607e-01,-3.130294e-01,2.095106e+00,-1.469958e-01,-9.626379e-02,-1.702177e+00,2.193326e-01,2.010620e-01,1.118785e+00,1.964340e-03,-1.614612e+01,1.681755e-02
1.027864e-02,-5.867628e+00,-1.705580e+01,-2.526564e+01,-2.076766e+01,1.649514e+00,1.146793e+01,-3.992505e+00,4.187969e+00,-5.898169e+00,1.361148e+01,1.622982e+00,-1.550634e+01,4.472650e-02,2.042580e+02,7.499740e-01,5.984571e-04,4.683119e-01,-1.948187e-01,2.769888e-01,5.016466e-01,-1.668006e-01,1.892873e+00,-3.233979e-01,-1.734535e-01,-2.417895e+00,-6.710806e-02,-3.882101e-01,1.319039e+00,1.752797e-03,-2.121411e+01,2.560592e-02
1.129308e-02,-5.356570e+00,-1.808816e+01,-2.492758e+01,-2.043539e+01,1.416776e+00,1.323106e+01,-4.329568e+00,4.205209e+00,-9.397998e+00,1.332972e+01,1.024627e+00,-1.458732e+01,4.563313e-02,1.782521e+02,7.849886e-01,3.645370e-04,8.669995e-01,1.627504e-01,5.490990e-01,9.571663e-01,-1.559176e-01,1.365856e+00,-5.538037e-01,-1.923125e-01,-2.391708e+00,-1.222284e-01,-1.090369e+00,1.669230e+00,1.027502e-03,-1.543710e+01,2.175123e-02
1.152686e-02,-3.778156e+00,-1.701800e+01,-2.360432e+01,-1.830244e+01,2.042517e+00,1.452027e+01,-4.829755e+00,4.066805e+00,-1.199655e+01,1.316680e+01,8.010381e-02,-1.186000e+01,4.714416e-02,1.725480e+02,8.012818e-01,-1.307112e-04,9.051381e-01,5.500129e-01,4.801138e-01,7.584572e-01,-2.913738e-01,6.642746e-01,-9.851784e-01,-3.925039e-01,-1.689658e+00,-2.040984e-01,-1.653457e+00,1.788671e+00,-2.719857e-04,-8.981547e+00,1.284224e-02
1.103278e-02,-2.948313e+00,-1.648466e+01,-2.369360e+01,-1.750927e+01,5.777667e-01,1.425812e+01,-6.285748e+00,3.362259e+00,-1.291972e+01,1.346627e+01,-2.367851e+00,-1.031955e+01,4.593533e-02,1.682792e+02,8.058105e-01,-5.883576e-04,7.027277e-01,7.835256e-01,3.204607e-01,1.290779e-02,-4.762510e-01,2.074385e-02,-8.292263e-01,-3.084240e-01,-4.169221e-01,-3.539893e-01,-1.804908e+00,1.268705e+00,-1.783017e-03,-4.373030e+00,3.176463e-03
9.755232e-03,-2.546066e+00,-1.510749e+01,-2.348206e+01,-1.843843e+01,6.121491e-01,1.427577e+01,-7.940308e+00,2.646925e+00,-1.258560e+01,1.252271e+01,-4.948063e+00,-8.696864e+00,4.321547e-02,1.643367e+02,8.037743e-01,-6.769326e-04,3.047752e-01,3.688051e-01,2.115236e-01,-1.148052e+00,-4.772550e-01,-6.401515e-01,-4.408190e-01,-2.802203e-02,1.985749e-01,-5.639597e-01,-1.263889e+00,3.314810e-01,-2.719856e-03,-3.777124e+00,-1.635081e-03
9.237099e-03,-2.458977e+00,-1.512579e+01,-2.338641e+01,-2.030285e+01,-2.492948e-01,1.345703e+01,-6.920424e+00,3.373030e+00,-1.118808e+01,1.188182e+01,-5.485830e+00,-9.825360e+00,3.868238e-02,1.604925e+02,7.996247e-01,-4.127580e-04,4.045179e-02,-7.171898e-02,4.030697e-01,-1.535310e+00,-2.096758e-01,-1.179792e+00,2.815119e-01,2.651120e-01,5.922295e-01,-3.885531e-01,7.826805e-03,-4.849443e-01,-2.055002e-03,-3.343463e+00,-3.165126e-03
9.040035e-03,-2.498948e+00,-1.585341e+01,-2.270030e+01,-2.264591e+01,6.977234e-02,1.172006e+01,-6.716512e+00,3.921310e+00,-1.186950e+01,1.113923e+01,-4.680350e+00,-1.044969e+01,3.717135e-02,1.575557e+02,7.961993e-01,4.241383e-05,-2.208915e-01,-5.442621e-01,4.756842e-01,-1.141356e+00,5.555169e-02,-1.417264e+00,7.528704e-01,3.996266e-01,7.469659e-01,1.082741e-01,7.539185e-01,-8.580939e-01,-3.022060e-04,-2.906180e+00,-4.024392e-03
9.326591e-03,-2.769612e+00,-1.647029e+01,-2.206914e+01,-2.308208e+01,-1.994241e-01,9.637015e+00,-5.490086e+00,4.050626e+00,-1.031662e+01,1.221525e+01,-2.462573e+00,-1.186786e+01,3.868238e-02,1.549524e+02,7.937724e-01,3.607833e-04,-3.952566e-01,-3.821699e-01,5.236315e-01,-2.659988e-03,5.801402e-01,-1.067385e+00,7.866160e-01,5.377123e-01,1.190583e+00,5.374606e-01,7.142650e-01,-1.040694e+00,1.118163e-03,-2.600830e+00,-4.981577e-03
9.922556e-03,-3.495206e+00,-1.715655e+01,-2.176228e+01,-2.275560e+01,8.649721e-01,9.099458e+00,-4.891125e+00,4.306259e+00,-9.286504e+00,1.289737e+01,-2.690099e+00,-1.196608e+01,4.170444e-02,1.525759e+02,7.865785e-01,4.589671e-04,-5.715289e-01,-2.067924e-01,2.715780e-01,7.227470e-01,4.631285e-01,-7.302601e-01,3.367094e-01,9.824071e-01,1.725805e+00,1.103875e+00,-1.156291e-01,-1.277034e+00,6.346338e-04,-2.448622e+00,-6.865317e-03
1.059976e-02,-3.937131e+00,-1.638507e+01,-2.123726e+01,-2.026131e+01,2.253806e+00,9.430404e+00,-3.900037e+00,5.869116e+00,-6.526663e+00,1.369005e+01,-2.909631e+00,-1.427063e+01,4.200665e-02,1.499783e+02,7.795272e-01,1.268272e-04,-5.936955e-01,-1.558224e-01,3.760923e-01,7.995117e-01,-4.735520e-02,-1.158217e+00,-9.982269e-01,1.468410e+00,1.946481e+00,1.268878e+00,-1.440686e+00,-1.576648e+00,-9.066180e-04,-2.382404e+00,-1.012498e-02
1.069829e-02,-4.772833e+00,-1.692998e+01,-2.175834e+01,-2.044256e+01,1.158800e+00,8.172065e+00,-5.827990e+00,7.924100e+00,-5.135452e+00,1.592120e+01,-5.034967e+00,-1.563347e+01,3.868238e-02,1.477996e+02,7.689953e-01,-5.016932e-04,-4.239224e-01,-1.830748e-01,8.845795e-01,2.691828e-01,-9.829671e-01,-2.456125e+00,-2.319361e+00,1.684173e+00,2.102007e+00,1.293324e+00,-2.278425e+00,-1.337584e+00,-1.662134e-03,-1.173877e+01,-1.319122e-02
9.572861e-03,-5.099276e+00,-1.736269e+01,-2.019064e+01,-2.024104e+01,-5.831139e-01,4.309627e+00,-1.001279e+01,9.583756e+00,-2.659741e+00,1.704772e+01,-8.493568e+00,-1.791741e+01,3.566032e-02,1.454285e+02,7.519391e-01,-1.169944e-03,-5.887093e-02,1.396496e-01,1.828017e+00,1.027678e-01,-1.321325e+00,-3.539099e+00,-3.466601e+00,1.488082e+00,1.650281e+00,9.570586e-01,-2.821288e+00,-1.337464e-01,-5.741924e-04,-2.565243e+01,-1.788308e-02
7.927537e-03,-5.033745e+00,-1.758312e+01,-1.786269e+01,-2.141982e+01,-2.631403e+00,-6.207805e-01,-1.343155e+01,1.086980e+01,-7.099276e-01,1.768516e+01,-1.129026e+01,-1.683062e+01,3.656694e-02,9.615692e+01,7.344164e-01,-1.542042e-03,6.122210e-01,1.156005e+00,2.565588e+00,7.359455e-01,-7.346967e-01,-3.155028e+00,-3.007818e+00,9.105798e-01,8.019559e-01,4.486136e-01,-2.146359e+00,1.213073e+00,1.118163e-03,-3.934903e+01,-2.007489e-02
6.135411e-03,-4.101030e+00,-1.536026e+01,-1.404501e+01,-1.925884e+01,-2.457715e+00,-3.868669e+00,-1.743126e+01,1.183667e+01,-4.880204e-01,1.759337e+01,-1.388842e+01,-1.434079e+01,4.019341e-02,4.753748e+01,7.074012e-01,-1.519856e-03,1.189718e+00,2.419952e+00,2.220787e+00,1.872986e+00,1.706552e-01,-9.784177e-01,-1.342450e+00,-4.755631e-01,-3.066596e-01,-1.016165e-01,-6.770097e-01,1.628811e+00,1.752796e-03,-3.870140e+01,-1.987355e-02
4.706805e-03,-2.210851e+00,-1.215117e+01,-1.200322e+01,-1.725393e+01,-1.577383e+00,-3.513928e+00,-1.715784e+01,1.135054e+01,-2.211532e+00,1.789145e+01,-1.306933e+01,-1.135642e+01,4.200665e-02,0,6.908898e-01,-1.274386e-03,1.407380e+00,3.249395e+00,1.066403e+00,2.731920e+00,1.213434e+00,2.030970e+00,1.124572e+00,-2.033202e+00,-6.132425e-01,-6.120426e-01,9.165269e-01,6.817859e-01,1.359928e-03,-2.398513e+01,-1.547377e-02
3.583946e-03,-5.621329e-01,-7.978898e+00,-1.201644e+01,-1.295905e+01,-2.568480e-01,8.641121e-01,-1.486189e+01,6.965572e+00,-3.442236e+00,1.643649e+01,-1.098908e+01,-1.251045e+01,4.170445e-02,0,6.743347e-01,-9.392555e-04,7.659582e-01,3.166983e+00,-5.117769e-01,2.824191e+00,2.051562e+00,4.053279e+00,3.152201e+00,-2.993615e+00,4.022312e-03,-5.942035e-01,2.191983e+00,-4.286510e-01,1.269265e-03,-9.507495e+00,-1.114607e-02
2.831341e-03,2.337056e-01,-5.026819e+00,-1.354496e+01,-1.091011e+01,2.335331e+00,7.167680e+00,-9.093378e+00,3.139343e+00,-2.299032e+00,1.520338e+01,-8.157295e+00,-1.433686e+01,4.261106e-02,0,6.735808e-01,-5.977352e-04,-6.149222e-01,2.312791e+00,-1.438175e+00,2.079037e+00,2.448763e+00,4.438553e+00,3.999286e+00,-2.198789e+00,1.181172e+00,-3.910167e-01,2.427183e+00,-3.889626e-01,2.629192e-03,0,-8.255589e-03
2.376866e-03,-1.493518e+00,-3.087517e+00,-1.583302e+01,-8.309796e+00,5.843737e+00,1.105692e+01,-5.702486e+00,9.741971e-01,-4.241588e-01,1.596638e+01,-5.384529e+00,-1.499383e+01,4.623753e-02,0,6.603253e-01,-3.201050e-04,-1.915238e+00,1.161837e+00,-1.682782e+00,8.189417e-01,1.773813e+00,2.685241e+00,3.602929e+00,-7.150723e-01,1.646918e+00,-3.658099e-01,2.451730e+00,8.043047e-01,4.049561e-03,0,-5.390537e-03
2.321669e-03,-4.819770e+00,-3.032907e+00,-1.728580e+01,-9.183375e+00,7.616140e+00,1.358243e+01,-1.741118e+00,3.352281e+00,2.185290e+00,1.617142e+01,-3.735691e+00,-1.205954e+01,5.288607e-02,0,6.566165e-01,-1.391908e-04,-2.567582e+00,2.454618e-01,-1.545259e+00,-4.063585e-01,1.339579e-03,3.817753e-01,2.201452e+00,2.917632e-01,1.398144e+00,-8.481857e-01,2.140657e+00,1.821517e+00,4.200665e-03,0,-5.967295e-03
2.238257e-03,-7.611585e+00,-3.166668e+00,-1.855993e+01,-9.727712e+00,5.971811e+00,1.108294e+01,-5.233806e-01,3.283742e+00,2.550194e+00,1.412342e+01,-9.412303e-01,-9.627588e+00,5.681475e-02,0,6.558642e-01,-5.636776e-05,-2.207385e+00,-3.150422e-01,-1.459416e+00,-1.336978e+00,-1.596759e+00,-1.495717e+00,5.800247e-01,5.297909e-02,9.164256e-01,-1.197687e+00,1.709632e+00,1.730689e+00,2.659414e-03,0,-3.285408e-04
2.204691e-03,-9.545170e+00,-3.759935e+00,-1.990780e+01,-1.223294e+01,2.277992e+00,9.063545e+00,-6.756721e-01,3.443386e+00,3.204511e+00,1.188393e+01,3.243394e-01,-7.912393e+00,5.832578e-02,0,6.459749e-01,-6.657052e-05,-1.400012e+00,-4.289888e-01,-1.290052e+00,-1.579429e+00,-2.051698e+00,-1.814991e+00,-1.018317e+00,-7.765126e-01,7.604070e-01,-8.602139e-01,1.137814e+00,7.001351e-01,6.044119e-04,0,-1.080954e-03
2.153516e-03,-1.016774e+01,-4.299214e+00,-2.181911e+01,-1.346990e+01,5.290186e-01,5.837780e+00,-3.335085e+00,1.193540e+00,3.648359e+00,1.212169e+01,1.133616e+00,-8.413955e+00,5.681475e-02,0,6.640034e-01,-8.186859e-05,-5.861933e-01,-4.137821e-01,-8.922176e-01,-1.601113e+00,-1.388792e+00,-1.048283e+00,-1.385508e+00,-8.214259e-01,1.194598e+00,-3.300940e-01,2.526329e-01,-2.325306e-01,-7.252943e-04,0,2.731562e-04
2.031187e-03,-1.054175e+01,-4.611578e+00,-2.210648e+01,-1.520943e+01,7.904768e-02,7.130059e+00,-5.426848e+00,5.148190e-01,5.438242e+00,1.287122e+01,9.159576e-01,-9.165682e+00,5.590813e-02,0,6.471421e-01,-1.185115e-04,1.991015e-01,-1.055689e-02,2.110126e-01,-5.641190e-01,-2.586600e-01,-5.492637e-01,-1.178272e+00,-6.814889e-01,1.025779e+00,-6.119409e-01,-8.466012e-02,-9.465750e-01,-1.450589e-03,0,-5.604642e-03
1.915666e-03,-1.004426e+01,-4.809757e+00,-2.192168e+01,-1.624503e+01,1.273250e-01,6.808271e+00,-5.075333e+00,6.408955e-01,7.406319e+00,1.197931e+01,2.612535e-02,-1.016360e+01,5.439710e-02,0,6.566464e-01,-1.186323e-04,1.164874e+00,5.070419e-01,1.141513e+00,5.288828e-01,4.670862e-01,-7.325882e-01,-7.854716e-01,3.101176e-01,4.698790e-01,-1.026934e+00,-6.386161e-01,-1.013473e+00,-2.296766e-03,1.007335e+01,-5.909765e-03
1.731059e-03,-8.611403e+00,-3.557448e+00,-1.880145e+01,-1.366597e+01,1.185539e+00,5.831981e+00,-5.696909e+00,3.122642e-01,6.454427e+00,8.895414e+00,4.547842e-01,-1.177045e+01,5.228166e-02,0,6.216303e-01,-2.545387e-05,2.089556e+00,7.598828e-01,1.388931e+00,1.360863e+00,4.222278e-01,-1.663159e+00,-1.493011e+00,1.138099e+00,-9.489676e-01,-4.075899e-01,-1.406949e+00,-5.183161e-01,-3.505590e-03,2.527419e+01,6.472617e-03
1.710419e-03,-5.308546e+00,-2.291069e+00,-1.776406e+01,-1.159721e+01,2.311204e+00,2.823878e+00,-7.127412e+00,2.845406e+00,5.489661e+00,8.974921e+00,-1.828878e+00,-1.217894e+01,4.714416e-02,5.036676e+01,6.472105e-01,2.459008e-04,2.510264e+00,-2.101783e-01,1.024523e+00,8.778362e-01,-3.829517e-01,-2.215006e+00,-2.626986e+00,2.249026e+00,-1.632902e+00,1.307355e+00,-2.412053e+00,2.353654e-01,-4.895739e-03,4.374809e+01,1.821562e-02
2.006542e-03,-2.461826e+00,-2.071507e+00,-1.724063e+01,-1.072902e+01,1.098247e+00,8.064618e-01,-1.186586e+01,5.103062e+00,1.651733e+00,1.233546e+01,-5.191288e+00,-1.074959e+01,4.200665e-02,1.011876e+02,6.842231e-01,6.487722e-04,2.020057e+00,-2.240189e+00,4.195591e-01,-5.663694e-01,-1.501066e+00,-2.235993e+00,-2.868425e+00,2.934644e+00,-1.532052e+00,2.491374e+00,-3.212679e+00,5.284851e-01,-5.439711e-03,5.886272e+01,2.717144e-02
3.007428e-03,-5.677305e-01,-6.603618e+00,-1.757947e+01,-1.332433e+01,-1.743788e+00,-1.753999e+00,-1.512579e+01,9.490624e+00,1.643156e+00,1.679606e+01,-9.211105e+00,-9.497197e+00,3.505591e-02,1.681467e+02,7.164280e-01,1.009183e-03,8.216723e-01,-3.987662e+00,4.826645e-01,-1.715738e+00,-1.883017e+00,-1.600972e+00,-2.356627e+00,2.440722e+00,-8.601058e-01,1.906613e+00,-2.763107e+00,-2.892669e-01,-4.774857e-03,6.307319e+01,1.955126e-02
4.326415e-03,-8.815260e-01,-1.260212e+01,-1.679595e+01,-1.563426e+01,-4.292295e+00,-3.059047e+00,-1.603985e+01,1.166287e+01,7.174202e-01,1.744171e+01,-1.191750e+01,-1.046889e+01,3.112723e-02,2.354237e+02,7.228787e-01,1.189898e-03,-3.777414e-01,-3.982356e+00,4.465138e-01,-2.110438e+00,-1.210493e+00,-3.194551e-01,-1.107574e+00,1.702773e+00,-3.532181e-01,4.529149e-01,-1.723803e+00,-1.437322e+00,-2.810518e-03,6.161431e+01,1.253740e-02
5.596399e-03,-1.990334e+00,-1.696408e+01,-1.557308e+01,-1.772328e+01,-4.408609e+00,-3.248226e+00,-1.682355e+01,1.176911e+01,1.656288e+00,1.595486e+01,-1.228131e+01,-1.376562e+01,2.870958e-02,2.986147e+02,7.256390e-01,1.159526e-03,-1.178028e+00,-2.358301e+00,1.989389e-01,-1.774898e+00,-1.726233e-01,1.135458e+00,-6.154648e-01,5.541838e-01,-7.045029e-01,-6.536995e-01,-3.382301e-01,-2.177643e+00,-1.813240e-04,4.478523e+01,9.814495e-03
6.661547e-03,-3.639231e+00,-1.680306e+01,-1.601126e+01,-1.908173e+01,-3.621807e+00,-4.370006e-02,-1.655485e+01,1.247768e+01,-1.209233e-01,1.502064e+01,-1.227520e+01,-1.580199e+01,3.112723e-02,3.440251e+02,7.423046e-01,1.021423e-03,-1.296389e+00,-5.725307e-01,-4.860875e-01,-1.302928e+00,5.837015e-01,1.962004e+00,-5.075117e-01,1.158545e-01,-1.034505e+00,-8.635065e-01,5.085183e-01,-1.993890e+00,1.934119e-03,2.372990e+01,1.031409e-02
7.637493e-03,-5.079019e+00,-1.629465e+01,-1.697712e+01,-2.047508e+01,-2.942148e+00,2.415618e+00,-1.794561e+01,1.185414e+01,-1.460187e+00,1.473810e+01,-1.072340e+01,-1.771886e+01,3.414929e-02,3.377721e+02,7.557876e-01,7.295398e-04,-1.072240e+00,1.199942e-01,-9.401919e-01,-7.911167e-01,6.255453e-01,1.646111e+00,-6.809858e-01,-1.874435e-01,-1.364118e+00,-1.002784e+00,4.849277e-01,-1.462610e+00,2.870958e-03,5.992432e+00,9.126234e-03
8.412984e-03,-5.819129e+00,-1.579948e+01,-1.852436e+01,-2.077300e+01,-2.107018e+00,3.919051e+00,-1.801638e+01,1.219963e+01,-2.896867e+00,1.373256e+01,-1.015386e+01,-1.846172e+01,3.807797e-02,3.344945e+02,7.593749e-01,3.719504e-04,-7.630070e-01,5.852833e-02,-7.455696e-01,-9.067307e-02,4.059587e-01,4.769018e-01,-8.265043e-01,1.523046e-02,-8.198377e-01,-1.106275e+00,3.876705e-02,-1.113506e+00,2.357208e-03,-2.599499e+00,3.268218e-03
8.368379e-03,-6.261588e+00,-1.686589e+01,-1.901748e+01,-2.083323e+01,-2.038277e+00,3.000953e+00,-1.949772e+01,1.097092e+01,-3.776328e+00,1.158498e+01,-1.091734e+01,-1.974881e+01,3.958900e-02,3.333422e+02,7.627351e-01,1.628036e-05,-5.474510e-01,-2.943268e-02,-9.994908e-02,6.008652e-01,9.804781e-02,-2.414439e-01,-6.474268e-01,7.498240e-01,1.563272e-02,-8.622277e-01,-3.580957e-01,-8.347055e-01,1.662134e-03,-1.036707e+00,-3.413534e-03
8.155856e-03,-6.862981e+00,-1.622480e+01,-1.871893e+01,-1.935602e+01,-2.043949e+00,2.048142e+00,-1.991132e+01,1.299545e+01,-3.062042e+00,1.106582e+01,-1.198440e+01,-2.035455e+01,4.019341e-02,3.332426e+02,7.551720e-01,-1.342438e-04,-3.991099e-01,6.037407e-02,3.923790e-01,8.914261e-01,-2.389642e-01,-4.819294e-01,-6.348215e-01,1.468548e+00,1.008506e+00,1.500998e-02,-6.723376e-02,-2.800364e-01,1.027501e-03,-2.251221e+01,-1.063121e-02
7.847459e-03,-7.294348e+00,-1.622916e+01,-1.737958e+01,-1.817925e+01,-2.483444e+00,2.143853e+00,-2.023528e+01,1.520535e+01,-1.299436e+00,1.176033e+01,-1.159861e+01,-2.094598e+01,4.140224e-02,3.332145e+02,7.408214e-01,-1.712939e-04,-2.007973e-01,2.899934e-01,5.394773e-01,8.433941e-01,-2.898614e-01,-3.232199e-01,-1.938806e-01,1.881371e+00,1.535699e+00,7.321125e-01,5.049203e-01,6.817076e-01,1.239044e-03,-3.581925e+01,-1.500253e-02
8.002225e-03,-7.298298e+00,-1.581598e+01,-1.738142e+01,-1.764286e+01,-3.079256e+00,1.937954e+00,-2.082171e+01,1.742515e+01,9.072192e-01,1.371993e+01,-1.014939e+01,-1.926332e+01,4.230886e-02,2.219972e+02,7.171757e-01,-2.241559e-04,5.292368e-03,1.388061e-01,5.274141e-01,4.027458e-01,-3.798333e-01,-3.429285e-01,4.408989e-01,1.580142e+00,1.472131e+00,5.791837e-01,5.150884e-01,1.220983e+00,9.972800e-04,-3.943422e+01,-1.197341e-02
7.588726e-03,-7.047916e+00,-1.562034e+01,-1.698885e+01,-1.747284e+01,-2.969931e+00,1.439947e+00,-2.001192e+01,1.816292e+01,1.917535e+00,1.391849e+01,-9.310243e+00,-1.688589e+01,4.472650e-02,2.098686e+02,7.067205e-01,-3.977615e-04,2.139009e-01,2.462893e-02,6.986139e-01,1.619709e-01,-3.764658e-01,-6.182261e-01,9.321119e-01,1.324544e+00,1.025464e+00,4.874715e-01,1.424366e-01,1.540658e+00,3.022063e-04,-1.006679e+01,-4.933161e-03
7.164443e-03,-6.959735e+00,-1.583518e+01,-1.627722e+01,-1.769550e+01,-3.699872e+00,6.854522e-01,-1.781850e+01,1.941737e+01,2.690125e+00,1.288266e+01,-1.055314e+01,-1.627968e+01,4.351768e-02,1.977445e+02,7.123553e-01,-5.791612e-04,3.801799e-01,-2.909560e-01,1.016415e+00,-4.295940e-02,-5.300679e-01,-8.902609e-01,9.255630e-01,9.161451e-01,6.297141e-01,3.642588e-01,-2.542510e-01,9.470136e-01,-5.439706e-04,2.276181e+01,9.480476e-04
6.277543e-03,-6.394125e+00,-1.609641e+01,-1.443861e+01,-1.734307e+01,-4.055465e+00,-3.210262e-01,-1.707632e+01,2.083196e+01,2.936433e+00,1.461633e+01,-1.068456e+01,-1.473451e+01,4.230886e-02,2.950070e+02,7.185658e-01,-6.278464e-04,5.474648e-01,-4.244675e-01,1.081924e+00,1.084719e-01,-5.889574e-01,-1.202106e+00,1.009026e-02,4.031305e-01,5.579786e-01,8.493539e-01,3.423347e-02,5.669438e-01,-1.359927e-03,2.614439e+01,3.447032e-03
5.762011e-03,-5.724294e+00,-1.703272e+01,-1.357446e+01,-1.792254e+01,-5.186829e+00,-1.632864e+00,-1.766169e+01,2.067136e+01,3.546341e+00,1.519231e+01,-1.073349e+01,-1.560394e+01,4.079783e-02,2.932371e+02,7.159933e-01,-5.713117e-04,5.004294e-01,-1.828739e-01,8.847275e-01,1.657204e-01,-6.571831e-01,-1.575804e+00,-1.024178e+00,-1.993670e-01,4.859786e-01,6.979834e-01,3.562013e-01,2.870339e-01,-1.269266e-03,-6.488250e-01,1.293278e-03
5.150710e-03,-4.928312e+00,-1.714390e+01,-1.293062e+01,-1.681696e+01,-5.171240e+00,-3.411424e+00,-2.003988e+01,1.955158e+01,4.279320e+00,1.701044e+01,-9.048902e+00,-1.438904e+01,3.928679e-02,2.928442e+02,7.221367e-01,-4.869703e-04,2.756886e-01,4.394152e-01,7.094115e-01,3.809555e-01,-6.974494e-01,-1.606486e+00,-1.745802e+00,-6.571354e-01,-3.050141e-02,-1.638032e-01,3.111592e-01,8.711630e-01,-1.178604e-03,-4.912912e+01,-2.168506e-03
4.871301e-03,-5.190495e+00,-1.622580e+01,-1.260758e+01,-1.712995e+01,-6.427900e+00,-5.648367e+00,-2.145761e+01,1.906073e+01,4.448575e+00,1.517553e+01,-9.589962e+00,-1.501725e+01,3.868238e-02,1.955817e+02,7.170362e-01,-5.378202e-04,2.538574e-01,1.387347e+00,9.344708e-01,8.267968e-01,-6.601671e-01,-1.104368e+00,-1.983625e+00,-1.008986e+00,-6.487685e-01,-1.211992e+00,3.614687e-01,1.731961e+00,-1.027501e-03,-7.811293e+01,-1.114399e-02
4.288046e-03,-5.282581e+00,-1.430280e+01,-1.137499e+01,-1.583459e+01,-6.922176e+00,-6.345706e+00,-2.390737e+01,1.835160e+01,2.332809e+00,1.380570e+01,-9.700522e+00,-1.067204e+01,3.747356e-02,9.818905e+01,7.072018e-01,-6.575729e-04,5.545233e-01,2.280441e+00,1.324792e+00,1.559728e+00,-1.435100e-01,1.025667e-02,-7.868967e-01,-1.792329e+00,-7.747957e-01,-1.793072e+00,2.834619e-01,1.766910e+00,-9.368382e-04,-7.812701e+01,-1.929481e-02
3.504242e-03,-4.277873e+00,-1.151654e+01,-9.679919e+00,-1.427974e+01,-7.612196e+00,-5.687562e+00,-2.564607e+01,1.622642e+01,1.275754e+00,1.073472e+01,-8.600335e+00,-8.802631e+00,3.656694e-02,0,6.677408e-01,-7.661496e-04,9.218510e-01,2.980693e+00,1.467116e+00,2.338979e+00,8.837188e-01,9.613038e-01,1.517116e+00,-3.192599e+00,3.307471e-01,-9.718075e-01,7.378502e-01,5.028192e-01,-1.269265e-03,-4.893525e+01,-2.110043e-02
2.546375e-03,-2.612006e+00,-8.096334e+00,-7.770485e+00,-1.044342e+01,-5.296642e+00,-3.340544e+00,-2.188013e+01,1.200709e+01,1.991752e+00,1.026548e+01,-8.126406e+00,-8.661791e+00,3.566032e-02,0,6.503103e-01,-7.017282e-04,5.509016e-01,3.224688e+00,8.547097e-01,2.615332e+00,2.174590e+00,1.076492e+00,4.691429e+00,-4.025650e+00,2.241125e+00,-2.652674e-02,9.262142e-01,-1.120766e+00,-3.928680e-04,-1.963781e+01,-1.951919e-02
1.911389e-03,-1.916527e+00,-4.425570e+00,-7.074255e+00,-8.130645e+00,-2.822073e+00,-2.344429e+00,-1.488565e+01,6.269992e+00,6.272839e+00,1.208660e+01,-6.687769e+00,-1.350828e+01,3.324267e-02,0,6.399798e-01,-4.756107e-04,-6.815915e-01,2.685538e+00,-2.524295e-01,2.096302e+00,3.107858e+00,7.005484e-01,6.591020e+00,-3.439331e+00,3.480300e+00,6.951092e-01,1.058117e+00,-1.236013e+00,2.508310e-03,0,-1.343862e-02
1.575831e-03,-3.708746e+00,-1.724840e+00,-8.404277e+00,-5.832482e+00,1.555710e+00,-2.634812e+00,-5.830438e+00,3.201562e+00,1.103989e+01,1.299713e+01,-6.025734e+00,-1.392305e+01,3.717135e-02,0,6.234863e-01,-1.911454e-04,-2.126588e+00,1.521385e+00,-1.359161e+00,9.081923e-01,2.774335e+00,-1.839637e-01,5.622838e+00,-1.804448e+00,3.345256e+00,8.473161e-01,1.709964e+00,1.488916e-01,7.373829e-03,0,-1.226576e-02
1.611460e-03,-7.137460e+00,-1.274592e+00,-1.062517e+01,-6.103703e+00,4.500920e+00,-2.537685e+00,-7.158172e-01,3.432523e+00,1.415319e+01,1.284444e+01,-4.360084e+00,-1.235206e+01,4.835298e-02,0,6.139597e-01,5.726192e-05,-2.904221e+00,3.041147e-01,-1.981201e+00,-7.109602e-01,1.605688e+00,-1.108204e+00,2.917577e+00,-1.439138e-01,1.342536e+00,5.690912e-01,2.161422e+00,1.999186e+00,1.396192e-02,0,-4.895892e-02
1.740612e-03,-1.063448e+01,-2.064899e+00,-1.279083e+01,-6.915934e+00,4.913539e+00,-4.163734e+00,-8.508522e-01,4.403585e+00,1.477786e+01,1.412314e+01,-7.404307e-01,-8.495439e+00,6.497432e-02,0,6.019916e-01,2.705719e-04,-2.624404e+00,-5.750335e-01,-2.029454e+00,-2.379929e+00,-2.899585e-01,-1.692942e+00,-4.561655e-01,2.554506e-01,-9.185249e-01,3.676508e-01,2.323131e+00,2.608925e+00,1.701420e-02,0,-1.052822e-01
2.115308e-03,-1.297476e+01,-2.734967e+00,-1.478698e+01,-1.114372e+01,3.527455e+00,-7.120986e+00,-2.787558e+00,4.949412e+00,1.111653e+01,1.436905e+01,1.476690e+00,-6.226152e+00,8.915079e-02,0,4.059326e-01,2.735764e-04,-1.378900e+00,-9.588852e-01,-1.636669e+00,-3.097962e+00,-1.598923e+00,-1.800344e+00,-1.967223e+00,-1.334615e-01,-2.152218e+00,-2.316122e-01,9.294327e-01,2.276237e+00,1.480810e-02,0,-1.258447e-01
2.676767e-03,-1.391212e+01,-3.869820e+00,-1.647064e+01,-1.521212e+01,5.926504e-01,-8.807873e+00,-7.075395e+00,3.720371e+00,7.965591e+00,1.407308e+01,2.671534e+00,-3.941383e+00,1.018435e-01,0,2.010888e-01,9.486133e-05,2.003365e-01,-1.333974e+00,-9.879212e-01,-3.089046e+00,-2.256436e+00,-7.275844e-01,-1.785745e+00,7.249846e-02,-1.475509e+00,-1.781157e-01,-7.419268e-01,1.536129e+00,3.898459e-03,0,-5.945773e-02
2.511265e-03,-1.239314e+01,-5.166557e+00,-1.696861e+01,-1.744542e+01,-1.333253e+00,-9.217338e+00,-7.439660e+00,3.106822e+00,6.798229e+00,1.171141e+01,-1.418903e+00,-3.247905e+00,1.039589e-01,0,1.851876e-01,-2.498356e-04,1.450202e+00,-1.646774e+00,-3.954729e-01,-1.996131e+00,-1.892637e+00,7.980561e-01,-5.133295e-01,7.263265e-01,3.078014e-01,6.411831e-01,-1.889811e+00,2.816935e-01,-9.791477e-03,0,6.786616e-02
2.016940e-03,-9.923609e+00,-7.518976e+00,-1.663963e+01,-1.921032e+01,-3.938288e+00,-6.753481e+00,-7.453526e+00,5.687372e+00,9.559464e+00,1.456138e+01,-3.002269e+00,-2.303918e+00,7.706255e-02,0,4.150755e-01,-4.520840e-04,1.759487e+00,-1.783105e+00,-4.227238e-02,-9.319910e-01,-1.047990e+00,2.079440e+00,4.047448e-01,1.899925e+00,1.693242e+00,1.348638e+00,-2.233852e+00,-1.412612e+00,-1.825325e-02,0,1.448413e-01
1.196043e-03,-7.718009e+00,-9.144257e+00,-1.667986e+01,-1.912527e+01,-3.670263e+00,-4.157902e+00,-5.165141e+00,7.597543e+00,1.185860e+01,1.733081e+01,-5.135465e+00,-5.636418e+00,5.258386e-02,0,6.382701e-01,-3.910063e-04,1.113132e+00,-1.541358e+00,5.842151e-02,1.105810e-01,-1.814986e-01,2.531268e+00,4.965252e-01,2.371702e+00,1.721147e+00,1.380772e+00,-2.172275e+00,-3.057132e+00,-1.779994e-02,0,8.510350e-02
1.073958e-03,-7.452251e+00,-1.079649e+01,-1.682638e+01,-1.903214e+01,-3.478793e+00,-9.403903e-01,-6.188931e+00,1.097464e+01,1.390161e+01,1.800657e+01,-6.639446e+00,-9.810185e+00,3.626473e-02,0,6.987538e-01,-2.268703e-04,2.889936e-01,-1.041833e+00,9.132157e-02,6.253158e-01,2.256082e-01,1.787711e+00,3.367087e-01,2.193812e+00,1.028438e+00,2.367527e-01,-1.915132e+00,-3.363329e+00,-9.942581e-03,0,-5.082122e-02
1.027724e-03,-8.063159e+00,-1.123459e+01,-1.658312e+01,-1.698160e+01,-2.470494e+00,5.324588e-01,-5.589331e+00,1.232170e+01,1.323289e+01,1.689268e+01,-1.046169e+01,-1.478043e+01,3.535812e-02,0,4.688660e-01,-8.425229e-05,-1.412515e-01,-5.889859e-01,3.327435e-01,5.471939e-01,4.541302e-02,5.184116e-01,2.113302e-01,1.549796e+00,-4.332142e-02,-1.026765e-01,-7.658720e-01,-1.647190e+00,-3.838017e-03,0,-1.729623e-01
9.667480e-04,-8.306066e+00,-1.168297e+01,-1.623138e+01,-1.715557e+01,-3.410132e+00,-1.601050e-01,-5.557887e+00,1.429436e+01,1.401451e+01,1.596421e+01,-9.914819e+00,-1.454856e+01,3.596253e-02,0,2.456714e-01,-8.209138e-05,1.166186e-02,-1.838497e-01,4.024543e-01,1.955906e-01,-5.672650e-02,-5.859738e-01,1.065713e-01,6.061398e-01,-2.184683e-01,-5.551720e-02,7.049571e-01,4.507440e-01,-8.461770e-04,0,-1.866374e-01
8.283865e-04,-7.997359e+00,-1.164595e+01,-1.531364e+01,-1.732759e+01,-3.477528e+00,-1.955986e+00,-4.424012e+00,1.368666e+01,1.158555e+01,1.783861e+01,-7.327139e+00,-1.150318e+01,3.354488e-02,0,0,-3.737376e-05,1.134596e-01,6.521865e-01,8.908011e-01,3.366409e-01,3.987408e-02,-1.062725e+00,-1.778210e-01,-2.410003e-01,-2.008556e-01,-6.580388e-01,1.916111e+00,2.243679e+00,3.626473e-04,0,-1.183403e-01
7.631700e-04,-7.426842e+00,-1.151006e+01,-1.544885e+01,-1.788120e+01,-3.258908e+00,-2.626037e+00,-6.238734e+00,1.332285e+01,1.363294e+01,1.725602e+01,-4.681934e+00,-9.195091e+00,3.294047e-02,0,0,6.799628e-05,1.164297e-01,2.078058e+00,1.289329e+00,1.035571e+00,8.614809e-01,-8.779933e-01,-3.749111e-01,-1.422733e+00,-3.493814e-01,-2.083808e+00,1.745122e+00,2.777937e+00,2.326988e-03,0,-1.173644e-02
9.426447e-04,-7.935473e+00,-8.060111e+00,-1.252038e+01,-1.493559e+01,-2.346735e+00,-3.548201e+00,-6.138012e+00,1.160245e+01,1.241940e+01,1.295658e+01,-3.497574e+00,-6.238770e+00,3.868238e-02,0,0,2.171295e-04,2.818684e-01,3.119379e+00,1.300573e+00,1.088675e+00,1.581390e+00,-3.926499e-01,-1.132179e+00,-2.508391e+00,-1.510056e+00,-2.611842e+00,1.142797e+00,2.720688e+00,3.686915e-03,1.445981e+01,1.070968e-01
1.249600e-03,-7.754860e+00,-3.085599e+00,-1.118137e+01,-1.317372e+01,3.318760e-01,-3.753964e+00,-6.575442e+00,8.222798e+00,1.185068e+01,7.986185e+00,-3.103992e+00,-3.291077e+00,4.502871e-02,0,1.869892e-01,3.440574e-04,7.260946e-01,3.045410e+00,5.101268e-01,-7.840195e-02,1.719528e+00,3.813770e-01,-2.228241e+00,-2.832687e+00,-3.841078e+00,-9.535178e-01,6.260716e-01,2.148186e+00,1.087942e-03,3.604006e+01,1.849633e-01
1.670819e-03,-6.424008e+00,-2.612862e-01,-1.094452e+01,-1.423795e+01,2.634029e+00,-3.355272e+00,-9.916555e+00,3.694736e+00,4.926401e+00,9.414317e+00,-2.402124e+00,-8.517482e-01,4.593533e-02,7.229903e+01,4.419896e-01,4.386310e-04,1.043612e+00,1.520250e+00,-1.060242e+00,-2.184855e+00,1.097737e+00,1.847535e+00,-3.420610e+00,-1.777925e+00,-5.425603e+00,1.784743e+00,4.968308e-01,7.987925e-01,-3.324268e-03,5.742401e+01,2.074318e-01
2.119370e-03,-4.552101e+00,-1.824249e-01,-1.368615e+01,-1.862202e+01,2.848350e+00,-8.156157e-01,-1.549067e+01,3.113275e+00,-1.825948e+00,1.425956e+01,-2.099301e+00,-1.147672e+00,3.475370e-02,1.440508e+02,7.038216e-01,5.258921e-04,6.529394e-01,8.876912e-02,-1.921063e+00,-3.360680e+00,-1.575878e-01,3.260194e+00,-3.302991e+00,-3.367779e-01,-5.906817e+00,3.120966e+00,6.379687e-01,-5.346538e-01,-5.560593e-03,5.679958e+01,1.526244e-01
2.700915e-03,-4.318792e+00,-1.910450e+00,-1.656920e+01,-2.313571e+01,1.883713e+00,4.220302e+00,-1.878345e+01,5.267582e+00,-7.870306e+00,1.874361e+01,-1.515766e+00,-3.316509e+00,2.719855e-02,2.150947e+02,7.787428e-01,5.755082e-04,-4.741483e-02,-5.773092e-01,-2.122424e+00,-3.316602e+00,-8.903669e-01,3.717057e+00,-2.076234e+00,7.147776e-01,-4.128762e+00,2.158490e+00,5.440605e-01,-1.120788e+00,-3.354487e-03,3.426830e+01,7.718222e-02
3.364013e-03,-5.542771e+00,-1.817172e+00,-1.797434e+01,-2.552824e+01,-8.090504e-02,8.759218e+00,-1.865695e+01,5.752485e+00,-1.128505e+01,1.892637e+01,-3.573280e-01,-4.731966e+00,2.659414e-02,2.126001e+02,7.817345e-01,6.086762e-04,-4.847794e-01,-5.529840e-01,-1.647894e+00,-2.524480e+00,-1.148608e+00,3.133789e+00,-4.126192e-01,9.302403e-01,-2.080394e+00,-3.913727e-02,8.201696e-01,-7.082984e-01,1.148383e-03,1.188144e+01,1.959350e-02
3.926038e-03,-6.165747e+00,-2.330459e+00,-1.941254e+01,-2.736785e+01,-3.531784e-01,1.044260e+01,-1.871458e+01,5.949018e+00,-1.098786e+01,1.787336e+01,-5.528085e-01,-4.663541e+00,3.324267e-02,2.093659e+02,7.889443e-01,5.771499e-04,-2.840119e-01,-2.854080e-01,-1.141556e+00,-1.885591e+00,-1.113083e+00,1.756148e+00,3.528166e-01,8.951912e-01,-2.917044e-01,-2.274731e+00,1.140135e+00,2.485209e-02,3.445149e-03,-2.941910e+00,4.991591e-03
4.550189e-03,-6.052521e+00,-2.737340e+00,-2.050395e+01,-2.912835e+01,-1.776247e+00,1.174218e+01,-1.758820e+01,7.423758e+00,-1.066914e+01,1.449900e+01,1.520068e+00,-4.015648e+00,3.747356e-02,2.063224e+02,7.966883e-01,6.223280e-04,-2.041798e-02,-2.533432e-01,-9.128987e-01,-1.675486e+00,-1.111838e+00,7.578855e-01,5.774820e-01,1.076848e+00,4.391274e-01,-3.326440e+00,1.634850e+00,3.701757e-01,2.508310e-03,-3.348305e+00,2.679706e-03
4.993576e-03,-5.483977e+00,-2.877405e+00,-2.101217e+01,-3.076361e+01,-2.834032e+00,1.150956e+01,-1.755374e+01,8.907902e+00,-9.636782e+00,9.583637e+00,3.246212e+00,-3.550408e+00,3.898459e-02,2.035240e+02,7.962238e-01,7.588075e-04,-1.035077e-01,-3.685067e-01,-8.021997e-01,-1.669392e+00,-1.445016e+00,4.057970e-02,2.846275e-01,1.169736e+00,6.974846e-01,-3.410196e+00,1.935371e+00,7.822035e-01,-5.439710e-04,-3.995566e+00,-4.961550e-04
5.941884e-03,-5.985746e+00,-2.810415e+00,-2.173901e+01,-3.220779e+01,-4.399665e+00,1.201516e+01,-1.634996e+01,9.657283e+00,-9.764951e+00,6.439032e+00,5.917410e+00,-3.437654e+00,3.626473e-02,1.987795e+02,7.914932e-01,8.340830e-04,-2.387534e-01,-4.851978e-01,-5.519520e-01,-1.423357e+00,-1.180413e+00,-2.861374e-01,2.916355e-02,1.226168e+00,9.773556e-01,-2.484078e+00,1.665367e+00,1.231649e+00,-2.901178e-03,-4.956014e+00,-3.163040e-04
7.024229e-03,-6.716673e+00,-4.136455e+00,-2.280601e+01,-3.417509e+01,-6.266548e+00,1.050900e+01,-1.791056e+01,1.068094e+01,-7.952530e+00,4.852367e+00,6.925377e+00,-1.041520e+00,3.112723e-02,1.931595e+02,7.890611e-01,6.580985e-04,-1.075384e-01,-4.252249e-01,-3.935757e-02,-8.506950e-01,-6.525394e-01,4.066505e-02,-3.520565e-02,1.224246e+00,1.287644e+00,-1.212081e+00,1.356212e+00,1.245193e+00,-3.535811e-03,-5.349466e+00,1.411408e-03
7.705278e-03,-6.629940e+00,-4.533804e+00,-2.236679e+01,-3.453940e+01,-5.962053e+00,1.081177e+01,-1.726397e+01,1.266808e+01,-6.624489e+00,4.444245e+00,8.007321e+00,8.881519e-01,2.689634e-02,1.867246e+02,7.986882e-01,2.322627e-04,3.275496e-01,-2.254314e-01,5.844008e-01,-3.693810e-01,2.190929e-02,4.448365e-01,-3.360043e-02,1.090996e+00,1.308594e+00,-2.752166e-01,1.015854e+00,8.131391e-01,-1.964340e-03,-4.775714e+00,1.967364e-03
7.402372e-03,-5.699572e+00,-4.141835e+00,-2.089507e+01,-3.385128e+01,-5.315535e+00,1.231458e+01,-1.727277e+01,1.352374e+01,-4.768795e+00,4.520624e+00,8.982315e+00,5.126565e-01,2.598973e-02,1.828041e+02,7.996834e-01,-1.388179e-04,5.492245e-01,1.272565e-01,9.387928e-01,1.901512e-02,2.721860e-01,1.167594e+00,1.925516e-01,7.834366e-01,7.033009e-01,1.103719e-01,7.288758e-01,-9.649005e-02,5.741917e-04,2.173819e+00,-4.809326e-03
6.914126e-03,-4.856548e+00,-3.934881e+00,-1.977248e+01,-3.421660e+01,-4.765625e+00,1.333656e+01,-1.683686e+01,1.369086e+01,-4.813849e+00,5.228820e+00,9.968213e+00,-1.490469e-01,2.901179e-02,1.800786e+02,7.960189e-01,-2.932992e-04,4.912497e-01,2.543232e-02,6.631279e-01,-6.354370e-02,-1.391686e-01,1.090605e+00,-9.912147e-02,2.416248e-01,-6.364443e-01,-1.129196e-01,2.905374e-01,-3.699618e-01,2.931399e-03,1.703267e+01,-1.202555e-02
6.725715e-03,-4.857246e+00,-3.799634e+00,-1.940920e+01,-3.424141e+01,-5.503832e+00,1.508458e+01,-1.716136e+01,1.408673e+01,-5.341345e+00,5.011939e+00,9.589311e+00,-1.005371e+00,3.294047e-02,2.073515e+02,7.663491e-01,-3.821697e-04,5.287019e-01,5.279100e-02,5.171825e-01,1.150009e-01,-8.140750e-02,7.920539e-01,-4.646322e-01,-4.527536e-01,-1.947210e+00,-3.156331e-01,-2.408228e-01,-1.809542e-01,3.686914e-03,3.362324e+01,-1.633731e-02
6.577110e-03,-4.594854e+00,-4.577743e+00,-1.979409e+01,-3.466205e+01,-6.563747e+00,1.487980e+01,-1.781528e+01,1.359471e+01,-9.520435e+00,3.633989e+00,9.156510e+00,-2.026433e-01,3.807797e-02,2.596142e+02,7.552276e-01,-6.498321e-04,6.836104e-01,1.523118e-01,5.357696e-01,2.964508e-01,-1.078183e-01,4.195089e-01,-8.055754e-01,-1.497874e+00,-2.304594e+00,-5.274824e-01,-9.114923e-01,-3.168659e-01,3.052282e-03,2.979639e+01,-1.196018e-02
5.660031e-03,-3.186910e+00,-3.556449e+00,-1.829836e+01,-3.305355e+01,-4.823512e+00,1.550323e+01,-1.910672e+01,1.130804e+01,-1.215155e+01,3.739874e+00,8.184052e+00,-3.653165e-01,3.989121e-02,3.111525e+02,7.383925e-01,-9.857009e-04,9.746552e-01,5.197822e-01,7.891804e-01,4.924107e-01,-2.219709e-01,2.541351e-03,-9.341087e-01,-2.320425e+00,-1.226941e+00,3.187311e-01,-1.324669e+00,-7.978607e-01,1.178604e-03,3.873206e+00,-4.069954e-03
4.197808e-03,-2.273664e+00,-3.294915e+00,-1.764905e+01,-3.332828e+01,-5.644877e+00,1.522478e+01,-1.989206e+01,7.590837e+00,-1.293172e+01,3.227441e+00,6.113380e+00,-2.053404e+00,4.079783e-02,2.771601e+02,7.501963e-01,-1.110714e-03,9.642324e-01,7.349533e-01,8.448351e-01,7.328304e-01,-7.896188e-01,6.196880e-03,-4.300102e-01,-2.167603e+00,5.067121e-01,1.416319e+00,-1.656933e+00,-1.345299e+00,-9.066187e-04,-2.976175e+01,-7.474780e-04
2.986862e-03,-1.144565e+00,-1.842137e+00,-1.653582e+01,-3.244625e+01,-7.073122e+00,1.492480e+01,-2.079351e+01,5.486539e+00,-9.770411e+00,6.808868e+00,4.487528e+00,-4.069294e+00,3.747356e-02,2.179447e+02,7.485150e-01,-8.782344e-04,6.532459e-01,4.443873e-01,5.049343e-01,8.603132e-01,-1.095250e+00,-3.864014e-01,1.645578e-01,-8.959955e-01,1.609310e+00,2.196686e+00,-1.446192e+00,-1.035353e+00,-2.055001e-03,-4.347509e+01,-3.309113e-03
2.360125e-03,-7.948639e-01,-1.760132e+00,-1.645118e+01,-3.130155e+01,-9.387036e+00,1.520000e+01,-1.912193e+01,5.667444e+00,-8.177444e+00,9.181087e+00,2.720109e+00,-5.077152e+00,3.475370e-02,1.574094e+02,7.464290e-01,-4.964845e-04,3.496277e-01,3.688303e-02,3.354321e-02,1.239923e+00,-3.571143e-02,-4.728076e-01,8.120848e-01,6.411160e-01,1.307238e+00,1.844479e+00,-6.833076e-01,-3.602657e-01,-2.296767e-03,-4.171073e+01,-1.190591e-02
2.187700e-03,-6.600808e-01,-2.101904e+00,-1.637262e+01,-2.976535e+01,-8.428679e+00,1.358362e+01,-1.866899e+01,7.789763e+00,-6.482138e+00,1.174648e+01,2.649727e+00,-4.030207e+00,3.263826e-02,1.536524e+02,7.237306e-01,-2.440380e-04,6.205095e-02,-3.460856e-01,-2.373451e-01,1.215952e+00,9.030636e-01,-6.421993e-01,1.216971e+00,1.357281e+00,5.065976e-01,1.382950e-01,1.288639e-01,-1.773439e-01,-1.148383e-03,-3.923569e+01,-1.521988e-02
2.114966e-03,-7.677679e-01,-2.980616e+00,-1.756294e+01,-2.846911e+01,-5.145655e+00,1.353133e+01,-1.689390e+01,9.644805e+00,-8.039664e+00,9.981029e+00,3.615743e+00,-3.874276e+00,3.173164e-02,1.007525e+02,7.030589e-01,-1.508003e-04,6.484600e-02,-3.043524e-01,-6.781407e-02,9.810143e-01,1.405456e+00,-4.463110e-01,1.036275e+00,9.371090e-01,-8.346553e-02,-1.341729e+00,8.553399e-01,-2.271566e-01,-6.044097e-05,-4.183765e+01,-1.139584e-02
1.889252e-03,-8.478585e-01,-2.962323e+00,-1.716667e+01,-2.778271e+01,-4.678494e+00,1.254814e+01,-1.582268e+01,1.028426e+01,-7.306313e+00,7.100372e+00,4.684031e+00,-5.557452e+00,3.324267e-02,5.009465e+01,6.941006e-01,-1.694318e-04,1.319716e-01,-1.376820e-01,4.157179e-01,6.383923e-01,9.874272e-01,-9.151687e-02,9.122132e-01,-1.958122e-01,-2.838759e-01,-1.846186e+00,6.314619e-01,-1.431859e-01,9.670589e-04,-4.080574e+01,-4.924607e-03
1.755347e-03,-3.767451e-01,-2.851685e+00,-1.639323e+01,-2.738780e+01,-4.234848e+00,1.348618e+01,-1.536372e+01,9.105739e+00,-8.182685e+00,4.795494e+00,5.979657e+00,-5.449313e+00,3.414929e-02,0,7.042648e-01,-1.291476e-04,2.264620e-01,7.392550e-02,7.148297e-01,1.356623e-01,4.358592e-01,1.299013e-01,2.382166e-01,-9.689163e-01,-2.373257e-01,-8.401632e-01,2.707736e-01,5.089374e-01,1.390148e-03,1.011998e+01,2.055883e-03
1.520351e-03,-1.957340e-01,-2.854780e+00,-1.487888e+01,-2.711404e+01,-3.946947e+00,1.314861e+01,-1.487301e+01,7.080235e+00,-7.830008e+00,5.108315e+00,4.625080e+00,-3.958618e+00,3.626473e-02,0,6.985046e-01,5.087842e-05,2.220419e-01,1.569639e-01,3.850632e-01,-4.963917e-01,2.505221e-01,2.741236e-01,-2.741674e-01,-1.033935e+00,-6.388204e-01,4.263151e-01,5.470023e-02,1.318133e+00,1.027501e-03,7.798499e+01,1.022538e-02
1.653679e-03,3.847986e-02,-2.664760e+00,-1.513268e+01,-2.812513e+01,-3.332132e+00,1.388060e+01,-1.617764e+01,6.402238e+00,-8.964445e+00,6.776241e+00,4.999086e+00,-2.129006e+00,3.717135e-02,1.763997e+02,7.111363e-01,2.962329e-04,9.918686e-02,2.454809e-01,-3.526505e-01,-1.163615e+00,-6.106086e-02,-6.076736e-02,-9.578208e-01,-3.688981e-01,-8.612439e-01,1.043172e+00,8.888798e-01,1.255632e+00,1.813233e-04,1.408033e+02,2.013473e-02
2.194478e-03,5.473838e-02,-2.270965e+00,-1.587162e+01,-2.989600e+01,-3.877241e+00,1.372154e+01,-1.678655e+01,6.466341e+00,-1.010953e+01,8.241574e+00,5.447817e+00,-6.269388e-01,3.686915e-02,3.518197e+02,7.417917e-01,5.244511e-04,-2.914166e-02,2.405173e-01,-1.141063e+00,-1.032327e+00,-3.776123e-01,-3.340204e-01,-1.096942e+00,2.285417e-01,-1.086552e+00,7.050254e-01,1.768088e+00,7.526227e-01,-1.208824e-03,1.414389e+02,2.643069e-02
2.899448e-03,-6.046951e-03,-1.916187e+00,-1.766011e+01,-3.181490e+01,-4.575005e+00,1.289587e+01,-1.919605e+01,7.568195e+00,-1.134914e+01,8.444726e+00,1.001269e+01,-8.369946e-01,3.475370e-02,5.281064e+02,7.832949e-01,6.204156e-04,-3.070853e-01,-2.610183e-02,-1.361781e+00,-3.541864e-01,-6.448128e-01,-4.793922e-01,-8.641254e-01,7.096198e-01,-8.798994e-01,8.239178e-02,2.105715e+00,-2.242808e-01,-2.115443e-03,9.063106e+01,1.974681e-02
3.519722e-03,-3.191789e-01,-2.026480e+00,-1.932049e+01,-3.043079e+01,-5.213573e+00,1.197087e+01,-1.884852e+01,7.639965e+00,-1.207042e+01,7.799200e+00,1.095872e+01,-8.415105e-01,3.142944e-02,5.313414e+02,7.945787e-01,6.414099e-04,-6.060057e-01,-5.398634e-01,-9.476610e-01,1.336128e-01,-6.855236e-01,-7.146988e-02,-5.263622e-01,9.203440e-01,-4.338154e-01,-4.955508e-01,1.450935e+00,-1.010760e+00,-2.236325e-03,4.086161e+01,4.689515e-03
4.093134e-03,-1.309988e+00,-2.917512e+00,-2.021716e+01,-2.962867e+01,-5.888031e+00,1.235898e+01,-1.946729e+01,9.363525e+00,-1.238350e+01,7.409387e+00,1.277221e+01,-3.143124e+00,2.931399e-02,5.397942e+02,7.834768e-01,5.749891e-04,-8.757938e-01,-8.779950e-01,-1.462711e-01,6.257439e-03,-4.457366e-01,4.741718e-01,-4.920454e-01,1.231315e+00,2.465912e-01,-5.593238e-01,1.969899e-01,-1.603491e+00,-1.511030e-03,8.575763e+00,-6.780767e-03
4.804684e-03,-2.323319e+00,-4.469620e+00,-1.933141e+01,-3.032105e+01,-6.648346e+00,1.363264e+01,-1.928275e+01,1.017040e+01,-1.176143e+01,6.281490e+00,1.132273e+01,-4.527674e+00,2.840737e-02,5.502839e+02,7.651483e-01,3.903243e-04,-6.028554e-01,-7.741510e-01,1.413181e-01,-1.914867e-01,-1.919639e-01,6.374708e-01,-5.811344e-01,1.166823e+00,8.570141e-01,-3.064947e-01,-3.708530e-01,-1.865941e+00,-7.857360e-04,-1.888653e+01,-7.333183e-03
5.131913e-03,-3.382946e+00,-5.084592e+00,-1.838601e+01,-3.183848e+01,-6.086301e+00,1.443585e+01,-2.143917e+01,1.245956e+01,-1.027068e+01,6.406962e+00,1.081563e+01,-7.011370e+00,2.870958e-02,5.615140e+02,7.641063e-01,1.031324e-04,1.097994e-01,-3.414048e-01,-1.375031e-01,4.155159e-01,-1.099717e-01,5.044867e-01,-3.260618e-01,6.608521e-01,1.440953e+00,5.473466e-02,-7.595057e-01,-1.399730e+00,-5.439710e-04,-6.290417e+01,-6.000757e-04
4.951954e-03,-2.296977e+00,-4.813694e+00,-1.952947e+01,-3.028332e+01,-6.074256e+00,1.411979e+01,-2.076825e+01,1.192606e+01,-8.841759e+00,6.767939e+00,1.008274e+01,-8.237092e+00,2.780296e-02,4.260488e+02,7.675981e-01,-1.412983e-04,9.362456e-01,1.603355e-01,-8.133162e-01,1.441795e+00,-1.120824e-01,8.769417e-02,1.560617e-01,5.658751e-02,1.357464e+00,4.280681e-01,-2.170593e-01,-7.839140e-01,-6.648538e-04,-1.084717e+02,4.867995e-03
4.535161e-03,-7.741625e-01,-4.452499e+00,-2.080564e+01,-2.756996e+01,-6.724934e+00,1.463784e+01,-2.035484e+01,1.178995e+01,-6.638573e+00,7.439836e+00,9.594676e+00,-8.287066e+00,2.689634e-02,2.873909e+02,7.792516e-01,-2.003538e-04,1.372108e+00,3.996043e-01,-1.050452e+00,1.920644e+00,-2.287113e-01,-3.102276e-01,5.900410e-01,-4.188868e-01,9.749390e-01,5.891211e-01,1.126089e-01,4.806600e-02,-7.252950e-04,-1.083242e+02,1.960033e-03
4.396569e-03,1.053517e+00,-3.983989e+00,-2.218817e+01,-2.524634e+01,-6.889442e+00,1.397012e+01,-1.904460e+01,1.078814e+01,-6.790164e+00,7.905393e+00,1.084791e+01,-7.809396e+00,2.598972e-02,1.449872e+02,7.819157e-01,-1.736836e-04,1.160880e+00,6.422032e-01,-5.636767e-01,1.459363e+00,-2.394886e-01,-4.540378e-01,5.177397e-01,-1.560629e-01,4.640165e-01,6.708351e-01,7.110901e-02,5.373804e-01,-4.533088e-04,-6.267453e+01,-5.583769e-03
4.407837e-03,1.802346e+00,-3.501424e+00,-2.230891e+01,-2.475375e+01,-6.822265e+00,1.295955e+01,-1.935079e+01,1.093409e+01,-6.421781e+00,8.783840e+00,1.099609e+01,-6.984888e+00,2.598972e-02,1.604238e+02,7.667477e-01,-2.106292e-04,8.187616e-01,8.432256e-01,6.512585e-02,7.846125e-01,-3.274283e-01,-4.901632e-01,3.355490e-01,-2.938668e-01,7.920933e-03,6.802664e-01,-5.893071e-01,9.136029e-01,-1.813235e-04,-1.640863e+01,-1.469715e-02
4.147199e-03,2.219170e+00,-2.078216e+00,-2.159622e+01,-2.439461e+01,-7.223034e+00,1.268875e+01,-1.868158e+01,1.157368e+01,-6.630072e+00,9.450112e+00,9.737581e+00,-6.201279e+00,2.598973e-02,1.761597e+02,7.459312e-01,-3.932695e-04,4.755839e-01,9.504446e-01,7.086328e-01,7.801426e-01,-4.718199e-01,-3.422778e-01,1.579203e-01,-8.328225e-01,-1.758933e-01,9.357721e-01,-1.628976e+00,1.162850e+00,1.208827e-04,8.420204e+00,-1.457223e-02
3.606701e-03,2.736819e+00,-1.189258e+00,-2.077599e+01,-2.407276e+01,-8.195279e+00,1.282771e+01,-1.885861e+01,9.927845e+00,-6.679014e+00,1.006881e+01,7.203306e+00,-4.523110e+00,2.598972e-02,1.897615e+02,7.237580e-01,-5.846753e-04,3.747652e-01,8.811287e-01,1.046721e+00,1.142866e+00,-5.460624e-01,-2.092904e-01,2.020853e-01,-1.917673e+00,-8.945484e-01,6.501001e-01,-2.083589e+00,1.434310e+00,3.626475e-04,-1.450037e+00,-8.938772e-03
2.830789e-03,2.964200e+00,-3.878493e-01,-1.941147e+01,-2.168613e+01,-8.562035e+00,1.232465e+01,-1.850109e+01,7.127144e+00,-7.541014e+00,1.194177e+01,4.599425e+00,-3.226036e+00,2.659414e-02,1.724194e+02,7.305493e-01,-6.713123e-04,2.810013e-01,6.887279e-01,1.390080e+00,1.290386e+00,-1.804372e-01,-2.005577e-03,2.001280e-01,-2.411060e+00,-1.005966e+00,5.041122e-02,-2.100423e+00,1.222061e+00,5.741915e-04,-1.073531e+01,-1.876068e-03
2.142665e-03,3.303657e+00,5.903620e-02,-1.816768e+01,-2.039366e+01,-8.883077e+00,1.209514e+01,-1.843061e+01,3.568989e+00,-1.043905e+01,1.078851e+01,3.147221e+00,-1.300962e+00,2.750076e-02,1.550438e+02,7.297447e-01,-6.137719e-04,2.017176e-01,6.639717e-01,1.879821e+00,1.127940e+00,7.211834e-01,6.129407e-01,6.719216e-01,-2.081805e+00,-4.053752e-01,-5.604189e-01,-1.303619e+00,5.207079e-01,2.719857e-04,-1.316162e+01,-1.118320e-03
1.522655e-03,3.340758e+00,7.412767e-01,-1.594997e+01,-1.978223e+01,-7.781321e+00,1.304500e+01,-1.789494e+01,2.697809e+00,-9.779884e+00,9.342317e+00,1.263511e+00,-1.702047e+00,2.810517e-02,1.398421e+02,7.335575e-01,-4.613998e-04,2.770313e-01,7.409041e-01,2.385485e+00,8.652603e-01,1.681243e+00,1.176221e+00,1.016167e+00,-1.422005e+00,1.174418e+00,-4.347577e-01,-4.885824e-01,-4.553536e-01,-3.324268e-04,-1.721141e+01,-5.194141e-02
1.191908e-03,3.557128e+00,1.566038e+00,-1.310763e+01,-1.938501e+01,-4.979719e+00,1.553223e+01,-1.580208e+01,1.733486e+00,-7.586454e+00,8.566441e+00,2.353167e+00,-2.681566e+00,2.659414e-02,1.402421e+02,7.166623e-01,-2.986003e-04,3.521544e-01,7.533578e-01,2.621681e+00,1.044384e+00,2.599498e+00,1.778825e+00,1.587715e+00,-8.534341e-01,2.077239e+00,5.405948e-01,1.985867e-01,-1.393482e+00,-1.178604e-03,-2.623622e+01,-1.246607e-01
9.991686e-04,4.222621e+00,2.563170e+00,-1.001407e+01,-1.786415e+01,-2.107501e+00,1.648720e+01,-1.473452e+01,9.348702e-01,-3.095221e+00,1.087902e+01,2.553540e+00,-4.812502e+00,2.538531e-02,9.376321e+01,4.773835e-01,-1.743622e-04,4.091361e-01,6.924648e-01,2.356103e+00,1.347273e+00,2.555680e+00,1.551620e+00,1.948657e+00,-6.232352e-01,1.275252e+00,9.396167e-01,5.994017e-01,-1.512122e+00,-1.329707e-03,-3.730241e+01,-1.949249e-01
9.114068e-04,4.623497e+00,2.914878e+00,-8.027227e+00,-1.613078e+01,1.277503e+00,1.926817e+01,-1.207224e+01,1.832877e-01,-3.395190e+00,1.272314e+01,3.495140e+00,-6.713146e+00,2.296766e-02,4.690211e+01,2.345281e-01,-1.097186e-04,2.702944e-01,5.837823e-01,1.633740e+00,1.395672e+00,1.591110e+00,9.591770e-01,2.425495e+00,-2.198303e-01,-5.060843e-01,7.212077e-01,9.916583e-01,-1.404029e+00,-1.299486e-03,-3.742473e+01,-1.910708e-01
7.910947e-04,4.853253e+00,3.529181e+00,-6.709652e+00,-1.467297e+01,1.868466e+00,1.893513e+01,-1.001657e+01,3.567326e-01,-5.499256e+00,1.196205e+01,3.689533e+00,-7.246865e+00,2.326987e-02,0,0,-6.419756e-05,5.840283e-02,4.611145e-01,9.448198e-01,1.269029e+00,-2.748026e-01,1.272772e-01,2.860662e+00,2.964160e-01,-1.619336e+00,-8.085880e-02,1.398946e+00,-1.362092e+00,-7.857356e-04,-2.344285e+01,-1.189295e-01
7.473521e-04,4.593284e+00,4.001944e+00,-6.591142e+00,-1.400224e+01,9.878500e-01,1.910415e+01,-6.033576e+00,9.234030e-01,-8.914859e+00,1.163096e+01,6.743462e+00,-8.484530e+00,2.115443e-02,0,0,-2.065183e-05,-7.743344e-02,3.015406e-01,4.424427e-01,9.951639e-01,-1.857201e+00,-4.108929e-01,2.773765e+00,7.195405e-01,-1.400766e+00,-4.305397e-01,1.293519e+00,-1.753929e+00,-4.533090e-04,-9.380423e+00,-4.690563e-02
7.602081e-04,4.529742e+00,4.325210e+00,-6.008013e+00,-1.258327e+01,-3.336687e+00,1.720560e+01,-3.450545e+00,2.046893e+00,-8.432067e+00,1.102081e+01,7.924110e+00,-1.073727e+01,2.236325e-02,0,0,8.990470e-06,-1.021388e-01,6.234140e-02,6.959228e-02,1.162589e+00,-2.282773e+00,-1.986313e-01,2.221757e+00,5.049254e-01,-5.316888e-01,-4.484726e-01,4.585450e-01,-2.134274e+00,-6.044119e-04,0,0
8.235909e-04,4.398086e+00,4.024566e+00,-6.165833e+00,-1.219981e+01,-5.405927e+00,1.807847e+01,-1.486430e+00,2.935910e+00,-8.932612e+00,1.104106e+01,7.845446e+00,-1.373759e+01,2.115443e-02,0,0,3.484695e-06,-8.123884e-02,5.308690e-02,-1.306177e-01,1.523700e+00,-1.646206e+00,1.540775e-02,1.332658e+00,-6.662394e-02,-3.584519e-01,-7.469567e-01,-6.209015e-01,-1.689702e+00,-1.057722e-03,0,0
7.979276e-04,4.440158e+00,3.829576e+00,-6.574345e+00,-9.761243e+00,-6.348514e+00,1.845482e+01,-1.181358e+00,1.875106e+00,-8.148823e+00,1.001464e+01,5.431265e+00,-1.529171e+01,2.024781e-02,0,0,-2.304837e-05,-6.262569e-02,1.302573e-01,-8.942690e-02,1.620896e+00,-6.235639e-01,1.316544e-01,7.948164e-01,-6.418046e-01,-6.612936e-01,-1.104049e+00,-9.763727e-01,-5.785186e-01,-1.813237e-03,0,0
7.459158e-04,4.231882e+00,4.515195e+00,-6.961065e+00,-7.794754e+00,-5.737264e+00,1.855658e+01,-5.048819e-01,6.761765e-01,-1.084874e+01,8.399262e+00,4.885376e+00,-1.465582e+01,1.692354e-02,0,0,-3.718738e-05,5.857820e-02,3.026423e-01,8.957586e-02,1.224075e+00,-1.586287e-01,-1.489153e-01,4.464869e-01,-6.997037e-01,-5.500190e-01,-1.493418e+00,-6.670071e-01,6.815125e-01,-1.511031e-03,0,0
6.838038e-04,4.299716e+00,4.731182e+00,-6.057532e+00,-6.681324e+00,-6.288838e+00,1.762481e+01,3.276269e-02,-3.226366e-02,-1.078047e+01,6.821463e+00,4.522281e+00,-1.317074e+01,1.541251e-02,0,0,-2.415408e-05,2.112386e-01,3.931302e-01,1.827659e-01,3.683909e-01,1.798291e-01,-7.162712e-01,3.225415e-01,-4.896443e-01,1.761802e-01,-1.021181e+00,1.739480e-01,1.110229e+00,-6.950742e-04,0,0
6.947159e-04,4.761199e+00,5.086975e+00,-5.976360e+00,-7.619398e+00,-6.228909e+00,1.774890e+01,1.389440e-01,3.910767e-01,-1.036688e+01,5.170557e+00,4.964902e+00,-1.139051e+01,1.601692e-02,0,0,1.245644e-09,4.039323e-01,4.445244e-01,-3.133888e-02,-2.418606e-01,2.966269e-01,-1.019191e+00,-1.572005e-02,-5.803539e-01,1.384094e+00,1.547817e-01,6.272559e-01,7.020933e-01,3.626476e-04,0,0
7.027572e-04,5.231693e+00,5.509338e+00,-6.152868e+00,-8.006967e+00,-5.203547e+00,1.527730e+01,1.094359e-01,-4.305652e-01,-7.508851e+00,6.523088e+00,6.261242e+00,-1.137322e+01,1.722575e-02,0,0,1.018189e-05,3.335931e-01,5.590566e-01,-1.041611e-01,-3.609762e-01,2.520739e-01,-1.347096e+00,9.803833e-02,-5.136164e-01,1.462954e+00,1.460924e+00,6.021385e-01,1.649179e-01,3.626473e-04,0,0
7.364454e-04,5.785554e+00,6.348740e+00,-7.070091e+00,-8.341235e+00,-4.796775e+00,1.463438e+01,-6.218188e-01,-2.026442e+00,-5.564084e+00,9.322358e+00,7.152175e+00,-1.204412e+01,1.783016e-02,0,0,-2.404093e-07,1.503293e-01,4.564758e-01,7.934723e-02,-1.627956e-01,1.637626e-02,-1.022749e+00,2.417786e-01,-3.667201e-01,6.408998e-01,1.964465e+00,1.738466e-01,-2.743537e-01,-3.324267e-04,0,0
7.138485e-04,5.455503e+00,6.895583e+00,-6.031472e+00,-8.125286e+00,-5.744535e+00,1.244659e+01,9.033358e-01,-1.391586e+00,-5.867101e+00,1.205018e+01,6.439337e+00,-1.201935e+01,1.631913e-02,0,0,-1.372787e-05,-6.704855e-03,1.637353e-01,1.790393e-01,-1.010749e-01,-1.644504e-01,-1.358413e-01,3.270551e-01,9.229500e-02,-4.986590e-01,1.232939e+00,-6.059769e-01,-2.311802e-03,-1.027501e-03,0,0
6.879682e-04,5.400940e+00,6.676231e+00,-5.640322e+00,-8.374216e+00,-5.876533e+00,1.405051e+01,9.508869e-01,-9.620133e-01,-7.983259e+00,1.222934e+01,5.745088e+00,-1.243921e+01,1.480810e-02,0,0,-2.223909e-05,9.326076e-03,-2.066569e-01,1.466160e-02,-1.642682e-01,2.587958e-01,4.534539e-01,3.343409e-02,6.667308e-01,-8.809990e-01,-6.594000e-02,-1.014661e+00,-5.429564e-02,-1.299487e-03,0,0
6.583564e-04,5.390476e+00,6.164268e+00,-5.972556e+00,-8.495851e+00,-5.485919e+00,1.489003e+01,9.583583e-01,-5.013047e-01,-8.792558e+00,1.123429e+01,3.934901e+00,-1.118723e+01,1.359927e-02,0,0,-1.165159e-05,1.898967e-01,-4.268779e-01,-3.652986e-01,-3.236190e-01,6.168348e-01,7.365901e-01,-2.095575e-01,9.905660e-01,-1.969867e-01,-1.383321e+00,-1.308718e+00,2.475419e-01,-1.299486e-03,0,0
6.529960e-04,5.864698e+00,5.681112e+00,-7.026241e+00,-8.977294e+00,-3.632104e+00,1.567993e+01,-4.821596e-01,8.620706e-01,-8.506351e+00,9.400602e+00,3.331090e+00,-1.273166e+01,1.269266e-02,0,0,-5.723361e-06,2.829387e-01,-2.761850e-01,-3.430425e-01,-4.221941e-01,1.002628e+00,6.934471e-02,8.832607e-02,1.358855e+00,2.346630e-01,-2.146041e+00,-1.390123e+00,1.154102e-01,-1.239045e-03,0,0
6.730767e-04,6.173107e+00,5.258753e+00,-7.165005e+00,-9.441842e+00,-3.782576e+00,1.531483e+01,5.720717e-01,2.649202e+00,-6.590489e+00,6.547944e+00,1.102747e+00,-1.063542e+01,1.087942e-02,0,0,-3.584596e-06,3.016713e-01,-5.297441e-02,-3.129482e-02,-3.528225e-01,1.239029e+00,-6.288177e-01,7.187479e-01,1.302647e+00,4.359728e-01,-2.577734e+00,-1.346546e+00,-2.150089e-01,-7.555151e-04,0,0
6.519912e-04,6.424318e+00,5.748064e+00,-6.759310e+00,-1.001219e+01,-1.715068e+00,1.418483e+01,1.585661e+00,4.257008e+00,-7.910978e+00,3.842307e+00,2.105486e-01,-1.213807e+01,9.972801e-03,0,0,-8.920079e-06,4.609947e-02,2.040434e-01,5.020087e-01,-6.071770e-01,1.572385e+00,-1.096719e+00,8.637430e-01,5.186146e-01,2.608829e-01,-2.456413e+00,-1.297027e+00,2.543136e-01,3.324267e-04,0,0
6.409358e-04,6.619022e+00,5.865921e+00,-6.262496e+00,-9.742515e+00,-2.492912e-01,1.249349e+01,3.518188e+00,4.314462e+00,-6.910380e+00,1.124770e+00,-1.237557e+00,-1.255907e+01,1.118163e-02,0,0,3.142440e-05,-3.771860e-01,2.887573e-01,1.019101e+00,-2.052421e+00,1.276851e+00,-1.455661e+00,-3.991825e-01,9.067738e-02,2.284932e-01,-2.060544e+00,-1.046158e+00,8.980568e-01,1.692354e-03,0,4.563585e-02
6.244660e-04,5.872238e+00,6.397746e+00,-4.967453e+00,-1.186284e+01,2.463177e+00,1.160700e+01,2.363497e+00,2.622514e+00,-7.041991e+00,-1.698749e-01,-1.983892e+00,-1.049826e+01,1.420369e-02,0,0,1.876787e-04,-8.448741e-01,2.167521e-01,1.207696e+00,-4.676002e+00,-6.246867e-02,-1.419926e+00,-2.532741e+00,9.516954e-04,5.852966e-01,-1.511747e+00,-9.928535e-01,2.494020e+00,2.659414e-03,9.676695e+00,1.181146e-01
8.439613e-04,4.563217e+00,6.377698e+00,-2.965427e+00,-1.877862e+01,5.125560e-01,9.325440e+00,-1.812759e+00,3.919836e+00,-5.882517e+00,-1.748688e+00,-3.030822e+00,-6.965034e+00,1.722575e-02,0,2.281792e-01,4.572410e-04,-1.053778e+00,1.033836e-01,6.545350e-01,-7.069739e+00,-1.735986e+00,-1.187010e+00,-4.601793e+00,7.477735e-01,7.758221e-01,-7.879454e-01,-7.119200e-01,2.844578e+00,3.022061e-03,2.436444e+01,1.934053e-01
1.488872e-03,3.227850e+00,6.575935e+00,-2.369362e+00,-2.887415e+01,-2.408334e+00,8.669230e+00,-8.412572e+00,4.459080e+00,-5.498427e+00,-2.279701e+00,-3.857087e+00,-2.464985e+00,2.024781e-02,4.838347e+01,4.764833e-01,7.171733e-04,-8.273743e-01,-2.136435e-01,-4.654439e-01,-7.104338e+00,-2.987728e+00,-5.954844e-01,-4.680093e+00,1.696414e+00,1.086044e+00,-4.660196e-01,-4.597994e-01,2.171240e+00,2.961620e-03,3.906342e+01,2.017397e-01
2.494938e-03,2.672328e+00,6.293744e+00,-4.288866e+00,-3.658556e+01,-6.493468e+00,8.027331e+00,-1.410274e+01,7.135046e+00,-3.803051e+00,-1.760045e+00,-3.860560e+00,-2.352819e+00,2.326987e-02,9.763049e+01,7.287847e-01,8.140200e-04,-4.202839e-01,-5.315167e-01,-1.439672e+00,-4.853069e+00,-2.746649e+00,2.228143e-01,-3.145260e+00,2.322823e+00,9.415703e-01,-5.097464e-01,4.617644e-03,9.207557e-01,3.173164e-03,3.905674e+01,1.361742e-01
3.384844e-03,2.680812e+00,5.371506e+00,-6.632953e+00,-3.848106e+01,-8.972449e+00,9.278636e+00,-1.489198e+01,9.496978e+00,-2.651503e+00,-2.494294e+00,-3.868020e+00,-1.948168e+00,2.598973e-02,1.465018e+02,7.583960e-01,7.376540e-04,-9.603953e-02,-1.083653e+00,-1.481384e+00,-1.998116e+00,-1.718897e+00,2.930483e-01,-7.137219e-01,2.996077e+00,4.397646e-01,-1.168649e+00,2.023190e-01,-1.821170e-02,3.475370e-03,2.425117e+01,6.345014e-02
3.966075e-03,2.735317e+00,4.322330e+00,-8.031991e+00,-3.824051e+01,-9.938630e+00,1.013481e+01,-1.429936e+01,1.301500e+01,-2.598127e+00,-4.190123e+00,-3.002267e+00,-2.619664e+00,3.022061e-02,1.462245e+02,7.680939e-01,6.924647e-04,-1.895679e-01,-1.502603e+00,-1.185225e+00,-3.550037e-01,-9.990053e-02,3.755579e-02,7.738301e-01,2.893012e+00,-1.944621e-01,-1.802078e+00,1.188266e-01,1.138810e-02,3.777576e-03,9.314222e+00,1.051429e-02
4.441574e-03,2.716158e+00,2.143378e+00,-7.904718e+00,-3.803725e+01,-9.280236e+00,9.080732e+00,-1.188287e+01,1.649949e+01,-3.902066e+00,-6.907905e+00,-3.274638e+00,-2.422621e+00,3.414929e-02,1.453423e+02,7.740795e-01,8.158429e-04,-5.276463e-01,-2.074342e+00,-1.206321e+00,-1.965034e-01,1.228348e+00,-6.226252e-01,1.011427e+00,2.084079e+00,-6.229097e-01,-1.725395e+00,1.473388e-01,3.914125e-02,3.566033e-03,-5.897751e-01,3.147280e-03
5.428897e-03,1.706815e+00,3.947928e-01,-9.579108e+00,-3.858249e+01,-6.839077e+00,8.314062e+00,-1.173814e+01,1.809885e+01,-4.150080e+00,-8.563628e+00,-3.563118e+00,-2.058652e+00,3.807797e-02,1.447814e+02,7.735144e-01,1.023625e-03,-8.049262e-01,-2.684195e+00,-1.603915e+00,-4.599701e-01,2.143591e+00,-9.332048e-01,9.797815e-01,7.423117e-01,-9.828723e-01,-1.033883e+00,3.524478e-01,2.084065e-03,2.750076e-03,-7.963470e-01,-6.258488e-05
6.732648e-03,5.568308e-01,-3.036433e+00,-1.189100e+01,-3.929259e+01,-4.380483e+00,7.075883e+00,-1.111545e+01,1.737545e+01,-4.990075e+00,-8.934517e+00,-2.850901e+00,-2.032968e+00,3.989121e-02,1.442745e+02,7.714221e-01,1.051749e-03,-8.169048e-01,-2.951766e+00,-1.989654e+00,-3.996277e-02,2.313041e+00,-6.136035e-01,9.500184e-01,-4.400993e-01,-1.266245e+00,3.838925e-01,1.159855e+00,-5.464015e-01,1.571472e-03,-1.148354e+00,-3.167582e-03
7.938665e-03,-2.096508e-01,-6.508738e+00,-1.405842e+01,-3.991269e+01,-1.670551e+00,6.471209e+00,-9.784163e+00,1.628858e+01,-6.968484e+00,-8.346232e+00,-1.451897e+00,-2.804070e+00,4.110003e-02,1.427767e+02,7.691097e-01,6.320829e-04,-2.835395e-01,-2.792846e+00,-1.683819e+00,1.085127e+00,1.752315e+00,1.164424e-01,1.360585e+00,-1.107459e+00,-1.604602e+00,2.027304e+00,1.459444e+00,-1.179942e+00,-3.725290e-10,-1.664542e+00,-3.799379e-03
8.445437e-03,-4.101335e-01,-9.163690e+00,-1.561333e+01,-3.757196e+01,-2.992920e-01,6.934142e+00,-8.109771e+00,1.520412e+01,-8.824089e+00,-5.097140e+00,1.469026e+00,-4.781919e+00,4.049562e-02,1.406029e+02,7.604440e-01,4.974380e-06,3.560943e-01,-1.822878e+00,-1.344970e+00,2.491749e+00,9.644055e-01,1.182629e+00,1.476220e+00,-1.463319e+00,-1.209385e+00,3.305852e+00,9.814622e-01,-1.418465e+00,-1.359928e-03,-1.962592e+00,-2.363038e-03
7.732917e-03,7.725999e-01,-1.050581e+01,-1.613704e+01,-3.401716e+01,-1.180981e-01,8.967145e+00,-6.438057e+00,1.364722e+01,-1.025608e+01,-3.457977e-01,1.574139e+00,-6.583885e+00,3.777576e-02,1.382945e+02,7.600066e-01,-4.972601e-04,9.581027e-01,-9.637094e-01,-1.192146e+00,3.352142e+00,1.428287e-01,1.679876e+00,9.872707e-01,-1.576714e+00,-7.441477e-01,3.593884e+00,2.626660e-01,-1.261804e+00,-2.145663e-03,-1.858740e+00,9.921074e-04
6.860394e-03,1.846177e+00,-1.015229e+01,-1.757654e+01,-2.978161e+01,-3.346820e-01,1.174106e+01,-5.407402e+00,1.137954e+01,-9.393203e+00,3.594529e+00,5.433922e-01,-7.235384e+00,3.475370e-02,1.367027e+02,7.641584e-01,-5.666147e-04,1.072573e+00,-4.466104e-01,-1.298604e+00,3.349412e+00,-2.280114e-01,1.559095e+00,8.322058e-02,-1.171591e+00,-5.729128e-01,2.920471e+00,-3.396363e-01,-1.230206e+00,-1.480810e-03,-1.510258e+00,3.383785e-03
6.244886e-03,3.452708e+00,-1.083298e+01,-1.903755e+01,-2.704715e+01,-9.387124e-01,1.246713e+01,-6.198994e+00,1.031731e+01,-1.040467e+01,5.277353e+00,3.242505e-01,-7.886359e+00,3.324267e-02,1.354331e+02,7.722130e-01,-3.120198e-04,7.578229e-01,-5.864522e-01,-1.189422e+00,3.116972e+00,-3.767237e-01,1.186922e+00,-1.017687e+00,-4.372290e-01,-9.185303e-01,2.177891e+00,-1.267288e-01,-1.777458e+00,1.208823e-04,-1.256294e+00,1.631820e-03
6.356379e-03,3.612676e+00,-1.123315e+01,-2.065610e+01,-2.430991e+01,-1.029042e+00,1.297962e+01,-7.813200e+00,1.101112e+01,-1.161436e+01,6.693638e+00,3.957892e-01,-1.028171e+01,3.535811e-02,1.344823e+02,7.712597e-01,-3.788183e-05,1.927348e-01,-1.308886e+00,-3.705057e-01,2.408934e+00,-3.930532e-01,6.836850e-01,-1.867227e+00,2.111430e-01,-1.109343e+00,1.706481e+00,1.024431e-01,-2.782348e+00,1.813236e-03,-9.920291e+00,-3.091180e-03
6.424825e-03,3.678465e+00,-1.289764e+01,-2.054437e+01,-2.116815e+01,-1.654537e+00,1.428247e+01,-1.032359e+01,1.164528e+01,-1.373815e+01,8.994103e+00,1.014297e+00,-1.394801e+01,3.807797e-02,1.331232e+02,7.646151e-01,1.021817e-04,-6.540945e-01,-1.663477e+00,8.547802e-01,2.078573e+00,-3.211606e-01,-5.736351e-03,-2.548001e+00,3.496950e-01,-3.432973e-01,1.752938e+00,4.909368e-01,-3.205404e+00,2.901179e-03,-2.292602e+01,-7.773072e-03
6.581015e-03,2.696972e+00,-1.566439e+01,-1.867566e+01,-2.067644e+01,-1.942036e+00,1.425181e+01,-1.268124e+01,1.177127e+01,-1.327317e+01,1.026856e+01,7.105848e-01,-1.811630e+01,4.140224e-02,8.825614e+01,7.525015e-01,-2.874732e-05,-1.205805e+00,-1.288228e+00,2.001023e+00,2.159819e+00,-3.082906e-01,-8.952556e-01,-3.187027e+00,1.771712e-01,9.387064e-01,1.564273e+00,1.021698e+00,-2.347229e+00,3.082503e-03,-3.581718e+01,-1.341714e-02
6.643476e-03,6.400871e-01,-1.693475e+01,-1.575387e+01,-1.847102e+01,-2.088018e+00,1.180235e+01,-1.650498e+01,1.168571e+01,-1.129175e+01,1.225458e+01,2.621536e+00,-1.999608e+01,4.472651e-02,4.391604e+01,7.427267e-01,-4.219432e-04,-1.201756e+00,4.723329e-01,2.524427e+00,2.880895e+00,2.615131e-01,-1.666709e+00,-2.533507e+00,-9.251995e-02,2.066793e+00,1.358114e+00,1.145942e+00,-8.195547e-01,2.296766e-03,-3.545025e+01,-1.891377e-02
6.103316e-03,-8.971584e-01,-1.565574e+01,-1.304624e+01,-1.485938e+01,-2.353754e+00,9.743405e+00,-2.065764e+01,1.187676e+01,-8.144032e+00,1.288477e+01,4.700657e+00,-1.899382e+01,4.744636e-02,0,7.151182e-01,-9.553272e-04,-3.236786e-01,2.318657e+00,2.301756e+00,3.466227e+00,8.669723e-01,-1.206645e+00,-5.141367e-01,-4.964928e-01,2.412779e+00,1.279707e+00,5.051465e-01,6.849554e-01,3.626473e-04,-2.204283e+01,-2.273399e-02
4.553959e-03,-5.332499e-01,-1.054030e+01,-1.073695e+01,-9.672212e+00,-1.411120e-01,8.203132e+00,-1.900292e+01,1.112993e+01,-5.968761e+00,1.447657e+01,4.748970e+00,-1.760702e+01,4.653974e-02,0,6.887379e-01,-1.302337e-03,6.749374e-01,2.830349e+00,1.317514e+00,2.324279e+00,1.394323e+00,2.035961e-02,2.097247e+00,-1.141747e+00,1.913757e+00,6.875321e-01,-5.340505e-01,1.405111e+00,-1.903898e-03,1.355945e+01,-1.816987e-02
2.849138e-03,1.665247e+00,-7.268335e+00,-9.675337e+00,-7.744711e+00,1.419373e+00,1.001820e+01,-1.400295e+01,9.566691e+00,-3.870771e+00,1.555610e+01,2.172601e+00,-1.588605e+01,4.230886e-02,0,6.658260e-01,-1.213324e-03,9.829890e-01,1.399653e+00,1.447496e-02,2.030490e-01,1.116568e+00,1.290132e+00,3.648538e+00,-1.373157e+00,1.205245e+00,3.433329e-01,-8.614128e-01,1.613333e+00,-2.931399e-03,5.546948e+01,-3.806764e-03
1.758881e-03,2.733571e+00,-6.976709e+00,-1.085175e+01,-1.040696e+01,2.997031e+00,1.176675e+01,-9.346092e+00,7.132011e+00,-3.859591e+00,1.435658e+01,1.215312e+00,-1.452441e+01,3.777577e-02,1.117133e+02,6.765235e-01,-7.862292e-04,3.183637e-01,-9.147028e-01,-1.156737e+00,-1.828928e+00,2.182949e-01,1.846916e+00,3.544404e+00,-9.204922e-01,6.520802e-01,2.279072e-02,3.189988e-01,1.582961e+00,-2.206104e-03,8.856068e+01,8.977336e-03
1.434236e-03,2.384376e+00,-1.043927e+01,-1.291646e+01,-1.347676e+01,1.660016e+00,1.441226e+01,-7.243369e+00,7.009936e+00,-3.172395e+00,1.466143e+01,2.160422e+00,-1.246846e+01,3.717135e-02,2.214908e+02,7.021915e-01,-3.346562e-04,-4.761994e-01,-2.108379e+00,-1.400339e+00,-2.626521e+00,-7.874658e-01,1.207979e+00,2.854910e+00,9.879933e-02,5.716046e-01,4.946805e-01,1.772411e+00,8.392633e-01,-8.159570e-04,8.832937e+01,1.648282e-02
1.330264e-03,6.990039e-01,-1.352835e+01,-1.490007e+01,-1.595083e+01,8.300407e-01,1.524069e+01,-4.660696e+00,7.805849e+00,-3.057549e+00,1.503786e+01,6.350054e+00,-1.140101e+01,3.807797e-02,3.320580e+02,7.154418e-01,-8.921892e-05,-6.842219e-01,-1.833812e+00,-8.876666e-01,-2.210988e+00,-1.491766e+00,4.446729e-01,2.206368e+00,9.059902e-01,7.631513e-01,9.777646e-01,2.377118e+00,1.354236e-01,-2.115451e-04,5.520394e+01,9.527338e-03
1.390166e-03,3.015338e-01,-1.453441e+01,-1.465287e+01,-1.810538e+01,-1.434461e+00,1.432113e+01,-2.071098e+00,9.723769e+00,-1.413770e+00,1.768886e+01,8.467282e+00,-1.325143e+01,3.807797e-02,3.314745e+02,7.287809e-01,-4.487885e-05,-3.535472e-01,-5.673980e-01,-8.900642e-04,-1.448818e+00,-1.650667e+00,-5.480679e-01,1.122550e+00,7.541457e-01,5.609065e-01,8.496410e-01,1.930847e+00,-1.385136e-01,-6.648529e-04,2.049408e-01,-4.573934e-02
1.334821e-03,3.538825e-01,-1.409820e+01,-1.442188e+01,-1.914758e+01,-2.914562e+00,1.403568e+01,-9.003881e-01,1.030505e+01,-9.231469e-01,1.773168e+01,9.947469e+00,-1.345581e+01,3.626473e-02,3.327411e+02,7.108655e-01,-8.411906e-05,7.206006e-02,3.979345e-01,2.911466e-01,-5.485600e-01,-1.424491e+00,-1.032049e+00,-3.144198e-01,-5.422573e-02,5.177976e-01,5.294392e-01,9.430975e-01,4.160706e-01,-1.239044e-03,-5.513284e+01,-1.232135e-01
1.207563e-03,7.892007e-01,-1.299134e+01,-1.316001e+01,-1.912247e+01,-4.721020e+00,1.227442e+01,-3.510772e+00,9.531066e+00,-1.435063e+00,1.756272e+01,1.001595e+01,-1.213363e+01,3.475371e-02,2.221739e+02,4.757830e-01,-1.422711e-04,9.179103e-02,7.265815e-01,2.525519e-01,1.826050e-01,-7.091764e-01,-1.009545e+00,-1.080860e+00,-1.128448e+00,2.495784e-01,-2.474211e-01,-5.923834e-02,7.274645e-01,-1.843457e-03,-8.846461e+01,-1.942554e-01
1.000970e-03,8.154707e-01,-1.231021e+01,-1.419077e+01,-1.818509e+01,-4.649134e+00,1.110379e+01,-5.512958e+00,7.631072e+00,-4.579142e-01,1.774813e+01,1.029121e+01,-9.879560e+00,3.354488e-02,1.110441e+02,2.258731e-01,-1.331220e-04,5.204554e-02,6.706287e-01,1.553158e-01,6.987560e-01,2.996199e-01,-1.164363e+00,-5.936249e-01,-1.247694e+00,2.922677e-01,-5.332063e-01,-9.389178e-01,1.176090e+00,-2.085222e-03,-8.876561e+01,-1.897514e-01
8.457357e-04,5.296949e-01,-1.179550e+01,-1.350567e+01,-1.767360e+01,-4.113057e+00,1.073935e+01,-5.169115e+00,5.418514e+00,-3.984943e-01,1.644353e+01,7.999221e+00,-1.140224e+01,3.022061e-02,0,0,-1.868007e-05,-4.407179e-01,6.624525e-01,-7.159118e-02,1.263554e+00,2.144903e+00,-2.123819e+00,5.187480e-01,6.622179e-01,-1.005884e-01,-4.840155e-01,-2.360645e+00,1.591527e+00,-4.230890e-04,-5.553918e+01,-7.413962e-02
8.501250e-04,7.438631e-01,-1.134297e+01,-1.347247e+01,-1.637824e+01,-1.720444e+00,8.981402e+00,-3.039341e+00,6.122852e+00,1.990732e-02,1.562524e+01,6.261244e+00,-7.941055e+00,2.810517e-02,0,0,1.551251e-04,-1.117830e+00,1.007622e+00,-2.310814e-01,1.951645e+00,3.659243e+00,-3.728077e+00,4.503571e-01,2.871981e+00,-8.609643e-01,4.682159e-01,-3.656375e+00,2.233524e+00,4.381988e-03,-2.220881e+01,6.115047e-02
1.189585e-03,-1.378585e+00,-1.016269e+01,-1.387712e+01,-1.370812e+01,4.539149e+00,2.716521e+00,-2.153840e+00,1.359626e+01,-2.176916e+00,1.620408e+01,2.277079e-01,-5.145249e+00,3.535812e-02,0,2.180214e-01,2.737211e-04,-1.998539e+00,1.780579e+00,-5.712703e-01,2.746264e+00,4.320499e+00,-4.388354e+00,-3.677520e-01,3.527444e+00,-1.104211e+00,1.281888e+00,-4.131514e+00,1.915816e+00,9.489271e-03,0,1.688575e-01
1.604671e-03,-3.819537e+00,-8.088501e+00,-1.516045e+01,-1.040960e+01,9.320980e+00,-3.525176e+00,-4.768810e+00,1.790210e+01,-3.873525e+00,2.020893e+01,-4.104908e+00,-1.840437e+00,5.288607e-02,0,4.226148e-01,2.385318e-04,-1.988046e+00,2.468732e+00,-4.660670e-01,2.927773e+00,2.782082e+00,-3.202265e+00,-1.130241e+00,1.182344e+00,-8.136823e-01,8.932953e-01,-3.032234e+00,-1.237185e-01,9.761257e-03,0,1.690852e-01
1.837068e-03,-7.181300e+00,-4.519837e+00,-1.551803e+01,-6.926605e+00,1.196873e+01,-4.949135e+00,-6.143141e+00,1.716611e+01,-3.972836e+00,2.056113e+01,-7.475271e+00,-4.873468e+00,6.527652e-02,0,6.329800e-01,1.720997e-04,-8.126348e-01,2.426415e+00,-5.372146e-01,1.894853e+00,3.010611e-01,-8.058701e-01,-1.113735e+00,-1.718850e+00,-7.493117e-02,-3.605106e-01,-7.912869e-01,-1.977740e+00,3.203385e-03,9.369697e+00,1.137289e-01
1.719042e-03,-6.295012e+00,-1.820742e+00,-1.498235e+01,-5.130133e+00,8.475176e+00,-3.197094e+00,-6.695896e+00,1.024965e+01,-3.150544e+00,1.791320e+01,-5.048437e+00,-8.695539e+00,6.195225e-02,0,6.379468e-01,3.911742e-04,9.043358e-01,5.980080e-01,-7.200470e-01,-3.776144e-01,-1.399993e+00,9.071335e-01,-6.662954e-01,-2.394866e+00,-5.375398e-01,-1.380962e+00,6.193224e-01,-3.299633e+00,-5.288606e-03,2.292733e+01,6.181698e-02
1.992898e-03,-4.204022e+00,-1.164494e+00,-1.665224e+01,-6.873592e+00,6.467356e+00,-1.476871e+00,-6.758970e+00,8.828240e+00,-2.913062e+00,1.554940e+01,-3.256963e+00,-1.160640e+01,4.684195e-02,4.684848e+01,6.790001e-01,8.872547e-04,2.082473e+00,-2.111169e+00,-9.289433e-01,-2.819068e+00,-1.972713e+00,1.645869e+00,-4.961531e-01,-8.524817e-01,-2.037983e+00,-7.761466e-01,9.531115e-01,-3.030511e+00,-8.975521e-03,3.561123e+01,2.513704e-02
3.482627e-03,-7.864975e-01,-6.776132e+00,-1.819358e+01,-1.232418e+01,5.071701e+00,-7.256404e-01,-7.792372e+00,1.009671e+01,-7.091110e+00,1.580999e+01,-3.117451e+00,-1.497214e+01,3.566032e-02,9.121239e+01,7.086897e-01,1.338589e-03,1.823424e+00,-4.145469e+00,-6.770509e-01,-4.198226e+00,-1.442547e+00,1.869683e+00,-1.505575e-02,8.200723e-01,-3.360089e+00,1.153065e-01,5.495785e-01,-2.462492e+00,-6.829858e-03,2.568044e+01,1.820090e-02
5.391549e-03,4.768085e-01,-1.259799e+01,-1.855713e+01,-1.742492e+01,3.806900e+00,2.044484e+00,-8.075668e+00,1.298017e+01,-1.219247e+01,1.773200e+01,-3.675207e+00,-1.688773e+01,3.354488e-02,1.324500e+02,7.232938e-01,1.318884e-03,7.882066e-01,-3.840987e+00,-2.365257e-01,-3.921082e+00,-1.024958e+00,1.636921e+00,5.493981e-01,5.194949e-01,-3.632258e+00,1.136491e-01,6.496505e-01,-2.141909e+00,-2.357208e-03,2.307791e+01,6.895775e-03
6.712660e-03,4.816949e-01,-1.683134e+01,-1.741516e+01,-2.084560e+01,2.592668e+00,4.390642e+00,-6.112826e+00,1.227404e+01,-1.531129e+01,1.739843e+01,-2.091422e+00,-1.836733e+01,3.445150e-02,8.560146e+01,7.068045e-01,8.236718e-04,-3.134741e-01,-1.751994e+00,-1.304806e-01,-2.768236e+00,-3.378335e-01,1.193757e+00,1.267035e+00,-7.043709e-01,-2.394910e+00,-7.684848e-01,1.015320e+00,-1.634758e+00,-3.022030e-05,3.594624e+01,2.121699e-03
6.972300e-03,-8.970851e-01,-1.534182e+01,-1.822408e+01,-2.221829e+01,2.582080e+00,4.149595e+00,-4.851753e+00,1.033705e+01,-1.696426e+01,1.532342e+01,-5.217243e-01,-2.061835e+01,3.566032e-02,1.650435e+02,7.144216e-01,2.487150e-04,-6.623858e-01,2.409537e-01,-2.346201e-01,-1.588315e+00,4.558504e-01,2.385084e-01,1.382434e+00,-1.644365e+00,-1.074368e+00,-1.500568e+00,7.825053e-01,-1.194777e+00,2.417654e-04,6.623027e+01,6.174815e-03
6.810611e-03,-1.666921e+00,-1.416418e+01,-1.901251e+01,-2.376868e+01,3.994944e+00,4.190590e+00,-3.069153e+00,7.896415e+00,-1.667976e+01,1.317185e+01,3.824086e-01,-2.128062e+01,3.445150e-02,2.546468e+02,7.237343e-01,-1.719306e-04,-3.271930e-01,1.129502e+00,-2.432901e-01,-7.015110e-01,8.162169e-01,3.319246e-01,1.110956e+00,-1.437545e+00,-3.107195e-01,-1.113820e+00,3.822750e-02,-1.768677e-01,-3.022030e-05,7.974428e+01,1.171924e-02
6.586149e-03,-1.760813e+00,-1.272680e+01,-1.893156e+01,-2.390496e+01,5.385014e+00,3.337052e+00,-2.685333e+00,6.947161e+00,-1.688007e+01,1.234245e+01,-9.995963e-01,-2.140497e+01,3.475371e-02,3.790786e+02,7.457030e-01,-4.080291e-04,2.842390e-01,8.794940e-01,2.026787e-02,2.503847e-01,7.281169e-01,1.220675e+00,8.861812e-01,-6.163422e-01,-3.031387e-01,-5.828735e-01,-7.917154e-01,1.019176e+00,3.022067e-05,5.247582e+01,8.102929e-03
6.046083e-03,-7.224063e-01,-1.249134e+01,-1.827787e+01,-2.350982e+01,5.272286e+00,6.456537e+00,-1.641255e+00,6.781263e+00,-1.690698e+01,1.331981e+01,-1.661349e+00,-1.885836e+01,3.475371e-02,3.773053e+02,7.497600e-01,-5.481069e-04,6.714803e-01,7.586258e-01,-2.892843e-01,1.366832e+00,-4.247518e-02,2.324354e+00,4.275025e-01,4.308491e-01,-7.893928e-01,-2.790268e-01,-1.108232e+00,1.899355e+00,4.533082e-04,1.981578e+01,-9.759128e-04
5.314419e-03,5.185242e-02,-1.178077e+01,-1.849006e+01,-2.109580e+01,5.583993e+00,9.119999e+00,-1.134796e+00,7.812912e+00,-1.836635e+01,1.233507e+01,-3.458422e+00,-1.673360e+01,3.566032e-02,3.660934e+02,7.419234e-01,-5.304146e-04,7.316552e-01,8.092536e-01,-1.124643e+00,2.045872e+00,-8.942034e-01,2.929625e+00,3.358335e-01,1.339396e+00,-1.089116e+00,-1.796181e-01,-1.409303e+00,2.077671e+00,5.741898e-04,-3.755960e+00,-1.106732e-02
4.705941e-03,7.841477e-01,-1.084407e+01,-2.067968e+01,-1.833910e+01,3.683078e+00,1.292089e+01,-1.706909e+00,9.617785e+00,-1.988359e+01,1.178041e+01,-3.929340e+00,-1.411953e+01,3.626473e-02,3.602184e+02,7.207446e-01,-4.336020e-04,5.463167e-01,1.002549e+00,-1.448838e+00,1.809817e+00,-1.051947e+00,2.208995e+00,4.517242e-01,1.558050e+00,-9.536136e-01,1.988260e-01,-1.857326e+00,1.370072e+00,5.439699e-04,-7.570712e+00,-1.311375e-02
4.604146e-03,1.144186e+00,-9.504170e+00,-2.335387e+01,-1.626096e+01,1.708601e+00,1.475300e+01,-9.733388e-01,1.222588e+01,-2.083735e+01,1.221406e+01,-6.912117e+00,-1.338603e+01,3.686914e-02,3.688423e+02,7.048741e-01,-3.208670e-04,4.184355e-01,9.713589e-01,-9.060228e-01,8.593538e-01,-5.365958e-01,1.231348e+00,7.805296e-01,7.295408e-01,-4.272904e-01,7.914847e-01,-1.539305e+00,4.679073e-01,2.417646e-04,-1.357613e+01,-8.850068e-03
4.233209e-03,1.463011e+00,-8.616899e+00,-2.309016e+01,-1.687815e+01,1.950247e+00,1.468501e+01,5.366376e-01,1.236503e+01,-2.043955e+01,1.437445e+01,-9.221133e+00,-1.368179e+01,3.686915e-02,3.380773e+02,7.027159e-01,-3.248716e-04,2.616623e-01,8.229985e-01,1.600742e-01,-7.121811e-02,5.896266e-01,1.727823e-01,9.854409e-01,-3.711932e-01,3.889751e-01,6.860217e-01,-7.415534e-01,-5.507202e-02,3.022104e-05,-2.422145e+01,-1.262426e-03
3.946450e-03,1.804598e+00,-8.037562e+00,-2.181493e+01,-1.752950e+01,3.767430e+00,1.439468e+01,1.646079e+00,1.008699e+01,-2.022482e+01,1.499548e+01,-8.509051e+00,-1.461293e+01,3.656694e-02,3.092832e+02,7.066874e-01,-3.150172e-04,1.190908e-01,6.240362e-01,6.201080e-01,-3.251810e-01,9.592106e-01,2.655996e-01,4.758758e-01,-6.328476e-01,4.395111e-01,-4.304743e-02,5.430211e-01,3.090820e-02,-9.066127e-05,-2.684073e+01,6.006050e-03
3.410432e-03,1.762253e+00,-7.462377e+00,-2.064878e+01,-1.806092e+01,5.601797e+00,1.396396e+01,1.910586e+00,8.831262e+00,-1.824498e+01,1.381981e+01,-6.838640e+00,-1.378144e+01,3.656694e-02,2.688907e+02,7.135258e-01,-1.913997e-04,-8.113613e-02,3.265305e-01,3.449938e-01,1.276565e-01,5.802341e-01,4.551826e-01,-3.280303e-01,-1.458330e-02,6.595657e-01,-6.835316e-01,5.622276e-01,2.830868e-01,6.044060e-05,-1.018440e+01,1.289178e-02
3.440449e-03,1.590019e+00,-6.961250e+00,-2.147402e+01,-1.729548e+01,4.678879e+00,1.644153e+01,7.190654e-01,1.082852e+01,-1.973708e+01,1.227614e+01,-5.388258e+00,-1.318166e+01,3.656694e-02,2.692319e+02,7.294994e-01,-5.444088e-05,-1.884114e-01,-2.535687e-01,3.154581e-01,2.561979e-01,2.447906e-01,2.392926e-01,-1.425137e+00,5.739147e-01,6.084889e-01,-1.965070e-01,-2.451464e-01,3.991832e-01,1.813229e-04,9.881116e+00,1.334353e-02
3.529211e-03,1.164620e+00,-7.522402e+00,-2.153565e+01,-1.635688e+01,4.395692e+00,1.593750e+01,-6.400073e-01,1.192135e+01,-1.738559e+01,1.231645e+01,-7.970392e+00,-1.298199e+01,3.717135e-02,3.071809e+02,7.557688e-01,8.277695e-05,-2.806695e-01,-8.187473e-01,6.310309e-01,-5.965805e-03,4.850589e-01,-1.096795e+00,-2.292678e+00,-1.328583e-02,9.895159e-01,1.032493e+00,-1.378655e+00,1.258183e-03,3.022063e-04,3.320743e+00,5.497050e-03
3.614856e-03,1.161358e+00,-9.275393e+00,-1.979421e+01,-1.710053e+01,5.594435e+00,1.460437e+01,-4.204307e+00,1.141152e+01,-1.761207e+01,1.476462e+01,-9.168907e+00,-1.301674e+01,3.717135e-02,3.395437e+02,7.522835e-01,1.403371e-04,-4.180531e-01,-1.174914e+00,1.279307e+00,-9.531571e-01,1.373254e+00,-2.669562e+00,-2.332954e+00,-7.095358e-01,1.398229e+00,2.165878e+00,-2.230347e+00,-3.313434e-01,3.022071e-04,-3.500529e+01,-1.155359e-02
3.737113e-03,5.732366e-01,-1.039904e+01,-1.833353e+01,-1.818822e+01,7.569313e+00,9.398565e+00,-7.091118e+00,8.473332e+00,-1.435990e+01,1.773804e+01,-1.184159e+01,-1.385761e+01,3.777577e-02,2.503385e+02,7.296190e-01,2.452403e-04,-7.073171e-01,-9.860751e-01,1.484201e+00,-1.424424e+00,1.598051e+00,-3.927068e+00,-1.838906e+00,-6.827974e-01,1.603799e+00,2.424724e+00,-2.458146e+00,-6.831130e-01,9.066191e-04,-8.312788e+01,-2.330885e-02
4.038183e-03,-2.045547e-01,-1.139750e+01,-1.667854e+01,-2.114560e+01,9.958339e+00,6.363184e+00,-7.720150e+00,9.004853e+00,-1.425877e+01,2.039474e+01,-1.460439e+01,-1.440057e+01,3.777577e-02,1.226267e+02,6.848063e-01,3.006934e-04,-8.310311e-01,-5.456567e-01,1.352329e+00,-1.000742e+00,1.028671e+00,-4.624234e+00,-1.160007e+00,1.454897e-01,2.139280e+00,2.146502e+00,-2.546687e+00,-2.797526e-01,1.873678e-03,-9.294258e+01,-2.133254e-02
4.543748e-03,-1.689010e+00,-1.139172e+01,-1.567247e+01,-2.145646e+01,1.020400e+01,4.227570e-01,-8.076614e+00,9.710696e+00,-1.104324e+01,2.162501e+01,-1.754338e+01,-1.570564e+01,4.140224e-02,0,6.729631e-01,1.280697e-04,-4.973596e-01,2.762574e-01,1.116485e+00,5.220392e-01,-2.858352e-01,-4.367562e+00,-1.414603e+00,6.368715e-01,2.373934e+00,1.946689e+00,-1.656388e+00,9.284622e-01,2.145663e-03,-6.233037e+01,-1.092601e-02
4.715005e-03,-1.862675e+00,-1.150734e+01,-1.436309e+01,-2.047012e+01,9.420449e+00,-4.028893e+00,-9.511592e+00,1.152029e+01,-8.573998e+00,2.355364e+01,-1.905145e+01,-1.349149e+01,4.472651e-02,0,6.739488e-01,-2.801427e-04,1.924488e-01,1.530174e+00,8.402963e-01,2.710879e+00,-1.323912e+00,-2.926911e+00,-1.377032e+00,-2.548032e-01,2.816954e+00,1.130224e+00,-3.005249e-01,1.567416e+00,9.670596e-04,-2.452534e+01,-2.652538e-03
4.039051e-03,-1.084501e+00,-8.962837e+00,-1.390882e+01,-1.591577e+01,6.409082e+00,-7.243208e+00,-1.326841e+01,1.039997e+01,-5.332622e+00,2.589203e+01,-1.790000e+01,-9.669837e+00,4.502871e-02,0,6.804177e-01,-7.250119e-04,7.503558e-01,2.950579e+00,5.447356e-01,4.063466e+00,-1.691658e+00,1.576708e-01,-1.836553e-01,-1.557852e+00,2.614642e+00,-3.390396e-01,1.285549e+00,1.149719e+00,-1.903899e-03,0,-4.752070e-03
2.889819e-03,4.554349e-01,-4.961076e+00,-1.335888e+01,-1.036155e+01,5.236235e+00,-4.438387e+00,-1.200941e+01,7.386200e+00,-3.029315e+00,2.391235e+01,-1.592871e+01,-9.581393e+00,4.079783e-02,0,6.678163e-01,-9.012854e-04,4.889659e-01,3.788190e+00,2.034619e-01,4.255893e+00,-1.361134e+00,2.780298e+00,2.285024e+00,-2.298337e+00,2.254958e+00,-2.118978e+00,3.083600e+00,-3.243674e-01,-4.019341e-03,0,-1.409227e-02
1.831282e-03,9.037145e-01,8.804345e-02,-1.345090e+01,-6.193418e+00,3.837817e+00,1.415858e+00,-7.745981e+00,3.988480e+00,-7.423749e-01,1.975046e+01,-1.267700e+01,-1.191209e+01,3.384708e-02,0,6.522689e-01,-7.231911e-04,-4.554990e-01,3.221844e+00,-4.425539e-01,2.979814e+00,-4.535921e-01,4.291340e+00,4.078307e+00,-1.591485e+00,1.802612e+00,-2.770825e+00,4.320579e+00,-9.765552e-01,-3.777577e-03,0,-2.116475e-02
1.312463e-03,-4.119531e-01,2.908174e+00,-1.357474e+01,-4.051828e+00,3.900411e+00,5.543062e+00,-8.476858e-01,3.234348e+00,4.056660e-01,1.602954e+01,-6.244945e+00,-1.399220e+01,3.022061e-02,0,6.175618e-01,-3.902852e-04,-1.679697e+00,1.753281e+00,-1.261886e+00,1.277678e+00,-6.217146e-02,3.411664e+00,3.658291e+00,-4.041058e-01,1.747214e+00,-1.707143e+00,4.963632e+00,-2.344818e-01,-8.461766e-04,0,-2.702012e-02
1.211773e-03,-2.928302e+00,3.211760e+00,-1.601366e+01,-4.171559e+00,4.809033e+00,9.222768e+00,1.542258e+00,4.518472e+00,1.962949e+00,1.597931e+01,-1.138988e+00,-1.234721e+01,3.142944e-02,0,5.997213e-01,-8.310052e-05,-2.441173e+00,2.103898e-02,-2.221958e+00,-8.814116e-02,-8.650184e-03,1.541784e+00,2.112669e+00,6.451600e-01,1.636041e+00,-6.203621e-01,4.059694e+00,7.179799e-01,2.568753e-03,0,-2.290755e-02
1.248147e-03,-6.027044e+00,2.243469e+00,-1.838693e+01,-4.984093e+00,4.439769e+00,8.716479e+00,1.637926e+00,5.100675e+00,4.354093e+00,1.726221e+01,3.120445e+00,-1.053624e+01,3.777577e-02,0,5.589896e-01,7.876691e-05,-2.614145e+00,-1.126139e+00,-2.686544e+00,-6.604987e-01,-5.735552e-01,-1.313180e-01,6.232718e-01,1.055625e+00,1.517705e+00,-3.102195e-01,2.277355e+00,1.249745e+00,5.077063e-03,0,-5.276463e-02
1.447937e-03,-8.494603e+00,5.255907e-01,-2.215459e+01,-6.167991e+00,3.524887e+00,7.538067e+00,1.574555e+00,6.281117e+00,5.463615e+00,1.603231e+01,2.938771e+00,-1.005017e+01,4.291327e-02,0,5.670173e-01,1.225898e-04,-2.276419e+00,-1.374032e+00,-2.351465e+00,-4.666363e-01,-9.110672e-01,-1.140569e+00,4.553381e-01,1.030975e+00,4.831008e-01,-9.056818e-01,5.982720e-01,5.379389e-01,9.005742e-03,0,-9.980121e-02
1.588215e-03,-1.069953e+01,-1.379437e+00,-2.393700e+01,-6.356106e+00,1.674708e+00,5.728822e+00,2.252525e+00,7.631149e+00,6.243859e+00,1.445195e+01,3.102950e+00,-8.891995e+00,4.986401e-02,0,3.700906e-01,1.044292e-04,-1.681851e+00,-9.306943e-01,-1.389155e+00,-1.161152e-01,-7.667338e-01,-1.309338e+00,-2.354040e-02,3.886441e-01,-1.076743e+00,-1.398204e+00,-1.028485e-01,-5.080053e-01,1.308552e-02,0,-1.489832e-01
1.654688e-03,-1.197416e+01,-1.846949e+00,-2.499595e+01,-5.818735e+00,1.636228e+00,5.013753e+00,3.511649e+00,8.408109e+00,3.433570e+00,1.285604e+01,1.861120e+00,-1.047964e+01,7.041402e-02,0,1.951647e-01,3.628105e-05,-9.045376e-01,-2.009887e-01,-2.328741e-01,-1.373802e-01,-9.558342e-01,-1.640449e+00,-8.934650e-01,-4.926816e-01,-2.246468e+00,-1.197732e+00,3.766622e-01,-1.164557e+00,1.544273e-02,0,-1.504125e-01
1.666917e-03,-1.269652e+01,-1.223733e+00,-2.391203e+01,-5.739297e+00,1.550430e+00,3.431947e+00,5.516772e-01,5.980400e+00,-1.460028e-02,1.185933e+01,3.145028e+00,-1.286154e+01,8.945300e-02,0,0,-3.684014e-05,-2.383528e-01,4.140427e-02,3.419727e-01,-2.452068e-01,-8.223692e-01,-1.942577e+00,-1.715012e+00,-1.102035e+00,-2.234275e+00,-8.987611e-01,1.193456e+00,-8.419691e-01,1.127229e-02,0,-5.406771e-02
1.589992e-03,-1.201879e+01,-5.572051e-01,-2.333145e+01,-7.163296e+00,-1.192144e+00,4.842597e-01,-2.042346e+00,4.643084e+00,-2.639495e+00,1.133996e+01,4.801043e+00,-1.388819e+01,1.003324e-01,0,0,-1.065709e-04,2.043788e-01,-1.901742e-01,4.628056e-01,-7.759075e-01,-5.637826e-01,-1.301101e+00,-1.316020e+00,-6.552504e-01,-6.842214e-01,-5.023111e-01,1.221432e+00,4.084864e-01,1.390149e-03,0,6.413610e-02
1.436363e-03,-1.186897e+01,-1.817288e+00,-2.305939e+01,-6.909859e+00,-1.022952e+00,-1.719317e+00,-3.545536e+00,4.003489e+00,-1.890984e+00,1.071618e+01,7.600267e+00,-1.139757e+01,9.126624e-02,0,1.973344e-01,-1.621287e-04,6.285394e-01,-1.274935e-01,5.680208e-01,-9.240166e-01,5.532703e-01,1.706258e-01,6.994341e-02,3.894519e-01,7.701513e-01,-4.443940e-01,-4.076904e-01,1.147813e+00,-9.035962e-03,0,1.251534e-01
1.237111e-03,-1.136604e+01,-2.501042e+00,-2.310825e+01,-9.112991e+00,1.040052e-01,1.083881e+00,-1.019845e+00,6.120312e+00,9.506543e-01,1.091605e+01,5.740661e+00,-9.169193e+00,7.645815e-02,0,4.171780e-01,-1.517310e-04,1.468303e+00,3.307432e-01,1.086932e+00,-1.039738e+00,1.628791e+00,1.109211e+00,2.849591e-01,1.087049e+00,1.188840e+00,4.436722e-01,-2.475179e+00,9.087208e-01,-1.613781e-02,0,1.101795e-01
1.032714e-03,-9.880201e+00,-8.892816e-01,-2.118352e+01,-9.384533e+00,3.668707e+00,3.985265e+00,3.901438e-01,7.189045e+00,2.041081e+00,9.849309e+00,6.367672e-01,-9.481971e+00,5.621034e-02,0,4.171780e-01,1.040857e-05,2.584758e+00,4.394073e-01,1.634330e+00,-1.264923e+00,1.748750e+00,2.485870e-01,-8.987500e-01,1.215574e+00,2.893312e-01,2.092541e+00,-4.462985e+00,-4.148912e-02,-1.650045e-02,0,5.437777e-02
1.033161e-03,-5.671663e+00,6.325076e-01,-1.883472e+01,-1.112465e+01,4.605979e+00,3.178021e+00,-2.585390e+00,8.485553e+00,1.338674e+00,1.399176e+01,-4.093104e+00,-1.030238e+01,3.717135e-02,0,4.409755e-01,3.003494e-04,3.216591e+00,-7.445707e-01,1.658485e+00,-1.274506e+00,1.382359e+00,-1.810781e+00,-2.611256e+00,8.659931e-01,-9.812371e-01,3.740898e+00,-4.645590e+00,-8.283027e-01,-1.220913e-02,0,5.811185e-02
1.590381e-03,-1.792370e+00,-1.187027e+00,-1.702450e+01,-1.222865e+01,5.469814e+00,-1.523452e+00,-7.256513e+00,8.898740e+00,-6.383379e-01,1.964103e+01,-9.797772e+00,-1.103842e+01,2.840737e-02,0,4.573245e-01,5.804066e-04,2.725659e+00,-2.494354e+00,8.617321e-01,-1.560930e+00,6.507220e-01,-2.397641e+00,-2.893708e+00,7.459813e-01,-1.746665e+00,3.908601e+00,-4.006972e+00,-1.319432e+00,-5.500151e-03,0,7.965326e-02
2.460025e-03,6.730010e-01,-6.075023e+00,-1.689533e+01,-1.406346e+01,6.115245e+00,-5.215667e+00,-1.025280e+01,9.595430e+00,-2.615822e+00,2.472469e+01,-1.227002e+01,-1.253248e+01,2.931399e-02,0,6.876640e-01,6.961509e-04,1.485698e+00,-3.271366e+00,-1.208061e-01,-1.253021e+00,4.635536e-01,-1.200369e+00,-1.213472e+00,4.994482e-01,-2.174049e+00,2.135744e+00,-2.900824e+00,-1.930356e+00,-3.022050e-04,0,7.619097e-02
3.221316e-03,5.757627e-01,-1.000729e+01,-1.784456e+01,-1.571977e+01,6.167684e+00,-3.806098e+00,-1.024469e+01,1.036401e+01,-4.714994e+00,2.402585e+01,-1.530963e+01,-1.496408e+01,3.263826e-02,0,6.921000e-01,4.610979e-04,5.686882e-01,-2.098658e+00,-6.582357e-01,-9.846529e-01,3.146505e-02,9.102404e-01,8.505116e-01,5.656309e-02,-2.192901e+00,1.265697e-02,-1.451299e+00,-1.906062e+00,1.329707e-03,0,5.263788e-02
3.698448e-03,5.727603e-01,-1.131419e+01,-1.902872e+01,-1.564419e+01,6.574812e+00,-1.682498e+00,-7.158661e+00,1.025016e+01,-7.493243e+00,2.247807e+01,-1.584129e+01,-1.799133e+01,3.354488e-02,0,7.045426e-01,4.800642e-05,1.677131e-01,-6.940098e-02,-2.173367e-01,-4.394042e-01,-5.062344e-01,2.125350e+00,2.073570e+00,-1.231094e-01,-1.940629e+00,-1.109103e+00,-5.075216e-01,-1.406966e+00,6.346327e-04,0,6.412166e-03
3.276658e-03,1.101191e+00,-9.060734e+00,-1.924898e+01,-1.636155e+01,5.397356e+00,1.261165e+00,-4.551023e+00,8.854192e+00,-9.164131e+00,2.082762e+01,-1.526863e+01,-1.783930e+01,3.294047e-02,0,7.120746e-01,-3.814742e-04,2.742139e-01,1.548846e+00,7.072085e-01,-1.127133e-01,-8.780615e-01,2.358454e+00,1.803557e+00,1.220518e-01,-9.104576e-01,-1.442752e+00,8.315066e-01,-3.604849e-01,-1.208827e-04,0,-4.804432e-04
2.672385e-03,1.248853e+00,-6.895304e+00,-1.727980e+01,-1.593960e+01,3.969238e+00,2.877453e+00,-2.731778e+00,9.734794e+00,-1.009440e+01,2.077829e+01,-1.482813e+01,-1.812970e+01,3.233605e-02,0,7.097376e-01,-5.587775e-04,3.049050e-01,1.998824e+00,1.269588e+00,2.120293e-01,-1.058861e+00,2.058125e+00,8.681850e-01,6.432041e-01,1.692454e-01,-1.350246e+00,1.077326e+00,6.271114e-01,-9.066165e-05,0,-7.148051e-03
1.826976e-03,1.608786e+00,-4.472500e+00,-1.518297e+01,-1.613564e+01,3.080164e+00,5.706196e+00,-3.440350e+00,1.123195e+01,-7.966703e+00,1.766198e+01,-1.165868e+01,-1.669732e+01,3.263826e-02,0,6.871004e-01,-4.553151e-04,3.418334e-01,1.442811e+00,1.198378e+00,5.157450e-01,-5.229370e-01,1.391283e+00,3.359408e-01,7.847725e-01,8.828622e-01,-1.658625e+00,1.241214e+00,1.093263e+00,3.324267e-04,0,-8.996117e-03
1.629402e-03,1.843488e+00,-3.614188e+00,-1.471379e+01,-1.469700e+01,2.439101e+00,6.385612e+00,-3.373072e+00,1.227730e+01,-7.245729e+00,1.730966e+01,-1.225964e+01,-1.542677e+01,3.324267e-02,0,6.812895e-01,-2.987046e-04,4.928578e-01,8.626018e-01,4.824437e-01,6.425229e-01,1.053342e-01,7.198306e-01,5.300485e-01,-8.575515e-02,8.750063e-01,-1.441206e+00,8.283159e-01,1.461609e+00,3.324267e-04,0,-6.686681e-03
1.521574e-03,2.513040e+00,-3.487239e+00,-1.454010e+01,-1.440412e+01,3.547739e+00,6.463499e+00,-2.550671e+00,1.150680e+01,-6.174156e+00,1.426881e+01,-1.034681e+01,-1.372445e+01,3.414929e-02,0,6.813180e-01,-1.763575e-04,4.490643e-01,2.362156e-01,3.109016e-02,8.822511e-01,8.500163e-01,1.662413e-01,1.114333e+00,-9.514910e-01,6.913290e-02,-4.743242e-01,4.520721e-01,8.488007e-01,-1.813248e-04,0,-4.820258e-02
1.331563e-03,3.261015e+00,-3.074926e+00,-1.518902e+01,-1.359274e+01,4.262121e+00,6.097954e+00,-5.263748e-01,9.168593e+00,-6.615643e+00,1.526884e+01,-1.134249e+01,-1.230809e+01,3.324267e-02,0,6.791953e-01,-1.789325e-04,3.175931e-01,1.244345e-01,-7.057638e-02,3.672327e-01,1.412891e+00,6.530308e-01,1.104780e+00,-1.572375e+00,-3.454378e-01,1.524074e-01,6.243638e-01,4.010170e-01,-7.857360e-04,0,-1.149012e-01
1.094108e-03,3.145344e+00,-3.561053e+00,-1.478991e+01,-1.227651e+01,6.418736e+00,6.681231e+00,7.079646e-01,8.028851e+00,-7.936082e+00,1.631077e+01,-9.856899e+00,-1.401265e+01,3.173164e-02,0,4.471345e-01,-1.773995e-04,4.422476e-02,6.781688e-02,-1.023181e-01,3.072411e-01,1.230469e+00,1.304295e+00,8.468397e-01,-1.464319e+00,-1.934084e-01,4.800940e-01,5.856260e-01,1.758687e-01,-1.118162e-03,0,-1.817956e-01
9.484728e-04,3.115301e+00,-2.955108e+00,-1.494176e+01,-1.392464e+01,8.068055e+00,9.541900e+00,5.215092e-01,6.154397e+00,-8.091955e+00,1.705071e+01,-9.382774e+00,-1.327758e+01,3.052282e-02,0,2.238750e-01,-1.433782e-04,-2.795832e-01,1.503980e-02,5.226593e-02,1.173065e-01,8.719264e-01,1.710943e+00,4.162971e-01,-9.416633e-01,1.399435e+00,-3.158083e-02,6.623972e-01,5.475368e-02,-1.148383e-03,0,-1.805525e-01
8.261221e-04,2.807021e+00,-3.208063e+00,-1.517532e+01,-1.270197e+01,7.797115e+00,1.126300e+01,1.159585e+00,5.692305e+00,-6.403041e+00,1.577835e+01,-8.398533e+00,-1.236036e+01,2.991840e-02,0,0,-1.177399e-04,-5.090928e-01,-6.082105e-03,-1.593046e-01,5.369911e-01,-1.152284e-01,7.759529e-01,4.032593e-01,-6.009796e-01,3.478092e+00,4.312979e-01,5.534345e-01,2.284422e-02,-1.601692e-03,0,-1.118144e-01
7.486651e-04,2.032260e+00,-3.176222e+00,-1.473499e+01,-1.279348e+01,7.932563e+00,1.236179e+01,1.329300e+00,5.628550e+00,-3.849891e-01,1.537715e+01,-8.759685e+00,-1.286047e+01,2.840737e-02,0,0,-1.079575e-04,-8.388381e-01,-5.673676e-02,-1.786954e-01,1.027956e+00,-8.956590e-01,-5.956127e-01,5.506924e-01,1.328731e-01,4.577722e+00,1.103393e+00,7.816510e-01,-4.871521e-01,-2.145664e-03,0,-4.477501e-02
6.053119e-04,1.141400e+00,-3.480907e+00,-1.568982e+01,-1.015714e+01,5.910339e+00,9.151052e+00,2.320366e+00,5.286876e+00,5.600895e+00,1.930404e+01,-7.401272e+00,-1.410699e+01,2.478090e-02,0,0,-9.696679e-05,-9.622303e-01,-5.230808e-02,-5.756251e-01,6.053799e-01,-1.550171e+00,-1.623357e+00,2.367733e-01,4.932950e-01,3.797797e+00,1.281411e+00,1.395110e+00,-1.557217e-01,-1.813237e-03,0,0
5.190906e-04,-2.460787e-01,-3.102370e+00,-1.557799e+01,-1.005728e+01,4.533148e+00,7.619811e+00,2.694581e+00,7.021477e+00,8.794687e+00,2.080483e+01,-5.973150e+00,-1.484003e+01,2.236325e-02,0,0,-7.166740e-05,-8.320608e-01,-1.687497e-01,-1.062726e+00,-1.858934e-01,-1.945182e+00,-1.875648e+00,-1.245311e-01,6.843600e-01,1.619292e+00,3.548431e-01,1.485325e+00,4.654503e-01,-1.511030e-04,0,0
4.560753e-04,-8.649608e-01,-3.506530e+00,-1.763194e+01,-1.104317e+01,1.745970e+00,5.517204e+00,1.660811e+00,7.462316e+00,7.996103e+00,1.947156e+01,-2.816253e+00,-1.214919e+01,2.387428e-02,0,0,-3.471864e-05,-6.190499e-01,-5.186225e-01,-1.146503e+00,-1.240887e+00,-1.738419e+00,-1.087034e+00,-5.898026e-01,2.553402e-01,-3.117143e-01,-8.716491e-01,9.022017e-01,9.564992e-01,2.024781e-03,0,0
4.649464e-04,-1.124863e+00,-4.007159e+00,-1.907755e+01,-1.327993e+01,2.888370e-01,4.800468e+00,1.036422e+00,7.962630e+00,6.513869e+00,1.706761e+01,-3.625569e+00,-1.151212e+01,2.810517e-02,0,0,-1.087457e-05,-2.523850e-01,-6.902159e-01,-9.055519e-01,-1.330112e+00,-1.244226e+00,-5.413653e-01,-5.170301e-01,-3.795873e-01,-1.093283e+00,-1.277235e+00,-2.803734e-01,9.367916e-01,2.266546e-03,0,0
4.587908e-04,-1.514457e+00,-5.621624e+00,-1.967255e+01,-1.475024e+01,-6.596019e-01,5.125552e+00,2.004320e-01,6.093000e+00,5.182733e+00,1.681441e+01,-4.064054e+00,-1.098845e+01,3.203385e-02,0,0,-1.494723e-05,-2.398463e-01,-3.695924e-01,2.397135e-01,-4.788183e-01,-3.969045e-01,8.408718e-02,-2.947059e-01,-7.315772e-01,-9.769985e-01,-8.712752e-01,-8.177962e-01,4.667065e-01,-3.022030e-05,0,0
4.633600e-04,-1.183256e+00,-5.495903e+00,-1.908545e+01,-1.485430e+01,-4.851952e-01,5.108810e+00,8.396203e-01,5.808198e+00,4.734955e+00,1.574724e+01,-6.751116e+00,-1.073644e+01,2.961620e-02,0,0,-2.922826e-05,-2.811138e-01,1.023049e-01,9.971367e-01,7.637492e-01,2.663625e-01,2.195754e-01,-3.239784e-01,-9.906141e-01,-6.237450e-01,-3.170033e-01,-3.230247e-01,2.379690e-01,-3.807797e-03,0,0
3.821324e-04,-2.034996e+00,-4.610120e+00,-1.642943e+01,-1.265007e+01,1.484642e-01,5.783469e+00,2.856828e-01,4.881646e+00,4.000567e+00,1.577537e+01,-5.342461e+00,-1.020349e+01,2.296767e-02,0,0,-3.942451e-05,-3.657286e-01,5.631712e-01,1.258785e+00,1.650959e+00,5.483550e-01,2.473478e-01,-6.639789e-01,-1.091221e+00,-4.251422e-01,-2.702630e-01,7.886000e-02,1.080541e-01,-6.195225e-03,0,0
3.571343e-04,-2.270163e+00,-4.001387e+00,-1.571343e+01,-1.051127e+01,1.216616e+00,5.569387e+00,-6.260958e-01,3.615237e+00,3.986226e+00,1.600211e+01,-4.601490e+00,-1.071475e+01,1.359928e-02,0,0,-3.786061e-05,-3.369256e-01,4.298459e-01,6.522840e-01,1.734503e+00,4.736125e-01,2.621994e-01,-8.234349e-01,-1.269199e+00,-3.289483e-01,-4.793966e-01,2.367654e-01,2.631644e-01,-5.077063e-03,0,0
3.147811e-04,-2.799646e+00,-3.553026e+00,-1.506463e+01,-8.666965e+00,1.231267e+00,6.132002e+00,-2.386604e+00,1.733377e+00,3.431386e+00,1.533566e+01,-4.744567e+00,-1.045903e+01,9.066183e-03,0,0,-2.372206e-05,-7.935686e-02,1.822449e-01,-3.405581e-01,9.769679e-01,1.694396e-01,-1.776087e-01,-4.673197e-01,-8.089185e-01,4.191804e-02,-9.644416e-01,-6.949940e-01,3.329790e-01,-8.461773e-04,0,0
3.077326e-04,-2.485559e+00,-3.875220e+00,-1.650642e+01,-8.173342e+00,1.341465e+00,6.245541e+00,-1.941411e+00,1.036339e+00,3.374804e+00,1.357011e+01,-5.866236e+00,-9.292853e+00,1.118163e-02,0,0,-2.085766e-05,-2.834146e-02,6.158295e-02,-1.013470e+00,1.361335e-01,1.243953e-01,-7.819239e-01,1.204587e-01,-2.187468e-01,4.984485e-01,-7.782291e-01,-5.407148e-01,7.229571e-01,3.747356e-03,0,0
2.882229e-04,-2.324083e+00,-3.761979e+00,-1.773572e+01,-8.934197e+00,9.332379e-01,4.557348e+00,-1.393258e+00,2.126502e+00,4.515869e+00,1.216916e+01,-8.185058e+00,-9.249547e+00,1.994560e-02,0,0,-1.381543e-05,-5.301349e-02,-7.307859e-02,-1.318720e+00,-3.098723e-01,4.069246e-01,-1.525623e+00,1.979290e-01,3.991590e-01,7.080587e-01,-1.311924e-01,4.928945e-01,7.421309e-01,4.714415e-03,0,0
2.661251e-04,-2.649652e+00,-3.588996e+00,-1.944524e+01,-9.696986e+00,1.987608e+00,2.447095e+00,-5.204754e-01,2.324940e+00,5.936227e+00,1.369421e+01,-5.584818e+00,-7.704704e+00,2.689634e-02,0,0,-1.321539e-05,-2.411266e-01,7.764681e-02,-9.423931e-01,-2.181389e-01,7.081569e-01,-1.667559e+00,-2.357528e-01,7.117219e-01,8.197691e-01,5.210888e-01,1.772652e+00,7.707298e-01,1.208824e-03,0,0
2.665077e-04,-2.982667e+00,-4.061532e+00,-2.018883e+01,-9.454505e+00,2.942819e+00,4.031089e-01,-2.107427e+00,3.084871e+00,5.690968e+00,1.461764e+01,-2.420804e+00,-7.542448e+00,2.478090e-02,0,0,-5.003144e-06,-3.910992e-01,8.226633e-04,-2.404573e-01,-1.644516e-03,6.706061e-01,-9.439001e-01,-2.444158e-01,1.104138e+00,8.539348e-01,4.715595e-01,2.087636e+00,5.565491e-01,-4.230886e-03,0,0
2.525132e-04,-3.361899e+00,-3.337210e+00,-1.999184e+01,-9.003882e+00,3.877460e+00,-1.513741e-02,-2.763090e+00,4.115764e+00,6.886100e+00,1.495131e+01,1.148990e-01,-6.292754e+00,1.480810e-02,0,0,5.203477e-06,-3.298951e-01,1.359523e-01,3.441811e-01,-5.762196e-02,1.757168e-01,5.879899e-01,7.327677e-01,1.348308e+00,9.918793e-01,-2.115282e-01,8.638555e-01,-1.501379e-01,-7.132064e-03,0,0
2.700131e-04,-3.923455e+00,-3.883759e+00,-1.866471e+01,-9.288972e+00,3.341342e+00,1.068964e+00,-1.494030e+00,6.751779e+00,8.310606e+00,1.389841e+01,-5.967391e-01,-7.172777e+00,4.835298e-03,0,0,5.654930e-06,-2.516050e-01,2.985019e-01,6.308573e-01,-3.349619e-01,-3.820933e-01,1.703979e+00,1.517922e+00,4.778828e-01,8.290319e-01,-7.706442e-01,-2.194300e-01,-7.195725e-01,-5.349048e-03,0,0
2.903898e-04,-3.828733e+00,-2.998121e+00,-1.848639e+01,-1.006786e+01,2.666930e+00,5.054117e+00,2.836664e+00,7.233027e+00,9.585805e+00,1.299619e+01,-2.177573e+00,-8.640229e+00,1.208824e-03,0,0,-1.115282e-06,-2.119952e-01,3.847797e-01,5.902203e-01,-4.854550e-01,-7.312524e-01,1.621277e+00,1.465732e+00,-5.659603e-01,6.483003e-01,-1.126327e+00,-7.310258e-01,-1.204867e+00,4.835296e-04,0,0
2.758441e-04,-4.007275e+00,-2.738567e+00,-1.778726e+01,-1.059732e+01,1.637617e+00,6.388378e+00,2.682306e+00,3.915654e+00,8.486276e+00,1.174199e+01,-2.371718e+00,-9.966573e+00,4.835298e-03,0,0,-1.422464e-05,-3.068861e-01,3.436875e-01,-4.799080e-03,-5.437938e-01,-5.134016e-01,3.916622e-01,2.642857e-01,-1.506568e+00,6.229824e-01,-1.334403e+00,-6.167027e-01,-5.702946e-01,6.920519e-03,0,0
2.440213e-04,-4.379965e+00,-1.985907e+00,-1.747946e+01,-1.077698e+01,1.073060e+00,5.431539e+00,2.477405e+00,2.704025e+00,1.003977e+01,1.039789e+01,-2.652741e+00,-1.092019e+01,1.722575e-02,0,0,-2.044025e-05,-5.667722e-01,-1.633113e-01,-2.302034e-01,-3.199600e-01,-8.414637e-02,-8.095053e-01,-3.844297e-01,-7.179249e-01,7.859758e-01,-1.074289e+00,-4.969315e-01,7.620897e-02,9.549714e-03,0,0
2.220741e-04,-5.182269e+00,-2.671428e+00,-1.919217e+01,-1.165338e+01,1.571269e+00,2.838564e+00,7.028490e-03,1.483439e+00,1.119854e+01,8.525542e+00,-3.442669e+00,-8.884270e+00,3.142944e-02,0,0,-1.319554e-05,-6.417739e-01,-5.837743e-01,-5.765740e-01,9.275961e-02,5.753605e-01,-7.187517e-01,-1.120927e-01,3.630680e-01,7.182912e-01,-1.350093e-01,-3.121845e-01,1.984824e-01,6.799637e-03,0,0
2.150735e-04,-6.075098e+00,-3.848246e+00,-1.893495e+01,-1.113963e+01,2.279372e+00,2.781497e+00,2.252155e+00,4.859510e+00,1.215955e+01,9.232965e+00,-4.126755e+00,-8.800336e+00,3.566032e-02,0,0,-4.382321e-06,-5.244022e-01,-7.037230e-01,-1.252773e-01,4.798698e-01,7.340093e-01,1.435372e-01,4.832967e-01,1.370299e+00,2.509018e-01,7.343584e-01,-3.906573e-01,-1.775907e-01,3.022060e-04,0,0
2.243403e-04,-6.368578e+00,-4.726268e+00,-1.994239e+01,-9.952200e+00,3.911264e+00,4.119641e+00,2.234467e+00,4.653252e+00,1.101784e+01,1.164940e+01,-3.195633e+00,-1.003409e+01,2.961620e-02,0,0,9.143943e-07,-2.835816e-01,-2.618937e-01,3.752643e-01,6.989061e-01,7.275960e-01,8.255697e-01,5.660056e-01,1.398301e+00,2.254907e-01,1.112123e+00,-4.152922e-01,-4.695831e-01,-5.046843e-03,0,0
2.209767e-04,-6.408822e+00,-4.477102e+00,-1.773074e+01,-9.228223e+00,3.573109e+00,5.508687e+00,3.780169e+00,7.970612e+00,1.138463e+01,1.250775e+01,-4.729545e+00,-1.123323e+01,1.964340e-02,0,0,-3.731431e-07,-2.189724e-01,2.432120e-01,6.532595e-01,4.256608e-01,7.024791e-01,7.136603e-01,1.668166e-01,5.614800e-01,-3.538464e-01,6.345999e-01,-1.281015e-01,9.707775e-02,-6.497432e-03,0,0
2.236945e-04,-6.433315e+00,-3.666469e+00,-1.791796e+01,-9.114556e+00,4.562381e+00,5.602818e+00,2.073050e+00,6.919395e+00,1.271345e+01,1.244876e+01,-5.217735e+00,-1.001574e+01,1.420369e-02,0,0,-5.583580e-06,-4.625327e-01,3.461715e-01,8.775204e-01,3.924120e-01,6.656727e-01,-1.968477e-01,-4.147211e-01,3.657828e-02,-4.036533e-01,1.998720e-02,3.090481e-01,4.493517e-01,-3.958900e-03,0,0
2.135307e-04,-7.137591e+00,-3.162086e+00,-1.668087e+01,-9.430152e+00,5.466209e+00,5.608210e+00,3.166946e+00,6.533838e+00,9.542514e+00,1.200628e+01,-3.756212e+00,-8.324122e+00,1.087942e-02,0,0,-9.034860e-06,-6.073576e-01,1.881487e-01,6.811048e-01,7.606554e-01,5.518748e-01,-7.173414e-01,-7.717130e-01,-7.865947e-01,-9.262301e-01,-5.340885e-01,1.121753e+00,6.862437e-01,9.066184e-04,0,0
2.001454e-04,-8.316857e+00,-3.652919e+00,-1.607972e+01,-7.889175e+00,6.293077e+00,3.085641e+00,4.674728e-01,5.554530e+00,9.920628e+00,1.200007e+01,-2.137059e+00,-9.241884e+00,1.420369e-02,0,0,-9.302827e-06,-4.169405e-01,-1.569015e-01,4.798692e-01,8.971760e-01,-2.022915e-01,-1.164498e+00,-9.725901e-01,-7.277678e-01,-2.513918e-01,-7.533948e-01,8.512791e-01,3.115719e-01,5.500151e-03,0,0
1.875769e-04,-8.503839e+00,-3.543133e+00,-1.524433e+01,-6.037636e+00,5.467135e+00,3.180568e+00,7.243920e-01,4.720071e+00,8.149888e+00,1.006165e+01,-6.611150e-01,-8.188941e+00,2.417649e-02,0,0,-5.671283e-06,1.406093e-02,-1.305002e-01,-9.507713e-02,8.555729e-01,-5.617156e-01,-6.367104e-01,-8.230766e-01,-8.623274e-01,6.670157e-01,-7.657970e-01,-1.548595e-01,-2.054148e-02,9.035963e-03,0,0
1.901573e-04,-7.834894e+00,-4.260453e+00,-1.623688e+01,-6.324934e+00,3.550460e+00,9.941481e-01,-1.568623e+00,4.187440e+00,1.215281e+01,9.654104e+00,-2.508888e+00,-8.525468e+00,3.505591e-02,0,0,-1.403698e-06,3.673503e-01,-6.300306e-03,-4.866734e-01,-3.942461e-02,-6.631548e-01,-2.805881e-01,-1.960736e-01,-5.600461e-01,3.597904e-01,-8.402348e-01,-8.129429e-01,1.729827e-01,9.821699e-03,0,0
1.901683e-04,-7.308268e+00,-3.510820e+00,-1.707768e+01,-5.934408e+00,4.028940e+00,3.470404e+00,6.961123e-02,2.905746e+00,1.176150e+01,9.350282e+00,-4.344594e+00,-8.785038e+00,4.563312e-02,0,0,-1.296664e-06,3.461475e-01,1.187843e-01,-4.121738e-01,-3.318849e-01,-3.564400e-01,-4.934866e-02,9.558203e-02,2.692141e-01,-1.068740e-01,-7.461260e-01,-7.527164e-01,2.188833e-01,7.011181e-03,0,0
1.918312e-04,-7.077891e+00,-3.700577e+00,-1.759641e+01,-8.137913e+00,3.696401e+00,1.537782e+00,-1.855048e-01,3.661462e+00,9.913773e+00,8.154584e+00,-4.360034e+00,-8.078922e+00,5.258386e-02,0,0,-4.265107e-06,8.782797e-02,1.896300e-01,1.677040e-01,-1.112185e-01,-1.443805e-01,-1.835041e-01,1.766395e-01,1.208255e+00,-7.919912e-01,-9.956211e-01,2.335185e-01,5.812160e-01,1.269265e-03,0,0
1.802566e-04,-7.151602e+00,-3.229150e+00,-1.662543e+01,-6.790572e+00,3.611964e+00,2.662008e+00,5.107428e-01,6.329131e+00,8.735036e+00,7.080784e+00,-3.499124e+00,-7.317797e+00,5.046842e-02,0,0,-5.900390e-06,-1.735038e-01,4.576995e-02,6.546000e-01,6.852940e-01,1.968910e-01,-3.867714e-01,-2.349476e-01,1.787429e+00,2.266737e-01,-6.689813e-01,6.609824e-01,3.232618e-01,-5.167725e-03,0,0
1.737876e-04,-7.474087e+00,-3.453138e+00,-1.562448e+01,-6.452945e+00,3.037045e+00,4.808262e-01,-9.059918e-01,8.517021e+00,9.706085e+00,5.810748e+00,-1.764030e+00,-6.353008e+00,3.898459e-02,0,0,-4.192717e-06,-4.000736e-01,-1.830958e-01,6.547734e-01,1.287864e+00,6.710175e-01,1.709422e-01,-3.235913e-01,1.166113e+00,1.089628e+00,-2.298038e-01,7.704453e-02,-2.903016e-01,-7.101844e-03,0,0
1.696882e-04,-7.977689e+00,-3.405690e+00,-1.479064e+01,-3.350421e+00,5.343072e+00,2.065025e+00,-7.448831e-01,9.415111e+00,1.299871e+01,7.177293e+00,-2.337684e+00,-8.031686e+00,2.659414e-02,0,0,-2.682078e-07,-3.649729e-01,-2.983499e-01,2.298336e-01,1.096951e+00,1.090559e+00,4.940940e-01,-2.595276e-01,4.742980e-02,6.449835e-01,-2.996880e-01,-1.017092e+00,-7.797155e-01,-2.750075e-03,0,0
1.761519e-04,-8.665215e+00,-4.527786e+00,-1.523994e+01,-3.418669e+00,6.185935e+00,2.690984e+00,-1.175649e+00,7.949037e+00,1.323008e+01,6.957310e+00,-4.555531e+00,-9.173486e+00,2.901179e-02,0,0,3.147987e-07,-1.478324e-01,-4.183714e-02,-1.416368e-01,3.105944e-01,6.801634e-01,6.453024e-01,1.586477e-01,-4.278184e-01,-7.819011e-01,-7.761298e-01,-1.491575e+00,-8.089272e-01,3.263827e-03,0,0
1.777334e-04,-8.380902e+00,-4.183576e+00,-1.566854e+01,-2.822956e+00,7.490314e+00,4.027399e+00,-6.520669e-01,6.850272e+00,1.019796e+01,5.009063e+00,-7.188834e+00,-9.806136e+00,4.170444e-02,0,0,-2.521314e-06,2.236183e-01,6.071216e-01,1.241169e-02,-5.811189e-01,-9.581604e-02,1.135681e-01,3.569379e-01,-1.863913e-01,-2.102027e+00,-1.176993e+00,-6.527463e-01,2.335286e-01,4.351768e-03,0,0
1.713390e-04,-8.011642e+00,-3.273381e+00,-1.589372e+01,-5.163706e+00,5.364241e+00,2.726152e+00,-1.591613e-01,7.660348e+00,7.196958e+00,3.014214e+00,-6.796332e+00,-9.510419e+00,4.774857e-02,0,0,-5.990035e-06,4.631401e-01,1.074247e+00,5.386839e-01,-6.715878e-01,-8.833718e-01,8.156538e-04,4.910814e-01,-4.879289e-02,-1.962904e+00,-2.766494e-01,1.178201e+00,1.287643e+00,-2.145663e-03,0,0
1.594881e-04,-7.186384e+00,-9.972844e-01,-1.440170e+01,-5.383498e+00,5.274839e+00,2.615282e+00,5.315627e-01,8.627499e+00,5.505139e+00,3.263879e+00,-4.481016e+00,-6.695576e+00,3.898459e-02,0,0,-5.278186e-06,4.205439e-01,8.846498e-01,9.474579e-01,-1.854553e-01,-1.305115e+00,2.935162e-01,2.148087e-01,-2.036143e-01,-4.303474e-01,1.270781e+00,2.220391e+00,1.640190e+00,-9.942581e-03,0,0
1.553244e-04,-6.946774e+00,-7.496971e-01,-1.317994e+01,-5.496337e+00,2.876813e+00,3.401120e+00,6.879439e-01,6.816459e+00,5.761967e+00,6.446655e+00,-1.843627e-02,-4.290551e+00,1.964340e-02,0,0,-2.233342e-06,1.583610e-01,3.562292e-01,8.155473e-01,6.006166e-01,-1.000641e+00,5.986068e-01,-1.188104e-01,-6.339273e-01,7.949644e-01,1.994172e+00,2.133909e+00,1.398958e+00,-1.272288e-02,0,0
1.593498e-04,-6.810617e+00,-1.022169e+00,-1.228813e+01,-3.583916e+00,2.208456e+00,5.157495e+00,-1.576205e-03,6.254145e+00,8.763717e+00,9.646747e+00,5.241730e-01,-4.215123e+00,6.044122e-03,0,0,-3.047346e-07,-1.863958e-01,-1.628067e-01,4.501185e-01,6.950913e-01,-7.559166e-01,2.141809e-01,-3.877997e-01,-4.571519e-01,1.574538e+00,1.523703e+00,1.065728e+00,1.060952e+00,-9.700815e-03,0,0
1.602414e-04,-7.407721e+00,-1.479792e+00,-1.287276e+01,-3.060413e+00,1.894228e+00,4.448079e+00,-4.866437e-01,5.677389e+00,9.542491e+00,9.793637e+00,1.370618e+00,-3.755857e+00,6.044122e-04,0,0,-1.341797e-06,-4.324699e-01,-1.506476e-01,3.048052e-01,5.181049e-01,1.884178e-01,-2.859039e-01,-2.225029e-01,1.901640e-01,7.359878e-01,1.608034e-01,-4.593236e-01,9.415561e-01,-2.055002e-03,0,0
1.555059e-04,-7.887890e+00,-1.446271e+00,-1.230469e+01,-3.126003e+00,1.986549e+00,3.162707e+00,-8.201421e-01,6.911274e+00,1.148757e+01,9.208901e+00,1.530957e-01,-1.658165e+00,0,0,0,-3.466828e-06,-5.664632e-01,-2.030348e-02,3.830064e-01,3.314075e-01,6.751335e-01,-3.056510e-01,3.237188e-02,5.270109e-01,-2.740080e-01,-8.607151e-01,-1.260544e+00,5.374299e-01,4.925960e-03,0,0
1.505373e-04,-8.570487e+00,-1.290884e+00,-1.164764e+01,-3.134769e+00,3.929856e+00,2.968995e+00,-1.528748e-02,7.438715e+00,8.079982e+00,7.469595e+00,-2.129516e+00,-8.612495e-01,1.239045e-02,0,0,-2.889782e-06,-5.009433e-01,9.707332e-02,3.882872e-01,4.158700e-01,1.120756e+00,3.049643e-01,8.565527e-02,4.776684e-01,-8.539959e-01,-1.001001e+00,-1.689963e+00,-4.006690e-01,8.522213e-03,0,0
1.468677e-04,-9.061550e+00,-1.218140e+00,-1.098567e+01,-1.889701e+00,4.566310e+00,4.368782e+00,-7.539491e-02,8.008536e+00,8.124931e+00,6.505192e+00,-4.028481e+00,-2.975277e+00,2.478090e-02,0,0,-6.598231e-07,-3.509322e-01,1.152215e-01,2.210588e-01,4.581614e-01,9.132534e-01,6.058242e-01,-2.908151e-01,-5.134085e-01,-5.016409e-01,-4.907310e-01,-9.843445e-01,-1.037507e+00,5.530372e-03,0,0
1.501116e-04,-9.325607e+00,-1.108491e+00,-1.159084e+01,-1.599215e+00,6.208128e+00,5.369863e+00,-4.307409e-01,7.517100e+00,6.953828e+00,6.140485e+00,-4.988410e+00,-5.100646e+00,3.082502e-02,0,0,1.683658e-06,-1.996795e-01,1.150905e-01,2.110007e-01,4.627599e-01,2.352810e-01,3.644651e-01,-2.494142e-01,-1.255374e+00,6.522397e-01,4.822791e-01,1.393666e-01,-2.420504e-01,-8.763978e-04,0,0
1.524197e-04,-9.264991e+00,-9.613596e-01,-1.122780e+01,-1.602974e+00,5.413680e+00,4.991394e+00,-2.066491e+00,4.305039e+00,9.542438e+00,7.419801e+00,-3.339180e+00,-4.726000e+00,1.843457e-02,0,0,1.777116e-06,-7.415304e-02,1.353570e-01,3.495197e-01,3.975016e-01,-3.525774e-01,1.037627e-01,3.307040e-01,-1.705647e+00,7.224818e-01,6.467953e-01,8.680241e-01,1.041950e+00,-4.321548e-03,0,0
1.561796e-04,-9.467164e+00,-8.438217e-01,-1.047157e+01,-9.643335e-01,4.682576e+00,4.480014e+00,-2.668103e-01,3.013593e+00,1.063243e+01,9.423686e+00,-1.777333e+00,-1.196140e+00,1.118163e-02,0,0,3.666326e-07,1.642246e-02,-3.637385e-02,2.881003e-01,3.854443e-01,-9.935755e-01,2.119751e-01,1.055129e+00,-1.255191e+00,5.201332e-01,7.777089e-01,1.300846e+00,1.719076e+00,-2.538531e-03,0,0
1.527192e-04,-9.361537e+00,-6.736897e-01,-9.797704e+00,-2.196337e-01,3.566199e+00,5.332520e+00,1.496160e+00,1.732055e+00,9.898041e+00,8.097569e+00,-1.293899e+00,2.822188e-01,1.299486e-02,0,0,-1.473885e-06,1.708317e-01,-2.325155e-01,-3.622951e-02,2.069916e-01,-1.103908e+00,1.244402e-01,1.264154e+00,-1.867104e-01,-1.842248e-01,3.420249e-01,7.605902e-01,4.559433e-01,1.390148e-03,0,0
1.517949e-04,-9.195222e+00,-1.434195e+00,-1.086539e+01,-3.636632e-01,2.163991e+00,6.259176e+00,3.063580e+00,2.527635e+00,9.376693e+00,9.690146e+00,4.931777e-01,9.906240e-01,2.085222e-02,0,0,-2.587837e-06,2.082352e-01,-3.735630e-01,-3.260379e-01,-4.088770e-01,-1.245538e+00,-3.140968e-01,2.847606e-01,7.146493e-01,-5.230819e-01,1.671187e-01,4.033569e-01,-7.633890e-01,2.991840e-03,0,0
1.472426e-04,-8.546803e+00,-1.828751e+00,-1.121204e+01,-8.683512e-01,1.153433e+00,4.724014e+00,2.589082e+00,3.614466e+00,9.249181e+00,8.996696e+00,-6.714845e-01,-3.539665e+00,2.055001e-02,0,0,-1.887992e-06,-3.051233e-02,-3.694381e-01,-3.270306e-01,-1.042089e+00,-1.100715e+00,-7.644397e-01,-3.903627e-01,1.284895e+00,-9.453562e-01,-2.723201e-01,-1.587682e-01,-1.095691e+00,2.266546e-03,0,0
1.459788e-04,-8.833355e+00,-2.134106e+00,-1.139459e+01,-2.684360e+00,-3.387330e-01,3.213783e+00,6.105317e-01,5.645634e+00,8.341448e+00,9.809716e+00,-7.175615e-02,-3.102143e+00,2.236325e-02,0,0,-1.227092e-06,-3.406650e-01,-4.549911e-02,1.131151e-01,-1.096484e+00,-5.295497e-01,-4.547547e-01,-4.412502e-01,1.140566e+00,-1.292917e+00,-1.193580e+00,-6.762999e-01,-4.870110e-01,1.208823e-04,0,0
1.461873e-04,-9.695032e+00,-2.170925e+00,-1.116825e+01,-4.269730e+00,-6.860138e-01,3.033018e+00,7.708710e-01,6.597530e+00,5.688882e+00,6.676183e+00,-1.805273e+00,-3.149854e+00,2.357208e-02,0,0,-2.390880e-08,-5.802752e-01,2.707118e-01,3.962008e-01,-7.343089e-01,1.516094e-01,2.686612e-01,2.517559e-01,3.749761e-01,-8.963320e-01,-1.138148e+00,-3.286155e-01,6.954594e-01,-2.296766e-03,0,0
1.461871e-04,-1.032443e+01,-1.490604e+00,-1.032170e+01,-4.145392e+00,4.359661e-01,4.830900e+00,1.766435e+00,6.738934e+00,4.692258e+00,4.882501e+00,-2.321428e+00,-1.639337e+00,1.994560e-02,0,0,-3.397319e-07,-4.831344e-01,5.859678e-01,6.223666e-01,1.496401e-01,5.286704e-01,5.189020e-01,6.747206e-01,-4.240020e-01,4.268651e-02,-9.348677e-01,-1.067082e-01,4.530333e-01,-3.445150e-03,0,0
1.470189e-04,-1.070264e+01,-7.969430e-01,-9.767476e+00,-3.809380e+00,1.524130e+00,5.258762e+00,3.269910e+00,4.942696e+00,6.592115e+00,5.769566e+00,-1.189726e+00,-7.937711e-01,1.027501e-02,0,0,-5.883514e-07,-2.696767e-01,5.855604e-01,3.887895e-01,1.362191e-01,3.483110e-02,1.703118e-01,1.687926e-01,-7.590235e-01,9.007711e-01,2.613025e-01,7.022151e-01,4.743772e-01,-1.178604e-03,0,0
1.438644e-04,-1.074522e+01,1.087422e-01,-8.983146e+00,-2.166334e+00,1.199547e+00,4.695421e+00,2.734615e+00,4.353041e+00,8.103264e+00,5.588686e+00,-9.130704e-01,-2.015018e+00,1.178604e-02,0,0,1.966822e-07,-5.866575e-02,3.717718e-01,-9.988203e-02,-3.224742e-02,-3.785285e-01,-8.354297e-02,-3.329381e-01,-6.022329e-01,1.118065e+00,8.951437e-01,3.740046e-01,-8.310156e-02,3.505591e-03,0,0
1.444070e-04,-1.083302e+01,-4.279566e-02,-9.893585e+00,-4.578163e+00,-8.936486e-01,3.952316e+00,1.130744e+00,3.995359e+00,8.487235e+00,7.629603e+00,1.001624e+00,-5.901279e-01,2.175884e-02,0,0,3.167399e-06,1.148150e-01,2.369947e-01,-3.530045e-01,-8.996744e-02,-2.478224e-01,1.537149e-01,-3.738121e-01,6.957884e-02,1.105528e+00,9.362701e-01,9.052053e-02,8.360098e-02,4.170444e-03,0,0
1.484765e-04,-1.055257e+01,-8.818030e-03,-1.075806e+01,-3.922237e+00,-2.477872e-01,5.066408e+00,1.171327e+00,4.201438e+00,9.335022e+00,8.428201e+00,-1.547080e+00,-2.156667e+00,3.173164e-02,0,0,6.912841e-06,2.016107e-01,3.333068e-01,-3.398085e-02,4.815409e-01,4.410946e-01,5.917670e-01,2.402916e-01,6.549045e-01,8.909668e-01,4.690220e-01,-2.969011e-01,2.235662e-01,-4.230887e-04,0,0
1.605498e-04,-1.022489e+01,4.468109e-01,-1.064504e+01,-3.381265e+00,1.008685e+00,5.841843e+00,2.182493e+00,5.366392e+00,1.150388e+01,9.031159e+00,-4.201186e-01,-3.049418e-01,2.115443e-02,0,0,9.707428e-06,2.805479e-01,6.502551e-01,7.341533e-01,1.113530e+00,7.332327e-01,5.735230e-01,6.373979e-01,1.236019e+00,5.024619e-01,-1.454269e-01,9.303515e-02,2.486376e-01,-6.527652e-03,0,0
1.703571e-04,-1.004123e+01,1.530473e+00,-8.777321e+00,-3.570785e-01,2.453853e+00,6.709493e+00,3.410198e+00,6.942047e+00,1.104978e+01,7.233018e+00,-1.686705e+00,-1.039780e+00,9.972801e-03,0,0,8.909616e-06,1.820427e-01,8.048499e-01,1.282378e+00,1.215484e+00,7.933049e-01,4.990825e-01,5.035132e-01,1.208682e+00,-1.709749e-01,-3.530630e-01,6.819679e-01,4.614361e-01,-7.796917e-03,0,0
1.820038e-04,-9.685949e+00,2.438834e+00,-7.213187e+00,-7.930917e-01,1.421695e+00,5.998389e+00,3.198298e+00,8.805150e+00,1.014217e+01,7.500060e+00,1.536612e+00,9.461681e-02,0,0,0,3.924704e-06,3.436327e-02,6.852483e-01,1.087819e+00,8.130243e-01,8.333025e-01,8.275693e-01,2.633316e-01,4.040235e-01,-7.675421e-01,-1.815071e-01,7.888042e-01,3.609872e-01,-3.566032e-03,0,0
1.822976e-04,-9.911829e+00,3.019420e+00,-6.062097e+00,8.610942e-01,3.512233e+00,7.483548e+00,3.180991e+00,8.525467e+00,9.161002e+00,7.428436e+00,8.843941e-01,-4.926546e-02,3.324267e-03,0,0,-1.517168e-07,-1.437100e-01,3.169583e-01,6.288548e-01,4.883656e-01,9.717646e-01,9.501675e-01,2.961294e-01,-3.474840e-01,-1.048284e+00,-3.243375e-02,8.637349e-01,6.277221e-01,6.648534e-04,0,0
1.742031e-04,-1.011778e+01,3.128579e+00,-6.563563e+00,7.476994e-02,4.646008e+00,9.592662e+00,3.613754e+00,6.594799e+00,8.610554e+00,8.025915e+00,2.238353e+00,1.004737e+00,6.648534e-03,0,0,-1.212831e-06,-2.610242e-01,-1.491685e-01,3.542567e-01,4.912143e-01,7.742884e-01,7.580078e-01,2.466172e-01,-8.274763e-01,-1.091453e+00,-3.180866e-02,7.091701e-01,9.566862e-01,1.994560e-03,0,0
1.734989e-04,-1.054387e+01,2.770392e+00,-5.957859e+00,1.650818e+00,5.700519e+00,9.663194e+00,4.683117e+00,6.309803e+00,6.574165e+00,6.807922e+00,2.281099e+00,1.643770e+00,9.972801e-03,0,0,1.482482e-06,-2.468164e-01,-5.133253e-01,1.714014e-01,3.748450e-01,2.107365e-01,1.918163e-02,-4.310975e-02,-5.740120e-01,-5.711159e-01,8.887181e-02,1.170951e+00,1.011615e+00,0,0,0
1.803390e-04,-1.067505e+01,1.817505e+00,-5.494022e+00,1.268117e+00,4.198993e+00,8.698605e+00,3.680321e+00,5.775600e+00,5.978321e+00,7.651273e+00,4.384110e+00,4.031530e+00,6.648534e-03,0,0,8.379837e-07,-2.720416e-01,-6.230907e-01,-3.459511e-02,3.161940e-01,-8.932982e-02,-3.795063e-01,-2.985147e-01,-3.313542e-01,2.504926e-01,6.645256e-01,1.005388e+00,2.475844e-01,-1.994560e-03,0,0
1.866420e-04,-1.086728e+01,1.108331e+00,-5.739861e+00,2.138645e+00,4.789423e+00,8.026484e+00,2.932159e+00,6.065006e+00,7.621540e+00,8.060116e+00,5.666271e+00,3.495411e+00,3.324267e-03,0,0,-3.980844e-06,-1.748295e-01,-3.876150e-01,-6.621314e-01,-9.192763e-02,-2.411618e-01,-6.042002e-01,-4.614748e-01,-3.383840e-01,6.870430e-01,1.289462e+00,7.082583e-01,-7.559811e-01,-2.659414e-03,0,0
1.718214e-04,-1.131628e+01,8.441562e-01,-6.845538e+00,1.411827e+00,4.654907e+00,8.513485e+00,2.996660e+00,5.060426e+00,9.339330e+00,1.072245e+01,5.572706e+00,1.316839e+00,0,0,0,-8.702188e-06,-5.364685e-02,-6.850314e-03,-9.084597e-01,-2.279798e-01,-1.507970e-01,-8.474125e-01,-4.287042e-01,-4.416934e-01,3.639611e-01,1.485109e+00,4.331017e-02,-1.052577e+00,-7.555153e-04,0,0
1.578534e-04,-1.109740e+01,1.318992e+00,-8.592758e+00,1.119326e+00,4.266753e+00,6.734752e+00,2.717573e+00,4.975470e+00,8.328876e+00,1.171965e+01,5.228093e+00,-7.787895e-01,0,0,0,-9.125043e-06,8.591690e-02,1.082247e-01,-6.148047e-01,-2.670068e-03,-3.987043e-01,-1.295123e+00,-7.541775e-01,-5.111610e-01,-5.449798e-01,6.866784e-01,-3.203462e-01,-1.841230e-01,1.964340e-03,0,0
1.512223e-04,-1.082822e+01,1.677923e+00,-8.609872e+00,6.378782e-01,3.706343e+00,5.107409e+00,1.644093e+00,4.111902e+00,7.444458e+00,1.324705e+01,4.819750e+00,9.057439e-01,4.533092e-03,0,0,-4.895394e-06,1.585674e-03,-4.450035e-03,1.753397e-02,3.208030e-01,-2.073359e-03,-1.161324e+00,-9.860384e-01,-3.254294e-01,-4.844924e-01,-8.414739e-01,-6.881183e-01,7.384059e-01,4.533092e-03,0,0
1.513164e-04,-1.068172e+01,1.232571e+00,-7.931717e+00,2.512269e+00,3.270183e+00,3.253906e+00,-1.624448e-01,3.983464e+00,5.844077e+00,1.023121e+01,4.441018e+00,2.780343e+00,1.087942e-02,0,0,-8.875330e-07,-3.015823e-01,-1.817534e-01,5.781272e-01,4.906595e-01,5.212618e-01,-3.791610e-01,-6.689534e-01,7.458713e-02,-3.357992e-02,-2.099288e+00,-1.253397e+00,5.133653e-01,3.807797e-03,0,0
1.506130e-04,-1.151619e+01,8.651164e-01,-7.088388e+00,2.319370e+00,5.142826e+00,4.447289e+00,-4.935235e-01,3.929282e+00,8.159267e+00,7.259298e+00,2.525652e+00,3.229302e+00,1.722575e-02,0,0,2.840493e-06,-5.598172e-01,5.606401e-03,6.077784e-01,3.926206e-01,1.030058e+00,5.115799e-01,4.876929e-02,6.582891e-01,5.624703e-01,-2.382598e+00,-1.123778e+00,-3.598983e-01,5.439710e-04,0,0
1.537204e-04,-1.226133e+01,8.166280e-01,-6.462864e+00,2.731877e+00,6.154821e+00,5.169007e+00,4.416145e-01,5.439715e+00,7.803571e+00,4.217086e+00,1.081558e-01,6.262581e-01,1.269266e-02,0,0,6.180411e-06,-3.862964e-01,4.059791e-01,7.081820e-01,4.778121e-01,1.167372e+00,1.210557e+00,1.121217e+00,1.171824e+00,2.113716e-01,-9.554321e-01,-5.279126e-01,-1.100146e+00,-3.263826e-03,0,0
1.642228e-04,-1.283751e+01,1.913927e+00,-6.305407e+00,2.491177e+00,7.414313e+00,6.707757e+00,1.585910e+00,6.675222e+00,9.277062e+00,4.341120e+00,1.367291e+00,1.832948e-01,6.346328e-03,0,0,6.607990e-06,-1.776800e-02,4.948730e-01,7.593022e-01,8.811659e-01,5.308554e-01,1.170877e+00,1.322916e+00,1.092664e+00,-7.443427e-01,1.264143e-01,2.275678e-01,-7.784594e-01,-3.203385e-03,0,0
1.754135e-04,-1.195255e+01,2.738061e+00,-4.782298e+00,4.815426e+00,7.971301e+00,8.176459e+00,4.403925e+00,8.469616e+00,6.342037e+00,6.913134e+00,2.380635e+00,-1.197385e+00,0,0,0,2.834975e-06,2.751210e-01,1.819954e-01,8.182529e-01,9.347543e-01,1.347629e-01,9.651827e-01,9.740266e-01,3.328970e-01,-1.318733e+00,7.360365e-01,1.271224e-01,3.079150e-02,6.044123e-04,0,0
1.728064e-04,-1.175942e+01,2.378764e+00,-4.132161e+00,5.683424e+00,6.888863e+00,8.797946e+00,4.139902e+00,7.877651e+00,5.168321e+00,6.543345e+00,2.527251e+00,2.488263e-01,7.555153e-03,0,0,-3.510385e-06,3.824762e-01,-3.163603e-01,4.205101e-01,5.084779e-01,-4.219225e-01,-7.460976e-02,-3.394344e-01,-6.960827e-01,-1.186333e+00,3.251201e-01,-4.626865e-01,4.904375e-01,4.291327e-03,0,0
1.636035e-04,-1.142476e+01,1.494186e+00,-3.458222e+00,5.809525e+00,7.091361e+00,8.949826e+00,4.034751e+00,6.502985e+00,3.264278e+00,6.796156e+00,1.637879e-01,7.474498e-01,1.511031e-02,0,0,-6.325160e-06,5.111225e-01,-5.007820e-01,-3.131875e-01,-4.602633e-01,-5.064806e-01,-9.682285e-01,-1.924225e+00,-1.719476e+00,-3.209961e-01,2.905665e-01,-2.721862e-01,5.350054e-01,3.807797e-03,0,0
1.525759e-04,-1.118902e+01,9.540627e-01,-4.864893e+00,4.536517e+00,5.744670e+00,5.948025e+00,7.332452e-02,4.178124e+00,4.884277e+00,6.025210e+00,1.622818e-01,1.663065e+00,2.024781e-02,0,0,-4.918961e-06,6.989427e-01,-4.919560e-01,-9.331809e-01,-8.885115e-01,-4.435556e-01,-1.281190e+00,-2.356137e+00,-1.712166e+00,2.730315e-01,7.739388e-01,5.047940e-01,3.184113e-01,3.626473e-04,0,0
1.539030e-04,-9.682138e+00,9.465023e-01,-5.981869e+00,3.087563e+00,6.010994e+00,4.760277e+00,-3.183912e+00,1.721998e+00,4.879078e+00,8.625034e+00,2.202188e+00,7.705229e-01,1.269266e-02,0,0,-2.670425e-06,6.782125e-01,-3.017102e-01,-1.086067e+00,-8.481973e-01,-3.597337e-01,-7.182704e-01,-1.586065e+00,-1.306015e+00,2.421502e-01,5.977800e-01,4.608239e-01,2.133010e-01,-9.670596e-04,0,0
1.530618e-04,-9.136022e+00,1.928263e-01,-7.536242e+00,2.601848e+00,5.211268e+00,4.486770e+00,-4.031450e+00,1.707315e+00,5.726078e+00,9.498600e+00,4.032021e+00,1.829346e+00,1.057721e-02,0,0,-1.636552e-06,2.460485e-01,-4.324595e-02,-5.431315e-01,-4.776631e-02,3.786109e-01,3.666917e-01,5.515328e-01,-2.396712e-01,-3.545479e-01,2.039944e-01,-3.380730e-01,3.773839e-01,1.148383e-03,0,0
1.500084e-04,-9.060197e+00,3.662533e-01,-7.552882e+00,2.535873e+00,5.559393e+00,6.089102e+00,-1.843185e+00,1.208315e+00,4.054129e+00,8.048361e+00,5.330377e-01,1.730814e+00,1.511031e-02,0,0,-1.994631e-06,-2.787544e-01,5.042627e-01,3.372018e-01,5.801098e-01,3.029675e-01,1.327411e-01,1.611905e+00,5.647593e-01,-2.623278e-01,-3.328543e-01,-1.265665e+00,4.930356e-01,2.750076e-03,0,0
1.463404e-04,-1.026975e+01,1.027957e+00,-6.795044e+00,4.573531e+00,7.863525e+00,7.117072e+00,2.160625e+00,3.236609e+00,3.524012e+00,7.333519e+00,-6.935075e-01,3.069839e+00,2.478090e-02,0,0,-2.136669e-06,-6.374648e-01,7.301942e-01,1.017819e+00,6.644871e-01,-2.238533e-01,-8.312584e-01,1.514820e+00,1.131552e+00,2.074082e-01,3.309641e-02,-9.108496e-01,3.061035e-01,1.994560e-03,0,0
1.472905e-04,-1.050905e+01,3.050250e+00,-4.666459e+00,5.002270e+00,6.199703e+00,4.108832e+00,1.779574e+00,3.781147e+00,4.668472e+00,8.043303e+00,-1.763371e+00,2.615455e+00,1.934119e-02,0,0,-1.270681e-06,-7.343447e-01,3.482349e-01,8.110717e-01,1.753077e-01,-1.448831e+00,-1.707108e+00,5.297607e-01,1.173117e+00,8.491113e-01,6.582976e-01,1.957679e-01,2.661259e-01,-1.511030e-04,0,0
1.437374e-04,-1.159892e+01,2.501799e+00,-3.890357e+00,4.691084e+00,3.771847e+00,1.320613e+00,1.731270e+00,6.078659e+00,6.455947e+00,9.666611e+00,6.259776e-01,2.917543e+00,1.843457e-02,0,0,-6.015762e-07,-6.064196e-01,-4.601687e-01,-9.243631e-02,-3.755684e-01,-1.672372e+00,-1.204991e+00,-1.151092e-01,8.414353e-01,7.462874e-01,4.245721e-01,5.497224e-01,4.498594e-02,-1.631913e-03,0,0
1.449565e-04,-1.206733e+01,1.370507e+00,-4.949867e+00,3.353634e+00,3.610762e-01,4.517921e-01,1.020296e+00,5.652876e+00,6.833717e+00,1.017330e+01,8.521345e-01,3.137592e+00,1.752795e-02,0,0,5.867536e-07,-4.465140e-01,-9.920309e-01,-7.926480e-01,-5.038254e-01,-7.702953e-01,2.826113e-01,8.013530e-02,4.424806e-01,-1.373582e-02,-1.200190e-02,7.423352e-01,1.963308e-01,-2.206104e-03,0,0
1.444996e-04,-1.252270e+01,-4.330145e-01,-7.115522e+00,3.520007e+00,2.420981e+00,2.920637e+00,1.964718e+00,6.507921e+00,6.172827e+00,8.391379e+00,7.473516e-01,3.033700e+00,1.752795e-02,0,0,2.057836e-06,2.105711e-01,-3.323937e-01,-2.133952e-01,-1.838042e-01,1.901865e-02,8.672968e-01,-1.339704e-01,-5.605950e-02,-9.766186e-01,-7.818959e-01,3.533616e-01,7.163539e-02,-4.563312e-03,0,0
1.498432e-04,-1.227973e+01,-4.424974e-01,-7.017116e+00,3.068682e+00,3.023659e+00,4.721876e+00,2.063526e+00,5.778919e+00,4.741354e+00,8.620910e+00,1.887618e+00,3.539030e+00,8.763977e-03,0,0,1.723235e-06,6.934429e-01,3.891706e-01,7.429239e-01,-8.535020e-02,2.939434e-01,7.797967e-01,-3.149551e-01,-3.063737e-01,-1.588612e+00,-1.506658e+00,2.029500e-01,-3.103526e-01,-1.994560e-03,0,0
1.515832e-04,-1.043987e+01,1.746333e+00,-3.923709e+00,3.914539e+00,2.535648e+00,3.522055e+00,5.398030e-01,5.735340e+00,2.619037e+00,6.533328e+00,1.875044e+00,3.075001e+00,0,0,0,1.257248e-06,8.378375e-01,8.848683e-01,1.180497e+00,-1.153346e-01,-2.168554e-02,2.137591e-01,-8.836280e-01,-8.253717e-01,-1.519612e+00,-1.932732e+00,-3.815392e-01,-8.966597e-01,6.195226e-03,0,0
1.500308e-04,-9.641536e+00,2.226687e+00,-2.831154e+00,2.729617e+00,1.773460e+00,4.050066e+00,1.579774e-01,4.507298e+00,6.675537e-01,3.569037e+00,1.303038e+00,1.565178e+00,1.631913e-02,0,0,2.599067e-05,3.648900e-01,6.276337e-01,5.595229e-01,2.629461e-01,9.355350e-01,5.006965e-01,-6.714714e-01,-1.493052e+00,-1.085514e+00,-1.719609e+00,-5.302513e-01,-2.131399e+00,1.789060e-02,0,0
1.506920e-04,-9.652610e+00,2.656735e+00,-3.306018e+00,3.112867e+00,2.937653e+00,4.325338e+00,-1.500648e+00,3.016872e+00,6.116658e-01,1.253656e+00,-8.680548e-01,-4.626730e-01,4.472651e-02,0,0,5.830582e-05,1.146072e-01,3.344053e-01,-4.046463e-01,5.645318e-01,1.912340e+00,7.081755e-01,-1.044109e-01,-2.272539e+00,-5.452852e-01,-3.105618e-01,2.391130e-03,-2.524634e+00,2.130553e-02,0,0
2.802422e-04,-1.084891e+01,2.240470e+00,-4.528347e+00,4.784249e+00,7.500331e+00,6.823718e+00,-2.736052e-01,-3.271054e-01,3.174697e-01,2.662700e+00,6.079106e-01,-5.349127e+00,7.585374e-02,0,0,1.302918e-04,1.063208e+00,6.430122e-01,-1.393812e+00,-8.790843e-01,1.881036e+00,1.425551e-01,9.149443e-02,-2.380019e+00,-1.016103e+00,5.447413e-01,3.642882e-01,-1.545072e+00,1.142339e-02,1.423378e+01,4.771622e-02
3.780066e-04,-9.263145e+00,3.411467e+00,-5.098344e+00,5.709882e+00,9.233914e+00,5.676107e+00,2.335400e-01,-3.210155e+00,6.765275e-02,5.433687e+00,2.234564e+00,-6.091015e+00,7.676035e-02,0,0,2.963390e-04,2.503341e+00,6.393343e-01,-2.534859e+00,-4.937140e+00,3.122955e-01,-9.650507e-01,-1.595807e-01,-1.268491e+00,-1.876993e+00,2.111647e-01,-1.569114e-01,1.440802e+00,-3.656694e-03,3.515604e+01,1.192463e-01
6.878327e-04,-4.520226e+00,5.064381e+00,-8.904052e+00,-2.964312e+00,8.030510e+00,4.087457e+00,-2.516445e-01,-4.279281e+00,-4.140955e+00,4.202728e+00,1.573170e+00,-3.346009e+00,5.741916e-02,7.116892e+01,2.385811e-01,4.898512e-04,3.500968e+00,4.433948e-01,-3.436866e+00,-9.359930e+00,-1.515857e+00,-1.848435e+00,-9.643434e-01,5.462352e-01,-2.708656e+00,-9.919264e-01,-1.705789e+00,4.397293e+00,-1.372016e-02,5.586407e+01,1.907543e-01
1.428592e-03,-3.002430e-01,4.441451e+00,-1.379246e+01,-1.769855e+01,4.234042e+00,8.682144e-01,-2.309532e+00,-1.349497e+00,-6.544086e+00,1.539466e+00,-2.135242e+00,5.739779e+00,3.566032e-02,1.401957e+02,4.769410e-01,6.291209e-04,2.926577e+00,-2.824419e-01,-3.380967e+00,-1.071132e+01,-1.841915e+00,-1.533432e+00,-1.099794e+00,1.856191e+00,-2.638611e+00,-1.517680e+00,-2.348065e+00,5.290180e+00,-1.269266e-02,5.522144e+01,1.906879e-01
2.204206e-03,2.174484e+00,3.942452e+00,-1.736562e+01,-3.031118e+01,2.420983e+00,-1.451088e-02,-3.823786e+00,1.473742e+00,-9.919943e+00,-3.498214e-01,-5.736130e+00,1.072194e+01,2.780296e-02,2.092225e+02,7.153008e-01,5.492017e-04,1.540785e+00,-6.889547e-01,-2.171662e+00,-7.889275e+00,-1.180775e+00,-8.863328e-01,-7.625254e-01,1.949092e+00,-1.588174e+00,-9.580242e-01,-1.856444e+00,4.092996e+00,-6.618314e-03,3.387076e+01,1.191135e-01
2.765425e-03,2.022385e+00,2.560222e+00,-1.777239e+01,-3.417331e+01,2.829104e+00,5.993377e-02,-3.479358e+00,3.194288e+00,-1.023591e+01,1.215596e-01,-5.851112e+00,1.332591e+01,2.810517e-02,2.070804e+02,7.150795e-01,3.234885e-04,4.493156e-01,-5.144687e-01,-8.366644e-01,-3.681164e+00,-2.401754e-01,-1.542117e-01,-1.995225e-01,1.080812e+00,-7.699617e-01,-2.364431e-01,-7.546723e-01,1.777622e+00,-1.480810e-03,1.316272e+01,4.760559e-02
