pcm_RMSenergy_sma,pcm_fftMag_mfcc_sma[1],pcm_fftMag_mfcc_sma[2],pcm_fftMag_mfcc_sma[3],pcm_fftMag_mfcc_sma[4],pcm_fftMag_mfcc_sma[5],pcm_fftMag_mfcc_sma[6],pcm_fftMag_mfcc_sma[7],pcm_fftMag_mfcc_sma[8],pcm_fftMag_mfcc_sma[9],pcm_fftMag_mfcc_sma[10],pcm_fftMag_mfcc_sma[11],pcm_fftMag_mfcc_sma[12],pcm_zcr_sma,F0final_sma,voicingFinalUnclipped_sma,pcm_RMSenergy_sma_de,pcm_fftMag_mfcc_sma_de[1],pcm_fftMag_mfcc_sma_de[2],pcm_fftMag_mfcc_sma_de[3],pcm_fftMag_mfcc_sma_de[4],pcm_fftMag_mfcc_sma_de[5],pcm_fftMag_mfcc_sma_de[6],pcm_fftMag_mfcc_sma_de[7],pcm_fftMag_mfcc_sma_de[8],pcm_fftMag_mfcc_sma_de[9],pcm_fftMag_mfcc_sma_de[10],pcm_fftMag_mfcc_sma_de[11],pcm_fftMag_mfcc_sma_de[12],pcm_zcr_sma_de,F0final_sma_de,voicingFinalUnclipped_sma_de
9.228313e-04,-7.786808e+00,1.031798e+01,-9.558291e+00,-1.622928e+00,5.113720e+00,5.553681e+00,-4.217260e+00,4.376522e+00,4.440624e+00,3.149374e-01,-1.250294e+00,-1.676246e+01,3.445150e-02,0,0,-2.620806e-05,9.159048e-01,-4.966773e-01,-2.025574e-01,-4.010902e-02,-1.473789e+00,-1.480351e+00,-1.995428e+00,4.421173e-01,-1.686509e-01,-2.724371e-01,-1.245555e+00,1.442512e+00,-3.263826e-03,0,0
8.464667e-04,-6.196153e+00,1.009501e+01,-9.632373e+00,-1.692934e+00,2.119269e+00,3.689105e+00,-7.080215e+00,5.086571e+00,3.666739e+00,1.875083e-01,-4.602412e+00,-1.378876e+01,2.780296e-02,0,0,8.633278e-06,1.384827e+00,-1.437917e+00,-5.473061e-01,-4.391844e-01,-2.298958e+00,-2.643505e+00,-4.190213e+00,5.210174e-01,2.007758e-01,1.677279e-01,-1.456886e+00,2.139583e+00,-4.261105e-03,9.596422e+00,4.799117e-02
8.299733e-04,-4.002612e+00,7.946079e+00,-1.053404e+01,-1.788470e+00,-7.579979e-01,-9.157845e-01,-1.276292e+01,6.232084e+00,3.984313e+00,-9.835333e-01,-5.802012e+00,-1.103675e+01,2.145663e-02,0,0,9.297422e-05,1.299202e+00,-2.645886e+00,-1.042091e+00,-1.092176e+00,-2.549260e+00,-3.546464e+00,-5.697903e+00,4.705610e-01,7.086884e-01,4.272982e-01,-1.101428e+00,2.351447e+00,-2.568751e-03,2.391730e+01,1.208942e-01
1.012427e-03,-2.754771e+00,4.314342e+00,-1.180695e+01,-3.736079e+00,-3.445209e+00,-4.429113e+00,-2.089549e+01,6.053828e+00,5.672659e+00,1.802812e+00,-6.258864e+00,-8.927396e+00,1.964340e-02,4.798211e+01,2.399558e-01,2.143583e-04,4.377112e-01,-3.503410e+00,-1.308905e+00,-2.063935e+00,-2.087635e+00,-3.269010e+00,-5.463594e+00,3.735904e-01,1.055245e+00,8.165445e-01,-6.844106e-01,1.870647e+00,1.692354e-03,3.814358e+01,1.937939e-01
1.304722e-03,-3.011488e+00,-2.112071e-02,-1.368146e+01,-6.062237e+00,-4.850338e+00,-8.119530e+00,-2.579913e+01,6.245698e+00,6.981106e+00,1.643777e+00,-5.929209e+00,-7.435901e+00,2.568752e-02,9.559542e+01,4.844933e-01,3.016362e-04,-4.993347e-01,-3.574982e+00,-1.106602e+00,-2.803993e+00,-1.541397e+00,-2.174103e+00,-3.898588e+00,4.992626e-01,9.871120e-01,1.017202e+00,-7.147239e-01,1.248922e+00,5.318827e-03,3.790451e+01,1.942911e-01
1.680884e-03,-4.503159e+00,-3.438447e+00,-1.460319e+01,-9.875725e+00,-6.272733e+00,-9.054071e+00,-2.788008e+01,6.947716e+00,7.444565e+00,2.956576e+00,-7.960866e+00,-6.235947e+00,3.414929e-02,1.429202e+02,7.267229e-01,3.243938e-04,-1.019273e+00,-2.964546e+00,-4.077322e-01,-2.784425e+00,-8.984140e-01,-9.928579e-01,-1.977095e+00,1.105298e+00,5.374839e-01,8.918166e-01,-4.475780e-01,4.455017e-01,6.285886e-03,3.259537e+01,1.212548e-01
2.003926e-03,-5.625092e+00,-6.052439e+00,-1.466893e+01,-1.273861e+01,-7.051220e+00,-9.473820e+00,-2.876357e+01,8.281453e+00,8.033920e+00,3.525597e+00,-8.524631e+00,-6.137863e+00,4.079783e-02,1.420535e+02,7.280717e-01,3.102396e-04,-1.009012e+00,-2.005058e+00,4.615342e-01,-2.162483e+00,-4.715076e-01,2.582396e-01,-1.065645e+00,1.590366e+00,4.381356e-02,1.092771e+00,6.240354e-02,-4.235566e-01,4.381989e-03,3.207415e+01,4.839925e-02
2.284794e-03,-6.544336e+00,-7.492728e+00,-1.335188e+01,-1.432002e+01,-6.836837e+00,-8.716258e+00,-2.929875e+01,1.056244e+01,7.833671e+00,5.320985e+00,-7.199043e+00,-7.348906e+00,4.351768e-02,1.877299e+02,7.244408e-01,2.841279e-04,-7.907612e-01,-1.070565e+00,8.080112e-01,-1.188489e+00,-1.093085e-01,1.218130e+00,-7.162781e-01,1.946494e+00,-1.460294e-01,9.236523e-01,6.843421e-01,-1.168266e+00,1.964340e-03,3.641245e+01,1.474190e-03
2.553965e-03,-7.035961e+00,-8.019268e+00,-1.199944e+01,-1.465250e+01,-6.925825e+00,-6.997239e+00,-3.041802e+01,1.239017e+01,7.005620e+00,5.925428e+00,-5.998103e+00,-8.997205e+00,4.291327e-02,2.335613e+02,7.276306e-01,2.770175e-04,-6.674179e-01,-4.434587e-01,5.874432e-01,-7.135008e-01,-1.515592e-01,1.889969e+00,-8.053730e-01,1.898207e+00,-9.520044e-02,7.161160e-01,6.210640e-01,-1.449218e+00,6.044172e-05,5.495955e+01,3.437066e-03
2.826504e-03,-7.751530e+00,-7.807856e+00,-1.189788e+01,-1.486122e+01,-6.881974e+00,-4.201710e+00,-3.063425e+01,1.462583e+01,7.228568e+00,6.374922e+00,-5.802420e+00,-1.064761e+01,4.291327e-02,2.792285e+02,7.343144e-01,2.465236e-04,-4.200553e-01,-2.217012e-01,8.216791e-02,-5.907917e-01,-3.062991e-01,1.840546e+00,-7.730539e-01,1.608189e+00,2.914138e-01,5.050053e-01,1.428362e-01,-1.185449e+00,-1.178604e-03,6.875158e+01,2.832520e-03
3.118159e-03,-8.358584e+00,-8.112168e+00,-1.245871e+01,-1.603551e+01,-7.786448e+00,-2.281250e+00,-3.212269e+01,1.574079e+01,7.860470e+00,6.579208e+00,-6.117622e+00,-1.173460e+01,4.140224e-02,3.711020e+02,7.403203e-01,1.818635e-04,-3.285122e-02,-3.122090e-01,-2.513400e-01,-7.693286e-01,-6.856477e-01,1.446671e+00,-7.155998e-01,1.338019e+00,2.110368e-01,6.257497e-01,-1.580873e-01,-7.249824e-01,-2.206105e-03,8.271565e+01,7.922053e-04
3.235315e-03,-7.983301e+00,-8.554784e+00,-1.271140e+01,-1.658247e+01,-7.938021e+00,-1.871522e+00,-3.231169e+01,1.692807e+01,8.863316e+00,7.519122e+00,-6.425102e+00,-1.190745e+01,3.838018e-02,4.627174e+02,7.322586e-01,6.204583e-05,6.148806e-01,-3.368607e-01,-1.249598e-01,-9.025005e-01,-8.249620e-01,1.010147e+00,-4.299709e-01,1.196867e+00,-1.079267e-01,8.477944e-01,-4.938900e-01,-1.714534e-01,-3.263826e-03,7.347786e+01,-2.049774e-03
3.258877e-03,-7.084332e+00,-9.206849e+00,-1.284938e+01,-1.763852e+01,-9.826039e+00,-9.289766e-01,-3.315730e+01,1.792914e+01,7.243431e+00,8.482077e+00,-6.477198e+00,-1.199220e+01,3.414929e-02,5.553951e+02,7.326195e-01,-1.136119e-04,1.039175e+00,-2.275415e-01,4.338131e-02,-8.293999e-01,-7.178835e-01,8.491623e-01,3.907963e-01,1.093023e+00,-7.258632e-01,9.718302e-01,-7.235944e-01,3.282923e-01,-3.233606e-03,2.855471e+01,-3.369909e-03
3.066374e-03,-5.314253e+00,-8.944819e+00,-1.232734e+01,-1.857222e+01,-9.986988e+00,1.728866e-01,-3.226680e+01,1.951599e+01,6.997454e+00,9.662459e+00,-8.092082e+00,-1.137608e+01,3.022061e-02,5.544713e+02,7.279159e-01,-2.577171e-04,1.140665e+00,-2.168449e-01,2.581967e-01,-6.366806e-01,-1.432176e-01,6.476096e-01,1.434834e+00,6.499052e-01,-1.014013e+00,9.552075e-01,-7.452607e-01,6.420153e-01,-2.055001e-03,-2.520244e+01,-1.173967e-03
2.634570e-03,-4.497233e+00,-9.054858e+00,-1.243384e+01,-1.918764e+01,-1.035138e+01,9.423577e-01,-3.019115e+01,1.991195e+01,5.164085e+00,1.036669e+01,-8.902104e+00,-1.035883e+01,2.931399e-02,4.679986e+02,7.256420e-01,-3.278995e-04,7.077361e-01,-3.818393e-01,2.103656e-01,8.842067e-02,5.132950e-01,2.920020e-01,2.317166e+00,6.572723e-02,-8.609102e-01,5.282207e-01,-2.090080e-01,7.834810e-01,-4.533095e-04,-6.968709e+01,-4.069030e-04
2.258883e-03,-3.573525e+00,-9.715004e+00,-1.162819e+01,-1.899132e+01,-8.391438e+00,4.308589e-01,-2.662059e+01,1.918619e+01,4.832924e+00,1.135285e+01,-8.938952e+00,-9.514058e+00,3.052282e-02,3.804034e+02,7.298775e-01,-2.435894e-04,8.529630e-02,-5.800525e-01,7.264137e-03,6.676291e-01,6.730406e-01,1.064676e-01,1.904948e+00,-4.530903e-01,-3.926651e-01,3.236002e-01,6.181141e-01,5.622002e-01,8.461768e-04,-8.915583e+01,2.005881e-03
2.023124e-03,-4.416015e+00,-1.073095e+01,-1.214713e+01,-1.698687e+01,-8.057340e+00,4.020473e-01,-2.439457e+01,1.842267e+01,4.021144e+00,1.027798e+01,-7.098803e+00,-9.005799e+00,3.173164e-02,2.939936e+02,7.296042e-01,-9.398805e-05,-5.076312e-01,-3.577828e-01,-1.849966e-01,1.051508e+00,4.338869e-01,2.611761e-02,6.555132e-01,-4.288105e-01,3.638802e-01,-1.095131e-01,1.126424e+00,9.846459e-02,1.239045e-03,-9.250471e+01,-1.925498e-03
2.154150e-03,-4.928381e+00,-1.100703e+01,-1.243437e+01,-1.633446e+01,-7.768806e+00,9.753799e-01,-2.564035e+01,1.799518e+01,5.605598e+00,1.132481e+01,-5.903162e+00,-9.241590e+00,3.324267e-02,1.956947e+02,7.359642e-01,2.047592e-05,-7.191261e-01,-7.389002e-02,-3.280390e-01,7.203227e-01,-1.122003e-01,-3.525845e-01,-9.561796e-01,-2.150837e-01,4.183948e-01,-2.745348e-01,1.084845e+00,-3.074101e-01,1.813237e-03,-9.569710e+01,-3.079528e-03
2.216996e-03,-6.357962e+00,-1.019776e+01,-1.295573e+01,-1.525852e+01,-8.493263e+00,8.006852e-01,-2.740371e+01,1.836341e+01,6.597149e+00,9.833144e+00,-4.787880e+00,-1.000274e+01,3.414929e-02,9.782951e+01,7.129712e-01,1.658541e-05,-4.773220e-01,2.230742e-01,-1.726619e-01,4.628296e-02,-1.940908e-01,-8.846170e-01,-1.660664e+00,-2.438312e-01,-1.332426e-02,-4.025634e-01,5.729340e-01,-4.505284e-01,2.508311e-03,-7.836818e+01,-4.711068e-03
2.264327e-03,-6.198183e+00,-1.035105e+01,-1.286409e+01,-1.625388e+01,-8.734477e+00,-1.531383e+00,-2.989692e+01,1.814041e+01,5.636896e+00,1.020260e+01,-4.670189e+00,-1.055264e+01,3.838018e-02,0,7.227964e-01,-6.392210e-05,-1.259275e-01,2.156076e-01,-2.338667e-01,-3.004863e-01,-8.600827e-02,-1.307550e+00,-1.521679e+00,-6.272806e-01,-1.043879e+00,-7.538579e-01,-2.421792e-01,-5.873944e-01,2.629193e-03,-4.892188e+01,-4.121018e-03
2.050963e-03,-6.167725e+00,-9.943573e+00,-1.279558e+01,-1.679575e+01,-8.544958e+00,-2.767657e+00,-3.056960e+01,1.713090e+01,3.938874e+00,8.826275e+00,-4.850620e+00,-1.060292e+01,4.170444e-02,0,7.126328e-01,-1.633264e-04,4.257670e-01,2.812859e-01,-4.999389e-02,-2.113598e-01,4.149180e-02,-9.062458e-01,-3.739996e-01,-1.072635e+00,-1.583463e+00,-3.962326e-01,-9.107085e-01,-6.097692e-01,1.511031e-03,-1.956590e+01,-5.545080e-03
1.917556e-03,-5.653137e+00,-1.005609e+01,-1.368378e+01,-1.706828e+01,-8.173000e+00,-3.778200e+00,-3.166579e+01,1.547502e+01,1.715339e+00,8.058959e+00,-7.082689e+00,-1.187847e+01,4.261106e-02,0,7.155283e-01,-1.922942e-04,5.796635e-01,4.292560e-01,1.324480e-01,2.726172e-01,-1.320058e-01,-2.417443e-01,6.284420e-01,-8.962638e-01,-1.558018e+00,-3.010274e-01,-8.813483e-01,-5.030431e-01,-6.346327e-04,0,-8.244812e-03
1.573750e-03,-4.501649e+00,-8.938809e+00,-1.279585e+01,-1.590812e+01,-8.566543e+00,-2.607135e+00,-2.838927e+01,1.433292e+01,6.406137e-01,8.923800e+00,-8.135173e+00,-1.238867e+01,3.958900e-02,0,6.888798e-01,-1.931465e-04,6.374212e-01,4.832712e-01,5.129474e-01,6.869293e-01,-1.604652e-01,1.096580e-01,1.645069e+00,-1.022545e-01,-5.847241e-01,4.220249e-01,-4.029908e-01,1.616749e-01,-1.722575e-03,0,-2.554560e-03
1.541462e-03,-4.132903e+00,-8.707154e+00,-1.220171e+01,-1.533460e+01,-9.383714e+00,-2.820365e+00,-2.784488e+01,1.505808e+01,-5.040663e-01,8.648698e+00,-7.434654e+00,-1.217498e+01,3.626473e-02,0,6.934488e-01,-1.616612e-04,4.801315e-01,6.692640e-01,3.826691e-01,9.055697e-01,1.157916e-01,-7.021043e-02,1.874261e+00,3.649444e-01,4.295902e-01,1.584675e-01,1.740468e-01,6.757084e-01,-1.118163e-03,0,-2.166748e-04
1.273277e-03,-3.740736e+00,-8.201684e+00,-1.097188e+01,-1.422794e+01,-8.741927e+00,-2.698284e+00,-2.425472e+01,1.682810e+01,2.124957e+00,1.064153e+01,-6.689591e+00,-9.646289e+00,3.626473e-02,0,7.108998e-01,-7.197251e-05,3.394472e-01,4.240829e-01,-1.044559e-02,6.860528e-01,6.370201e-01,-3.010065e-01,1.282155e+00,4.148181e-01,1.031258e+00,-4.588984e-01,1.107404e-01,2.910519e-01,3.626469e-04,0,4.032058e-03
1.259486e-03,-3.632936e+00,-7.078331e+00,-1.268242e+01,-1.338052e+01,-7.506350e+00,-4.083678e+00,-2.436176e+01,1.605215e+01,3.121119e+00,7.992432e+00,-6.935246e+00,-9.871119e+00,3.868238e-02,0,7.034349e-01,7.866171e-06,3.487270e-01,1.877739e-01,-2.504137e-01,5.238745e-01,8.620287e-01,1.351791e-01,4.747829e-01,-5.400696e-02,8.189161e-01,-1.131063e+00,1.100035e-02,-5.192490e-01,9.972800e-04,0,-5.252802e-03
1.354875e-03,-3.054396e+00,-7.632806e+00,-1.260772e+01,-1.345490e+01,-6.320124e+00,-3.480511e+00,-2.372005e+01,1.590997e+01,3.984312e+00,6.957442e+00,-7.831175e+00,-1.208534e+01,4.019341e-02,0,7.040470e-01,1.219588e-04,8.016882e-02,-2.710589e-01,-2.273053e-01,1.647292e-01,4.111083e-01,9.007019e-01,-8.711159e-01,-3.559532e-02,3.212788e-01,-1.525448e+00,3.328165e-01,-1.055679e+00,3.626477e-04,3.493258e+01,-7.471341e-03
1.539994e-03,-2.732437e+00,-8.052724e+00,-1.263586e+01,-1.310175e+01,-6.284472e+00,-1.753356e+00,-2.573830e+01,1.524711e+01,2.660837e+00,4.835427e+00,-6.808860e+00,-1.355170e+01,3.928679e-02,0,6.706112e-01,1.213658e-04,-1.842104e-01,-4.794880e-01,1.369366e-01,6.223059e-02,-7.684527e-02,1.421781e+00,-1.068989e+00,3.588734e-01,2.100078e-01,-7.944798e-01,5.948606e-01,-3.657266e-01,-7.252946e-04,8.720784e+01,-2.987599e-03
1.742817e-03,-3.790141e+00,-9.069782e+00,-1.213169e+01,-1.354368e+01,-7.297325e+00,6.400645e-01,-2.792203e+01,1.705265e+01,3.961491e+00,4.592794e+00,-5.088701e+00,-1.308439e+01,3.777577e-02,1.746629e+02,6.899549e-01,8.172006e-05,-2.894344e-01,-3.015250e-01,3.687029e-02,-3.734951e-01,-2.816543e-01,9.203225e-01,-1.032619e+00,5.464525e-01,4.048581e-01,-2.438084e-01,6.011897e-01,4.362029e-01,-1.631913e-03,1.393896e+02,6.969476e-03
1.672344e-03,-4.186116e+00,-8.757283e+00,-1.223576e+01,-1.302498e+01,-7.401976e+00,9.649402e-01,-2.760572e+01,1.727518e+01,4.182568e+00,5.202356e+00,-5.332180e+00,-1.120023e+01,3.626473e-02,3.487078e+02,6.955430e-01,2.048247e-05,-1.052775e-01,-2.028287e-01,6.991778e-02,-6.576207e-01,-3.006215e-02,-1.305925e-01,-1.422424e-01,5.476057e-01,5.675602e-01,5.009358e-01,-4.977179e-02,5.567122e-01,-2.175884e-03,1.392202e+02,1.659370e-02
1.697300e-03,-3.774729e+00,-8.788152e+00,-1.262342e+01,-1.536076e+01,-7.169643e+00,-2.380468e-01,-2.794943e+01,1.762820e+01,5.247737e+00,5.554935e+00,-5.563567e+00,-1.108006e+01,3.354488e-02,5.225943e+02,7.264285e-01,-4.011893e-05,1.552295e-01,1.579319e-01,2.616615e-02,-4.035177e-01,3.152342e-01,-8.561562e-01,1.922054e-01,1.878246e-01,3.613477e-01,5.244827e-01,-4.124337e-01,5.813456e-02,-2.326987e-03,8.691956e+01,1.392039e-02
1.665165e-03,-3.266531e+00,-9.207683e+00,-1.204040e+01,-1.548131e+01,-6.498623e+00,-1.967263e+00,-2.643581e+01,1.769736e+01,4.855515e+00,6.859035e+00,-6.820286e+00,-1.177030e+01,3.052282e-02,5.221353e+02,7.353429e-01,-4.250552e-05,1.132258e-01,3.445725e-01,-1.035671e-02,3.033672e-01,1.595676e-01,-8.642926e-01,-2.630335e-01,5.219002e-02,2.359442e-01,1.969349e-01,-3.446586e-01,-3.359411e-01,-2.085222e-03,3.479374e+01,1.041256e-02
1.545812e-03,-3.473786e+00,-8.054923e+00,-1.209853e+01,-1.433310e+01,-6.172830e+00,-2.174615e+00,-2.754596e+01,1.778068e+01,5.431756e+00,6.386868e+00,-6.406816e+00,-1.250868e+01,2.901179e-02,5.225469e+02,7.396569e-01,-5.396935e-05,-4.563246e-02,6.339619e-01,9.315386e-02,1.067548e+00,1.042437e-01,-4.467164e-01,-9.089464e-01,-2.261963e-02,1.328287e-01,1.053877e-02,-1.159177e-01,-2.137123e-01,-1.148384e-03,2.373779e-01,5.570227e-03
1.535561e-03,-3.770458e+00,-7.401035e+00,-1.254998e+01,-1.202197e+01,-7.102545e+00,-2.388239e+00,-2.912263e+01,1.745989e+01,5.270279e+00,5.771065e+00,-6.633848e+00,-1.216562e+01,2.810517e-02,5.227001e+02,7.409916e-01,-4.012234e-05,2.281971e-02,6.957580e-01,3.206263e-02,1.117927e+00,-9.577994e-02,-1.932557e-01,-1.069485e+00,-3.091316e-02,1.088595e-01,-3.346259e-01,5.619582e-01,2.749668e-01,-3.626473e-04,-7.470093e-02,3.254890e-03
1.492256e-03,-3.750928e+00,-6.521666e+00,-1.190286e+01,-1.175269e+01,-6.346464e+00,-2.261141e+00,-3.115076e+01,1.763384e+01,5.704498e+00,6.151615e+00,-6.236374e+00,-1.195096e+01,2.901179e-02,5.234988e+02,7.514553e-01,-4.301080e-05,3.611995e-01,5.447513e-01,3.482424e-01,6.605809e-01,1.167121e-02,-3.879088e-01,-2.223061e-01,-1.933159e-01,-2.891465e-01,-1.254405e-01,1.048093e+00,6.073944e-01,3.022063e-04,-1.791934e+01,1.590163e-03
1.491332e-03,-3.013862e+00,-6.495521e+00,-1.197792e+01,-1.118188e+01,-6.890706e+00,-2.890278e+00,-2.998083e+01,1.761622e+01,5.263442e+00,5.303533e+00,-4.095716e+00,-1.067433e+01,2.870958e-02,5.212859e+02,7.457182e-01,-7.086074e-05,5.924370e-01,5.403851e-01,6.625528e-01,2.220823e-01,6.404400e-04,-6.572717e-01,7.556126e-01,-5.033705e-01,-7.458547e-01,-4.796467e-02,1.570270e+00,6.636554e-01,3.022062e-04,-4.435700e+01,-2.737445e-03
1.352873e-03,-2.046087e+00,-5.783924e+00,-1.064335e+01,-1.145024e+01,-6.220394e+00,-3.863139e+00,-2.822839e+01,1.673594e+01,3.989443e+00,5.993432e+00,-2.435419e+00,-1.021735e+01,3.022061e-02,4.336574e+02,7.452444e-01,-7.319509e-05,5.626147e-01,5.709914e-01,8.724419e-01,8.748426e-02,-2.100382e-01,-1.199087e+00,1.140204e+00,-6.416910e-01,-1.041824e+00,-1.215056e-01,1.659332e+00,6.783959e-01,-9.066183e-05,-7.024750e+01,-4.466343e-03
1.250948e-03,-1.660694e+00,-5.067981e+00,-9.866974e+00,-1.106279e+01,-7.162378e+00,-4.873599e+00,-2.680575e+01,1.539199e+01,2.398534e+00,5.610333e+00,-6.829740e-01,-9.714149e+00,2.901179e-02,3.458358e+02,7.304098e-01,-6.119013e-05,1.901844e-01,5.151199e-01,9.532671e-01,4.514255e-02,-7.757063e-02,-1.484264e+00,7.269102e-01,-2.084354e-01,-9.211723e-01,-2.652602e-01,1.490386e+00,5.815641e-01,-5.439714e-04,-6.982753e+01,-2.049297e-03
1.246472e-03,-1.614438e+00,-4.380479e+00,-8.596126e+00,-1.137482e+01,-7.260819e+00,-7.264917e+00,-2.703728e+01,1.553750e+01,1.927833e+00,5.390687e+00,3.539138e-01,-9.039073e+00,2.840737e-02,2.599863e+02,7.367778e-01,-2.114926e-05,-1.830630e-01,1.666427e-01,3.973470e-01,1.454980e-01,-1.459579e-02,-1.740798e+00,1.807283e-01,6.144787e-01,-4.524028e-01,-9.461404e-01,1.227007e+00,6.636242e-01,-1.057721e-03,-4.396389e+01,1.060104e-03
1.238581e-03,-2.278764e+00,-4.621644e+00,-8.235202e+00,-1.099388e+01,-6.758346e+00,-8.610707e+00,-2.694184e+01,1.717326e+01,1.688385e+00,4.278604e+00,1.961549e+00,-8.355649e+00,2.689634e-02,2.589838e+02,7.397050e-01,-1.454500e-05,-3.021179e-01,-1.938248e-01,-2.207729e-01,7.472467e-02,1.159915e-01,-1.873522e+00,9.464646e-03,1.218794e+00,-2.344992e-01,-1.531927e+00,3.517875e-01,5.088387e-01,-9.670595e-04,-1.832875e+01,2.112418e-03
1.253310e-03,-2.652367e+00,-5.173879e+00,-9.472503e+00,-1.075720e+01,-6.495389e+00,-1.069858e+01,-2.725670e+01,1.891769e+01,2.082504e+00,1.928594e+00,2.377352e+00,-7.578483e+00,2.598973e-02,2.572639e+02,7.458974e-01,-2.661506e-05,-2.501929e-01,-3.051984e-01,-6.530492e-01,-1.127443e-02,-4.270151e-01,-1.813206e+00,2.835392e-01,1.292612e+00,-2.199510e-01,-1.733102e+00,-6.329626e-01,3.108324e-01,-8.159563e-04,-1.396404e+00,-3.210485e-03
1.174804e-03,-2.652319e+00,-5.640405e+00,-1.053265e+01,-1.099797e+01,-6.965136e+00,-1.252438e+01,-2.664871e+01,1.979586e+01,1.148703e+00,-3.182573e-01,6.424427e-02,-7.900251e+00,2.538531e-02,2.555533e+02,7.364121e-01,-2.785402e-05,-8.323772e-02,-1.405286e-01,-4.782932e-01,5.308228e-02,-8.312575e-01,-1.380175e+00,4.591517e-01,9.661568e-01,-2.259142e-01,-1.341538e+00,-8.820411e-01,1.671800e-01,-3.324268e-04,-1.157687e+00,-9.401804e-03
1.145285e-03,-2.678625e+00,-5.397090e+00,-1.071265e+01,-1.142915e+01,-9.292500e+00,-1.437411e+01,-2.576614e+01,2.068926e+01,1.097919e+00,-9.763908e-01,-1.862247e+00,-7.712610e+00,2.508311e-02,2.547195e+02,7.223718e-01,1.672090e-05,-1.906860e-01,9.332542e-02,4.004440e-02,5.168284e-01,-1.108871e+00,-2.751549e-01,5.804783e-01,5.135450e-01,1.684316e-01,-5.583395e-01,1.978960e-01,1.650019e-02,3.022011e-05,-7.844101e-01,-1.101514e-02
1.153324e-03,-2.681823e+00,-5.212681e+00,-1.000660e+01,-1.039250e+01,-9.516078e+00,-1.367381e+01,-2.539136e+01,2.111826e+01,1.051106e+00,-9.765926e-01,-3.288565e-01,-7.452686e+00,2.568752e-02,2.544675e+02,7.044588e-01,1.193396e-04,-4.143096e-01,9.421825e-02,1.929073e-01,1.250913e+00,-1.225022e+00,8.576193e-01,2.552061e-01,-5.254936e-03,7.936741e-01,-2.898384e-01,1.793431e+00,-2.803755e-03,2.719853e-04,-1.935959e-01,-8.089649e-03
1.347655e-03,-3.591044e+00,-4.921113e+00,-9.535308e+00,-8.475796e+00,-1.076427e+01,-1.149963e+01,-2.498299e+01,2.082422e+01,2.973460e+00,-5.339357e-01,3.563383e+00,-7.719765e+00,2.598972e-02,2.538848e+02,7.067983e-01,2.607445e-04,-8.312961e-01,9.971142e-02,9.575663e-02,1.342337e+00,-1.174626e+00,1.306840e+00,-1.064346e-01,-6.315037e-01,1.051057e+00,-6.621318e-01,2.560776e+00,-1.302671e-01,6.044119e-04,1.823046e+01,-2.903837e-03
1.670317e-03,-4.267657e+00,-5.407302e+00,-1.015678e+01,-6.220083e+00,-1.235436e+01,-9.673520e+00,-2.576426e+01,1.970211e+01,4.179303e+00,-1.988677e+00,6.318583e+00,-7.910692e+00,2.629193e-02,2.550027e+02,7.037506e-01,3.810526e-04,-1.200195e+00,9.960666e-02,-2.583790e-02,6.838952e-01,-1.132323e+00,6.939106e-01,-4.086960e-01,-1.107275e+00,9.073415e-01,-1.067131e+00,2.009803e+00,-1.294751e-01,1.148384e-03,4.514421e+01,-1.049697e-04
2.190511e-03,-6.042189e+00,-4.801223e+00,-1.015877e+01,-6.803670e+00,-1.374649e+01,-9.840060e+00,-2.611186e+01,1.823982e+01,4.789104e+00,-3.781008e+00,7.617915e+00,-8.134942e+00,2.780296e-02,3.456043e+02,7.082067e-01,4.145702e-04,-1.427854e+00,3.283511e-01,8.977604e-02,-2.901539e-01,-5.905595e-01,-2.040180e-01,-6.583508e-01,-1.364751e+00,1.647335e-01,-1.411081e+00,9.232472e-01,-1.876892e-01,2.115443e-03,3.688285e+01,-3.437394e-03
2.637158e-03,-7.457225e+00,-4.774593e+00,-9.824054e+00,-7.809085e+00,-1.368658e+01,-1.103405e+01,-2.687040e+01,1.687409e+01,4.679991e+00,-4.688712e+00,7.692892e+00,-7.892473e+00,3.052282e-02,4.343288e+02,7.032297e-01,3.322262e-04,-1.367885e+00,6.637770e-01,2.898833e-01,-7.616748e-01,1.623526e-02,-7.015244e-01,-5.743629e-01,-1.413069e+00,-4.740033e-01,-1.375885e+00,3.782640e-01,-1.469821e-01,2.538532e-03,-1.613233e+01,-7.143265e-03
2.937085e-03,-9.135529e+00,-3.595712e+00,-9.252792e+00,-9.132064e+00,-1.305096e+01,-1.183946e+01,-2.772167e+01,1.541447e+01,3.546783e+00,-6.239322e+00,7.492465e+00,-8.667320e+00,3.445150e-02,3.486360e+02,6.898718e-01,1.518990e-04,-9.284698e-01,9.597657e-01,2.486252e-01,-3.206138e-01,3.905425e-01,-3.222075e-01,-4.267468e-01,-1.631239e+00,-8.796847e-01,-1.342129e+00,4.239720e-01,-1.135272e-01,2.024781e-03,-9.527122e+01,-1.246770e-02
2.958162e-03,-9.560410e+00,-2.691173e+00,-9.160356e+00,-8.864260e+00,-1.262095e+01,-1.218144e+01,-2.783117e+01,1.404944e+01,2.430447e+00,-7.638947e+00,8.272628e+00,-8.379414e+00,3.566032e-02,1.728252e+02,6.772017e-01,-5.791949e-05,-3.689277e-01,1.246039e+00,2.352501e-01,4.627385e-01,4.318863e-01,2.722191e-01,1.039700e-01,-1.974851e+00,-1.077128e+00,-1.339658e+00,8.146145e-01,4.549590e-01,3.928684e-04,-1.217294e+02,-1.347957e-02
2.789504e-03,-9.632946e+00,-1.044105e+00,-9.247494e+00,-7.879152e+00,-1.232659e+01,-1.087740e+01,-2.776521e+01,1.149595e+01,1.515453e+00,-9.016534e+00,9.447906e+00,-8.459107e+00,3.535812e-02,0,6.588822e-01,-2.605438e-04,2.935913e-01,1.306323e+00,3.390727e-01,1.633942e+00,5.354889e-01,9.483067e-01,5.503494e-01,-2.349319e+00,-9.345421e-01,-1.355060e+00,6.130832e-01,1.166075e+00,-1.269266e-03,-8.700972e+01,-1.314613e-02
2.421351e-03,-9.053155e+00,1.797971e-01,-8.650453e+00,-6.121849e+00,-1.188933e+01,-1.015398e+01,-2.632878e+01,8.959092e+00,3.100183e-01,-9.998394e+00,1.078824e+01,-5.721784e+00,3.203385e-02,0,6.513267e-01,-4.203333e-04,8.269888e-01,1.408820e+00,1.003246e+00,2.866780e+00,1.033489e+00,1.540564e+00,1.255365e+00,-2.281690e+00,-8.181652e-01,-8.934165e-01,-6.671686e-01,1.472879e+00,-2.417650e-03,-3.456504e+01,-5.351535e-02
1.902771e-03,-7.921200e+00,1.500417e+00,-7.812380e+00,-2.333558e+00,-1.073932e+01,-8.111656e+00,-2.572112e+01,6.213052e+00,-6.571258e-02,-1.183490e+01,9.300073e+00,-4.165760e+00,2.991840e-02,0,6.370787e-01,-5.000139e-04,1.347254e+00,1.435272e+00,2.057248e+00,3.592599e+00,1.968884e+00,1.798072e+00,1.962332e+00,-1.345993e+00,-6.200039e-01,3.696361e-01,-2.103837e+00,8.482302e-01,-2.508312e-03,0,-1.133860e-01
1.299861e-03,-6.281340e+00,3.080669e+00,-4.861684e+00,2.696842e+00,-8.247142e+00,-5.861492e+00,-2.257639e+01,5.282436e+00,-8.697965e-01,-1.069685e+01,5.010702e+00,-3.161694e+00,2.629193e-02,0,4.205267e-01,-4.715776e-04,1.707018e+00,1.307878e+00,2.853854e+00,2.986433e+00,2.217948e+00,1.744193e+00,2.554880e+00,2.304064e-01,-2.564068e-01,2.023038e+00,-2.992471e+00,-3.566069e-01,-1.934120e-03,0,-1.732380e-01
8.501795e-04,-4.282585e+00,4.681818e+00,-8.556402e-01,5.674498e+00,-4.303269e+00,-4.033288e+00,-1.982974e+01,6.604313e+00,-9.946591e-01,-6.819128e+00,1.817493e+00,-5.498001e+00,2.568752e-02,0,2.073521e-01,-3.398419e-04,1.696705e+00,8.901796e-01,3.080099e+00,1.213725e+00,1.784110e+00,6.307883e-01,2.331786e+00,1.795449e+00,4.669459e-01,3.221408e+00,-2.545972e+00,-1.295689e+00,-1.450589e-03,0,-1.694684e-01
5.897591e-04,-2.337373e+00,5.128485e+00,2.140446e+00,4.806286e+00,-4.017618e+00,-3.472200e+00,-1.650007e+01,9.915494e+00,-5.075423e-01,-2.391092e+00,-4.328195e-01,-6.838698e+00,2.447869e-02,0,0,-1.774454e-04,1.252384e+00,2.674441e-01,2.611128e+00,-3.100551e-01,7.385402e-01,-5.035696e-01,1.047477e+00,2.073669e+00,1.190759e+00,2.983149e+00,-9.107941e-01,-1.306930e+00,-1.057721e-03,0,-1.048406e-01
5.586128e-04,-1.409656e+00,4.927407e+00,4.087047e+00,2.680345e+00,-3.933535e+00,-6.152360e+00,-1.710036e+01,1.287377e+01,2.087890e+00,1.192636e-01,-7.080255e-01,-8.805705e+00,2.357208e-02,0,0,-6.617788e-05,5.985833e-01,-2.441832e-01,1.900575e+00,-4.845440e-01,1.982328e-01,-9.837013e-01,-3.235741e-02,1.176045e+00,1.273784e+00,1.612584e+00,3.843940e-02,-2.663405e-01,-1.087942e-03,0,-4.147042e-02
5.584178e-04,-1.455886e+00,4.295095e+00,5.722610e+00,2.643643e+00,-4.739308e+00,-7.319804e+00,-1.870370e+01,1.251606e+01,3.542725e+00,7.497022e-01,1.719490e+00,-8.042493e+00,2.206104e-02,0,0,-1.874118e-05,1.225605e-01,-2.879350e-01,1.386449e+00,3.365453e-01,4.958991e-01,-6.199527e-01,-6.687886e-01,-1.151471e-01,5.153089e-01,3.290277e-01,4.379930e-01,6.898137e-01,-6.950743e-04,0,0
5.349608e-04,-1.730413e+00,3.877598e+00,6.856155e+00,4.333099e+00,-2.951260e+00,-7.027992e+00,-1.888972e+01,1.118426e+01,3.349130e+00,-3.266026e-01,9.335354e-01,-6.227806e+00,2.145663e-02,0,0,-2.147974e-05,8.637019e-02,-8.436956e-02,5.548404e-01,8.584321e-01,6.826287e-01,2.505737e-01,-1.673399e-01,-4.515402e-01,-2.836084e-01,-3.624479e-01,-3.198628e-01,1.322821e+00,-4.230887e-04,0,0
5.078792e-04,-1.564193e+00,4.213714e+00,7.688139e+00,5.662635e+00,-2.029260e+00,-6.134148e+00,-1.894933e+01,1.018451e+01,1.438382e+00,-5.230200e-01,9.363651e-01,-4.678579e+00,2.206104e-02,0,0,-2.760163e-05,2.873274e-01,2.341183e-01,-1.423651e-01,7.143221e-01,8.118272e-01,2.926294e-01,5.420908e-01,1.126842e-01,-4.787989e-01,-9.320676e-02,-1.032609e+00,8.876750e-01,-9.066180e-04,0,0
4.764834e-04,-9.236520e-01,4.546249e+00,5.878484e+00,5.463009e+00,-1.875416e+00,-5.492320e+00,-1.781424e+01,1.178184e+01,1.722020e+00,-1.056615e+00,-1.915777e+00,-3.873557e+00,2.145663e-02,0,0,-2.678109e-05,3.236542e-01,3.587599e-01,-5.999783e-01,1.443432e-01,4.430097e-01,3.477973e-01,1.193853e+00,1.046929e+00,7.921650e-02,5.058773e-01,-9.767495e-01,-1.039577e-02,-2.085222e-03,0,0
4.496483e-04,-4.226290e-01,5.131361e+00,5.499620e+00,5.650299e+00,-1.218094e+00,-6.624493e+00,-1.653098e+01,1.278069e+01,1.962286e+00,6.486745e-01,-2.018898e+00,-4.781242e+00,1.752795e-02,0,0,-2.357034e-05,1.357064e-01,4.336267e-01,-5.164367e-01,-2.744105e-01,3.149431e-01,3.608178e-01,1.927509e+00,1.495132e+00,6.042804e-01,5.467712e-01,-1.023149e+00,-5.826370e-01,-3.294046e-03,0,0
4.301708e-04,-6.829235e-01,5.212574e+00,4.950523e+00,5.060983e+00,-1.141794e+00,-5.043833e+00,-1.412962e+01,1.512081e+01,3.483260e+00,1.616937e+00,-2.472581e+00,-6.228453e+00,1.329707e-02,0,0,-5.910936e-06,-3.884380e-01,4.949727e-01,-3.123502e-01,-5.612826e-01,4.262902e-01,6.260858e-01,2.442363e+00,8.945526e-01,4.324247e-01,1.368323e-01,-9.234151e-01,-8.610829e-01,-3.082503e-03,0,0
4.131839e-04,-1.006025e+00,6.048686e+00,5.569936e+00,4.491596e+00,-8.213552e-01,-4.554302e+00,-1.115409e+01,1.599068e+01,3.579164e+00,8.740603e-01,-3.900978e+00,-6.414316e+00,9.670596e-03,0,0,6.012473e-05,-8.818232e-01,2.957008e-01,-1.138768e+00,-1.116755e+00,5.278595e-01,7.269832e-01,1.625579e+00,-1.066575e+00,3.194199e-01,-1.045518e+00,-7.181147e-01,-6.305780e-01,-1.359928e-03,0,4.026004e-02
4.651610e-04,-2.574144e+00,6.562450e+00,4.281575e+00,3.235947e+00,5.766575e-02,-3.396986e+00,-8.290870e+00,1.464960e+01,3.075704e+00,-4.851461e-01,-5.591813e+00,-7.362435e+00,9.972801e-03,0,0,2.301120e-04,-1.381969e+00,-2.449619e-01,-2.513670e+00,-1.732521e+00,5.722715e-01,2.604298e-01,-8.393646e-01,-3.894798e+00,5.100586e-01,-1.623887e+00,1.067911e-01,-8.816891e-01,8.763975e-04,0,1.046400e-01
7.327769e-04,-3.886134e+00,5.934927e+00,1.402556e-01,9.790425e-01,8.214738e-01,-3.813001e+00,-1.132247e+01,7.683418e+00,3.763163e+00,-3.527875e+00,-4.049856e+00,-7.367142e+00,1.239045e-02,0,2.013002e-01,4.460357e-04,-1.542513e+00,-1.110500e+00,-3.810645e+00,-2.483171e+00,9.248078e-03,-3.582082e-02,-4.271100e+00,-5.929354e+00,1.099248e+00,-1.122277e+00,1.653927e+00,-1.567478e+00,3.173164e-03,0,1.730989e-01
1.420934e-03,-6.152716e+00,4.044644e+00,-4.902986e+00,-1.845347e+00,8.981487e-01,-4.112335e+00,-1.824226e+01,-1.995400e-01,5.941554e+00,-4.301531e+00,-1.864186e+00,-1.016049e+01,1.631913e-02,0,4.225501e-01,6.478591e-04,-1.251490e+00,-1.703866e+00,-4.050814e+00,-3.042955e+00,-8.049268e-01,2.406151e-02,-6.502910e+00,-5.846169e+00,9.414695e-01,4.078197e-01,2.766613e+00,-2.003536e+00,4.502871e-03,3.006623e+01,1.830046e-01
2.165476e-03,-6.929304e+00,1.755088e+00,-8.891007e+00,-5.383609e+00,-1.195356e+00,-4.375732e+00,-2.753390e+01,-6.231514e+00,7.642481e+00,-2.829130e+00,2.504846e+00,-1.285268e+01,2.236325e-02,0,6.542196e-01,7.030237e-04,-7.089338e-01,-1.659915e+00,-3.301652e+00,-3.274721e+00,-1.434629e+00,1.126268e+00,-6.082654e+00,-3.871013e+00,-3.219488e-01,2.213319e+00,3.100409e+00,-2.140877e+00,4.865519e-03,7.311031e+01,1.282282e-01
2.988107e-03,-7.310011e+00,1.330399e-01,-1.145686e+01,-8.797500e+00,-2.958553e+00,-2.995313e+00,-3.269971e+01,-7.623777e+00,5.843393e+00,1.204580e+00,4.963904e+00,-1.463735e+01,2.750076e-02,1.503311e+02,6.885633e-01,5.993990e-04,-7.622743e-02,-1.082712e+00,-2.295426e+00,-3.377898e+00,-1.642874e+00,2.523857e+00,-4.092060e+00,-1.585616e+00,-2.067187e+00,3.090828e+00,2.894963e+00,-1.422215e+00,4.079783e-03,1.152769e+02,6.463742e-02
3.464309e-03,-6.852156e+00,-4.088468e-01,-1.309107e+01,-1.191849e+01,-4.423318e+00,1.259830e+00,-3.450702e+01,-7.959530e+00,2.202500e+00,4.785666e+00,8.038142e+00,-1.583309e+01,3.112723e-02,2.903860e+02,7.094343e-01,3.927691e-04,1.807653e-01,-4.844987e-01,-1.449442e+00,-3.152405e+00,-1.420252e+00,3.555064e+00,-1.746040e+00,5.977726e-02,-3.352313e+00,2.756742e+00,2.137648e+00,-4.453684e-01,2.478090e-03,1.127907e+02,1.703550e-02
3.768512e-03,-6.572427e+00,-2.869507e-01,-1.428009e+01,-1.546740e+01,-5.702240e+00,5.689168e+00,-3.521600e+01,-7.263611e+00,-1.674389e+00,7.345213e+00,9.843982e+00,-1.578135e+01,3.233606e-02,4.311913e+02,7.181298e-01,1.669359e-04,2.689117e-01,-2.489566e-01,-8.171724e-01,-2.509537e+00,-1.162025e+00,3.374087e+00,-6.430771e-01,7.865253e-01,-3.446476e+00,1.704931e+00,1.465026e+00,3.011456e-01,1.087942e-03,6.875575e+01,1.096973e-02
3.739119e-03,-6.394269e+00,-4.574102e-01,-1.472661e+01,-1.781069e+01,-6.924774e+00,9.057347e+00,-3.500595e+01,-6.112710e+00,-5.360193e+00,7.884262e+00,1.075305e+01,-1.450752e+01,3.233605e-02,4.235235e+02,7.246138e-01,1.108884e-05,2.774087e-01,-3.526847e-01,-3.298388e-01,-1.256461e+00,-9.765910e-01,2.121687e+00,-4.868790e-01,1.271711e+00,-2.488665e+00,7.998763e-01,9.107695e-01,5.079429e-01,3.626469e-04,2.808548e+01,9.905678e-03
3.685382e-03,-6.194396e+00,-1.087461e+00,-1.472496e+01,-1.839908e+01,-7.517949e+00,9.976365e+00,-3.566562e+01,-4.614561e+00,-7.607641e+00,8.179935e+00,1.093158e+01,-1.379441e+01,3.233605e-02,4.275412e+02,7.358222e-01,-8.904286e-05,4.250849e-01,-5.925875e-01,1.632522e-01,5.802992e-01,-7.643423e-01,2.247273e-01,-4.346661e-01,1.158913e+00,-8.902351e-01,1.908514e-01,8.288866e-01,-1.551560e-01,1.208827e-04,2.422141e+00,1.215243e-02
3.561318e-03,-5.654129e+00,-1.772015e+00,-1.451783e+01,-1.673495e+01,-8.398419e+00,9.724667e+00,-3.671660e+01,-2.925498e+00,-7.274199e+00,8.367687e+00,1.204819e+01,-1.428685e+01,3.294047e-02,4.326384e+02,7.501165e-01,-1.153540e-04,5.958729e-01,-7.562029e-01,6.418705e-01,2.221230e+00,-4.072047e-01,-1.578763e+00,-2.660713e-01,8.087794e-01,8.681642e-01,-1.974586e-01,7.623857e-01,-9.895455e-01,-1.511022e-04,5.318591e+00,1.341030e-02
3.412198e-03,-4.817073e+00,-2.592586e+00,-1.356822e+01,-1.310377e+01,-8.787129e+00,6.479146e+00,-3.653401e+01,-3.062655e+00,-5.168562e+00,8.057757e+00,1.334084e+01,-1.666747e+01,3.263826e-02,4.387445e+02,7.661406e-01,-1.346448e-04,6.313366e-01,-9.264582e-01,1.131822e+00,3.179623e+00,5.414562e-02,-2.826197e+00,5.309269e-01,5.303621e-01,2.120432e+00,-1.028577e+00,2.572330e-01,-1.364610e+00,-7.555153e-04,5.533231e+00,1.116833e-02
3.298941e-03,-4.103566e+00,-3.485863e+00,-1.209562e+01,-9.352194e+00,-8.326207e+00,2.912142e+00,-3.590212e+01,-2.844766e+00,-2.238911e+00,6.958057e+00,1.336034e+01,-1.801872e+01,3.142944e-02,4.445147e+02,7.765061e-01,-1.265946e-04,3.959112e-01,-1.029449e+00,1.330630e+00,3.111739e+00,2.744429e-01,-3.296972e+00,1.393156e+00,7.873572e-01,2.414371e+00,-2.050218e+00,-6.563824e-01,-1.044672e+00,-1.239046e-03,4.963004e+00,3.845453e-03
3.143347e-03,-3.812994e+00,-4.862829e+00,-1.027695e+01,-6.192349e+00,-7.283327e+00,-7.483559e-01,-3.341823e+01,-2.003116e+00,4.768766e-01,3.741863e+00,1.156167e+01,-1.875152e+01,2.931399e-02,4.492692e+02,7.784690e-01,-8.371992e-05,-1.988473e-02,-1.014825e+00,9.987156e-01,2.472461e+00,-1.397257e-01,-3.129888e+00,1.847341e+00,1.534569e+00,1.856679e+00,-2.816319e+00,-1.080417e+00,-3.099743e-01,-1.390149e-03,4.045190e+00,-6.762874e-03
3.062771e-03,-4.176612e+00,-5.784136e+00,-9.510310e+00,-4.631970e+00,-7.778106e+00,-3.146441e+00,-3.130871e+01,4.815190e-01,1.974936e+00,2.745444e-01,9.655866e+00,-1.846819e+01,2.840737e-02,4.521911e+02,7.631796e-01,2.481644e-05,-4.494647e-01,-7.909384e-01,4.635889e-01,1.871707e+00,-1.166004e+00,-2.920946e+00,1.693418e+00,2.007373e+00,7.447396e-01,-2.828309e+00,-8.663545e-01,3.596495e-01,-1.480810e-03,3.335831e+00,-1.427698e-02
3.111684e-03,-4.879974e+00,-6.517574e+00,-9.867294e+00,-3.101578e+00,-9.759809e+00,-6.141004e+00,-2.959401e+01,2.947047e+00,2.007912e+00,-2.682078e+00,9.790998e+00,-1.799260e+01,2.719855e-02,4.551323e+02,7.389895e-01,1.853214e-04,-6.950041e-01,-4.888486e-01,4.981613e-03,1.302610e+00,-2.128526e+00,-2.611771e+00,9.662121e-01,1.830952e+00,-4.594073e-01,-2.067149e+00,-7.877426e-02,9.458555e-01,-1.541251e-03,1.672403e+00,-1.804614e-02
3.438855e-03,-5.817400e+00,-6.613182e+00,-9.982507e+00,-1.539043e+00,-1.291799e+01,-8.996263e+00,-2.934714e+01,4.717018e+00,7.192693e-01,-3.971516e+00,9.913907e+00,-1.659993e+01,2.508311e-02,4.582623e+02,7.248610e-01,2.703673e-04,-6.968558e-01,-1.754716e-01,4.724417e-02,9.351200e-01,-2.421668e+00,-2.255905e+00,6.892093e-01,1.397266e+00,-1.179090e+00,-1.493060e+00,5.362170e-01,1.417951e+00,-1.359927e-03,-1.972672e+01,-1.343548e-02
3.881912e-03,-6.467621e+00,-6.892549e+00,-1.001594e+01,-1.225761e+00,-1.535602e+01,-1.088230e+01,-2.956795e+01,5.033897e+00,-1.192327e+00,-4.470853e+00,1.103878e+01,-1.495638e+01,2.326987e-02,4.545956e+02,7.073976e-01,2.482762e-04,-4.653420e-01,-3.895087e-02,3.384396e-01,4.723513e-01,-1.838132e+00,-1.630152e+00,6.148558e-01,1.068969e+00,-1.128592e+00,-1.159125e+00,6.469370e-01,1.724928e+00,-8.159567e-04,-5.101970e+01,-6.067240e-03
4.029493e-03,-6.867068e+00,-6.474007e+00,-9.199765e+00,-8.942787e-01,-1.708834e+01,-1.205531e+01,-2.787569e+01,6.424423e+00,-2.320397e+00,-6.296366e+00,1.171306e+01,-1.289655e+01,2.357208e-02,3.538259e+02,7.117981e-01,1.175050e-04,-1.594841e-01,2.620678e-02,6.403589e-01,2.197508e-01,-9.499979e-01,-8.972335e-01,9.209309e-01,1.249863e+00,-6.412690e-01,-1.095108e+00,3.975509e-01,1.620803e+00,-2.417646e-04,-8.052281e+01,2.904248e-03
4.057745e-03,-6.681850e+00,-6.781916e+00,-8.566467e+00,-1.062204e+00,-1.686529e+01,-1.276224e+01,-2.725545e+01,7.438189e+00,-2.115217e+00,-7.315281e+00,1.212611e+01,-1.121966e+01,2.387428e-02,2.522520e+02,7.151847e-01,-1.667142e-05,7.098975e-02,-3.704262e-03,6.681863e-01,1.217710e-01,-3.164658e-01,-1.715408e-01,8.931057e-01,1.059702e+00,-5.917246e-02,-6.858643e-01,-1.918081e-01,1.267879e+00,-2.417650e-04,-7.903677e+01,8.338434e-03
3.938463e-03,-6.507706e+00,-6.537465e+00,-7.505450e+00,-5.220673e-01,-1.691334e+01,-1.254246e+01,-2.589873e+01,9.764188e+00,-2.025630e+00,-8.024844e+00,1.135800e+01,-1.036427e+01,2.357208e-02,1.568201e+02,7.354887e-01,-8.235282e-05,1.741522e-01,2.696896e-03,2.329009e-01,-4.843935e-02,-4.851437e-02,4.278948e-01,3.856583e-01,2.232203e-01,1.057652e-01,1.486071e-01,-6.610001e-01,5.912994e-01,-4.835306e-04,-4.837675e+01,7.727134e-03
3.844070e-03,-6.292353e+00,-6.879342e+00,-7.522169e+00,-8.030116e-01,-1.702585e+01,-1.149643e+01,-2.609090e+01,8.662524e+00,-1.635572e+00,-7.035936e+00,1.025727e+01,-9.883118e+00,2.206104e-02,1.579146e+02,7.372445e-01,-1.273676e-04,1.525099e-01,1.615635e-01,-3.858069e-01,-4.105659e-01,1.033667e-01,6.717313e-01,-2.804451e-02,-8.755134e-01,4.487805e-02,7.398816e-01,-1.057872e+00,-1.406898e-01,-4.533097e-04,-1.821755e+01,5.609340e-03
3.724567e-03,-6.191055e+00,-6.411810e+00,-8.557410e+00,-1.266072e+00,-1.725063e+01,-1.054874e+01,-2.652967e+01,6.928356e+00,-2.031394e+00,-5.693003e+00,9.342480e+00,-1.060832e+01,2.206104e-02,1.591108e+02,7.394039e-01,-1.868215e-04,2.229976e-01,2.694356e-01,-8.422905e-01,-8.103725e-01,5.620081e-01,7.702943e-01,-4.284996e-01,-1.784466e+00,-3.322995e-01,1.467553e+00,-1.039937e+00,-9.858137e-01,9.066165e-05,9.255417e-01,1.987469e-03
3.527856e-03,-6.077626e+00,-6.036926e+00,-9.969522e+00,-2.743032e+00,-1.617981e+01,-1.040044e+01,-2.708021e+01,4.478537e+00,-1.887945e+00,-4.781794e+00,7.844505e+00,-1.180108e+01,2.236325e-02,1.600189e+02,7.412738e-01,-2.717024e-04,3.532824e-01,3.786792e-01,-7.099935e-01,-8.585280e-01,1.082511e+00,1.097707e+00,-4.793705e-01,-1.625202e+00,-1.056331e+00,1.913587e+00,-6.005104e-01,-1.685079e+00,4.835298e-04,4.911484e-01,1.121461e-03
3.162463e-03,-5.500082e+00,-5.611495e+00,-1.049323e+01,-3.603920e+00,-1.452632e+01,-9.238984e+00,-2.754658e+01,2.933851e+00,-3.560941e+00,-1.814148e+00,7.364691e+00,-1.433436e+01,2.387428e-02,1.603956e+02,7.434114e-01,-3.715599e-04,6.446468e-01,3.069563e-01,2.713490e-02,-3.936233e-01,1.544505e+00,1.684964e+00,-1.266550e-01,-7.923540e-01,-1.885597e+00,2.000503e+00,1.269224e-01,-1.842250e+00,1.813237e-04,-1.204865e-01,-6.963491e-04
2.766610e-03,-4.871428e+00,-5.386103e+00,-1.010423e+01,-3.926728e+00,-1.297545e+01,-6.662780e+00,-2.797930e+01,2.533765e+00,-6.152453e+00,5.925705e-01,8.243610e+00,-1.644549e+01,2.357207e-02,1.597279e+02,7.408481e-01,-4.376911e-04,1.024353e+00,3.258529e-01,1.119191e+00,4.814940e-01,1.711682e+00,1.896011e+00,8.423832e-01,2.225021e-01,-2.315754e+00,1.384248e+00,8.535513e-01,-1.134889e+00,-5.741915e-04,-8.019043e-01,-4.243725e-03
2.247390e-03,-3.570920e+00,-5.202440e+00,-8.354383e+00,-2.642340e+00,-1.113029e+01,-3.992754e+00,-2.671340e+01,3.938972e+00,-9.327127e+00,1.622329e+00,9.777539e+00,-1.749736e+01,2.236325e-02,1.586539e+02,7.361350e-01,-4.553920e-04,1.344235e+00,4.975114e-01,2.238196e+00,1.344043e+00,1.767135e+00,1.366491e+00,2.169968e+00,5.875079e-01,-1.816759e+00,9.259747e-01,1.180382e+00,7.790756e-03,-1.239045e-03,-1.153619e+01,-9.054834e-03
1.796936e-03,-1.920444e+00,-4.612189e+00,-5.442989e+00,-8.163512e-01,-9.319413e+00,-3.543506e+00,-2.328488e+01,5.088487e+00,-1.058362e+01,4.212078e-01,1.090584e+01,-1.589403e+01,2.024781e-02,1.568802e+02,7.236934e-01,-4.137506e-04,1.437883e+00,6.252774e-01,3.101852e+00,1.871144e+00,1.598214e+00,5.784454e-01,3.220112e+00,2.272709e-01,-6.215327e-01,1.135465e+00,9.352337e-01,1.087993e+00,-1.027500e-03,-2.705476e+01,-1.433507e-02
1.370340e-03,-2.543975e-01,-3.510895e+00,-1.632868e+00,1.561110e+00,-7.518658e+00,-3.966169e+00,-1.904395e+01,4.594029e+00,-1.042915e+01,2.901407e+00,1.193549e+01,-1.457114e+01,1.934119e-02,1.041385e+02,7.067146e-01,-3.194502e-04,1.174516e+00,5.173700e-01,3.118082e+00,1.960222e+00,1.520325e+00,2.210586e-01,3.263303e+00,-3.096333e-01,6.888757e-01,1.917192e+00,-1.191820e-01,1.134086e+00,-1.511028e-04,-4.224762e+01,-6.150284e-02
1.136382e-03,6.597244e-01,-3.105489e+00,2.044276e+00,3.327267e+00,-6.790194e+00,-3.783846e+00,-1.571347e+01,3.342591e+00,-8.709105e+00,5.630356e+00,1.184081e+01,-1.246864e+01,1.994560e-02,5.171182e+01,6.838830e-01,-2.250928e-04,6.204077e-01,1.686954e-01,2.493094e+00,1.791277e+00,1.231495e+00,3.051602e-01,2.463848e+00,7.136605e-02,1.751949e+00,2.039585e+00,-1.443506e+00,4.477522e-01,7.252945e-04,-4.178990e+01,-1.265519e-01
9.804164e-04,1.011576e+00,-3.368940e+00,3.492394e+00,5.086960e+00,-4.793278e+00,-2.767291e+00,-1.418259e+01,3.263754e+00,-6.820007e+00,8.603715e+00,8.714146e+00,-1.353962e+01,2.175884e-02,0,4.485260e-01,-1.488224e-04,3.019569e-01,-9.738288e-02,1.171379e+00,1.599953e+00,8.458526e-01,3.929398e-01,1.267340e+00,7.528068e-01,2.244751e+00,9.683536e-01,-2.474025e+00,1.257591e-02,8.159559e-04,-2.599889e+01,-1.877284e-01
8.664338e-04,5.486076e-01,-3.839689e+00,4.459849e+00,6.377109e+00,-4.524630e+00,-2.617144e+00,-1.339632e+01,6.110455e+00,-3.628451e+00,7.767979e+00,5.298981e+00,-1.417102e+01,2.266546e-02,0,2.200283e-01,-1.053117e-04,1.942272e-01,4.221604e-02,3.834915e-02,1.334970e+00,3.168285e-01,2.072174e-01,3.026133e-01,1.180076e+00,2.080047e+00,-1.227619e-01,-2.087428e+00,1.003227e-01,-3.928682e-04,-1.034236e+01,-1.816292e-01
7.612018e-04,1.310945e+00,-3.630709e+00,3.016243e+00,8.035954e+00,-4.422177e+00,-2.584821e+00,-1.386583e+01,6.974131e+00,-1.745718e+00,6.674364e+00,2.836275e+00,-1.365707e+01,2.206104e-02,0,0,-7.632126e-05,2.196033e-01,2.456543e-01,-5.533706e-01,9.250782e-01,1.058566e-01,1.996903e-01,-2.577022e-01,7.618095e-01,1.461898e+00,-8.746624e-01,-6.288468e-01,7.138349e-01,-2.236325e-03,0,-1.117080e-01
7.194310e-04,1.481176e+00,-2.763524e+00,2.474097e+00,8.527621e+00,-5.391602e+00,-2.838994e+00,-1.435878e+01,7.387783e+00,-8.460164e-01,5.981222e+00,4.342600e+00,-1.190831e+01,1.783016e-02,0,0,-5.828064e-05,5.487000e-02,3.762505e-01,-3.870310e-01,5.471154e-01,6.651039e-01,3.251759e-01,-5.013030e-01,-4.497791e-01,7.941440e-01,-6.651382e-01,5.222586e-01,4.111778e-01,-3.445149e-03,0,-4.400565e-02
6.723115e-04,1.643309e+00,-2.678751e+00,1.718417e+00,8.637094e+00,-3.830509e+00,-1.657915e+00,-1.498987e+01,6.434137e+00,-9.017334e-01,5.123781e+00,6.048102e+00,-1.110181e+01,1.299486e-02,0,0,-5.004949e-05,-4.013465e-01,2.013519e-01,2.370249e-01,4.385395e-01,1.342187e+00,5.630396e-01,-6.200860e-01,-1.056413e+00,2.693202e-01,-7.420216e-01,7.298285e-01,1.261950e-01,-3.324267e-03,0,0
6.194757e-04,6.567760e-01,-2.434415e+00,3.173607e+00,8.812116e+00,-1.494945e+00,-1.454717e+00,-1.534081e+01,4.131556e+00,-7.972357e-02,5.217579e+00,6.304361e+00,-1.339276e+01,9.972801e-03,0,0,-4.835072e-05,-7.063212e-01,5.594575e-02,2.793172e-01,2.901548e-01,1.728331e+00,4.166976e-01,-4.508407e-01,-1.637967e+00,-4.085464e-01,-8.388020e-01,-1.099793e-01,2.234650e-02,-1.631913e-03,0,0
5.609320e-04,-2.835875e-01,-2.788503e+00,3.851613e+00,1.008640e+01,3.404306e-01,-4.617610e-01,-1.647524e+01,3.320181e+00,-7.822633e-01,3.346078e+00,5.504537e+00,-1.228386e+01,9.368389e-03,0,0,-9.307585e-06,-8.156037e-01,4.837894e-03,-6.911316e-01,-2.420570e-01,1.022404e+00,-1.719248e-01,-3.948470e-01,-1.230279e+00,-9.359695e-01,-8.049370e-01,-8.266651e-01,4.429636e-01,4.533091e-04,0,0
5.333672e-04,-1.086982e+00,-2.428919e+00,2.804085e+00,9.253740e+00,1.164584e+00,-1.353583e+00,-1.587030e+01,7.549283e-01,-2.948483e+00,2.676064e+00,4.064486e+00,-1.120555e+01,1.148383e-02,0,0,1.345599e-04,-5.995069e-01,-3.080127e-01,-2.403723e+00,-1.232498e+00,-7.248576e-01,-7.725350e-01,-1.050223e+00,-1.931385e-01,-9.969252e-01,-4.491633e-01,-8.943939e-01,5.186639e-01,2.085222e-03,0,4.608613e-02
6.688279e-04,-1.562831e+00,-2.657310e+00,-1.552481e+00,7.205997e+00,-4.825052e-02,-2.568106e+00,-1.669936e+01,1.971054e+00,-4.147201e+00,2.369854e+00,3.034714e+00,-9.980598e+00,1.450589e-02,0,0,3.486497e-04,-2.780321e-01,-7.712823e-01,-3.496429e+00,-2.013281e+00,-2.519455e+00,-1.316079e+00,-2.221230e+00,9.393102e-01,-2.989908e-01,1.036611e-01,-7.759253e-01,1.878038e-01,2.810517e-03,0,1.169826e-01
1.238327e-03,-1.701137e+00,-4.040076e+00,-6.142963e+00,4.089829e+00,-4.924892e+00,-4.264220e+00,-2.047987e+01,3.840427e+00,-3.381881e+00,3.459874e+00,3.067303e+00,-1.195108e+01,1.783016e-02,0,2.304306e-01,4.859730e-04,8.226782e-02,-1.280594e+00,-2.971193e+00,-1.686939e+00,-3.455859e+00,-1.099450e+00,-3.428399e+00,1.701955e+00,2.368279e-01,1.528606e-01,-7.311190e-01,4.945001e-01,2.387428e-03,0,1.874438e-01
1.951701e-03,-1.366671e+00,-5.839336e+00,-9.157006e+00,2.601956e+00,-9.212106e+00,-5.586840e+00,-2.527661e+01,6.473982e+00,-2.060519e+00,3.472478e+00,2.123502e+00,-1.097208e+01,2.024781e-02,0,4.696979e-01,4.023795e-04,2.263596e-01,-9.114008e-01,-1.085840e+00,-7.542152e-01,-2.552081e+00,-7.452820e-01,-2.989985e+00,9.331835e-01,4.985052e-01,-1.960256e-01,-1.105279e+00,1.040445e+00,1.601693e-03,0,1.884360e-01
2.321796e-03,-7.737233e-01,-7.240874e+00,-8.249614e+00,3.121068e+00,-1.153278e+01,-5.341468e+00,-2.872367e+01,7.013241e+00,-2.807685e+00,2.889055e+00,8.644968e-01,-8.237306e+00,2.055001e-02,0,7.023699e-01,1.315339e-04,-2.117472e-02,2.967227e-01,7.721710e-01,4.993385e-01,-5.107528e-01,-2.094611e-01,-1.011019e+00,-3.594693e-01,4.227592e-01,-9.349829e-01,-1.555675e+00,1.676072e+00,3.928682e-04,0,1.147200e-01
2.138991e-03,-8.947398e-01,-5.613915e+00,-5.928357e+00,3.919301e+00,-9.504707e+00,-5.755891e+00,-2.752738e+01,5.050564e+00,-1.941773e+00,1.675136e+00,-1.390278e+00,-6.635257e+00,2.115443e-02,0,7.062104e-01,-1.166600e-04,-6.513387e-01,2.028522e+00,1.567150e+00,9.475120e-01,1.172789e+00,-2.363122e-01,1.596307e+00,-1.676422e+00,1.132275e+00,-9.731128e-01,-1.547779e+00,1.567315e+00,-1.813237e-04,0,3.449137e-02
1.802351e-03,-2.042976e+00,-2.669173e+00,-3.896433e+00,5.927849e+00,-7.332355e+00,-5.227000e+00,-2.440957e+01,2.754790e+00,-1.327457e+00,-3.163691e-01,-2.954181e+00,-5.739127e+00,1.934119e-02,0,6.857746e-01,-1.650918e-04,-1.482682e+00,3.458016e+00,1.090107e+00,8.854766e-01,2.342204e+00,-7.018218e-01,3.565006e+00,-2.139304e+00,1.703859e+00,9.692899e-02,-7.795928e-01,1.238846e+00,3.928680e-03,0,-3.597068e-02
1.628123e-03,-3.988738e+00,2.017424e+00,-3.497845e+00,5.936125e+00,-5.448375e+00,-6.825635e+00,-1.945212e+01,2.210995e-01,2.860742e+00,2.096260e-01,-3.706055e+00,-4.384596e+00,1.994560e-02,0,6.504523e-01,1.838882e-05,-2.209329e+00,3.933219e+00,-6.791518e-02,6.021689e-01,2.491601e+00,-1.104905e+00,4.371873e+00,-1.789001e+00,1.697158e+00,1.630269e+00,5.159174e-01,1.135667e+00,1.447567e-02,0,-8.846717e-02
1.751771e-03,-6.640134e+00,6.233536e+00,-4.014332e+00,6.540039e+00,-1.849931e+00,-8.315705e+00,-1.493627e+01,-1.268546e+00,3.310352e+00,4.106454e+00,-1.875579e+00,-3.168406e+00,4.079783e-02,0,5.503955e-01,2.532035e-04,-2.728510e+00,3.227121e+00,-1.287602e+00,8.027577e-02,1.956208e+00,-1.421687e+00,3.948634e+00,-8.796839e-01,6.985463e-01,2.497597e+00,2.000900e+00,1.046161e+00,2.931399e-02,0,-1.422009e-01
2.256226e-03,-9.642806e+00,9.600823e+00,-6.208983e+00,6.624050e+00,2.120866e-01,-9.736065e+00,-1.040467e+01,-1.882774e+00,4.225114e+00,7.615071e+00,6.500075e-01,-2.242284e+00,8.280447e-02,0,3.315641e-01,3.486167e-04,-2.744942e+00,1.423290e+00,-2.059072e+00,-3.808673e-01,3.501600e-01,-1.139692e+00,2.316915e+00,-1.643846e-02,-6.723276e-01,1.595686e+00,2.514313e+00,8.227751e-01,3.741311e-02,0,-1.717086e-01
2.754318e-03,-1.285849e+01,9.674730e+00,-8.978875e+00,5.985265e+00,-3.815475e-01,-1.088022e+01,-9.190131e+00,-5.916922e-01,1.483088e+00,8.468896e+00,4.872288e+00,-1.579476e+00,1.344817e-01,0,1.342145e-01,1.826123e-04,-2.055670e+00,-4.664556e-01,-1.949427e+00,-1.056713e+00,-1.764777e+00,-9.452704e-01,-3.299985e-01,4.997868e-01,-1.360842e+00,3.581229e-01,1.797008e+00,8.758549e-02,2.991840e-02,0,-1.432355e-01
2.869933e-03,-1.460427e+01,7.413277e+00,-1.131094e+01,4.309175e+00,-4.431767e+00,-1.124184e+01,-1.074062e+01,-1.995195e-01,4.127359e-01,6.006835e+00,5.491579e+00,-1.065186e+00,1.601692e-01,0,0,-1.681780e-04,-8.363670e-01,-1.670344e+00,-9.393576e-01,-1.335524e+00,-2.659171e+00,-6.245222e-01,-2.468808e+00,1.821714e-01,-1.480023e+00,-2.350807e-03,3.250031e-01,-8.027940e-01,9.459050e-03,0,-7.973427e-02
2.357979e-03,-1.443775e+01,4.995031e+00,-1.121049e+01,2.413909e+00,-8.351892e+00,-1.228917e+01,-1.641829e+01,3.887609e-01,-1.587671e+00,6.701187e+00,4.688677e+00,-3.319027e+00,1.517075e-01,0,0,-4.758715e-04,3.894190e-01,-1.911523e+00,2.710918e-01,-1.038410e+00,-1.911506e+00,-3.776623e-01,-2.490847e+00,-4.586900e-01,-7.259966e-01,1.360287e+00,-1.062065e+00,-1.493066e+00,-1.245089e-02,0,-2.684290e-02
1.613505e-03,-1.303501e+01,3.588952e+00,-9.789963e+00,1.732110e+00,-9.098594e+00,-1.215420e+01,-1.913463e+01,-1.462144e+00,-1.639623e+00,8.487171e+00,2.366829e+00,-5.386478e+00,1.214869e-01,0,0,-5.856855e-04,9.704795e-01,-1.760173e+00,9.394237e-01,-4.398408e-01,-2.681211e-01,-1.064573e-01,-6.673363e-01,-5.325189e-01,1.373513e-01,1.943061e+00,-1.747037e+00,-1.414301e+00,-2.275612e-02,0,0
1.003174e-03,-1.169603e+01,2.029280e+00,-8.383903e+00,2.081749e+00,-7.605664e+00,-1.231235e+01,-1.744736e+01,-2.253830e+00,-1.120716e+00,1.403016e+01,1.124337e+00,-6.884158e+00,9.156845e-02,0,0,-4.733054e-04,9.494911e-01,-1.593201e+00,7.730792e-01,-2.726376e-03,8.373092e-01,3.505619e-01,1.746786e+00,-1.989588e-02,7.863154e-01,1.375549e+00,-1.929652e+00,-8.953905e-01,-2.257479e-02,0,0
6.189081e-04,-1.112273e+01,9.528772e-02,-8.027112e+00,2.276051e+00,-6.145486e+00,-1.176254e+01,-1.356276e+01,-1.540818e+00,8.660150e-01,1.205765e+01,-1.461437e+00,-6.354126e+00,7.645815e-02,0,0,-2.781845e-04,6.494206e-01,-1.093249e+00,5.991889e-01,1.327107e-02,6.046165e-01,7.608043e-01,2.404290e+00,9.276534e-01,1.254303e+00,-3.438724e-01,-1.386847e+00,-9.192476e-02,-1.795104e-02,0,0
4.887505e-04,-1.064644e+01,-1.224141e+00,-8.226521e+00,2.128307e+00,-5.641899e+00,-1.073219e+01,-1.047029e+01,3.286186e-01,1.091087e+00,1.179369e+01,-3.045449e+00,-7.312155e+00,6.134784e-02,0,0,-1.029597e-04,4.817936e-01,-2.652536e-01,5.545064e-01,-7.294293e-02,1.144745e-01,1.647165e+00,2.002655e+00,1.364537e+00,1.484507e+00,-1.754759e+00,-5.555221e-01,6.189718e-01,-1.462677e-02,0,0
4.797940e-04,-1.031271e+01,-2.505831e-01,-6.872709e+00,1.775187e+00,-7.057394e+00,-9.140258e+00,-1.060171e+01,1.884899e+00,3.525989e+00,7.886044e+00,-2.482516e+00,-5.632103e+00,4.684195e-02,0,0,7.954788e-05,7.648284e-01,5.118785e-02,9.014287e-02,-5.869857e-01,2.971892e-02,2.015555e+00,9.309229e-01,1.686014e+00,1.399814e+00,-1.445433e+00,-1.754029e-01,1.059373e+00,-1.151405e-02,1.421070e+01,5.078537e-02
5.579327e-04,-9.692073e+00,8.759473e-01,-6.188572e+00,1.967467e+00,-6.577338e+00,-5.387665e+00,-8.914617e+00,2.855996e+00,4.971832e+00,7.342171e+00,-1.142734e+00,-4.150310e+00,3.324267e-02,0,0,3.651839e-04,1.235818e+00,-7.868749e-01,-1.215189e+00,-1.823209e+00,5.577997e-01,1.782807e+00,4.000990e-01,2.252335e+00,5.477270e-01,-6.262962e-01,-1.317889e+00,1.125785e+00,-6.829858e-03,3.386496e+01,1.270813e-01
9.820564e-04,-7.775773e+00,-6.988170e-01,-8.595372e+00,-5.784574e-01,-5.529172e+00,-4.357027e+00,-9.685988e+00,5.625563e+00,5.924711e+00,7.056246e+00,-3.289809e+00,-2.638182e+00,3.294047e-02,7.105349e+01,2.539269e-01,7.167483e-04,1.839347e+00,-2.508560e+00,-2.898764e+00,-3.278639e+00,1.127795e+00,7.436973e-01,4.280378e-01,2.927851e+00,-6.751521e-01,1.132038e+00,-3.053093e+00,5.678390e-01,-2.447870e-03,5.226722e+01,2.029411e-01
2.063539e-03,-5.735813e+00,-4.934398e+00,-1.344114e+01,-5.810916e+00,-3.617011e+00,-4.209775e+00,-8.927661e+00,9.719959e+00,2.630361e+00,9.077110e+00,-9.231249e+00,-3.180188e+00,3.414929e-02,1.337980e+02,5.084432e-01,1.077802e-03,1.785810e+00,-3.833540e+00,-3.546201e+00,-3.866306e+00,1.003067e+00,1.265982e-01,4.305685e-01,3.314112e+00,-1.140627e+00,1.943249e+00,-4.122224e+00,-1.532050e-01,6.044097e-05,4.862177e+01,2.046387e-01
3.310733e-03,-3.094100e+00,-9.888209e+00,-1.774025e+01,-1.072882e+01,-2.898582e+00,-6.010716e+00,-8.455001e+00,1.309217e+01,1.320964e+00,1.267876e+01,-1.370372e+01,-3.277969e+00,3.414929e-02,1.944371e+02,7.604837e-01,1.225314e-03,1.174381e+00,-3.878295e+00,-2.690689e+00,-2.971419e+00,8.805385e-01,6.144189e-01,4.420613e-01,2.875620e+00,-1.108355e+00,1.658083e+00,-3.810863e+00,-8.534791e-01,3.626466e-04,2.556260e+01,1.309727e-01
4.782606e-03,-3.103861e+00,-1.369706e+01,-1.934714e+01,-1.228889e+01,-2.877296e+00,-3.927830e+00,-7.377268e+00,1.569325e+01,1.570569e+00,1.424716e+01,-1.654690e+01,-4.596442e+00,3.294047e-02,1.814170e+02,7.699149e-01,1.044902e-03,2.596908e-01,-2.844507e+00,-1.088240e+00,-1.490224e+00,7.326077e-01,1.188329e+00,-3.113415e-01,2.014201e+00,-6.698380e-01,6.197991e-01,-2.348204e+00,-1.164618e+00,9.670589e-04,5.484587e+00,5.804720e-02
5.749094e-03,-3.219846e+00,-1.570896e+01,-1.909582e+01,-1.219657e+01,-1.496338e+00,-1.425905e+00,-8.250878e+00,1.701702e+01,9.128315e-01,1.276164e+01,-1.868630e+01,-6.197451e+00,3.535811e-02,1.750570e+02,7.780545e-01,6.111931e-04,-3.907156e-01,-1.537947e+00,2.255652e-01,-3.185667e-01,6.650231e-01,1.110616e+00,-1.094277e+00,1.416228e+00,-9.839336e-01,-6.502002e-01,-8.507883e-01,-1.265155e+00,1.511030e-03,-6.116518e+00,4.974073e-03
6.068866e-03,-4.374485e+00,-1.624655e+01,-1.820455e+01,-1.252816e+01,-6.550951e-01,-5.605363e-01,-1.058643e+01,1.782854e+01,-5.147629e-01,1.213467e+01,-1.848098e+01,-7.543537e+00,3.838018e-02,1.709110e+02,7.898938e-01,-8.299760e-06,-4.127806e-01,-4.359113e-01,7.631716e-01,4.739520e-01,-1.984254e-02,-2.210302e-01,-1.470789e+00,9.204617e-01,-1.081051e+00,-7.939030e-01,8.288860e-01,-7.536030e-01,1.692355e-03,-3.131778e+00,-1.014936e-03
5.723568e-03,-4.412365e+00,-1.630320e+01,-1.718372e+01,-1.220201e+01,-6.845672e-01,-2.141284e+00,-1.232181e+01,1.910567e+01,-2.556038e+00,1.048401e+01,-1.699062e+01,-8.130197e+00,3.898459e-02,1.691075e+02,7.753646e-01,-5.063043e-04,-2.958422e-01,3.741461e-01,1.049043e+00,1.193744e+00,-9.548329e-01,-1.246253e+00,-1.109434e+00,8.185848e-01,-8.691466e-01,-3.197691e-01,2.060615e+00,7.046161e-02,1.087943e-03,-1.579716e+00,-8.158254e-03
4.753870e-03,-4.571504e+00,-1.557950e+01,-1.648733e+01,-9.916403e+00,-3.382394e+00,-4.675292e+00,-1.269575e+01,1.925123e+01,-2.100250e+00,1.141646e+01,-1.325030e+01,-7.398084e+00,3.958900e-02,1.687329e+02,7.661851e-01,-7.984748e-04,-4.166365e-03,1.166937e+00,1.337438e+00,1.856471e+00,-1.435484e+00,-1.509288e+00,-4.906538e-01,3.657156e-01,-1.831724e-01,2.737959e-01,2.669048e+00,1.127948e+00,2.417646e-04,-7.602646e-01,-1.291327e-02
3.875070e-03,-4.600548e+00,-1.417176e+01,-1.470921e+01,-7.533724e+00,-4.906853e+00,-5.599793e+00,-1.274339e+01,2.039860e+01,-2.640158e+00,1.152190e+01,-1.099857e+01,-5.917870e+00,4.019341e-02,1.682475e+02,7.491176e-01,-8.643712e-04,2.271835e-01,1.910608e+00,1.737507e+00,2.220125e+00,-1.236999e+00,-9.613386e-01,-2.905575e-01,-6.245133e-01,4.526678e-01,5.732104e-01,2.571774e+00,1.622738e+00,-1.208824e-03,-1.163486e+01,-1.740498e-02
3.000741e-03,-4.301226e+00,-1.147759e+01,-1.275461e+01,-5.579948e+00,-5.721371e+00,-6.377723e+00,-1.282891e+01,1.901065e+01,-1.388565e+00,1.298470e+01,-8.131771e+00,-3.009961e+00,3.898459e-02,1.675397e+02,7.384510e-01,-7.784657e-04,7.290646e-01,2.285715e+00,2.382418e+00,1.998371e+00,-2.859533e-01,-2.528145e-01,-2.084759e-01,-2.085846e+00,4.524306e-01,2.717042e-01,1.554568e+00,1.161408e+00,-3.233606e-03,-2.831392e+01,-6.684918e-02
2.278277e-03,-3.411587e+00,-8.801116e+00,-1.036254e+01,-3.269616e+00,-5.700072e+00,-6.096761e+00,-1.370801e+01,1.610339e+01,-6.485415e-01,1.256594e+01,-6.691023e+00,-2.210570e+00,3.324267e-02,1.115298e+02,7.022068e-01,-6.730546e-04,1.224493e+00,2.204058e+00,2.853368e+00,1.697963e+00,5.464479e-01,5.250050e-01,2.061011e-01,-3.223685e+00,2.267324e-01,-3.729142e-01,2.074142e-01,-2.862169e-01,-4.351768e-03,-4.485125e+01,-9.200095e-02
1.659938e-03,-1.520661e+00,-6.836245e+00,-6.748573e+00,-2.056603e+00,-4.415551e+00,-5.690880e+00,-1.325582e+01,1.096960e+01,-8.339049e-01,1.225296e+01,-7.631236e+00,-3.444694e+00,2.689634e-02,5.552214e+01,4.553946e-01,-5.067267e-04,1.590680e+00,1.704088e+00,3.016483e+00,1.006707e+00,9.852861e-01,1.002973e+00,9.901064e-01,-3.194554e+00,-6.219811e-02,-1.102674e+00,-1.194778e+00,-1.833425e+00,-3.414929e-03,-4.466092e+01,-8.768304e-02
1.180199e-03,1.316343e-01,-5.472145e+00,-3.445392e+00,-8.055847e-01,-2.827523e+00,-3.318190e+00,-1.149943e+01,8.300696e+00,-1.783826e+00,1.002320e+01,-1.021176e+01,-7.131588e+00,2.447869e-02,0,4.306410e-01,-3.035720e-04,1.472040e+00,1.247862e+00,2.227736e+00,4.263549e-01,7.774432e-01,8.140060e-01,1.449617e+00,-2.076350e+00,4.010814e-01,-1.147625e+00,-2.185434e+00,-2.616381e+00,-1.208824e-03,-2.785817e+01,-9.642658e-03
1.016147e-03,1.880562e+00,-4.621635e+00,-1.130773e+00,-1.778427e+00,-2.231215e+00,-2.752142e+00,-8.982667e+00,6.939229e+00,-1.131914e+00,8.742702e+00,-1.234529e+01,-9.716576e+00,2.629193e-02,0,4.358187e-01,-8.141022e-05,8.450122e-01,8.664144e-01,7.347937e-01,1.604335e-01,-1.767085e-02,-1.032116e-01,6.396170e-01,-7.037714e-01,8.088232e-01,-8.535149e-01,-1.974352e+00,-1.860011e+00,3.022062e-04,-1.110443e+01,6.871517e-02
1.082313e-03,2.248003e+00,-3.669111e+00,-2.032758e+00,-1.276930e+00,-2.905024e+00,-3.496100e+00,-8.596507e+00,7.736828e+00,1.505870e+00,8.582942e+00,-1.526116e+01,-1.215654e+01,2.750076e-02,0,6.637815e-01,1.614285e-04,-4.701690e-02,3.425577e-01,-8.817383e-01,2.434010e-01,-1.248873e+00,-9.487556e-01,-1.497814e+00,6.855893e-01,5.904268e-01,-7.122877e-01,-6.263611e-01,-2.913028e-01,4.835298e-04,9.850506e+00,7.789175e-02
1.301830e-03,1.646215e+00,-3.405690e+00,-3.780922e+00,-1.018763e+00,-4.465155e+00,-6.117983e+00,-1.150919e+01,7.732682e+00,1.565363e+00,8.705514e+00,-1.497829e+01,-1.023227e+01,2.689634e-02,0,6.824002e-01,4.438594e-04,-8.879423e-01,-5.183004e-01,-2.134438e+00,4.788532e-01,-2.816564e+00,-1.167962e+00,-3.569601e+00,1.815328e+00,-3.560264e-01,-1.074112e+00,1.428242e+00,1.193414e+00,-9.066183e-05,2.456915e+01,5.823071e-02
1.844499e-03,1.372318e-02,-4.367329e+00,-6.529009e+00,3.158857e-02,-7.954918e+00,-6.379047e+00,-1.772523e+01,1.133192e+01,-1.803300e-01,6.480354e+00,-1.202707e+01,-8.330254e+00,2.659414e-02,4.925253e+01,6.968090e-01,6.500683e-04,-1.239053e+00,-1.295228e+00,-2.442424e+00,4.232495e-01,-3.884036e+00,-1.106085e+00,-3.915658e+00,2.311137e+00,-1.194303e+00,-1.377643e+00,3.035193e+00,2.104196e+00,-3.022062e-04,3.922479e+01,1.545083e-02
2.854351e-03,-1.442009e+00,-6.864028e+00,-9.554835e+00,-3.841979e-02,-1.378909e+01,-7.150481e+00,-2.226631e+01,1.421833e+01,-2.068946e+00,4.423438e+00,-6.821131e+00,-5.662647e+00,2.629193e-02,9.821946e+01,7.104585e-01,6.809396e-04,-1.226608e+00,-1.563809e+00,-2.008422e+00,1.759589e-02,-3.328747e+00,-1.085529e+00,-2.539690e+00,2.263720e+00,-1.209470e+00,-1.098789e+00,3.162156e+00,1.543120e+00,-1.511030e-04,3.902886e+01,1.325762e-02
3.556394e-03,-2.403151e+00,-8.416080e+00,-1.135792e+01,3.491457e-01,-1.766324e+01,-8.510278e+00,-2.279624e+01,1.604969e+01,-2.648489e+00,3.835765e+00,-4.163781e+00,-3.920368e+00,2.629193e-02,1.470142e+02,7.270065e-01,4.628901e-04,-1.054933e+00,-1.088498e+00,-9.172614e-01,-6.698092e-01,-1.316125e+00,-1.102679e+00,-6.829948e-01,1.432744e+00,-8.902639e-01,-5.449336e-01,2.522750e+00,6.103349e-01,1.208827e-04,2.405071e+01,9.262872e-03
3.850581e-03,-3.278387e+00,-9.200359e+00,-1.140858e+01,-1.089562e+00,-1.625473e+01,-1.048001e+01,-2.167214e+01,1.669240e+01,-3.247906e+00,4.533863e+00,-3.099154e+00,-4.721613e+00,2.629193e-02,1.462634e+02,7.335896e-01,1.498578e-04,-9.258238e-01,-2.191236e-01,2.081422e-01,-1.169201e+00,9.476001e-01,-6.161370e-01,-6.791458e-02,8.203487e-01,-7.573668e-01,-4.066486e-01,1.932071e+00,-7.364829e-01,3.324270e-04,9.137120e+00,2.653182e-03
3.660835e-03,-4.342752e+00,-8.641656e+00,-1.018845e+01,-2.791887e+00,-1.330272e+01,-1.022767e+01,-2.143729e+01,1.725860e+01,-4.042169e+00,3.700474e+00,-1.274304e+00,-5.749096e+00,2.719855e-02,1.454841e+02,7.315578e-01,-3.185822e-05,-7.765319e-01,4.287072e-01,8.419746e-01,-1.176304e+00,1.734426e+00,1.247454e-02,-4.344952e-01,1.019228e-01,-7.546414e-01,-5.565944e-01,1.751310e+00,-1.186978e+00,1.208825e-04,-1.032850e+01,-1.090348e-03
3.551420e-03,-5.101328e+00,-7.846858e+00,-9.098862e+00,-4.313907e+00,-1.123135e+01,-9.372468e+00,-2.328535e+01,1.771561e+01,-5.158940e+00,2.457840e+00,1.394488e+00,-8.430697e+00,2.750076e-02,1.446701e+02,7.214487e-01,-1.546322e-04,-3.752195e-01,9.046928e-01,1.144513e+00,-3.570728e-01,9.119170e-01,3.218047e-01,-1.070420e+00,-7.128916e-01,-5.831724e-01,-7.097162e-01,1.491883e+00,-1.169910e+00,-5.137507e-04,-2.458810e+01,-2.830184e-03
3.546684e-03,-5.374341e+00,-6.949296e+00,-8.302905e+00,-3.920202e+00,-1.150280e+01,-9.001678e+00,-2.416211e+01,1.604770e+01,-5.466179e+00,2.090804e+00,2.345950e+00,-8.000717e+00,2.629193e-02,9.616840e+01,7.276252e-01,-2.863680e-04,3.132734e-01,1.199018e+00,1.453693e+00,6.295835e-01,5.634865e-01,3.852158e-01,-1.359753e+00,-1.572124e+00,2.930185e-01,1.008227e-02,6.060917e-01,-1.357939e+00,-1.420369e-03,-3.876576e+01,-4.206157e-03
3.134495e-03,-4.638690e+00,-5.523076e+00,-6.628780e+00,-2.310768e+00,-1.259511e+01,-9.483989e+00,-2.566183e+01,1.373339e+01,-5.451764e+00,1.790116e+00,2.550134e+00,-9.445353e+00,2.417649e-02,4.798077e+01,7.214050e-01,-5.080431e-04,1.093665e+00,1.421123e+00,2.063785e+00,1.435256e+00,1.103254e+00,8.491176e-01,-5.073012e-01,-1.939576e+00,6.961616e-01,8.293664e-01,-7.665023e-01,-1.292376e+00,-2.326987e-03,-3.855087e+01,-5.380325e-02
2.437457e-03,-3.007703e+00,-3.808456e+00,-4.155022e+00,-6.455385e-01,-9.803409e+00,-8.245834e+00,-2.704782e+01,1.138909e+01,-2.430665e+00,4.084747e+00,1.178332e+00,-1.203146e+01,2.175884e-02,0,7.105489e-01,-6.524221e-04,1.667426e+00,1.192271e+00,2.521535e+00,1.666899e+00,2.423965e+00,1.651468e+00,1.125493e+00,-1.448782e+00,4.452830e-01,1.085357e+00,-1.871116e+00,-1.261306e+00,-2.719855e-03,-2.403176e+01,-1.260464e-01
1.565817e-03,-8.163230e-01,-2.311663e+00,-8.538804e-01,1.225041e+00,-6.564774e+00,-5.504802e+00,-2.437900e+01,1.034704e+01,-3.195889e+00,5.607701e+00,-1.854214e+00,-1.287720e+01,1.813237e-02,0,4.609706e-01,-5.836863e-04,1.682896e+00,5.310199e-01,2.401148e+00,1.377066e+00,2.492825e+00,1.968603e+00,3.373933e+00,-4.468628e-01,-4.713883e-01,9.402703e-01,-2.389994e+00,-4.059782e-01,-2.417649e-03,-9.596155e+00,-1.925748e-01
1.068912e-03,1.051609e+00,-2.593647e+00,1.417321e+00,2.646388e+00,-2.398139e+00,-2.733932e+00,-1.917606e+01,1.049696e+01,-4.367701e+00,5.608798e+00,-4.807456e+00,-1.259132e+01,1.571472e-02,0,2.276105e-01,-3.889363e-04,1.144149e+00,-2.198981e-01,1.681006e+00,8.294301e-01,1.448472e+00,1.368927e+00,4.471486e+00,4.932678e-01,-9.304961e-01,4.111709e-01,-1.666112e+00,2.091858e-01,-1.269266e-03,0,-1.882068e-01
9.003361e-04,1.746133e+00,-3.475381e+00,2.590789e+00,2.928600e+00,-3.833617e+00,-2.396926e+00,-1.272804e+01,1.194514e+01,-6.840187e+00,5.729443e+00,-6.406941e+00,-1.119532e+01,1.511031e-02,0,0,-1.803831e-04,4.467527e-01,-4.213041e-01,7.716113e-01,2.462598e-01,7.624781e-02,1.191491e-01,3.288493e+00,8.852873e-01,-1.662893e-02,4.831244e-01,-4.914009e-01,5.630075e-01,-6.044134e-05,0,-1.149552e-01
8.255157e-04,1.431812e+00,-4.326088e+00,2.527676e+00,2.649832e+00,-3.926627e+00,-2.955135e+00,-1.051587e+01,1.305638e+01,-5.260997e+00,6.079731e+00,-4.875864e+00,-1.182648e+01,1.692354e-02,0,0,-7.027166e-05,8.394146e-03,-2.651410e-02,1.072572e-01,-4.029007e-01,-5.878052e-01,-4.483538e-01,1.017181e+00,7.919807e-01,1.449252e+00,4.046549e-01,-3.500873e-01,4.878072e-01,5.741916e-04,0,-4.552211e-02
7.856000e-04,1.227339e+00,-3.551963e+00,2.448999e+00,2.454618e+00,-5.419290e+00,-4.798455e+00,-1.226663e+01,1.349376e+01,-2.832386e+00,7.787857e+00,-4.277015e+00,-1.044459e+01,1.722575e-02,0,0,-2.798268e-05,-3.899634e-02,5.297278e-01,-2.550957e-01,-6.755381e-01,-4.176436e-01,-2.114307e-01,-1.122569e+00,2.702303e-01,2.546435e+00,3.120264e-01,-1.128776e+00,2.008930e-01,4.835298e-04,0,0
7.749221e-04,1.352976e+00,-2.687926e+00,2.024503e+00,8.688759e-01,-4.544328e+00,-3.774936e+00,-1.432086e+01,1.368256e+01,8.746579e-01,6.602865e+00,-7.622856e+00,-1.052765e+01,1.752795e-02,0,0,-1.627789e-05,1.977433e-02,6.911507e-01,-3.056842e-01,-5.719557e-01,-3.527628e-01,6.015103e-01,-1.313833e+00,-5.241583e-01,2.109031e+00,2.406358e-01,-1.914525e+00,9.954824e-02,1.813240e-04,0,0
7.857195e-04,1.590569e+00,-1.645823e+00,1.566897e+00,4.413880e-01,-5.612985e+00,-3.044179e+00,-1.643839e+01,1.298320e+01,2.824160e+00,7.028008e+00,-1.067733e+01,-1.084027e+01,1.722575e-02,0,0,-2.884552e-05,-6.254779e-02,2.741998e-01,-2.840716e-01,1.023239e-01,-1.101131e-01,1.512251e+00,-2.076812e-01,-1.156597e+00,6.313157e-01,1.386059e-01,-9.406282e-01,-1.258793e-02,3.022067e-05,0,0
7.440665e-04,1.349069e+00,-1.823405e+00,1.440305e+00,7.966685e-01,-5.593594e+00,-8.247220e-01,-1.499915e+01,1.069087e+01,2.455885e+00,7.662834e+00,-1.124833e+01,-1.113090e+01,1.783016e-02,0,0,-4.869558e-05,-1.302641e-01,-1.312949e-01,-1.640963e-01,5.657738e-01,-1.442293e-01,1.442406e+00,1.067081e+00,-1.294430e+00,-9.697171e-01,2.744218e-01,1.165023e+00,2.522336e-01,-1.208827e-04,0,0
6.568002e-04,9.165538e-01,-2.613225e+00,1.320739e+00,3.002341e+00,-5.445223e+00,1.287692e+00,-1.296589e+01,9.206624e+00,-4.664210e-01,7.950902e+00,-7.167418e+00,-1.020590e+01,1.722575e-02,0,0,-5.815938e-05,-3.793404e-02,-3.052186e-01,-7.616904e-02,2.877138e-01,2.426777e-01,8.804148e-01,1.493466e+00,-7.508876e-01,-1.707553e+00,4.929190e-02,2.365125e+00,2.108044e-01,-2.719861e-04,0,0
5.959039e-04,1.038664e+00,-2.860700e+00,1.327100e+00,2.417269e+00,-5.349355e+00,1.271160e+00,-1.072171e+01,9.098697e+00,-2.328637e+00,7.513527e+00,-3.552696e+00,-9.583663e+00,1.692354e-02,0,0,-4.871522e-05,1.163475e-01,2.188792e-02,6.189198e-02,-3.079131e-01,6.485472e-01,-8.584493e-02,7.843952e-01,-4.067335e-02,-1.537288e+00,-2.956193e-01,2.088716e+00,8.601417e-02,-6.346332e-04,0,0
5.690039e-04,1.556102e+00,-2.653269e+00,1.242654e+00,1.069657e+00,-4.521716e+00,3.099543e-01,-1.110979e+01,1.002485e+01,-3.321344e+00,7.349121e+00,-2.699518e+00,-1.055986e+01,1.631913e-02,0,0,-3.270254e-05,2.610260e-01,3.544738e-01,3.651822e-02,-6.571566e-01,9.434485e-01,-3.469753e-01,3.299004e-01,5.422440e-01,-5.873241e-01,-1.104954e+00,1.967561e-01,-1.693380e-01,-1.027500e-03,0,0
5.443885e-04,1.611032e+00,-1.693943e+00,1.788808e+00,2.234450e-01,-2.812611e+00,-7.650776e-01,-1.200523e+01,1.007839e+01,-3.803093e+00,6.485628e+00,-3.038704e+00,-1.052385e+01,1.511031e-02,0,0,-2.434976e-05,2.419222e-01,4.046467e-01,-2.153597e-01,-1.987920e-01,1.012537e+00,2.320378e-02,5.610248e-01,8.019040e-01,2.523993e-01,-1.927635e+00,-1.372879e+00,-1.097000e-01,-1.178603e-03,0,0
5.190452e-04,1.935500e+00,-1.424234e+00,1.272477e+00,8.134694e-01,-1.996352e+00,5.709346e-01,-1.067463e+01,1.142800e+01,-2.665814e+00,2.940083e+00,-6.440633e+00,-1.058250e+01,1.299486e-02,0,0,-2.263787e-05,2.473319e-01,2.448475e-01,-5.105053e-01,3.842541e-01,3.835753e-01,1.285317e-01,1.469260e+00,5.127552e-01,8.710742e-01,-1.949767e+00,-2.206324e+00,6.917324e-02,-5.439707e-04,0,0
4.991345e-04,2.058576e+00,-1.451984e+00,2.353902e-01,1.551402e+00,-1.549351e+00,1.256689e+00,-8.134163e+00,1.240664e+01,-1.394406e+00,7.987104e-02,-8.546532e+00,-1.012084e+01,1.269266e-02,0,0,-2.238689e-05,2.475683e-01,-6.951711e-02,-5.774933e-01,8.778896e-01,-3.165751e-01,-8.222830e-02,1.591395e+00,-7.386090e-01,7.161962e-01,-6.678733e-01,-1.760428e+00,2.243353e-01,7.857357e-04,0,0
4.784416e-04,2.568990e+00,-1.550011e+00,-5.331634e-01,2.326949e+00,-3.235469e+00,-5.827022e-02,-5.699020e+00,1.142450e+01,-1.703169e-01,8.031664e-01,-1.097723e+01,-1.041550e+01,1.480810e-02,0,0,-2.348032e-05,1.642881e-01,-1.173072e-01,-4.478010e-01,7.207848e-01,-4.806281e-01,-5.056286e-01,9.361500e-01,-1.889059e+00,-1.477740e-01,9.206492e-01,-2.446483e-01,4.105230e-01,1.631913e-03,0,0
4.527558e-04,2.532129e+00,-1.978640e+00,-1.958388e-01,3.856153e+00,-3.775928e+00,-8.616167e-01,-6.536058e+00,6.387091e+00,-1.469860e+00,4.214720e+00,-9.572549e+00,-9.485671e+00,1.813237e-02,0,0,-2.401258e-05,3.700757e-02,-8.714615e-02,-3.398362e-01,2.045504e-01,5.453658e-03,-2.856410e-01,-2.402954e-02,-2.034359e+00,-8.565617e-01,1.390888e+00,1.282386e+00,8.088764e-01,1.511030e-03,0,0
4.248329e-04,2.520164e+00,-1.747441e+00,-7.509137e-01,3.265018e+00,-3.286204e+00,-8.980556e-01,-6.792931e+00,4.992481e+00,-3.366957e+00,5.475905e+00,-7.150866e+00,-8.847471e+00,1.843457e-02,0,0,-2.656154e-05,-1.753233e-01,9.215559e-02,-3.496107e-01,-3.977728e-01,6.464836e-01,1.460650e-01,-2.559195e-01,-9.236419e-01,-7.009413e-01,6.824236e-01,2.039607e+00,1.089307e+00,6.950740e-04,0,0
4.058759e-04,2.268027e+00,-1.788999e+00,-1.354916e+00,2.105120e+00,-1.496715e+00,2.483762e-01,-7.707355e+00,5.450858e+00,-4.078894e+00,4.697941e+00,-4.047783e+00,-6.860476e+00,1.843457e-02,0,0,-2.771727e-05,-2.727825e-01,3.504956e-01,-3.423020e-01,-7.466447e-01,4.522703e-01,4.392759e-01,2.298882e-01,8.402038e-02,4.828924e-01,3.002586e-01,1.745207e+00,1.070142e+00,-9.066146e-05,0,0
3.690739e-04,1.824424e+00,-1.184054e+00,-1.701679e+00,1.213602e+00,-1.142658e+00,1.170581e-01,-6.392969e+00,7.274408e+00,-2.370506e+00,3.973674e+00,-3.541573e+00,-6.281562e+00,1.813237e-02,0,0,-2.430734e-05,-2.385305e-01,5.223861e-01,-5.735864e-02,-4.689109e-01,-1.638289e-01,5.263632e-01,6.774760e-01,-2.167673e-01,1.631489e+00,8.035960e-01,8.336341e-01,7.467975e-01,-4.230879e-04,0,0
3.420490e-04,1.516086e+00,-5.078563e-01,-1.431966e+00,1.148638e+00,-2.586350e+00,8.272058e-01,-5.586598e+00,5.666230e+00,4.463767e-01,6.467129e+00,-2.651158e+00,-5.417913e+00,1.783016e-02,0,0,-1.493195e-05,-7.695167e-02,7.890112e-01,1.527897e-01,-2.192815e-01,-4.418455e-01,5.528163e-01,9.183194e-01,-6.137288e-01,1.908524e+00,1.143523e+00,9.458323e-02,1.348650e-01,-7.555148e-04,0,0
3.352096e-04,1.703481e+00,2.239176e-01,-9.991816e-01,1.398704e+00,-3.560531e+00,1.444345e+00,-4.465929e+00,3.800959e+00,2.527852e+00,8.609291e+00,-3.681008e+00,-5.834765e+00,1.662134e-02,0,0,-2.562738e-07,1.308922e-01,8.521899e-01,2.059608e-01,1.414774e-01,-1.523666e-02,9.475176e-01,5.646915e-01,-9.039575e-01,1.040969e+00,5.669757e-01,-5.286136e-01,-5.808926e-02,-9.670596e-04,0,0
3.481483e-04,1.943740e+00,1.452071e+00,-9.422159e-01,9.161612e-01,-2.497006e+00,2.348814e+00,-4.079278e+00,4.118938e+00,3.014545e+00,8.097749e+00,-3.505150e+00,-6.409550e+00,1.541251e-02,0,0,9.801833e-06,2.019317e-01,8.819537e-01,1.594317e-01,3.619038e-01,5.185019e-01,9.134947e-01,-3.198695e-02,-3.312726e-01,-2.503256e-01,-9.197114e-01,-8.277192e-01,-8.229037e-02,-1.118163e-03,0,0
3.647429e-04,2.265058e+00,2.096932e+00,-9.167500e-01,2.037227e+00,-1.263513e+00,4.093842e+00,-4.323171e+00,3.528266e+00,1.550252e+00,5.993243e+00,-5.757645e+00,-6.076190e+00,1.450589e-02,0,0,1.427844e-05,8.633427e-02,7.723665e-01,8.926243e-02,4.961263e-01,4.986784e-01,8.527945e-01,-7.528267e-01,4.098139e-02,-1.497500e+00,-1.876014e+00,-6.588725e-01,2.525151e-01,-1.420369e-03,0,0
3.762916e-04,2.244956e+00,2.965405e+00,-6.760237e-01,2.638895e+00,-1.142350e+00,4.069931e+00,-5.817912e+00,4.146213e+00,-3.164510e-01,3.176596e+00,-5.751436e+00,-5.708652e+00,1.329707e-02,0,0,1.012590e-05,-6.978643e-02,4.390487e-01,1.407180e-01,4.860647e-01,3.048378e-01,1.702120e-01,-1.010714e+00,4.361657e-01,-1.920750e+00,-1.838840e+00,-3.162642e-01,2.554332e-01,-1.541251e-03,0,0
3.925302e-04,1.984545e+00,3.329084e+00,-6.859655e-01,3.017968e+00,-1.744467e+00,4.847760e+00,-7.360746e+00,3.992228e+00,-3.294151e+00,1.689796e+00,-5.852228e+00,-4.922638e+00,1.057721e-02,0,0,3.339545e-06,-1.850560e-01,3.251199e-01,1.899421e-01,4.150730e-01,-2.941346e-02,-6.844090e-01,-3.735736e-01,8.817291e-01,-1.675624e+00,-1.240102e+00,1.924366e-01,8.452892e-02,-1.571472e-03,0,0
3.848841e-04,1.735065e+00,3.031239e+00,-3.540183e-01,2.856114e+00,-7.323400e-01,2.822915e+00,-7.614059e+00,6.067786e+00,-4.167004e+00,1.055269e+00,-5.039179e+00,-5.709160e+00,9.670596e-03,0,0,-4.383575e-06,-2.940720e-02,1.052812e-01,2.259876e-01,6.804938e-01,-3.319600e-01,-1.147261e+00,3.826388e-01,7.016987e-01,-9.757210e-01,-1.773144e-01,1.915413e-01,-3.555217e-02,-1.299486e-03,0,0
3.771443e-04,1.594724e+00,3.689615e+00,-1.280421e-01,4.003983e+00,-1.615585e+00,1.295305e+00,-5.292965e+00,6.976125e+00,-4.902594e+00,8.533979e-01,-5.151590e+00,-5.653292e+00,8.461771e-03,0,0,-7.116335e-06,1.585868e-01,1.779868e-01,1.935823e-01,7.854465e-01,-1.033917e+00,-9.622968e-01,9.180273e-01,1.975977e-01,-1.064394e-01,5.682386e-01,6.404986e-02,7.490969e-03,-6.648535e-04,0,0
3.620666e-04,2.292830e+00,3.311545e+00,1.749524e-01,5.548357e+00,-2.866591e+00,1.098515e-01,-4.938608e+00,6.162758e+00,-4.390834e+00,2.708223e+00,-5.144048e+00,-5.521086e+00,7.857359e-03,0,0,-6.139037e-06,2.857212e-01,1.331413e-01,-7.315916e-02,5.403357e-01,-1.440976e+00,3.556401e-01,9.393531e-01,-8.757775e-01,1.356462e-01,8.516035e-01,-2.139213e-01,2.206466e-01,1.511031e-04,0,0
3.683573e-04,2.498596e+00,4.078865e+00,1.746039e-02,5.599079e+00,-5.846926e+00,1.392807e+00,-4.108335e+00,4.932731e+00,-3.714433e+00,3.704512e+00,-5.479544e+00,-4.979220e+00,8.159565e-03,0,0,-8.419162e-06,2.592361e-01,7.506552e-02,-2.893782e-01,-2.426736e-01,-1.002809e+00,1.402156e+00,6.785682e-01,-1.211086e+00,1.790538e-01,5.488036e-01,-1.771716e-01,4.585999e-01,1.420369e-03,0,0
3.585824e-04,2.711735e+00,3.502321e+00,-7.925653e-01,4.760244e+00,-5.821548e+00,4.552365e+00,-3.509609e+00,2.710595e+00,-4.082854e+00,3.887730e+00,-5.944809e+00,-4.942963e+00,1.057721e-02,0,0,-1.442661e-05,6.449292e-02,9.134112e-02,-2.950042e-01,-6.959712e-01,1.944823e-02,1.292998e+00,7.256950e-01,-8.363617e-01,-2.209191e-01,-5.503268e-01,-9.891591e-02,7.830828e-01,2.357208e-03,0,0
3.367906e-04,2.681452e+00,3.969555e+00,-1.091174e+00,3.184671e+00,-5.152153e+00,6.084827e+00,-2.614623e+00,2.646778e+00,-4.161315e+00,3.007663e+00,-5.637068e+00,-3.649354e+00,1.420369e-02,0,0,-2.157006e-05,-5.758541e-02,9.155805e-02,-1.017644e-01,-5.417181e-01,1.118297e+00,-1.405711e-02,5.391495e-01,-1.685072e-01,-2.301710e-01,-1.574060e+00,-2.645729e-01,6.272901e-01,2.417649e-03,0,0
3.057169e-04,2.523867e+00,3.822906e+00,-7.457513e-01,3.275705e+00,-3.116737e+00,4.228829e+00,-2.056988e+00,3.123925e+00,-5.271988e+00,3.050141e-01,-5.559865e+00,-2.270605e+00,1.662134e-02,0,0,-2.296237e-05,-2.263215e-01,2.506028e-01,2.148688e-01,-3.154659e-01,1.104725e+00,-1.673960e+00,3.912768e-01,4.744448e-01,2.754669e-02,-2.239912e+00,-7.394482e-01,1.036053e-02,1.450589e-03,0,0
2.869397e-04,2.304603e+00,4.376362e+00,-5.147685e-01,3.632758e+00,-1.607845e+00,1.484290e+00,-2.138898e+00,3.883530e+00,-4.270720e+00,-2.374431e+00,-6.994881e+00,-3.178949e+00,1.722575e-02,0,0,-2.170731e-05,-3.617001e-01,1.965564e-01,4.778355e-01,-1.093570e-01,5.451819e-01,-2.296144e+00,-1.812581e-01,3.908158e-01,6.942789e-01,-1.737052e+00,-1.115114e+00,-8.176267e-01,4.533092e-04,0,0
2.686960e-04,1.768552e+00,4.551931e+00,-6.423990e-03,2.958871e+00,-2.070079e+00,-1.517166e+00,-1.791088e+00,4.464444e+00,-3.890418e+00,-4.620783e+00,-8.963143e+00,-5.126363e+00,1.631913e-02,0,0,-1.533690e-05,-4.484123e-01,3.616101e-01,4.652548e-01,-2.065692e-01,-3.639151e-01,-1.766451e+00,-1.008149e+00,1.669646e-01,1.165363e+00,-2.360774e-01,-9.337023e-01,-1.284178e+00,6.044116e-05,0,0
2.467645e-04,1.250609e+00,4.587824e+00,9.283393e-01,2.796303e+00,-2.949572e+00,-2.522896e+00,-3.653864e+00,3.930598e+00,-1.380706e+00,-3.214697e+00,-9.510997e+00,-6.309608e+00,1.662134e-02,0,0,1.135770e-05,-7.383412e-01,3.456265e-01,-2.731701e-01,4.243503e-01,-4.900003e-01,-7.690615e-01,-1.319559e+00,-3.996688e-01,7.357960e-01,1.195518e+00,-1.489314e-01,-1.153738e+00,-3.022086e-05,0,0
2.491200e-04,8.088024e-01,5.525225e+00,8.589687e-01,2.661087e+00,-4.265449e+00,-2.599834e+00,-6.340250e+00,3.935214e+00,-8.901826e-01,-4.552402e-01,-8.970319e+00,-7.126166e+00,1.722575e-02,0,0,6.321644e-05,-6.476132e-01,2.829865e-01,-1.543746e+00,-2.310767e-01,-3.425447e-01,5.360824e-01,-1.340788e+00,-9.311086e-01,-2.067849e-01,1.267948e+00,1.079392e+00,-4.841127e-01,-1.813237e-04,0,0
3.535162e-04,-9.072282e-01,5.617848e+00,-2.313315e+00,5.903402e+00,-2.960162e+00,-1.819684e+00,-6.462112e+00,2.149801e+00,-2.091858e+00,1.520390e+00,-7.735950e+00,-7.947740e+00,1.662133e-02,0,0,1.628497e-04,-2.955973e-01,-2.136391e-01,-2.679503e+00,-3.007870e+00,-4.547046e-01,1.494473e+00,-8.669413e-01,-8.883959e-01,-1.416539e+00,-8.413717e-03,2.409153e+00,1.196223e+00,-1.208826e-04,0,4.655786e-02
5.314024e-04,-3.905960e-01,5.451851e+00,-6.104324e+00,2.499377e-01,-3.777508e+00,8.116403e-01,-7.090902e+00,6.992993e-01,-4.568767e+00,-6.485841e-01,-4.453704e+00,-6.727861e+00,1.541251e-02,0,0,2.833994e-04,3.277747e-01,-6.740137e-01,-2.744349e+00,-7.256632e+00,-1.091985e+00,2.376943e+00,-1.195080e+00,-2.908172e-01,-1.679786e+00,-1.792636e+00,3.010826e+00,3.202603e+00,1.541251e-03,0,1.180435e-01
9.198720e-04,3.723211e-01,3.556316e+00,-8.987530e+00,-1.103747e+01,-5.467066e+00,3.243730e+00,-7.613245e+00,1.106576e+00,-6.624109e+00,-3.160093e+00,2.764576e-01,-5.276486e-01,1.692354e-02,0,2.327893e-01,3.107705e-04,7.041297e-01,-8.313879e-01,-1.912952e+00,-9.471463e+00,-1.622635e+00,2.858013e+00,-1.736958e+00,7.029881e-01,-1.167819e+00,-2.601493e+00,2.593853e+00,4.598162e+00,4.140223e-03,3.087476e+01,1.889722e-01
1.382939e-03,1.807901e+00,3.185923e+00,-9.525668e+00,-2.515164e+01,-8.471923e+00,6.753176e+00,-1.174008e+01,3.002741e+00,-7.022989e+00,-7.078180e+00,2.077607e+00,5.176803e+00,2.478090e-02,0,4.738229e-01,2.547431e-04,3.415616e-01,-5.165415e-01,-9.315211e-01,-7.540398e+00,-1.507249e+00,2.855208e+00,-1.951691e+00,1.235214e+00,-5.484344e-01,-1.892270e+00,1.468765e+00,3.892088e+00,5.802357e-03,7.613077e+01,1.920440e-01
1.481600e-03,1.514172e+00,2.593873e+00,-1.016740e+01,-2.875313e+01,-8.726127e+00,9.499614e+00,-1.282231e+01,4.513021e+00,-6.703844e+00,-8.272277e+00,1.967662e+00,9.090736e+00,3.263826e-02,1.543738e+02,7.079493e-01,1.362568e-04,-1.052642e-03,-1.566321e-01,-2.749304e-01,-3.703985e+00,-8.960268e-01,2.267462e+00,-1.525863e+00,1.097542e+00,-3.474646e-02,-7.184919e-01,4.797615e-01,2.004091e+00,4.865518e-03,1.218116e+02,1.276374e-01
1.524253e-03,7.462867e-01,3.350365e+00,-1.017199e+01,-2.859422e+01,-9.684224e+00,1.195974e+01,-1.424482e+01,5.172148e+00,-7.271071e+00,-7.553841e+00,2.044516e+00,7.923387e+00,3.656694e-02,3.034669e+02,7.226401e-01,1.251335e-04,-2.758090e-01,-1.176106e-01,-2.288745e-01,-7.472779e-01,-5.035020e-01,1.289871e+00,-7.135879e-01,4.638685e-01,-8.085088e-02,4.499105e-01,2.543350e-01,5.032195e-01,1.843457e-03,1.219657e+02,6.558236e-02
1.530499e-03,8.978653e-01,2.690934e+00,-1.003902e+01,-2.783611e+01,-9.341049e+00,1.197776e+01,-1.399019e+01,5.509583e+00,-6.673800e+00,-6.514722e+00,2.691811e+00,8.119514e+00,3.535811e-02,4.573246e+02,7.465675e-01,1.684391e-04,-6.106623e-02,-2.385326e-01,-4.632141e-01,-2.964611e-02,-6.577749e-01,5.078964e-01,-6.726831e-01,-5.547025e-01,-2.355087e-01,6.852885e-01,3.702962e-01,-2.481635e-01,-9.368394e-04,7.725511e+01,2.338508e-02
1.984158e-03,7.370093e-01,2.549339e+00,-1.073423e+01,-2.934654e+01,-1.068197e+01,1.196346e+01,-1.472408e+01,4.823802e+00,-7.442265e+00,-5.707405e+00,2.987208e+00,8.178512e+00,3.263826e-02,4.583529e+02,7.824256e-01,1.353010e-04,1.617439e-01,-2.963368e-01,-9.833571e-01,2.535776e-01,-9.503848e-01,3.711671e-01,-6.357104e-01,-1.594074e+00,-3.706742e-01,8.779360e-01,5.000986e-01,-2.897045e-01,-1.994561e-03,1.764526e+00,1.721227e-02
2.093844e-03,1.213479e+00,1.801723e+00,-1.220235e+01,-2.852520e+01,-1.151613e+01,1.203724e+01,-1.594610e+01,1.913682e+00,-7.795790e+00,-5.769052e+00,3.347797e+00,7.722357e+00,2.991840e-02,4.632064e+02,7.949820e-01,-1.710339e-06,2.572151e-01,1.162427e-01,-1.286329e+00,5.507618e-01,-8.651282e-01,6.250135e-01,-5.468490e-01,-2.170585e+00,-6.110191e-01,1.314264e+00,5.875902e-01,-7.713410e-01,-1.480810e-03,-7.557600e+01,4.470021e-03
1.919086e-03,1.397199e+00,2.313287e+00,-1.400711e+01,-2.698179e+01,-1.334861e+01,1.378584e+01,-1.644542e+01,-1.000270e+00,-8.563447e+00,-3.536996e+00,4.217016e+00,6.673443e+00,2.931399e-02,3.093487e+02,7.844942e-01,-1.736087e-04,3.237603e-01,3.917413e-01,-1.054213e+00,9.591891e-01,-1.405825e-01,4.313216e-01,-3.735213e-01,-1.635625e+00,-3.720393e-01,1.959768e+00,6.343822e-01,-8.575485e-01,-3.928674e-04,-1.225965e+02,-1.133808e-02
1.554483e-03,1.853846e+00,3.390174e+00,-1.483422e+01,-2.626467e+01,-1.233337e+01,1.419164e+01,-1.586377e+01,-2.431305e+00,-9.168304e+00,-1.028606e+00,5.014858e+00,5.015343e+00,2.961620e-02,1.539467e+02,7.678834e-01,-2.086240e-04,2.125885e-01,4.408068e-01,-4.880300e-01,1.028315e+00,8.903917e-01,2.460619e-01,-2.633688e-01,-5.339635e-01,-1.704579e-01,2.167412e+00,5.822331e-01,-9.939755e-01,9.066239e-05,-1.235761e+02,-2.098438e-02
1.385795e-03,2.035627e+00,3.713821e+00,-1.468936e+01,-2.568086e+01,-1.097626e+01,1.304286e+01,-1.663285e+01,-1.181831e+00,-8.616204e+00,1.721213e+00,5.325589e+00,5.244276e+00,3.082502e-02,0,7.392845e-01,-1.323092e-04,-1.793897e-02,6.975622e-02,1.896563e-01,1.173646e+00,1.521181e+00,-1.416507e-01,-9.816552e-01,2.997475e-01,2.871618e-02,1.677851e+00,3.421299e-01,-1.090962e+00,-2.417646e-04,-7.726440e+01,-2.259903e-02
1.317369e-03,1.957208e+00,3.305490e+00,-1.430138e+01,-2.403409e+01,-8.250342e+00,1.363903e+01,-1.716923e+01,-6.653555e-01,-8.621701e+00,2.438904e+00,5.704676e+00,3.467063e+00,2.961620e-02,0,7.126649e-01,-6.408881e-05,-2.801509e-01,-1.246427e-01,7.845317e-01,1.817249e+00,1.365938e+00,1.641991e-01,-1.384443e+00,4.182639e-01,-8.531151e-02,6.374565e-01,1.615891e-01,-1.259481e+00,-1.359928e-03,-3.078933e+01,-6.406015e-02
1.376097e-03,1.255823e+00,2.704410e+00,-1.332525e+01,-2.222885e+01,-7.784218e+00,1.335389e+01,-2.070097e+01,-3.845078e-01,-8.693168e+00,3.118506e+00,5.582756e+00,1.992771e+00,2.810517e-02,0,6.991083e-01,-6.999803e-05,-1.436713e-01,4.351289e-01,1.485402e+00,2.365505e+00,1.087795e+00,4.628683e-01,-8.347248e-01,-2.688489e-01,-2.685219e-01,-2.160657e-01,-7.436733e-02,-1.202892e+00,-2.598973e-03,0,-1.243929e-01
1.238888e-03,8.429933e-01,3.271666e+00,-1.159362e+01,-1.890443e+01,-7.099701e+00,1.485712e+01,-2.075192e+01,-7.386470e-01,-9.556380e+00,1.460030e+00,5.694220e+00,3.436898e-01,2.417649e-02,0,4.676707e-01,-1.396064e-04,4.328881e-01,1.266153e+00,2.255652e+00,3.016067e+00,9.524555e-01,3.332132e-01,7.327446e-01,-4.960639e-01,8.996869e-03,-5.774151e-01,-4.751962e-01,-6.527360e-01,-3.294047e-03,0,-1.884621e-01
1.075045e-03,1.874378e+00,5.906377e+00,-8.616230e+00,-1.641816e+01,-6.112610e+00,1.474816e+01,-1.901513e+01,-2.489430e+00,-9.491474e+00,1.130321e+00,4.958980e+00,7.915024e-01,2.055001e-02,0,2.398171e-01,-2.061167e-04,9.790871e-01,1.705756e+00,2.624036e+00,3.206701e+00,1.464173e+00,-2.799587e-02,2.893514e+00,-3.100143e-01,7.865456e-01,-2.458535e-01,-1.046488e+00,-1.860557e-01,-3.203385e-03,0,-1.865887e-01
7.698631e-04,3.812371e+00,8.035270e+00,-5.377631e+00,-1.185910e+01,-4.323869e+00,1.460796e+01,-1.434842e+01,-2.093214e+00,-8.177564e+00,5.459207e-01,3.640583e+00,8.040176e-01,1.692354e-02,0,0,-2.043935e-04,9.532057e-01,1.172076e+00,2.239366e+00,2.383403e+00,1.677395e+00,-7.381649e-01,3.645490e+00,7.616040e-01,1.518520e+00,5.073651e-01,-1.153371e+00,2.160117e-01,-1.511030e-03,0,-1.175158e-01
5.800253e-04,4.666570e+00,8.851388e+00,-3.313068e+00,-9.718013e+00,-1.851269e+00,1.333849e+01,-9.435149e+00,-1.257295e+00,-5.449848e+00,2.346293e+00,1.377134e+00,8.323288e-01,1.571472e-02,0,0,-1.687801e-04,1.961186e-01,-1.980442e-01,1.006287e+00,8.957489e-01,1.306149e+00,-6.890539e-01,3.238645e+00,1.550026e+00,1.432324e+00,8.012778e-01,-6.014930e-01,3.273902e-01,8.763980e-04,0,-4.796342e-02
4.644309e-04,4.212925e+00,7.659540e+00,-3.048373e+00,-1.033749e+01,-8.433978e-01,1.187113e+01,-7.314462e+00,2.453306e+00,-3.984594e+00,3.388869e+00,1.718289e+00,1.403335e+00,1.903898e-02,0,0,-1.021039e-04,-6.971173e-01,-1.477839e+00,-6.297436e-01,-1.038745e+00,1.501033e-01,-9.362095e-01,1.789317e+00,9.865388e-01,6.222346e-01,8.768243e-01,5.630099e-01,6.702970e-01,3.112723e-03,0,0
3.838609e-04,2.654694e+00,5.104022e+00,-4.749422e+00,-1.270022e+01,-1.322098e+00,1.267130e+01,-6.338884e+00,2.987439e+00,-4.426342e+00,3.715236e+00,2.912662e+00,2.128795e+00,2.387428e-02,0,0,-6.284866e-05,-1.283360e+00,-2.238515e+00,-1.824655e+00,-1.703515e+00,-9.818199e-01,-1.077395e+00,5.864213e-01,-5.552756e-01,-1.749114e-01,6.312165e-01,1.539592e+00,1.102734e+00,3.294046e-03,0,0
3.574257e-04,1.332723e+00,2.519760e+00,-7.808172e+00,-1.556172e+01,-3.837938e+00,1.026051e+01,-6.949970e+00,7.171122e-01,-5.578144e+00,4.245571e+00,5.687869e+00,3.507270e+00,2.840737e-02,0,0,-4.081869e-05,-1.380102e+00,-2.096560e+00,-1.969298e+00,-1.414677e+00,-1.493649e+00,-1.241875e+00,-2.254481e-02,-1.850904e+00,2.233898e-01,7.100867e-01,1.476662e+00,1.188656e+00,1.934119e-03,0,0
3.192846e-04,-3.101304e-01,2.287039e-01,-1.005644e+01,-1.562348e+01,-5.263099e+00,8.756829e+00,-6.685289e+00,-3.165577e+00,-5.527630e+00,5.074025e+00,7.090305e+00,5.294032e+00,2.750075e-02,0,0,-3.141075e-05,-1.113510e+00,-1.405073e+00,-1.097897e+00,-7.552951e-01,-1.126518e+00,-9.459593e-01,-2.785677e-01,-1.567641e+00,1.016023e+00,6.372036e-01,6.055182e-01,1.063990e+00,6.950738e-04,0,0
2.926256e-04,-1.205174e+00,-3.855992e-01,-1.024135e+01,-1.594925e+01,-6.341140e+00,7.618997e+00,-7.253984e+00,-3.724707e+00,-2.317001e+00,6.259908e+00,7.012779e+00,5.763998e+00,2.689634e-02,0,0,-2.785751e-05,-6.806304e-01,-6.562947e-01,-1.245924e-01,-5.094062e-01,-7.074410e-01,-3.638851e-01,-2.503140e-01,-5.172769e-01,1.276362e+00,2.825786e-01,-2.306993e-01,9.340391e-02,4.230887e-04,0,0
2.592072e-04,-1.643905e+00,-4.686643e-01,-9.022316e+00,-1.628293e+01,-5.703087e+00,9.262261e+00,-7.579716e+00,-2.629855e+00,-9.767963e-01,5.894085e+00,5.277798e+00,6.320380e+00,2.810517e-02,0,0,-1.995419e-05,-2.643970e-01,-1.115586e-01,2.318249e-02,-6.834534e-01,-4.704266e-01,-2.871755e-01,5.034933e-02,6.281247e-02,4.780964e-01,-2.918288e-01,-6.170908e-01,-9.927739e-01,5.741922e-04,0,0
2.481768e-04,-1.403541e+00,-4.130297e-01,-8.948197e+00,-1.777902e+01,-7.155149e+00,8.188364e+00,-7.754326e+00,-2.137133e+00,-1.471752e+00,5.248434e+00,5.440626e+00,3.461115e+00,3.022061e-02,0,0,-1.189564e-05,-6.280403e-02,2.190413e-01,-4.462284e-01,-3.061184e-01,-2.437487e-01,-1.833014e-01,4.654125e-01,-5.315801e-01,-6.420410e-01,-6.687173e-01,-3.058143e-01,-1.441970e+00,-6.648529e-04,0,0
2.417380e-04,-1.532932e+00,-3.153740e-01,-1.058711e+01,-1.812586e+01,-7.208228e+00,7.036268e+00,-6.183371e+00,-3.645301e+00,-3.559772e+00,4.120618e+00,4.790928e+00,1.481603e+00,2.870958e-02,0,0,-5.547291e-06,6.241584e-03,5.065639e-01,-8.054857e-01,4.068638e-01,8.555107e-02,-4.690045e-01,2.423776e-01,-6.770205e-01,-1.612455e-01,-3.121639e-01,-3.964315e-02,-8.022984e-01,-1.903899e-03,0,0
2.418820e-04,-1.574681e+00,6.329623e-01,-1.169010e+01,-1.655838e+01,-6.807313e+00,7.815487e+00,-5.625094e+00,-5.874884e+00,-4.235718e+00,3.803055e+00,5.727142e+00,9.735382e-01,2.326987e-02,0,0,-5.583954e-06,-1.351825e-01,8.462971e-01,-3.211106e-01,1.196058e+00,9.234188e-01,-2.277204e-01,-4.093399e-02,-3.721499e-01,2.929615e-01,-8.620763e-02,8.799152e-02,7.585405e-01,-1.934119e-03,0,0
2.346181e-04,-1.527127e+00,1.541159e+00,-1.167879e+01,-1.485893e+01,-5.449249e+00,7.103677e+00,-7.432444e+00,-4.146082e+00,-4.010406e-01,5.055955e+00,4.936324e+00,3.552676e+00,2.206104e-02,0,0,1.294331e-05,-7.304116e-01,1.037143e+00,6.103734e-01,2.154661e+00,1.672629e+00,-1.631101e+00,1.416386e-01,6.331502e-01,1.337447e+00,-2.054964e-01,5.823263e-01,1.746544e+00,1.148383e-03,0,0
2.238169e-04,-2.082356e+00,2.890189e+00,-1.000791e+01,-1.343219e+01,-3.417544e+00,7.016057e+00,-7.334460e+00,-3.747492e+00,-1.586310e+00,4.349727e+00,5.807886e+00,6.218281e+00,2.387428e-02,0,0,4.906622e-05,-1.702209e+00,8.082770e-01,1.283079e+00,3.512462e+00,2.110356e+00,-3.260036e+00,1.455666e+00,1.553129e+00,1.287752e+00,-1.386612e+00,4.063725e-01,1.312899e+00,4.351767e-03,0,0
3.154871e-04,-4.931152e+00,3.741728e+00,-8.376337e+00,-8.915646e+00,-5.399671e-01,-7.195203e-01,-4.620495e+00,-1.543246e+00,1.802760e+00,2.819800e+00,7.662188e+00,7.591949e+00,3.414929e-02,0,0,9.249734e-05,-2.186979e+00,4.122787e-01,1.570257e+00,4.970213e+00,1.701530e+00,-4.547944e+00,2.613935e+00,1.336259e+00,2.830368e-01,-2.738544e+00,3.422694e-02,-2.759288e-01,4.835298e-03,0,0
4.467786e-04,-8.383717e+00,3.574063e+00,-6.925934e+00,-1.967712e+00,1.289823e+00,-4.573097e+00,2.472635e-01,5.893448e-01,1.101141e+00,-2.011926e+00,6.396072e+00,5.518396e+00,3.898459e-02,0,0,1.013541e-04,-1.590648e+00,7.775955e-02,1.722160e+00,5.520878e+00,6.412388e-01,-4.129975e+00,2.472957e+00,7.736882e-01,-1.089735e+00,-3.230233e+00,-1.204493e+00,-1.424209e+00,1.299486e-03,0,0
5.856240e-04,-9.311339e+00,3.260615e+00,-5.368497e+00,4.259895e+00,7.047170e-01,-9.841468e+00,1.846370e+00,3.667952e-01,-3.295819e-01,-5.455940e+00,4.813365e+00,2.522975e+00,3.868238e-02,0,0,6.266002e-05,-4.787011e-02,3.920437e-01,2.027650e+00,4.302619e+00,-3.521529e-01,-2.171200e+00,1.289567e+00,-1.081883e+00,-3.275457e+00,-2.103021e+00,-1.675579e+00,-1.372136e+00,-4.049561e-03,0,0
5.955189e-04,-7.845500e+00,3.519543e+00,-2.901026e+00,7.584429e+00,-8.336926e-01,-9.072844e+00,1.796891e+00,-8.340713e-01,-5.968815e+00,-7.663565e+00,1.209830e+00,1.631724e+00,2.810517e-02,0,0,1.190765e-05,1.277780e+00,9.090772e-01,2.063771e+00,2.192595e+00,-7.903441e-01,-9.742023e-01,1.509897e-01,-1.801310e+00,-3.661252e+00,2.040298e-01,-8.358803e-01,-3.711564e-01,-6.829858e-03,0,0
5.544170e-04,-5.439611e+00,5.729207e+00,-2.505426e-01,7.821376e+00,-1.238974e+00,-9.325645e+00,1.052524e+00,-6.240954e+00,-1.103955e+01,-4.869485e+00,1.877412e+00,2.674604e+00,1.934119e-02,0,0,-1.684590e-05,1.625942e+00,1.079189e+00,1.640912e+00,1.250982e-02,-9.873450e-01,2.704144e-03,-3.703012e-01,-9.048526e-01,-3.094328e+00,1.891820e+00,5.309553e-01,-5.017036e-01,-6.255667e-03,0,0
5.219204e-04,-3.930682e+00,6.885153e+00,8.339412e-01,7.214524e+00,-1.690052e+00,-9.702020e+00,1.399135e+00,-5.113330e+00,-1.185014e+01,-1.285005e+00,3.684648e+00,3.586799e+00,1.450589e-02,0,0,-1.091781e-05,1.365095e+00,6.115826e-01,8.421460e-01,-1.264494e+00,-1.287851e+00,4.219608e-02,-9.081973e-01,1.067144e+00,-1.526012e+00,2.287755e+00,1.464078e+00,-1.843603e+00,-3.354488e-03,0,0
5.381938e-04,-3.139038e+00,6.973757e+00,9.685796e-01,4.507397e+00,-3.803828e+00,-9.513359e+00,1.937421e-01,-2.017838e+00,-1.286056e+01,8.138816e-01,6.230732e+00,-9.630806e-01,1.420369e-02,0,0,1.173779e-05,9.828194e-01,-3.454588e-01,8.367662e-02,-1.400691e+00,-1.831394e+00,3.049093e-01,-1.553654e+00,2.858629e+00,-3.112962e-01,1.023923e+00,1.189658e+00,-3.275925e+00,-1.511031e-03,0,0
5.490415e-04,-2.170314e+00,5.955181e+00,7.001430e-01,2.918950e+00,-5.990520e+00,-8.768006e+00,-2.314704e+00,2.390091e+00,-1.268837e+01,9.335294e-01,6.353558e+00,-5.767450e+00,1.390148e-02,0,0,3.921587e-05,8.569263e-01,-1.198725e+00,-2.276959e-01,-1.013484e+00,-1.786253e+00,3.897872e-01,-2.542919e+00,2.702625e+00,2.781740e-01,-3.891493e-01,7.207286e-01,-3.816679e+00,-7.555151e-04,0,0
5.995454e-04,-1.405698e+00,4.466898e+00,2.347395e-01,2.965710e+00,-8.245708e+00,-8.268106e+00,-4.858826e+00,4.300478e+00,-1.217691e+01,-8.591380e-01,6.491247e+00,-9.027896e+00,1.208824e-02,0,0,6.576133e-05,7.178829e-01,-1.672376e+00,-3.903816e-01,-5.861998e-01,-9.048544e-01,8.595943e-02,-3.016613e+00,1.644862e+00,6.120162e-01,-1.428846e+00,4.178437e-01,-3.070888e+00,-4.533090e-04,0,0
6.873239e-04,-5.127204e-01,2.144959e+00,6.238192e-02,2.917945e+00,-8.400379e+00,-8.375710e+00,-8.789174e+00,5.240635e+00,-1.080109e+01,-2.394242e+00,7.158034e+00,-1.146419e+01,1.178604e-02,0,0,8.497283e-05,2.651904e-01,-1.362114e+00,-6.487162e-01,-7.240435e-01,4.558605e-01,-4.151409e-01,-3.421899e+00,-2.607519e-01,1.069741e+00,-1.459092e+00,5.831372e-01,-2.526753e+00,3.928683e-04,0,0
7.978592e-04,-3.784202e-01,5.169871e-01,-6.644478e-01,1.576900e+00,-7.123171e+00,-9.279710e+00,-1.165209e+01,4.781199e+00,-1.074412e+01,-4.666464e+00,7.917713e+00,-1.346915e+01,1.299486e-02,0,0,7.977612e-05,-1.274621e-01,-4.865406e-01,-1.082176e+00,-1.517669e+00,1.680104e+00,-3.424194e-01,-3.212161e+00,-2.632752e+00,1.569646e+00,-9.529780e-01,4.770549e-01,-1.913664e+00,1.148383e-03,0,0
8.747487e-04,-1.358001e+00,1.119565e+00,-2.093844e+00,-6.862462e-03,-4.272486e+00,-1.033791e+01,-1.602757e+01,8.459708e-01,-8.056060e+00,-4.458267e+00,8.556010e+00,-1.618059e+01,1.541251e-02,0,0,5.815686e-05,-2.400322e-01,4.231069e-01,-1.404917e+00,-2.125124e+00,1.876818e+00,2.474593e-01,-2.079224e+00,-4.623277e+00,1.639785e+00,-5.351567e-01,6.546147e-01,-9.768712e-01,9.670593e-04,0,0
9.047136e-04,-1.620369e+00,2.546892e+00,-4.098028e+00,-3.160230e+00,-1.909133e+00,-8.999104e+00,-1.730043e+01,-6.665947e+00,-5.701194e+00,-4.592015e+00,8.177533e+00,-1.623801e+01,1.601692e-02,0,0,3.199092e-05,2.193493e-01,6.295375e-01,-1.071954e+00,-2.513180e+00,1.140413e+00,1.369766e+00,-3.394953e-01,-5.380714e+00,6.968249e-01,-1.170935e-01,8.833664e-01,3.604756e-01,3.324265e-04,0,0
9.246810e-04,-1.091907e+00,3.245541e+00,-5.245411e+00,-5.339109e+00,-1.623309e+00,-7.278717e+00,-1.636112e+01,-1.215217e+01,-5.123629e+00,-5.107250e+00,1.030120e+01,-1.496411e+01,1.511031e-02,0,0,1.016981e-05,8.660520e-01,3.430561e-01,-5.901147e-01,-2.320171e+00,-9.954430e-02,1.972714e+00,1.750403e+00,-3.983165e+00,-1.444154e+00,-1.430362e-01,6.848669e-01,1.672152e+00,-3.022063e-04,0,0
9.328477e-04,5.852794e-01,2.601686e+00,-4.448433e+00,-8.322876e+00,-2.745696e+00,-3.960478e+00,-1.318279e+01,-1.562330e+01,-8.726209e+00,-4.927440e+00,1.146195e+01,-1.227501e+01,1.480810e-02,0,0,-4.350732e-06,1.127192e+00,1.648794e-01,-1.040077e-03,-1.802643e+00,-1.221832e+00,1.686501e+00,3.113707e+00,-1.533509e+00,-2.818076e+00,-6.052154e-01,-4.289246e-01,2.225500e+00,-3.626472e-04,0,0
9.115307e-04,1.869435e+00,2.807449e+00,-4.869215e+00,-9.026395e+00,-4.351926e+00,-2.993652e+00,-9.334376e+00,-1.459118e+01,-1.376432e+01,-5.005735e+00,1.033814e+01,-9.801331e+00,1.450589e-02,0,0,-1.180325e-05,9.755041e-01,4.532484e-01,2.422286e-01,-1.374625e+00,-1.925909e+00,9.792413e-01,3.235736e+00,6.572526e-01,-2.456503e+00,-1.595248e+00,-2.375043e+00,2.239910e+00,-1.511031e-04,0,0
8.895351e-04,2.534920e+00,3.590336e+00,-4.291327e+00,-1.032980e+01,-6.653986e+00,-2.709131e+00,-5.245271e+00,-1.311399e+01,-1.547123e+01,-7.668849e+00,6.014441e+00,-7.691902e+00,1.450589e-02,0,0,-7.181655e-06,5.810298e-01,8.206646e-01,2.739585e-01,-8.834087e-01,-2.314886e+00,3.105804e-01,2.502695e+00,1.533390e+00,-4.217092e-01,-2.520125e+00,-3.374084e+00,1.668411e+00,-6.044116e-05,0,0
8.873211e-04,2.810793e+00,5.017458e+00,-4.112822e+00,-1.120877e+01,-9.298710e+00,-3.008184e+00,-4.151198e+00,-1.012057e+01,-1.403363e+01,-1.171278e+01,1.149735e+00,-6.056117e+00,1.450589e-02,0,0,-1.123262e-06,3.802849e-01,6.919606e-01,4.758683e-01,-6.393864e-01,-2.160336e+00,3.462157e-01,1.205319e+00,1.380030e+00,1.303538e+00,-2.012481e+00,-3.200507e+00,9.274646e-01,0,0,0
9.090442e-04,3.019749e+00,5.600004e+00,-3.456837e+00,-1.164873e+01,-1.184673e+01,-2.400310e+00,-3.260898e+00,-1.019165e+01,-1.070010e+01,-1.417454e+01,-8.142669e-01,-5.805562e+00,1.450589e-02,0,0,-2.381305e-06,3.529563e-01,1.858373e-01,6.118065e-01,-3.040336e-01,-1.394450e+00,4.149719e-01,1.916435e-01,1.094650e+00,1.620232e+00,-4.238811e-01,-1.921986e+00,1.230572e-01,-6.044116e-05,0,0
8.961599e-04,3.528445e+00,5.262417e+00,-2.907118e+00,-1.156386e+01,-1.255724e+01,-1.416984e+00,-4.299969e+00,-9.152197e+00,-9.632199e+00,-1.181529e+01,-2.250046e+00,-6.107178e+00,1.450589e-02,0,0,-4.837825e-06,2.677416e-01,-1.963335e-01,9.992719e-01,-2.698584e-02,-6.011871e-01,3.422133e-01,-4.759978e-01,1.107760e+00,1.284522e+00,1.037808e+00,-8.052670e-01,-8.905683e-01,-1.511031e-04,0,0
8.732092e-04,3.940875e+00,4.397043e+00,-1.835146e+00,-1.167243e+01,-1.199697e+01,-1.429871e+00,-4.212667e+00,-8.124925e+00,-9.570785e+00,-9.737000e+00,-1.895597e+00,-7.051085e+00,1.420369e-02,0,0,1.577579e-06,3.839033e-02,-3.112521e-02,1.070070e+00,7.556362e-02,-2.641325e-02,2.756967e-01,-1.130750e+00,1.656316e+00,1.077509e+00,9.162224e-01,-1.120849e-01,-1.698355e+00,-2.417651e-04,0,0
8.810495e-04,3.688938e+00,4.637272e+00,7.269255e-02,-1.133185e+01,-1.222953e+01,-1.782337e+00,-6.055302e+00,-5.615131e+00,-8.175679e+00,-8.742513e+00,-2.335934e+00,-9.886196e+00,1.390148e-02,0,0,1.581698e-05,-2.840562e-01,4.621545e-01,7.469811e-01,8.496170e-02,8.296652e-02,4.349090e-01,-1.306250e+00,1.612302e+00,1.434569e+00,-2.470399e-01,3.440908e-01,-2.260645e+00,-2.417652e-04,0,0
9.244873e-04,3.131454e+00,5.756951e+00,4.036068e-01,-1.138692e+01,-1.214265e+01,-8.391499e-01,-8.036983e+00,-3.678607e+00,-6.040817e+00,-1.112982e+01,-1.331747e+00,-1.240783e+01,1.359927e-02,0,0,1.897375e-05,-3.696523e-01,8.425055e-01,1.296365e-01,-2.289162e-01,2.124552e-01,8.622899e-01,-1.147178e+00,1.336406e+00,1.415586e+00,-1.096075e+00,3.018117e-01,-1.868689e+00,-1.511034e-04,0,0
9.496057e-04,2.512875e+00,6.893236e+00,-2.915888e-01,-1.128181e+01,-1.206956e+01,4.622003e-01,-8.919064e+00,-3.313848e+00,-4.224339e+00,-1.235408e+01,-8.115171e-01,-1.473203e+01,1.359927e-02,0,0,1.098838e-05,-1.539480e-01,7.392782e-01,-2.574739e-01,-7.446684e-01,3.394261e-01,1.009313e+00,-3.705094e-01,6.965163e-01,8.444120e-01,-9.701155e-01,1.990929e-01,-9.505580e-01,-6.044134e-05,0,0
9.337998e-04,2.680646e+00,7.481588e+00,-1.004823e+00,-1.284203e+01,-1.101468e+01,1.759310e+00,-8.516678e+00,-2.593537e+00,-4.468525e+00,-1.341159e+01,-1.148748e+00,-1.397162e+01,1.359927e-02,0,0,2.673193e-06,1.839567e-01,4.692520e-01,-1.608289e-01,-1.087812e+00,2.001310e-01,8.663553e-01,1.523274e-01,2.116803e-01,-6.461067e-02,-6.914511e-02,3.483114e-02,-3.818662e-01,0,0,0
9.313351e-04,3.144603e+00,7.471344e+00,-5.104625e-01,-1.432764e+01,-1.109638e+01,1.964996e+00,-7.668002e+00,-2.675085e+00,-4.739765e+00,-1.245221e+01,-1.431970e+00,-1.385709e+01,1.359927e-02,0,0,-2.967869e-06,3.215441e-01,2.105724e-01,1.117151e-01,-1.058954e+00,-1.687370e-01,8.217724e-01,2.118828e-01,9.929778e-02,-5.783492e-01,1.836617e-01,3.068409e-01,3.141480e-02,0,0,0
9.469885e-04,3.735374e+00,7.814157e+00,-2.911007e-01,-1.530306e+01,-1.162859e+01,2.741229e+00,-7.900877e+00,-2.939587e+00,-6.106157e+00,-1.142648e+01,-8.473650e-01,-1.475463e+01,1.359927e-02,0,0,-1.481718e-05,2.654222e-01,1.993850e-01,1.977394e-01,-4.549256e-01,-4.866659e-01,6.111850e-01,8.530583e-02,-9.496517e-02,-6.768156e-01,2.161836e-01,6.571022e-01,2.939441e-01,-6.044097e-05,0,0
9.281720e-04,3.593231e+00,7.779813e+00,-8.987451e-02,-1.534606e+01,-1.260629e+01,4.080102e+00,-8.167550e+00,-2.644334e+00,-6.297268e+00,-1.242833e+01,5.719960e-01,-1.418345e+01,1.359927e-02,0,0,-4.243620e-05,1.619554e-01,2.352218e-01,1.858681e-01,1.793559e-01,-4.400852e-01,3.638031e-01,1.484385e-01,5.788767e-02,-5.765851e-01,1.320406e-01,4.629437e-01,6.207932e-01,-9.066146e-05,0,0
8.612955e-04,3.783442e+00,8.324279e+00,-2.264197e-01,-1.460745e+01,-1.269305e+01,3.757681e+00,-7.840374e+00,-3.083738e+00,-7.073851e+00,-1.234261e+01,1.134780e+00,-1.233872e+01,1.329707e-02,0,0,-6.953902e-05,2.549652e-01,1.873341e-01,6.938851e-02,7.422982e-01,4.489841e-02,-2.920188e-01,4.204021e-01,1.614629e-01,-3.565762e-01,7.889547e-01,-2.852030e-01,6.733478e-01,-1.511026e-04,0,0
7.620007e-04,3.930346e+00,8.392392e+00,3.865373e-01,-1.377867e+01,-1.276458e+01,3.275785e+00,-6.956060e+00,-2.313571e+00,-7.138844e+00,-1.133394e+01,-1.083235e-01,-1.196108e+01,1.329707e-02,0,0,-7.599632e-05,3.874696e-01,2.184853e-01,-2.107690e-01,1.155897e+00,3.633148e-01,-1.002476e+00,6.892942e-01,1.479769e-02,-1.489393e-01,1.637004e+00,-1.143130e+00,3.253580e-01,-1.511027e-04,0,0
6.823791e-04,4.841643e+00,8.444538e+00,-1.823641e-01,-1.237527e+01,-1.132495e+01,1.683293e+00,-6.404611e+00,-2.297653e+00,-7.468250e+00,-8.028903e+00,-1.933220e+00,-1.249907e+01,1.299486e-02,0,0,-6.254391e-05,3.288046e-01,3.137333e-01,-3.412701e-01,1.119052e+00,2.941055e-01,-1.420173e+00,6.611805e-01,2.859862e-01,3.666115e-01,1.856740e+00,-1.462726e+00,-1.792364e-02,-1.511031e-04,0,0
6.376486e-04,5.001479e+00,8.812110e+00,-1.165747e+00,-1.068266e+01,-1.147377e+01,1.049136e-01,-5.438961e+00,-2.963388e+00,-6.844765e+00,-6.400158e+00,-3.609653e+00,-1.247648e+01,1.299486e-02,0,0,-3.898620e-05,2.035545e-01,5.484556e-01,-3.655722e-01,7.513612e-01,1.445992e-01,-1.483773e+00,6.487169e-01,1.985744e-01,3.012353e-01,1.336924e+00,-9.083424e-01,1.758129e-01,-1.511032e-04,0,0
6.107520e-04,4.891899e+00,9.683086e+00,-1.156628e+00,-1.056019e+01,-1.186793e+01,-1.757748e+00,-5.293022e+00,-1.328899e+00,-5.387833e+00,-5.525799e+00,-4.428184e+00,-1.217064e+01,1.269266e-02,0,0,-2.124881e-05,2.513261e-02,6.833390e-01,-1.718791e-01,-5.179978e-03,1.178020e-01,-7.950065e-01,7.015930e-01,5.068259e-01,-4.173088e-02,4.827451e-01,-1.600833e-01,2.153835e-01,-9.066202e-05,0,0
6.028832e-04,4.922990e+00,1.051540e+01,-9.541917e-01,-1.092940e+01,-1.177009e+01,-2.422558e+00,-4.268270e+00,-1.805076e+00,-6.672876e+00,-5.900869e+00,-3.402553e+00,-1.124624e+01,1.269266e-02,0,0,-3.775040e-06,8.139362e-02,5.833721e-01,-4.643442e-02,-5.413821e-01,5.767767e-01,-1.491546e-01,2.985844e-01,5.886449e-01,-6.258227e-01,-1.639638e-02,4.124431e-01,2.596887e-01,-6.044134e-05,0,0
5.935177e-04,5.006550e+00,1.100959e+01,-1.147537e+00,-1.227780e+01,-1.058778e+01,-1.028003e+00,-3.481992e+00,-3.426797e-01,-7.762849e+00,-5.864822e+00,-2.837186e+00,-1.203728e+01,1.269266e-02,0,0,5.986658e-06,3.618488e-02,2.726279e-01,2.002897e-01,-6.574090e-01,6.612656e-01,1.931753e-01,-4.121541e-01,9.272379e-01,-4.973964e-01,-3.162549e-01,5.005140e-01,1.302858e-01,6.044134e-05,0,0
6.273905e-04,5.351121e+00,1.106572e+01,-1.402465e+00,-1.253077e+01,-9.229959e+00,-1.005732e+00,-4.851553e+00,-5.132727e-01,-8.786370e+00,-6.312628e+00,-2.342936e+00,-1.124472e+01,1.269266e-02,0,0,1.045156e-05,-6.128902e-02,-6.128826e-02,6.357118e-01,-4.280100e-01,2.874407e-01,1.149536e-01,-1.461131e+00,1.059627e+00,2.355247e-01,-2.443011e-01,4.759297e-01,-2.198256e-01,9.066202e-05,0,0
6.284316e-04,4.858757e+00,1.077106e+01,6.895685e-02,-1.304655e+01,-9.831670e+00,-1.500285e+00,-7.062150e+00,2.661389e+00,-6.818068e+00,-6.901194e+00,-2.455422e+00,-1.151997e+01,1.299486e-02,0,0,2.783304e-06,-2.093005e-01,-2.563675e-01,1.010505e+00,-4.085321e-02,-4.550588e-01,2.053678e-03,-1.365355e+00,7.932478e-01,6.114998e-01,-2.926233e-01,5.312444e-01,-4.078493e-02,1.511032e-04,0,0
6.376841e-04,4.690442e+00,1.032822e+01,1.616120e+00,-1.268508e+01,-1.071095e+01,-1.611650e+00,-9.783845e+00,1.991023e+00,-5.967643e+00,-6.604189e+00,-1.213786e+00,-1.260402e+01,1.299486e-02,0,0,-1.299164e-05,-2.257491e-01,-1.262837e-01,8.421972e-01,1.103261e-01,-7.559100e-01,2.683101e-01,-2.146010e-01,2.965618e-01,2.587745e-01,-3.928175e-02,4.397789e-01,2.325580e-01,9.066192e-05,0,0
6.022874e-04,4.290388e+00,1.009650e+01,2.395698e+00,-1.240491e+01,-1.212258e+01,-7.147756e-01,-7.842622e+00,2.371411e+00,-6.114714e+00,-7.182158e+00,-7.455392e-01,-1.156155e+01,1.329707e-02,0,0,-1.864104e-05,-4.107313e-02,9.774723e-02,3.074308e-01,6.433086e-02,-7.014793e-01,4.168091e-01,1.274292e+00,-6.889037e-02,-6.158836e-01,2.240110e-01,4.804354e-02,8.322394e-01,0,0,0
5.755044e-04,4.506561e+00,1.077158e+01,1.645151e+00,-1.229996e+01,-1.186405e+01,-5.693585e-02,-5.534322e+00,1.114525e+00,-7.844175e+00,-6.368555e+00,-9.989837e-01,-1.006114e+01,1.299486e-02,0,0,-1.486847e-05,8.944035e-02,3.175690e-01,-4.053733e-01,-2.175820e-01,-1.863960e-01,3.913385e-01,1.873901e+00,-8.887796e-02,-6.612027e-01,2.274997e-01,-5.995300e-01,1.023793e+00,9.066155e-05,0,0
5.663162e-04,4.745332e+00,1.103812e+01,1.591596e+00,-1.291745e+01,-1.276251e+01,-1.935958e-01,-2.815451e+00,2.755186e+00,-8.959220e+00,-5.898956e+00,-2.322606e+00,-8.630211e+00,1.299486e-02,0,0,5.755201e-06,2.194096e-01,3.948046e-01,-8.919868e-01,-5.974653e-01,5.799494e-02,4.926635e-01,1.141702e+00,-2.127893e-01,-8.393021e-02,1.544952e-05,-1.068664e+00,4.675495e-01,2.417647e-04,0,0
5.813273e-04,4.910171e+00,1.144525e+01,-8.695602e-03,-1.351672e+01,-1.132296e+01,8.445290e-02,-2.927923e+00,1.354746e+00,-7.851404e+00,-6.108292e+00,-3.422903e+00,-8.950727e+00,1.359927e-02,0,0,1.966148e-05,1.776426e-01,3.575331e-01,-1.350898e+00,-8.518890e-01,3.570883e-01,6.314615e-01,2.764910e-01,-4.355407e-01,4.935586e-01,-6.760621e-01,-9.080890e-01,1.498940e-01,6.044122e-04,0,0
6.281520e-04,5.185630e+00,1.173369e+01,-1.237313e+00,-1.478386e+01,-1.210315e+01,1.677847e+00,-3.437312e+00,1.187355e+00,-6.530750e+00,-7.312212e+00,-4.876901e+00,-9.779008e+00,1.420369e-02,0,0,2.202619e-05,1.342083e-01,2.933618e-01,-1.573521e+00,-8.609129e-01,5.612170e-01,7.216762e-01,-2.586633e-01,-1.017074e+00,-7.690477e-02,-9.944731e-01,5.937996e-02,4.307894e-01,6.648537e-04,0,0
6.428940e-04,5.174625e+00,1.221146e+01,-3.694885e+00,-1.562620e+01,-1.040829e+01,2.164650e+00,-3.840937e+00,-2.792626e-01,-6.590617e+00,-9.042237e+00,-4.262281e+00,-8.737267e+00,1.541251e-02,0,0,1.290328e-05,4.671478e-02,9.972324e-02,-1.514353e+00,-6.203915e-01,5.866397e-01,4.389971e-01,-1.841056e-01,-1.461014e+00,-1.518677e+00,-8.205969e-01,1.188228e+00,1.233302e+00,5.439714e-04,0,0
6.456639e-04,5.284147e+00,1.212183e+01,-4.432913e+00,-1.616728e+01,-1.041376e+01,2.374686e+00,-3.652261e+00,-1.513181e+00,-9.974137e+00,-9.404348e+00,-1.606017e+00,-6.582994e+00,1.541251e-02,0,0,-1.431385e-06,-1.070512e-01,-1.683914e-01,-1.439187e+00,-2.556920e-01,8.409784e-01,1.148231e-01,-4.582190e-01,-1.889248e+00,-2.692340e+00,-6.631268e-01,2.125519e+00,2.023595e+00,2.719856e-04,0,0
6.370877e-04,5.094487e+00,1.174980e+01,-5.982659e+00,-1.592696e+01,-9.234457e+00,1.931019e+00,-3.740977e+00,-4.600058e+00,-1.372309e+01,-9.165208e+00,8.827939e-01,-4.382222e+00,1.571472e-02,0,0,-7.457379e-06,-2.370546e-01,-4.240303e-01,-1.298021e+00,-1.152481e-01,7.583472e-01,3.528655e-01,-1.011166e+00,-2.244576e+00,-2.611670e+00,-2.249454e-01,2.252918e+00,2.340503e+00,6.044116e-05,0,0
6.238982e-04,4.690444e+00,1.112256e+01,-7.289361e+00,-1.591194e+01,-8.485178e+00,2.368779e+00,-5.778387e+00,-6.098490e+00,-1.642621e+01,-1.056636e+01,3.178154e+00,-1.838555e+00,1.541251e-02,0,0,-4.826579e-07,-3.631975e-01,-7.298077e-01,-1.341934e+00,-1.968168e-01,7.541345e-01,8.290946e-01,-1.669176e+00,-2.225379e+00,-1.342874e+00,4.641060e-01,2.670341e+00,2.083527e+00,1.813238e-04,0,0
6.164899e-04,4.286203e+00,1.059094e+01,-8.756765e+00,-1.633011e+01,-7.580847e+00,3.931932e+00,-7.833702e+00,-9.209490e+00,-1.642293e+01,-9.585958e+00,4.610224e+00,5.930302e-01,1.571472e-02,0,0,2.066487e-05,-3.714049e-01,-1.038670e+00,-1.462718e+00,-2.373737e-01,8.096082e-01,1.058775e+00,-2.387104e+00,-1.576922e+00,8.152674e-01,2.136218e+00,3.330647e+00,1.119274e+00,6.950739e-04,0,0
6.535495e-04,3.872301e+00,9.052217e+00,-9.755532e+00,-1.694979e+01,-7.469894e+00,5.519703e+00,-9.951777e+00,-1.033536e+01,-1.533859e+01,-6.873444e+00,9.881974e+00,1.347015e+00,1.631913e-02,0,0,3.926911e-05,-3.517186e-01,-1.282308e+00,-1.690199e+00,4.939556e-02,1.120871e+00,9.499882e-01,-3.253856e+00,-7.681064e-02,2.533024e+00,4.180106e+00,3.486791e+00,-9.482048e-01,1.511030e-03,0,0
7.255864e-04,3.646533e+00,7.591625e+00,-1.206316e+01,-1.659491e+01,-5.694058e+00,5.649432e+00,-1.358980e+01,-1.036623e+01,-1.019057e+01,-3.305770e-01,1.418412e+01,-3.786351e-01,1.873678e-02,0,0,5.441166e-05,-3.054634e-01,-1.506851e+00,-1.665985e+00,5.359069e-01,1.295530e+00,3.189828e-01,-4.030415e+00,2.097681e+00,3.436519e+00,5.494598e+00,2.136230e+00,-2.868691e+00,2.024780e-03,0,0
7.656955e-04,3.251685e+00,6.210680e+00,-1.408716e+01,-1.553256e+01,-3.824216e+00,6.259970e+00,-1.916962e+01,-5.904172e+00,-6.877274e+00,5.706481e+00,1.582516e+01,-6.093747e+00,2.145663e-02,0,0,6.619479e-05,-3.767316e-01,-1.510756e+00,-1.332340e+00,7.473168e-01,1.354685e+00,-6.278349e-01,-4.099938e+00,4.011621e+00,3.286421e+00,5.372800e+00,-7.194227e-01,-3.748489e+00,1.903898e-03,0,4.683452e-02
8.324752e-04,3.069194e+00,4.477457e+00,-1.492088e+01,-1.435919e+01,-2.926037e+00,5.156712e+00,-2.337686e+01,-9.366800e-01,-3.470994e+00,1.159707e+01,1.231978e+01,-1.003004e+01,2.326987e-02,0,0,7.182122e-05,-5.093420e-01,-1.659886e+00,-7.484991e-01,5.026571e-01,8.744019e-01,-1.978658e+00,-2.943429e+00,4.975877e+00,2.573973e+00,3.668156e+00,-2.911958e+00,-2.941246e+00,1.239045e-03,0,7.025178e-02
9.310790e-04,2.277312e+00,3.055523e+00,-1.498837e+01,-1.433106e+01,-2.080481e+00,2.626889e+00,-2.555794e+01,5.007963e+00,-2.266271e+00,1.402673e+01,7.217031e+00,-1.256973e+01,2.357208e-02,0,2.341726e-01,5.500486e-05,-6.597276e-01,-1.729602e+00,-4.783704e-01,3.431482e-01,7.426596e-01,-3.075860e+00,-1.159935e+00,4.447773e+00,2.010490e+00,1.715062e+00,-3.507139e+00,-1.342479e+00,9.066180e-04,0,7.025178e-02
1.002001e-03,1.587010e+00,8.697742e-01,-1.535505e+01,-1.468237e+01,-2.193916e+00,-2.427318e+00,-2.511279e+01,9.057083e+00,3.737994e-01,1.385008e+01,3.928393e+00,-1.184687e+01,2.387428e-02,0,2.341726e-01,1.671596e-05,-6.874897e-01,-1.651328e+00,-3.146861e-01,4.424852e-01,1.929651e-01,-2.778844e+00,3.577682e-01,3.046828e+00,1.407049e+00,1.970765e-01,-2.797484e+00,-3.643586e-01,9.972804e-04,0,0
9.559570e-04,6.941398e-01,-6.334878e-01,-1.626192e+01,-1.365523e+01,-4.769788e-01,-5.327312e+00,-2.410133e+01,1.133781e+01,1.252779e+00,1.315529e+01,2.485160e+00,-1.189773e+01,2.568752e-02,0,2.341726e-01,7.310788e-05,-1.054833e+00,-1.782232e+00,-1.991777e-02,6.027719e-01,-4.690963e-01,-1.129816e+00,1.079689e+00,1.610264e+00,8.227226e-01,-4.375019e-01,-2.033428e+00,8.802357e-02,1.420368e-03,0,-3.079509e-02
9.036160e-04,4.233321e-01,-1.934680e+00,-1.585753e+01,-1.248468e+01,-2.762963e+00,-4.760410e+00,-2.231632e+01,1.113253e+01,1.804726e+00,1.301818e+01,6.982970e-01,-1.218784e+01,2.719855e-02,0,0,3.118453e-04,-1.740912e+00,-1.965370e+00,2.431856e-01,1.923037e-01,-1.199071e+00,7.251822e-01,5.970722e-01,8.683855e-01,4.591173e-01,-4.146791e-01,-1.972474e+00,-2.723227e-01,1.601693e-03,0,3.827167e-02
1.345811e-03,-2.415016e+00,-4.453408e+00,-1.483672e+01,-1.241605e+01,-4.141439e+00,-1.855647e+00,-2.155773e+01,1.202156e+01,1.131879e+00,1.225517e+01,-1.335061e+00,-1.195913e+01,2.901179e-02,0,1.972835e-01,4.529554e-04,-2.025048e+00,-2.028005e+00,5.610989e-01,-5.208270e-01,-1.379873e+00,2.079693e+00,8.596230e-02,7.628500e-01,7.399679e-01,-1.758462e-01,-2.290480e+00,-6.784879e-01,1.329707e-03,0,1.332311e-01
2.366300e-03,-5.562973e+00,-7.047117e+00,-1.485172e+01,-1.434044e+01,-6.357038e+00,-5.372394e-01,-2.339922e+01,1.305714e+01,2.729836e+00,1.222674e+01,-4.023867e+00,-1.317779e+01,3.022061e-02,0,4.439755e-01,3.564622e-04,-1.457193e+00,-1.349686e+00,5.984412e-01,-8.197551e-01,-9.960058e-01,1.988991e+00,-2.544042e-01,7.009500e-01,1.156475e+00,-7.491970e-03,-1.995904e+00,-7.153177e-01,6.648531e-04,0,1.867225e-01
2.489392e-03,-6.437946e+00,-8.217294e+00,-1.395933e+01,-1.533148e+01,-5.579304e+00,2.959569e+00,-2.313007e+01,1.418976e+01,4.490063e+00,1.267177e+01,-6.606159e+00,-1.479519e+01,3.082502e-02,0,6.783403e-01,3.741728e-06,-9.292593e-02,-1.141910e-01,6.942077e-01,-4.004736e-01,-8.005629e-01,1.159324e+00,-2.664183e-01,3.978534e-01,1.367945e+00,-1.397287e-01,-1.080538e+00,-2.655967e-01,-4.835300e-04,0,1.222149e-01
2.114136e-03,-4.851170e+00,-6.801169e+00,-1.330402e+01,-1.512574e+01,-7.024059e+00,2.776938e+00,-2.280218e+01,1.355318e+01,5.908011e+00,1.277242e+01,-6.645672e+00,-1.434639e+01,2.961620e-02,0,6.930842e-01,-2.972426e-04,8.638858e-01,9.479747e-01,9.636616e-01,3.606923e-01,-9.046243e-01,-2.457801e-02,-4.434885e-01,-3.042407e-01,8.689892e-01,-7.277085e-01,4.882703e-01,8.927706e-01,-1.541252e-03,0,1.639020e-03
1.490601e-03,-3.235547e+00,-5.147336e+00,-1.213953e+01,-1.402577e+01,-7.810743e+00,2.283885e+00,-2.318834e+01,1.376280e+01,6.382519e+00,1.128369e+01,-5.426847e+00,-1.270281e+01,2.689634e-02,0,6.838036e-01,-3.142046e-04,1.083604e+00,1.394774e+00,1.057246e+00,9.753213e-01,-1.106866e+00,-1.381568e+00,-1.126822e+00,-1.007148e+00,6.275522e-01,-1.118081e+00,1.290446e+00,1.890342e+00,-2.206105e-03,0,-1.125503e-01
1.379483e-03,-2.844744e+00,-3.842222e+00,-1.094331e+01,-1.318984e+01,-9.764441e+00,-3.222875e-01,-2.558753e+01,1.174941e+01,6.128554e+00,9.282241e+00,-2.172171e+00,-9.760127e+00,2.447869e-02,0,4.494390e-01,-2.740612e-04,9.908546e-01,1.471622e+00,1.547779e+00,1.724894e+00,-6.234753e-01,-1.722773e+00,-1.174570e+00,-1.554143e+00,2.390201e-01,-1.302447e+00,7.288774e-01,2.082635e+00,-2.085221e-03,0,-1.832561e-01
1.285696e-03,-2.023138e+00,-2.722896e+00,-9.853456e+00,-1.142283e+01,-9.743443e+00,-2.398657e+00,-2.737150e+01,1.005590e+01,7.517553e+00,8.826455e+00,-2.390682e+00,-7.636612e+00,2.236325e-02,0,2.374115e-01,-2.053753e-04,1.012003e+00,1.454537e+00,2.126198e+00,2.534974e+00,3.653449e-01,-1.259054e+00,-2.678051e-02,-2.086457e+00,5.031077e-01,-7.066692e-01,-7.451224e-01,8.915532e-01,-1.631913e-03,0,-1.817046e-01
8.462835e-04,-5.031019e-01,-6.552771e-01,-6.708162e+00,-7.802741e+00,-9.175086e+00,-3.495656e+00,-2.658345e+01,7.635915e+00,6.535594e+00,7.488800e+00,-4.519367e+00,-6.466312e+00,2.145663e-02,0,0,-2.018236e-04,1.228067e+00,1.490388e+00,2.774617e+00,2.913553e+00,1.840950e+00,3.417996e-01,1.907777e+00,-2.028195e+00,4.538518e-01,2.967556e-01,-2.027376e+00,-1.222083e+00,-1.480810e-03,0,-1.136289e-01
7.303245e-04,6.536452e-01,5.318740e-01,-3.626119e+00,-4.044450e+00,-6.278696e+00,-2.424699e+00,-2.282429e+01,5.387264e+00,8.694537e+00,8.647067e+00,-7.978861e+00,-9.891949e+00,2.024781e-02,0,0,-1.548940e-04,1.228357e+00,1.465199e+00,3.025391e+00,2.512214e+00,2.979687e+00,1.840569e+00,3.114381e+00,-1.832141e+00,6.724232e-01,1.163642e+00,-2.091123e+00,-3.062696e+00,-1.359928e-03,0,-4.748230e-02
6.480500e-04,1.957199e+00,1.982331e+00,-1.838989e-01,-2.311260e+00,-2.292065e+00,1.399732e+00,-1.832225e+01,3.942756e+00,7.809321e+00,1.085571e+01,-9.514961e+00,-1.474287e+01,1.813237e-02,0,0,-6.073093e-05,9.871502e-01,1.153207e+00,2.356944e+00,1.398181e+00,3.163798e+00,2.492116e+00,2.948654e+00,-1.273113e+00,7.038803e-01,1.612461e+00,-1.504937e+00,-3.198610e+00,-1.269266e-03,0,0
6.103427e-04,2.888498e+00,3.284293e+00,2.011368e+00,-1.607496e+00,1.713480e+00,4.356496e+00,-1.593020e+01,2.741776e+00,1.024281e+01,1.296121e+01,-1.034850e+01,-1.881181e+01,1.722575e-02,0,0,-3.620556e-05,7.159820e-01,8.076496e-01,1.527864e+00,5.637629e-01,2.257519e+00,2.150965e+00,1.715451e+00,-5.759364e-01,2.522326e-01,1.077511e+00,-8.353408e-01,-1.781880e+00,-5.741917e-04,0,0
6.026198e-04,3.315223e+00,3.734547e+00,2.257816e+00,-2.030315e+00,2.647817e+00,5.574327e+00,-1.528722e+01,2.593091e+00,9.280862e+00,1.339404e+01,-1.085923e+01,-1.799943e+01,1.662134e-02,0,0,-2.448199e-05,4.205593e-01,4.267418e-01,5.798747e-01,-6.544602e-03,9.719731e-01,1.458925e+00,1.018978e+00,-2.376375e-01,-5.702763e-02,5.710696e-01,-5.676258e-01,9.460621e-02,-1.511032e-04,0,0
5.720119e-04,3.554543e+00,3.694014e+00,2.792346e+00,-1.366109e+00,2.538959e+00,6.242831e+00,-1.576454e+01,3.182414e+00,9.219930e+00,1.276546e+01,-1.148343e+01,-1.717307e+01,1.813237e-02,0,0,-2.833900e-05,1.658302e-01,1.655540e-01,1.678424e-01,-3.177663e-01,5.870624e-02,1.000508e+00,9.006003e-01,2.208201e-01,-7.608778e-01,3.389254e-01,-1.463910e-01,1.244734e+00,-1.511036e-04,0,0
5.448055e-04,3.726973e+00,3.911179e+00,2.324986e+00,-2.464677e+00,2.155062e+00,7.751190e+00,-1.331019e+01,2.534249e+00,8.035621e+00,1.380893e+01,-1.178563e+01,-1.508921e+01,1.692354e-02,0,0,-3.196679e-05,-1.038266e-01,1.430371e-01,1.165461e-01,-4.510241e-01,-4.359753e-02,2.599361e-01,7.801787e-01,5.083982e-01,-5.556871e-01,3.916550e-01,4.141058e-01,1.057314e+00,-5.439714e-04,0,0
4.975548e-04,3.511774e+00,4.023747e+00,2.816995e+00,-2.979147e+00,2.253389e+00,8.270603e+00,-1.241571e+01,3.875298e+00,7.061037e+00,1.444839e+01,-1.061726e+01,-1.404325e+01,1.631913e-02,0,0,-3.201842e-05,-4.578103e-01,1.439263e-01,4.754000e-02,-4.002544e-01,1.701597e-01,-5.044538e-01,4.888172e-01,3.669513e-01,-4.300663e-01,1.727061e-01,1.050439e+00,7.032340e-01,-8.763977e-04,0,0
4.800143e-04,2.817474e+00,4.284866e+00,2.828222e+00,-3.478916e+00,2.572615e+00,5.860121e+00,-1.306075e+01,4.788640e+00,7.581872e+00,1.451085e+01,-9.221789e+00,-1.427777e+01,1.480810e-02,0,0,-2.318634e-05,-1.135381e+00,2.647503e-01,-2.817335e-01,2.595330e-01,9.103117e-02,-1.964422e+00,8.306285e-01,4.259173e-01,-1.331193e-01,-1.176921e+00,1.490297e+00,8.181760e-01,-8.159564e-04,0,0
4.443154e-04,1.720241e+00,4.226802e+00,2.778428e+00,-2.860261e+00,3.180981e+00,4.666096e+00,-1.344518e+01,3.889975e+00,7.296473e+00,1.327804e+01,-7.513155e+00,-1.406262e+01,1.480810e-02,0,0,-1.598927e-06,-1.815272e+00,5.459183e-01,-1.308465e+00,1.139450e+00,3.339479e-02,-2.987254e+00,1.980831e+00,-7.414579e-02,-2.466575e-01,-2.890946e+00,1.702192e+00,2.067474e+00,-3.626469e-04,0,0
4.554936e-04,-1.054165e+00,5.133403e+00,9.356019e-01,-1.226455e+00,2.146422e+00,-2.686674e-01,-8.642314e+00,4.656497e+00,7.252306e+00,8.509506e+00,-5.886194e+00,-1.098865e+01,1.359927e-02,0,0,1.244061e-04,-2.164960e+00,7.128052e-02,-2.247242e+00,1.331040e+00,-5.292391e-01,-3.676753e+00,1.918152e+00,2.667474e-01,-3.532410e-01,-3.985751e+00,2.342922e+00,2.861873e+00,6.950742e-04,0,4.185719e-02
5.018206e-04,-3.628767e+00,6.329070e+00,-2.779018e+00,1.591874e+00,2.633460e+00,-3.601274e+00,-4.720776e+00,3.570640e+00,5.992533e+00,2.994325e+00,-3.774098e+00,-5.350436e+00,1.511031e-02,0,0,4.114071e-04,-1.889180e+00,-1.012231e+00,-2.660830e+00,5.127537e-01,-1.225840e+00,-3.507100e+00,-8.583905e-01,8.238508e-01,-3.625779e-01,-3.130339e+00,2.865403e+00,2.265517e+00,2.024781e-03,3.321341e+01,1.112013e-01
1.073292e-03,-5.332822e+00,3.590135e+00,-5.629266e+00,9.502155e-01,2.001800e-01,-8.389961e+00,-7.832184e+00,6.282045e+00,6.467638e+00,-2.760515e-01,6.232923e-01,-4.324495e+00,1.813237e-02,0,2.092860e-01,8.032862e-04,-1.189841e+00,-2.612709e+00,-2.301958e+00,-1.360312e+00,-2.008648e+00,-2.017219e+00,-4.823833e+00,1.365575e+00,-3.490315e-02,-4.896048e-01,2.898214e+00,-9.488163e-02,3.475370e-03,8.291190e+01,1.854036e-01
2.192451e-03,-5.586330e+00,-6.271967e-02,-7.243286e+00,-1.384828e+00,-1.975096e+00,-8.808757e+00,-1.814219e+01,7.196455e+00,5.875917e+00,2.019118e+00,3.559119e+00,-6.067114e+00,2.266546e-02,1.660670e+02,4.513637e-01,1.102068e-03,-6.536431e-01,-3.367116e+00,-1.848876e+00,-2.954733e+00,-2.692420e+00,-3.305728e-01,-6.550025e+00,1.841480e+00,3.926806e-01,2.310947e+00,1.803709e+00,-2.063117e+00,4.291326e-03,1.320404e+02,1.980578e-01
3.626609e-03,-6.024588e+00,-4.734247e+00,-8.342052e+00,-6.539663e+00,-5.592542e+00,-7.751022e+00,-2.605077e+01,9.671464e+00,7.136098e+00,6.549086e+00,4.938265e+00,-1.110472e+01,2.719855e-02,3.315260e+02,7.013361e-01,1.060363e-03,-3.287961e-01,-2.880828e+00,-1.642739e+00,-3.399858e+00,-2.092614e+00,1.318803e+00,-5.061950e+00,1.385118e+00,4.936501e-01,3.707292e+00,-2.165188e-01,-2.510945e+00,4.381989e-03,1.309595e+02,1.362508e-01
4.735501e-03,-6.551100e+00,-6.344318e+00,-1.066700e+01,-9.436852e+00,-7.932281e+00,-5.573607e+00,-2.836161e+01,1.108333e+01,7.621706e+00,1.113649e+01,3.086962e+00,-1.227591e+01,3.203385e-02,4.944392e+02,7.442638e-01,7.177902e-04,-1.811196e-01,-2.020114e+00,-1.475272e+00,-2.847920e+00,-1.134829e+00,1.915383e+00,-1.958293e+00,9.453491e-01,3.096758e-01,3.218301e+00,-1.879154e+00,-2.023642e+00,3.898459e-03,8.854027e+01,6.042664e-02
5.103582e-03,-6.494418e+00,-7.673208e+00,-1.213110e+01,-1.202306e+01,-7.284299e+00,-3.413522e+00,-2.803223e+01,1.126420e+01,8.062994e+00,1.370172e+01,-2.232230e-01,-1.377482e+01,3.535812e-02,4.906113e+02,7.440897e-01,2.713714e-04,-7.251582e-02,-1.073254e+00,-1.137399e+00,-1.677157e+00,7.947769e-02,1.627382e+00,7.269172e-02,1.118729e-01,-2.512397e-01,1.890575e+00,-2.634911e+00,-1.114105e+00,2.478092e-03,5.122938e+01,2.187288e-03
5.042916e-03,-6.257013e+00,-8.693810e+00,-1.272512e+01,-1.288273e+01,-6.803362e+00,-1.400592e+00,-2.694293e+01,1.112683e+01,6.960848e+00,1.453431e+01,-3.255906e+00,-1.485027e+01,3.807797e-02,5.292257e+02,7.321201e-01,-3.123707e-05,-1.134299e-01,-6.375989e-01,-6.483563e-01,-7.874138e-01,5.123979e-01,1.008930e+00,7.266976e-01,-3.398018e-01,-3.286053e-01,5.921753e-01,-2.202462e+00,-7.572974e-01,6.648541e-04,3.172493e+01,-7.628643e-03
4.829759e-03,-6.534210e+00,-8.925769e+00,-1.299999e+01,-1.320251e+01,-5.759614e+00,-1.700620e+00,-2.639665e+01,1.020908e+01,6.210329e+00,1.430306e+01,-5.064855e+00,-1.538806e+01,3.656694e-02,5.702796e+02,7.183444e-01,-1.079623e-04,-2.815312e-01,-1.383470e-01,-3.608697e-01,-2.338979e-01,2.733276e-01,2.818111e-01,6.124409e-01,-4.235780e-01,-9.411822e-02,-4.051695e-02,-1.407115e+00,-1.883616e-01,-8.763972e-04,-7.890588e+00,-8.606267e-03
4.716227e-03,-7.098353e+00,-8.906032e+00,-1.347434e+01,-1.278419e+01,-6.132635e+00,-1.385405e+00,-2.554591e+01,9.911884e+00,6.905012e+00,1.379670e+01,-5.504532e+00,-1.525578e+01,3.475370e-02,6.132297e+02,7.189932e-01,-6.352281e-05,-3.176633e-01,1.555181e-01,-1.415559e-01,-3.841458e-02,1.259962e-01,-6.198496e-02,3.311245e-01,-2.618934e-01,3.129994e-01,-3.362738e-01,-8.690874e-01,3.448647e-01,-9.972800e-04,-8.091959e+01,-7.732582e-03
4.727114e-03,-7.481403e+00,-8.258832e+00,-1.356084e+01,-1.324182e+01,-6.253025e+00,-2.012059e+00,-2.566853e+01,9.753783e+00,7.620321e+00,1.386794e+01,-6.134485e+00,-1.451388e+01,3.263826e-02,4.091564e+02,7.076218e-01,3.840700e-05,-1.998917e-01,1.271723e-01,7.173929e-02,-3.490534e-02,9.479646e-02,9.042621e-04,6.244564e-02,1.121484e-01,1.674144e-01,-3.342869e-01,-5.580530e-01,5.403314e-01,6.950740e-04,-1.548600e+02,-9.169412e-03
4.776624e-03,-7.371733e+00,-8.249688e+00,-1.315247e+01,-1.305515e+01,-5.926675e+00,-1.554797e+00,-2.565137e+01,1.004501e+01,7.820849e+00,1.307049e+01,-7.066528e+00,-1.356304e+01,3.505591e-02,2.051893e+02,6.988185e-01,1.090453e-04,-4.838805e-02,5.585289e-03,2.547848e-01,1.010516e-01,4.007352e-01,9.906576e-02,-8.728199e-02,5.668361e-01,-3.248453e-01,-3.514165e-01,-4.857717e-01,4.181694e-01,2.478090e-03,-1.635616e+02,-9.606456e-03
4.991596e-03,-7.396979e+00,-8.618079e+00,-1.280223e+01,-1.324156e+01,-5.388611e+00,-1.611403e+00,-2.603169e+01,1.070325e+01,6.589482e+00,1.299473e+01,-7.074122e+00,-1.353277e+01,3.989121e-02,0,6.825847e-01,1.174171e-04,-4.720020e-03,-2.058306e-01,3.670187e-01,5.765250e-01,4.960749e-01,2.938939e-01,5.861187e-02,8.435398e-01,-5.299204e-01,-4.444749e-01,-4.499335e-01,1.886358e-02,3.203383e-03,-1.023502e+02,-6.005418e-03
5.129213e-03,-7.382505e+00,-8.698482e+00,-1.257972e+01,-1.227906e+01,-4.561166e+00,-1.090405e+00,-2.580074e+01,1.227133e+01,5.796205e+00,1.247623e+01,-7.463572e+00,-1.365548e+01,4.351768e-02,0,6.834795e-01,1.013667e-04,1.053467e-02,-2.933256e-01,3.245881e-01,9.667230e-01,2.489613e-01,1.992098e-01,2.835821e-01,9.018449e-01,-2.876920e-01,-4.717775e-01,-5.430828e-01,-3.295615e-01,2.145662e-03,-1.552133e+01,-3.611207e-04
5.137906e-03,-7.499617e+00,-9.063588e+00,-1.201212e+01,-1.074723e+01,-4.455405e+00,-7.747862e-01,-2.530079e+01,1.285833e+01,5.983041e+00,1.194270e+01,-8.185631e+00,-1.437334e+01,4.442430e-02,0,6.852642e-01,7.774313e-05,9.860840e-02,-4.676281e-01,2.461224e-01,1.108034e+00,-2.804644e-01,-1.290856e-01,6.449844e-01,8.068379e-01,2.674331e-01,-4.195943e-01,-6.055704e-01,-3.278386e-01,6.044119e-04,6.375864e+01,5.603504e-03
5.210303e-03,-7.267740e+00,-9.493562e+00,-1.192459e+01,-9.468698e+00,-5.148472e+00,-9.770567e-01,-2.459891e+01,1.347670e+01,6.685609e+00,1.123762e+01,-9.226188e+00,-1.479057e+01,4.351768e-02,1.275827e+02,6.956732e-01,1.329822e-04,1.489081e-01,-5.584695e-01,7.548971e-02,7.155978e-01,-6.849928e-01,-6.697526e-01,7.614614e-01,8.244827e-01,5.273162e-01,-6.734314e-02,-2.509232e-01,-9.641562e-02,-3.324259e-04,1.017798e+02,7.917392e-03
5.339766e-03,-6.961319e+00,-1.055868e+01,-1.189918e+01,-9.106575e+00,-6.497280e+00,-2.313505e+00,-2.340769e+01,1.413476e+01,7.481945e+00,1.151606e+01,-9.220666e+00,-1.460442e+01,4.291327e-02,2.550019e+02,7.045054e-01,1.667353e-04,1.395043e-01,-4.114550e-01,-3.237791e-02,2.222329e-01,-6.092585e-01,-9.359847e-01,5.390423e-01,9.589944e-01,4.474459e-01,1.552507e-01,2.080289e-01,4.550938e-01,-3.324263e-04,1.012177e+02,7.058573e-03
5.693194e-03,-6.907114e+00,-1.074328e+01,-1.225874e+01,-9.521404e+00,-6.965193e+00,-3.669808e+00,-2.293998e+01,1.575553e+01,7.683334e+00,1.235283e+01,-8.200670e+00,-1.402202e+01,4.261106e-02,3.813981e+02,7.134458e-01,3.716708e-05,2.141436e-01,-2.791422e-01,2.226605e-01,-8.446436e-02,-2.040768e-01,-5.251726e-01,2.680840e-01,7.403404e-01,1.759794e-01,8.604860e-02,3.772397e-01,8.241526e-01,3.022030e-05,5.713174e+01,3.510964e-03
5.730137e-03,-6.982409e+00,-1.049600e+01,-1.200693e+01,-9.609715e+00,-6.593338e+00,-4.108334e+00,-2.343504e+01,1.651389e+01,7.721408e+00,1.216135e+01,-7.658245e+00,-1.248214e+01,4.321547e-02,3.791806e+02,7.116707e-01,-1.968988e-04,4.900413e-01,-4.008890e-01,6.160429e-01,-1.450738e-01,1.894377e-01,9.251666e-02,-2.433186e-02,4.735678e-01,-2.587807e-01,-4.396505e-02,2.277739e-01,7.715994e-01,-3.022104e-05,1.102635e+01,-6.319284e-05
5.200953e-03,-6.186478e+00,-1.092061e+01,-1.075741e+01,-9.639449e+00,-6.120827e+00,-2.705505e+00,-2.324481e+01,1.598884e+01,7.445775e+00,1.134522e+01,-8.121200e+00,-1.173094e+01,4.351768e-02,3.511520e+02,7.096453e-01,-4.813589e-04,9.427780e-01,-7.447214e-01,1.003529e+00,-1.182428e-01,8.553152e-02,4.750164e-01,-1.629564e-01,2.860847e-01,-7.044173e-01,-3.960752e-02,4.182561e-01,2.520842e-01,-7.555149e-04,-2.069186e+01,-5.219841e-03
4.601393e-03,-4.871431e+00,-1.247446e+01,-9.569634e+00,-9.772922e+00,-5.972274e+00,-2.333073e+00,-2.337693e+01,1.638594e+01,6.306821e+00,1.180004e+01,-8.121531e+00,-1.189196e+01,4.230886e-02,3.252567e+02,7.060897e-01,-5.535873e-04,1.119956e+00,-8.999646e-01,8.591250e-01,-1.365004e-01,-2.525512e-01,2.839813e-01,-2.522207e-01,4.473954e-01,-7.132325e-01,9.428339e-02,1.009248e+00,-3.922471e-01,-1.813236e-03,-1.859174e+01,-6.400877e-03
3.850771e-03,-3.248713e+00,-1.347766e+01,-8.459748e+00,-1.003102e+01,-6.848067e+00,-2.182357e+00,-2.378382e+01,1.724992e+01,4.868541e+00,1.233545e+01,-5.877747e+00,-1.305669e+01,3.928680e-02,3.049007e+02,6.901371e-01,-4.658301e-04,8.412824e-01,-5.004461e-01,3.174011e-01,-1.080906e-01,-5.404599e-01,-9.417024e-02,-1.359880e-01,7.576162e-01,-1.272606e-01,7.995777e-02,1.448207e+00,-8.478498e-01,-2.357207e-03,-9.298248e+00,-6.305373e-03
3.637291e-03,-2.851513e+00,-1.371730e+01,-8.860137e+00,-1.009643e+01,-7.492474e+00,-2.950002e+00,-2.442664e+01,1.812032e+01,5.443862e+00,1.213765e+01,-3.733733e+00,-1.378051e+01,3.626473e-02,3.093476e+02,6.894204e-01,-3.003992e-04,4.613087e-01,2.178497e-02,-2.910773e-01,-9.118815e-02,-5.816872e-01,-2.291279e-01,4.893536e-01,7.955431e-01,8.198203e-01,-1.625583e-01,5.868042e-01,-4.993439e-01,-2.326987e-03,-2.283807e+00,3.380644e-03
3.353853e-03,-2.990025e+00,-1.280142e+01,-9.525154e+00,-1.001815e+01,-8.063026e+00,-2.867892e+00,-2.339990e+01,1.890973e+01,7.240951e+00,1.157620e+01,-3.074065e+00,-1.502592e+01,3.475371e-02,3.126153e+02,6.864531e-01,-1.547717e-04,2.105086e-01,5.403172e-01,-1.065274e+00,9.680805e-02,-6.147526e-01,-1.667845e-02,1.054910e+00,6.521252e-01,1.351023e+00,-2.127171e-01,-8.565754e-01,1.086255e-01,-2.145663e-03,4.144073e-01,1.339595e-02
3.347856e-03,-2.694231e+00,-1.270366e+01,-1.049232e+01,-1.023530e+01,-8.273231e+00,-3.135945e+00,-2.112212e+01,1.953375e+01,9.219718e+00,1.136687e+01,-6.589351e+00,-1.340407e+01,3.294047e-02,3.099803e+02,7.248349e-01,-1.280745e-04,3.052485e-01,6.428831e-01,-1.341444e+00,1.649904e-01,-6.984460e-01,4.440185e-01,1.651764e+00,4.611973e-01,9.363796e-01,-2.634389e-01,-2.202538e+00,6.791374e-01,-2.145664e-03,-1.695822e+00,1.999447e-02
3.221630e-03,-2.274811e+00,-1.128290e+01,-1.297003e+01,-9.477544e+00,-9.531451e+00,-2.172777e+00,-2.016153e+01,1.980383e+01,9.735727e+00,1.165725e+01,-8.732815e+00,-1.270178e+01,3.022061e-02,3.066564e+02,7.394096e-01,-1.597890e-04,2.593033e-01,6.015760e-01,-1.194589e+00,-1.117035e-01,-3.014666e-01,6.332165e-01,1.668640e+00,2.221804e-01,3.432314e-01,-1.678286e-01,-2.391175e+00,7.079107e-01,-1.662135e-03,-2.243887e+00,1.513689e-02
3.063030e-03,-1.682877e+00,-1.126215e+01,-1.384492e+01,-9.541783e+00,-1.025049e+01,-1.077466e+00,-1.778700e+01,1.997926e+01,8.878372e+00,1.077993e+01,-1.191705e+01,-1.154689e+01,2.780296e-02,3.038479e+02,7.629145e-01,-2.557376e-04,-2.868710e-02,4.844859e-01,-4.024107e-01,-7.882094e-01,4.473143e-01,5.863816e-01,1.512994e+00,-1.774418e-01,3.762722e-02,1.994167e-01,-1.712631e+00,5.395194e-01,-4.230887e-04,-2.142577e+01,5.022705e-04
2.697321e-03,-2.199185e+00,-1.051430e+01,-1.382180e+01,-1.092342e+01,-8.581729e+00,-7.310491e-01,-1.672426e+01,1.979788e+01,9.127781e+00,1.103053e+01,-1.236609e+01,-1.241496e+01,2.901179e-02,3.044621e+02,7.430978e-01,-3.065252e-04,-4.013690e-01,2.669849e-01,5.844275e-01,-1.582119e+00,9.177140e-01,1.771353e-01,1.253464e+00,-4.585440e-01,1.014213e-01,5.960704e-01,-8.936443e-01,7.855783e-01,1.087941e-03,-5.072350e+01,-1.321894e-02
2.331323e-03,-2.875479e+00,-1.066553e+01,-1.207849e+01,-1.345341e+01,-6.511520e+00,-9.249014e-01,-1.527579e+01,1.864952e+01,9.711827e+00,1.267731e+01,-1.333587e+01,-1.084988e+01,3.142944e-02,2.039487e+02,7.255022e-01,-3.133706e-04,-6.522908e-01,2.585835e-01,8.843046e-01,-1.606637e+00,4.009616e-01,-9.729408e-02,5.958542e-01,-1.171260e+00,-2.477459e-01,6.145347e-01,7.436790e-02,9.945258e-01,1.692354e-03,-5.937103e+01,-1.983214e-02
2.054858e-03,-3.685354e+00,-1.024628e+01,-1.093111e+01,-1.543233e+01,-6.812366e+00,-1.363383e+00,-1.514981e+01,1.817598e+01,9.826106e+00,1.368891e+01,-1.249163e+01,-9.122392e+00,3.384708e-02,1.029885e+02,6.920211e-01,-2.262138e-04,-4.870693e-01,-7.270012e-02,5.290629e-01,-1.123683e+00,-4.076858e-01,-4.001257e-01,-7.748546e-02,-1.289325e+00,-1.251076e+00,-5.664939e-01,5.844973e-01,8.596948e-01,1.027501e-03,-2.782573e+01,-1.357657e-02
1.817408e-03,-4.201246e+00,-1.010324e+01,-1.086874e+01,-1.532051e+01,-9.130364e+00,-1.247769e+00,-1.559495e+01,1.493391e+01,7.290480e+00,1.252341e+01,-1.148244e+01,-8.220543e+00,3.384708e-02,1.077296e+02,6.892921e-01,-1.512036e-04,-1.960891e-01,-1.269785e-01,-3.127182e-01,-3.278789e-01,-5.749701e-01,-4.665632e-01,-4.224098e-01,-1.149438e+00,-1.712126e+00,-1.393309e+00,5.646136e-01,7.333622e-02,-9.066165e-05,3.409210e+01,-3.740728e-03
1.823209e-03,-3.971648e+00,-1.115894e+01,-1.178136e+01,-1.560828e+01,-9.310736e+00,-2.570244e+00,-1.695210e+01,1.520906e+01,4.083072e+00,8.275012e+00,-1.037032e+01,-9.431151e+00,3.294047e-02,2.134430e+02,6.933200e-01,-3.853010e-05,2.275604e-01,-4.732259e-01,-9.776961e-01,3.279247e-02,5.490627e-02,-3.085003e-01,-1.355004e-01,-8.887291e-02,-1.555309e+00,-1.268994e+00,-2.538813e-01,-5.216683e-01,-9.066180e-04,6.313258e+01,6.083733e-03
1.691130e-03,-3.712778e+00,-1.084409e+01,-1.321695e+01,-1.500482e+01,-8.137186e+00,-2.654287e+00,-1.648669e+01,1.438579e+01,4.022717e+00,8.417722e+00,-1.157346e+01,-1.032882e+01,3.142944e-02,3.191819e+02,7.061491e-01,-6.840937e-06,4.727188e-01,-3.879639e-01,-6.839370e-01,1.965830e-01,4.260904e-01,1.186592e-01,7.669935e-01,1.080116e+00,-4.810566e-01,2.911993e-01,-9.740778e-01,-6.807166e-01,-4.835296e-04,5.153093e+01,7.427788e-03
1.925347e-03,-2.791786e+00,-1.224199e+01,-1.464548e+01,-1.542621e+01,-7.034424e+00,-2.202626e+00,-1.538145e+01,1.800568e+01,3.683441e+00,9.396785e+00,-1.371553e+01,-1.067659e+01,3.052282e-02,3.129252e+02,7.140113e-01,8.555548e-06,3.488696e-01,-3.199301e-01,-3.854775e-01,4.843174e-01,4.636846e-01,7.810888e-01,1.469155e+00,1.213682e+00,-1.041763e-01,1.200078e+00,-1.183501e+00,-3.643501e-01,7.857356e-04,1.949540e+01,5.429006e-03
1.732135e-03,-2.427583e+00,-1.150153e+01,-1.285636e+01,-1.442863e+01,-8.138068e+00,-8.382820e-01,-1.254531e+01,1.893618e+01,5.085013e+00,1.341852e+01,-1.468023e+01,-1.100140e+01,3.263826e-02,3.156432e+02,7.160854e-01,-4.105049e-05,1.956952e-02,-1.728192e-01,-6.458569e-02,5.290982e-01,2.052678e-01,7.448108e-01,1.360346e+00,9.381109e-01,-4.110188e-02,7.012684e-01,-6.711971e-01,-2.243103e-01,1.722575e-03,-2.161666e+01,-1.719785e-03
1.845484e-03,-2.869898e+00,-1.242987e+01,-1.388904e+01,-1.347479e+01,-6.991871e+00,4.271975e-01,-1.157702e+01,1.900228e+01,3.031042e+00,1.177500e+01,-1.473444e+01,-1.091661e+01,3.626473e-02,3.126894e+02,7.154968e-01,-5.730642e-05,-2.693503e-01,5.753336e-02,-6.084180e-01,4.216563e-01,1.806272e-01,-1.621437e-01,8.211786e-01,4.670334e-03,-4.227866e-01,-5.448357e-01,-3.057298e-01,1.480579e-01,1.420369e-03,-5.247067e+01,-6.525326e-03
1.525809e-03,-3.575875e+00,-1.161424e+01,-1.391811e+01,-1.333504e+01,-7.132123e+00,-2.451454e-01,-1.158718e+01,1.857804e+01,4.143406e+00,1.073496e+01,-1.441999e+01,-1.133037e+01,3.717135e-02,2.112165e+02,6.968074e-01,-5.577195e-05,-1.559150e-01,5.192547e-02,-9.479185e-01,-1.090948e-01,2.062846e-01,-1.133238e+00,-3.773994e-02,-5.525227e-02,-4.427418e-01,-1.410008e+00,-3.394088e-01,2.355816e-01,-1.511034e-04,-8.411906e+01,-8.476734e-03
1.741978e-03,-3.564392e+00,-1.189796e+01,-1.715670e+01,-1.386472e+01,-6.634261e+00,-3.309913e+00,-1.175462e+01,1.820810e+01,2.040311e+00,8.014389e+00,-1.537429e+01,-9.771824e+00,3.535811e-02,1.027852e+02,6.910236e-01,-5.951635e-05,4.825471e-02,1.313746e-01,-2.786425e-01,-4.026594e-01,3.907724e-01,-1.503678e+00,-2.075334e-01,4.779778e-02,-1.232611e-01,-1.076374e+00,-8.125928e-01,3.313259e-01,-1.087942e-03,-8.365953e+01,-6.105161e-03
1.505028e-03,-2.859911e+00,-1.150786e+01,-1.596212e+01,-1.477914e+01,-7.285450e+00,-4.635916e+00,-1.264521e+01,1.905701e+01,3.366669e+00,8.248790e+00,-1.605734e+01,-1.039589e+01,3.233605e-02,0,6.859384e-01,8.842489e-06,-1.402126e-01,-2.072574e-01,5.267127e-01,-8.482556e-01,1.331932e+00,-1.026315e+00,-2.813858e-01,4.959572e-01,2.081945e-01,-4.836214e-01,-1.257321e+00,2.685860e-01,-9.368386e-04,-3.753645e+01,2.681494e-04
1.558293e-03,-2.986606e+00,-1.182619e+01,-1.426024e+01,-1.476604e+01,-4.961346e+00,-4.895806e+00,-1.208567e+01,1.900179e+01,2.803105e+00,7.636216e+00,-1.797872e+01,-9.727219e+00,3.324267e-02,0,6.904055e-01,1.401304e-05,-3.415496e-01,-5.731716e-02,1.225790e+00,-9.814781e-01,1.596620e+00,-6.569910e-03,-2.867285e-01,6.057307e-01,7.815315e-01,2.995887e-01,-1.181911e+00,2.512417e-01,1.490116e-09,1.609931e+01,3.805035e-03
1.661864e-03,-4.565831e+00,-1.268642e+01,-1.273277e+01,-1.712567e+01,-1.308920e+00,-4.583773e+00,-1.282859e+01,2.066099e+01,4.802982e+00,8.505936e+00,-1.940438e+01,-1.000974e+01,3.354488e-02,7.492686e+01,6.984572e-01,1.117705e-04,-2.690641e-01,-2.322308e-01,4.698211e-01,-5.922664e-01,1.310012e+00,5.104766e-01,1.252773e-01,2.373272e-01,6.435555e-01,1.784575e-01,-8.424637e-01,6.003874e-01,5.741928e-04,6.505371e+01,8.469713e-03
1.733625e-03,-4.419180e+00,-1.159527e+01,-1.264243e+01,-1.759885e+01,-1.639427e+00,-3.368834e+00,-1.309658e+01,2.043476e+01,5.229813e+00,9.383759e+00,-1.961033e+01,-8.708692e+00,3.475371e-02,1.458183e+02,7.037894e-01,1.045290e-04,1.540108e-01,7.723065e-02,-4.356791e-01,3.287102e-01,1.136229e-01,6.477060e-01,3.328399e-01,-7.361412e-02,7.169795e-02,3.138927e-01,-6.751747e-02,6.279650e-01,3.928687e-04,7.538421e+01,9.318280e-03
1.976214e-03,-3.488945e+00,-1.278447e+01,-1.442192e+01,-1.632407e+01,-2.396353e+00,-2.847019e+00,-1.151337e+01,1.952716e+01,5.371093e+00,8.267305e+00,-1.945386e+01,-7.903217e+00,3.445150e-02,2.523594e+02,7.215950e-01,1.234163e-04,3.314521e-01,7.180671e-02,-8.348382e-01,1.159330e+00,-3.261262e-01,1.775904e-02,5.579416e-01,-2.418842e-02,-1.173703e+00,-3.911056e-02,2.815502e-01,5.858749e-01,-6.044134e-05,6.552599e+01,5.503738e-03
1.923762e-03,-2.754995e+00,-1.139101e+01,-1.559406e+01,-1.352329e+01,-3.849515e+00,-2.525653e+00,-1.107908e+01,1.920063e+01,2.877539e+00,9.324994e+00,-1.829157e+01,-7.640654e+00,3.475371e-02,2.882048e+02,7.254280e-01,1.587659e-04,-2.750540e-01,5.434265e-02,-5.969744e-01,8.668294e-01,2.253079e-01,-7.299188e-01,1.510356e-01,7.629429e-01,-1.891265e+00,9.313240e-02,5.384644e-01,2.461852e-01,-6.044134e-04,4.581742e+01,1.046950e-03
2.183877e-03,-3.740662e+00,-1.242951e+01,-1.543115e+01,-1.336680e+01,-1.834507e+00,-4.916568e+00,-1.104763e+01,2.115711e+01,1.106046e-01,8.339766e+00,-1.865600e+01,-7.614382e+00,3.324267e-02,3.313635e+02,7.151566e-01,2.369834e-04,-9.309624e-01,-8.673592e-02,2.022629e-01,-4.671135e-02,6.212937e-01,-8.318354e-01,-4.746493e-01,1.230887e+00,-1.900724e+00,1.787409e-01,4.944378e-01,1.618489e-01,-7.857367e-04,2.199521e+01,-3.749323e-03
2.423624e-03,-5.668591e+00,-1.150104e+01,-1.512269e+01,-1.474334e+01,-7.938102e-01,-5.983654e+00,-1.257427e+01,2.343450e+01,-1.596266e+00,9.813191e+00,-1.731693e+01,-7.622183e+00,3.233605e-02,3.354034e+02,7.122434e-01,3.773198e-04,-1.102198e+00,-6.111214e-01,2.895997e-01,-6.657003e-01,5.819186e-01,-5.360281e-01,-6.809883e-01,9.578190e-01,-1.248894e+00,1.695550e-01,1.995995e-01,1.830214e-01,-6.346338e-04,1.117827e+01,1.509762e-03
2.911201e-03,-6.686959e+00,-1.316314e+01,-1.364630e+01,-1.594760e+01,-8.177369e-01,-5.277195e+00,-1.313902e+01,2.356466e+01,-1.895623e+00,8.916911e+00,-1.746898e+01,-7.103208e+00,3.173164e-02,3.387362e+02,7.094407e-01,4.104999e-04,-5.920563e-01,-3.573475e-01,-1.905441e-03,-6.780903e-01,5.540692e-02,2.009449e-01,-6.950499e-01,1.467920e-01,-6.796411e-01,4.945846e-01,-3.611652e-01,-9.480047e-02,-1.813240e-04,3.468646e+00,9.689426e-03
3.446699e-03,-6.792839e+00,-1.407980e+01,-1.503849e+01,-1.556139e+01,-1.448307e+00,-5.025480e+00,-1.343832e+01,2.278595e+01,-2.363817e+00,9.884196e+00,-1.788708e+01,-6.981134e+00,3.233605e-02,3.404098e+02,7.358348e-01,3.182238e-04,1.638796e-01,9.211130e-02,-3.999228e-01,-4.521840e-01,-2.359841e-01,6.450268e-01,-2.050174e-01,-5.512867e-01,-5.701613e-01,5.479416e-01,-1.046812e+00,-5.384360e-01,6.044097e-05,3.247980e+00,1.607053e-02
3.724838e-03,-6.138820e+00,-1.292687e+01,-1.548278e+01,-1.634822e+01,-1.230224e+00,-4.390931e+00,-1.409085e+01,2.221535e+01,-2.903826e+00,1.077719e+01,-2.017676e+01,-8.408909e+00,3.233605e-02,3.462035e+02,7.518080e-01,8.236859e-05,6.807861e-01,1.028664e+00,-4.099879e-01,-5.336501e-01,-4.693359e-01,1.167974e+00,1.278629e-02,-9.596329e-01,-7.121058e-01,8.916071e-01,-7.234966e-01,-8.207816e-01,1.813240e-04,2.877490e+00,1.496181e-02
3.607924e-03,-5.123262e+00,-1.115862e+01,-1.620406e+01,-1.680395e+01,-1.767487e+00,-3.201652e+00,-1.312344e+01,2.135272e+01,-3.942971e+00,1.162276e+01,-2.119711e+01,-9.661512e+00,3.233605e-02,3.479096e+02,7.714124e-01,-1.676873e-04,1.041644e+00,1.180594e+00,3.529908e-01,-4.347168e-01,-7.266535e-01,1.633610e+00,2.148914e-01,-1.185558e+00,-5.355121e-01,7.308105e-01,-1.161995e-02,-4.992829e-01,2.115451e-04,2.047284e+00,5.436706e-03
3.242431e-03,-4.117816e+00,-9.480411e+00,-1.511345e+01,-1.799457e+01,-3.004827e+00,-3.492376e-01,-1.323253e+01,1.948311e+01,-4.666575e+00,1.250566e+01,-1.943146e+01,-9.866927e+00,3.263826e-02,3.493737e+02,7.664610e-01,-2.954808e-04,1.125824e+00,6.005597e-01,1.015389e+00,1.384018e-01,-9.248050e-01,1.565485e+00,-9.714508e-03,-9.851826e-01,7.131860e-02,4.598169e-01,9.799212e-01,2.208262e-02,3.022142e-05,-2.247555e+01,-6.519860e-03
2.849466e-03,-2.595118e+00,-9.900062e+00,-1.345820e+01,-1.691180e+01,-4.194273e+00,1.121725e+00,-1.279303e+01,1.822428e+01,-4.160003e+00,1.267401e+01,-1.831783e+01,-8.748540e+00,3.324267e-02,3.490611e+02,7.556918e-01,-2.791937e-04,9.664850e-01,-6.367207e-03,1.448085e+00,8.046004e-01,-5.212753e-01,3.556189e-01,-3.598458e-01,-4.983225e-01,1.027015e+00,-1.230183e-01,1.489210e+00,2.130370e-01,-5.439703e-04,-5.798188e+01,-1.630992e-02
2.626663e-03,-1.773774e+00,-1.055335e+01,-1.177876e+01,-1.560229e+01,-4.640856e+00,1.274806e+00,-1.430463e+01,1.885365e+01,-2.438717e+00,1.255065e+01,-1.671679e+01,-8.754982e+00,3.203385e-02,2.332500e+02,7.270690e-01,-1.851390e-04,6.012200e-01,-1.157007e-01,1.403594e+00,1.240149e+00,-1.710851e-01,-1.300390e+00,-4.233059e-01,2.218800e-02,1.782960e+00,-6.356205e-01,1.810740e+00,4.354353e-01,-1.239046e-03,-9.317466e+01,-1.733999e-02
2.519840e-03,-1.462859e+00,-1.065398e+01,-1.063098e+01,-1.397708e+01,-3.555849e+00,-2.235579e+00,-1.438662e+01,1.917584e+01,7.817467e-02,1.098518e+01,-1.510839e+01,-9.152300e+00,2.991841e-02,1.160620e+02,7.095588e-01,-1.476885e-04,2.969935e-01,4.222729e-01,1.511034e+00,2.034435e+00,-1.042869e-01,-1.780865e+00,-5.121257e-01,-3.442823e-01,1.990910e+00,-7.990993e-01,1.915673e+00,9.516491e-01,-1.662134e-03,-9.313722e+01,-2.024430e-02
2.481550e-03,-1.677847e+00,-9.681953e+00,-9.509088e+00,-1.326118e+01,-4.179464e+00,-5.172537e+00,-1.455226e+01,1.911827e+01,2.129133e+00,1.017198e+01,-1.198248e+01,-7.487871e+00,2.810517e-02,0,7.028275e-01,-2.149487e-04,4.750604e-01,1.255013e+00,2.001657e+00,2.770021e+00,-6.935568e-02,-1.067653e+00,9.323998e-02,-1.230003e+00,1.838721e+00,-1.030147e+00,1.333279e+00,1.130944e+00,-1.752796e-03,-5.825620e+01,-2.053929e-02
2.183581e-03,-1.158115e+00,-8.224394e+00,-7.037867e+00,-7.910175e+00,-4.946404e+00,-4.558930e+00,-1.522984e+01,1.637056e+01,3.510620e+00,9.867848e+00,-1.110662e+01,-4.623850e+00,2.689634e-02,0,6.665910e-01,-3.363040e-04,8.694415e-01,2.066575e+00,2.693190e+00,3.379096e+00,9.337697e-02,2.837747e-01,6.369401e-01,-1.770621e+00,1.509495e+00,-8.112457e-01,3.415793e-01,5.404520e-01,-1.964340e-03,-2.321241e+01,-6.680588e-02
1.720049e-03,4.491554e-01,-5.493074e+00,-3.567034e+00,-4.785636e+00,-4.292357e+00,-2.901786e+00,-1.341682e+01,1.410628e+01,5.038666e+00,7.958575e+00,-1.205128e+01,-5.364485e+00,2.478090e-02,0,6.458564e-01,-4.042847e-04,1.161131e+00,2.569383e+00,2.663355e+00,2.922239e+00,1.012821e+00,6.428989e-01,1.806821e+00,-1.682045e+00,1.288468e+00,-6.408283e-01,-6.146289e-01,-9.678992e-01,-2.326987e-03,0,-1.249682e-01
1.219070e-03,1.820848e+00,-2.415547e+00,-1.360575e-01,-1.319379e+00,-3.032517e+00,-1.952082e+00,-1.176964e+01,1.282873e+01,6.170885e+00,8.035651e+00,-1.336610e+01,-7.511733e+00,2.175884e-02,0,4.040149e-01,-3.474210e-04,7.121011e-01,2.632950e+00,1.838591e+00,1.830416e+00,1.587834e+00,2.184819e-01,2.585716e+00,-8.533017e-01,7.703743e-01,-4.972230e-01,-6.212732e-01,-1.715651e+00,-2.326987e-03,0,-1.769764e-01
9.423816e-04,2.638326e+00,2.605398e-01,3.567810e-01,-1.945385e+00,-7.230028e-02,-3.261467e+00,-7.248257e+00,1.247896e+01,7.241340e+00,7.883934e+00,-1.392588e+01,-1.088343e+01,1.903898e-02,0,2.092745e-01,-2.104454e-04,-1.663583e-01,2.317857e+00,3.557476e-01,1.467018e+00,1.273274e+00,-2.547627e-01,2.162499e+00,-2.305284e-01,3.547244e-02,-5.740600e-01,1.294256e-01,-1.203123e+00,-1.752795e-03,0,-1.695728e-01
8.353091e-04,1.307805e+00,2.063549e+00,1.931803e-01,-1.782221e-01,8.827357e-01,-3.286680e+00,-5.385542e+00,1.291771e+01,6.261155e+00,7.419054e+00,-1.327568e+01,-1.044263e+01,1.813237e-02,0,0,-5.454843e-05,-9.473007e-01,1.698530e+00,-5.973025e-01,1.780734e+00,-9.864393e-03,-2.402787e-01,5.752301e-01,-6.504383e-02,-1.203490e+00,-1.562477e+00,1.314054e+00,-1.143868e-01,-7.252946e-04,0,-6.079481e-02
8.597027e-04,-1.261146e-01,3.856665e+00,-1.952915e+00,1.978873e+00,1.163883e-01,-3.508300e+00,-5.796375e+00,1.290914e+01,5.170893e+00,5.396574e+00,-1.144936e+01,-9.914650e+00,1.783016e-02,0,0,7.193473e-05,-1.168597e+00,5.919508e-01,-4.737817e-01,2.461875e+00,-2.145455e+00,-7.159614e-03,-1.850954e+00,-1.527382e-01,-2.684750e+00,-2.220193e+00,2.481555e+00,7.320043e-01,1.208825e-04,0,6.023733e-02
9.876675e-04,-1.533435e+00,4.279039e+00,-1.967722e+00,5.622164e+00,-3.176184e+00,-3.030059e+00,-9.619429e+00,1.228842e+01,1.188657e+00,1.466946e+00,-8.034089e+00,-8.568054e+00,1.873678e-02,0,2.046781e-01,1.727992e-04,-7.220502e-01,-8.775930e-01,3.555977e-01,2.306708e+00,-3.875104e+00,1.899640e-01,-3.228559e+00,-4.023119e-01,-4.183928e+00,-2.304135e+00,3.236876e+00,5.916232e-01,2.719853e-04,0,1.637646e-01
1.225876e-03,-1.784038e+00,2.112549e+00,-9.316764e-01,7.463799e+00,-8.770116e+00,-3.425575e+00,-1.438609e+01,1.202992e+01,-3.646161e+00,-2.409789e-01,-4.138904e+00,-8.160693e+00,1.934119e-02,0,4.081221e-01,2.323287e-04,-9.637704e-02,-2.190549e+00,1.412147e+00,1.439127e+00,-4.826921e+00,3.177604e-01,-2.970172e+00,-5.273415e-01,-4.937991e+00,-1.322818e+00,3.213440e+00,2.131209e-01,6.044097e-05,0,1.644215e-01
1.516218e-03,-1.473484e+00,-1.452358e+00,1.460549e+00,8.612857e+00,-1.404953e+01,-2.378223e+00,-1.723348e+01,1.134576e+01,-1.024996e+01,-1.282843e+00,-7.465289e-01,-8.361495e+00,1.873678e-02,0,6.147619e-01,2.394474e-04,4.717892e-01,-2.618800e+00,1.633203e+00,3.821192e-01,-4.517859e+00,3.625451e-01,-1.522917e+00,-5.006523e-01,-4.415136e+00,4.963758e-02,2.634698e+00,-3.443907e-01,-1.813238e-04,0,1.047651e-01
1.757071e-03,-6.379755e-01,-4.230383e+00,3.393682e+00,7.679163e+00,-1.858154e+01,-2.245416e+00,-1.684021e+01,1.074376e+01,-1.379975e+01,1.573764e-01,9.740655e-01,-8.952325e+00,1.813237e-02,0,6.170657e-01,1.559357e-04,8.426498e-01,-2.114293e+00,1.120594e+00,-3.135908e-01,-2.758102e+00,1.765943e-01,1.388224e-01,-5.412577e-01,-2.849923e+00,6.426461e-01,1.789943e+00,-5.581649e-01,3.022067e-05,0,4.542100e-02
1.919307e-03,2.524794e-01,-5.643496e+00,4.035615e+00,7.425078e+00,-2.085977e+01,-1.807413e+00,-1.600695e+01,1.042823e+01,-1.581023e+01,1.515957e+00,2.582917e+00,-9.894192e+00,1.843457e-02,0,6.240318e-01,-9.149080e-06,1.084810e+00,-8.916084e-01,3.925468e-01,-7.632707e-01,-2.965271e-01,9.850264e-03,1.416005e+00,-4.808711e-01,-7.223934e-01,7.828673e-01,8.886426e-01,-4.706994e-01,2.115445e-04,0,-3.687769e-02
1.804010e-03,1.566229e+00,-6.363348e+00,3.383762e+00,6.489734e+00,-1.915551e+01,-2.828009e+00,-1.430524e+01,9.782394e+00,-1.511564e+01,1.572852e+00,3.146088e+00,-1.018517e+01,1.964340e-02,0,6.305922e-01,-1.849319e-04,1.087411e+00,5.779471e-01,2.644082e-01,-8.526067e-01,2.115204e+00,2.719849e-01,2.187354e+00,-7.585279e-01,5.947090e-01,3.901399e-01,-3.120400e-01,3.616943e-02,-6.044097e-05,0,-1.008153e-01
1.447003e-03,2.848462e+00,-4.843917e+00,3.428244e+00,5.391218e+00,-1.524519e+01,-2.037675e+00,-1.142094e+01,9.422093e+00,-1.320398e+01,1.923756e+00,2.610673e+00,-1.009857e+01,1.903898e-02,0,4.236102e-01,-2.923284e-04,8.240873e-01,1.851884e+00,7.720234e-01,-7.915909e-01,3.485927e+00,6.905465e-01,2.650834e+00,-1.064956e+00,1.144317e+00,1.491748e-01,-1.571052e+00,3.412846e-01,-7.555149e-04,0,-1.665456e-01
1.068563e-03,3.501085e+00,-1.740437e+00,5.019409e+00,4.433060e+00,-1.081281e+01,-7.703608e-01,-8.196446e+00,7.454195e+00,-1.212933e+01,1.904176e+00,-6.000121e-01,-8.669289e+00,1.752795e-02,0,2.132002e-01,-2.710777e-04,3.685096e-01,2.280284e+00,1.300508e+00,-4.648266e-01,3.197291e+00,8.390349e-01,2.242542e+00,-1.030434e+00,9.435906e-01,-1.147063e-01,-2.124340e+00,1.645567e-01,-1.239045e-03,0,-1.684795e-01
8.253886e-04,3.405488e+00,1.304467e+00,7.077909e+00,4.495461e+00,-7.601484e+00,6.164954e-01,-5.807177e+00,6.267555e+00,-1.158180e+01,2.096169e+00,-3.399291e+00,-8.945709e+00,1.571472e-02,0,0,-1.877122e-04,-1.775799e-01,1.768792e+00,1.110246e+00,-2.448904e-01,2.120261e+00,4.951247e-01,1.640319e+00,-8.842669e-01,1.166857e+00,-1.607744e-01,-1.629646e+00,-5.043251e-01,-1.450589e-03,0,-1.060421e-01
7.594291e-04,3.130265e+00,1.963879e+00,8.061469e+00,4.613480e+00,-6.990904e+00,4.008023e-02,-5.899414e+00,6.207491e+00,-1.120878e+01,9.131143e-01,-4.470627e+00,-9.938816e+00,1.511031e-02,0,0,-1.006996e-04,-5.868154e-01,9.483549e-01,1.469067e-01,-6.634473e-01,1.069107e+00,4.011727e-01,1.198730e+00,-5.522642e-01,1.367225e+00,-2.367661e-01,1.302728e-01,-1.031812e+00,-1.239045e-03,0,-4.264005e-02
6.630097e-04,2.145973e+00,2.147885e+00,7.458445e+00,4.076556e+00,-6.554837e+00,3.272792e-02,-4.367867e+00,5.624111e+00,-7.829970e+00,1.615415e+00,-3.602247e+00,-1.198543e+01,1.299486e-02,0,0,-1.827991e-05,-7.340758e-01,2.901492e-01,-1.104523e+00,-2.108023e+00,3.990326e-01,5.886370e-01,1.045925e+00,-1.641617e-01,9.354359e-01,-5.353698e-01,1.678940e+00,-1.681061e-01,-4.835299e-04,0,4.401739e-02
6.462547e-04,1.196766e+00,2.579629e+00,5.563674e+00,1.325276e+00,-5.990602e+00,1.527386e+00,-2.922450e+00,5.014596e+00,-7.169121e+00,9.607227e-01,1.528296e-01,-1.230849e+01,1.269266e-02,0,0,9.791406e-05,-4.833574e-01,-4.650988e-02,-2.226697e+00,-4.216982e+00,1.678929e-01,1.139255e+00,4.367262e-01,6.951472e-01,-4.675427e-01,-3.790452e-01,2.062569e+00,1.298564e+00,1.057721e-03,0,1.114291e-01
7.905762e-04,7.018583e-01,2.447338e+00,2.804190e+00,-4.400551e+00,-6.106472e+00,2.816027e+00,-2.066035e+00,6.043194e+00,-8.924451e+00,-6.044847e-01,2.683680e+00,-8.601404e+00,1.450589e-02,0,2.200869e-01,2.749731e-04,-6.017900e-03,-3.592833e-01,-2.745470e+00,-6.123221e+00,-4.526302e-01,1.162993e+00,-6.845940e-01,1.948413e+00,-1.871179e+00,7.234791e-02,9.031736e-01,2.858026e+00,2.750075e-03,0,1.806509e-01
1.185216e-03,1.435535e+00,1.581604e+00,-7.448887e-01,-1.223288e+01,-6.375622e+00,4.344706e+00,-4.866699e+00,9.473685e+00,-1.299926e+01,1.278384e-01,2.699254e+00,-5.138009e+00,1.964340e-02,0,4.471020e-01,4.510398e-04,2.945742e-01,-5.515523e-01,-2.646982e+00,-6.786950e+00,-8.182904e-01,8.676160e-01,-1.596519e+00,2.647796e+00,-2.129676e+00,1.448004e+00,-7.540233e-01,3.224944e+00,3.475371e-03,0,1.845340e-01
1.768394e-03,1.996499e+00,8.504815e-01,-3.114623e+00,-1.976047e+01,-8.625478e+00,4.439035e+00,-6.818712e+00,1.313663e+01,-1.427080e+01,2.393597e+00,-3.595916e-01,-1.280541e+00,2.326987e-02,0,6.797037e-01,5.519335e-04,2.517385e-01,-6.226944e-01,-2.100425e+00,-5.910496e+00,-6.057078e-01,4.190735e-01,-1.582019e+00,1.962379e+00,-1.677089e+00,2.391708e+00,-1.266343e+00,2.925325e+00,3.082502e-03,0,1.207192e-01
2.412545e-03,2.022316e+00,6.202958e-01,-4.711828e+00,-2.492951e+01,-8.822551e+00,5.053962e+00,-8.528705e+00,1.470686e+01,-1.514433e+01,6.701702e+00,-2.095651e+00,1.558006e-01,2.568752e-02,0,6.928617e-01,5.371573e-04,-1.220533e-01,-7.480970e-01,-1.398942e+00,-3.995417e+00,1.808033e-01,1.139452e-01,-9.266071e-01,3.392586e-01,-1.234348e+00,2.612363e+00,-6.298259e-01,2.609235e+00,1.994560e-03,0,5.281720e-02
2.936579e-03,1.667160e+00,-1.854801e-01,-5.714464e+00,-2.760471e+01,-7.911547e+00,4.556767e+00,-8.145125e+00,1.323850e+01,-1.623736e+01,8.067122e+00,-1.250581e+00,3.378315e+00,2.689634e-02,0,7.008030e-01,4.144128e-04,-4.153136e-01,-9.833863e-01,-1.034941e+00,-1.938828e+00,1.382055e+00,-4.062104e-02,-4.879139e-01,-1.374877e+00,-1.238923e+00,2.706134e+00,4.370929e-01,2.174975e+00,9.368386e-04,0,3.594285e-03
3.286910e-03,9.899383e-01,-1.640901e+00,-6.439677e+00,-2.828784e+01,-5.828571e+00,4.855566e+00,-8.836528e+00,1.111904e+01,-1.818772e+01,1.035289e+01,-4.380127e-03,5.578738e+00,2.780296e-02,0,7.006383e-01,2.264933e-04,-4.209531e-01,-1.247150e+00,-8.530105e-01,-2.671701e-01,2.024752e+00,-3.836992e-01,-5.509354e-01,-2.208707e+00,-1.018814e+00,2.826195e+00,9.702400e-01,1.652355e+00,-6.044172e-05,0,-2.319336e-03
3.403276e-03,4.361201e-01,-2.935852e+00,-7.425404e+00,-2.777545e+01,-3.212193e+00,4.335128e+00,-9.104370e+00,8.056154e+00,-1.894372e+01,1.409867e+01,7.802376e-01,6.882866e+00,2.689634e-02,0,6.937869e-01,-3.485940e-06,-1.665902e-01,-1.127967e+00,-7.313603e-01,1.032608e+00,2.407774e+00,-8.663543e-01,-1.039724e+00,-2.692689e+00,-1.489964e-01,3.169327e+00,1.156994e+00,2.763100e-01,-5.439708e-04,0,-7.198590e-03
3.311663e-03,5.330705e-01,-4.240270e+00,-8.121410e+00,-2.618000e+01,-1.048467e+00,3.246286e+00,-1.080376e+01,6.254501e+00,-1.888522e+01,1.781690e+01,1.740140e+00,6.665301e+00,2.538531e-02,0,6.847731e-01,-2.551752e-04,2.133883e-02,-5.696429e-01,-2.935763e-01,1.928535e+00,2.654912e+00,-1.226191e+00,-1.028900e+00,-2.982120e+00,1.044166e+00,2.256611e+00,9.794434e-01,-1.047097e+00,-2.719857e-04,0,-1.178609e-02
2.906773e-03,1.062643e+00,-4.525630e+00,-8.530398e+00,-2.349560e+01,1.737270e+00,1.029636e+00,-1.236013e+01,2.207327e+00,-1.663359e+01,2.018175e+01,3.662127e+00,4.216583e+00,2.538531e-02,0,6.727427e-01,-4.612789e-04,-6.186645e-02,5.122879e-01,1.355759e-01,2.707298e+00,2.305857e+00,-6.561427e-01,6.255560e-02,-2.988802e+00,2.354155e+00,3.273314e-01,8.144714e-01,-2.034852e+00,8.461775e-04,0,-1.819289e-02
2.259285e-03,7.833710e-01,-3.694226e+00,-7.355061e+00,-2.078509e+01,4.971257e+00,3.773586e-01,-1.235315e+01,-8.671446e-01,-1.412195e+01,1.859441e+01,3.451893e+00,1.676396e+00,2.719855e-02,0,6.522300e-01,-5.486950e-04,-6.390392e-01,1.720723e+00,3.015244e-01,2.999630e+00,1.847334e+00,3.717742e-01,2.320384e+00,-2.632560e+00,3.063689e+00,-1.948876e+00,1.894213e-01,-1.831758e+00,2.417649e-03,0,-2.471580e-02
1.623070e-03,1.637638e-03,-6.474345e-01,-7.130699e+00,-1.693641e+01,5.307230e+00,2.488878e+00,-8.016897e+00,-3.327035e+00,-9.554582e+00,1.534658e+01,3.996718e+00,-7.969401e-01,3.022061e-02,0,6.190940e-01,-4.631636e-04,-1.297373e+00,2.440230e+00,3.011351e-02,2.526312e+00,7.729799e-01,7.735224e-01,4.041167e+00,-1.530973e+00,3.212476e+00,-3.263925e+00,-1.611501e-01,-9.244014e-01,4.230886e-03,0,-2.408468e-02
1.210039e-03,-2.131622e+00,2.424249e+00,-7.313638e+00,-1.446144e+01,6.403223e+00,4.375535e+00,-1.373458e+00,-4.141116e+00,-7.106279e+00,1.049011e+01,2.519950e+00,1.327467e-02,3.505591e-02,0,5.880185e-01,-2.756681e-04,-1.783348e+00,2.214643e+00,-5.087742e-01,1.527198e+00,-6.218243e-02,-3.351837e-01,4.108645e+00,-6.285073e-01,2.812862e+00,-3.117668e+00,-4.438080e-01,-4.793246e-01,6.074342e-03,0,-1.340831e-02
1.115578e-03,-3.966725e+00,4.616282e+00,-8.400542e+00,-1.402586e+01,4.886187e+00,2.898159e+00,2.355861e+00,-3.810552e+00,-4.079049e+00,7.914277e+00,3.322347e+00,4.261366e-01,4.261106e-02,0,5.844250e-01,-1.036839e-04,-1.829117e+00,1.195629e+00,-7.536864e-01,4.424671e-01,-5.595731e-01,-2.130307e+00,2.352250e+00,-8.337174e-02,2.099961e+00,-1.993482e+00,-8.542258e-01,-7.274287e-01,6.527651e-03,0,-3.798282e-03
1.134691e-03,-6.149189e+00,4.747133e+00,-9.264010e+00,-1.460438e+01,4.870866e+00,-1.503201e+00,3.003698e+00,-3.767922e+00,-2.795408e+00,6.722216e+00,1.570038e+00,-1.331766e+00,5.137504e-02,0,6.025229e-01,-1.330366e-05,-1.487511e+00,2.115749e-01,-9.730799e-01,1.090261e-01,-8.229076e-01,-3.023885e+00,7.465559e-01,-4.169009e-02,1.532846e+00,-8.251017e-01,-1.153741e+00,-1.649755e+00,4.956179e-03,0,-3.803361e-03
1.142325e-03,-7.135164e+00,4.169269e+00,-9.923944e+00,-1.465261e+01,3.275542e+00,-5.223288e+00,1.555776e+00,-3.930490e+00,-1.210214e+00,7.263115e+00,2.005451e-01,-3.761564e+00,5.469931e-02,0,5.928504e-01,5.806773e-06,-1.106782e+00,-9.531248e-02,-8.803576e-01,4.639644e-01,-5.291103e-01,-2.472868e+00,1.743878e-01,-4.841396e-01,6.126255e-01,-6.399431e-01,-1.347095e+00,-1.420195e+00,2.598972e-03,0,-1.329799e-02
1.130148e-03,-7.984959e+00,3.705630e+00,-1.141734e+01,-1.360294e+01,3.094007e+00,-6.683167e+00,2.759364e+00,-4.289597e+00,-8.764645e-01,6.690183e+00,-1.687855e+00,-6.141648e+00,5.379269e-02,0,5.647890e-01,2.588425e-05,-7.348294e-01,2.255302e-01,-8.525035e-01,7.762693e-01,-6.080977e-01,-1.199659e+00,2.004830e-01,-9.174666e-01,1.337477e-01,-9.165829e-01,-3.183104e-01,-5.782613e-01,6.950743e-04,0,-1.535994e-02
1.146884e-03,-8.582751e+00,4.660471e+00,-1.172567e+01,-1.220676e+01,3.129065e+00,-6.876199e+00,3.349967e+00,-5.970413e+00,-1.975393e+00,4.730577e+00,-1.784184e+00,-4.269896e+00,5.439709e-02,0,5.368021e-01,3.662456e-05,-4.330564e-01,7.508883e-01,-5.815727e-01,1.022913e+00,-6.703874e-01,-7.912464e-02,5.086206e-01,-1.477107e+00,-3.577182e-01,-1.326211e+00,7.871803e-01,4.174243e-01,1.813240e-04,0,-5.127049e-03
1.261832e-03,-9.099542e+00,5.629183e+00,-1.262567e+01,-1.194596e+01,1.903616e+00,-6.675040e+00,3.109017e+00,-7.335294e+00,-1.744080e+00,3.405570e+00,9.708507e-01,-3.968906e+00,5.500151e-02,0,5.537474e-01,1.179392e-05,4.007646e-01,5.736516e-01,-2.163010e-01,9.696234e-01,-6.974967e-01,8.089272e-01,-4.262867e-02,-1.290947e+00,-3.486339e-01,-7.069348e-01,1.276618e+00,3.435498e-01,-1.873678e-03,0,-3.140075e-02
1.259605e-03,-8.743155e+00,6.961935e+00,-1.222764e+01,-1.036653e+01,5.188008e-01,-5.622975e+00,3.924052e+00,-9.793179e+00,-2.564998e+00,2.274369e+00,2.807094e+00,-2.760813e+00,5.500151e-02,0,5.727360e-01,7.858721e-06,1.452225e+00,-5.854374e-01,-1.376801e-01,6.072891e-01,-1.726820e-01,1.421279e+00,-5.148851e-01,8.679738e-02,-3.279421e-01,9.471217e-01,4.744253e-01,-3.489545e-01,-5.258386e-03,0,-3.860166e-02
1.132757e-03,-5.900934e+00,5.423156e+00,-1.224785e+01,-9.674932e+00,9.116552e-01,-3.265144e+00,2.259178e+00,-8.832952e+00,-2.324832e+00,4.383614e+00,2.399594e+00,-5.178441e+00,4.412209e-02,0,3.898183e-01,1.334904e-04,2.261312e+00,-2.197557e+00,-4.762996e-01,-3.676864e-01,7.469693e-01,1.790205e+00,-1.282121e+00,1.963578e+00,-3.185108e-01,3.094215e+00,-1.105153e+00,-8.150225e-01,-7.827139e-03,0,-3.160314e-02
1.250715e-03,-2.920930e+00,1.836297e+00,-1.260297e+01,-1.030582e+01,2.761635e+00,-1.474752e+00,1.200461e+00,-4.787598e+00,-3.324727e+00,8.977164e+00,-1.264291e-01,-5.409901e+00,3.354488e-02,0,4.257583e-01,4.195386e-04,2.199547e+00,-3.409646e+00,-1.444324e+00,-1.943414e+00,1.383148e+00,1.883944e+00,-1.411412e+00,3.303536e+00,-2.544196e-01,4.418736e+00,-2.100829e+00,-9.434776e-01,-7.192505e-03,0,3.483953e-02
1.933730e-03,-7.040928e-01,-2.795784e+00,-1.481950e+01,-1.381474e+01,4.517045e+00,2.018755e-01,-1.939791e+00,-2.019517e-02,-2.956769e+00,1.552525e+01,-3.088151e+00,-6.719474e+00,2.659414e-02,0,4.692205e-01,6.271276e-04,1.588883e+00,-3.220115e+00,-2.119982e+00,-3.073845e+00,1.180233e+00,2.131067e+00,-4.679495e-01,2.925737e+00,-5.300536e-01,3.920044e+00,-2.451280e+00,-5.019701e-01,-2.991840e-03,0,9.154401e-02
2.956812e-03,-3.438417e-01,-5.976824e+00,-1.816344e+01,-1.801370e+01,5.631846e+00,2.063236e+00,-1.033521e+00,2.318124e+00,-3.521127e+00,1.879723e+01,-4.953178e+00,-6.707684e+00,2.780296e-02,0,7.072325e-01,5.478092e-04,9.476795e-01,-1.921971e+00,-1.975295e+00,-3.233298e+00,6.846119e-01,2.346208e+00,6.930019e-01,1.853830e+00,-1.306735e+00,2.036229e+00,-2.136147e+00,-5.325120e-01,5.439708e-04,0,7.969624e-02
3.415346e-03,7.549398e-01,-6.770856e+00,-2.006753e+01,-2.119022e+01,5.377715e+00,5.621194e+00,1.036422e+00,2.242873e+00,-4.876900e+00,1.907380e+01,-7.443432e+00,-7.039400e+00,3.203385e-02,0,7.068012e-01,2.218732e-04,5.603480e-01,-2.380658e-01,-8.687741e-01,-2.683398e+00,7.237287e-02,1.912806e+00,1.407083e+00,1.279875e+00,-2.398227e+00,1.326794e-01,-1.569656e+00,-3.613532e-01,1.843457e-03,0,4.530699e-02
3.248953e-03,1.087951e+00,-5.786020e+00,-1.985543e+01,-2.278458e+01,5.754360e+00,7.546628e+00,3.177364e+00,3.350019e+00,-8.898335e+00,1.738403e+01,-8.629524e+00,-7.912498e+00,3.354488e-02,0,7.054491e-01,-1.146997e-04,4.054664e-01,1.033726e+00,5.014553e-01,-1.981455e+00,-2.260173e-01,8.240948e-01,1.005603e+00,1.186942e+00,-3.100513e+00,-9.508503e-01,-1.093532e+00,-4.965581e-01,8.763977e-04,0,-3.875858e-03
2.897025e-03,1.381751e+00,-4.081515e+00,-1.831737e+01,-2.484630e+01,4.817653e+00,7.024208e+00,2.990182e+00,5.863232e+00,-1.225930e+01,1.689525e+01,-9.098260e+00,-7.923833e+00,3.294047e-02,0,6.966472e-01,-2.233620e-04,4.076625e-01,1.339170e+00,1.027329e+00,-1.286238e+00,-1.111961e-01,-2.021686e-01,7.270148e-01,9.543676e-01,-2.377173e+00,-1.391706e+00,-6.910533e-01,-2.142943e-01,-4.835300e-04,0,-5.596846e-03
2.642474e-03,1.370085e+00,-2.152865e+00,-1.653124e+01,-2.609293e+01,4.781790e+00,5.482203e+00,3.017614e+00,6.442655e+00,-1.533249e+01,1.513226e+01,-9.593423e+00,-8.748258e+00,3.173164e-02,0,6.929303e-01,-1.786265e-04,6.862516e-01,9.521564e-01,6.677116e-01,-3.802376e-01,1.237359e-02,-3.929183e-01,9.599667e-01,2.109618e-02,-7.867278e-01,-1.535039e+00,-6.096655e-01,2.852669e-01,-7.252950e-04,0,-5.316430e-03
2.601776e-03,2.652185e+00,-1.891582e+00,-1.659298e+01,-2.596723e+01,5.308019e+00,5.642564e+00,4.751371e+00,5.468393e+00,-1.354568e+01,1.324116e+01,-1.041675e+01,-7.692992e+00,3.052282e-02,0,6.850764e-01,-8.953390e-05,8.224691e-01,2.057680e-01,-3.353462e-01,5.426493e-01,2.769608e-01,2.021532e-01,1.500906e+00,-5.692437e-01,8.215020e-01,-1.357605e+00,-1.979307e-01,8.055517e-01,-3.022063e-04,0,-3.244776e-03
2.503445e-03,3.883992e+00,-2.120204e+00,-1.737907e+01,-2.412530e+01,5.571045e+00,6.272859e+00,7.096602e+00,3.652919e+00,-1.218878e+01,1.153588e+01,-1.101861e+01,-6.601585e+00,3.112723e-02,0,6.846523e-01,-6.544621e-05,8.286741e-01,-2.552255e-01,-1.111043e+00,1.085131e+00,1.112082e-01,8.315284e-01,1.091550e+00,-5.825960e-01,1.298068e+00,-8.017675e-01,1.559215e-01,9.879015e-01,3.626477e-04,0,-2.026475e-03
2.518870e-03,4.237142e+00,-3.069005e+00,-1.957019e+01,-2.311687e+01,5.807829e+00,7.639646e+00,8.455220e+00,4.411881e+00,-9.723645e+00,1.190541e+01,-9.375321e+00,-4.969411e+00,3.173164e-02,0,6.845623e-01,-1.081537e-04,4.077419e-01,-1.655378e-01,-1.190279e+00,1.131455e+00,8.701120e-02,8.924372e-01,4.848998e-01,-1.659310e-01,8.085691e-01,-2.768017e-01,1.509207e-01,6.336969e-01,7.857364e-04,1.640872e+01,3.878296e-04
2.356696e-03,4.720977e+00,-2.840281e+00,-2.059785e+01,-2.209246e+01,5.087926e+00,8.641304e+00,6.623438e+00,4.057931e+00,-1.075317e+01,1.179129e+01,-9.334529e+00,-5.170540e+00,3.294047e-02,0,6.830550e-01,-1.332115e-04,7.811451e-03,4.950101e-02,-8.254709e-01,8.042974e-01,2.746913e-01,4.681104e-01,3.286956e-01,2.843297e-01,2.547268e-01,1.330095e-01,-4.847859e-01,-1.512904e-02,7.252946e-04,4.779385e+01,5.541593e-03
2.134382e-03,4.272402e+00,-2.359233e+00,-2.093498e+01,-2.132638e+01,5.984634e+00,8.920527e+00,7.412452e+00,4.436232e+00,-1.022064e+01,1.172944e+01,-1.050418e+01,-5.240029e+00,3.354488e-02,8.204358e+01,6.878142e-01,-1.218005e-04,-2.648143e-01,7.623778e-02,-3.793909e-01,3.708199e-01,4.849863e-01,1.202549e-01,9.992145e-01,4.736606e-01,4.201308e-01,3.755455e-01,-8.061608e-01,-6.040763e-01,3.928684e-04,8.277324e+01,1.248034e-02
2.029632e-03,3.905419e+00,-2.227585e+00,-2.082403e+01,-2.099905e+01,6.856099e+00,7.972970e+00,9.261464e+00,5.062392e+00,-1.066665e+01,1.228891e+01,-1.287811e+01,-6.541921e+00,3.384708e-02,1.979475e+02,7.107343e-01,-6.266755e-05,-3.696686e-01,-2.210208e-01,-2.697760e-01,-2.512297e-01,6.771302e-01,-1.911019e-01,1.371413e+00,5.484735e-01,7.419631e-01,5.199732e-01,-2.276389e-01,-4.905919e-01,-3.022067e-05,9.448174e+01,1.559687e-02
2.073399e-03,3.320849e+00,-2.994164e+00,-2.135406e+01,-2.180947e+01,7.348675e+00,8.575088e+00,1.213228e+01,6.277954e+00,-7.666254e+00,1.353433e+01,-1.163434e+01,-7.304102e+00,3.324267e-02,3.148925e+02,7.331243e-01,-3.105609e-05,-3.307772e-01,-3.677230e-01,-4.140440e-01,-5.140616e-01,5.654592e-01,-2.715941e-01,4.336805e-01,1.112447e-02,8.841897e-01,4.704327e-01,3.599526e-01,-2.364693e-01,-2.115443e-04,7.113750e+01,1.201923e-02
2.073849e-03,3.348411e+00,-3.627920e+00,-2.173720e+01,-2.310706e+01,7.791557e+00,7.858514e+00,1.112059e+01,5.879438e+00,-8.320553e+00,1.348872e+01,-9.907647e+00,-6.591464e+00,3.294047e-02,3.559843e+02,7.383843e-01,-7.737100e-05,-2.517662e-01,-3.624882e-01,-6.184149e-01,-1.018238e-02,5.808932e-01,-7.060294e-01,-1.353610e+00,-7.327716e-01,9.501821e-01,2.474995e-01,3.844343e-01,6.898711e-01,3.022142e-05,3.706942e+01,3.311443e-03
1.956993e-03,2.897020e+00,-3.497681e+00,-2.254862e+01,-2.284268e+01,8.344201e+00,7.619785e+00,8.651294e+00,4.083332e+00,-6.972743e+00,1.348170e+01,-1.018965e+01,-6.397604e+00,3.294047e-02,3.587127e+02,7.340854e-01,-1.570554e-04,-3.510476e-01,-6.628527e-01,-5.941774e-01,1.086485e+00,4.879808e-01,-1.411580e+00,-2.989784e+00,-1.248832e+00,1.037356e+00,5.234054e-01,-2.994640e-01,1.033008e+00,6.044127e-04,7.097022e+00,-1.170921e-03
1.700980e-03,2.858503e+00,-3.788268e+00,-2.331882e+01,-2.053336e+01,9.262801e+00,4.920475e+00,4.233909e+00,2.495845e+00,-6.262494e+00,1.355272e+01,-1.167828e+01,-3.545815e+00,3.414929e-02,3.613844e+02,7.268110e-01,-1.834531e-04,-7.056039e-01,-1.503827e+00,-2.373318e-01,2.116115e+00,1.960463e-01,-2.318594e+00,-3.372136e+00,-1.150810e+00,2.106070e+00,1.163633e+00,-5.213499e-01,9.076389e-01,9.972804e-04,-3.620853e+00,6.340742e-05
1.474557e-03,1.810566e+00,-6.228254e+00,-2.353413e+01,-1.766390e+01,9.052957e+00,2.986207e+00,6.266970e-01,1.725592e+00,-3.508502e+00,1.611935e+01,-1.224634e+01,-3.661884e+00,3.566032e-02,3.476775e+02,7.330564e-01,-1.328889e-04,-1.189473e+00,-2.403955e+00,3.547691e-01,2.208955e+00,-2.172060e-01,-3.208976e+00,-2.702946e+00,-6.881536e-01,2.680213e+00,1.769820e+00,-1.521481e-01,2.387003e-01,1.027500e-03,-5.914545e+00,4.668027e-03
1.397802e-03,3.636187e-01,-9.781770e+00,-2.243110e+01,-1.511588e+01,8.417411e+00,-1.417666e+00,-1.727794e+00,1.304257e+00,4.776758e-01,1.798805e+01,-1.148605e+01,-3.421129e+00,3.656694e-02,3.433976e+02,7.392159e-01,-3.210454e-05,-1.542418e+00,-2.541827e+00,7.126864e-01,1.543864e+00,-4.922213e-01,-3.376974e+00,-1.313580e+00,-2.682163e-01,3.102695e+00,1.869987e+00,1.771276e-01,-6.352832e-01,5.439699e-04,-4.619824e+00,8.306235e-03
1.444137e-03,-1.802904e+00,-1.252070e+01,-2.121864e+01,-1.450665e+01,7.680866e+00,-5.256022e+00,-1.882584e+00,1.238357e+00,3.058236e+00,2.011314e+01,-1.104650e+01,-5.266446e+00,3.686914e-02,3.381334e+02,7.512231e-01,3.200856e-05,-1.312530e+00,-1.781526e+00,6.759947e-01,7.265668e-01,-4.060104e-01,-2.808458e+00,-2.763653e-01,-5.602981e-02,2.444217e+00,1.249053e+00,1.801062e-01,-7.014952e-01,9.066127e-05,-9.580475e-01,7.244783e-03
1.555667e-03,-3.046851e+00,-1.335118e+01,-2.091314e+01,-1.439267e+01,7.487740e+00,-7.843278e+00,-1.079351e+00,1.398381e+00,5.967614e+00,2.090576e+01,-1.139256e+01,-5.919950e+00,3.626473e-02,3.430574e+02,7.592588e-01,4.272603e-05,-8.064887e-01,-7.969297e-01,3.341419e-01,1.560392e-01,-2.052468e-01,-1.543848e+00,2.100120e-01,3.482727e-02,1.388925e+00,6.628044e-01,-1.590691e-02,-5.651146e-01,-1.208823e-04,4.243530e-01,4.812163e-03
