pcm_RMSenergy_sma,pcm_fftMag_mfcc_sma[1],pcm_fftMag_mfcc_sma[2],pcm_fftMag_mfcc_sma[3],pcm_fftMag_mfcc_sma[4],pcm_fftMag_mfcc_sma[5],pcm_fftMag_mfcc_sma[6],pcm_fftMag_mfcc_sma[7],pcm_fftMag_mfcc_sma[8],pcm_fftMag_mfcc_sma[9],pcm_fftMag_mfcc_sma[10],pcm_fftMag_mfcc_sma[11],pcm_fftMag_mfcc_sma[12],pcm_zcr_sma,F0final_sma,voicingFinalUnclipped_sma,pcm_RMSenergy_sma_de,pcm_fftMag_mfcc_sma_de[1],pcm_fftMag_mfcc_sma_de[2],pcm_fftMag_mfcc_sma_de[3],pcm_fftMag_mfcc_sma_de[4],pcm_fftMag_mfcc_sma_de[5],pcm_fftMag_mfcc_sma_de[6],pcm_fftMag_mfcc_sma_de[7],pcm_fftMag_mfcc_sma_de[8],pcm_fftMag_mfcc_sma_de[9],pcm_fftMag_mfcc_sma_de[10],pcm_fftMag_mfcc_sma_de[11],pcm_fftMag_mfcc_sma_de[12],pcm_zcr_sma_de,F0final_sma_de,voicingFinalUnclipped_sma_de
2.123241e-03,-8.192001e+00,8.730022e+00,3.443668e+00,-4.437556e+00,-1.551189e+01,-1.371497e+01,1.969021e+00,-1.049677e+00,-9.775806e+00,8.154910e-01,7.249686e+00,-7.042430e-01,2.266546e-02,0,5.720029e-01,1.530976e-04,-3.626862e-01,-8.516750e-02,6.348551e-01,-4.825475e-01,-5.177431e-01,9.267803e-01,-1.659561e-01,1.058443e-01,4.894971e-01,1.208216e-01,3.112620e-01,-6.825601e-01,2.719857e-04,0,-1.880127e-03
2.467166e-03,-9.022622e+00,8.657877e+00,4.681741e+00,-5.851905e+00,-1.666004e+01,-1.187268e+01,1.617439e+00,-9.911921e-01,-8.596050e+00,8.458566e-01,7.701475e+00,-1.833142e+00,2.296766e-02,0,5.666119e-01,1.735819e-04,-3.526754e-01,-1.607927e-01,9.589323e-01,-3.680620e-01,-4.351105e-01,1.589458e+00,-4.288181e-01,3.680360e-01,3.694870e-01,3.779748e-01,3.586684e-01,-1.214657e+00,1.752796e-03,0,-5.414999e-03
2.716767e-03,-9.590122e+00,8.340258e+00,5.998907e+00,-6.143118e+00,-1.752653e+01,-1.000222e+01,1.315032e+00,-5.496977e-01,-7.918199e+00,1.404416e+00,8.580101e+00,-3.552594e+00,2.387428e-02,0,5.652977e-01,8.346517e-05,1.591310e-02,-4.974481e-01,1.191908e+00,2.069885e-01,9.924660e-02,1.858835e+00,-5.067805e-01,8.475119e-01,-6.074828e-01,1.008363e+00,3.240021e-01,-1.476354e+00,3.082502e-03,0,-8.056504e-03
2.694388e-03,-9.256318e+00,8.120941e+00,6.960710e+00,-5.425085e+00,-1.668012e+01,-7.624062e+00,1.519253e-01,5.405133e-01,-8.857175e+00,2.410903e+00,8.377820e+00,-5.353352e+00,3.082502e-02,0,5.482805e-01,-1.128771e-04,5.944597e-01,-7.392600e-01,1.261017e+00,1.060361e+00,9.099364e-01,1.421450e+00,-6.893052e-02,1.047949e+00,-1.597073e+00,1.254643e+00,1.855740e-01,-1.210161e+00,3.022061e-03,0,-9.903735e-03
2.426956e-03,-7.995588e+00,6.511250e+00,8.263724e+00,-3.616024e+00,-1.500561e+01,-6.545105e+00,1.678754e-01,2.422030e+00,-1.268266e+01,5.074783e+00,8.531524e+00,-6.325909e+00,3.414929e-02,0,5.408861e-01,-2.929604e-04,9.239321e-01,-6.743907e-01,1.572841e+00,1.877992e+00,1.611876e+00,1.026924e+00,1.015738e+00,9.111639e-01,-1.834481e+00,9.248096e-01,-9.929705e-02,-4.066877e-02,-3.022086e-05,0,-8.349771e-03
2.047686e-03,-6.847591e+00,5.876081e+00,9.854419e+00,-1.813648e+00,-1.337081e+01,-6.493982e+00,1.846364e+00,2.762689e+00,-1.419918e+01,5.283888e+00,8.653633e+00,-6.497290e+00,3.294047e-02,0,5.292991e-01,-3.897685e-04,6.113101e-01,-1.791687e-01,1.483897e+00,2.371800e+00,2.189746e+00,1.063344e+00,1.858720e+00,5.538557e-01,-3.078394e-01,-7.747059e-02,-7.129278e-02,1.269159e+00,-3.747356e-03,0,-3.909421e-02
1.575315e-03,-6.174825e+00,6.090734e+00,1.241626e+01,1.441121e+00,-1.112180e+01,-5.432639e+00,5.546503e+00,2.895034e+00,-1.441960e+01,4.591972e+00,7.945709e+00,-3.183969e+00,2.266546e-02,0,5.330396e-01,-3.813040e-04,-1.335330e-01,3.819845e-01,7.177635e-01,2.337071e+00,2.852940e+00,1.801919e+00,1.623762e+00,3.957103e-01,1.936042e+00,-4.658897e-01,-2.498522e-02,2.777273e+00,-4.835297e-03,0,-8.932551e-02
1.171366e-03,-7.110149e+00,7.435356e+00,1.230393e+01,3.905344e+00,-7.673294e+00,-2.863573e+00,6.756211e+00,3.073290e+00,-9.527901e+00,2.264955e+00,8.314263e+00,-5.785277e-01,1.783016e-02,0,3.567327e-01,-2.971189e-04,-8.113344e-01,4.041613e-01,-9.152029e-01,1.554484e+00,3.304890e+00,2.232204e+00,3.563642e-01,5.761085e-01,3.343746e+00,4.128122e-03,4.063473e-02,2.976969e+00,1.359928e-03,0,-1.411096e-01
9.585966e-04,-8.531974e+00,7.641535e+00,1.062779e+01,5.209836e+00,-3.589673e+00,6.492866e-01,5.831762e+00,4.245281e+00,-5.338092e+00,4.254801e+00,8.576283e+00,4.601073e+00,1.752795e-02,0,1.805417e-01,-1.763640e-04,-1.195507e+00,-2.637243e-03,-2.651309e+00,2.824225e-01,2.450245e+00,1.346777e+00,-1.274521e+00,1.466208e-01,3.131031e+00,3.374107e-01,-2.280151e-01,1.989733e+00,1.453612e-02,0,-1.422812e-01
8.704513e-04,-9.725689e+00,7.121487e+00,6.172640e+00,4.074413e+00,-6.124254e-01,1.626077e+00,3.485556e+00,4.968108e+00,-2.021208e+00,5.473114e+00,8.541520e+00,4.495035e+00,4.230886e-02,0,0,-7.953940e-05,-1.173211e+00,-5.748746e-01,-3.217919e+00,-4.226774e-01,1.015271e+00,-3.630078e-02,-1.978562e+00,-6.899384e-01,1.379114e+00,5.375590e-02,-7.067927e-01,4.558187e-01,3.006951e-02,0,-8.940072e-02
8.439524e-04,-1.084459e+01,6.234482e+00,2.225355e+00,2.768699e+00,-2.401010e+00,-9.435763e-01,8.092262e-01,2.680729e+00,-2.517792e+00,4.674946e+00,6.692005e+00,4.227915e+00,8.310668e-02,0,0,-2.540224e-05,-1.025594e+00,-8.462934e-01,-2.802378e+00,-5.876495e-01,-4.088497e-01,-1.070739e+00,-1.613403e+00,-1.838856e+00,4.472501e-02,-7.662365e-01,-6.602252e-01,-5.545149e-01,3.807797e-02,0,-3.610835e-02
8.309910e-04,-1.181990e+01,5.264509e+00,4.155492e-01,3.012525e+00,-3.191268e+00,-2.248645e+00,-6.253300e-01,4.058742e-01,-4.042482e+00,2.323662e+00,5.722438e+00,1.887145e+00,1.353883e-01,0,0,-7.480063e-06,-7.990724e-01,-6.877418e-01,-1.438240e+00,-9.384763e-02,-3.012958e-01,-1.032169e+00,-8.599896e-01,-2.184908e+00,-4.410661e-01,-5.765032e-01,-4.255846e-01,-5.048059e-01,3.200363e-02,0,0
8.513156e-04,-1.261284e+01,4.338557e+00,-5.055554e-01,2.802532e+00,-4.344500e+00,-2.767046e+00,-1.798097e-01,-2.667882e+00,-4.103830e+00,1.998345e+00,6.684698e+00,3.132444e+00,1.613781e-01,0,0,-5.797559e-06,-5.917425e-01,-3.897675e-01,-6.014696e-01,-7.385149e-02,4.531620e-01,-4.386585e-01,-4.986921e-01,-1.443802e+00,2.181946e-01,4.935817e-01,-3.236629e-01,-5.280973e-01,1.831369e-02,0,0
8.293694e-04,-1.283693e+01,4.630741e+00,3.468970e-01,3.588259e+00,-1.147159e+00,-2.623032e+00,-3.198749e-01,-3.282128e+00,-3.433519e+00,3.928899e+00,6.417251e+00,2.518741e+00,1.631913e-01,0,0,-1.083544e-05,-4.749058e-01,-9.398289e-02,-3.564438e-01,-2.311958e-01,7.824942e-01,-2.103442e-01,-6.425920e-01,-1.220700e-01,9.848465e-01,1.388639e+00,-1.080928e+00,-6.581406e-01,3.807798e-03,0,0
8.157754e-04,-1.329479e+01,4.602529e+00,-7.476667e-01,2.111575e+00,-1.157255e+00,-2.949676e+00,-1.836962e+00,-2.694281e+00,-1.731300e+00,6.340236e+00,4.726284e+00,1.271630e+00,1.607736e-01,0,0,-1.269266e-05,-3.414879e-01,-3.070879e-02,-4.234251e-01,-1.915206e-01,6.495069e-01,4.249469e-01,-8.465918e-01,9.766124e-01,1.414568e+00,7.828504e-01,-1.735426e+00,-1.164355e+00,-1.390150e-03,0,0
7.945839e-04,-1.385345e+01,4.662609e+00,-1.245614e+00,2.202024e+00,-8.724197e-01,-3.209051e+00,-3.009714e+00,-1.912761e-01,-3.045146e-01,7.095909e+00,1.297007e+00,-4.731518e-01,1.547295e-01,0,0,-7.118319e-06,-1.965431e-01,-2.595188e-01,-7.117793e-01,-2.563200e-01,1.232921e-01,8.023009e-01,-5.442204e-01,1.227119e+00,1.317519e+00,-9.604511e-01,-1.749677e+00,-1.302590e+00,-4.563315e-03,0,0
8.052451e-04,-1.381202e+01,4.169079e+00,-1.826425e+00,2.538047e+00,-1.234335e+00,-3.493016e-01,-3.067849e+00,6.697542e-01,1.404509e+00,4.329092e+00,5.676920e-01,-1.193384e+00,1.586582e-01,0,0,-1.049915e-06,4.559002e-02,-3.844599e-01,-2.770383e-01,1.302814e-01,-9.852850e-02,1.180878e+00,1.904238e-01,7.396712e-01,7.123783e-01,-2.320044e+00,-8.723606e-01,-8.611215e-01,-2.598977e-03,0,0
7.990429e-04,-1.356103e+01,3.549872e+00,-2.672620e+00,2.093423e+00,-4.921589e-01,8.828557e-02,-2.425533e+00,1.171451e+00,1.586173e+00,1.322150e-01,-2.518394e-01,-2.761703e+00,1.414324e-01,0,0,1.766346e-06,7.703181e-02,-5.109497e-01,3.018615e-02,9.169011e-02,-2.802889e-01,9.404847e-01,7.163906e-01,-1.127504e-01,-5.456740e-02,-2.050500e+00,-6.864796e-02,9.434208e-02,3.263821e-03,0,0
8.082963e-04,-1.321305e+01,3.236598e+00,-1.419355e+00,2.817282e+00,-1.840028e+00,1.306047e+00,-1.176933e+00,3.227111e-01,8.852475e-01,-1.778136e+00,1.138904e+00,-1.889702e+00,1.544273e-01,0,0,5.001551e-07,-2.358685e-02,-2.213393e-01,4.535604e-01,1.030413e-01,-2.949118e-01,6.235107e-01,8.887748e-01,-5.183042e-01,-6.311188e-01,-8.513958e-01,3.137005e-01,1.481713e+00,1.520096e-02,0,0
8.018900e-04,-1.376778e+01,2.574100e+00,-1.298219e+00,2.520857e+00,-1.971018e+00,6.656983e-01,-3.732190e-01,-5.815063e-01,-3.177208e-01,-1.029782e-01,6.681609e-01,3.467177e-01,1.731641e-01,0,0,4.270056e-07,-1.378465e-01,8.978700e-03,3.727351e-01,2.415343e-01,2.262622e-01,5.091635e-01,5.319449e-01,-6.435452e-01,-7.516225e-01,1.801024e-01,4.836602e-01,2.220028e+00,2.553642e-02,0,0
8.063223e-04,-1.382658e+01,3.550268e+00,-2.458241e-01,2.839536e+00,-1.969465e+00,2.479546e+00,3.498676e-01,-1.045288e+00,-7.991380e-01,1.897093e-01,1.676194e+00,4.660972e+00,2.187972e-01,0,0,3.033720e-05,1.673925e-01,-5.839543e-01,-1.984207e-01,5.336649e-02,8.404232e-01,1.804076e-01,1.521853e-01,8.578001e-01,-5.530624e-01,6.980801e-01,3.766176e-01,1.521343e+00,1.985495e-02,0,4.172814e-02
8.021650e-04,-1.394350e+01,3.437930e+00,-1.395710e+00,3.289968e+00,7.038708e-01,2.047354e+00,-5.292090e-01,-1.362275e+00,-1.329747e+00,4.880425e-02,1.897816e+00,5.063100e+00,2.369296e-01,0,0,1.023631e-04,7.984975e-01,-1.613271e+00,-5.513420e-01,3.084034e-01,9.398588e-01,-5.697278e-01,-4.473991e-01,2.550116e+00,-4.950015e-01,5.946653e-01,5.224557e-01,-2.290431e-01,-8.461714e-04,0,1.010447e-01
9.598449e-04,-1.228823e+01,-1.150881e-01,-2.362713e+00,2.699559e+00,1.024644e+00,1.517257e+00,-3.380118e-01,5.002096e+00,-1.374051e+00,1.636373e+00,2.407164e+00,3.358823e+00,2.218193e-01,0,2.086407e-01,2.009485e-04,8.088539e-01,-2.005119e+00,-2.461423e-01,3.086483e-01,3.261465e-01,-1.327183e+00,-1.200444e+00,4.163310e+00,-1.139171e+00,8.614113e-01,1.056274e+00,-2.200032e+00,-2.828649e-02,0,1.202710e-01
1.236944e-03,-1.054446e+01,-3.659578e+00,-2.996484e+00,4.132862e+00,1.231222e+00,-1.701796e+00,-2.266275e+00,9.145381e+00,-2.505272e+00,2.147016e+00,2.914954e+00,-1.474230e-01,1.674222e-01,0,4.009032e-01,2.233012e-04,3.737240e-02,-9.658273e-01,7.247079e-01,2.149338e-01,-4.596472e-01,-1.069470e+00,-1.885627e+00,4.249673e+00,-1.755286e+00,3.990177e-01,1.591380e+00,-2.455607e+00,-4.034451e-02,0,5.767876e-02
1.593675e-03,-1.148182e+01,-2.926571e+00,-6.761487e-01,3.961330e+00,-6.024073e-01,-2.281793e+00,-4.783820e+00,1.451743e+01,-5.907232e+00,3.447660e+00,6.448995e+00,-3.733926e+00,1.121185e-01,0,4.009032e-01,1.313469e-04,-8.288717e-01,4.774420e-01,1.363212e+00,2.956914e-01,-5.817404e-01,-3.428650e-02,-1.534489e+00,2.798861e+00,-1.218801e+00,4.580742e-01,1.731203e+00,-1.307685e+00,-3.644606e-02,0,-6.259221e-02
1.601756e-03,-1.415984e+01,1.453485e-02,1.384547e+00,3.733752e+00,-7.808397e-01,-1.400470e+00,-7.734442e+00,1.512842e+01,-7.839584e+00,1.138250e+00,7.833803e+00,-3.668560e+00,9.005743e-02,0,1.922625e-01,-4.120084e-05,-7.082874e-01,9.157289e-01,1.519782e+00,2.782760e-02,-6.687408e-01,6.652107e-01,-4.986382e-01,1.130837e+00,8.261786e-01,6.023302e-01,6.366451e-01,3.151521e-01,-2.302811e-02,0,-1.202710e-01
1.434173e-03,-1.462490e+01,4.350657e-01,2.262834e+00,4.377572e+00,-8.780273e-01,1.195162e+00,-5.276375e+00,1.600488e+01,-4.800903e+00,4.431128e+00,8.603757e+00,-1.419031e+00,7.827138e-02,0,0,-1.652434e-04,6.954136e-01,3.944862e-01,9.481332e-01,2.327610e-01,-1.109584e+00,-2.277738e-02,8.996276e-01,-9.712075e-01,2.671478e+00,7.672968e-01,-7.302229e-01,1.232675e+00,-1.592627e-02,0,-9.940690e-02
1.110691e-03,-1.251436e+01,-7.617510e-01,3.132935e+00,4.063879e+00,-1.974672e+00,-1.142199e-01,-4.513188e+00,1.405584e+01,1.072456e+00,4.666934e+00,5.020799e+00,2.708905e-01,6.920519e-02,0,0,-1.542844e-04,2.041466e+00,-3.448730e-02,4.968994e-01,2.437464e-01,-2.222625e+00,-1.659096e+00,1.617108e+00,-2.237131e+00,2.340957e+00,7.434484e-01,-1.545381e+00,5.017989e-01,-1.508009e-02,0,-7.779330e-04
1.012991e-03,-8.827493e+00,-5.659965e-01,3.190324e+00,4.960072e+00,-5.553411e+00,-3.038805e+00,-1.896309e+00,1.019768e+01,2.994138e+00,5.519802e+00,4.204382e+00,4.597256e-01,4.291327e-02,0,0,-7.227979e-05,2.536151e+00,-1.281482e-01,-3.315269e-01,3.746622e-01,-2.520898e+00,-2.821704e+00,1.335509e+00,-2.823863e+00,6.405953e-01,-3.780556e-02,-1.904556e+00,-6.427894e-01,-1.009368e-02,0,8.811865e-02
1.040925e-03,-6.851206e+00,3.426295e-01,3.405299e+00,4.661233e+00,-9.556272e+00,-7.578968e+00,-1.338936e+00,6.846366e+00,-3.231875e-02,4.311155e+00,2.306587e+00,-2.098944e+00,3.233605e-02,0,1.883729e-01,8.260889e-06,1.921483e+00,-7.452093e-02,-1.128616e+00,3.727763e-01,-1.618410e+00,-2.663319e+00,1.117327e+00,-2.069725e+00,-3.649803e-01,-5.022869e-02,-1.896860e+00,-1.561836e+00,1.118163e-03,0,1.039220e-01
1.107657e-03,-4.775723e+00,-7.578655e-01,4.690171e-01,5.952206e+00,-9.691720e+00,-9.180984e+00,-1.859564e-01,5.490304e+00,-1.045539e+00,4.419989e+00,4.380841e-01,-3.448061e+00,4.623753e-02,0,3.464068e-01,2.038485e-05,8.492366e-01,-6.580750e-02,-1.501100e+00,-2.556193e-01,1.955706e-01,-1.770883e+00,7.402023e-01,-3.468971e-01,4.426465e-01,-5.837817e-02,-2.415162e+00,-1.924783e+00,1.375038e-02,0,8.213364e-02
1.104662e-03,-4.932833e+00,-1.038421e+00,-1.149491e+00,5.431694e+00,-7.997568e+00,-1.035972e+01,2.182734e-01,6.060909e+00,1.267393e+00,4.965696e+00,-2.580350e+00,-5.584397e+00,7.313388e-02,0,3.464068e-01,-2.318597e-06,-1.096177e-02,8.791570e-02,-1.264117e+00,-9.653519e-01,1.535994e+00,-4.796106e-01,8.619081e-01,8.372156e-01,1.846024e+00,-4.553838e-02,-2.670023e+00,-2.277500e+00,1.278332e-02,0,3.002980e-02
1.083046e-03,-5.540496e+00,-2.045087e-01,-2.037783e+00,3.296745e+00,-5.354910e+00,-1.050284e+01,1.026098e+00,8.855926e+00,4.557515e+00,4.900640e+00,-5.427959e+00,-7.421463e+00,9.126624e-02,0,3.316512e-01,-2.690897e-05,-5.707680e-01,4.645263e-01,-5.362564e-01,-1.518714e+00,1.760004e+00,6.594049e-01,1.036175e+00,1.106234e+00,1.909049e+00,-3.096374e-01,-2.270361e+00,-2.303513e+00,-6.648526e-04,0,-1.521438e-04
1.041638e-03,-6.523628e+00,5.055296e-01,-1.661883e+00,1.162204e+00,-4.044709e+00,-9.316093e+00,2.364578e+00,9.349633e+00,6.396274e+00,3.843138e+00,-8.110507e+00,-1.149974e+01,7.373829e-02,0,3.458997e-01,-3.782227e-05,-5.550565e-01,4.657846e-01,-1.096338e-01,-1.120981e+00,1.691553e+00,2.185047e+00,1.109276e+00,4.927706e-01,9.542577e-01,-2.351181e-01,-1.277139e+00,-1.665383e+00,-1.362950e-02,0,-3.340005e-02
1.004625e-03,-6.834165e+00,7.927907e-01,-1.956069e+00,4.933796e-01,-2.868128e+00,-6.405776e+00,3.921764e+00,9.377111e+00,5.935266e+00,3.433081e+00,-8.148641e+00,-1.200795e+01,4.261106e-02,0,3.458997e-01,-3.787013e-05,-6.006963e-01,2.435954e-01,-6.155002e-02,-2.898277e-01,1.854365e+00,3.209020e+00,8.823158e-01,-2.925157e-01,-1.347392e-01,9.393899e-02,3.904048e-01,-1.524436e-01,-1.477788e-02,0,-8.369197e-02
9.547616e-04,-7.061281e+00,7.918525e-01,-1.738517e+00,1.228473e+00,-7.831927e-01,-1.483024e+00,4.316819e+00,8.264169e+00,5.349806e+00,4.523885e+00,-7.605704e+00,-1.161807e+01,2.931399e-02,0,1.722824e-01,-2.812014e-05,-7.459903e-01,6.019791e-02,-1.296735e-01,5.831031e-01,2.520364e+00,3.444576e+00,4.999294e-01,-6.488954e-01,-5.930039e-01,5.192007e-01,1.499691e+00,1.348245e+00,-2.296767e-03,0,-1.037699e-01
9.371339e-04,-8.275151e+00,8.703069e-01,-2.307216e+00,1.814472e+00,2.286156e+00,1.625726e+00,4.461557e+00,7.936080e+00,4.407053e+00,5.029961e+00,-3.728337e+00,-8.124519e+00,3.958900e-02,0,0,-2.084078e-05,-1.058084e+00,8.346604e-02,-1.452248e-01,7.778010e-01,2.504834e+00,2.751143e+00,6.881952e-02,-1.340560e+00,-4.175518e-01,2.608688e-01,1.926322e+00,2.027484e+00,1.208824e-02,0,-8.640817e-02
9.347824e-04,-9.533087e+00,7.677611e-01,-2.134677e+00,3.417173e+00,5.979968e+00,3.891035e+00,4.594328e+00,6.825672e+00,4.195361e+00,5.640701e+00,-2.822204e+00,-6.700233e+00,6.376549e-02,0,0,-1.470103e-05,-1.069722e+00,6.747876e-02,-5.147687e-01,5.073498e-01,1.840132e+00,2.002367e+00,-2.462702e-02,-1.664921e+00,2.363467e-02,-3.997815e-01,1.236246e+00,2.030603e+00,1.858568e-02,0,-3.445647e-02
9.104104e-04,-1.088868e+01,1.222167e+00,-2.484113e+00,3.288034e+00,6.274463e+00,4.662908e+00,4.127107e+00,3.393558e+00,4.424729e+00,4.179018e+00,-9.087802e-01,-4.329448e+00,8.582654e-02,0,0,-1.133364e-05,-6.975571e-01,1.213124e-01,-6.519068e-01,-9.904027e-03,6.620511e-01,1.401391e+00,-3.132381e-01,-1.856557e+00,2.887583e-01,-1.195582e+00,2.483294e-02,1.509832e+00,1.568450e-02,0,0
8.946182e-04,-1.110313e+01,9.533165e-01,-4.223913e+00,3.028440e+00,6.423317e+00,7.010222e+00,4.360909e+00,2.210825e+00,5.459141e+00,2.950450e+00,-2.834252e+00,-3.362587e+00,9.912360e-02,0,0,-1.657524e-05,-4.118720e-01,1.455316e-01,-5.898782e-01,-3.581819e-01,1.090226e-01,9.760823e-01,-6.300408e-01,-1.041703e+00,2.544255e-02,-1.651480e+00,-5.358988e-01,1.222082e+00,4.412210e-03,0,0
9.005478e-04,-1.097792e+01,1.384091e+00,-4.522132e+00,1.959318e+00,5.374737e+00,7.073088e+00,3.012077e+00,9.607201e-01,5.218954e+00,3.971793e-01,-3.598148e+00,-2.244180e+00,1.003324e-01,0,0,-1.884375e-05,-3.358827e-01,1.585756e-01,-1.541736e-01,-2.032362e-01,3.433341e-01,8.639538e-01,-4.826025e-01,-1.293656e-01,-9.248286e-01,-1.008456e+00,-5.052575e-01,8.538262e-01,-2.236328e-03,0,0
8.568375e-04,-1.154783e+01,1.414457e+00,-4.065058e+00,2.290622e+00,6.974944e+00,7.566357e+00,2.001639e+00,2.833578e+00,3.925462e+00,-7.257791e-01,-4.157014e+00,-1.632457e+00,7.857359e-02,0,0,-2.100252e-05,-5.140451e-01,-5.052169e-02,1.008981e-01,-3.223230e-02,3.267524e-01,4.097095e-01,-2.569230e-01,2.898684e-01,-1.141235e+00,1.897154e-01,1.312861e-01,6.928293e-01,6.346315e-04,0,0
8.350820e-04,-1.234574e+01,1.784474e+00,-3.334408e+00,2.640763e+00,7.715321e+00,8.704609e+00,2.893729e+00,2.435353e+00,5.674257e-01,9.748538e-01,-2.773687e+00,-9.253817e-01,8.491991e-02,0,0,-1.667400e-05,-5.422640e-01,-2.192355e-01,-1.548400e-01,8.925073e-02,-2.825136e-01,2.355709e-02,-7.158613e-02,-9.146459e-02,-7.886174e-01,1.141406e+00,5.690798e-01,2.800554e-01,1.118162e-02,0,0
8.223385e-04,-1.298944e+01,5.005165e-01,-4.313284e+00,2.526557e+00,6.886787e+00,8.243009e+00,3.135468e+00,2.922851e+00,2.078732e+00,3.610189e+00,-2.590053e+00,-5.578400e-01,1.100030e-01,0,0,-1.746375e-06,-3.365135e-01,-1.668968e-01,-6.318276e-02,-8.999181e-03,-1.183178e+00,-6.641490e-01,-2.753239e-02,-3.075303e-01,9.907749e-02,9.890479e-01,5.407745e-01,2.763901e-01,1.480810e-02,0,0
8.344273e-04,-1.296843e+01,7.448840e-01,-5.172219e+00,2.287604e+00,4.006248e+00,6.852547e+00,2.087232e+00,4.587611e-01,2.199232e+00,3.936227e+00,-1.536230e+00,-1.381212e+00,1.405258e-01,0,0,5.050306e-06,-2.075645e-01,2.484128e-01,4.610827e-01,1.363843e-01,-1.489487e+00,-9.437448e-01,1.341755e-02,3.333237e-01,3.328760e-01,-4.309860e-01,4.098713e-01,1.297548e-01,5.772138e-03,0,0
8.484330e-04,-1.291905e+01,1.099768e+00,-3.462066e+00,2.422205e+00,2.913589e+00,5.171642e+00,2.267226e+00,2.284223e+00,3.604946e+00,2.738774e+00,-2.071870e+00,-2.259151e-02,1.248111e-01,0,0,8.573552e-06,-3.752569e-01,5.241694e-01,9.215082e-01,1.451525e-01,-9.929984e-01,-5.091501e-01,7.871396e-01,1.065613e+00,-2.826546e-01,-1.492955e+00,1.414969e-01,1.537414e-01,-1.601691e-03,0,0
8.472863e-04,-1.341876e+01,2.726912e+00,-1.454604e+00,3.374860e+00,2.254483e+00,5.521568e+00,3.394938e+00,4.421285e+00,1.468699e+00,-7.443688e-01,-9.834220e-01,-5.442321e-01,1.063766e-01,0,0,4.489505e-06,-6.139871e-01,4.890386e-01,6.462537e-01,6.078551e-02,-3.916890e-01,-2.783236e-01,8.717031e-01,1.223353e+00,-4.787415e-01,-1.596236e+00,-1.950357e-01,-4.443517e-02,-9.972788e-04,0,0
8.587768e-04,-1.464056e+01,2.130349e+00,-1.564551e+00,2.708692e+00,2.797678e+00,6.362747e+00,6.417313e+00,6.269655e+00,1.030726e+00,-1.514287e+00,-2.158972e+00,-2.076230e-01,1.190692e-01,0,0,2.188748e-06,-6.379385e-01,4.097912e-01,-1.056836e-01,-2.295196e-01,-1.720735e-01,-2.951201e-01,1.970471e-01,-1.002833e-01,-7.428756e-01,-4.350330e-01,3.305359e-01,-1.055026e-01,2.175888e-03,0,0
8.517029e-04,-1.517762e+01,2.674786e+00,-2.889709e+00,2.448289e+00,2.105758e+00,4.865377e+00,4.370705e+00,4.582812e+00,1.092635e+00,-1.918425e+00,-2.467857e+00,-1.510872e+00,1.384104e-01,0,0,1.361361e-07,-2.713442e-01,4.747966e-01,-4.870192e-01,-4.617279e-01,4.982369e-02,-3.648129e-01,-9.871643e-01,-9.587938e-01,-2.698468e-01,5.175157e-01,5.164723e-01,2.178000e-01,-6.648541e-04,0,0
8.571684e-04,-1.522932e+01,3.174787e+00,-3.272932e+00,1.737893e+00,2.127584e+00,4.024137e+00,2.764578e+00,1.702043e+00,7.859993e-02,1.150637e+00,3.230268e-01,-6.678454e-02,1.196736e-01,0,0,-4.790817e-06,3.999824e-02,6.441725e-01,-3.318882e-02,-1.940430e-01,-9.090817e-02,-1.998733e-01,-1.637849e+00,-1.173865e+00,-1.296317e-01,1.013804e+00,1.517843e+00,4.939160e-01,-5.923239e-03,0,0
8.487711e-04,-1.448110e+01,4.578677e+00,-3.035509e+00,1.551620e+00,2.838648e+00,4.866808e+00,2.854830e-01,1.911122e+00,5.955276e-01,5.107474e-01,3.579400e-01,4.743488e-01,1.027501e-01,0,0,-7.529464e-06,1.417894e-01,4.268185e-01,7.569802e-01,1.365578e-01,-5.387547e-02,-1.545343e-02,-1.213326e+00,-1.061432e-01,6.670101e-01,1.360138e+00,1.442601e+00,3.562991e-01,-7.555120e-04,0,0
8.362886e-04,-1.478883e+01,4.399267e+00,-1.657595e+00,2.186811e+00,1.976692e+00,5.362665e+00,2.706774e-01,1.736174e+00,6.311207e-01,2.340148e+00,4.017347e+00,1.269347e+00,1.072832e-01,0,0,-1.182875e-05,3.718376e-03,4.302359e-03,1.335784e+00,7.588134e-01,-2.098773e-01,-3.169421e-01,-5.818394e-01,6.657333e-01,1.348336e+00,1.711567e+00,1.433909e+00,6.057639e-02,8.522212e-03,0,0
8.244955e-04,-1.468891e+01,4.196639e+00,8.752386e-02,2.906619e+00,1.911827e+00,4.118846e+00,-4.489738e-01,4.035031e+00,4.151425e+00,4.287511e+00,2.897987e+00,-3.974424e-01,1.408281e-01,0,0,-1.324582e-05,1.784945e-02,-2.656974e-01,1.271958e+00,6.637076e-01,-3.065577e-01,-1.107862e+00,-4.667017e-01,7.653786e-01,1.361730e+00,1.899210e+00,8.990737e-01,-7.321137e-02,1.145361e-02,0,0
8.101625e-04,-1.510682e+01,3.387318e+00,1.844470e+00,4.854460e+00,1.541608e+00,2.813408e+00,2.226092e-01,3.968755e+00,5.042333e+00,7.820091e+00,6.222549e+00,6.719930e-01,1.432457e-01,0,0,-9.554979e-06,1.376750e-01,-2.345239e-01,4.388631e-01,-2.952666e-02,-2.088916e-01,-1.244019e+00,-4.640549e-01,2.971710e-01,4.394905e-01,6.930398e-01,-2.142893e-01,1.052306e-01,5.681473e-03,0,0
7.956051e-04,-1.423286e+01,3.756164e+00,1.573247e+00,3.536333e+00,1.523402e+00,6.021279e-01,-2.023991e+00,4.621724e+00,5.198570e+00,7.266824e+00,3.750707e+00,4.069688e-01,1.420369e-01,0,0,-2.380868e-06,1.392100e-01,-5.867133e-02,-2.346795e-01,-6.186813e-01,-1.246943e-01,-9.580757e-01,-1.221764e-01,-2.888203e-02,-6.230764e-01,-7.996084e-01,-1.027680e+00,2.660435e-01,2.508308e-03,0,0
8.029589e-04,-1.432848e+01,3.446884e+00,-2.061406e-01,1.724321e+00,1.126447e+00,9.009287e-01,-1.262088e+00,2.928682e+00,2.305001e+00,4.315691e+00,2.519540e+00,1.393294e+00,1.350861e-01,0,0,7.647404e-06,-9.853039e-02,-1.590387e-01,-6.149295e-01,-6.315368e-01,4.890227e-03,-5.293119e-01,5.275446e-01,-2.185556e-01,-1.130143e+00,-1.985192e+00,-2.044226e+00,-6.831262e-02,9.096402e-03,0,0
8.161929e-04,-1.438203e+01,3.873499e+00,-6.056845e-02,1.378282e+00,1.495936e+00,2.847072e-01,-3.175071e-01,4.410657e+00,2.404709e+00,2.041670e+00,-3.889106e-01,5.721245e-01,1.574494e-01,0,0,1.036900e-05,-3.326973e-01,-3.780820e-01,-4.819116e-01,1.400735e-01,2.249019e-01,4.150861e-01,1.579005e+00,-1.087784e-01,-7.462798e-01,-1.783305e+00,-1.808824e+00,-3.444982e-01,1.934119e-02,0,0
8.381056e-04,-1.552488e+01,2.533457e+00,-4.132698e-01,2.775802e+00,1.579792e+00,3.255589e-01,2.007090e+00,2.981510e+00,7.885499e-01,5.067099e-01,-1.928773e+00,2.478520e-01,1.810215e-01,0,0,9.094952e-06,-2.834467e-01,-3.312588e-01,-3.541553e-01,5.050606e-01,3.508433e-01,1.111424e+00,1.422325e+00,-1.592076e-01,-3.387383e-01,-7.729586e-01,-9.243511e-01,-5.507257e-01,2.589906e-02,0,0
8.298768e-04,-1.529814e+01,2.322468e+00,-7.327469e-01,3.710960e+00,2.421239e+00,2.965243e+00,4.236445e+00,4.051417e+00,2.225396e+00,2.547885e-01,-3.069255e+00,-7.428008e-01,2.157752e-01,0,0,4.813133e-06,-6.552782e-02,-2.953289e-02,-4.659761e-01,3.553373e-01,3.746640e-01,1.777989e+00,1.044707e+00,-2.247608e-01,-4.454447e-01,-1.879781e-01,4.544086e-01,-1.490040e-01,1.885766e-02,0,0
8.415917e-04,-1.528766e+01,2.566105e+00,-1.640828e+00,3.083285e+00,2.418012e+00,5.117783e+00,3.572563e+00,2.312264e+00,7.009653e-01,1.344338e+00,-7.620432e-01,-7.028716e-01,2.354186e-01,0,0,2.770207e-06,1.073692e-01,2.901859e-01,-2.658139e-01,7.341433e-02,-2.039194e-04,1.075231e+00,1.533897e-01,-2.702308e-03,-7.582824e-01,2.487604e-01,1.509549e+00,-1.170535e-01,2.689633e-03,0,0
8.385155e-04,-1.482829e+01,3.709510e+00,-1.776670e+00,3.001227e+00,2.950146e+00,6.778540e+00,4.123291e+00,3.621476e+00,2.212775e-01,6.829649e-01,1.299768e+00,3.024666e-01,2.245391e-01,0,0,1.045089e-06,-1.062346e-02,2.411759e-02,-5.484045e-03,1.011507e-01,8.652691e-02,1.433474e-01,-1.474625e-01,-1.477689e-01,-1.194884e+00,9.810000e-02,1.583120e+00,9.325267e-02,-2.260502e-02,0,0
8.476372e-04,-1.522296e+01,3.290866e+00,-1.220378e+00,3.497740e+00,1.314319e+00,3.795067e+00,2.830615e+00,3.182969e+00,-2.000803e+00,1.536424e+00,3.434462e+00,-8.600489e-01,1.900876e-01,0,0,2.546981e-06,-8.021641e-02,-3.034730e-01,3.707390e-01,1.170338e-01,1.350736e-01,-6.195381e-01,-5.646603e-02,-2.949868e-01,-6.680937e-01,2.314038e-02,1.066684e+00,1.517191e-01,-3.705047e-02,0,0
8.320795e-04,-1.538361e+01,2.080676e+00,-9.703920e-01,4.009486e+00,3.405720e+00,4.343338e+00,3.870107e+00,2.877220e+00,-2.398142e+00,6.492458e-01,2.748094e+00,-1.979488e-01,1.254155e-01,0,0,1.761934e-06,-2.002361e-01,-5.871425e-01,4.114208e-01,2.563275e-01,9.248365e-01,2.922745e-02,-2.041128e-02,-8.754761e-01,-2.414010e-01,-1.655611e-01,3.247425e-01,4.368543e-01,-3.454216e-02,0,0
8.575447e-04,-1.541108e+01,1.863158e+00,-1.902718e-01,3.164325e+00,2.865593e+00,3.237693e+00,3.416825e+00,1.209458e+00,-1.329793e+00,1.476900e+00,3.847212e+00,3.059317e-01,9.972801e-02,0,0,2.806017e-07,-1.317060e-01,-4.241215e-01,2.278097e-01,2.798430e-01,1.029398e+00,3.102141e-01,1.588306e-02,-7.228777e-01,6.405281e-01,3.064663e-02,-2.419067e-01,6.841695e-01,-1.220912e-02,0,0
8.423715e-04,-1.573541e+01,1.487651e+00,-2.346188e-01,4.449572e+00,6.798691e+00,7.203364e+00,3.728130e+00,2.308516e-01,-1.321232e+00,-1.150784e-01,2.717106e+00,1.903748e+00,9.700816e-02,0,0,-7.188530e-06,-1.721477e-01,-2.669545e-01,2.537242e-02,3.894641e-01,6.819291e-01,2.782513e-01,-2.209301e-02,-2.494232e-01,8.103102e-01,6.294978e-01,-2.528659e-01,4.916363e-01,1.668178e-02,0,0
8.438943e-04,-1.570559e+01,1.466771e+00,-4.492159e-01,4.676912e+00,4.764825e+00,3.916124e+00,2.981019e+00,8.917652e-01,6.633827e-01,2.071819e+00,2.240422e+00,1.509950e+00,1.432457e-01,0,0,-1.505665e-05,-1.471490e-01,-2.944516e-02,-5.073607e-03,3.259526e-01,-5.502920e-02,-2.510662e-01,-1.112928e-02,2.724755e-01,8.741228e-01,1.129197e+00,-5.063885e-01,2.708380e-01,3.257782e-02,0,0
8.029621e-04,-1.609709e+01,9.440970e-01,-7.140579e-01,5.200512e+00,5.865749e+00,5.395379e+00,3.977545e+00,1.788950e+00,6.568211e-01,3.499275e+00,2.287159e+00,1.658223e+00,1.870656e-01,0,0,-1.208466e-05,-6.642695e-02,1.639746e-01,1.105606e-02,1.034334e-01,-1.001737e+00,-8.819950e-01,-2.117462e-01,5.568137e-01,1.115534e+00,1.436546e+00,-3.363070e-01,-3.571541e-01,2.574795e-02,0,0
8.019661e-04,-1.596599e+01,1.987709e+00,2.407976e-02,4.418618e+00,3.056918e+00,2.886354e+00,3.236471e+00,1.792786e+00,2.051794e+00,5.315707e+00,1.530243e+00,1.782884e+00,2.175884e-01,0,0,-4.858937e-06,-4.474401e-02,2.304105e-01,-6.236044e-02,3.776276e-01,-9.142168e-01,-3.273204e-01,-4.381840e-01,4.509126e-02,4.951108e-01,8.658207e-01,-8.560432e-01,-7.383693e-01,-5.409493e-03,0,0
8.029123e-04,-1.593735e+01,2.047055e+00,-4.159863e-01,5.095886e+00,2.643957e+00,3.308274e+00,2.541673e+00,2.564410e+00,3.562234e+00,5.445709e+00,1.390660e+00,-1.848960e-02,1.885766e-01,0,0,8.388515e-06,8.262157e-03,6.170487e-02,-4.506807e-01,4.447511e-01,-1.059279e+00,6.145303e-02,-3.992776e-01,-2.007068e-01,4.464909e-01,8.942665e-01,-5.081140e-01,-6.684632e-01,-3.487458e-02,0,0
8.196245e-04,-1.600918e+01,2.067344e+00,-9.100539e-01,6.617363e+00,1.804637e+00,3.323075e+00,1.508035e+00,7.294918e-01,1.686230e+00,5.427705e+00,-1.591545e+00,-1.343540e+00,1.154427e-01,0,0,1.013033e-05,6.195545e-03,-1.955337e-01,-7.859029e-01,1.946068e-03,-6.041568e-01,1.104947e+00,-1.355394e-01,-7.666485e-01,-5.578800e-01,1.760110e-01,-1.106741e-01,-1.792959e-01,-4.113024e-02,0,0
8.360755e-04,-1.603418e+01,1.212804e+00,-2.500395e+00,6.324895e+00,1.195493e+00,5.484283e+00,2.845375e+00,1.317064e+00,3.072058e+00,7.914608e+00,1.307482e+00,-1.208809e-01,6.376549e-02,0,0,4.885282e-06,1.758575e-01,-9.328927e-02,-5.820684e-01,-9.809254e-01,-5.628253e-01,8.050283e-01,-1.810020e-01,-6.373358e-01,-8.103533e-01,-2.406298e-01,9.903210e-01,7.173501e-01,-1.523118e-02,0,0
8.360362e-04,-1.588659e+01,1.427166e+00,-2.863230e+00,3.813843e+00,7.603660e-01,7.323085e+00,2.406923e+00,-1.416783e+00,-4.925177e-01,4.961312e+00,1.018461e+00,9.376004e-01,7.434271e-02,0,0,-2.663070e-06,4.600282e-01,1.468395e-01,-2.232623e-01,-1.593956e+00,-1.534494e-01,3.820004e-02,-2.651935e-01,9.691259e-02,-4.939522e-01,-1.119214e+00,1.472600e+00,5.946020e-01,1.840435e-02,0,0
8.191328e-04,-1.511936e+01,1.900698e+00,-2.349740e+00,1.593019e+00,3.519661e-01,5.333410e+00,1.187219e+00,4.508681e-01,5.998414e-01,4.475757e+00,5.037262e+00,2.427691e+00,1.329707e-01,0,0,-4.088826e-06,4.645192e-01,3.720405e-01,5.020567e-01,-1.131584e+00,-1.126206e-02,-1.044832e+00,-3.735273e-01,4.088274e-01,-3.433126e-01,-1.717516e+00,6.333864e-01,2.950841e-01,3.372620e-02,0,0
8.147804e-04,-1.416645e+01,2.457595e+00,-2.101692e+00,1.013519e+00,1.459154e+00,3.589512e+00,1.011146e+00,1.647153e+00,4.525771e-01,1.551060e+00,3.906566e+00,3.551838e-01,1.728619e-01,0,0,-2.131751e-06,2.065815e-01,3.626861e-01,6.894711e-01,-1.877886e-01,2.733479e-01,-8.910422e-01,4.991965e-01,1.143445e+00,7.586067e-01,-1.292473e+00,-1.304827e-01,-1.713017e-01,2.121487e-02,0,0
8.262592e-04,-1.457165e+01,2.557792e+00,-3.708801e-01,2.067136e+00,7.897889e-01,2.126908e+00,1.675627e+00,1.829233e+00,8.829471e-01,1.032154e+00,3.030362e+00,1.645748e+00,1.831369e-01,0,0,-1.937803e-06,-2.427078e-01,3.756621e-02,4.605008e-01,2.621582e-01,3.407290e-01,-1.823635e-01,9.799833e-01,9.930504e-01,7.531158e-01,-8.964058e-01,-1.171184e+00,-2.187730e-01,-7.796916e-03,0,0
8.218142e-04,-1.512754e+01,2.912050e+00,-4.053054e-01,2.637842e+00,1.908194e+00,4.471125e+00,4.658702e+00,3.611259e+00,3.158963e+00,2.207499e-01,1.369498e+00,4.720633e-01,1.553339e-01,0,0,-5.555258e-06,-4.378403e-01,-2.996803e-01,-7.767660e-03,4.896052e-02,9.895255e-02,5.203915e-01,1.228129e+00,1.327825e+00,9.438711e-01,6.865818e-02,-9.881982e-01,4.408309e-02,-2.502266e-02,0,0
8.059269e-04,-1.585235e+01,1.861301e+00,-8.954299e-01,2.091648e+00,1.831091e+00,3.980786e+00,4.263358e+00,4.434067e+00,3.012227e+00,6.588829e-01,4.498787e-01,1.275386e+00,1.027501e-01,0,0,-4.857720e-06,-2.473800e-01,-5.235571e-01,-4.707190e-01,-4.551817e-01,4.118868e-02,6.135575e-01,7.574475e-01,1.277742e+00,4.935363e-01,7.551052e-01,-9.245640e-01,-3.070739e-01,-2.070112e-02,0,0
7.971703e-04,-1.571530e+01,1.307438e+00,-1.878256e+00,1.246065e+00,1.433265e+00,5.264530e+00,5.857927e+00,6.983861e+00,4.107293e+00,2.080986e+00,2.558170e-01,7.607800e-01,8.794198e-02,0,0,1.376757e-06,-6.960563e-02,-4.677347e-01,-1.629535e-01,-4.245280e-01,-1.738563e-01,5.589441e-01,2.133564e-01,7.277369e-01,2.870521e-01,1.396119e+00,-1.369046e-01,4.057308e-02,4.200664e-03,0,0
8.142926e-04,-1.551467e+01,7.423123e-01,-1.988000e+00,4.871155e-01,1.233197e+00,4.797993e+00,4.863252e+00,6.531643e+00,2.876464e+00,3.877562e+00,-1.035618e+00,-3.398001e-02,1.133273e-01,0,0,8.343765e-06,7.429733e-02,1.556780e-02,4.822258e-01,-2.813859e-02,1.570788e-01,1.026792e+00,-9.272828e-02,-3.973227e-01,-1.072187e-02,1.074598e+00,4.563811e-01,-1.486460e-01,2.722877e-02,0,0
8.245152e-04,-1.564441e+01,1.132870e+00,-6.737881e-01,1.317469e+00,1.337860e+00,6.857242e+00,5.425537e+00,6.201155e+00,4.662105e+00,5.592005e+00,1.427723e+00,1.329612e+00,1.710487e-01,0,0,1.059223e-05,6.122189e-02,2.943237e-01,8.699650e-01,2.246275e-01,2.075114e-01,1.014548e+00,-4.469061e-01,-1.769444e+00,-5.638031e-01,3.945079e-01,6.441644e-01,-2.459161e-01,2.828649e-02,0,0
8.339733e-04,-1.551631e+01,2.026424e+00,9.134653e-01,1.915254e+00,2.664187e+00,8.318391e+00,4.015912e+00,2.838806e+00,2.681212e+00,4.276363e+00,2.145831e+00,2.477404e-01,1.973406e-01,0,0,6.764510e-06,1.214828e-01,6.315307e-01,7.125036e-01,1.690508e-01,1.015673e-01,7.071210e-01,-5.313758e-01,-2.377467e+00,-1.487359e+00,-8.723145e-01,3.060161e-01,-7.940610e-02,1.190692e-02,0,0
8.402911e-04,-1.540837e+01,2.137001e+00,1.020836e+00,1.655134e+00,1.755327e+00,8.577069e+00,4.047067e+00,-1.694250e-02,1.385903e+00,3.854125e+00,1.885915e+00,-6.096604e-01,1.873678e-01,0,0,2.583821e-06,1.417759e-01,5.438617e-01,3.630758e-02,-7.859655e-02,-2.465134e-01,-3.181323e-01,-3.223084e-01,-1.380874e+00,-1.369366e+00,-8.611826e-01,-3.205906e-01,-1.263743e-02,-9.972801e-03,0,0
8.402272e-04,-1.502527e+01,3.397901e+00,7.272059e-01,1.163537e+00,1.532300e+00,7.473684e+00,2.895608e+00,-2.246641e+00,-2.922230e+00,3.849297e-01,2.653672e-01,5.386255e-01,1.647023e-01,0,0,-1.895672e-06,3.611851e-03,1.893122e-01,-5.549222e-01,1.872423e-01,-1.359669e-01,-7.345588e-01,3.475863e-01,7.802559e-01,-2.813395e-01,-4.815368e-01,-2.692918e-01,3.938366e-01,-1.743729e-02,0,0
8.343073e-04,-1.518105e+01,3.166441e+00,-3.991206e-01,1.300344e+00,6.712365e-01,5.688934e+00,4.374146e+00,1.839511e+00,6.169971e-01,3.231808e+00,7.650018e-01,1.120982e+00,1.375038e-01,0,0,-1.027132e-06,-1.686935e-01,-1.799622e-01,-6.556606e-01,4.463364e-01,3.074635e-01,-5.654948e-01,2.800162e-01,2.118163e+00,6.130516e-01,-1.178172e-01,-2.995012e-01,2.280337e-01,-9.247510e-03,0,0
8.274868e-04,-1.561192e+01,2.458265e+00,-1.151167e+00,3.028860e+00,2.526398e+00,6.089664e+00,5.590303e+00,5.811860e+00,1.658968e+00,2.179838e+00,1.359829e+00,1.351602e+00,1.350861e-01,0,0,2.396904e-06,-2.957129e-01,-6.100354e-01,-6.807335e-01,5.823731e-01,5.094285e-01,7.516336e-02,-1.656523e-02,1.881839e+00,6.872125e-01,-4.333181e-01,-3.505823e-01,-1.755934e-01,4.261106e-03,0,0
8.415256e-04,-1.595852e+01,1.707007e+00,-1.318280e+00,2.954154e+00,2.795595e+00,6.441605e+00,4.099801e+00,6.544624e+00,2.160562e+00,2.367585e+00,-1.588221e-01,1.240195e-01,1.559383e-01,0,0,4.830433e-06,-2.420025e-01,-4.206752e-01,-3.264987e-01,3.213838e-01,1.034635e-01,1.826138e-01,-8.864228e-01,-1.427037e-01,9.520247e-02,-8.400339e-01,-4.310884e-01,2.062674e-01,1.051677e-02,0,0
8.486026e-04,-1.611510e+01,1.077440e+00,-2.216882e+00,3.248498e+00,3.017263e+00,7.473166e+00,2.949955e+00,4.809999e+00,-2.579504e-01,-1.349549e+00,-1.025632e+00,1.591399e-01,1.767906e-01,0,0,-1.012173e-07,-2.835483e-01,-3.608232e-01,-3.031433e-01,-1.060190e-01,-4.118456e-01,-4.676819e-02,-5.501612e-01,-1.383211e+00,4.091143e-01,6.134677e-03,-2.890320e-01,3.853516e-01,-7.252946e-04,0,0
8.479016e-04,-1.613947e+01,1.753478e+00,-1.498756e+00,2.797444e+00,9.431214e-01,5.910252e+00,1.262207e+00,1.626922e+00,2.051468e+00,7.963327e-01,-1.977096e-01,2.748550e+00,1.692354e-01,0,0,-8.141471e-06,-2.067629e-01,-4.045006e-02,-6.345224e-02,1.296448e-01,-4.887768e-01,-4.466702e-01,1.766077e-01,-1.206762e+00,9.161477e-01,1.015623e+00,1.614114e-01,5.665480e-01,-1.758840e-02,0,0
8.237927e-04,-1.693918e+01,6.309143e-01,-2.576645e+00,2.577120e+00,1.393407e+00,6.121500e+00,4.258295e+00,1.354653e+00,3.759086e+00,2.996138e+00,-6.588793e-02,1.966095e+00,1.248111e-01,0,0,-9.642186e-06,1.405144e-03,1.823417e-01,2.021251e-01,3.094133e-01,-6.321267e-02,-5.877467e-01,7.168623e-01,-3.308793e-01,9.829043e-01,1.130782e+00,-5.132287e-02,1.104920e-01,-1.997583e-02,0,0
8.132232e-04,-1.658029e+01,1.728020e+00,-1.455660e+00,3.938067e+00,1.163639e+00,4.884087e+00,4.328669e+00,2.238486e+00,4.732783e+00,5.272859e+00,1.683627e-01,2.053282e+00,9.398610e-02,0,0,-1.914683e-06,3.548959e-01,4.564536e-01,4.526314e-01,6.316880e-01,1.061199e-01,-2.834094e-01,8.078445e-01,2.750703e-01,-4.497523e-02,-9.216695e-02,6.121739e-02,-2.410018e-01,-5.197945e-03,0,0
8.177308e-04,-1.588767e+01,2.001878e+00,-1.227805e+00,4.225253e+00,2.590941e+00,5.047514e+00,5.001035e+00,2.849820e+00,3.315914e+00,2.066099e+00,-1.465283e+00,1.059234e+00,1.145361e-01,0,0,7.089589e-06,6.330631e-01,7.076362e-01,5.095170e-01,3.026294e-01,1.096387e-01,-2.599619e-01,8.163156e-02,-1.150477e-01,-9.369509e-01,-1.093949e+00,1.085034e-01,2.203102e-01,1.148383e-02,0,0
8.413591e-04,-1.489075e+01,3.350264e+00,8.998009e-02,5.131818e+00,8.749539e-01,5.030198e+00,4.930059e+00,2.254690e+00,2.048178e+00,8.005174e-01,8.080748e-01,1.996972e+00,1.483832e-01,0,0,1.067138e-05,4.792522e-01,4.976035e-01,3.350317e-01,-2.320366e-01,-8.984488e-02,1.535768e-01,-3.260498e-02,-2.250016e-01,-1.468766e+00,-1.098361e+00,2.260258e-01,2.591792e-01,1.021457e-02,0,0
8.451727e-04,-1.461864e+01,3.357973e+00,-8.018804e-01,3.493392e+00,2.085943e+00,4.748635e+00,4.365757e+00,7.713124e-01,4.166335e-01,-2.374351e-01,1.567733e-01,3.095801e+00,1.550317e-01,0,0,6.140704e-06,1.808003e-01,3.357978e-01,2.567482e-01,-5.389926e-01,-4.332620e-01,-8.688698e-02,-2.346585e-01,1.338944e-01,-8.855707e-01,2.704595e-02,4.231677e-01,4.726191e-01,-1.208819e-04,0,0
8.528592e-04,-1.481855e+01,3.537990e+00,6.536881e-03,3.143814e+00,9.669136e-01,5.801410e+00,4.483283e+00,2.152732e+00,-1.161407e+00,9.328224e-01,4.874639e-01,2.330895e+00,1.248111e-01,0,0,-2.425857e-06,-1.613080e-01,-7.316868e-02,2.935375e-01,-4.785514e-01,-3.168646e-01,-2.946180e-01,-2.820769e-01,4.071174e-01,-1.564478e-01,6.479207e-01,-1.051543e-02,-3.321016e-01,-7.555157e-04,0,0
8.426844e-04,-1.501976e+01,3.587003e+00,9.765821e-02,2.524292e+00,3.786515e-01,4.227473e+00,4.051131e+00,3.570271e+00,4.928533e-01,2.135176e+00,8.108612e-01,3.255368e+00,1.257177e-01,0,0,-9.738351e-06,-2.604980e-01,-2.431715e-01,2.261709e-01,-7.242670e-02,-1.479554e-01,-5.217335e-01,-1.985148e-01,8.739011e-02,3.040934e-01,1.123856e+00,2.239307e-02,-8.259560e-01,1.432457e-02,0,0
8.304740e-04,-1.549672e+01,2.869905e+00,1.107898e+00,3.223611e+00,1.442772e-01,3.817689e+00,3.676988e+00,2.890798e+00,1.227829e+00,2.853815e+00,4.284537e-01,2.566803e-01,1.592626e-01,0,0,-9.484252e-06,-1.625433e-01,-2.834401e-01,-1.716616e-01,2.907282e-01,8.408357e-01,-5.081226e-01,-6.458477e-01,-5.885428e-01,5.990456e-01,1.133215e+00,-2.848195e-01,-1.497745e+00,2.747053e-02,0,0
8.076735e-04,-1.558204e+01,2.476158e+00,-2.217066e-01,3.091360e+00,1.757484e+00,3.131828e+00,3.776331e+00,8.392301e-01,7.424824e-01,4.421347e+00,2.982437e-01,3.128052e-03,2.094288e-01,0,0,-1.106248e-06,-4.236803e-02,-2.647814e-01,-6.225103e-01,4.954091e-01,1.396548e+00,1.095977e-01,-5.516938e-01,-4.654118e-01,3.542847e-01,9.504727e-01,2.178510e-01,-1.157731e+00,1.813237e-02,0,0
8.229433e-04,-1.535013e+01,2.676212e+00,-6.920888e-01,4.313921e+00,4.481676e+00,3.808620e+00,1.391445e+00,5.755386e-01,1.709006e+00,5.455813e+00,-6.803248e-01,-3.531708e+00,2.203082e-01,0,0,5.925086e-06,1.030298e-01,-1.583172e-01,-9.060645e-01,4.005468e-01,1.218275e+00,5.483297e-01,-4.964096e-01,8.858707e-02,4.646533e-01,7.192158e-01,1.003558e+00,-4.035495e-02,-7.796918e-03,0,0
8.409185e-04,-1.530490e+01,2.359943e+00,-2.114900e+00,4.456182e+00,5.192694e+00,4.779996e+00,2.435433e+00,2.400842e+00,2.023688e+00,5.586540e+00,2.454505e+00,-6.390936e-01,1.858568e-01,0,0,4.907680e-06,1.820686e-01,2.335668e-03,-2.959632e-01,5.949510e-01,4.487968e-01,9.280041e-01,-1.588364e-01,3.330944e-01,-8.889735e-02,-3.042520e-01,1.047757e+00,1.007984e+00,-3.288002e-02,0,0
8.434770e-04,-1.512014e+01,2.136427e+00,-2.475827e+00,4.543934e+00,4.518048e+00,5.735253e+00,1.865389e+00,2.552927e+00,2.910493e+00,5.867298e+00,4.368115e+00,3.760164e-01,1.320641e-01,0,0,-3.899913e-08,6.133209e-01,2.209213e-01,-3.429629e-01,-4.206204e-01,-3.152093e-01,1.227737e+00,5.685064e-01,3.475037e-01,-1.072436e+00,-8.438215e-01,6.522856e-01,1.531411e+00,-4.097914e-02,0,0
8.219451e-04,-1.478669e+01,2.757729e+00,-8.096533e-01,5.951108e+00,3.983282e+00,6.808532e+00,2.745177e+00,1.516008e+00,-3.027477e-01,2.694345e+00,3.012807e+00,3.089186e+00,8.915081e-02,0,0,2.537659e-05,1.239497e+00,5.232723e-01,-8.764056e-01,-2.103023e+00,-3.661016e-01,1.679116e+00,1.337106e+00,6.999773e-01,-1.895584e+00,-3.867020e-01,6.024413e-02,8.947245e-01,-3.553944e-02,0,3.671681e-02
8.322350e-04,-1.254263e+01,3.581926e+00,-3.059526e+00,1.463356e+00,3.510335e+00,8.933038e+00,4.079105e+00,2.755474e+00,-2.489955e+00,2.682803e+00,2.301952e+00,2.261209e+00,6.376549e-02,0,0,5.931768e-05,1.529956e+00,5.546943e-01,-1.972585e+00,-4.198709e+00,8.641074e-02,1.663364e+00,2.478495e+00,1.206276e+00,-2.744422e+00,6.277140e-01,4.905065e-01,2.875729e-01,-2.559686e-02,0,5.507522e-02
9.734224e-04,-1.039618e+01,4.253555e+00,-6.205078e+00,-4.518645e+00,3.866042e+00,1.157669e+01,8.014104e+00,5.799455e+00,-4.754007e+00,5.245277e+00,3.788807e+00,2.891932e+00,4.230885e-02,0,1.835840e-01,6.859216e-05,1.126000e+00,3.127867e-01,-2.197434e+00,-3.897457e+00,8.561634e-01,1.272604e+00,2.534550e+00,1.275820e+00,-2.051118e+00,1.294594e+00,1.192325e+00,3.642432e-01,-1.752796e-02,0,5.507522e-02
1.064327e-03,-9.665618e+00,4.161985e+00,-9.641042e+00,-1.121473e+01,5.008722e+00,1.166800e+01,1.162340e+01,6.442583e+00,-8.585990e+00,7.730402e+00,6.432647e+00,1.912508e+00,2.750076e-02,0,1.835840e-01,2.766995e-05,4.372297e-01,3.496003e-01,-7.337784e-01,-9.489477e-01,1.191874e+00,1.141658e-01,1.272459e+00,3.612046e-02,-6.914938e-01,3.922312e-01,7.122844e-01,1.152714e+00,-1.169538e-02,0,0
1.048860e-03,-1.059519e+01,4.031633e+00,-8.506065e+00,-7.197132e+00,7.514905e+00,1.180407e+01,1.164578e+01,6.051552e+00,-7.510322e+00,6.643517e+00,6.909086e+00,5.084753e+00,1.964340e-02,0,1.835840e-01,-2.450335e-05,6.623567e-01,6.274566e-01,8.322353e-01,1.886434e+00,4.142073e-01,-8.364905e-01,-7.213237e-01,-1.551084e+00,1.165948e+00,-4.418041e-01,-1.757894e-01,1.378530e+00,-6.165004e-03,0,-1.780410e-02
9.328660e-04,-1.025697e+01,5.440888e+00,-5.577925e+00,-1.942139e+00,7.645273e+00,9.390175e+00,8.625564e+00,2.810028e+00,-4.569266e+00,3.944840e+00,4.303235e+00,6.928370e+00,1.662134e-02,0,0,-3.689563e-05,1.476866e+00,1.222779e+00,2.151106e+00,2.898955e+00,-1.147556e+00,-1.463427e+00,-2.162405e+00,-2.704333e+00,2.504066e+00,-3.296056e-02,-1.179147e+00,7.097147e-01,-1.783016e-03,0,8.314624e-04
9.166360e-04,-6.788715e+00,6.751387e+00,-4.075460e+00,2.772276e-01,4.618804e+00,8.533145e+00,5.906403e+00,-1.396898e-01,-9.326307e-01,4.929038e+00,3.974566e+00,7.276653e+00,1.692354e-02,0,1.863556e-01,-1.638240e-05,1.983517e+00,1.366021e+00,2.427606e+00,1.673827e+00,-2.479860e+00,-1.977413e+00,-2.371747e+00,-2.796245e+00,2.133552e+00,1.133307e+00,-1.104084e+00,-1.083764e+00,2.115443e-04,0,1.918987e-02
9.459606e-04,-4.184523e+00,8.916004e+00,-1.100816e+00,-4.571372e-01,7.189938e-01,5.986328e+00,3.681064e+00,-3.983461e+00,6.454960e-01,8.422838e+00,2.004171e+00,4.365131e+00,1.994560e-02,0,1.863556e-01,4.669372e-06,1.402990e+00,1.036126e+00,2.595393e+00,1.189244e+00,-2.420387e+00,-1.882630e+00,-1.600578e+00,-1.637927e+00,1.646075e+00,1.812466e+00,-1.258261e+00,-1.851049e+00,-2.719855e-04,0,0
9.604007e-04,-3.713832e+00,9.124181e+00,1.393411e+00,4.294996e-01,-1.421256e+00,3.618929e+00,2.259298e+00,-4.532930e+00,5.500570e-01,1.007105e+01,2.538199e+00,9.475503e-01,1.903898e-02,0,1.863556e-01,1.022546e-05,2.510023e-01,1.031310e+00,2.505452e+00,1.790434e+00,-8.618835e-01,-1.459429e+00,-6.449719e-01,-3.258654e-01,7.483310e-01,6.793885e-01,-1.508028e+00,-1.418247e+00,-2.508311e-03,0,-2.228766e-02
9.343305e-04,-4.779465e+00,9.435122e+00,4.664606e+00,3.927942e+00,-1.436630e+00,2.434132e+00,2.446228e+00,-3.182989e+00,2.919762e+00,1.043616e+01,-1.269888e+00,8.376759e-01,1.420369e-02,0,0,1.498961e-05,-4.066153e-01,1.049857e+00,1.958081e+00,2.541675e+00,8.962752e-01,-2.434759e-01,4.241150e-01,6.547191e-01,1.858817e-01,-9.689976e-01,-1.311274e+00,1.174809e-01,-4.200665e-03,0,3.519972e-02
9.735784e-04,-5.236232e+00,1.164838e+01,5.569087e+00,7.036860e+00,1.387197e+00,3.012099e+00,3.298962e+00,-2.169253e+00,1.671891e+00,7.319319e+00,-1.928543e+00,1.949148e+00,7.252946e-03,0,1.680951e-01,2.238134e-05,-4.909950e-01,1.310793e+00,1.062272e+00,2.246517e+00,2.195824e+00,9.747454e-01,9.579314e-01,1.066627e+00,-7.793566e-01,-2.147464e+00,-4.797903e-01,1.477052e+00,-3.958900e-03,0,1.143540e-01
1.014320e-03,-5.456400e+00,1.290319e+01,6.601749e+00,8.947559e+00,3.796143e+00,5.072363e+00,5.281807e+00,-1.891705e+00,1.013987e+00,4.953717e+00,-2.318830e+00,4.451737e+00,4.835298e-03,0,3.714844e-01,2.705347e-05,-4.231914e-01,1.092601e+00,5.870128e-01,8.784057e-01,2.251731e+00,1.398165e+00,8.307421e-01,8.001955e-01,-1.284779e+00,-1.813001e+00,8.485266e-01,1.373275e+00,-2.145663e-03,0,1.212864e-01
1.032313e-03,-5.830340e+00,1.394411e+01,5.736199e+00,9.152275e+00,6.941475e+00,7.173540e+00,5.631165e+00,1.545635e-01,-2.393839e+00,2.074955e+00,6.637183e-01,6.525778e+00,3.928680e-03,0,5.723832e-01,1.611997e-05,-3.989346e-01,6.334085e-01,6.078168e-01,-3.354447e-01,1.671205e+00,1.107703e+00,2.571351e-01,5.231172e-01,-5.827941e-01,-9.225056e-01,1.076892e+00,6.503393e-01,-2.115443e-04,0,4.765328e-02
1.040231e-03,-6.598368e+00,1.375026e+01,7.516113e+00,7.262263e+00,7.044888e+00,7.344238e+00,5.433836e+00,-3.439194e-01,-1.471267e+00,3.993336e+00,1.676614e+00,5.415738e+00,5.137504e-03,0,4.042881e-01,7.125142e-06,-4.829184e-01,4.110433e-01,7.871026e-01,-7.825967e-01,7.579187e-01,4.173342e-01,-1.153785e-01,3.952152e-01,4.684483e-01,-1.515580e-01,8.011980e-01,-6.065673e-01,8.159565e-04,0,-1.345005e-02
1.041223e-03,-6.659921e+00,1.439189e+01,8.150989e+00,6.202284e+00,8.118848e+00,7.414677e+00,4.508623e+00,-3.275601e-01,5.474885e-04,3.186981e+00,1.458193e+00,4.718844e+00,6.044122e-03,0,3.899597e-01,1.863041e-06,-4.738378e-01,3.557978e-02,9.461466e-01,-2.228227e-02,-2.162018e-01,4.601111e-02,1.392125e-01,3.125723e-01,9.339725e-01,-1.885353e-01,5.381593e-01,-1.261953e+00,1.420369e-03,0,-2.385917e-02
1.045490e-03,-7.456202e+00,1.473452e+01,9.329867e+00,6.509571e+00,6.997051e+00,7.038466e+00,5.266186e+00,3.254331e-01,2.159036e+00,3.639914e+00,1.289923e+00,2.322368e+00,7.857359e-03,0,3.954459e-01,2.990395e-06,-4.792678e-01,-2.795130e-01,7.035083e-01,1.021311e+00,-6.757527e-01,4.062755e-01,7.813873e-01,7.813883e-01,-9.167299e-02,-1.151223e+00,5.137244e-01,-1.393046e+00,1.873678e-03,0,8.356911e-03
1.038998e-03,-7.770612e+00,1.362988e+01,9.560055e+00,9.417210e+00,5.884385e+00,7.556482e+00,6.411053e+00,1.382749e+00,4.608721e-01,1.308990e+00,3.547860e+00,1.762698e+00,9.670596e-03,0,4.575085e-01,2.780650e-06,-4.641946e-01,-7.594857e-01,7.530094e-01,1.180905e+00,-1.191045e+00,4.727019e-01,1.013103e+00,1.057935e+00,-1.444653e+00,-1.673694e+00,7.191106e-01,-1.224576e+00,2.175884e-03,0,3.101829e-03
1.056295e-03,-8.439362e+00,1.273370e+01,1.032912e+01,1.076136e+01,4.783356e+00,9.304713e+00,8.389558e+00,2.707867e+00,-2.159795e+00,-8.237823e-01,3.200403e+00,-7.141992e-02,1.269266e-02,0,4.122983e-01,-4.421640e-06,-2.398904e-01,-9.028817e-01,6.292286e-01,5.224732e-01,-1.456733e+00,4.574981e-02,4.688214e-01,1.129747e+00,-2.149057e+00,-1.785454e+00,3.979110e-01,-7.234582e-01,1.631913e-03,0,-1.813975e-02
1.049724e-03,-8.489314e+00,1.159487e+01,1.141641e+01,9.980914e+00,3.270472e+00,8.645062e+00,8.012454e+00,3.770895e+00,-5.063303e+00,-2.949639e+00,4.098506e+00,-2.071429e-01,1.450589e-02,0,3.970426e-01,-1.365287e-05,4.771223e-02,-6.984719e-01,7.275620e-01,-3.632081e-01,-1.838583e+00,-7.528606e-01,-6.645902e-01,3.185807e-01,-2.027823e+00,-6.383026e-01,1.157629e-01,-1.858661e-01,4.533092e-04,0,-6.100763e-02
1.018019e-03,-8.296303e+00,1.123762e+01,1.154783e+01,8.840085e+00,1.020341e+00,6.722925e+00,6.809593e+00,4.780097e+00,-5.824159e+00,-3.158039e+00,3.004155e+00,-3.100033e-01,1.359928e-02,0,3.349801e-01,-1.960304e-05,2.370401e-01,-5.068088e-01,7.533159e-01,-2.297871e-01,-1.686715e+00,-1.251578e+00,-1.424845e+00,-9.551463e-01,-1.255850e+00,6.253024e-01,1.680207e-02,8.130283e-02,-1.208824e-03,0,-1.030510e-01
9.898714e-04,-7.603580e+00,1.088556e+01,1.258851e+01,8.561805e+00,-1.427020e+00,5.083073e+00,3.878084e+00,1.939538e+00,-7.846060e+00,-7.153941e-01,4.224799e+00,9.526589e-01,1.148383e-02,0,1.911294e-01,-1.825823e-05,1.790855e-01,-4.115236e-01,6.039462e-01,3.128516e-01,-6.027970e-01,-6.828171e-01,-1.428473e+00,-1.979760e+00,-4.671798e-01,1.552211e+00,-1.961904e-01,-4.328499e-01,-1.934119e-03,0,-1.129065e-01
9.882060e-04,-7.697028e+00,1.055431e+01,1.350965e+01,1.032198e+01,-1.301474e+00,4.827820e+00,3.332517e+00,-1.152185e+00,-7.047668e+00,1.185607e+00,3.221267e+00,-2.448067e-01,8.159565e-03,0,0,-1.129063e-05,-2.650261e-03,-1.280106e-01,3.028671e-01,7.368717e-01,4.741086e-01,-6.895418e-02,-8.959303e-01,-2.293430e+00,7.196937e-02,1.649907e+00,5.188534e-02,-9.776732e-01,-2.024781e-03,0,-7.659579e-02
9.733394e-04,-7.893524e+00,9.878903e+00,1.345523e+01,1.080423e+01,1.417395e+00,6.178529e+00,2.608626e+00,-3.161763e+00,-6.787447e+00,2.639590e+00,3.008999e+00,-2.403991e+00,7.555153e-03,0,0,-8.704630e-06,-7.082514e-02,4.485421e-01,-2.363545e-01,4.501923e-01,1.308298e+00,2.498488e-01,-3.674847e-01,-1.479753e+00,6.769141e-01,1.021467e+00,-5.596469e-02,-8.711571e-01,-1.601692e-03,0,-2.395612e-02
9.698323e-04,-8.164582e+00,1.110089e+01,1.262881e+01,1.140323e+01,1.968676e+00,5.830426e+00,2.964670e+00,-4.136403e+00,-5.993618e+00,3.414003e+00,3.871482e+00,-3.520044e+00,5.439710e-03,0,4.756586e-02,-5.523150e-06,6.739678e-02,1.060671e+00,-6.543633e-01,-3.065529e-01,1.282972e+00,2.771720e-01,-3.825166e-01,-4.589171e-01,6.313995e-01,6.536683e-01,2.588053e-01,3.623498e-01,-9.368389e-04,0,1.426976e-02
9.555352e-04,-7.723929e+00,1.285498e+01,1.184716e+01,1.027214e+01,3.479396e+00,5.831014e+00,2.224584e+00,-3.967119e+00,-4.988514e+00,3.277745e+00,3.619868e+00,-1.765508e+00,4.835298e-03,0,4.756586e-02,3.722392e-06,-1.714239e-02,1.134543e+00,-6.472677e-01,-4.023258e-01,1.630564e+00,3.443471e-01,-2.956817e-01,6.857044e-01,6.506627e-01,-7.207966e-03,2.216078e-01,1.469633e+00,-2.417649e-04,0,0
9.694924e-04,-7.444841e+00,1.436963e+01,1.104187e+01,9.055256e+00,4.082387e+00,6.387437e+00,1.611955e+00,-3.044092e+00,-4.790138e+00,4.134872e+00,4.209859e+00,1.247701e+00,4.835298e-03,0,4.756586e-02,2.909976e-05,-6.871319e-01,5.784082e-01,-6.714613e-01,-3.434795e-01,2.389579e+00,8.859931e-01,2.923892e-01,1.442131e+00,5.413445e-01,-1.254246e-02,2.418253e-01,1.452587e+00,7.857358e-04,0,-1.426976e-02
9.921213e-04,-8.339107e+00,1.391725e+01,1.101236e+01,9.966586e+00,8.513358e+00,7.621759e+00,1.806575e+00,-2.793960e-01,-4.135874e+00,2.243116e+00,3.947849e+00,2.560303e+00,6.648534e-03,0,0,8.363323e-05,-1.767287e+00,2.278371e-01,-5.541106e-01,1.796025e-01,2.817688e+00,9.749323e-01,1.261145e+00,1.547650e+00,8.247688e-01,-9.912713e-02,-1.297531e-01,4.534899e-01,1.752795e-03,0,-1.426976e-02
1.097038e-03,-1.129265e+01,1.346180e+01,9.688900e+00,9.838611e+00,1.139959e+01,9.365019e+00,4.635621e+00,1.230391e+00,-3.713216e+00,3.868605e+00,4.916618e+00,1.579987e+00,8.461771e-03,0,0,2.089873e-04,-2.769574e+00,2.713305e-01,-1.043195e+00,-2.517913e-01,2.112301e+00,2.546399e-01,1.617773e+00,1.313869e+00,1.451066e+00,1.258019e-01,-7.964560e-01,-7.478805e-01,7.343608e-03,0,-9.513172e-03
1.309928e-03,-1.463646e+01,1.444808e+01,9.753090e+00,1.077847e+01,1.390924e+01,9.216885e+00,7.018477e+00,1.633887e+00,-1.403131e+00,2.915242e+00,2.617723e+00,3.357989e-01,1.178604e-02,0,0,5.426969e-04,-3.211923e+00,7.390305e-01,-1.682108e+00,-1.189120e+00,5.491053e-01,-2.768740e-01,7.314153e-01,3.967110e-01,9.729738e-01,1.125477e-01,-8.106853e-01,-1.212951e+00,2.112421e-02,0,0
1.855525e-03,-1.814403e+01,1.546087e+01,6.455534e+00,7.390356e+00,1.194595e+01,6.863074e+00,7.094868e+00,2.568609e+00,1.098822e+00,4.427818e+00,8.926413e-01,-1.379449e+00,3.898459e-02,0,0,1.137543e-03,-3.311432e+00,7.275583e-01,-2.210457e+00,-2.121726e+00,-8.352169e-01,-1.035903e+00,-6.370723e-01,1.600082e-01,-3.675502e-01,-6.441483e-01,-3.893265e-01,-1.013478e+00,4.128135e-02,0,0
3.326362e-03,-2.097303e+01,1.661287e+01,4.218503e+00,5.245115e+00,1.098570e+01,7.488361e+00,4.234028e+00,1.035050e+00,-1.677024e+00,2.526248e+00,1.906411e+00,-2.024734e+00,9.700816e-02,0,0,1.613110e-03,-3.148367e+00,1.399101e-01,-2.269643e+00,-2.736722e+00,-1.323027e+00,-9.994524e-01,-1.077594e+00,4.443223e-01,-1.727596e+00,-8.291643e-01,6.249758e-01,-6.530064e-01,5.527350e-02,0,0
5.776536e-03,-2.468153e+01,1.601719e+01,1.403911e+00,1.996660e+00,8.685271e+00,5.049767e+00,2.842484e+00,2.329850e+00,-5.414020e+00,8.423610e-01,3.325642e+00,-2.307134e+00,1.722575e-01,0,0,1.594648e-03,-2.625771e+00,-7.023681e-01,-1.356009e+00,-2.451773e+00,-1.369499e+00,-1.558063e+00,-6.679646e-01,1.230463e+00,-1.739706e+00,-1.044048e+00,7.033772e-01,1.331045e-01,5.101239e-02,0,0
7.414972e-03,-2.710955e+01,1.486946e+01,9.306855e-01,-2.082899e-01,8.924444e+00,5.126276e+00,3.756701e+00,3.974878e+00,-6.784689e+00,5.621494e-01,4.526102e+00,-2.465391e+00,2.215171e-01,0,0,7.351922e-04,-1.474615e+00,-1.418610e+00,-3.791603e-01,-2.241587e+00,-1.472342e+00,-1.716882e+00,1.799559e-01,1.637570e+00,-3.998922e-01,-1.780910e-01,-4.546547e-02,6.338584e-01,2.976730e-02,0,0
7.784462e-03,-2.820463e+01,1.282073e+01,1.319395e+00,-2.141807e+00,6.129089e+00,2.537993e-01,3.993709e+00,7.251009e+00,-5.045877e+00,1.896265e-01,3.099682e+00,-4.935984e-01,2.317921e-01,0,0,-4.672285e-04,3.022190e-01,-1.850954e+00,5.104685e-01,-1.663383e+00,-1.686840e+00,-1.375517e+00,-1.553034e-01,1.080285e+00,1.233080e+00,7.610753e-01,-5.517764e-01,8.598272e-01,2.115443e-03,0,0
5.998360e-03,-2.658456e+01,1.111805e+01,2.364959e+00,-3.893585e+00,4.902084e+00,1.301937e+00,4.558195e+00,6.762319e+00,-3.860556e+00,1.962160e+00,1.792063e+00,2.377904e-01,2.160774e-01,0,0,-1.368833e-03,2.276218e+00,-2.029952e+00,9.475082e-01,-6.883796e-01,-2.383497e+00,-1.312258e+00,-9.960772e-01,-2.468196e-01,2.173494e+00,1.562459e+00,-1.219861e+00,6.549011e-01,-2.070112e-02,0,0
4.148699e-03,-2.343293e+01,8.638131e+00,3.239117e+00,-4.477606e+00,2.262249e+00,8.434904e-02,1.665219e+00,6.337554e+00,-7.106884e-01,3.947732e+00,1.933779e+00,6.404116e-01,1.855545e-01,0,0,-1.595490e-03,4.120383e+00,-2.019246e+00,6.196966e-01,5.876324e-01,-2.809275e+00,-1.718431e+00,-1.921137e+00,-1.312109e+00,2.432329e+00,2.038940e+00,-1.086877e+00,1.160671e-01,-3.620429e-02,0,3.244126e-02
2.388691e-03,-1.811431e+01,6.811004e+00,4.708366e+00,-2.482289e+00,-1.059621e+00,-1.350287e+00,-5.944117e-02,3.197507e+00,1.915185e+00,6.495393e+00,-9.902509e-01,2.421098e-01,1.411303e-01,0,0,-1.156665e-03,5.077731e+00,-2.101395e+00,-2.585153e-01,1.882215e+00,-2.840186e+00,-3.207083e+00,-2.520515e+00,-1.629876e+00,2.359613e+00,1.276643e+00,-9.698784e-01,-4.706053e-02,-4.188577e-02,0,8.222915e-02
1.611844e-03,-1.183784e+01,4.878023e+00,3.246175e+00,9.070611e-02,-4.936436e+00,-7.012244e+00,-3.303158e+00,2.472871e+00,4.227897e+00,8.117710e+00,-9.435472e-01,8.457715e-02,8.824419e-02,0,1.622063e-01,-6.183059e-04,4.988240e+00,-2.263087e+00,-1.664562e+00,2.131620e+00,-1.483068e+00,-3.222338e+00,-2.313375e+00,-1.404560e+00,2.001037e+00,1.783323e-02,-2.110081e-01,-5.382479e-01,-3.674826e-02,0,1.321317e-01
1.483463e-03,-6.993446e+00,2.491131e+00,1.068853e+00,3.233334e+00,-5.699503e+00,-1.118519e+01,-5.560191e+00,5.452816e-01,5.468218e+00,6.260388e+00,-1.618666e+00,2.804050e-01,5.530372e-02,0,3.300426e-01,-1.742891e-04,3.591514e+00,-2.468077e+00,-2.747929e+00,1.076804e+00,6.273608e-01,-1.802934e+00,-1.594343e+00,-7.546024e-01,1.598013e+00,-7.997017e-01,5.053072e-01,-1.295699e+00,-2.333031e-02,0,1.346012e-01
1.509784e-03,-4.052161e+00,-5.173680e-01,-3.263936e+00,3.322681e+00,-2.833150e+00,-1.110989e+01,-7.151281e+00,6.408654e-01,7.517980e+00,4.154401e+00,1.192946e+00,-2.069976e+00,4.472651e-02,0,4.956372e-01,-6.662915e-06,1.766006e+00,-2.188489e+00,-2.842173e+00,-5.517707e-01,2.481797e+00,6.448730e-01,-2.726879e-01,-6.092445e-01,7.873564e-01,-4.094374e-01,6.187208e-02,-2.275301e+00,-7.615596e-03,0,8.775610e-02
1.568275e-03,-4.049578e+00,-2.831688e+00,-5.776222e+00,1.285745e+00,1.025540e+00,-8.316130e+00,-6.107094e+00,3.404979e-01,8.260207e+00,4.478539e+00,4.680385e-01,-5.159111e+00,4.623753e-02,0,5.062906e-01,2.239700e-05,3.138096e-01,-1.349181e+00,-2.275947e+00,-1.884143e+00,3.309647e+00,2.120160e+00,7.300219e-01,-5.205877e-01,-2.224369e-01,6.425356e-01,-7.341281e-01,-2.723016e+00,2.206104e-03,0,4.448536e-02
1.536123e-03,-4.479745e+00,-3.403013e+00,-7.542152e+00,-1.694353e+00,4.110025e+00,-5.222407e+00,-4.393146e+00,-4.709595e-01,6.768684e+00,6.961447e+00,-1.677539e+00,-8.572168e+00,5.469931e-02,0,5.128628e-01,7.706718e-06,-4.560494e-01,-2.985171e-01,-7.892228e-01,-1.860618e+00,3.291999e+00,2.041160e+00,9.882945e-01,-4.501826e-01,-1.651816e+00,1.162769e+00,-1.017430e+00,-2.083811e+00,4.110003e-03,0,8.816928e-03
1.582278e-03,-5.210606e+00,-2.811953e+00,-8.171772e+00,-3.678862e+00,7.377144e+00,-3.528129e+00,-3.289149e+00,-1.501744e+00,4.730681e+00,8.069543e+00,-3.854064e+00,-1.008358e+01,6.134784e-02,0,5.438566e-01,-4.379628e-05,-5.603652e-01,5.679204e-01,3.702765e-01,-8.435701e-01,2.619551e+00,1.490783e+00,5.532923e-01,-3.390759e-01,-2.602211e+00,9.327759e-01,-1.398345e-02,-1.147448e+00,-4.230879e-04,0,-2.580744e-03
1.541316e-03,-5.751894e+00,-2.019821e+00,-6.012275e+00,-3.498107e+00,1.045104e+01,-3.298095e+00,-3.618781e+00,-6.889265e-01,1.023662e+00,8.172745e+00,-1.733152e+00,-1.002680e+01,5.772137e-02,0,5.209388e-01,-1.092739e-04,-3.809240e-01,1.137847e+00,1.299633e+00,6.950954e-01,1.514894e+00,8.543206e-01,-1.374931e-02,-2.461674e-01,-2.867006e+00,7.260620e-01,1.279686e+00,-1.662529e-01,-7.796918e-03,0,-1.884887e-02
1.346697e-03,-6.215330e+00,-6.836815e-01,-4.689778e+00,-2.030228e+00,1.095278e+01,-1.824370e+00,-3.727815e+00,-1.245898e+00,-1.878336e+00,8.536770e+00,4.259275e-01,-1.016904e+01,4.261106e-02,0,4.893489e-01,-1.611112e-04,1.539739e-01,1.497407e+00,1.196714e+00,1.883415e+00,-2.078660e-01,1.014578e+00,-5.333845e-01,-5.638283e-01,-1.988409e+00,5.438523e-01,1.726918e+00,3.019342e-01,-1.184648e-02,0,-5.709188e-02
1.107544e-03,-5.882003e+00,1.222087e+00,-2.784985e+00,9.568066e-01,9.896675e+00,-1.802683e+00,-4.242559e+00,-1.829720e+00,-4.261835e+00,1.035814e+01,2.580897e+00,-9.360704e+00,2.508311e-02,0,4.458723e-01,-1.491844e-04,6.716269e-01,1.733590e+00,5.319939e-01,2.159425e+00,-1.389685e+00,9.828550e-01,-8.866115e-01,-6.665908e-01,-5.194052e-01,-6.611709e-02,1.360884e+00,8.187613e-01,-1.057721e-02,0,-9.290725e-02
9.936086e-04,-4.375681e+00,3.054127e+00,-3.801847e+00,3.510757e+00,6.614998e+00,7.970542e-01,-5.644182e+00,-3.750489e+00,-2.568619e+00,9.696105e+00,2.623502e+00,-8.906957e+00,1.843457e-02,0,2.959305e-01,-9.511651e-05,8.544657e-01,1.560326e+00,2.378738e-02,1.520374e+00,-1.536738e+00,7.203631e-01,-1.287959e+00,-2.596520e-01,6.899042e-01,-6.895591e-01,1.154284e+00,1.196999e+00,-5.288607e-03,0,-1.271458e-01
9.719383e-04,-3.313583e+00,4.779226e+00,-3.796272e+00,4.528524e+00,5.671511e+00,3.054676e-01,-7.093655e+00,-2.769584e+00,-1.228223e+00,7.262492e+00,3.972482e+00,-6.564031e+00,1.692354e-02,0,1.531118e-01,-3.977134e-05,6.803547e-01,9.652581e-01,-3.107895e-01,7.060471e-01,-1.096684e+00,8.841261e-02,-1.085415e+00,1.091394e-02,1.275670e+00,-1.041290e+00,9.559324e-01,1.018491e+00,2.357207e-03,0,-1.187675e-01
9.389175e-04,-3.227211e+00,5.339377e+00,-4.065197e+00,3.785783e+00,5.381678e+00,7.233699e-01,-8.742064e+00,-2.074225e+00,5.437931e-02,6.636800e+00,5.501555e+00,-5.582381e+00,2.024781e-02,0,0,8.853048e-06,3.453333e-01,-8.719568e-02,-2.578219e-01,-5.778756e-02,-3.186404e-01,-6.582021e-01,-6.798695e-01,6.780053e-01,6.434551e-01,-5.334821e-01,8.700563e-01,7.964993e-02,8.552433e-03,0,-4.005586e-02
9.360329e-04,-3.054465e+00,4.905752e+00,-4.207257e+00,4.349529e+00,5.029914e+00,-1.323778e+00,-8.120690e+00,-2.613282e+00,8.050191e-01,6.681345e+00,5.921533e+00,-5.930536e+00,3.596253e-02,0,0,5.705497e-05,2.152965e-01,-1.318116e+00,-7.676350e-01,-5.314957e-01,9.456424e-02,-6.884570e-01,4.632759e-03,7.067944e-01,1.499914e-02,-9.478445e-02,4.495706e-02,-1.263270e+00,1.347839e-02,0,5.961008e-02
1.055827e-03,-2.778574e+00,2.554885e+00,-4.885464e+00,3.311316e+00,5.342595e+00,-1.679334e+00,-8.530011e+00,-4.386139e-01,-3.679641e-01,7.319268e+00,5.999259e+00,-8.825455e+00,5.167725e-02,0,1.722071e-01,1.186134e-04,1.059808e-01,-2.217936e+00,-1.421570e+00,-1.060441e+00,6.499141e-01,-3.613059e-01,3.447500e-01,8.148850e-01,-2.050183e-01,-2.564332e-01,-9.068726e-01,-2.113240e+00,1.517075e-02,0,1.484750e-01
1.198759e-03,-2.461419e+00,-4.191070e-01,-7.224314e+00,2.108279e+00,6.163874e+00,-1.935466e+00,-7.176517e+00,-5.341808e-02,-9.420554e-01,6.447336e+00,3.948416e+00,-1.125885e+01,6.860079e-02,0,3.650586e-01,1.629338e-04,-3.076122e-02,-2.479539e+00,-1.903623e+00,-1.444605e+00,1.118024e+00,1.084183e-01,3.535878e-01,2.330447e-01,1.522197e-01,-8.796813e-01,-1.695491e+00,-2.100913e+00,1.223935e-02,0,1.577864e-01
1.400622e-03,-2.993830e+00,-3.087872e+00,-9.664517e+00,-3.957988e-01,8.064269e+00,-7.773153e-01,-7.490401e+00,7.202677e-01,-9.717473e-02,5.471639e+00,1.953751e+00,-1.348443e+01,7.978240e-02,0,5.598457e-01,1.791276e-04,-1.351384e-01,-1.931963e+00,-1.869226e+00,-1.227452e+00,1.127013e+00,1.490029e-01,5.171493e-01,-9.600672e-01,1.221892e+00,-1.307686e+00,-2.170278e+00,-1.334076e+00,6.890299e-03,0,1.069765e-01
1.578304e-03,-3.100643e+00,-4.670567e+00,-1.133584e+01,-1.019938e+00,9.259194e+00,-1.232695e+00,-6.872557e+00,-2.027499e+00,1.430723e+00,3.206753e+00,-5.331681e-01,-1.410561e+01,8.310668e-02,0,5.951126e-01,1.620507e-04,-2.043337e-01,-1.076141e+00,-1.226871e+00,-1.135556e+00,1.182398e+00,-1.837458e-01,5.893153e-01,-1.425941e+00,1.271683e+00,-1.038422e+00,-1.981014e+00,-2.227698e-01,-2.719857e-04,0,4.857535e-02
1.761692e-03,-3.134654e+00,-4.979198e+00,-1.217583e+01,-1.261835e+00,9.430000e+00,-1.285704e+00,-6.096245e+00,-4.251909e+00,4.555109e+00,2.401127e+00,-2.611338e+00,-1.407245e+01,7.887580e-02,0,5.920625e-01,1.114686e-04,-2.866245e-01,-2.854828e-01,-5.922918e-01,-9.620878e-01,1.039302e+00,-4.348287e-01,8.224489e-01,-1.500270e+00,8.833039e-01,-1.764890e-01,-1.832249e+00,5.490726e-01,-5.469929e-03,0,5.343676e-03
1.828477e-03,-3.412676e+00,-4.854146e+00,-1.210301e+01,-3.136481e+00,1.139300e+01,-2.600000e+00,-4.927019e+00,-4.697035e+00,3.090221e+00,2.790483e+00,-3.674109e+00,-1.207868e+01,6.769416e-02,0,5.918270e-01,6.743410e-05,-4.029942e-01,1.556611e-02,-1.569264e-01,-8.881800e-01,9.142197e-01,-4.887023e-01,6.248231e-01,-5.814192e-01,-5.478043e-02,7.928256e-01,-1.378630e+00,4.644925e-01,-6.346328e-03,0,3.254533e-04
1.832878e-03,-4.270936e+00,-4.423496e+00,-1.224239e+01,-4.147966e+00,1.219387e+01,-2.267806e+00,-4.350925e+00,-5.446312e+00,3.489596e+00,4.797329e+00,-5.637023e+00,-1.175253e+01,6.013902e-02,0,5.882069e-01,5.066099e-05,-2.955829e-01,-1.817028e-01,1.396027e-01,-2.516259e-01,2.845469e-01,-4.042293e-01,2.415193e-01,-1.418840e-01,-1.429989e-01,8.360502e-01,-8.363848e-01,1.174788e-01,-3.112723e-03,0,6.765270e-03
1.879882e-03,-4.547473e+00,-4.870587e+00,-1.208719e+01,-4.017772e+00,1.244836e+01,-3.185156e+00,-4.621101e+00,-4.337394e+00,1.689577e+00,5.972780e+00,-5.913477e+00,-1.294311e+01,6.074343e-02,0,5.986677e-01,4.359162e-05,-2.196283e-02,-2.666510e-01,2.269520e-01,3.816496e-01,-3.058214e-01,-1.988015e-01,-1.423358e-01,1.313028e-01,5.274099e-01,3.175882e-01,-5.870599e-01,1.746538e-01,1.813237e-03,0,6.886518e-03
1.989294e-03,-4.045169e+00,-5.879492e+00,-1.148572e+01,-2.079319e+00,1.032506e+01,-3.014273e+00,-5.041607e+00,-5.141150e+00,4.540436e+00,4.990230e+00,-5.673578e+00,-1.305284e+01,6.678755e-02,0,6.224685e-01,1.725459e-05,1.546841e-01,-2.262287e-01,3.508225e-01,3.514849e-01,-4.854687e-01,-4.815672e-02,-3.240775e-01,2.711426e-01,8.841398e-01,-3.209370e-01,-4.568600e-01,7.219337e-01,3.868238e-03,0,4.450035e-03
1.968227e-03,-3.635373e+00,-5.459404e+00,-1.134659e+01,-2.262557e+00,1.079830e+01,-3.220774e+00,-5.293356e+00,-4.193102e+00,5.201850e+00,4.281973e+00,-6.591131e+00,-1.055526e+01,7.343608e-02,0,6.091288e-01,-1.584430e-05,7.528663e-03,5.909400e-02,2.912424e-01,-2.795438e-01,-2.530403e-01,2.534716e-01,-1.734385e-01,1.221663e-01,1.087079e+00,-1.487946e-01,-9.405552e-01,9.064905e-01,1.964339e-03,0,-1.675177e-03
1.874978e-03,-3.953565e+00,-5.260231e+00,-1.085858e+01,-3.268150e+00,1.059156e+01,-2.490781e+00,-5.635185e+00,-4.162745e+00,6.154158e+00,4.038047e+00,-7.582497e+00,-9.336787e+00,7.313388e-02,0,6.052266e-01,-2.697029e-05,-2.794287e-01,1.552092e-01,4.772633e-01,-7.782520e-01,5.348196e-02,5.487895e-03,1.571687e-01,4.443731e-02,5.020765e-01,5.927377e-01,-1.027974e+00,3.929566e-01,-2.175884e-03,0,-1.279306e-03
1.857818e-03,-4.555632e+00,-4.884747e+00,-1.094455e+01,-4.821076e+00,1.104990e+01,-2.179544e+00,-5.191505e+00,-4.215765e+00,6.318113e+00,5.704898e+00,-9.661794e+00,-1.026869e+01,6.739196e-02,0,5.989128e-01,-3.044293e-05,-3.648876e-01,1.099249e-01,8.580937e-01,-4.890963e-01,-2.265189e-01,-3.346078e-01,3.206686e-01,-7.198396e-02,2.686397e-01,1.133229e+00,-5.276489e-01,-7.535934e-02,-5.228165e-03,0,-6.840229e-04
1.909647e-03,-4.982183e+00,-5.390774e+00,-9.300426e+00,-4.691319e+00,1.046667e+01,-3.507449e+00,-4.306690e+00,-4.907632e+00,6.492687e+00,7.242456e+00,-9.278119e+00,-1.123134e+01,5.893019e-02,0,6.211800e-01,-7.397557e-05,-3.068387e-01,2.810508e-01,1.148857e+00,2.412258e-01,-6.352631e-01,-5.947387e-01,1.087455e-01,2.894797e-01,-6.461535e-02,1.334404e+00,2.307665e-01,-8.163671e-02,-6.557872e-03,0,-1.091159e-02
1.798678e-03,-4.945502e+00,-4.844508e+00,-7.835197e+00,-3.996453e+00,9.728153e+00,-4.385479e+00,-4.354261e+00,-4.180579e+00,6.375784e+00,8.345916e+00,-8.381564e+00,-9.984776e+00,5.439710e-02,0,5.977319e-01,-1.491959e-04,-2.291651e-01,6.182112e-01,1.481046e+00,1.166394e+00,-1.453298e+00,-3.820987e-01,-6.795855e-01,5.379601e-01,-2.210805e-01,1.103621e+00,1.117399e+00,5.216580e-02,-7.373828e-03,0,-2.669607e-02
1.534670e-03,-5.292824e+00,-3.875097e+00,-6.668973e+00,-2.474332e+00,8.076118e+00,-4.361507e+00,-5.510080e+00,-2.732940e+00,5.802246e+00,9.389558e+00,-7.068779e+00,-9.886926e+00,4.684195e-02,0,5.512590e-01,-1.971100e-04,-1.989048e-01,1.289053e+00,1.723056e+00,1.915599e+00,-1.303401e+00,4.849570e-01,-1.138062e+00,5.551865e-01,-6.411946e-01,6.385139e-01,1.425928e+00,1.984529e-01,-7.887580e-03,0,-4.424165e-02
1.299327e-03,-5.546137e+00,-2.551530e+00,-4.855050e+00,-9.760038e-02,4.978687e+00,-3.663009e+00,-7.987737e+00,-2.613311e+00,5.557931e+00,1.014945e+01,-5.179471e+00,-1.068007e+01,3.656694e-02,0,5.003929e-01,-1.806659e-04,-3.382885e-01,2.049334e+00,2.341381e+00,2.765983e+00,-4.286352e-01,1.287020e+00,-9.075292e-01,8.731548e-02,-7.974974e-01,1.704943e-01,1.959312e+00,9.822798e-01,-7.766698e-03,0,-7.319306e-02
1.173773e-03,-5.676390e+00,-9.200016e-02,-2.175219e+00,2.937249e+00,6.324392e+00,-1.443899e+00,-8.180263e+00,-2.915334e+00,3.695641e+00,9.533257e+00,-3.749528e+00,-9.891434e+00,2.840737e-02,0,4.486413e-01,-1.312626e-04,-2.026401e-01,2.905267e+00,2.652447e+00,2.984235e+00,8.067156e-01,2.103040e+00,9.541674e-02,-2.111627e-01,-9.292327e-01,-3.814005e-01,2.173836e+00,2.468914e+00,-6.436991e-03,0,-1.077515e-01
1.075798e-03,-6.445161e+00,3.510613e+00,1.624831e+00,7.127672e+00,8.460840e+00,5.908175e-01,-7.556816e+00,-3.652804e+00,3.441600e+00,9.126537e+00,-2.446297e-01,-5.071124e+00,2.478090e-02,0,2.830755e-01,-8.914152e-05,-3.414281e-01,2.914139e+00,2.178681e+00,2.592728e+00,1.387615e+00,2.547641e+00,1.315410e+00,-5.227111e-02,-5.151711e-01,-3.825653e-01,2.187177e+00,3.557750e+00,-5.318828e-03,0,-1.328267e-01
9.901222e-04,-5.856512e+00,7.620169e+00,3.353318e+00,8.834208e+00,1.036862e+01,4.026778e+00,-5.248457e+00,-3.269007e+00,2.214248e+00,7.994012e+00,1.332981e+00,-3.468296e-01,2.055001e-02,0,1.211604e-01,-6.131818e-05,-4.648086e-01,2.190020e+00,1.176708e+00,1.199121e+00,5.821535e-01,2.034507e+00,1.935947e+00,9.232316e-01,-9.194575e-02,-3.648670e-01,1.811571e+00,2.911633e+00,-4.653974e-03,0,-1.180358e-01
9.454446e-04,-7.163217e+00,8.163082e+00,3.274086e+00,9.917562e+00,9.894647e+00,6.339859e+00,-2.876589e+00,-2.697830e+00,3.722772e+00,9.006248e+00,3.215162e+00,2.336380e+00,1.390148e-02,0,0,-3.760924e-05,-5.492133e-01,9.513985e-01,3.212449e-01,-1.614110e-01,-6.523690e-01,7.225522e-01,1.683525e+00,1.967245e+00,1.363025e-01,-4.441788e-01,8.742873e-01,9.607431e-01,-3.475370e-03,0,-6.873115e-02
9.323584e-04,-7.641405e+00,8.531863e+00,2.883692e+00,7.537907e+00,8.518256e+00,5.854117e+00,-8.406382e-01,1.223337e+00,3.095326e+00,7.769067e+00,3.578431e+00,9.629800e-01,1.057721e-02,0,0,-7.004215e-06,-3.697857e-01,-1.050418e-01,3.480539e-01,-1.228111e+00,-1.618250e+00,-1.510757e+00,2.150030e-01,2.415450e+00,3.153592e-01,-8.414708e-01,2.754834e-01,-4.932536e-01,-1.662133e-03,0,7.999303e-03
9.166333e-04,-8.298781e+00,7.811759e+00,3.465869e+00,6.968768e+00,6.124177e+00,3.289909e+00,-1.343099e+00,3.937251e+00,3.682574e+00,7.018116e+00,3.004082e+00,-9.223134e-01,1.239045e-02,0,0,1.453100e-05,2.543511e-01,-6.650282e-01,7.078612e-01,-1.593556e+00,-1.994789e+00,-3.160909e+00,-1.801557e+00,1.638044e+00,2.748120e-01,-1.181439e+00,-1.922261e-01,-6.793569e-01,1.208828e-04,0,8.207126e-02
9.695068e-04,-7.137659e+00,7.270622e+00,4.997696e+00,4.168049e+00,4.162607e+00,-2.002035e+00,-4.940187e+00,5.490703e+00,3.811143e+00,4.780724e+00,2.815938e+00,-1.183751e+00,1.299486e-02,0,1.611569e-01,3.702112e-05,6.293135e-01,-1.366136e+00,7.458441e-01,-9.256506e-01,-1.727740e+00,-3.913338e+00,-2.929340e+00,-3.183083e-01,2.592097e-01,-7.938184e-01,-4.560125e-02,2.594359e-01,1.359927e-03,0,1.377685e-01
9.995254e-04,-6.143335e+00,5.468562e+00,5.756390e+00,3.634712e+00,2.098526e+00,-5.536612e+00,-9.834599e+00,3.358709e+00,4.738924e+00,4.593225e+00,2.635278e+00,1.296071e-02,1.329707e-02,0,3.297778e-01,3.882183e-05,7.909330e-01,-1.445524e+00,2.891287e-01,2.965125e-01,-1.137815e+00,-3.208939e+00,-2.655033e+00,-1.853024e+00,-3.050246e-01,-1.207036e-01,4.247324e-01,7.838930e-01,2.931399e-03,0,1.447307e-01
1.076018e-03,-5.572561e+00,2.872780e+00,5.467652e+00,4.576681e+00,1.892381e+00,-9.299311e+00,-1.124159e+01,-7.893324e-02,3.863199e+00,5.012421e+00,3.534827e+00,1.792522e+00,1.692354e-02,0,5.239535e-01,2.009127e-05,4.956487e-01,-1.055362e+00,-2.495610e-01,1.832762e+00,-3.184949e-01,-1.667055e+00,-1.391003e+00,-2.762579e+00,-1.070815e+00,1.040374e+00,8.112856e-01,8.814236e-01,4.563312e-03,0,6.374325e-02
1.057487e-03,-5.126666e+00,2.783062e+00,4.676535e+00,8.247014e+00,1.570213e+00,-9.106147e+00,-1.146756e+01,-2.543050e+00,2.131423e+00,6.298749e+00,4.768299e+00,1.509015e+00,2.508310e-02,0,5.422553e-01,-9.619829e-06,2.634421e-01,1.193528e-01,-5.571688e-01,2.117322e+00,6.851600e-01,3.887300e-01,-3.807377e-01,-2.552215e+00,-1.542277e+00,2.063047e+00,1.120498e+00,4.286913e-01,3.656694e-03,0,-4.509573e-02
1.040982e-03,-5.167750e+00,3.336564e+00,4.289819e+00,1.102571e+01,2.834288e+00,-8.552542e+00,-1.107872e+01,-5.371315e+00,-2.391835e-01,9.129831e+00,5.805855e+00,2.475339e+00,2.991840e-02,0,3.736344e-01,-3.492140e-05,2.469692e-02,1.287381e+00,-4.446683e-01,1.271076e+00,1.258650e+00,2.130507e+00,-2.569075e-02,-1.203421e+00,-1.149880e+00,2.208152e+00,9.204899e-01,4.582345e-02,4.835304e-04,0,-1.410704e-01
9.689440e-04,-5.028530e+00,5.833434e+00,3.559462e+00,1.099681e+01,5.053372e+00,-3.966347e+00,-1.181972e+01,-6.756176e+00,-9.212694e-01,1.284976e+01,7.102255e+00,1.815009e+00,2.508311e-02,0,1.794587e-01,-3.358035e-05,-1.195194e-01,1.744191e+00,-3.266014e-01,-4.041243e-01,1.783655e+00,3.083549e+00,2.689129e-01,3.678376e-01,-6.763228e-01,1.245930e+00,6.556442e-01,-2.082876e-01,-2.750075e-03,0,-1.458145e-01
9.456824e-04,-5.498144e+00,7.784500e+00,3.802847e+00,9.557164e+00,6.444049e+00,-1.216677e+00,-1.119396e+01,-3.989473e+00,-3.598531e-01,1.277768e+01,6.970299e+00,1.868643e+00,1.934119e-02,0,0,-2.537126e-05,-2.122928e-01,1.628339e+00,-2.083768e-01,-1.373655e+00,1.643573e+00,3.584529e+00,9.877214e-01,1.777695e+00,-8.243091e-02,-9.119501e-01,1.282558e-01,-3.686559e-01,-1.934119e-03,0,-9.267275e-02
9.372351e-04,-5.559065e+00,9.280047e+00,3.287014e+00,6.960663e+00,8.683606e+00,2.643665e+00,-1.006538e+01,-1.394783e+00,-1.189857e+00,1.070448e+01,7.464298e+00,7.709253e-01,1.662134e-02,0,0,-1.184403e-05,-2.718112e-01,9.910925e-01,-1.110189e-01,-1.521045e+00,1.139495e+00,3.378501e+00,1.799607e+00,1.476152e+00,1.616764e-01,-2.529309e+00,-2.993265e-01,5.237455e-02,2.568752e-03,0,-3.589174e-02
9.299806e-04,-5.963946e+00,9.754954e+00,3.384159e+00,6.175506e+00,9.237035e+00,6.065099e+00,-7.017288e+00,8.364632e-01,-5.170444e-01,5.642719e+00,6.266112e+00,1.154101e+00,2.447869e-02,0,0,-1.023328e-05,-8.924361e-02,3.329814e-01,-1.658898e-01,-9.772520e-01,3.071756e-01,3.034353e+00,2.359133e+00,-2.505865e-02,3.109868e-01,-3.006697e+00,-5.387357e-01,4.950865e-01,6.044122e-03,0,0
9.175748e-04,-6.154685e+00,9.803669e+00,3.213712e+00,5.082410e+00,9.354354e+00,9.285274e+00,-4.910025e+00,-1.788384e+00,-3.429174e-02,3.770690e+00,5.957716e+00,2.434152e+00,3.535812e-02,0,0,-8.977438e-06,1.056836e-01,-3.100145e-01,-3.577936e-01,-4.458071e-01,-3.367012e-01,2.142863e+00,2.509029e+00,-1.376023e+00,3.722049e-02,-2.598607e+00,-7.007291e-01,1.036489e+00,7.192505e-03,0,0
9.043462e-04,-5.646553e+00,9.187596e+00,3.010049e+00,5.610031e+00,7.644554e+00,1.063428e+01,-1.975976e+00,-3.917966e+00,6.172982e-01,1.211084e+00,5.029911e+00,3.512462e+00,4.019341e-02,0,0,-6.318558e-06,3.826203e-01,-5.953172e-01,-1.052493e+00,-5.577914e-01,-5.357090e-01,9.755443e-01,2.317450e+00,-1.167208e+00,-9.923698e-01,-1.970243e+00,-8.752849e-01,6.080685e-01,3.898459e-03,0,0
9.051652e-04,-5.189344e+00,8.013654e+00,1.685101e+00,5.014366e+00,7.796341e+00,1.107339e+01,-4.088465e-02,-5.897682e+00,-1.570926e+00,-7.274004e-02,4.578753e+00,4.774192e+00,4.472650e-02,0,0,-3.796408e-06,4.316975e-01,-5.196731e-01,-1.646032e+00,-8.979260e-01,-5.604579e-01,1.872389e-01,2.490597e+00,4.140467e-01,-1.971000e+00,-1.993338e+00,-1.511395e+00,-8.537009e-02,1.057721e-03,0,0
9.045926e-04,-4.533514e+00,7.673376e+00,-1.114001e+00,3.420572e+00,7.337496e+00,1.004876e+01,2.135391e+00,-2.944928e+00,-4.710577e+00,-2.286781e+00,2.579169e+00,3.024424e+00,3.928680e-02,0,0,-1.111475e-06,2.306259e-01,-8.565149e-02,-1.623666e+00,-1.205490e+00,-4.763994e-01,-2.968235e-01,2.223207e+00,1.489517e+00,-1.908917e+00,-1.218317e+00,-1.966732e+00,-1.181707e+00,-9.066180e-04,0,0
8.984695e-04,-4.552716e+00,7.962414e+00,-2.954424e+00,1.687509e+00,6.705593e+00,1.051423e+01,5.487279e+00,-2.046698e-01,-7.225357e+00,-4.447067e+00,-3.738900e-01,2.251321e+00,4.110003e-02,0,0,7.991563e-07,-2.737951e-03,2.426683e-01,-6.393194e-01,-6.819156e-01,-4.221974e-01,-3.326117e-01,1.793737e+00,1.186552e+00,-6.740015e-01,-2.434919e-01,-2.000101e+00,-1.303102e+00,-3.022060e-03,0,0
9.021366e-04,-4.811737e+00,8.784959e+00,-2.788520e+00,1.246008e+00,5.807930e+00,9.429746e+00,6.375977e+00,6.831157e-01,-6.100072e+00,-2.693340e+00,-2.327430e+00,-1.134636e+00,3.747356e-02,0,0,6.582437e-06,-2.698430e-01,3.293021e-01,6.401969e-01,4.105689e-01,9.919496e-02,-1.577897e-01,7.790750e-01,-2.615687e-01,6.229087e-01,8.156201e-01,-1.046283e+00,-6.563834e-01,-5.046842e-03,0,0
9.103889e-04,-5.063922e+00,8.671204e+00,-6.742365e-01,2.692069e+00,6.450137e+00,9.719837e+00,6.807509e+00,-1.778943e+00,-4.246185e+00,-1.086920e+00,-2.968451e+00,3.382149e-01,3.052282e-02,0,0,1.075933e-05,-3.513399e-01,3.833122e-01,1.464362e+00,1.623080e+00,6.885217e-01,-3.189490e-01,-5.578568e-01,-1.271560e+00,1.023118e+00,1.049361e+00,3.093377e-01,3.021230e-01,-8.280447e-03,0,0
9.315451e-04,-5.627126e+00,8.965491e+00,9.468903e-01,4.971136e+00,7.961199e+00,9.657011e+00,5.370651e+00,-3.465635e+00,-3.085619e+00,1.112459e-01,-1.354967e+00,6.990600e-01,1.934119e-02,0,0,6.957597e-06,-3.652933e-01,3.360015e-01,1.681730e+00,2.248427e+00,1.005801e+00,-5.448653e-01,-1.353333e+00,-1.306213e+00,4.799474e-01,8.547217e-01,1.325269e+00,5.926985e-01,-8.461772e-03,0,0
9.375619e-04,-5.901721e+00,9.788709e+00,2.499681e+00,7.940346e+00,9.071568e+00,8.805850e+00,3.200659e+00,-4.488095e+00,-3.616995e+00,-6.025519e-01,6.865670e-01,2.845088e+00,8.763977e-03,0,0,3.609166e-07,-3.260202e-01,4.236508e-01,1.524762e+00,2.033337e+00,8.918611e-01,-1.078093e+00,-2.056699e+00,-6.967025e-01,2.712407e-01,1.204201e+00,1.483271e+00,-3.452519e-01,-5.983681e-03,0,0
9.233381e-04,-6.219305e+00,9.906214e+00,4.033173e+00,9.864006e+00,9.526221e+00,7.162413e+00,1.412736e+00,-4.493374e+00,-4.014931e+00,1.338085e+00,2.471403e+00,5.754199e-01,6.044122e-03,0,0,-3.431726e-06,-2.713363e-01,4.412241e-01,1.375175e+00,1.245882e+00,4.571234e-01,-1.170986e+00,-1.795823e+00,-1.124203e-01,3.199827e-01,1.473945e+00,1.221807e+00,-7.574831e-01,-1.964340e-03,0,0
9.162970e-04,-6.397934e+00,1.031910e+01,5.406430e+00,1.041232e+01,1.012693e+01,5.576672e+00,-1.497029e+00,-4.748586e+00,-2.425326e+00,4.320667e+00,2.534720e+00,-1.326224e+00,7.252946e-03,0,0,-1.173583e-07,-3.274283e-01,6.023577e-01,1.038295e+00,5.237737e-01,6.196480e-02,-8.274967e-01,-1.270181e+00,1.941563e-01,6.833035e-01,9.050764e-01,9.759158e-01,-5.549427e-01,1.571472e-03,0,0
9.250189e-04,-6.735701e+00,1.090642e+01,6.369390e+00,9.964561e+00,9.719134e+00,5.416668e+00,-1.259621e+00,-3.897490e+00,-2.081540e+00,5.019360e+00,3.829990e+00,-1.002699e+00,1.027501e-02,0,0,3.894855e-06,-3.608013e-01,7.492481e-01,6.209781e-01,3.451436e-01,-2.244168e-01,-4.592740e-01,-7.451977e-01,2.423461e-01,9.798622e-01,-3.573304e-01,6.181384e-01,6.533121e-01,3.022061e-03,0,0
9.361347e-04,-7.280664e+00,1.230040e+01,6.523048e+00,1.050894e+01,9.284935e+00,5.541239e+00,-1.814068e+00,-3.815255e+00,-1.167172e+00,2.082193e+00,4.886852e+00,8.594341e-01,1.450589e-02,0,0,5.845504e-07,-3.892112e-01,6.502469e-01,2.874344e-01,6.998259e-01,-1.869633e-01,-2.040133e-01,-6.378671e-01,1.677781e-01,1.087356e+00,-1.274944e+00,2.367616e-01,1.251315e+00,2.901179e-03,0,0
9.328935e-04,-7.581946e+00,1.266181e+01,6.579754e+00,1.154142e+01,8.825135e+00,4.883760e+00,-2.154733e+00,-3.748309e+00,2.553037e-01,6.706703e-01,4.386029e+00,2.749151e+00,1.752795e-02,0,0,-3.081752e-06,-3.353763e-01,2.968233e-01,1.546319e-01,1.004819e+00,3.783417e-02,-2.560786e-01,-7.387035e-01,2.572093e-01,1.178969e+00,-8.955663e-01,-4.277044e-01,9.070719e-01,1.813236e-03,0,0
9.152825e-04,-7.920867e+00,1.269264e+01,6.738420e+00,1.312302e+01,9.639114e+00,4.823060e+00,-4.238809e+00,-3.984286e+00,1.843035e+00,1.202919e-01,3.440509e+00,3.054427e+00,1.813237e-02,0,0,1.962982e-05,-4.611154e-01,-2.062569e-01,-6.579795e-02,5.791672e-01,-7.039432e-02,1.041224e-01,2.343950e-02,6.563488e-01,5.911239e-01,1.971324e-01,-7.645825e-01,-3.517317e-02,3.022058e-04,0,3.469714e-02
9.200363e-04,-8.092481e+00,1.219441e+01,7.034864e+00,1.368161e+01,9.731215e+00,4.495365e+00,-3.740768e+00,-2.526928e+00,2.308203e+00,1.522479e+00,2.414639e+00,2.435164e+00,1.752795e-02,0,0,4.265966e-05,-4.070843e-01,-2.741413e-01,-3.592718e-01,-7.506227e-01,-1.098158e+00,2.278567e-01,1.147906e+00,1.220712e+00,6.778705e-02,9.564854e-01,-5.767483e-01,-4.114383e-01,-6.346328e-04,0,8.530361e-02
1.040712e-03,-9.330974e+00,1.150281e+01,5.966504e+00,1.233467e+01,8.479923e+00,6.256048e+00,-9.038529e-01,-1.144202e+00,7.619974e-01,2.641950e+00,2.049635e+00,8.405619e-01,1.601692e-02,0,1.734857e-01,5.419988e-05,1.133133e-01,-5.242264e-01,-1.408236e+00,-2.723677e+00,-2.008314e+00,3.516220e-01,1.417962e+00,6.265892e-01,-2.325506e-01,1.646570e+00,2.824137e-01,-1.917482e-01,-6.346327e-04,0,1.019326e-01
1.083477e-03,-8.912314e+00,1.188601e+01,5.169353e+00,8.182475e+00,3.913941e+00,5.306549e+00,1.917318e+00,9.352109e-01,1.134758e+00,4.192268e+00,2.197725e+00,1.798892e+00,1.541251e-02,0,3.397752e-01,2.469475e-05,1.011113e+00,-9.972161e-01,-2.546979e+00,-4.153998e+00,-2.200989e+00,-1.630101e-01,3.586058e-01,-6.207753e-01,-8.067317e-02,2.026316e+00,1.498817e+00,1.928645e-01,1.813237e-04,0,4.988685e-02
1.104562e-03,-6.944384e+00,1.022571e+01,6.299937e-01,2.254205e+00,2.506182e+00,6.175577e+00,2.195660e-02,-2.582410e+00,1.267004e+00,7.018247e+00,4.961035e+00,2.413822e+00,1.601692e-02,0,3.397752e-01,-1.248578e-06,1.734238e+00,-2.067914e+00,-3.672770e+00,-4.585834e+00,-1.083551e+00,-6.342132e-01,-1.331588e+00,-2.090662e+00,2.496309e-01,2.173893e+00,1.899726e+00,-1.939032e-01,3.626473e-03,0,-1.468605e-02
1.011585e-03,-4.230212e+00,7.846883e+00,-3.031776e+00,-2.048142e+00,1.713140e+00,3.720550e+00,-2.410644e+00,-4.911701e+00,1.652333e+00,9.465911e+00,8.453027e+00,2.612856e+00,1.843457e-02,0,1.662895e-01,6.814359e-06,1.444282e+00,-2.879786e+00,-3.872454e+00,-3.539370e+00,3.406883e-01,-9.106802e-01,-1.351544e+00,-2.375138e+00,2.433351e-01,1.280821e+00,8.979534e-01,-1.533951e+00,9.217286e-03,0,-7.073413e-03
1.070415e-03,-3.000836e+00,3.182802e+00,-8.296782e+00,-5.479186e+00,4.162567e+00,3.877982e+00,-5.397810e+00,-8.674058e+00,1.751364e+00,1.087459e+01,8.420611e+00,-5.359361e-01,3.263826e-02,0,1.867983e-01,2.858597e-05,5.632402e-01,-3.006944e+00,-2.759074e+00,-1.885998e+00,9.767463e-01,-1.041334e+00,1.820254e-01,-9.126440e-01,2.310693e-01,-1.075931e-01,-1.179327e+00,-2.529562e+00,1.477788e-02,0,6.676581e-02
1.134622e-03,-3.662680e+00,1.008535e+00,-9.729530e+00,-5.647678e+00,4.789190e+00,1.901946e+00,-2.130518e+00,-7.894655e+00,2.109253e+00,8.668200e+00,4.957704e+00,-4.395982e+00,5.318828e-02,0,3.808966e-01,4.836295e-05,-3.207807e-01,-2.601934e+00,-1.376721e+00,-4.503588e-01,1.203484e+00,-6.371416e-01,1.881425e+00,8.034629e-01,-1.271195e-02,-1.144687e+00,-2.956835e+00,-3.092066e+00,1.692354e-02,0,1.202938e-01
1.185973e-03,-4.411949e+00,-1.389839e+00,-9.816501e+00,-5.376015e+00,5.851888e+00,1.878207e+00,7.920203e-01,-5.654153e+00,2.193891e+00,6.879137e+00,8.120587e-01,-6.729568e+00,7.252946e-02,0,5.663007e-01,1.822064e-05,-5.780235e-01,-1.579558e+00,1.470773e-01,6.973747e-01,3.759476e-01,-4.523834e-01,1.900094e+00,1.794210e+00,-7.370919e-01,-1.062477e+00,-3.186193e+00,-2.293888e+00,1.145361e-02,0,5.913322e-02
1.195621e-03,-5.128559e+00,-2.876466e+00,-9.155522e+00,-4.351521e+00,6.885900e+00,1.534729e+00,3.901563e+00,-2.404339e+00,1.367510e+00,5.740201e+00,-2.526873e+00,-9.750656e+00,8.310667e-02,0,5.780073e-01,-2.138261e-05,-4.254680e-01,-4.664094e-01,9.413549e-01,1.281081e+00,-4.085897e-01,5.366207e-02,1.825431e-01,1.094635e+00,-1.266584e+00,-7.054210e-02,-1.992615e+00,-1.478479e+00,1.511031e-03,0,-5.471750e-02
1.131019e-03,-5.158014e+00,-2.772488e+00,-7.848400e+00,-2.640391e+00,4.993949e+00,1.799673e+00,1.086620e+00,-2.448167e+00,-1.563224e+00,7.026209e+00,-3.768067e+00,-9.328037e+00,7.494712e-02,0,3.839090e-01,-6.490372e-05,-2.924662e-01,8.857977e-01,1.866429e+00,2.027979e+00,-1.609106e+00,4.489241e-02,-1.046509e+00,2.519421e-01,-1.254244e+00,8.136177e-01,7.592291e-02,-3.621730e-01,-9.912360e-03,0,-1.512104e-01
1.055186e-03,-5.416987e+00,-6.321874e-01,-6.006806e+00,-6.100857e-01,3.175211e+00,2.209523e+00,-1.365102e+00,-4.024475e+00,-2.345112e+00,8.241954e+00,-2.715306e+00,-1.048914e+01,5.953461e-02,0,1.985049e-01,-7.436784e-05,-2.558034e-01,2.036800e+00,2.871013e+00,2.623965e+00,-1.985249e+00,1.715991e-01,-1.093189e+00,-1.976424e-01,-3.221079e-01,1.068088e+00,2.055508e+00,1.197640e+00,-1.634935e-02,0,-1.539924e-01
9.316723e-04,-5.730066e+00,1.917010e+00,-2.058716e+00,2.893164e+00,-3.382948e-01,1.765272e+00,-1.807193e+00,-3.584375e+00,-2.221020e+00,9.696349e+00,1.285890e+00,-8.171189e+00,3.475370e-02,0,0,-5.442459e-05,-2.203332e-01,2.567955e+00,3.460872e+00,2.727653e+00,-1.316701e+00,-2.143226e-02,-4.211738e-01,1.835794e-01,1.067283e+00,6.483783e-01,2.983804e+00,2.499422e+00,-1.650045e-02,0,-9.663229e-02
9.234552e-04,-6.121550e+00,4.962785e+00,2.304703e+00,6.001528e+00,-3.742207e-01,2.409925e+00,-1.174738e-01,-2.824447e+00,8.586904e-02,9.745570e+00,5.223691e+00,-4.340881e+00,2.145663e-02,0,0,-2.639081e-05,-2.245347e-01,2.254937e+00,3.243949e+00,2.246338e+00,-2.184405e-01,-5.839058e-01,-4.641691e-01,6.755590e-01,1.584642e+00,9.562846e-02,2.417127e+00,3.177446e+00,-1.151405e-02,0,-3.970098e-02
9.247612e-04,-5.907399e+00,7.269804e+00,5.300207e+00,7.692065e+00,1.851582e-01,1.592311e+00,-1.643063e+00,-2.130284e+00,2.557701e+00,9.516293e+00,7.181454e+00,9.493947e-02,1.148383e-02,0,0,2.546358e-06,-3.871493e-01,1.066769e+00,2.464990e+00,9.675686e-01,6.954077e-01,-1.451082e+00,-1.354079e+00,1.213786e+00,1.419815e+00,-6.072162e-01,8.930721e-01,2.253639e+00,-4.170444e-03,0,2.849145e-02
9.266876e-04,-6.450994e+00,7.966101e+00,6.533479e+00,8.222155e+00,1.821282e+00,-6.235254e-01,-3.768013e+00,-1.373725e+00,3.188736e+00,8.810124e+00,6.422546e+00,1.265022e+00,1.359927e-02,0,0,8.783018e-06,-4.918277e-01,-1.411851e-01,1.704924e+00,-1.741481e-01,1.205281e-01,-2.181381e+00,-1.265464e+00,1.109762e+00,2.811619e-01,-1.207280e+00,-5.771894e-01,1.070946e+00,1.722575e-03,0,4.273718e-02
9.427879e-04,-7.501091e+00,5.749197e+00,8.151845e+00,6.620693e+00,2.040992e+00,-3.973414e+00,-6.752317e+00,1.759195e+00,3.326619e+00,7.127991e+00,5.151823e+00,2.940564e-01,1.783016e-02,0,1.424573e-01,1.775385e-05,-4.525653e-01,-9.029425e-01,1.297742e+00,-4.379269e-01,-1.200657e+00,-2.026445e+00,-4.265096e-02,7.462012e-01,-1.047149e+00,-1.802912e+00,-7.597206e-01,3.496895e-01,5.802357e-03,0,7.400566e-02
9.583569e-04,-7.783843e+00,5.017162e+00,9.403504e+00,5.666473e+00,-6.994972e-01,-5.714118e+00,-3.890165e+00,7.796223e-01,1.107220e+00,4.903323e+00,3.352560e+00,9.142914e-01,2.689634e-02,0,1.424573e-01,1.766257e-05,-1.350519e-01,-6.388655e-01,1.012350e+00,1.207485e-01,-2.311275e+00,-1.356401e+00,1.367290e+00,3.883421e-02,-1.799311e+00,-1.495843e+00,-6.794932e-01,3.707319e-01,6.436991e-03,0,4.690272e-02
9.976957e-04,-7.503801e+00,4.229560e+00,1.035390e+01,6.780271e+00,-4.557736e+00,-5.994618e+00,-1.795241e+00,5.240478e-01,-1.637284e+00,2.455132e+00,4.917844e+00,2.018752e+00,3.384708e-02,0,2.987997e-01,1.347779e-05,6.625061e-02,1.701635e-01,8.706538e-01,8.600770e-01,-2.606403e+00,-4.513842e-01,2.119508e+00,-1.721009e-01,-1.961012e+00,-7.851826e-01,-3.011096e-01,6.074320e-02,4.895738e-03,0,4.165542e-03
9.875465e-04,-7.124898e+00,5.531591e+00,1.049420e+01,8.746108e+00,-6.435730e+00,-6.394928e+00,5.899004e-01,-5.619805e-01,-3.325869e+00,3.667340e+00,3.142070e+00,2.256334e+00,3.777577e-02,0,1.563424e-01,3.908470e-06,-2.043080e-02,8.006132e-01,8.108822e-01,8.029043e-01,-1.672004e+00,2.635447e-01,1.617645e+00,-2.826047e-02,-1.282144e+00,3.440952e-01,-1.655287e-01,-6.905326e-01,1.631913e-03,0,-4.273718e-02
9.955821e-04,-7.499310e+00,6.342800e+00,1.195977e+01,9.381261e+00,-8.122909e+00,-5.889930e+00,1.605187e+00,1.569492e+00,-4.261896e+00,3.820069e+00,3.751519e+00,-7.324895e-02,3.686914e-02,0,1.563424e-01,-7.636857e-06,-1.212445e-01,1.156149e+00,5.236555e-01,6.629944e-02,-3.830324e-01,1.038151e+00,1.162524e+00,-3.296957e-01,-5.812436e-01,8.374629e-01,3.039196e-01,-1.034700e+00,-1.511030e-03,0,-7.539417e-02
9.789561e-04,-7.888242e+00,7.963608e+00,1.265498e+01,8.380500e+00,-7.276934e+00,-4.448739e+00,2.497843e+00,1.155976e-01,-3.991194e+00,5.941330e+00,3.108078e+00,-1.492371e+00,3.354488e-02,0,0,-1.241980e-05,-9.356098e-02,9.407591e-01,1.599550e-02,-2.204324e-01,1.145945e+00,1.564937e+00,5.464950e-01,-3.730403e-01,3.836341e-02,3.361476e-01,9.315097e-01,-5.188951e-01,-3.445150e-03,0,-4.690272e-02
9.638066e-04,-7.728352e+00,8.794294e+00,1.189179e+01,7.294572e+00,-6.052296e+00,-1.776959e+00,3.063406e+00,-1.463220e+00,-4.210840e+00,5.505451e+00,6.454438e+00,-1.280397e+00,2.840737e-02,0,0,-1.939756e-05,-1.412046e-01,6.234584e-01,-7.814246e-01,1.256969e-01,2.699187e+00,1.904481e+00,1.218983e-01,2.503957e-01,7.301744e-01,-2.592557e-01,1.049962e+00,1.010749e+00,-4.502871e-03,0,-3.126848e-02
9.413352e-04,-7.478182e+00,9.009640e+00,1.060816e+01,8.687290e+00,-1.741314e+00,-6.267262e-01,2.593266e+00,-9.108259e-01,-3.159580e+00,4.505387e+00,6.448159e+00,2.654324e-01,2.478090e-02,0,0,-2.141469e-05,-3.816005e-01,2.129886e-01,-1.128032e+00,7.372027e-01,3.098309e+00,2.132882e+00,7.443058e-02,1.728739e+00,1.540308e+00,-9.525925e-01,8.286015e-01,1.905298e+00,-4.835298e-03,0,0
9.174047e-04,-8.410362e+00,8.937077e+00,9.076054e+00,9.856350e+00,2.605217e+00,1.721467e+00,2.166967e+00,3.334682e+00,-1.026831e+00,3.241762e+00,7.331291e+00,4.101593e+00,1.873678e-02,0,0,-2.268238e-05,-8.269993e-01,-7.946195e-02,-1.360402e+00,7.349005e-01,3.114625e+00,2.464807e+00,4.409989e-01,3.021638e+00,2.563545e+00,-6.034280e-01,2.109392e-01,1.713560e+00,-4.261106e-03,0,0
8.950836e-04,-9.455239e+00,8.957160e+00,8.422690e+00,1.078562e+01,3.885853e+00,4.466457e+00,3.318216e+00,6.360343e+00,2.118339e+00,2.310212e+00,6.812659e+00,5.343124e+00,1.420369e-02,0,0,-1.977722e-05,-9.232842e-01,-1.445086e-01,-1.512545e+00,-1.946993e-02,2.302881e+00,2.971647e+00,9.562110e-01,2.574319e+00,2.705551e+00,9.650464e-02,-2.368594e-01,1.947186e-01,-2.750075e-03,0,0
8.735205e-04,-1.087482e+01,8.423224e+00,6.182514e+00,9.919908e+00,6.707246e+00,8.000482e+00,4.905926e+00,1.000939e+01,5.967923e+00,3.585899e+00,7.326884e+00,4.748555e+00,1.239045e-02,0,0,-1.396457e-05,-4.026014e-01,-1.563629e-01,-1.527342e+00,-7.378155e-01,1.486637e+00,2.353146e+00,8.101290e-01,1.000370e+00,2.301771e+00,1.302829e+00,-7.646175e-01,-1.716068e+00,-4.230883e-04,0,0
8.643912e-04,-1.086237e+01,8.544023e+00,4.492208e+00,8.558162e+00,7.722074e+00,1.109200e+01,6.004841e+00,8.623419e+00,6.870800e+00,4.815842e+00,5.266066e+00,9.155440e-01,1.420369e-02,0,0,-6.492156e-06,5.792624e-01,1.540222e-02,-1.393591e+00,-1.564212e+00,2.211646e-01,8.597276e-01,-6.525527e-01,-1.386569e+00,9.827833e-01,2.295345e+00,-1.093241e+00,-2.454348e+00,2.357208e-03,0,0
8.629281e-04,-9.719802e+00,8.361831e+00,3.404583e+00,7.281004e+00,8.120292e+00,1.017442e+01,4.874300e+00,7.204997e+00,8.105794e+00,8.503091e+00,4.281500e+00,-2.264959e+00,1.662134e-02,0,0,1.308019e-05,1.486982e+00,-1.605778e-02,-6.722492e-01,-2.213794e+00,-1.675863e+00,-1.530919e+00,-2.105156e+00,-3.333331e+00,-1.933836e-01,2.857765e+00,-1.362714e+00,-2.200934e+00,7.252946e-03,0,3.445598e-02
8.679191e-04,-7.136436e+00,9.064868e+00,2.843700e+00,4.284015e+00,4.285153e+00,7.678124e+00,7.126522e-02,8.296943e-01,5.963320e+00,1.132834e+01,2.869144e+00,-3.421860e+00,2.387428e-02,0,0,3.462876e-05,1.764125e+00,-1.754832e-01,-5.490668e-01,-2.735928e+00,-2.880065e+00,-3.212029e+00,-2.566000e+00,-3.555712e+00,-6.973391e-01,2.775069e+00,-1.586188e+00,-1.329383e+00,1.492898e-02,0,8.798299e-02
9.371575e-04,-5.302879e+00,8.082513e+00,3.645522e+00,9.880118e-01,4.639236e-02,2.052827e+00,-2.653069e+00,-2.760405e+00,5.454744e+00,1.461847e+01,1.711775e+00,-4.087411e+00,4.381989e-02,0,1.722799e-01,4.944442e-05,1.466294e+00,-3.510008e-01,-8.691012e-01,-2.651703e+00,-3.024513e+00,-3.492623e+00,-1.376677e+00,-2.628818e+00,-7.123061e-01,1.651654e+00,-1.678396e+00,-9.738861e-01,1.891810e-02,0,1.448021e-01
1.000420e-03,-4.250209e+00,7.806265e+00,1.626404e+00,-1.974980e+00,-2.641304e+00,-9.073458e-01,-3.061471e+00,-4.172444e+00,4.709629e+00,1.563350e+01,-1.380010e+00,-4.820147e+00,7.524932e-02,0,3.537750e-01,4.000828e-05,9.594684e-01,-1.119433e-01,-1.458863e+00,-1.943375e+00,-1.873906e+00,-2.640851e+00,4.030978e-01,-6.151322e-01,3.898950e-02,-1.004293e-01,-1.305448e+00,-1.184546e+00,1.299486e-02,0,1.124530e-01
1.043900e-03,-3.831445e+00,7.236128e+00,-3.322751e-01,-2.848016e+00,-3.539046e+00,-2.995958e+00,-4.427169e-01,-3.438026e+00,5.171109e+00,1.460878e+01,-1.985903e+00,-6.435246e+00,8.552433e-02,0,5.471231e-01,1.070772e-05,6.088172e-01,5.599875e-01,-1.731230e+00,-1.003741e+00,-3.668521e-01,-8.368806e-01,1.044313e+00,5.439499e-01,4.244302e-01,-1.955691e+00,-9.471048e-01,-1.085618e+00,-2.417649e-03,0,6.320462e-03
1.014589e-03,-3.074812e+00,8.928344e+00,-2.461718e+00,-3.514844e+00,-3.291657e+00,-3.001741e+00,9.815784e-01,-1.907156e+00,6.300086e+00,1.083104e+01,-1.809257e+00,-8.170673e+00,6.799638e-02,0,3.748432e-01,-1.398247e-05,2.367491e-01,1.151838e+00,-6.383758e-01,3.298126e-01,1.116346e+00,4.757590e-01,4.728301e-01,1.170488e+00,5.798591e-01,-2.860497e+00,-6.861591e-01,-3.240407e-01,-1.704443e-02,0,-1.061325e-01
9.836116e-04,-2.846492e+00,1.032141e+01,-2.966565e+00,-3.260760e+00,-1.462692e+00,-1.084378e+00,5.469735e-01,-1.173299e+00,6.781667e+00,7.241249e+00,-2.809125e+00,-7.840239e+00,3.535812e-02,0,1.933481e-01,-2.412430e-05,-2.430542e-01,1.287448e+00,7.380591e-01,1.457393e+00,2.249637e+00,1.363539e+00,-3.460483e-01,1.332593e+00,-3.144810e-01,-2.995134e+00,-5.048297e-01,1.251739e+00,-2.051979e-02,0,-1.469089e-01
9.606520e-04,-3.558940e+00,1.202281e+01,-2.483300e-01,-1.195455e-01,1.902247e+00,5.156595e-01,-1.192166e+00,5.476319e-01,6.803646e+00,5.014780e+00,-4.399195e+00,-5.737854e+00,1.511031e-02,0,0,-1.627173e-05,-6.853597e-01,8.514543e-01,2.112015e+00,2.556567e+00,2.555825e+00,1.307111e+00,-4.932527e-01,8.112456e-01,-1.460186e+00,-2.014153e+00,1.646731e-02,2.349503e+00,-1.426413e-02,0,-9.430345e-02
9.502468e-04,-4.804652e+00,1.212614e+01,2.251326e+00,2.741299e+00,5.112188e+00,2.063036e+00,-1.086086e+00,1.997544e+00,3.346924e+00,2.541240e+00,-3.215083e+00,-1.392959e+00,9.368389e-03,0,0,-7.151003e-06,-8.241591e-01,4.814915e-01,2.483121e+00,2.526932e+00,1.541997e+00,8.215910e-01,4.498521e-01,4.202831e-01,-2.121823e+00,-1.322174e+00,8.281381e-01,2.301609e+00,-4.956180e-03,0,-3.866962e-02
9.499132e-04,-5.522530e+00,1.228325e+01,5.489414e+00,6.266963e+00,6.200026e+00,1.960107e+00,-6.681549e-01,5.636501e-01,7.165282e-01,3.110277e+00,-1.523942e+00,3.532010e-01,9.670596e-03,0,0,-5.235203e-06,-6.101261e-01,3.238046e-01,2.052781e+00,1.850474e+00,1.139794e-01,4.713526e-01,1.052023e+00,-2.148122e-01,-1.041326e+00,-6.145624e-01,8.376513e-01,1.233121e+00,8.159563e-04,0,0
9.532259e-04,-5.985493e+00,1.259865e+01,6.580169e+00,6.180647e+00,4.098403e+00,2.301353e+00,2.534229e+00,9.201066e-01,-7.838882e-01,1.582628e+00,-1.060615e-01,6.222789e-01,1.329707e-02,0,0,-7.576670e-06,-4.223440e-01,4.185408e-01,1.568462e+00,1.246058e+00,-7.269804e-01,2.934518e-01,1.133484e+00,-1.873859e-02,6.390731e-01,-5.826924e-01,5.652429e-01,1.305580e-01,2.266546e-03,0,0
9.329864e-04,-6.019150e+00,1.340558e+01,7.851154e+00,7.413149e+00,2.979037e+00,2.753264e+00,2.257792e+00,1.228964e-02,3.662419e+00,2.421274e+00,-1.765449e+00,-5.798687e-01,1.722575e-02,0,0,-9.788654e-06,-3.100130e-01,2.040398e-01,9.290142e-01,9.901535e-01,-2.789420e-01,4.104885e-01,3.882881e-01,6.888245e-01,1.964848e+00,-3.981169e-01,5.682322e-01,-2.710859e-02,1.329707e-03,0,0
9.208269e-04,-6.668062e+00,1.365768e+01,8.912766e+00,8.398496e+00,3.087781e+00,3.133717e+00,3.118358e+00,2.179531e+00,5.069344e+00,-2.772105e-02,-2.681143e-01,-2.736340e-01,1.692354e-02,0,0,-8.210569e-06,-4.230936e-01,-2.623098e-01,5.661865e-01,1.507797e+00,7.240890e-01,6.459855e-01,9.078169e-03,1.285358e+00,1.825370e+00,3.407723e-01,9.500490e-01,4.484981e-01,-1.118163e-03,0,0
9.171694e-04,-6.731310e+00,1.277394e+01,8.968186e+00,1.010881e+01,5.310627e+00,3.596368e+00,9.812213e-01,3.378061e+00,7.614151e+00,1.924868e+00,1.398246e+00,6.656145e-01,1.450589e-02,0,0,-1.817441e-06,-6.486431e-01,-8.188111e-01,2.113116e-01,1.535708e+00,1.223793e+00,1.000232e+00,2.902986e-01,1.797828e+00,7.143275e-01,9.529314e-01,1.872254e+00,1.203383e+00,-2.840737e-03,0,0
9.200816e-04,-7.744881e+00,1.160292e+01,8.852586e+00,1.237180e+01,6.553053e+00,5.109729e+00,3.217905e+00,5.664010e+00,6.367097e+00,3.534693e+00,3.062336e+00,2.242028e+00,9.066183e-03,0,0,-2.452580e-06,-7.918958e-01,-8.481604e-01,1.016443e-01,1.358693e+00,1.157847e+00,1.304500e+00,5.787395e-01,1.189138e+00,-4.751471e-01,1.239152e+00,1.773495e+00,1.177280e+00,-2.750076e-03,0,0
9.242718e-04,-8.723956e+00,1.033890e+01,8.937802e+00,1.310503e+01,7.365367e+00,6.766416e+00,3.659512e+00,7.259190e+00,6.585180e+00,5.404724e+00,5.930594e+00,4.179218e+00,6.950740e-03,0,0,-9.311782e-06,-7.856349e-01,-4.493824e-01,1.787834e-02,4.364843e-01,4.168908e-01,1.252804e+00,7.508284e-01,5.019423e-01,-1.186605e+00,5.701078e-01,1.282277e+00,8.762149e-01,-6.950741e-04,0,0
9.050128e-04,-9.631218e+00,1.063439e+01,9.436179e+00,1.369384e+01,7.849645e+00,8.071191e+00,4.672910e+00,6.184656e+00,3.208094e+00,4.428109e+00,6.333186e+00,3.855962e+00,6.950740e-03,0,0,-1.477817e-05,-4.880023e-01,-2.543948e-01,-5.734068e-01,-8.159019e-01,-3.430763e-01,6.951064e-01,3.042305e-01,-6.003971e-01,-1.003541e+00,-1.625595e-02,2.249290e-01,4.337820e-01,3.112723e-03,0,0
8.781449e-04,-9.716316e+00,1.101129e+01,8.765781e+00,1.163021e+01,6.746786e+00,8.379658e+00,4.007861e+00,5.627449e+00,3.260627e+00,4.328699e+00,6.174204e+00,4.239722e+00,1.208824e-02,0,0,1.164259e-05,-2.542846e-01,-1.033116e+00,-1.828426e+00,-2.073948e+00,-1.348055e+00,-2.289516e-01,5.841983e-01,-9.284059e-01,-5.070545e-01,3.417241e-01,-9.054890e-01,3.882739e-01,8.461772e-03,0,0
8.692542e-04,-9.688712e+00,9.994752e+00,6.071562e+00,9.029708e+00,5.146963e+00,7.778641e+00,4.564883e+00,3.477895e+00,3.011670e+00,3.991426e+00,4.065176e+00,4.380686e+00,2.206104e-02,0,0,4.968829e-05,-2.115535e-01,-2.202299e+00,-3.001439e+00,-3.024846e+00,-1.898716e+00,-1.429615e+00,6.057916e-02,-8.490106e-01,3.064930e-02,1.082980e+00,-1.369804e+00,1.610359e-01,1.287398e-02,0,0
1.000364e-03,-9.966632e+00,5.493143e+00,1.477981e+00,5.067364e+00,1.976433e+00,5.767933e+00,6.634516e+00,3.970541e+00,4.148119e+00,7.331686e+00,2.537154e+00,5.858225e+00,4.170445e-02,0,0,6.426610e-05,6.691370e-02,-2.337727e+00,-3.272800e+00,-3.314853e+00,-1.778123e+00,-2.114539e+00,-6.335047e-01,-1.083119e+00,-7.301682e-01,1.724656e+00,-1.282380e+00,-8.591975e-01,1.341795e-02,0,0
1.092345e-03,-1.056383e+01,2.381971e+00,-1.927114e+00,1.851037e+00,7.412439e-01,2.228980e+00,3.662478e+00,2.768057e+00,2.917594e+00,8.341517e+00,1.302693e+00,3.851890e+00,5.651255e-02,0,0,4.749638e-05,8.726600e-01,-1.149190e+00,-2.619992e+00,-3.001643e+00,-1.482256e+00,-2.166758e+00,-2.180059e+00,-2.136214e+00,-1.479383e+00,1.788547e+00,-5.316995e-02,-1.898955e+00,7.464492e-03,0,4.138058e-02
1.087930e-03,-8.944190e+00,3.129047e+00,-3.598881e+00,-1.354722e+00,5.902736e-02,5.817911e-01,1.291540e+00,5.667709e-01,-3.431760e-01,1.077693e+01,1.143546e+00,2.081323e-01,6.195225e-02,0,0,2.856497e-05,1.971070e+00,5.698544e-01,-1.462780e+00,-2.469687e+00,-1.676346e+00,-1.890796e+00,-2.672058e+00,-3.808758e+00,-2.069883e+00,1.210401e+00,1.185712e+00,-2.150147e+00,-1.631913e-03,0,1.049401e-01
1.062953e-03,-5.836633e+00,5.430849e+00,-4.489970e+00,-2.767464e+00,-1.305615e+00,-4.620804e-01,-3.663925e+00,-5.501288e+00,-2.139598e+00,1.121154e+01,4.496130e+00,-2.289042e+00,4.925960e-02,0,2.069029e-01,5.273529e-05,2.458571e+00,1.056416e+00,-5.047410e-01,-1.828663e+00,-3.037544e+00,-1.782987e+00,-1.559613e+00,-4.423552e+00,-1.223330e+00,9.015703e-01,1.861822e+00,-1.089308e+00,-7.917801e-03,0,1.681740e-01
1.157885e-03,-2.474880e+00,6.817976e+00,-4.554492e+00,-4.971823e+00,-5.381866e+00,-2.340515e+00,-3.062573e+00,-1.093858e+01,-3.672699e+00,1.194868e+01,6.868995e+00,-1.822045e+00,3.717135e-02,0,4.212492e-01,7.423820e-05,1.798404e+00,5.563796e-01,4.117678e-01,-1.314893e+00,-3.980422e+00,-2.048616e+00,1.820856e-02,-3.490402e+00,-2.806284e-02,4.056861e-01,1.103422e+00,1.361747e-01,-8.220007e-03,0,1.686062e-01
1.321044e-03,-1.505628e+00,5.819586e+00,-3.973014e+00,-5.483730e+00,-1.172603e+01,-5.224802e+00,-1.958529e+00,-1.359703e+01,-1.534295e+00,1.226350e+01,7.749077e+00,-5.795590e-01,2.931399e-02,0,6.302453e-01,5.629277e-05,6.812021e-01,1.777864e-02,1.035211e+00,-1.112856e+00,-3.874378e+00,-1.656322e+00,1.540876e+00,-1.155324e+00,7.558751e-01,3.361447e-01,-1.963146e-01,2.932854e-01,-3.414930e-03,0,1.042325e-01
1.330076e-03,-2.117674e+00,5.716576e+00,-1.798519e+00,-6.571052e+00,-1.463287e+01,-7.279930e+00,5.298852e-01,-1.283736e+01,-7.861416e-01,1.227938e+01,5.034180e+00,3.426456e-02,3.082502e-02,0,6.313599e-01,-4.407438e-06,-1.585004e-01,-5.914912e-02,9.070754e-01,-1.002083e+00,-2.554194e+00,-6.072823e-01,1.603604e+00,9.076053e-01,1.104954e+00,1.775432e-01,-1.214000e+00,-4.381505e-01,7.252952e-04,0,3.940106e-02
1.258321e-03,-2.609226e+00,6.070442e+00,-6.918992e-01,-7.532127e+00,-1.605200e+01,-6.273984e+00,2.244225e+00,-1.032852e+01,1.964991e-01,1.272691e+01,4.431965e+00,-1.750769e+00,3.535812e-02,0,6.230101e-01,-5.322323e-05,-2.644258e-01,2.555031e-01,3.037672e-01,-9.501411e-01,-1.116597e+00,4.560007e-01,1.396290e+00,2.186398e+00,7.405038e-01,2.869619e-01,-1.321618e+00,-1.149157e+00,2.085222e-03,0,-3.089178e-03
1.167209e-03,-2.715583e+00,6.396802e+00,-1.659672e+00,-8.958040e+00,-1.598985e+01,-4.852335e+00,2.854068e+00,-8.034807e+00,9.866734e-01,1.260469e+01,2.457551e+00,-3.427193e+00,3.777577e-02,0,6.218721e-01,-5.403366e-05,1.760597e-02,2.386322e-01,-5.142688e-01,-4.749933e-01,-6.088627e-01,1.018295e+00,6.811031e-01,2.231549e+00,3.001796e-01,4.794924e-01,-7.369962e-01,-1.281618e+00,4.533086e-04,0,-3.939462e-03
1.136361e-03,-2.528802e+00,6.756989e+00,-2.523601e+00,-9.040942e+00,-1.663053e+01,-4.158596e+00,3.860830e+00,-5.066321e+00,1.281816e+00,1.353565e+01,2.429300e+00,-4.594614e+00,3.626473e-02,0,6.195433e-01,5.049212e-06,-6.963196e-02,-1.704689e-01,-7.387397e-01,2.362434e-01,2.677728e-01,6.652522e-01,-1.171455e-01,2.151262e+00,-1.516623e-01,8.745547e-02,-2.575969e-01,-5.203514e-01,-1.722576e-03,0,-5.687880e-03
1.120888e-03,-2.069856e+00,6.566464e+00,-3.454013e+00,-8.191611e+00,-1.738792e+01,-3.246151e+00,3.127099e+00,-4.310716e+00,1.720977e-01,1.427247e+01,2.350532e+00,-4.951906e+00,3.263826e-02,0,6.133960e-01,6.559365e-05,-7.206215e-01,-4.836398e-01,-5.056819e-01,1.177803e+00,1.525399e+00,7.872947e-01,-5.906612e-01,2.120110e+00,-2.105195e-01,-8.358682e-01,2.631668e-01,4.194909e-01,-1.783017e-03,0,-1.762046e-02
1.306728e-03,-3.280249e+00,5.133267e+00,-3.488427e+00,-6.734125e+00,-1.401410e+01,-3.750815e+00,1.521982e+00,-1.434250e+00,-1.545247e-01,1.233029e+01,3.197490e+00,-3.590170e+00,2.931399e-02,0,5.988088e-01,9.052502e-05,-1.022058e+00,-7.181537e-01,-5.433737e-01,1.424847e+00,2.619760e+00,7.143269e-01,-1.040845e+00,1.435687e+00,-1.060006e-01,-1.656213e+00,8.668295e-01,9.784226e-01,9.972800e-04,0,-2.356308e-02
1.409994e-03,-5.942966e+00,4.790464e+00,-3.705669e+00,-4.222435e+00,-9.671067e+00,-1.119752e+00,1.070186e+00,7.497053e-01,6.522465e-01,9.028029e+00,3.389290e+00,-1.831960e+00,3.233605e-02,0,5.441371e-01,4.555875e-05,-6.519462e-01,-4.944003e-01,-4.555829e-01,1.112323e+00,2.593909e+00,6.371859e-01,-1.040183e+00,2.945580e-01,-1.234798e-01,-1.271965e+00,1.636151e+00,8.145563e-01,4.049563e-03,0,-2.172552e-02
1.444433e-03,-5.702538e+00,4.054220e+00,-5.114642e+00,-3.901294e+00,-7.390153e+00,-1.650161e+00,-3.149406e-01,-4.180980e-01,5.117387e-01,7.876810e+00,6.244069e+00,-1.262473e+00,4.140224e-02,0,5.363573e-01,-4.169319e-05,5.088868e-01,-1.482892e-01,-3.893035e-01,4.756908e-01,1.295421e+00,-1.904683e-01,-1.489490e+00,-1.676761e+00,-5.323101e-01,2.502041e-01,2.609147e+00,3.233088e-02,5.197946e-03,0,-4.964507e-03
1.279829e-03,-4.118442e+00,4.633986e+00,-4.918820e+00,-4.046410e+00,-7.730353e+00,-1.110548e+00,-1.155354e+00,-3.346002e+00,-7.784330e-01,1.013939e+01,9.007995e+00,-2.042972e+00,4.684195e-02,0,5.359941e-01,-9.050767e-05,1.171802e+00,-4.154635e-03,-2.403073e-02,4.493384e-01,4.225748e-01,-1.211273e+00,-1.970252e+00,-2.607420e+00,-8.736776e-01,1.623496e+00,2.748700e+00,-3.105015e-01,3.142944e-03,0,9.341073e-03
1.163344e-03,-1.648077e+00,4.470060e+00,-4.828369e+00,-4.443684e+00,-8.507354e+00,-4.707758e+00,-4.812699e+00,-7.770201e+00,-2.100735e+00,1.302563e+01,1.343387e+01,-3.323009e+00,4.805077e-02,0,5.780577e-01,-8.868617e-05,8.207113e-01,1.971866e-01,1.055822e-01,1.455997e+00,7.898672e-01,-1.433242e+00,-2.124697e+00,-2.842024e+00,-8.096485e-01,1.841637e+00,1.949386e+00,-1.006089e-01,9.368394e-04,0,6.691921e-03
1.098000e-03,-2.111189e+00,4.561771e+00,-3.968959e+00,-1.704548e+00,-6.999593e+00,-5.647321e+00,-6.532196e+00,-8.611344e+00,-2.409904e+00,1.457110e+01,1.353789e+01,-2.354199e+00,4.472650e-02,0,5.699922e-01,-5.189103e-05,2.341695e-01,2.988351e-01,-1.608510e-01,2.385952e+00,2.338649e+00,-5.081169e-01,-2.190201e+00,-2.313736e+00,-3.329753e-01,5.677198e-01,3.602952e-01,3.849255e-01,-9.972804e-04,0,-3.777533e-02
1.091917e-03,-2.602608e+00,5.076260e+00,-5.061661e+00,2.207761e+00,-3.806197e+00,-6.547984e+00,-8.250006e+00,-1.199555e+01,-2.720768e+00,1.486914e+01,1.372605e+01,-1.609904e+00,4.714416e-02,0,5.528179e-01,-2.879577e-05,-3.339846e-01,7.511826e-01,-4.726837e-02,2.791913e+00,3.614110e+00,1.328999e+00,-1.645993e+00,-1.312789e+00,6.606134e-01,-5.802678e-01,-7.994328e-01,8.899318e-01,-2.598973e-03,0,-1.014904e-01
1.056087e-03,-2.470329e+00,5.825062e+00,-5.606429e+00,4.557625e+00,1.612313e+00,-2.731020e+00,-1.038771e+01,-1.280201e+01,-2.133293e+00,1.205624e+01,1.066338e+01,-9.748972e-01,4.230886e-02,0,3.597374e-01,-2.921823e-05,-5.209025e-01,1.408258e+00,8.941950e-01,2.371982e+00,3.603965e+00,2.316064e+00,-8.131770e-01,5.452547e-01,1.619667e+00,-1.333746e+00,-8.759266e-01,1.015997e+00,-4.653974e-03,0,-1.517069e-01
1.040322e-03,-3.138430e+00,7.594328e+00,-4.245976e+00,6.384792e+00,5.257246e+00,4.790862e-01,-1.111491e+01,-1.223881e+01,1.064026e+00,1.138172e+01,1.087396e+01,4.369985e-01,3.626473e-02,0,1.757333e-01,-3.478866e-05,-1.058620e+00,1.621368e+00,2.226451e+00,1.773447e+00,2.152218e+00,2.199900e+00,9.326330e-01,3.236375e+00,2.066736e+00,-1.501798e+00,-4.821607e-01,1.255142e+00,-5.772138e-03,0,-1.465373e-01
9.777060e-04,-4.447790e+00,1.034403e+01,9.417375e-02,8.066845e+00,6.488509e+00,2.419465e+00,-9.165630e+00,-5.763438e+00,3.796035e+00,9.646080e+00,1.058430e+01,1.702334e+00,2.689634e-02,0,0,-3.201620e-05,-1.607211e+00,1.333156e+00,2.799077e+00,1.444659e+00,5.054284e-01,9.501106e-01,2.696478e+00,5.133540e+00,1.521075e+00,-1.742275e+00,-1.520457e-01,1.198685e+00,-4.472651e-03,0,-8.952080e-02
9.571643e-04,-6.906979e+00,1.092362e+01,3.220291e+00,9.320388e+00,4.516796e+00,1.876274e+00,-4.197879e+00,6.670432e-01,4.648245e+00,8.565233e+00,1.135479e+01,3.327190e+00,2.598972e-02,0,0,-2.825995e-05,-1.691386e+00,3.899506e-01,2.097628e+00,8.910570e-01,-3.683368e-01,1.672837e-01,3.399654e+00,5.364760e+00,3.129689e-01,-2.184932e+00,-4.954189e-01,8.573712e-01,-2.175884e-03,0,-3.514666e-02
9.375851e-04,-8.622108e+00,1.082620e+01,4.655823e+00,1.031312e+01,4.509680e+00,1.320939e+00,-3.638314e-01,6.412758e+00,3.679970e+00,4.753108e+00,9.662740e+00,3.573430e+00,2.508311e-02,0,0,-1.553289e-05,-1.272205e+00,-3.702687e-01,8.475382e-01,3.696739e-01,-4.278884e-01,-1.120901e-01,2.697652e+00,3.635052e+00,-4.179605e-01,-1.914675e+00,-5.950444e-01,4.633059e-01,-9.066165e-05,0,0
9.190825e-04,-9.508202e+00,9.302996e+00,3.961340e+00,9.716939e+00,4.404976e+00,1.864768e+00,1.482461e+00,8.496895e+00,2.686903e+00,2.903548e+00,8.857649e+00,3.788306e+00,2.629193e-02,0,0,-9.466615e-06,-6.088540e-01,-4.764449e-01,7.876148e-02,1.969204e-02,-3.283419e-02,5.208158e-02,1.320697e+00,1.774384e+00,-4.915751e-01,-1.317293e+00,-5.799367e-01,1.137107e-01,1.813237e-04,0,0
