pcm_RMSenergy_sma,pcm_fftMag_mfcc_sma[1],pcm_fftMag_mfcc_sma[2],pcm_fftMag_mfcc_sma[3],pcm_fftMag_mfcc_sma[4],pcm_fftMag_mfcc_sma[5],pcm_fftMag_mfcc_sma[6],pcm_fftMag_mfcc_sma[7],pcm_fftMag_mfcc_sma[8],pcm_fftMag_mfcc_sma[9],pcm_fftMag_mfcc_sma[10],pcm_fftMag_mfcc_sma[11],pcm_fftMag_mfcc_sma[12],pcm_zcr_sma,F0final_sma,voicingFinalUnclipped_sma,pcm_RMSenergy_sma_de,pcm_fftMag_mfcc_sma_de[1],pcm_fftMag_mfcc_sma_de[2],pcm_fftMag_mfcc_sma_de[3],pcm_fftMag_mfcc_sma_de[4],pcm_fftMag_mfcc_sma_de[5],pcm_fftMag_mfcc_sma_de[6],pcm_fftMag_mfcc_sma_de[7],pcm_fftMag_mfcc_sma_de[8],pcm_fftMag_mfcc_sma_de[9],pcm_fftMag_mfcc_sma_de[10],pcm_fftMag_mfcc_sma_de[11],pcm_fftMag_mfcc_sma_de[12],pcm_zcr_sma_de,F0final_sma_de,voicingFinalUnclipped_sma_de
9.267514e-04,-5.476480e+00,2.298237e+00,-9.978763e+00,-3.106045e+00,-9.881172e-01,4.558551e+00,8.593240e-01,-5.707640e+00,-4.362980e-01,6.533128e+00,-2.619358e+00,-4.070021e+00,1.139317e-01,0,0,-2.668758e-05,-1.574635e+00,-1.528450e-01,1.038168e+00,5.433778e-01,2.400871e-01,8.472924e-02,4.224711e-01,1.038051e+00,1.204723e-01,-6.799592e-01,1.090408e+00,1.302307e+00,5.349050e-03,0,0
8.760664e-04,-8.755479e+00,1.643786e+00,-8.317091e+00,-1.905149e+00,-5.381731e-01,4.298401e+00,5.199533e-01,-4.444612e+00,-4.111457e-02,5.563558e+00,-5.696526e-01,-1.453937e+00,1.329707e-01,0,0,-3.374870e-05,-1.951630e+00,-1.955530e-01,1.409316e+00,7.057456e-01,6.487933e-01,-5.961590e-02,8.420216e-01,1.981643e+00,2.597787e-01,-7.405878e-01,1.622701e+00,1.751124e+00,-1.511000e-04,0,0
8.186559e-04,-1.171016e+01,1.861238e+00,-5.618761e+00,-9.896048e-01,-1.265375e-02,5.112273e+00,3.141365e+00,-1.148902e+00,-3.152840e-02,3.618117e+00,1.807831e+00,1.133470e+00,1.311574e-01,0,0,-2.002577e-05,-9.775062e-01,1.535316e-01,1.080345e+00,4.458789e-01,6.706722e-01,-7.783032e-03,1.073476e+00,2.190841e+00,-8.958552e-02,-4.379487e-01,1.514630e+00,1.284716e+00,-1.130251e-02,0,0
8.120556e-04,-1.211779e+01,1.538972e+00,-5.112185e+00,-6.355382e-01,1.768118e+00,3.983611e+00,3.928412e+00,1.921206e+00,6.602108e-01,4.287694e+00,3.280551e+00,2.083855e+00,1.045633e-01,0,0,1.756933e-05,1.039624e+00,5.128769e-01,-9.496593e-02,-2.472102e-01,2.010607e-01,1.656848e-01,3.022378e-01,7.306015e-01,-7.967599e-01,2.586803e-01,7.469946e-01,-1.562486e-01,-1.876700e-02,0,3.546559e-02
8.586279e-04,-8.682856e+00,3.118302e+00,-6.179491e+00,-1.511456e+00,1.212098e+00,4.677031e+00,4.522475e+00,2.063656e+00,-1.234888e+00,4.981317e+00,3.028689e+00,5.846644e-01,7.162285e-02,0,0,4.030126e-05,2.168926e+00,7.612438e-01,-9.317185e-01,-8.300141e-01,-6.573045e-01,-2.737899e-02,-1.239599e+00,-1.245545e+00,-1.399262e+00,1.014447e-01,-1.884135e-01,-1.002302e+00,-1.220913e-02,0,5.319839e-02
9.439271e-04,-5.071011e+00,3.579639e+00,-8.511556e+00,-2.880275e+00,-1.452456e-01,5.344446e+00,1.340588e+00,-2.397882e+00,-3.423234e+00,6.175360e+00,2.554892e+00,-1.960777e+00,6.890299e-02,0,1.773280e-01,2.817553e-05,1.327946e+00,5.898092e-01,-3.931077e-01,-6.951349e-01,-1.116242e+00,-1.798641e-01,-1.985374e+00,-2.067429e+00,-8.784692e-01,-5.484920e-01,-7.150421e-01,-8.775069e-01,1.813233e-03,0,5.319839e-02
9.542264e-04,-4.388918e+00,4.647123e+00,-8.577667e+00,-4.017306e+00,-2.342495e+00,4.294960e+00,-1.762718e+00,-5.217083e+00,-4.986118e+00,3.181508e+00,1.228593e+00,-1.855723e+00,8.794197e-02,0,1.773280e-01,-8.693710e-06,-7.847745e-01,1.530595e-02,8.240421e-01,-1.621988e-02,-7.817103e-01,-9.549174e-01,-1.877346e+00,-1.040170e+00,4.094811e-01,-8.740305e-01,-7.159092e-01,4.505565e-01,8.129342e-03,0,0
9.051340e-04,-7.625029e+00,3.723607e+00,-5.878635e+00,-2.858288e+00,-2.035795e+00,3.275326e+00,-2.855864e+00,-4.775570e+00,-1.856520e+00,2.445139e+00,6.053883e-01,-1.083486e+00,1.054699e-01,0,1.773280e-01,-3.502068e-05,-2.084978e+00,-4.901333e-01,1.697056e+00,8.114832e-01,2.907720e-01,-7.336227e-01,-3.388624e-01,5.240787e-01,1.458297e+00,-6.713074e-01,-4.732119e-01,1.356854e+00,3.324267e-03,0,-5.319839e-02
8.345559e-04,-1.132972e+01,3.122848e+00,-3.375740e+00,-1.603549e+00,-1.751178e+00,9.370039e-01,-2.766028e+00,-1.948353e+00,2.916034e-02,2.476275e+00,4.238946e-01,2.398801e+00,9.398609e-02,0,0,-3.291839e-05,-1.925422e+00,-7.788292e-01,1.423990e+00,9.230444e-01,9.515284e-01,6.551983e-02,1.243405e+00,1.348903e+00,1.456038e+00,-4.347131e-01,-4.189631e-01,1.153161e+00,-2.840735e-03,0,-5.319839e-02
8.286590e-04,-1.202550e+01,1.891110e+00,-2.627240e+00,-2.973700e-02,1.012956e+00,3.355311e+00,1.479303e-01,-1.411854e+00,1.360610e+00,3.171439e+00,5.911813e-01,2.696230e+00,8.250227e-02,0,0,-1.412310e-05,-5.038392e-01,-7.217275e-02,6.536838e-01,3.099076e-01,8.660209e-01,5.988876e-01,2.167251e+00,1.535930e+00,8.370504e-01,-1.021487e+00,-5.869400e-01,1.499801e-01,-2.719834e-04,0,-3.546559e-02
8.278720e-04,-1.181579e+01,1.669226e+00,-3.083416e+00,-8.163598e-01,8.907714e-01,4.582567e+00,2.952410e+00,-1.544267e-01,6.855047e-01,6.447923e-01,-8.591189e-01,2.020223e+00,8.522213e-02,0,0,1.631989e-05,1.312120e+00,1.073501e+00,-1.326453e-01,-8.051065e-01,1.722679e-01,7.385141e-01,2.265131e+00,1.527856e+00,-9.431963e-02,-1.582432e+00,-7.289115e-01,-8.908189e-01,5.560591e-03,0,3.895745e-02
8.378605e-04,-9.901188e+00,4.089554e+00,-2.756378e+00,-1.702345e+00,9.733341e-01,4.446982e+00,5.121172e+00,2.007116e+00,2.000560e+00,-1.746553e+00,-1.687805e+00,-1.442962e-01,1.084920e-01,0,0,2.830247e-05,2.150249e+00,2.052164e+00,-3.500079e-01,-1.509897e+00,-1.083055e+00,-4.917609e-01,1.255071e+00,1.379698e+00,-1.225698e+00,-1.562015e+00,-2.769064e-01,-5.009962e-01,8.038681e-03,0,5.843619e-02
9.115546e-04,-5.831275e+00,7.391129e+00,-3.974398e+00,-4.792778e+00,-8.700278e-01,4.083739e+00,6.073008e+00,3.981445e+00,-7.624125e-01,-2.976888e+00,-2.081170e+00,-6.350300e-01,1.087942e-01,0,1.947873e-01,2.676355e-05,1.742749e+00,1.643047e+00,-4.464512e-01,-1.186280e+00,-1.199442e+00,-9.524306e-01,3.601946e-01,7.768632e-01,-2.009127e+00,-8.622277e-01,4.529286e-01,2.267183e-01,7.796918e-03,0,5.843619e-02
9.283300e-04,-4.266514e+00,9.290978e+00,-3.931788e+00,-5.591013e+00,-3.521917e+00,1.145921e+00,4.862986e+00,3.418701e+00,-4.043919e+00,-2.827795e+00,-1.823252e-01,1.518875e+00,1.109096e-01,0,1.947873e-01,3.068469e-06,1.393146e-01,1.399182e-01,-4.492750e-01,-4.405270e-02,-7.525071e-01,-7.578673e-01,1.127027e-01,2.015926e-01,-1.582264e+00,-2.907981e-01,2.522133e-01,6.019263e-01,7.101846e-03,0,0
9.164549e-04,-5.919383e+00,7.283748e+00,-4.727967e+00,-4.803424e+00,-2.858812e+00,1.470945e+00,4.882476e+00,3.024096e+00,-6.337889e+00,-3.125726e+00,6.527843e-01,2.322229e+00,1.229979e-01,0,1.947873e-01,-1.790368e-05,-9.207739e-01,-9.130716e-01,-6.385179e-02,9.087722e-01,2.711994e-01,4.919124e-03,4.028742e-01,-1.432523e-01,3.702802e-01,2.125729e-01,-2.724557e-01,1.962001e-01,3.203386e-03,0,-5.843619e-02
8.507526e-04,-9.160562e+00,4.842836e+00,-4.625968e+00,-1.917285e+00,-1.794809e+00,1.964043e+00,6.279951e+00,3.493753e+00,-3.123022e+00,-3.126125e+00,-1.793715e+00,1.386706e+00,1.368994e-01,0,0,-3.653433e-06,-1.863881e-01,-5.374171e-01,9.733029e-02,4.214846e-01,3.832082e-01,9.153187e-01,5.547159e-01,-2.153701e-01,1.576485e+00,4.839265e-01,-1.057481e+00,-2.216310e-01,-7.585373e-03,0,-1.962468e-02
8.608249e-04,-7.988121e+00,5.049842e+00,-3.946567e+00,-2.085781e+00,-3.775850e-01,3.699273e+00,7.378897e+00,3.227657e+00,6.285398e-01,-1.764858e+00,-2.637753e+00,4.120555e-01,1.118163e-01,0,0,1.227814e-05,1.016394e+00,5.194827e-01,4.036116e-01,-5.238709e-01,-5.152935e-01,4.268013e-01,-5.504785e-01,-8.940708e-01,1.465518e+00,8.919417e-01,-7.499027e-01,3.073576e-01,-1.804170e-02,0,1.925980e-02
9.378779e-04,-4.164085e+00,7.720846e+00,-3.835837e+00,-4.842412e+00,-2.846490e+00,4.608350e+00,6.388355e+00,2.240071e+00,3.552923e-01,-1.088596e+00,-3.824459e+00,1.365807e+00,7.857359e-02,0,1.940575e-01,2.352024e-05,1.651480e+00,1.047267e+00,7.463579e-02,-1.000705e+00,-1.357413e+00,-1.220050e-01,-1.468529e+00,-1.086265e+00,5.215641e-01,9.645914e-01,-7.774331e-02,8.741195e-01,-1.792082e-02,0,5.821726e-02
9.342830e-04,-3.335650e+00,8.442157e+00,-3.104975e+00,-5.960215e+00,-4.909439e+00,2.282798e+00,2.075882e+00,-8.194163e-01,-7.494571e-01,3.152183e-01,-2.081357e+00,3.869467e+00,6.195225e-02,0,1.940575e-01,4.329492e-06,9.248962e-01,5.290982e-01,-2.978144e-01,-3.321127e-01,-1.645593e+00,-8.138315e-01,-1.459510e+00,-5.400483e-01,2.976808e-01,7.682244e-01,1.771971e-01,5.476841e-01,-8.371109e-03,0,0
9.316248e-04,-3.229394e+00,8.383012e+00,-4.673585e+00,-4.983593e+00,-6.315944e+00,2.062256e+00,1.588816e+00,8.596603e-02,1.737970e-01,6.567940e-01,-2.460630e+00,4.028597e+00,7.222726e-02,0,1.940575e-01,-2.090627e-06,5.527567e-01,1.867096e-01,-6.728531e-01,3.562043e-02,-8.326439e-01,-1.202855e-01,-4.214882e-01,4.708928e-01,4.343794e-01,3.799713e-01,4.436838e-01,-4.181369e-01,-2.085223e-03,0,-1.859460e-02
8.855989e-04,-3.830985e+00,7.364251e+00,-5.016765e+00,-3.675754e+00,-6.870824e+00,9.031630e-01,2.481115e+00,1.604468e+00,2.207691e+00,1.203568e+00,-2.433682e+00,1.819081e+00,7.313388e-02,0,0,9.406993e-06,6.961088e-01,3.601587e-01,-6.359723e-01,-4.667714e-01,1.742611e-02,9.268303e-01,5.589930e-01,1.022308e+00,-1.534398e-01,-7.560814e-01,3.143247e-01,-1.008218e+00,-3.626474e-03,0,1.216735e-03
9.517668e-04,-1.152634e+00,9.193347e+00,-6.244208e+00,-5.806540e+00,-6.029017e+00,4.696740e+00,4.078298e+00,3.382592e+00,1.048615e+00,3.670852e-01,-1.429878e+00,3.003154e-01,6.255666e-02,0,1.981133e-01,1.986843e-05,7.704337e-01,6.764838e-01,-2.008832e-01,-1.249923e+00,7.289292e-01,1.275159e+00,6.464022e-01,3.022329e-01,-6.551536e-01,-1.314858e+00,4.867448e-01,-6.685485e-01,-9.096405e-03,0,2.062249e-02
9.712470e-04,-8.934864e-01,9.837783e+00,-5.499525e+00,-7.882599e+00,-4.965772e+00,5.599707e+00,3.626106e+00,2.643808e+00,-1.954065e+00,-3.320334e+00,-1.025110e+00,6.925170e-01,4.865518e-02,0,1.981133e-01,1.957876e-05,3.936048e-01,6.748523e-01,1.804252e-01,-1.569121e+00,5.601299e-01,9.013904e-01,5.787466e-01,-2.814331e-01,-4.701196e-01,-1.304228e+00,1.132947e-01,-2.286804e-01,-1.033545e-02,0,0
9.881429e-04,-8.459751e-01,1.052866e+01,-5.436621e+00,-9.129784e+00,-3.623824e+00,6.089779e+00,4.248332e+00,1.077460e+00,-1.021093e+00,-3.655546e+00,-7.311921e-01,1.249137e+00,3.898459e-02,0,1.981133e-01,6.507529e-06,-1.613496e-01,4.679979e-01,6.818253e-01,-1.159835e+00,-1.699194e-01,-4.951079e-01,3.718735e-01,-5.146289e-03,7.512202e-01,-1.940158e-01,-5.018100e-01,-3.401590e-01,-7.101844e-03,0,-1.874240e-02
9.653046e-04,-2.016290e+00,1.007085e+01,-4.518432e+00,-9.859735e+00,-5.272771e+00,4.713595e+00,5.289831e+00,1.349868e+00,8.919476e-01,-3.306255e+00,-2.216552e+00,2.012681e-01,3.324267e-02,0,0,-3.272842e-06,-3.188418e-01,3.963889e-01,9.741440e-01,-3.109881e-01,-9.286634e-01,-1.360701e+00,2.186640e-01,8.485903e-01,1.639005e+00,9.531552e-01,-8.198367e-01,-6.753452e-01,-2.296767e-03,0,1.603393e-03
9.872756e-04,-1.397980e+00,1.141680e+01,-3.325628e+00,-1.061714e+01,-6.725114e+00,2.664256e+00,5.105803e+00,4.003831e+00,3.381709e+00,-6.100335e-01,-3.343207e+00,-1.154855e+00,3.475370e-02,0,2.034580e-01,-9.994209e-06,-2.566325e-01,3.974991e-01,1.135749e+00,6.457003e-01,-8.525431e-01,-1.704918e+00,-3.915012e-01,1.452773e+00,1.679790e+00,1.189590e+00,-7.618421e-01,-5.441165e-01,1.148384e-03,0,2.141472e-02
9.553164e-04,-2.211693e+00,1.137566e+01,-1.684302e+00,-8.693859e+00,-8.058444e+00,5.089617e-01,4.290690e+00,5.423574e+00,4.039557e+00,-7.731517e-02,-3.818286e+00,-1.482213e+00,3.928679e-02,0,2.034580e-01,-4.280789e-06,3.084521e-02,1.814490e-01,6.686341e-01,1.440177e+00,1.174905e-01,-1.158438e+00,-9.880125e-01,6.567534e-01,1.191505e+00,9.109218e-01,-3.686171e-02,-1.952962e-01,9.368394e-04,0,3.903520e-02
9.431660e-04,-2.031436e+00,1.186376e+01,-1.174942e+00,-6.484220e+00,-6.493703e+00,-3.324932e-01,2.790396e+00,6.304472e+00,5.804050e+00,6.779343e-01,-3.739536e+00,-6.297050e-01,4.170445e-02,0,2.034580e-01,1.080858e-06,9.875970e-02,-1.123825e-01,1.124743e-01,1.635351e+00,8.677222e-01,-3.331234e-01,-1.223003e+00,-3.500636e-01,6.076044e-01,3.603972e-01,6.940887e-01,2.183027e-01,-2.175883e-03,0,-2.484579e-03
9.659555e-04,-1.545336e+00,1.075462e+01,-2.250605e+00,-4.725311e+00,-4.801024e+00,4.197778e-01,1.507471e+00,3.483315e+00,5.638302e+00,6.043699e-01,-2.202696e+00,-1.037788e+00,3.445150e-02,0,1.951760e-01,1.449587e-05,3.519619e-01,-1.026268e-02,-2.267670e-01,9.739279e-01,9.257757e-01,1.391079e-02,-9.394848e-01,-7.573611e-01,5.046743e-01,2.073023e-01,9.867284e-01,1.226151e-02,-5.107283e-03,0,-2.484579e-03
9.873604e-04,-1.237360e+00,1.116541e+01,-2.480105e+00,-4.424665e+00,-4.015213e+00,1.043231e+00,3.823952e-01,3.223642e+00,5.620359e+00,8.511098e-01,-6.805586e-01,-2.855540e-01,2.629193e-02,0,1.951760e-01,1.270187e-05,1.398274e-01,3.226784e-01,7.628618e-02,4.823522e-01,2.491749e-01,-6.744257e-01,-4.674320e-01,-1.890831e-01,1.590538e-01,3.778996e-01,7.819930e-01,-6.864775e-01,-4.019341e-03,0,1.317769e-04
1.005699e-03,-8.489215e-01,1.167352e+01,-2.165555e+00,-4.853997e+00,-4.668810e+00,-1.093465e-01,7.972665e-01,3.177184e+00,6.654774e+00,8.726087e-01,-4.141324e-01,-1.592981e+00,2.145663e-02,0,1.951760e-01,8.503232e-06,2.700352e-02,7.501881e-01,7.756043e-01,3.933611e-01,-2.778406e-01,-1.362679e+00,-2.011190e-01,5.395528e-01,5.301680e-02,6.292825e-01,3.328084e-02,-1.059891e+00,9.066183e-04,0,4.140434e-02
9.868038e-04,-1.680507e+00,1.301770e+01,-8.360355e-01,-4.008116e+00,-5.313936e+00,-3.440060e+00,8.083383e-01,5.512123e+00,6.091084e+00,2.433313e+00,-7.238522e-01,-3.784496e+00,2.810517e-02,0,2.041168e-01,3.975828e-06,-4.780290e-02,4.245567e-01,9.503462e-01,6.124118e-01,-5.603028e-03,-1.027894e+00,-2.322419e-01,1.062730e-01,-7.455789e-01,5.689019e-01,2.511475e-02,-9.296341e-01,4.986401e-03,0,6.076540e-02
1.008750e-03,-1.188745e+00,1.357942e+01,8.053821e-01,-2.966780e+00,-5.540866e+00,-4.151973e+00,2.889048e-01,5.036839e+00,5.668024e+00,2.959681e+00,-2.014645e+00,-4.587774e+00,3.807797e-02,0,3.977273e-01,-9.119976e-07,-5.977287e-02,-2.570724e-01,5.820823e-01,5.625557e-01,7.373723e-01,9.700295e-01,-4.698769e-01,-1.040235e+00,-1.572891e+00,2.419020e-01,3.987156e-01,2.116683e-01,4.321547e-03,0,1.904795e-02
1.005714e-03,-1.306463e+00,1.233524e+01,7.861573e-01,-2.306215e+00,-3.607201e+00,-2.074923e+00,-5.246336e-01,2.825180e+00,2.385839e+00,2.652083e+00,2.452714e-01,-3.436328e+00,4.291327e-02,0,3.977273e-01,7.988780e-06,2.120007e-01,-1.133998e+00,-4.966698e-01,-1.911044e-01,1.580091e+00,3.404449e+00,-5.312437e-01,-2.616377e+00,-2.125549e+00,-1.910967e-01,7.534177e-01,1.330861e+00,-8.461770e-04,0,-2.274323e-02
9.916836e-04,-1.334808e+00,1.072939e+01,-6.624015e-02,-2.892169e+00,-1.835316e+00,4.058233e+00,-8.856317e-01,-6.805183e-01,6.429384e-01,1.972733e+00,1.094884e+00,-7.087233e-01,3.566032e-02,0,1.936105e-01,2.086045e-05,3.286459e-01,-1.413302e+00,-1.483110e+00,-5.829757e-01,1.913800e+00,4.341662e+00,-3.334493e-01,-3.408723e+00,-2.164018e+00,-1.172487e-01,5.288824e-01,1.547486e+00,-5.167724e-03,0,-2.272725e-02
1.035281e-03,-5.474722e-01,8.772724e+00,-2.883574e+00,-5.000944e+00,7.337421e-01,9.477080e+00,-1.260612e+00,-4.711082e+00,-2.024117e+00,1.971303e+00,1.488472e+00,9.302859e-01,2.508311e-02,0,1.924591e-01,3.607710e-05,5.518661e-01,-1.054573e+00,-1.874384e+00,-4.334617e-01,1.724022e+00,3.554318e+00,1.422561e-01,-3.521682e+00,-1.375488e+00,1.342497e-01,-4.123534e-02,1.196162e+00,-5.197945e-03,0,5.715502e-02
1.098269e-03,7.498869e-02,8.294164e+00,-4.775301e+00,-4.534295e+00,1.857661e+00,1.178034e+01,-1.010352e+00,-8.238644e+00,-2.947090e+00,2.713827e+00,8.166750e-03,9.663492e-01,2.115443e-02,0,3.867252e-01,2.923795e-05,4.492286e-01,-4.464569e-01,-1.606003e+00,1.907168e-01,1.424204e+00,1.453418e+00,4.387087e-01,-2.936262e+00,-6.656867e-01,1.616297e-01,-8.213173e-02,4.389154e-01,-2.387428e-03,0,1.205936e-01
1.132807e-03,7.479693e-01,8.279989e+00,-6.231234e+00,-3.652460e+00,3.166418e+00,1.183561e+01,2.490074e-01,-1.100417e+01,-2.696586e+00,2.952785e+00,5.824533e-01,1.706944e+00,2.417649e-02,0,5.869451e-01,3.933988e-06,1.071920e-01,-7.166634e-02,-7.191827e-01,6.878693e-01,5.914959e-01,-3.439769e-01,5.448471e-01,-1.951027e+00,1.539081e-01,6.917115e-02,-1.044911e-01,2.396264e-01,3.626469e-04,0,1.012289e-01
1.089110e-03,2.636144e-01,8.743468e+00,-6.422426e+00,-2.612827e+00,4.069368e+00,1.014606e+01,5.531021e-01,-1.221529e+01,-2.349260e+00,2.290141e+00,1.137235e+00,1.097525e+00,2.417649e-02,0,5.993357e-01,-4.184281e-06,-1.479210e-01,-1.788773e-01,-3.791809e-03,4.594418e-01,-6.671383e-02,-1.472306e+00,4.114260e-01,-4.857725e-01,3.645672e-01,-3.534187e-01,3.290807e-01,1.348836e-01,1.752796e-03,0,3.975023e-02
1.059530e-03,-1.058249e-01,8.189740e+00,-5.655924e+00,-2.522331e+00,2.585368e+00,8.574336e+00,6.818964e-01,-1.247790e+01,-1.553491e+00,2.529002e+00,4.014823e-01,2.062830e+00,2.538531e-02,0,5.922986e-01,8.961547e-06,-2.316923e-01,-5.385319e-01,2.627918e-01,1.875689e-01,-5.210444e-01,-1.977961e+00,1.588560e-01,1.026145e+00,2.897979e-01,-2.904539e-01,3.448739e-01,-7.492368e-02,2.085223e-03,0,-4.960376e-03
1.113986e-03,-2.377194e-01,7.444902e+00,-5.081914e+00,-2.802150e+00,1.814617e+00,6.049446e+00,8.303329e-01,-9.930640e+00,-1.695802e+00,1.158625e+00,1.744056e+00,1.462824e+00,2.931399e-02,0,5.827996e-01,3.272062e-05,-8.796009e-02,-8.554277e-01,2.687569e-02,-2.504647e-02,-3.995107e-01,-1.995041e+00,1.335708e-01,2.273173e+00,-1.205290e-01,8.242073e-02,8.956921e-01,-3.304273e-01,2.840738e-03,0,-5.808127e-03
1.165177e-03,-1.598250e-01,6.236613e+00,-5.587531e+00,-2.619955e+00,1.688572e+00,3.994113e+00,9.046719e-01,-7.015764e+00,-1.574326e+00,2.066274e+00,2.003412e+00,1.149676e+00,3.203385e-02,0,5.704113e-01,4.480091e-05,-3.174438e-03,-1.133606e+00,-4.982651e-01,-1.097814e-01,1.709965e-01,-1.626517e+00,-4.448676e-02,2.617074e+00,-5.558169e-01,6.550245e-01,8.602089e-01,-7.699004e-01,2.266545e-03,0,-2.283525e-03
1.199890e-03,-1.491860e-01,5.442894e+00,-6.322244e+00,-2.689248e+00,2.520213e+00,2.460961e+00,1.109568e+00,-3.580489e+00,-2.941488e+00,2.933609e+00,4.814730e+00,-9.803470e-02,3.505591e-02,0,5.812387e-01,6.054786e-05,8.888688e-02,-1.208259e+00,-9.430181e-01,-3.687760e-01,3.483093e-01,-9.489208e-01,1.001902e-01,1.838228e+00,-6.112683e-01,1.331130e+00,3.081722e-01,-1.063316e+00,2.417648e-03,0,7.566094e-04
1.240582e-03,-1.659638e-01,3.522715e+00,-7.527085e+00,-3.127689e+00,3.087552e+00,2.235994e+00,3.198450e-01,-2.567607e+00,-3.709733e+00,4.916632e+00,3.167190e+00,-1.006242e+00,3.384708e-02,0,5.816614e-01,1.085240e-04,1.661463e-02,-1.206805e+00,-1.164599e+00,-4.860392e-01,5.358303e-01,-4.232270e-01,1.798069e-03,6.549324e-01,1.128800e-02,1.479533e+00,-3.370543e-01,-1.858234e+00,2.236325e-03,0,1.695633e-04
1.379022e-03,2.097845e-01,2.760557e+00,-8.827228e+00,-4.392163e+00,2.856673e+00,2.183902e+00,1.623698e+00,-2.963579e+00,-3.684440e+00,6.389097e+00,2.703028e+00,-2.775794e+00,4.049562e-02,0,5.809576e-01,1.481426e-04,-2.062414e-01,-8.849151e-01,-1.208549e+00,-3.561444e-01,9.482377e-01,-2.043233e-01,-2.148163e-01,-7.329870e-01,9.267112e-01,1.472326e+00,-1.507805e+00,-2.151389e+00,1.813237e-03,0,-4.503405e-03
1.618231e-03,-2.562371e-01,1.543758e+00,-1.015803e+01,-4.198693e+00,4.199493e+00,2.016508e+00,6.565975e-01,-4.049557e+00,-1.146410e+00,7.736193e+00,1.373992e+00,-6.802616e+00,4.049562e-02,0,5.713996e-01,1.282007e-04,-5.292073e-01,-5.182746e-01,-7.092276e-01,3.558933e-01,1.461125e+00,-2.709650e-01,-7.473679e-01,-9.260873e-01,1.896050e+00,1.087421e+00,-1.913851e+00,-2.053573e+00,-3.021993e-05,0,-7.264370e-03
1.751779e-03,-1.135256e+00,2.007796e+00,-1.104951e+01,-3.934468e+00,6.705431e+00,1.549088e+00,-1.328897e-01,-6.504449e+00,4.104061e-01,8.885460e+00,-1.827696e+00,-7.956793e+00,4.079783e-02,0,5.638525e-01,2.624507e-05,-7.886959e-01,-8.569863e-02,1.558365e-01,1.055653e+00,1.407109e+00,-3.779364e-01,-9.954933e-01,-1.253411e-01,2.579950e+00,8.082123e-01,-2.602588e+00,-1.380528e+00,-4.019341e-03,0,-9.495866e-03
1.695208e-03,-2.139480e+00,1.307722e+00,-9.962079e+00,-1.577070e+00,8.468798e+00,1.198576e+00,-2.538701e+00,-5.427608e+00,3.723095e+00,9.105557e+00,-4.136706e+00,-8.683610e+00,3.354488e-02,0,5.538921e-01,-8.252218e-05,-1.165421e+00,6.879042e-01,1.546985e+00,1.273201e+00,7.420765e-01,3.994778e-01,-1.485377e-01,1.542135e+00,2.336610e+00,6.389962e-01,-2.266456e+00,-4.358439e-01,-6.890300e-03,0,-1.299636e-02
1.471759e-03,-2.792073e+00,2.450082e+00,-8.146022e+00,-4.247095e-01,7.757566e+00,7.031859e-01,-1.756120e+00,-2.901259e+00,6.780560e+00,9.745476e+00,-7.554563e+00,-8.737935e+00,2.387428e-02,0,5.422320e-01,-3.346924e-05,-1.964619e+00,1.691289e+00,2.759303e+00,1.398391e+00,4.196470e-01,1.295603e+00,6.749960e-01,2.702090e+00,1.311043e+00,5.895700e-01,-6.854180e-01,1.964912e-01,-6.799638e-03,0,-4.935069e-02
1.345630e-03,-5.254933e+00,4.762136e+00,-3.874855e+00,4.124349e-01,7.383808e+00,4.436848e+00,7.255240e-01,1.859523e+00,7.351566e+00,1.050117e+01,-7.094855e+00,-8.591265e+00,1.450589e-02,0,5.172281e-01,3.199531e-04,-3.206184e+00,2.722033e+00,3.139175e+00,9.354287e-01,9.939642e-01,2.158507e+00,1.617274e+00,2.999088e+00,-4.744174e-01,1.799637e-01,9.651109e-01,1.426671e+00,-3.112723e-03,0,-9.973997e-02
1.759221e-03,-9.400622e+00,8.737033e+00,-2.966108e-01,2.062735e+00,9.346161e+00,6.407965e+00,1.609978e+00,3.362436e+00,5.151384e+00,1.113551e+01,-3.775711e+00,-7.020509e+00,1.631913e-02,0,3.354311e-01,7.981833e-04,-4.118413e+00,2.850363e+00,2.584991e+00,1.101821e+00,1.755735e+00,2.271354e+00,1.556945e+00,2.467043e+00,-1.772115e+00,-3.936947e-01,2.288728e+00,1.858994e+00,6.346329e-03,0,-1.443100e-01
3.151242e-03,-1.486613e+01,1.177441e+01,1.809090e+00,1.856351e+00,1.264432e+01,9.138721e+00,3.864621e+00,6.435982e+00,2.165596e+00,9.310361e+00,-1.200577e+00,-2.408967e+00,2.175884e-02,0,1.585927e-01,1.478955e-03,-4.377066e+00,2.029284e+00,1.152346e+00,9.233578e-01,1.594207e+00,1.280077e+00,8.694067e-01,1.170528e+00,-2.315263e+00,-8.143347e-01,2.176336e+00,1.729588e+00,2.163796e-02,0,-1.369887e-01
4.559870e-03,-1.857854e+01,1.319576e+01,1.936959e+00,4.362439e+00,1.390598e+01,9.709019e+00,4.459057e+00,7.145728e+00,5.129721e-01,8.372405e+00,9.419360e-01,-2.534112e+00,5.197945e-02,0,0,1.877472e-03,-3.670215e+00,5.246089e-01,-1.012626e-01,5.209845e-01,6.341567e-01,1.776429e-01,-3.802943e-01,-4.059335e-01,-2.587379e+00,-7.783321e-01,1.265453e+00,4.479795e-01,3.967966e-02,0,-8.294549e-02
7.340082e-03,-2.255130e+01,1.267919e+01,7.700911e-01,3.879371e+00,1.307493e+01,9.186707e+00,3.648018e+00,5.820518e+00,-1.905544e+00,7.811043e+00,1.427999e+00,-2.186525e+00,1.048655e-01,0,0,1.692667e-03,-2.454013e+00,-1.231924e+00,-9.994200e-01,-5.308173e-02,-5.406604e-01,-1.216123e+00,-2.291579e+00,-2.706330e+00,-3.059825e+00,-8.994621e-01,2.176362e-01,-7.816714e-01,4.856452e-02,0,-3.171854e-02
9.052162e-03,-2.390911e+01,1.090769e+01,-2.834245e-01,3.656147e+00,1.230164e+01,7.272187e+00,-1.831918e-01,1.640501e+00,-5.749942e+00,7.993504e+00,1.237264e+00,-4.891832e+00,1.731641e-01,0,0,6.308613e-04,-4.410042e-01,-2.518562e+00,-1.689213e+00,-1.220965e+00,-1.395497e+00,-1.316467e+00,-2.010565e+00,-2.545325e+00,-2.860715e+00,-1.342964e+00,-6.787077e-01,-1.307699e+00,3.475370e-02,0,0
9.368432e-03,-2.447091e+01,6.758827e+00,-2.077818e+00,1.944089e+00,1.074319e+01,4.276521e+00,-5.272147e+00,-4.343056e+00,-1.000207e+01,5.002501e+00,-2.600602e-01,-5.138463e+00,2.039891e-01,0,0,-9.764915e-04,1.981134e+00,-2.712754e+00,-1.855273e+00,-1.860023e+00,-2.257610e+00,-1.667128e-01,-3.412100e-01,-7.261558e-01,-2.025834e+00,-1.844113e+00,-6.360170e-01,-1.319379e+00,1.087943e-03,0,0
6.700002e-03,-1.982376e+01,3.563133e+00,-5.085149e+00,-7.747434e-01,8.094368e+00,5.581776e+00,-1.133686e+00,-4.991102e-01,-9.742341e+00,3.061854e+00,-1.607572e+00,-7.596637e+00,1.761862e-01,0,0,-2.024945e-03,3.948712e+00,-1.248741e+00,-9.371459e-01,-1.600337e+00,-2.618979e+00,1.063112e+00,1.564072e+00,1.569547e+00,-1.089726e-01,-1.443596e+00,-9.537286e-02,-2.609930e-01,-3.472348e-02,0,3.246951e-02
3.633705e-03,-1.468830e+01,2.787699e+00,-6.105412e+00,-3.205296e+00,3.890518e+00,9.198349e+00,2.417215e+00,3.259545e+00,-1.003851e+01,1.056304e+00,-3.296675e-01,-7.431015e+00,1.087942e-01,0,0,-2.141203e-03,4.461875e+00,8.137054e-01,9.736230e-01,-2.488439e-01,-2.041828e+00,1.544636e+00,1.542416e+00,1.846296e+00,1.126631e+00,-5.264575e-01,5.611272e-01,6.060865e-01,-4.983378e-02,0,4.870427e-02
1.794800e-03,-9.056853e+00,6.649548e+00,-2.955358e+00,-1.770844e+00,2.633084e+00,1.012683e+01,3.792485e+00,5.686936e+00,-6.276585e+00,2.748623e+00,7.952031e-01,-5.050521e+00,4.714416e-02,0,1.623476e-01,-1.401767e-03,3.138171e+00,2.183915e+00,2.847034e+00,1.612588e+00,-8.691344e-01,-7.060623e-02,-7.149416e-01,-5.212409e-01,1.324345e+00,4.024967e-02,8.546582e-01,1.487117e+00,-3.813841e-02,0,4.870427e-02
1.115016e-03,-7.544987e+00,9.284147e+00,1.725401e+00,1.197919e+00,3.264696e+00,9.727176e+00,-2.315442e-02,1.795401e+00,-6.101796e+00,2.526829e+00,1.344188e+00,-3.381089e+00,1.934119e-02,0,1.623476e-01,-6.262123e-04,1.290614e+00,1.869515e+00,2.653998e+00,1.583413e+00,-3.189480e-01,-1.731888e+00,-1.647684e+00,-1.641293e+00,1.041217e+00,-1.242886e-01,1.471208e-01,9.337819e-01,-1.051677e-02,0,0
9.505104e-04,-7.704565e+00,1.123448e+01,5.234613e+00,5.086587e+00,4.061607e+00,4.964331e+00,-3.488209e+00,-2.373243e+00,-5.088976e+00,2.527840e+00,1.828791e+00,-2.186016e+00,3.022061e-02,0,1.623476e-01,-1.900276e-04,-2.367718e-01,3.729294e-01,9.220991e-01,2.078691e-01,-5.786241e-01,-2.196972e+00,-4.502062e-01,-5.878538e-01,8.914878e-01,-4.811407e-01,-2.111455e-01,3.982530e-01,1.239045e-02,0,-4.870427e-02
9.247887e-04,-8.911378e+00,9.842806e+00,3.069592e+00,1.283051e+00,1.581516e+00,3.120157e+00,-2.180856e+00,-9.168283e-01,-5.426235e+00,5.452525e-01,-1.108573e-01,-4.194358e+00,6.467211e-02,0,0,-9.211246e-06,-1.498744e-01,-3.790030e-01,-8.569225e-01,-1.320653e+00,-9.597106e-01,-1.421642e+00,1.706818e+00,1.539971e+00,1.270620e+00,-3.709576e-01,-4.871219e-01,3.930818e-01,1.650045e-02,0,-9.817787e-03
9.397753e-04,-9.557517e+00,8.234865e+00,9.830422e-01,-7.740645e-01,5.815531e-01,2.445481e+00,2.620305e+00,4.103782e+00,-2.156926e+00,1.333708e+00,4.669984e-01,-2.652622e+00,8.643094e-02,0,0,8.810915e-05,9.221390e-01,-1.416608e-01,-1.745433e+00,-1.743602e+00,-1.156626e+00,-3.993699e-01,3.146181e+00,2.638937e+00,1.663590e+00,4.304074e-01,2.560556e-01,8.234646e-01,2.901178e-03,0,6.722382e-02
1.074328e-03,-7.367883e+00,8.888942e+00,-4.334265e-01,-2.475021e+00,2.061702e-01,3.878390e+00,5.456676e+00,6.256743e+00,-1.214718e+00,1.269107e+00,-4.105251e-01,-1.182378e+00,7.373828e-02,0,1.944324e-01,1.655587e-04,2.482956e+00,6.844568e-01,-1.607031e+00,-7.346694e-01,-1.290323e+00,-5.622020e-01,2.211256e+00,1.189812e+00,1.417293e+00,9.017774e-01,9.765094e-01,1.515433e+00,-1.441523e-02,0,1.636541e-01
1.316287e-03,-3.865618e+00,1.100311e+01,-1.741044e+00,-1.752388e+00,-1.033852e+00,2.588366e+00,8.423929e+00,7.234657e+00,1.123215e+00,4.317950e+00,3.258903e+00,4.253165e-01,4.019341e-02,0,4.012505e-01,2.228797e-04,3.235255e+00,3.482528e-01,-1.915033e+00,-2.760294e-01,-1.706627e+00,-1.235280e+00,5.367373e-01,-8.657351e-01,1.154569e+00,1.101864e+00,1.467943e+00,1.190732e+00,-2.067090e-02,0,1.709569e-01
1.564326e-03,6.574532e-01,1.188097e+01,-3.603519e+00,-1.901133e+00,-4.062398e+00,2.377053e-01,5.973612e+00,3.466796e+00,2.015944e-02,3.562018e+00,3.375737e+00,1.843838e+00,1.571472e-02,0,6.176453e-01,2.444399e-04,2.745629e+00,-1.326701e+00,-2.284810e+00,-1.752764e-01,-1.367267e+00,-1.694521e+00,-1.146421e+00,-2.187339e+00,1.415228e+00,1.193651e+00,1.664854e+00,5.726823e-01,-1.399214e-02,0,1.156375e-01
1.809174e-03,2.606092e+00,8.480117e+00,-7.007076e+00,-2.441156e+00,-5.817295e+00,-1.910575e+00,5.045523e+00,1.170080e+00,2.998481e+00,5.696571e+00,5.913584e+00,1.787928e+00,1.208824e-02,0,6.431779e-01,2.700870e-04,1.581878e+00,-2.879827e+00,-2.365735e+00,-4.786514e-01,-1.643461e-01,-1.558606e+00,-2.754358e+00,-2.425892e+00,1.533905e+00,1.392442e+00,1.000610e+00,-7.191744e-01,-3.112723e-03,0,5.152721e-02
2.050083e-03,3.124408e+00,3.516934e+00,-9.224461e+00,-3.007020e+00,-4.238444e+00,-2.344744e+00,1.413772e+00,-1.647664e+00,4.923790e+00,6.548052e+00,6.586405e+00,9.997280e-01,1.783016e-02,0,6.516564e-01,3.001713e-04,3.616011e-01,-3.308918e+00,-1.833344e+00,-5.251692e-01,1.177696e+00,-1.443282e+00,-3.337569e+00,-1.251613e+00,1.877753e+00,1.888529e+00,4.740197e-01,-2.217962e+00,3.868238e-03,0,9.643972e-04
2.423843e-03,2.810297e+00,7.859949e-01,-1.075925e+01,-3.592702e+00,-1.767559e+00,-3.913440e+00,-3.067939e+00,-2.337573e+00,6.340926e+00,9.787145e+00,6.656617e+00,-2.748501e+00,2.357207e-02,0,6.418809e-01,3.209535e-04,-2.330044e-01,-2.477118e+00,-9.099286e-01,-2.564633e-01,1.531667e+00,-1.484843e+00,-3.432134e+00,-3.073396e-01,1.478264e+00,1.516696e+00,-3.624181e-01,-3.255059e+00,5.077062e-03,0,-1.021135e-02
2.757848e-03,2.363357e+00,-8.165657e-01,-1.089415e+01,-3.951206e+00,-1.987884e-01,-5.977270e+00,-6.657505e+00,-1.037442e+00,7.737701e+00,1.095938e+01,5.374320e+00,-6.977757e+00,2.931399e-02,0,6.231158e-01,2.571243e-04,-4.862761e-01,-1.372269e+00,9.151678e-02,1.534824e-01,1.127742e+00,-1.759921e+00,-2.579312e+00,4.086769e-01,1.233304e+00,8.635859e-01,-8.023012e-01,-3.314952e+00,2.991840e-03,0,-1.459462e-02
3.060059e-03,1.821596e+00,-1.738723e+00,-1.072187e+01,-3.251379e+00,-1.787869e-01,-7.518524e+00,-8.079507e+00,-6.717288e-01,8.982846e+00,1.107439e+01,4.707536e+00,-1.049862e+01,3.173164e-02,0,6.063914e-01,8.206826e-05,-4.963225e-01,-4.146061e-01,1.014008e+00,6.656551e-01,9.378529e-01,-1.575326e+00,-1.450348e+00,-6.549050e-02,9.222715e-01,1.237911e-01,-1.285090e+00,-1.812459e+00,-3.022056e-04,0,-1.324969e-02
3.017597e-03,1.187377e+00,-2.082054e+00,-8.785563e+00,-2.410269e+00,6.058790e-01,-9.341805e+00,-8.977004e+00,-4.372015e-01,9.769351e+00,1.022236e+01,3.549439e+00,-1.169997e+01,2.870958e-02,0,5.964281e-01,-1.604409e-04,-4.397424e-01,8.537465e-01,1.971946e+00,1.319117e+00,1.548237e+00,-1.024295e+00,-7.069858e-01,-7.084090e-01,4.558168e-01,9.139480e-02,-1.634977e+00,1.250930e-01,-3.717135e-03,0,-7.964367e-03
2.704310e-03,9.166737e-01,-6.542912e-01,-6.743500e+00,-1.034895e+00,2.519371e+00,-1.010780e+01,-9.159930e+00,-2.965146e+00,9.936459e+00,1.077461e+01,1.143607e+00,-9.449690e+00,2.236325e-02,0,5.889763e-01,-3.546621e-04,-4.079534e-01,2.307936e+00,2.542279e+00,1.999416e+00,2.090972e+00,6.938648e-03,-1.072798e-01,-1.233718e+00,2.345362e-01,2.825139e-01,-1.663534e+00,1.725044e+00,-5.258386e-03,0,-3.157377e-04
2.133518e-03,6.171058e-01,2.909951e+00,-3.023607e+00,1.536138e+00,6.193316e+00,-9.804103e+00,-9.652223e+00,-3.432778e+00,9.539979e+00,1.156624e+01,-1.018601e+00,-6.876759e+00,1.541251e-02,0,5.920015e-01,-3.915565e-04,-5.159004e-01,3.335303e+00,2.469265e+00,2.627281e+00,2.135262e+00,1.151593e+00,4.132143e-01,-9.750395e-01,-1.512582e-01,-1.084271e-01,-8.356025e-01,1.888348e+00,-4.472651e-03,0,7.273483e-03
1.728788e-03,6.696437e-02,7.304955e+00,-8.914568e-01,4.772499e+00,7.482353e+00,-7.252682e+00,-8.278296e+00,-5.342531e+00,1.027021e+01,1.181502e+01,-1.326112e+00,-4.285007e+00,1.208824e-02,0,6.070260e-01,-2.835840e-04,-6.560396e-01,3.157444e+00,1.780656e+00,2.699766e+00,1.422551e+00,1.670728e+00,7.015289e-01,-2.041548e-01,-6.299895e-01,-8.964505e-01,4.670996e-01,1.214563e+00,-2.689634e-03,0,8.166611e-03
1.547576e-03,-9.672701e-01,1.061484e+01,6.347426e-01,7.822437e+00,8.800698e+00,-5.011404e+00,-7.351749e+00,-4.123706e+00,8.846183e+00,9.160020e+00,6.062855e-01,-4.840570e+00,1.148383e-02,0,6.237707e-01,-9.310675e-05,-7.396572e-01,1.903867e+00,7.977252e-01,1.572726e+00,4.281804e-01,1.331156e+00,8.153086e-01,2.322617e-01,-9.599403e-01,-1.193737e+00,1.196857e+00,2.957292e-02,-5.439707e-04,0,1.452172e-03
1.579361e-03,-1.571336e+00,1.128049e+01,3.306044e-01,9.320786e+00,8.328435e+00,-4.150512e+00,-6.802522e+00,-3.640456e+00,7.133409e+00,7.495468e+00,2.666662e+00,-4.394970e+00,1.087942e-02,0,6.139248e-01,4.155509e-05,-5.683964e-01,1.134235e-01,1.593426e-01,-5.937724e-02,-6.683331e-01,2.552431e-01,6.207823e-01,5.944956e-01,-8.314551e-01,-4.580810e-01,1.263251e+00,-7.920347e-01,7.857360e-04,0,-6.759548e-03
1.742697e-03,-2.262030e+00,1.044152e+01,3.539884e-01,7.125626e+00,7.911177e+00,-4.699406e+00,-6.313567e+00,-3.122507e+00,6.308679e+00,7.757331e+00,2.969297e+00,-6.673912e+00,1.329707e-02,0,5.958130e-01,1.133339e-04,-2.352216e-01,-1.474205e+00,-1.807824e-01,-1.629492e+00,-1.971425e+00,-8.842247e-01,4.407626e-01,2.292813e-01,8.891688e-02,8.249316e-01,7.644045e-01,-1.060827e+00,1.450589e-03,0,-9.142530e-03
1.839003e-03,-2.127638e+00,7.958730e+00,4.563307e-02,4.824018e+00,4.585448e+00,-6.132466e+00,-5.693476e+00,-2.870652e+00,7.381690e+00,1.022596e+01,3.808636e+00,-7.328509e+00,1.511031e-02,0,5.872071e-01,1.452322e-04,1.578515e-01,-2.320226e+00,-5.473829e-01,-2.164254e+00,-2.756231e+00,-1.973062e+00,5.360504e-01,1.604557e-02,6.490647e-01,1.476237e+00,5.423513e-01,-9.655911e-01,1.420369e-03,0,-2.743423e-04
1.984424e-03,-1.865227e+00,4.904692e+00,-1.266838e-01,1.923361e+00,8.150673e-01,-8.441550e+00,-5.702459e+00,-3.362201e+00,9.166627e+00,1.191943e+01,3.857321e+00,-8.677938e+00,1.662134e-02,0,5.914168e-01,1.504941e-04,4.363159e-01,-2.315020e+00,-1.025570e+00,-1.902684e+00,-2.780379e+00,-2.135420e+00,4.856208e-01,-4.860446e-01,8.628336e-01,1.230993e+00,5.656487e-01,-7.389394e-01,1.208824e-03,0,5.308294e-03
2.184659e-03,-9.804798e-01,2.447774e+00,-2.165974e+00,1.100650e+00,-1.904664e+00,-1.214475e+01,-4.427824e+00,-3.440381e+00,8.949759e+00,1.279560e+01,4.934406e+00,-8.220913e+00,1.631913e-02,0,6.147512e-01,1.112530e-04,3.455583e-01,-1.539640e+00,-1.241241e+00,-1.538347e+00,-1.705127e+00,-1.416653e+00,4.365448e-01,-9.456499e-01,5.472825e-01,6.775624e-01,2.748283e-01,-6.050251e-01,1.359927e-03,0,5.274433e-03
2.322339e-03,-6.540293e-01,1.621898e+00,-3.668058e+00,-5.261092e-01,-2.745660e+00,-1.237037e+01,-4.518289e+00,-5.267866e+00,9.838813e+00,1.262747e+01,5.234655e+00,-9.922407e+00,1.873678e-02,0,6.085824e-01,-4.918967e-06,5.758414e-02,-6.398329e-01,-8.949200e-01,-1.126613e+00,-5.576308e-01,2.945452e-02,-2.567282e-02,-1.205438e+00,5.241224e-01,3.541899e-01,6.077852e-02,-5.500460e-01,1.964339e-03,0,-4.182196e-03
2.226310e-03,-1.005446e+00,1.901929e+00,-4.389887e+00,-1.642981e+00,-2.159822e+00,-1.125132e+01,-4.102837e+00,-6.646070e+00,9.782009e+00,1.325975e+01,4.494110e+00,-9.731400e+00,2.085222e-02,0,6.049965e-01,-1.185506e-04,-2.474829e-01,-5.565150e-02,-1.684609e-01,-7.325246e-01,1.390360e-01,1.176017e+00,-3.605238e-01,-1.267717e+00,2.331112e-01,3.622727e-01,-1.385495e-01,-6.138067e-01,2.055001e-03,0,-1.257626e-02
1.939004e-03,-1.564823e+00,1.978450e+00,-3.489327e+00,-2.337891e+00,-1.845508e+00,-8.740991e+00,-5.993317e+00,-7.786545e+00,1.137111e+01,1.345831e+01,4.381361e+00,-1.067292e+01,2.417649e-02,0,5.753832e-01,-1.785144e-04,-1.324820e-01,2.274708e-01,1.763070e-01,7.730186e-02,3.786915e-01,1.452521e+00,-2.752200e-01,-8.999975e-01,-4.842240e-01,1.665533e-01,9.997883e-02,-9.698429e-02,1.027501e-03,0,-1.303918e-02
1.783574e-03,-1.762497e+00,1.991240e+00,-3.097644e+00,-1.656082e+00,-1.659560e+00,-8.079350e+00,-5.492929e+00,-8.519624e+00,9.349164e+00,1.419155e+01,4.668305e+00,-1.091469e+01,2.387428e-02,0,5.684695e-01,-1.812225e-04,1.961864e-01,6.835999e-01,2.463400e-01,8.119975e-01,6.272119e-01,1.865276e+00,2.314098e-01,-5.814801e-01,-1.701559e+00,-6.226295e-01,6.925120e-01,5.085347e-01,-4.835295e-04,0,-7.316351e-03
1.651136e-03,-9.379136e-01,2.714597e+00,-3.432645e+00,-1.330496e-01,-1.102333e+00,-6.693749e+00,-5.199343e+00,-8.831077e+00,7.634115e+00,1.299434e+01,5.647452e+00,-9.815684e+00,2.236325e-02,0,5.616500e-01,-1.674084e-04,4.317711e-01,1.312097e+00,5.506206e-02,1.266880e+00,1.072132e+00,2.375560e+00,9.763448e-01,4.840412e-02,-2.665014e+00,-1.673686e+00,7.863848e-01,1.899391e+00,-1.057721e-03,0,4.215979e-03
1.464132e-03,-3.379685e-01,4.951856e+00,-3.186528e+00,1.314586e+00,6.046502e-01,-2.948565e+00,-3.342775e+00,-9.031205e+00,3.142716e+00,1.037859e+01,7.323625e+00,-7.617346e+00,1.934119e-02,0,5.752813e-01,-1.566382e-04,3.502835e-01,1.903676e+00,1.628089e-01,1.083005e+00,1.783134e+00,3.204245e+00,8.859653e-01,1.394161e-01,-2.607980e+00,-2.246361e+00,5.700487e-01,2.415306e+00,-1.813235e-04,0,1.204982e-02
1.261683e-03,-1.182319e-01,7.058629e+00,-3.169575e+00,2.511177e+00,2.383047e+00,5.714170e-01,-2.186670e+00,-7.288734e+00,1.149268e+00,6.996358e+00,6.985626e+00,-2.824638e+00,2.115443e-02,0,5.930572e-01,-1.098375e-04,2.407565e-01,1.991036e+00,1.503237e-01,6.025203e-01,1.980266e+00,3.151605e+00,6.166075e-01,-7.714023e-02,-1.909153e+00,-1.706720e+00,2.361622e-02,1.971727e+00,1.269266e-03,0,1.231786e-02
1.195109e-03,-4.209206e-01,9.337604e+00,-2.415134e+00,2.436828e+00,5.513419e+00,4.309289e+00,-2.569439e+00,-8.593715e+00,-4.483117e-01,5.958732e+00,6.849462e+00,-2.333682e+00,2.357208e-02,0,6.130150e-01,-4.505573e-05,2.546517e-01,1.597733e+00,-1.858361e-02,6.164493e-02,1.818988e+00,2.423631e+00,3.056656e-01,-6.011440e-01,-1.090961e+00,-4.902618e-01,-2.736820e-01,8.872696e-01,9.670596e-04,0,7.724738e-03
1.236460e-03,3.073449e-01,1.047690e+01,-3.066723e+00,2.318432e+00,6.344614e+00,5.435348e+00,-2.502974e+00,-9.435523e+00,-1.161373e-01,6.670666e+00,6.002614e+00,-2.598880e+00,2.659414e-02,0,6.043725e-01,-3.767270e-06,3.203973e-01,1.028755e+00,-3.251885e-01,-2.544125e-01,1.114694e+00,1.318828e+00,8.216155e-01,-7.970893e-01,-1.064095e+00,3.118324e-01,2.112398e-02,4.240997e-02,-9.368390e-04,0,4.330861e-03
1.251465e-03,7.225015e-01,1.123139e+01,-3.330872e+00,1.719184e+00,7.718807e+00,6.737625e+00,-1.656295e+00,-1.096353e+01,-1.679385e+00,8.090125e+00,6.446721e+00,-3.293877e+00,2.145663e-02,0,6.082473e-01,-4.648720e-06,2.662459e-01,3.593523e-01,-5.881033e-01,-3.081548e-01,3.012559e-01,4.218780e-01,1.523356e+00,-4.620852e-01,-1.357227e+00,1.824820e-01,4.609869e-01,3.846918e-01,-2.780296e-03,0,3.917044e-03
1.214669e-03,9.120436e-01,1.125551e+01,-4.337648e+00,1.597937e+00,6.853823e+00,5.951388e+00,1.464836e+00,-1.008927e+01,-3.555672e+00,7.489824e+00,7.292616e+00,-2.132491e+00,1.752795e-02,0,6.170953e-01,-1.480513e-05,8.938636e-02,5.207329e-02,-6.371089e-01,-3.739538e-01,-1.448635e-01,-1.574337e-01,1.594157e+00,-3.618597e-01,-1.252137e+00,-3.997962e-01,8.736683e-01,3.807845e-01,-2.598973e-03,0,2.725416e-03
1.182761e-03,6.079594e-01,1.074506e+01,-4.720188e+00,1.256301e+00,6.765093e+00,6.160659e+00,3.063437e+00,-1.057727e+01,-5.514681e+00,6.461563e+00,8.509396e+00,-6.434176e-01,1.420369e-02,0,6.262388e-01,-6.874162e-06,4.144455e-02,-2.365576e-01,-7.059590e-01,-2.332833e-01,-5.176241e-01,-4.303790e-01,7.605343e-01,-1.280280e-01,-3.136999e-01,-6.201969e-01,4.506113e-01,-1.634453e-01,-2.719857e-04,0,-3.445697e-03
1.196786e-03,8.115477e-01,1.098043e+01,-5.557610e+00,6.801038e-01,6.097153e+00,4.936663e+00,3.107945e+00,-1.143795e+01,-4.459172e+00,5.485966e+00,9.339619e+00,-2.020188e+00,1.722575e-02,0,6.090038e-01,-1.600920e-06,-5.593399e-02,-4.481431e-01,-3.918511e-01,1.719507e-01,-3.513243e-01,-5.547969e-01,-6.597555e-01,4.141808e-03,8.131998e-01,-3.236203e-01,-4.856850e-01,-7.601210e-01,9.670596e-04,0,-6.551963e-03
1.226035e-03,9.799722e-01,1.018614e+01,-6.250687e+00,1.011684e+00,5.509022e+00,5.093093e+00,1.324822e+00,-1.092933e+01,-2.796134e+00,5.991069e+00,7.676276e+00,-4.167255e+00,2.024781e-02,0,5.950646e-01,-5.996623e-06,-1.632909e-01,-5.993305e-01,2.319803e-02,6.558870e-01,6.756783e-04,-6.919533e-01,-1.932614e+00,3.282441e-01,1.729325e+00,1.553880e-01,-1.581963e+00,-8.521433e-01,6.950742e-04,0,-4.199612e-03
1.185027e-03,4.463673e-01,9.294257e+00,-5.531654e+00,2.579999e+00,5.725237e+00,3.711187e+00,-9.646347e-01,-9.892531e+00,-8.489463e-01,6.106969e+00,5.280751e+00,-4.171177e+00,1.934119e-02,0,5.999226e-01,-1.231305e-05,-3.701008e-01,-5.735210e-01,5.396097e-01,8.985739e-01,6.162736e-01,-7.795904e-01,-2.612475e+00,1.884979e-01,2.045138e+00,3.433004e-01,-1.752491e+00,-3.741554e-01,-9.066183e-04,0,2.593696e-04
1.158657e-03,-2.590459e-02,8.591494e+00,-4.617176e+00,3.585788e+00,6.954430e+00,3.313631e+00,-4.563343e+00,-9.708756e+00,1.326828e+00,6.928001e+00,2.629014e+00,-3.828639e+00,1.662134e-02,0,6.097814e-01,2.512522e-06,-3.756206e-01,-3.025335e-01,6.540715e-01,4.957776e-01,1.050103e+00,-8.025481e-01,-2.744401e+00,-3.803786e-01,2.322791e+00,4.138091e-01,-1.255180e+00,-4.512030e-01,-1.027501e-03,0,-9.117126e-04
1.168910e-03,-5.360177e-01,8.910150e+00,-3.676316e+00,3.885921e+00,8.455817e+00,1.928442e+00,-7.010349e+00,-1.110575e+01,3.705035e+00,6.734002e+00,3.100793e+00,-4.060273e+00,1.450589e-02,0,6.029423e-01,2.918601e-05,-2.791292e-01,-3.539686e-01,5.326592e-01,-2.017689e-01,7.717980e-01,-7.237893e-01,-1.830252e+00,-5.241348e-01,2.024343e+00,5.863742e-01,-6.079736e-01,-8.976666e-01,5.137505e-04,0,-6.717479e-03
1.246657e-03,-4.069382e-01,8.865526e+00,-3.907998e+00,2.837611e+00,9.394248e+00,1.971726e+00,-9.374322e+00,-1.222461e+01,6.540830e+00,7.746599e+00,2.490357e+00,-6.478722e+00,1.752795e-02,0,5.889962e-01,3.792944e-05,-2.270050e-01,-7.787865e-01,5.059534e-01,-8.044249e-01,-1.491234e-01,-6.016358e-01,-5.648887e-01,-2.150958e-01,1.458658e+00,9.699043e-01,-6.256070e-01,-1.242496e+00,1.903898e-03,0,-9.981883e-03
1.286958e-03,-7.587622e-01,7.387398e+00,-3.222947e+00,1.945243e+00,8.364318e+00,7.631927e-01,-7.710407e+00,-1.125528e+01,6.665768e+00,8.629541e+00,2.310212e+00,-7.334468e+00,2.145663e-02,0,5.767278e-01,4.736350e-05,-2.651187e-01,-1.291239e+00,6.805027e-01,-1.166902e+00,-1.170707e+00,-6.083153e-01,4.009928e-01,2.477114e-01,8.732532e-01,1.588435e+00,-1.326136e+00,-1.079233e+00,2.810517e-03,0,-8.072758e-03
1.289281e-03,-1.049557e+00,5.458937e+00,-2.314093e+00,5.340031e-01,6.254562e+00,8.880765e-01,-7.037758e+00,-1.070947e+01,7.139750e+00,1.082975e+01,-1.037301e-01,-8.404023e+00,2.266546e-02,0,5.729792e-01,5.191588e-05,-3.442340e-01,-1.426200e+00,9.484136e-01,-8.891624e-01,-1.909480e+00,-9.357791e-01,7.362711e-01,3.856936e-01,5.320916e-01,1.656652e+00,-1.508117e+00,-6.572837e-01,2.629193e-03,0,-7.311058e-03
1.384415e-03,-1.540302e+00,4.157248e+00,-1.070755e+00,-7.967855e-01,4.172127e+00,-5.713102e-01,-6.173667e+00,-1.062476e+01,7.771841e+00,1.313460e+01,-2.232842e+00,-8.493787e+00,2.598973e-02,0,5.705870e-01,5.410899e-05,-3.512760e-01,-1.068560e+00,1.052449e+00,-4.492554e-01,-2.051363e+00,-1.001927e+00,3.713289e-01,1.665053e-01,2.675208e-01,1.445956e+00,-1.067492e+00,-1.751880e-01,3.777576e-03,0,-6.029278e-03
1.457507e-03,-1.737339e+00,3.349603e+00,-2.420263e-01,-2.371866e-01,1.942942e+00,-2.039918e+00,-6.461336e+00,-1.061140e+01,8.648252e+00,1.377733e+01,-2.778701e+00,-9.185481e+00,2.840737e-02,0,5.555113e-01,4.313383e-05,-3.539356e-01,-6.162564e-01,1.072745e+00,4.003832e-02,-1.865934e+00,-1.014927e+00,1.030196e-01,1.793732e-01,-2.356217e-01,8.057956e-01,-2.039019e-02,2.428657e-01,4.351768e-03,0,-6.722671e-03
1.473389e-03,-2.171252e+00,3.099264e+00,1.003263e+00,8.456136e-02,2.633140e-01,-2.782447e+00,-6.141973e+00,-1.047179e+01,7.249121e+00,1.438553e+01,-1.689765e+00,-7.819679e+00,3.747356e-02,0,5.553154e-01,2.967380e-05,-2.844152e-01,-2.108098e-01,9.566641e-01,2.791180e-01,-1.459250e+00,-3.210208e-01,-4.488299e-01,-1.119268e-01,-6.662048e-01,4.572790e-01,6.956919e-01,5.653154e-01,2.719855e-03,0,-3.086138e-03
1.460463e-03,-2.503760e+00,2.906647e+00,2.012622e+00,2.935213e-01,-1.120701e+00,-3.080989e+00,-6.538507e+00,-9.889096e+00,6.223001e+00,1.423326e+01,-4.772197e-01,-7.526749e+00,3.868238e-02,0,5.470017e-01,3.164734e-05,-1.540337e-01,2.111245e-01,8.917091e-01,4.141376e-01,-7.255967e-01,-1.159756e-02,-6.409618e-01,-2.756877e-01,-7.471501e-01,1.016891e-01,9.360507e-01,8.477592e-01,-9.670589e-04,0,3.695983e-03
1.531306e-03,-2.579167e+00,3.324677e+00,2.585241e+00,3.334504e-01,-1.592300e+00,-1.655879e+00,-8.379231e+00,-1.154555e+01,5.653442e+00,1.519303e+01,9.487728e-02,-6.496576e+00,3.445150e-02,0,5.594111e-01,2.306138e-05,-6.387756e-02,6.604022e-01,9.492493e-01,8.653343e-01,2.797826e-02,6.738643e-02,-5.955751e-01,-2.484412e-01,-5.777345e-01,-3.995274e-01,1.074140e+00,8.870041e-01,-5.832578e-03,0,1.027362e-02
1.586785e-03,-2.303550e+00,4.292519e+00,3.425530e+00,1.709057e+00,-7.572342e-01,-2.661190e+00,-8.547516e+00,-1.145296e+01,5.710340e+00,1.388203e+01,1.009232e+00,-5.608237e+00,2.508311e-02,0,5.719433e-01,1.005945e-07,-1.055840e-01,1.119037e+00,1.418509e+00,1.241283e+00,8.453272e-01,1.396948e-01,-5.258248e-01,1.923144e-01,-8.311298e-01,-1.036941e+00,1.422706e+00,7.365034e-01,-7.313388e-03,0,1.779461e-02
1.525535e-03,-2.590745e+00,5.708339e+00,5.043055e+00,3.703465e+00,2.214718e-01,-2.655414e+00,-8.115344e+00,-1.093206e+01,4.616779e+00,1.256351e+01,2.937708e+00,-4.343915e+00,1.511031e-02,0,5.942127e-01,-6.709876e-06,-2.646523e-01,1.601968e+00,1.559635e+00,1.471711e+00,7.749215e-01,1.053135e-01,-1.187459e-01,1.253125e+00,-1.051090e+00,-1.583878e+00,1.372819e+00,4.131591e-01,-5.560593e-03,0,1.625356e-02
1.463852e-03,-3.025892e+00,7.309999e+00,7.876259e+00,4.814928e+00,2.199049e+00,-1.882747e+00,-9.299575e+00,-9.234269e+00,2.585684e+00,1.036331e+01,5.214894e+00,-4.920562e+00,1.178604e-02,0,6.185740e-01,-9.236043e-07,-3.707858e-01,1.860582e+00,9.962174e-01,1.199958e+00,2.361405e-02,2.514940e-01,8.056621e-02,1.923602e+00,-8.669003e-01,-1.810795e+00,6.995745e-01,7.822189e-02,-1.571472e-03,0,1.342344e-02
1.559224e-03,-3.541257e+00,9.825775e+00,8.158050e+00,6.139072e+00,8.041661e-01,-1.518533e+00,-8.596931e+00,-6.389268e+00,1.960320e+00,9.032992e+00,4.856143e+00,-4.774618e+00,1.329707e-02,0,6.173636e-01,3.293522e-05,-2.211972e-01,1.756032e+00,-1.413133e-01,5.856932e-01,-9.533168e-01,-5.598916e-01,3.758226e-01,2.472521e+00,1.874550e-01,-1.792512e+00,-8.709022e-01,1.483454e-01,1.722575e-03,0,3.539777e-03
1.565323e-03,-3.682223e+00,1.153671e+01,6.849120e+00,6.491045e+00,-9.305111e-01,-1.972160e+00,-7.903891e+00,-4.106341e+00,2.704068e+00,6.593313e+00,3.547887e+00,-5.001776e+00,1.813237e-02,0,6.274851e-01,4.228381e-05,1.181858e-01,7.204409e-01,-1.114697e+00,-1.884281e-01,-1.461367e+00,-1.308757e+00,1.004884e-01,2.108686e+00,1.711164e+00,-1.555737e+00,-2.059352e+00,6.426902e-01,1.873678e-03,0,-4.216754e-03
1.639475e-03,-3.368565e+00,1.237514e+01,4.850058e+00,5.793873e+00,-2.980332e+00,-5.410165e+00,-6.934073e+00,-1.133420e+00,5.494862e+00,5.485954e+00,-5.832997e-01,-3.561581e+00,2.055001e-02,0,6.074560e-01,4.094272e-05,4.531097e-01,-6.264273e-01,-1.375235e+00,-8.050779e-01,-1.135270e+00,-2.098625e+00,-8.747743e-01,1.442987e+00,2.400092e+00,-1.389359e+00,-1.956706e+00,1.165238e+00,6.044116e-05,0,-7.264304e-03
1.635145e-03,-2.521308e+00,9.637520e+00,3.956767e+00,4.045387e+00,-3.215537e+00,-6.480715e+00,-9.628562e+00,-1.318765e+00,9.374236e+00,4.358150e+00,-2.362144e+00,-2.313630e+00,1.752795e-02,0,6.024440e-01,7.639047e-05,6.623201e-01,-1.748101e+00,-1.406869e+00,-6.158532e-01,-9.751970e-01,-2.369569e+00,-1.360521e+00,5.199609e-01,2.339315e+00,-1.019908e+00,-9.010397e-01,1.105881e+00,-1.873678e-03,0,-6.785071e-03
1.729026e-03,-1.856165e+00,7.643234e+00,2.728051e+00,3.336511e+00,-3.729668e+00,-9.757381e+00,-1.210847e+01,-5.681221e-01,1.062570e+01,3.203776e+00,-1.972369e+00,-2.924999e-01,1.390148e-02,0,5.935626e-01,8.979851e-05,5.031369e-01,-2.019914e+00,-1.154744e+00,-1.517142e-01,-5.217174e-01,-2.001002e+00,-1.219705e+00,-2.786825e-02,6.110708e-01,-4.593773e-01,1.085410e+00,-3.794843e-02,-2.055001e-03,0,-1.494294e-03
1.902500e-03,-1.126822e+00,5.162159e+00,8.757790e-01,4.640460e+00,-5.431828e+00,-1.164640e+01,-1.211930e+01,-1.789186e+00,1.183523e+01,2.634860e+00,-2.627772e-01,-1.106913e+00,1.208824e-02,0,6.005064e-01,7.418035e-05,1.464168e-01,-1.365357e+00,-6.796601e-01,1.627265e-01,5.163863e-02,-1.208538e+00,-6.973724e-02,-2.617115e-01,-1.200177e+00,4.563624e-01,2.486900e+00,-1.409417e+00,-2.719854e-04,0,-1.448303e-03
1.954790e-03,-1.550124e+00,4.513251e+00,6.168334e-01,4.737766e+00,-4.480774e+00,-1.283234e+01,-1.178723e+01,-1.037551e+00,7.319721e+00,4.050713e+00,3.794066e+00,-4.354681e+00,1.299486e-02,0,6.009533e-01,-2.831623e-05,-3.318186e-01,-5.635873e-01,1.080115e-01,-2.219963e-01,1.249829e+00,3.955657e-01,9.873252e-01,-5.800891e-01,-2.729884e+00,1.129196e+00,3.156355e+00,-1.893678e+00,1.722575e-03,0,-2.902561e-03
1.893165e-03,-1.942245e+00,4.375726e+00,1.614075e+00,4.158392e+00,-2.581791e+00,-1.098593e+01,-1.013787e+01,-2.392608e+00,5.026339e+00,6.216494e+00,7.189137e+00,-7.329622e+00,1.662134e-02,0,5.915071e-01,-1.100657e-04,-6.061797e-01,5.663872e-02,1.095056e+00,-5.634865e-01,1.941647e+00,1.318257e+00,1.534013e+00,-4.175057e-01,-3.533046e+00,1.787401e+00,2.117383e+00,-8.288761e-01,4.110003e-03,0,-3.543973e-03
1.592113e-03,-3.107547e+00,5.218514e+00,2.898960e+00,2.467563e+00,1.094458e+00,-8.109788e+00,-8.162557e+00,-3.166857e+00,3.807195e-01,7.058939e+00,1.008345e+01,-6.649538e+00,2.024781e-02,0,5.835494e-01,-1.380106e-04,-3.604060e-01,2.840190e-01,1.275364e+00,-3.770435e-02,1.607239e+00,1.786888e+00,1.414845e+00,-7.979452e-01,-2.867434e+00,1.947395e+00,-5.028038e-02,6.459242e-01,5.651254e-03,0,4.233539e-04
1.533510e-03,-3.379009e+00,5.092721e+00,5.209994e+00,2.958129e+00,1.488791e+00,-7.416385e+00,-6.261568e+00,-2.812061e+00,-2.360503e+00,1.006775e+01,7.179447e+00,-4.103865e+00,2.901179e-02,0,5.914885e-01,-1.080139e-04,1.014140e-01,3.786054e-01,1.001654e+00,7.100549e-01,7.301501e-01,1.243399e+00,3.096635e-01,-1.023593e+00,-1.953038e+00,2.059599e+00,-1.981144e+00,1.202023e+00,5.469930e-03,0,7.396209e-03
1.444565e-03,-2.633772e+00,5.574848e+00,5.195692e+00,5.149376e+00,1.520130e+00,-5.682664e+00,-6.651155e+00,-4.817551e+00,-3.324028e+00,1.186206e+01,3.547509e+00,-2.737939e+00,3.505591e-02,0,6.030794e-01,-6.833436e-05,5.387977e-01,6.146051e-01,5.670969e-01,1.178927e+00,7.938324e-02,6.981586e-01,-7.923048e-01,-1.585578e+00,-7.252299e-01,1.183223e+00,-1.950861e+00,6.883287e-01,3.233605e-03,0,9.625142e-03
1.426869e-03,-1.672063e+00,6.090586e+00,5.473978e+00,6.367760e+00,8.561234e-01,-5.982495e+00,-9.345250e+00,-6.685225e+00,-2.886478e+00,1.411293e+01,5.513875e-01,-3.275306e+00,3.656694e-02,0,6.187232e-01,-6.447503e-05,4.186476e-01,9.144764e-01,4.235106e-01,7.796149e-01,1.662348e-01,5.409778e-01,-1.144120e+00,-1.166168e+00,-5.805253e-01,-6.348999e-01,-2.217639e-01,-2.040540e-01,-1.208831e-04,0,6.961691e-03
1.303761e-03,-1.267031e+00,7.792607e+00,5.602453e+00,6.657384e+00,1.807708e+00,-5.335940e+00,-1.058224e+01,-9.158166e+00,-2.982443e+00,1.095247e+01,3.643174e+00,-3.622174e+00,3.263826e-02,0,6.180578e-01,-5.743828e-05,-8.506918e-02,9.805500e-01,9.246498e-01,8.657284e-02,3.179856e-01,4.947613e-01,-6.723824e-01,3.039040e-01,-1.160277e+00,-2.204932e+00,1.407996e+00,-3.215796e-01,-2.508311e-03,0,3.493988e-03
1.281537e-03,-1.969141e+00,8.556224e+00,7.124166e+00,6.102199e+00,2.176176e+00,-4.884858e+00,-1.001662e+01,-6.472591e+00,-5.433922e+00,7.348047e+00,6.022795e+00,-4.682017e+00,2.961620e-02,0,6.188077e-01,-5.179317e-05,-4.352400e-01,7.083994e-01,1.000877e+00,-2.415814e-01,2.839859e-01,8.230451e-01,4.021969e-01,1.300811e+00,-1.247954e+00,-2.723678e+00,1.553632e+00,1.457095e-03,-3.324267e-03,0,-1.002896e-03
1.230040e-03,-2.910579e+00,9.244780e+00,8.993847e+00,5.715021e+00,2.450032e+00,-3.757676e+00,-9.677381e+00,-3.404347e+00,-7.851690e+00,4.219841e+00,7.851785e+00,-3.642481e+00,2.598973e-02,0,6.205071e-01,-3.552111e-06,-5.036646e-01,-1.781613e-01,5.543805e-01,-4.591940e-01,-6.094428e-01,5.799816e-01,1.484385e+00,1.324032e+00,-4.144849e-01,-1.397696e+00,1.391213e-01,2.299023e-01,-2.750075e-03,0,-6.790930e-03
1.204764e-03,-3.026489e+00,8.906497e+00,8.782666e+00,5.631035e+00,1.954891e+00,-2.656401e+00,-7.786695e+00,-3.058079e+00,-6.691626e+00,3.860851e+00,6.215240e+00,-3.257867e+00,2.326987e-02,0,6.124841e-01,3.073009e-05,-2.162154e-01,-1.089327e+00,-4.674082e-01,-5.622059e-01,-1.758960e+00,2.413847e-02,2.325347e+00,2.261972e-01,8.936642e-01,3.466571e-01,-8.588797e-01,4.113769e-01,-1.783016e-03,0,-1.365907e-02
1.324387e-03,-3.256681e+00,6.726664e+00,7.545105e+00,4.596996e+00,-1.128864e+00,-3.550261e+00,-4.275279e+00,-4.245261e+00,-4.426015e+00,5.707584e+00,4.242558e+00,-3.184737e+00,2.206104e-02,0,5.872650e-01,5.881122e-05,1.479135e-02,-1.761527e+00,-1.506081e+00,-5.429878e-01,-2.507529e+00,-6.277109e-01,2.321566e+00,-1.972712e-01,1.616693e+00,9.711227e-01,-1.574470e+00,3.729894e-01,-2.417648e-04,0,-1.836005e-02
1.388013e-03,-2.877168e+00,4.368648e+00,5.511496e+00,3.850182e+00,-4.829174e+00,-4.867874e+00,-1.090939e+00,-4.921149e+00,-2.678438e+00,8.337461e+00,3.533010e+00,-2.854005e+00,2.266546e-02,0,5.671334e-01,4.657299e-05,1.269225e-01,-1.691674e+00,-1.831588e+00,-2.472599e-01,-2.001445e+00,-7.410494e-01,1.435425e+00,3.794038e-02,1.214776e+00,5.733399e-01,-1.741728e+00,7.995955e-01,6.648533e-04,0,-1.610503e-02
1.432471e-03,-2.911283e+00,2.706070e+00,3.099025e+00,3.890508e+00,-6.695581e+00,-5.790494e+00,-1.417428e+00,-3.459168e+00,-1.774821e+00,6.837150e+00,1.320551e+00,-1.979465e+00,2.508311e-02,0,5.513821e-01,-1.661887e-06,1.094767e-01,-8.574985e-01,-1.635047e+00,6.519929e-01,-2.455849e-01,-3.612471e-03,7.173940e-01,5.503813e-01,1.121066e+00,-1.424543e-01,-1.772123e+00,8.171223e-01,9.670600e-04,0,-1.134059e-02
1.383587e-03,-2.564576e+00,2.458426e+00,1.847764e+00,4.747980e+00,-5.268977e+00,-5.241531e+00,-2.038496e+00,-3.261423e+00,-1.943346e+00,6.162768e+00,-1.032397e+00,1.374745e-01,2.508310e-02,0,5.499004e-01,-4.346424e-05,-1.030557e-01,2.958802e-01,-1.053845e+00,1.433086e+00,1.900498e+00,9.361449e-01,5.711151e-01,7.734569e-01,1.824539e+00,1.150427e-02,-1.543530e+00,-3.269434e-03,-1.148383e-03,0,-4.279033e-02
1.318290e-03,-2.865593e+00,3.394282e+00,1.201735e+00,7.408062e+00,-2.136887e+00,-3.381494e+00,-2.145305e-01,-2.323217e+00,8.117690e-01,6.082659e+00,-2.335354e+00,-5.948654e-01,2.568752e-02,0,5.391786e-01,-6.985899e-05,-4.138271e-01,1.602196e+00,-2.451920e-03,1.947726e+00,3.257626e+00,1.882038e+00,1.157701e+00,9.288058e-01,2.116148e+00,3.791071e-01,-4.378019e-01,-8.326014e-01,-4.170444e-03,0,-5.560603e-02
1.227783e-03,-3.415291e+00,5.503943e+00,1.190914e+00,9.256833e+00,2.393971e+00,-1.391649e+00,1.163187e+00,-1.621840e+00,5.150960e+00,8.772227e+00,-2.356687e+00,-3.562652e+00,1.662134e-02,0,3.592835e-01,-7.142740e-05,-8.768759e-01,2.417989e+00,8.143282e-01,1.449883e+00,3.323123e+00,2.504399e+00,1.574975e+00,7.342283e-01,1.217056e+00,-9.406175e-02,5.397246e-01,-9.307553e-01,-5.711695e-03,0,-8.889029e-02
1.161078e-03,-4.555061e+00,9.194289e+00,3.415190e+00,1.137471e+01,5.761072e+00,1.694756e+00,2.770235e+00,3.650695e-01,5.258764e+00,7.427956e+00,-2.063139e-01,-4.292409e+00,8.461771e-03,0,3.686604e-01,-7.644478e-05,-1.333963e+00,2.215114e+00,1.123288e+00,2.456291e-01,2.221846e+00,2.539703e+00,1.203526e+00,-9.062660e-03,-1.090456e+00,-9.270502e-01,1.423717e+00,2.373829e-01,-2.598973e-03,0,-8.655167e-02
1.105056e-03,-6.104221e+00,1.164837e+01,4.812677e+00,1.001407e+01,7.397661e+00,4.742337e+00,4.343998e+00,-9.344249e-01,1.918437e+00,5.019811e+00,6.017058e-01,-2.667530e+00,5.137504e-03,0,1.907080e-01,-8.550561e-05,-1.542788e+00,9.888808e-01,6.114880e-01,-1.195693e+00,4.333868e-01,1.442374e+00,1.267239e-01,-1.237851e+00,-2.792744e+00,-1.643988e+00,1.203429e+00,1.170391e+00,6.074344e-03,0,-8.965194e-02
9.974297e-04,-8.190944e+00,1.139764e+01,5.007294e+00,8.257588e+00,6.470500e+00,6.250029e+00,4.212696e+00,-2.712238e+00,-3.024250e+00,3.323617e+00,3.304035e+00,1.444881e-01,1.843457e-02,0,1.907080e-01,-8.747812e-05,-1.322051e+00,-6.585444e-01,-4.943428e-01,-2.197568e+00,-1.241865e+00,-5.915753e-01,-1.376135e+00,-1.805729e+00,-2.676395e+00,-1.744109e+00,-1.446392e-01,7.362269e-01,1.734663e-02,0,-9.280287e-02
8.820789e-04,-9.311288e+00,9.346670e+00,3.452303e+00,4.836930e+00,4.206192e+00,3.542587e+00,1.075576e+00,-6.272439e+00,-4.671252e+00,2.604455e+00,1.905283e+00,7.085606e-02,4.200665e-02,0,0,-7.237493e-05,-9.076595e-01,-1.505060e+00,-1.233167e+00,-2.191097e+00,-2.418330e+00,-2.462509e+00,-2.376966e+00,-9.970177e-01,-1.338612e+00,-1.372950e+00,-7.012962e-01,-2.063122e-02,2.438803e-02,0,-5.721239e-02
8.351766e-04,-9.561784e+00,7.052415e+00,1.623664e+00,2.975445e+00,1.147483e+00,-6.632454e-01,-2.476226e+00,-5.994568e+00,-4.828366e+00,-8.491150e-02,-1.581298e+00,-1.980467e+00,7.676035e-02,0,0,-3.758513e-05,-6.210032e-01,-1.534094e+00,-1.519912e+00,-1.989441e+00,-2.432502e+00,-2.483723e+00,-2.021783e+00,7.335556e-01,-4.303241e-03,-5.918604e-01,-4.257917e-01,-8.360572e-01,2.330009e-02,0,-3.814160e-02
8.243082e-04,-9.957099e+00,6.295681e+00,3.386577e-01,1.699661e+00,-2.032481e+00,-4.113573e+00,-4.196371e+00,-4.278348e+00,-3.872568e+00,-1.406733e-01,-4.621080e-01,-1.708208e+00,9.791478e-02,0,0,-8.123333e-06,-7.597929e-01,-1.166259e+00,-1.064617e+00,-1.515738e+00,-1.205782e+00,-6.923404e-01,-4.855134e-01,2.193696e+00,3.622099e-01,6.908957e-01,1.213671e+00,-7.586534e-01,1.257177e-02,0,0
8.383894e-04,-1.097305e+01,5.252670e+00,-1.035443e+00,-1.209838e-01,-2.572673e+00,-2.340507e+00,-3.260246e+00,-4.150534e-02,-3.445108e+00,1.736879e+00,2.358773e+00,-3.146266e+00,1.069810e-01,0,0,4.985987e-06,-8.203910e-01,-8.545788e-01,-3.158990e-01,-8.339160e-01,4.535542e-01,1.137375e+00,1.006358e+00,1.829343e+00,2.049139e-01,1.409528e+00,1.744505e+00,-3.726160e-01,-3.596253e-03,0,0
8.398558e-04,-1.240462e+01,4.415250e+00,-5.412280e-01,-1.193546e+00,3.735948e-02,9.195157e-01,-9.599811e-01,1.719507e+00,-3.551831e+00,5.148038e+00,6.003605e+00,-3.139512e+00,8.975521e-02,0,0,6.750657e-06,-5.874831e-01,-6.635391e-01,1.993538e-01,2.405950e-01,1.773756e+00,1.872036e+00,1.326500e+00,5.749382e-01,7.068367e-02,6.552861e-01,6.326206e-01,2.611401e-01,-1.384104e-02,0,0
8.523327e-04,-1.243998e+01,3.719737e+00,4.841115e-01,2.524684e-01,2.380334e+00,2.507085e+00,9.373704e-01,1.532205e-01,-3.964164e+00,4.318373e+00,3.908371e+00,-3.127896e+00,6.285887e-02,0,0,2.298798e-05,-1.012145e-01,-3.284370e-01,5.347760e-01,1.790882e+00,2.050932e+00,8.458575e-01,8.375365e-01,-5.055127e-01,3.972686e-01,-5.418127e-01,-9.212755e-01,1.338865e+00,-1.568449e-02,0,0
8.510898e-04,-1.216105e+01,3.744452e+00,5.756492e-01,2.715910e+00,4.359793e+00,2.822811e+00,3.373229e-01,-1.501021e+00,-3.259621e+00,1.845010e+00,1.926196e+00,-4.116929e-01,5.077063e-02,0,0,6.291123e-05,3.761481e-01,-2.590577e-01,1.089718e+00,3.050671e+00,1.212361e+00,-3.531759e-01,6.879742e-01,-1.328006e-01,5.504187e-01,-7.968318e-01,-1.753061e+00,1.571494e+00,-1.084920e-02,0,1.226852e-02
9.477123e-04,-1.160091e+01,3.945884e+00,1.079998e+00,6.878697e+00,5.520772e+00,9.371329e-01,2.787839e-01,-9.588053e-01,-1.604870e+00,6.793299e-01,-2.089007e-01,2.184149e+00,4.805077e-02,0,0,1.252735e-04,7.778471e-01,-1.771056e-01,2.324811e+00,3.733787e+00,-2.977135e-01,-2.131732e+00,7.274392e-01,5.960364e-01,-1.444689e-01,7.975744e-02,-8.354498e-01,1.406827e+00,-8.643094e-03,0,5.161057e-02
1.106722e-03,-1.094341e+01,3.006888e+00,4.609420e+00,1.074670e+01,4.528943e+00,-6.138802e-02,2.809183e+00,1.611517e+00,-1.979385e+00,2.983401e+00,-7.030633e-01,2.061934e+00,4.291327e-02,0,6.134258e-02,1.873730e-04,1.408898e+00,-3.400316e-01,3.474462e+00,3.851955e+00,-2.024771e+00,-3.928054e+00,3.508186e-02,2.099594e-01,-9.134319e-01,7.669271e-01,3.950956e-01,9.277301e-01,-1.072832e-02,0,1.038075e-01
1.350884e-03,-9.159564e+00,3.202991e+00,1.009128e+01,1.490601e+01,8.071914e-01,-6.709475e+00,3.338636e+00,1.577134e+00,-5.326627e+00,4.147965e+00,1.045751e+00,2.669428e+00,2.357208e-02,0,2.273815e-01,2.121837e-04,1.971179e+00,-1.159022e-01,3.031424e+00,3.203241e+00,-2.851907e+00,-5.286910e+00,-1.845686e+00,-9.677626e-01,-9.311978e-01,4.227955e-02,1.718056e+00,1.048044e-01,-1.078876e-02,0,1.412457e-01
1.586369e-03,-6.337236e+00,2.415740e+00,1.344232e+01,1.796203e+01,-3.407274e+00,-1.299416e+01,-1.017194e+00,-1.719193e+00,-5.965902e+00,3.945328e+00,3.274348e+00,3.984318e+00,9.368389e-03,0,4.053468e-01,1.687250e-04,2.158621e+00,1.447454e-01,1.095211e+00,2.035614e+00,-2.198987e+00,-5.126980e+00,-3.506525e+00,-1.883273e+00,9.174639e-01,-9.762567e-01,1.702213e+00,-5.219381e-01,-7.494712e-03,0,1.324876e-01
1.768807e-03,-4.048101e+00,3.661947e+00,1.182067e+01,1.928724e+01,-4.770654e+00,-1.903103e+01,-7.036459e+00,-4.132264e+00,-4.267600e+00,4.097642e-01,6.392676e+00,1.746979e+00,1.087942e-02,0,5.342264e-01,7.550238e-05,1.583181e+00,5.817823e-01,-1.231477e+00,2.362928e-01,-8.463459e-01,-2.323150e+00,-3.302595e+00,-1.221962e+00,2.550552e+00,-9.978374e-01,8.126717e-01,-1.247870e+00,-2.296767e-03,0,8.912802e-02
1.741385e-03,-2.706039e+00,3.501137e+00,9.220778e+00,1.873415e+01,-3.677068e+00,-1.953551e+01,-9.535892e+00,-4.950151e+00,2.078421e+00,-2.878180e-02,5.134537e+00,-8.653191e-02,1.178604e-02,0,5.703580e-01,1.070908e-05,5.057346e-01,1.012151e+00,-2.679387e+00,-1.775234e+00,6.245205e-01,1.470338e+00,-7.170557e-01,-9.128354e-02,2.980792e+00,4.358836e-01,-6.136113e-01,-1.486970e+00,1.813237e-04,0,3.592025e-02
1.650888e-03,-3.059259e+00,5.569204e+00,6.044668e+00,1.570141e+01,-3.289641e+00,-1.505455e+01,-8.914989e+00,-2.917195e+00,3.403970e+00,1.145833e+00,4.179015e+00,-1.534499e+00,1.087942e-02,0,5.905160e-01,6.374969e-05,-1.009798e+00,8.484541e-01,-3.066907e+00,-2.831751e+00,1.461459e+00,4.922185e+00,2.229549e+00,8.291596e-01,2.505393e+00,2.870770e+00,-1.356979e+00,-1.134191e+00,1.843457e-03,0,-3.727419e-02
1.698875e-03,-4.302984e+00,6.522866e+00,2.933382e+00,1.087877e+01,-1.025177e+00,-7.630704e+00,-3.663208e+00,-2.783145e+00,5.102270e+00,5.756711e+00,1.313122e+00,-1.809793e+00,1.027501e-02,0,5.568033e-01,2.444018e-04,-2.407802e+00,3.217985e-01,-3.208489e+00,-2.594726e+00,1.903911e+00,6.136529e+00,3.930936e+00,9.608076e-01,1.866968e+00,4.066922e+00,-1.103938e+00,-1.141811e+00,1.018435e-02,0,-1.063580e-01
2.108811e-03,-8.298620e+00,6.393353e+00,-3.701681e-01,9.056174e+00,1.210694e+00,-3.725050e-01,1.174942e+00,-1.069968e+00,6.747439e+00,1.187087e+01,1.518489e+00,-3.062344e+00,2.085222e-02,0,3.546328e-01,4.422476e-04,-3.397394e+00,-7.078390e-01,-2.683025e+00,-1.243594e+00,1.435182e+00,4.985940e+00,3.510894e+00,6.527696e-01,1.455743e+00,3.238230e+00,-8.432948e-01,-6.707374e-01,2.716833e-02,0,-1.581326e-01
2.734433e-03,-1.212537e+01,4.698055e+00,-3.614248e+00,9.083144e+00,3.592321e+00,3.806113e+00,5.073825e+00,-1.069727e+00,9.741524e+00,1.494331e+01,9.451079e-01,-5.031664e+00,5.772137e-02,0,1.565095e-01,5.232158e-04,-3.408778e+00,-1.370096e+00,-2.052354e+00,7.864609e-02,3.603155e-01,2.474146e+00,1.228112e+00,4.034235e-01,1.295056e-02,4.257833e-01,-7.299982e-01,-3.482010e-01,4.442430e-02,0,-1.468239e-01
3.344347e-03,-1.613504e+01,2.942415e+00,-4.096642e+00,1.038126e+01,1.577520e+00,4.156739e+00,4.270964e+00,-5.100564e-01,8.363057e+00,1.274368e+01,1.465477e-01,-3.277251e+00,1.229979e-01,0,0,4.730723e-04,-2.480250e+00,-1.699460e+00,-1.247395e+00,6.227425e-01,-6.031463e-01,3.248576e-01,-1.083437e+00,2.118047e-01,-1.623450e+00,-2.596428e+00,-1.149899e+00,3.856559e-01,5.207012e-02,0,-8.657752e-02
3.697186e-03,-1.742866e+01,1.397854e+00,-5.465151e+00,1.060946e+01,5.929874e-01,2.475406e+00,9.293380e-01,-1.045984e+00,4.359213e+00,7.449221e+00,-1.650899e+00,-3.443344e+00,1.813237e-01,0,0,3.376857e-04,-1.340956e+00,-1.480213e+00,-7.393714e-01,6.117439e-01,-7.048260e-01,-6.667220e-01,-2.369717e+00,1.687596e-01,-2.564867e+00,-3.572032e+00,-1.185858e+00,7.377123e-01,4.530070e-02,0,-3.130190e-02
3.992796e-03,-1.804822e+01,-4.538483e-01,-5.681690e+00,1.140673e+01,-3.053705e-01,1.917137e+00,-2.170001e+00,-2.281618e-02,1.321345e+00,2.635772e+00,-2.933002e+00,-1.928224e+00,2.194016e-01,0,0,2.009769e-04,-3.188675e-01,-1.158728e+00,-7.959646e-01,-5.620956e-03,-9.109504e-02,-5.341825e-01,-1.904524e+00,9.710813e-03,-1.777529e+00,-2.465274e+00,-9.205079e-01,4.561595e-01,3.055303e-02,0,0
4.098637e-03,-1.787356e+01,-1.004880e+00,-6.518581e+00,1.162913e+01,1.009636e+00,1.592304e+00,-3.554277e+00,-4.695486e-01,4.380440e-01,2.137105e+00,-3.444411e+00,-2.017616e+00,2.360230e-01,0,0,1.156942e-04,3.553734e-02,-5.566226e-01,-7.670487e-01,-8.611590e-01,4.562427e-01,-4.275244e-01,-6.954589e-01,-4.585640e-01,-3.887011e-01,-4.481764e-01,-4.441194e-01,-1.603340e-01,1.843457e-02,0,0
4.148506e-03,-1.750693e+01,-1.649858e+00,-7.549750e+00,9.843318e+00,9.137203e-01,1.927377e+00,-3.009849e+00,-7.497199e-01,1.435999e+00,3.073370e+00,-3.559236e+00,-1.709318e+00,2.484134e-01,0,0,9.130100e-05,1.958981e-01,-6.880588e-02,-1.010525e+00,-2.180244e+00,5.672339e-01,-7.859731e-01,2.515356e-01,-1.080558e+00,7.065263e-01,1.275550e+00,-1.900245e-01,-9.764136e-01,1.112119e-02,0,0
4.197802e-03,-1.752162e+01,-7.872541e-01,-8.366364e+00,7.085373e+00,2.264656e+00,3.326640e-01,-2.128032e+00,-2.975352e+00,2.358381e+00,4.989541e+00,-3.558378e+00,-4.354467e+00,2.589906e-01,0,0,4.624180e-05,1.580601e-01,3.432434e-01,-1.030382e+00,-2.630652e+00,5.823591e-01,-7.001278e-01,9.224373e-01,-9.484292e-01,9.549521e-01,1.268362e+00,-2.998167e-01,-8.867956e-01,4.895745e-03,0,0
4.399718e-03,-1.724470e+01,-9.066908e-01,-9.810424e+00,2.777385e+00,1.903289e+00,-1.382909e+00,-1.625445e+00,-4.172707e+00,3.893808e+00,7.587302e+00,-3.826140e+00,-5.641866e+00,2.635237e-01,0,0,-1.426563e-04,2.995566e-01,5.385519e-01,-1.093115e+00,-2.467004e+00,5.547621e-01,-2.842673e-01,1.030632e+00,-6.266300e-01,7.016112e-01,3.006672e-01,-3.204784e-01,-9.571037e-02,-7.796911e-03,0,0
4.204239e-03,-1.721437e+01,3.397528e-01,-1.054015e+01,2.008833e+00,3.426647e+00,-2.531916e-01,3.657073e-01,-3.500201e+00,3.983900e+00,6.221951e+00,-4.810042e+00,-4.485320e+00,2.529465e-01,0,0,-4.910467e-04,8.673538e-01,3.528557e-01,-1.062557e+00,-1.586955e+00,5.415263e-01,1.039615e+00,1.330180e+00,2.629920e-01,6.552197e-01,-9.769937e-01,-3.634715e-03,1.004176e+00,-2.819583e-02,0,0
3.432006e-03,-1.616277e+01,4.793976e-01,-1.192843e+01,4.656605e-02,3.106535e+00,7.989683e-01,8.964388e-01,-3.620445e+00,4.131295e+00,3.960501e+00,-4.535797e+00,-2.122443e+00,2.124509e-01,0,0,-7.948464e-04,1.785479e+00,5.191441e-01,-3.345059e-01,-1.078488e+00,2.687381e-01,1.326037e+00,1.393503e+00,7.862424e-01,2.911189e-01,-1.291692e+00,8.186804e-01,1.188723e+00,-4.780901e-02,0,0
2.226425e-03,-1.372582e+01,2.839804e-01,-1.262014e+01,5.160060e-01,4.370664e+00,4.439803e+00,3.261925e+00,-1.936523e+00,5.515736e+00,1.917972e+00,-3.221724e+00,-1.093299e+00,1.435479e-01,0,0,-8.202119e-04,3.049712e+00,9.107844e-01,7.413377e-01,-1.281303e+00,-7.685276e-01,5.820752e-01,1.068130e+00,1.275362e+00,-1.269693e-02,-1.018829e-02,1.795621e+00,9.382020e-01,-5.672409e-02,0,4.230523e-02
1.414394e-03,-1.006158e+01,1.716916e+00,-1.044296e+01,-1.868642e+00,2.774971e+00,2.900778e+00,3.893961e+00,-1.023334e+00,4.583484e+00,3.280832e+00,-5.268974e-01,-1.394260e+00,7.917800e-02,0,0,-5.020518e-04,4.047467e+00,1.386297e+00,1.782620e+00,-1.187169e+00,-2.239857e+00,-1.006642e+00,2.913364e-01,1.444976e+00,-6.338229e-01,1.151558e+00,2.465117e+00,9.012089e-01,-4.932004e-02,0,1.048555e-01
1.111986e-03,-5.016406e+00,4.274915e+00,-7.576202e+00,-3.440077e+00,-2.502087e-01,1.606280e+00,4.207595e+00,1.578052e+00,3.694321e+00,6.510844e+00,2.163615e+00,-1.584010e-01,3.596253e-02,0,2.115261e-01,-9.255500e-05,4.273238e+00,1.168938e+00,1.839891e+00,-6.155481e-01,-2.983447e+00,-2.311941e+00,-1.307199e+00,4.276516e-01,-8.980452e-01,1.787234e+00,2.841299e+00,1.618189e+00,-3.139921e-02,0,1.674632e-01
1.478966e-03,-2.801458e-01,5.415414e+00,-5.537301e+00,-3.911239e+00,-5.782316e+00,-2.817478e+00,1.880285e+00,1.847147e+00,1.872888e+00,7.421856e+00,5.097116e+00,1.916152e+00,1.964340e-02,0,4.185146e-01,1.502816e-04,3.404929e+00,9.365813e-02,8.510677e-01,7.220701e-01,-2.093882e+00,-2.237452e+00,-2.552654e+00,-5.198137e-01,-7.044455e-01,1.630368e+00,2.860271e+00,1.991595e+00,-1.465700e-02,0,1.650484e-01
1.731363e-03,2.749655e+00,4.279423e+00,-5.873516e+00,-1.540436e+00,-6.267929e+00,-4.260775e+00,-2.267231e+00,-1.233506e+00,2.380808e+00,8.783630e+00,8.172765e+00,5.342438e+00,1.631913e-02,0,6.280587e-01,1.643047e-04,1.869913e+00,-8.351469e-01,-2.738145e-01,1.592723e+00,3.961263e-02,-1.682840e+00,-3.801894e+00,-1.122591e+00,-6.117989e-01,1.241570e+00,2.912131e+00,1.235481e+00,-4.744636e-03,0,1.002187e-01
1.856113e-03,3.080036e+00,2.182953e+00,-7.038963e+00,7.918879e-01,-4.685577e+00,-5.352955e+00,-5.631897e+00,-2.216624e+00,1.718013e+00,1.029628e+01,1.076988e+01,5.813293e+00,1.571472e-02,0,6.169755e-01,4.561713e-05,5.833892e-01,-8.299466e-01,-6.573601e-01,1.430773e+00,1.503633e+00,-5.380033e-01,-3.377799e+00,-5.356420e-01,-4.096963e-01,8.903362e-01,2.297767e+00,-4.450389e-01,-1.783016e-03,0,3.604461e-02
1.744936e-03,2.653065e+00,1.715412e+00,-8.194444e+00,2.171974e+00,-6.005152e-01,-5.540181e+00,-1.104578e+01,-2.003017e+00,7.127636e-01,1.128148e+01,1.388789e+01,4.070435e+00,1.420369e-02,0,6.133891e-01,-3.570649e-05,-3.662503e-01,5.622733e-02,1.068790e-01,9.917415e-01,1.648665e+00,2.374144e-01,-2.037709e+00,-1.926742e-01,3.788186e-01,2.541572e-01,9.523937e-01,-1.820643e+00,-1.057721e-03,0,-6.253404e-03
1.700266e-03,2.685095e+00,2.547687e+00,-7.663637e+00,1.386422e+00,-1.097855e+00,-4.867792e+00,-1.061943e+01,-4.463074e-01,6.584281e-01,1.062461e+01,1.372839e+01,3.269590e-01,1.178604e-02,0,6.060725e-01,-9.023082e-05,-8.664922e-01,1.053985e+00,1.381742e+00,1.077983e+00,1.318115e+00,7.497022e-01,-3.279320e-01,-9.311493e-01,1.631042e+00,2.120051e-01,-1.540571e+00,-2.518700e+00,-4.230886e-04,0,-6.429267e-03
1.630754e-03,1.115875e+00,4.378192e+00,-5.026783e+00,3.121004e+00,1.815360e-01,-3.316285e+00,-9.962008e+00,-3.082035e+00,4.804693e+00,9.890251e+00,1.145548e+01,-1.017611e+00,1.299486e-02,0,6.022432e-01,-9.070546e-05,-2.060897e+00,1.463880e+00,2.502834e+00,1.468965e+00,1.010557e+00,1.050966e+00,1.956839e+00,-1.213449e+00,2.722232e+00,1.256740e+00,-2.949589e+00,-2.047860e+00,1.813238e-04,0,-4.660995e-02
1.462049e-03,-4.838290e-01,6.121488e+00,-1.714084e+00,5.707287e+00,1.513974e+00,-2.716392e+00,-7.813444e+00,-6.332861e+00,7.827259e+00,1.205192e+01,4.283230e+00,-4.236183e+00,1.420369e-02,0,5.904021e-01,-9.905748e-05,-2.992110e+00,1.530956e+00,2.679726e+00,1.598328e+00,9.765891e-01,3.794903e-01,3.197824e+00,-6.136809e-01,2.264126e+00,2.315461e+00,-2.634129e+00,-1.115068e+00,-3.022077e-05,0,-1.043092e-01
1.410517e-03,-6.066959e+00,7.247911e+00,1.344949e+00,7.356365e+00,3.146355e+00,-1.361052e+00,-2.664581e+00,-5.126983e+00,1.073951e+01,1.685153e+01,3.862522e+00,-3.887293e+00,1.390148e-02,0,3.881745e-01,-1.019616e-04,-3.355473e+00,1.502675e+00,2.254423e+00,4.428993e-01,7.689179e-01,-3.617577e-01,4.348941e+00,9.888865e-01,3.291930e-01,1.713210e+00,-1.268353e+00,2.689534e-01,-5.439710e-04,0,-1.603328e-01
1.315097e-03,-8.684038e+00,8.767609e+00,2.549127e+00,7.260383e+00,2.302681e+00,-3.947957e+00,1.720973e+00,-2.492238e+00,9.011653e+00,1.872128e+01,4.354226e+00,-3.813540e+00,1.118163e-02,0,1.915608e-01,-9.455490e-05,-2.609464e+00,1.586101e+00,1.197237e+00,-2.852889e-01,5.855182e-01,-8.870393e-01,3.068962e+00,5.991082e-01,-1.798692e+00,-1.012788e+00,-7.300796e-02,1.229604e+00,1.057721e-03,0,-1.326587e-01
1.194422e-03,-1.156138e+01,1.056851e+01,4.113728e+00,4.558952e+00,3.631772e+00,-4.509291e+00,7.015490e+00,-5.791426e-02,5.858461e+00,1.512162e+01,5.078214e+00,1.158346e-01,1.178604e-02,0,0,-9.149150e-05,-1.153996e+00,1.254528e+00,3.045874e-02,-6.885904e-01,6.538048e-01,-2.321070e-01,6.409041e-01,-1.064452e+00,-3.110120e+00,-4.095177e+00,-9.263887e-01,1.284550e+00,6.678755e-03,0,-6.043220e-02
1.097322e-03,-1.078393e+01,1.239169e+01,2.887709e+00,5.679549e+00,4.198857e+00,-5.577469e+00,2.691331e+00,-5.871854e+00,1.274320e+00,7.852934e+00,3.310344e+00,-8.972669e-02,2.055001e-02,0,1.211960e-01,-2.973358e-05,-4.626709e-01,-2.532105e-01,-6.995010e-01,-6.668098e-01,1.888010e-01,1.345871e+00,-1.606943e+00,-1.898845e+00,-2.076716e+00,-4.739305e+00,-1.902515e+00,1.294923e+00,1.378060e-02,0,3.064515e-02
1.061947e-03,-1.078699e+01,1.170851e+01,1.327951e+00,4.703830e+00,5.467291e+00,-1.706831e+00,5.476101e-02,-8.759434e+00,-9.424253e-01,1.809816e+00,-2.474809e-01,6.735509e-01,4.261106e-02,0,1.211960e-01,1.067977e-04,-2.838216e-01,-2.144084e+00,-1.169162e+00,-1.473014e+00,-1.258378e+00,1.857984e+00,-2.280104e+00,-5.873577e-01,-7.210186e-01,-3.319181e+00,-2.503460e+00,8.990129e-01,2.067090e-02,0,4.889778e-02
1.232667e-03,-1.138459e+01,6.931555e+00,4.445101e-01,3.853895e+00,2.328927e+00,1.380167e+00,-2.833377e+00,-7.635702e+00,2.028517e+00,1.680655e+00,-2.495503e+00,2.382215e+00,6.467211e-02,0,2.841886e-01,2.861981e-04,-1.191188e+00,-3.405179e+00,-7.535328e-01,-2.725524e+00,-2.744382e+00,1.397462e+00,-7.744828e-01,2.222087e+00,5.083901e-01,-9.250411e-01,-1.807948e+00,1.081563e+00,2.372318e-02,0,1.253899e-02
1.660738e-03,-1.268016e+01,2.578155e+00,-5.104811e-01,-1.893293e+00,-1.725152e+00,1.301810e+00,-1.622677e+00,-2.112779e+00,1.876270e+00,1.611859e+00,-4.536164e+00,3.374928e+00,9.307948e-02,0,1.629926e-01,3.650677e-04,-1.671475e+00,-2.400532e+00,2.753249e-01,-2.424582e+00,-3.626837e+00,2.071295e-01,6.977957e-01,3.026557e+00,4.498914e-01,3.860090e-01,-4.372713e-01,4.007796e-01,1.973406e-02,0,2.169165e-03
2.228916e-03,-1.579329e+01,-6.902536e-02,3.926164e-02,-4.649511e+00,-5.926832e+00,-9.447675e-02,-3.423648e-01,1.915256e+00,2.406924e+00,3.326707e+00,-3.585057e+00,3.967397e+00,1.139317e-01,0,1.629926e-01,2.303353e-04,-9.627954e-01,-2.501124e-01,1.872291e+00,-4.021698e-01,-2.821185e+00,-8.917190e-01,1.383954e+00,2.079658e+00,4.195569e-01,9.003129e-01,5.721217e-01,-3.800992e-01,6.769417e-03,0,2.123330e-02
2.389161e-03,-1.694002e+01,3.206142e+00,2.907200e+00,-3.167376e+00,-8.539017e+00,6.613898e-02,2.298233e+00,1.597872e+00,1.117828e+00,2.916836e+00,-1.889060e+00,1.884858e+00,1.166516e-01,0,1.926398e-01,-8.982793e-06,9.867105e-01,1.254343e+00,3.313327e+00,2.653598e+00,-1.871308e+00,-1.972822e+00,7.108654e-01,-3.014237e-01,8.678180e-01,1.263111e+00,1.106328e+00,-1.129173e+00,-1.245089e-02,0,1.017286e-01
2.020132e-03,-1.406864e+01,5.366999e+00,8.097123e+00,2.480088e+00,-8.370063e+00,-2.460592e+00,2.125939e+00,9.072624e-01,4.505522e+00,5.529731e+00,-9.584461e-01,1.226755e+00,8.673315e-02,0,3.755315e-01,-1.822706e-04,3.079580e+00,1.223700e+00,3.378254e+00,4.523597e+00,-9.064502e-01,-3.189370e+00,-1.062263e+00,-2.122823e+00,1.235027e+00,1.249448e+00,9.928576e-01,-1.571177e+00,-2.632215e-02,0,1.153586e-01
1.720217e-03,-8.608934e+00,6.131858e+00,1.202722e+01,7.809898e+00,-9.860077e+00,-7.379244e+00,6.974984e-01,-3.115901e+00,5.166061e+00,6.825903e+00,-3.178300e-01,-9.006163e-01,4.442430e-02,0,5.653660e-01,-1.680197e-04,3.528544e+00,1.170022e-01,2.368694e+00,4.469684e+00,-9.661655e-02,-3.311009e+00,-2.799183e+00,-2.675491e+00,1.363139e+00,1.105612e+00,3.982587e-01,-1.188852e+00,-2.737987e-02,0,8.939966e-02
1.652036e-03,-4.560927e+00,4.586617e+00,1.237052e+01,1.247984e+01,-9.798553e+00,-1.231864e+01,-4.853313e+00,-6.341976e+00,6.557942e+00,7.619412e+00,5.936164e-01,-2.495751e+00,1.843457e-02,0,5.534226e-01,-6.871348e-05,2.346125e+00,-2.836880e-01,1.211970e+00,3.060298e+00,8.188243e-01,-1.767910e+00,-3.604630e+00,-2.178932e+00,7.654500e-01,2.966639e-01,-2.228736e-01,-8.550909e-01,-1.725597e-02,0,3.662450e-02
1.733110e-03,-4.051154e+00,4.181344e+00,1.261397e+01,1.418117e+01,-8.307855e+00,-1.155988e+01,-8.208057e+00,-8.154963e+00,6.907312e+00,7.400056e+00,-6.737979e-01,-2.198151e+00,1.390148e-02,0,5.506925e-01,-2.175181e-05,7.938923e-01,2.039528e-01,8.790518e-01,9.883153e-01,1.811997e+00,5.928103e-01,-3.152877e+00,-3.362264e-01,5.298904e-01,-5.639893e-01,-7.372020e-01,-2.517943e-01,-6.134784e-03,0,4.982245e-03
1.670118e-03,-4.616904e+00,4.923816e+00,1.386360e+01,1.459594e+01,-5.052052e+00,-9.209824e+00,-1.144443e+01,-7.467865e+00,7.462147e+00,6.725975e+00,-1.894830e+00,-2.399933e+00,1.571472e-02,0,5.659907e-01,-2.574077e-05,-8.221655e-02,1.296630e+00,9.963433e-01,-6.832442e-01,2.406651e+00,2.343254e+00,-1.282602e+00,1.368144e+00,2.960245e-01,-1.132488e+00,-1.092835e+00,-1.367112e-01,-1.148384e-03,0,1.468506e-02
1.602417e-03,-4.611485e+00,6.983023e+00,1.567594e+01,1.169342e+01,-3.173340e+00,-5.969599e+00,-1.177133e+01,-4.234088e+00,7.363410e+00,4.452675e+00,-2.759617e+00,-2.207497e+00,1.511030e-02,0,5.839931e-01,-5.855518e-05,-3.817897e-02,2.061514e+00,6.139164e-01,-1.497673e+00,2.597621e+00,2.887591e+00,4.084515e-01,2.256633e+00,1.480555e-01,-1.538382e+00,-1.049382e+00,-3.193463e-01,-1.571472e-03,0,5.661011e-04
1.588679e-03,-4.691844e+00,9.668928e+00,1.582125e+01,1.030749e+01,-3.325532e-01,-3.397511e+00,-9.484687e+00,-1.461696e+00,7.810015e+00,3.430662e+00,-3.827649e+00,-3.174634e+00,1.208824e-02,0,6.101976e-01,-5.514128e-05,-7.947874e-03,2.166747e+00,-1.033830e-01,-1.297720e+00,2.475335e+00,2.423070e+00,1.530976e+00,1.293552e+00,1.794855e-01,-1.175411e+00,-7.342225e-01,3.446100e-02,-2.659414e-03,0,-5.191137e-02
1.481054e-03,-4.204579e+00,1.211636e+01,1.470473e+01,8.837031e+00,2.320499e+00,-2.808650e-02,-7.145672e+00,1.251168e-01,7.473655e+00,1.355801e+00,-4.954300e+00,-3.407532e+00,7.857359e-03,0,5.314196e-01,-6.008253e-05,-1.602670e-01,1.319498e+00,-8.777754e-01,-4.638782e-01,1.762149e+00,1.557403e+00,1.283926e+00,-4.298469e-01,1.946258e-01,-4.526305e-01,3.305011e-02,2.168021e-01,-2.236325e-03,0,-7.704733e-02
1.455093e-03,-4.860096e+00,1.319088e+01,1.383229e+01,9.535537e+00,4.577701e+00,-6.523164e-02,-6.102381e+00,-3.179709e+00,8.304452e+00,2.397356e+00,-4.468601e+00,-1.627610e+00,6.044122e-03,0,3.327207e-01,-3.818835e-05,-3.106903e-01,-9.597530e-02,-1.053749e+00,2.235746e-01,3.415592e-01,3.168633e-01,4.307260e-02,-2.052056e+00,4.726175e-01,4.997905e-01,8.123565e-01,5.928019e-01,-2.115442e-04,0,-6.050413e-02
1.368797e-03,-5.328693e+00,1.181954e+01,1.228154e+01,9.760007e+00,3.182279e+00,1.512780e-01,-7.042850e+00,-5.524316e+00,8.089321e+00,2.706176e+00,-2.273890e+00,-1.896998e+00,6.950740e-03,0,3.374949e-01,1.391063e-05,-3.041328e-01,-1.420359e+00,-1.554565e+00,3.141975e-01,-1.466677e+00,-6.828371e-01,-4.528397e-01,-2.630131e+00,1.016591e+00,1.169570e+00,1.034434e+00,9.491260e-02,1.994560e-03,0,1.879953e-02
1.453865e-03,-5.683239e+00,9.337464e+00,1.176410e+01,1.096388e+01,9.443531e-01,-1.902877e+00,-9.320735e+00,-8.897260e+00,9.865270e+00,5.254427e+00,-1.106072e+00,-9.658911e-01,1.148383e-02,0,4.046393e-01,6.680188e-05,6.510215e-02,-2.134682e+00,-2.156739e+00,-1.748349e-01,-2.728015e+00,-1.227342e+00,-4.478199e-01,-2.265517e+00,1.061797e+00,1.649457e+00,4.314013e-01,-4.327090e-01,3.596252e-03,0,6.999811e-02
1.551221e-03,-5.313672e+00,6.941275e+00,7.965998e+00,9.693850e+00,-3.196213e+00,-2.523450e+00,-7.800694e+00,-1.016676e+01,1.177620e+01,5.775115e+00,-1.463396e+00,-3.263828e+00,1.511031e-02,0,5.894579e-01,1.096930e-04,3.393281e-01,-2.047810e+00,-2.863446e+00,-6.475855e-01,-2.826620e+00,-1.766825e+00,4.699693e-01,-1.657997e+00,6.685532e-01,2.527079e+00,-3.287393e-01,-9.610323e-01,4.412209e-03,0,5.696959e-02
1.697890e-03,-4.542097e+00,4.956599e+00,5.206371e+00,8.694441e+00,-5.873127e+00,-4.864577e+00,-7.962558e+00,-1.218607e+01,1.177000e+01,9.110169e+00,-2.716842e+00,-3.107740e+00,1.994560e-02,0,5.567297e-01,1.055923e-04,4.682209e-01,-1.653463e+00,-3.319458e+00,-9.674826e-01,-1.576186e+00,-2.208708e+00,1.169727e+00,-4.436687e-01,-1.073508e+00,3.695491e+00,-8.975767e-01,-1.205862e+00,4.533091e-03,0,3.070583e-02
1.795250e-03,-4.202624e+00,3.770917e+00,1.243178e+00,7.656797e+00,-7.542083e+00,-7.201998e+00,-5.372092e+00,-1.216990e+01,1.047972e+01,1.341370e+01,-3.112202e+00,-5.631235e+00,2.478090e-02,0,5.462977e-01,5.877181e-05,5.047886e-01,-1.233623e+00,-3.072542e+00,-5.641260e-01,1.439215e-01,-2.137430e+00,1.337482e+00,7.570031e-01,-2.592018e+00,4.101068e+00,-4.688858e-01,-1.303895e+00,4.442430e-03,0,-1.722169e-03
1.859812e-03,-3.897658e+00,2.655331e+00,-1.471786e+00,7.144989e+00,-4.763641e+00,-1.060714e+01,-4.686402e+00,-1.011404e+01,5.145968e+00,1.991259e+01,-4.769553e+00,-5.811499e+00,2.931399e-02,0,5.797486e-01,-2.061892e-05,3.391347e-01,-8.657988e-01,-2.422125e+00,-5.151389e-01,1.823236e+00,-1.142342e+00,1.550508e+00,2.521992e+00,-3.442649e+00,3.081242e+00,6.249034e-01,-1.314865e+00,2.961620e-03,0,2.654248e-03
1.764119e-03,-3.111948e+00,1.923793e+00,-4.057634e+00,7.647945e+00,-3.031348e+00,-1.033932e+01,-2.751364e+00,-7.417764e+00,2.128127e+00,2.087924e+01,-2.781470e+00,-8.431425e+00,3.263826e-02,0,5.693377e-01,-9.756083e-05,2.481104e-01,-5.385827e-01,-1.115081e+00,-5.685788e-01,2.951200e+00,4.488734e-01,1.155940e+00,3.299432e+00,-3.673098e+00,1.082449e+00,2.029696e+00,-7.648957e-01,4.533093e-04,0,-5.557782e-03
1.610361e-03,-3.391761e+00,1.551167e+00,-4.253849e+00,6.123172e+00,9.876847e-01,-9.007626e+00,-1.520381e+00,-1.952174e+00,-1.267447e+00,2.078361e+01,2.423094e-01,-8.281970e+00,3.082502e-02,0,5.584810e-01,-1.332593e-04,2.641438e-01,5.474712e-02,-1.506764e-01,-6.534156e-01,3.102042e+00,2.157188e+00,8.666504e-01,2.594709e+00,-2.727746e+00,-1.119596e+00,2.664951e+00,4.464321e-02,-2.024780e-03,0,-1.032205e-02
1.432171e-03,-3.215020e+00,1.630086e+00,-2.941197e+00,5.324811e+00,4.338256e+00,-5.757389e+00,-1.175403e+00,2.463289e-01,-4.679063e+00,1.839043e+01,4.530345e+00,-8.220478e+00,2.629193e-02,0,5.291426e-01,-1.239973e-04,4.409267e-01,7.663652e-01,3.942971e-01,-1.619682e-01,2.726438e+00,3.138566e+00,5.109874e-01,6.404865e-01,-1.750938e+00,-2.086592e+00,1.912927e+00,1.288218e+00,-2.961620e-03,0,1.481748e-03
1.359490e-03,-2.525403e+00,3.075920e+00,-2.783386e+00,5.039479e+00,7.061766e+00,-2.112162e+00,-1.141130e+00,-9.725359e-01,-5.089168e+00,1.555901e+01,4.899295e+00,-5.693757e+00,2.236325e-02,0,5.482359e-01,-1.053552e-04,6.491777e-01,1.687928e+00,6.876868e-01,8.368160e-01,1.460276e+00,3.715622e+00,6.291608e-01,-1.647474e+00,-5.790617e-01,-2.988611e+00,2.302447e-01,1.633076e+00,-2.598972e-03,0,1.560308e-02
1.269568e-03,-1.340493e+00,4.993242e+00,-2.821380e+00,7.379951e+00,7.563802e+00,1.905780e+00,-3.860521e-01,-4.705151e+00,-4.715702e+00,1.305858e+01,4.454674e+00,-3.284442e+00,2.206104e-02,0,5.818689e-01,-6.637061e-05,4.290487e-01,2.384818e+00,1.420406e+00,1.395745e+00,4.450436e-01,3.284195e+00,9.084775e-01,-2.351654e+00,-1.301844e-01,-3.343225e+00,-1.140464e+00,1.879082e+00,-2.236325e-03,0,1.946988e-02
1.164887e-03,-1.083136e+00,8.309230e+00,-8.753233e-01,9.279682e+00,6.676290e+00,5.738902e+00,1.230748e+00,-7.713806e+00,-4.144436e+00,8.506481e+00,1.431369e+00,-2.584608e+00,1.994560e-02,0,6.101332e-01,-3.809831e-05,-2.618602e-02,2.579886e+00,2.444335e+00,1.452089e+00,-3.294057e-01,2.405652e+00,1.018425e+00,-1.772329e+00,-4.923202e-01,-3.573689e+00,-1.260141e+00,1.589063e+00,-2.568752e-03,0,1.295586e-02
1.197620e-03,-1.790910e+00,1.093752e+01,3.206804e+00,1.018343e+01,6.756212e+00,6.738054e+00,2.181046e+00,-8.141305e+00,-5.802351e+00,5.200578e+00,5.619867e-01,-3.796440e-01,1.631913e-02,0,5.955433e-01,-1.105192e-05,-3.861575e-01,2.203976e+00,2.706511e+00,1.161171e+00,-7.089561e-01,1.020163e+00,7.377867e-01,-6.143814e-01,-7.214785e-01,-3.141223e+00,-5.327705e-01,1.544585e+00,-2.931399e-03,0,4.146868e-03
1.204972e-03,-2.431125e+00,1.300321e+01,6.424194e+00,1.089818e+01,5.818532e+00,7.499959e+00,2.667444e+00,-8.116104e+00,-7.007444e+00,1.619573e+00,5.449342e-01,7.991616e-01,1.239045e-02,0,6.061780e-01,8.313998e-06,-3.725473e-01,1.299905e+00,2.126723e+00,9.243650e-01,-8.710928e-01,-9.378357e-02,2.717932e-01,-5.231033e-02,-8.125677e-01,-1.842441e+00,5.775236e-01,1.313072e+00,-2.206105e-03,0,-1.720285e-02
1.194265e-03,-2.597286e+00,1.366613e+01,7.061414e+00,1.237655e+01,4.447901e+00,6.126068e+00,2.584533e+00,-7.575908e+00,-6.891590e+00,7.959145e-01,2.234039e+00,2.746600e+00,1.118163e-02,0,6.045809e-01,8.368993e-06,-1.308111e-01,5.405043e-01,1.175603e+00,6.269824e-01,-6.342610e-01,-5.316719e-01,-1.253008e-01,-1.750575e-01,-6.701660e-01,-6.697795e-01,8.666104e-01,6.814999e-01,-7.555154e-04,0,-2.933507e-02
1.208134e-03,-2.542685e+00,1.344445e+01,7.830986e+00,1.280495e+01,3.474982e+00,5.575977e+00,2.387970e+00,-8.258056e+00,-7.662655e+00,1.496607e+00,3.482961e+00,2.417629e+00,1.148383e-02,0,5.196002e-01,9.216252e-06,-6.467008e-03,3.526306e-02,6.140435e-01,-5.708504e-03,-9.410091e-02,-3.707322e-01,-3.500599e-01,-1.925165e-01,-4.444017e-01,-2.075903e-01,9.312483e-01,9.782308e-02,8.461775e-04,0,-3.345381e-02
1.237884e-03,-2.389186e+00,1.341942e+01,8.381420e+00,1.236496e+01,4.756683e+00,5.041685e+00,1.694278e+00,-8.945617e+00,-8.825576e+00,1.913163e+00,3.426026e+00,2.218622e+00,1.299486e-02,0,4.921569e-01,1.454237e-06,-5.061145e-02,3.084183e-04,4.268324e-01,-4.533275e-01,2.272890e-01,-3.415926e-01,-1.904842e-01,2.726875e-01,-2.017935e-01,-5.137101e-01,4.507731e-01,-8.812678e-01,1.087942e-03,0,-1.570718e-02
1.229244e-03,-2.567510e+00,1.330288e+01,8.834409e+00,1.087544e+01,5.193637e+00,6.188488e+00,1.362271e+00,-8.393832e+00,-8.262460e+00,2.299706e-02,4.605182e+00,1.552266e+00,1.571472e-02,0,4.951209e-01,-6.034737e-06,-3.262544e-02,2.088831e-01,1.367687e-01,-5.757788e-01,-1.406769e-01,-6.449284e-01,-4.038513e-03,1.172801e+00,2.753195e-01,-9.146560e-01,2.174557e-01,-1.542686e+00,3.928678e-04,0,4.514721e-03
1.190981e-03,-2.837931e+00,1.373846e+01,8.693865e+00,1.107467e+01,4.725018e+00,4.111849e+00,2.144962e+00,-6.144582e+00,-7.600655e+00,-1.035831e+00,3.926794e+00,-1.227058e+00,1.450589e-02,0,5.382846e-01,-1.143402e-05,1.948102e-01,3.840401e-01,-4.437442e-01,-9.321986e-01,-1.225708e+00,-1.302866e+00,4.647025e-01,2.129520e+00,7.418459e-01,-3.237411e-01,-4.251337e-02,-1.710761e+00,-1.813240e-04,0,6.686530e-03
1.201411e-03,-2.481439e+00,1.432934e+01,8.358607e+00,1.057120e+01,2.787430e+00,2.816253e+00,2.142436e+00,-3.794570e+00,-6.898518e+00,-1.602176e+00,4.319855e+00,-3.572962e+00,1.269266e-02,0,5.191099e-01,-1.309048e-05,5.299481e-01,3.224911e-01,-1.254415e+00,-1.828053e+00,-2.054777e+00,-1.638831e+00,5.486289e-01,2.599778e+00,1.088110e+00,6.876478e-01,-4.711631e-01,-1.136349e+00,-9.066192e-05,0,1.776608e-02
1.194630e-03,-1.458170e+00,1.482639e+01,6.400600e+00,7.856088e+00,-1.687539e-01,2.134747e-01,3.627708e+00,-5.976455e-01,-5.798317e+00,1.107043e+00,3.356122e+00,-3.772569e+00,1.359927e-02,0,5.135950e-01,-1.309022e-05,8.701971e-01,1.490585e-01,-2.299005e+00,-3.454516e+00,-2.586749e+00,-1.146275e+00,8.662022e-01,2.586807e+00,1.331110e+00,1.021414e+00,-9.018474e-01,8.904257e-02,7.252948e-04,0,2.779668e-02
1.161967e-03,-6.076502e-01,1.437137e+01,3.708967e+00,3.344465e+00,-2.633361e+00,-5.647765e-02,3.364043e+00,1.831589e+00,-3.723078e+00,2.389799e+00,2.534703e+00,-2.856723e+00,1.571472e-02,0,5.962961e-01,-6.291503e-06,9.565400e-01,-1.094959e-01,-2.941484e+00,-4.331535e+00,-2.201974e+00,-2.261005e-01,9.403093e-01,1.642162e+00,1.171958e+00,6.327620e-01,-1.341598e+00,1.179315e+00,9.670599e-04,0,3.562430e-02
1.145252e-03,5.761601e-01,1.446274e+01,-4.763416e-01,-2.584542e+00,-5.498330e+00,-1.831589e-01,5.865170e+00,3.976372e+00,-2.532823e+00,2.075252e+00,3.101335e-01,-1.139964e+00,1.662134e-02,0,6.386749e-01,3.426452e-06,7.850765e-01,-2.787129e-01,-2.856616e+00,-3.977289e+00,-1.357594e+00,9.495522e-01,7.282556e-01,1.849759e-01,6.562788e-01,-7.220098e-02,-1.276608e+00,1.933972e+00,2.115445e-04,0,2.733395e-02
1.194643e-03,1.284095e+00,1.396369e+01,-2.910341e+00,-5.866165e+00,-5.557652e+00,1.884067e+00,5.725252e+00,2.129232e+00,-2.671475e+00,1.077530e+00,-8.651390e-01,1.007310e+00,1.601692e-02,0,6.346915e-01,2.973375e-06,4.173201e-01,-5.619731e-01,-2.212060e+00,-2.476644e+00,-3.364169e-01,1.520918e+00,2.001582e-01,-1.340977e+00,4.989524e-02,-8.463083e-02,-5.861957e-01,1.938692e+00,-2.115443e-04,0,5.231249e-03
1.195425e-03,1.521340e+00,1.363667e+01,-4.572823e+00,-7.425039e+00,-5.494577e+00,3.990963e+00,6.088382e+00,1.784126e-01,-3.042725e+00,1.402173e+00,-1.326997e+00,3.965276e+00,1.450589e-02,0,6.310671e-01,-8.888729e-06,-3.934390e-02,-9.017470e-01,-1.206051e+00,-5.846742e-01,7.008803e-01,1.431989e+00,-5.637640e-01,-2.614497e+00,-3.712011e-01,6.326548e-01,6.821545e-01,1.215635e+00,1.511030e-04,0,-5.018592e-03
1.151748e-03,1.006360e+00,1.197454e+01,-5.303095e+00,-6.618504e+00,-4.317322e+00,5.461053e+00,4.253227e+00,-2.974316e+00,-3.218651e+00,2.303184e+00,4.222891e-01,4.284117e+00,1.571472e-02,0,6.262562e-01,-2.231406e-05,-3.168716e-01,-1.072607e+00,-2.113275e-01,8.063354e-01,1.054271e+00,6.626804e-01,-7.359505e-01,-2.867850e+00,-3.892711e-01,1.226557e+00,1.528947e+00,1.973559e-01,1.692354e-03,0,-5.042315e-03
1.122256e-03,5.183082e-01,1.094858e+01,-5.310220e+00,-5.131743e+00,-2.614093e+00,5.188291e+00,3.782362e+00,-6.544342e+00,-4.115241e+00,4.625699e+00,3.077192e+00,3.299806e+00,1.752795e-02,0,6.177996e-01,-2.730943e-05,-4.613426e-01,-9.286825e-01,8.348572e-01,1.650505e+00,1.327539e+00,3.512926e-02,-8.310933e-01,-2.503778e+00,-2.362562e-01,1.472281e+00,1.678271e+00,-5.960643e-01,2.901179e-03,0,-4.549052e-02
1.119657e-03,2.012535e-01,9.944699e+00,-3.598279e+00,-2.981136e+00,-1.726537e+00,4.598805e+00,3.198509e+00,-8.848642e+00,-4.081573e+00,5.598551e+00,4.577504e+00,2.326825e+00,2.296766e-02,0,6.161137e-01,-2.434598e-05,-5.299578e-01,-3.497295e-01,1.821147e+00,1.926480e+00,1.348666e+00,-1.081271e-02,-9.168514e-01,-1.182084e+00,9.261625e-02,8.114716e-01,6.448492e-01,-8.509449e-01,2.417649e-03,0,-6.290074e-02
1.074923e-03,-3.828197e-01,1.000817e+01,-1.250945e+00,-9.911967e-01,-1.522751e-01,4.597733e+00,2.460275e+00,-9.403315e+00,-3.792545e+00,7.115897e+00,4.986752e+00,1.963600e+00,2.538531e-02,0,4.086858e-01,-1.270360e-05,-5.723886e-01,3.125505e-01,2.513180e+00,2.139091e+00,1.444035e+00,3.041666e-01,-1.167590e+00,-3.110529e-01,3.510539e-01,-1.064673e-01,-2.916148e-01,-8.033522e-01,6.346328e-04,0,-8.358439e-02
1.053684e-03,-1.192865e+00,1.069610e+01,1.773001e+00,9.436206e-01,1.195099e+00,5.702269e+00,3.300137e-01,-7.455248e+00,-2.916918e+00,5.115443e+00,2.691756e+00,6.974956e-01,2.387428e-02,0,4.163094e-01,1.189299e-05,-5.447299e-01,8.629693e-01,2.774174e+00,2.311815e+00,1.317759e+00,5.969924e-01,-8.608262e-01,-2.642724e-01,3.148216e-01,-7.814628e-01,-4.457338e-01,-5.836570e-01,-2.145663e-03,0,-3.338141e-02
1.091724e-03,-1.646576e+00,1.213563e+01,4.570038e+00,3.601333e+00,3.145262e+00,6.157392e+00,-6.213424e-01,-8.796304e+00,-2.942299e+00,4.334917e+00,2.561992e+00,9.770926e-02,2.024781e-02,0,2.997797e-01,2.884649e-05,-4.616188e-01,9.567496e-01,2.469921e+00,2.405027e+00,7.356681e-01,3.221261e-01,-2.034609e-01,-4.510680e-01,9.233351e-02,-7.108488e-01,-7.216020e-02,-3.222404e-01,-3.747356e-03,0,2.948877e-02
1.170721e-03,-1.890518e+00,1.319582e+01,7.362099e+00,6.281672e+00,3.213491e+00,6.803938e+00,4.351871e-01,-1.047351e+01,-2.932588e+00,3.081727e+00,3.561214e+00,3.414850e-01,1.480810e-02,0,5.036597e-01,2.562262e-05,-3.768333e-01,7.482340e-01,1.623493e+00,2.071097e+00,3.012021e-01,-6.284599e-02,3.373615e-01,-4.335170e-01,-1.289717e-01,-2.458758e-01,3.525185e-01,3.065958e-01,-4.170444e-03,0,3.916936e-02
1.160637e-03,-2.342087e+00,1.354206e+01,8.304112e+00,8.364911e+00,2.516870e+00,5.657529e+00,1.390384e+00,-1.014952e+01,-3.323042e+00,4.578511e+00,4.191221e+00,5.304036e-01,1.118163e-02,0,5.124545e-01,1.512048e-05,-6.155019e-01,2.963466e-01,8.242012e-01,1.467745e+00,-2.489243e-02,-5.875009e-01,-1.291588e-01,1.034634e+00,-2.379282e-01,1.012464e-01,-1.679478e-01,2.669567e-01,-3.082502e-03,0,3.555543e-02
1.147341e-03,-2.729276e+00,1.373405e+01,8.023431e+00,8.917315e+00,3.015306e+00,5.637970e+00,1.010958e+00,-8.946223e+00,-3.371405e+00,3.764267e+00,3.639734e+00,2.014127e+00,7.555153e-03,0,5.058188e-01,2.648763e-06,-7.800219e-01,-2.321791e-01,-1.071161e-01,5.024785e-01,-1.160083e-02,-1.072900e+00,-1.010903e+00,2.365781e+00,1.290533e-01,1.954831e-01,-1.012831e+00,1.815032e-02,-9.972804e-04,0,-1.289501e-02
1.179017e-03,-4.304707e+00,1.334825e+01,8.360378e+00,9.622239e+00,3.119892e+00,3.802871e+00,-1.555022e+00,-4.386776e+00,-3.912532e+00,4.499878e+00,1.682994e+00,5.961714e-01,8.461771e-03,0,4.764773e-01,-2.348039e-06,-6.650773e-01,-7.481878e-01,-9.649073e-01,-7.082685e-01,-2.245484e-01,-1.540502e+00,-1.475901e+00,3.114008e+00,8.700600e-01,-1.015071e-01,-1.538611e+00,-2.002824e-01,6.044121e-04,0,6.564450e-03
1.174775e-03,-4.809318e+00,1.213183e+01,6.798385e+00,8.165401e+00,2.853975e+00,2.366767e+00,-3.146624e+00,-1.525979e+00,-1.992577e+00,4.098459e+00,-2.488273e-01,3.993527e-01,1.118163e-02,0,4.571732e-01,-2.153565e-05,-4.190917e-02,-1.377340e+00,-1.891853e+00,-1.664337e+00,-9.739374e-01,-1.622397e+00,-6.533929e-01,2.254657e+00,1.446216e+00,-2.208461e-01,-1.269624e+00,-1.152016e-01,1.722575e-03,0,2.623327e-02
1.135180e-03,-4.627453e+00,1.060223e+01,4.092099e+00,5.199526e+00,1.474793e+00,-4.093815e-01,-3.910333e+00,1.710395e+00,3.378441e-01,3.903879e+00,-1.557554e+00,3.363791e-01,1.239045e-02,0,5.695996e-01,-4.236405e-05,6.479397e-01,-1.533663e+00,-2.228471e+00,-1.931772e+00,-1.546978e+00,-1.023234e+00,4.801046e-01,6.337433e-01,1.300150e+00,-4.652041e-01,-4.392117e-02,3.535252e-01,2.780296e-03,0,-3.429937e-03
1.061581e-03,-2.777449e+00,8.220359e+00,6.983045e-01,2.806985e+00,-1.031832e+00,-3.678893e-01,-1.078350e+00,-7.215259e-01,1.734485e+00,2.958036e+00,-1.088112e+00,1.568016e+00,1.420369e-02,0,5.904241e-01,-4.401581e-05,7.905886e-01,-1.249199e+00,-1.647360e+00,-1.059252e+00,-1.777054e+00,-2.781711e-01,1.082076e+00,-7.094561e-01,1.501070e-01,-2.131289e-01,1.431990e+00,-1.307032e-01,3.445150e-03,0,-3.020109e-02
1.023793e-03,-2.080943e+00,7.635666e+00,2.680620e-01,2.642587e+00,-2.672095e+00,5.402829e-02,-1.886351e-01,-1.620286e+00,7.246868e-01,2.744069e+00,1.883030e+00,1.779466e+00,2.085222e-02,0,3.927022e-01,-2.969315e-05,5.217660e-01,-5.685682e-01,-5.268069e-01,2.720142e-01,-1.075347e+00,2.882106e-01,7.847000e-01,-1.299114e+00,-8.291510e-01,1.199479e-02,2.163257e+00,-6.732795e-01,3.354487e-03,0,-5.478500e-02
1.010389e-03,-2.129630e+00,7.369117e+00,4.736040e-01,4.147611e+00,-3.957850e+00,7.442067e-01,4.029090e-01,-3.407919e+00,-1.435463e+00,3.612719e+00,5.190833e+00,-9.757068e-01,2.417649e-02,0,3.946165e-01,-6.453262e-06,-4.641531e-02,2.107195e-01,5.956684e-01,1.249573e+00,7.656033e-02,3.018731e-01,2.273719e-01,-9.629299e-01,-1.272309e+00,2.069727e-01,1.711828e+00,-9.952446e-01,7.555151e-04,0,1.042736e-03
1.012310e-03,-2.342532e+00,8.185013e+00,1.570415e+00,5.889285e+00,-2.438935e+00,4.756232e-01,-7.274621e-01,-3.441976e+00,-2.222936e+00,3.636512e+00,6.119260e+00,-1.758157e+00,2.417649e-02,0,3.935784e-01,5.944190e-06,-2.536191e-01,4.952117e-01,1.072870e+00,1.608697e+00,6.978040e-01,8.963902e-02,3.036162e-01,-6.359191e-01,-1.193547e+00,1.222708e-01,7.683452e-01,-5.493907e-01,-2.357207e-03,0,6.199902e-02
1.035057e-03,-2.878731e+00,8.999283e+00,3.025470e+00,7.431502e+00,-7.656105e-01,9.306788e-01,3.279226e-01,-4.625330e+00,-3.153250e+00,3.546678e+00,5.352911e+00,-1.639396e+00,1.631913e-02,0,5.951996e-01,1.980878e-05,-1.862411e-01,2.993908e-01,1.196142e+00,1.429389e+00,5.765461e-01,-5.029230e-01,3.856044e-01,-4.128303e-01,-1.085813e+00,3.905243e-01,2.745735e-01,-1.315100e-01,-3.233605e-03,0,6.420562e-02
1.041181e-03,-2.974488e+00,9.296641e+00,4.356479e+00,9.044127e+00,-7.791951e-01,4.089874e-01,1.366939e+00,-4.191176e+00,-4.384156e+00,3.388444e+00,5.643717e+00,-6.356426e-01,1.299486e-02,0,6.024057e-01,2.586412e-05,-1.091557e-02,-4.979537e-01,7.915632e-01,9.803467e-01,-2.589782e-01,-1.043963e+00,1.825671e-01,-3.824567e-01,-8.605817e-01,9.540054e-01,4.427361e-02,-7.346269e-02,-1.178604e-03,0,4.302778e-02
1.094998e-03,-2.744858e+00,8.310257e+00,5.061283e+00,9.717135e+00,-1.904990e+00,-1.737091e+00,1.283730e+00,-5.097471e+00,-5.783916e+00,5.689375e+00,6.801472e+00,-2.194514e+00,1.359927e-02,0,6.112309e-01,3.002504e-05,1.277701e-01,-1.303013e+00,2.718316e-01,3.689259e-01,-6.178012e-01,-1.381606e+00,-8.199431e-01,-4.452091e-01,-1.954410e-01,1.581496e+00,-5.219969e-01,1.333082e-01,2.719855e-03,0,-2.576435e-03
1.111660e-03,-2.464046e+00,6.039757e+00,4.510324e+00,9.648201e+00,-3.164136e+00,-3.410309e+00,-2.925301e-01,-5.118190e+00,-5.210512e+00,7.335190e+00,5.616348e+00,-1.847911e+00,1.964340e-02,0,6.007016e-01,3.960422e-05,-9.575401e-02,-1.675478e+00,2.284832e-02,1.852269e-01,-1.759774e-01,-1.642512e+00,-2.097750e+00,-6.340305e-01,5.157640e-01,1.831181e+00,-8.952260e-01,5.927511e-01,5.228166e-03,0,-8.984971e-03
1.149942e-03,-2.495101e+00,4.112658e+00,4.307705e+00,8.974094e+00,-2.662146e+00,-4.067703e+00,-2.942058e+00,-6.387869e+00,-3.717277e+00,9.480786e+00,2.756611e+00,-3.667205e-01,2.659414e-02,0,5.831695e-01,3.662402e-05,-4.588238e-01,-1.290056e+00,3.435457e-01,3.789483e-01,3.937398e-01,-1.840887e+00,-2.259384e+00,-5.030760e-01,8.829241e-01,1.334455e+00,-8.636829e-01,1.336124e+00,5.167725e-03,0,-1.305023e-02
1.211730e-03,-3.578136e+00,3.018053e+00,4.847509e+00,1.034178e+01,-1.280504e+00,-6.638264e+00,-7.008917e+00,-6.716129e+00,-2.838655e+00,1.064864e+01,3.190018e+00,1.414216e+00,3.263826e-02,0,5.715116e-01,2.844192e-05,-7.932296e-01,-4.961372e-01,9.137796e-01,7.316400e-01,6.162306e-01,-2.331155e+00,-1.463955e+00,-5.453205e-03,5.472142e-01,8.871508e-01,-2.871512e-01,1.170005e+00,2.206105e-03,0,-2.565043e-02
1.228083e-03,-4.481932e+00,3.370830e+00,6.610419e+00,1.126509e+01,-8.781068e-01,-9.327549e+00,-6.654995e+00,-6.813881e+00,-2.555224e+00,1.070492e+01,3.696222e+00,2.855041e+00,3.294047e-02,0,5.605748e-01,-6.578094e-06,-1.022538e+00,5.395997e-01,8.538348e-01,3.660982e-01,6.089929e-01,-1.409815e+00,6.472554e-01,1.135082e+00,2.020915e-01,-1.850353e-01,-2.155603e-01,9.134156e-01,-1.601693e-03,0,-3.651058e-02
1.214799e-03,-5.436779e+00,3.929985e+00,7.927866e+00,1.216090e+01,-9.750028e-01,-1.243616e+01,-5.755837e+00,-4.932450e+00,-3.055467e+00,1.115887e+01,3.710786e+00,2.391232e+00,2.750076e-02,0,4.837469e-01,1.957673e-05,-1.544930e+00,1.315449e+00,-1.102080e-02,-4.900068e-01,9.794299e-01,3.870869e-01,2.102135e+00,2.350604e+00,4.217947e-01,-5.789900e-01,-6.933621e-01,3.096388e-01,-3.717136e-03,0,-7.304112e-02
1.115517e-03,-6.678469e+00,6.354691e+00,7.036701e+00,9.895024e+00,2.300679e-01,-8.217831e+00,-3.323213e-01,-1.604301e+00,-2.598413e+00,8.300494e+00,1.418425e+00,3.711849e+00,2.115443e-02,0,4.444990e-01,1.021884e-04,-2.387786e+00,1.724285e+00,-9.010137e-01,-1.023979e+00,1.889162e+00,2.453135e+00,2.790074e+00,3.195492e+00,8.946787e-01,-3.564498e-01,-8.219723e-01,-9.344602e-02,-2.387429e-03,0,-1.036064e-01
1.365896e-03,-1.020452e+01,8.103370e+00,4.579264e+00,8.576779e+00,3.062558e+00,-5.257689e+00,3.404215e-01,2.432100e+00,-7.080873e-01,8.955909e+00,8.621061e-01,2.534006e+00,1.994560e-02,0,2.643439e-01,2.951060e-04,-3.245223e+00,1.695806e+00,-9.533947e-01,-8.674275e-01,2.465552e+00,3.254372e+00,2.547660e+00,3.086351e+00,1.498335e+00,3.135211e-01,-1.059461e+00,-7.221332e-01,-6.044153e-05,0,-1.259748e-01
1.663477e-03,-1.403699e+01,9.905564e+00,3.779651e+00,7.937252e+00,6.548924e+00,-6.511086e-01,4.247248e+00,5.481306e+00,7.444800e-01,1.002416e+01,1.010701e+00,2.316424e+00,2.478090e-02,0,1.522442e-01,4.259952e-04,-3.235217e+00,1.019583e+00,-3.829619e-01,-1.531521e-01,1.995522e+00,2.196760e+00,1.930747e+00,2.627520e+00,1.408385e+00,6.086057e-01,-8.024129e-01,-1.245534e+00,3.989120e-03,0,-1.153342e-01
2.416349e-03,-1.798363e+01,1.063358e+01,4.789418e+00,8.802653e+00,8.193330e+00,5.233844e-02,4.692680e+00,6.956500e+00,2.764761e+00,1.186465e+01,-1.382655e+00,-5.217208e-01,2.538531e-02,0,0,4.220128e-04,-2.499379e+00,1.470799e-01,-1.345731e-01,-2.982744e-01,3.832442e-01,8.766322e-01,1.461540e+00,1.384684e+00,1.093583e+00,1.838846e-02,-4.683109e-01,-9.509331e-01,7.706256e-03,0,-6.809320e-02
2.720267e-03,-1.896500e+01,1.018750e+01,5.016815e+00,9.016327e+00,7.642290e+00,1.109575e-01,7.145287e+00,9.271096e+00,2.707089e+00,9.889153e+00,-1.471259e+00,-9.879597e-01,3.838018e-02,0,0,1.848143e-04,-1.239501e+00,-7.407244e-01,-7.756632e-01,-9.464102e-01,-1.096906e+00,-6.313305e-02,8.280943e-01,7.572155e-01,1.072772e+00,-6.082853e-01,2.030075e-01,-1.369664e-02,1.006346e-02,0,-3.044884e-02
2.947565e-03,-2.023741e+01,8.697802e+00,3.287817e+00,6.545870e+00,4.432096e+00,-1.255561e+00,6.199101e+00,7.460624e+00,3.778524e+00,9.115354e+00,-2.384684e-01,-5.684677e-01,5.167725e-02,0,0,-1.584569e-04,3.346060e-01,-1.023057e+00,-1.383412e+00,-1.550771e+00,-1.798156e+00,-4.575221e-01,3.107079e-01,-2.235100e-01,9.450062e-01,-1.018815e+00,5.434341e-01,1.085459e+00,7.011181e-03,0,2.592867e-02
2.321940e-03,-1.910760e+01,7.169830e+00,6.521357e-01,4.333593e+00,2.945011e+00,-3.128241e-01,7.634509e+00,9.015321e+00,5.601460e+00,8.357379e+00,1.453645e+00,2.271314e+00,6.195225e-02,0,0,-4.034257e-04,1.919235e+00,-7.318596e-01,-1.194829e+00,-1.411930e+00,-1.526103e+00,-6.501195e-01,-9.009580e-02,-4.188396e-01,1.048464e+00,-9.750679e-01,-1.825992e-01,1.269552e+00,6.044097e-05,0,7.475357e-02
1.823228e-03,-1.623930e+01,7.027128e+00,5.469595e-02,3.390164e+00,1.551191e+00,-2.023381e+00,6.001608e+00,5.966837e+00,6.042606e+00,7.536459e+00,-1.279362e-01,3.275936e+00,4.865518e-02,0,1.296433e-01,-4.692796e-04,3.332843e+00,-2.220435e-01,-3.409280e-01,-1.008273e+00,-1.610075e+00,-1.303823e+00,-2.463851e-01,-6.365849e-01,4.229624e-01,-1.128353e+00,-8.649403e-01,7.545260e-01,-5.621033e-03,0,1.278254e-01
1.265307e-03,-1.136788e+01,7.363539e+00,6.592299e-01,3.534530e+00,1.452227e+00,-2.755730e+00,6.793554e+00,7.923791e+00,6.817368e+00,5.803261e+00,-2.439521e+00,3.437599e+00,4.019341e-02,0,3.089462e-01,-3.007737e-04,3.692260e+00,-2.595683e-01,5.469712e-01,-2.484345e-01,-1.988852e+00,-2.066433e+00,-5.466453e-01,-1.217357e+00,-5.497050e-02,-6.506641e-01,-8.790190e-01,-4.129617e-01,-6.678754e-03,0,1.419812e-01
1.129484e-03,-7.443061e+00,7.490730e+00,1.579629e+00,1.904034e+00,-2.871884e+00,-6.553221e+00,5.387653e+00,4.823464e+00,5.285382e+00,4.750649e+00,-2.616587e+00,2.621020e+00,3.445150e-02,0,4.846539e-01,-1.206321e-04,3.095270e+00,-9.385608e-01,5.714115e-01,6.632189e-01,-1.588915e+00,-2.083627e+00,-1.301903e+00,-1.607190e+00,-5.153382e-01,1.433712e-01,1.140695e-01,-1.452459e+00,-5.651253e-03,0,9.952219e-02
1.164944e-03,-5.044418e+00,5.640188e+00,2.624525e+00,3.834485e+00,-4.787710e+00,-8.380069e+00,5.208260e+00,3.500221e+00,5.705219e+00,6.496964e+00,-1.697124e+00,5.339636e-01,3.566032e-02,0,5.324006e-01,4.441062e-05,2.032421e+00,-1.756590e+00,1.765609e-01,1.898088e+00,-1.215512e-01,-2.048670e+00,-3.478404e+00,-2.221105e+00,-6.428118e-01,1.095146e+00,9.815243e-01,-1.887775e+00,-5.772137e-03,0,4.740725e-02
1.270249e-03,-3.924676e+00,3.195999e+00,1.929106e+00,6.556281e+00,-3.273415e+00,-9.629344e+00,2.847389e-01,1.426726e-01,4.021989e+00,7.906464e+00,7.121289e-02,-2.534539e+00,2.266546e-02,0,5.155271e-01,8.501516e-05,1.265618e+00,-2.030648e+00,-2.846144e-01,2.402186e+00,1.897351e+00,-9.995529e-01,-5.248692e+00,-1.840682e+00,-2.806384e-01,1.127885e+00,1.308942e+00,-1.272234e+00,-5.228166e-03,0,8.069676e-03
1.416977e-03,-2.964965e+00,7.279527e-01,1.367296e+00,1.069885e+01,1.045236e+00,-1.146102e+01,-8.047009e+00,-8.413388e-01,4.235005e+00,9.701085e+00,1.124200e+00,-3.423499e+00,1.722575e-02,0,5.305459e-01,5.852488e-05,6.455845e-01,-1.444635e+00,-2.242835e-01,1.551492e+00,2.153253e+00,-3.464659e-01,-5.424881e+00,-1.158821e+00,3.318071e-01,2.381819e-01,1.093669e+00,1.587183e-01,-3.233606e-03,0,-2.346545e-03
1.428543e-03,-2.154699e+00,-2.063937e-01,7.851718e-01,1.048278e+01,3.698397e+00,-1.001051e+01,-1.422817e+01,-2.209166e+00,4.617297e+00,8.788013e+00,2.517462e+00,-1.761421e+00,1.752795e-02,0,5.259297e-01,1.971843e-06,1.416096e-01,-6.280692e-01,3.723877e-01,3.626145e-01,1.048424e+00,4.750488e-01,-2.828038e+00,-1.866949e-01,1.164890e+00,-9.653810e-01,3.620533e-01,1.471862e+00,-4.230894e-04,0,-9.338707e-03
1.378421e-03,-2.701484e+00,1.182090e-01,2.075075e+00,9.628695e+00,2.492649e+00,-9.921815e+00,-1.465969e+01,-1.117966e+00,7.066601e+00,7.247098e+00,2.548098e+00,9.409963e-01,2.206104e-02,0,5.154666e-01,-3.919252e-05,-2.633866e-01,4.316622e-03,6.057764e-01,-6.145609e-01,-5.607642e-01,1.244247e+00,4.463153e-01,4.646182e-01,1.182903e+00,-1.833784e+00,-2.077343e-01,1.638533e+00,-1.511031e-03,0,-1.799224e-02
1.299386e-03,-3.348368e+00,3.605251e-01,3.437155e+00,8.904429e+00,1.244999e+00,-8.023702e+00,-1.054911e+01,-6.524884e-01,8.430640e+00,4.306552e+00,1.169531e+00,2.642524e+00,1.813237e-02,0,4.763732e-01,-3.178755e-05,-3.803270e-01,2.948767e-01,6.081582e-01,-5.906893e-01,-1.318820e+00,1.385644e+00,2.426091e+00,1.191591e+00,5.549821e-01,-1.639817e+00,-6.289469e-01,1.028551e+00,-3.928680e-03,0,-1.589564e-02
1.285593e-03,-3.685064e+00,4.660763e-01,3.070186e+00,8.415219e+00,-5.318863e-01,-6.233186e+00,-7.654964e+00,7.034132e-01,8.242849e+00,2.772898e+00,7.594948e-01,2.567192e+00,9.368389e-03,0,4.653629e-01,-1.916856e-05,-1.315107e-01,4.589145e-01,6.789923e-02,-4.010971e-01,-1.333078e+00,1.299064e+00,2.544159e+00,1.642699e+00,-4.633377e-01,-7.706825e-01,-8.072287e-01,1.647417e-01,-5.137504e-03,0,-9.746674e-03
1.316019e-03,-3.564545e+00,1.094056e+00,3.328407e+00,8.136073e+00,-1.383436e+00,-4.926604e+00,-5.600079e+00,2.838101e+00,6.804083e+00,2.826030e+00,2.670287e-01,2.568234e+00,4.230885e-03,0,4.715033e-01,-2.428684e-05,-3.235984e-03,1.132666e+00,8.074117e-02,-1.165981e-02,-4.915217e-01,1.324254e+00,2.058514e+00,1.697424e+00,-9.091754e-01,3.462945e-01,-7.410024e-01,-5.306848e-01,-2.961620e-03,0,4.432142e-03
1.274262e-03,-3.250950e+00,2.046016e+00,2.468945e+00,8.007388e+00,-2.858524e+00,-4.975046e+00,-4.413409e+00,5.350236e+00,5.563190e+00,4.133947e+00,-1.036795e+00,1.801850e+00,3.324267e-03,0,4.691682e-01,-4.267320e-05,-2.076018e-02,2.011391e+00,4.196522e-01,3.861443e-01,1.173458e+00,1.657242e+00,1.753654e+00,7.983823e-01,-6.555508e-01,7.494221e-01,-1.035066e+00,-7.002130e-01,4.533093e-04,0,-2.285484e-02
1.183618e-03,-3.581605e+00,5.233885e+00,4.141482e+00,9.050046e+00,-4.929018e-02,-2.031503e+00,-1.877314e+00,5.511220e+00,5.224593e+00,5.357500e+00,-1.637336e+00,3.717714e-01,6.346328e-03,0,4.966313e-01,-5.381038e-05,-2.614293e-01,2.727030e+00,8.299937e-01,7.698510e-01,3.159440e+00,2.379181e+00,1.503068e+00,-4.988874e-01,-4.383183e-01,3.376597e-01,-9.186710e-01,-1.134538e+00,2.236325e-03,0,-6.951967e-02
1.138428e-03,-3.780334e+00,8.453119e+00,4.761910e+00,9.888954e+00,4.668331e+00,6.054719e-01,-7.480790e-01,3.358765e+00,5.754840e+00,5.254273e+00,-3.463653e+00,1.643591e-01,1.057721e-02,0,3.385247e-01,-2.336178e-05,-5.505291e-01,2.691839e+00,1.017774e+00,1.032421e+00,4.269324e+00,2.502212e+00,1.451082e+00,-1.321784e+00,-7.345411e-01,-6.467400e-01,-4.693666e-01,-9.551550e-01,2.175884e-03,0,-1.245741e-01
1.114885e-03,-4.606999e+00,1.152565e+01,6.331893e+00,1.104455e+01,1.065033e+01,4.179041e+00,8.259565e-02,1.339400e+00,4.516667e+00,3.954166e+00,-3.112898e+00,-2.285710e+00,1.178604e-02,0,1.892267e-01,6.533309e-06,-7.397960e-01,1.822479e+00,8.358420e-01,1.176026e+00,3.321898e+00,1.979351e+00,1.127050e+00,-1.462989e+00,-1.109198e+00,-1.076630e+00,2.718746e-01,-1.040087e+00,6.950740e-04,0,-1.331787e-01
1.191819e-03,-5.490899e+00,1.235932e+01,6.462610e+00,1.217224e+01,1.313828e+01,4.430743e+00,1.862044e+00,8.272268e-01,2.244448e+00,1.601915e+00,-2.645847e+00,-1.645184e+00,1.148383e-02,0,0,3.210143e-05,-6.323191e-01,1.027121e+00,8.211825e-01,1.100225e+00,1.166366e+00,1.021884e+00,8.768347e-01,-1.049714e+00,-1.260195e+00,-7.595340e-01,1.063978e+00,-6.817702e-01,-3.022063e-04,0,-6.599177e-02
1.189588e-03,-6.425303e+00,1.239318e+01,7.470342e+00,1.378853e+01,1.232522e+01,5.952616e+00,2.452874e+00,-5.379544e-01,1.433796e+00,1.800530e+00,-6.868654e-01,-3.923892e+00,9.368389e-03,0,0,3.477437e-05,-4.748226e-01,5.112709e-01,6.604890e-01,9.872238e-01,-5.669114e-01,2.916188e-02,1.892307e-01,-7.867270e-01,-7.236078e-01,1.159968e-01,1.229070e+00,-1.229752e-02,-1.027501e-03,0,-6.891570e-03
1.261583e-03,-6.032778e+00,1.315496e+01,8.298598e+00,1.401809e+01,9.662718e+00,4.828107e+00,2.450955e+00,-9.511287e-01,9.953019e-01,2.533421e+00,6.432205e-01,-2.425401e+00,1.027501e-02,0,1.031792e-01,1.777334e-05,-2.429326e-01,4.217620e-01,3.472859e-01,6.004137e-01,-8.531944e-01,-1.734014e-01,-3.018985e-02,-6.476317e-01,-5.942246e-01,2.492269e-01,1.065987e+00,1.416709e-01,-1.118163e-03,0,3.949680e-02
1.253875e-03,-6.710172e+00,1.368419e+01,8.716344e+00,1.505774e+01,9.553559e+00,4.126169e+00,7.342941e-01,-1.705057e+00,1.523201e+00,4.068397e+00,1.387917e+00,-1.957089e+00,7.252946e-03,0,1.031792e-01,-4.358636e-06,-2.733839e-01,2.287059e-01,-3.012232e-01,1.787581e-01,1.894951e-04,1.456255e-01,5.448362e-01,-5.168252e-01,-7.718078e-01,-3.576318e-01,5.975271e-01,2.024208e-01,-8.159565e-04,0,2.135759e-02
1.248543e-03,-6.563127e+00,1.382263e+01,7.576038e+00,1.453971e+01,1.025814e+01,4.476959e+00,2.570385e+00,-1.827380e+00,-7.713778e-01,1.714116e+00,1.646698e+00,-1.920231e+00,6.950740e-03,0,1.458944e-01,-3.977497e-05,-3.164081e-01,-1.045711e-01,-7.416021e-01,-3.385954e-01,5.201036e-01,9.027964e-01,1.455376e+00,-5.075681e-01,-1.067488e+00,-9.737190e-01,2.161293e-01,-6.980931e-01,-2.719855e-04,0,3.218385e-03
1.174315e-03,-7.527048e+00,1.320287e+01,6.325506e+00,1.442151e+01,1.202846e+01,6.856317e+00,5.117340e+00,-2.683955e+00,-1.541903e+00,4.220232e-01,1.799031e+00,-3.164373e+00,6.950740e-03,0,8.543038e-02,-4.488289e-05,-1.635670e-01,-2.572712e-01,-7.650706e-01,-6.725519e-01,3.712097e-01,1.120175e+00,1.856996e+00,-3.761066e-01,-1.070378e+00,-1.138687e+00,1.323983e-02,-1.010226e+00,5.741916e-04,0,3.218384e-03
1.102488e-03,-7.206380e+00,1.287276e+01,5.786007e+00,1.264322e+01,1.102579e+01,7.977015e+00,7.536312e+00,-2.999520e+00,-2.809587e+00,-5.119878e-01,1.518310e+00,-5.312224e+00,9.066183e-03,0,1.281456e-01,-3.639379e-05,-9.658389e-02,-2.229834e-01,-4.119562e-01,-5.571254e-01,5.326147e-02,8.120810e-01,1.235082e+00,-2.659845e-01,-5.344101e-01,-5.386218e-01,-5.374966e-02,-8.931838e-01,6.346329e-04,0,7.217489e-04
