pcm_RMSenergy_sma,pcm_fftMag_mfcc_sma[1],pcm_fftMag_mfcc_sma[2],pcm_fftMag_mfcc_sma[3],pcm_fftMag_mfcc_sma[4],pcm_fftMag_mfcc_sma[5],pcm_fftMag_mfcc_sma[6],pcm_fftMag_mfcc_sma[7],pcm_fftMag_mfcc_sma[8],pcm_fftMag_mfcc_sma[9],pcm_fftMag_mfcc_sma[10],pcm_fftMag_mfcc_sma[11],pcm_fftMag_mfcc_sma[12],pcm_zcr_sma,F0final_sma,voicingFinalUnclipped_sma,pcm_RMSenergy_sma_de,pcm_fftMag_mfcc_sma_de[1],pcm_fftMag_mfcc_sma_de[2],pcm_fftMag_mfcc_sma_de[3],pcm_fftMag_mfcc_sma_de[4],pcm_fftMag_mfcc_sma_de[5],pcm_fftMag_mfcc_sma_de[6],pcm_fftMag_mfcc_sma_de[7],pcm_fftMag_mfcc_sma_de[8],pcm_fftMag_mfcc_sma_de[9],pcm_fftMag_mfcc_sma_de[10],pcm_fftMag_mfcc_sma_de[11],pcm_fftMag_mfcc_sma_de[12],pcm_zcr_sma_de,F0final_sma_de,voicingFinalUnclipped_sma_de
8.347370e-04,-9.056808e+00,5.729161e+00,-2.467291e-01,5.758270e+00,5.834634e+00,5.940022e+00,6.013568e+00,7.029626e+00,6.638595e+00,6.293741e+00,2.506836e+00,2.228331e+00,3.233605e-02,0,0,1.138414e-04,-6.035641e-01,-1.306670e+00,3.559282e-01,-1.832232e+00,-9.855022e-01,-1.790580e-01,1.036160e-01,3.513490e-01,-5.331854e-01,1.097727e+00,-9.627981e-01,-5.008276e-01,-7.252934e-04,0,4.039875e-02
9.688195e-04,-1.014970e+01,3.021708e+00,5.335896e-01,2.329192e+00,4.136889e+00,5.781516e+00,6.158785e+00,7.759191e+00,5.328524e+00,8.227783e+00,4.996225e-01,1.245284e+00,2.991841e-02,0,0,1.591228e-04,-9.688021e-01,-1.620931e+00,3.938573e-01,-2.901868e+00,-1.210291e+00,-6.231011e-01,-2.283688e-01,4.032707e-01,-3.822688e-01,1.903980e+00,-1.351364e+00,-2.818938e-01,2.296768e-03,0,6.059813e-02
1.336903e-03,-1.152818e+01,5.495379e-01,1.142753e+00,-1.688353e+00,1.755996e+00,5.123985e+00,6.459040e+00,8.421589e+00,4.627704e+00,1.081536e+01,-1.303548e+00,2.157162e-01,2.991841e-02,0,2.019938e-01,1.298261e-04,-7.159971e-01,-9.722667e-01,2.441682e-01,-2.663022e+00,-1.472664e+00,-1.216297e+00,-7.550654e-01,-3.453575e-01,3.565907e-02,2.000164e+00,-1.395064e+00,-3.594368e-01,5.500152e-03,0,6.059813e-02
1.379268e-03,-1.266513e+01,2.143183e-01,1.027816e+00,-5.027761e+00,1.822500e+00,3.232535e+00,4.648989e+00,8.349998e+00,5.732697e+00,1.355283e+01,-2.344790e+00,1.825169e+00,4.502871e-02,0,2.019938e-01,-1.328656e-05,1.881111e-01,2.519352e-01,-2.160998e-01,-1.002913e+00,-1.258518e+00,-1.489030e+00,-1.329602e+00,-1.148225e+00,5.337301e-01,1.260660e+00,-9.330834e-01,-3.717251e-01,7.615593e-03,0,0
1.278643e-03,-1.137908e+01,2.271523e+00,7.269983e-01,-3.878363e+00,-3.714906e-01,1.133028e+00,2.993140e+00,5.007435e+00,6.614804e+00,1.363203e+01,-3.046279e+00,1.412042e-01,5.228166e-02,0,2.019938e-01,-1.318584e-04,1.197776e+00,7.782437e-01,-7.608396e-01,4.911666e-01,-9.697136e-01,-1.082822e+00,-7.694507e-01,-1.779140e+00,-6.279860e-02,3.523308e-01,-7.992317e-01,-8.554851e-01,6.013901e-03,0,-6.059813e-02
9.315165e-04,-9.283698e+00,3.420392e+00,-3.390319e-01,-1.590366e+00,-1.091961e+00,3.318437e-01,1.243725e+00,3.725142e+00,7.003624e+00,1.312274e+01,-3.294429e+00,-5.760854e-01,5.681475e-02,0,0,-1.321224e-04,1.637799e+00,4.336811e-01,-1.248604e+00,8.968363e-01,-6.300573e-01,-1.633432e-02,8.011788e-01,-1.287830e+00,-6.846884e-01,-3.650033e-01,-5.521623e-01,-1.397787e+00,1.934118e-03,0,-6.059813e-02
9.014865e-04,-7.230015e+00,2.837719e+00,-1.978021e+00,-9.512175e-01,-1.635342e+00,1.160223e+00,4.314418e+00,1.838315e+00,3.678247e+00,1.279205e+01,-4.824887e+00,-2.861082e+00,5.409489e-02,0,0,-7.311763e-05,1.191085e+00,-2.448658e-01,-1.399827e+00,5.694148e-01,6.477327e-01,9.031264e-01,1.728830e+00,-6.286175e-01,-4.910484e-01,-5.121928e-01,-4.240303e-01,-1.647543e+00,4.593532e-03,0,-4.039875e-02
9.072346e-04,-6.550668e+00,2.099625e+00,-3.862693e+00,-2.007153e+00,-6.958612e-01,3.137266e+00,7.994244e+00,3.495409e+00,3.777533e+00,1.214780e+01,-4.216297e+00,-3.662621e+00,5.379269e-02,0,0,4.065945e-06,3.605696e-01,-6.729406e-01,-1.163686e+00,4.619358e-01,1.663138e+00,1.389759e+00,1.379150e+00,-1.660555e-01,8.139448e-01,-4.567400e-01,-7.566318e-01,-2.213620e+00,1.006346e-02,0,0
9.251959e-04,-6.790169e+00,1.707577e+00,-4.510307e+00,-8.228959e-01,2.669123e+00,4.245949e+00,8.262030e+00,1.979215e+00,5.772607e+00,1.155854e+01,-4.705496e+00,-6.553244e+00,7.676035e-02,0,0,8.980115e-06,-4.346159e-01,-8.094309e-01,-7.856213e-01,1.287421e+00,2.341695e+00,1.386978e+00,-3.586540e-01,6.224210e-02,2.491746e+00,-3.160596e-01,-1.193609e+00,-2.465093e+00,1.556361e-02,0,0
9.399915e-04,-7.700773e+00,6.207606e-01,-4.891320e+00,6.551524e-01,5.071497e+00,5.737778e+00,6.165668e+00,2.824415e+00,1.002617e+01,1.145580e+01,-7.137283e+00,-9.798102e+00,9.579933e-02,0,0,3.163784e-06,-7.369495e-01,-7.129965e-01,-2.029808e-01,1.749597e+00,1.722614e+00,1.471520e+00,-1.014717e+00,1.162133e-01,1.647608e+00,-4.410161e-01,-1.388180e+00,-2.045372e+00,9.942581e-03,0,0
9.300087e-04,-8.828042e+00,-4.700030e-01,-5.391814e+00,4.154736e+00,7.189452e+00,6.794856e+00,3.435436e+00,2.485023e+00,1.301266e+01,1.155776e+01,-9.332437e+00,-1.211880e+01,1.109096e-01,0,0,-1.059416e-05,-6.546789e-01,-2.922806e-01,-1.977568e-02,1.464589e+00,4.939010e-01,1.330767e+00,-6.111189e-01,3.317680e-01,-6.928043e-02,-7.026602e-01,-1.935334e-01,-7.272901e-02,-3.898458e-03,0,0
9.206471e-04,-9.216479e+00,-3.765670e-01,-4.436843e+00,4.252018e+00,5.657042e+00,9.220411e+00,5.333954e+00,3.823571e+00,8.395547e+00,9.943114e+00,-8.843728e+00,-1.110670e+01,8.643094e-02,0,0,-2.115490e-05,-4.493608e-01,2.411599e-01,3.909860e-02,9.722810e-01,1.451889e-01,1.240704e+00,4.663998e-01,6.152201e-02,-1.894814e+00,-8.956353e-01,1.033849e+00,1.765990e+00,-1.577516e-02,0,0
8.818973e-04,-9.305711e+00,7.448377e-01,-4.836424e+00,4.701614e+00,4.845855e+00,9.158466e+00,5.622292e+00,3.138477e+00,6.241516e+00,8.801581e+00,-4.819941e+00,-6.262590e+00,6.195225e-02,0,0,-2.392339e-05,-4.098310e-01,4.265633e-01,-2.564808e-01,5.563307e-01,8.099931e-01,1.039746e+00,4.280147e-01,-2.777669e-01,-1.604501e+00,-7.397049e-01,1.531150e+00,2.805518e+00,-1.906921e-02,0,0
8.582727e-04,-9.708742e+00,1.219140e+00,-4.973522e+00,5.243118e+00,6.969240e+00,1.075949e+01,7.404239e+00,2.805298e+00,3.937670e+00,8.355712e+00,-4.224283e+00,-3.896261e+00,4.140224e-02,0,0,-1.951610e-05,-5.991492e-01,3.501245e-01,-1.677966e-01,6.547178e-01,1.792196e+00,8.415002e-01,-3.300065e-01,-5.498071e-01,-1.378746e-01,-6.230447e-01,9.495287e-01,2.349152e+00,-1.109096e-02,0,0
8.415789e-04,-1.063107e+01,8.649600e-01,-6.405879e+00,6.440839e+00,1.058332e+01,1.122405e+01,4.540367e+00,1.605325e+00,7.219095e+00,8.652935e+00,-3.986407e+00,-1.696436e+00,3.807797e-02,0,0,-9.717414e-06,-7.095681e-01,3.912419e-01,4.350244e-01,2.907627e-01,1.518090e+00,6.318585e-01,-9.059499e-01,-3.337362e-01,7.052458e-01,-4.914387e-01,9.128096e-01,1.387662e+00,-2.750075e-03,0,0
8.432258e-04,-1.154955e+01,1.313994e+00,-4.491099e+00,6.655994e+00,1.174929e+01,1.239512e+01,4.224884e+00,1.841111e+00,7.217384e+00,6.902214e+00,-4.512852e+00,-1.644018e+00,4.291327e-02,0,0,-5.962822e-06,-5.730845e-01,6.885365e-01,1.092057e+00,-2.581546e-01,-1.004855e-01,-3.142164e-01,-7.817408e-01,-1.433776e-01,1.019563e+00,-2.858827e-01,1.669941e+00,5.383236e-01,3.294047e-03,0,0
8.408337e-04,-1.193315e+01,2.653620e+00,-2.902513e+00,5.448989e+00,1.004628e+01,1.149994e+01,2.682220e+00,1.951889e+00,8.127888e+00,7.071137e+00,-1.116091e-01,-4.504031e-01,4.744636e-02,0,0,-4.542921e-06,-2.393452e-01,7.925622e-01,1.300572e+00,-9.046237e-01,-1.778569e+00,-9.669375e-01,-1.415402e-01,-1.425982e-01,9.845972e-02,3.661175e-02,2.397312e+00,-2.874225e-01,9.247506e-03,0,0
8.288312e-04,-1.192312e+01,3.767493e+00,-1.264922e+00,4.448270e+00,6.735332e+00,9.050461e+00,4.424609e+00,1.915128e+00,8.581089e+00,7.717197e+00,2.188021e+00,-1.827659e+00,5.318828e-02,0,0,-3.403111e-06,-1.066856e-02,3.959296e-01,7.748662e-01,-9.512623e-01,-2.379483e+00,-1.415448e+00,-8.072703e-02,-2.947262e-01,-7.712301e-01,3.647261e-01,2.086846e+00,-5.757057e-01,1.689332e-02,0,0
8.260616e-04,-1.164100e+01,3.601022e+00,-1.516109e+00,3.021583e+00,4.197454e+00,8.061690e+00,3.732804e+00,8.553256e-01,7.029541e+00,8.428502e+00,4.649715e+00,-3.041728e+00,7.917800e-02,0,0,-4.139263e-07,-1.042313e-01,-1.293263e-01,1.722430e-01,-8.487269e-01,-2.076516e+00,-1.081018e+00,-6.057560e-02,-3.057105e-02,-1.524523e+00,1.995595e-01,7.885164e-01,-5.838428e-01,2.215171e-02,0,0
8.335963e-04,-1.174896e+01,2.819942e+00,-1.309970e+00,3.113386e+00,2.776290e+00,7.037006e+00,3.295957e+00,9.157619e-01,3.910407e+00,8.047162e+00,3.540717e+00,-3.226884e+00,1.115141e-01,0,0,3.853941e-06,-4.172426e-01,-4.309893e-01,-3.234872e-01,-7.249410e-01,-1.048600e+00,-3.836599e-01,-4.624541e-01,2.153975e-01,-1.738063e+00,-4.013658e-01,-5.038255e-01,3.068810e-01,1.737685e-02,0,0
8.363815e-04,-1.254138e+01,2.480764e+00,-2.018774e+00,1.872797e+00,1.643221e+00,7.101579e+00,2.943668e+00,2.298717e+00,2.840614e+00,7.903952e+00,3.154625e+00,-2.670005e+00,1.290420e-01,0,0,5.439843e-06,-6.439436e-01,-4.344111e-01,-6.059030e-01,-5.937836e-01,-2.078404e-01,-3.150221e-01,-6.161897e-01,3.130051e-01,-7.493638e-01,-5.807720e-01,-1.274444e+00,1.549882e+00,5.802358e-03,0,0
8.429409e-04,-1.355915e+01,2.172675e+00,-2.631026e+00,1.397958e+00,2.769447e+00,7.612217e+00,2.506906e+00,2.270420e+00,1.985240e+00,5.972643e+00,4.164383e-01,-4.791162e-01,1.151405e-01,0,0,2.566661e-06,-6.323735e-01,-2.861212e-01,-7.234691e-01,-3.881239e-01,3.417754e-01,-2.588895e-01,-6.460602e-01,-2.228917e-01,-9.743645e-02,-7.467841e-01,-1.260575e+00,2.238554e+00,2.508309e-03,0,0
8.485885e-04,-1.395563e+01,1.752600e+00,-3.885096e+00,9.103789e-01,3.161673e+00,6.198975e+00,1.046381e+00,1.743022e+00,4.245306e+00,6.561901e+00,-1.603637e-01,3.333799e+00,1.063766e-01,0,0,-1.186010e-06,-5.100313e-01,-1.909251e-01,-4.177255e-01,3.148015e-01,4.285687e-01,-5.507287e-01,-1.562437e-01,-5.123078e-01,-9.918462e-02,-8.108055e-01,-1.348038e+00,1.518802e+00,1.501964e-02,0,0
8.403261e-04,-1.420371e+01,1.753418e+00,-3.994155e+00,1.653975e+00,3.725941e+00,6.193861e+00,1.014300e+00,7.915068e-02,2.720878e+00,4.984267e+00,-1.104663e+00,4.963987e+00,1.353883e-01,0,0,-9.508204e-06,-5.558583e-01,-3.775347e-02,-3.511686e-02,3.323578e-01,9.428616e-02,-7.507400e-01,6.666834e-01,-5.763047e-02,-4.880750e-01,-9.411060e-01,-7.591957e-01,2.808877e-02,2.768208e-02,0,0
8.317589e-04,-1.476926e+01,1.735767e+00,-3.425837e+00,3.318796e+00,3.307817e+00,5.057114e+00,2.908753e+00,8.328121e-01,1.976871e+00,4.344113e+00,-2.825013e+00,2.202451e+00,1.940163e-01,0,0,-1.064605e-05,-5.991489e-01,5.894125e-02,3.050257e-01,-1.314839e-01,-3.493685e-01,-7.272092e-01,1.301700e+00,8.175203e-01,-8.067667e-01,-1.290365e+00,-5.548847e-03,-8.386587e-01,1.982472e-02,0,0
8.038147e-04,-1.593162e+01,1.992324e+00,-3.036239e+00,1.855539e+00,3.167805e+00,4.429447e+00,4.909136e+00,2.437372e+00,6.790827e-01,2.376007e+00,-2.047215e+00,2.270015e-01,2.097310e-01,0,0,-1.028940e-05,-4.363861e-01,-6.619148e-02,1.039648e-01,-8.595500e-01,-9.682366e-01,-9.809532e-01,9.232181e-01,1.729319e+00,-7.158059e-02,-8.246061e-01,1.285128e+00,-3.112457e-01,-7.585372e-03,0,0
8.136139e-04,-1.608742e+01,1.927853e+00,-2.838926e+00,1.521780e-01,1.693898e+00,3.445135e+00,5.607462e+00,4.651513e+00,1.232370e+00,1.414207e+00,2.831685e-01,1.508999e+00,1.683288e-01,0,0,-4.555756e-06,8.519935e-03,-6.800379e-02,-1.531967e-01,-9.108408e-01,-9.533508e-01,-5.608128e-01,1.261227e-01,1.663878e+00,9.940877e-02,-4.765870e-01,1.865858e+00,7.240416e-01,-3.544878e-02,0,0
7.979515e-04,-1.572656e+01,1.326418e+00,-3.767787e+00,-1.060466e+00,-3.082831e-01,2.095084e+00,4.281035e+00,6.816396e+00,2.735226e+00,2.326190e+00,3.766889e+00,3.754485e+00,1.103052e-01,0,0,2.507702e-06,4.174439e-01,4.294775e-02,-2.909308e-01,-1.508211e-01,-4.824637e-01,2.265676e-01,-2.390803e-01,1.028933e+00,6.822113e-02,4.927235e-02,7.198636e-01,4.453460e-01,-3.925657e-02,0,0
8.119117e-04,-1.482919e+01,1.728701e+00,-3.826047e+00,2.225943e-01,2.791075e-01,3.420232e+00,3.853417e+00,6.962693e+00,1.445844e+00,1.986086e+00,3.597227e+00,4.058918e+00,6.648534e-02,0,0,4.125625e-06,5.006233e-01,3.110691e-01,-1.817975e-01,6.136424e-01,5.599517e-01,1.125675e+00,-1.267480e-01,1.166699e-01,-4.601626e-01,5.339160e-02,-8.634383e-01,-5.747021e-01,-1.783016e-02,0,0
8.172044e-04,-1.447352e+01,2.306638e+00,-3.997333e+00,1.066225e+00,1.462882e+00,5.574737e+00,4.590757e+00,6.426447e+00,9.134517e-01,2.336429e+00,-1.049267e-01,1.178772e+00,6.436990e-02,0,0,1.076565e-05,3.694247e-01,3.724779e-01,9.085517e-02,5.570710e-01,3.915196e-01,9.936187e-01,-6.377888e-02,-6.233446e-01,-6.533059e-01,-1.230288e-01,-1.421200e+00,-1.672040e+00,2.012693e-02,0,0
8.246157e-04,-1.421082e+01,2.993088e+00,-3.633140e+00,2.157045e+00,3.608074e+00,7.333684e+00,4.818861e+00,5.429837e+00,-1.575554e-01,1.676046e+00,-2.098115e+00,-7.665543e-02,1.021457e-01,0,0,7.384660e-06,8.084507e-02,1.560190e-02,2.954134e-01,9.340870e-02,-4.572994e-01,3.283272e-02,-2.016095e-01,-4.099489e-01,-2.417680e-01,-7.865250e-03,-2.334286e-01,-1.328558e+00,5.101239e-02,0,0
8.454278e-04,-1.418862e+01,2.556614e+00,-3.409965e+00,7.576644e-01,-1.516819e-02,5.106451e+00,3.479419e+00,4.466101e+00,2.703961e-01,1.866066e+00,-4.914384e-01,-2.537928e+00,1.931097e-01,0,0,4.436483e-06,-1.026519e-01,-2.936832e-01,4.760108e-01,-2.910857e-01,-1.424081e+00,-1.224047e+00,-4.293045e-01,1.180898e-01,-5.498110e-02,-1.106641e-01,1.376239e+00,-1.505568e-01,5.581747e-02,0,0
8.347233e-04,-1.456741e+01,1.681723e+00,-2.642664e+00,8.439181e-01,-1.268364e+00,3.818538e+00,3.401039e+00,5.893121e+00,5.585313e-01,2.181942e+00,2.623340e+00,-7.255228e-01,2.571774e-01,0,0,-4.447636e-06,-3.339290e-01,-3.444389e-01,6.703854e-01,-5.201999e-02,-1.274199e+00,-1.363320e+00,-3.376849e-01,5.207435e-01,-1.129845e-01,4.917954e-02,2.005405e+00,1.308560e+00,3.000907e-02,0,0
8.343330e-04,-1.480848e+01,1.493905e+00,-2.112517e+00,2.673602e-01,-3.219304e+00,1.212073e+00,3.153146e+00,6.785254e+00,2.805029e-01,1.530161e+00,4.415539e+00,7.504218e-01,2.659414e-01,0,0,-7.790566e-06,-3.744526e-01,2.844648e-02,6.159117e-01,6.124706e-01,2.186145e-01,-6.174808e-01,-4.434052e-01,1.730530e-01,-4.768390e-02,2.765826e-01,1.095672e+00,1.572995e+00,-1.151405e-02,0,0
8.079249e-04,-1.557054e+01,1.802248e+00,-9.299372e-01,2.142097e+00,-1.160852e+00,2.464276e+00,3.293573e+00,6.873978e+00,-7.275310e-01,2.089896e+00,5.475424e+00,4.821970e+00,2.157752e-01,0,0,-4.351908e-06,-2.710376e-01,2.675620e-01,2.574539e-01,5.782221e-01,1.105592e+00,4.936280e-01,-6.195114e-01,-5.719296e-01,4.774102e-01,8.359621e-01,2.517954e-01,8.439020e-01,-4.300392e-02,0,0
8.198742e-04,-1.555932e+01,2.638584e+00,-1.186769e+00,3.170928e+00,1.024149e+00,2.696178e+00,1.316126e+00,4.840938e+00,6.750078e-01,3.295002e+00,3.560880e+00,2.553301e+00,1.562406e-01,0,0,-2.147857e-06,-1.061024e-01,1.905170e-01,-3.898044e-02,5.261380e-01,1.647416e+00,1.364289e+00,-4.061629e-01,-7.807676e-01,9.211920e-01,9.202753e-01,-6.201554e-01,-1.394898e-01,-4.578423e-02,0,0
8.201931e-04,-1.554718e+01,2.447193e+00,-1.818268e+00,2.283245e+00,2.137870e+00,5.544626e+00,1.221992e+00,4.005631e+00,2.748330e+00,5.479331e+00,4.309646e+00,2.592547e+00,9.700816e-02,0,0,-1.112948e-06,-4.752893e-02,-1.492669e-01,-2.328903e-01,-1.487067e-01,7.793230e-01,1.251034e+00,-1.613818e-01,-6.851299e-01,7.653372e-01,7.094792e-01,-6.661285e-01,-5.161315e-01,-2.556664e-02,0,0
8.174595e-04,-1.535067e+01,2.124017e+00,-1.863253e+00,2.827477e+00,3.368414e+00,6.493344e+00,2.158122e+00,4.315589e+00,3.148532e+00,4.436820e+00,1.897651e+00,1.167684e+00,9.640375e-02,0,0,-2.969563e-06,-2.070694e-01,-5.027680e-01,-1.411419e-01,-3.429796e-01,1.082086e-01,9.096655e-01,3.458565e-01,-3.530198e-01,2.575715e-02,2.339315e-01,-5.818923e-01,3.037434e-01,-1.722579e-03,0,0
8.035675e-04,-1.591251e+01,1.313197e+00,-1.756147e+00,1.570289e+00,1.563630e+00,6.820864e+00,2.065666e+00,3.711003e+00,1.862393e+00,5.066383e+00,2.976396e+00,2.934121e+00,1.178604e-01,0,0,-1.275406e-06,-2.753395e-01,-5.968760e-01,-2.146566e-01,-3.003954e-01,-2.766384e-02,3.188815e-01,4.450363e-01,-4.174987e-01,-1.109606e-01,-1.080124e-01,-5.993159e-01,5.736220e-01,2.266544e-03,0,0
8.133392e-04,-1.641200e+01,6.917419e-01,-1.923540e+00,1.812508e+00,1.852312e+00,6.606386e+00,2.623571e+00,3.223153e+00,1.246762e+00,4.671134e+00,1.318044e+00,3.901231e+00,1.372016e-01,0,0,1.178589e-07,-1.886434e-01,-5.078349e-01,-4.076543e-01,-2.803671e-01,5.871991e-02,-2.764811e-01,3.230493e-01,-6.449949e-01,1.911636e-01,-2.328036e-01,-3.675862e-01,5.477551e-01,-1.429435e-02,0,0
8.158763e-04,-1.639321e+01,1.789510e-01,-2.861408e+00,1.288752e+00,2.757601e+00,7.082512e+00,3.214449e+00,2.464356e+00,3.144412e+00,4.822113e+00,1.602870e+00,4.093884e+00,8.794197e-02,0,0,1.204066e-06,1.850302e-01,-1.104441e-02,-4.164429e-01,1.722457e-01,3.898871e-01,-5.888449e-01,-2.101095e-02,-5.143808e-01,8.209541e-01,-4.590276e-01,-3.431551e-01,-6.099343e-01,-2.979752e-02,0,0
8.118944e-04,-1.605354e+01,1.519651e-01,-3.348894e+00,1.566410e+00,3.065027e+00,4.980114e+00,3.198977e+00,1.713938e+00,3.463341e+00,3.394937e+00,7.464829e-01,3.326579e+00,3.989121e-02,0,0,-7.604831e-08,4.041921e-01,5.035532e-01,-1.907021e-01,2.995468e-01,-1.387672e-01,-9.494888e-01,-9.123617e-01,-4.185264e-01,8.328791e-01,-2.250728e-01,3.350432e-01,-1.766990e+00,-1.991538e-02,0,0
8.103102e-04,-1.516659e+01,1.527863e+00,-3.125684e+00,2.554567e+00,2.906707e+00,4.689775e+00,1.672908e+00,1.893706e+00,4.858874e+00,3.409344e+00,1.546401e+00,1.717758e-01,1.752795e-02,0,0,3.788591e-06,3.352223e-01,7.273285e-01,7.529578e-02,3.611281e-01,-6.880443e-01,-7.707876e-01,-1.546548e+00,-3.010257e-01,3.460535e-01,3.395200e-03,3.685434e-01,-2.132228e+00,1.447567e-02,0,0
8.157420e-04,-1.500435e+01,2.535052e+00,-2.744912e+00,2.677335e+00,1.083923e+00,3.055310e+00,-1.167467e+00,1.415846e+00,4.553926e+00,4.252154e+00,3.021494e+00,-2.972668e+00,7.283167e-02,0,0,6.942137e-06,4.217567e-02,4.769770e-01,4.522873e-01,2.211447e-01,-8.534044e-01,-2.685340e-01,-1.518464e+00,-5.078473e-01,-4.222130e-01,1.404833e-01,1.884679e-01,-1.654045e+00,4.170444e-02,0,0
8.328955e-04,-1.524169e+01,2.624050e+00,-2.786921e+00,2.538930e+00,3.079324e-01,4.190977e+00,-2.335067e+00,1.108273e+00,4.329386e+00,4.410480e+00,2.308081e+00,-3.417635e+00,1.438501e-01,0,0,1.035094e-05,-2.429659e-01,-3.238748e-02,6.717223e-01,-1.715497e-01,-6.716105e-01,-4.420900e-03,-5.238003e-01,-6.595088e-01,-1.044499e+00,-1.876848e-01,-6.810397e-01,-5.477662e-01,4.339680e-02,0,0
8.353125e-04,-1.580511e+01,1.988757e+00,-1.256839e+00,2.679952e+00,9.739292e-02,3.886844e+00,-2.389356e+00,-4.325816e-01,1.617020e+00,3.596786e+00,1.307982e+00,-3.148940e+00,1.852523e-01,0,0,1.242278e-05,-2.965632e-01,-3.129359e-01,9.035277e-01,-1.264062e-01,2.111898e-01,5.434530e-01,7.528328e-01,-3.081354e-01,-8.114420e-01,-5.743348e-01,-1.331421e+00,1.935927e-01,2.302811e-02,0,0
8.522797e-04,-1.598104e+01,1.639073e+00,-5.111092e-01,1.695510e+00,4.191975e-02,4.251904e+00,-3.351487e-01,-4.796239e-01,1.104834e+00,2.798604e+00,-1.002042e+00,-2.478919e+00,1.783016e-01,0,0,1.379297e-05,-3.475179e-01,-3.830529e-01,7.689191e-01,4.451241e-02,7.157060e-01,7.143744e-01,1.506227e+00,2.873005e-01,-2.601156e-01,-5.690268e-01,-1.371413e+00,3.804790e-01,2.901180e-03,0,0
8.681638e-04,-1.611749e+01,1.462861e+00,6.348206e-01,2.467014e+00,2.272878e+00,5.742111e+00,1.596738e+00,6.691175e-01,2.108993e+00,2.186418e+00,-1.980548e+00,-2.474062e+00,1.707464e-01,0,0,1.301537e-05,-4.825832e-01,-4.320933e-01,1.482714e-01,5.500694e-02,6.902364e-01,1.051846e+00,1.688143e+00,1.074645e+00,6.189162e-01,-3.537855e-01,-1.034316e+00,8.386108e-01,-4.291324e-03,0,0
8.854346e-04,-1.682309e+01,9.717338e-01,1.118452e-01,2.867961e+00,2.798720e+00,6.835215e+00,3.203019e+00,1.993926e+00,2.782822e+00,2.270530e+00,-2.904718e+00,-1.852679e+00,1.656089e-01,0,0,5.421351e-06,-4.955797e-01,-2.473755e-01,-2.487261e-01,2.525466e-01,1.944143e-01,8.044193e-01,1.418857e+00,8.939827e-01,1.638373e-01,-2.160075e-01,1.281844e-01,1.365696e+00,-4.110004e-03,0,0
8.838119e-04,-1.779700e+01,1.619597e-01,-8.269594e-01,2.368761e+00,2.170175e+00,7.854416e+00,4.282274e+00,3.703871e+00,3.872606e+00,2.091895e+00,-2.912262e+00,7.309936e-01,1.701420e-01,0,0,-2.979004e-06,-3.395374e-01,7.938685e-02,-5.003867e-01,3.342319e-02,-4.053361e-01,1.582132e-01,1.074883e+00,5.697836e-02,-5.214378e-01,-1.170386e-01,1.581708e+00,1.691699e+00,2.447869e-03,0,0
8.715624e-04,-1.761919e+01,1.052646e+00,-1.023850e+00,3.007369e+00,1.065343e+00,7.217848e+00,5.416367e+00,2.472913e+00,1.042214e+00,1.765828e+00,1.047369e-01,2.747035e+00,1.580538e-01,0,0,-9.230687e-06,7.708798e-02,5.201564e-01,-1.983625e-01,6.653897e-02,-1.816872e-01,-5.865308e-01,2.930079e-01,-9.795915e-01,-1.072635e+00,2.124109e-01,2.596685e+00,1.221929e+00,1.121185e-02,0,0
8.602049e-04,-1.741713e+01,1.819339e+00,-1.299266e+00,2.564426e+00,1.112886e+00,6.341860e+00,5.864479e+00,7.145160e-01,3.721079e-01,1.853576e+00,4.423264e+00,3.684574e+00,1.867634e-01,0,0,-7.567165e-06,3.113701e-01,4.116441e-01,-1.454039e-01,-7.478165e-03,1.779735e-01,-1.419776e+00,-8.001505e-01,-1.099798e+00,-8.354928e-01,6.674564e-01,2.635849e+00,4.324439e-01,2.082200e-02,0,0
8.510847e-04,-1.662758e+01,2.743826e+00,-6.438143e-01,3.102823e+00,2.418928e+00,4.658839e+00,3.876956e+00,-1.409354e+00,-8.301036e-01,3.451744e+00,6.410943e+00,2.780173e+00,2.133575e-01,0,0,-3.644941e-06,2.386715e-01,-7.571737e-02,-1.684281e-01,-2.334289e-01,4.189637e-01,-1.663380e+00,-1.580828e+00,-3.486663e-01,-9.142835e-02,9.273350e-01,1.233489e+00,-6.879294e-02,2.502267e-02,0,0
8.562149e-04,-1.673595e+01,1.374590e+00,-1.743997e+00,2.283643e+00,2.383250e+00,2.035043e+00,1.051227e+00,1.460137e-01,6.313006e-01,4.586219e+00,7.113879e+00,2.876644e+00,2.466002e-01,0,0,1.423311e-06,1.542036e-01,-3.130738e-01,-1.045334e-01,-3.434309e-01,1.703003e-01,-1.644994e+00,-1.678432e+00,4.975344e-01,1.962210e-01,-2.722298e-02,-2.875445e-01,1.152553e-01,1.547296e-02,0,0
8.553327e-04,-1.676642e+01,8.964335e-01,-1.643624e+00,1.980616e+00,2.524980e+00,1.054355e+00,-8.114918e-02,1.013833e+00,4.554754e-01,5.036181e+00,4.926876e+00,2.807035e+00,2.532487e-01,0,0,2.348510e-06,9.486961e-02,-1.940552e-01,-1.063087e-01,-4.756873e-01,-2.376425e-01,-8.386695e-01,-7.437478e-01,1.000719e+00,6.129041e-01,-1.157578e+00,-1.245983e+00,2.598895e-01,6.890300e-03,0,0
8.651974e-04,-1.657669e+01,1.177666e+00,-1.322027e+00,1.408375e+00,1.911362e+00,-8.086586e-02,-5.486261e-01,1.990595e+00,7.104236e-01,9.252422e-01,3.727574e+00,4.247419e+00,2.441825e-01,0,0,6.901275e-07,3.323179e-01,3.692956e-01,1.604646e-01,-3.754553e-01,-5.951998e-01,5.075823e-02,-5.578351e-02,5.944363e-01,3.515836e-01,-1.804695e+00,-1.722081e+00,8.289769e-02,-3.203383e-03,0,0
8.583359e-04,-1.623287e+01,1.872012e+00,-1.386343e+00,1.162021e+00,1.466660e+00,1.523446e+00,9.581435e-01,2.671950e+00,2.194855e+00,-5.056587e-01,1.874177e+00,3.394233e+00,2.490178e-01,0,0,-2.093730e-08,4.241056e-01,4.928414e-01,1.442935e-01,-3.343253e-02,-6.509508e-01,7.794466e-01,4.741147e-01,5.008988e-01,6.258636e-02,-1.094576e+00,-1.478413e+00,-3.897770e-01,-1.293442e-02,0,0
8.581639e-04,-1.534114e+01,2.733279e+00,-1.070315e+00,8.156641e-01,-6.358907e-02,2.054288e+00,2.526633e-01,2.289137e+00,1.519529e+00,-1.666338e+00,2.982251e-02,2.997534e+00,2.326987e-01,0,0,1.842086e-06,3.119084e-01,3.672978e-01,4.497012e-01,2.429678e-01,-1.025318e-01,1.123760e+00,6.587022e-01,5.526827e-02,-6.937627e-01,3.327539e-01,-1.308797e+00,-7.088816e-01,-2.910245e-02,0,0
8.587448e-04,-1.526367e+01,2.582834e+00,-1.048013e+00,2.109809e+00,2.577014e-01,3.884011e+00,1.888780e+00,3.369056e+00,3.638547e-01,8.590909e-01,-6.163144e-01,1.483093e+00,1.943185e-01,0,0,6.377086e-06,5.142355e-02,1.267183e-01,6.744150e-01,4.212723e-01,6.992539e-01,8.601764e-01,6.268026e-01,-4.942891e-01,-6.811802e-01,1.076569e+00,-5.316887e-01,-4.296024e-01,-3.841040e-02,0,0
8.742035e-04,-1.550175e+01,2.658744e+00,7.573139e-01,2.149320e+00,2.003182e+00,4.357649e+00,2.279567e+00,1.918383e+00,-1.842889e+00,1.906637e+00,-1.571164e+00,1.658581e+00,1.260200e-01,0,0,3.772933e-06,-1.847087e-01,-1.013866e-01,5.322270e-01,5.291853e-01,9.490911e-01,6.151448e-01,7.219768e-01,-9.307628e-01,1.392788e-01,9.490347e-01,2.469085e-01,-2.230178e-01,-2.556664e-02,0,0
8.822016e-04,-1.589544e+01,2.542871e+00,1.071918e+00,2.601555e+00,3.929544e+00,4.672647e+00,3.078705e+00,3.858819e-01,4.701633e-01,3.090701e+00,1.622717e-02,1.915697e+00,1.103052e-01,0,0,-4.975050e-06,-1.827595e-01,-2.013496e-01,-1.604756e-01,3.140411e-01,7.127859e-02,-1.152006e-01,1.452976e-01,-9.999940e-01,8.786892e-01,2.105877e-02,8.683351e-01,5.953362e-02,4.079780e-03,0,0
8.653002e-04,-1.594880e+01,2.246328e+00,5.308549e-01,3.215718e+00,2.845945e+00,4.735694e+00,3.267585e+00,-8.730901e-01,2.162769e+00,1.963030e+00,9.480941e-01,1.666143e+00,1.468722e-01,0,0,-1.778763e-05,-5.864229e-02,-2.693347e-01,-8.999292e-01,2.262549e-01,-8.594664e-01,-3.876051e-01,-1.538285e-01,-7.673664e-02,1.164396e+00,-8.077645e-01,9.966761e-01,3.147978e-02,2.886068e-02,0,0
8.383212e-04,-1.595394e+01,1.782295e+00,-1.737162e+00,3.146815e+00,1.927128e-01,3.118985e+00,2.121258e+00,-2.351775e-01,2.754472e+00,9.361880e-01,2.465733e+00,1.776981e+00,2.042913e-01,0,0,-2.031095e-05,1.161859e-01,1.288103e-02,-8.587981e-01,3.829932e-02,-1.004977e+00,-4.682807e-01,-4.987532e-01,3.193108e-01,3.642904e-01,-1.226672e+00,1.106167e-01,-2.481953e-02,2.595950e-02,0,0
8.072055e-04,-1.576571e+01,1.692359e+00,-2.337792e+00,3.007964e+00,-4.257347e-01,3.196455e+00,1.989147e+00,1.845230e+00,2.836937e+00,-1.054929e+00,2.187464e+00,1.885338e+00,2.233303e-01,0,0,-1.360988e-05,2.089874e-01,4.360472e-01,-1.273233e-01,-1.404858e-02,-5.512561e-01,-1.647146e-01,-5.501275e-01,2.329325e-01,-8.167170e-02,-8.315933e-01,-5.848864e-01,-3.074490e-01,5.741918e-03,0,0
8.096942e-04,-1.540605e+01,2.884261e+00,-1.787749e+00,2.896928e+00,5.404984e-01,3.100864e+00,1.224158e+00,6.232761e-01,1.954531e+00,-1.533680e+00,-5.037435e-02,1.682002e+00,2.018737e-01,0,0,-4.148932e-06,2.890538e-01,6.696981e-01,6.576965e-01,3.370789e-01,-7.594343e-02,-3.469726e-01,-4.813150e-01,-1.430309e-01,-4.085273e-01,-1.821067e-01,-1.148192e+00,-7.400193e-01,-1.559383e-02,0,0
8.115643e-04,-1.517780e+01,3.875581e+00,-8.046792e-02,3.270418e+00,-8.422804e-02,3.921182e+00,9.654972e-01,-1.376544e-01,2.154381e+00,-9.600026e-01,-7.182844e-01,1.763870e-01,1.767906e-01,0,0,2.375571e-06,2.317808e-01,4.719064e-01,5.975565e-01,2.372134e-01,-8.603177e-02,-5.969889e-01,-2.853881e-01,1.564382e-01,-6.411316e-01,5.680946e-01,-8.760144e-01,-6.746882e-01,-2.360229e-02,0,0
8.153971e-04,-1.480263e+01,4.039175e+00,4.226592e-01,4.700983e+00,-3.577577e-01,1.021759e+00,2.265084e-01,4.110996e-02,1.053113e+00,-2.180856e-02,-1.822353e+00,-1.068640e+00,1.495920e-01,0,0,2.611818e-06,1.540837e-01,9.046958e-02,2.271467e-01,7.273591e-02,1.616930e-01,-6.535608e-01,2.189277e-01,8.572057e-01,-8.372076e-01,8.577710e-01,-2.377416e-01,-7.315217e-02,-1.644001e-02,0,0
8.162319e-04,-1.490852e+01,3.474434e+00,-4.552131e-01,3.292004e+00,-4.067655e-01,1.251063e+00,1.061031e+00,2.918504e+00,8.198770e-02,1.029608e+00,-1.306619e+00,-1.127819e-01,1.314597e-01,0,0,5.967152e-06,-1.213659e-01,-3.275886e-01,-1.795638e-01,-3.324816e-01,3.960696e-01,7.914281e-03,7.532269e-01,9.694215e-01,-8.923246e-01,8.613108e-01,2.209193e-01,3.786790e-01,-5.318829e-03,0,0
8.204195e-04,-1.477028e+01,3.537182e+00,-4.646428e-01,3.249815e+00,1.510232e+00,1.168119e+00,2.271029e+00,3.381226e+00,-1.195310e+00,1.760370e+00,-9.449153e-01,1.460825e+00,1.423391e-01,0,0,5.227584e-06,-2.467953e-01,-5.212110e-01,-1.694261e-01,-3.979803e-01,3.812235e-01,8.142109e-01,8.858930e-01,2.763293e-01,-6.466896e-01,4.362630e-01,5.989192e-01,2.929078e-01,8.522210e-03,0,0
8.388889e-04,-1.580081e+01,2.488634e+00,-5.346360e-01,2.333594e+00,9.621248e-01,3.887573e+00,3.709371e+00,3.039395e+00,-1.183031e+00,2.455462e+00,-5.240675e-02,8.050494e-01,1.538229e-01,0,0,2.895464e-06,-2.160758e-01,-7.188258e-01,-3.992778e-01,-6.879125e-02,7.131633e-02,9.543375e-01,6.055017e-01,-5.987611e-01,-2.879016e-01,-9.676876e-02,7.081302e-01,-3.078247e-01,1.468721e-02,0,0
8.302066e-04,-1.559046e+01,1.926020e+00,-3.847598e-01,3.190286e+00,8.639147e-01,3.774558e+00,3.331804e+00,1.362311e+00,-1.547825e+00,1.446580e+00,5.451369e-01,-6.301707e-02,1.810215e-01,0,0,4.014932e-07,-8.596859e-02,-7.043516e-01,-9.441868e-01,-1.667020e-01,-6.299298e-01,2.513924e-01,6.722774e-02,-8.732671e-01,-1.135323e-01,-7.555776e-01,5.908116e-01,-6.531348e-02,1.961318e-02,0,0
8.258157e-04,-1.557881e+01,6.858861e-01,-2.491544e+00,2.977812e+00,2.729749e-01,4.719531e+00,3.558152e+00,9.341560e-01,-1.181263e+00,7.026599e-01,1.489006e+00,-8.899841e-01,1.855545e-01,0,0,1.076434e-07,-2.236042e-02,-3.901876e-01,-1.262472e+00,-1.606902e-01,-4.616022e-01,-5.105006e-01,2.660339e-02,-1.946140e-01,2.448620e-01,-5.759469e-01,2.303693e-01,2.869401e-01,2.254458e-02,0,0
8.289635e-04,-1.531112e+01,9.167978e-01,-4.207123e+00,2.094196e+00,-1.294842e+00,2.009102e+00,2.682777e+00,6.751019e-02,-1.763856e+00,-1.141117e+00,1.238436e+00,1.981775e+00,2.245391e-01,0,0,3.531773e-06,-1.159427e-01,9.265202e-03,-7.492765e-01,-6.499863e-02,1.592342e-01,-4.217538e-01,5.056454e-01,6.233975e-01,5.720308e-01,8.319960e-02,-1.254886e-01,5.017941e-01,1.571472e-02,0,0
8.400486e-04,-1.605228e+01,1.042307e+00,-4.935816e+00,2.078188e+00,-2.665078e-01,2.217798e+00,4.166901e+00,2.713725e+00,1.492946e-01,8.695758e-01,7.527903e-01,1.217354e+00,2.447870e-01,0,0,2.465385e-06,-1.175984e-01,3.449436e-01,3.144520e-01,3.365054e-01,7.805861e-01,1.741080e-02,7.952211e-01,9.445267e-01,1.005600e+00,1.438671e+00,-5.631986e-02,7.109668e-02,-3.142944e-03,0,0
8.407490e-04,-1.593344e+01,1.794135e+00,-2.909006e+00,3.315105e+00,1.929827e+00,2.916655e+00,5.555656e+00,3.589514e+00,6.470500e-01,1.779120e+00,2.858020e-01,1.392285e+00,2.299788e-01,0,0,1.147628e-06,3.948116e-03,2.984471e-01,9.703544e-01,7.176678e-01,7.793205e-01,7.896468e-01,7.116136e-01,4.526595e-01,1.286865e+00,2.086275e+00,5.323318e-01,-3.334871e-01,-2.741010e-02,0,0
8.322499e-04,-1.585564e+01,1.971935e+00,-1.568342e+00,4.049884e+00,2.563571e+00,4.352808e+00,6.097818e+00,3.895787e+00,2.641284e+00,6.435895e+00,1.683724e+00,-2.397556e-01,1.671200e-01,0,0,-3.478781e-07,1.366251e-01,2.689315e-01,7.260129e-01,2.556985e-01,-1.648797e-01,3.894604e-01,-1.613944e-01,3.072681e-02,1.252327e+00,1.273544e+00,6.408161e-01,7.033551e-02,-3.689937e-02,0,0
8.386010e-04,-1.538970e+01,1.944219e+00,-1.039087e+00,4.696687e+00,1.186721e+00,4.889832e+00,5.275387e+00,1.739777e+00,3.424477e+00,6.507099e+00,3.434628e+00,1.042894e+00,1.263222e-01,0,0,-2.528715e-07,1.070972e-01,1.507894e-01,-2.813147e-02,-3.994173e-01,-5.184700e-01,-9.133758e-02,-8.582512e-01,1.603770e-01,7.909231e-01,-5.980324e-01,-2.111267e-01,1.388155e-01,-3.094591e-02,0,0
8.393832e-04,-1.564103e+01,2.311922e+00,-2.240710e+00,2.665890e+00,-7.193533e-01,3.178513e+00,3.500064e+00,3.792228e+00,5.022215e+00,4.873308e+00,2.382457e+00,1.743727e+00,1.121185e-01,0,0,-2.187752e-06,8.884545e-02,1.173681e-01,-4.735066e-01,-7.498838e-01,-2.183668e-01,-4.960210e-01,-1.123534e+00,7.320423e-02,-7.281457e-01,-2.476624e+00,-1.235301e+00,1.905957e-01,-1.776972e-02,0,0
8.359179e-04,-1.550526e+01,2.378089e+00,-2.713479e+00,2.010016e+00,9.789395e-01,3.047115e+00,2.563277e+00,4.443178e+00,3.411200e+00,-4.297485e-01,-1.119198e+00,1.094621e+00,1.027501e-01,0,0,-7.477554e-06,-5.556059e-02,-1.159966e-01,-4.690901e-01,-7.360777e-01,1.522722e-01,-1.945575e-01,-6.086609e-01,-4.076160e-01,-1.486340e+00,-2.098503e+00,-1.691027e+00,-1.095201e-01,-7.827138e-03,0,0
8.226527e-04,-1.535363e+01,2.341841e+00,-3.098679e+00,1.643801e+00,1.575628e+00,2.794061e+00,1.836203e+00,2.910108e+00,-9.928066e-01,-2.478799e+00,-2.215866e+00,6.873596e-01,9.005741e-02,0,0,-6.434449e-06,-3.828583e-02,-1.108400e-01,7.703352e-03,-3.074537e-01,5.923033e-04,5.482074e-01,2.256876e-01,-9.852074e-01,-1.290347e+00,-4.976191e-01,-9.823219e-01,-6.601189e-02,2.508309e-03,0,0
8.095785e-04,-1.581120e+01,1.349277e+00,-2.955554e+00,1.527343e+00,8.005917e-01,4.109270e+00,3.064013e+00,1.427571e-01,-9.997104e-01,-3.093645e-01,-2.721344e+00,1.023477e+00,9.821699e-02,0,0,-1.640775e-06,-1.055278e-01,-3.747816e-02,3.965122e-01,-8.584823e-02,-5.077071e-01,5.432628e-01,4.531492e-01,-2.129434e-01,7.595273e-01,1.290340e+00,-7.680662e-02,4.122113e-01,9.005739e-03,0,0
8.203806e-04,-1.567949e+01,2.272128e+00,-2.081156e+00,1.369958e+00,-6.272178e-01,5.388472e+00,4.378134e+00,1.016402e+00,7.759371e-01,2.325020e+00,-1.728079e+00,1.449239e+00,1.269266e-01,0,0,4.599296e-06,3.161192e-02,1.235784e-01,7.214454e-01,3.755938e-01,-3.929512e-01,-5.818224e-02,-6.769607e-02,8.136898e-01,2.154758e+00,1.155070e+00,4.144090e-01,3.805800e-01,4.986403e-03,0,0
8.288501e-04,-1.586997e+01,2.225554e+00,-1.239679e+00,1.717696e+00,-4.581729e-01,4.466224e+00,3.558058e+00,4.325314e+00,6.324464e+00,3.620040e+00,-1.747125e+00,2.774738e+00,1.293442e-01,0,0,8.874806e-06,2.172835e-01,1.491263e-01,4.733514e-01,6.645120e-01,1.087431e-01,-1.018819e+00,-1.202857e+00,8.086365e-01,1.463364e+00,2.271279e-01,1.056298e+00,1.657057e-01,-2.991838e-03,0,0
8.360134e-04,-1.516619e+01,2.521594e+00,-3.493892e-01,3.426594e+00,2.402546e-01,2.324673e+00,1.250700e+00,4.887278e+00,6.118898e+00,1.331847e+00,-6.309311e-01,1.714630e+00,9.942582e-02,0,0,3.836950e-06,2.550655e-01,-3.079879e-02,-1.528875e-02,4.665791e-01,1.906814e-01,-1.716760e+00,-1.768196e+00,-4.153357e-01,-4.781574e-01,-2.399398e-01,1.217967e+00,-1.170844e-01,-1.480807e-03,0,0
8.461362e-04,-1.498143e+01,1.970176e+00,-1.454680e+00,3.821585e+00,9.105710e-01,5.470724e-01,-1.386554e+00,2.250501e+00,3.645632e+00,1.322862e+00,2.011574e+00,1.719311e+00,9.700817e-02,0,0,7.083698e-07,1.656638e-01,1.158875e-01,-2.893952e-01,8.380897e-02,-1.787086e-01,-1.392709e+00,-1.071520e+00,-1.138242e+00,-2.146123e+00,8.120643e-02,8.397459e-01,-4.229883e-01,1.486854e-02,0,0
8.309223e-04,-1.484843e+01,2.245824e+00,-2.050100e+00,2.650909e+00,-3.581827e-01,-1.235752e+00,-1.990540e+00,-2.287054e-02,-2.754338e-01,2.273910e+00,2.482407e+00,1.391530e+00,1.356905e-01,0,0,-6.023661e-06,-1.554168e-01,2.090943e-01,-1.935813e-01,-2.654648e-02,-1.644636e-01,-4.344119e-01,9.729195e-02,-4.882835e-02,-1.300690e+00,4.378258e-01,-3.383034e-01,-5.107886e-01,2.741009e-02,0,0
8.349374e-04,-1.520053e+01,2.942877e+00,-1.836300e+00,2.524584e+00,-1.052498e+00,-7.171089e-01,-1.789230e-01,1.089179e+00,-1.208985e+00,3.555041e+00,8.949355e-01,8.213458e-01,1.855545e-01,0,0,-1.237749e-05,-2.777292e-01,2.144064e-01,1.503241e-01,2.605483e-01,4.795595e-01,7.335434e-01,8.362390e-01,1.221462e+00,4.727606e-01,1.028887e-01,-1.216060e+00,-1.008741e+00,2.233303e-02,0,0
8.114944e-04,-1.583372e+01,3.080715e+00,-1.126486e+00,3.942362e+00,3.994709e-01,7.847040e-01,1.133344e+00,5.223797e+00,2.042755e+00,2.404886e+00,-1.764129e+00,-3.903308e-01,1.922031e-01,0,0,-1.049401e-05,-2.820076e-01,-3.189249e-02,1.040619e-01,3.355704e-01,1.365483e+00,1.294936e+00,5.972139e-01,9.353460e-01,1.271877e+00,-2.774557e-01,-8.449627e-01,-8.397537e-01,5.651253e-03,0,0
7.939627e-04,-1.587743e+01,2.624762e+00,-1.164867e+00,4.478600e+00,2.929542e+00,3.204561e+00,1.232699e+00,5.734478e+00,4.850340e+00,1.771817e+00,-1.945458e+00,-2.433465e+00,1.804170e-01,0,0,-4.990905e-06,-5.056686e-02,-3.088415e-01,-1.536672e-01,-1.910489e-01,1.377367e+00,7.537177e-01,1.995742e-01,-6.986928e-01,5.171576e-01,-1.939825e-01,3.026293e-01,2.836404e-02,-3.052284e-03,0,0
7.989397e-04,-1.592002e+01,2.245419e+00,-1.865507e+00,3.351753e+00,4.478210e+00,3.278091e+00,2.897185e-01,2.331210e+00,3.054288e+00,1.778243e+00,-3.222102e-01,-1.179833e+00,1.665156e-01,0,0,1.207143e-05,6.247873e-02,-2.148743e-01,-1.868774e-01,-8.843883e-01,4.994171e-01,1.539927e-01,3.126211e-01,-1.840942e+00,-7.331413e-01,2.306704e-01,9.940760e-01,8.527449e-01,-5.137533e-04,0,0
8.162603e-04,-1.541022e+01,1.816318e+00,-2.235125e+00,1.864644e+00,3.794968e+00,1.804786e+00,1.240761e+00,-9.579911e-01,8.710367e-01,2.898450e+00,1.687123e+00,1.357917e+00,1.831369e-01,0,0,1.897690e-05,3.351307e-02,8.320298e-02,-3.627539e-04,-8.799757e-01,-6.272618e-01,-3.443021e-01,3.251052e-01,-1.160599e+00,-6.952112e-01,5.959601e-01,1.064889e+00,1.022532e+00,1.994561e-03,0,0
8.607028e-04,-1.575493e+01,2.410566e+00,-1.525744e+00,8.273990e-01,2.463843e+00,2.254555e+00,2.692419e+00,-6.346765e-01,3.667004e-01,2.994922e+00,1.389961e+00,1.977703e+00,1.882744e-01,0,0,1.363731e-05,-6.616192e-02,1.565908e-02,1.491653e-01,-4.925744e-01,-1.199766e+00,-1.096472e-01,-1.427301e-01,1.345603e-01,7.626639e-02,3.704508e-01,5.737330e-01,2.564892e-01,8.461773e-04,0,0
8.579656e-04,-1.579241e+01,2.958203e+00,-1.336562e+00,1.340898e+00,8.004160e-01,1.994819e+00,1.656875e+00,1.414423e+00,2.718078e+00,4.143279e+00,2.522899e+00,1.100428e+00,1.795104e-01,0,0,5.681533e-07,-8.061323e-02,-2.482925e-01,-1.850409e-02,7.572205e-02,-1.159414e+00,6.862309e-02,-8.059728e-01,6.639856e-01,1.326634e-01,-1.872352e-01,2.271844e-02,-7.078903e-01,1.813218e-04,0,0
8.462736e-04,-1.605973e+01,1.752771e+00,-1.568962e+00,1.150753e+00,-2.334374e-02,2.634839e+00,-6.319893e-01,1.817805e+00,2.512100e+00,3.008083e+00,2.128567e+00,2.313575e-01,1.725597e-01,0,0,-9.784906e-06,-2.378607e-02,-7.167338e-01,-3.123269e-01,1.638001e-01,-3.039955e-01,3.044332e-01,-7.161487e-01,3.559294e-01,-3.687889e-01,-8.552257e-01,-6.519133e-01,-1.165918e+00,1.308552e-02,0,0
8.263157e-04,-1.566088e+01,9.037523e-01,-2.306037e+00,2.081577e+00,-7.585086e-01,1.957759e+00,-1.126899e+00,1.135696e+00,4.616539e-01,1.955693e+00,1.431412e+00,-1.308361e+00,1.919009e-01,0,0,-1.014902e-05,-4.710455e-02,-7.199696e-01,-3.454791e-01,1.543595e-01,7.078472e-01,7.865060e-01,1.994403e-01,-5.744083e-02,-8.899872e-01,-1.203941e+00,-9.802147e-01,-1.018683e+00,2.157752e-02,0,0
8.276032e-04,-1.593963e+01,-1.458780e-01,-2.602641e+00,1.276060e+00,1.723328e+00,3.795251e+00,5.035620e-01,1.284334e+00,-3.490323e-01,-1.874139e-01,-1.323862e+00,-2.647493e+00,2.475068e-01,0,0,-7.488130e-06,-1.203189e-01,-1.371152e-01,1.320062e-02,3.433190e-01,1.419757e+00,1.248627e+00,9.999008e-01,-9.761865e-02,-1.020595e-01,-6.114222e-01,-6.214620e-01,-1.150841e-01,1.789061e-02,0,0
8.165557e-04,-1.608798e+01,3.076801e-01,-2.547118e+00,2.050042e+00,3.466316e+00,5.347143e+00,2.086301e+00,1.393954e+00,-3.012919e-01,-2.786771e-01,-6.519601e-01,-2.553564e+00,2.499245e-01,0,0,-4.770141e-06,-1.154637e-01,1.452209e-01,3.064572e-01,5.436183e-01,1.376072e+00,1.205826e+00,9.897026e-01,1.769770e-01,7.968032e-01,5.518810e-01,1.820475e-01,6.351113e-01,1.813278e-04,0,0
8.137129e-04,-1.644778e+01,1.365232e+00,-1.382418e+00,2.883116e+00,4.963027e+00,7.183281e+00,2.760915e+00,1.200582e+00,2.383275e+00,1.068158e+00,6.294243e-02,2.785382e-01,2.330009e-01,0,0,-4.894100e-07,3.289394e-02,4.537717e-01,6.210967e-01,5.781509e-01,1.839680e-01,1.891022e-01,3.572320e-01,-4.213632e-02,8.220190e-01,1.416186e+00,5.621729e-01,5.052782e-01,-9.942579e-03,0,0
8.094101e-04,-1.598413e+01,8.743019e-01,-1.383862e+00,3.996140e+00,4.502002e+00,6.292872e+00,2.692938e+00,2.062457e+00,3.079516e+00,4.087313e+00,1.648248e+00,4.041798e-01,2.000604e-01,0,0,6.178801e-06,2.244752e-01,2.213628e-01,4.283313e-01,5.514102e-02,-8.171555e-01,-7.732038e-01,-1.266487e-01,-3.607341e-01,-7.344808e-02,1.258111e+00,4.470897e-01,-1.910590e-01,-5.197948e-03,0,0
8.287290e-04,-1.582708e+01,1.839670e+00,-7.878498e-02,3.193766e+00,2.125325e+00,4.267898e+00,1.986403e+00,7.394013e-01,2.070659e+00,4.710522e+00,3.368984e-01,-1.599974e+00,2.227259e-01,0,0,9.226414e-06,3.313529e-01,2.113592e-01,-2.815292e-02,-5.019223e-01,-1.469814e+00,-1.221055e+00,-5.429542e-01,-6.947330e-01,-8.709238e-01,-2.980096e-01,-1.144286e-01,-6.595099e-01,2.115437e-03,0,0
8.399417e-04,-1.527595e+01,1.177275e+00,-1.057278e+00,2.170422e+00,7.993889e-01,2.938816e+00,1.840313e+00,-1.791259e-01,-5.122243e-01,4.190698e+00,1.446510e+00,-2.569603e+00,2.290722e-01,0,0,8.026051e-06,2.706215e-01,3.405059e-01,-3.347039e-01,-5.935029e-01,-1.122357e+00,-8.160018e-01,-2.624431e-01,-1.866947e-01,-6.627598e-01,-1.443304e+00,-5.453061e-01,3.495029e-01,-1.511082e-04,0,0
8.445792e-04,-1.514510e+01,2.270541e+00,-1.686475e+00,1.286363e+00,-5.347368e-01,2.755033e+00,4.724564e-01,-1.152291e+00,-1.754737e-01,-4.735831e-01,-4.083319e-01,-1.532120e+00,2.290722e-01,0,0,4.324154e-06,1.153250e-01,2.556614e-01,-4.286458e-01,-2.797721e-01,-3.926475e-01,-3.922537e-01,3.488502e-01,9.654066e-01,2.521703e-01,-1.361774e+00,-8.096544e-01,1.045080e+00,-1.707465e-02,0,0
8.416153e-04,-1.497201e+01,2.361396e+00,-2.253537e+00,1.982327e+00,2.202494e-01,2.969296e+00,2.137696e+00,2.074830e+00,8.887835e-01,-5.371568e-01,-7.056677e-01,2.117767e+00,1.961318e-01,0,0,8.154253e-07,-1.328623e-01,1.716458e-01,-1.862030e-02,-2.735507e-02,-4.458916e-03,-4.515409e-03,1.290924e+00,1.616215e+00,6.797983e-01,-1.161350e-01,-3.847508e-01,8.542013e-01,-2.722877e-02,0,0
8.495129e-04,-1.540243e+01,2.525916e+00,-1.623885e+00,1.888953e+00,4.516576e-01,2.291389e+00,3.581963e+00,4.439456e+00,2.631007e+00,2.655810e-01,-2.635285e+00,1.281741e+00,1.538229e-01,0,0,7.646507e-07,-3.501489e-01,-2.782013e-01,1.081714e-01,-1.938534e-01,3.956937e-01,-6.113355e-02,1.613978e+00,1.400612e+00,7.286810e-01,1.304601e+00,3.829861e-01,-2.536232e-01,-2.178905e-02,0,0
8.415519e-04,-1.581160e+01,1.907817e+00,-1.181675e+00,1.732352e+00,2.838971e-01,3.148061e+00,6.740179e+00,5.106076e+00,1.483527e+00,3.240441e+00,6.362329e-01,2.944731e-01,1.305531e-01,0,0,-1.725717e-06,-4.754926e-01,-4.140769e-01,8.264647e-02,-4.486980e-01,2.557064e-01,-2.036883e-01,1.035547e+00,4.858231e-01,5.974419e-01,1.462096e+00,7.726270e-01,-7.130764e-01,1.299489e-03,0,0
8.484341e-04,-1.647605e+01,1.106324e+00,-1.681549e+00,4.420837e-01,1.411908e+00,2.359982e+00,6.241104e+00,4.335145e+00,3.170559e+00,4.160624e+00,8.356486e-01,-1.888589e+00,1.529163e-01,0,0,-2.860226e-06,-4.131889e-01,-2.419360e-01,4.104551e-01,-5.539982e-02,7.460235e-02,-6.165057e-01,1.431106e-01,-3.708725e-02,3.102188e-01,7.707641e-01,5.315103e-01,-6.003793e-02,2.314899e-02,0,0
8.335261e-04,-1.681267e+01,1.000808e+00,-1.811472e+00,4.622712e-01,1.018656e+00,1.916558e+00,5.985861e+00,4.556101e+00,3.606216e+00,4.825800e+00,1.422001e+00,1.375504e-01,2.030825e-01,0,0,-1.695019e-06,-1.761606e-01,8.844533e-02,8.246284e-01,4.971638e-01,-4.270794e-01,-5.281476e-01,-3.751274e-01,-3.896493e-01,-3.119781e-01,-2.661715e-01,-1.938366e-01,1.671853e-01,3.022060e-02,0,0
8.392247e-04,-1.696784e+01,1.769741e+00,7.432898e-01,2.246994e+00,4.572898e-01,-1.753878e-01,4.674675e+00,4.529007e+00,3.120756e+00,3.326722e+00,-3.706171e-01,1.060013e+00,2.333031e-01,0,0,2.065638e-06,4.454899e-02,2.464211e-01,1.132760e+00,8.238391e-01,-7.796360e-01,-1.159702e-01,-4.362063e-01,-1.131253e+00,-1.673014e+00,-1.236085e+00,-2.475430e-01,-3.780664e-01,2.100332e-02,0,0
8.376815e-04,-1.644651e+01,2.018335e+00,1.729048e+00,3.315716e+00,-1.374191e+00,1.775008e+00,5.647756e+00,3.060898e+00,-5.146170e-02,2.326535e+00,2.701826e-01,-3.439015e-01,2.414627e-01,0,0,7.265143e-06,1.244856e-01,-2.793609e-02,6.575125e-01,6.696878e-01,-7.935857e-03,5.534679e-01,-7.814293e-02,-1.985509e+00,-2.219522e+00,-1.303182e+00,-2.790231e-01,-1.113472e+00,5.137508e-03,0,0
8.566846e-04,-1.643638e+01,1.829666e+00,2.211990e+00,3.134557e+00,-1.289849e+00,1.850906e+00,4.229125e+00,-5.735168e-01,-3.365672e+00,-7.701665e-01,1.738427e-01,-3.538195e+00,2.387428e-01,0,0,7.972412e-06,8.843040e-02,-4.706207e-01,-1.681890e-01,4.438530e-01,7.871787e-01,9.698833e-01,5.056920e-01,-2.054728e+00,-1.872988e+00,-7.894264e-01,-4.722152e-01,-7.442434e-01,-8.431545e-03,0,0
8.611219e-04,-1.645597e+01,8.311645e-01,7.417402e-01,3.366929e+00,1.852546e+00,3.670750e+00,5.817921e+00,-2.820180e+00,-4.248181e+00,3.583344e-01,-2.453449e-01,-3.130704e+00,2.260502e-01,0,0,3.828050e-06,-4.886704e-02,-6.780915e-01,-6.429063e-01,3.780301e-01,1.157904e+00,7.286437e-01,1.062502e+00,-1.246103e+00,-3.690133e-01,1.744727e-01,-1.110762e+00,4.266074e-02,-1.287398e-02,0,0
8.673666e-04,-1.652096e+01,1.022228e-02,3.959985e-01,4.440652e+00,2.779815e+00,3.726157e+00,7.118052e+00,-2.804093e+00,-4.145823e+00,3.636903e-01,-2.473929e+00,-1.267802e+00,1.988516e-01,0,0,3.970403e-07,-1.065588e-01,-6.954419e-01,-8.079979e-01,2.238804e-01,5.085273e-01,5.128091e-01,1.055979e+00,-1.922212e-02,9.669344e-01,1.229372e+00,-1.363794e+00,1.845051e-01,-1.051677e-02,0,0
8.514808e-04,-1.664855e+01,-4.624005e-01,-5.774878e-01,4.552819e+00,2.380498e+00,4.480601e+00,9.515804e+00,-2.054331e+00,-1.506453e+00,2.631970e+00,-3.959741e+00,-1.265794e+00,1.970384e-01,0,0,-3.710506e-06,-2.096245e-01,-3.495247e-01,-6.697782e-01,-5.121605e-01,-4.803089e-01,3.975241e-02,1.665468e-01,6.920424e-01,1.593596e+00,1.426398e+00,-4.151728e-01,-3.457333e-01,-5.500156e-03,0,0
8.634903e-04,-1.687288e+01,-1.000761e+00,-1.168385e+00,3.661014e+00,9.888117e-01,4.010026e+00,7.660078e+00,-1.052552e+00,9.813597e-02,4.239875e+00,-4.787930e+00,-3.548124e+00,2.006649e-01,0,0,-1.839560e-06,-3.005501e-01,7.688286e-02,-3.081301e-01,-8.046309e-01,-8.197573e-01,-2.828142e-01,-8.446077e-01,8.563668e-01,1.327100e+00,1.399899e+00,8.977529e-01,-3.836807e-01,-6.648570e-04,0,0
8.445075e-04,-1.732813e+01,-4.109675e-01,-1.824959e+00,1.195946e+00,3.465033e-01,3.727578e+00,6.379642e+00,-2.357388e-01,1.597821e+00,5.552231e+00,-1.164209e+00,-3.719210e+00,1.976428e-01,0,0,1.544034e-06,-3.635074e-01,4.657238e-01,2.008725e-01,-5.731375e-01,-7.322832e-01,-4.648911e-01,-1.045053e+00,9.341317e-01,8.925207e-01,9.334581e-01,1.772424e+00,3.849314e-01,2.115443e-03,0,0
8.616555e-04,-1.768392e+01,3.689201e-01,-5.209160e-01,2.095935e+00,-3.019746e-01,2.688598e+00,4.463095e+00,5.684457e-01,9.375415e-01,5.903053e+00,6.170691e-01,-1.959498e+00,1.952251e-01,0,0,4.112319e-06,-2.649349e-01,6.657386e-01,6.097165e-01,3.860712e-02,-3.661542e-01,-4.413091e-01,-6.054994e-01,3.533274e-01,4.688631e-01,6.821192e-01,1.405176e+00,1.058394e+00,6.588093e-03,0,0
8.601184e-04,-1.806057e+01,1.181378e+00,1.031403e-01,2.469671e+00,-6.355254e-01,2.816859e+00,5.889033e+00,1.805829e+00,2.536448e+00,6.467672e+00,2.199881e+00,-1.354505e-01,2.103354e-01,0,0,9.367604e-06,-7.555141e-02,3.341930e-01,4.910963e-01,2.111466e-01,2.627289e-01,-7.397366e-03,-6.159272e-02,-1.037616e-01,-4.766754e-01,1.805517e-01,2.053756e-01,8.258992e-01,8.340890e-03,0,0
8.762465e-04,-1.783134e+01,1.531759e+00,9.161474e-01,3.217187e+00,-3.509448e-01,2.258840e+00,4.877885e+00,-3.066991e-01,1.973138e+00,7.192751e+00,5.559048e-01,-4.803498e-02,2.272590e-01,0,0,6.452110e-06,1.366943e-01,-2.905728e-02,8.666521e-02,-3.906671e-01,3.493236e-01,1.649440e-01,5.717487e-01,-3.184009e-01,-1.271979e+00,-3.056551e-01,-6.215355e-01,6.688829e-02,3.294045e-03,0,0
8.840500e-04,-1.763218e+01,6.785777e-01,-8.800950e-02,1.691053e+00,1.684633e+00,3.905470e+00,5.864283e+00,-3.169743e-01,-1.303354e+00,5.810141e+00,-1.067486e-01,-5.454453e-01,2.233303e-01,0,0,5.653972e-06,1.960411e-01,-2.310791e-01,-1.387627e-01,-6.691015e-01,1.352082e-01,-4.176679e-02,1.195286e+00,-3.310957e-01,-2.114794e+00,-1.034596e+00,-4.524340e-01,-1.312422e-01,-4.502870e-03,0,0
8.819502e-04,-1.721465e+01,4.750337e-01,7.985015e-03,5.319084e-01,2.845640e-01,2.969012e+00,7.334213e+00,3.784315e-02,-3.502453e+00,4.703543e+00,-1.337294e+00,-1.420059e+00,2.051979e-01,0,0,-3.802241e-07,3.487034e-02,-2.567433e-01,-2.484986e-01,-5.191643e-01,-2.429425e-01,-3.316955e-01,1.594695e+00,-4.777133e-01,-1.479609e+00,-1.303040e+00,2.110775e-01,-6.920919e-02,-8.129341e-03,0,0
8.855364e-04,-1.738871e+01,5.543450e-01,-1.365918e-01,4.668025e-01,-2.772386e-01,2.252939e+00,1.063730e+01,-2.192060e-02,-5.299729e+00,2.539298e+00,8.843101e-01,-1.056495e-01,1.988516e-01,0,0,-4.480011e-07,-8.244572e-02,-1.751035e-01,-2.069928e-01,1.395722e-01,1.765313e-01,-7.491743e-01,8.555290e-01,-8.526968e-01,-2.070844e-01,-8.247131e-01,7.151273e-01,1.168804e-01,-6.195219e-03,0,0
8.736022e-04,-1.777872e+01,3.101593e-01,-3.020546e-01,1.233490e+00,-5.847218e-01,1.426628e+00,1.046486e+01,-2.842793e+00,-3.426721e+00,2.312973e+00,1.115763e+00,-6.139788e-01,1.988516e-01,0,0,-6.194808e-07,-1.646027e-01,-3.974336e-01,-3.472088e-01,5.338024e-01,1.205093e+00,-6.296223e-01,-7.010976e-01,-5.235022e-01,1.335249e+00,3.648389e-01,8.630069e-01,5.296797e-01,-8.189783e-03,0,0
8.859840e-04,-1.776237e+01,-1.145025e-01,-9.679535e-01,2.038123e+00,3.001932e+00,9.307905e-01,8.576607e+00,-3.140140e+00,-2.376642e+00,2.881860e+00,2.242360e+00,-3.640834e-01,1.955274e-01,0,0,1.634005e-07,2.386932e-02,-4.648709e-01,-2.339800e-01,5.800159e-01,1.567930e+00,-3.621007e-01,-1.672714e+00,2.994104e-01,1.848602e+00,1.494013e+00,2.087719e-01,7.498555e-01,-1.217891e-02,0,0
8.786290e-04,-1.785083e+01,-1.177711e+00,-1.312378e+00,2.415260e+00,4.670443e+00,4.819753e-01,4.859070e+00,-1.020558e+00,1.712247e+00,6.356456e+00,2.298716e+00,1.357556e+00,1.659112e-01,0,0,-1.821748e-06,1.957485e-01,-5.027583e-01,3.648770e-03,2.964840e-01,1.032978e+00,1.104414e-01,-1.212795e+00,9.218622e-01,1.231210e+00,1.555264e+00,-2.336897e-01,1.019658e+00,-1.214869e-02,0,0
8.838400e-04,-1.723331e+01,-1.026075e+00,-8.013299e-01,2.775997e+00,4.934830e+00,9.147623e-01,5.076622e+00,5.640144e-01,1.373795e+00,7.987619e+00,1.336693e+00,2.657861e+00,1.544273e-01,0,0,-6.360782e-06,2.377483e-01,-4.015402e-01,-6.522246e-02,1.519177e-01,-1.650574e-01,6.670318e-01,3.119780e-01,8.205379e-01,3.592393e-02,3.657033e-01,-1.309833e+00,2.595475e-01,-6.104566e-03,0,0
8.655654e-04,-1.706451e+01,-1.747846e+00,-3.671226e-01,2.346973e+00,3.613720e+00,1.986849e+00,6.150872e+00,-8.555901e-02,8.541103e-01,7.536416e+00,4.001473e-01,2.973341e+00,1.586582e-01,0,0,-5.618704e-06,1.984076e-01,-1.977901e-01,-2.398102e-01,-1.515717e-01,-1.016472e+00,7.497824e-01,1.431922e+00,5.568542e-01,-7.576675e-01,-5.171772e-01,-1.156928e+00,-3.906197e-01,-1.511037e-04,0,0
8.607119e-04,-1.696679e+01,-1.837136e+00,-1.766694e+00,2.831855e+00,2.705006e+00,3.513512e+00,9.490596e+00,4.950496e-01,-1.767954e+00,4.120398e+00,-3.357520e+00,1.257615e-01,1.686310e-01,0,0,-1.401955e-06,-1.245766e-02,3.292252e-02,-5.896132e-01,-3.502510e-01,-1.340655e+00,4.519810e-01,6.556424e-01,2.119792e-01,-8.508661e-01,-9.690170e-01,-1.193540e-01,-4.418426e-01,-2.175887e-03,0,0
8.620995e-04,-1.699205e+01,-1.761131e+00,-2.028747e+00,1.629473e+00,7.029970e-01,2.931513e+00,9.811692e+00,1.798195e+00,-5.052165e-01,5.704181e+00,-1.138818e+00,6.705073e-01,1.580538e-01,0,0,2.923369e-06,-1.525028e-01,2.204583e-01,-4.930440e-01,-4.970140e-01,-1.191348e+00,-1.630614e-01,-7.451977e-01,-6.209146e-02,-4.007568e-01,-3.487646e-01,9.337443e-01,-1.076674e-01,-1.934117e-03,0,0
8.785632e-04,-1.733182e+01,-8.548197e-01,-2.918584e+00,1.383492e+00,-3.130821e-01,2.702335e+00,6.524423e+00,6.820330e-01,-2.200872e+00,4.058651e+00,1.509406e+00,1.600065e+00,1.438501e-01,0,0,-1.111219e-06,-1.864029e-01,3.035592e-01,-7.644071e-02,-3.180822e-01,-4.785282e-01,-9.421073e-02,-1.521970e+00,-3.244657e-01,-5.865617e-02,-1.635051e-01,1.294594e+00,3.562698e-01,5.832580e-03,0,0
8.712566e-04,-1.764451e+01,-1.136713e+00,-2.256397e+00,5.860854e-01,-8.339782e-01,1.577131e+00,3.907969e+00,-4.895080e-01,-9.332149e-01,5.823466e+00,2.635405e+00,1.697852e+00,1.613781e-01,0,0,-5.695905e-06,-6.426430e-03,3.263321e-01,1.086689e-01,-1.066008e-01,-1.250699e-02,1.124319e-01,-9.221719e-01,-4.064918e-01,-1.965930e-01,-3.677581e-01,1.799283e-01,-1.274383e-03,1.368993e-02,0,0
8.505772e-04,-1.757258e+01,-6.315491e-01,-2.035072e+00,1.763138e+00,1.080853e+00,3.719650e+00,4.832606e+00,1.657283e-02,-1.847236e+00,3.243230e+00,1.228336e+00,1.393438e+00,1.961318e-01,0,0,-5.994231e-06,2.708603e-01,4.427809e-01,4.104851e-01,-5.530160e-02,2.144174e-01,4.134232e-01,1.586179e-01,-2.654411e-01,-5.909704e-02,2.222782e-01,-3.916511e-01,-1.867240e-01,8.189783e-03,0,0
8.476130e-04,-1.690381e+01,-2.411057e-01,-1.927158e+00,9.066456e-01,-5.650536e-02,2.985015e+00,6.046741e+00,9.846672e-02,-1.665000e+00,4.273101e+00,-9.864163e-02,7.674487e-01,2.003626e-01,0,0,2.232019e-06,3.434328e-01,5.318645e-01,3.382218e-01,-1.984920e-01,-4.050678e-01,-1.408396e-01,3.043966e-01,-8.307806e-01,4.898620e-02,8.800615e-01,-2.443916e-01,-2.815611e-01,-1.214869e-02,0,0
8.604138e-04,-1.634787e+01,9.112813e-01,-1.030777e+00,9.467039e-01,3.702686e-01,4.065509e+00,6.248127e+00,-9.391602e-01,-2.130465e+00,5.945225e+00,9.181737e-01,1.131646e+00,1.653067e-01,0,0,9.656569e-06,2.111773e-01,4.484715e-01,6.474102e-01,1.537099e-02,-9.560478e-01,-9.558023e-01,-2.424771e-01,-1.044432e+00,9.681951e-01,1.662615e+00,-3.464020e-02,-3.439717e-01,-2.638259e-02,0,0
8.774984e-04,-1.653970e+01,7.511948e-01,-1.067436e+00,1.842399e-03,-2.504025e+00,7.000032e-01,4.722192e+00,-4.165545e+00,-5.466694e-01,8.872776e+00,1.568528e+00,4.209426e-01,1.160471e-01,0,0,9.200378e-06,-2.771645e-02,2.263022e-01,6.988751e-01,9.526869e-01,-3.863326e-01,-1.058410e+00,-5.785658e-01,-8.106056e-01,1.287285e+00,9.634826e-01,-7.200204e-02,-4.636310e-01,-2.450891e-02,0,0
8.839173e-04,-1.669875e+01,1.114658e+00,7.721171e-01,2.292394e+00,-2.475627e+00,8.314363e-02,4.282495e+00,-3.073580e+00,2.434575e+00,9.256467e+00,2.215503e-01,-1.531676e-01,1.063766e-01,0,0,4.820625e-06,-6.883392e-02,-9.978314e-02,1.779727e-01,1.325491e+00,6.663995e-01,-4.670949e-01,-6.237928e-01,5.127472e-01,1.079746e+00,-5.967897e-01,-6.357327e-01,-6.671561e-01,-1.260199e-02,0,0
8.818631e-04,-1.686695e+01,7.887167e-01,6.657698e-01,4.997235e+00,-5.652205e-01,-3.158523e-01,4.136728e+00,-2.887352e+00,2.488907e+00,7.434893e+00,-1.103401e-01,-9.082991e-01,1.072832e-01,0,0,1.159206e-07,-6.855812e-02,-2.511013e-01,-4.196351e-01,1.204413e+00,1.825807e+00,4.555241e-01,-2.908121e-01,1.428828e+00,-7.724750e-03,-1.935653e+00,-7.852869e-01,-5.106339e-01,-5.711696e-03,0,0
8.823346e-04,-1.652841e+01,3.936046e-01,-1.007517e+00,5.076460e+00,2.732864e+00,2.237962e+00,3.421894e+00,9.854797e-01,1.750477e+00,3.680218e+00,-1.421055e+00,-1.539513e+00,1.066788e-01,0,0,-3.607944e-07,1.233578e-02,-2.378113e-01,-7.842388e-01,1.165719e-01,1.396983e+00,6.158690e-01,3.396025e-01,1.576174e+00,-8.926784e-01,-1.973941e+00,-5.825592e-01,-5.678426e-01,-8.401330e-03,0,0
8.788694e-04,-1.696765e+01,-1.437847e-01,-2.275794e+00,4.631876e+00,4.020764e+00,1.900214e+00,3.698432e+00,9.490638e-01,-2.432442e-01,1.982636e+00,-1.536603e+00,-1.439054e+00,8.733756e-02,0,0,-6.091432e-08,2.604485e-02,1.237818e-01,-1.880334e-01,-4.174560e-01,7.069932e-01,6.105781e-01,1.151351e+00,1.044523e+00,-8.609381e-01,-7.409174e-01,-2.104625e-01,-5.581701e-01,-8.189784e-03,0,0
8.836102e-04,-1.658672e+01,3.918525e-01,-1.678295e+00,3.057934e+00,2.216298e+00,2.054456e+00,6.199656e+00,2.889085e+00,-6.627414e-01,2.112888e+00,-1.978114e+00,-2.727003e+00,7.434271e-02,0,0,-7.230905e-07,1.588707e-02,3.149378e-01,4.334069e-01,-2.959469e-01,-1.161724e-01,4.034109e-01,1.702802e+00,1.543340e-01,-2.743330e-01,7.614236e-01,3.693057e-02,-2.690605e-01,1.813248e-04,0,0
8.809207e-04,-1.670757e+01,1.408502e+00,6.099223e-02,3.919218e+00,3.228028e+00,2.828792e+00,8.504604e+00,1.383461e+00,-6.091740e-01,4.513971e+00,-8.841233e-01,-3.105405e+00,8.250227e-02,0,0,-1.950568e-06,-4.794445e-02,2.288688e-01,4.383131e-01,-2.893378e-01,-2.082860e-01,4.358370e-01,8.576035e-01,3.897768e-02,4.508116e-01,1.147685e+00,-1.468435e-02,3.498780e-01,1.734663e-02,0,0
8.776935e-04,-1.657902e+01,1.192150e+00,-8.875310e-03,3.953054e+00,2.548370e+00,3.790728e+00,9.532818e+00,1.539951e+00,5.617769e-01,6.221668e+00,-1.562643e+00,-2.051641e+00,1.100030e-01,0,0,-4.124048e-06,-1.986340e-01,-1.537687e-01,2.887710e-01,-2.754748e-01,-2.856917e-01,-9.926393e-02,-7.070351e-01,-2.479717e-02,5.659236e-01,7.732694e-01,1.389359e-01,9.993273e-01,2.598972e-02,0,0
8.720749e-04,-1.721123e+01,6.004100e-01,-9.189381e-01,2.737626e+00,2.813298e+00,3.211262e+00,6.319869e+00,1.818519e+00,1.398555e+00,5.666671e+00,-1.817761e+00,-2.734534e-02,1.562406e-01,0,0,-6.476784e-06,-1.241735e-01,-3.383926e-01,2.457071e-01,-6.188981e-01,-4.860094e-01,-5.208446e-01,-1.877124e+00,-2.670739e-02,-3.168878e-01,-1.172776e-01,2.174850e-01,6.727467e-01,1.855545e-02,0,0
8.674129e-04,-1.732806e+01,2.705459e-02,2.555249e-01,2.271356e+00,9.952046e-01,1.366900e+00,3.756848e+00,2.547570e+00,1.163012e+00,5.402885e+00,-8.166156e-01,7.306037e-01,1.674222e-01,0,0,-6.727770e-06,3.348427e-02,-4.848297e-02,6.343581e-01,-4.740427e-01,-4.161587e-01,-5.619613e-01,-1.748632e+00,-6.226710e-01,-9.818431e-01,-5.459401e-01,3.052941e-01,-3.700200e-01,2.357206e-03,0,0
8.536771e-04,-1.695392e+01,2.990863e-01,1.157328e+00,1.665577e+00,1.574563e+00,1.436482e+00,2.006970e+00,7.461150e-01,-2.494231e+00,4.336975e+00,-1.697116e-01,-1.132794e+00,1.465700e-01,0,0,-4.535192e-07,2.443750e-01,1.826953e-01,5.071952e-01,-4.335137e-01,-4.376705e-01,-2.943237e-01,-4.808415e-01,-8.094140e-01,-7.711841e-01,-2.601957e-01,7.262511e-02,-9.997972e-01,-9.217287e-03,0,0
8.532535e-04,-1.654025e+01,1.100397e+00,2.124782e+00,2.118865e+00,1.086944e+00,1.868312e+00,2.946106e+00,-1.037202e+00,-2.401046e+00,4.156816e+00,-8.601969e-01,-3.349016e+00,1.266244e-01,0,0,6.269751e-06,1.238892e-01,2.314857e-01,-2.636694e-02,-7.057339e-01,-4.140010e-01,1.994333e-01,8.289524e-01,-6.198087e-01,8.241831e-01,5.225800e-01,2.941598e-02,-7.240044e-01,-3.928646e-04,0,0
8.768870e-04,-1.638326e+01,9.772148e-01,6.824092e-01,6.463030e-01,5.790758e-01,1.488938e+00,4.321033e+00,-4.361651e-01,-6.753373e-01,4.988727e+00,-1.432845e+00,-2.986521e+00,1.305530e-01,0,0,1.310869e-05,-1.323923e-01,-1.719594e-02,-5.337888e-01,-8.074206e-01,-5.145989e-01,4.728695e-01,1.451588e+00,-1.398401e-01,1.983172e+00,8.760622e-01,1.763697e-01,4.305702e-01,1.822303e-02,0,0
8.871567e-04,-1.699395e+01,8.454189e-01,3.611494e-01,-7.476763e-01,-5.770565e-01,2.337839e+00,6.744579e+00,3.966657e-02,4.374481e+00,7.689909e+00,-3.796915e-02,-1.962555e+00,1.734663e-01,0,0,9.475398e-06,-3.511501e-01,-1.708633e-01,-6.646872e-01,-6.468269e-01,-1.731131e-01,3.571036e-01,7.466593e-01,1.410206e-01,1.804969e+00,6.644210e-01,1.321900e-01,1.306298e+00,3.611363e-02,0,0
9.022690e-04,-1.738903e+01,3.405959e-01,-6.297996e-01,-9.382550e-01,-1.664311e-01,3.566067e+00,7.365673e+00,-4.915195e-01,4.033867e+00,6.950739e+00,3.010230e-01,3.268264e-01,2.142641e-01,0,0,-1.031050e-06,-3.703194e-01,-1.873677e-01,-5.510333e-01,1.183315e-01,5.179172e-01,2.482227e-01,-2.468543e-01,1.761693e-01,4.661129e-01,-2.565636e-01,-3.276520e-01,1.225399e+00,3.886371e-02,0,0
8.879395e-04,-1.779311e+01,5.643905e-01,-5.425488e-01,-3.229901e-01,5.941315e-01,2.615266e+00,5.157082e+00,-3.044217e-01,4.269196e+00,6.497915e+00,-1.066181e+00,1.525802e+00,2.653370e-01,0,0,-1.051095e-05,-1.554157e-01,-7.377122e-02,-4.042498e-01,6.920900e-01,1.249024e+00,1.685195e-01,-1.004173e+00,4.724886e-01,-8.854273e-01,-7.906500e-01,-5.332392e-01,6.005681e-01,1.988516e-02,0,0
8.713403e-04,-1.783527e+01,1.808907e-01,-1.620908e+00,1.025617e+00,2.583068e+00,2.591338e+00,3.880509e+00,6.167256e-01,1.707870e+00,4.301906e+00,-2.556999e+00,1.396295e+00,2.789362e-01,0,0,-1.731090e-05,2.357292e-02,1.359059e-01,-5.338009e-02,1.002937e+00,1.296487e+00,1.618256e-01,-8.255318e-01,7.522887e-01,-7.928905e-01,-2.503937e-01,4.947724e-02,-3.393712e-01,-1.329707e-02,0,0
8.500663e-04,-1.754791e+01,5.564154e-01,-1.164546e+00,1.730837e+00,4.293314e+00,3.667801e+00,3.466295e+00,1.847987e+00,1.110343e+00,5.061075e+00,-1.275154e+00,5.055512e-01,2.405561e-01,0,0,-1.512503e-05,1.476639e-01,3.127331e-01,1.979968e-01,7.881061e-01,8.790902e-01,4.861137e-01,-1.831945e-01,8.733227e-01,-3.521204e-02,2.524739e-01,1.069673e+00,-5.219863e-02,-4.149290e-02,0,0
8.346511e-04,-1.739377e+01,1.024113e+00,-5.857016e-01,3.049516e+00,4.466411e+00,3.848927e+00,4.083407e+00,2.193720e+00,1.648841e+00,6.417191e+00,6.528959e-01,-8.599042e-01,1.601692e-01,0,0,-7.843773e-06,1.337221e-01,4.722480e-01,4.024388e-01,1.981648e-01,1.296959e-01,-1.130216e-01,-1.861951e-01,3.353105e-01,7.565346e-01,7.539977e-01,1.568398e+00,6.541111e-01,-4.829254e-02,0,0
8.306590e-04,-1.727554e+01,1.706445e+00,-7.016805e-02,2.605591e+00,4.047911e+00,4.417040e+00,4.139660e+00,3.273695e+00,4.122650e+00,6.702642e+00,2.677238e+00,2.392909e+00,1.172560e-01,0,0,8.743489e-07,1.971188e-01,4.361830e-01,6.110273e-02,-4.049231e-01,8.064544e-02,-8.021088e-02,-1.886502e-01,-1.332811e-01,6.043035e-01,-3.061334e-01,6.499153e-01,1.170267e+00,-2.605017e-02,0,0
8.418251e-04,-1.730284e+01,1.967116e+00,-1.559025e-01,1.579065e+00,3.354249e+00,1.651611e+00,2.612851e+00,1.580424e+00,3.984389e+00,7.251112e+00,3.308793e+00,3.723172e+00,9.912360e-02,0,0,4.201825e-06,2.545620e-01,3.557650e-01,-3.163140e-01,-7.148970e-01,3.417100e-01,1.584375e-01,-3.427206e-01,-4.325244e-01,-3.456151e-01,-1.272376e+00,-6.692259e-01,4.564130e-01,3.989125e-03,0,0
8.508510e-04,-1.660778e+01,2.265829e+00,-1.073932e+00,4.414473e-01,5.252622e+00,4.365405e+00,3.258322e+00,1.488229e+00,2.964087e+00,3.113448e+00,6.464739e-01,4.065347e+00,1.408281e-01,0,0,-1.455960e-06,2.629551e-01,8.335754e-02,-6.568078e-01,-4.271525e-01,4.789062e-01,5.915328e-01,8.735943e-02,7.118886e-02,-1.069451e+00,-1.761133e+00,-1.553512e+00,-1.124434e+00,2.668480e-02,0,0
8.455642e-04,-1.645484e+01,2.523246e+00,-1.665390e+00,5.571030e-01,5.572605e+00,4.666933e+00,2.810473e+00,9.238304e-01,5.000474e-01,1.849906e+00,-1.677851e+00,5.859416e-01,1.683288e-01,0,0,-1.065240e-05,1.649881e-01,-9.824812e-03,-7.423329e-01,1.732671e-03,3.161089e-01,9.798484e-01,3.461272e-01,7.853377e-01,-1.319895e+00,-1.472985e+00,-1.200202e+00,-1.732859e+00,2.753097e-02,0,0
8.215096e-04,-1.638477e+01,1.845167e+00,-2.599463e+00,9.808092e-01,5.333264e+00,5.867043e+00,4.477646e+00,3.957936e+00,5.175654e-01,5.975817e-01,-2.597000e+00,-1.660644e+00,2.160774e-01,0,0,-9.975047e-06,3.535461e-02,-1.737759e-02,-6.300066e-01,2.542594e-01,-1.383046e-01,4.340111e-01,2.923994e-01,1.284175e+00,-7.304485e-01,-2.924370e-01,-5.734700e-02,-1.243053e+00,1.009368e-02,0,0
8.032338e-04,-1.658941e+01,2.128323e+00,-3.104801e+00,1.318047e+00,4.894473e+00,5.800034e+00,3.733825e+00,4.272259e+00,-1.391825e+00,1.144119e+00,-1.070479e+00,-2.078128e+00,1.991538e-01,0,0,2.310486e-05,-5.124168e-02,-2.601825e-01,-5.084851e-01,-3.022559e-01,2.245249e-01,-3.356352e-02,6.507332e-01,1.076888e+00,2.421161e-01,2.768636e-03,1.163171e+00,-2.747848e-02,-5.711697e-03,0,0
8.221410e-04,-1.636372e+01,2.376402e+00,-3.504259e+00,1.332272e+00,4.900166e+00,5.968910e+00,4.258644e+00,6.234888e+00,2.577808e-01,2.004156e+00,5.605264e-02,-8.178850e-01,1.758839e-01,0,0,6.928779e-05,-2.999382e-01,-7.874834e-01,-3.548123e-01,-1.014376e+00,2.123663e-01,-6.945403e-01,1.269686e+00,1.994022e-01,8.108820e-01,4.946677e-01,1.901635e+00,5.865411e-01,-1.384104e-02,0,0
9.607729e-04,-1.672157e+01,9.567161e-01,-3.755418e+00,-1.129908e+00,6.911779e+00,4.448182e+00,6.173641e+00,5.169794e+00,1.840520e+00,1.160462e+00,2.811478e+00,2.716976e-02,1.598670e-01,0,0,1.193173e-04,-5.768320e-01,-1.558849e+00,-2.296105e-01,-1.570872e+00,-6.104856e-01,-5.660542e-01,2.228401e+00,-7.504869e-02,3.838197e-01,1.201344e+00,1.844775e+00,7.012638e-01,-1.012390e-02,0,0
1.089179e-03,-1.781837e+01,-1.506446e+00,-4.048216e+00,-2.867095e+00,5.386442e+00,3.070267e+00,9.606171e+00,4.506180e+00,2.955803e+00,3.062749e+00,4.970197e+00,2.194124e-01,1.665156e-01,0,0,9.472662e-05,-5.178345e-01,-1.287310e+00,6.546824e-02,-7.610265e-01,-1.679434e+00,2.054175e-01,2.042047e+00,9.885502e-02,-4.824274e-01,1.650502e+00,8.759702e-01,5.142907e-01,-1.118162e-02,0,0
1.266301e-03,-1.874624e+01,-3.724499e+00,-3.980875e+00,-4.436631e+00,1.598906e+00,4.419084e+00,1.220207e+01,4.761369e+00,-8.217378e-01,6.621545e+00,5.696327e+00,9.095423e-01,1.532185e-01,0,0,1.609033e-05,1.342487e-02,-3.022792e-01,1.018467e-01,8.415187e-01,-2.142312e+00,1.043936e+00,8.335943e-01,5.933005e-01,-9.479309e-01,1.066756e+00,-5.341519e-01,1.591243e-02,-9.338169e-03,0,0
1.143010e-03,-1.794056e+01,-1.719539e+00,-3.064189e+00,-8.194988e-01,-8.405695e-01,7.010546e+00,1.145466e+01,6.933375e+00,-8.232272e-01,7.526124e+00,2.993480e+00,1.312382e+00,1.233001e-01,0,0,-8.000927e-05,7.652661e-01,9.099655e-01,1.246226e-01,2.112832e+00,-7.813135e-01,8.463221e-01,-9.192868e-01,5.407670e-01,-4.064182e-02,-7.255140e-01,-1.438904e+00,-6.793970e-01,-2.447869e-03,0,0
1.014309e-03,-1.659336e+01,-4.481337e-01,-3.738198e+00,2.053887e+00,-6.862742e-01,7.697723e+00,9.417366e+00,6.922698e+00,-1.009620e+00,4.262557e+00,1.129077e+00,-4.397529e-01,1.347839e-01,0,0,-1.188781e-04,1.336764e+00,1.775072e+00,5.484838e-01,2.750888e+00,1.015936e+00,1.575811e-01,-1.786461e+00,-1.581292e-01,9.504029e-01,-2.325544e+00,-1.627082e+00,-1.094795e+00,5.772138e-03,0,0
8.151288e-04,-1.506849e+01,1.405199e+00,-3.546442e+00,4.451807e+00,2.622465e+00,5.662558e+00,6.402088e+00,6.129350e+00,2.846534e+00,6.146731e-01,5.930181e-02,-2.502925e+00,1.634935e-01,0,0,-6.224167e-05,1.594770e+00,2.247196e+00,1.773688e+00,2.771919e+00,2.492323e+00,2.714481e-01,-1.457334e+00,-1.086596e+00,8.208799e-01,-2.161908e+00,-1.294824e+00,-1.090007e+00,-2.780297e-03,0,3.413726e-02
8.358516e-04,-1.349846e+01,3.588494e+00,-9.973292e-01,6.682154e+00,4.947067e+00,5.880984e+00,5.796049e+00,4.372736e+00,2.095396e+00,-1.550449e+00,-9.719939e-01,-2.656781e+00,1.619825e-01,0,0,-2.168346e-06,1.513652e+00,2.471598e+00,2.955009e+00,2.644886e+00,2.624156e+00,9.933851e-01,-5.183024e-01,-1.290467e+00,4.527788e-01,-1.044862e+00,-8.938462e-01,-1.093100e-01,-2.653370e-02,0,5.120588e-02
9.210303e-04,-1.151416e+01,7.498127e+00,4.433818e+00,1.072596e+01,8.804376e+00,9.276156e+00,5.978651e+00,2.775375e+00,1.728665e+00,-3.769114e-01,-2.430107e+00,-3.029140e+00,9.579933e-02,0,1.706863e-01,3.301760e-05,7.747876e-01,1.355405e+00,2.448730e+00,1.652518e+00,1.384439e+00,1.889925e+00,5.028579e-01,-5.979916e-01,3.382266e-01,1.104252e+00,1.132690e-01,1.151657e+00,-4.324570e-02,0,5.120588e-02
9.505167e-04,-1.080226e+01,8.863394e+00,7.046715e+00,1.214124e+01,9.343547e+00,1.085785e+01,7.037572e+00,2.147354e+00,1.813209e+00,-4.659599e-01,-2.095449e+00,-7.231956e-01,3.596253e-02,0,1.706863e-01,-3.102724e-06,-3.776284e-01,-4.319072e-01,2.569705e-01,-3.240470e-01,-3.786711e-01,1.179639e+00,1.006355e+00,7.129830e-01,1.312338e+00,2.452055e+00,1.564673e+00,2.005670e+00,-3.490480e-02,0,0
9.228843e-04,-1.254265e+01,5.544773e+00,4.675185e+00,9.984856e+00,7.346418e+00,1.262375e+01,8.295615e+00,4.252083e+00,4.678761e+00,5.593687e+00,1.187374e+00,2.288569e+00,1.027501e-02,0,1.706863e-01,-3.693121e-05,-1.282164e+00,-2.012935e+00,-2.089623e+00,-2.272648e+00,-1.771332e+00,-2.924881e-01,4.538348e-01,1.415993e+00,1.662773e+00,2.683162e+00,2.274359e+00,1.814777e+00,-5.772137e-03,0,-5.120588e-02
8.194110e-04,-1.487236e+01,2.405635e+00,1.668398e-01,5.432472e+00,3.782690e+00,1.010538e+01,9.669343e+00,7.199296e+00,7.182039e+00,7.724527e+00,5.042631e+00,4.712715e+00,3.022061e-02,0,0,-4.063120e-05,-1.441243e+00,-1.989837e+00,-2.731859e+00,-2.834636e+00,-2.024352e+00,-1.662869e+00,-3.955425e-01,1.578476e+00,9.983467e-01,1.762427e+00,1.723003e+00,3.173680e-01,1.912965e-02,0,-5.120588e-02
8.019271e-04,-1.588993e+01,6.623302e-01,-2.574360e+00,2.717104e+00,2.728144e+00,8.189951e+00,6.931940e+00,7.329370e+00,7.358116e+00,8.943655e+00,5.372649e+00,3.326790e+00,6.980961e-02,0,0,-2.177382e-05,-9.248493e-01,-1.076525e+00,-1.760301e+00,-2.073923e+00,-1.512083e+00,-2.453737e+00,-1.539214e+00,7.518599e-01,-3.522727e-01,1.368076e-01,-2.317259e-02,-9.997638e-01,2.505289e-02,0,-3.413726e-02
8.078393e-04,-1.633483e+01,1.355430e+00,-2.987806e+00,1.601934e+00,1.530926e+00,4.760404e+00,5.741698e+00,8.501091e+00,5.465265e+00,6.671192e+00,4.426928e+00,3.445341e-01,1.018435e-01,0,0,1.766393e-06,-4.288358e-01,-2.776016e-01,-4.968928e-01,-4.550076e-01,-4.059826e-01,-1.945490e+00,-1.807169e+00,3.148336e-01,-1.093240e+00,-3.040889e-01,-8.090479e-01,-1.318682e+00,1.447567e-02,0,0
8.198011e-04,-1.643566e+01,6.872518e-01,-2.548995e+00,1.530508e+00,9.118867e-01,3.027555e+00,2.563366e+00,7.360485e+00,3.775784e+00,6.804392e+00,1.379363e+00,-5.261602e-01,9.972802e-02,0,0,3.964570e-06,-1.598158e-01,4.039377e-02,2.216364e-01,6.287524e-01,2.949170e-01,-1.033828e+00,-1.513250e+00,-3.354259e-01,-1.079759e+00,-1.070396e-01,-4.929933e-01,-7.338196e-01,3.354490e-03,0,0
8.193059e-04,-1.674367e+01,1.005166e+00,-2.330306e+00,3.750731e+00,2.660905e+00,2.959126e+00,2.817784e+00,8.757907e+00,3.507005e+00,7.273714e+00,2.994035e+00,4.577939e-02,8.763977e-02,0,0,3.675639e-06,-2.542458e-02,1.201767e-01,3.909978e-01,8.612652e-01,8.420641e-01,1.823696e-01,-1.337654e+00,-9.454483e-01,-6.344556e-01,1.536210e-01,-1.031241e-01,-6.133645e-02,4.895739e-03,0,0
8.160166e-04,-1.648459e+01,1.039431e+00,-1.794928e+00,4.786467e+00,3.637739e+00,3.921449e+00,8.276488e-01,5.523832e+00,2.938449e+00,8.107196e+00,3.624129e+00,-1.929308e-01,9.368390e-02,0,0,3.871083e-06,-2.114105e-03,2.253294e-01,3.914424e-01,1.304317e-01,2.004526e-01,8.537423e-01,-5.526781e-01,-1.791440e+00,-5.900003e-01,-7.776101e-01,-4.626301e-01,6.292129e-02,2.097310e-02,0,0
8.281097e-04,-1.643749e+01,1.780224e+00,-1.409851e+00,4.280281e+00,4.378320e+00,5.225305e+00,-7.871457e-02,4.692176e+00,2.711655e+00,6.787896e+00,2.788924e+00,-1.287629e-01,1.293442e-01,0,0,5.934993e-06,5.888825e-02,-1.124510e-01,4.692283e-01,-1.127692e+00,-1.339929e+00,8.744810e-01,-1.609222e-01,-2.416200e+00,-4.816893e-01,-1.698220e+00,-2.008695e+00,2.178222e-01,3.566032e-02,0,0
8.347546e-04,-1.659932e+01,1.426370e+00,-1.052011e+00,1.917893e+00,1.055442e+00,6.163177e+00,1.248225e+00,4.361525e-01,1.223458e+00,3.159251e+00,-8.312325e-01,-1.242826e-01,1.837413e-01,0,0,1.716771e-06,5.769997e-02,-3.212584e-01,3.481156e-01,-1.375200e+00,-2.294841e+00,2.050141e-01,4.451935e-01,-1.647684e+00,-9.664275e-02,-1.645087e+00,-1.906747e+00,8.220512e-01,3.526745e-02,0,0
8.396119e-04,-1.639186e+01,2.494415e-01,-3.556231e-01,-4.534408e-01,-2.747592e+00,6.210667e+00,1.802885e+00,-7.792549e-01,1.956054e+00,1.256585e+00,-4.821758e+00,1.100567e+00,2.209127e-01,0,0,-1.572794e-06,2.326508e-01,-2.347127e-01,1.523483e-01,-8.369616e-01,-2.071218e+00,-8.659331e-01,2.722158e-01,-2.449313e-01,5.541752e-01,-3.927022e-01,-6.622444e-01,1.111601e+00,1.426413e-02,0,0
8.188494e-04,-1.621890e+01,1.985300e-01,-5.814638e-01,2.773277e-01,-4.273510e+00,4.453838e+00,2.112817e+00,2.112532e-02,2.833035e+00,2.647417e+00,-2.104266e+00,3.302661e+00,2.242369e-01,0,0,5.578622e-08,2.913632e-01,5.108570e-01,-4.245349e-01,1.555321e-01,-2.507553e-01,-1.987655e+00,-3.531074e-01,8.884932e-01,5.605868e-01,3.333327e-01,6.241301e-01,6.145592e-01,-9.247504e-03,0,0
8.281983e-04,-1.546444e+01,1.220580e+00,-8.833829e-01,9.157551e-01,-3.313296e+00,1.750309e+00,8.500683e-01,3.675033e+00,4.677742e+00,5.080302e+00,1.142192e-01,3.715771e+00,1.804171e-01,0,0,7.347792e-05,-1.252177e-01,1.479757e+00,-1.171285e+00,8.728855e-01,1.362241e+00,-2.519289e+00,1.784496e-01,2.313418e-01,1.173089e-01,-1.386265e-01,1.112737e+00,-7.070311e-01,-1.625868e-02,0,0
8.407403e-04,-1.560621e+01,3.495085e+00,-2.910805e+00,2.010955e+00,8.451780e-02,-1.544920e+00,-4.090365e-02,2.651474e+00,2.665548e+00,2.914057e+00,-1.785704e-01,1.640911e+00,1.577516e-01,0,0,1.716952e-04,-6.315320e-01,2.115272e+00,-1.554993e+00,8.459811e-01,1.699381e+00,-2.305932e+00,6.628647e-01,-1.478953e+00,6.669047e-02,-1.314252e+00,4.202717e-01,-1.802213e+00,-7.827138e-03,0,0
1.196056e-03,-1.732430e+01,5.999951e+00,-5.047376e+00,3.044173e+00,1.884597e+00,-3.386396e+00,3.771993e+00,-9.377201e-01,2.626342e+00,4.301332e-01,-2.209229e-01,-1.603714e+00,1.728619e-01,0,0,2.474694e-04,-5.152861e-01,2.236357e+00,-8.061827e-01,7.113615e-01,-3.413716e-01,-1.604553e+00,1.597490e+00,-2.799673e+00,7.039111e-01,-1.791250e+00,3.749548e-01,-1.674256e+00,1.480807e-03,0,0
1.493396e-03,-1.844663e+01,8.385205e+00,-6.274433e+00,3.443024e+00,1.624447e+00,-4.507471e+00,3.966178e+00,-5.067263e+00,4.192188e+00,-1.598756e+00,1.646634e-01,-3.048664e+00,1.888788e-01,0,0,1.997711e-04,4.987358e-01,1.561503e+00,9.822527e-01,4.907022e-02,-3.694057e+00,-9.924843e-01,1.268366e+00,-2.151890e+00,1.753575e+00,-8.665452e-01,2.975507e-01,-5.834750e-01,-3.142942e-03,0,3.089162e-02
1.739217e-03,-1.662066e+01,9.957306e+00,-3.232483e+00,3.756528e+00,-5.790119e+00,-4.791180e+00,6.833977e+00,-6.463964e+00,7.433978e+00,-1.619540e+00,1.817376e+00,-2.310719e+00,1.722575e-01,0,0,3.667677e-05,1.315301e+00,2.290241e-01,2.240189e+00,-1.689280e-01,-5.539398e+00,-3.310069e-01,3.658137e-01,-9.439446e-01,1.579656e+00,9.366717e-02,2.068502e-02,1.969223e-01,-1.190692e-02,0,4.633744e-02
1.568015e-03,-1.346435e+01,9.323924e+00,1.093012e+00,1.900129e+00,-1.454841e+01,-5.804949e+00,4.769934e+00,-5.344856e+00,9.029603e+00,-3.938331e-01,2.900335e-01,-9.229611e-01,1.423391e-01,0,1.544581e-01,-9.809799e-05,1.610852e+00,-1.077101e+00,2.187355e+00,2.754084e-01,-4.894812e+00,-1.771063e-01,-1.265268e-01,3.687902e-01,5.944172e-01,7.636436e-01,-2.022741e-01,3.864762e-01,-1.480810e-02,0,7.809442e-02
1.342130e-03,-1.323893e+01,6.675712e+00,2.469846e+00,2.970981e+00,-1.772597e+01,-4.392691e+00,5.199183e+00,-5.518646e+00,8.105912e+00,2.960075e-01,-1.801828e-01,-1.681954e+00,1.365972e-01,0,1.544581e-01,-1.506759e-04,1.199165e+00,-1.819923e+00,1.020667e+00,8.625998e-01,-2.260572e+00,-7.612877e-02,-3.586322e-01,7.744352e-01,-2.111561e-01,4.861573e-01,-2.773130e-02,3.661276e-01,-1.251133e-02,0,7.810242e-02
1.201450e-03,-1.208324e+01,4.640496e+00,1.811175e+00,5.212840e+00,-1.688169e+01,-5.592247e+00,4.150940e+00,-3.695971e+00,6.828307e+00,1.261688e+00,1.520726e-01,-1.430666e+00,1.326685e-01,0,3.132431e-01,-1.127389e-05,1.301857e+00,-2.091444e+00,7.453088e-01,9.800750e-01,-6.870311e-01,-1.379857e-01,4.410536e-01,7.769078e-01,-5.466864e-01,-2.557005e-02,5.975956e-01,6.673403e-01,-1.332729e-02,0,8.195971e-02
1.169121e-03,-1.131540e+01,3.199405e+00,1.511770e+00,6.413171e+00,-1.592634e+01,-5.278175e+00,5.350313e+00,-3.416231e+00,7.478845e+00,-1.651339e-02,1.747700e+00,-2.262290e-01,1.145361e-01,0,3.111196e-01,3.099115e-04,1.538896e+00,-2.324115e+00,1.581395e+00,-1.350661e-01,-8.761455e-01,-2.974991e-01,6.559165e-01,5.009988e-01,-2.431293e-01,-4.577715e-01,1.001909e+00,1.112051e+00,-1.764884e-02,0,9.502620e-02
1.598151e-03,-7.916834e+00,6.048592e-01,5.298594e+00,5.079409e+00,-1.888338e+01,-6.052136e+00,6.899638e+00,-2.511525e+00,6.609704e+00,-3.654229e-01,2.314070e+00,1.685878e+00,8.673315e-02,0,4.859259e-01,5.042250e-04,1.579387e+00,-2.441172e+00,2.273968e+00,-1.067396e+00,-1.273360e+00,-3.397450e-01,3.913101e-01,4.150864e-01,-3.546398e-01,-9.362041e-01,1.279387e+00,8.489200e-01,-1.888788e-02,0,7.323710e-02
2.693338e-03,-7.627656e+00,-2.927044e+00,8.633111e+00,2.362366e+00,-2.110585e+01,-5.650242e+00,7.104417e+00,-3.605875e+00,6.999567e+00,-1.179295e+00,3.748364e+00,2.320031e+00,7.132064e-02,0,5.432476e-01,4.696781e-04,1.468854e+00,-1.648266e+00,2.139260e+00,-1.366425e+00,-1.136232e+00,-6.137410e-01,-2.971609e-01,5.051244e-01,-7.256305e-01,-7.144934e-01,1.316002e+00,1.731390e-01,-1.689332e-02,0,5.788823e-02
2.960467e-03,-6.030172e+00,-4.502139e+00,9.620345e+00,1.901264e+00,-2.065874e+01,-7.104938e+00,5.230439e+00,-1.525716e+00,5.294747e+00,-2.837942e+00,5.548677e+00,1.540804e+00,5.983681e-02,0,5.633646e-01,8.254065e-05,9.852408e-01,7.115601e-02,1.094874e+00,-9.336795e-01,-2.175694e-02,-6.733291e-01,-8.219179e-01,6.729745e-01,-1.007924e+00,-2.066769e-01,1.319844e+00,-5.239875e-01,-1.396192e-02,0,1.151812e-02
2.836353e-03,-4.914458e+00,-2.488425e+00,1.004719e+01,1.170118e+00,-2.071983e+01,-7.820479e+00,4.699108e+00,-1.383513e+00,4.508172e+00,-2.352720e+00,6.710405e+00,7.120029e-01,4.351768e-02,0,5.618415e-01,-2.644321e-04,8.347281e-01,1.393286e+00,7.647991e-01,-5.308293e-01,2.978230e-01,-5.652266e-01,-7.286970e-01,6.340481e-01,-1.354009e+00,9.822790e-01,6.357181e-01,-8.026087e-01,-1.190692e-02,0,-3.840691e-03
1.939346e-03,-4.347229e+00,7.413299e-01,1.006592e+01,1.007135e+00,-1.918517e+01,-8.333663e+00,3.992703e+00,-2.578335e-01,2.815782e+00,-8.120945e-01,7.432272e+00,-1.300458e-01,3.082502e-02,0,5.342196e-01,-3.208227e-04,4.730354e-01,1.633036e+00,8.178257e-01,-3.431507e-01,1.879469e-01,-2.537048e-01,-4.586662e-01,3.728996e-01,-1.186164e+00,1.795934e+00,-3.774768e-01,-4.736175e-01,-8.673316e-03,0,-4.776502e-03
1.881737e-03,-4.295488e+00,1.417654e+00,1.223432e+01,1.552839e-01,-2.035351e+01,-7.862012e+00,4.079800e+00,-1.069576e+00,1.469005e+00,2.719177e+00,5.985157e+00,-8.575873e-01,2.629193e-02,0,5.386167e-01,-1.969410e-04,3.000788e-01,9.162561e-01,8.314219e-01,-1.829462e-01,1.161818e-01,1.742527e-01,-3.612316e-01,3.779223e-01,-1.171364e+00,1.708356e+00,-1.117060e+00,8.510520e-02,-4.261107e-03,0,-1.542336e-03
1.833661e-03,-3.974480e+00,1.710004e+00,1.261591e+01,6.929272e-01,-1.990216e+01,-8.352695e+00,3.246761e+00,1.818133e-01,8.835084e-01,3.605778e+00,4.023917e+00,-4.248770e-02,2.508310e-02,0,5.510945e-01,4.660105e-08,2.275359e-01,2.496247e-01,7.552032e-01,-2.687840e-01,8.438244e-02,6.541997e-01,-8.925571e-02,9.371001e-02,-1.221600e+00,1.080931e+00,-1.119349e+00,5.609284e-01,-8.461781e-04,0,4.678327e-03
1.904491e-03,-3.600438e+00,1.608518e+00,1.292931e+01,4.124907e-01,-1.978043e+01,-6.939699e+00,3.265921e+00,2.862749e-01,-3.825104e-01,3.980123e+00,2.829285e+00,1.093750e+00,2.508310e-02,0,5.456924e-01,2.701557e-05,3.347831e-02,2.248857e-01,6.457634e-01,-5.629962e-01,3.473059e-01,8.500841e-01,3.183215e-01,-9.665857e-02,-1.441329e+00,3.151537e-01,-1.038668e-02,5.535771e-01,1.480810e-03,0,3.555155e-03
1.928202e-03,-3.557075e+00,1.894022e+00,1.349444e+01,-4.653882e-01,-1.904981e+01,-5.523821e+00,3.953364e+00,-4.672091e-01,-2.366459e+00,3.962085e+00,3.413462e+00,1.698928e+00,2.719855e-02,0,5.540734e-01,5.751256e-05,-2.528729e-01,3.076283e-01,9.389628e-01,-1.042987e+00,1.594807e-01,6.988074e-01,1.102131e+00,-6.442074e-01,-1.421535e+00,3.047006e-02,1.114789e+00,-1.599785e-02,2.750077e-03,0,-1.697016e-03
1.969544e-03,-4.336799e+00,2.450074e+00,1.502387e+01,-2.080539e+00,-1.904316e+01,-5.026029e+00,5.318106e+00,-1.228358e+00,-4.112657e+00,4.116791e+00,6.238451e+00,1.039590e+00,3.263826e-02,0,5.549030e-01,9.908035e-05,-4.239865e-01,2.515895e-01,1.177577e+00,-1.004166e+00,-3.007046e-01,2.179408e-01,1.452940e+00,-6.572472e-01,-1.017694e+00,-2.282533e-01,1.603841e+00,-5.006973e-01,3.022062e-03,0,-3.623426e-03
2.088697e-03,-4.870665e+00,2.827368e+00,1.626344e+01,-3.275493e+00,-1.947339e+01,-5.815494e+00,7.731324e+00,-2.281908e+00,-4.359095e+00,3.689795e+00,7.893278e+00,-9.539706e-02,3.505591e-02,0,5.380041e-01,1.354696e-04,-4.027490e-01,1.643543e-02,1.291930e+00,-4.657580e-01,-8.408501e-01,-8.175974e-02,1.229318e+00,-2.758048e-01,-6.393752e-02,-4.904651e-01,9.913456e-01,-7.235017e-01,2.417649e-03,0,-1.031371e-02
2.319645e-03,-5.063576e+00,2.399792e+00,1.743269e+01,-3.203285e+00,-2.107216e+01,-5.704159e+00,8.641640e+00,-2.092612e+00,-4.474661e+00,2.975002e+00,8.608581e+00,-5.125742e-01,3.626473e-02,0,5.356099e-01,1.126552e-04,-3.186781e-01,-1.929833e-01,1.199106e+00,2.385834e-01,-9.441921e-01,7.824803e-03,3.149497e-01,1.923696e-01,6.823941e-01,-4.972962e-01,1.684612e-01,-5.115528e-01,1.631913e-03,0,-1.073570e-02
2.430500e-03,-5.207431e+00,2.001340e+00,1.874968e+01,-2.232805e+00,-2.223956e+01,-5.593555e+00,8.438188e+00,-1.414106e+00,-2.505144e+00,2.080655e+00,7.185125e+00,-1.142499e+00,3.747356e-02,0,5.121514e-01,4.660941e-05,-4.361431e-01,-2.841033e-02,1.038063e+00,4.069777e-01,-6.761208e-01,2.665187e-01,-5.035136e-01,3.048126e-01,1.142782e+00,-4.525788e-01,-2.572813e-02,-1.332545e-01,9.972804e-04,0,-9.212106e-03
2.361919e-03,-5.761806e+00,1.898172e+00,1.977628e+01,-1.408966e+00,-2.238103e+01,-5.097874e+00,6.539423e+00,-7.004108e-01,-1.627662e+00,2.434880e+00,7.434834e+00,-9.946231e-01,3.958900e-02,0,5.141509e-01,-2.939636e-05,-5.062315e-01,4.109679e-01,6.468422e-01,1.583927e-01,-1.526176e-01,4.398748e-01,-8.855639e-01,-4.704560e-02,8.997353e-01,-9.398399e-02,3.503264e-01,3.373968e-01,-9.066127e-05,0,-6.105298e-03
2.300607e-03,-6.702265e+00,2.936126e+00,2.028196e+01,-2.137764e+00,-2.219955e+01,-4.786043e+00,6.264864e+00,-1.453945e+00,-6.868323e-02,1.696962e+00,8.351511e+00,-5.206449e-01,3.838018e-02,0,5.026731e-01,-7.868919e-05,-3.920171e-01,7.959057e-01,1.781483e-01,-1.293241e-01,2.014738e-01,6.922364e-01,-7.771654e-01,-2.935631e-01,1.348472e-01,1.114060e-01,8.610857e-01,6.144501e-01,-6.044134e-05,0,1.050490e-03
2.237610e-03,-6.847317e+00,3.987239e+00,1.990076e+01,-2.458843e+00,-2.185525e+01,-3.908540e+00,5.300482e+00,-2.307920e+00,-1.194215e+00,2.696929e+00,9.777020e+00,8.634830e-01,3.535812e-02,0,5.098225e-01,-1.241132e-04,-1.172431e-01,9.216924e-01,-1.424261e-01,-9.381437e-02,2.042526e-01,7.324775e-01,-4.068125e-01,-1.568871e-01,-5.448018e-01,1.935757e-01,5.851178e-01,5.585299e-01,1.118161e-03,0,5.468351e-03
2.099208e-03,-6.624762e+00,4.936335e+00,1.957818e+01,-2.354488e+00,-2.149508e+01,-2.727040e+00,5.171831e+00,-2.078167e+00,-2.047631e+00,2.506660e+00,1.031946e+01,1.000699e+00,3.928679e-02,0,5.195680e-01,-1.606711e-04,2.212558e-01,7.208915e-01,-2.872120e-01,2.697608e-01,6.058960e-02,5.897020e-01,-1.246944e-02,-1.238008e-01,-8.225979e-01,3.196495e-01,-1.757486e-01,4.180019e-01,2.991840e-03,0,1.073840e-02
1.842052e-03,-6.386774e+00,5.506529e+00,1.941604e+01,-1.769676e+00,-2.171201e+01,-2.464988e+00,5.051877e+00,-1.172736e+00,-3.362197e+00,2.997910e+00,9.376448e+00,1.037355e+00,4.472650e-02,0,5.330452e-01,-1.533964e-04,4.105909e-01,5.280157e-01,-2.869490e-01,6.137448e-01,-3.321533e-01,2.050644e-01,5.024098e-01,-5.565224e-01,-4.871701e-01,4.361306e-01,-9.503619e-01,5.026941e-01,2.326987e-03,0,1.073082e-02
1.695031e-03,-5.826257e+00,5.780939e+00,1.908826e+01,-1.133543e+00,-2.196823e+01,-2.559310e+00,6.326820e+00,-2.640542e+00,-3.097682e+00,3.144719e+00,7.673054e+00,1.482429e+00,4.865518e-02,0,5.447538e-01,-1.063717e-04,4.711274e-01,2.172211e-01,-4.492718e-01,1.073878e+00,-1.606430e-01,-1.892487e-01,4.218789e-01,-1.492661e+00,3.891429e-01,8.097985e-01,-1.584789e+00,9.144165e-01,-4.230879e-04,0,6.409007e-03
1.672717e-03,-5.193614e+00,6.205016e+00,1.871098e+01,-5.910794e-04,-2.327944e+01,-2.967083e+00,7.235037e+00,-4.809345e+00,-3.105041e+00,4.558552e+00,6.348413e+00,3.136089e+00,4.230886e-02,0,5.508837e-01,-4.931735e-05,3.188706e-01,-3.372431e-02,-4.913036e-01,1.106268e+00,2.700375e-01,-3.587974e-01,-7.742272e-02,-1.564269e+00,9.847277e-01,8.090574e-01,-1.505259e+00,9.129741e-01,-3.203384e-03,0,1.612043e-03
1.652017e-03,-4.865704e+00,5.673197e+00,1.768435e+01,2.130358e+00,-2.151458e+01,-3.422235e+00,6.189645e+00,-7.723170e+00,-2.304948e-01,5.775331e+00,3.909536e+00,4.523414e+00,3.838018e-02,0,5.426937e-01,-5.945401e-06,4.318047e-02,-3.019730e-01,-3.944586e-01,8.186573e-01,7.466068e-01,-4.342243e-01,-7.575681e-01,-5.203420e-01,9.869105e-01,5.252522e-01,-1.124793e+00,2.122453e-01,-3.868238e-03,0,-3.063774e-03
1.616972e-03,-5.272697e+00,5.391778e+00,1.766148e+01,2.129712e+00,-2.058864e+01,-3.827512e+00,4.733351e+00,-6.452768e+00,1.278485e-01,5.727890e+00,3.731911e+00,4.081732e+00,3.384709e-02,0,5.421354e-01,2.184819e-05,-1.203966e-01,-3.545325e-01,-1.449492e-01,3.493820e-01,5.787659e-01,-3.122091e-01,-9.115192e-01,1.001261e+00,3.768671e-01,-1.398559e-01,-3.574041e-01,-7.045531e-01,-2.478090e-03,0,-6.530523e-03
1.693176e-03,-5.570814e+00,4.677692e+00,1.764072e+01,1.894592e+00,-1.958059e+01,-4.300217e+00,3.789822e+00,-4.420540e+00,2.204258e-01,5.186311e+00,3.357341e+00,2.070834e+00,3.354488e-02,0,5.338091e-01,3.227786e-05,-1.600818e-01,-1.500141e-01,-5.142975e-03,5.272042e-02,-1.682638e-01,-1.916800e-01,-4.644919e-01,1.872055e+00,-6.169716e-01,-5.452149e-01,5.809449e-01,-9.803308e-01,-7.555153e-04,0,-5.383134e-03
1.761378e-03,-5.443043e+00,4.930106e+00,1.800805e+01,1.864202e+00,-2.135261e+01,-4.089138e+00,3.877352e+00,-1.454353e+00,-1.446166e+00,4.153783e+00,4.837490e+00,8.396134e-01,3.233605e-02,0,5.226734e-01,1.711377e-05,-8.998828e-02,5.581098e-02,-6.170788e-02,2.320917e-01,-6.438204e-01,-2.005957e-01,1.155550e-02,1.476602e+00,-9.738695e-01,-2.138273e-01,7.634739e-01,-4.110749e-01,9.670589e-04,0,-3.831631e-03
1.741203e-03,-5.580940e+00,5.153963e+00,1.748535e+01,2.526715e+00,-2.197392e+01,-4.249822e+00,4.295185e+00,-8.621026e-01,-2.528345e+00,3.836311e+00,6.261471e+00,1.242820e+00,3.535812e-02,0,5.255091e-01,-1.500505e-05,-1.205149e-02,3.107305e-01,-1.137072e-01,1.400311e-01,-5.619068e-01,-2.217820e-01,5.001467e-01,4.750233e-01,-1.231839e+00,5.292876e-01,5.875686e-01,5.547081e-01,1.631912e-03,0,2.335054e-03
1.678527e-03,-5.717575e+00,5.432698e+00,1.743062e+01,2.974109e+00,-2.261108e+01,-4.855688e+00,4.538447e+00,-8.489785e-01,-3.367114e+00,5.333754e+00,6.097216e+00,2.440365e+00,3.777576e-02,0,5.271273e-01,-2.911022e-05,7.671108e-02,3.481565e-01,-2.027912e-01,1.452115e-02,1.222816e-01,-2.323407e-01,7.786855e-01,-7.198555e-01,-9.512534e-01,1.298800e+00,9.361267e-04,9.431504e-01,1.329707e-03,0,5.648899e-03
1.659576e-03,-5.493805e+00,5.980049e+00,1.736090e+01,2.039794e+00,-2.176089e+01,-5.025852e+00,5.960009e+00,-2.348110e+00,-4.978296e+00,7.242764e+00,5.665321e+00,4.043999e+00,3.898459e-02,0,5.432574e-01,-3.321391e-05,1.548978e-01,3.259508e-01,-2.543203e-01,-1.430099e-01,5.981964e-01,-8.068190e-02,7.896949e-01,-1.246762e+00,-6.763697e-01,1.394310e+00,-1.366376e-01,8.246344e-01,3.725290e-10,0,6.163651e-03
1.656641e-03,-5.103055e+00,6.257845e+00,1.705632e+01,2.180268e+00,-2.084771e+01,-4.862827e+00,6.938368e+00,-4.310627e+00,-4.977457e+00,8.944554e+00,5.140245e+00,4.154776e+00,3.717135e-02,0,5.420437e-01,-2.930008e-05,1.995286e-01,1.856787e-01,-3.079641e-01,-6.657016e-02,5.336596e-01,1.054473e-02,8.355615e-01,-1.186141e+00,-1.644511e-01,8.236654e-01,1.722083e-02,2.036128e-01,-5.137495e-04,0,5.855107e-03
1.586077e-03,-5.113711e+00,6.371143e+00,1.640090e+01,2.208586e+00,-1.986462e+01,-4.649662e+00,7.043699e+00,-5.365088e+00,-5.105022e+00,9.002460e+00,6.056768e+00,4.508786e+00,3.566032e-02,0,5.488691e-01,-2.254752e-05,1.328411e-01,-1.437759e-03,-1.461370e-01,1.027691e-01,5.069752e-02,1.500993e-01,6.711858e-01,-6.726374e-01,3.208463e-01,-1.757353e-01,5.881073e-01,-3.318151e-01,-5.137500e-04,0,3.103012e-03
1.568776e-03,-4.909979e+00,6.165544e+00,1.637080e+01,2.556862e+00,-2.089092e+01,-4.991059e+00,8.174409e+00,-5.271196e+00,-4.126007e+00,8.572233e+00,5.987597e+00,3.226035e+00,3.686915e-02,0,5.535970e-01,-2.038004e-05,3.018079e-02,-1.092350e-01,6.185341e-03,1.111033e-01,-1.628494e-01,3.041687e-01,4.996146e-01,-2.205271e-01,4.022602e-01,-9.012432e-01,9.448074e-01,-5.043224e-01,9.066165e-05,0,2.986944e-03
1.590771e-03,-4.926137e+00,6.019011e+00,1.697297e+01,2.365342e+00,-2.148580e+01,-4.211239e+00,8.697917e+00,-5.231013e+00,-3.799790e+00,6.550248e+00,8.182182e+00,2.849294e+00,3.656694e-02,0,5.529959e-01,-8.125964e-06,-3.362022e-02,-2.197348e-01,7.487450e-02,1.716965e-01,7.826900e-02,2.645323e-01,2.456209e-01,-3.612536e-01,4.525631e-01,-1.001539e+00,7.798452e-01,-4.219095e-01,2.115440e-04,0,-5.740881e-04
1.552394e-03,-5.045938e+00,5.887737e+00,1.680121e+01,2.657407e+00,-2.085137e+01,-3.561195e+00,8.609332e+00,-5.480299e+00,-3.618772e+00,5.664444e+00,8.801576e+00,2.462910e+00,3.717135e-02,0,5.549151e-01,-3.663870e-06,-5.347695e-02,-3.323747e-01,-3.606606e-02,3.397970e-01,4.953514e-01,3.580355e-01,-2.771004e-01,-6.497973e-01,2.077613e-01,-7.631686e-01,2.393651e-01,4.096768e-02,6.044134e-05,0,-4.142242e-03
1.553639e-03,-5.213833e+00,5.411373e+00,1.656007e+01,3.016796e+00,-1.949305e+01,-4.041933e+00,8.054342e+00,-7.066803e+00,-3.095824e+00,5.448661e+00,8.549005e+00,2.780801e+00,3.656694e-02,0,5.453396e-01,-3.440457e-06,-4.702449e-02,-3.032572e-01,-2.789917e-02,4.800093e-01,5.190285e-01,2.813753e-01,-5.102273e-01,-8.933071e-01,8.992696e-03,-2.721699e-01,-5.404539e-01,3.651312e-01,6.648541e-04,0,-5.912298e-03
1.569023e-03,-5.033516e+00,4.807489e+00,1.639692e+01,3.930120e+00,-1.941054e+01,-3.285535e+00,7.110694e+00,-7.602287e+00,-3.439183e+00,5.307183e+00,7.001011e+00,3.465120e+00,3.717135e-02,0,5.367139e-01,-6.837072e-07,-5.640011e-02,-1.663961e-01,2.120480e-01,3.327253e-01,2.422340e-01,4.926373e-01,-8.236089e-01,-8.191422e-01,-1.740188e-01,-3.612313e-02,-4.165630e-01,3.745694e-01,1.118162e-03,0,-4.939222e-03
1.565254e-03,-5.167471e+00,5.042848e+00,1.703562e+01,4.129032e+00,-1.961107e+01,-2.942193e+00,6.896099e+00,-8.636555e+00,-3.844621e+00,5.368029e+00,6.380195e+00,4.173845e+00,3.989121e-02,0,5.325350e-01,-7.982261e-06,-7.459331e-02,1.415730e-01,4.177652e-01,1.008354e-01,-1.495489e-01,4.633545e-01,-8.510194e-01,-1.902778e-01,-3.035873e-01,3.766827e-01,-2.760523e-01,6.622939e-02,1.783016e-03,0,-2.002573e-03
1.543168e-03,-5.351120e+00,5.240019e+00,1.762367e+01,3.764915e+00,-1.958119e+01,-1.647878e+00,5.070409e+00,-8.791135e+00,-4.114467e+00,5.524145e+00,7.803165e+00,3.639235e+00,4.110003e-02,0,5.366213e-01,-1.879958e-05,-8.575754e-02,3.132804e-01,2.232004e-01,8.430278e-02,-1.014427e-01,1.789584e-02,-7.244087e-01,5.316732e-01,-1.010573e-01,5.545013e-01,-1.991117e-01,-3.831033e-01,1.752794e-03,0,4.670560e-04
1.526655e-03,-5.427998e+00,5.902973e+00,1.803552e+01,3.603576e+00,-2.015547e+01,-2.543988e+00,4.819388e+00,-7.423769e+00,-4.276119e+00,7.223594e+00,6.767666e+00,3.024890e+00,4.351768e-02,0,5.353730e-01,-3.199886e-05,-7.520542e-02,2.807992e-01,-2.213850e-01,2.771351e-01,2.209339e-02,-4.391799e-01,-4.225573e-01,1.517835e+00,-3.208584e-01,4.785104e-01,-3.668337e-01,-7.013006e-01,8.461766e-04,0,1.588821e-03
1.494325e-03,-5.332040e+00,5.943829e+00,1.701298e+01,4.614362e+00,-1.964555e+01,-3.395158e+00,4.527006e+00,-5.550314e+00,-3.728721e+00,7.151907e+00,5.811718e+00,2.124081e+00,4.412209e-02,0,5.376301e-01,-2.577205e-05,-5.635510e-02,8.696227e-02,-3.814560e-01,3.116360e-01,2.504854e-01,-7.220748e-01,1.842538e-01,1.562708e+00,-4.909002e-01,2.581882e-01,-4.344138e-01,-6.043354e-01,-2.115436e-04,0,1.862264e-03
1.429681e-03,-5.553038e+00,6.094939e+00,1.623405e+01,5.089984e+00,-1.946842e+01,-4.264452e+00,5.055014e+00,-2.667789e+00,-5.641786e+00,6.946700e+00,5.541750e+00,1.424919e+00,4.261106e-02,0,5.399746e-01,-8.739286e-06,5.880451e-03,-1.817779e-01,-2.449318e-01,1.321891e-01,5.028998e-01,-4.977866e-01,5.827544e-01,9.491113e-01,-6.601849e-01,-3.507395e-02,-3.168669e-02,-3.414618e-01,-1.269266e-03,0,1.839548e-03
1.462794e-03,-5.570375e+00,5.578847e+00,1.661713e+01,4.579891e+00,-1.867229e+01,-4.398020e+00,5.873865e+00,-3.355582e+00,-5.886135e+00,6.953533e+00,6.244054e+00,1.417543e+00,4.049562e-02,0,5.436318e-01,2.185465e-06,9.491219e-02,-3.110954e-01,2.527637e-02,-4.091053e-02,5.674160e-01,-3.740380e-01,8.964211e-01,1.072626e-02,-6.977062e-01,1.305733e-01,1.437507e-01,2.625650e-01,-1.450589e-03,0,9.227812e-04
1.498724e-03,-5.279428e+00,5.176575e+00,1.700878e+01,4.281757e+00,-1.812760e+01,-4.531490e+00,7.059731e+00,-3.775578e+00,-6.498336e+00,7.147411e+00,6.393064e+00,1.670850e+00,3.898459e-02,0,5.415699e-01,-3.435568e-06,1.829155e-01,-3.272568e-01,1.210133e-01,-8.098769e-02,6.790924e-01,-3.392633e-01,6.891192e-01,-3.293290e-01,-3.830723e-01,6.324305e-02,-1.005026e-01,5.975353e-01,-1.027501e-03,0,-2.041108e-03
1.470731e-03,-4.994284e+00,4.847534e+00,1.675199e+01,4.813923e+00,-1.747888e+01,-5.131829e+00,8.006753e+00,-4.942789e+00,-6.788977e+00,7.704418e+00,6.104814e+00,3.313940e+00,3.868238e-02,0,5.414464e-01,-2.284455e-05,4.624882e-02,-1.118811e-01,2.122633e-01,-6.851540e-02,5.874216e-01,-1.614036e-01,-7.263775e-02,4.230225e-02,-2.023701e-01,-2.901040e-01,-2.824027e-01,6.053735e-01,-6.044116e-04,0,-3.994900e-03
1.408535e-03,-4.926506e+00,4.824311e+00,1.677168e+01,4.568030e+00,-1.666966e+01,-5.593864e+00,7.434166e+00,-3.520831e+00,-7.105727e+00,6.887473e+00,5.108858e+00,3.464397e+00,3.838018e-02,0,5.308618e-01,-3.015852e-05,-2.629027e-01,6.434794e-02,4.377525e-01,-1.906691e-01,5.896288e-01,1.223248e-01,-1.137805e+00,3.225821e-01,3.052000e-01,-6.867660e-01,-1.223249e-01,1.468240e-01,-1.511022e-04,0,-5.982047e-03
1.393666e-03,-5.515592e+00,5.195574e+00,1.779700e+01,4.094178e+00,-1.646415e+01,-4.673851e+00,5.323459e+00,-3.271444e+00,-6.594290e+00,5.632983e+00,5.474144e+00,3.547638e+00,3.777577e-02,0,5.290114e-01,-7.989246e-06,-4.994782e-01,9.037719e-02,6.013163e-01,-1.323028e-02,3.176042e-01,5.222070e-01,-1.862182e+00,5.224713e-01,8.486528e-01,-9.460623e-01,1.043343e-01,-6.137757e-01,1.511034e-04,0,-3.576571e-03
1.386464e-03,-6.333288e+00,5.324295e+00,1.867504e+01,3.688284e+00,-1.568683e+01,-4.148855e+00,2.712354e+00,-2.998339e+00,-5.069680e+00,4.749299e+00,6.096775e+00,2.288121e+00,3.868238e-02,0,5.178772e-01,1.040667e-05,-4.897949e-01,2.376628e-02,5.748566e-01,3.523562e-01,2.404404e-03,5.677348e-01,-1.526873e+00,3.760016e-01,1.084711e+00,-8.387108e-01,7.570653e-02,-1.066977e+00,6.950743e-04,0,-1.498812e-03
1.441820e-03,-6.788284e+00,5.049428e+00,1.880689e+01,5.187645e+00,-1.638228e+01,-3.243299e+00,1.056750e+00,-2.591678e+00,-3.563736e+00,4.043193e+00,6.132527e+00,8.331993e-01,3.928680e-02,0,5.300558e-01,7.836730e-06,-2.819940e-01,-7.563062e-02,2.352556e-01,5.550565e-01,-8.057299e-02,3.768948e-01,-5.509154e-01,3.926005e-01,7.954998e-01,-4.478728e-01,-2.302745e-01,-1.227386e+00,1.027501e-03,0,-4.483938e-04
1.436491e-03,-6.739134e+00,5.016215e+00,1.914102e+01,5.783077e+00,-1.669857e+01,-3.470466e+00,1.933153e+00,-1.980707e+00,-3.197447e+00,3.488813e+00,5.158199e+00,-5.132686e-01,4.110003e-02,0,5.228455e-01,-1.100568e-05,-1.737017e-01,5.598974e-03,1.018196e-01,3.036240e-01,1.185253e-01,1.512543e-01,3.635557e-01,7.089518e-01,1.518755e-01,-9.648848e-02,-3.522291e-01,-1.194759e+00,6.044123e-04,0,-3.594160e-05
1.407836e-03,-6.722639e+00,4.971460e+00,1.874029e+01,5.822063e+00,-1.636114e+01,-3.128571e+00,2.958482e+00,-1.817258e+00,-3.552907e+00,4.023861e+00,4.792059e+00,-1.188595e+00,4.170445e-02,0,5.242853e-01,-2.534202e-05,-2.129751e-01,-3.159075e-02,5.718937e-02,-1.653446e-01,4.839627e-01,3.973794e-03,7.522656e-01,1.139004e+00,-4.639053e-01,4.106435e-01,-2.963943e-01,-7.961057e-01,-3.022067e-04,0,-3.703773e-03
1.348427e-03,-7.234619e+00,5.391273e+00,1.921744e+01,4.889194e+00,-1.510477e+01,-3.449947e+00,3.579267e+00,1.592097e-01,-4.315716e+00,4.276522e+00,5.005863e+00,-2.674777e+00,4.049562e-02,0,5.205828e-01,-1.564242e-05,-2.843937e-01,-2.414761e-01,2.484131e-03,-3.265305e-01,4.992978e-01,8.560610e-02,6.890112e-01,1.435886e+00,-8.936526e-01,6.728565e-01,-5.733509e-02,-2.202529e-01,-1.450590e-03,0,-7.688284e-03
1.359142e-03,-7.605417e+00,4.703946e+00,1.905462e+01,4.807863e+00,-1.475937e+01,-3.233689e+00,3.995021e+00,2.033385e+00,-5.324128e+00,5.702557e+00,4.726723e+00,-2.066575e+00,3.807797e-02,0,5.126683e-01,-7.646624e-07,-2.631294e-01,-4.361374e-01,8.193398e-03,-2.788380e-01,3.997307e-01,-6.871283e-02,7.162803e-01,1.389139e+00,-9.337395e-01,4.536870e-01,-6.587543e-02,3.195658e-01,-1.994561e-03,0,-1.736101e-02
1.382626e-03,-7.719714e+00,3.942592e+00,1.899627e+01,4.657525e+00,-1.500297e+01,-2.989877e+00,4.859940e+00,3.273402e+00,-6.780099e+00,6.013748e+00,4.904191e+00,-1.175543e+00,3.566032e-02,0,4.902126e-01,-4.930899e-06,-1.339271e-01,-4.114787e-01,-9.642144e-02,-1.947279e-01,4.488743e-01,4.379749e-03,4.813473e-01,7.622242e-01,-6.731893e-01,-1.350346e-02,5.406637e-02,4.665504e-01,-1.843457e-03,0,-2.606565e-02
1.386913e-03,-7.795738e+00,3.515114e+00,1.889184e+01,4.543708e+00,-1.441339e+01,-3.702171e+00,5.899547e+00,3.571342e+00,-6.989413e+00,5.423683e+00,4.513518e+00,-3.403829e-01,3.414929e-02,0,4.526653e-01,-2.612749e-05,-6.402526e-02,-1.931348e-02,4.362774e-02,-2.542275e-01,7.581999e-01,9.775586e-02,-2.783985e-02,3.376773e-01,-5.027194e-02,-5.491333e-01,9.830861e-02,-2.818685e-01,-4.230890e-04,0,-2.553053e-02
1.309887e-03,-7.809093e+00,3.928296e+00,1.881673e+01,4.047633e+00,-1.303339e+01,-3.193808e+00,5.033740e+00,3.201352e+00,-6.849020e+00,4.348442e+00,5.382797e+00,-1.205121e+00,3.324267e-02,0,4.202560e-01,-4.771276e-05,-2.643719e-02,4.920147e-01,1.450819e-01,-3.810274e-01,7.010142e-01,4.100533e-01,-2.447912e-01,-1.301659e-01,-5.618348e-02,-7.664114e-01,9.092055e-02,-5.987757e-01,8.461766e-04,0,-1.115154e-02
1.264874e-03,-7.880854e+00,4.614526e+00,1.936253e+01,3.841672e+00,-1.195316e+01,-2.642944e+00,3.768922e+00,3.757796e+00,-5.541027e+00,3.789543e+00,4.978963e+00,-3.461129e+00,3.717135e-02,0,4.199939e-01,-5.373422e-05,-7.173300e-03,7.119185e-01,-1.755980e-01,-4.651186e-01,4.625085e-01,6.453122e-01,-2.262309e-01,-4.615346e-01,-3.985229e-01,-4.367867e-01,7.572427e-02,-7.672837e-01,1.843458e-03,0,1.078741e-02
1.205082e-03,-7.809342e+00,5.852959e+00,1.948633e+01,3.103406e+00,-1.272801e+01,-1.469224e+00,4.701296e+00,2.529346e+00,-7.785210e+00,2.998761e+00,5.126071e+00,-2.609049e+00,3.838018e-02,0,4.507906e-01,-3.285422e-05,6.790690e-02,7.185458e-01,-4.586104e-01,-4.334199e-01,1.038981e-01,5.664859e-01,1.710637e-01,-5.972142e-01,-1.007280e+00,-8.623090e-02,-2.427592e-01,-5.375500e-01,6.648537e-04,0,2.573808e-02
1.170645e-03,-7.831481e+00,6.112375e+00,1.767905e+01,2.690229e+00,-1.225353e+01,-1.337902e+00,4.934615e+00,1.599672e+00,-8.513932e+00,3.914590e+00,5.020502e+00,-3.474837e+00,4.079783e-02,0,4.913351e-01,-3.040556e-05,1.566713e-01,5.620657e-01,-1.202168e+00,-3.595507e-01,6.179951e-01,2.580331e-01,7.496838e-02,-7.477406e-01,-9.538046e-01,1.753460e-01,-1.629810e-01,-1.928703e-01,-1.148383e-03,0,2.164324e-02
1.192731e-03,-7.494246e+00,6.772100e+00,1.736542e+01,2.456255e+00,-1.236371e+01,-1.013900e+00,5.306212e+00,1.294344e+00,-1.039897e+01,3.854764e+00,4.148232e+00,-3.886017e+00,3.475370e-02,0,5.132759e-01,-2.484017e-05,1.662920e-01,5.020172e-01,-1.264657e+00,-3.805655e-01,1.155203e+00,-1.742956e-01,-4.836720e-01,-3.652361e-01,-3.296200e-01,1.653593e-02,-8.488502e-02,5.293515e-02,-2.629194e-03,0,-2.485571e-02
1.119022e-03,-7.255045e+00,6.965284e+00,1.441215e+01,2.367494e+00,-9.045333e+00,-1.580441e+00,3.841306e+00,6.365939e-01,-9.003171e+00,4.238272e+00,4.652978e+00,-3.786997e+00,3.324267e-02,0,4.969674e-01,-3.152517e-05,1.877546e-01,6.187419e-01,-1.178832e+00,-3.734170e-01,1.559454e+00,-3.376864e-01,-9.211041e-01,-1.849495e-01,1.969778e-01,-6.793209e-01,3.184073e-01,8.957855e-01,-1.541252e-03,0,-5.060389e-02
1.106693e-03,-7.266099e+00,7.936591e+00,1.479650e+01,1.361946e+00,-8.556098e+00,-2.219432e+00,2.829591e+00,1.184704e+00,-9.188690e+00,2.919600e+00,4.885408e+00,-2.188293e+00,2.901179e-02,0,3.236959e-01,-4.421228e-05,2.967267e-02,5.120786e-01,-1.206463e+00,-1.936175e-01,1.423856e+00,-2.810992e-01,-1.455469e+00,-3.299212e-01,1.130933e+00,-5.215967e-01,3.739685e-01,1.293714e+00,1.118163e-03,0,-8.263387e-02
1.056038e-03,-7.006781e+00,8.623839e+00,1.306935e+01,1.370298e+00,-6.360068e+00,-2.423568e+00,1.567404e+00,7.297440e-01,-8.134182e+00,9.855677e-01,6.243950e+00,1.552283e-01,3.596253e-02,0,3.331057e-01,-3.180297e-05,5.980563e-02,4.873005e-01,-8.554884e-01,2.128199e-01,4.613474e-01,-2.196832e-01,-1.436028e+00,-6.630281e-01,2.210406e+00,1.612910e-01,-3.656011e-02,7.741731e-01,2.568752e-03,0,-4.208867e-02
1.003161e-03,-7.470015e+00,8.503216e+00,1.200450e+01,1.986765e+00,-6.587064e+00,-1.997832e+00,-8.341832e-01,-4.018375e-01,-5.178799e+00,2.873132e+00,5.222588e+00,6.114417e-01,3.898459e-02,0,1.820374e-01,-1.663391e-05,7.933374e-02,-1.731203e-01,-7.553439e-01,2.646587e-01,-6.446894e-01,-5.081158e-02,-8.914858e-01,-5.295475e-01,3.273947e+00,7.387253e-01,-5.529447e-01,-1.994047e-01,2.508312e-03,0,3.459814e-03
1.011772e-03,-6.854060e+00,9.118474e+00,1.153071e+01,3.119183e+00,-7.723113e+00,-2.789657e+00,-1.506949e+00,-1.885276e+00,4.391098e-02,5.067961e+00,4.301588e+00,-1.315999e+00,4.110003e-02,0,3.573533e-01,1.511052e-05,1.425991e-01,-8.088146e-01,3.286743e-03,-2.416575e-01,-2.021270e+00,7.303308e-02,3.473743e-01,4.194980e-01,2.716514e+00,5.392121e-01,-8.717667e-01,-9.786674e-01,1.269266e-03,0,4.612081e-02
1.045656e-03,-6.945791e+00,6.823672e+00,1.178910e+01,1.810797e+00,-1.109802e+01,-2.290445e+00,-9.066153e-02,-1.555236e-01,3.091997e+00,4.572030e+00,3.091866e+00,-2.449703e+00,3.898459e-02,0,3.288711e-01,2.761676e-05,3.711038e-02,-1.223798e+00,2.776985e-01,-8.173288e-01,-2.054390e+00,6.166440e-01,2.103971e+00,1.541171e+00,9.956363e-01,-7.116604e-01,-1.142476e+00,-4.869592e-01,4.230887e-04,0,3.988188e-02
1.110343e-03,-6.555897e+00,5.419538e+00,1.319349e+01,2.499949e-01,-1.421094e+01,-1.912096e+00,2.932515e+00,2.704077e+00,1.312990e+00,2.832180e+00,2.950478e+00,-3.207536e+00,4.230886e-02,0,4.902929e-01,3.067616e-05,-1.589165e-01,-1.161981e+00,3.759272e-01,-9.615486e-01,-1.722374e+00,8.034466e-01,2.863721e+00,1.692649e+00,-8.779860e-01,-1.205943e+00,-1.244620e+00,2.060366e-01,-1.057721e-03,0,-7.787648e-03
1.091960e-03,-7.433544e+00,4.233695e+00,1.256160e+01,-6.652843e-01,-1.361510e+01,6.466072e-01,7.465940e+00,5.009340e+00,-8.351564e-01,4.327210e-01,1.857650e-01,-8.775857e-01,4.049562e-02,0,3.149770e-01,1.532569e-05,-2.291439e-01,-5.411984e-01,-8.257427e-02,-2.917206e-01,-6.959135e-01,2.931674e-01,2.124933e+00,2.762250e-01,-1.410153e+00,-3.803113e-01,-1.053752e+00,3.080200e-01,-1.873679e-03,0,-1.669172e-02
1.142001e-03,-7.404766e+00,4.603556e+00,1.302409e+01,-4.505191e-01,-1.507645e+01,-2.409504e-01,9.033356e+00,3.995540e+00,-2.382442e+00,1.107898e+00,-4.684620e-01,-1.071874e+00,3.505591e-02,0,3.253621e-01,-3.988389e-07,-2.707472e-02,-2.611706e-01,-5.677217e-01,2.104749e-01,-2.781242e-01,-4.437211e-01,5.714804e-01,-1.004407e+00,-9.761848e-01,5.731481e-01,-3.753350e-01,-9.036963e-02,-2.296767e-03,0,-3.119290e-02
1.106455e-03,-7.667076e+00,4.525671e+00,1.146093e+01,7.024510e-01,-1.414484e+01,-1.660181e+00,7.483583e+00,5.798702e-01,-2.111050e+00,3.532614e+00,-4.674236e-01,-1.977434e+00,3.324267e-02,0,3.278779e-01,-3.285985e-05,1.140614e-01,1.697508e-01,-9.085631e-01,5.679812e-01,4.042775e-01,-1.067069e+00,-8.700455e-01,-1.584479e+00,-1.933658e-01,1.301315e+00,6.859612e-01,-2.175654e-01,-7.857360e-04,0,-2.995632e-02
1.101101e-03,-6.574504e+00,3.967697e+00,1.090522e+01,6.185015e-01,-1.533669e+01,-2.977307e+00,5.781096e+00,-1.032225e-01,-2.929988e+00,4.147974e+00,1.400397e+00,-3.109460e+00,3.445150e-02,0,3.278779e-01,-5.558716e-05,-3.388996e-02,5.870994e-01,-7.765368e-01,9.284787e-01,1.577005e+00,-7.156395e-01,-9.909651e-01,-9.161054e-01,8.799256e-02,8.506560e-01,1.218350e+00,5.987592e-01,2.417646e-04,0,-8.146646e-02
9.481104e-04,-7.278368e+00,5.400378e+00,9.078225e+00,1.640111e+00,-1.146359e+01,-3.320557e+00,4.741843e+00,-8.636737e-01,-1.528212e+00,5.419260e+00,2.681142e+00,-9.466200e-01,3.686915e-02,0,1.639375e-01,-4.215727e-05,-3.054333e-01,1.010874e+00,2.077255e-01,1.401145e+00,1.991004e+00,-7.003164e-01,-6.781381e-01,-3.966846e-01,-2.442900e-01,2.259258e-01,1.632340e+00,1.320195e+00,4.835300e-04,0,-6.994317e-02
9.432379e-04,-7.768569e+00,7.101700e+00,1.033276e+01,3.723044e+00,-8.532044e+00,-2.988960e+00,5.449400e+00,1.367845e-01,-2.233898e+00,4.417856e+00,4.049007e+00,1.406515e+00,3.445150e-02,0,0,-2.350076e-05,-6.825652e-01,9.043903e-01,4.752731e-01,1.835286e+00,2.055810e+00,-5.173661e-01,-8.895941e-01,-2.981365e-01,-3.105794e-01,-4.201126e-03,8.486305e-01,1.249046e+00,6.044123e-04,0,-3.933904e-02
9.746007e-04,-8.597210e+00,8.013041e+00,1.278578e+01,6.155905e+00,-7.592141e+00,-5.155937e+00,4.258740e+00,-1.523556e+00,-3.680545e+00,4.527302e+00,6.369970e+00,2.365553e+00,3.566032e-02,0,1.421010e-01,6.388943e-06,-3.771328e-01,1.882757e-01,5.219012e-01,1.092619e+00,6.001344e-01,-4.238534e-01,-1.158527e+00,2.113033e-01,-4.206958e-01,-2.404128e-01,-2.369907e-01,1.434326e-03,1.631913e-03,0,9.842793e-03
9.703524e-04,-9.327909e+00,7.183317e+00,1.142780e+01,7.537033e+00,-6.993366e+00,-4.646448e+00,1.574677e+00,-1.263963e+00,-3.406718e+00,4.572947e+00,3.799135e+00,1.479683e+00,3.807797e-02,0,1.421010e-01,-9.276986e-06,-2.469276e-01,-3.401921e-01,-5.555533e-01,1.122086e-01,2.815814e-02,3.652413e-01,-1.273624e+00,5.198420e-01,1.202950e-01,2.588462e-01,-1.004809e+00,-7.620950e-01,4.442430e-03,0,0
9.664979e-04,-8.384362e+00,6.300948e+00,1.114021e+01,5.196213e+00,-9.232257e+00,-4.611080e+00,8.865674e-01,8.932169e-01,-3.045281e+00,4.139650e+00,1.621124e+00,-9.760324e-01,4.321547e-02,0,1.421010e-01,-2.132216e-05,-9.039621e-02,-2.272320e-01,-1.068107e+00,-6.273665e-01,4.096136e-02,1.308071e+00,-5.958481e-01,6.007973e-01,4.508991e-01,4.705207e-01,-1.075311e+00,-1.099312e+00,7.887578e-03,0,-4.263030e-02
9.009044e-04,-9.109632e+00,6.256786e+00,8.377778e+00,4.763933e+00,-7.571196e+00,-1.435182e+00,7.673669e-01,1.527608e+00,-1.950055e+00,5.905913e+00,1.399387e+00,-7.331675e-01,5.288607e-02,0,0,-1.978106e-05,3.354359e-02,3.152090e-01,-7.133530e-01,-3.815175e-01,4.816155e-01,1.376465e+00,1.257930e-01,-4.709790e-01,3.427687e-01,8.496693e-01,-1.622800e-01,-6.682337e-01,1.181626e-02,0,-4.263030e-02
9.027139e-04,-9.158330e+00,7.340147e+00,8.970263e+00,4.405622e+00,-7.098419e+00,-2.212170e-01,1.683154e+00,8.464440e-02,-2.154382e+00,6.213423e+00,2.193287e+00,-2.024580e+00,6.769416e-02,0,0,-2.538517e-06,2.771470e-01,6.271925e-01,-1.572235e-01,2.146896e-01,8.009312e-01,7.701516e-01,1.973181e-01,-1.504832e+00,1.563579e-01,9.369623e-01,-6.347995e-02,-3.864997e-01,1.390148e-02,0,-2.842020e-02
9.033391e-04,-8.773208e+00,8.239762e+00,8.946010e+00,6.024741e+00,-5.652208e+00,4.094617e-02,1.805348e+00,-3.214572e+00,-2.138324e+00,7.784407e+00,2.701654e+00,-1.337212e+00,8.491992e-02,0,0,2.268095e-05,9.441913e-01,5.775838e-01,7.990600e-01,3.439666e-01,2.171547e-01,-4.333351e-01,1.555138e-01,-1.652103e+00,-3.087669e-01,8.039579e-01,-3.062587e-01,-3.064422e-01,1.299486e-02,0,0
9.525879e-04,-7.166839e+00,8.445422e+00,1.006997e+01,5.639257e+00,-6.187095e+00,-1.498386e+00,1.354167e+00,-4.259853e+00,-2.169357e+00,7.885214e+00,6.525912e-01,-2.606509e+00,9.670595e-02,0,0,2.593495e-05,1.093661e+00,2.856148e-01,8.583130e-01,2.764861e-01,-9.742069e-02,-8.488331e-01,-4.336798e-03,-1.063669e+00,-4.012117e-01,7.058167e-01,-5.172904e-01,-5.368705e-02,8.975523e-03,0,0
9.893721e-04,-5.384420e+00,8.592068e+00,1.182322e+01,5.866949e+00,-6.941084e+00,-2.963273e+00,1.709429e+00,-4.560658e+00,-3.486402e+00,9.089807e+00,6.384414e-01,-1.974414e+00,1.033545e-01,0,0,2.088503e-05,8.559994e-01,8.512564e-02,7.507672e-01,-8.789253e-03,-3.331742e-01,-7.473325e-01,1.634250e-02,-2.992975e-01,-4.013199e-01,3.815391e-01,-4.140574e-01,-6.423105e-02,4.351768e-03,0,0
