pcm_RMSenergy_sma,pcm_fftMag_mfcc_sma[1],pcm_fftMag_mfcc_sma[2],pcm_fftMag_mfcc_sma[3],pcm_fftMag_mfcc_sma[4],pcm_fftMag_mfcc_sma[5],pcm_fftMag_mfcc_sma[6],pcm_fftMag_mfcc_sma[7],pcm_fftMag_mfcc_sma[8],pcm_fftMag_mfcc_sma[9],pcm_fftMag_mfcc_sma[10],pcm_fftMag_mfcc_sma[11],pcm_fftMag_mfcc_sma[12],pcm_zcr_sma,F0final_sma,voicingFinalUnclipped_sma,pcm_RMSenergy_sma_de,pcm_fftMag_mfcc_sma_de[1],pcm_fftMag_mfcc_sma_de[2],pcm_fftMag_mfcc_sma_de[3],pcm_fftMag_mfcc_sma_de[4],pcm_fftMag_mfcc_sma_de[5],pcm_fftMag_mfcc_sma_de[6],pcm_fftMag_mfcc_sma_de[7],pcm_fftMag_mfcc_sma_de[8],pcm_fftMag_mfcc_sma_de[9],pcm_fftMag_mfcc_sma_de[10],pcm_fftMag_mfcc_sma_de[11],pcm_fftMag_mfcc_sma_de[12],pcm_zcr_sma_de,F0final_sma_de,voicingFinalUnclipped_sma_de
3.253399e-03,-1.275280e+01,2.083861e+00,9.105453e+00,1.414463e+01,-4.679253e+00,-1.626235e+01,1.041070e+01,3.180553e+00,-4.293396e+00,2.634052e+00,8.772510e+00,5.969219e+00,5.893019e-02,0,5.570962e-01,1.446029e-04,2.346134e+00,-1.036147e+00,-2.094198e+00,-7.819986e-02,-2.749597e-01,-1.087390e+00,-1.278315e+00,4.131185e-01,7.243602e-01,-1.007053e+00,-1.250794e+00,-6.972787e-01,-3.898458e-03,0,-5.417794e-03
3.292168e-03,-8.316546e+00,4.317586e-01,5.537936e+00,1.354659e+01,-4.941428e+00,-1.840053e+01,8.602834e+00,4.425254e+00,-3.133555e+00,3.666157e-01,6.176824e+00,4.590110e+00,5.258386e-02,0,5.406222e-01,3.736774e-04,3.395901e+00,-1.878979e+00,-3.390348e+00,2.111413e-01,-7.654976e-01,-1.454380e+00,-2.964676e+00,2.692050e-01,1.606567e+00,-1.246305e+00,-1.536484e+00,-7.265540e-01,-7.071622e-03,0,4.675126e-03
3.957029e-03,-3.240257e+00,-2.270825e+00,4.182215e-01,1.405266e+01,-5.922964e+00,-2.063021e+01,4.923063e+00,4.623795e+00,-1.251515e+00,-1.267497e+00,3.816384e+00,3.172379e+00,4.261106e-02,0,5.382442e-01,5.661341e-04,3.468960e+00,-2.248111e+00,-4.191843e+00,3.048875e-01,-1.208179e+00,-9.245638e-01,-4.359785e+00,-3.380989e-01,2.438758e+00,-8.880453e-01,-1.357136e+00,-5.084302e-01,-9.156844e-03,0,1.824434e-02
4.769971e-03,-5.295668e-01,-5.133690e+00,-3.502669e+00,1.524633e+01,-7.884886e+00,-2.135032e+01,-1.668860e+00,3.804957e+00,2.218498e+00,-1.646700e+00,3.568153e+00,3.734868e+00,3.173164e-02,0,5.898978e-01,6.025346e-04,2.011851e+00,-1.801000e+00,-3.800846e+00,-6.674784e-01,-1.208750e+00,1.419086e-01,-4.689064e+00,-7.341706e-01,2.542747e+00,4.213629e-02,-7.877319e-01,-5.709141e-01,-8.129344e-03,0,2.507946e-02
5.345168e-03,6.985109e-01,-6.373969e+00,-7.333457e+00,1.481920e+01,-9.248422e+00,-1.941027e+01,-6.252377e+00,1.800207e+00,5.224367e+00,-7.995175e-01,3.291166e+00,3.854689e+00,2.357208e-02,0,6.236801e-01,4.987060e-04,5.106214e-01,-8.885325e-01,-3.136254e+00,-2.791734e+00,-6.555436e-01,1.487679e+00,-3.339495e+00,-7.568997e-01,1.467083e+00,4.799613e-01,-3.143235e-01,-5.161514e-01,-4.593533e-03,0,2.131654e-02
5.610771e-03,-2.266745e-01,-6.521671e+00,-9.590455e+00,9.825928e+00,-9.322452e+00,-1.830095e+01,-9.254767e+00,2.166195e+00,6.342238e+00,3.433073e-01,2.500773e+00,1.394385e+00,2.145663e-02,0,6.233016e-01,3.322762e-04,-3.559020e-01,-2.510628e-01,-2.401971e+00,-4.114792e+00,-3.394794e-03,2.004026e+00,-1.249342e+00,-3.819307e-01,-4.071541e-01,5.403895e-01,-3.258920e-03,-7.482535e-01,-6.648542e-04,0,1.018484e-02
6.030159e-03,-8.385959e-01,-6.019497e+00,-1.221916e+01,2.804186e+00,-8.481899e+00,-1.471649e+01,-7.981460e+00,1.658677e+00,4.022030e+00,1.373057e-01,2.778456e+00,1.761864e+00,2.478090e-02,0,6.281250e-01,1.391959e-04,-2.245320e-01,-7.351766e-02,-1.648108e+00,-3.021252e+00,2.595468e-01,1.798806e+00,5.095119e-01,-7.567350e-02,-1.480073e+00,4.779522e-01,4.834095e-01,-3.737912e-01,1.964339e-03,0,9.802341e-03
6.088857e-03,-1.540524e+00,-6.566240e+00,-1.306967e+01,6.798785e-01,-8.285121e+00,-1.367708e+01,-7.051029e+00,1.966069e+00,7.838959e-01,5.868362e-01,3.808213e+00,1.040014e+00,2.780296e-02,0,6.385996e-01,-7.510278e-05,4.990762e-01,-3.004112e-01,-8.247897e-01,2.430782e-01,4.979973e-02,8.852687e-01,1.050147e+00,-4.190056e-02,-9.680886e-01,9.373520e-01,5.257974e-01,-1.351733e-01,2.417649e-03,0,1.274384e-02
5.802105e-03,2.327755e-01,-6.719273e+00,-1.383438e+01,4.285970e+00,-8.469353e+00,-1.272818e+01,-4.806686e+00,1.521903e+00,6.031706e-01,1.468479e+00,5.054493e+00,2.162919e+00,3.022061e-02,0,6.650428e-01,-2.540224e-04,1.042557e+00,-4.175181e-01,8.511505e-02,2.982199e+00,-2.735998e-01,-1.917470e-01,8.309795e-01,-3.302276e-03,6.226115e-01,1.411829e+00,-4.816055e-06,-3.744060e-01,2.115443e-03,0,8.240854e-03
5.349285e-03,1.733021e+00,-7.673840e+00,-1.290679e+01,1.030043e+01,-9.079726e+00,-1.486877e+01,-5.591419e+00,2.025079e+00,3.211224e+00,4.364480e+00,3.991742e+00,5.179910e-01,3.082502e-02,0,6.685619e-01,-3.193485e-04,1.134551e+00,-3.120186e-01,8.525307e-01,3.383327e+00,-2.966027e-01,-4.714997e-01,3.533987e-01,-5.861817e-02,1.728100e+00,1.053193e+00,-8.679020e-01,-1.861798e-01,1.208824e-03,0,-8.415162e-04
5.129833e-03,2.737416e+00,-7.553288e+00,-1.187502e+01,1.290491e+01,-9.452596e+00,-1.507938e+01,-4.556367e+00,1.612661e+00,5.921423e+00,5.307628e+00,2.686667e+00,1.508450e-01,3.384708e-02,0,6.543481e-01,-3.711630e-04,5.776343e-01,2.469630e-02,1.659403e+00,2.291604e+00,3.977881e-01,-4.384794e-01,-2.286330e-01,-2.437398e-02,1.854894e+00,-4.303779e-02,-1.418441e+00,1.921370e-01,-6.044125e-04,0,-1.177205e-02
4.828251e-03,2.879910e+00,-7.709325e+00,-9.786702e+00,1.328704e+01,-9.276513e+00,-1.485898e+01,-5.409195e+00,1.627599e+00,6.765269e+00,3.933227e+00,6.526161e-01,1.115151e+00,3.203385e-02,0,6.397393e-01,-4.780479e-04,9.476197e-02,5.948815e-01,2.030509e+00,9.865541e-01,1.178486e+00,-3.897724e-02,-5.205032e-01,1.830911e-01,1.214683e+00,-8.849028e-01,-9.812753e-01,9.838442e-01,-2.719855e-03,0,-1.844231e-02
4.206807e-03,2.547502e+00,-6.578048e+00,-7.097412e+00,1.425068e+01,-6.382019e+00,-1.492547e+01,-6.040964e+00,1.598773e+00,8.100617e+00,1.468917e+00,-3.681488e-01,2.825023e+00,2.659414e-02,0,6.205938e-01,-6.046818e-04,-2.229424e-01,9.573568e-01,1.963771e+00,5.537664e-01,1.626081e+00,7.614479e-02,-8.054850e-01,2.785574e-01,6.094970e-01,-4.826991e-01,-3.724908e-01,1.286088e+00,-3.898458e-03,0,-2.166539e-02
3.420558e-03,2.301787e+00,-5.187052e+00,-5.143047e+00,1.456031e+01,-4.722585e+00,-1.514061e+01,-7.451637e+00,2.947479e+00,8.195043e+00,1.859321e+00,6.127737e-01,4.100123e+00,2.085222e-02,0,5.932274e-01,-5.030151e-04,-2.140924e-01,9.130077e-01,1.110582e+00,6.104677e-01,1.368253e+00,3.906145e-02,-2.068352e-01,3.252293e-01,4.846878e-02,3.633567e-01,4.010617e-01,9.255427e-01,-2.417649e-03,0,-1.969448e-02
2.810270e-03,1.911766e+00,-4.027640e+00,-4.377996e+00,1.503710e+01,-3.599156e+00,-1.455784e+01,-7.562571e+00,2.345508e+00,8.254022e+00,3.931085e+00,8.441349e-01,5.088799e+00,1.994560e-02,0,5.692771e-01,-1.884010e-04,-9.355979e-02,4.492462e-01,1.337223e-01,7.657403e-01,9.072465e-01,5.938148e-02,5.017014e-01,1.803028e-01,-4.561433e-01,2.599785e-01,8.598987e-02,2.896711e-01,3.022058e-04,0,-1.070974e-02
3.011443e-03,2.127316e+00,-4.419491e+00,-5.593500e+00,1.594617e+01,-3.826678e+00,-1.484748e+01,-5.682567e+00,2.880378e+00,6.930911e+00,4.518927e+00,2.051783e+00,4.610977e+00,2.326987e-02,0,5.669253e-01,6.297002e-05,1.338156e-01,1.943917e-01,-3.053614e-01,7.037301e-01,7.214741e-01,-2.233092e-01,6.128637e-01,1.316962e-01,-4.835511e-01,-4.537906e-01,-6.122915e-01,-3.147951e-01,1.903898e-03,0,1.055813e-03
3.469359e-03,2.166939e+00,-4.715598e+00,-6.203575e+00,1.738645e+01,-2.293740e+00,-1.477513e+01,-4.416992e+00,2.533837e+00,6.451967e+00,1.439007e+00,-6.577041e-01,4.017952e+00,2.689634e-02,0,5.801962e-01,8.242275e-06,2.622307e-01,4.915132e-01,5.496030e-02,3.453951e-02,2.506237e-01,-3.294200e-01,3.441116e-01,1.052021e-01,-1.479047e-01,-5.266874e-01,-1.105394e+00,-5.505440e-01,1.511030e-03,0,7.687277e-03
3.405863e-03,2.843279e+00,-3.871114e+00,-5.757065e+00,1.690429e+01,-1.767923e+00,-1.614851e+01,-5.960108e+00,3.511795e+00,6.678315e+00,8.364077e-01,-1.697764e+00,3.061571e+00,2.689634e-02,0,5.930470e-01,-2.969445e-04,1.877820e-01,1.213576e+00,8.600661e-01,-7.938766e-01,-3.511663e-01,-1.610637e-01,-3.083801e-02,1.587062e-01,1.837509e-01,2.408534e-01,-1.383792e+00,-6.748326e-01,-2.417648e-04,0,6.937557e-03
2.654271e-03,2.864938e+00,-1.844262e+00,-4.021412e+00,1.473074e+01,-3.375415e+00,-1.555443e+01,-5.703243e+00,2.555810e+00,7.640796e+00,3.138908e+00,-2.808063e+00,3.110782e+00,2.568752e-02,0,5.946527e-01,-5.103513e-04,-7.708399e-02,1.635439e+00,1.379118e+00,-1.165725e+00,-8.252220e-01,4.014834e-01,1.229934e-01,3.579786e-01,1.358024e-01,4.858543e-01,-1.232326e+00,-7.221496e-01,-1.571471e-03,0,3.515399e-03
1.934265e-03,2.717227e+00,2.127227e-01,-2.384251e+00,1.330464e+01,-5.041672e+00,-1.526315e+01,-5.193632e+00,3.662923e+00,7.255250e+00,4.873243e+00,-3.791999e+00,1.690399e+00,2.266546e-02,0,5.943848e-01,-4.687601e-04,-3.471836e-01,1.614457e+00,1.441999e+00,-6.492230e-01,-6.269363e-01,9.494575e-01,-9.022856e-03,5.028576e-01,1.634707e-01,-3.680537e-01,-1.060343e+00,-7.361094e-01,-2.206104e-03,0,3.057891e-03
1.653402e-03,1.844545e+00,1.419677e+00,-9.943919e-01,1.335765e+01,-4.782975e+00,-1.321039e+01,-4.185263e+00,4.248167e+00,6.842511e+00,1.849861e+00,-5.772218e+00,1.092790e+00,2.115443e-02,0,5.971043e-01,-2.707494e-04,-3.821195e-01,1.276189e+00,1.031548e+00,-1.954573e-01,3.252749e-01,8.397655e-01,-7.106468e-01,7.585217e-01,5.914431e-02,-7.510539e-01,-1.413857e-01,-5.948292e-01,-2.326987e-03,0,6.367713e-03
1.562497e-03,1.617557e+00,2.569203e+00,-6.058071e-02,1.434472e+01,-4.198824e+00,-1.257324e+01,-6.764212e+00,5.179904e+00,7.894811e+00,-3.593373e-01,-5.517402e+00,3.900200e-01,1.813237e-02,0,6.071106e-01,-1.169049e-04,-2.592876e-01,8.067068e-01,5.003628e-01,-2.190198e-01,9.535590e-01,5.886866e-01,-7.948486e-01,4.848066e-01,2.406805e-01,-1.102708e-01,1.093706e+00,-2.681589e-01,-2.357208e-03,0,7.809055e-03
1.486408e-03,1.504175e+00,3.358442e+00,-2.550820e-02,1.323342e+01,-2.170464e+00,-1.270055e+01,-8.471187e+00,5.589928e+00,7.616737e+00,1.999928e+00,-2.652289e+00,7.868256e-01,1.631913e-02,0,6.201283e-01,-5.929199e-05,-7.197049e-02,3.719984e-01,7.218752e-02,-4.846596e-01,1.200659e+00,2.759703e-01,-3.642921e-01,2.199614e-01,6.666074e-02,1.164204e+00,1.603027e+00,-3.158889e-01,-2.598973e-03,0,5.219495e-03
1.433237e-03,1.590974e+00,3.276875e+00,-3.668785e-01,1.227166e+01,-1.580132e+00,-1.257464e+01,-7.024912e+00,5.416075e+00,8.071540e+00,4.246855e+00,1.165648e-01,5.025865e-01,1.329707e-02,0,6.219181e-01,-3.532128e-05,-9.149553e-02,-4.570668e-02,7.786752e-02,-1.903590e-01,1.055619e+00,3.409334e-01,5.748340e-01,-2.185570e-01,-4.247751e-02,1.213271e+00,7.094392e-01,-5.054229e-01,-2.629193e-03,0,-1.781696e-03
1.421572e-03,1.497984e+00,2.925833e+00,-4.803054e-01,1.197088e+01,-8.902528e-02,-1.182984e+01,-5.876373e+00,5.229888e+00,7.087450e+00,5.367786e+00,-5.740671e-01,-5.429377e-01,1.057721e-02,0,6.157980e-01,-2.508098e-05,-1.681959e-01,-2.127279e-01,3.154724e-01,4.429010e-01,5.885173e-01,4.634852e-01,8.331650e-01,-2.819822e-01,1.681452e-02,4.695857e-01,-6.689183e-01,-8.867100e-01,-2.478090e-03,0,-7.904398e-03
1.418309e-03,1.163175e+00,2.556974e+00,5.561554e-01,1.402419e+01,3.855212e-02,-1.130393e+01,-5.187449e+00,4.267139e+00,7.947067e+00,4.023091e+00,-3.009317e+00,-1.472213e+00,7.857359e-03,0,6.003673e-01,-4.073609e-05,-3.700915e-01,-1.241690e-01,3.997944e-01,5.607346e-01,1.739406e-01,6.376316e-01,7.086074e-01,-2.327585e-02,7.059745e-02,1.415697e-01,-1.258426e+00,-7.536953e-01,-1.239045e-03,0,-9.193808e-03
1.368467e-03,8.770947e-01,2.654752e+00,1.090337e+00,1.457165e+01,-3.721982e-02,-1.101848e+01,-5.224093e+00,4.754485e+00,7.763046e+00,4.459739e+00,-4.433939e+00,-2.659324e+00,6.648534e-03,0,5.913817e-01,-6.435080e-05,-4.642254e-01,6.582966e-02,-1.919389e-02,-7.284556e-02,-1.313598e-01,7.491573e-01,8.196844e-01,7.800531e-02,-1.503820e-02,2.683744e-02,-6.359274e-01,-2.158455e-01,8.461770e-04,0,-7.211196e-03
1.256110e-03,5.096078e-02,2.791569e+00,8.467724e-01,1.377494e+01,-7.363322e-01,-9.792160e+00,-3.808015e+00,5.537398e+00,8.086729e+00,5.408727e+00,-4.245628e+00,-2.207696e+00,9.066183e-03,0,5.881572e-01,1.563744e-05,-6.412486e-01,1.747527e-01,-9.636318e-01,-2.013950e-01,-6.930339e-01,8.701134e-02,1.753004e+00,-2.980792e-01,-1.068359e+00,1.668606e-02,8.739413e-01,3.766972e-01,4.019341e-03,0,-6.262672e-03
1.180918e-03,-2.670356e-01,3.137683e+00,-7.215834e-01,1.173128e+01,-3.583823e-01,-8.839942e+00,-2.467668e+00,4.984786e+00,6.942428e+00,4.809155e+00,-3.135549e+00,-1.254424e+00,1.420369e-02,0,5.858471e-01,3.321238e-04,-7.693496e-01,2.354656e-01,-1.756891e+00,9.319733e-01,-1.837105e+00,-1.427002e+00,3.222291e+00,-1.325218e+00,-2.440070e+00,-1.038724e+00,1.970684e+00,5.104238e-01,6.225446e-03,0,-7.470733e-03
1.590271e-03,-1.471002e+00,3.189272e+00,-3.356044e+00,1.443741e+01,-3.266036e+00,-1.195815e+01,2.199360e+00,2.661593e+00,3.015582e+00,3.931813e+00,7.111937e-01,-2.911777e-01,2.417649e-02,0,5.718213e-01,7.850419e-04,-6.729670e-01,2.458476e-01,-2.005683e+00,2.604695e+00,-3.546096e+00,-3.221173e+00,4.425716e+00,-2.534424e+00,-3.678918e+00,-1.810788e+00,2.506384e+00,-6.011207e-02,5.772137e-03,0,-5.728680e-03
2.862006e-03,-2.208672e+00,3.633229e+00,-5.592711e+00,1.890029e+01,-7.957895e+00,-1.707050e+01,7.883673e+00,-4.337052e-01,-1.901730e+00,4.574617e-03,2.941071e+00,-1.065464e+00,3.022061e-02,0,5.621960e-01,1.104712e-03,-2.164647e-01,1.718648e-01,-1.340843e+00,3.155013e+00,-4.844741e+00,-3.613174e+00,4.184743e+00,-3.011358e+00,-4.007915e+00,-1.607241e+00,2.107971e+00,-8.164657e-01,2.810517e-03,0,3.555500e-03
4.340775e-03,-2.343056e+00,3.773034e+00,-6.746081e+00,2.321391e+01,-1.466706e+01,-2.178275e+01,1.314490e+01,-4.425478e+00,-5.885780e+00,-1.242925e+00,5.247983e+00,-2.602736e+00,2.991840e-02,0,5.713393e-01,9.828716e-04,5.285056e-01,-5.090213e-02,-1.478841e-01,1.878701e+00,-4.676248e+00,-2.303024e+00,2.259704e+00,-2.656499e+00,-3.193825e+00,-5.383642e-01,1.111239e+00,-1.161771e+00,-3.626477e-04,0,1.599602e-02
5.329226e-03,-9.133322e-01,3.705126e+00,-5.730782e+00,2.311809e+01,-1.888158e+01,-2.199352e+01,1.298328e+01,-6.528471e+00,-8.646462e+00,-6.396799e-01,5.135912e+00,-4.180973e+00,2.538531e-02,0,6.038656e-01,4.858268e-04,9.050459e-01,-3.690289e-01,9.912336e-01,-2.122517e-01,-3.160255e+00,-5.304409e-01,3.166673e-01,-1.946293e+00,-1.562004e+00,8.512701e-01,2.704147e-01,-1.268549e+00,-1.420370e-03,0,2.222067e-02
5.271019e-03,5.238555e-01,2.898813e+00,-4.026429e+00,2.172201e+01,-2.118543e+01,-2.101176e+01,1.094808e+01,-7.573520e+00,-9.581178e+00,1.562120e+00,5.169966e+00,-4.542277e+00,2.478090e-02,0,6.309666e-01,-1.617512e-05,6.424562e-01,-2.472717e-01,1.400797e+00,-1.791453e+00,-9.569798e-01,4.584061e-01,-3.927156e-01,-1.345784e+00,2.551654e-01,1.199065e+00,-3.562670e-01,-1.276591e+00,-1.178604e-03,0,1.933894e-02
4.826018e-03,8.831019e-01,2.225195e+00,-1.996369e+00,1.858498e+01,-2.049998e+01,-2.010820e+01,1.056542e+01,-8.591149e+00,-7.864051e+00,2.858403e+00,4.332153e+00,-6.438440e+00,2.568752e-02,0,6.434857e-01,-2.567552e-04,-9.817690e-02,2.665857e-01,1.039171e+00,-2.103581e+00,5.773565e-01,2.960772e-01,4.974688e-01,-1.301140e+00,1.557381e+00,8.501068e-01,-5.634543e-01,-1.274782e+00,-1.057721e-03,0,1.077620e-02
4.511504e-03,-2.899233e-02,3.276641e+00,-1.609305e+00,1.652320e+01,-1.864275e+01,-2.043337e+01,1.239025e+01,-1.012306e+01,-5.001158e+00,3.003358e+00,3.868528e+00,-7.856959e+00,2.387428e-02,0,6.482239e-01,-2.085544e-04,-8.143637e-01,9.677650e-01,4.226348e-01,-1.427506e+00,1.022377e+00,3.201313e-02,1.358682e+00,-1.129540e+00,2.038959e+00,4.366544e-01,-9.916841e-01,-1.229364e+00,-1.722575e-03,0,3.067136e-03
4.425207e-03,-1.127793e+00,4.849140e+00,-1.743487e+00,1.519959e+01,-1.726613e+01,-2.080232e+01,1.474954e+01,-1.175940e+01,-3.149567e+00,2.890235e+00,2.969359e+00,-8.897540e+00,2.055001e-02,0,6.491179e-01,-1.118971e-04,-1.146160e+00,1.294333e+00,7.215287e-02,-3.383387e-01,5.530313e-01,5.212822e-02,1.474695e+00,-6.381943e-01,1.647739e+00,2.485632e-01,-1.279633e+00,-7.013316e-01,-1.601692e-03,0,-1.930416e-03
4.428653e-03,-2.542516e+00,6.425665e+00,-2.039696e+00,1.627718e+01,-1.769047e+01,-2.050463e+01,1.564943e+01,-1.163709e+01,-1.743626e+00,3.729476e+00,8.929418e-01,-9.459548e+00,1.873678e-02,0,6.434862e-01,-7.159579e-05,-1.107197e+00,1.053196e+00,1.929179e-01,2.674476e-01,7.830963e-02,3.400648e-01,9.666814e-01,1.017397e-01,9.197165e-01,3.575836e-01,-1.380017e+00,-3.907710e-01,-6.346328e-04,0,-4.842877e-03
4.307958e-03,-3.590938e+00,7.122347e+00,-1.420409e+00,1.701630e+01,-1.821096e+01,-1.981193e+01,1.630931e+01,-1.102510e+01,-1.254121e+00,3.738160e+00,-5.782186e-01,-9.143804e+00,2.024781e-02,0,6.362025e-01,-7.652798e-05,-8.165992e-01,6.089805e-01,3.297858e-01,2.265921e-01,7.608795e-03,5.578865e-01,2.369666e-01,5.657496e-01,2.186603e-01,4.817875e-01,-9.609038e-01,-1.014996e-01,5.137503e-04,0,-4.361069e-03
4.212149e-03,-4.333403e+00,7.406019e+00,-8.062541e-01,1.695208e+01,-1.777879e+01,-1.922825e+01,1.644377e+01,-9.981510e+00,-1.350299e+00,4.367313e+00,-1.257768e+00,-9.687682e+00,2.085222e-02,0,6.304672e-01,-4.089335e-05,-3.648449e-01,2.217511e-01,3.186372e-01,-2.647747e-01,2.645210e-01,5.110014e-01,-1.731315e-01,4.306685e-01,-4.162043e-01,4.592160e-01,-4.084302e-01,-6.844177e-02,8.461768e-04,0,-1.233828e-03
4.150819e-03,-4.315345e+00,7.403866e+00,-7.112786e-01,1.599509e+01,-1.718393e+01,-1.865108e+01,1.553720e+01,-9.758443e+00,-2.252930e+00,4.980254e+00,-7.598043e-01,-9.290971e+00,2.206104e-02,0,6.338220e-01,3.718427e-05,-2.661419e-02,1.859592e-01,6.006725e-02,-4.749872e-01,4.015907e-01,2.506855e-01,-3.883945e-01,1.763201e-02,-6.889607e-01,4.309421e-01,-1.731051e-01,-1.048975e-01,7.252943e-04,0,2.431524e-03
4.302755e-03,-4.004536e+00,7.393661e+00,-8.010750e-01,1.546391e+01,-1.688138e+01,-1.853005e+01,1.516982e+01,-1.011708e+01,-3.325243e+00,5.404509e+00,-1.058416e+00,-9.728173e+00,2.206104e-02,0,6.385073e-01,1.134262e-04,1.090087e-01,2.957102e-01,-1.645679e-01,-4.286422e-01,1.011135e-01,-5.156994e-02,-2.340133e-01,-3.845394e-01,-7.665374e-01,1.223425e-01,-3.321967e-01,2.398188e-01,4.230885e-04,0,4.037404e-03
4.448576e-03,-3.888442e+00,8.058322e+00,-1.122663e+00,1.538545e+01,-1.665171e+01,-1.890760e+01,1.500431e+01,-1.086916e+01,-3.711452e+00,5.374273e+00,-1.543420e+00,-9.648046e+00,2.326987e-02,0,6.443401e-01,1.315161e-04,7.829666e-04,3.718240e-01,-1.787257e-01,-2.243886e-01,-1.437796e-01,-1.022041e-01,-6.380968e-02,-6.588173e-01,-3.679547e-01,-1.117473e-01,-5.849236e-01,6.236247e-01,3.022067e-05,0,2.613139e-03
4.630401e-03,-4.001811e+00,8.557342e+00,-1.423401e+00,1.511369e+01,-1.753933e+01,-1.935784e+01,1.554015e+01,-1.134885e+01,-4.453724e+00,4.782016e+00,-2.526943e+00,-8.310051e+00,2.236325e-02,0,6.453952e-01,1.007992e-04,-1.486168e-01,1.900473e-01,4.832869e-02,-1.068861e-01,-2.555466e-01,1.481691e-01,-1.463991e-01,-8.030576e-01,-1.743939e-02,2.516479e-02,-5.825254e-01,9.237391e-01,2.417652e-04,0,-6.425261e-04
4.644576e-03,-4.312793e+00,8.681146e+00,-1.293744e+00,1.504826e+01,-1.757385e+01,-1.874821e+01,1.503299e+01,-1.243665e+01,-3.528463e+00,4.732764e+00,-2.950158e+00,-6.881908e+00,2.206104e-02,0,6.434438e-01,7.386748e-05,-2.532831e-01,-1.429586e-01,4.708465e-01,1.964359e-02,-1.406015e-01,4.859428e-01,-2.474144e-01,-7.079788e-01,9.806328e-02,5.506869e-01,-3.652350e-01,6.851211e-01,9.368388e-04,0,-5.184841e-03
4.708752e-03,-4.535445e+00,8.032486e+00,-4.738908e-01,1.509807e+01,-1.769805e+01,-1.786890e+01,1.442349e+01,-1.334863e+01,-3.503935e+00,5.851088e+00,-3.267674e+00,-6.492546e+00,2.387428e-02,0,6.357428e-01,2.086391e-05,-2.797512e-01,-3.398508e-01,7.060441e-01,2.203459e-01,1.387213e-01,4.355425e-01,-2.262446e-01,-3.096706e-01,8.806906e-02,1.231722e+00,-2.921669e-01,-4.976268e-02,2.447869e-03,0,-8.487212e-03
4.778739e-03,-4.888041e+00,7.605957e+00,7.568145e-01,1.549148e+01,-1.727536e+01,-1.722235e+01,1.432557e+01,-1.340916e+01,-3.696031e+00,7.593172e+00,-2.999230e+00,-7.131193e+00,2.719855e-02,0,6.232421e-01,-4.362608e-05,-2.539472e-01,-3.128622e-01,6.528089e-01,2.519045e-01,1.140211e-01,2.308231e-01,9.984074e-02,2.805533e-01,9.534073e-03,1.429735e+00,-2.814543e-01,-4.335195e-01,2.810517e-03,0,-9.928912e-03
4.667640e-03,-5.112943e+00,7.395682e+00,1.081540e+00,1.599381e+01,-1.699497e+01,-1.794305e+01,1.476264e+01,-1.241094e+01,-3.929595e+00,9.510423e+00,-3.963242e+00,-8.434222e+00,3.203385e-02,0,6.130600e-01,-1.534942e-04,-1.358371e-01,-1.012074e-01,3.638031e-01,3.844338e-02,9.447861e-03,3.170528e-01,2.886536e-01,5.996396e-01,1.071205e-02,1.011827e+00,-1.729496e-01,-2.487674e-01,1.934119e-03,0,-7.667077e-03
4.447002e-03,-5.293780e+00,7.435236e+00,1.192585e+00,1.585991e+01,-1.735529e+01,-1.755701e+01,1.536261e+01,-1.150272e+01,-3.267962e+00,1.005177e+01,-4.009646e+00,-8.078668e+00,3.203385e-02,0,6.051406e-01,-2.158016e-04,1.971803e-02,8.506127e-02,1.495127e-01,-2.480992e-01,-2.031893e-01,6.190004e-01,3.886038e-01,4.627730e-01,-4.095003e-01,1.549285e-01,-3.424144e-02,1.897219e-01,-7.555146e-04,0,-3.787327e-03
4.107149e-03,-5.011761e+00,7.611809e+00,1.127240e+00,1.510607e+01,-1.761085e+01,-1.611630e+01,1.534823e+01,-1.130365e+01,-3.664409e+00,9.680921e+00,-3.627214e+00,-7.262646e+00,3.112723e-02,0,6.064582e-01,-2.097380e-04,1.516156e-01,1.833381e-01,2.759904e-01,-3.288109e-01,-2.144068e-01,8.918788e-01,1.032359e-01,7.494736e-02,-9.903402e-01,-4.821490e-01,-1.249294e-02,3.403441e-01,-3.535811e-03,0,1.056075e-04
3.979976e-03,-4.840042e+00,7.923199e+00,1.481528e+00,1.469485e+01,-1.798337e+01,-1.504072e+01,1.597579e+01,-1.164895e+01,-5.876125e+00,8.282565e+00,-3.338451e+00,-6.768372e+00,2.387428e-02,0,6.076064e-01,-1.784775e-04,2.180851e-01,1.979505e-01,4.164173e-01,-2.100367e-01,5.464096e-02,7.097266e-01,-1.864454e-01,-1.434216e-01,-1.374733e+00,-7.358701e-01,-7.184593e-02,7.918949e-02,-4.472651e-03,0,2.279395e-03
3.852463e-03,-4.581734e+00,8.068391e+00,2.317020e+00,1.493229e+01,-1.775296e+01,-1.474180e+01,1.497223e+01,-1.196309e+01,-7.577215e+00,7.984281e+00,-4.361304e+00,-7.387650e+00,1.843457e-02,0,6.123552e-01,-1.606294e-04,1.689560e-01,8.801599e-02,3.844168e-01,-2.322330e-01,3.003761e-01,6.846363e-01,-2.175446e-01,7.114849e-02,-9.301491e-01,-6.497919e-01,-7.707071e-02,6.605997e-02,-3.082503e-03,0,1.353157e-03
3.681958e-03,-4.418368e+00,8.196698e+00,2.679781e+00,1.489662e+01,-1.701102e+01,-1.469563e+01,1.461839e+01,-1.189011e+01,-8.185225e+00,7.220741e+00,-4.001831e+00,-7.620218e+00,1.601692e-02,0,6.135891e-01,-1.736801e-04,1.353834e-01,-1.396809e-01,7.322252e-02,-4.742723e-01,2.508358e-01,7.758799e-01,5.526407e-01,3.366728e-01,-1.173695e-01,-8.346961e-01,-1.421065e-01,4.438116e-01,6.044153e-05,0,-1.178449e-03
3.453011e-03,-4.377818e+00,7.915140e+00,2.450197e+00,1.384402e+01,-1.659514e+01,-1.286567e+01,1.493921e+01,-1.082733e+01,-7.160604e+00,6.962873e+00,-3.680878e+00,-6.506423e+00,1.964340e-02,0,6.102326e-01,-1.634411e-04,9.329224e-02,-4.172522e-01,-2.940528e-01,-8.242178e-01,7.838249e-03,8.571528e-01,1.855900e+00,4.893656e-01,3.278556e-01,-1.266392e+00,-8.068123e-02,1.212622e+00,2.629193e-03,0,-4.102492e-03
3.311302e-03,-4.265083e+00,7.301420e+00,1.781052e+00,1.286762e+01,-1.730811e+01,-1.209939e+01,1.875550e+01,-1.053347e+01,-6.671278e+00,4.619789e+00,-4.389197e+00,-4.989927e+00,2.357208e-02,0,6.027754e-01,-1.705956e-04,1.893530e-01,-6.918216e-01,-4.340119e-01,-9.691431e-01,-1.446308e-01,8.272983e-01,2.436118e+00,4.557369e-01,2.427122e-01,-1.543301e+00,-1.274114e-02,1.856436e+00,3.173164e-03,0,-3.535837e-03
3.220585e-03,-4.191916e+00,6.429769e+00,1.296121e+00,1.182570e+01,-1.756523e+01,-1.175416e+01,2.218317e+01,-1.019459e+01,-6.694911e+00,2.952796e+00,-4.571027e+00,-2.639684e+00,2.780296e-02,0,5.972496e-01,-2.369937e-04,4.102817e-01,-6.934090e-01,-3.856782e-01,-1.080905e+00,3.873634e-01,6.643511e-01,1.540139e+00,7.203838e-01,2.443933e-03,-1.950403e+00,7.185837e-01,2.458770e+00,1.329707e-03,0,2.164900e-03
2.945193e-03,-3.564554e+00,5.480276e+00,1.086759e+00,1.106007e+01,-1.724913e+01,-1.111490e+01,2.317700e+01,-9.927793e+00,-7.204511e+00,1.509274e+00,-3.620462e+00,-2.714089e-01,2.780296e-02,0,6.024014e-01,-3.411454e-04,7.097359e-01,-1.869893e-01,-2.880297e-01,-1.546573e+00,1.232637e+00,1.233273e+00,-5.940832e-01,9.952207e-01,-1.542849e-01,-1.686823e+00,1.537159e+00,2.433529e+00,-1.511031e-03,0,1.076050e-02
2.451097e-03,-2.676674e+00,5.358667e+00,8.689528e-01,9.343274e+00,-1.468781e+01,-1.003616e+01,2.042916e+01,-7.528244e+00,-6.881768e+00,-1.233884e+00,-4.723270e-01,3.428170e+00,2.417649e-02,0,6.212441e-01,-3.893631e-04,9.663936e-01,3.846131e-01,-1.665320e-01,-1.970451e+00,1.729911e+00,1.768688e+00,-2.359755e+00,9.828230e-01,-3.144712e-01,-1.125796e+00,1.694499e+00,1.599274e+00,-3.838018e-03,0,1.715172e-02
1.990319e-03,-1.474024e+00,6.902025e+00,5.544878e-01,6.375967e+00,-1.258363e+01,-6.792025e+00,1.666210e+01,-6.890533e+00,-7.349274e+00,-1.720987e+00,1.247249e+00,4.143791e+00,1.783016e-02,0,6.445807e-01,-3.183435e-04,9.869550e-01,6.638380e-01,-1.135574e-01,-2.113151e+00,1.695506e+00,2.172108e+00,-2.918652e+00,5.697590e-01,-4.551234e-01,-5.639566e-02,1.250788e+00,-1.135676e-01,-2.931399e-03,0,1.702756e-02
1.751207e-03,-4.052118e-01,7.641960e+00,7.295964e-01,4.315490e+00,-1.124842e+01,-5.072152e+00,1.364185e+01,-6.799101e+00,-8.194885e+00,-1.061051e+00,1.467612e+00,3.149084e+00,1.359927e-02,0,6.619186e-01,-1.830838e-04,8.932723e-01,3.145669e-01,-1.013925e-01,-1.452803e+00,1.214952e+00,2.061659e+00,-2.422733e+00,1.446384e-01,-2.472032e-01,6.519428e-01,1.490857e-01,-1.571377e+00,0,0,1.143821e-02
1.703420e-03,2.344902e-01,7.657819e+00,5.886509e-01,3.008207e+00,-1.049130e+01,-2.736360e+00,1.197739e+01,-7.443569e+00,-8.823569e+00,1.140879e+00,1.663510e+00,-6.997035e-01,1.843457e-02,0,6.672020e-01,-8.510087e-05,6.846574e-01,-2.379046e-01,-2.859697e-01,-3.388261e-01,9.280480e-01,1.566579e+00,-1.817441e+00,2.024863e-01,7.106958e-01,7.902926e-01,-6.781595e-01,-1.916724e+00,3.082502e-03,0,4.771376e-03
1.679127e-03,9.354302e-01,6.553604e+00,3.449088e-01,3.763139e+00,-9.659221e+00,-1.755695e+00,1.065785e+01,-6.528534e+00,-7.380636e+00,5.948973e-01,6.497105e-02,-2.006966e+00,2.387428e-02,0,6.671245e-01,-6.242527e-05,5.075609e-01,-4.805863e-01,-4.763690e-01,4.858361e-01,5.977093e-01,1.307786e+00,-1.460940e+00,3.659273e-01,1.592731e+00,1.034240e+00,-1.180577e+00,-1.403228e+00,3.626473e-03,0,7.806718e-04
1.600854e-03,1.278942e+00,6.256680e+00,-6.830170e-01,4.958012e+00,-8.737994e+00,-6.173588e-01,9.066895e+00,-6.013386e+00,-4.202919e+00,1.402502e+00,-1.442228e+00,-2.861803e+00,2.810517e-02,0,6.658346e-01,-4.347195e-05,3.671117e-01,-9.712982e-01,-7.467974e-01,1.360811e+00,4.558933e-01,1.949239e-01,-1.612794e+00,1.059563e+00,2.160676e+00,1.214253e+00,-1.379312e+00,-3.809401e-01,2.175884e-03,0,-1.010466e-03
1.490364e-03,1.610367e+00,5.939599e+00,-1.016415e+00,5.769768e+00,-9.136529e+00,4.072770e-01,7.792399e+00,-5.684556e+00,-2.541553e+00,3.979339e+00,-2.882404e+00,-2.786006e+00,2.689634e-02,0,6.665056e-01,3.743027e-05,3.824993e-01,-1.580868e+00,-1.364888e+00,1.643162e+00,6.567915e-01,-1.154776e+00,-1.805412e+00,1.617553e+00,2.268388e+00,1.451995e+00,-9.482136e-01,-5.367932e-02,1.118162e-03,0,-2.577305e-04
1.580442e-03,1.732581e+00,3.108331e+00,-2.464674e+00,8.808945e+00,-8.473175e+00,-2.843227e+00,5.346146e+00,-2.567741e+00,-4.397301e-01,5.519922e+00,-3.759360e+00,-2.214885e+00,2.780296e-02,0,6.624591e-01,1.811841e-04,5.099133e-01,-2.331886e+00,-2.318480e+00,1.620068e+00,1.218011e+00,-2.427184e+00,-1.960602e+00,2.055094e+00,2.367944e+00,1.186008e+00,-4.146379e-01,-1.353387e-01,4.533092e-04,0,1.746476e-03
1.876484e-03,2.621107e+00,2.234390e-01,-5.588701e+00,1.005348e+01,-6.507673e+00,-6.416639e+00,3.491159e+00,-1.635919e-01,2.079708e+00,5.796163e+00,-3.517530e+00,-2.598822e+00,2.961620e-02,0,6.675236e-01,3.110569e-04,6.584311e-01,-2.347740e+00,-3.307522e+00,1.036982e+00,1.613777e+00,-2.385946e+00,-1.665084e+00,1.364196e+00,2.330015e+00,1.101387e+00,2.691998e-01,-8.734341e-01,4.230888e-04,0,4.751646e-03
2.313714e-03,3.323138e+00,-2.544671e+00,-9.989273e+00,1.091650e+01,-3.962369e+00,-9.341319e+00,1.414503e+00,1.501602e+00,5.326170e+00,6.424130e+00,-3.197854e+00,-3.632088e+00,2.901179e-02,0,6.740580e-01,3.460327e-04,6.465564e-01,-1.477211e+00,-3.455716e+00,-8.823118e-02,1.251319e+00,-4.779902e-01,-8.741753e-01,-2.842297e-01,1.575465e+00,1.111084e+00,1.046312e+00,-1.478158e+00,3.725290e-10,7.800128e+00,7.502926e-03
2.679012e-03,4.107244e+00,-2.972601e+00,-1.379173e+01,9.900904e+00,-3.323048e+00,-8.273404e+00,1.432801e+00,-8.982468e-01,6.225570e+00,9.034171e+00,-1.817158e+00,-6.444574e+00,2.840737e-02,0,6.844644e-01,3.071578e-04,4.490730e-01,-5.344840e-01,-2.744003e+00,-9.626263e-01,4.156021e-01,1.919635e+00,-2.141063e-01,-1.649260e+00,3.064383e-01,9.232891e-01,1.547635e+00,-1.436699e+00,-6.044116e-05,1.948136e+01,8.175021e-03
2.909342e-03,4.222294e+00,-2.679703e+00,-1.564174e+01,8.444079e+00,-3.808894e+00,-4.304795e+00,2.004448e+00,-3.621562e+00,5.364666e+00,9.456338e+00,6.220133e-01,-7.682797e+00,2.840737e-02,3.900064e+01,6.915033e-01,2.468140e-04,3.037131e-01,1.988029e-01,-1.682576e+00,-2.044370e+00,-1.917884e-02,3.765618e+00,3.900598e-02,-1.953374e+00,-6.874222e-01,1.745874e-01,1.681403e+00,-5.339447e-01,-1.208827e-04,3.111914e+01,8.675963e-03
3.114459e-03,4.416894e+00,-2.381465e+00,-1.648248e+01,6.476561e+00,-4.506400e+00,6.632727e-01,2.125655e+00,-5.848311e+00,3.592652e+00,8.896504e+00,2.310711e+00,-7.756964e+00,2.961620e-02,7.790649e+01,6.996760e-01,2.168957e-04,1.894242e-01,4.295796e-01,-8.742133e-01,-2.830032e+00,1.375469e-01,4.024015e+00,-2.806056e-01,-9.990698e-01,-9.232110e-01,-6.734051e-01,1.399490e+00,7.655867e-01,-3.626477e-04,3.102787e+01,8.088333e-03
3.330061e-03,4.686879e+00,-1.846225e+00,-1.705678e+01,2.406817e+00,-3.466587e+00,5.018433e+00,1.263106e+00,-5.790234e+00,3.205518e+00,7.365901e+00,3.145225e+00,-5.645617e+00,2.780296e-02,1.166425e+02,7.098320e-01,2.065399e-04,2.018584e-01,5.372850e-01,-6.231224e-01,-3.205678e+00,4.152549e-01,3.085102e+00,-3.160085e-01,2.353272e-02,-6.756912e-01,-7.664210e-01,8.929504e-01,1.565420e+00,-6.346328e-04,1.927028e+01,6.841284e-03
3.553131e-03,4.822073e+00,-1.241442e+00,-1.745527e+01,-1.230627e+00,-2.806467e+00,7.185060e+00,4.004436e-01,-4.809260e+00,2.689089e+00,6.712364e+00,3.918683e+00,-3.635230e+00,2.689634e-02,1.163185e+02,7.157417e-01,1.829391e-04,1.297910e-01,5.800725e-01,-5.604166e-01,-2.843188e+00,2.109381e-01,1.743436e+00,1.824170e-01,5.252922e-01,-6.117216e-01,-5.903616e-01,6.319216e-01,1.658498e+00,-7.252943e-04,7.588729e+00,4.091007e-03
3.722705e-03,5.028997e+00,-5.632892e-01,-1.827096e+01,-3.730721e+00,-2.582587e+00,7.859819e+00,1.287011e+00,-4.023424e+00,2.437991e+00,6.716303e+00,4.282779e+00,-1.916562e+00,2.659414e-02,1.161460e+02,7.176769e-01,1.306840e-04,3.120246e-02,5.102701e-01,-4.747370e-01,-1.811157e+00,-4.420804e-01,5.924190e-01,9.401716e-01,4.742655e-01,-1.169133e+00,-4.394663e-01,2.640914e-01,1.241776e+00,-4.533092e-04,-1.479980e-01,1.136982e-03
3.832833e-03,4.894790e+00,-1.225708e-01,-1.867747e+01,-4.670611e+00,-3.893709e+00,7.959757e+00,3.025788e+00,-4.105255e+00,9.178078e-01,6.269495e+00,4.901542e+00,-1.329004e+00,2.659414e-02,1.160984e+02,7.162086e-01,5.101308e-05,-4.407539e-02,4.434484e-01,-2.497099e-01,-1.028153e+00,-8.643753e-01,4.884429e-02,1.176942e+00,2.939321e-01,-1.464746e+00,-8.944937e-01,-2.031715e-01,1.065254e+00,-2.719853e-04,-1.277862e-01,-2.343595e-04
3.843630e-03,4.806532e+00,1.456897e-01,-1.881936e+01,-4.928975e+00,-5.133368e+00,7.593179e+00,4.651292e+00,-3.770909e+00,-1.754505e+00,5.390004e+00,3.974253e+00,-5.898495e-01,2.568752e-02,1.160125e+02,7.152835e-01,-4.073363e-05,-1.182108e-01,3.833156e-01,8.814164e-02,-7.202172e-01,-1.014918e+00,-3.694048e-02,8.432977e-01,3.927691e-01,-1.311620e+00,-1.410175e+00,-2.963213e-01,1.011507e+00,-1.208825e-04,-1.746612e-01,-5.704165e-05
3.747734e-03,4.712928e+00,6.213103e-01,-1.842962e+01,-5.772263e+00,-5.852952e+00,7.562602e+00,4.603012e+00,-3.465857e+00,-2.538394e+00,2.903046e+00,3.057089e+00,1.027682e+00,2.598973e-02,1.157463e+02,7.157666e-01,-1.148365e-04,-4.854336e-02,3.757134e-01,2.443741e-01,-7.878479e-01,-5.751677e-01,-3.146172e-02,1.663278e-01,4.784190e-01,-5.438429e-01,-1.513386e+00,-2.098396e-01,9.168859e-01,-6.044097e-05,-2.472755e-01,9.260297e-04
3.561586e-03,4.528874e+00,9.813485e-01,-1.795418e+01,-6.780981e+00,-6.677553e+00,7.873695e+00,4.714888e+00,-2.379278e+00,-2.392007e+00,1.348651e+00,3.723399e+00,1.962632e+00,2.629193e-02,1.154488e+02,7.176127e-01,-1.623919e-04,7.872601e-02,3.633475e-01,1.882971e-01,-7.907752e-01,-3.242874e-03,-2.686900e-01,-3.078549e-01,3.798666e-01,-2.048737e-02,-9.704841e-01,8.415363e-02,4.164773e-01,-3.022060e-04,-3.092499e-01,8.975625e-04
3.399672e-03,4.790903e+00,1.338167e+00,-1.788820e+01,-7.683847e+00,-5.997455e+00,7.662191e+00,3.825629e+00,-2.408976e+00,-1.482656e+00,7.232426e-01,3.977771e+00,1.979185e+00,2.598973e-02,1.151439e+02,7.196742e-01,-1.986251e-04,1.498621e-01,3.611588e-01,1.723187e-01,-6.176885e-01,3.878244e-01,-6.941258e-01,-2.777124e-01,2.186621e-01,-1.071148e-01,-2.533667e-01,-2.860227e-02,6.412661e-02,-8.159567e-04,-7.942035e+00,-1.065552e-03
3.205701e-03,5.161175e+00,1.603999e+00,-1.814859e+01,-7.927059e+00,-5.077331e+00,6.199934e+00,3.500709e+00,-2.400017e+00,-2.384811e+00,1.627484e+00,3.934680e+00,1.016786e+00,2.417649e-02,1.147675e+02,7.178175e-01,-2.818586e-04,-1.451833e-01,5.654322e-01,4.842768e-01,-5.082995e-01,7.173265e-01,-1.265818e+00,3.258643e-01,9.202082e-02,-3.088225e-01,4.655563e-01,-9.216609e-01,1.550489e-01,-1.148383e-03,-1.934830e+01,-5.083579e-03
2.932552e-03,5.146088e+00,2.115779e+00,-1.747082e+01,-8.287666e+00,-4.713942e+00,4.928853e+00,3.821539e+00,-2.362177e+00,-3.077566e+00,1.496796e+00,2.808437e+00,1.821239e+00,2.296766e-02,7.637675e+01,7.103364e-01,-3.843911e-04,-7.071686e-01,7.226365e-01,9.145263e-01,-2.740547e-01,7.995999e-01,-9.306919e-01,1.117127e+00,3.968035e-01,-1.930154e-01,7.076566e-01,-1.486066e+00,4.266167e-01,-7.555157e-04,-3.069644e+01,-1.173217e-02
2.385854e-03,3.625365e+00,3.419704e+00,-1.574148e+01,-9.020569e+00,-3.732677e+00,2.911272e+00,6.346254e+00,-1.942573e+00,-3.138664e+00,3.289656e+00,-3.002385e-01,2.816849e+00,2.206104e-02,3.809083e+01,6.968637e-01,-4.573541e-04,-1.212865e+00,6.198252e-01,1.116497e+00,7.818975e-02,8.624893e-01,-3.010260e-01,1.469116e+00,8.998789e-01,3.532276e-01,1.020065e+00,-1.448816e+00,-1.494786e-01,5.741915e-04,-3.059117e+01,-1.911369e-02
1.887641e-03,2.022965e+00,4.043497e+00,-1.451912e+01,-8.507365e+00,-2.671782e+00,4.653062e+00,7.988490e+00,-6.536800e-01,-2.070806e+00,3.430440e+00,-1.335102e+00,3.212236e+00,2.326987e-02,0,6.714903e-01,-4.306341e-04,-1.388046e+00,1.561260e-01,9.400894e-01,5.352773e-01,5.539184e-01,8.429917e-01,8.758841e-01,8.681349e-01,4.868368e-01,1.188954e+00,-4.001802e-01,-1.051273e+00,1.934120e-03,-1.908443e+01,-2.409546e-02
1.441387e-03,6.584127e-01,3.739266e+00,-1.404196e+01,-7.426260e+00,-1.785964e+00,4.832700e+00,8.762816e+00,1.245130e+00,-1.122053e+00,5.760985e+00,-1.237629e+00,-4.261063e-01,2.689634e-02,0,6.416721e-01,-3.208098e-04,-1.177802e+00,-3.582782e-01,7.755157e-01,7.683202e-01,-5.000518e-02,1.338354e+00,-3.461482e-01,3.397462e-01,1.770760e-01,9.690732e-01,1.094087e+00,-1.142929e+00,2.629193e-03,-7.618166e+00,-2.344831e-02
1.251615e-03,-3.106656e-01,2.736627e+00,-1.362014e+01,-6.408434e+00,-2.917706e+00,8.183098e+00,6.992678e+00,3.846464e-01,-1.651688e+00,6.205904e+00,1.276232e+00,-1.813647e+00,3.022061e-02,0,6.174549e-01,-2.074297e-04,-1.000147e+00,-6.135585e-01,7.306370e-01,6.791381e-01,-5.406758e-01,9.153412e-01,-1.274194e+00,-6.453303e-01,-1.132771e-01,4.070945e-01,1.693295e+00,1.360566e-01,2.659413e-03,0,-5.700588e-02
1.099817e-03,-1.096831e+00,2.281747e+00,-1.231339e+01,-6.228434e+00,-3.859741e+00,7.838023e+00,5.113419e+00,-7.630052e-01,-2.462843e+00,6.747290e+00,3.864528e+00,-3.848538e-01,3.173164e-02,0,6.066398e-01,-1.095973e-04,-7.633972e-01,-5.805648e-01,5.672512e-01,6.994050e-01,-7.437788e-01,4.411062e-01,-1.449262e+00,-1.127453e+00,-2.765023e-01,-6.230085e-01,1.507730e+00,1.736449e+00,2.568752e-03,0,-6.840792e-02
1.021276e-03,-2.100146e+00,1.704464e+00,-1.173022e+01,-5.710588e+00,-4.338273e+00,7.727107e+00,3.442219e+00,-2.876264e+00,-1.966796e+00,4.972760e+00,4.580296e+00,3.871893e+00,3.414929e-02,0,4.039770e-01,-6.025963e-05,-5.797976e-01,-4.830602e-01,2.305807e-01,5.574539e-01,-4.585024e-01,-5.240868e-01,-6.872010e-01,-8.300740e-01,-3.019691e-01,-1.137503e+00,7.258517e-01,2.071510e+00,3.747357e-03,0,-1.024748e-01
1.008569e-03,-2.263833e+00,1.352524e+00,-1.215066e+01,-4.278159e+00,-4.794575e+00,7.266226e+00,3.291737e+00,-2.761681e+00,-2.347010e+00,3.262514e+00,4.648988e+00,5.413367e+00,3.777577e-02,0,4.063715e-01,-2.512272e-05,-3.995478e-01,-2.440734e-01,-2.497320e-02,2.022417e-01,-7.430897e-02,-5.848863e-01,1.323221e-01,-3.306178e-01,-3.018594e-01,-1.287545e+00,-1.182060e-01,9.713522e-01,3.898460e-03,0,-1.001611e-01
9.959406e-04,-2.626153e+00,7.859382e-01,-1.254860e+01,-4.596302e+00,-4.742802e+00,5.848562e+00,4.467514e+00,-2.766385e+00,-3.219450e+00,2.260774e+00,4.513260e+00,5.644790e+00,4.593533e-02,0,2.052151e-01,-8.896308e-06,-2.457862e-01,-2.311463e-01,-4.964943e-02,-2.516905e-01,5.766720e-01,-1.082310e+00,-1.755551e-01,1.132244e-01,1.222862e-01,-4.996122e-01,-2.373053e-01,-7.235159e-01,2.085222e-03,0,-6.018697e-02
9.868718e-04,-2.831567e+00,1.520643e+00,-1.202907e+01,-5.774368e+00,-4.029022e+00,5.852864e+00,5.262382e+00,-2.471034e+00,-3.345814e+00,1.665559e+00,3.307016e+00,3.585459e+00,4.533092e-02,0,2.052151e-01,1.204864e-05,-6.744912e-02,-4.743887e-01,1.280994e-01,-3.237761e-01,1.184043e+00,-1.397088e+00,-1.341553e+00,2.270601e-01,9.095265e-01,5.225343e-01,-2.974367e-01,-1.669217e+00,-1.178605e-03,0,-1.161067e-03
9.876437e-04,-3.045211e+00,4.646730e-01,-1.203926e+01,-6.220936e+00,-1.837690e+00,3.022239e+00,1.579121e+00,-2.455466e+00,-8.559632e-01,3.273176e+00,4.064755e+00,1.168268e+00,4.079783e-02,0,2.036203e-01,2.605288e-05,-5.465222e-03,-1.050108e+00,1.233360e-01,9.845564e-01,1.876373e+00,-1.888759e+00,-2.662268e+00,5.726941e-01,1.473448e+00,1.675485e+00,1.830201e-01,-1.717775e+00,-3.384709e-03,0,5.884453e-02
1.072961e-03,-2.391550e+00,-8.587869e-01,-1.176483e+01,-5.084722e+00,-3.269183e-01,1.693946e+00,-1.971833e+00,-1.781840e+00,1.018879e+00,5.368984e+00,3.386057e+00,-6.944577e-01,3.445150e-02,0,4.013636e-01,2.783425e-05,-9.621499e-02,-1.524216e+00,-1.228487e-01,2.349574e+00,1.863874e+00,-1.900738e+00,-2.437412e+00,8.087269e-01,1.742762e+00,1.956224e+00,1.842354e-01,-1.259748e+00,-2.810517e-03,0,5.498962e-02
1.083160e-03,-2.873487e+00,-3.274887e+00,-1.206404e+01,-1.834313e-02,2.788011e+00,-1.515775e+00,-5.226717e+00,-2.475117e-01,1.965446e+00,8.786486e+00,5.388840e+00,-8.041272e-01,3.445150e-02,0,4.013636e-01,3.570924e-06,-3.859055e-01,-1.182186e+00,-2.115112e-01,2.908911e+00,1.201355e+00,-1.387021e+00,-9.078544e-01,9.572020e-01,1.857169e+00,1.439225e+00,-1.060918e-01,-4.373406e-01,-3.022061e-03,0,2.802551e-02
1.078285e-03,-3.398503e+00,-4.230656e+00,-1.263092e+01,2.872203e+00,2.977496e+00,-1.381818e+00,-3.521756e+00,4.686239e-01,3.957293e+00,8.690022e+00,3.566151e+00,-1.727085e+00,3.445150e-02,0,3.812916e-01,-2.195762e-05,-5.515928e-01,-4.720070e-01,-2.198169e-01,1.922964e+00,1.075165e-01,-8.292450e-01,2.481234e-01,7.722127e-01,1.955347e+00,7.475284e-01,-5.383118e-01,-2.766447e-01,-4.623753e-03,0,-1.427392e-02
1.002837e-03,-4.471262e+00,-3.760324e+00,-1.266377e+01,4.345156e+00,2.516877e+00,-2.374984e+00,-2.185189e+00,1.205312e+00,6.960674e+00,8.808781e+00,3.444249e+00,-5.021223e-01,2.568752e-02,0,3.537838e-01,-2.895488e-05,-5.467582e-01,2.064296e-01,-1.027837e-01,1.081747e-02,-5.806128e-01,-3.366417e-01,2.734938e-01,5.721852e-01,1.807172e+00,3.301029e-01,-5.846878e-01,7.479789e-02,-6.044122e-03,0,-4.897640e-02
1.003335e-03,-4.350627e+00,-2.976104e+00,-1.256405e+01,2.348348e+00,3.462313e-01,-2.022675e+00,-2.251980e+00,1.352812e+00,8.297999e+00,9.095479e+00,1.666793e+00,-2.228684e+00,1.571472e-02,0,3.537838e-01,-2.790751e-05,-5.045917e-01,4.533058e-01,6.395245e-03,-8.397075e-01,-3.455923e-01,-2.400114e-01,-9.790327e-01,6.923412e-01,1.198169e+00,1.103748e-01,-6.448416e-01,-1.868328e-01,-4.110003e-03,0,-9.461316e-02
9.758609e-04,-5.131217e+00,-2.870015e+00,-1.261139e+01,2.976717e-01,1.200579e+00,-2.878555e+00,-4.494137e+00,2.171320e+00,8.830955e+00,1.023427e+01,3.415080e+00,-1.793381e-01,1.359927e-02,0,1.702355e-01,-1.953809e-05,-3.487088e-01,4.561580e-01,-1.222254e-01,-8.194994e-01,1.858397e-01,2.473665e-01,-1.495755e+00,5.623216e-01,5.471182e-01,-5.906121e-01,-1.079846e+00,-8.381147e-01,3.626469e-04,0,-1.061352e-01
9.522350e-04,-5.591484e+00,-2.409281e+00,-1.262514e+01,6.974077e-01,1.907684e+00,-2.330089e+00,-7.262446e+00,3.447326e+00,9.013000e+00,8.529151e+00,3.565277e-01,-2.822640e+00,1.994560e-02,0,0,-2.097735e-05,-1.556261e-01,5.926614e-01,-7.108746e-02,-1.343900e-01,5.493559e-01,3.647584e-01,-8.826109e-01,4.445769e-01,-1.548530e-01,-1.395672e+00,-1.494406e+00,-1.165197e+00,3.414929e-03,0,-8.778032e-02
9.306960e-04,-5.594377e+00,-1.762945e+00,-1.324436e+01,1.073129e+00,2.665349e+00,-9.844443e-01,-7.158730e+00,2.969663e+00,9.338765e+00,6.138884e+00,-1.299846e+00,-4.395718e+00,2.538531e-02,0,0,-1.640873e-05,8.930106e-02,5.714785e-01,-3.860348e-01,-8.962901e-02,4.688164e-01,2.633860e-01,2.149105e-01,-8.818369e-02,-8.803127e-01,-1.418205e+00,-1.238805e+00,-1.353799e+00,1.964340e-03,0,-3.404710e-02
9.210306e-04,-4.897177e+00,-5.663319e-01,-1.260300e+01,1.288669e+00,2.360626e+00,-1.145938e+00,-5.332738e+00,3.176525e+00,7.269829e+00,4.164814e+00,-3.447776e+00,-5.946480e+00,2.689634e-02,0,0,-1.277557e-05,-2.089138e-02,3.052815e-01,-4.814726e-01,-4.614771e-01,5.141582e-01,-1.683927e-03,1.067393e+00,-6.307523e-01,-1.213931e+00,-3.315436e-01,7.546304e-02,-4.413803e-01,-7.857364e-04,0,0
9.094194e-04,-5.031865e+00,-9.340978e-01,-1.455263e+01,-4.461042e-01,3.318190e+00,-2.153701e+00,-4.384439e+00,1.865802e+00,5.300976e+00,5.325414e+00,-8.767939e-01,-5.386412e+00,1.994560e-02,0,0,-1.166630e-05,-2.871560e-01,2.770442e-03,-3.889321e-01,-5.735009e-01,6.033243e-01,1.258251e-01,9.018458e-01,-8.955557e-01,-9.775205e-01,4.782701e-01,7.913235e-01,2.590281e-01,-1.601692e-03,0,0
8.989954e-04,-5.977197e+00,-1.297297e+00,-1.437836e+01,-8.503610e-01,4.152054e+00,-1.753881e+00,-3.312629e+00,8.454948e-01,4.962237e+00,7.278168e+00,5.223167e-01,-4.534194e+00,1.873678e-02,0,0,-9.818701e-06,-5.745751e-01,-2.672947e-01,-2.888185e-01,-4.715868e-01,7.034291e-01,9.921644e-01,5.029128e-01,-1.352990e+00,3.589916e-03,8.250377e-01,9.162565e-01,7.551267e-01,7.555155e-04,0,0
8.833821e-04,-6.490147e+00,-1.383610e+00,-1.430134e+01,-7.248600e-01,4.786256e+00,-5.134726e-02,-3.659555e+00,-3.426007e-01,5.604959e+00,6.973558e+00,6.717253e-01,-3.806720e+00,2.145663e-02,0,0,-7.375370e-06,-4.491371e-01,-5.028218e-02,1.873361e-01,-2.179533e-01,2.772363e-01,1.498811e+00,5.006669e-01,-9.199330e-01,3.597139e-01,3.970811e-01,3.261019e-01,9.499413e-01,2.024781e-03,0,0
8.849557e-04,-7.040911e+00,-1.678050e+00,-1.417274e+01,-9.298865e-01,5.143738e+00,2.763707e+00,-3.180616e+00,-2.484224e+00,7.135787e+00,7.465931e+00,3.592478e-01,-2.960693e+00,2.991840e-02,0,0,-7.887208e-06,-2.437828e-01,4.105079e-01,5.372833e-01,-5.233572e-01,-5.510807e-01,1.206558e+00,4.858902e-01,-3.664435e-01,1.353147e-01,-1.156919e-01,5.322604e-02,6.337754e-01,-6.648535e-04,0,0
8.795624e-04,-6.745693e+00,-9.951324e-01,-1.371876e+01,-1.496108e+00,4.208530e+00,3.081561e+00,-1.947111e+00,-1.069004e+00,6.012770e+00,7.216938e+00,8.352502e-01,-1.423457e+00,2.447869e-02,0,0,-1.535622e-05,-1.450175e-01,1.021574e+00,1.333259e+00,-6.740760e-01,-1.347145e+00,4.777301e-01,8.100947e-01,6.317452e-01,-3.195015e-01,-5.715774e-01,5.935512e-01,2.536465e-01,-3.717135e-03,0,0
8.614692e-04,-7.068338e+00,5.610034e-01,-1.198323e+01,-3.081523e+00,1.685514e+00,2.712454e+00,-1.739400e+00,-6.235210e-01,5.434905e+00,6.578018e+00,7.066844e-01,-2.556949e+00,1.390148e-02,0,0,-2.629646e-05,-1.846451e-01,1.401109e+00,1.736642e+00,-5.961910e-01,-1.515771e+00,1.420239e-01,8.865246e-01,1.140085e+00,-2.845927e-01,-9.105873e-01,1.120204e+00,4.153331e-02,-3.717135e-03,0,0
8.183443e-04,-7.201521e+00,2.604733e+00,-8.729800e+00,-3.019422e+00,-2.203572e-01,2.362930e+00,-3.296891e-01,1.885774e+00,4.857893e+00,4.559627e+00,3.465763e+00,-2.740359e+00,1.087942e-02,0,0,-2.483425e-05,-4.583262e-01,1.120092e+00,1.642972e+00,-1.193737e-01,-9.457060e-01,2.446589e-01,5.771390e-01,5.618201e-01,-2.485664e-01,-5.877105e-01,1.818514e+00,4.798859e-01,2.780296e-03,0,0
7.840825e-04,-7.736223e+00,3.527562e+00,-7.984017e+00,-3.149185e+00,-2.206711e-01,3.833143e+00,4.432964e-01,1.738812e+00,6.290263e+00,4.241650e+00,4.645012e+00,-2.094575e+00,1.813237e-02,0,0,-1.288580e-05,-6.230737e-01,5.983909e-01,1.094002e+00,5.472856e-01,-1.066791e-01,4.190539e-01,3.735368e-01,-2.050690e-01,-9.684957e-01,1.148715e-01,1.505862e+00,1.240388e+00,1.311575e-02,0,0
7.940845e-04,-8.703382e+00,3.122048e+00,-7.503511e+00,-2.059145e+00,4.330925e-01,3.744512e+00,-1.527643e-01,5.589307e-01,4.342259e+00,5.446570e+00,7.958656e+00,7.447860e-01,3.626473e-02,0,0,1.879508e-06,-6.785685e-01,7.276607e-02,6.109023e-01,5.371227e-01,-5.683875e-03,-2.697988e-01,-5.299519e-01,-1.335952e+00,-2.200210e+00,4.306626e-01,1.393025e-01,1.321850e+00,2.281656e-02,0,0
8.091701e-04,-9.432776e+00,3.294300e+00,-7.126369e+00,-8.252338e-01,8.253937e-01,4.116932e+00,3.982148e-02,-9.854442e-01,8.502433e-01,6.708904e+00,5.989550e+00,1.902420e+00,6.678755e-02,0,0,9.331864e-06,-3.889239e-01,-9.531245e-02,4.512146e-01,4.139596e-01,-2.061644e-02,-8.938999e-01,-9.494339e-01,-1.173242e+00,-2.269161e+00,2.782477e-01,-9.305254e-01,1.099112e+00,2.517377e-02,0,0
8.151981e-04,-9.746087e+00,3.085195e+00,-6.104113e+00,-1.495784e+00,-7.718089e-01,8.720413e-01,-2.777711e+00,-3.431857e+00,-3.423145e+00,5.479313e+00,3.490006e+00,1.870393e+00,1.006346e-01,0,0,1.514167e-06,-7.029972e-02,-1.107995e-01,3.528311e-01,1.261580e-01,1.503567e-01,-5.696144e-01,-2.598970e-01,-2.096395e-01,-1.056269e+00,-2.461759e-01,-1.739629e+00,2.684087e-01,1.465700e-02,0,0
8.201851e-04,-9.159490e+00,3.069427e+00,-6.427643e+00,-1.361068e+00,2.786975e-01,7.998784e-01,-2.991400e+00,-2.132005e+00,-1.172838e+00,5.616517e+00,2.226710e+00,2.838181e+00,1.118163e-01,0,0,-2.851791e-06,1.998306e-01,7.375994e-02,4.630783e-01,2.546194e-01,4.983700e-01,5.374618e-01,8.233799e-01,8.882704e-01,6.644042e-01,-2.178718e-01,-1.010724e+00,7.958801e-02,-4.805078e-03,0,0
7.961479e-04,-9.191524e+00,2.680487e+00,-6.088718e+00,-1.160438e+00,1.458224e+00,2.554967e+00,6.336117e-02,8.401331e-02,7.245297e-02,4.761884e+00,1.141931e+00,1.618949e+00,8.703536e-02,0,0,-5.035341e-06,2.678056e-01,3.897140e-01,8.580881e-01,6.817748e-01,8.246316e-01,1.920318e+00,2.224464e+00,1.675248e+00,1.180274e+00,-2.215170e-01,-1.238129e+00,-5.688301e-01,-2.254458e-02,0,0
8.044362e-04,-8.710905e+00,3.865454e+00,-4.818675e+00,2.801903e-01,2.202227e+00,5.962779e+00,2.736185e+00,1.697972e+00,2.424465e+00,5.978260e+00,2.109970e+00,2.426082e+00,4.956180e-02,0,0,1.606939e-07,2.485896e-01,6.013497e-01,1.149423e+00,6.596720e-01,3.192541e-01,1.497322e+00,1.679016e+00,1.456253e+00,6.515743e-01,-6.719495e-01,-1.703779e+00,-1.204355e+00,-2.807495e-02,0,0
7.978958e-04,-8.631351e+00,4.635751e+00,-2.618157e+00,1.092461e+00,2.389584e+00,7.892183e+00,5.480815e+00,3.029395e+00,6.795737e-01,4.190856e+00,-2.642266e+00,-7.677086e-01,1.903898e-02,0,0,8.176768e-06,7.561407e-02,4.849588e-01,9.155059e-01,4.965168e-01,-8.224301e-02,4.129193e-01,2.661662e-01,9.537953e-01,1.438733e-01,-1.001829e+00,-1.835114e+00,-1.201622e+00,-2.181928e-02,0,0
8.201146e-04,-8.196628e+00,5.098543e+00,-2.415808e+00,8.108425e-01,1.409288e+00,5.617880e+00,2.694956e+00,3.676571e+00,1.781473e+00,2.542283e+00,-4.400087e+00,-1.990267e+00,5.439710e-03,0,0,9.522855e-06,-2.042201e-01,9.125777e-02,2.494032e-01,2.629660e-01,-5.626127e-01,-7.915248e-01,-1.136950e+00,2.943643e-01,1.313581e-01,-1.015601e+00,-5.694457e-01,-8.782228e-01,-1.181626e-02,0,0
8.291925e-04,-9.070592e+00,4.488737e+00,-2.712622e+00,1.056820e+00,1.443479e+00,4.792013e+00,1.414806e+00,3.863691e+00,1.113316e+00,1.470727e+00,-4.778609e+00,-2.180987e+00,0,0,0,9.786605e-06,-4.690453e-01,-1.769123e-01,-1.965124e-01,2.716456e-01,-6.851215e-01,-9.169304e-01,-1.908964e+00,-8.648895e-01,1.988026e-01,-3.876440e-01,1.028192e+00,1.917106e-02,-4.351768e-03,0,0
8.364021e-04,-9.512385e+00,4.395250e+00,-3.524426e+00,1.612841e+00,-1.377835e-01,3.555240e+00,-9.155585e-01,2.752646e+00,2.864385e+00,2.260318e+00,3.309127e-01,-1.258393e+00,0,0,0,3.478758e-06,-5.603493e-01,-1.350007e-01,-2.186360e-01,1.953115e-01,-4.126286e-01,-1.239116e-01,-1.312581e+00,-1.738695e+00,-1.302889e-01,1.252187e-01,1.549173e+00,3.104616e-01,-9.066183e-04,0,0
8.386850e-04,-1.031870e+01,4.102837e+00,-3.046410e+00,2.049690e+00,-2.624874e-01,4.338851e+00,-2.258749e+00,-8.330906e-01,1.132131e+00,2.393619e+00,1.331951e-01,-1.037791e+00,0,0,0,-2.056843e-06,-1.879159e-01,1.934423e-01,-7.683913e-02,-1.254394e-02,-1.548587e-01,6.810071e-01,2.945776e-01,-1.607540e+00,-4.880676e-01,-4.642487e-02,5.042611e-01,2.189657e-01,4.533092e-04,0,0
8.327621e-04,-1.037432e+01,4.616490e+00,-3.342094e+00,1.290965e+00,1.991283e-01,5.224903e+00,-2.031174e+00,-2.668514e+00,1.120621e+00,2.706930e+00,8.898773e-01,-1.009557e+00,9.066183e-04,0,0,-5.564315e-06,4.653496e-01,7.674385e-01,1.381096e-01,-4.908431e-01,-4.431173e-01,4.936491e-01,1.440913e+00,-9.227757e-01,-8.277357e-01,2.098903e-01,-2.771806e-01,2.107310e-01,1.027501e-03,0,0
8.207283e-04,-9.579204e+00,5.345328e+00,-3.187984e+00,1.155038e+00,5.007291e-01,7.362217e+00,3.445502e+00,-1.463431e+00,-4.551403e-01,1.015297e+00,-2.536785e+00,-1.210576e+00,1.813237e-03,0,0,-2.543029e-06,1.197071e+00,1.461067e+00,1.827852e-01,-9.100248e-01,-1.410153e+00,-1.223601e+00,1.212708e+00,3.828009e-01,-3.537465e-01,6.001425e-01,2.113036e-01,1.170475e-01,1.480810e-03,0,0
8.175589e-04,-7.555385e+00,7.611197e+00,-2.763091e+00,-3.940489e-01,-2.734978e+00,4.511802e+00,3.436883e+00,-1.546063e+00,-4.806582e-01,3.998931e+00,2.799999e-01,-1.183450e-01,4.230885e-03,0,0,7.041520e-06,1.349020e+00,1.629959e+00,4.510077e-01,-1.055485e+00,-2.022757e+00,-3.202489e+00,-6.345637e-01,7.424347e-01,2.306131e-01,1.172863e+00,7.866171e-01,4.318978e-02,1.178604e-03,0,0
8.335715e-04,-5.742812e+00,9.910819e+00,-2.421985e+00,-1.657928e+00,-5.846199e+00,-1.422602e+00,1.070765e+00,5.196882e-01,1.640375e-01,4.748331e+00,1.494652e+00,-8.981596e-01,5.741916e-03,0,0,2.178554e-05,1.203259e+00,1.434560e+00,4.505830e-01,-1.153929e+00,-2.043022e+00,-4.117909e+00,-2.108173e+00,9.841151e-01,1.261540e+00,1.245477e+00,1.519261e+00,-2.133207e-01,1.813237e-04,0,0
8.615481e-04,-5.547417e+00,1.048354e+01,-1.470055e+00,-2.579975e+00,-6.741192e+00,-6.395134e+00,-4.016624e+00,5.209978e-02,1.964098e+00,6.704726e+00,2.807244e+00,-9.498169e-01,4.835298e-03,0,0,2.147314e-05,7.462386e-01,8.583989e-01,5.288587e-01,-6.539764e-01,-8.092243e-01,-2.749027e+00,-1.221891e+00,1.050581e+00,1.664677e+00,3.574085e-01,7.075286e-01,-3.414719e-01,-3.022056e-05,0,0
9.076614e-04,-4.566892e+00,1.108196e+01,-1.581586e+00,-3.521642e+00,-7.711275e+00,-7.773860e+00,-3.368607e+00,2.658064e+00,4.630181e+00,5.889784e+00,3.795900e+00,-1.861444e+00,2.417649e-03,0,0,1.875362e-05,8.324771e-01,6.054054e-01,3.621163e-01,-3.661268e-01,-2.592264e-01,-7.359092e-01,2.358495e-01,1.082962e+00,1.509907e+00,-2.357080e-01,3.212425e-01,-1.839238e-01,1.601692e-03,0,0
8.878796e-04,-4.412152e+00,1.131762e+01,-5.389971e-01,-2.732074e+00,-5.848562e+00,-6.057701e+00,-4.528829e-01,2.637653e+00,5.609653e+00,5.215247e+00,2.667019e+00,-1.344062e+00,5.741916e-03,0,0,2.484538e-05,1.157538e+00,3.533268e-01,-7.180779e-02,2.540667e-02,5.690474e-02,8.364519e-01,1.703864e+00,1.345127e+00,7.899795e-01,-7.860458e-01,-3.968675e-01,-2.178244e-01,3.807797e-03,0,4.224008e-02
9.141738e-04,-2.148059e+00,1.252080e+01,-1.076933e+00,-3.412513e+00,-7.588646e+00,-5.270864e+00,4.681424e-01,4.641722e+00,5.890793e+00,4.314530e+00,3.170977e+00,-1.620656e+00,1.329707e-02,0,0,5.823174e-05,1.507360e+00,-1.951027e-01,-7.867573e-01,-1.805165e-02,6.606217e-02,1.687137e+00,1.815081e+00,9.985779e-01,-4.394964e-01,-1.060727e+00,-7.558371e-01,-2.025683e-01,4.170444e-03,0,1.067002e-01
9.825188e-04,-9.691443e-01,1.153075e+01,-2.081421e+00,-2.507507e+00,-6.517982e+00,-3.464373e+00,2.584324e+00,5.785905e+00,5.283689e+00,3.562124e+00,1.135368e+00,-2.159333e+00,1.843457e-02,0,2.112004e-01,1.076721e-04,1.691689e+00,-8.209362e-01,-1.782318e+00,-2.461655e-01,2.477718e-01,2.004467e+00,1.751018e+00,3.853902e-01,-1.525154e+00,-1.171389e+00,-2.259556e-01,4.900372e-02,1.631913e-03,0,1.720590e-01
1.151501e-03,1.248403e+00,9.999881e+00,-4.744161e+00,-3.724184e+00,-7.046254e+00,-6.348390e-01,4.188194e+00,6.076827e+00,2.595681e+00,1.412711e+00,7.825398e-01,-2.466650e+00,1.692354e-02,0,4.279006e-01,1.220292e-04,1.314106e+00,-1.296884e+00,-2.088182e+00,-4.106851e-02,1.420922e+00,2.144593e+00,1.644146e+00,-5.954370e-01,-2.387776e+00,-9.869963e-01,8.343784e-01,8.210558e-01,-1.178604e-03,0,1.725245e-01
1.307577e-03,2.348065e+00,8.473403e+00,-7.616974e+00,-3.807066e+00,-4.880899e+00,1.646621e+00,6.442180e+00,3.847051e+00,-3.685628e-01,8.092106e-01,2.731460e+00,-6.760467e-01,1.208824e-02,0,6.463447e-01,8.868110e-05,8.890931e-01,-1.083487e+00,-1.660225e+00,3.601809e-01,2.223291e+00,1.635743e+00,6.496806e-01,-1.156847e+00,-2.216038e+00,-1.748351e-02,2.185144e+00,1.207604e+00,-1.964339e-03,0,1.068593e-01
1.361791e-03,2.763866e+00,7.565059e+00,-8.750068e+00,-2.968076e+00,-1.302579e+00,2.896601e+00,6.759944e+00,2.633963e+00,-3.221960e+00,7.560052e-01,6.544823e+00,1.742980e+00,1.057721e-02,0,6.450501e-01,1.445332e-05,1.765531e-01,-6.338447e-01,-4.613672e-01,1.043693e+00,2.747341e+00,8.862006e-01,-8.080257e-01,-1.360914e+00,-7.480179e-01,1.814910e+00,2.155949e+00,6.094565e-01,-8.763975e-04,0,3.983817e-02
1.320779e-03,2.718590e+00,7.330724e+00,-8.379590e+00,-1.084656e+00,1.726634e+00,2.948620e+00,4.546851e+00,1.723101e+00,-2.887682e+00,3.803059e+00,9.179949e+00,1.773874e+00,1.178604e-02,0,6.369219e-01,-4.653796e-05,-2.775560e-01,-3.326914e-01,4.125325e-01,1.590602e+00,2.258881e+00,-1.541276e-01,-2.300845e+00,-8.467890e-01,1.410878e+00,2.543081e+00,4.385008e-01,-5.428408e-01,2.115442e-04,0,-4.752809e-03
1.217166e-03,1.945906e+00,7.401997e+00,-6.669689e+00,1.330777e-01,3.386683e+00,3.145165e+00,1.095730e+00,3.342318e-01,1.151516e-01,8.990338e+00,8.338040e+00,-6.443279e-01,1.269266e-02,0,6.318028e-01,-3.059158e-05,-4.842730e-01,-7.651692e-01,1.913873e-01,2.268386e+00,1.480514e+00,-1.629008e+00,-2.534920e+00,2.461402e-01,3.476087e+00,1.672919e+00,-1.758964e+00,-1.170689e+00,3.324265e-04,0,-6.707007e-03
1.147199e-03,1.369265e+00,6.891477e+00,-6.594501e+00,2.595368e+00,4.068874e+00,7.517014e-01,-2.229939e+00,7.629721e-01,5.017272e+00,9.407447e+00,4.027355e+00,-2.196597e+00,1.208824e-02,0,6.292043e-01,1.946777e-05,-3.423328e-01,-1.439306e+00,-6.558442e-01,2.509399e+00,5.782059e-01,-2.811041e+00,-1.413087e+00,1.878069e+00,4.052138e+00,-5.857952e-01,-3.013884e+00,-6.694376e-01,6.648534e-04,0,-5.735320e-03
1.295623e-03,1.017164e+00,3.958837e+00,-8.685676e+00,6.533844e+00,4.928872e+00,-4.149981e+00,-2.526260e+00,4.344729e+00,1.020600e+01,6.318408e+00,3.263004e-01,-2.125230e+00,1.208824e-02,0,6.153739e-01,1.004875e-04,8.066628e-02,-2.081825e+00,-1.545626e+00,2.326974e+00,-1.915725e-01,-3.014095e+00,1.356661e-01,2.961999e+00,2.825839e+00,-1.973296e+00,-2.525124e+00,-1.144988e-01,1.601693e-03,0,-3.950662e-03
1.378890e-03,1.471297e+00,1.855775e+00,-1.065082e+01,8.261956e+00,3.846569e+00,-7.459013e+00,-7.075885e-01,9.108199e+00,1.232759e+01,2.210048e+00,-1.883601e+00,-8.328629e-01,1.541251e-02,0,6.164598e-01,1.886711e-04,4.769388e-01,-2.297522e+00,-1.752311e+00,1.359661e+00,-1.079440e+00,-1.708951e+00,1.225553e+00,2.201510e+00,4.033950e-01,-9.962080e-01,-1.379688e+00,-2.974494e-01,3.173164e-03,0,5.012751e-04
1.603758e-03,2.298221e+00,-4.892794e-01,-1.236966e+01,8.934654e+00,2.539973e+00,-7.819952e+00,1.012885e+00,1.097162e+01,1.058919e+01,2.722560e+00,-1.332104e+00,-1.898689e+00,1.903898e-02,0,6.184217e-01,3.261628e-04,6.293716e-01,-2.484523e+00,-1.661511e+00,3.997416e-01,-1.636786e+00,-9.033947e-02,1.069091e+00,4.091568e-01,-1.673224e+00,9.661824e-01,-4.782302e-01,-9.719364e-01,4.714415e-03,0,6.539213e-03
1.936487e-03,3.113430e+00,-2.372073e+00,-1.351406e+01,8.193269e+00,-1.338757e-01,-5.958068e+00,2.128254e+00,8.457081e+00,6.842654e+00,6.224331e+00,-2.041885e+00,-3.797115e+00,2.447869e-02,0,6.301867e-01,4.439058e-04,4.221312e-01,-2.814490e+00,-1.575168e+00,-2.653278e-01,-1.783092e+00,7.999531e-01,3.172187e-01,-1.059018e+00,-1.920325e+00,2.352596e+00,-9.562801e-02,-1.565573e+00,5.621033e-03,0,9.758061e-03
2.647638e-03,3.342956e+00,-6.349855e+00,-1.556161e+01,8.566895e+00,-1.264836e+00,-5.352150e+00,1.401275e+00,6.716072e+00,4.582345e+00,9.142178e+00,-1.985709e+00,-5.502787e+00,3.112723e-02,0,6.412065e-01,4.214864e-04,1.091142e-01,-2.722418e+00,-1.171463e+00,-8.216114e-01,-1.656250e+00,7.620109e-01,-3.964083e-01,-1.150959e+00,-1.079497e+00,2.093817e+00,6.936864e-02,-1.523953e+00,5.469930e-03,0,1.134551e-02
3.076479e-03,3.059586e+00,-9.286386e+00,-1.693069e+01,7.119196e+00,-3.166488e+00,-4.693148e+00,6.843101e-01,5.940878e+00,5.729382e+00,1.076322e+01,-2.034939e+00,-6.858676e+00,3.747356e-02,0,6.538577e-01,2.339735e-04,-1.589126e-01,-1.967033e+00,-5.194260e-01,-1.037552e+00,-1.008341e+00,1.278540e-01,-7.694858e-01,-3.803101e-01,-7.696805e-02,1.234020e+00,4.181853e-01,-1.552910e+00,3.294047e-03,0,7.110125e-03
3.141195e-03,2.870714e+00,-1.064421e+01,-1.651867e+01,5.363634e+00,-4.224968e+00,-4.642357e+00,-2.471848e-01,6.474921e+00,5.748334e+00,1.092220e+01,-9.887337e-01,-7.987675e+00,3.989121e-02,0,6.633138e-01,-1.985096e-05,-8.976052e-02,-5.012624e-01,5.029246e-01,-1.114701e+00,-4.615469e-01,-3.482726e-01,-8.612380e-01,-2.266281e-01,-3.798842e-02,7.643665e-01,1.020032e+00,-9.321998e-01,1.511030e-04,0,-1.310289e-03
2.859577e-03,2.554988e+00,-1.006006e+01,-1.563266e+01,4.607142e+00,-3.695514e+00,-5.673695e+00,-8.949453e-01,6.676106e+00,5.874819e+00,1.150442e+01,-4.494455e-01,-1.031922e+01,3.656694e-02,0,6.546837e-01,-2.323296e-04,-7.728417e-02,1.044740e+00,1.515325e+00,-6.616289e-01,1.877885e-01,-6.841862e-01,-9.041406e-01,-4.992810e-01,-4.173565e-02,1.139103e+00,1.242310e+00,-3.850135e-01,-2.991840e-03,0,-1.097406e-02
2.656834e-03,3.146452e+00,-8.469330e+00,-1.369600e+01,4.249418e+00,-3.308058e+00,-6.603240e+00,-2.115288e+00,5.215318e+00,4.319685e+00,1.259341e+01,2.321706e+00,-8.433515e+00,3.233605e-02,0,6.342421e-01,-3.573189e-04,-1.932573e-03,2.427707e+00,2.200687e+00,-2.352331e-01,4.091136e-01,-5.615078e-01,-8.986713e-01,-1.706227e+00,-3.371333e-01,1.214247e+00,1.277173e+00,6.371563e-01,-4.956181e-03,0,-1.832302e-02
2.157011e-03,2.535296e+00,-5.150126e+00,-1.076540e+01,4.368160e+00,-2.686001e+00,-7.133638e+00,-2.902341e+00,4.074275e+00,6.235029e+00,1.562313e+01,2.521391e+00,-8.560824e+00,2.629193e-02,0,6.135233e-01,-4.148950e-04,-2.381945e-01,3.202732e+00,2.630198e+00,9.917144e-02,5.588044e-01,4.666858e-02,-7.925658e-01,-2.399986e+00,-4.653593e-01,8.159561e-01,4.537244e-01,1.384795e+00,-5.560593e-03,0,-2.019795e-02
1.705883e-03,2.870897e+00,-9.606432e-01,-7.948864e+00,4.306960e+00,-2.684157e+00,-6.719925e+00,-3.736844e+00,-7.552967e-01,3.882563e+00,1.493408e+01,3.911711e+00,-5.681091e+00,2.024781e-02,0,5.922789e-01,-3.749856e-04,-5.108573e-01,3.091027e+00,2.402938e+00,3.996474e-01,5.663088e-01,2.905508e-01,-9.782050e-01,-2.587429e+00,-6.671553e-01,-3.769331e-02,1.117178e-01,1.507704e+00,-5.560593e-03,0,-1.761883e-02
1.260577e-03,1.501793e+00,2.199257e+00,-5.355237e+00,5.074229e+00,-1.213442e+00,-5.382009e+00,-4.046997e+00,-2.338515e+00,3.766583e+00,1.441387e+01,1.024174e+00,-4.771457e+00,1.480810e-02,0,5.746756e-01,-2.375671e-04,-5.649279e-01,2.059361e+00,1.709154e+00,4.275864e-01,6.638525e-01,2.677049e-01,-1.080547e+00,-1.579288e+00,-1.346406e-01,-4.810831e-01,4.717503e-02,1.256575e+00,-3.898459e-03,0,-1.190032e-02
1.230123e-03,1.108917e+00,3.311115e+00,-4.386386e+00,5.894620e+00,-1.212793e+00,-6.026300e+00,-6.433985e+00,-4.515431e+00,2.218131e+00,1.300958e+01,3.628904e+00,-2.789680e+00,1.027501e-02,0,5.655718e-01,-5.974206e-05,-3.208067e-01,5.615126e-01,2.619445e-01,1.539295e-01,4.527123e-01,-1.590308e-01,-7.580420e-01,5.222959e-02,1.303267e+00,2.154589e-01,5.188279e-01,5.414023e-01,-1.390148e-03,0,-4.720867e-04
1.207055e-03,5.916469e-01,3.010803e+00,-4.000866e+00,5.712261e+00,-1.024204e-01,-6.141926e+00,-6.956507e+00,-1.942099e+00,6.394042e+00,1.417996e+01,2.898670e+00,-3.723657e+00,1.178604e-02,0,5.673752e-01,1.483777e-04,4.311068e-01,-8.581516e-01,-1.445098e+00,-3.720433e-01,1.534048e-01,-3.932942e-01,3.311190e-01,1.441203e+00,2.048105e+00,5.268552e-01,1.021098e+00,2.405796e-01,2.085222e-03,0,1.079788e-02
1.433934e-03,1.721936e+00,1.441147e+00,-7.316328e+00,4.757591e+00,-9.761065e-01,-7.135120e+00,-6.072299e+00,-6.923568e-01,9.085171e+00,1.612832e+01,5.568602e+00,-3.497979e+00,1.480810e-02,0,5.935686e-01,3.410743e-04,9.740516e-01,-2.053355e+00,-2.886346e+00,-6.548220e-01,3.375573e-02,-2.383873e-01,1.763534e+00,2.642213e+00,1.797784e+00,4.731241e-01,6.613074e-01,2.092686e-01,4.925959e-03,0,1.755563e-02
1.900561e-03,3.350817e+00,-1.156517e+00,-1.111576e+01,3.782527e+00,-5.647615e-01,-6.794070e+00,-2.572245e+00,2.955964e+00,1.057359e+01,1.548877e+01,5.159815e+00,-3.214409e+00,2.296766e-02,0,6.146665e-01,5.704219e-04,1.193907e+00,-2.965875e+00,-3.343851e+00,-6.119859e-01,-1.150530e-01,-1.636016e-01,2.286989e+00,2.974969e+00,2.788617e-01,-5.177161e-01,7.032328e-01,2.802586e-01,6.588093e-03,0,1.699591e-02
2.588742e-03,4.599590e+00,-4.871997e+00,-1.526067e+01,3.585377e+00,-8.128440e-01,-6.892165e+00,1.915533e-01,6.246605e+00,9.117280e+00,1.472079e+01,5.804868e+00,-1.997961e+00,2.931399e-02,0,6.297043e-01,8.088979e-04,7.769098e-01,-3.483124e+00,-2.735628e+00,-6.595975e-01,-7.575639e-02,1.305566e-01,1.645980e+00,2.741199e+00,-7.853021e-01,-1.321734e+00,4.459526e-01,6.025710e-02,6.708975e-03,0,1.392293e-02
3.481760e-03,5.122353e+00,-8.662002e+00,-1.674795e+01,3.238439e+00,-7.593164e-01,-7.081412e+00,1.346510e+00,9.463268e+00,7.772295e+00,1.229515e+01,6.296701e+00,-3.072374e+00,3.747356e-02,0,6.342869e-01,9.421576e-04,8.557353e-02,-3.375415e+00,-1.769900e+00,-9.257498e-01,-3.376323e-01,3.949329e-01,3.265557e-01,1.648212e+00,-1.075583e+00,-1.409424e+00,8.894948e-01,-4.394757e-01,4.986402e-03,2.154123e+01,1.495489e-02
4.687823e-03,4.720717e+00,-1.222173e+01,-1.817837e+01,1.731647e+00,-1.257611e+00,-6.338666e+00,1.982261e-01,9.759986e+00,6.559306e+00,1.111647e+01,7.229922e+00,-3.267712e+00,4.110003e-02,0,6.533731e-01,7.980829e-04,-5.001305e-01,-2.482613e+00,-5.988548e-01,-1.245611e+00,-2.492308e-01,1.026974e+00,-6.230935e-01,1.767284e-01,-6.860573e-01,-1.364875e+00,8.111485e-01,-8.809693e-01,2.206105e-03,5.419277e+01,2.049043e-02
5.561808e-03,3.718121e+00,-1.435872e+01,-1.850641e+01,8.064326e-02,-2.030540e+00,-5.096154e+00,-9.428028e-01,9.440331e+00,6.474659e+00,1.024381e+01,8.894762e+00,-4.776912e+00,4.200665e-02,1.077062e+02,6.776066e-01,5.194693e-04,-7.631333e-01,-1.407423e+00,2.682672e-01,-1.508481e+00,-1.637563e-01,1.635180e+00,-8.216479e-01,-6.965527e-01,8.432698e-02,-8.028734e-01,8.442612e-01,-9.768692e-01,-1.269264e-03,8.714346e+01,2.825058e-02
5.539133e-03,2.801053e+00,-1.443670e+01,-1.737572e+01,-1.063779e+00,-1.423387e+00,-2.749923e+00,-1.779258e+00,7.141716e+00,6.335812e+00,8.922090e+00,8.561580e+00,-5.550539e+00,3.807797e-02,2.171108e+02,7.104966e-01,6.087101e-05,-4.871927e-01,-1.738539e-02,7.477072e-01,-1.459800e+00,2.130802e-01,1.889445e+00,-6.130415e-01,-1.000436e+00,6.482638e-01,-1.316645e-01,4.375297e-01,-7.719264e-01,-3.535811e-03,6.583672e+01,2.291310e-02
5.653452e-03,2.266519e+00,-1.459163e+01,-1.580794e+01,-2.906252e+00,-1.495210e+00,-6.998825e-01,-1.772987e+00,7.289640e+00,8.305677e+00,9.377969e+00,9.852178e+00,-6.815306e+00,3.263826e-02,3.271619e+02,7.469780e-01,-8.572797e-05,5.421078e-02,9.261530e-01,3.690570e-01,-1.533059e+00,4.322467e-01,1.711028e+00,-4.681726e-01,-7.500528e-01,1.351045e+00,9.870632e-01,4.316940e-02,-2.929041e-01,-4.321548e-03,7.034790e-01,1.042030e-02
4.946356e-03,3.010555e+00,-1.219220e+01,-1.578907e+01,-4.073903e+00,-4.598747e-01,9.104217e-01,-2.451889e+00,5.833150e+00,8.885116e+00,1.089106e+01,8.938863e+00,-6.108147e+00,2.810517e-02,2.194557e+02,7.332528e-01,-1.993195e-04,6.002547e-01,1.597785e+00,-4.681834e-01,-7.476972e-01,3.822199e-01,8.712234e-01,-2.807155e-01,-5.963446e-01,1.335396e+00,1.538495e+00,-3.116446e-01,1.742699e-01,-3.263826e-03,-6.513324e+01,-9.016519e-03
5.429556e-03,3.884424e+00,-1.085021e+01,-1.745444e+01,-6.079590e+00,-3.510621e-01,1.628812e+00,-2.947350e+00,6.344350e+00,1.195523e+01,1.419464e+01,8.921968e+00,-5.962629e+00,2.538531e-02,1.100511e+02,7.183300e-01,-1.103493e-04,7.830960e-01,1.415708e+00,-8.019925e-01,5.851525e-01,1.416873e-01,-3.704819e-01,-1.527323e-01,-6.589035e-01,1.011065e+00,1.352199e+00,-3.627105e-01,6.145279e-01,-2.024782e-03,-8.737795e+01,-2.184836e-02
4.654483e-03,4.993374e+00,-8.318489e+00,-1.889338e+01,-3.215596e+00,-8.436159e-02,4.418464e-01,-2.595654e+00,4.632637e+00,1.118801e+01,1.420623e+01,7.468462e+00,-5.105528e+00,2.538531e-02,0,6.797380e-01,-8.985503e-05,5.071818e-01,6.756426e-01,-2.312069e-02,2.161111e+00,-4.577536e-01,-1.566771e+00,6.630228e-02,-4.751674e-01,5.161743e-01,2.265443e-01,-2.485928e-01,7.226892e-01,-1.239046e-03,-5.489626e+01,-2.370382e-02
5.247642e-03,5.190589e+00,-9.449948e+00,-1.826575e+01,-4.096425e-01,-9.745305e-01,-2.318005e+00,-2.464767e+00,4.595379e+00,1.220955e+01,1.448138e+01,8.773826e+00,-4.243976e+00,2.387428e-02,0,6.644936e-01,-2.533569e-04,1.518168e-01,2.793618e-01,1.164205e+00,2.865513e+00,-7.848574e-01,-2.125561e+00,4.402261e-02,1.923461e-02,-1.517973e-02,-5.166610e-01,-3.517775e-01,7.686275e-01,-1.118163e-03,-2.201022e+01,-2.225811e-02
4.588038e-03,4.893382e+00,-9.514121e+00,-1.549902e+01,3.896676e+00,-2.436908e+00,-4.950025e+00,-2.361669e+00,4.331799e+00,1.133883e+01,1.188042e+01,7.769970e+00,-3.354027e+00,2.266546e-02,0,6.416519e-01,-4.082120e-04,-2.181530e-01,3.877283e-01,1.942932e+00,2.220084e+00,-7.705462e-01,-1.768731e+00,-2.760056e-01,8.092403e-01,3.709747e-01,-4.595827e-01,-4.556684e-01,6.773621e-01,-1.118163e-03,0,-1.528969e-02
4.195994e-03,4.693504e+00,-8.855582e+00,-1.333060e+01,4.691838e+00,-3.099076e+00,-6.303059e+00,-2.844229e+00,6.590942e+00,1.180393e+01,1.277424e+01,7.012326e+00,-2.995242e+00,2.115443e-02,0,6.260825e-01,-7.115906e-04,-4.756113e-01,1.376412e+00,1.910762e+00,1.649638e+00,-6.899576e-02,-1.285739e+00,-5.418482e-01,7.826202e-01,1.525147e-01,-3.295435e-01,-5.829538e-01,8.553163e-01,-5.137505e-04,0,-1.315775e-02
3.139247e-03,4.151151e+00,-6.677031e+00,-1.164630e+01,5.334082e+00,-2.874820e+00,-6.409283e+00,-3.785950e+00,7.681057e+00,1.324570e+01,1.276189e+01,6.070869e+00,-2.343085e+00,2.115443e-02,0,6.224952e-01,-7.087003e-04,-9.259527e-01,2.233912e+00,1.588779e+00,1.163313e+00,8.475498e-01,-1.321128e+00,-4.910862e-01,8.615498e-02,-1.109739e-01,-2.403758e-01,-3.321480e-01,1.051594e+00,3.928682e-04,0,-1.297030e-02
2.414085e-03,3.183648e+00,-3.986432e+00,-1.063830e+01,7.119846e+00,-1.100554e+00,-8.017071e+00,-4.461867e+00,6.833851e+00,1.201869e+01,1.239293e+01,6.708607e+00,-4.728661e-01,2.206104e-02,0,6.082832e-01,-5.672983e-04,-1.725356e+00,2.847428e+00,1.306749e+00,1.402282e+00,2.179944e+00,-2.110346e+00,8.011724e-01,-1.398647e+00,-1.648191e+00,-1.106417e+00,-5.236989e-01,1.052756e+00,2.296767e-03,0,-2.112480e-02
1.935492e-03,1.018546e+00,-7.791352e-01,-8.901276e+00,8.499238e+00,8.015797e-01,-1.069866e+01,-4.008282e+00,4.641119e+00,1.067658e+01,1.086919e+01,6.261089e+00,6.427547e-01,2.417649e-02,0,5.857000e-01,-1.171361e-04,-2.401255e+00,3.224400e+00,6.732284e-01,7.535875e-01,3.279821e+00,-3.115458e+00,2.548350e+00,-2.138629e+00,-2.963518e+00,-1.109849e+00,-8.788108e-01,4.573125e-01,5.077063e-03,0,-3.034322e-02
1.961380e-03,-2.366973e+00,2.432610e+00,-8.169366e+00,1.012067e+01,5.962446e+00,-1.471010e+01,1.272798e+00,1.117675e+00,4.847532e+00,8.188502e+00,4.298721e+00,7.756169e-01,3.112723e-02,0,5.388561e-01,3.698826e-04,-2.756953e+00,3.300840e+00,-7.445212e-02,-5.494002e-01,3.794128e+00,-3.315297e+00,3.626743e+00,-1.764508e+00,-3.283401e+00,-5.987541e-01,-1.430949e+00,-1.192462e-01,8.552434e-03,0,-6.579110e-02
2.779918e-03,-5.079815e+00,6.235449e+00,-9.514623e+00,7.601608e+00,9.992785e+00,-1.864006e+01,6.088469e+00,-1.539987e-01,2.013689e+00,9.314856e+00,2.881758e+00,-6.807637e-01,4.200665e-02,0,5.054926e-01,6.797759e-04,-2.387961e+00,2.912597e+00,-6.673125e-01,-1.750612e+00,2.914574e+00,-2.639688e+00,2.597380e+00,-2.473133e-01,-2.494869e+00,-4.848528e-02,-1.691081e+00,-2.369430e-01,1.045633e-02,0,-1.066422e-01
3.841284e-03,-7.551935e+00,9.010477e+00,-1.070389e+01,4.821661e+00,1.327449e+01,-2.062285e+01,8.623471e+00,4.088697e-01,-6.687703e-02,1.017633e+01,1.243526e+00,-4.073378e-01,5.590813e-02,0,3.194314e-01,6.152264e-04,-1.584861e+00,1.891282e+00,-5.282941e-01,-2.125615e+00,9.923007e-01,-1.324044e+00,-1.185115e-01,1.354449e+00,-8.763992e-01,4.173517e-02,-1.670063e+00,6.291217e-03,8.310668e-03,0,-1.104959e-01
4.394419e-03,-8.328778e+00,1.049492e+01,-1.097058e+01,2.395683e+00,1.171843e+01,-2.094073e+01,5.303281e+00,3.758956e+00,6.594377e-01,9.632855e+00,-6.667172e-01,4.951708e-02,6.406770e-02,0,1.622014e-01,2.023384e-04,-5.720741e-01,2.930299e-01,7.726860e-03,-1.271473e+00,-8.379032e-01,4.604282e-02,-2.768500e+00,1.885238e+00,2.499768e-01,-5.995721e-01,-1.474083e+00,2.058158e-01,1.722574e-03,0,-5.016206e-02
4.230262e-03,-8.666795e+00,9.759288e+00,-1.008286e+01,2.095557e+00,1.006113e+01,-2.017999e+01,1.072835e+00,5.933443e+00,1.142662e+00,8.238178e+00,-2.277354e+00,4.419326e-01,6.165005e-02,0,1.580224e-01,-2.286761e-04,4.246131e-01,-1.149410e+00,3.820990e-01,-3.785071e-01,-2.174495e+00,7.735281e-01,-4.034524e+00,1.498429e+00,1.291446e+00,-9.468704e-01,-5.086024e-01,3.923126e-02,-6.769417e-03,0,5.685639e-02
3.597122e-03,-7.382755e+00,7.326193e+00,-9.786503e+00,2.607296e+00,7.409949e+00,-1.863128e+01,-3.978712e+00,6.509903e+00,2.658803e+00,7.286069e+00,-2.728218e+00,-7.631996e-02,4.774857e-02,0,3.353868e-01,-4.238812e-04,1.185325e+00,-2.099040e+00,4.319238e-01,4.184206e-01,-2.155570e+00,6.788366e-01,-3.671731e+00,6.073125e-01,1.542578e+00,-1.018669e+00,5.615136e-01,1.352705e-01,-1.233001e-02,0,1.145549e-01
3.096552e-03,-5.901881e+00,4.847790e+00,-9.385430e+00,2.823319e+00,4.556252e+00,-1.790994e+01,-6.908150e+00,6.525543e+00,5.390671e+00,6.615367e+00,-2.687358e-01,-1.482629e-01,3.022061e-02,0,5.171206e-01,-3.432051e-04,1.728378e+00,-2.224845e+00,2.961111e-02,7.689164e-01,-1.541670e+00,1.001726e-01,-2.615658e+00,-7.857375e-02,1.533864e+00,-9.709297e-01,1.151420e+00,4.873334e-01,-1.269266e-02,0,1.055808e-01
2.841868e-03,-3.784611e+00,2.455467e+00,-9.159673e+00,4.123906e+00,3.693019e+00,-1.868157e+01,-9.064884e+00,6.499468e+00,6.248326e+00,5.350914e+00,1.136541e+00,1.020967e+00,1.813237e-02,0,5.554266e-01,-1.654548e-04,1.889318e+00,-1.681801e+00,-4.359628e-01,9.620156e-01,-8.096209e-01,-2.910278e-01,-1.090281e+00,-7.891809e-01,6.480748e-01,-6.321396e-01,9.919035e-01,9.051794e-01,-8.552434e-03,0,5.919108e-02
2.891864e-03,-1.823978e+00,1.070424e+00,-1.024822e+01,5.181835e+00,4.211245e+00,-1.965398e+01,-9.462371e+00,5.545792e+00,7.017219e+00,4.351108e+00,1.547363e+00,2.329956e+00,1.299486e-02,0,5.759065e-01,-1.066633e-04,1.725901e+00,-7.806319e-01,-7.596226e-01,7.432771e-01,-4.826379e-01,2.585516e-01,2.448164e-01,-1.630581e+00,-4.032378e-01,3.091143e-01,5.188935e-01,6.696202e-01,-3.535812e-03,0,2.335509e-02
2.872192e-03,2.488565e-02,8.058706e-01,-1.153492e+01,6.238116e+00,3.534349e+00,-1.921440e+01,-8.153007e+00,3.053874e+00,5.085904e+00,5.257501e+00,1.323250e+00,3.210467e+00,1.359927e-02,0,6.019493e-01,-2.030146e-04,1.121169e+00,1.557008e-01,-4.702488e-01,1.027294e-01,-4.603601e-01,1.343871e+00,1.155656e+00,-2.171247e+00,-9.987111e-01,1.298752e+00,6.297742e-01,8.461909e-02,-1.208824e-04,0,1.300111e-02
2.548073e-03,8.228748e-01,1.769429e+00,-1.199592e+01,5.482599e+00,2.222398e+00,-1.635076e+01,-6.140007e+00,9.543530e-02,3.955693e+00,8.207645e+00,2.232377e+00,2.105088e+00,1.480810e-02,0,6.106347e-01,-3.560425e-04,2.435297e-01,7.591494e-01,4.442755e-01,-6.777462e-01,-2.351579e-01,2.058255e+00,1.261371e+00,-2.200763e+00,-1.168027e+00,1.401819e+00,5.266695e-01,-2.771620e-01,9.066182e-04,0,-8.786559e-04
1.998690e-03,4.978102e-01,2.884468e+00,-1.063707e+01,4.487170e+00,2.385642e+00,-1.361382e+01,-4.947788e+00,-1.631591e+00,2.785533e+00,9.916406e+00,3.942905e+00,1.556497e+00,1.662134e-02,0,6.030681e-01,-4.138198e-04,-6.727980e-01,7.018006e-01,1.237787e+00,-1.085486e+00,1.288994e-01,2.028630e+00,7.499048e-01,-1.200020e+00,-5.310627e-01,7.635024e-01,3.557867e-01,-2.133051e-01,-1.813236e-04,0,-1.974714e-02
1.548403e-03,-8.427917e-01,3.826873e+00,-8.475769e+00,2.668576e+00,3.609808e+00,-1.216299e+01,-4.758126e+00,-3.115290e+00,2.327269e+00,9.030752e+00,2.870883e+00,1.771131e+00,1.601692e-02,0,5.709538e-01,-3.382044e-04,-1.141640e+00,4.155084e-01,1.702435e+00,-9.051236e-01,2.583474e-01,1.311488e+00,7.687379e-01,2.606288e-01,9.745638e-02,-2.674256e-01,-5.781401e-01,-9.381391e-02,-2.266546e-03,0,-3.072428e-02
1.302929e-03,-2.506271e+00,3.286152e+00,-7.106064e+00,2.217696e+00,3.485141e+00,-1.116513e+01,-5.094423e+00,-1.340861e+00,3.244802e+00,8.663460e+00,2.782930e+00,2.310920e+00,1.208824e-02,0,5.230540e-01,-1.868295e-04,-8.414018e-01,2.260516e-01,1.334511e+00,-7.057813e-01,-7.971887e-02,7.692224e-01,1.190851e+00,1.373749e+00,4.085333e-01,-4.843279e-01,-1.298347e+00,-4.993744e-02,-3.626473e-03,0,-2.437465e-02
1.204932e-03,-3.383286e+00,3.646129e+00,-5.249243e+00,2.091718e+00,2.964386e+00,-1.101767e+01,-2.222999e+00,1.253215e+00,4.213341e+00,7.496990e+00,-7.833592e-02,1.258807e+00,5.741916e-03,0,4.970203e-01,-1.555379e-05,8.945523e-02,4.062556e-01,1.612390e-01,-9.395725e-01,-6.312621e-01,7.298633e-01,1.797236e+00,1.711321e+00,-1.701001e-01,-5.134379e-01,-1.719550e+00,1.161487e-01,-2.357208e-03,0,-1.042295e-03
1.236278e-03,-2.438952e+00,4.105098e+00,-5.577775e+00,1.246693e+00,2.309759e+00,-1.034037e+01,-2.610955e-01,3.052902e+00,3.885164e+00,8.261647e+00,-1.074222e+00,1.562972e+00,3.626473e-03,0,5.181615e-01,1.650464e-04,1.014158e+00,7.725436e-01,-1.543250e+00,-1.646100e+00,-1.511339e+00,1.394303e+00,2.325196e+00,1.257513e+00,-1.357588e+00,-8.920032e-01,-1.317222e+00,5.199729e-01,1.239045e-03,0,2.484722e-02
1.503959e-03,-4.291752e-01,5.448678e+00,-8.433719e+00,-1.543784e+00,1.041188e+00,-8.926059e+00,1.811392e+00,3.244435e+00,1.156588e+00,6.664469e+00,-3.798293e+00,2.725849e+00,8.461771e-03,0,5.681886e-01,2.987971e-04,1.300828e+00,6.716245e-01,-3.064675e+00,-2.113858e+00,-2.232881e+00,2.247370e+00,1.973112e+00,1.023685e+00,-2.010435e+00,-1.481403e+00,1.593379e-01,5.605568e-01,4.593533e-03,0,3.557622e-02
1.978647e-03,1.087463e+00,6.247595e+00,-1.323007e+01,-4.195054e+00,-3.109956e+00,-5.239425e+00,4.514362e+00,3.951095e+00,-2.014759e+00,4.619704e+00,-1.943201e+00,4.177264e+00,1.692354e-02,0,6.117060e-01,3.221389e-04,8.295761e-01,3.062492e-01,-3.173640e+00,-1.820086e+00,-2.499861e+00,2.779788e+00,1.678405e+00,1.143988e+00,-1.535939e+00,-2.204967e+00,1.436086e+00,-5.899453e-02,5.409489e-03,0,2.929032e-02
2.327733e-03,1.357644e+00,5.933003e+00,-1.674647e+01,-5.756699e+00,-5.490163e+00,-2.331290e+00,5.254832e+00,5.922545e+00,-2.888873e+00,1.910947e+00,1.152843e+00,2.754445e+00,2.206104e-02,0,6.281292e-01,2.113954e-04,1.601080e-01,-2.444932e-01,-2.118290e+00,-9.430765e-01,-1.959199e+00,2.362965e+00,8.913234e-01,1.218609e+00,-1.340610e-01,-1.915461e+00,2.192610e+00,-9.063045e-01,3.173165e-03,0,1.625257e-02
2.435085e-03,8.155191e-01,5.394182e+00,-1.728960e+01,-5.747281e+00,-6.923872e+00,2.611861e-01,6.409212e+00,7.433786e+00,-1.771799e+00,-3.864254e-01,3.630639e+00,1.253701e+00,2.387428e-02,0,6.346428e-01,5.818035e-05,-2.142625e-01,-3.995204e-01,-6.289833e-01,-3.321881e-02,-9.639379e-01,1.188215e+00,2.913646e-01,1.298533e+00,1.050991e+00,-6.842047e-01,1.253182e+00,-1.620367e+00,3.626479e-04,0,5.056900e-03
2.332717e-03,5.073369e-01,4.652918e+00,-1.699541e+01,-5.483053e+00,-6.847847e+00,1.384594e-01,5.320585e+00,7.596133e+00,3.648031e-01,-4.097736e-01,4.377836e+00,-3.438921e-01,2.085222e-02,0,6.379830e-01,-5.693941e-05,-2.129755e-01,-1.424748e-01,4.537272e-01,7.114021e-01,-5.603709e-01,-1.842949e-01,3.355429e-01,1.103105e+00,1.550381e+00,5.066046e-01,1.669235e-02,-1.726424e+00,-1.118162e-03,0,-1.637667e-03
2.267057e-03,4.413047e-01,4.890036e+00,-1.625052e+01,-4.497971e+00,-7.250803e+00,-5.332233e-01,5.938309e+00,9.606965e+00,1.613359e+00,2.359041e+00,2.710211e+00,-2.375403e+00,1.934119e-02,0,6.320636e-01,-1.164429e-04,-6.690969e-02,1.294219e-01,1.071094e+00,9.014704e-01,-2.537377e-01,-1.194030e+00,5.248412e-01,7.025589e-01,1.419265e+00,1.167532e+00,-7.692009e-01,-1.637546e+00,-1.299487e-03,0,-5.641830e-03
2.127050e-03,4.798743e-01,5.472702e+00,-1.499737e+01,-2.824343e+00,-8.128552e+00,-2.855559e+00,7.167998e+00,1.035148e+01,3.170454e+00,3.071237e+00,1.696519e+00,-4.063122e+00,1.873678e-02,0,6.212305e-01,-1.587263e-04,-3.101011e-02,1.934161e-01,1.510882e+00,8.743402e-01,-2.155986e-02,-1.264871e+00,1.163102e+00,-1.453262e-01,1.000811e+00,1.046887e+00,-6.654900e-01,-1.278783e+00,-6.950747e-04,0,-6.930792e-03
1.955704e-03,4.947020e-01,5.631400e+00,-1.293315e+01,-2.569283e+00,-7.552208e+00,-4.211957e+00,8.109712e+00,9.568908e+00,3.921698e+00,3.710731e+00,1.125293e+00,-5.074415e+00,1.843457e-02,0,6.148099e-01,-2.022106e-04,-5.620454e-02,1.966710e-02,1.635229e+00,5.446002e-01,7.251233e-01,-8.413407e-01,1.047186e+00,-1.490553e+00,1.361734e-01,7.532018e-01,8.281330e-02,-6.119279e-01,-3.022049e-05,0,-5.244202e-03
1.694762e-03,3.255877e-01,5.249317e+00,-1.109969e+01,-2.075695e+00,-6.804944e+00,-4.346531e+00,1.005039e+01,6.888530e+00,4.214690e+00,4.148815e+00,1.842844e+00,-5.388299e+00,1.783016e-02,0,6.119559e-01,-2.119813e-04,-5.863814e-02,-7.694769e-02,1.478392e+00,3.451908e-01,1.064636e+00,-2.239625e-01,6.513019e-01,-2.305002e+00,-9.526197e-01,7.185890e-01,4.961391e-01,-4.992099e-02,7.857360e-04,0,-3.345251e-03
1.472148e-03,2.374253e-01,5.100064e+00,-1.002322e+01,-2.149293e+00,-4.286992e+00,-3.994441e+00,9.733043e+00,3.885674e+00,1.772108e+00,5.586261e+00,3.051115e+00,-4.772454e+00,1.964340e-02,0,6.104799e-01,-1.810897e-04,2.088588e-03,7.463188e-02,1.133480e+00,4.113993e-01,7.140111e-01,-1.123892e-01,-9.361400e-02,-2.243483e+00,-1.368521e+00,4.238192e-01,5.562025e-01,6.054841e-01,1.450590e-03,0,-2.216542e-03
1.308922e-03,3.153219e-01,5.353631e+00,-9.060375e+00,-1.308384e+00,-4.437981e+00,-4.084130e+00,9.612842e+00,1.668085e+00,-5.178497e-01,5.726417e+00,3.214304e+00,-4.463707e+00,2.206104e-02,0,6.066693e-01,-1.246215e-04,7.414491e-02,2.284739e-01,8.950273e-01,5.572127e-01,8.028974e-02,-1.102814e-01,-8.632822e-01,-1.513668e+00,-7.477837e-01,1.606595e-01,2.309496e-01,8.110400e-01,7.555153e-04,0,-2.145302e-03
1.243176e-03,5.102778e-01,5.952402e+00,-8.285402e+00,-8.959429e-01,-5.165634e+00,-4.905103e+00,7.860418e+00,9.617164e-01,-5.546388e-01,5.041026e+00,3.220576e+00,-2.509291e+00,2.357208e-02,0,6.063705e-01,-8.515234e-05,3.369355e-02,3.176018e-01,1.068372e+00,6.989779e-01,-3.728675e-01,-7.246475e-02,-1.374241e+00,-5.392116e-01,4.422885e-01,4.580240e-02,-9.196059e-02,8.892468e-01,-8.461772e-04,0,-1.773137e-03
1.186140e-03,5.598860e-01,5.965517e+00,-7.493457e+00,8.369291e-02,-5.964174e+00,-4.442607e+00,6.670295e+00,7.821698e-01,1.639145e+00,5.224730e+00,2.912862e+00,-2.464681e+00,1.964340e-02,0,6.032841e-01,-6.754482e-05,-1.253816e-01,3.762954e-01,1.318658e+00,4.117827e-01,-1.316600e-01,1.747447e-01,-1.431997e+00,3.584146e-02,7.853071e-01,4.649707e-01,-2.235843e-01,7.916512e-01,-2.024780e-03,0,-1.070893e-03
1.107777e-03,2.836110e-01,6.382130e+00,-5.464818e+00,6.495578e-01,-5.388233e+00,-4.177526e+00,4.333114e+00,1.632574e+00,2.905054e+00,6.066117e+00,2.742033e+00,-1.325733e+00,1.662134e-02,0,6.033068e-01,-6.180284e-05,-2.901354e-01,4.187186e-01,1.449323e+00,-3.315385e-02,1.292762e-01,3.705411e-01,-7.811468e-01,2.674523e-01,9.420118e-02,7.465631e-01,4.610379e-02,8.295248e-01,-1.450590e-03,0,-4.040032e-02
1.038897e-03,-1.982529e-01,7.020244e+00,-3.877378e+00,-2.222093e-02,-4.984982e+00,-3.574195e+00,4.216507e+00,1.511863e+00,1.678839e+00,7.538725e+00,2.335654e+00,-1.097230e+00,1.541251e-02,0,6.028467e-01,-5.073815e-05,-3.852914e-01,5.078814e-01,1.034229e+00,-4.237771e-01,4.964152e-01,6.393489e-01,-7.034268e-02,4.195785e-01,-8.347963e-01,8.713299e-01,2.833195e-01,8.518463e-01,1.329707e-03,0,-9.978986e-02
1.007783e-03,-5.613298e-01,7.518631e+00,-2.846824e+00,-1.008755e+00,-5.008849e+00,-3.486604e+00,5.181578e+00,1.934131e+00,-1.034801e-01,7.616844e+00,3.739699e+00,9.546074e-01,1.843457e-02,0,4.045876e-01,-3.193663e-05,-3.888856e-01,5.099761e-01,6.463481e-01,-1.829154e-01,8.545696e-01,1.002227e+00,-3.041931e-01,1.624533e-01,-1.083638e+00,2.322992e-01,1.773243e-02,6.092824e-01,4.381989e-03,0,-1.605766e-01
9.824464e-04,-9.441006e-01,7.936674e+00,-3.631309e+00,-1.206036e+00,-3.671790e+00,-1.591324e+00,5.894350e+00,2.729283e+00,-1.030569e+00,8.806016e+00,3.830626e+00,6.543806e-01,2.538531e-02,0,2.036944e-01,-1.811749e-05,-4.722028e-01,4.696333e-01,3.883963e-01,2.526642e-01,8.695644e-01,1.041095e+00,-1.571124e+00,2.927404e-01,-5.075692e-01,-4.704128e-01,-3.225138e-01,2.499194e-01,6.950741e-03,0,-1.610281e-01
9.763191e-04,-1.287893e+00,8.473796e+00,-2.356112e+00,3.268881e-01,-1.771981e+00,-1.578264e-01,1.973227e+00,1.836130e+00,-1.158434e+00,6.593967e+00,2.083209e+00,8.448734e-01,3.354488e-02,0,0,-4.893058e-06,-3.330820e-01,5.767307e-01,5.076672e-01,3.625697e-01,3.555485e-01,5.403094e-01,-2.604057e+00,1.727983e-01,1.756956e-01,-1.499684e+00,-9.579417e-01,-3.238188e-02,6.436992e-03,0,-6.099301e-02
9.640417e-04,-2.195986e+00,8.890828e+00,-2.180753e+00,5.732787e-01,-2.255593e+00,-3.311014e-02,-2.034938e+00,3.024566e+00,-3.315296e-01,5.698099e+00,1.551330e+00,2.072341e-01,4.261106e-02,0,0,3.388870e-05,1.647310e-01,6.568916e-01,2.225024e-01,-3.910530e-01,-8.058588e-01,-7.127284e-01,-1.990363e+00,5.706706e-01,7.534189e-01,-1.954947e+00,-1.014262e+00,-4.102764e-02,3.082503e-03,0,6.109678e-02
9.925201e-04,-1.600797e+00,9.925207e+00,-1.033767e+00,-8.556405e-02,-3.939204e+00,-1.564164e+00,-3.874060e+00,2.650481e+00,4.254781e-01,1.672383e+00,8.963903e-02,1.016271e+00,4.200665e-02,0,2.014697e-01,1.078026e-04,1.007989e+00,6.400371e-01,-5.463615e-01,-1.784412e+00,-1.847571e+00,-1.223081e+00,-2.016833e-02,6.498566e-01,7.551206e-01,-1.924534e+00,-1.158376e+00,-2.477750e-01,-2.115443e-03,0,1.673377e-01
1.143789e-03,3.600629e-02,1.049543e+01,-3.179971e+00,-2.955075e+00,-6.617472e+00,-4.451797e+00,-1.133820e+00,5.175461e+00,1.944569e+00,1.492076e+00,-2.438981e-01,3.635435e-01,3.656694e-02,0,4.084434e-01,2.280046e-04,1.690427e+00,2.528400e-01,-1.473928e+00,-2.600927e+00,-2.289861e+00,-7.677773e-01,1.478509e+00,3.610927e-01,-3.430046e-01,-1.478656e+00,-7.631595e-01,-1.085750e-01,-6.134785e-03,0,1.736453e-01
1.425458e-03,2.636057e+00,1.087168e+01,-4.588311e+00,-6.830995e+00,-8.828897e+00,-4.063887e+00,1.421826e+00,4.009965e+00,1.479119e+00,-9.256930e-01,-2.811057e+00,-4.721561e-01,2.598973e-02,0,6.324670e-01,3.801943e-04,1.760051e+00,-5.009276e-01,-2.404363e+00,-2.797316e+00,-2.134616e+00,5.185350e-01,2.216597e+00,-1.646802e-01,-2.140505e+00,-4.800122e-01,7.894131e-01,3.447193e-01,-6.618315e-03,0,1.183603e-01
1.887596e-03,4.137720e+00,9.681790e+00,-7.773119e+00,-9.058642e+00,-1.126005e+01,-2.622135e+00,2.709665e+00,4.150288e+00,-2.573373e+00,-3.961416e-01,-8.141196e-01,4.085730e-01,1.994560e-02,0,6.527280e-01,5.160373e-04,1.343723e+00,-1.411368e+00,-2.612778e+00,-2.031138e+00,-1.391446e+00,1.777818e+00,2.203895e+00,-6.426379e-01,-3.508513e+00,3.271123e-01,2.701618e+00,1.261639e+00,-4.805078e-03,0,5.664493e-02
2.521588e-03,5.148600e+00,7.827387e+00,-1.075901e+01,-1.102036e+01,-1.229099e+01,1.136804e-01,5.287180e+00,2.339667e+00,-8.018074e+00,2.164305e-01,4.321815e+00,2.717353e+00,1.722575e-02,0,6.711290e-01,6.117047e-04,7.781186e-01,-2.295686e+00,-2.765353e+00,-1.074044e+00,-3.001452e-01,2.006678e+00,2.293973e+00,-4.957963e-01,-3.042392e+00,1.533966e+00,4.329127e+00,1.673824e+00,-1.813237e-03,0,1.005416e-02
3.175911e-03,5.498351e+00,4.960736e+00,-1.315851e+01,-1.101608e+01,-1.184366e+01,2.348512e+00,7.952978e+00,2.797421e+00,-1.084940e+01,2.556576e+00,9.697754e+00,5.076986e+00,1.692354e-02,0,6.723371e-01,5.677477e-04,3.976535e-01,-2.962049e+00,-2.266918e+00,-2.083174e-01,1.057402e+00,1.796309e+00,1.817695e+00,-3.356568e-01,-1.026015e+00,1.733369e+00,4.325483e+00,1.075207e+00,6.044097e-05,0,3.240180e-03
3.839824e-03,5.846334e+00,1.753781e+00,-1.572238e+01,-1.122249e+01,-1.003782e+01,3.484181e+00,1.027003e+01,2.207417e+00,-9.594828e+00,5.267776e+00,1.357864e+01,5.562759e+00,1.843457e-02,0,6.729333e-01,4.821779e-04,7.119350e-02,-3.310933e+00,-1.852884e+00,7.441470e-01,1.965777e+00,1.010623e+00,5.519972e-01,2.000352e-01,1.195268e+00,1.728649e+00,3.365274e+00,-2.140234e-01,1.239045e-03,0,-3.060716e-03
4.067217e-03,5.777120e+00,-2.091652e+00,-1.662602e+01,-9.999164e+00,-7.099630e+00,4.674162e+00,9.306710e+00,2.538128e+00,-6.915071e+00,5.745031e+00,1.618488e+01,4.361907e+00,1.964340e-02,0,6.680267e-01,3.669676e-04,-2.737839e-01,-3.182605e+00,-1.464971e+00,1.569960e+00,2.000962e+00,1.174123e-01,-9.469125e-01,4.156241e-01,2.825359e+00,1.344839e+00,2.274074e+00,-1.590040e+00,2.115443e-03,0,-5.244934e-03
4.486825e-03,5.365182e+00,-5.201081e+00,-1.828967e+01,-7.808086e+00,-4.834119e+00,4.003971e+00,7.370300e+00,3.469489e+00,-4.008898e+00,7.265446e+00,1.790462e+01,2.004775e+00,2.206104e-02,0,6.579806e-01,2.759627e-04,-6.115859e-01,-2.568019e+00,-1.156907e+00,2.442985e+00,1.171769e+00,-8.752014e-01,-2.108746e+00,7.264661e-01,3.696734e+00,1.306419e+00,1.325226e+00,-2.392536e+00,2.719855e-03,0,-7.584917e-03
4.687248e-03,4.370007e+00,-7.474859e+00,-1.919972e+01,-4.873487e+00,-4.440696e+00,2.675679e+00,4.668283e+00,4.244505e+00,4.844321e-01,8.281937e+00,1.890513e+01,-1.094222e+00,2.568752e-02,0,6.535887e-01,8.963691e-05,-7.108092e-01,-1.341840e+00,-7.383314e-01,2.947208e+00,3.059456e-01,-2.109381e+00,-2.336287e+00,5.479671e-01,4.189708e+00,1.347542e+00,7.373562e-02,-2.893727e+00,2.508311e-03,0,-7.269132e-03
4.909622e-03,3.491962e+00,-8.394711e+00,-2.022007e+01,-1.570408e+00,-5.508440e+00,1.074152e-01,2.045518e+00,4.986559e+00,5.189091e+00,1.053142e+01,1.884465e+01,-3.671857e+00,2.901179e-02,0,6.422277e-01,-2.446065e-04,-5.165532e-01,-7.962880e-02,2.929323e-01,2.959403e+00,4.671292e-02,-2.974104e+00,-2.281414e+00,8.592844e-03,3.377034e+00,1.065976e+00,-1.312222e+00,-2.458958e+00,1.269266e-03,0,-7.746506e-03
4.304003e-03,3.159684e+00,-7.204039e+00,-1.935248e+01,1.618038e+00,-5.232741e+00,-3.924467e+00,2.876663e-01,4.519428e+00,9.434474e+00,1.084976e+01,1.608355e+01,-7.268414e+00,2.870958e-02,0,6.395575e-01,-5.986117e-04,-1.605617e-01,1.236585e+00,1.533242e+00,2.169297e+00,4.824623e-01,-2.625811e+00,-1.778768e+00,-8.503357e-01,1.462171e+00,5.606529e-01,-2.494654e+00,-1.596267e+00,-3.928676e-04,0,-8.142424e-03
3.455415e-03,3.387578e+00,-5.734635e+00,-1.674863e+01,3.743165e+00,-4.204532e+00,-7.566475e+00,-1.846462e+00,3.374992e+00,8.401251e+00,1.131142e+01,1.275430e+01,-7.202920e+00,2.689634e-02,0,6.262637e-01,-8.072428e-04,2.331581e-02,1.910426e+00,2.241097e+00,5.858651e-01,7.363883e-01,-1.120994e+00,-1.133661e+00,-1.313198e+00,-8.780810e-01,2.362138e-01,-2.907789e+00,9.202132e-02,-5.741913e-04,0,-9.100473e-03
2.421293e-03,3.619390e+00,-2.621971e+00,-1.326923e+01,3.316209e+00,-2.680339e+00,-6.616433e+00,-2.279565e+00,7.986107e-01,6.189208e+00,1.069520e+01,9.477035e+00,-7.310027e+00,2.478090e-02,0,6.208586e-01,-7.534887e-04,-2.806336e-01,1.873916e+00,1.757119e+00,-1.362918e+00,6.075861e-01,1.290061e+00,-3.602982e-01,-1.242090e+00,-2.178601e+00,-5.217228e-02,-2.213678e+00,1.606727e+00,1.208825e-03,0,-7.878453e-03
1.814762e-03,3.378688e+00,-1.133616e+00,-1.205621e+01,5.098314e-01,-3.102700e+00,-4.151574e+00,-2.339170e+00,2.809768e-01,2.421319e+00,1.178976e+01,7.608958e+00,-3.190944e+00,2.810517e-02,0,6.060748e-01,-5.538732e-04,-8.344381e-01,1.213145e+00,3.637219e-01,-2.539738e+00,-7.078288e-02,2.331712e+00,2.857700e-01,-5.142970e-01,-1.997225e+00,-1.505337e-01,-8.633108e-01,2.244397e+00,3.535812e-03,0,-4.343796e-03
1.356886e-03,1.760961e+00,-1.349673e-01,-1.291310e+01,-3.579887e+00,-2.745727e+00,8.183854e-01,-1.267471e+00,-1.440117e-01,1.531433e+00,1.034972e+01,7.587827e+00,-1.240767e+00,3.414929e-02,0,6.102597e-01,-3.171097e-04,-1.267009e+00,1.886261e-01,-6.000946e-01,-2.335936e+00,-5.594237e-01,1.855362e+00,2.203479e-01,8.280835e-02,-1.236237e+00,-6.900398e-01,7.816014e-02,1.783615e+00,2.568752e-03,0,-2.359611e-03
1.218253e-03,1.446015e-01,-9.124132e-01,-1.510809e+01,-5.507475e+00,-4.525753e+00,3.746785e-01,-9.236587e-01,1.274818e+00,7.440140e-01,1.073149e+01,9.382352e+00,9.844331e-01,3.989121e-02,0,6.098441e-01,-1.622110e-04,-1.262493e+00,-2.257439e-01,-4.334828e-01,-1.044368e+00,-3.198879e-01,6.358001e-01,4.537697e-02,-2.378290e-01,-6.019036e-01,-1.091871e+00,2.857172e-01,5.905427e-01,-2.115443e-03,0,-8.682216e-03
1.133999e-03,-1.098611e+00,-1.789442e+00,-1.474376e+01,-5.354818e+00,-4.765932e+00,3.972495e-01,-1.885581e+00,7.157319e-01,8.466756e-01,7.774141e+00,8.981138e+00,-4.796376e-01,3.173164e-02,0,6.071759e-01,-6.828374e-05,-8.879083e-01,-1.257794e-01,3.930221e-01,2.904995e-01,1.962491e-01,-9.011892e-02,-2.204135e-01,-1.062465e+00,-3.854388e-01,-1.164033e+00,-3.110253e-01,2.820650e-01,-6.890301e-03,0,-1.674241e-02
1.115150e-03,-1.503989e+00,-1.435099e+00,-1.330829e+01,-3.824543e+00,-3.692038e+00,-7.620053e-01,-1.803230e+00,-1.338040e+00,-2.458195e-01,7.618198e+00,8.340888e+00,-6.187949e-01,1.873678e-02,0,5.642056e-01,-4.458006e-05,-5.714838e-01,3.531561e-01,1.118454e+00,1.031991e+00,1.027013e+00,1.799762e-01,-6.212167e-02,-1.794579e+00,-4.801662e-02,-4.574689e-01,-5.103871e-01,1.138198e-01,-6.436991e-03,0,-2.233824e-02
1.067018e-03,-1.854285e+00,-5.025216e-01,-1.184789e+01,-2.968856e+00,-2.181339e+00,9.361327e-01,-1.929753e+00,-4.149908e+00,9.915624e-02,6.086203e+00,6.553432e+00,9.711722e-01,1.027501e-02,0,5.493669e-01,-3.564799e-05,-3.351371e-01,6.677223e-01,1.187327e+00,9.477825e-01,1.024202e+00,2.981887e-01,2.208534e-01,-1.457547e+00,4.506129e-01,9.126967e-01,4.932261e-02,5.308263e-01,-5.137509e-04,0,-5.290965e-02
1.028843e-03,-2.334981e+00,2.099070e-01,-1.096376e+01,-1.540500e+00,-6.829848e-01,1.005118e+00,-1.212181e+00,-5.265256e+00,8.776906e-01,9.288112e+00,8.044270e+00,8.281274e-01,1.843457e-02,0,5.270575e-01,-3.753939e-05,-3.418349e-01,4.747256e-01,9.778150e-01,5.618569e-01,7.414893e-01,5.810727e-01,2.366779e-01,-3.063540e-01,1.020436e+00,1.560957e+00,9.685005e-01,4.412995e-01,4.805077e-03,0,-9.710689e-02
9.989130e-04,-2.358801e+00,7.266671e-01,-9.979391e+00,-1.757927e+00,-1.149451e+00,1.004632e+00,-1.076839e+00,-4.608393e+00,2.537985e+00,1.150267e+01,9.376060e+00,1.451033e+00,2.931399e-02,0,3.612017e-01,-3.210987e-05,-4.049174e-01,2.392784e-01,5.765018e-01,4.439425e-02,3.423113e-01,7.283658e-01,2.148223e-01,1.105099e+00,1.236540e+00,1.694829e+00,1.926558e+00,5.929533e-01,5.651255e-03,0,-1.453038e-01
9.615061e-04,-2.960905e+00,3.239352e-01,-9.353461e+00,-1.620723e+00,-5.005352e-01,2.109108e+00,-1.046297e+00,-2.640568e+00,3.636944e+00,1.271475e+01,1.177208e+01,1.347773e+00,3.324267e-02,0,1.727538e-01,9.254611e-06,-6.250869e-01,-5.381674e-01,-3.197355e-02,-1.964373e-01,3.127832e-01,4.627560e-01,3.867329e-01,2.461503e+00,4.087934e-01,3.410744e-01,2.020796e+00,1.000616e+00,2.598973e-03,0,-1.052074e-01
9.401378e-04,-3.565910e+00,6.368564e-01,-9.770528e+00,-2.706773e+00,-5.610070e-01,4.025966e+00,-9.385837e-01,6.324402e-02,4.902231e+00,1.284703e+01,1.432232e+01,3.676116e+00,3.112723e-02,0,0,6.874852e-05,-9.583780e-01,-1.216526e+00,-4.931785e-01,3.326120e-01,7.046955e-01,-7.400069e-01,8.962964e-01,2.918509e+00,-3.273851e-01,-8.525540e-01,7.178968e-01,4.854136e-01,3.928689e-04,0,3.582919e-03
1.104504e-03,-4.856861e+00,-2.436024e+00,-1.122806e+01,-2.048263e+00,5.867093e-01,1.808230e+00,6.523557e-01,4.706438e+00,1.739535e+00,1.032130e+01,1.567512e+01,4.718666e+00,3.052282e-02,0,1.816214e-01,1.055702e-04,-7.458420e-01,-1.321326e+00,-4.550707e-01,1.185114e+00,8.464354e-01,-2.019425e+00,1.118344e+00,2.180904e+00,-9.816224e-01,-1.365393e+00,-1.307770e+00,-2.104206e-01,-6.950740e-04,0,1.125363e-01
1.271157e-03,-6.202713e+00,-3.975983e+00,-1.150799e+01,1.189025e-01,1.830404e+00,-2.544964e+00,2.555316e+00,6.310648e+00,1.849764e+00,8.436622e+00,1.101402e+01,2.192654e+00,3.263826e-02,0,3.746825e-01,2.145199e-04,2.338176e-01,-7.285112e-01,-3.215713e-01,2.148367e+00,5.717826e-01,-2.852123e+00,2.733754e-01,3.393733e-01,-2.770871e-01,-9.660032e-01,-2.609819e+00,-1.529904e+00,-1.662133e-03,0,1.532250e-01
1.323848e-03,-5.371713e+00,-3.976275e+00,-1.076009e+01,2.892007e+00,2.535936e+00,-4.702551e+00,2.798474e+00,5.140252e+00,2.550649e-01,8.092992e+00,6.887372e+00,1.037401e+00,2.901179e-02,0,5.480941e-01,3.520901e-04,1.604826e+00,3.293358e-01,-4.772713e-01,2.579510e+00,1.104450e-03,-2.568489e+00,-1.449142e+00,-1.606966e+00,1.089001e+00,1.507568e-02,-2.196069e+00,-1.770190e+00,-2.598973e-03,0,1.060679e-01
1.903065e-03,-2.139396e+00,-2.235574e+00,-1.161237e+01,5.564926e+00,1.323293e+00,-6.979258e+00,-6.447659e-01,1.543203e+00,4.259030e+00,9.131167e+00,5.667098e+00,-2.132772e+00,2.357208e-02,0,5.828885e-01,4.587661e-04,2.270917e+00,3.880329e-01,-1.071724e+00,2.694477e+00,2.545909e-01,-2.181007e+00,-2.773458e+00,-2.095052e+00,1.679549e+00,8.384190e-02,-7.548029e-01,-1.275279e+00,-1.299487e-03,0,5.803342e-02
2.549000e-03,1.135610e+00,-1.659550e+00,-1.356222e+01,8.126276e+00,8.457872e-01,-8.817068e+00,-4.993315e+00,-9.446709e-01,5.979907e+00,1.004941e+01,7.368237e+00,-1.969569e+00,2.206104e-02,0,6.078577e-01,3.824123e-04,1.733612e+00,-5.450795e-02,-1.266810e+00,2.221307e+00,9.583130e-01,-1.774582e+00,-2.913870e+00,-1.592300e+00,1.807135e+00,-1.821392e-01,-1.646522e-01,-7.176514e-01,1.934119e-03,0,1.944526e-02
2.952411e-03,1.898211e+00,-3.194181e+00,-1.546554e+01,1.097415e+01,3.948433e+00,-1.139274e+01,-7.416079e+00,-1.122151e+00,7.385088e+00,7.877623e+00,6.999575e+00,-2.680256e+00,2.961620e-02,0,6.349678e-01,1.859870e-04,8.303512e-01,-6.822017e-01,-1.069029e+00,1.344174e+00,1.225403e+00,-8.820245e-01,-1.869732e+00,-4.205379e-01,2.907668e-01,-8.730009e-01,1.241004e-01,2.366161e-01,3.475371e-03,0,4.891175e-03
2.711236e-03,1.277546e+00,-3.769511e+00,-1.516755e+01,1.129393e+01,6.014931e+00,-1.136872e+01,-8.385222e+00,-1.488573e+00,7.727713e+00,7.809068e+00,5.397873e+00,-2.277114e+00,3.566032e-02,0,6.192808e-01,1.189286e-04,5.466659e-01,-6.611053e-01,-1.012992e+00,-4.992514e-02,-1.112331e-01,2.599989e-01,-9.019049e-01,2.401288e-01,-8.177503e-01,-1.430535e+00,7.503185e-01,1.207031e+00,1.178604e-03,0,-2.247775e-03
2.751882e-03,1.941393e+00,-4.591602e+00,-1.615485e+01,1.070197e+01,4.865734e+00,-1.011355e+01,-8.297474e+00,-2.875354e-01,4.838961e+00,5.886333e+00,7.272781e+00,-7.959187e-01,3.414929e-02,0,6.016328e-01,2.222291e-04,9.135793e-01,-1.157477e-01,-1.169574e+00,-1.370020e+00,-2.323375e+00,1.612761e+00,-6.267977e-02,4.784242e-01,-1.796939e+00,-1.833821e+00,2.071290e+00,2.320541e+00,-3.052282e-03,0,-1.451206e-03
3.243908e-03,3.847348e+00,-4.266366e+00,-1.828252e+01,8.012742e+00,-1.690291e-01,-8.156667e+00,-9.062142e+00,-1.613347e-01,3.164219e+00,3.892381e+00,1.098323e+01,3.123419e+00,2.568752e-02,0,6.132863e-01,3.569238e-04,1.268417e+00,4.580216e-01,-1.227716e+00,-2.294004e+00,-3.382701e+00,2.213320e+00,6.473287e-01,6.682030e-01,-2.254321e+00,-2.146961e+00,2.972188e+00,2.885561e+00,-4.805078e-03,0,9.696394e-03
3.797221e-03,5.181206e+00,-3.524492e+00,-1.975592e+01,5.764647e+00,-4.576463e+00,-4.934962e+00,-7.391018e+00,6.063515e-01,6.821430e-01,6.668614e-01,1.456335e+01,6.222186e+00,1.934119e-02,0,6.307090e-01,2.861604e-04,1.074800e+00,1.096802e+00,-4.347776e-01,-3.102374e+00,-2.975569e+00,2.067547e+00,1.515853e+00,8.631166e-01,-2.490138e+00,-1.835089e+00,2.391124e+00,2.627095e+00,-2.961620e-03,0,1.703293e-02
3.973186e-03,5.999724e+00,-2.012958e+00,-1.950560e+01,2.292566e+00,-6.177475e+00,-2.891418e+00,-5.601807e+00,1.405499e+00,-1.465485e+00,-3.159991e-01,1.661353e+01,8.641636e+00,1.903898e-02,0,6.532246e-01,9.352714e-06,6.097273e-01,1.568666e+00,6.383772e-01,-3.298059e+00,-1.469084e+00,1.606161e+00,2.189152e+00,9.785292e-01,-2.516509e+00,-1.129649e+00,5.950076e-01,1.694080e+00,3.928684e-04,0,1.462291e-02
3.818045e-03,6.239204e+00,-2.342955e-01,-1.771720e+01,-1.949814e+00,-7.007887e+00,-2.408442e+00,-2.448377e+00,3.244631e+00,-5.296878e+00,-1.184921e+00,1.641325e+01,9.580447e+00,2.266546e-02,0,6.668283e-01,-3.217391e-04,1.800842e-01,1.776894e+00,1.552225e+00,-2.959982e+00,-5.788426e-02,1.174701e+00,2.263862e+00,7.145222e-01,-2.198143e+00,-5.351936e-01,-1.341181e+00,9.064658e-01,2.085222e-03,0,7.283413e-03
3.280259e-03,6.366985e+00,1.931865e+00,-1.611000e+01,-4.620321e+00,-6.298739e+00,-1.389119e+00,-5.877009e-01,3.412171e+00,-6.428817e+00,-8.299710e-01,1.303331e+01,9.914688e+00,2.598973e-02,0,6.683412e-01,-5.198879e-04,-1.553847e-01,1.644866e+00,1.888752e+00,-1.663362e+00,1.027872e+00,7.196499e-01,1.572130e+00,-2.096748e-01,-1.010064e+00,-3.454646e-01,-2.824001e+00,2.147536e-01,1.571472e-03,0,-2.403975e-03
2.534989e-03,5.897996e+00,3.387565e+00,-1.369260e+01,-5.578822e+00,-4.805253e+00,1.873951e-01,1.421238e+00,3.175627e+00,-7.826905e+00,-1.752120e+00,9.647552e+00,1.011799e+01,2.629193e-02,0,6.595678e-01,-5.392141e-04,-4.046341e-01,1.267424e+00,1.845083e+00,-1.451388e-01,1.643819e+00,-2.066643e-02,2.681722e-01,-8.398832e-01,2.279008e-01,-3.514738e-01,-3.187424e+00,-1.394435e-01,1.511032e-04,0,-7.772446e-03
2.015275e-03,5.393404e+00,4.400442e+00,-1.207414e+01,-4.209742e+00,-2.139434e+00,-5.910870e-01,3.240344e-01,3.916273e-01,-5.250793e+00,-1.759722e+00,5.876377e+00,9.446633e+00,2.508311e-02,0,6.448351e-01,-3.912600e-04,-4.637009e-01,7.977079e-01,1.496318e+00,8.784081e-01,1.499607e+00,-8.820022e-01,-1.092716e+00,-9.277036e-01,8.841244e-01,-5.058657e-01,-2.551369e+00,-3.000083e-01,-8.461772e-04,0,-1.068022e-02
1.754467e-03,4.702825e+00,4.868538e+00,-1.050972e+01,-2.880798e+00,-8.684466e-01,-2.910790e+00,-1.563384e+00,5.554869e-01,-4.746387e+00,-2.477414e+00,4.054597e+00,9.117257e+00,2.387428e-02,0,6.397192e-01,-2.166627e-04,-4.507367e-01,4.973814e-01,8.499895e-01,1.210681e+00,7.454039e-01,-8.019837e-01,-1.551213e+00,-8.342429e-01,5.801023e-01,-1.727313e-01,-1.339167e+00,-2.902221e-01,-8.159563e-04,0,-1.102349e-02
1.714220e-03,4.646067e+00,5.179918e+00,-1.021985e+01,-1.577293e+00,-7.691081e-01,-4.250038e+00,-4.558972e+00,8.372303e-02,-3.548454e+00,-2.996653e+00,3.072948e+00,8.915012e+00,2.296766e-02,0,6.248644e-01,-1.029768e-04,-3.560019e-01,2.425647e-01,2.055804e-01,9.003736e-01,-1.506425e-01,2.161796e-01,-5.632335e-01,-7.218145e-01,-7.817474e-01,3.758271e-01,1.895885e-01,6.450977e-02,-7.857358e-04,0,-1.086115e-02
1.602203e-03,4.017982e+00,5.484734e+00,-1.036980e+01,-8.416433e-01,-1.763396e+00,-1.993048e+00,-3.893326e+00,-8.416357e-01,-5.777563e+00,-1.997312e+00,4.353428e+00,8.932689e+00,2.326987e-02,0,6.144357e-01,-9.145855e-06,-2.089101e-01,9.796114e-02,-6.315044e-01,3.799648e-01,-9.050220e-01,1.155501e+00,8.574074e-01,-1.085957e+00,-1.644743e+00,1.383416e+00,1.598583e+00,1.096402e-01,-6.950740e-04,0,-6.927776e-03
1.576522e-03,3.955816e+00,5.305168e+00,-1.111620e+01,-7.274515e-01,-2.445172e+00,3.093994e-02,-1.327162e+00,-2.518884e+00,-8.643942e+00,-1.206383e-01,6.674903e+00,9.861466e+00,2.145663e-02,0,6.031711e-01,1.495240e-04,-2.382832e-02,-4.600464e-01,-1.275118e+00,-3.206785e-02,-1.224510e+00,1.002748e+00,1.624056e+00,-5.381523e-01,-1.946121e+00,2.413898e+00,2.731116e+00,-2.517691e-01,-6.346330e-04,0,1.587355e-03
1.777586e-03,4.003399e+00,5.295719e+00,-1.321907e+01,-1.405894e+00,-4.555525e+00,7.262250e-01,1.107748e+00,-3.572993e+00,-1.042236e+01,3.001658e+00,1.024654e+01,9.192231e+00,2.115443e-02,0,6.159270e-01,4.470567e-04,1.875405e-01,-1.501115e+00,-1.937688e+00,-7.951568e-02,-1.275573e+00,7.311113e-02,7.812052e-01,8.275785e-01,-7.923638e-01,3.112294e+00,3.353305e+00,-1.083218e+00,-6.044172e-05,0,8.656782e-03
2.374148e-03,4.534216e+00,2.974194e+00,-1.517080e+01,-1.455506e+00,-5.495595e+00,-5.959349e-01,1.060772e+00,-1.241360e+00,-1.095667e+01,6.573350e+00,1.378198e+01,7.526396e+00,2.085222e-02,0,6.320555e-01,7.744684e-04,1.138226e-01,-2.736586e+00,-1.974425e+00,6.666056e-02,-8.922977e-01,-6.323506e-01,-4.226243e-01,2.356102e+00,7.553331e-01,3.627823e+00,3.022283e+00,-2.093230e+00,1.178603e-03,0,1.221486e-02
3.438673e-03,4.666484e+00,-8.553548e-01,-1.803094e+01,-8.751943e-01,-6.616051e+00,-1.314055e+00,-1.181267e+00,2.657495e+00,-8.583020e+00,1.021716e+01,1.756642e+01,4.684135e+00,2.326987e-02,0,6.432773e-01,1.015769e-03,-3.769865e-02,-3.595852e+00,-1.504329e+00,1.939612e-01,-1.815204e-01,-7.023266e-01,-7.582955e-01,2.903225e+00,1.882768e+00,3.091205e+00,1.860231e+00,-2.861459e+00,2.175884e-03,0,1.028839e-02
4.618321e-03,4.193387e+00,-5.302227e+00,-1.858239e+01,-6.594987e-01,-5.876398e+00,-2.110673e+00,-2.295776e+00,6.146383e+00,-5.786944e+00,1.441073e+01,1.812638e+01,1.649363e+00,2.629193e-02,0,6.505702e-01,1.069672e-03,-1.975714e-01,-3.448857e+00,-9.052824e-01,3.004286e-01,4.433331e-01,-6.577456e-02,1.514125e-01,2.063618e+00,2.510256e+00,1.395857e+00,4.216765e-01,-3.588273e+00,2.719855e-03,0,1.005523e-02
5.734347e-03,3.985321e+00,-8.545332e+00,-1.903492e+01,-8.340918e-01,-5.272725e+00,-2.028039e+00,-1.005455e+00,7.249264e+00,-3.593375e+00,1.453899e+01,1.737549e+01,-2.176546e+00,2.931399e-02,0,6.581116e-01,9.611659e-04,-2.456611e-01,-2.785104e+00,-4.237711e-01,3.993195e-01,1.071996e+00,8.058248e-01,1.560578e+00,8.211004e-01,2.311505e+00,-6.515009e-01,-9.745415e-01,-3.866992e+00,2.024781e-03,2.121204e+01,1.285139e-02
6.574672e-03,3.886941e+00,-1.042510e+01,-1.919522e+01,2.608522e-02,-3.950592e+00,-5.678155e-01,1.729929e+00,6.780843e+00,-9.002063e-01,1.139172e+01,1.598582e+01,-6.984629e+00,3.142944e-02,0,6.749145e-01,7.977424e-04,-2.961913e-01,-2.095053e+00,-5.302929e-01,4.718033e-01,1.159085e+00,1.688542e+00,2.280825e+00,-1.098344e-01,1.990035e+00,-2.020109e+00,-1.645109e+00,-3.661138e+00,1.359928e-03,5.332277e+01,1.542115e-02
7.266327e-03,3.591402e+00,-1.221944e+01,-1.984337e+01,7.786114e-01,-2.218974e+00,1.943641e+00,4.608773e+00,6.445767e+00,5.311348e-01,8.469163e+00,1.376399e+01,-1.033383e+01,3.082502e-02,1.060602e+02,6.953621e-01,5.880964e-04,-4.618135e-01,-1.668043e+00,-5.834936e-01,3.263633e-01,1.035076e+00,1.998765e+00,1.912728e+00,-6.632514e-01,1.130372e+00,-1.842243e+00,-2.312377e+00,-2.676738e+00,1.601692e-03,8.583499e+01,1.549116e-02
7.841043e-03,2.909389e+00,-1.394044e+01,-2.082963e+01,8.931664e-01,-1.607847e+00,4.346200e+00,6.301237e+00,5.998959e+00,2.100976e+00,7.345098e+00,1.170659e+01,-1.257769e+01,3.233605e-02,2.135838e+02,7.090507e-01,3.294444e-04,-6.242831e-01,-1.047422e+00,-4.961807e-01,-3.549030e-01,7.670979e-01,1.585248e+00,6.913143e-01,-1.272562e+00,4.692242e-02,-7.191914e-01,-2.979289e+00,-1.011343e+00,3.142942e-03,6.489687e+01,8.914465e-03
8.041644e-03,2.165029e+00,-1.512788e+01,-2.113519e+01,3.641839e-01,-1.268719e+00,5.508780e+00,6.272531e+00,4.323949e+00,5.578956e-01,7.351090e+00,7.953222e+00,-1.276371e+01,3.686914e-02,3.223831e+02,7.184994e-01,1.883889e-05,-6.573322e-01,-3.999615e-02,-1.691261e-01,-9.662275e-01,5.806824e-01,9.243517e-01,-5.482564e-01,-1.917936e+00,-3.749295e-01,3.779874e-01,-3.324675e+00,8.996539e-01,4.563312e-03,8.217453e-01,5.003512e-04
7.834236e-03,1.478711e+00,-1.420799e+01,-2.103022e+01,-1.541216e+00,-5.902295e-01,5.575855e+00,4.354621e+00,1.478944e+00,-6.789746e-01,8.354798e+00,3.994759e+00,-1.082640e+01,4.412209e-02,2.163229e+02,7.079182e-01,-1.855712e-04,-4.683093e-01,8.084536e-01,1.922154e-01,-1.150393e+00,8.384225e-01,9.616472e-01,-1.176439e+00,-1.898799e+00,1.858019e-01,1.055929e+00,-2.949210e+00,2.483164e+00,3.989122e-03,-6.407512e+01,-5.529171e-03
7.363925e-03,1.020080e+00,-1.228564e+01,-2.058871e+01,-2.835335e+00,1.756290e-01,5.950572e+00,2.840799e+00,-8.839057e-01,4.646285e-02,9.854250e+00,9.965250e-01,-6.711199e+00,4.774857e-02,1.087993e+02,6.984301e-01,-2.295185e-04,-1.824663e-01,1.043464e+00,3.108087e-01,-6.055620e-01,1.040140e+00,1.471932e+00,-9.776773e-01,-1.283700e+00,1.411139e+00,8.938257e-01,-1.565564e+00,2.903846e+00,1.783017e-03,-8.610891e+01,-5.768395e-03
7.252046e-03,1.140318e+00,-1.131929e+01,-2.014179e+01,-3.259041e+00,1.862091e+00,8.933539e+00,2.134910e+00,-8.911068e-01,3.285702e+00,1.137316e+01,4.388855e-01,-3.188120e+00,4.684195e-02,0,6.914394e-01,-1.429917e-04,-5.550865e-02,7.649194e-01,7.913971e-02,2.819657e-01,1.090514e+00,1.844195e+00,-3.014327e-01,-8.551291e-01,1.946648e+00,-9.142456e-02,-1.489666e-01,2.311522e+00,-3.324270e-04,-5.414452e+01,-2.276212e-03
7.185146e-03,1.421895e+00,-1.135491e+01,-2.002536e+01,-1.804714e+00,2.705821e+00,1.118960e+01,2.494000e+00,-9.095243e-01,5.631250e+00,1.031104e+01,1.903340e+00,-2.063618e+00,4.442430e-02,0,6.978968e-01,-1.529280e-04,1.388752e-02,4.333940e-01,-2.315586e-01,5.302853e-01,9.081458e-01,1.377634e+00,5.546460e-02,-7.465021e-01,1.548132e+00,-1.148701e+00,2.280352e-01,1.334152e+00,-6.950747e-04,-2.175987e+01,-2.926886e-04
7.208667e-03,1.000261e+00,-1.084876e+01,-2.091620e+01,-6.466980e-01,3.597243e+00,1.217731e+01,3.020857e+00,-2.783893e+00,6.261874e+00,7.669282e+00,2.796518e+00,-1.592583e+00,4.412209e-02,0,6.968038e-01,-3.050266e-04,3.580760e-02,2.970141e-01,-3.695169e-01,1.202955e-01,4.255857e-01,6.181456e-01,1.833075e-01,-7.863400e-01,9.424549e-01,-1.443032e+00,-2.514731e-01,5.995225e-01,6.044134e-05,0,1.215875e-04
6.620975e-03,1.159546e+00,-1.035394e+01,-2.135930e+01,-1.490080e+00,3.848782e+00,1.121685e+01,2.675148e+00,-3.670023e+00,6.299036e+00,5.962685e+00,9.578848e-01,-8.382083e-01,4.563312e-02,0,6.942844e-01,-5.048257e-04,1.964219e-01,1.601463e-01,-1.134109e-03,-5.506433e-01,3.504622e-02,3.564157e-01,-2.053346e-01,-3.796285e-01,6.540858e-01,-7.065726e-01,-9.965779e-01,2.285869e-01,7.857375e-04,0,-2.549046e-03
6.008999e-03,1.450530e+00,-1.033471e+01,-2.132240e+01,-2.814880e+00,3.418539e+00,1.201064e+01,2.960873e+00,-3.442557e+00,7.664084e+00,6.332178e+00,-3.457524e-01,-8.032122e-01,4.653974e-02,0,6.938536e-01,-5.267136e-04,3.724587e-01,-1.803360e-02,3.966120e-01,-7.140698e-01,-2.432320e-01,5.418738e-01,-5.180190e-01,-4.497750e-02,2.373896e-01,2.651657e-01,-1.046426e+00,-8.200676e-02,8.159574e-04,0,-2.502572e-03
5.260851e-03,2.178869e+00,-1.081121e+01,-1.982792e+01,-3.473840e+00,2.970404e+00,1.305501e+01,1.497319e+00,-2.478334e+00,8.200574e+00,7.446725e+00,-1.508413e+00,-1.315369e+00,4.714416e-02,0,6.866267e-01,-3.598233e-04,3.861422e-01,-3.209839e-02,6.713989e-01,-2.720671e-01,-2.333745e-01,6.222616e-01,-8.343241e-01,-1.833632e-01,-4.958794e-01,4.117015e-01,-6.374262e-01,-3.531114e-01,8.763977e-04,0,-9.839416e-04
5.255161e-03,2.352893e+00,-1.071029e+01,-1.969882e+01,-3.225167e+00,2.820272e+00,1.396760e+01,1.019677e+00,-3.604625e+00,6.498053e+00,8.253091e+00,-1.202464e+00,-1.764036e+00,4.744636e-02,0,6.881198e-01,-1.688777e-04,3.729653e-01,9.544172e-02,6.337408e-01,2.862808e-01,-1.165347e-01,-1.635094e-02,-8.998051e-01,-5.487347e-01,-9.703091e-01,1.761041e-01,-2.900435e-01,-6.100735e-01,6.044112e-04,0,4.489464e-03
5.198777e-03,2.639076e+00,-1.032664e+01,-1.881409e+01,-2.645272e+00,2.981043e+00,1.334968e+01,-5.258740e-01,-4.505805e+00,4.402654e+00,7.060736e+00,-1.800890e+00,-2.123353e+00,4.956180e-02,0,6.922316e-01,-9.426787e-05,3.202045e-01,2.687918e-01,4.641266e-01,3.395666e-01,-4.007519e-01,-6.098478e-01,-3.198742e-01,-6.878196e-01,-5.231712e-01,8.610725e-02,9.374157e-02,-6.525958e-01,-9.066313e-05,0,4.499674e-03
5.195647e-03,3.085254e+00,-1.009978e+01,-1.866062e+01,-1.797760e+00,2.830546e+00,1.178155e+01,-5.265556e-01,-5.172495e+00,4.711499e+00,7.405693e+00,-1.649731e+00,-3.449588e+00,4.835298e-02,0,7.134984e-01,-2.165317e-04,1.661065e-01,2.744832e-01,4.535826e-01,5.207410e-02,-8.148340e-01,-9.074239e-01,3.636324e-01,-4.158017e-01,5.547974e-01,5.101346e-01,4.577860e-01,-6.530492e-01,-1.662134e-03,0,-1.386249e-03
4.819269e-03,3.413712e+00,-9.772502e+00,-1.802640e+01,-2.489710e+00,9.615078e-01,1.109880e+01,6.710641e-01,-5.133497e+00,6.477995e+00,8.300961e+00,-8.160717e-01,-3.735572e+00,4.623753e-02,0,6.964357e-01,-3.464327e-04,-5.428479e-02,2.895290e-01,3.886114e-01,-3.743328e-01,-1.131384e+00,-5.742185e-01,7.446622e-01,-2.018264e-01,1.140878e+00,1.049081e+00,7.288072e-01,-5.451727e-01,-2.991840e-03,0,-9.135532e-03
4.362257e-03,2.796107e+00,-9.614944e+00,-1.782476e+01,-3.042578e+00,-2.441306e-01,1.055592e+01,2.239370e+00,-5.369787e+00,8.234369e+00,1.018365e+01,5.940570e-01,-4.223173e+00,4.079783e-02,0,6.790865e-01,-4.446418e-04,-3.100500e-01,5.057050e-01,4.411823e-01,-6.806226e-01,-1.171093e+00,-3.065293e-01,4.591155e-01,-3.347452e-01,5.998737e-01,1.326902e+00,1.036474e+00,-2.804715e-01,-3.384708e-03,0,-6.870151e-03
3.883309e-03,2.512225e+00,-9.121411e+00,-1.728897e+01,-3.894527e+00,-1.138539e+00,1.109140e+01,1.814474e+00,-5.416292e+00,8.345608e+00,1.091716e+01,7.212517e-01,-4.462424e+00,3.838018e-02,0,6.637599e-01,-4.767329e-04,-2.472045e-01,9.759747e-01,5.721207e-01,-2.968668e-01,-7.643850e-01,-3.516181e-01,-6.142502e-02,-5.169622e-01,-4.503286e-01,1.042431e+00,1.038098e+00,2.312129e-01,-3.445149e-03,0,-2.821452e-03
3.440418e-03,1.985747e+00,-7.896802e+00,-1.682342e+01,-4.498465e+00,-1.974895e+00,1.025260e+01,1.197317e+00,-6.704824e+00,6.777061e+00,1.273210e+01,2.763978e+00,-4.488519e+00,3.535811e-02,0,6.954856e-01,-4.987606e-04,-1.870098e-02,1.511604e+00,9.319745e-01,2.584782e-01,-6.058045e-01,-7.500651e-01,1.664673e-01,-5.652886e-02,-1.491981e+00,-7.096348e-02,6.638201e-01,6.921448e-01,-3.686915e-03,0,-6.437969e-03
2.896524e-03,2.582869e+00,-5.751699e+00,-1.566646e+01,-3.246100e+00,-1.995035e+00,9.492370e+00,8.849654e-01,-7.050789e+00,4.955006e+00,1.223889e+01,3.289456e+00,-2.446834e+00,3.173164e-02,0,6.741289e-01,-5.301976e-04,1.181862e-01,1.834759e+00,1.520399e+00,9.757959e-01,-4.546062e-01,-1.422207e+00,9.748923e-01,6.555424e-01,-2.063264e+00,-1.300930e+00,1.054379e-01,1.001267e+00,-3.445149e-03,0,-1.843986e-02
2.361847e-03,2.667280e+00,-3.741782e+00,-1.397614e+01,-2.074400e+00,-2.844905e+00,7.605114e+00,3.536461e+00,-4.835183e+00,2.469768e+00,9.167969e+00,2.629056e+00,-1.770244e+00,2.568752e-02,0,6.417121e-01,-4.787658e-04,1.000279e-01,1.670181e+00,1.889713e+00,1.316407e+00,-3.932520e-01,-1.827988e+00,1.304473e+00,1.195467e+00,-1.958745e+00,-2.089599e+00,-2.780584e-01,6.320491e-01,-1.722574e-03,0,-2.561175e-02
1.771606e-03,2.762389e+00,-2.025123e+00,-1.111061e+01,-2.275800e-01,-2.976565e+00,5.304112e+00,5.519364e+00,-3.073400e+00,1.829359e-01,6.194576e+00,1.315902e+00,-8.152264e-01,2.598973e-02,0,5.984473e-01,-3.448068e-04,-6.355336e-02,1.083109e+00,1.755412e+00,1.138214e+00,-3.179826e-01,-1.766254e+00,9.384094e-01,8.531770e-01,-1.512931e+00,-1.603525e+00,3.902524e-02,-5.071225e-02,1.118163e-03,0,-1.548497e-02
1.609048e-03,2.396127e+00,-1.409185e+00,-9.652783e+00,5.743101e-01,-3.450390e+00,3.206794e+00,5.402484e+00,-2.716184e+00,-6.306292e-01,5.306265e+00,2.360463e+00,-2.144078e+00,2.961620e-02,0,6.052676e-01,-1.912127e-04,-9.280155e-02,4.858592e-01,1.126321e+00,9.616467e-01,-3.334522e-03,-1.020808e+00,-9.382973e-02,1.674663e-01,-8.197868e-01,-6.044416e-01,3.795491e-01,-6.716129e-01,2.870959e-03,0,-3.320277e-03
1.548889e-03,2.400679e+00,-1.502452e+00,-9.051084e+00,1.120615e+00,-3.282205e+00,2.860262e+00,4.644001e+00,-3.844404e+00,-1.059452e+00,6.152121e+00,3.618879e+00,-2.513478e+00,3.535812e-02,0,6.149263e-01,-5.345836e-05,-3.436973e-02,7.952321e-02,3.577948e-01,6.211085e-01,5.929422e-02,-1.181250e-02,-5.577354e-01,-2.061614e-01,-4.889043e-01,1.097093e-01,3.751422e-01,-1.152465e+00,2.206105e-03,0,5.471635e-03
1.517142e-03,2.384127e+00,-1.573822e+00,-9.374297e+00,2.059736e+00,-2.708758e+00,3.722999e+00,3.504994e+00,-3.612350e+00,-1.007973e+00,6.166988e+00,3.375313e+00,-4.279182e+00,3.535812e-02,0,6.168712e-01,-1.033302e-06,1.185489e-01,7.168219e-02,-1.232824e-01,4.472512e-01,2.049150e-01,6.079174e-01,-3.412565e-01,-4.341164e-01,-6.129297e-01,1.898284e-01,2.384200e-01,-9.036440e-01,3.022056e-04,0,5.140913e-03
1.550268e-03,2.596540e+00,-1.545189e+00,-9.460877e+00,2.135249e+00,-3.050910e+00,4.986947e+00,3.679432e+00,-3.656125e+00,-2.072914e+00,6.312761e+00,2.684188e+00,-5.510002e+00,3.414929e-02,0,6.200037e-01,2.789240e-05,2.281585e-01,1.429364e-01,-3.443561e-01,3.238842e-01,2.922588e-01,5.510907e-01,-2.969242e-01,-3.308389e-01,-8.052670e-01,2.003179e-01,4.117027e-01,-6.619672e-01,-1.148384e-03,0,4.661995e-03
1.603193e-03,2.890941e+00,-1.029405e+00,-1.006430e+01,2.303249e+00,-2.541462e+00,5.183038e+00,4.178486e+00,-4.980906e+00,-3.188547e+00,6.175087e+00,4.019908e+00,-5.164036e+00,3.173164e-02,0,6.284335e-01,8.211449e-05,3.128396e-01,-2.199960e-02,-6.167650e-01,3.929227e-01,6.983165e-01,-3.011557e-01,-8.870770e-01,-1.043687e-01,-1.470164e-01,7.730231e-01,9.662387e-01,-6.391916e-02,-1.057722e-03,0,1.772279e-03
1.645326e-03,3.288065e+00,-1.059978e+00,-1.042786e+01,2.618280e+00,-1.904559e+00,4.885696e+00,2.822634e+00,-4.814320e+00,-3.995500e+00,7.149661e+00,5.355094e+00,-5.380888e+00,3.142944e-02,0,6.324552e-01,1.405500e-04,1.931416e-01,-4.447033e-01,-8.011662e-01,6.739503e-01,1.181571e+00,-1.396009e+00,-2.059186e+00,1.060532e+00,1.777993e+00,1.512592e+00,8.585150e-01,1.728327e-01,-3.324270e-04,0,-5.044472e-03
1.880185e-03,3.602563e+00,-1.926425e+00,-1.197463e+01,3.782835e+00,2.096491e-01,2.267846e+00,-5.019925e-01,-3.555095e+00,-7.817616e-01,9.613654e+00,6.871053e+00,-4.663335e+00,3.142944e-02,0,6.195069e-01,1.973595e-04,-8.398642e-02,-1.061024e+00,-8.496083e-01,1.048760e+00,1.211753e+00,-2.437922e+00,-2.306675e+00,2.845370e+00,3.989695e+00,1.687327e+00,-1.704667e-01,1.384376e-01,-1.208823e-04,0,-1.007675e-02
2.114522e-03,3.206437e+00,-3.320195e+00,-1.251154e+01,4.765208e+00,1.481387e+00,-5.355036e-01,-4.276262e+00,9.336292e-01,5.613657e+00,1.215644e+01,5.551191e+00,-4.896189e+00,3.263826e-02,0,5.992447e-01,2.069438e-04,-4.001119e-01,-1.340557e+00,-7.775527e-01,1.443614e+00,5.664104e-01,-3.036847e+00,-8.236706e-01,4.301610e+00,4.516469e+00,8.052607e-01,-1.470770e+00,3.224131e-01,-4.533097e-04,0,-9.549064e-03
2.355392e-03,2.511822e+00,-5.204417e+00,-1.327050e+01,6.473584e+00,1.824327e+00,-4.295971e+00,-3.805440e+00,6.371967e+00,1.195535e+01,1.210833e+01,3.069527e+00,-4.714198e+00,3.052282e-02,0,5.946550e-01,1.850032e-04,-5.258893e-01,-1.314865e+00,-4.512286e-01,1.645413e+00,-6.906861e-01,-3.040802e+00,1.172772e+00,4.496522e+00,3.143238e+00,-6.423046e-01,-2.032042e+00,4.360460e-01,-6.044125e-04,0,-2.936250e-03
2.442441e-03,1.832876e+00,-6.123767e+00,-1.366769e+01,8.490974e+00,1.201537e-01,-7.016630e+00,3.560047e-01,1.173020e+01,1.221829e+01,9.928624e+00,-9.799471e-02,-3.743391e+00,2.961620e-02,0,5.971358e-01,1.595696e-04,-4.148202e-01,-9.480451e-01,-2.547545e-01,1.696389e+00,-1.284038e+00,-2.837064e+00,2.269604e+00,2.963795e+00,8.594351e-01,-1.739793e+00,-1.192681e+00,6.574707e-01,3.022062e-04,0,-7.134855e-04
2.641241e-03,1.659897e+00,-7.098963e+00,-1.365270e+01,1.014701e+01,-2.563165e+00,-9.695600e+00,3.045733e+00,1.352923e+01,1.163211e+01,7.516037e+00,-4.645644e-01,-3.059504e+00,2.991840e-02,0,6.058801e-01,9.801656e-05,-2.530744e-01,-4.688446e-01,3.204470e-01,1.376583e+00,-1.283805e+00,-2.351944e+00,1.439746e+00,9.152901e-01,-4.628794e-01,-1.803033e+00,2.710526e-02,5.857961e-01,1.390149e-03,0,-5.528611e-03
2.769445e-03,1.558299e+00,-7.113148e+00,-1.359422e+01,1.141044e+01,-2.745056e+00,-1.202101e+01,3.646173e+00,1.217397e+01,1.007245e+01,5.753618e+00,1.354831e+00,-2.436182e+00,3.445150e-02,0,5.900647e-01,-9.215902e-07,-1.090378e-01,8.759165e-03,7.867772e-01,9.651845e-01,-5.295480e-01,-1.622828e+00,-1.405739e-01,-4.174615e-01,-8.200301e-01,-1.219986e+00,1.156024e+00,8.143406e-01,7.555159e-04,0,-1.189280e-02
2.681973e-03,1.383739e+00,-7.053949e+00,-1.170500e+01,1.189677e+01,-3.162095e+00,-1.355350e+01,1.748204e+00,1.072653e+01,1.071387e+01,5.180670e+00,2.478640e+00,-2.438822e+00,3.505591e-02,0,5.705475e-01,-1.610371e-04,-9.454004e-02,5.661640e-01,1.316079e+00,6.983037e-01,2.068316e-01,-4.773498e-01,-1.037740e+00,-5.547594e-01,-9.199109e-01,-4.703991e-01,1.026950e+00,1.395039e+00,-1.873677e-03,0,-1.603986e-02
2.417467e-03,1.425766e+00,-6.102479e+00,-1.070765e+01,1.244202e+01,-2.228122e+00,-1.320182e+01,3.018997e-01,1.104424e+01,8.577258e+00,4.996377e+00,4.210523e+00,1.797024e-02,3.082502e-02,0,5.553381e-01,-2.853016e-04,-4.794302e-02,9.741880e-01,1.518455e+00,4.302455e-01,5.181109e-01,8.789669e-01,-1.104493e+00,-4.061705e-01,-1.024364e+00,-1.076488e-01,7.186718e-02,1.960065e+00,-5.077062e-03,0,-1.231527e-02
2.012045e-03,1.253463e+00,-4.773478e+00,-8.515583e+00,1.312274e+01,-1.787474e+00,-1.149194e+01,-4.708327e-01,1.132030e+01,7.780153e+00,5.542662e+00,3.242340e+00,2.688615e+00,2.236325e-02,0,5.430441e-01,-3.166335e-04,-7.832210e-02,1.190197e+00,1.509728e+00,4.093090e-01,6.056575e-01,1.425215e+00,-6.187600e-01,-4.595321e-01,-1.512187e+00,-3.786403e-01,-7.211252e-01,1.840277e+00,-5.167725e-03,0,-6.644690e-03
1.677901e-03,1.383722e+00,-3.382443e+00,-7.596653e+00,1.294868e+01,-8.418120e-01,-8.656953e+00,-7.667729e-01,9.846233e+00,6.417494e+00,5.034378e+00,1.332317e+00,4.800427e+00,1.541251e-02,0,5.422401e-01,-2.351720e-04,-9.358299e-03,9.645979e-01,1.169701e+00,2.460132e-01,2.391793e-01,8.161572e-01,-5.371773e-01,-9.548904e-01,-1.580099e+00,-9.445757e-01,-9.286930e-01,9.201708e-01,-1.994560e-03,0,9.711504e-04
1.468589e-03,1.013151e+00,-2.462981e+00,-5.711862e+00,1.368998e+01,-8.269624e-01,-8.699863e+00,-8.112593e-01,9.027876e+00,4.232818e+00,3.268468e+00,3.121173e-01,4.371336e+00,1.692354e-02,0,5.438731e-01,-6.478053e-05,1.610339e-01,4.503368e-01,3.731503e-01,4.240208e-02,-3.899459e-01,-6.030134e-01,-7.969204e-01,-8.044039e-01,-1.608447e+00,-1.605858e+00,3.256128e-01,4.462080e-02,3.475371e-03,0,7.991445e-03
1.513335e-03,1.499131e+00,-2.434737e+00,-6.261008e+00,1.338847e+01,-1.512481e+00,-1.051707e+01,-2.213773e+00,7.416002e+00,2.450430e+00,1.410596e+00,1.032169e+00,3.777464e+00,2.357208e-02,0,5.597793e-01,1.430526e-04,3.560222e-01,-2.611676e-01,-5.225098e-01,-1.778984e-01,-1.150928e+00,-2.135935e+00,-9.060707e-01,-2.564679e-01,-1.039152e+00,-1.389754e+00,1.445506e+00,-3.559907e-01,6.890298e-03,0,1.053502e-02
1.770425e-03,2.000928e+00,-2.995647e+00,-7.317654e+00,1.311486e+01,-3.401869e+00,-1.357695e+01,-3.731934e+00,8.513396e+00,1.721447e+00,-6.747391e-01,5.020478e+00,3.423200e+00,3.566032e-02,0,5.742317e-01,3.667816e-04,3.998584e-01,-9.777051e-01,-1.314691e+00,-4.687867e-01,-1.982910e+00,-2.856307e+00,-8.629019e-01,3.853797e-01,-2.445482e-01,-6.436261e-01,1.807978e+00,-2.635912e-01,6.769416e-03,0,1.113431e-02
2.242246e-03,2.669944e+00,-4.421948e+00,-9.406306e+00,1.234675e+01,-5.308998e+00,-1.689808e+01,-3.836789e+00,8.821134e+00,2.477417e+00,5.721354e-02,6.205668e+00,3.494541e+00,4.049562e-02,0,5.797359e-01,5.101225e-04,1.745589e-01,-1.410038e+00,-1.399544e+00,-2.843710e-01,-2.374269e+00,-2.950995e+00,-5.954368e-02,6.977311e-01,4.447064e-01,3.774673e-01,1.055855e+00,-6.207485e-02,3.989120e-03,0,1.073061e-02
2.938042e-03,2.427037e+00,-6.357901e+00,-1.071267e+01,1.186691e+01,-8.843253e+00,-1.979089e+01,-4.314261e+00,1.025221e+01,2.996583e+00,7.270285e-01,6.765259e+00,3.194841e+00,4.230886e-02,0,5.895663e-01,4.889728e-04,-1.074443e-01,-1.463756e+00,-1.100030e+00,-2.220071e-01,-2.117456e+00,-2.256916e+00,5.850339e-01,3.901515e-01,8.397167e-01,9.789116e-01,-2.673748e-01,-5.933173e-02,8.763977e-04,0,1.151027e-02
3.480139e-03,2.158872e+00,-7.803798e+00,-1.156122e+01,1.259059e+01,-1.066314e+01,-2.216508e+01,-2.220329e+00,1.003525e+01,4.036395e+00,2.597049e+00,5.439053e+00,3.581270e+00,4.019341e-02,0,6.057650e-01,2.719939e-04,-3.005633e-01,-1.174294e+00,-4.672047e-01,-1.214254e-01,-1.330713e+00,-1.111062e+00,1.089345e+00,1.960538e-01,7.246922e-01,9.240811e-01,-1.004671e+00,-1.724197e-01,-6.950736e-04,0,1.130131e-02
3.596342e-03,1.719243e+00,-8.623505e+00,-1.174035e+01,1.188290e+01,-1.131208e+01,-2.222803e+01,-1.614995e+00,9.857095e+00,5.140543e+00,2.949901e+00,4.066912e+00,3.083178e+00,4.019341e-02,0,6.187685e-01,-4.660455e-06,-3.521563e-01,-8.775719e-01,-7.490043e-02,-2.955801e-01,-4.737515e-01,-3.778610e-02,1.273605e+00,1.031968e-01,2.523673e-01,4.883474e-01,-1.285453e+00,-4.362275e-01,-1.964340e-03,0,6.466287e-03
3.273065e-03,1.521024e+00,-9.160617e+00,-1.122849e+01,1.173162e+01,-1.072815e+01,-2.123482e+01,2.603017e-01,9.998960e+00,5.028899e+00,3.566183e+00,2.531488e+00,2.688274e+00,3.807797e-02,0,6.216414e-01,-1.722521e-04,-3.147953e-01,-6.929392e-01,6.765938e-03,-3.107589e-01,-2.568794e-01,7.964098e-01,9.722481e-01,1.417211e-01,-4.825243e-01,-2.196433e-01,-8.380173e-01,-5.359907e-01,-3.022061e-03,0,6.273687e-04
3.018277e-03,9.851789e-01,-1.006735e+01,-1.125354e+01,1.081849e+01,-1.117950e+01,-2.044495e+01,8.134499e-01,1.078634e+01,3.762167e+00,2.684198e+00,1.791775e+00,1.460201e+00,3.354488e-02,0,6.139596e-01,-1.314790e-04,-2.414671e-01,-4.948063e-01,-1.041119e-01,2.666988e-02,-2.564458e-01,7.246046e-01,7.869431e-01,-1.236347e-01,-9.382249e-01,-6.425157e-01,-1.619406e-01,-1.761054e-01,-3.868239e-03,0,-3.059387e-03
2.907912e-03,9.519272e-01,-1.054657e+01,-1.177080e+01,1.156900e+01,-1.201382e+01,-1.907457e+01,1.426689e+00,1.027923e+01,2.312961e+00,1.631684e+00,2.386534e+00,1.712804e+00,2.840737e-02,0,6.113063e-01,-3.133707e-05,-1.536261e-01,-1.005239e-01,-9.906483e-02,3.472286e-01,-1.702437e-01,4.038851e-01,3.303988e-02,-4.900957e-01,-9.306809e-01,-4.416910e-01,5.531794e-01,1.103988e-01,-3.203385e-03,0,-2.213609e-03
3.121524e-03,7.964563e-01,-1.040456e+01,-1.198975e+01,1.209756e+01,-1.195147e+01,-1.968514e+01,1.736526e+00,9.098783e+00,1.807387e+00,7.045727e-01,3.329686e+00,2.690386e+00,2.568752e-02,0,6.086391e-01,-2.584886e-07,-2.824682e-03,3.774198e-01,2.188011e-01,5.148468e-01,3.206836e-01,1.105415e-01,-4.509363e-01,-6.042469e-01,-5.750338e-01,2.422995e-01,8.301131e-01,2.919782e-01,-1.269266e-03,0,5.478561e-04
3.064756e-03,8.472549e-01,-9.494633e+00,-1.135571e+01,1.282823e+01,-1.119338e+01,-1.959530e+01,-3.603721e-02,8.392259e+00,1.352884e+00,2.347541e+00,4.528430e+00,2.625175e+00,2.598973e-02,0,6.132336e-01,-7.251811e-05,8.072115e-02,7.501191e-01,6.261438e-01,4.779260e-01,8.066030e-01,7.797775e-02,-9.540437e-01,-3.830434e-01,-1.664330e-01,5.948616e-01,9.083382e-01,-4.788253e-02,1.118163e-03,0,2.040863e-04
2.938562e-03,1.023392e+00,-8.706222e+00,-1.036708e+01,1.276311e+01,-9.986305e+00,-1.963187e+01,-7.098685e-01,8.708592e+00,1.367036e+00,3.537767e+00,4.871393e+00,2.463906e+00,2.840737e-02,0,6.157352e-01,-1.890886e-04,2.026460e-01,1.019528e+00,8.593487e-01,2.947575e-01,1.133603e+00,5.351984e-01,-1.032528e+00,-3.407047e-01,4.496132e-02,2.082947e-01,7.259113e-01,-2.200058e-01,2.538532e-03,0,-4.205418e-03
2.636802e-03,1.242065e+00,-7.645144e+00,-9.451417e+00,1.362586e+01,-8.963391e+00,-1.871131e+01,-2.120332e+00,8.559114e+00,1.700971e+00,3.189394e+00,6.157372e+00,1.586631e+00,3.263826e-02,0,6.087787e-01,-2.478330e-04,1.885871e-01,1.238701e+00,9.136817e-01,1.572380e-02,1.242421e+00,8.726040e-01,-9.759437e-01,-6.100046e-01,3.785096e-01,-4.092568e-01,4.352582e-01,-6.921072e-02,2.417648e-03,0,-8.724195e-03
2.390058e-03,1.612281e+00,-6.231662e+00,-8.645152e+00,1.317254e+01,-7.398454e+00,-1.745114e+01,-2.383968e+00,7.311832e+00,1.858150e+00,1.325119e+00,6.144771e+00,2.109629e+00,3.505591e-02,0,5.898395e-01,-2.935847e-04,1.413627e-01,1.613059e+00,9.551274e-01,-2.994451e-01,1.327420e+00,1.114306e+00,-1.185825e+00,-6.453142e-01,5.932835e-01,-4.598199e-01,-1.475847e-01,2.404032e-01,4.533082e-04,0,-1.080136e-02
2.099843e-03,1.495746e+00,-4.538409e+00,-7.648260e+00,1.270213e+01,-6.275204e+00,-1.632265e+01,-4.078707e+00,6.040616e+00,2.999875e+00,1.407580e+00,6.068032e+00,2.456261e+00,3.475370e-02,0,5.825605e-01,-3.047715e-04,-1.030768e-01,1.929094e+00,1.316860e+00,-4.640279e-01,1.372070e+00,1.180195e+00,-1.157247e+00,-2.418102e-01,6.952453e-01,-6.379492e-01,-1.206799e+00,3.043601e-01,-2.478091e-03,0,-8.447737e-03
1.739118e-03,1.603365e+00,-2.194294e+00,-6.493018e+00,1.172775e+01,-4.693297e+00,-1.525468e+01,-5.659805e+00,6.741271e+00,3.684002e+00,2.129575e+00,4.178140e+00,3.231108e+00,2.961620e-02,0,5.748375e-01,-2.980505e-04,-4.303118e-01,2.093240e+00,1.843127e+00,-2.486732e-01,1.408737e+00,1.272054e+00,-6.242480e-01,5.373489e-01,8.255291e-01,-8.746156e-01,-1.791373e+00,1.169606e-01,-4.744635e-03,0,-7.429737e-03
1.438415e-03,7.311395e-01,-1.835632e-02,-3.943184e+00,1.202811e+01,-3.455621e+00,-1.390857e+01,-6.268650e+00,7.635344e+00,4.264272e+00,-4.025793e-01,1.106692e+00,2.547692e+00,2.296766e-02,0,5.740409e-01,-2.494447e-04,-6.918820e-01,1.805852e+00,2.193536e+00,-4.320593e-02,1.131425e+00,1.234440e+00,5.655790e-01,8.767508e-01,7.918490e-01,-1.196445e+00,-1.486898e+00,1.367323e-01,-4.744635e-03,0,-8.524543e-03
1.230519e-03,-1.569750e-01,1.974514e+00,-1.282053e+00,1.226618e+01,-1.764559e+00,-1.229791e+01,-4.410236e+00,9.201213e+00,5.353597e+00,-2.142879e+00,-3.314249e-01,2.648716e+00,1.722575e-02,0,5.569506e-01,-1.756678e-04,-8.186053e-01,1.066973e+00,1.733246e+00,-7.292271e-03,4.908180e-01,9.404009e-01,1.184209e+00,4.854141e-01,9.554516e-01,-8.460681e-02,1.476565e-02,1.779636e-01,-1.359927e-03,0,-4.522913e-02
1.106919e-03,-1.083494e+00,2.406445e+00,7.139377e-01,1.221689e+01,-2.082447e+00,-1.162883e+01,-1.875596e+00,9.194398e+00,6.124322e+00,-2.438418e+00,8.883224e-01,3.431118e+00,1.722575e-02,0,5.488813e-01,-1.145217e-04,-8.117897e-01,4.375226e-01,7.317033e-01,-2.348640e-01,-3.693657e-01,2.442322e-01,7.464398e-01,-3.285519e-01,5.701854e-01,1.843970e+00,1.399096e+00,2.002982e-01,3.263826e-03,0,-9.825619e-02
1.026527e-03,-1.582345e+00,1.928172e+00,-1.553462e-01,1.159690e+01,-2.925794e+00,-1.169254e+01,-1.935288e+00,8.388814e+00,7.531234e+00,2.724460e+00,4.361153e+00,3.679213e+00,2.568752e-02,0,3.612717e-01,-6.889612e-05,-6.607608e-01,1.437014e-01,-6.798498e-01,-1.391779e+00,-1.136614e+00,1.312708e-01,1.803723e-01,-5.766391e-01,-2.736819e-01,2.427054e+00,1.261306e+00,-5.080133e-02,6.618313e-03,0,-1.113162e-01
9.678022e-04,-2.615124e+00,2.192427e+00,-8.480207e-01,1.118844e+01,-4.721832e+00,-1.299009e+01,-3.773925e+00,6.398783e+00,6.026380e+00,6.383603e+00,5.755881e+00,3.033935e+00,3.505591e-02,0,1.805995e-01,-3.748314e-05,-4.393913e-01,1.993726e-01,-1.605412e+00,-2.507699e+00,-1.202434e+00,6.966528e-01,5.818169e-01,3.038359e-03,-9.147566e-01,1.112050e+00,-2.611887e-01,8.516381e-02,7.555153e-03,0,-9.055025e-02
9.555970e-04,-2.694964e+00,2.800030e+00,-3.900323e+00,5.821510e+00,-6.127937e+00,-1.096093e+01,-2.559211e+00,7.715825e+00,4.034159e+00,5.581381e+00,3.541324e+00,2.593301e+00,4.140224e-02,0,1.845106e-01,-1.236840e-05,-2.166533e-03,1.626365e-01,-1.956126e+00,-2.992101e+00,-5.768905e-01,1.732643e+00,1.850415e+00,6.209477e-01,-1.545575e+00,-1.610942e+00,-1.920796e+00,3.729997e-01,5.923240e-03,0,-3.496110e-02
9.549682e-04,-2.724141e+00,2.967379e+00,-5.440636e+00,2.566087e+00,-6.493546e+00,-8.511376e+00,1.345450e+00,9.546084e+00,3.299077e+00,1.693371e+00,-7.706563e-03,4.399893e+00,4.714416e-02,0,1.845106e-01,2.530181e-05,6.294123e-01,3.528915e-01,-1.524605e+00,-2.213082e+00,2.516307e-01,2.319991e+00,2.041625e+00,1.224335e-01,-1.349596e+00,-2.787107e+00,-2.162799e+00,3.192703e-01,3.445150e-03,0,7.831278e-03
9.711024e-04,-1.538669e+00,2.353878e+00,-7.639670e+00,9.475664e-01,-4.924389e+00,-5.268686e+00,4.757099e+00,9.919902e+00,1.167009e+00,-2.985136e+00,-2.361034e+00,4.861232e+00,4.925960e-02,0,1.845106e-01,8.703033e-05,1.230504e+00,8.482212e-01,-5.942047e-01,-8.654398e-01,5.933497e-01,1.782966e+00,7.845079e-01,-1.425446e+00,-1.481734e+00,-2.708852e+00,-1.162042e+00,-1.889128e-01,-1.450589e-03,0,5.555687e-02
1.086559e-03,-4.621013e-02,4.179961e+00,-6.601374e+00,2.559998e+00,-4.065453e+00,-4.236261e+00,2.776045e+00,5.908912e+00,7.119742e-01,-3.268675e+00,-2.106937e+00,3.496320e+00,4.835298e-02,0,2.197558e-01,1.558357e-04,1.677807e+00,1.461661e+00,6.874327e-02,-5.349685e-01,2.603069e-01,8.867611e-01,-1.031179e+00,-2.508108e+00,-1.541252e+00,-1.559749e+00,9.308386e-02,-8.012465e-01,-6.648535e-03,0,1.220210e-01
1.324954e-03,2.118591e+00,6.434845e+00,-6.290977e+00,1.497355e+00,-4.375236e+00,-4.183650e+00,6.480317e-01,2.407181e+00,-2.080960e+00,-5.481855e+00,-1.219270e+00,2.100523e+00,3.354488e-02,0,4.446723e-01,1.714200e-04,1.527004e+00,1.477710e+00,5.965136e-01,-4.203383e-01,-3.635585e-01,-9.159622e-02,-1.766210e+00,-1.953664e+00,-1.370888e+00,-5.569396e-01,4.799128e-01,-6.620048e-01,-1.009368e-02,0,1.403661e-01
1.557221e-03,3.836266e+00,8.235199e+00,-5.771266e+00,-3.836505e-01,-5.466588e+00,-4.620089e+00,-1.755913e+00,7.619067e-01,-2.783196e+00,-4.857014e+00,-1.131692e-01,1.774014e+00,2.175884e-02,0,6.645345e-01,1.112928e-04,9.732830e-01,7.092482e-01,5.867943e-01,-1.633040e-01,-6.391191e-01,-3.500635e-01,-1.114444e+00,-3.709386e-01,-1.151177e+00,-7.976528e-02,2.219931e-01,7.632132e-02,-9.156845e-03,0,1.091328e-01
1.592871e-03,4.155115e+00,7.714809e+00,-5.072156e+00,3.176986e-01,-6.041614e+00,-5.534754e+00,-1.807972e+00,2.725082e+00,-3.939842e+00,-4.975664e+00,-9.583541e-01,2.412361e+00,1.208824e-02,0,6.639519e-01,1.502270e-06,1.511735e-01,-1.753225e-02,5.815466e-01,6.260480e-01,-3.362379e-01,-1.963220e-01,-4.326405e-01,8.157500e-01,-4.217073e-01,2.506643e-01,1.701231e-02,7.608954e-01,-3.989120e-03,0,3.924080e-02
1.509064e-03,3.801943e+00,7.086220e+00,-4.276813e+00,2.333306e+00,-6.427859e+00,-5.311027e+00,-1.568174e+00,3.895268e+00,-4.114467e+00,-3.920596e+00,-1.127429e+00,3.722008e+00,1.329707e-02,0,6.557801e-01,-8.618776e-05,-5.178409e-01,-4.240565e-01,2.624266e-01,1.006018e+00,5.687603e-01,4.799305e-01,-2.688892e-02,4.784717e-01,3.550742e-02,-7.970381e-03,3.374302e-01,1.035161e+00,1.178604e-03,0,-1.009816e-02
1.356544e-03,2.891619e+00,6.921673e+00,-4.130471e+00,3.269117e+00,-5.575790e+00,-4.819791e+00,-1.609040e+00,4.919250e+00,-3.523861e+00,-4.696743e+00,-6.270785e-01,4.931003e+00,1.783016e-02,0,6.452535e-01,-1.139956e-04,-8.695477e-01,-4.216666e-01,9.287953e-02,1.104568e+00,1.637739e+00,8.228436e-01,-7.394989e-02,-5.252786e-01,8.446784e-01,3.183643e-01,9.705051e-01,4.682449e-01,4.351768e-03,0,-1.816089e-02
1.244446e-03,1.878809e+00,6.511485e+00,-4.929976e+00,3.170732e+00,-2.855699e+00,-2.577917e+00,-1.989823e+00,2.057181e+00,-2.813650e+00,-5.036327e+00,1.408344e+00,5.690500e+00,2.478090e-02,0,6.233929e-01,-8.915803e-05,-8.437313e-01,-3.821378e-01,5.191913e-02,1.224786e+00,2.245595e+00,4.222094e-01,1.836463e-01,-1.046585e+00,1.213521e+00,6.636605e-01,9.192503e-01,-5.984417e-01,3.868238e-03,0,-2.320324e-02
1.155202e-03,7.689436e-01,5.893844e+00,-4.281178e+00,5.421828e+00,3.609998e-01,-2.787091e+00,-1.966897e+00,1.017733e+00,-3.668593e-01,-2.825978e+00,2.626285e+00,3.769339e+00,2.810517e-02,0,5.893411e-01,-4.692340e-05,-6.692489e-01,-3.699156e-01,2.425188e-01,1.867412e+00,2.012951e+00,-4.572202e-01,4.168915e-01,-7.934155e-01,1.362767e+00,1.365000e+00,4.830427e-01,-1.442410e+00,9.972804e-04,0,-2.335505e-02
1.163944e-03,6.446248e-01,5.689445e+00,-3.941864e+00,7.380880e+00,1.831721e+00,-4.216330e+00,-4.710136e-01,6.130995e-01,3.746378e-01,-1.537676e+00,1.842141e+00,1.310632e+00,2.750076e-02,0,5.677202e-01,-5.025021e-06,-7.366425e-01,-4.104125e-01,1.576444e-01,2.364398e+00,1.675289e+00,-9.074382e-01,6.103371e-01,-6.903855e-02,9.963604e-01,1.192876e+00,-2.138508e-01,-1.858853e+00,-1.873678e-03,0,-1.975796e-02
1.162178e-03,1.624667e-01,5.483115e+00,-3.411933e+00,1.050111e+01,2.145256e+00,-6.286686e+00,-2.839878e-01,1.674213e+00,1.695828e+00,3.789333e-01,1.571237e+00,-9.111490e-02,2.145663e-02,0,5.563146e-01,3.665080e-05,-1.419176e+00,-6.269336e-01,-1.302188e-01,2.349253e+00,1.696171e+00,-4.980796e-01,7.097198e-01,-5.279414e-01,3.746511e-01,9.449579e-01,-1.546715e-01,-1.318003e+00,-2.689635e-03,0,-2.544049e-02
1.215833e-03,-1.501165e+00,4.664787e+00,-4.576376e+00,1.245309e+01,4.628616e+00,-5.365311e+00,2.204078e-01,1.383748e+00,1.136808e+00,-6.744027e-01,8.666138e-01,-1.673536e+00,1.873678e-02,0,5.411163e-01,9.559350e-05,-2.511449e+00,-9.286765e-01,-3.990447e-01,2.153015e+00,1.817048e+00,-5.138083e-01,7.201017e-01,-1.059017e+00,2.940159e-01,7.629851e-01,4.921867e-01,-4.496106e-01,-1.450589e-03,0,-6.372474e-02
1.312512e-03,-5.254041e+00,3.271505e+00,-4.615016e+00,1.463199e+01,7.443409e+00,-4.702999e+00,1.235991e+00,-2.007298e+00,1.125311e+00,1.467175e+00,2.340691e+00,-1.328591e+00,1.903898e-02,0,4.754406e-01,2.028087e-04,-3.234843e+00,-1.041710e+00,-3.382245e-01,1.720845e+00,8.195675e-01,-1.181885e+00,9.431885e-01,-1.629410e+00,5.290582e-02,8.111901e-01,1.132845e+00,3.894106e-02,2.387428e-03,0,-1.120134e-01
1.566745e-03,-9.204367e+00,2.151868e+00,-5.335546e+00,1.608051e+01,8.267884e+00,-7.577215e+00,2.369506e+00,-2.841229e+00,2.129976e+00,1.733129e+00,3.918347e+00,-3.186833e-01,2.145663e-02,0,2.895335e-01,3.498629e-04,-3.280489e+00,-9.862438e-01,1.889634e-01,1.602432e+00,-1.261594e+00,-2.229660e+00,1.118751e+00,-9.545056e-01,-5.584792e-02,6.812074e-01,1.454401e+00,-1.114745e-01,8.733758e-03,0,-1.005955e-01
2.000765e-03,-1.216014e+01,1.531023e+00,-4.723470e+00,1.729161e+01,4.423460e+00,-1.109016e+01,3.357406e+00,-4.360350e+00,1.463773e+00,3.231118e+00,5.709595e+00,-5.738361e-01,3.203385e-02,0,1.220388e-01,4.612017e-04,-2.689220e+00,-1.117968e+00,6.517780e-01,1.306397e+00,-2.995748e+00,-2.054578e+00,1.598624e+00,1.945097e-01,-6.833461e-01,1.319514e-01,1.133667e+00,-6.371997e-01,1.662133e-02,0,-1.552456e-02
2.621021e-03,-1.445056e+01,6.038090e-01,-3.577332e+00,1.913543e+01,-1.693777e-01,-1.332003e+01,4.753457e+00,-2.212254e+00,6.883377e-01,1.849663e+00,6.454166e+00,-2.608286e+00,5.590813e-02,0,2.148398e-01,5.021706e-04,-2.045501e+00,-1.348344e+00,1.354951e+00,1.201228e+00,-3.432817e+00,-1.130955e+00,1.621862e+00,7.508378e-01,-1.057109e+00,-4.289780e-02,4.841874e-01,-8.942863e-01,2.197038e-02,0,6.043880e-02
3.091382e-03,-1.607704e+01,-1.544304e+00,-2.235232e+00,1.963651e+01,-3.316700e+00,-1.210448e+01,8.037138e+00,-1.349238e+00,-1.570600e+00,2.068665e+00,6.741118e+00,-3.369788e+00,8.491991e-02,0,4.351646e-01,4.466574e-04,-1.454369e+00,-1.451019e+00,1.720682e+00,1.225073e+00,-2.647660e+00,-3.803713e-01,1.175212e+00,8.511127e-01,-1.048496e+00,1.381852e-01,-1.525556e-01,-5.543177e-01,2.042913e-02,0,8.549829e-02
3.532290e-03,-1.747342e+01,-3.052187e+00,1.950920e-01,2.091420e+01,-5.026122e+00,-1.272483e+01,8.138951e+00,-5.925965e-01,-1.638380e+00,2.099866e+00,5.823523e+00,-3.392139e+00,1.048655e-01,0,4.351646e-01,4.807840e-04,-9.933764e-01,-1.246203e+00,2.098225e+00,1.703021e+00,-1.629301e+00,-3.498337e-01,2.171378e-01,2.773902e-01,-9.574051e-01,5.446785e-01,-4.459889e-01,-6.765784e-01,1.311575e-02,0,5.190311e-02
3.778418e-03,-1.792056e+01,-3.896073e+00,1.993727e+00,2.252759e+01,-6.386466e+00,-1.328961e+01,7.540720e+00,-9.146149e-01,-2.615349e+00,3.796943e+00,5.262139e+00,-2.953498e+00,1.097008e-01,0,4.393679e-01,4.829220e-04,-5.781210e-01,-8.899807e-01,1.843351e+00,2.005677e+00,-7.040054e-01,-6.512405e-01,-5.106575e-01,6.484653e-02,-7.483526e-01,6.409649e-01,-4.222772e-01,-7.812321e-01,4.472652e-03,0,5.716433e-02
4.681423e-03,-1.849568e+01,-4.451320e+00,4.799312e+00,2.620500e+01,-6.781001e+00,-1.447663e+01,6.087354e+00,-1.042615e+00,-3.576314e+00,3.708916e+00,4.963711e+00,-6.199323e+00,1.090964e-01,0,4.722537e-01,4.564911e-04,-2.031467e-01,-8.262860e-01,8.147554e-01,1.709924e+00,-4.676557e-02,-8.029270e-01,-4.142360e-01,2.465708e-01,-2.917126e-01,4.171744e-01,-3.086431e-01,-4.337262e-01,-8.763999e-04,0,8.498827e-02
4.931426e-03,-1.845652e+01,-5.294641e+00,4.679410e+00,2.701950e+01,-5.959288e+00,-1.448478e+01,6.509649e+00,-7.999964e-01,-4.343397e+00,4.468964e+00,5.059638e+00,-5.872356e+00,1.051677e-01,0,7.024418e-01,2.081690e-04,7.379093e-02,-8.580922e-01,-3.160705e-01,6.344506e-01,2.161589e-01,-7.942356e-01,-1.713338e-02,3.038949e-01,2.750626e-01,-2.081258e-01,-3.765963e-01,5.839069e-01,-2.387431e-03,0,7.852502e-02
5.238241e-03,-1.822118e+01,-6.484333e+00,2.926027e+00,2.721787e+01,-5.473539e+00,-1.614188e+01,6.583307e+00,5.829483e-01,-2.232919e+00,3.849728e+00,4.381558e+00,-4.101341e+00,1.027501e-01,0,7.285690e-01,-1.709678e-04,4.262280e-01,-8.714014e-01,-8.344356e-01,-5.885599e-01,8.711290e-02,-8.335606e-01,1.595225e-01,1.581825e-01,7.265087e-01,-1.677324e-01,-3.914437e-02,1.822508e+00,-3.868239e-03,0,4.974761e-02
4.540854e-03,-1.768886e+01,-7.170028e+00,1.350016e+00,2.519341e+01,-5.959402e+00,-1.642817e+01,7.207077e+00,-2.079219e-01,-1.911734e+00,2.685908e+00,3.670235e+00,-1.082954e+00,1.009368e-01,0,7.038353e-01,-5.171929e-04,1.116878e+00,-2.819716e-01,1.352845e-01,-1.368934e+00,-4.711006e-01,-6.377538e-01,-2.786191e-01,-1.349654e-01,6.619006e-02,-4.462011e-01,-4.730701e-02,1.490701e+00,-7.736476e-03,0,-1.056187e-02
4.021870e-03,-1.674837e+01,-7.870634e+00,2.291830e+00,2.417524e+01,-6.345379e+00,-1.767274e+01,6.536252e+00,-5.477396e-01,-1.159601e+00,3.761783e+00,5.462691e+00,5.185145e-01,9.187066e-02,0,7.202950e-01,-6.791541e-04,2.411184e+00,9.395657e-01,1.100417e+00,-1.907780e+00,-1.524891e+00,-3.372312e-01,-6.166704e-01,-1.867208e-01,-1.153959e+00,-4.641036e-01,2.193475e-02,3.694329e-01,-1.390148e-02,0,-2.579954e-02
2.953646e-03,-1.360853e+01,-6.011349e+00,5.672931e+00,2.169614e+01,-7.878870e+00,-1.690812e+01,5.140081e+00,-9.094796e-01,-4.549105e+00,2.281931e+00,4.282536e+00,-7.287788e-01,7.192505e-02,0,6.537694e-01,-4.560694e-04,3.676605e+00,2.099625e+00,1.304561e+00,-2.108235e+00,-2.585362e+00,-2.100758e-01,-5.661799e-01,4.084739e-01,-2.108721e+00,-1.233362e+00,-2.649658e-01,-7.127561e-01,-1.789060e-02,0,-3.630548e-02
2.636074e-03,-8.205421e+00,-2.365844e+00,6.266656e+00,1.942760e+01,-1.213826e+01,-1.758806e+01,4.533453e+00,1.232624e-04,-6.684026e+00,1.731198e+00,4.185081e+00,-2.431265e+00,4.774857e-02,0,6.246043e-01,-3.468965e-05,4.048694e+00,2.532774e+00,3.410251e-01,-2.084303e+00,-3.381991e+00,-1.984789e-01,2.371773e-01,5.000694e-01,-2.071303e+00,-2.074449e+00,1.569346e-01,-1.241767e+00,-1.628891e-02,0,-3.697228e-02
2.953405e-03,-3.577308e+00,5.757042e-01,5.885410e+00,1.702606e+01,-1.598977e+01,-1.752089e+01,5.377577e+00,1.560516e+00,-9.693124e+00,-2.465611e+00,2.984211e+00,-3.171845e+00,3.354488e-02,0,5.701532e-01,3.599602e-04,2.916101e+00,1.923601e+00,-3.196783e-01,-1.400936e+00,-3.117493e+00,-6.734581e-02,7.781807e-01,5.470632e-02,-8.675205e-01,-2.283135e+00,1.097252e+00,-1.116075e+00,-1.009368e-02,0,-2.049742e-02
3.848543e-03,-1.520517e+00,1.499709e+00,3.890716e+00,1.608877e+01,-1.919988e+01,-1.835876e+01,7.603391e+00,7.176096e-01,-8.944109e+00,-4.236692e+00,6.896526e+00,-4.468789e+00,2.961620e-02,0,5.772417e-01,3.160622e-04,1.236726e+00,1.342950e+00,-1.137224e-01,-1.076227e+00,-2.099746e+00,7.521927e-01,5.034526e-01,-8.164312e-01,4.368369e-01,-1.865749e+00,1.402415e+00,-1.254700e+00,-3.566032e-03,0,-7.328957e-03
4.147213e-03,-2.370480e+00,1.673880e+00,5.262510e+00,1.636088e+01,-1.993552e+01,-1.685950e+01,7.496016e+00,-9.946912e-01,-7.756666e+00,-6.149799e+00,8.413073e+00,-5.290390e+00,3.052282e-02,0,5.749636e-01,3.485312e-05,-1.878223e-02,1.071265e+00,5.891067e-01,-7.274936e-01,-1.139549e+00,1.683482e+00,-1.109891e-01,-1.349240e+00,1.058831e+00,-8.637553e-01,1.305735e+00,-1.540824e+00,-5.439712e-04,0,7.209736e-03
3.619481e-03,-2.625206e+00,3.799817e+00,6.009494e+00,1.437905e+01,-2.066411e+01,-1.415779e+01,5.991497e+00,-2.804429e+00,-5.468071e+00,-5.755452e+00,8.482723e+00,-7.645491e+00,3.142944e-02,0,5.855543e-01,-3.290980e-04,-2.281235e-01,1.012845e+00,6.748359e-01,-1.037437e+00,1.162096e-01,2.411163e+00,-7.793452e-01,-1.129783e+00,7.467026e-01,-1.477722e-01,3.196830e-01,-1.622142e+00,1.862645e-10,0,8.336449e-03
3.242201e-03,-3.118875e+00,4.781976e+00,7.771554e+00,1.424345e+01,-2.095540e+01,-1.120396e+01,5.628578e+00,-3.424665e+00,-6.136988e+00,-6.025008e+00,8.719787e+00,-9.287612e+00,2.991840e-02,0,6.020456e-01,-3.879141e-04,4.194396e-02,5.089909e-01,3.193035e-02,-9.891531e-01,6.919066e-01,2.233699e+00,-4.023827e-01,-5.059694e-01,2.027435e-02,3.893994e-01,2.553472e-02,-1.559696e+00,-6.950742e-04,0,5.666238e-03
2.655559e-03,-2.286937e+00,5.009889e+00,6.010374e+00,1.196030e+01,-1.810890e+01,-9.130710e+00,4.640384e+00,-3.716318e+00,-6.020435e+00,-5.037949e+00,8.341584e+00,-1.058089e+01,2.991840e-02,0,6.053829e-01,-2.999322e-04,2.352658e-01,-3.111087e-01,-3.833694e-01,-5.450446e-01,9.675953e-01,1.594092e+00,-2.057571e-01,2.569435e-01,-4.898849e-01,8.310045e-01,-4.549813e-01,-1.018428e+00,-1.118163e-03,0,-1.975048e-03
2.689604e-03,-2.329894e+00,3.613799e+00,5.421722e+00,1.262449e+01,-1.775360e+01,-8.204549e+00,6.159658e+00,-3.068594e+00,-7.379112e+00,-4.561553e+00,8.611316e+00,-1.162117e+01,2.780296e-02,0,5.933805e-01,-2.107421e-04,2.887730e-01,-6.462312e-01,-2.103481e-01,-1.763006e-01,6.689695e-01,7.704183e-01,-9.528027e-02,9.505644e-01,-5.971266e-01,1.057920e+00,-9.371229e-01,-4.497569e-01,-1.934119e-03,0,-6.659734e-03
2.396118e-03,-1.843367e+00,2.828362e+00,5.267564e+00,1.246331e+01,-1.742704e+01,-7.687034e+00,4.697172e+00,-1.697747e+00,-7.296433e+00,-2.332156e+00,6.262052e+00,-1.157085e+01,2.689634e-02,0,5.800116e-01,-1.334611e-04,2.227352e-01,-5.164719e-01,5.799268e-01,2.935955e-01,1.611774e-01,9.395885e-03,-5.258961e-02,1.311709e+00,-9.369133e-01,1.021011e+00,-1.186419e+00,-7.104655e-02,-3.203385e-03,0,-5.741638e-03
2.318211e-03,-1.896795e+00,2.641584e+00,7.091219e+00,1.311044e+01,-1.795148e+01,-8.073708e+00,5.123783e+00,3.188714e-01,-8.484622e+00,-2.088301e+00,5.073938e+00,-1.104142e+01,2.175884e-02,0,5.814326e-01,-1.811298e-04,2.940970e-01,-1.559189e-01,7.779078e-01,-4.023743e-03,5.477716e-01,-2.858046e-01,-9.234552e-02,1.081812e+00,-6.349746e-01,7.383462e-01,-1.352595e+00,3.993006e-01,-4.140223e-03,0,-6.096661e-04
2.173950e-03,-1.389811e+00,2.913637e+00,8.075259e+00,1.318530e+01,-1.720407e+01,-9.149151e+00,4.895374e+00,1.148492e+00,-1.015225e+01,-1.169522e+00,4.178180e+00,-1.122600e+01,1.692354e-02,0,5.826487e-01,-1.315000e-04,2.272768e-01,-1.418351e-01,4.329098e-01,5.603113e-02,8.169357e-01,-5.199552e-01,4.903523e-01,4.797602e-01,-3.706094e-01,7.104712e-01,-1.219028e+00,5.987722e-01,-4.049561e-03,0,-2.131301e-03
1.895039e-03,-1.086187e+00,2.791567e+00,7.907413e+00,1.224337e+01,-1.512623e+01,-8.902514e+00,5.598830e+00,9.173445e-01,-9.126079e+00,-1.451140e+00,2.890275e+00,-9.797093e+00,1.208824e-02,0,5.890136e-01,-1.143486e-04,1.471871e-01,-3.080248e-01,-3.635179e-01,-1.385928e-01,9.359637e-01,-4.371093e-01,8.683003e-01,-3.950672e-02,4.171068e-01,9.278330e-01,-1.007640e+00,8.822215e-01,-1.390148e-03,0,-6.123722e-03
1.950204e-03,-1.112286e+00,2.044195e+00,7.024015e+00,1.317700e+01,-1.475499e+01,-9.872407e+00,6.911410e+00,4.018172e-01,-8.828752e+00,9.016190e-01,1.258744e+00,-9.199150e+00,1.148383e-02,0,5.655646e-01,-1.599282e-05,-1.535995e-02,-6.330655e-01,-9.079323e-01,-3.190841e-01,9.745570e-02,-3.325723e-01,1.381982e+00,-9.441080e-02,9.720424e-01,9.030098e-01,-8.351520e-02,1.190583e+00,2.961620e-03,0,-9.907961e-03
1.858341e-03,-1.299622e+00,1.536181e+00,5.799252e+00,1.242163e+01,-1.449620e+01,-9.897626e+00,8.457267e+00,4.946752e-01,-7.060835e+00,1.515293e+00,1.495458e+00,-7.643732e+00,1.752795e-02,0,5.593560e-01,4.392470e-05,-6.422987e-02,-7.374676e-01,-9.607598e-01,-9.004720e-01,-1.015117e+00,-2.002874e-01,1.592837e+00,2.508633e-01,1.161210e+00,4.145642e-01,1.241446e+00,1.338706e+00,7.555152e-03,0,-6.661749e-03
2.112335e-03,-1.359893e+00,3.760025e-01,4.589679e+00,1.150075e+01,-1.703180e+01,-1.031446e+01,1.037607e+01,8.877726e-01,-6.324656e+00,1.862311e+00,4.458013e+00,-6.349762e+00,2.901179e-02,0,5.479377e-01,2.795374e-05,-4.584982e-02,-5.137590e-01,-7.410503e-01,-1.599228e+00,-1.578695e+00,-1.892424e-02,1.636940e+00,5.895968e-01,1.031372e+00,-4.780045e-01,2.148515e+00,1.709259e+00,7.978240e-03,0,8.458674e-04
2.033597e-03,-1.283533e+00,-6.167479e-02,4.320783e+00,8.579136e+00,-1.906341e+01,-9.682926e+00,1.183069e+01,1.928683e+00,-4.572077e+00,1.413352e-01,7.497873e+00,-4.528255e+00,4.110003e-02,0,5.645183e-01,-6.196785e-05,-1.442516e-03,1.968524e-01,-5.390603e-01,-1.846367e+00,-9.197413e-01,2.499516e-01,1.064740e+00,7.857458e-01,8.138032e-01,-1.004781e+00,1.582081e+00,1.862676e+00,4.019341e-03,0,6.173599e-03
2.002345e-03,-1.349579e+00,2.743277e-01,4.057998e+00,7.102104e+00,-2.036486e+01,-1.007438e+01,1.340940e+01,2.632797e+00,-4.916272e+00,-8.014250e-01,9.000110e+00,-2.210594e+00,3.958900e-02,0,5.672128e-01,-1.835117e-04,2.165104e-02,1.045194e+00,-3.775923e-01,-1.564664e+00,5.842732e-01,5.177703e-01,3.439173e-01,8.361918e-01,4.476684e-01,-9.379198e-01,1.539443e-01,1.521196e+00,-1.843457e-03,0,8.128065e-03
1.603497e-03,-1.311991e+00,2.571280e+00,3.369790e+00,5.389120e+00,-1.742838e+01,-8.767907e+00,1.226430e+01,3.550892e+00,-3.696012e+00,-2.176746e+00,7.134815e+00,-3.999343e-01,3.233605e-02,0,5.805865e-01,-2.205429e-04,7.954874e-02,1.564120e+00,-4.095158e-01,-1.067019e+00,1.752084e+00,7.459170e-01,-2.503799e-01,6.102306e-01,1.094335e-01,-3.690392e-01,-1.045048e+00,9.209782e-01,-4.805077e-03,0,5.527020e-03
1.409826e-03,-1.237409e+00,4.285497e+00,3.177214e+00,5.272443e+00,-1.492795e+01,-8.183114e+00,1.187885e+01,4.257627e+00,-4.524347e+00,-1.668248e+00,5.409264e+00,-8.079413e-01,2.417649e-02,0,5.805439e-01,-1.898048e-04,1.982984e-01,1.397411e+00,-2.012262e-01,-5.572506e-01,1.874008e+00,5.843782e-01,-2.912727e-01,3.964978e-01,-2.463108e-01,6.240461e-02,-1.484688e+00,1.524168e-01,-3.838018e-03,0,4.356867e-03
1.227142e-03,-9.418747e-01,5.753342e+00,2.713597e+00,4.158874e+00,-1.302144e+01,-6.898973e+00,1.134407e+01,4.167421e+00,-4.220872e+00,-1.270450e+00,4.068058e+00,-6.246907e-01,2.478090e-02,0,5.854878e-01,-8.766905e-05,3.044025e-01,7.820325e-01,-3.073480e-02,-3.322143e-02,1.134706e+00,-7.888937e-02,-3.207693e-01,2.970384e-01,-4.099700e-01,1.047077e-01,-1.273874e+00,8.919509e-02,-2.417649e-03,0,2.337271e-03
1.241498e-03,-5.431455e-01,5.670351e+00,3.379964e+00,4.930974e+00,-1.319829e+01,-8.086954e+00,1.241315e+01,4.307022e+00,-5.885395e+00,-9.425502e-01,3.110046e+00,-1.336132e+00,2.417649e-02,0,5.865464e-01,1.802261e-05,2.686685e-01,-3.145201e-01,-3.517773e-01,9.261761e-01,7.420276e-01,-9.646921e-01,-1.014357e+00,9.112541e-01,7.078983e-01,-2.044481e-01,-6.960670e-01,4.192756e-01,-1.843457e-03,0,-2.097958e-03
1.249316e-03,-1.371106e-01,5.789016e+00,3.114741e+00,5.393747e+00,-1.261968e+01,-9.210434e+00,1.039330e+01,5.011387e+00,-5.065338e+00,-2.016056e+00,1.915052e+00,3.101363e-01,2.024781e-02,0,5.892716e-01,1.176412e-04,6.939596e-02,-1.461763e+00,-1.213229e+00,2.016557e+00,7.949129e-01,-1.536552e+00,-1.874539e+00,1.519693e+00,2.424206e+00,1.242623e-01,-2.270048e-01,6.153520e-01,-2.266546e-03,0,-1.096469e-02
1.488852e-03,-2.964486e-01,2.695060e+00,1.217755e+00,9.285887e+00,-1.141869e+01,-1.185084e+01,7.282444e+00,8.391915e+00,-5.626228e-01,-2.317685e+00,3.005431e+00,8.210232e-01,1.722575e-02,0,5.681623e-01,1.893490e-04,-1.013580e-01,-2.421220e+00,-2.480994e+00,2.420260e+00,1.372422e+00,-1.289322e+00,-2.224824e+00,1.737576e+00,4.276745e+00,1.072243e+00,-1.549920e-01,5.493789e-01,-1.118162e-03,0,-1.763458e-02
1.691671e-03,-7.182433e-01,-6.782977e-02,-2.271442e+00,1.206420e+01,-9.936675e+00,-1.269979e+01,4.536725e+00,9.723437e+00,5.238774e+00,3.842894e-02,2.985341e+00,1.373492e+00,1.692354e-02,0,5.398565e-01,2.162192e-04,-1.115074e-02,-2.773965e+00,-3.117431e+00,1.740801e+00,1.597138e+00,-3.509668e-01,-1.736591e+00,1.011048e+00,4.530143e+00,2.241257e+00,-6.105078e-01,-1.826004e-01,1.027501e-03,0,-1.422936e-02
1.967066e-03,-7.593689e-01,-3.507328e+00,-6.331913e+00,1.369705e+01,-7.677682e+00,-1.278889e+01,4.217320e+00,1.063888e+01,1.034628e+01,3.391421e+00,1.799942e+00,8.790851e-01,2.024781e-02,0,5.230811e-01,1.817135e-04,3.753978e-01,-2.269591e+00,-3.137253e+00,2.376362e-01,1.598722e+00,7.667831e-01,-1.030873e+00,-5.082769e-02,2.936598e+00,2.899387e+00,-9.903258e-01,-9.093714e-01,3.838018e-03,0,-1.374477e-03
2.091305e-03,3.859587e-02,-4.979615e+00,-8.697580e+00,1.189217e+01,-6.504489e+00,-1.049625e+01,3.242909e+00,8.943146e+00,1.213093e+01,6.335679e+00,-5.347425e-01,-6.318966e-01,2.387428e-02,0,5.406654e-01,1.115127e-04,7.028933e-01,-1.605229e+00,-2.572014e+00,-9.492615e-01,1.273800e+00,1.602330e+00,-7.701713e-01,-8.410245e-01,9.016962e-01,2.771390e+00,-1.671336e-01,-1.259611e+00,6.406770e-03,0,1.075016e-02
2.197603e-03,1.202121e+00,-6.197003e+00,-1.125544e+01,1.056008e+01,-5.141175e+00,-9.118700e+00,2.774988e+00,8.527923e+00,1.067429e+01,9.030624e+00,-1.861557e-01,-2.723140e+00,3.294047e-02,0,5.608854e-01,-5.193217e-06,7.694163e-01,-5.594171e-01,-1.704643e+00,-1.588587e+00,9.235821e-01,2.275217e+00,-7.078089e-01,-1.678595e+00,-1.192015e+00,2.378340e+00,1.288338e+00,-8.708421e-01,7.071624e-03,0,1.473879e-02
2.133966e-03,1.815478e+00,-6.749139e+00,-1.266975e+01,8.886375e+00,-4.835927e+00,-6.523232e+00,1.407034e+00,6.573792e+00,9.583249e+00,1.107578e+01,3.142722e+00,-3.123449e+00,4.261106e-02,0,5.747051e-01,-1.305443e-04,3.709651e-01,7.609485e-01,-4.706202e-02,-1.230586e+00,8.601952e-01,2.176704e+00,-5.552825e-01,-2.201740e+00,-2.776497e+00,1.179838e+00,2.209239e+00,1.625374e-01,4.593533e-03,0,9.512777e-03
1.919769e-03,2.199271e+00,-5.419652e+00,-1.286904e+01,7.257010e+00,-3.894053e+00,-3.399310e+00,1.596213e+00,3.430581e+00,5.660039e+00,1.291307e+01,6.402899e+00,-2.229349e+00,4.623754e-02,0,5.797551e-01,-2.288399e-04,-8.838712e-02,2.112838e+00,1.884030e+00,-6.717967e-01,5.978670e-01,1.656589e+00,-3.055945e-01,-2.177592e+00,-3.103676e+00,-3.033136e-01,1.490659e+00,2.590970e-01,-1.148383e-03,0,3.423554e-03
1.577500e-03,1.394846e+00,-1.563548e+00,-8.126089e+00,7.390779e+00,-2.827074e+00,-2.472419e+00,1.055884e+00,4.831191e-01,7.555683e-01,1.029364e+01,7.216927e+00,-6.610481e-02,4.019341e-02,0,5.787944e-01,-2.596229e-04,-4.443187e-01,2.836895e+00,3.226105e+00,1.372962e-01,4.835142e-01,4.121380e-01,-1.907256e-01,-1.177867e+00,-2.779223e+00,-1.859645e+00,-4.652210e-01,-1.611669e-01,-6.497432e-03,0,-1.865447e-03
1.331636e-03,9.705012e-01,1.774393e+00,-4.107121e+00,7.948896e+00,-3.156266e+00,-2.861164e+00,1.422591e+00,6.853008e-01,-4.302530e-01,7.905123e+00,5.230039e+00,-2.956326e+00,2.840737e-02,0,5.759585e-01,-2.045853e-04,-5.271465e-01,2.459840e+00,3.031204e+00,2.661489e-01,1.323417e-01,-2.223064e-01,-2.090760e-01,2.015030e-01,-1.413463e+00,-2.328900e+00,-1.844593e+00,-1.197563e+00,-9.187067e-03,0,-3.174400e-03
1.129918e-03,2.082701e-01,3.838313e+00,-9.201789e-01,9.226913e+00,-2.787250e+00,-4.731615e+00,5.402176e-01,2.057097e+00,-1.267722e+00,4.281529e+00,1.403047e+00,-3.565795e+00,1.903898e-02,0,5.672762e-01,-1.153962e-04,-3.447730e-01,1.452172e+00,1.671880e+00,-1.456917e-01,2.312008e-01,2.340041e-01,9.397869e-02,8.086977e-01,-5.757489e-01,-1.892024e+00,-2.098085e+00,-1.298612e+00,-8.340889e-03,0,-1.174891e-03
1.120634e-03,1.568267e-01,4.178617e+00,-1.315976e+00,7.669687e+00,-3.252257e+00,-3.381244e+00,8.086665e-01,3.651107e+00,-3.956322e-01,4.274631e+00,8.687612e-02,-6.467318e+00,1.087942e-02,0,5.696422e-01,-4.275284e-05,-1.105809e-01,6.518043e-01,5.013431e-01,-6.181099e-01,7.271163e-01,1.228136e+00,3.583882e-01,5.646707e-01,-3.367762e-01,-1.333377e+00,-1.604584e+00,-4.542986e-01,-5.046842e-03,0,4.480910e-03
1.106020e-03,7.781857e-02,4.495199e+00,-1.162260e+00,6.801925e+00,-1.623075e+00,-1.042358e+00,1.832740e+00,3.043705e+00,-2.140487e+00,2.648768e+00,-7.019181e-01,-4.803667e+00,7.252946e-03,0,5.760781e-01,-6.861519e-08,1.886777e-01,2.213592e-01,-2.599560e-01,-7.445340e-01,1.026903e+00,1.876517e+00,6.689273e-01,-1.961061e-01,-1.238817e-01,-7.660486e-01,-9.578441e-01,2.375889e-01,-1.329707e-03,0,1.173357e-02
1.129821e-03,4.828222e-01,4.704971e+00,-1.479364e+00,6.070840e+00,-1.027726e-01,1.434888e+00,2.568271e+00,3.015351e+00,-1.677752e+00,2.054619e+00,-1.740398e+00,-4.608883e+00,9.066183e-03,0,5.939621e-01,4.561828e-06,3.545869e-01,2.128818e-01,-2.839237e-01,-5.005838e-01,1.142627e+00,1.287638e+00,9.164914e-02,-5.367750e-01,-2.579203e-01,-5.907511e-01,-7.297930e-01,9.063717e-01,2.055002e-03,0,1.589701e-02
1.124981e-03,9.886606e-01,4.681932e+00,-2.138265e+00,6.303667e+00,7.725213e-01,2.242902e+00,3.005051e+00,1.394445e+00,-1.246071e+00,1.561292e+00,-2.472536e+00,-3.307068e+00,1.329707e-02,0,6.137841e-01,1.205402e-05,4.390453e-01,3.067701e-01,-4.353839e-01,-3.526030e-01,6.201726e-01,2.260583e-01,-6.413547e-01,-4.573606e-01,1.658460e-01,-7.049928e-02,-2.665773e-01,5.547261e-01,2.840737e-03,0,1.619688e-02
1.133963e-03,1.474340e+00,5.149660e+00,-2.247592e+00,5.415897e+00,1.263080e+00,1.414315e+00,6.807563e-01,1.791862e+00,-2.132442e+00,1.864614e+00,-2.676780e+00,-2.683759e+00,1.813237e-02,0,6.302743e-01,2.184587e-05,4.728814e-01,3.853748e-01,-3.387926e-01,-4.764016e-01,-8.481880e-03,-6.098862e-01,-1.070973e+00,-7.162951e-02,4.819469e-01,1.234659e-01,1.206493e-01,4.888006e-01,1.692354e-03,0,1.132833e-02
1.164219e-03,1.777286e+00,5.806705e+00,-2.955066e+00,5.366382e+00,7.948620e-01,9.822027e-02,-4.302762e-01,1.368646e+00,-1.083912e+00,2.391274e+00,-1.566614e+00,-2.992599e+00,1.692354e-02,0,6.389064e-01,3.460849e-05,4.961159e-01,4.170458e-01,-3.267215e-01,-5.361670e-01,-5.451611e-01,-6.701059e-01,-6.376463e-01,1.971687e-01,6.385127e-01,-6.023719e-02,3.667515e-01,6.878581e-01,-6.044116e-05,0,4.486757e-03
1.219431e-03,2.452916e+00,6.069458e+00,-2.764926e+00,4.157475e+00,-1.563523e-01,-5.422015e-01,-1.068929e+00,2.670103e+00,6.509029e-01,2.256958e+00,-1.590113e+00,-2.322115e+00,1.571472e-02,0,6.380426e-01,3.373104e-05,4.725344e-01,3.842662e-01,-2.677446e-01,-3.321432e-01,-7.914802e-01,-7.909443e-02,3.435509e-01,1.122280e-01,4.919914e-01,-7.019191e-01,4.318955e-01,1.020778e+00,-7.555151e-04,0,-1.190937e-03
1.255290e-03,2.979952e+00,6.307262e+00,-3.513205e+00,4.252043e+00,-1.243569e+00,-1.293695e-01,6.916628e-01,1.941168e+00,5.548202e-01,1.063934e+00,-1.182112e+00,-4.859948e-02,1.420369e-02,0,6.323337e-01,1.772055e-05,3.682754e-01,3.768275e-01,-1.160191e-01,-2.628627e-01,-6.209940e-01,3.378943e-01,1.127569e+00,1.191670e-01,-4.246300e-01,-1.209695e+00,4.300542e-01,1.330339e+00,5.439710e-04,0,-3.927267e-03
1.257083e-03,3.235680e+00,6.820713e+00,-3.307245e+00,4.312351e+00,-1.675106e+00,1.132637e+00,1.837541e+00,2.066741e+00,-4.918509e-01,-9.813118e-01,-7.095532e-01,9.481320e-01,1.571472e-02,0,6.276060e-01,-5.239283e-06,1.121169e-01,4.104644e-01,-7.086275e-02,-1.580745e-01,-2.890186e-01,4.645735e-01,1.158057e+00,-1.624338e-01,-1.091112e+00,-9.380029e-01,4.781386e-01,6.930205e-01,2.296766e-03,0,-3.797007e-03
1.233996e-03,3.227282e+00,7.315216e+00,-3.264002e+00,3.974631e+00,-1.550731e+00,9.502725e-01,3.754333e+00,2.266162e+00,-2.635685e+00,-2.038067e+00,1.433768e-01,2.023974e+00,1.964340e-02,0,6.244884e-01,-3.529258e-06,-4.278445e-03,1.776129e-01,-1.147879e-01,-8.487349e-01,-3.225257e-01,1.719343e-01,6.733500e-01,-6.536005e-01,-1.567302e+00,2.279538e-01,6.483313e-01,-8.770044e-02,3.717135e-03,0,-3.786820e-03
1.203881e-03,2.889836e+00,7.617804e+00,-3.243841e+00,3.505808e+00,-1.447864e+00,1.240845e+00,3.190019e+00,1.695437e+00,-3.209407e+00,-8.820565e-01,1.378355e-01,1.067012e-01,2.447869e-02,0,6.229802e-01,1.807761e-04,1.106275e-01,-8.907267e-01,-1.137566e+00,-1.647462e+00,-1.059774e+00,3.031524e-01,4.175138e-01,-1.546142e+00,-1.650938e+00,1.845947e+00,1.209482e+00,-7.066119e-01,3.777576e-03,0,-2.249718e-04
1.264244e-03,3.131481e+00,6.796781e+00,-4.118846e+00,4.116399e-01,-2.969818e+00,6.761981e-01,3.382174e+00,-1.141182e+00,-5.922914e+00,2.154075e+00,1.635850e+00,-6.638627e-02,2.840737e-02,0,6.157125e-01,5.109735e-04,3.547813e-01,-2.439343e+00,-2.613274e+00,-2.229293e+00,-1.867258e+00,1.026874e+00,6.123137e-01,-1.977088e+00,-1.156978e+00,3.030472e+00,1.789883e+00,-1.111001e+00,3.173165e-03,0,5.360967e-03
2.145839e-03,3.836717e+00,2.626297e+00,-8.567653e+00,-2.143463e+00,-6.264434e+00,2.785437e+00,4.111189e+00,-3.960296e+00,-7.102924e+00,6.152353e+00,4.591621e+00,-1.539747e+00,3.022061e-02,0,6.308691e-01,8.559970e-04,4.578021e-01,-3.838300e+00,-3.826043e+00,-2.014936e+00,-1.695866e+00,2.302334e+00,1.385136e+00,-1.274663e+00,-1.360826e-01,3.000707e+00,1.375572e+00,-1.410956e+00,2.417650e-03,0,1.246994e-02
3.317885e-03,4.527748e+00,-2.385747e+00,-1.366846e+01,-4.347198e+00,-8.478734e+00,5.312347e+00,6.355316e+00,-4.791413e+00,-6.473816e+00,9.597088e+00,6.865898e+00,-2.707809e+00,3.263826e-02,0,6.473488e-01,9.482436e-04,2.450074e-01,-3.985434e+00,-3.741665e+00,-8.950988e-01,-1.474275e-01,3.316002e+00,1.284306e+00,6.342056e-02,1.259229e+00,1.799129e+00,-2.296295e-01,-1.854815e+00,1.631913e-03,0,1.421845e-02
4.457046e-03,4.480713e+00,-6.982435e+00,-1.759925e+01,-4.189455e+00,-7.172735e+00,1.043444e+01,8.629128e+00,-2.852762e+00,-3.614369e+00,1.039997e+01,4.400671e+00,-5.627365e+00,3.445150e-02,0,6.695117e-01,7.281842e-04,-1.529091e-01,-2.762486e+00,-2.534261e+00,3.265500e-01,1.596557e+00,3.300674e+00,6.101356e-01,1.002003e+00,1.890136e+00,8.141937e-02,-1.881855e+00,-1.693512e+00,9.670589e-04,0,9.510124e-03
4.849859e-03,4.034520e+00,-8.326024e+00,-1.831138e+01,-3.040858e+00,-3.252805e+00,1.343170e+01,7.544735e+00,-1.377846e+00,-1.371049e+00,9.025909e+00,5.831780e-01,-7.296649e+00,3.445150e-02,0,6.674834e-01,4.052922e-04,-3.913868e-01,-1.352894e+00,-1.142837e+00,1.112913e+00,2.444412e+00,2.345370e+00,-2.992098e-01,1.066325e+00,1.788937e+00,-8.421259e-01,-2.270876e+00,-1.195546e+00,8.159556e-04,0,4.242408e-03
5.020774e-03,3.318785e+00,-8.215997e+00,-1.891750e+01,-1.163882e+00,-8.946119e-01,1.522913e+01,6.567158e+00,-6.570657e-01,-2.036261e-01,6.845039e+00,-1.676296e+00,-7.712889e+00,3.414929e-02,0,6.683524e-01,1.439737e-04,-3.812633e-01,-4.835034e-01,-1.415505e-01,1.194865e+00,2.088540e+00,9.628126e-01,-8.898634e-01,5.445884e-01,1.409300e+00,-7.148175e-01,-1.304963e+00,-5.383208e-01,1.450589e-03,0,-1.335061e-03
5.062482e-03,3.151778e+00,-8.533437e+00,-1.872352e+01,-2.954171e-01,6.042625e-01,1.464185e+01,5.890253e+00,-5.576344e-01,7.654988e-01,7.163925e+00,-1.449998e+00,-7.642779e+00,3.686915e-02,0,6.691405e-01,3.904663e-05,-1.206277e-01,-6.022134e-01,4.300249e-01,9.798948e-01,1.343234e+00,-1.448732e-01,-7.063214e-01,9.350769e-02,1.242532e+00,1.609441e-01,-4.595682e-01,-4.725491e-01,1.964340e-03,0,-4.185867e-03
5.070603e-03,3.015768e+00,-9.296246e+00,-1.810093e+01,4.121483e-01,1.341431e+00,1.464343e+01,5.007052e+00,-5.399262e-01,2.363858e+00,7.756876e+00,-1.107557e+00,-8.145905e+00,4.049562e-02,0,6.620079e-01,1.000636e-05,8.555581e-02,-9.917098e-01,7.747364e-01,1.002352e+00,7.876763e-01,-7.754590e-01,-5.628898e-01,4.895770e-02,1.238940e+00,7.296589e-01,-3.951428e-01,-7.992347e-01,1.087942e-03,0,-6.743216e-03
5.020177e-03,3.582891e+00,-1.079697e+01,-1.656954e+01,1.070600e+00,2.345344e+00,1.300019e+01,4.793181e+00,-9.688776e-01,3.557870e+00,9.374711e+00,-1.999033e+00,-9.442887e+00,4.110003e-02,0,6.497263e-01,8.070888e-06,-3.642924e-02,-1.230245e+00,8.372663e-01,1.481768e+00,3.913959e-01,-8.781365e-01,-2.752481e-01,5.424519e-01,1.089306e+00,5.626776e-01,-1.278616e+00,-1.209497e+00,-5.439710e-04,0,-4.317594e-03
5.091958e-03,3.531008e+00,-1.204278e+01,-1.612081e+01,3.164871e+00,2.173229e+00,1.217267e+01,4.301245e+00,-2.066556e-01,4.594888e+00,9.387940e+00,-3.377492e+00,-1.080901e+01,3.747356e-02,0,6.443434e-01,-6.355811e-06,-2.980027e-01,-1.249552e+00,7.931046e-01,1.960784e+00,-3.159251e-02,-1.046522e+00,-1.414539e-01,1.289636e+00,8.956082e-01,-1.208102e-01,-1.763005e+00,-1.178195e+00,-1.148383e-03,0,-2.903819e-04
5.092159e-03,2.712011e+00,-1.331139e+01,-1.552725e+01,5.737062e+00,2.145343e+00,1.148655e+01,4.866916e+00,1.987990e+00,5.096516e+00,9.161781e+00,-6.708110e+00,-1.235871e+01,3.566032e-02,0,6.563848e-01,-5.177204e-05,-5.913309e-01,-9.656679e-01,9.434103e-01,2.341448e+00,-6.370443e-01,-1.493201e+00,-5.502979e-01,1.765375e+00,6.867236e-01,-8.313484e-01,-1.299197e+00,-5.374085e-01,7.252950e-04,0,2.957690e-03
5.002833e-03,1.961194e+00,-1.428679e+01,-1.465655e+01,7.882837e+00,1.283469e+00,1.016763e+01,4.262915e+00,4.429821e+00,6.072577e+00,7.259290e+00,-7.568041e+00,-1.257897e+01,3.747356e-02,0,6.572267e-01,-1.481387e-04,-5.085878e-01,-6.010832e-01,1.210636e+00,2.321545e+00,-1.320493e+00,-2.579247e+00,-7.492951e-01,1.757313e+00,5.627320e-01,-1.160832e+00,-1.471272e-01,8.944734e-01,3.082502e-03,0,8.708358e-04
4.805880e-03,1.411143e+00,-1.450330e+01,-1.258462e+01,1.041886e+01,-3.949968e-01,6.536696e+00,2.060857e+00,5.539759e+00,6.252644e+00,6.282294e+00,-6.399744e+00,-1.124495e+01,4.472650e-02,0,6.580731e-01,-2.539290e-04,-3.231574e-01,-1.550454e-01,1.466163e+00,2.345283e+00,-1.882328e+00,-3.780750e+00,-7.825187e-01,1.460071e+00,5.550213e-01,-9.118252e-01,1.332963e+00,2.370325e+00,3.505590e-03,0,-5.689538e-03
4.494404e-03,1.638503e+00,-1.445224e+01,-1.153895e+01,1.243170e+01,-3.159063e+00,1.751360e+00,1.957799e+00,6.804024e+00,6.830484e+00,5.023526e+00,-4.267312e+00,-6.893522e+00,4.835298e-02,0,6.478534e-01,-3.748192e-04,-2.051800e-01,3.237205e-01,1.494860e+00,2.003272e+00,-1.870941e+00,-3.994693e+00,1.694093e-01,1.116412e+00,1.611556e-01,-6.572456e-01,2.158564e+00,3.367013e+00,1.390148e-03,0,-1.366475e-02
4.076729e-03,1.257570e+00,-1.400390e+01,-9.755236e+00,1.518904e+01,-5.045031e+00,-3.209056e+00,2.106880e+00,8.101245e+00,7.492669e+00,5.720538e+00,-1.693660e+00,-3.349810e+00,4.774857e-02,0,6.326237e-01,-4.988389e-04,-8.125661e-02,1.015880e+00,1.295607e+00,1.129114e+00,-1.072197e+00,-3.027667e+00,9.702923e-01,4.257827e-01,-4.893290e-01,-6.040719e-01,2.406065e+00,3.257688e+00,-1.631913e-03,0,-2.275605e-02
3.493312e-03,1.012080e+00,-1.291789e+01,-8.596942e+00,1.551410e+01,-5.746217e+00,-4.932957e+00,5.086950e+00,8.731136e+00,6.258342e+00,4.253940e+00,8.717360e-01,3.085238e-01,4.291327e-02,0,6.016277e-01,-5.835883e-04,-2.295857e-02,1.895796e+00,1.187712e+00,-1.927969e-01,1.475933e-01,-1.342921e+00,1.208718e+00,-8.037124e-01,-1.695598e+00,-8.262121e-01,1.913499e+00,2.052092e+00,-3.505591e-03,0,-2.575529e-02
2.812231e-03,1.318071e+00,-1.019108e+01,-7.577589e+00,1.452322e+01,-4.462402e+00,-5.259481e+00,5.347743e+00,6.705116e+00,4.092070e+00,3.646727e+00,3.061061e+00,1.442467e+00,3.928679e-02,0,5.674058e-01,-5.899098e-04,2.294509e-01,2.670571e+00,8.500713e-01,-1.603897e+00,9.554588e-01,3.875647e-01,6.227521e-01,-1.992492e+00,-2.171242e+00,-8.278233e-01,8.518184e-01,4.889951e-01,-3.928680e-03,0,-1.866221e-02
2.208712e-03,1.493460e+00,-6.879675e+00,-6.689210e+00,1.180062e+01,-2.712411e+00,-3.938030e+00,6.380960e+00,3.483526e+00,5.279326e-02,1.929370e+00,2.922822e+00,9.707984e-01,3.505591e-02,0,5.516860e-01,-4.760965e-04,3.391104e-01,2.886501e+00,6.321062e-01,-2.262880e+00,1.147315e+00,1.359217e+00,-3.176521e-01,-2.288978e+00,-1.387074e+00,-5.302425e-01,-1.616388e-01,-7.963138e-01,-4.472651e-03,0,-4.432726e-03
1.769480e-03,2.164135e+00,-3.670152e+00,-6.458745e+00,9.026298e+00,-1.784640e+00,-1.768696e+00,4.573636e+00,7.625874e-01,-2.607671e-01,2.743706e+00,1.539889e+00,-1.235972e+00,3.203385e-02,0,5.642835e-01,-2.979501e-04,4.445295e-01,2.441788e+00,1.389411e-01,-2.258754e+00,9.703295e-01,2.031384e+00,-1.076640e+00,-1.583993e+00,5.369544e-04,-3.678435e-01,-7.535856e-01,-1.045879e+00,-5.560593e-03,0,8.581710e-03
1.634205e-03,2.284600e+00,-1.745851e+00,-5.995833e+00,6.948167e+00,-1.348523e+00,1.177367e-01,3.885743e+00,2.575094e-01,1.499391e+00,2.054238e+00,8.241279e-01,-2.333826e+00,2.417649e-02,0,5.810252e-01,-1.370921e-04,4.642434e-01,1.718025e+00,-2.250654e-01,-1.649336e+00,6.469026e-01,1.789268e+00,-1.473225e+00,-7.791901e-01,8.965771e-01,1.056031e-02,-5.945251e-01,-8.352863e-01,-6.104564e-03,0,1.099240e-02
1.609734e-03,3.145149e+00,-5.490453e-01,-7.229572e+00,5.655678e+00,-2.926986e-01,2.869558e+00,1.212149e+00,3.981579e-01,3.371456e+00,1.745076e+00,3.424799e-01,-2.134619e+00,1.692354e-02,0,5.956447e-01,-5.321596e-05,3.407423e-01,1.027615e+00,-2.888399e-01,-9.084460e-01,4.721986e-01,1.100837e+00,-1.412573e+00,-4.060587e-01,2.351517e-01,2.311512e-01,-3.176730e-01,-2.706230e-01,-4.653974e-03,0,5.386323e-03
1.603124e-03,3.324170e+00,1.498943e-01,-7.429123e+00,5.239256e+00,-2.238687e-01,2.689186e+00,6.955764e-01,-2.302092e-01,2.719567e+00,2.481487e+00,5.489008e-01,-2.756310e+00,1.208824e-02,0,5.909674e-01,-3.936780e-05,1.714286e-01,6.497204e-01,7.973981e-02,-1.218728e-01,1.826875e-01,3.377891e-02,-1.280545e+00,-2.178216e-01,-4.283692e-01,8.017334e-01,-2.195726e-01,-7.440281e-03,-1.420369e-03,0,-4.912180e-03
1.518941e-03,3.348062e+00,5.200518e-01,-7.186299e+00,5.338523e+00,1.402581e-02,2.449764e+00,-8.941479e-01,-1.023847e+00,3.049033e-01,3.685838e+00,8.913759e-02,-2.377845e+00,1.480810e-02,0,5.862440e-01,-3.116279e-05,-1.021514e-01,5.996301e-01,6.176873e-01,4.393655e-01,2.621010e-02,-7.719843e-01,-8.081850e-01,3.484054e-01,-7.806206e-01,3.362819e-01,-2.697151e-01,6.538938e-01,-1.813234e-04,0,-1.620686e-02
1.482763e-03,3.040287e+00,9.682026e-01,-5.618771e+00,6.497381e+00,-5.884481e-01,4.965281e-01,-1.463837e+00,-1.205959e-01,8.908209e-01,5.092524e+00,-1.470640e-01,-2.249414e+00,1.813237e-02,0,5.611646e-01,-1.193575e-05,-1.482246e-01,7.725149e-01,4.868813e-01,5.921480e-01,5.034416e-01,-1.045713e+00,-5.854887e-01,1.144815e+00,-2.978477e-01,-4.609930e-01,-1.116443e-01,1.063730e+00,-9.066182e-04,0,-1.765328e-02
1.514100e-03,2.776333e+00,2.039951e+00,-5.046312e+00,7.223444e+00,2.064160e-02,1.059651e-01,-1.749070e+00,2.085378e+00,3.827265e-01,2.120967e+00,-6.581130e-01,8.814030e-01,1.299486e-02,0,5.295118e-01,-6.716803e-06,-1.583033e-01,9.634424e-01,-7.213321e-02,2.341729e-01,9.641489e-01,-6.758927e-01,8.096693e-02,1.236244e+00,-1.212553e-01,-1.123153e+00,3.536181e-01,1.090997e+00,-2.478090e-03,0,-6.666732e-03
1.545866e-03,2.868911e+00,3.252519e+00,-6.064710e+00,7.257536e+00,2.290032e+00,-1.367481e+00,-1.804406e+00,3.939252e+00,1.191417e+00,9.589577e-01,3.643045e-01,9.327192e-01,8.461771e-03,0,5.310671e-01,-3.215943e-05,-1.325433e-01,5.871769e-01,-5.467045e-01,1.621418e-02,9.123448e-01,-2.128147e-01,6.269263e-01,4.043812e-01,-6.062248e-02,-5.388506e-01,4.453194e-01,4.323927e-01,-1.239045e-03,0,1.314053e-02
1.453805e-03,2.642233e+00,4.195106e+00,-7.323995e+00,6.129310e+00,3.395530e+00,2.304832e-03,-3.190286e-01,3.127449e+00,-4.516715e-01,1.368535e-01,1.601544e+00,1.486071e+00,7.252946e-03,0,5.679591e-01,-6.098580e-05,-2.839815e-01,-2.980732e-01,-6.340327e-02,3.076572e-01,-5.472831e-01,-1.493928e-01,1.304653e+00,-7.841761e-01,2.870797e-01,9.052917e-01,2.471382e-01,-2.438821e-01,1.722574e-03,0,2.325902e-02
1.352113e-03,2.444620e+00,2.826510e+00,-7.213451e+00,7.125518e+00,2.285831e+00,-5.157154e-01,9.557741e-01,1.380274e+00,1.004907e+00,3.390328e+00,9.497044e-01,-3.897852e-01,1.480810e-02,0,6.076436e-01,-3.744671e-05,-4.987188e-01,-1.339865e+00,1.118855e+00,1.036544e+00,-2.684253e+00,-6.060880e-01,1.896800e+00,-1.375260e+00,2.487433e-01,1.757996e+00,-3.915335e-01,1.721564e-01,3.656694e-03,0,1.400164e-02
1.306048e-03,1.568571e+00,7.625894e-01,-4.788958e+00,8.827739e+00,-2.713673e+00,-1.066882e+00,3.394107e+00,-5.560138e-01,1.911380e+00,5.431740e+00,2.848778e-01,3.232449e-01,1.843457e-02,0,6.075187e-01,5.431001e-05,-6.147090e-01,-1.897451e+00,2.017199e+00,1.714968e+00,-4.481358e+00,-1.674178e+00,1.906557e+00,-7.212633e-01,2.684212e-01,1.859563e+00,-5.949213e-01,6.671499e-01,3.173164e-03,0,-7.730669e-03
1.432511e-03,9.121481e-01,-1.730548e+00,-1.737954e+00,1.109104e+01,-8.076630e+00,-3.863328e+00,5.823025e+00,-1.095319e+00,1.253608e+00,7.101496e+00,-9.350298e-01,2.374914e+00,2.115443e-02,0,5.812955e-01,1.532084e-04,-6.271683e-01,-1.742077e+00,2.087255e+00,1.880457e+00,-5.127196e+00,-2.070455e+00,1.441018e+00,4.660664e-01,-5.949624e-01,9.135553e-01,-3.214870e-01,1.344139e+00,1.420368e-03,0,-2.341892e-02
1.685156e-03,3.349242e-01,-3.013618e+00,2.425164e-02,1.272139e+01,-1.383003e+01,-6.694778e+00,6.780130e+00,7.589296e-01,7.660845e-01,7.579086e+00,-4.306954e-01,3.439471e+00,1.994560e-02,0,5.424798e-01,2.214114e-04,-5.046282e-01,-1.337048e+00,1.454831e+00,1.745084e+00,-4.617332e+00,-2.000119e+00,1.184399e-01,1.647417e+00,-8.109619e-01,2.852632e-01,3.138461e-01,7.640700e-01,6.044125e-04,0,-2.582716e-02
1.928601e-03,-7.439812e-02,-3.995770e+00,8.162186e-01,1.458098e+01,-1.779197e+01,-8.054044e+00,6.467853e+00,3.053135e+00,-1.397257e+00,6.884431e+00,-2.999438e-01,4.772798e+00,2.115443e-02,0,5.230684e-01,2.014430e-04,-3.474991e-01,-7.898999e-01,5.037177e-01,1.285231e+00,-3.241521e+00,-1.020163e+00,-1.154184e+00,1.952011e+00,-8.234442e-01,-2.625544e-01,8.842604e-01,2.755983e-01,5.741917e-04,0,-1.855658e-02
2.165060e-03,-4.612971e-01,-4.790040e+00,1.208114e+00,1.580819e+01,-2.094266e+01,-8.972117e+00,3.663892e+00,5.606842e+00,-8.179976e-01,6.966588e+00,1.536565e+00,2.944653e+00,2.145663e-02,0,5.074964e-01,1.118095e-04,-1.563873e-01,-3.002391e-01,-1.133701e-01,6.965412e-01,-1.445765e+00,-1.145191e-01,-1.602902e+00,1.062452e+00,-5.548835e-01,-4.681698e-01,1.007641e+00,-1.675454e-01,6.950743e-04,0,-8.126736e-03
2.199774e-03,-4.272368e-01,-4.791836e+00,1.887034e-01,1.597380e+01,-2.072792e+01,-7.825471e+00,1.610226e+00,6.240782e+00,-2.071572e+00,6.094973e+00,2.502642e+00,4.000315e+00,2.326987e-02,0,5.060043e-01,-3.008207e-05,-1.011509e-02,3.547410e-01,-3.351683e-01,-8.221416e-02,2.747612e-01,6.526532e-01,-1.172551e+00,-8.452510e-03,-2.691488e-02,-5.934390e-01,6.194690e-01,-2.592635e-01,2.719853e-04,0,1.157713e-03
2.108617e-03,-2.705931e-01,-4.116781e+00,-2.288410e-01,1.550769e+01,-1.959088e+01,-7.381660e+00,1.194435e+00,4.477365e+00,-1.671176e+00,5.632967e+00,3.206218e+00,2.987986e+00,2.236325e-02,0,5.103782e-01,-1.737685e-04,1.310054e-03,9.140879e-01,-1.125623e-01,-7.566407e-01,1.999459e+00,1.116451e+00,-4.050690e-01,-1.010577e+00,2.907913e-01,-6.371975e-01,2.295423e-02,-2.361739e-01,-4.230888e-04,0,8.627105e-03
1.806412e-03,-2.203256e-01,-2.558694e+00,-1.411454e-01,1.432016e+01,-1.709406e+01,-5.586007e+00,1.839826e+00,3.575610e+00,-1.105242e+00,4.584047e+00,1.962575e+00,3.454814e+00,2.206104e-02,0,5.274161e-01,-2.626386e-04,-3.113433e-01,1.158376e+00,1.950986e-01,-1.374331e+00,3.502573e+00,1.678717e+00,1.169791e-01,-1.050675e+00,8.274606e-01,-1.131116e-01,-1.294815e-01,-3.479294e-01,-7.252945e-04,0,-2.614115e-02
1.492898e-03,-5.582024e-01,-1.336171e+00,8.102267e-01,1.285181e+01,-1.276230e+01,-4.509595e+00,1.523747e+00,1.886540e+00,1.527939e-01,4.536064e+00,1.921370e+00,2.036534e+00,1.994560e-02,0,5.399261e-01,-2.781386e-04,-8.027195e-01,9.770424e-01,4.051708e-02,-1.706742e+00,4.453844e+00,2.222800e+00,6.282029e-02,-8.310665e-01,1.027144e+00,8.421828e-01,3.447597e-01,-2.159434e-01,-3.022056e-04,0,-8.349152e-02
1.194441e-03,-1.840149e+00,-3.902620e-01,6.446623e-01,1.043008e+01,-6.629339e+00,-8.679183e-01,2.030466e+00,2.282818e+00,1.153747e+00,6.077866e+00,2.497659e+00,2.736394e+00,2.085222e-02,0,3.605247e-01,-2.249670e-04,-1.286818e+00,5.568532e-01,-3.076546e-01,-1.880249e+00,4.347332e+00,2.214593e+00,2.885323e-02,-5.498187e-01,7.757238e-01,1.406949e+00,4.262005e-01,-3.334415e-01,2.115449e-04,0,-1.418392e-01
1.023910e-03,-3.474279e+00,-3.157849e-01,-4.191595e-01,8.919015e+00,-2.554015e+00,1.373293e+00,1.413216e+00,9.684293e-01,2.335049e+00,9.096971e+00,4.662475e+00,2.267479e+00,2.145663e-02,0,1.763663e-01,-1.478861e-04,-1.424109e+00,2.167154e-01,-5.716166e-01,-1.690934e+00,3.005641e+00,1.535221e+00,-1.170830e-01,-2.083537e-01,1.952542e-01,1.183310e+00,-2.929643e-01,-6.670986e-01,5.137505e-04,0,-1.440377e-01
9.160712e-04,-5.196378e+00,-2.846211e-01,-1.064725e+00,6.885311e+00,-4.615411e-01,2.545514e+00,2.039357e+00,1.285573e+00,1.682249e+00,9.338340e+00,2.723025e+00,1.672134e+00,2.236325e-02,0,0,-7.699648e-05,-1.118357e+00,4.105757e-02,-4.820209e-01,-1.346761e+00,1.447494e+00,3.398470e-01,-1.759060e-01,-2.134949e-02,-5.559992e-01,6.020508e-02,-1.533344e+00,-1.215335e+00,3.022049e-05,0,-8.974157e-02
8.926526e-04,-6.000631e+00,-3.054148e-01,-1.193162e+00,6.169523e+00,-8.179951e-01,1.459794e+00,9.338862e-01,1.343395e+00,8.648138e-01,8.822375e+00,3.438650e-01,-7.668298e-01,2.175884e-02,0,0,-3.386295e-05,-6.361343e-01,3.457134e-02,-2.232278e-01,-9.510261e-01,4.789936e-01,-2.927902e-01,-6.939878e-02,2.743332e-01,-9.025742e-01,-7.983714e-01,-2.107725e+00,-1.167647e+00,-2.719859e-04,0,-3.527327e-02
8.750869e-04,-6.168760e+00,-1.901592e-01,-1.378441e+00,5.071027e+00,-2.598785e-01,7.880662e-01,1.390601e+00,1.988588e+00,-8.911316e-01,6.516189e+00,-3.009758e+00,-1.823125e+00,2.085222e-02,0,0,-9.953417e-06,-2.112892e-01,3.041795e-02,-8.127098e-02,-4.727065e-01,9.614420e-02,-4.186623e-01,-8.407989e-02,2.051224e-01,-6.902707e-01,-7.950488e-01,-1.481919e+00,-8.046812e-01,-3.928682e-04,0,0
