pcm_RMSenergy_sma,pcm_fftMag_mfcc_sma[1],pcm_fftMag_mfcc_sma[2],pcm_fftMag_mfcc_sma[3],pcm_fftMag_mfcc_sma[4],pcm_fftMag_mfcc_sma[5],pcm_fftMag_mfcc_sma[6],pcm_fftMag_mfcc_sma[7],pcm_fftMag_mfcc_sma[8],pcm_fftMag_mfcc_sma[9],pcm_fftMag_mfcc_sma[10],pcm_fftMag_mfcc_sma[11],pcm_fftMag_mfcc_sma[12],pcm_zcr_sma,F0final_sma,voicingFinalUnclipped_sma,pcm_RMSenergy_sma_de,pcm_fftMag_mfcc_sma_de[1],pcm_fftMag_mfcc_sma_de[2],pcm_fftMag_mfcc_sma_de[3],pcm_fftMag_mfcc_sma_de[4],pcm_fftMag_mfcc_sma_de[5],pcm_fftMag_mfcc_sma_de[6],pcm_fftMag_mfcc_sma_de[7],pcm_fftMag_mfcc_sma_de[8],pcm_fftMag_mfcc_sma_de[9],pcm_fftMag_mfcc_sma_de[10],pcm_fftMag_mfcc_sma_de[11],pcm_fftMag_mfcc_sma_de[12],pcm_zcr_sma_de,F0final_sma_de,voicingFinalUnclipped_sma_de
1.899723e-03,-2.661235e+00,5.958376e+00,-6.539186e+00,-1.107188e+00,6.002019e+00,1.493030e+00,-7.743974e+00,-2.190188e+00,3.084188e+00,-3.122104e+00,2.724947e+00,3.503146e-01,8.159565e-03,0,5.891415e-01,1.520641e-04,2.531503e-01,4.100483e-01,-7.507738e-01,-7.080933e-01,-2.502015e+00,8.057033e-01,2.305758e+00,-9.293221e-01,-4.683696e-01,1.954227e-02,9.794976e-01,1.235315e+00,2.750076e-03,0,8.791191e-03
2.191702e-03,-2.178400e+00,6.668987e+00,-7.822276e+00,-2.702319e+00,1.031229e+00,3.251321e+00,-3.028818e+00,-4.087867e+00,1.933390e+00,-3.148074e+00,4.479520e+00,2.409468e+00,1.390148e-02,0,6.046197e-01,2.167511e-04,4.029671e-01,5.305200e-01,-1.132291e+00,-5.236002e-01,-3.272472e+00,1.138289e+00,3.025983e+00,-1.110562e+00,-7.657026e-01,7.105999e-02,1.600729e+00,1.611012e+00,3.384708e-03,0,1.350583e-02
2.514054e-03,-1.636901e+00,7.653313e+00,-9.651510e+00,-3.850089e+00,-4.022659e+00,4.642401e+00,1.427240e+00,-5.887958e+00,1.317738e+00,-3.011408e+00,6.745148e+00,5.497315e+00,1.903898e-02,0,6.253584e-01,2.079896e-04,5.357682e-01,2.538453e-01,-1.145861e+00,1.583672e-02,-3.087689e+00,1.333902e+00,2.617202e+00,-8.127764e-01,-1.377236e+00,7.855517e-01,1.747760e+00,1.312335e+00,3.112723e-03,0,1.378695e-02
2.676313e-03,-1.158566e+00,7.763508e+00,-1.064448e+01,-2.353739e+00,-5.348003e+00,5.609789e+00,2.800333e+00,-5.894113e+00,1.388996e-01,-2.822152e+00,8.718492e+00,5.831876e+00,1.964340e-02,0,6.385623e-01,1.114319e-04,5.860162e-01,-4.383964e-01,-7.157279e-01,6.684271e-01,-1.514365e+00,1.090200e+00,1.312250e+00,-4.624270e-01,-1.698428e+00,1.874415e+00,1.309862e+00,-7.978725e-02,1.994560e-03,0,8.341258e-03
2.697365e-03,-4.923104e-01,6.680342e+00,-1.085739e+01,-1.202295e+00,-6.246808e+00,6.983304e+00,2.427459e+00,-5.350947e+00,-2.904747e+00,6.426933e-01,9.344262e+00,5.200784e+00,2.085222e-02,0,6.411051e-01,1.124814e-05,5.325564e-01,-1.127656e+00,-1.416370e-01,7.655581e-01,-2.705617e-02,3.452082e-01,6.211920e-01,-4.087229e-01,-1.972519e+00,2.653112e+00,8.953830e-01,-1.504915e+00,1.420369e-03,0,2.092659e-03
2.657206e-03,1.793864e-01,4.963490e+00,-1.079797e+01,-6.840808e-01,-5.428522e+00,7.531868e+00,3.032324e+00,-6.668508e+00,-4.447505e+00,4.396952e+00,9.729273e+00,2.158797e+00,2.296766e-02,0,6.384527e-01,-4.678632e-05,4.370196e-01,-1.431530e+00,2.454500e-02,6.179732e-01,8.846647e-01,-1.024013e+00,6.975653e-01,-5.228657e-01,-1.521835e+00,2.189567e+00,8.871147e-01,-1.895291e+00,1.269266e-03,0,-8.597553e-04
2.579849e-03,3.569053e-01,3.415044e+00,-1.028295e+01,-8.571274e-01,-4.117681e+00,5.407403e+00,4.417204e+00,-7.544375e+00,-6.251655e+00,6.644602e+00,1.071667e+01,-1.907192e-01,2.447869e-02,0,6.358765e-01,-6.175831e-05,2.642400e-01,-1.236037e+00,2.470264e-02,4.699546e-01,1.547849e+00,-2.531750e+00,7.729453e-01,5.340948e-02,-1.185573e+00,9.088928e-01,1.199208e+00,-1.198214e+00,5.439710e-04,0,-6.040633e-04
2.501140e-03,6.019242e-01,2.238510e+00,-1.080897e+01,5.635435e-01,-1.989243e+00,1.277673e+00,5.293287e+00,-7.411727e+00,-5.796820e+00,5.124727e+00,1.246786e+01,-9.488254e-01,2.417649e-02,0,6.368778e-01,-6.829358e-05,2.293252e-01,-7.291434e-01,-1.657899e-01,4.430224e-01,1.417947e+00,-2.953482e+00,5.724658e-01,1.021852e+00,-7.529043e-01,-4.175289e-01,1.505486e+00,2.402820e-01,-7.555153e-04,0,7.170200e-04
2.466607e-03,6.176206e-01,1.862649e+00,-1.072838e+01,5.236660e-01,-2.272023e-01,-2.548348e+00,5.161704e+00,-4.712290e+00,-8.157954e+00,4.823270e+00,1.397101e+01,7.635271e-01,2.296766e-02,0,6.388722e-01,-8.422253e-05,2.674314e-01,-7.973766e-02,-1.229883e-01,1.734176e-01,9.143672e-01,-1.825795e+00,1.321770e-01,1.448078e+00,-1.112542e-02,-8.722719e-01,1.200511e+00,9.239694e-01,-1.873678e-03,0,1.246983e-03
2.372359e-03,1.195655e+00,2.093971e+00,-1.140421e+01,8.406345e-01,-2.840273e-01,-3.257665e+00,5.522403e+00,-2.975293e+00,-7.258877e+00,3.219974e+00,1.562954e+01,2.883084e+00,1.994560e-02,0,6.405399e-01,-9.660756e-05,2.616959e-01,4.839807e-01,-3.479099e-02,-6.532689e-02,1.006856e-02,3.522619e-01,-2.169634e-01,7.496557e-01,9.385115e-01,-6.223328e-01,3.706532e-01,3.867402e-01,-2.387428e-03,0,6.253839e-04
2.223126e-03,1.397197e+00,3.088625e+00,-1.060027e+01,-1.285850e-01,-3.984526e-01,-1.453906e+00,4.963531e+00,-2.522203e+00,-5.576254e+00,3.235620e+00,1.513839e+01,2.513173e+00,1.722575e-02,0,6.402803e-01,-7.537405e-05,4.535105e-02,9.497282e-01,-1.910620e-01,-2.081554e-01,-1.027532e-01,1.825394e+00,-6.309825e-01,-4.610913e-01,1.937196e+00,4.606349e-02,-1.129531e+00,-8.267714e-01,-1.390148e-03,0,1.263022e-04
2.139842e-03,1.520616e+00,4.045425e+00,-1.104698e+01,5.630345e-01,-1.853275e+00,2.491762e+00,4.307556e+00,-4.758492e+00,-2.395113e+00,2.806889e+00,1.373744e+01,1.100526e-01,1.511031e-02,0,6.393006e-01,8.786214e-06,-3.703821e-01,1.051996e+00,-6.202303e-01,-3.192775e-01,5.116369e-01,1.967665e+00,-1.137010e+00,-1.094588e+00,2.081528e+00,1.218786e+00,-2.709473e+00,-1.500201e+00,9.066183e-04,0,-1.588881e-04
2.205995e-03,6.818955e-01,5.635562e+00,-1.186230e+01,-3.783112e-01,4.365556e-02,3.703910e+00,2.614215e+00,-6.126147e+00,-9.038575e-01,5.260130e+00,9.269404e+00,-1.983815e+00,1.843457e-02,0,6.401234e-01,8.772586e-05,-5.523695e-01,6.475900e-01,-1.053267e+00,-1.738839e-01,8.869802e-01,1.552220e+00,-1.673536e+00,-6.881548e-01,1.817579e+00,1.647374e+00,-3.466581e+00,-1.229768e+00,3.173164e-03,0,1.610279e-04
2.424855e-03,-2.986051e-01,6.080481e+00,-1.387434e+01,-6.308899e-01,2.053103e+00,4.001751e+00,1.012013e+00,-6.646261e+00,8.125626e-01,8.301648e+00,5.016666e+00,-2.369430e+00,2.387428e-02,0,6.398240e-01,1.121991e-04,-3.821242e-01,-2.204285e-02,-9.584047e-01,5.635950e-02,6.105982e-01,1.261141e+00,-2.230506e+00,9.691034e-02,1.228128e+00,1.486475e+00,-3.068596e+00,-3.202975e-01,3.868238e-03,0,3.021419e-04
2.519249e-03,-4.550400e-01,5.309047e+00,-1.445292e+01,-4.010424e-01,2.083260e+00,5.552200e+00,-1.756377e+00,-5.019093e+00,1.907800e+00,8.725112e+00,2.165872e+00,-2.395924e+00,2.870958e-02,0,6.408238e-01,3.715493e-05,1.689757e-01,-6.481632e-01,-4.394926e-01,4.266165e-01,-4.749931e-01,1.304632e+00,-2.117721e+00,2.957560e-01,4.540028e-01,4.681778e-01,-1.358838e+00,5.851334e-01,2.236325e-03,0,3.083944e-05
2.544211e-03,1.784624e-01,4.098469e+00,-1.454369e+01,8.561976e-01,1.799137e-01,7.873324e+00,-4.659680e+00,-4.827468e+00,2.339700e+00,8.506774e+00,1.946221e+00,-1.285380e+00,2.931399e-02,0,6.404611e-01,-9.490040e-05,4.970602e-01,-6.205856e-01,3.544998e-01,5.379940e-01,-7.776247e-01,1.087323e-01,-9.831554e-01,-1.561825e-01,-9.416922e-01,-2.990954e-01,7.509325e-01,1.012324e+00,6.044116e-05,0,-5.667508e-04
2.332092e-03,1.288240e+00,3.385753e+00,-1.372509e+01,1.011227e+00,-1.394715e+00,8.291285e+00,-5.138545e+00,-5.556763e+00,6.025878e-01,7.498456e+00,4.010435e+00,3.998274e-01,2.689634e-02,0,6.399590e-01,-2.000229e-04,4.886645e-01,-2.814284e-01,1.034012e+00,5.448393e-01,-4.263744e-01,-1.687731e+00,6.229760e-01,-6.911441e-01,-2.333765e+00,-7.129102e-01,2.150555e+00,1.088108e+00,-1.631913e-03,0,-9.723067e-04
2.043932e-03,1.315056e+00,3.939201e+00,-1.246576e+01,1.352945e+00,-9.603313e-02,3.175871e+00,-2.212681e+00,-7.158338e+00,-3.243293e+00,7.419499e+00,7.849047e+00,1.294314e+00,2.508311e-02,0,6.374226e-01,-2.387924e-04,2.430587e-01,6.447246e-02,1.436678e+00,5.209834e-01,7.043344e-02,-3.041695e+00,1.667958e+00,-4.187484e-01,-2.711385e+00,-9.927839e-01,2.479557e+00,2.195590e-01,-1.873678e-03,0,-2.280653e-04
1.769274e-03,1.419986e+00,3.981539e+00,-1.032183e+01,2.074780e+00,8.936087e-02,-5.377297e-01,1.350033e-01,-7.309378e+00,-6.969526e+00,5.704198e+00,9.967236e+00,1.754771e+00,2.266546e-02,0,6.374815e-01,-1.813845e-04,1.322050e-01,1.354958e-01,1.418357e+00,6.197613e-01,1.330027e-02,-2.709117e+00,1.392055e+00,4.448924e-01,-1.815055e+00,-9.513212e-01,1.610721e+00,-6.058375e-01,-1.269266e-03,0,5.630672e-04
1.631658e-03,1.327883e+00,4.122938e+00,-9.061934e+00,2.929338e+00,-2.099572e-01,-2.920646e+00,1.043335e+00,-6.044902e+00,-7.431166e+00,4.439983e+00,1.136561e+01,-8.650568e-01,2.206104e-02,0,6.405596e-01,-9.774446e-05,1.902736e-01,-2.422004e-02,1.080471e+00,7.946287e-01,-3.169372e-01,-1.099393e+00,6.232000e-01,1.134894e+00,-2.461588e-01,-8.300800e-01,6.107008e-01,-1.408458e+00,-1.813240e-04,0,1.563382e-03
1.631306e-03,1.942852e+00,3.971363e+00,-8.335217e+00,3.321837e+00,-1.271252e+00,-2.206042e+00,1.937231e-01,-3.889019e+00,-6.378751e+00,4.231608e+00,1.030576e+01,-1.549675e+00,2.206104e-02,0,6.412058e-01,-1.458719e-05,1.886893e-01,-2.206786e-02,5.946010e-01,9.136997e-01,-2.456481e-01,1.417092e-01,8.340749e-03,1.045391e+00,8.930631e-01,-2.686737e-01,-7.111406e-02,-1.559210e+00,6.044123e-04,0,2.314121e-03
1.624193e-03,2.004991e+00,3.823189e+00,-8.056714e+00,4.702560e+00,-1.000413e+00,-1.486940e+00,8.739595e-01,-3.194048e+00,-4.769474e+00,4.005394e+00,1.073329e+01,-4.095754e+00,2.447869e-02,0,6.433774e-01,9.235331e-05,7.330446e-02,-2.315881e-01,1.598270e-01,1.116695e+00,-1.746983e-01,1.057271e+00,-8.977989e-01,5.841290e-01,2.187108e+00,-1.552359e-01,-8.480426e-01,-1.222302e+00,8.461777e-04,0,2.573639e-03
1.700070e-03,2.024878e+00,4.021075e+00,-7.851437e+00,5.756668e+00,-7.436517e-01,-5.460369e-01,2.613946e-01,-3.507848e+00,-3.835057e+00,4.578125e+00,9.927824e+00,-4.425930e+00,2.447869e-02,0,6.476432e-01,2.563072e-04,-2.649539e-01,-6.677651e-01,-1.531197e-01,1.192464e+00,-4.387789e-01,1.157563e+00,-1.803002e+00,6.414651e-01,3.722401e+00,-4.276765e-01,-1.694324e+00,-1.071758e+00,6.044123e-04,0,1.599842e-03
2.059042e-03,1.653392e+00,2.940142e+00,-8.504689e+00,7.295399e+00,-1.347249e+00,1.535707e+00,-3.479496e+00,-3.314843e+00,2.232528e+00,3.490546e+00,7.314362e+00,-5.538437e+00,2.508311e-02,0,6.502091e-01,4.479468e-04,-6.173764e-01,-1.392037e+00,-1.722746e-01,1.114844e+00,-1.011525e+00,1.021358e+00,-2.572564e+00,1.490330e+00,4.865312e+00,-1.295358e+00,-2.551324e+00,-7.404380e-01,-1.511036e-04,0,-2.453071e-03
2.695418e-03,7.938816e-01,1.074061e+00,-8.876827e+00,7.987740e+00,-3.291728e+00,2.070448e+00,-6.644558e+00,-6.212961e-01,8.732255e+00,2.350650e+00,3.543607e+00,-6.187122e+00,2.478090e-02,0,6.457892e-01,5.522718e-04,-9.403726e-01,-1.917701e+00,1.773979e-01,9.903980e-01,-1.449763e+00,1.951424e-01,-2.096941e+00,2.534304e+00,4.505960e+00,-2.365845e+00,-2.373177e+00,-6.227287e-01,-9.972807e-04,0,-7.928091e-03
3.366254e-03,-4.663930e-01,-1.663488e+00,-8.405392e+00,9.161242e+00,-4.784000e+00,2.311610e+00,-8.535882e+00,2.814323e+00,1.327343e+01,-1.357657e+00,1.168778e+00,-6.917348e+00,2.357207e-02,0,6.320390e-01,4.828476e-04,-1.053157e+00,-1.798304e+00,6.933828e-01,6.988533e-01,-1.446908e+00,-8.071723e-01,-8.620246e-01,2.788516e+00,2.401946e+00,-2.929437e+00,-1.329233e+00,-1.894230e-01,-1.601693e-03,0,-1.231083e-02
3.807823e-03,-1.617092e+00,-3.265614e+00,-7.014096e+00,9.775736e+00,-6.274089e+00,4.172373e-02,-7.695119e+00,6.099087e+00,1.317429e+01,-4.827001e+00,1.134731e+00,-6.850118e+00,2.024781e-02,0,6.170878e-01,2.797656e-04,-9.311619e-01,-1.221302e+00,9.234583e-01,4.984716e-01,-1.160522e+00,-1.514969e+00,-5.678697e-02,2.189114e+00,3.174275e-01,-2.752746e+00,9.536509e-02,1.499016e-01,-8.461766e-04,0,-1.212801e-02
3.917078e-03,-2.406907e+00,-3.881540e+00,-5.969141e+00,9.895667e+00,-7.090608e+00,-1.485793e+00,-7.264338e+00,7.267544e+00,1.202124e+01,-7.567812e+00,1.872635e+00,-6.154054e+00,1.934119e-02,0,6.030056e-01,4.914054e-05,-7.064089e-01,-4.676027e-01,7.306022e-01,1.878299e-01,-8.016888e-01,-1.758941e+00,3.726519e-01,1.312290e+00,-1.003490e+00,-1.520668e+00,9.601596e-01,5.604272e-01,9.670596e-04,0,-7.627726e-03
3.818834e-03,-2.891671e+00,-3.923423e+00,-5.477661e+00,1.011289e+01,-7.941035e+00,-3.605698e+00,-7.564265e+00,8.097663e+00,1.094549e+01,-8.308002e+00,3.668504e+00,-5.819261e+00,2.266546e-02,0,5.996658e-01,-1.125411e-04,-5.183778e-01,4.520848e-02,4.168399e-01,1.096188e-01,-3.907720e-01,-1.454045e+00,5.348594e-01,6.857488e-01,-1.301092e+00,-1.708302e-01,1.280521e+00,8.145031e-01,2.901179e-03,0,-3.192896e-03
3.606451e-03,-3.361148e+00,-3.672597e+00,-5.520598e+00,9.931817e+00,-7.958972e+00,-4.659387e+00,-6.738050e+00,8.376484e+00,9.370382e+00,-7.220495e+00,4.702690e+00,-4.630641e+00,2.719855e-02,0,6.026114e-01,-1.715714e-04,-3.238173e-01,3.410525e-01,2.399987e-01,1.153786e-01,-2.963560e-01,-1.074937e+00,1.211920e+00,4.383741e-01,-1.200804e+00,9.074367e-01,1.140622e+00,1.194228e+00,3.233606e-03,0,-2.191090e-03
3.400431e-03,-3.731860e+00,-3.144043e+00,-5.154168e+00,1.030575e+01,-7.793767e+00,-5.641703e+00,-5.283967e+00,8.973361e+00,7.994257e+00,-5.854811e+00,6.122308e+00,-3.539309e+00,3.082502e-02,0,6.013204e-01,-1.836794e-04,-7.203202e-02,4.858793e-01,2.665097e-01,1.299386e-01,-1.918018e-01,-6.484768e-01,1.879410e+00,2.629548e-01,-5.483969e-01,8.813474e-01,7.573095e-01,1.186773e+00,1.934120e-03,0,-5.190760e-03
3.268422e-03,-3.605899e+00,-2.565967e+00,-4.930894e+00,1.037613e+01,-8.646022e+00,-5.842474e+00,-2.344886e+00,9.021565e+00,7.492834e+00,-4.257224e+00,6.348843e+00,-1.322889e+00,3.142944e-02,0,5.912229e-01,-1.968009e-04,2.643011e-01,5.034951e-01,3.536065e-01,2.670945e-01,-2.277107e-01,-3.258166e-01,1.907518e+00,4.421024e-02,4.213728e-01,3.447824e-01,-1.917458e-03,5.941625e-01,-1.208823e-04,0,-8.004946e-03
3.069451e-03,-3.129455e+00,-2.047341e+00,-4.439964e+00,1.054042e+01,-8.556519e+00,-6.256538e+00,-3.637953e-01,9.089896e+00,9.142278e+00,-5.382900e+00,6.631975e+00,-1.539270e+00,3.022061e-02,0,5.794063e-01,-2.728051e-04,5.862301e-01,5.338846e-01,4.018734e-01,2.256473e-01,2.119946e-01,1.241506e-01,1.397344e+00,-4.888062e-01,8.603622e-01,-1.135387e-02,-1.048793e+00,-2.431622e-01,-1.964340e-03,0,-5.065125e-03
2.787936e-03,-2.340845e+00,-1.703472e+00,-4.109667e+00,1.114995e+01,-8.716149e+00,-5.981052e+00,3.394538e-01,8.539268e+00,1.090324e+01,-5.732538e+00,4.438269e+00,-2.659848e+00,2.689634e-02,0,5.735437e-01,-3.698724e-04,7.684866e-01,6.321651e-01,4.829201e-01,1.426017e-01,7.251470e-01,5.504673e-01,8.435919e-01,-8.103932e-01,-1.157666e-01,2.069352e-01,-1.367842e+00,-1.205995e+00,-3.052282e-03,0,2.148837e-03
2.276649e-03,-1.433237e+00,-9.058668e-01,-3.555414e+00,1.104708e+01,-6.698731e+00,-4.951661e+00,3.605823e-01,6.770479e+00,1.059087e+01,-5.173923e+00,1.833632e+00,-4.086641e+00,2.326987e-02,0,5.848344e-01,-4.051780e-04,8.184746e-01,7.756295e-01,3.412700e-01,-2.769000e-01,1.128435e+00,7.578930e-01,7.573252e-01,-1.182340e+00,-1.693411e+00,1.234705e+00,-9.096098e-01,-1.291419e+00,-3.626473e-03,0,9.849310e-03
1.815462e-03,-6.115751e-01,2.412113e-02,-2.958569e+00,1.083581e+01,-5.949181e+00,-3.742577e+00,1.510885e+00,6.129309e+00,6.189706e+00,-3.327037e+00,1.908805e+00,-6.079176e+00,1.964340e-02,0,5.992530e-01,-3.309913e-04,7.512376e-01,6.928157e-01,1.259207e-01,-5.508367e-01,9.932930e-01,5.366305e-01,7.660728e-01,-1.305276e+00,-2.586836e+00,1.770992e+00,-2.837639e-02,-9.541987e-01,-3.596253e-03,0,1.261792e-02
1.529798e-03,9.828261e-02,9.670100e-01,-3.309163e+00,9.312998e+00,-4.297829e+00,-3.586311e+00,2.837115e+00,4.383174e+00,3.031988e+00,-4.121273e-01,3.348658e+00,-6.286701e+00,1.571472e-02,0,6.157982e-01,-1.887808e-04,6.039997e-01,4.734486e-01,-1.263146e-01,-7.566075e-01,4.170166e-01,2.948520e-01,5.410491e-01,-1.632159e+00,-1.979989e+00,1.921061e+00,2.095429e-01,-2.205673e-01,-3.112723e-03,0,1.057411e-02
1.506406e-03,6.495833e-01,8.241674e-01,-3.603189e+00,9.262811e+00,-4.950136e+00,-3.980574e+00,2.931551e+00,3.206542e+00,1.748495e+00,7.415211e-01,3.538875e+00,-6.330811e+00,1.269266e-02,0,6.211514e-01,-7.708763e-05,4.309179e-01,3.563220e-01,-3.551905e-02,-8.985234e-01,-2.511178e-01,1.197818e-01,9.092250e-02,-1.741103e+00,-1.023957e+00,1.246678e+00,-2.770303e-01,6.860601e-01,-2.024780e-03,0,7.220715e-03
1.487273e-03,9.561820e-01,1.061353e+00,-3.864677e+00,8.050537e+00,-5.113171e+00,-3.358402e+00,2.355495e+00,7.106463e-02,2.911528e+00,2.397101e+00,2.066312e+00,-5.063660e+00,1.118163e-02,0,6.267557e-01,-2.834648e-05,2.189569e-01,4.678492e-01,2.751528e-01,-1.017570e+00,-7.911709e-01,1.875577e-01,-1.456043e-01,-1.342121e+00,-4.313703e-01,2.106524e-01,-7.082170e-01,1.287510e+00,-9.066174e-05,0,4.077458e-03
1.451286e-03,1.114065e+00,1.758560e+00,-2.858408e+00,6.974421e+00,-6.797099e+00,-3.257622e+00,2.206308e+00,-4.201531e-01,1.130154e+00,1.501741e+00,1.164826e+00,-3.260396e+00,1.178604e-02,0,6.298778e-01,-1.818427e-05,6.948023e-02,5.988027e-01,4.849277e-01,-9.007263e-01,-6.701564e-01,-7.034683e-02,-2.471168e-01,-2.310443e-01,-6.050468e-01,-4.892531e-01,-7.991748e-01,1.647218e+00,1.722575e-03,0,2.321058e-03
1.415626e-03,9.608264e-01,2.839060e+00,-2.305790e+00,5.369345e+00,-7.330202e+00,-3.009999e+00,2.471715e+00,-5.140834e-01,1.184307e+00,2.610245e-01,9.945967e-01,-1.384359e+00,1.571472e-02,0,6.318223e-01,-6.974558e-06,2.642419e-02,5.003291e-01,2.704487e-01,-3.007825e-01,-2.557948e-01,-3.947542e-01,-2.246203e-01,1.073191e+00,-8.341171e-01,-8.959629e-01,-7.146457e-01,1.128746e+00,2.417649e-03,0,2.539694e-04
1.451308e-03,9.946623e-01,2.929328e+00,-1.957994e+00,6.099775e+00,-7.192402e+00,-4.506510e+00,1.637857e+00,2.343895e+00,-4.131292e-01,-6.367064e-01,7.885855e-02,6.563109e-02,1.903898e-02,0,6.302235e-01,1.391268e-06,1.635259e-02,2.734044e-01,-1.988437e-01,4.363123e-01,5.239295e-01,-7.454516e-01,-4.273871e-01,1.869570e+00,-6.272623e-01,-6.269190e-01,-5.537220e-01,1.527728e-01,1.420368e-03,0,-1.356792e-03
1.452389e-03,1.148004e+00,2.977614e+00,-2.962640e+00,6.983948e+00,-6.194493e+00,-4.707729e+00,1.516618e+00,4.054996e+00,-4.874164e-01,-1.013490e+00,-9.639325e-01,-1.082944e+00,1.964340e-02,0,6.278527e-01,-1.738383e-06,5.929078e-02,1.405044e-01,-5.542072e-01,7.803870e-01,8.212822e-01,-7.518551e-01,-4.993028e-01,1.788684e+00,-3.893824e-01,-4.401457e-01,-3.044920e-01,-5.350211e-01,-6.346332e-04,0,-2.016401e-03
1.439861e-03,1.102239e+00,3.056305e+00,-3.524201e+00,8.348681e+00,-4.745306e+00,-6.136015e+00,5.469211e-01,6.643159e+00,-1.170296e+00,-9.955963e-01,-6.245192e-01,-2.647240e+00,1.692354e-02,0,6.250786e-01,-1.102787e-05,9.839089e-02,1.323061e-01,-6.061758e-01,6.862074e-01,8.773807e-01,-5.889122e-01,-4.839219e-01,1.041624e+00,7.142796e-02,-2.257771e-01,1.849438e-01,-6.671552e-01,-1.631913e-03,0,-1.570189e-03
1.412657e-03,1.203492e+00,3.478093e+00,-4.293723e+00,8.146827e+00,-4.447339e+00,-5.954522e+00,5.206693e-01,6.279703e+00,-3.840213e-01,-1.760259e+00,-1.761745e-01,-2.703029e+00,1.359927e-02,0,6.243127e-01,-1.444668e-05,1.327145e-01,1.563096e-01,-1.637456e-01,2.714520e-01,5.325134e-01,-3.770947e-01,-3.485792e-01,5.301715e-01,7.339173e-03,1.110502e-01,5.071265e-01,6.277530e-02,-9.066180e-04,0,-1.869279e-03
1.416034e-03,1.458873e+00,3.340619e+00,-4.323331e+00,8.949372e+00,-3.679075e+00,-6.827675e+00,-2.837780e-01,6.439663e+00,-1.076870e-01,-1.392208e+00,6.096986e-01,-2.460102e+00,1.390148e-02,0,6.241425e-01,-1.405133e-05,1.846456e-01,1.104227e-01,2.809487e-01,-4.675751e-02,8.918190e-02,-1.090697e-01,-1.996315e-01,4.237227e-01,1.705447e-01,6.947777e-01,4.393485e-01,8.083044e-01,7.857363e-04,0,-3.459621e-03
1.392069e-03,1.633260e+00,3.617005e+00,-3.381803e+00,8.040862e+00,-4.065041e+00,-6.247373e+00,1.890717e-01,6.807602e+00,-9.820250e-01,-2.599333e-01,9.545908e-01,-8.626361e-01,1.662134e-02,0,6.189744e-01,-1.798682e-05,8.655502e-02,9.066162e-02,8.296947e-01,-1.147054e-01,-3.190576e-01,-2.005037e-01,7.216763e-02,9.102176e-01,3.739617e-01,1.171380e+00,1.637265e-01,1.182701e+00,1.692355e-03,0,-5.351543e-03
1.379898e-03,1.810583e+00,3.538962e+00,-2.575418e+00,8.167876e+00,-4.490545e+00,-6.534938e+00,-2.854378e-01,8.497824e+00,-1.857026e-02,1.728130e+00,1.006840e+00,4.740857e-01,1.934119e-02,0,6.104497e-01,-3.145412e-05,-4.887550e-02,2.257958e-01,9.954485e-01,1.622453e-02,-7.578709e-01,-3.152541e-01,4.463656e-01,1.154321e+00,1.001917e+00,1.038626e+00,-1.915746e-01,9.067805e-01,5.137507e-04,0,-5.406678e-03
1.340791e-03,1.460412e+00,3.832230e+00,-1.019206e+00,7.964048e+00,-5.636892e+00,-7.103409e+00,8.823374e-01,9.801711e+00,1.441229e+00,2.536475e+00,4.438872e-01,1.743384e+00,1.934119e-02,0,6.044014e-01,-5.298189e-05,-3.421879e-01,3.869451e-01,8.364493e-01,3.957174e-01,-6.454290e-01,-6.490267e-01,6.824793e-01,9.455999e-01,1.241886e+00,4.683200e-01,-4.672151e-01,2.431962e-01,-7.252946e-04,0,-3.619242e-03
1.284403e-03,1.300919e+00,4.361986e+00,-5.273871e-01,9.068902e+00,-6.682504e+00,-7.975928e+00,1.601417e+00,1.071421e+01,3.690273e+00,2.402719e+00,-9.282263e-02,7.707908e-01,1.511031e-02,0,6.043956e-01,-8.425581e-05,-6.630893e-01,5.211988e-01,5.151294e-01,4.336239e-01,-4.744511e-02,-5.181688e-01,5.856267e-01,-1.092635e-01,4.862550e-01,3.417683e-02,-5.249803e-01,-2.250561e-01,-6.044125e-05,0,-4.172212e-02
1.174907e-03,1.771523e-01,5.140219e+00,-2.235716e-01,9.568936e+00,-6.196207e+00,-8.772012e+00,2.658041e+00,1.042741e+01,3.372983e+00,1.744372e+00,-8.316531e-01,2.049927e-01,1.511031e-02,0,6.039052e-01,-9.018747e-05,-1.321632e+00,1.985010e-01,1.219568e-01,1.026046e-01,1.126216e+00,1.378650e-01,-1.637518e-01,-1.020970e+00,-8.553737e-01,-1.779907e-01,-1.875212e-01,-3.977241e-01,3.928679e-03,0,-7.801813e-02
1.041561e-03,-8.632336e-01,5.490962e+00,-3.975880e-01,9.533551e+00,-4.448113e+00,-8.291481e+00,1.754844e+00,7.638659e+00,1.446828e+00,2.295065e+00,-9.802909e-01,1.180006e-01,2.115443e-02,0,4.020872e-01,-3.904524e-05,-1.968299e+00,-3.341512e-01,-1.708009e-01,-6.906201e-01,2.233488e+00,8.715343e-01,-4.621177e-01,-1.080509e+00,-1.836724e+00,-2.819889e-01,4.959353e-01,7.780246e-02,7.706255e-03,0,-9.238504e-02
1.011275e-03,-4.065671e+00,4.260247e+00,-4.743215e-01,8.244746e+00,-1.123006e+00,-6.256307e+00,-1.313488e-02,6.234641e+00,-1.713917e+00,1.700348e+00,-4.998446e-02,8.115820e-02,3.596253e-02,0,3.154650e-01,5.554276e-05,-1.874913e+00,-7.285693e-01,-6.473114e-01,-1.144019e+00,2.229539e+00,8.161644e-01,-7.882422e-01,-8.762240e-02,-1.250249e+00,-5.282454e-01,1.224720e+00,5.365579e-01,6.980960e-03,0,-3.355120e-02
1.170993e-03,-6.419163e+00,3.131216e+00,-1.256017e+00,6.277896e+00,1.948333e+00,-4.876108e+00,6.264167e-01,7.408049e+00,-2.949895e+00,1.014786e+00,1.996019e+00,1.221720e+00,4.321547e-02,0,2.866905e-01,2.061968e-04,-8.765897e-01,-8.230443e-01,-1.432555e+00,-7.256654e-01,7.471725e-01,-1.502448e-01,-8.816534e-01,9.685761e-01,5.953977e-01,-1.213253e+00,1.685319e+00,1.112765e+00,1.450589e-03,0,5.149831e-02
1.387905e-03,-6.419450e+00,2.677245e+00,-3.030914e+00,5.476669e+00,1.753264e+00,-6.398876e+00,-7.189569e-01,1.010460e+01,-6.799006e-01,-2.567155e-01,3.803792e+00,2.335922e+00,3.898459e-02,0,4.938475e-01,3.431127e-04,6.585349e-01,-6.300340e-01,-1.982987e+00,3.918448e-01,-1.640300e+00,-1.338554e+00,-1.594565e+00,1.105142e+00,2.491927e+00,-1.693383e+00,1.786128e+00,1.380419e+00,-4.533091e-03,0,8.326937e-02
1.884230e-03,-4.069293e+00,2.167241e+00,-6.282068e+00,7.289263e+00,-2.150386e+00,-8.971420e+00,-2.300512e+00,1.054656e+01,3.906808e+00,-2.792667e+00,5.519417e+00,4.554444e+00,2.689634e-02,0,5.703875e-01,4.554292e-04,1.319969e+00,-6.780986e-01,-1.977253e+00,1.264166e+00,-3.300699e+00,-1.628676e+00,-2.587134e+00,8.417012e-01,3.242406e+00,-2.282926e+00,1.833329e+00,1.192724e+00,-5.802357e-03,0,6.635267e-02
2.370219e-03,-1.947932e+00,1.592064e+00,-7.876233e+00,9.698287e+00,-7.275148e+00,-1.090142e+01,-6.522496e+00,1.019110e+01,7.317365e+00,-4.862841e+00,7.118956e+00,5.316889e+00,2.145663e-02,0,5.899634e-01,4.590834e-04,1.095533e+00,-7.120315e-01,-1.384021e+00,1.274802e+00,-3.154229e+00,-1.201760e+00,-2.626726e+00,5.302402e-01,2.595907e+00,-2.093047e+00,1.881461e+00,8.676723e-01,-3.052282e-03,0,1.508422e-02
2.956982e-03,-2.055076e+00,2.833129e-01,-8.719623e+00,1.048792e+01,-1.004095e+01,-1.076821e+01,-9.407482e+00,1.157331e+01,9.263505e+00,-8.096782e+00,9.505081e+00,5.694857e+00,2.296766e-02,0,5.703959e-01,3.392318e-04,4.389474e-01,-5.987428e-01,-6.860898e-01,6.571859e-01,-1.690427e+00,-7.612138e-01,-2.197429e+00,5.013509e-01,1.414288e+00,-1.257136e+00,1.668801e+00,2.911845e-01,2.417646e-04,0,-2.308196e-03
3.146947e-03,-1.948892e+00,5.905100e-02,-8.732241e+00,1.025135e+01,-1.007260e+01,-1.150928e+01,-1.029910e+01,1.224243e+01,9.621284e+00,-8.069896e+00,1.121826e+01,6.104078e+00,2.568752e-02,0,5.692644e-01,1.772647e-04,9.728476e-02,-3.077576e-01,-4.211894e-01,1.928840e-01,-2.934024e-01,-5.851310e-01,-1.150698e+00,2.417249e-01,6.263090e-01,-3.951178e-01,1.071260e+00,-1.596287e-01,1.027500e-03,0,-3.761655e-03
3.192025e-03,-1.874076e+00,-5.996645e-02,-9.284513e+00,1.029866e+01,-9.203794e+00,-1.247356e+01,-1.139935e+01,1.202765e+01,9.826290e+00,-7.474821e+00,1.181377e+01,5.616772e+00,2.598973e-02,0,5.691960e-01,3.087160e-05,1.611392e-01,1.672979e-02,-3.259397e-01,6.740169e-02,2.768766e-01,-4.403934e-01,-6.549911e-01,-1.171704e-01,3.045220e-01,1.833542e-01,1.732952e-01,-6.738237e-01,6.044134e-05,0,1.990664e-03
3.139021e-03,-1.552008e+00,2.249164e-01,-9.699735e+00,1.075734e+01,-9.160741e+00,-1.297440e+01,-1.128005e+01,1.117255e+01,1.016752e+01,-7.149410e+00,1.132091e+01,4.557788e+00,2.508310e-02,0,5.717551e-01,-3.235259e-05,1.877627e-01,-1.850616e-02,-1.557622e-01,1.221314e-02,-6.853600e-02,6.736259e-02,-2.275265e-01,-2.897751e-01,3.357162e-01,1.599313e-01,-7.451102e-01,-9.697895e-01,-9.670595e-04,0,3.496379e-03
3.115303e-03,-1.447821e+00,2.840292e-01,-9.865574e+00,1.057193e+01,-9.112500e+00,-1.223762e+01,-1.219196e+01,1.152239e+01,1.051300e+01,-7.640254e+00,1.032023e+01,3.098883e+00,2.357208e-02,0,5.791039e-01,-4.634310e-05,1.254741e-01,-1.571625e-01,1.497993e-01,-1.202510e-01,-4.715086e-01,4.534594e-01,1.574086e-01,-1.592412e-01,1.142445e-01,3.524334e-01,-1.169159e+00,-6.736147e-01,-1.390148e-03,0,4.146934e-03
3.023545e-03,-1.223205e+00,-2.054776e-01,-9.220521e+00,1.017578e+01,-1.046093e+01,-1.129044e+01,-1.104043e+01,1.104618e+01,1.095651e+01,-7.187523e+00,8.239479e+00,2.514075e+00,2.206104e-02,0,5.817924e-01,-3.246206e-05,-2.348771e-02,-2.951176e-01,3.921048e-01,-3.016976e-01,-6.249296e-01,4.736573e-01,3.768965e-01,1.277193e-01,1.649399e-02,7.031801e-01,-1.277562e+00,-1.143896e-01,-1.450589e-03,0,4.230631e-03
3.018048e-03,-1.411107e+00,-6.305821e-01,-8.775123e+00,9.988180e+00,-1.091124e+01,-1.104825e+01,-1.073212e+01,1.129463e+01,1.000302e+01,-5.693598e+00,7.508687e+00,3.270556e+00,2.055001e-02,0,5.849120e-01,-4.248764e-06,-1.531688e-01,-2.718485e-01,3.396792e-01,-3.607374e-01,-4.145495e-01,1.980673e-01,4.445845e-01,5.071497e-01,6.740894e-02,8.242277e-01,-9.325743e-01,2.361527e-01,-1.299487e-03,0,6.484431e-03
3.025338e-03,-1.687804e+00,-7.933661e-01,-8.284436e+00,9.540725e+00,-1.138602e+01,-1.120080e+01,-1.012549e+01,1.192503e+01,1.050498e+01,-4.606838e+00,6.338872e+00,3.900004e+00,1.934119e-02,0,5.900041e-01,-2.123525e-05,-1.783402e-01,-2.005882e-01,6.578960e-02,-5.320387e-01,9.779711e-02,1.298410e-01,3.164078e-01,7.135543e-01,1.991716e-01,7.486256e-01,-4.357889e-01,4.882982e-02,-8.763977e-04,0,9.803521e-03
3.093162e-03,-1.981366e+00,-7.812693e-01,-8.635221e+00,9.085775e+00,-1.072270e+01,-1.129210e+01,-1.042651e+01,1.361872e+01,1.107581e+01,-4.809458e+00,6.607664e+00,3.586682e+00,1.843457e-02,0,6.074201e-01,-8.849041e-05,-3.031771e-02,-8.989386e-02,-9.144650e-02,-7.992218e-01,3.137212e-01,2.399045e-01,3.987360e-01,7.384674e-01,2.053970e-01,5.958663e-01,-8.586045e-02,-1.051384e-01,-3.626473e-04,0,9.299207e-03
2.879811e-03,-1.829777e+00,-1.133075e+00,-8.961524e+00,7.966791e+00,-1.006621e+01,-1.051931e+01,-9.611194e+00,1.345191e+01,1.141597e+01,-3.886465e+00,6.511046e+00,2.600160e+00,1.873678e-02,0,6.195559e-01,-1.715482e-04,2.161126e-01,2.549483e-02,-8.211040e-02,-9.135057e-01,5.958161e-01,1.184811e-01,4.745224e-01,2.023375e-01,-2.918715e-01,6.141241e-01,2.912170e-01,-1.816831e-01,6.044134e-05,0,3.117371e-03
2.648359e-03,-1.491709e+00,-9.101971e-01,-8.893811e+00,6.779038e+00,-1.000254e+01,-1.018947e+01,-8.995587e+00,1.422353e+01,1.057450e+01,-3.074453e+00,6.993298e+00,3.394786e+00,1.903898e-02,0,6.166322e-01,-2.059193e-04,3.305885e-01,2.470927e-01,2.006838e-01,-7.032654e-01,6.175143e-01,-1.354647e-01,5.566946e-01,-2.491221e-01,-6.808747e-01,4.260598e-01,3.798728e-01,-2.660534e-02,6.044134e-05,0,-6.130815e-03
2.389999e-03,-8.520696e-01,-6.014281e-01,-8.565693e+00,6.126565e+00,-8.767016e+00,-1.115971e+01,-8.468339e+00,1.263431e+01,9.296274e+00,-2.403720e+00,7.602141e+00,3.087537e+00,1.934119e-02,0,6.009850e-01,-1.650599e-04,3.715386e-01,3.821373e-01,4.434945e-01,-2.437143e-01,8.704022e-01,-5.064223e-01,3.214583e-01,-4.374383e-01,-7.737296e-01,-9.110441e-02,5.372733e-01,-1.039550e-01,-3.022060e-04,0,-1.080853e-02
2.308472e-03,-8.172771e-01,1.883710e-01,-7.829717e+00,6.489562e+00,-8.284728e+00,-1.164922e+01,-8.214465e+00,1.278190e+01,8.731285e+00,-3.420532e+00,7.961481e+00,3.209967e+00,1.843457e-02,0,5.860515e-01,-1.001873e-04,3.257830e-01,2.244696e-01,5.032490e-01,2.638104e-01,6.692253e-01,-3.686941e-01,8.199139e-02,-3.575811e-01,-5.267180e-01,-4.394888e-01,5.091395e-01,-1.043454e-01,-3.022063e-04,0,-1.009336e-02
2.224455e-03,-3.092996e-01,2.283276e-01,-7.276099e+00,6.892958e+00,-6.573106e+00,-1.232154e+01,-8.394464e+00,1.198553e+01,8.468934e+00,-4.168948e+00,8.713321e+00,2.172795e+00,1.752795e-02,0,5.808036e-01,-6.181002e-05,3.825998e-01,-1.767089e-01,3.503278e-01,2.567669e-01,2.933842e-01,6.191635e-03,-4.138975e-02,9.451332e-02,-3.373684e-01,-2.636056e-01,1.108421e-01,2.011272e-01,1.208823e-04,0,-4.989600e-03
2.230194e-03,-1.341787e-01,-2.027270e-01,-7.022363e+00,7.714893e+00,-7.753370e+00,-1.145203e+01,-8.622568e+00,1.276001e+01,8.354584e+00,-4.389283e+00,8.983405e+00,3.330430e+00,1.843457e-02,0,5.762561e-01,-5.975275e-05,4.500624e-01,-6.051082e-01,1.539002e-01,8.292637e-02,-1.152164e-01,1.090324e-01,1.359982e-01,2.768884e-01,-3.253938e-01,3.153080e-01,-5.330961e-01,3.641529e-01,1.087942e-03,0,-4.763365e-04
2.120088e-03,7.193801e-01,-1.289424e+00,-7.217731e+00,6.797733e+00,-7.565774e+00,-1.122735e+01,-8.471236e+00,1.311782e+01,7.797783e+00,-3.237372e+00,7.645389e+00,4.032942e+00,1.994560e-02,0,5.809347e-01,-7.696725e-05,3.451042e-01,-6.093586e-01,1.855179e-01,-1.001475e-01,-2.210834e-01,-2.107387e-01,5.307004e-01,4.572272e-01,-2.493264e-01,7.799773e-01,-1.344171e+00,1.698007e-01,1.692354e-03,0,1.289403e-03
2.061892e-03,9.186952e-01,-2.078295e+00,-7.089400e+00,6.951806e+00,-8.364476e+00,-1.165116e+01,-7.496088e+00,1.360020e+01,7.439892e+00,-2.309779e+00,5.829966e+00,4.100658e+00,2.266546e-02,0,5.836043e-01,-8.381981e-05,1.538099e-01,-2.354091e-01,2.227416e-01,6.468453e-02,2.665162e-01,-7.200025e-01,5.423635e-01,5.638496e-01,-1.632524e-01,6.575678e-01,-1.246361e+00,-5.669188e-01,1.359928e-03,0,1.026106e-03
1.923770e-03,8.897846e-01,-1.880682e+00,-6.314991e+00,6.773764e+00,-7.372970e+00,-1.327567e+01,-6.304202e+00,1.385157e+01,7.679648e+00,-1.308813e+00,3.569185e+00,2.636684e+00,2.387428e-02,0,5.835765e-01,-6.415773e-05,-1.993766e-01,2.739093e-01,1.986830e-01,4.800592e-01,4.459499e-01,-7.608519e-01,5.333854e-01,4.799295e-01,-2.462521e-01,4.010218e-01,-6.616259e-01,-7.937277e-01,4.835296e-04,0,-1.349574e-03
1.909254e-03,5.496687e-01,-1.084143e+00,-6.360025e+00,8.050301e+00,-6.517191e+00,-1.402788e+01,-6.994268e+00,1.521239e+01,7.597389e+00,-2.065723e+00,4.789699e+00,1.193965e+00,2.326987e-02,0,5.800657e-01,-3.972661e-05,-3.265145e-01,4.863330e-01,-3.825669e-02,6.063152e-01,3.833229e-01,-1.882870e-01,3.510433e-01,2.092380e-01,-4.676668e-01,-1.434968e-01,2.760276e-01,-4.803300e-01,-7.252952e-04,0,-1.250392e-03
1.875618e-03,-9.298978e-02,-4.169527e-01,-6.589003e+00,8.648782e+00,-6.259668e+00,-1.384325e+01,-6.055219e+00,1.471138e+01,6.487773e+00,-1.354291e+00,4.857393e+00,1.517650e+00,2.206104e-02,0,5.759561e-01,-2.774806e-06,-2.816719e-01,2.936291e-01,-1.547495e-01,5.610216e-01,-1.902089e-01,5.069164e-01,3.449482e-01,-2.958889e-01,-6.163347e-01,-4.374384e-01,6.009229e-01,4.475251e-01,-8.159567e-04,0,6.371796e-04
1.887335e-03,-2.224900e-01,-3.784940e-01,-7.143677e+00,9.045873e+00,-7.004513e+00,-1.230880e+01,-5.865363e+00,1.421648e+01,5.697495e+00,-3.004524e+00,6.566000e+00,2.258525e+00,1.994560e-02,0,5.811625e-01,1.324352e-05,-8.811401e-02,1.478910e-02,5.678477e-02,2.765844e-01,-6.299387e-01,7.249982e-01,1.381348e-01,-6.187040e-01,-4.749383e-01,-4.342989e-01,4.053701e-01,9.399644e-01,-1.813237e-04,0,2.692288e-03
1.920855e-03,-1.324959e-01,-7.653607e-01,-6.696913e+00,9.081086e+00,-8.080354e+00,-1.160063e+01,-5.143913e+00,1.287008e+01,5.547922e+00,-3.026604e+00,5.685650e+00,4.342029e+00,2.145663e-02,0,5.862140e-01,3.098847e-05,7.662226e-02,-6.215895e-02,3.535059e-01,1.393866e-01,-6.157686e-01,5.169908e-01,-5.902920e-01,-1.624369e-01,-1.780806e-01,-2.326227e-01,4.213994e-01,8.463345e-01,8.159567e-04,0,3.501087e-03
1.952853e-03,1.288517e-01,-8.359938e-01,-6.022147e+00,9.217071e+00,-8.756541e+00,-1.152420e+01,-6.759247e+00,1.303952e+01,5.692624e+00,-3.401061e+00,6.402421e+00,4.481597e+00,2.266546e-02,0,5.883982e-01,3.157543e-05,6.625608e-02,1.068871e-01,5.193296e-01,6.718655e-02,-3.368387e-01,6.793499e-03,-1.116989e+00,2.416456e-01,3.124786e-01,1.966406e-01,3.265497e-01,2.481384e-01,1.299486e-03,0,2.716994e-03
1.997802e-03,1.144507e-01,-4.989976e-01,-5.382239e+00,9.260116e+00,-8.462497e+00,-1.165060e+01,-8.559737e+00,1.448768e+01,5.599806e+00,-2.319136e+00,7.046179e+00,4.637786e+00,2.478090e-02,0,5.898437e-01,3.663613e-05,4.624794e-02,3.305990e-01,3.314778e-01,7.233143e-02,1.655872e-01,-3.112413e-01,-1.115126e+00,6.039673e-01,8.636020e-01,6.305697e-02,6.046513e-01,-3.290395e-01,6.346330e-04,0,1.645011e-03
2.006739e-03,-1.468288e-02,2.275969e-02,-5.204366e+00,9.292291e+00,-8.497635e+00,-1.224985e+01,-9.742394e+00,1.461591e+01,7.233946e+00,-2.375055e+00,7.518484e+00,3.351339e+00,2.478090e-02,0,5.929326e-01,3.808574e-05,4.784789e-02,3.839619e-01,-5.553088e-02,-3.458500e-02,4.288803e-01,-2.440934e-01,-4.395917e-01,3.695149e-01,1.211028e+00,-3.704337e-01,5.111867e-01,-4.272479e-01,-3.626468e-04,0,-1.688361e-04
2.077093e-03,1.705111e-01,4.582573e-01,-5.448414e+00,9.405133e+00,-7.381871e+00,-1.279401e+01,-9.227968e+00,1.510172e+01,9.095271e+00,-3.224323e+00,8.150875e+00,3.261961e+00,2.357208e-02,0,5.921718e-01,4.611520e-05,7.628803e-02,2.351731e-01,-4.121794e-01,-5.016804e-02,4.557272e-01,-1.019383e-03,4.680581e-01,-1.046543e-02,9.723153e-01,-9.163488e-01,6.082554e-01,-1.819520e-01,-1.480810e-03,0,-3.719413e-03
2.103636e-03,3.400609e-01,6.051884e-01,-6.266714e+00,8.971637e+00,-7.152453e+00,-1.217296e+01,-8.623090e+00,1.458007e+01,1.000003e+01,-4.800637e+00,8.406007e+00,3.033271e+00,2.145663e-02,0,5.863900e-01,4.979190e-05,1.004946e-01,-5.740450e-02,-5.961810e-01,6.969909e-02,1.072792e-01,4.435631e-01,8.452598e-01,-2.369761e-01,9.271240e-03,-7.321693e-01,6.274126e-01,1.969689e-01,-1.662134e-03,0,-6.539864e-03
2.179929e-03,3.185189e-01,3.856534e-01,-6.911962e+00,9.169602e+00,-6.856452e+00,-1.169414e+01,-6.779099e+00,1.445327e+01,9.078339e+00,-5.688090e+00,9.643695e+00,3.887060e+00,1.903898e-02,0,5.745180e-01,4.234190e-05,7.775015e-02,-2.686271e-01,-4.727526e-01,3.081059e-01,-3.825439e-01,5.127851e-01,6.294239e-01,-1.785161e-01,-8.890648e-01,7.775445e-02,5.606228e-01,3.447890e-01,-1.118163e-03,0,-6.770420e-03
2.204281e-03,4.137864e-01,-2.279608e-01,-7.453497e+00,9.758552e+00,-8.223948e+00,-1.058197e+01,-6.740530e+00,1.375526e+01,7.288768e+00,-4.804018e+00,9.909137e+00,4.023633e+00,1.873678e-02,0,5.690603e-01,3.480541e-05,1.282765e-01,-2.884983e-01,-1.470628e-01,5.427014e-01,-5.847052e-01,3.505060e-01,1.489397e-01,9.619150e-02,-9.714819e-01,8.390008e-01,4.006319e-01,3.728468e-01,-1.511034e-04,0,-4.377657e-03
2.238480e-03,5.223991e-01,-4.683037e-01,-7.218785e+00,1.055221e+01,-8.758842e+00,-1.102557e+01,-7.022129e+00,1.462154e+01,6.005579e+00,-2.833860e+00,1.020242e+01,4.490725e+00,1.934119e-02,0,5.669846e-01,2.491246e-05,1.866817e-01,-1.388017e-01,6.486797e-02,5.031811e-01,-4.586883e-01,1.835906e-01,-3.583478e-01,5.192808e-01,-6.115490e-01,9.373349e-01,3.025784e-01,1.085150e-01,7.857356e-04,0,-1.564741e-03
2.248388e-03,8.795034e-01,-4.103246e-01,-6.848616e+00,1.099384e+01,-9.124784e+00,-1.075471e+01,-7.756876e+00,1.497689e+01,6.679003e+00,-2.032748e+00,1.012980e+01,4.595673e+00,2.055001e-02,0,5.682684e-01,2.822343e-05,1.782096e-01,-4.924715e-03,1.282045e-01,2.036240e-01,1.007893e-01,-1.242933e-01,-1.827431e-01,7.690076e-01,-2.959914e-01,5.058745e-01,3.050886e-01,-4.790468e-02,1.783016e-03,0,-1.169086e-03
2.282438e-03,1.019069e+00,-2.171733e-01,-6.890063e+00,1.106786e+01,-8.699475e+00,-1.068982e+01,-8.062665e+00,1.643886e+01,6.325476e+00,-2.387050e+00,1.104625e+01,4.143616e+00,2.206104e-02,0,5.670902e-01,1.506486e-05,4.203875e-02,5.807256e-02,2.744389e-02,-4.098397e-01,6.930956e-01,-5.490268e-01,3.217472e-01,6.684150e-01,-5.881879e-01,4.374785e-01,-8.047953e-02,-7.431479e-02,2.810517e-03,0,-4.726291e-04
2.323419e-03,1.056499e+00,-3.781496e-01,-6.976836e+00,1.051884e+01,-7.749686e+00,-1.137132e+01,-7.133977e+00,1.669164e+01,5.648863e+00,-2.498051e+00,1.101266e+01,3.957664e+00,2.629193e-02,0,5.631620e-01,-1.428276e-05,-6.191960e-02,-9.854878e-02,1.415052e-02,-9.371203e-01,9.303383e-01,-1.114409e+00,9.715263e-01,4.068659e-01,-8.911490e-01,8.665902e-01,-4.584888e-01,1.262535e-01,3.324268e-03,0,9.277582e-04
2.276289e-03,6.440949e-01,-1.940284e-01,-7.017456e+00,8.740506e+00,-5.980913e+00,-1.346241e+01,-5.724842e+00,1.710625e+01,3.579710e+00,-4.138163e-01,9.358595e+00,4.438155e+00,3.052282e-02,0,5.671746e-01,-5.436521e-05,-5.580924e-02,-2.462095e-01,7.876530e-02,-1.176056e+00,5.379832e-01,-1.420248e+00,1.406569e+00,-4.924851e-02,-3.810870e-01,1.525765e+00,-6.781226e-01,5.326561e-01,2.296767e-03,0,5.587411e-03
2.180048e-03,7.573924e-01,-9.146409e-01,-6.714167e+00,7.471919e+00,-5.832373e+00,-1.494046e+01,-4.068157e+00,1.667753e+01,3.596141e+00,1.313586e+00,8.681188e+00,5.079670e+00,3.294047e-02,0,5.728649e-01,-7.147891e-05,6.351916e-02,-3.860292e-01,5.690994e-02,-9.087231e-01,-3.580214e-01,-1.225044e+00,1.140916e+00,-1.740721e-01,3.041165e-01,1.540204e+00,-1.396081e-01,7.989758e-01,5.137503e-04,0,9.620952e-03
2.082297e-03,8.895761e-01,-1.179975e+00,-6.627571e+00,6.711044e+00,-6.968215e+00,-1.600648e+01,-2.562732e+00,1.619967e+01,5.446402e+00,3.335958e+00,8.821380e+00,6.245893e+00,3.022061e-02,0,5.901758e-01,-5.778619e-05,1.296531e-01,-3.723605e-01,8.840942e-02,-4.092990e-01,-9.847654e-01,-8.343002e-01,2.711936e-01,-2.765943e-01,6.869094e-01,7.680000e-01,3.137684e-01,9.306325e-01,-8.159570e-04,0,1.091920e-02
2.063020e-03,1.251355e+00,-1.815322e+00,-6.887228e+00,6.989958e+00,-9.046142e+00,-1.622450e+01,-3.010453e+00,1.627456e+01,6.236099e+00,3.328080e+00,1.058323e+01,7.048674e+00,2.901179e-02,0,5.997662e-01,-4.827937e-05,6.988734e-03,-1.331768e-01,1.718554e-01,-1.386500e-01,-7.726799e-01,-5.245493e-01,-5.808694e-01,-5.195504e-01,1.460919e-02,2.169991e-02,-2.749720e-02,6.380615e-01,-3.626479e-04,0,1.032272e-02
2.045872e-03,1.045379e+00,-1.605490e+00,-6.488878e+00,6.934991e+00,-9.297856e+00,-1.699189e+01,-4.897726e+00,1.592475e+01,5.694278e+00,2.418936e+00,9.976415e+00,8.106815e+00,2.840737e-02,0,6.083200e-01,-5.726104e-05,-1.426326e-01,9.059159e-02,2.367785e-01,-1.448796e-01,-8.502331e-02,-1.765348e-01,-7.497956e-01,-7.045342e-01,-8.311709e-01,-3.831003e-01,-8.425695e-01,-1.060553e-01,3.022060e-04,0,5.047059e-03
1.956864e-03,7.144346e-01,-1.367767e+00,-5.924237e+00,6.666695e+00,-8.530952e+00,-1.707050e+01,-5.805007e+00,1.421723e+01,3.545249e+00,1.880596e+00,7.966184e+00,7.339517e+00,3.203385e-02,0,6.154065e-01,-8.739100e-05,-3.466421e-01,2.739947e-01,1.763198e-01,-4.025198e-01,6.572007e-01,1.902107e-01,3.668770e-01,-6.848724e-01,-8.860589e-01,-3.664103e-01,-1.739863e+00,-9.617249e-01,-6.044116e-05,0,-1.665443e-03
1.849070e-03,4.448730e-01,-9.507945e-01,-5.925174e+00,6.148278e+00,-7.650927e+00,-1.646615e+01,-4.914433e+00,1.370566e+01,2.635973e+00,2.144198e+00,5.917056e+00,5.570196e+00,3.022061e-02,0,6.075910e-01,-1.014470e-04,-3.587056e-01,1.636950e-01,-2.569225e-01,-1.655716e-01,7.260636e-01,6.558080e-01,1.675982e+00,-1.564312e-02,-1.433863e-01,-6.087906e-01,-1.736916e+00,-1.775832e+00,-1.329706e-03,0,-1.092634e-02
1.724466e-03,-1.816028e-01,-7.726965e-01,-6.287481e+00,5.370716e+00,-6.583603e+00,-1.553631e+01,-1.167715e+00,1.395975e+01,3.334957e+00,1.633398e+00,3.913595e+00,3.508359e+00,2.780296e-02,0,5.918035e-01,-9.207579e-05,-2.453793e-01,-1.300600e-01,-5.087660e-01,2.561339e-01,5.186204e-01,9.568542e-01,2.380879e+00,1.039462e+00,6.435500e-01,-1.068633e+00,-1.437639e+00,-2.088410e+00,-2.145663e-03,0,-1.600582e-02
1.654836e-03,-3.001305e-01,-1.084551e+00,-7.591868e+00,6.755123e+00,-6.641213e+00,-1.447995e+01,1.163535e+00,1.597528e+01,5.082492e+00,-5.014173e-01,3.318127e+00,1.143234e+00,2.387428e-02,0,5.654898e-01,-6.741704e-05,-5.939565e-02,-3.859883e-01,-5.483490e-01,7.129645e-01,3.335037e-01,1.197078e+00,1.799961e+00,1.927495e+00,5.725164e-01,-1.395365e+00,-1.035895e+00,-2.149906e+00,-1.239045e-03,0,-1.462584e-02
1.593602e-03,-1.399602e-01,-1.951190e+00,-7.634720e+00,7.643942e+00,-6.442708e+00,-1.327934e+01,3.060406e+00,1.827973e+01,5.539739e+00,-2.139764e+00,2.077453e+00,-8.890508e-01,2.447869e-02,0,5.564280e-01,-3.112936e-05,1.762586e-01,-4.394590e-01,-3.369204e-01,8.764906e-01,3.587457e-01,1.236659e+00,5.554062e-01,1.969054e+00,4.787106e-02,-1.381654e+00,-8.399490e-01,-1.531882e+00,-1.862645e-10,0,-1.025805e-02
1.577417e-03,1.270734e-01,-2.291489e+00,-7.993300e+00,8.576488e+00,-6.053856e+00,-1.160925e+01,1.971313e+00,2.118315e+01,4.396164e+00,-2.946046e+00,1.655650e+00,-2.980627e+00,2.568752e-02,0,5.521495e-01,-3.455090e-06,2.146278e-01,-1.908802e-01,1.158493e-01,6.236866e-01,4.505118e-01,9.902390e-01,-6.007236e-01,1.078066e+00,-1.872000e-01,-1.049017e+00,-8.837212e-01,-7.070171e-01,1.208824e-03,0,-5.294675e-03
1.607529e-03,4.860882e-01,-2.366522e+00,-7.771368e+00,8.842486e+00,-5.083553e+00,-1.078836e+01,1.205427e+00,2.120109e+01,3.917477e+00,-4.052557e+00,5.450893e-01,-2.089118e+00,2.689634e-02,0,5.471833e-01,1.254893e-05,1.719655e-01,2.343075e-01,3.921827e-01,4.833254e-01,2.803312e-01,3.636321e-01,-1.211840e+00,-2.722313e-01,4.737733e-01,-8.228911e-01,-7.840596e-01,1.059993e-01,1.873679e-03,0,-3.200936e-03
1.630597e-03,4.599845e-01,-1.831285e+00,-6.944298e+00,9.274283e+00,-5.068232e+00,-1.077424e+01,-9.125932e-01,1.990493e+01,4.957623e+00,-4.790103e+00,-3.342973e-01,-1.791818e+00,2.870958e-02,0,5.436387e-01,3.999227e-06,7.061271e-02,5.373228e-01,5.955485e-01,2.944143e-01,-8.533182e-02,-2.246919e-01,-9.804945e-01,-1.227830e+00,1.265368e+00,-6.961029e-01,-6.935042e-01,4.297668e-01,2.780298e-03,0,4.163802e-04
1.629757e-03,5.534115e-01,-1.009754e+00,-6.198308e+00,9.711671e+00,-5.533864e+00,-1.187868e+01,-1.556841e+00,1.755768e+01,7.627876e+00,-5.332190e+00,-8.478708e-01,-9.534586e-01,3.233606e-02,0,5.446787e-01,-1.343677e-05,-2.602144e-02,6.824268e-01,3.913432e-01,2.722729e-01,-4.579124e-01,-4.169587e-01,-4.751598e-01,-1.117673e+00,1.213417e+00,-3.595186e-01,-2.428185e-01,3.320752e-01,3.777578e-03,0,5.251306e-03
1.586299e-03,4.464754e-01,-2.832597e-01,-5.802087e+00,9.613967e+00,-6.255360e+00,-1.218755e+01,-1.550026e+00,1.686570e+01,8.867803e+00,-5.786744e+00,-1.115391e+00,-1.399623e+00,3.686915e-02,0,5.554838e-01,-2.266698e-05,-2.956715e-02,5.218589e-01,8.274536e-02,2.444416e-01,-5.246367e-01,-2.892480e-01,2.872376e-01,-4.945337e-01,5.076601e-01,5.774660e-02,1.213203e-01,5.037445e-01,3.354488e-03,0,9.616000e-03
1.562494e-03,3.627356e-01,2.715991e-01,-6.385757e+00,1.003401e+01,-6.779551e+00,-1.216650e+01,-8.516558e-01,1.713234e+01,8.029473e+00,-5.351830e+00,-2.784567e-01,-6.248400e-01,4.170445e-02,0,5.675173e-01,-1.527073e-05,-1.181051e-01,2.695256e-01,-7.246065e-02,1.160244e-01,-2.951425e-01,-1.761704e-01,5.459676e-01,4.429249e-01,-5.049980e-01,6.251333e-01,5.256237e-01,4.476777e-01,1.359926e-03,0,1.030893e-02
1.550894e-03,4.074868e-01,1.373326e-01,-6.436846e+00,1.033532e+01,-7.068572e+00,-1.207657e+01,1.710025e-01,1.764494e+01,7.295125e+00,-4.491550e+00,-1.240299e-02,5.625954e-01,4.079783e-02,0,5.802994e-01,-4.350638e-06,-1.371386e-01,2.637541e-02,-1.218685e-01,6.992626e-02,-6.616783e-03,5.980454e-02,5.143083e-01,6.965610e-01,-5.027302e-01,6.010906e-01,9.516814e-01,8.124422e-02,-1.601694e-03,0,6.079590e-03
1.571106e-03,-1.761949e-02,1.275776e-01,-6.243231e+00,9.931115e+00,-6.602970e+00,-1.281502e+01,3.124833e-01,1.938269e+01,5.889225e+00,-2.854120e+00,1.228754e+00,3.038208e-01,3.717135e-02,0,5.838155e-01,8.005602e-06,-8.194722e-02,-1.758968e-01,-2.126330e-01,9.614849e-03,2.214056e-01,2.201817e-01,3.087524e-01,5.822828e-01,-2.956719e-01,3.194371e-01,1.087877e+00,-5.436724e-01,-3.989121e-03,0,-1.471037e-03
1.560240e-03,-4.903997e-02,-7.937195e-02,-6.482693e+00,1.001505e+01,-6.376734e+00,-1.156427e+01,4.394461e-01,1.922333e+01,7.424276e+00,-4.030146e+00,2.889411e+00,-1.457732e+00,3.112723e-02,0,5.777326e-01,8.855213e-06,8.056223e-02,-2.607577e-01,-3.883978e-01,-1.448611e-01,2.980461e-01,4.161219e-01,-1.031281e-01,4.957485e-02,-3.600793e-02,-4.478819e-02,9.853295e-01,-5.933006e-01,-4.805078e-03,0,-8.596766e-03
1.597849e-03,1.812629e-01,-4.995325e-01,-7.425999e+00,1.024222e+01,-6.018442e+00,-1.132174e+01,5.578845e-01,1.925455e+01,6.486538e+00,-3.985347e+00,3.710022e+00,-2.333039e+00,2.659414e-02,0,5.614455e-01,-1.301127e-06,2.477187e-01,-1.625367e-01,-7.380038e-01,-1.242659e-01,2.813567e-01,3.370308e-01,-2.670534e-01,-5.206772e-01,-2.985779e-01,1.001732e-01,5.677695e-02,5.545491e-02,-4.774856e-03,0,-1.221521e-02
1.581798e-03,7.108567e-01,-8.529010e-01,-7.787451e+00,9.455463e+00,-5.870605e+00,-1.074260e+01,-4.673387e-01,1.795688e+01,6.816429e+00,-4.149878e+00,3.673611e+00,-1.085478e+00,2.206104e-02,0,5.485005e-01,-2.379129e-05,1.962064e-01,1.954222e-02,-9.685956e-01,-5.495015e-01,4.720988e-01,2.355236e-01,-5.297803e-01,-9.963148e-01,-5.117792e-01,1.015248e+00,-9.241171e-01,6.056067e-01,-2.206105e-03,0,-1.010993e-02
1.553821e-03,8.410257e-01,-2.983415e-01,-9.280871e+00,9.589577e+00,-5.449251e+00,-1.154070e+01,-5.693913e-01,1.741253e+01,4.700259e+00,-2.293388e+00,1.120539e+00,3.949682e-01,1.783016e-02,0,5.373555e-01,-5.331901e-05,3.517921e-02,2.473527e-01,-1.099677e+00,-1.098703e+00,7.394921e-01,8.098779e-01,-6.362846e-01,-1.608503e+00,-3.835921e-01,1.849297e+00,-1.571635e+00,3.505777e-01,9.066191e-04,0,-4.836863e-03
1.463297e-03,6.021106e-01,-8.225632e-02,-1.039823e+01,7.593860e+00,-4.300835e+00,-1.027717e+01,-1.645818e+00,1.516277e+01,5.758520e+00,2.001135e-01,-4.364330e-01,2.062976e-01,2.447869e-02,0,5.392280e-01,-5.819629e-05,-1.296988e-01,3.194009e-01,-8.379908e-01,-1.789688e+00,1.082674e+00,1.319875e+00,-6.698292e-01,-2.033494e+00,-6.033106e-01,2.150459e+00,-9.354855e-01,2.671021e-02,3.203386e-03,0,6.441713e-04
1.390504e-03,4.115320e-01,3.519085e-01,-1.161899e+01,5.679510e+00,-3.105866e+00,-7.505070e+00,-2.034299e+00,1.260909e+01,5.097533e+00,3.086140e+00,-2.093130e+00,-1.226038e+00,2.991841e-02,0,5.418975e-01,-4.327839e-05,-1.245089e-01,4.688018e-01,-1.579617e-01,-2.249451e+00,8.690157e-01,1.705852e+00,-3.084818e-01,-2.238285e+00,-8.890295e-01,1.047052e+00,5.128503e-01,6.573635e-01,8.763978e-04,0,4.789370e-03
1.372475e-03,2.771096e-01,4.189787e-01,-1.080834e+01,2.462056e+00,-1.628930e+00,-6.161040e+00,-3.084031e+00,1.019113e+01,3.601239e+00,3.912651e+00,6.030173e-01,-1.414238e-01,3.203385e-02,0,5.494504e-01,-2.094669e-05,-1.189085e-01,7.736951e-01,5.434572e-01,-2.010955e+00,1.091458e-01,1.345458e+00,6.985244e-01,-1.720031e+00,-1.407056e+00,-4.569602e-01,1.590065e+00,2.082609e+00,-4.472651e-03,0,1.138282e-03
1.382840e-03,3.809818e-01,1.795050e+00,-9.865624e+00,9.082248e-01,-2.440125e+00,-5.069510e+00,-1.392694e+00,8.706925e+00,1.333752e+00,1.085606e+00,3.165065e+00,3.855646e+00,1.843457e-02,0,5.561911e-01,-2.868718e-05,-1.812681e-01,1.167113e+00,1.328511e+00,-1.397626e+00,-8.384488e-01,7.338697e-01,1.701218e+00,-1.010630e+00,-8.303803e-01,-1.613132e+00,1.618123e+00,2.998030e+00,-6.708977e-03,0,-8.781612e-04
1.362396e-03,2.284336e-02,3.064648e+00,-8.557632e+00,-7.527284e-02,-4.087976e+00,-4.767656e+00,1.526001e+00,8.513696e+00,6.051307e-01,-1.084420e+00,4.884794e+00,8.078502e+00,7.857359e-03,0,5.377726e-01,-5.394733e-05,-2.142228e-01,1.244770e+00,1.654133e+00,-6.639205e-01,-1.573318e+00,1.444750e-01,2.075754e+00,-4.416142e-01,-1.602372e-01,-1.309934e+00,7.412117e-01,1.859266e+00,-4.140224e-03,0,-1.688141e-03
1.252108e-03,-3.676755e-01,4.864640e+00,-6.101791e+00,-3.995411e-02,-6.068587e+00,-4.532413e+00,4.166778e+00,8.394657e+00,2.443685e+00,-2.480983e+00,3.856595e+00,9.654150e+00,8.461771e-03,0,5.433456e-01,-7.622676e-05,-1.980616e-01,1.104911e+00,2.002353e+00,1.517200e-01,-1.140190e+00,-4.879545e-01,1.007452e+00,-2.866970e-01,3.645826e-01,-2.152658e-01,-1.312288e-01,-9.551778e-02,1.450589e-03,0,7.280707e-03
1.168105e-03,-4.196754e-01,5.108034e+00,-4.419596e+00,-3.834569e-01,-7.681287e+00,-5.707213e+00,4.515005e+00,8.139190e+00,2.245086e+00,-8.537228e-01,3.963311e+00,6.255653e+00,1.631913e-02,0,5.474325e-01,-5.291949e-05,1.242619e-01,8.343102e-01,1.551969e+00,6.845193e-01,-4.681373e-01,-8.892193e-01,-4.456863e-01,-5.351762e-01,-4.128098e-04,7.105739e-01,-2.696021e-01,-1.775588e+00,3.596253e-03,0,1.700372e-02
1.098852e-03,-3.880666e-01,6.297911e+00,-1.922878e+00,1.820917e+00,-6.344420e+00,-7.039504e+00,2.150067e+00,7.460693e+00,2.336687e+00,-1.060723e-01,2.969663e+00,4.289482e+00,2.145663e-02,0,5.877647e-01,-1.062850e-05,3.976540e-01,8.296680e-01,8.923177e-01,9.343217e-01,2.211662e-01,-5.202556e-01,-1.411801e+00,-1.128129e+00,-2.958984e-01,9.730638e-01,-2.680292e-01,-1.830373e+00,1.873678e-03,0,1.889346e-02
1.174426e-03,6.543483e-01,6.519564e+00,-2.887244e+00,2.416888e+00,-6.290746e+00,-7.960207e+00,3.059253e-01,6.304797e+00,6.565658e-01,1.280994e+00,3.980250e+00,1.882898e+00,1.934119e-02,0,6.005816e-01,3.618274e-05,6.509544e-01,9.068858e-01,4.872084e-05,6.718532e-01,8.012066e-02,1.840446e-01,-1.143951e+00,-1.261711e+00,-1.488617e-01,8.191652e-01,1.799478e-01,-1.187181e+00,-1.057721e-03,0,1.513917e-02
1.195805e-03,1.083583e+00,8.307216e+00,-2.406378e+00,3.231482e+00,-5.658026e+00,-6.007194e+00,-7.876890e-01,3.671207e+00,1.758453e+00,1.316978e+00,2.507979e+00,2.688660e+00,1.631913e-02,0,6.112383e-01,5.762819e-05,6.401868e-01,7.992864e-01,-4.225745e-01,-6.968975e-05,-5.007089e-01,8.419678e-01,-3.587488e-02,-1.275741e+00,1.622323e-01,1.103482e+00,7.769582e-01,-1.012901e+00,-2.750076e-03,0,6.188470e-03
1.300542e-03,2.099272e+00,8.637811e+00,-4.177602e+00,2.270527e+00,-7.623881e+00,-5.303145e+00,2.641285e-01,3.725375e+00,1.789894e+00,2.530578e+00,5.093892e+00,1.120158e+00,1.359928e-02,0,6.113915e-01,4.794587e-05,3.801182e-01,6.895302e-01,-3.368155e-01,-5.606993e-01,-5.496098e-01,1.055080e+00,9.167040e-01,-5.795000e-01,3.306595e-01,1.499282e+00,1.290102e+00,-1.229237e+00,-2.810517e-03,0,2.762610e-03
1.323935e-03,2.090406e+00,9.235219e+00,-3.390572e+00,1.893749e+00,-8.181397e+00,-4.158196e+00,1.991591e+00,2.371699e+00,2.581184e+00,4.786547e+00,6.297633e+00,-3.936555e-01,1.057721e-02,0,6.133021e-01,3.024872e-05,1.544087e-01,4.158009e-01,-3.870526e-01,-1.079637e+00,-4.178131e-01,1.015168e+00,1.580797e+00,-2.665350e-02,-5.260146e-02,1.179283e+00,1.775021e+00,-1.229169e+00,-2.055002e-03,0,9.573757e-04
1.350090e-03,2.051528e+00,9.503213e+00,-4.079225e+00,2.822581e-01,-7.777110e+00,-3.609305e+00,3.499805e+00,4.057051e+00,1.898498e+00,7.042618e+00,8.535934e+00,-2.722130e+00,8.159565e-03,0,6.133627e-01,-2.501940e-06,-1.216270e-01,3.533207e-01,-3.330143e-01,-1.397566e+00,2.998481e-01,1.477740e+00,1.511684e+00,6.082528e-01,-2.820798e-01,-3.690966e-01,1.126407e+00,1.604462e-01,-1.087942e-03,0,1.890898e-03
1.322274e-03,1.879498e+00,9.953519e+00,-4.390830e+00,-1.172567e+00,-7.670477e+00,-1.778274e+00,5.498459e+00,3.372102e+00,1.441144e+00,4.957374e+00,9.662061e+00,-1.536042e+00,8.763977e-03,0,6.150396e-01,-2.624716e-05,-1.739118e-01,1.827305e-01,-5.033847e-01,-1.485406e+00,8.798254e-01,1.900427e+00,1.081839e+00,1.179260e+00,-6.348719e-01,-2.249373e+00,2.741749e-01,1.802738e+00,-3.324268e-04,0,3.399706e-03
1.288863e-03,1.596590e+00,1.004526e+01,-5.342545e+00,-3.184144e+00,-6.380100e+00,8.955948e-01,6.069113e+00,6.266438e+00,9.495155e-01,5.996817e-01,9.043715e+00,2.493582e+00,9.066183e-03,0,6.199773e-01,-4.987698e-05,-2.932900e-01,1.356001e-02,-3.189966e-01,-8.482267e-01,1.481029e+00,2.156666e+00,7.139289e-01,6.283555e-01,-9.183564e-01,-2.720618e+00,-8.970178e-01,2.388097e+00,1.511030e-04,0,5.193693e-03
1.223313e-03,1.448315e+00,9.877846e+00,-5.275836e+00,-3.800078e+00,-4.480775e+00,3.091489e+00,6.116134e+00,7.163307e+00,-1.186841e-01,-3.238853e+00,7.414617e+00,6.012181e+00,8.461771e-03,0,6.269934e-01,-5.943819e-05,-3.434878e-01,-2.757353e-01,-1.843903e-01,2.942529e-01,2.045437e+00,1.654004e+00,5.027299e-02,-2.677335e-01,-9.540869e-01,-1.305240e+00,-1.554954e+00,1.114530e+00,1.692354e-03,0,4.601687e-03
1.150186e-03,8.006695e-01,9.608850e+00,-5.231705e+00,-2.645120e+00,-1.966816e+00,4.739142e+00,6.760612e+00,5.303226e+00,-1.913370e+00,-2.462361e+00,5.174567e+00,5.444242e+00,9.066183e-03,0,6.333543e-01,-5.372504e-05,-2.994025e-01,-4.604495e-01,3.182278e-02,1.601841e+00,2.032036e+00,4.865233e-01,-5.065142e-01,-1.697484e+00,-4.773464e-01,1.126130e+00,-1.607013e+00,-1.085437e+00,4.925959e-03,0,1.189673e-03
1.094421e-03,5.600197e-01,8.793050e+00,-5.368201e+00,2.918577e-02,3.500654e-01,4.569974e+00,5.404074e+00,2.515040e+00,-1.897847e+00,-3.780317e-02,3.821865e+00,2.561279e+00,1.722575e-02,0,6.313595e-01,-2.202813e-05,-8.163156e-02,-7.524406e-01,-2.472735e-01,2.152734e+00,2.016604e+00,-5.522913e-01,-1.614851e+00,-1.817735e+00,8.278594e-01,2.778517e+00,-1.548419e+00,-2.796807e+00,7.766698e-03,0,-4.885972e-03
1.084684e-03,5.437256e-01,8.285415e+00,-5.137249e+00,2.910430e+00,1.364660e+00,2.588969e+00,3.892572e+00,1.031507e-01,-5.476351e-01,4.629808e+00,2.805025e+00,-1.208155e+00,2.931399e-02,0,6.237426e-01,3.592654e-05,2.932433e-01,-1.183991e+00,-8.903201e-01,1.834938e+00,1.790468e+00,-1.386386e+00,-2.328355e+00,-8.312250e-01,2.040283e+00,2.912046e+00,-1.332963e+00,-3.372354e+00,6.950741e-03,0,-1.032923e-02
1.145924e-03,1.168629e+00,6.777360e+00,-6.559432e+00,4.185819e+00,3.936507e+00,1.405119e+00,-5.241020e-01,6.746681e-01,3.337746e+00,7.107651e+00,8.572902e-01,-4.645657e+00,3.717135e-02,0,6.073694e-01,1.113581e-04,5.107421e-01,-1.730125e+00,-1.944247e+00,1.042195e+00,1.734600e+00,-9.834393e-01,-2.302233e+00,5.149701e-01,2.711371e+00,1.378177e+00,-1.263515e+00,-2.902722e+00,3.052282e-03,0,-1.303033e-02
1.304068e-03,1.962581e+00,4.696741e+00,-9.087690e+00,4.451253e+00,5.192304e+00,-6.103587e-01,-1.917073e+00,2.067287e+00,5.670250e+00,8.525142e+00,-7.960995e-03,-7.814060e+00,3.384708e-02,0,5.937032e-01,1.693126e-04,5.246145e-01,-2.155868e+00,-2.683757e+00,2.274440e-01,1.493798e+00,-2.851844e-01,-1.376459e+00,1.362266e+00,2.568553e+00,-6.223077e-01,-1.096326e+00,-1.715372e+00,-4.533088e-04,0,-1.149181e-02
1.541520e-03,2.404302e+00,1.936760e+00,-1.311422e+01,4.469750e+00,7.109244e+00,1.252441e+00,-3.202270e+00,4.107822e+00,8.550067e+00,4.905415e+00,-1.089217e+00,-8.649379e+00,3.022061e-02,0,5.812275e-01,1.816331e-04,3.287829e-01,-1.944008e+00,-2.635992e+00,-3.877200e-01,1.046262e+00,5.621992e-01,-2.609879e-01,8.881533e-01,2.009830e+00,-1.657202e+00,-9.740115e-01,-3.521699e-01,-3.928678e-04,0,-6.560779e-03
1.733448e-03,2.548961e+00,-7.362636e-02,-1.527864e+01,3.905684e+00,7.247283e+00,1.239385e+00,-1.650638e+00,5.197906e+00,9.688968e+00,2.619387e+00,-1.703351e+00,-7.783152e+00,3.052282e-02,0,5.793545e-01,1.379796e-04,1.649211e-01,-1.310179e+00,-1.965725e+00,-7.520472e-01,7.301705e-01,7.981761e-01,-1.206877e-01,3.745014e-01,1.329804e+00,-1.259440e+00,-1.022368e+00,6.467329e-01,1.692354e-03,0,-7.909119e-04
1.839399e-03,2.519354e+00,-5.574934e-01,-1.664392e+01,2.520004e+00,8.140326e+00,3.291243e+00,-1.962259e+00,3.550125e+00,1.137754e+01,1.774518e+00,-3.165072e+00,-6.421960e+00,3.686915e-02,0,5.817398e-01,6.596705e-05,9.013796e-02,-5.779335e-01,-1.031112e+00,-6.634454e-01,1.630035e-01,1.333747e-01,-1.805510e-01,2.530409e-01,5.754486e-01,2.566354e-01,-7.860326e-01,9.574353e-01,2.055001e-03,0,4.346228e-03
1.845026e-03,2.729661e+00,-6.070251e-01,-1.715147e+01,1.665890e+00,8.327615e+00,2.361121e+00,-3.140517e+00,4.218643e+00,1.090554e+01,3.793392e+00,-4.081871e+00,-5.694105e+00,3.898459e-02,0,5.894925e-01,-1.504446e-05,-7.436411e-02,-2.004162e-01,-2.611208e-01,-8.095074e-02,-2.327885e-01,-2.610113e-01,1.301488e-02,1.019017e+00,3.441398e-01,1.539383e+00,-4.007803e-01,9.410223e-01,-9.066187e-04,0,6.216460e-03
1.815566e-03,2.764642e+00,-6.862088e-01,-1.733337e+01,2.272420e+00,7.384096e+00,1.358447e+00,-3.360085e+00,5.862658e+00,1.081903e+01,5.601590e+00,-3.830119e+00,-4.906725e+00,3.626473e-02,0,5.978897e-01,-9.178076e-05,-3.353947e-01,-9.269020e-02,7.036325e-01,8.398764e-01,-8.575989e-01,-9.261344e-01,9.607170e-01,2.039448e+00,4.419355e-01,1.971707e+00,3.722142e-01,8.755022e-01,-5.137504e-03,0,4.207766e-03
1.670142e-03,2.054497e+00,-1.011350e+00,-1.623952e+01,3.624722e+00,6.461456e+00,9.007267e-01,-8.866506e-01,9.136724e+00,1.168892e+01,8.402764e+00,-3.374728e+00,-3.835658e+00,2.629193e-02,0,6.023619e-01,-1.529040e-04,-6.609020e-01,3.228223e-01,1.800816e+00,1.407511e+00,-1.001973e+00,-6.649481e-01,1.484688e+00,2.142298e+00,9.875513e-01,1.263374e+00,8.364512e-01,1.113591e+00,-7.373828e-03,0,-2.509570e-03
1.467937e-03,1.179963e+00,-8.187822e-01,-1.358173e+01,5.739969e+00,4.785411e+00,-6.092322e-01,1.714393e+00,1.128833e+01,1.319552e+01,9.328368e+00,-1.657573e+00,-2.973673e+00,1.752795e-02,0,5.963440e-01,-1.733281e-04,-1.067723e+00,9.398829e-01,2.590730e+00,1.449054e+00,-1.117590e-01,-6.984971e-01,7.434057e-01,1.711798e+00,7.348310e-01,-3.645782e-01,7.965540e-01,1.132659e+00,-5.590813e-03,0,-1.460305e-02
1.254321e-03,2.174907e-01,1.073373e+00,-1.002321e+01,6.969672e+00,4.617090e+00,2.022015e-02,1.745685e+00,1.221730e+01,1.465504e+01,8.246873e+00,-9.858882e-01,-1.092675e+00,1.148383e-02,0,5.777175e-01,-7.826414e-05,-1.821355e+00,1.444741e+00,2.380869e+00,1.037335e+00,1.087326e+00,-1.458955e+00,-5.485121e-01,7.514538e-01,-3.219057e-01,-2.101477e+00,4.122567e-01,8.536404e-01,4.230883e-04,0,-5.751099e-02
1.156836e-03,-1.655467e+00,2.970844e+00,-7.487871e+00,7.845213e+00,7.747484e+00,-1.693785e+00,-9.592249e-01,1.288136e+01,1.301012e+01,3.856644e+00,-1.041770e+00,-6.149226e-01,1.571472e-02,0,5.371966e-01,1.271886e-04,-2.867151e+00,1.292535e+00,1.353555e+00,4.884907e-01,2.269903e+00,-2.597487e+00,-1.357902e+00,4.409979e-01,-1.703161e+00,-2.548581e+00,1.998665e-01,-2.343743e-01,1.000302e-02,0,-1.104737e-01
1.434372e-03,-5.634564e+00,4.317543e+00,-7.382102e+00,7.758775e+00,1.041705e+01,-5.851774e+00,-2.292402e+00,1.209748e+01,1.017209e+01,6.312426e-01,-1.621347e+00,-7.468314e-01,2.931399e-02,0,3.443806e-01,3.523807e-04,-3.568895e+00,8.497728e-01,1.209525e-01,2.304997e-02,2.110803e+00,-3.358229e+00,-7.561862e-01,2.281999e-01,-2.677680e+00,-1.678626e+00,8.892296e-02,-1.277628e+00,2.000605e-02,0,-1.531987e-01
2.013855e-03,-1.022977e+01,4.021805e+00,-8.134505e+00,7.787871e+00,1.323495e+01,-1.066067e+01,-3.056074e+00,1.355323e+01,6.921192e+00,3.932761e-01,-3.405110e-01,-4.318466e+00,5.862798e-02,0,1.606442e-01,5.079731e-04,-3.480506e+00,5.505696e-01,-5.917490e-01,-5.149790e-01,1.023170e+00,-2.528600e+00,2.509176e-01,-7.816648e-02,-2.978390e+00,-1.297094e-02,1.108041e-02,-1.526489e+00,2.825627e-02,0,-1.418774e-01
2.587715e-03,-1.333984e+01,4.796756e+00,-9.095128e+00,7.113593e+00,1.242737e+01,-1.228748e+01,-9.868210e-01,1.302236e+01,4.311110e+00,1.585426e+00,-8.919027e-01,-5.629045e+00,9.005743e-02,0,0,6.001468e-04,-2.689482e+00,6.084937e-01,-7.827641e-01,-9.372843e-01,2.492938e-01,-9.750706e-01,5.872892e-01,-7.486953e-01,-2.553815e+00,9.783081e-01,-5.939054e-01,-8.545040e-01,3.115745e-02,0,-8.494054e-02
3.120030e-03,-1.520536e+01,5.484086e+00,-9.590102e+00,5.592909e+00,1.185817e+01,-1.111893e+01,-3.574272e-01,1.202808e+01,1.048662e+00,3.314698e+00,-1.351089e+00,-5.806263e+00,1.266244e-01,0,0,6.706705e-04,-1.968883e+00,7.842377e-01,-6.595638e-01,-1.122222e+00,-7.893743e-02,1.519349e-01,6.202930e-01,-1.264464e+00,-1.517969e+00,9.686075e-01,-8.443841e-01,9.031840e-02,2.798429e-02,0,-3.212883e-02
3.882018e-03,-1.659418e+01,6.628871e+00,-1.056812e+01,4.169835e+00,1.235191e+01,-1.049800e+01,-7.052796e-01,9.116570e+00,3.392831e-01,4.062072e+00,-4.085585e+00,-4.275453e+00,1.511030e-01,0,0,7.901398e-04,-1.573996e+00,8.790920e-01,-2.173080e-01,-7.063873e-01,5.840346e-01,7.992296e-02,5.173784e-01,-7.560724e-01,1.065511e-01,4.797173e-01,-4.005287e-01,5.106481e-01,1.997582e-02,0,0
4.720056e-03,-1.844701e+01,7.026936e+00,-1.069583e+01,3.648638e+00,1.287799e+01,-1.079574e+01,-9.537967e-02,9.183801e+00,1.317260e+00,3.997991e+00,-2.965590e+00,-4.543670e+00,1.680266e-01,0,0,7.343190e-04,-1.259992e+00,9.200899e-01,3.164667e-01,-8.779144e-02,9.635371e-01,-5.240867e-01,7.588735e-01,9.071026e-02,1.253565e+00,-2.036614e-01,-1.602381e-01,4.188984e-01,1.075854e-02,0,0
5.738402e-03,-1.958899e+01,8.420791e+00,-9.628806e+00,4.553792e+00,1.483764e+01,-1.204946e+01,1.469048e+00,1.066414e+01,4.709567e+00,3.642366e+00,-2.087296e+00,-3.707101e+00,1.692354e-01,0,0,4.363787e-04,-7.240027e-01,7.229022e-01,6.203133e-01,2.497064e-01,8.780106e-01,-1.051531e+00,7.796785e-01,2.856247e-01,1.391351e+00,-5.477258e-01,-4.258793e-01,3.619401e-01,4.381993e-03,0,0
5.863433e-03,-2.000791e+01,9.188576e+00,-8.477427e+00,4.961974e+00,1.543299e+01,-1.296363e+01,2.349777e+00,1.170785e+01,5.131346e+00,2.506244e+00,-3.151424e+00,-3.995947e+00,1.713509e-01,0,0,-1.757089e-04,1.623301e-01,2.144267e-01,5.715505e-01,-1.329638e-01,3.768210e-01,-2.933134e-01,1.263006e-01,-6.928872e-01,4.516535e-01,-3.918929e-01,-1.228718e+00,1.604609e-01,-1.964340e-03,0,0
5.492223e-03,-1.943374e+01,9.162562e+00,-8.575757e+00,4.761699e+00,1.546446e+01,-1.467171e+01,1.970535e+00,9.282669e+00,5.388996e+00,2.069316e+00,-6.122064e+00,-2.739614e+00,1.713509e-01,0,0,-8.163463e-04,9.742874e-01,-4.228200e-01,5.829769e-01,-7.098076e-01,-3.341998e-01,1.152957e+00,-3.395226e-01,-1.568097e+00,-8.892616e-01,-1.627879e-02,-1.174363e+00,-3.249216e-02,-1.236023e-02,0,0
3.964601e-03,-1.771299e+01,7.728184e+00,-8.364598e+00,2.879866e+00,1.444869e+01,-1.095119e+01,2.853799e-01,6.410101e+00,3.235812e+00,2.825051e+00,-7.091797e+00,-4.225109e+00,1.571472e-01,0,0,-1.130164e-03,1.501657e+00,-5.765398e-01,9.134601e-01,-1.001935e+00,-7.627138e-01,2.406743e+00,-4.198618e-01,-1.371789e+00,-1.397340e+00,6.515463e-01,-1.608450e-01,9.071529e-02,-2.768208e-02,0,0
2.606086e-03,-1.586502e+01,7.036887e+00,-6.770336e+00,2.045808e+00,1.365879e+01,-7.290903e+00,8.036328e-01,5.472532e+00,1.211025e+00,3.401569e+00,-5.988922e+00,-3.754981e+00,1.145361e-01,0,0,-1.052791e-03,1.366254e+00,-2.073576e-01,1.578370e+00,-5.251384e-01,-6.924238e-01,2.639776e+00,-3.338612e-01,-5.130948e-01,-1.318272e+00,1.042807e+00,1.306868e+00,3.579908e-01,-3.762466e-02,0,0
1.655679e-03,-1.428399e+01,7.368715e+00,-4.812837e+00,1.310242e+00,1.252226e+01,-4.620321e+00,8.339184e-01,6.753975e+00,2.336336e-01,5.097849e+00,-4.022220e+00,-3.034687e+00,6.134784e-02,0,0,-6.530225e-04,8.212951e-01,1.442850e-01,1.632328e+00,8.332610e-02,-4.842750e-01,1.647869e+00,-2.642878e-01,-2.151128e-01,-3.537848e-01,1.070391e+00,1.832175e+00,8.730986e-01,-3.275914e-02,0,0
1.382727e-03,-1.431697e+01,8.305509e+00,-2.459788e+00,2.920819e+00,1.296555e+01,-4.638260e+00,2.695958e-02,6.545258e+00,2.987278e-01,6.146954e+00,-1.122513e+00,-1.544871e+00,3.112723e-02,0,0,-3.049626e-04,4.509902e-01,1.294622e-01,8.033494e-01,-1.606283e-01,-3.518293e-01,1.235280e+00,-2.935529e-01,-4.643050e-01,2.316286e-01,7.538093e-01,1.605002e+00,6.213835e-01,-1.465700e-02,0,0
1.311168e-03,-1.438054e+01,7.815298e+00,-2.358232e+00,2.858990e+00,1.237393e+01,-4.038164e+00,-6.477225e-01,4.798174e+00,1.923037e+00,6.804313e+00,-3.641247e-01,-9.646711e-01,3.505591e-02,0,0,-9.746009e-05,5.145290e-01,-3.803849e-01,-5.366970e-01,-4.901087e-01,-2.273767e-01,1.105752e+00,2.727509e-01,-7.058090e-01,3.402457e-01,3.146272e-02,3.310331e-01,3.763521e-01,2.719846e-04,0,0
1.253529e-03,-1.356179e+01,7.460907e+00,-3.980892e+00,4.682921e-01,1.197381e+01,-1.405580e+00,7.668845e-02,4.128908e+00,1.524467e+00,6.317383e+00,2.070403e-01,-1.683071e+00,5.439709e-02,0,0,-1.735206e-05,9.489194e-01,-1.148701e+00,-1.927773e+00,-6.584116e-01,-3.135894e-01,8.050271e-01,9.996331e-01,2.164220e-01,-2.892221e-02,-6.285486e-01,-5.467167e-01,-3.126781e-02,1.541251e-03,0,3.740978e-02
1.232978e-03,-1.208893e+01,5.889091e+00,-6.735770e+00,8.596214e-02,1.188125e+01,-7.079000e-01,2.172808e+00,4.433105e+00,1.321993e+00,5.169948e+00,-3.031831e+00,-1.083827e+00,5.107283e-02,0,0,5.554822e-05,1.618902e+00,-1.647045e+00,-2.288953e+00,3.295224e-01,-6.092579e-01,-1.063028e+00,6.011980e-01,1.164648e+00,-1.916994e-01,-1.130495e+00,-4.850194e-01,-2.515371e-02,-6.769416e-03,0,9.486739e-02
1.335062e-03,-1.071817e+01,3.525109e+00,-9.909882e+00,1.015275e+00,1.164395e+01,-2.278257e+00,3.614860e+00,7.809902e+00,4.546390e-01,3.821393e+00,-2.522243e+00,-1.641633e+00,3.082502e-02,0,1.870489e-01,4.130055e-04,2.454624e+00,-2.552278e+00,-1.994140e+00,1.269358e+00,-1.822529e+00,-3.116078e+00,-3.437545e-01,1.323740e+00,8.340735e-01,-6.409128e-01,5.160626e-01,-4.037186e-01,-1.160471e-02,0,1.594703e-01
1.548143e-03,-7.707835e+00,1.547973e+00,-1.083850e+01,4.233111e+00,9.492572e+00,-8.916965e+00,5.891817e-01,8.780918e+00,1.499454e+00,2.399834e+00,-1.424580e+00,-1.111159e+00,1.299486e-02,0,3.808125e-01,1.002635e-03,3.222251e+00,-3.149902e+00,-1.231251e+00,8.820343e-01,-3.125069e+00,-3.551205e+00,-1.267685e+00,3.677167e-01,2.281946e+00,6.847976e-01,1.771142e+00,-1.056191e+00,-6.739197e-03,0,1.696775e-01
3.160974e-03,-3.479223e+00,-3.129923e+00,-1.190023e+01,4.741507e+00,4.055502e+00,-1.288144e+01,-8.502709e-01,8.573704e+00,5.606103e+00,4.497876e+00,1.983728e+00,-3.687998e+00,1.541251e-02,0,6.069452e-01,1.568049e-03,3.295764e+00,-3.843018e+00,-4.854744e-01,-3.176560e-01,-3.710852e+00,-1.252302e+00,-1.029807e+00,-7.036649e-01,3.063308e+00,2.172255e+00,1.891252e+00,-1.836733e+00,9.066174e-04,0,1.215955e-01
5.333194e-03,4.028476e-01,-6.532904e+00,-1.189686e+01,2.633018e+00,5.012812e-02,-1.316233e+01,-1.933049e+00,5.889788e+00,1.015599e+01,8.255694e+00,3.570895e+00,-5.341597e+00,2.508310e-02,0,6.384394e-01,1.660381e-03,2.423120e+00,-3.728406e+00,-2.644464e-01,-1.757661e+00,-3.014873e+00,2.310864e+00,1.950898e-01,-8.709964e-01,2.014547e+00,2.772759e+00,1.093011e+00,-2.029813e+00,4.412209e-03,0,6.050479e-02
7.282780e-03,1.705309e+00,-1.164954e+01,-1.180808e+01,2.270416e-01,-2.189090e+00,-6.417081e+00,-2.730578e-01,5.737143e+00,1.144291e+01,1.175474e+01,4.436279e+00,-8.710075e+00,2.931399e-02,0,6.662129e-01,1.076353e-03,1.219760e+00,-2.660478e+00,-1.325065e-01,-2.076275e+00,-1.754555e+00,4.658360e+00,9.073352e-01,-4.796986e-01,-1.211377e-01,2.187447e+00,-1.008554e-02,-1.096760e+00,2.659414e-03,0,9.742802e-03
7.789148e-03,1.815502e+00,-1.283425e+01,-1.220681e+01,-2.297962e+00,-2.459494e+00,-5.948240e-01,1.276024e+00,5.844217e+00,8.653783e+00,1.263520e+01,2.814198e+00,-8.749183e+00,2.810517e-02,0,6.537026e-01,2.589629e-04,3.261445e-01,-1.369267e+00,-1.305916e-01,-1.469852e+00,-5.761021e-01,4.951559e+00,9.702768e-01,-2.608006e-01,-1.715626e+00,1.017588e+00,-8.159753e-01,-8.056779e-02,3.022142e-05,0,-1.861876e-03
7.314764e-03,1.913249e+00,-1.328164e+01,-1.240778e+01,-3.174379e+00,-3.462463e+00,4.126606e+00,2.081868e+00,6.197997e+00,5.751518e+00,1.324536e+01,2.311648e+00,-7.468005e+00,2.719855e-02,0,6.480276e-01,-4.156137e-04,5.489314e-03,6.326056e-02,-4.524422e-03,-8.592211e-01,5.741559e-01,3.139057e+00,4.435838e-01,-7.268096e-01,-1.817192e+00,-3.416634e-02,-1.214974e+00,5.935611e-01,-7.252943e-04,0,-6.938392e-03
6.612016e-03,1.929600e+00,-1.256319e+01,-1.224996e+01,-3.015530e+00,-2.193696e+00,6.323617e+00,1.740872e+00,4.355358e+00,4.423559e+00,1.259832e+01,5.533343e-01,-6.365471e+00,2.629193e-02,0,6.382226e-01,-6.268194e-04,-8.050384e-02,5.956309e-01,2.000396e-01,-6.360812e-02,1.400331e+00,1.434069e+00,-9.108309e-02,-1.368214e+00,-1.187388e+00,-6.751531e-01,-1.489504e+00,1.939450e-01,-1.813240e-04,0,-4.423392e-03
5.793277e-03,1.675707e+00,-1.146877e+01,-1.180912e+01,-3.710280e+00,5.487907e-01,5.818984e+00,1.712437e+00,2.847524e+00,4.472063e+00,1.160234e+01,-5.081574e-01,-6.934125e+00,2.659414e-02,0,6.392609e-01,-5.494392e-04,-1.497222e-01,7.418495e-01,2.199536e-01,4.291151e-01,1.514467e+00,1.031946e-01,-3.767982e-01,-1.432340e+00,-3.405389e-01,-1.083757e+00,-1.718250e+00,-3.205072e-01,6.648529e-04,0,-2.759814e-04
5.415794e-03,1.531754e+00,-1.076253e+01,-1.150594e+01,-2.348052e+00,2.536532e+00,5.729333e+00,1.005324e+00,6.783845e-01,3.356571e+00,1.008094e+01,-3.223418e+00,-8.046397e+00,2.750075e-02,0,6.359690e-01,-3.442998e-04,-1.524260e-01,4.858299e-01,4.611339e-02,1.140427e+00,5.528829e-01,-1.504568e-01,-6.772639e-01,-6.906828e-01,1.081046e-01,-1.110231e+00,-1.602113e+00,-7.226419e-01,1.239045e-03,0,1.645434e-03
5.165679e-03,1.363561e+00,-1.047272e+01,-1.168002e+01,-1.362542e+00,1.744756e+00,4.939721e+00,5.656511e-01,8.747833e-01,4.582317e+00,9.085267e+00,-4.391224e+00,-8.230078e+00,2.991840e-02,0,6.477745e-01,-2.062964e-04,-1.008081e-01,2.251942e-01,-2.220459e-02,1.616647e+00,-5.534954e-01,1.042960e-01,-7.273909e-01,1.348073e-01,5.662075e-01,-1.035869e+00,-1.439533e+00,-6.339414e-01,1.299487e-03,0,2.488649e-03
5.204317e-03,1.323543e+00,-1.063206e+01,-1.208395e+01,1.512736e+00,-2.726390e-02,6.010965e+00,-1.072055e+00,1.888314e+00,4.908954e+00,8.305709e+00,-5.515696e+00,-9.330705e+00,3.082502e-02,0,6.421930e-01,-1.623481e-04,-2.599994e-01,3.148749e-01,-1.143813e-01,1.713416e+00,-6.341084e-01,-8.349624e-02,-3.129964e-01,3.430398e-01,1.174110e+00,-7.715403e-01,-1.241159e+00,-2.385100e-01,1.118163e-03,0,1.756418e-03
4.867534e-03,1.275772e+00,-1.040803e+01,-1.163114e+01,2.442561e+00,-9.367884e-01,6.199648e+00,-8.858280e-01,2.916595e+00,6.526909e+00,7.310614e+00,-6.559683e+00,-9.461679e+00,3.142944e-02,0,6.485922e-01,-2.077257e-04,-3.679676e-01,4.967777e-01,-1.952433e-01,1.591237e+00,4.207665e-02,-3.555735e-01,1.864076e-01,-2.521042e-01,1.337715e+00,-8.754236e-01,-1.077071e+00,3.422904e-01,1.057721e-03,0,6.086946e-04
4.753126e-03,2.756516e-01,-9.220502e+00,-1.210229e+01,4.316476e+00,7.067625e-01,4.681889e+00,1.660817e-01,1.372677e+00,8.254827e+00,7.110565e+00,-8.344983e+00,-8.623147e+00,3.233605e-02,0,6.443422e-01,-2.756485e-04,-3.789473e-01,6.597048e-01,-4.183302e-01,1.295615e+00,6.659932e-01,-9.195029e-01,3.526878e-01,-6.588828e-01,1.005221e+00,-7.522528e-01,-5.737356e-01,7.990483e-01,1.631913e-03,0,-3.971219e-04
4.352645e-03,4.766835e-02,-8.694613e+00,-1.264707e+01,5.191771e+00,1.588126e+00,3.826391e+00,8.786209e-01,-1.279192e-01,9.597957e+00,5.305721e+00,-8.361935e+00,-6.872405e+00,3.445150e-02,0,6.497434e-01,-3.140193e-04,-9.015521e-02,5.204880e-01,-3.292871e-01,1.461148e+00,3.245148e-01,-9.224104e-01,-2.314538e-01,-4.767615e-01,6.949139e-02,-3.394906e-01,-2.586169e-02,5.190070e-01,1.843457e-03,0,-4.776013e-03
4.083518e-03,4.285796e-02,-8.190249e+00,-1.366763e+01,6.616205e+00,2.040245e+00,2.600079e+00,-1.908400e-01,1.161574e-01,8.399534e+00,5.546892e+00,-7.483248e+00,-6.630100e+00,3.747356e-02,0,6.396318e-01,-3.877754e-04,3.163288e-01,3.866095e-01,2.784807e-01,1.174462e+00,-5.058441e-01,-6.688076e-01,-1.116579e+00,5.902684e-01,-5.932657e-01,1.706790e-01,4.273141e-01,1.310430e-01,1.027501e-03,0,-6.894714e-03
3.632241e-03,9.413924e-01,-8.320719e+00,-1.249491e+01,8.598437e+00,1.904456e-02,2.628501e+00,-1.864636e+00,1.161048e+00,6.802012e+00,6.394998e+00,-7.119859e+00,-7.863167e+00,3.807797e-02,0,6.270673e-01,-4.229729e-04,4.453700e-01,6.477740e-01,1.070996e+00,6.582824e-01,-8.863298e-01,-5.444192e-01,-1.466358e+00,8.803642e-01,-5.680786e-01,5.475458e-01,8.218357e-01,-5.283055e-02,-9.670596e-04,0,-7.483375e-03
3.174451e-03,1.410434e+00,-7.474402e+00,-1.078596e+01,8.485452e+00,-1.037917e+00,1.936796e+00,-4.045186e+00,3.679536e+00,6.686471e+00,7.419322e+00,-6.829450e+00,-7.472551e+00,3.566032e-02,0,6.212067e-01,-4.676712e-04,3.843082e-01,1.208430e+00,1.773761e+00,-3.490379e-01,-8.027052e-01,-4.849106e-01,-1.068827e+00,3.913885e-01,-5.776497e-01,1.893089e-01,1.386035e+00,4.256860e-01,-3.112724e-03,0,-3.116244e-03
2.692315e-03,1.590730e+00,-5.813667e+00,-8.732924e+00,7.548560e+00,-1.304442e+00,1.435937e+00,-4.525999e+00,2.492213e+00,7.614095e+00,7.107235e+00,-4.579655e+00,-6.715332e+00,3.052282e-02,0,6.215391e-01,-4.347588e-04,1.464449e-01,1.766613e+00,1.812742e+00,-9.039682e-01,-2.499853e-01,-8.546731e-01,-1.613154e-01,-8.405131e-01,-1.146252e+00,-2.536810e-01,2.012908e+00,9.646226e-01,-3.596253e-03,0,1.343447e-03
2.215126e-03,1.639730e+00,-3.401626e+00,-6.679819e+00,5.395955e+00,-1.311538e+00,7.718071e-01,-4.204293e+00,1.407517e+00,5.105244e+00,6.137318e+00,-1.823175e+00,-5.075588e+00,2.568752e-02,0,6.268147e-01,-3.424141e-04,3.162219e-02,1.818606e+00,1.345711e+00,-6.437508e-01,-1.061709e-01,-9.729174e-01,6.473054e-01,-1.753713e+00,-1.948178e+00,-5.230433e-01,1.866642e+00,8.140548e-01,-2.538532e-03,0,4.567158e-03
1.938110e-03,1.558969e+00,-1.524043e+00,-5.484270e+00,5.623344e+00,-1.094072e+00,-1.062371e+00,-2.591660e+00,-1.905509e+00,1.861366e+00,5.767595e+00,4.415422e-01,-4.238535e+00,2.508311e-02,0,6.309806e-01,-2.078045e-04,2.750329e-02,1.331485e+00,4.264131e-01,-3.947305e-03,4.226936e-02,-6.758653e-01,7.378982e-01,-1.617586e+00,-1.920251e+00,-6.205239e-01,1.131031e+00,2.438193e-01,-3.022060e-04,0,4.599577e-03
1.839483e-03,1.584425e+00,-5.261830e-01,-5.681734e+00,6.229305e+00,-1.673957e+00,-1.678637e+00,-1.775828e+00,-2.890167e+00,-1.780531e-01,5.473925e+00,-6.841063e-03,-4.640675e+00,2.568752e-02,0,6.393217e-01,-1.008735e-04,2.162263e-02,7.650052e-01,-2.288910e-01,5.222216e-01,-6.292234e-02,-7.186451e-02,6.016435e-01,-8.616983e-01,-7.427970e-01,-8.155221e-01,2.419404e-01,-5.617374e-01,1.722575e-03,0,2.348328e-03
1.841114e-03,1.755899e+00,-5.939623e-01,-7.099901e+00,7.112148e+00,-9.118853e-01,-7.181673e-01,-2.050740e+00,-3.446875e+00,6.544897e-01,4.336312e+00,1.673333e-01,-5.713692e+00,2.901179e-02,0,6.382834e-01,-6.680928e-05,-8.830321e-03,4.093134e-01,-2.293911e-02,5.105773e-01,-1.902992e-01,6.093944e-01,1.701901e-01,1.286960e-02,3.241725e-01,-1.059323e+00,-4.294545e-02,-6.606957e-01,2.780296e-03,0,-1.037514e-03
1.759257e-03,1.649378e+00,-4.164044e-02,-7.016458e+00,7.262661e+00,-1.717243e+00,2.403829e-01,-1.466535e+00,-2.130291e+00,1.994697e+00,2.775349e+00,-4.763686e-01,-7.146696e+00,3.233605e-02,0,6.349049e-01,-6.901387e-05,2.529192e-03,2.836711e-01,5.253425e-01,4.039111e-01,-1.691507e-01,7.502885e-01,4.912959e-02,3.815548e-02,8.289345e-01,-8.066292e-01,7.015847e-03,-2.637863e-03,3.142944e-03,0,-3.245044e-03
1.644177e-03,1.482341e+00,2.802525e-01,-4.931603e+00,7.659553e+00,-2.023924e+00,1.025092e+00,-1.895356e+00,-2.221099e+00,2.395853e+00,1.820270e+00,4.615787e-01,-6.289003e+00,3.566032e-02,0,6.280014e-01,-6.546131e-05,-1.852881e-02,4.385784e-01,8.260554e-01,2.354677e-01,-1.799282e-01,5.405169e-01,1.237130e-01,-4.401588e-01,8.700117e-01,3.793072e-01,-1.394162e-01,5.578436e-01,1.903899e-03,0,-3.493595e-03
1.592882e-03,1.733850e+00,4.550647e-01,-4.139170e+00,7.975158e+00,-1.963691e+00,1.201176e+00,-1.607872e+00,-3.312277e+00,3.095938e+00,2.698800e+00,-1.188845e-01,-4.366209e+00,3.807797e-02,0,6.282375e-01,-4.952836e-05,-9.833753e-03,7.510396e-01,2.286350e-01,-2.689781e-02,-3.964684e-02,1.350257e-01,1.501342e-01,-6.824914e-01,1.534352e+00,1.274308e+00,-5.434383e-01,1.007855e+00,2.417654e-04,0,-4.611099e-03
1.596994e-03,1.621019e+00,1.350577e+00,-4.408268e+00,7.933238e+00,-1.688302e+00,1.504021e+00,-1.361506e+00,-5.056675e+00,4.453928e+00,6.271122e+00,-7.084900e-01,-4.314718e+00,3.566032e-02,0,6.241491e-01,-4.620268e-05,-2.826810e-01,1.219956e+00,-6.512393e-01,-2.994798e-01,1.575651e-01,-4.345376e-01,4.058477e-01,1.090863e-01,1.934897e+00,1.220375e+00,-8.933215e-01,7.583478e-01,-1.662134e-03,0,-9.263945e-03
1.535206e-03,1.530870e+00,3.178395e+00,-6.134951e+00,6.991330e+00,-2.083288e+00,6.760469e-01,-9.827889e-01,-4.124960e+00,8.637418e+00,6.921461e+00,-2.608526e+00,-3.094565e+00,3.354488e-02,0,6.137756e-01,-1.946429e-05,-9.644238e-01,1.564536e+00,-8.260561e-01,-7.942031e-01,7.512755e-01,-1.419415e+00,6.029697e-01,1.083110e+00,1.470229e+00,6.708927e-01,-9.913009e-01,8.628898e-01,-1.450590e-03,0,-2.124389e-02
1.442001e-03,1.704261e-01,5.018369e+00,-7.189909e+00,6.654068e+00,-1.176300e+00,-8.850319e-01,-1.786589e-01,-1.269326e+00,9.299599e+00,5.810814e+00,-2.760208e+00,-3.133085e+00,2.961620e-02,0,5.889127e-01,1.063482e-04,-1.881428e+00,1.623411e+00,-6.503214e-01,-1.271332e+00,1.843989e+00,-2.596054e+00,1.459180e+00,1.493300e+00,3.341065e-01,1.417135e-01,-7.070941e-01,7.488450e-01,2.266546e-03,0,-3.029782e-02
1.573057e-03,-2.362972e+00,6.443850e+00,-6.878630e+00,4.643727e+00,1.536686e+00,-4.701374e+00,8.155527e-01,2.095958e-01,8.024248e+00,6.283417e+00,-4.049530e+00,-6.425760e-01,3.384708e-02,0,5.396363e-01,3.208216e-04,-2.692585e+00,1.600317e+00,2.146263e-02,-1.532205e+00,2.693091e+00,-3.533514e+00,1.780758e+00,8.582851e-01,-1.181111e+00,5.131007e-01,-1.892816e-01,8.704241e-02,6.678755e-03,0,-6.599431e-02
2.109810e-03,-5.839199e+00,7.834905e+00,-7.288035e+00,2.750377e+00,5.721654e+00,-8.787538e+00,5.035223e+00,2.425455e-01,6.431046e+00,7.298711e+00,-3.523458e+00,-1.796488e+00,4.684195e-02,0,5.097297e-01,4.635964e-04,-2.714637e+00,1.485247e+00,1.992968e-01,-1.378421e+00,2.776379e+00,-3.421221e+00,1.308202e+00,2.943617e-01,-1.184410e+00,6.983106e-01,3.614770e-01,-6.170061e-01,8.008462e-03,0,-1.059360e-01
2.805410e-03,-8.927242e+00,9.771713e+00,-5.978575e+00,1.282149e+00,7.933191e+00,-1.304027e+01,5.314062e+00,-5.894701e-01,4.166140e+00,8.743016e+00,-3.173309e+00,-3.327652e+00,5.832578e-02,0,3.233955e-01,3.802955e-04,-1.918425e+00,1.001233e+00,3.293199e-01,-5.250221e-01,1.969735e+00,-2.492943e+00,-4.718337e-01,7.223974e-01,-8.147261e-01,3.924745e-01,1.091960e+00,-1.420021e+00,2.629193e-03,0,-1.118630e-01
3.143807e-03,-1.012062e+01,1.078067e+01,-6.643453e+00,1.442752e+00,9.507344e+00,-1.382169e+01,4.113096e+00,6.020159e-01,5.306601e+00,8.072568e+00,-1.390934e+00,-4.875578e+00,5.741916e-02,0,1.673531e-01,9.703480e-05,-5.126282e-01,8.467369e-02,4.424826e-01,2.303628e-01,9.240015e-01,-1.400950e+00,-2.527052e+00,1.408776e+00,-1.694014e-01,4.307773e-01,1.197214e+00,-1.101816e+00,-5.893019e-03,0,-5.250848e-02
2.957536e-03,-9.814385e+00,9.977128e+00,-5.554322e+00,2.672430e+00,9.492517e+00,-1.464901e+01,-1.082552e+00,3.641848e+00,4.512840e+00,7.858861e+00,3.440077e-01,-6.203138e+00,4.170444e-02,0,1.515097e-01,-1.885163e-04,1.089350e+00,-1.064184e+00,2.601143e-01,7.646848e-01,-6.555643e-02,-4.606409e-01,-3.349664e+00,1.536023e+00,2.981135e-01,2.470655e-01,1.089979e+00,-6.890285e-01,-1.157449e-02,0,5.854102e-02
2.518920e-03,-7.958768e+00,8.155566e+00,-5.287748e+00,3.207051e+00,9.561999e+00,-1.498792e+01,-4.401731e+00,5.170765e+00,5.410689e+00,9.894675e+00,7.039521e-01,-5.867826e+00,2.568752e-02,0,3.331302e-01,-2.929781e-04,2.286496e+00,-1.819484e+00,1.362157e-01,9.183720e-01,-8.812226e-01,-1.020905e-01,-3.261208e+00,5.981067e-01,1.167811e-01,2.459833e-01,6.215795e-01,-1.258497e-01,-1.160472e-02,0,1.218154e-01
2.175271e-03,-4.561419e+00,5.763346e+00,-5.355856e+00,4.223423e+00,7.578081e+00,-1.476036e+01,-7.176846e+00,4.806269e+00,5.604664e+00,9.067290e+00,1.229146e+00,-6.276670e+00,1.631913e-02,0,5.332120e-01,-2.256892e-04,2.808629e+00,-2.055682e+00,-4.526958e-01,6.315657e-01,-1.279185e+00,2.800278e-01,-2.138306e+00,-2.720869e-01,2.430950e-01,-3.572601e-01,5.335677e-01,3.366761e-01,-7.404049e-03,0,1.173869e-01
2.070049e-03,-1.314629e+00,3.790144e+00,-6.061607e+00,5.259115e+00,6.058449e+00,-1.427647e+01,-9.145799e+00,3.010339e+00,5.344594e+00,8.698270e+00,1.274395e+00,-5.468060e+00,1.208824e-02,0,5.855787e-01,-1.192927e-04,2.344344e+00,-1.823609e+00,-5.777717e-01,1.380037e-01,-1.304822e+00,5.252029e-01,-1.068965e+00,-5.568010e-01,-2.151741e-01,-7.817919e-01,8.710483e-01,4.963207e-01,-2.961620e-03,0,6.656851e-02
2.053526e-03,9.066894e-01,1.881431e+00,-7.430871e+00,4.804226e+00,4.848368e+00,-1.360460e+01,-9.402048e+00,3.361627e+00,5.761362e+00,6.670763e+00,2.726625e+00,-4.719640e+00,1.148383e-02,0,6.122201e-01,-8.083824e-05,1.320376e+00,-1.068859e+00,-5.194162e-01,-7.596251e-01,-9.118906e-01,1.111838e+00,1.759127e-01,-8.597593e-01,-9.410389e-01,-3.947405e-01,1.332583e+00,7.890336e-01,1.813238e-04,0,2.422505e-02
1.983330e-03,1.028898e+00,9.784780e-01,-7.139099e+00,3.606668e+00,4.402747e+00,-1.293978e+01,-8.633953e+00,3.109081e+00,4.256469e+00,7.183979e+00,4.310453e+00,-4.164738e+00,1.329707e-02,0,6.264687e-01,-1.081344e-04,4.137610e-01,4.592366e-02,-1.608669e-01,-1.640139e+00,-6.585888e-01,2.124092e+00,1.346899e+00,-1.534799e+00,-1.656109e+00,-2.086639e-04,1.127970e+00,9.153054e-01,1.843457e-03,0,1.180636e-02
1.814440e-03,8.686959e-01,1.824884e+00,-7.414191e+00,1.251521e+00,3.846479e+00,-9.869512e+00,-6.553205e+00,4.581008e-01,1.443532e+00,7.850733e+00,6.374030e+00,-2.983164e+00,1.662134e-02,0,6.338923e-01,-1.379302e-04,4.060162e-02,1.280897e+00,1.690593e-01,-1.747689e+00,-3.618247e-01,2.779101e+00,1.848319e+00,-2.027261e+00,-2.168472e+00,9.014921e-02,-2.152180e-01,9.692518e-01,1.934119e-03,0,3.998512e-03
1.648920e-03,7.731726e-01,4.048036e+00,-6.874282e+00,-1.165227e+00,3.266449e+00,-5.523553e+00,-3.835725e+00,-3.211892e+00,-7.770337e-01,8.107242e+00,5.090542e+00,-1.759771e+00,1.873678e-02,0,6.337745e-01,-1.367434e-04,8.373160e-02,2.006270e+00,4.916164e-01,-1.180648e+00,-3.564296e-01,2.287809e+00,1.836965e+00,-1.360844e+00,-1.321642e+00,-3.744979e-01,-1.952757e+00,4.703594e-01,7.857356e-04,0,-1.761490e-03
1.531080e-03,1.237560e+00,6.751137e+00,-6.717983e+00,-1.548269e+00,3.607393e+00,-3.417206e+00,-2.559566e+00,-3.614194e+00,-2.564246e+00,6.659878e+00,1.260491e+00,-1.075865e+00,1.843457e-02,0,6.285598e-01,-9.955445e-05,1.410672e-01,2.023300e+00,9.675882e-01,-2.288798e-01,-5.310432e-01,7.746934e-01,1.202690e+00,4.128206e-03,-1.617074e-01,-3.001235e-01,-2.916233e+00,1.291634e-02,-1.087942e-03,0,-6.241900e-03
1.441293e-03,1.263124e+00,8.546700e+00,-5.029121e+00,-8.966791e-01,2.740142e+00,-4.726891e+00,-1.445947e+00,-1.658993e+00,-3.478500e-01,5.906917e+00,-2.896564e+00,-2.766590e+00,1.631913e-02,0,6.203275e-01,-4.242652e-05,1.576342e-01,1.653758e+00,9.908711e-01,1.335859e-01,-9.336414e-01,-3.039718e-01,7.402176e-01,7.952127e-01,5.566666e-01,-1.830134e-01,-1.826967e+00,6.614347e-02,-2.538531e-03,0,-7.726359e-03
1.420481e-03,1.329056e+00,9.692052e+00,-3.498831e+00,-2.715158e-02,1.454417e+00,-6.394376e+00,-1.734645e+00,-2.977077e-01,4.204034e-01,7.450278e+00,-4.213582e+00,-2.415172e+00,1.239045e-02,0,6.094063e-01,2.920681e-05,2.004097e-01,1.005830e+00,5.509459e-01,-8.405357e-02,-1.377967e+00,-6.141672e-02,4.769257e-01,6.812918e-01,-2.417614e-01,-1.936557e-01,2.765503e-01,7.118677e-01,-2.840737e-03,0,-4.965317e-03
1.492087e-03,1.515596e+00,1.084637e+01,-3.529503e+00,-1.257856e+00,-3.252700e-01,-5.554827e+00,-5.470974e-01,-8.940713e-01,5.139745e-01,6.796975e+00,-1.307258e+00,-7.594000e-01,9.066183e-03,0,6.047194e-01,1.168689e-04,2.378144e-01,3.526138e-01,-3.958591e-01,4.435955e-02,-1.608698e+00,9.978363e-01,-5.135608e-02,3.015580e-01,-1.700530e+00,-9.880415e-01,2.299778e+00,6.939581e-01,-1.783016e-03,0,1.129276e-03
1.651717e-03,2.113373e+00,1.063045e+01,-4.713063e+00,-1.787948e+00,-1.749737e+00,-3.310321e+00,-6.243619e-01,-5.901960e-01,-4.203966e+00,5.246571e+00,1.848589e+00,1.479879e+00,7.857359e-03,0,6.115372e-01,1.953704e-04,1.062590e-02,-4.873947e-01,-9.034252e-01,8.810784e-01,-1.914750e+00,1.590192e+00,-9.302322e-01,2.132941e-01,-2.148002e+00,-1.951783e+00,2.996690e+00,-4.658185e-01,-1.208822e-04,0,6.420463e-03
1.910019e-03,2.060037e+00,9.840569e+00,-6.401300e+00,2.055171e-01,-3.701273e+00,-1.279737e+00,-2.257869e+00,-4.958559e-03,-6.538314e+00,2.068563e+00,5.571239e+00,-1.244326e+00,9.670596e-03,0,6.249084e-01,2.439385e-04,-4.688963e-01,-1.175712e+00,-7.100900e-01,2.203187e+00,-2.124961e+00,1.104893e+00,-1.943296e+00,2.821219e-01,-9.737841e-01,-2.331596e+00,2.373132e+00,-1.579756e+00,1.329707e-03,0,6.628114e-03
2.188367e-03,1.109965e+00,7.757978e+00,-6.580058e+00,3.646554e+00,-6.431329e+00,-5.809593e-01,-5.530420e+00,3.242065e-01,-6.793462e+00,5.556901e-02,7.330618e+00,-4.501802e+00,1.148383e-02,0,6.314141e-01,2.151931e-04,-9.030571e-01,-1.431283e+00,-3.890758e-02,2.745214e+00,-2.177253e+00,6.894064e-02,-2.012938e+00,1.941977e-01,1.290262e+00,-2.654782e+00,1.229977e+00,-1.600184e+00,1.934119e-03,0,1.719940e-03
2.443454e-03,-3.271819e-01,6.404047e+00,-6.146455e+00,7.040826e+00,-8.609280e+00,-1.395043e+00,-7.810549e+00,5.933682e-02,-3.060198e+00,-2.265506e+00,7.817389e+00,-5.667339e+00,1.390148e-02,0,6.279215e-01,9.049592e-05,-9.115555e-01,-1.275046e+00,8.501183e-01,2.149068e+00,-1.436621e+00,-1.032783e+00,-1.185571e+00,4.056508e-01,2.600453e+00,-2.214808e+00,-3.312822e-01,-1.468618e-01,2.085222e-03,0,-4.433143e-03
2.460965e-03,-1.208303e+00,5.192297e+00,-5.035023e+00,8.520465e+00,-1.018200e+01,-2.907964e+00,-7.912710e+00,3.486451e-01,5.082869e-01,-5.860303e+00,6.875398e+00,-4.309534e+00,1.541251e-02,0,6.186303e-01,-8.315814e-05,-4.867744e-01,-5.015970e-01,1.646941e+00,7.966866e-01,-3.688528e-01,-1.698875e+00,3.781656e-01,7.424527e-01,2.748855e+00,-1.188773e+00,-1.839225e+00,1.029764e+00,1.450589e-03,0,-7.695717e-03
2.226200e-03,-1.338606e+00,4.748180e+00,-2.923227e+00,8.513904e+00,-9.009044e+00,-5.280147e+00,-6.994580e+00,2.011076e+00,2.813074e+00,-6.047540e+00,4.142438e+00,-2.074769e+00,1.813237e-02,0,6.091346e-01,-2.408523e-04,-1.110684e-01,2.587152e-01,2.219424e+00,-5.215173e-01,1.004112e+00,-1.630620e+00,1.732230e+00,9.222633e-01,1.498592e+00,1.020905e+00,-2.789981e+00,9.963307e-01,9.066186e-04,0,-1.052393e-02
1.881203e-03,-8.181953e-01,6.077927e+00,4.303439e-02,6.893448e+00,-8.075711e+00,-7.132783e+00,-4.047577e+00,3.060601e+00,4.014175e+00,-3.997279e+00,-2.803024e-02,-1.149267e+00,1.662134e-02,0,6.023290e-01,-2.996482e-04,-1.179413e-01,8.527683e-01,2.082823e+00,-1.136156e+00,1.622211e+00,-1.050897e+00,2.523005e+00,4.734255e-01,4.308410e-02,2.960090e+00,-2.525365e+00,4.887241e-01,4.533093e-04,0,-1.308890e-02
1.529074e-03,-1.077578e+00,7.254809e+00,2.411636e+00,5.246748e+00,-4.641864e+00,-7.435732e+00,-1.081967e+00,3.314676e+00,2.679816e+00,1.907507e+00,-2.680800e+00,-2.265819e+00,1.783016e-02,0,5.834525e-01,-2.643284e-04,-2.207464e-01,7.800473e-01,8.858396e-01,-1.096879e+00,1.775891e+00,-1.507322e-01,2.302281e+00,-2.339959e-01,-1.306178e+00,3.112063e+00,-1.182156e+00,-9.478518e-02,8.461772e-04,0,-1.247804e-02
1.311287e-03,-1.928524e+00,8.202825e+00,2.711660e+00,4.473263e+00,-4.254534e+00,-7.084656e+00,1.746009e+00,2.063972e+00,7.903363e-01,4.962622e+00,-2.339807e+00,-1.770389e+00,1.783016e-02,0,5.660269e-01,-1.680746e-04,-5.840056e-02,3.167027e-01,-6.186701e-01,-9.176019e-01,1.412295e+00,6.040739e-01,1.316843e+00,-4.199554e-01,-1.804968e+00,1.576643e+00,2.796115e-01,-7.032237e-02,1.118162e-03,0,-5.072975e-03
1.189516e-03,-1.887174e+00,7.585968e+00,1.716584e-01,4.239603e+00,-2.040179e+00,-6.057871e+00,1.620033e+00,1.339410e+00,-2.105899e+00,5.032825e+00,-6.124541e-01,-2.238134e+00,2.175884e-02,0,5.648955e-01,-6.079830e-05,5.125285e-01,-9.906755e-02,-1.640103e+00,-7.572682e-01,8.256895e-01,1.047798e+00,3.934189e-01,-4.429349e-02,-1.278404e+00,-1.859661e-01,8.718619e-01,-4.754686e-02,4.230879e-04,0,7.157511e-03
1.210609e-03,-7.054002e-01,7.495861e+00,-1.930327e+00,2.809011e+00,-2.315077e+00,-4.801344e+00,1.185637e+00,1.948456e+00,-2.617808e+00,2.323276e+00,3.358542e-01,-1.514721e+00,2.024781e-02,0,5.862427e-01,1.203544e-05,9.126490e-01,-3.108762e-01,-1.550931e+00,-7.209692e-01,5.093475e-01,1.266300e+00,-9.132483e-02,4.579987e-01,-1.519947e-01,-6.418452e-01,7.202221e-01,-7.604130e-02,-9.066187e-04,0,1.561499e-02
1.275421e-03,8.735029e-01,7.112953e+00,-3.467886e+00,2.292533e+00,-1.483145e+00,-3.338396e+00,1.165313e+00,3.150967e+00,-2.008132e+00,2.297350e+00,3.406787e-01,-2.631387e+00,1.873678e-02,0,6.091322e-01,5.422740e-05,7.411195e-01,-2.625225e-01,-1.127787e+00,-1.985485e-01,1.496424e-02,9.366812e-01,-3.953777e-01,7.363898e-01,1.454954e+00,-3.961288e-01,7.164230e-01,4.080319e-03,-2.236325e-03,0,1.635146e-02
1.328512e-03,1.254382e+00,6.884951e+00,-3.223223e+00,1.841952e+00,-1.986313e+00,-2.112894e+00,1.516745e+00,3.448188e+00,-1.852036e-02,3.121134e+00,7.847368e-01,-1.953969e+00,1.480810e-02,0,6.219835e-01,7.019083e-05,2.996905e-01,-3.072369e-01,-1.017669e+00,4.081803e-01,2.316865e-02,4.545409e-01,-1.038127e+00,3.487080e-01,2.578845e+00,-1.402154e-02,6.671705e-01,-1.774650e-01,-2.478090e-03,0,1.130295e-02
1.401702e-03,8.385324e-01,6.578810e+00,-4.820831e+00,3.730390e+00,-2.129740e+00,-2.718691e+00,-5.224088e-01,4.271493e+00,3.869226e+00,2.653252e+00,2.745219e+00,-1.998108e+00,1.329707e-02,0,6.287823e-01,8.186607e-05,-1.004629e-01,-3.147601e-01,-1.252206e+00,6.393430e-01,1.806103e-01,-4.423273e-02,-1.726526e+00,-3.346789e-02,3.061777e+00,-1.779058e-01,5.976833e-01,-6.192356e-01,-2.538531e-03,0,6.040323e-03
1.498423e-03,8.105373e-01,6.226748e+00,-6.342201e+00,4.130984e+00,-1.875936e+00,-2.838492e+00,-3.161136e+00,3.131733e+00,7.337739e+00,2.075217e+00,2.469436e+00,-2.718685e+00,1.057721e-02,0,6.329324e-01,8.367307e-05,-1.187188e-01,-4.806029e-01,-1.462539e+00,5.407628e-01,5.901253e-01,-1.133039e-02,-1.847498e+00,-2.514595e-01,2.527787e+00,-3.112270e-02,-8.590487e-02,-1.031851e+00,-2.085222e-03,0,3.185344e-03
1.599796e-03,5.931110e-01,5.868254e+00,-8.169426e+00,4.344732e+00,-6.352823e-01,-3.196760e+00,-5.128378e+00,3.141855e+00,9.622623e+00,1.930779e+00,2.486745e+00,-5.345207e+00,8.159565e-03,0,6.338593e-01,6.875236e-05,-3.513676e-03,-7.266077e-01,-1.048030e+00,2.548183e-01,9.238133e-01,2.901558e-01,-8.805978e-01,-3.501424e-01,1.472478e+00,6.364025e-01,-8.908132e-01,-1.405282e+00,-1.631913e-03,0,1.370388e-03
1.647830e-03,7.834991e-01,4.837214e+00,-8.861623e+00,4.238595e+00,2.170844e-01,-1.930511e+00,-5.417759e+00,2.755709e+00,9.743713e+00,3.326757e+00,4.844496e-01,-5.439672e+00,6.950740e-03,0,6.353717e-01,4.757135e-05,8.143844e-02,-8.135504e-01,-3.311819e-01,2.731866e-01,1.003584e+00,6.767122e-01,2.561599e-01,-4.567026e-01,5.104553e-01,1.245049e+00,-9.691834e-01,-1.501221e+00,-1.027501e-03,0,-8.552074e-04
1.670760e-03,8.344831e-01,3.640538e+00,-8.801271e+00,4.950675e+00,1.442817e+00,-1.721902e+00,-3.797086e+00,2.708793e+00,1.002863e+01,5.209495e+00,-7.163531e-01,-7.664023e+00,6.950740e-03,0,6.344146e-01,4.324546e-05,1.299613e-01,-6.171868e-01,4.376026e-01,4.269804e-01,8.493630e-01,8.881319e-01,1.132506e+00,-8.854051e-01,-1.824578e-01,1.522578e+00,-6.247231e-01,-1.549681e+00,-6.950741e-04,0,-3.073364e-03
1.700797e-03,1.097044e+00,3.272854e+00,-7.682188e+00,5.193945e+00,2.102932e+00,-1.923604e-01,-2.545983e+00,1.064750e+00,9.687013e+00,6.661103e+00,-7.749317e-01,-9.065381e+00,6.044122e-03,0,6.283787e-01,6.768371e-05,9.357409e-02,-2.203607e-01,6.730174e-01,6.581931e-01,8.024217e-01,8.511509e-01,1.037797e+00,-9.618202e-01,-3.742808e-01,1.189508e+00,4.181097e-01,-1.524455e+00,-3.022061e-04,0,-5.050427e-03
1.789539e-03,1.086145e+00,3.564500e+00,-6.571130e+00,6.001959e+00,2.668609e+00,3.748238e-01,-9.017356e-01,-4.396914e-01,8.738685e+00,7.876494e+00,-7.179618e-03,-1.128076e+01,5.137504e-03,0,6.219890e-01,1.389120e-04,6.249093e-02,-2.198965e-01,5.706234e-02,7.552302e-01,7.843038e-01,8.910294e-01,1.414014e-01,-5.311496e-01,1.302156e-02,5.464319e-01,1.136386e+00,-3.924969e-01,9.368390e-04,0,-4.379106e-03
1.926859e-03,1.125538e+00,3.773430e+00,-6.611607e+00,7.003919e+00,3.616297e+00,1.276881e+00,-1.676451e+00,-4.791494e-01,8.517281e+00,7.940798e+00,2.220411e+00,-1.125358e+01,6.346328e-03,0,6.163324e-01,2.618823e-04,7.125356e-02,-4.948364e-01,-1.399639e+00,8.262509e-01,6.310796e-01,5.836829e-01,-7.127709e-01,-8.834648e-02,6.782427e-01,-1.840506e-01,1.587772e+00,9.293847e-01,3.414929e-03,0,-9.929836e-04
2.252289e-03,1.132690e+00,2.290768e+00,-9.051250e+00,7.821840e+00,4.607654e+00,1.998624e+00,-3.524845e+00,8.249949e-01,1.067860e+01,7.301807e+00,3.467906e+00,-8.532409e+00,1.148383e-02,0,6.185423e-01,4.000898e-04,2.602661e-02,-5.741673e-01,-2.933113e+00,2.280919e-01,-1.931317e-01,6.997813e-01,-1.125234e+00,-2.744800e-01,9.127343e-01,-1.171551e+00,1.928192e+00,2.191140e+00,5.288607e-03,0,4.383576e-03
2.778834e-03,1.430039e+00,1.435538e+00,-1.344032e+01,8.415259e+00,4.288807e+00,1.914154e+00,-4.798283e+00,-9.325187e-03,1.210827e+01,6.028193e+00,5.426384e+00,-5.792632e+00,1.994560e-02,0,6.251372e-01,4.888221e-04,-5.229980e-02,-7.124223e-02,-3.720963e+00,-7.162920e-01,-1.580828e+00,1.179970e+00,-3.002959e-01,-1.306675e+00,1.208993e-01,-1.636636e+00,1.927835e+00,2.564001e+00,5.197945e-03,0,8.659100e-03
3.364001e-03,1.064028e+00,1.862610e+00,-1.782234e+01,6.436748e+00,1.366695e+00,3.555094e+00,-4.966992e+00,-2.047004e+00,1.150686e+01,2.975041e+00,8.030792e+00,-3.055531e+00,2.478090e-02,0,6.395045e-01,4.352155e-04,-2.504032e-01,7.416670e-01,-3.079650e+00,-2.174943e+00,-2.424367e+00,1.539246e+00,1.315112e+00,-1.928449e+00,-1.540346e+00,-1.523692e+00,1.370052e+00,2.889912e+00,2.568752e-03,0,9.671080e-03
3.815113e-03,8.983706e-01,3.631298e+00,-2.083088e+01,4.115005e+00,-2.667362e+00,6.398497e+00,-2.456857e+00,-5.576524e+00,8.707646e+00,1.921000e+00,9.578142e+00,-1.172012e+00,2.568752e-02,0,6.491467e-01,2.145705e-04,-2.907998e-01,1.046704e+00,-1.409276e+00,-3.102245e+00,-2.175984e+00,1.330703e+00,3.077058e+00,-1.304910e+00,-2.764633e+00,-8.790280e-01,2.438212e-01,3.373847e+00,-6.950740e-04,0,5.518329e-03
3.910227e-03,1.465085e-01,4.901223e+00,-2.075422e+01,-9.027471e-01,-4.036097e+00,7.452684e+00,1.880003e+00,-6.033652e+00,4.677182e+00,1.736941e+00,8.242287e+00,3.606839e+00,2.145663e-02,0,6.548929e-01,-1.370743e-04,-1.747950e-01,9.448754e-01,7.462231e-01,-2.746889e+00,-8.782192e-01,2.359333e-01,3.698164e+00,1.742322e-01,-3.131264e+00,-3.290990e-01,-7.201768e-01,2.937047e+00,-2.689634e-03,0,-3.570187e-03
3.578573e-03,4.347994e-01,5.149752e+00,-1.902076e+01,-3.426217e+00,-3.889716e+00,6.618875e+00,7.163509e+00,-4.540550e+00,1.699941e+00,2.252103e+00,6.539743e+00,7.745421e+00,1.813237e-02,0,6.450346e-01,-4.690425e-04,2.026778e-02,4.469664e-01,2.523148e+00,-1.333934e+00,4.505312e-01,-8.275650e-01,2.839437e+00,1.494758e+00,-2.600275e+00,-3.232135e-01,-6.917282e-01,1.165903e+00,-2.991840e-03,0,-1.162570e-02
2.796900e-03,4.218388e-01,5.827759e+00,-1.499628e+01,-3.527086e+00,-2.413224e+00,4.624571e+00,8.713641e+00,-1.693830e+00,-6.456034e-01,1.163995e+00,5.949108e+00,7.170990e+00,1.511031e-02,0,6.237096e-01,-6.343367e-04,1.557315e-01,1.172713e-01,3.379677e+00,5.574667e-01,1.028703e+00,-1.088854e+00,8.320904e-01,1.461269e+00,-1.605478e+00,-1.334951e-01,2.286879e-01,-1.258413e+00,-1.269266e-03,0,-1.363542e-02
2.026564e-03,8.620443e-01,5.402862e+00,-1.109411e+01,-1.242495e+00,-1.226143e+00,3.674728e+00,8.323511e+00,-2.726471e-01,-1.632335e+00,5.914060e-01,7.266090e+00,2.875427e+00,1.390148e-02,0,6.066099e-01,-5.697472e-04,1.369226e-01,-1.049131e-01,3.148540e+00,1.318215e+00,9.615237e-01,-1.095192e+00,-7.155840e-01,1.087890e+00,-7.977064e-01,9.972198e-02,8.365934e-01,-2.257577e+00,6.950739e-04,0,-6.048298e-03
1.514548e-03,7.115435e-01,5.361024e+00,-7.819160e+00,7.927253e-01,-2.243706e-01,3.480487e+00,5.460454e+00,-8.612594e-01,-1.684070e+00,1.899814e+00,9.022552e+00,-2.502286e-01,1.722575e-02,0,6.059281e-01,-3.610113e-04,1.795246e-01,-1.812557e-01,2.140977e+00,1.269717e+00,2.304965e-01,-8.221849e-01,-9.214178e-01,4.154738e-01,-2.396208e-01,6.546646e-01,9.078420e-01,-1.732750e+00,2.296766e-03,0,3.292036e-03
1.371013e-03,9.745600e-01,4.858553e+00,-6.866621e+00,1.004952e+00,-1.765244e-01,1.714956e+00,5.212183e+00,4.826136e-01,-1.769358e+00,2.382803e+00,9.185987e+00,1.681429e-01,2.055001e-02,0,6.236839e-01,-1.601366e-04,2.123078e-01,1.275682e-03,1.133993e+00,7.418641e-01,-3.906186e-01,-8.631142e-01,-2.198766e-01,3.209468e-01,-1.679502e-01,4.541294e-01,-9.251461e-02,-5.844333e-01,2.478090e-03,0,8.827883e-03
1.319619e-03,1.263204e+00,5.193635e+00,-6.405138e+00,1.697776e+00,-1.785550e+00,1.493533e+00,5.662216e+00,5.908529e-03,-1.775196e+00,3.541620e+00,9.528369e+00,-1.391179e-01,2.326987e-02,0,6.316328e-01,-3.388191e-05,2.500360e-01,2.507595e-01,3.966154e-01,3.811713e-01,-7.083043e-01,-6.616098e-01,5.125813e-01,-1.864661e-01,-2.433254e-01,1.608586e-01,-6.594182e-01,-1.892166e-01,1.722575e-03,0,7.604313e-03
1.323346e-03,1.647753e+00,5.492935e+00,-6.131152e+00,2.014300e+00,-2.398646e+00,3.526337e-01,7.123247e+00,8.985030e-01,-2.426523e+00,2.041150e+00,6.550609e+00,-1.022954e-01,2.326987e-02,0,6.378970e-01,8.309493e-06,9.754751e-02,5.858794e-01,1.086051e-01,2.515014e-01,-8.263365e-01,-2.163391e-01,6.956085e-01,-8.357290e-01,-3.800962e-01,-3.197706e-01,-8.190277e-01,-3.341397e-01,7.857362e-04,0,4.030365e-03
1.368972e-03,1.625127e+00,6.297631e+00,-6.203818e+00,2.193908e+00,-2.654832e+00,8.535993e-01,7.067829e+00,-2.001534e+00,-2.572114e+00,2.874933e+00,7.043150e+00,-1.061093e+00,2.447869e-02,0,6.368431e-01,2.867319e-05,-1.115399e-01,7.619374e-01,-2.349115e-01,8.985138e-02,-7.307810e-01,1.133437e-01,4.555535e-01,-1.061783e+00,-4.837149e-01,-8.549906e-01,-5.051306e-01,-2.969615e-01,9.066187e-04,0,2.415073e-03
1.387884e-03,1.281336e+00,7.235953e+00,-6.424255e+00,2.014393e+00,-3.873566e+00,9.532277e-01,7.987419e+00,-2.692310e+00,-3.271379e+00,1.117293e+00,6.333458e+00,-1.041568e+00,2.387428e-02,0,6.412305e-01,3.034894e-05,-2.430972e-01,7.287835e-01,-4.382802e-01,1.149482e-01,-8.987043e-01,3.494399e-01,1.935171e-01,-8.278621e-01,-6.848767e-01,-1.167881e+00,-1.983563e-01,-1.449783e-01,1.631914e-03,0,2.443409e-03
1.430715e-03,8.887132e-01,8.131813e+00,-7.433144e+00,2.146987e+00,-4.701995e+00,1.759955e+00,7.507898e+00,-3.507600e+00,-3.771342e+00,-2.714051e-01,7.111291e+00,-1.154289e+00,2.750076e-02,0,6.420414e-01,4.192367e-05,-2.233461e-01,2.002042e-01,-6.799210e-01,7.127320e-01,-5.264556e-01,-1.541061e-01,-6.898165e-01,1.721277e-01,-1.492641e-01,-1.961916e+00,-6.712268e-01,2.939200e-01,2.719855e-03,0,2.419078e-03
1.444219e-03,8.004737e-01,8.219762e+00,-7.707890e+00,2.612501e+00,-5.868586e+00,1.646655e+00,7.870798e+00,-2.487775e+00,-5.251293e+00,-2.225085e+00,5.524757e+00,-7.805886e-01,2.991841e-02,0,6.475149e-01,8.571192e-05,-2.928526e-01,-5.463675e-01,-5.086196e-01,1.582549e+00,-4.345629e-01,-1.077132e+00,-1.882336e+00,1.072721e+00,8.755615e-01,-2.470331e+00,-7.334398e-01,7.294555e-01,2.206105e-03,0,-8.622169e-04
1.550423e-03,7.488280e-01,6.806747e+00,-8.961606e+00,5.458514e+00,-4.289600e+00,-2.636453e-01,3.677057e+00,-1.243164e+00,-2.328478e+00,-5.263458e+00,4.091367e+00,2.780173e-01,3.505591e-02,0,6.457964e-01,1.466312e-04,-5.037911e-01,-1.252050e+00,2.162939e-01,2.328901e+00,-1.060511e+00,-1.926757e+00,-2.528172e+00,1.879379e+00,1.780956e+00,-3.024681e+00,-5.222836e-01,1.421206e+00,-5.587936e-10,0,-6.140250e-03
1.756590e-03,-1.129842e-01,5.166648e+00,-8.203122e+00,8.271375e+00,-6.252579e+00,-3.420633e+00,4.911585e-01,1.539074e+00,3.849963e-01,-8.738336e+00,4.176221e+00,1.889556e+00,3.112723e-02,0,6.350420e-01,1.982071e-04,-7.231544e-01,-1.441573e+00,1.320553e+00,2.225808e+00,-2.162861e+00,-1.925837e+00,-2.357604e+00,1.960864e+00,1.669222e+00,-2.684557e+00,5.730526e-01,1.881498e+00,-2.326988e-03,0,-1.108109e-02
2.007686e-03,-1.173513e+00,3.398118e+00,-6.104058e+00,1.096206e+01,-9.812552e+00,-5.340183e+00,-1.443139e+00,3.875870e+00,2.315295e+00,-1.213818e+01,5.174141e+00,4.616669e+00,2.689634e-02,0,6.175766e-01,1.846929e-04,-6.575130e-01,-1.139634e+00,2.420079e+00,1.367330e+00,-2.928477e+00,-1.234471e+00,-1.229760e+00,1.522569e+00,4.830999e-01,-1.491171e+00,1.400062e+00,1.665478e+00,-3.233606e-03,0,-1.190403e-02
2.206623e-03,-1.854128e+00,2.716211e+00,-2.533898e+00,1.098977e+01,-1.392141e+01,-5.444262e+00,-1.357125e+00,4.757027e+00,7.729284e-01,-1.221051e+01,7.848633e+00,6.457576e+00,2.236325e-02,0,6.062193e-01,9.862897e-05,-3.242024e-01,-6.592695e-01,2.602813e+00,6.390467e-01,-1.848300e+00,-7.716272e-01,-5.483062e-01,9.109474e-01,-2.978141e-01,-3.518038e-02,1.334656e+00,1.001434e+00,-1.934119e-03,0,-1.065128e-02
2.248871e-03,-1.668166e+00,2.333796e+00,3.041759e-01,1.093597e+01,-1.509757e+01,-5.424185e+00,-1.547599e+00,4.760706e+00,-1.069444e-01,-1.098323e+01,9.255469e+00,6.321395e+00,2.326987e-02,0,6.006876e-01,-5.202228e-05,3.908391e-02,-1.801795e-01,2.061365e+00,1.026916e-01,1.833591e-01,-9.963427e-01,-2.597801e-01,6.854723e-01,-1.002134e-01,1.200797e+00,2.407282e-01,-1.062648e-01,-1.662133e-03,0,-8.426959e-03
2.129142e-03,-1.486670e+00,2.402462e+00,1.606824e+00,1.147965e+01,-1.285157e+01,-7.236769e+00,-2.198142e+00,5.651394e+00,1.070452e-01,-9.491715e+00,8.808838e+00,6.044363e+00,2.326987e-02,0,5.902300e-01,-2.020607e-04,2.441805e-01,1.263157e-01,1.125866e+00,-8.140421e-02,2.152839e+00,-6.028187e-01,2.556319e-01,4.828386e-01,3.136701e-01,1.742586e+00,-1.418514e+00,-9.410391e-01,-2.387428e-03,0,-5.298984e-03
1.786315e-03,-1.161822e+00,2.654095e+00,2.132405e+00,1.123057e+01,-9.430676e+00,-9.425643e+00,-2.321531e+00,6.856049e+00,2.147169e+00,-7.493591e+00,5.897680e+00,4.291951e+00,1.813237e-02,0,5.834364e-01,-2.958335e-04,1.037864e-01,2.146467e-01,3.632499e-01,-5.242199e-01,3.071829e+00,7.229651e-01,1.043841e+00,-4.113469e-02,-1.772323e-01,2.051838e+00,-2.172498e+00,-1.109021e+00,-3.747355e-03,0,-4.085120e-02
1.427597e-03,-8.863966e-01,3.187640e+00,2.181320e+00,1.043544e+01,-5.990660e+00,-6.457626e+00,3.080002e-01,6.123549e+00,1.214222e+00,-5.242395e+00,2.434958e+00,2.767103e+00,1.299486e-02,0,5.883499e-01,-2.903630e-04,-3.562214e-01,1.686695e-01,2.345734e-01,-8.430764e-01,2.801675e+00,2.724274e+00,2.145209e+00,-7.959958e-01,-1.583270e+00,1.780536e+00,-1.820623e+00,-3.683031e-01,-2.598972e-03,0,-9.585878e-02
1.120476e-03,-1.449370e+00,3.014440e+00,1.833177e+00,8.836970e+00,-3.168877e+00,-2.198930e+00,2.418536e+00,4.318955e+00,-1.546694e+00,-2.848696e+00,1.579922e+00,2.414920e+00,9.670596e-03,0,3.973716e-01,-2.084711e-04,-9.547857e-01,-1.166734e-01,2.247442e-01,-6.385725e-01,1.980529e+00,3.011155e+00,2.034615e+00,-1.073438e+00,-2.566192e+00,1.240038e+00,-3.457904e-01,8.572237e-01,1.178604e-03,0,-1.551254e-01
1.010246e-03,-3.124003e+00,3.065637e+00,2.929305e+00,8.461072e+00,-1.974099e+00,2.771246e+00,6.157867e+00,2.939962e+00,-5.962373e+00,-2.911483e+00,1.864600e+00,5.141364e+00,1.450589e-02,0,2.039686e-01,-7.701807e-05,-1.400659e+00,-7.190880e-01,-4.699563e-02,-3.991066e-01,9.081784e-01,8.381361e-01,1.077601e+00,-2.073070e-01,-1.639909e+00,4.347906e-01,5.234486e-01,1.489022e+00,7.343609e-03,0,-1.127833e-01
9.526350e-04,-4.816947e+00,2.131729e+00,2.882133e+00,9.024896e+00,-1.536313e+00,1.015696e+00,4.926608e+00,3.080651e+00,-7.095491e+00,-2.458857e+00,4.453907e+00,7.390939e+00,2.326987e-02,0,0,3.160937e-05,-1.443338e+00,-1.130455e+00,-7.189998e-01,-3.249502e-01,4.764879e-03,-2.325370e+00,-3.844385e-01,6.387101e-01,2.899878e-01,-3.105500e-01,4.175439e-01,6.561709e-01,1.233001e-02,0,4.925509e-03
1.126427e-03,-6.205904e+00,3.355582e-02,1.421864e+00,8.345949e+00,-2.266049e+00,-3.874259e+00,4.441969e+00,5.706166e+00,-4.210925e+00,-3.263362e+00,3.615209e+00,7.724204e+00,4.291327e-02,0,2.231192e-01,1.000730e-04,-6.976666e-01,-1.395255e+00,-1.734346e+00,-5.225820e-01,-9.185690e-02,-4.280482e+00,-1.691754e+00,7.942422e-01,2.043322e+00,1.668622e-01,-5.202988e-01,-1.119504e+00,1.172560e-02,0,1.201049e-01
1.220432e-03,-7.125108e+00,-1.121793e+00,-1.008101e+00,7.269781e+00,-2.999077e+00,-1.050303e+01,1.354293e+00,6.129404e+00,-9.724793e-01,-4.225506e+00,2.792337e+00,4.404354e+00,5.711696e-02,0,4.124238e-01,1.987225e-04,6.733759e-01,-1.222488e+00,-2.160491e+00,-2.995241e-01,5.950409e-02,-3.644665e+00,-2.420493e+00,-2.904501e-01,2.544920e+00,1.340563e+00,-1.109457e+00,-2.485156e+00,4.533092e-03,0,1.522205e-01
1.376713e-03,-5.458256e+00,-2.283878e+00,-3.797309e+00,6.725719e+00,-1.702001e+00,-1.287180e+01,-5.147433e-01,5.386796e+00,1.192733e+00,-1.193847e+00,9.389015e-02,1.037135e+00,5.621034e-02,0,5.982811e-01,2.871619e-04,2.020799e+00,-1.025529e+00,-2.294555e+00,5.183036e-01,5.431526e-01,-1.855077e+00,-2.702512e+00,-1.726444e+00,2.150975e+00,3.129353e+00,-4.496733e-01,-2.700921e+00,-4.563313e-03,0,8.722799e-02
1.821105e-03,-1.823892e+00,-2.821992e+00,-5.310738e+00,8.337390e+00,-1.520816e+00,-1.270886e+01,-4.697499e+00,1.788085e+00,2.927280e+00,3.209201e+00,6.672800e-01,-1.691308e+00,3.928680e-02,0,5.735213e-01,4.006620e-04,2.325769e+00,-1.102010e+00,-1.969004e+00,1.374683e+00,8.025978e-01,-9.490909e-02,-2.103229e+00,-2.365851e+00,1.733824e+00,3.787416e+00,5.577393e-01,-2.175327e+00,-7.796918e-03,0,3.580231e-02
2.261900e-03,1.247483e+00,-4.243989e+00,-7.899595e+00,1.040366e+01,-2.894165e-01,-1.204673e+01,-6.044693e+00,-7.553956e-01,4.594071e+00,8.666051e+00,2.429371e+00,-2.732568e+00,2.901179e-02,0,5.787104e-01,3.550198e-04,1.475144e+00,-9.821061e-01,-1.403442e+00,1.515698e+00,8.606368e-01,8.792816e-01,-1.078261e+00,-2.342124e+00,8.711597e-01,2.788836e+00,1.686651e+00,-1.393476e+00,-4.563312e-03,0,2.312470e-03
2.781148e-03,1.150866e+00,-5.651789e+00,-8.801976e+00,1.230422e+01,3.076198e-01,-1.139011e+01,-6.396879e+00,-2.628754e+00,5.995974e+00,9.781623e+00,4.413293e+00,-4.587430e+00,3.173164e-02,0,6.012208e-01,2.388244e-04,6.462064e-01,-6.423892e-01,-1.036432e+00,6.043679e-01,7.789539e-01,1.686534e+00,5.485211e-02,-1.683594e+00,-3.509030e-01,1.314142e+00,1.947253e+00,-1.211801e-01,-4.533093e-04,0,9.482712e-03
2.671790e-03,4.300869e-01,-5.779510e+00,-9.068898e+00,1.232079e+01,1.686965e+00,-9.134765e+00,-5.056356e+00,-4.115401e+00,4.014185e+00,9.464120e+00,6.654139e+00,-4.482182e+00,3.717135e-02,0,5.959938e-01,1.464647e-04,5.552541e-01,2.333603e-01,-9.283587e-01,-7.333447e-01,-3.182609e-01,2.176237e+00,7.644040e-01,-9.736387e-01,-1.859419e+00,-3.707669e-01,2.453584e+00,1.563226e+00,-5.439706e-04,0,8.276391e-03
2.810282e-03,1.815838e+00,-5.266177e+00,-9.908244e+00,1.040066e+01,1.385763e+00,-5.732173e+00,-4.917407e+00,-4.949880e+00,1.462708e+00,9.380874e+00,8.291162e+00,-1.422402e+00,3.294047e-02,0,6.122932e-01,1.498780e-04,1.101108e+00,1.127008e+00,-1.410340e+00,-1.796833e+00,-1.664988e+00,1.996113e+00,1.499932e+00,-3.580447e-01,-2.806575e+00,-1.097196e+00,2.869342e+00,2.978921e+00,-2.901179e-03,0,8.308130e-03
2.979657e-03,3.691268e+00,-3.269993e+00,-1.198825e+01,7.688718e+00,-2.419793e+00,-3.994512e+00,-2.962409e+00,-4.463027e+00,-2.436389e+00,7.012591e+00,1.275836e+01,3.501046e+00,2.568752e-02,0,6.145561e-01,2.535182e-04,1.280254e+00,1.580597e+00,-1.638670e+00,-2.245651e+00,-2.906359e+00,1.269236e+00,2.039687e+00,4.359642e-01,-2.876006e+00,-1.437317e+00,3.222080e+00,3.162442e+00,-3.717136e-03,0,1.035811e-02
3.376605e-03,5.025816e+00,-1.271507e+00,-1.439400e+01,5.636095e+00,-5.963940e+00,-3.979670e+00,5.580775e-02,-4.245165e+00,-4.811613e+00,5.521406e+00,1.570789e+01,6.315559e+00,2.296766e-02,0,6.334803e-01,2.544725e-04,8.426133e-01,1.588814e+00,-1.310263e+00,-2.395599e+00,-2.976209e+00,6.592715e-01,2.562953e+00,6.949099e-01,-2.317702e+00,-1.036591e+00,2.918840e+00,2.175047e+00,-1.903899e-03,0,8.241272e-03
3.656220e-03,5.226370e+00,1.261421e-01,-1.501937e+01,3.474822e+00,-9.169979e+00,-3.664838e+00,2.655470e+00,-2.287937e+00,-7.228683e+00,4.207270e+00,1.905617e+01,7.461051e+00,2.357207e-02,0,6.371908e-01,1.675120e-04,3.018611e-01,1.195778e+00,-6.145660e-01,-2.264821e+00,-1.979584e+00,7.868308e-01,2.307604e+00,8.741762e-01,-1.288083e+00,-3.465304e-01,1.631963e+00,6.668388e-01,-3.324270e-04,0,7.204169e-03
3.744363e-03,5.261353e+00,9.798285e-01,-1.494400e+01,5.296175e-01,-1.012019e+01,-2.600653e+00,5.088419e+00,-2.562875e+00,-7.729652e+00,5.600578e+00,1.973646e+01,7.472829e+00,2.447869e-02,0,6.421822e-01,-4.556030e-06,1.674962e-02,6.731547e-01,2.965736e-02,-2.097891e+00,-7.735014e-01,1.212838e+00,1.805297e+00,7.871464e-01,-4.929549e-01,-7.912240e-02,3.448486e-03,-1.189190e-01,4.533093e-04,0,4.164577e-03
3.633338e-03,5.082805e+00,1.583230e+00,-1.478608e+01,-1.082149e+00,-1.023959e+01,-7.498668e-01,6.059304e+00,-9.332905e-01,-7.417786e+00,5.240353e+00,1.890389e+01,6.256605e+00,2.326987e-02,0,6.462260e-01,-1.777692e-04,1.234555e-02,1.623563e-01,1.713467e-01,-1.553053e+00,1.764126e-01,1.464197e+00,1.199205e+00,7.064888e-01,9.187074e-02,-5.114393e-02,-1.696228e+00,-4.005779e-01,5.137505e-04,0,3.156877e-03
3.365265e-03,5.181347e+00,1.365722e+00,-1.436235e+01,-2.574874e+00,-9.296642e+00,6.270358e-01,7.380377e+00,-9.867566e-01,-7.181836e+00,4.609253e+00,1.580128e+01,6.323187e+00,2.538531e-02,0,6.497855e-01,-2.730673e-04,3.907681e-03,-2.054010e-01,2.482862e-01,-1.081126e+00,6.241983e-01,1.244766e+00,2.337568e-01,6.742429e-01,1.692495e-01,-1.522444e-01,-2.540774e+00,-4.077997e-02,3.626473e-04,0,2.134019e-03
2.956922e-03,5.328101e+00,7.449768e-01,-1.445346e+01,-2.738198e+00,-8.699690e+00,2.042302e+00,7.505515e+00,4.564477e-01,-7.043238e+00,4.447213e+00,1.254262e+01,6.032982e+00,2.568752e-02,0,6.491735e-01,-2.769101e-04,-3.279548e-02,-1.481040e-01,4.268378e-01,-8.507608e-01,6.492678e-01,6.812946e-01,-6.231893e-01,4.612255e-01,3.660929e-01,7.745261e-02,-2.450637e+00,2.747408e-01,-1.511032e-04,0,1.880091e-03
2.717234e-03,5.158244e+00,3.719501e-01,-1.386888e+01,-4.047987e+00,-7.769147e+00,2.227093e+00,5.534098e+00,1.134705e-01,-7.070679e+00,5.235926e+00,1.021322e+01,7.380741e+00,2.508311e-02,0,6.513786e-01,-1.995755e-04,-9.653310e-02,3.615671e-01,6.756101e-01,-7.468888e-01,4.418107e-01,-7.410801e-03,-1.087090e+00,2.815022e-01,6.348929e-01,1.630031e-01,-1.439318e+00,4.344007e-01,-1.269266e-03,0,3.314573e-03
2.572803e-03,4.930379e+00,1.339596e+00,-1.289863e+01,-4.599397e+00,-7.756996e+00,1.856577e+00,3.866496e+00,8.227233e-01,-5.642900e+00,5.314279e+00,9.444734e+00,7.101532e+00,2.266546e-02,0,6.548299e-01,-7.668578e-05,-7.196965e-02,7.600264e-01,7.932343e-01,-8.392116e-01,1.005199e-01,-3.135321e-01,-4.108324e-01,-2.817295e-01,7.631085e-01,4.141249e-01,-7.103910e-02,4.811938e-01,-1.903899e-03,0,4.794252e-03
2.559447e-03,4.897542e+00,2.876247e+00,-1.176172e+01,-5.378718e+00,-7.558936e+00,6.828442e-01,3.764434e+00,2.376169e-01,-4.707540e+00,4.990736e+00,1.015363e+01,7.960916e+00,2.055001e-02,0,6.635302e-01,6.033187e-05,4.378238e-02,5.674549e-01,3.041984e-01,-7.251444e-01,-4.010501e-01,-7.885206e-02,9.952195e-01,-7.374433e-01,2.880203e-01,1.080285e+00,1.268881e+00,8.843436e-02,-2.236326e-03,0,3.864342e-03
2.652387e-03,5.098603e+00,3.292960e+00,-1.154087e+01,-6.268890e+00,-8.302197e+00,1.246766e+00,6.336185e+00,-1.014273e+00,-4.409265e+00,6.640433e+00,1.221722e+01,8.148864e+00,1.843457e-02,0,6.670690e-01,2.112366e-04,1.150386e-01,-3.683823e-01,-4.457795e-01,-6.339799e-01,-6.756985e-01,5.903333e-01,2.194598e+00,-1.101245e+00,-1.906289e-01,1.917419e+00,1.760143e+00,-3.092830e-01,-1.722575e-03,0,1.626074e-03
2.979102e-03,5.293044e+00,2.232543e+00,-1.302677e+01,-6.838962e+00,-9.501798e+00,2.137738e+00,9.275352e+00,-2.655247e+00,-6.247395e+00,9.974277e+00,1.517138e+01,7.299246e+00,1.601692e-02,0,6.645808e-01,3.354703e-04,1.227349e-01,-1.336376e+00,-1.161046e+00,-2.312379e-01,-7.234865e-01,1.043193e+00,2.663845e+00,-7.691444e-01,-1.911034e-01,2.312213e+00,1.393028e+00,-9.963972e-01,-5.137501e-04,0,-1.028568e-03
3.419159e-03,5.307822e+00,-1.804632e-01,-1.449500e+01,-7.039175e+00,-1.016406e+01,4.080797e+00,1.208403e+01,-3.237070e+00,-5.826117e+00,1.240961e+01,1.573657e+01,5.885952e+00,1.631913e-02,0,6.624350e-01,4.210911e-04,1.008029e-01,-1.948864e+00,-1.378161e+00,2.368686e-01,-3.648728e-01,1.133308e+00,1.996563e+00,1.829403e-02,2.740747e-01,1.869523e+00,4.849735e-01,-1.387165e+00,1.450590e-03,0,-1.698244e-03
3.853413e-03,5.406607e+00,-2.068920e+00,-1.608988e+01,-6.149765e+00,-1.024544e+01,4.481796e+00,1.420973e+01,-2.496706e+00,-4.954631e+00,1.366721e+01,1.535910e+01,4.110386e+00,1.903898e-02,0,6.607043e-01,4.633314e-04,1.087780e-01,-2.053124e+00,-1.221796e+00,6.203021e-01,7.997837e-02,9.833565e-01,8.614446e-01,9.301310e-01,6.068774e-01,1.142567e+00,-3.348989e-02,-1.189634e+00,3.505591e-03,0,-2.264357e-03
4.320687e-03,5.545836e+00,-4.300627e+00,-1.690012e+01,-5.429146e+00,-9.754741e+00,5.741275e+00,1.385181e+01,-1.002074e+00,-3.685273e+00,1.414158e+01,1.454823e+01,2.807469e+00,2.417649e-02,0,6.605160e-01,4.922154e-04,1.254543e-01,-1.864831e+00,-9.740556e-01,8.236229e-01,4.719311e-01,8.616333e-01,-2.246358e-01,1.428458e+00,2.358890e-01,6.438248e-01,-2.210684e-02,-8.787813e-01,4.261106e-03,0,-1.462781e-03
4.844995e-03,5.717927e+00,-5.972998e+00,-1.793319e+01,-4.542466e+00,-9.306564e+00,6.224282e+00,1.269868e+01,8.779089e-01,-4.283429e+00,1.482113e+01,1.559810e+01,2.890316e+00,2.961620e-02,0,6.542185e-01,3.928149e-04,-4.421701e-02,-1.559263e+00,-6.511240e-01,8.067995e-01,9.462014e-01,1.230997e+00,-7.480892e-01,1.159200e+00,2.537454e-01,2.270882e-01,-4.063500e-01,-6.141262e-01,3.354488e-03,0,-1.271272e-03
5.384445e-03,5.779434e+00,-7.552579e+00,-1.844363e+01,-3.724710e+00,-8.273839e+00,7.517721e+00,1.171637e+01,2.217915e+00,-4.982273e+00,1.505177e+01,1.550653e+01,2.102080e+00,3.233605e-02,0,6.583640e-01,1.618528e-04,-2.392879e-01,-1.053800e+00,-3.996925e-01,7.209301e-01,1.465516e+00,1.423290e+00,-8.368394e-01,5.266529e-01,6.556864e-01,-1.554597e-01,-1.329649e+00,-8.809361e-01,1.299487e-03,0,-1.881766e-03
5.285608e-03,5.068723e+00,-8.239261e+00,-1.857375e+01,-2.967986e+00,-6.254881e+00,9.748559e+00,1.153701e+01,1.689298e+00,-3.037404e+00,1.434756e+01,1.284820e+01,1.392449e+00,3.173164e-02,0,6.554239e-01,-1.641480e-04,-4.690086e-01,-5.508827e-01,-1.667791e-01,6.024925e-01,1.942872e+00,1.904771e+00,-7.113983e-01,-2.283033e-02,1.468189e+00,-8.364399e-01,-2.555908e+00,-1.298913e+00,-3.324270e-04,0,-3.569269e-03
4.909644e-03,4.673998e+00,-8.436494e+00,-1.857830e+01,-2.611736e+00,-3.953001e+00,1.109559e+01,1.024845e+01,1.225496e+00,-1.029854e+00,1.360106e+01,9.274940e+00,-8.482783e-01,2.961620e-02,0,6.505044e-01,-4.196204e-04,-5.297589e-01,5.650511e-02,-9.118233e-02,5.446858e-01,2.140180e+00,1.759604e+00,-5.541471e-01,-1.898600e-01,1.540327e+00,-1.612690e+00,-3.022432e+00,-1.520741e+00,-4.230885e-04,0,-6.933623e-03
4.261655e-03,3.925601e+00,-8.285454e+00,-1.869975e+01,-2.086491e+00,-1.752622e+00,1.395920e+01,9.875655e+00,1.259966e+00,1.081308e+00,1.136428e+01,5.934361e+00,-2.129071e+00,2.931399e-02,0,6.403019e-01,-4.810137e-04,-4.513163e-01,5.511030e-01,-2.462521e-02,3.169014e-01,1.905766e+00,1.243750e+00,-5.105643e-01,-6.960980e-02,8.673658e-01,-1.951506e+00,-2.515418e+00,-1.421251e+00,4.835296e-04,0,-5.544329e-03
3.798320e-03,3.702200e+00,-7.246957e+00,-1.883654e+01,-1.442028e+00,1.759321e-01,1.421042e+01,9.776313e+00,1.483280e+00,6.600050e-01,8.479963e+00,3.851295e+00,-3.740867e+00,3.142944e-02,0,6.312569e-01,-4.042834e-04,-2.658952e-01,8.957534e-01,1.738277e-01,-6.406762e-02,1.139796e+00,6.125267e-01,-7.252739e-01,-2.732113e-01,2.144330e-01,-1.834859e+00,-1.368232e+00,-8.260193e-01,1.118163e-03,0,-2.596253e-03
3.436202e-03,3.298041e+00,-6.078514e+00,-1.856775e+01,-1.968333e+00,1.209483e+00,1.440990e+01,9.220252e+00,1.212357e+00,4.544954e-01,7.150574e+00,2.982928e+00,-4.267509e+00,3.324267e-02,0,6.373261e-01,-1.937454e-04,2.523642e-02,9.402520e-01,2.025932e-01,-6.776053e-01,4.863539e-02,-2.505255e-02,-1.061996e+00,-5.740979e-01,-2.678693e-01,-8.504505e-01,-1.935269e-01,-1.337149e-01,5.439714e-04,0,3.265691e-03
3.300954e-03,3.658303e+00,-5.061197e+00,-1.777516e+01,-2.991153e+00,2.649292e-01,1.393288e+01,6.949781e+00,-1.167552e-01,3.557171e-01,6.533622e+00,3.909499e+00,-3.909156e+00,3.324267e-02,0,6.390111e-01,-3.479146e-05,2.098130e-01,6.841708e-01,1.542900e-01,-1.030913e+00,-7.366555e-01,-3.239613e-02,-1.111565e+00,-6.157078e-01,-4.515477e-01,-2.997249e-01,4.393147e-01,4.426384e-01,-6.346334e-04,0,4.337299e-03
3.541611e-03,4.073732e+00,-4.677074e+00,-1.821747e+01,-4.699955e+00,-1.553943e+00,1.397271e+01,5.978939e+00,-8.105054e-01,-1.058951e-01,8.085198e+00,4.937624e+00,-2.713501e+00,3.112723e-02,0,6.527533e-01,4.585262e-05,2.908278e-01,4.490713e-01,-2.801132e-03,-9.580474e-01,-8.333374e-01,2.202110e-02,-6.164603e-01,5.634759e-02,-1.053119e+00,-3.985076e-02,5.303490e-01,4.395870e-01,-1.480811e-03,0,1.414704e-03
3.571658e-03,4.363420e+00,-4.526824e+00,-1.824023e+01,-5.230783e+00,-2.125632e+00,1.426703e+01,5.839144e+00,-5.838274e-01,-1.317538e+00,6.514027e+00,5.070520e+00,-2.304679e+00,2.931399e-02,0,6.452298e-01,3.832695e-06,2.408292e-01,2.905154e-01,1.960487e-02,-6.303099e-01,-1.995637e-01,4.558258e-02,1.111887e-01,1.069541e+00,-1.467912e+00,1.335894e-01,6.833170e-01,2.570105e-01,-1.480811e-03,0,-3.097320e-03
3.530113e-03,4.399621e+00,-4.100344e+00,-1.834923e+01,-5.638754e+00,-1.761923e+00,1.435293e+01,6.693269e+00,1.727631e+00,-3.974475e+00,6.961118e+00,5.054163e+00,-2.871813e+00,2.780296e-02,0,6.412902e-01,-1.375891e-04,1.896830e-01,5.056003e-01,4.785666e-01,-1.287376e-01,8.522820e-02,-6.990508e-01,2.878264e-01,1.376134e+00,-1.521234e+00,6.150345e-01,1.144714e+00,5.714797e-01,-1.148383e-03,0,-6.217211e-03
3.325866e-03,4.699504e+00,-3.896985e+00,-1.761126e+01,-5.673302e+00,-6.288995e-01,1.397068e+01,7.148560e+00,3.961884e+00,-5.049552e+00,7.763609e+00,7.267815e+00,-2.544948e+00,2.750075e-02,0,6.292560e-01,-2.695573e-04,1.453162e-01,1.049215e+00,1.084520e+00,-8.353138e-03,-2.721193e-02,-1.586146e+00,1.799074e-01,6.478370e-01,-1.180582e+00,1.079487e+00,1.667912e+00,1.166545e+00,-9.972795e-04,0,-4.870045e-03
2.976562e-03,4.854105e+00,-2.463991e+00,-1.613913e+01,-5.122384e+00,-1.876169e+00,1.062563e+01,6.763363e+00,3.797308e+00,-5.846058e+00,1.053558e+01,9.562547e+00,2.640316e-01,2.629193e-02,0,6.296541e-01,-4.065357e-04,1.992598e-02,1.650936e+00,1.770706e+00,2.528844e-01,-4.320670e-01,-2.282122e+00,-2.802880e-01,-7.402703e-01,-6.641334e-01,6.909682e-01,1.390120e+00,1.697905e+00,-1.390148e-03,0,-3.149098e-03
2.500647e-03,4.862759e+00,-9.892344e-02,-1.392268e+01,-5.530735e+00,-2.204569e+00,8.199948e+00,6.703634e+00,1.620519e+00,-6.284656e+00,1.012423e+01,1.115589e+01,1.960125e+00,2.508311e-02,0,6.266976e-01,-4.366157e-04,-1.824057e-01,1.982732e+00,1.927592e+00,4.600856e-01,-3.778544e-01,-1.819631e+00,-6.776252e-01,-2.096978e+00,-4.211283e-01,-2.051599e-01,4.794374e-01,1.412997e+00,-2.478090e-03,0,-1.028848e-03
1.910044e-03,4.417624e+00,2.255306e+00,-1.133998e+01,-4.445616e+00,-3.134423e+00,5.827681e+00,5.514292e+00,-8.030384e-01,-6.677590e+00,9.235648e+00,1.006072e+01,3.365178e+00,2.206104e-02,0,6.268240e-01,-3.745607e-04,-3.438339e-01,1.681075e+00,1.559737e+00,8.611425e-01,1.177583e-01,-9.305712e-01,-1.104677e+00,-2.526405e+00,1.432505e-02,-8.199115e-01,-4.934835e-01,8.240792e-01,-3.263826e-03,0,-6.850242e-04
1.676047e-03,4.005716e+00,3.657025e+00,-1.037287e+01,-3.711258e+00,-1.889044e+00,7.271501e+00,4.384969e+00,-4.222835e+00,-6.739428e+00,7.387775e+00,9.415914e+00,2.969463e+00,1.722575e-02,0,6.255268e-01,-2.412669e-04,-3.699588e-01,1.281723e+00,8.018821e-01,9.441319e-01,3.315119e-01,-1.500018e-01,-1.363082e+00,-2.533833e+00,2.449264e-01,-9.064875e-01,-9.071134e-01,4.532668e-01,-3.112723e-03,0,-8.838951e-04
1.516059e-03,3.563457e+00,4.063411e+00,-1.011534e+01,-1.726410e+00,-1.445139e+00,6.436999e+00,2.399311e+00,-5.913043e+00,-5.547047e+00,7.804250e+00,7.965117e+00,3.879759e+00,1.390148e-02,0,6.268144e-01,-1.095997e-04,-2.418927e-01,9.781003e-01,2.351020e-01,4.736973e-01,1.833335e-01,3.758631e-01,-1.192020e+00,-1.722314e+00,4.381117e-01,-9.896982e-01,-6.732132e-01,2.223822e-01,-1.571472e-03,0,-1.769841e-03
1.491305e-03,3.440048e+00,5.405640e+00,-1.052559e+01,-2.169678e+00,-1.391652e+00,7.145280e+00,1.445715e+00,-8.493644e+00,-5.625296e+00,6.307493e+00,7.668125e+00,3.969169e+00,1.359927e-02,0,6.222829e-01,-4.570425e-05,2.927718e-02,9.072798e-01,6.199036e-02,-3.337577e-01,-2.867788e-01,2.928389e-01,-7.298418e-01,-4.270258e-01,4.200839e-01,-1.153301e+00,-5.129281e-01,1.851316e-01,5.137506e-04,0,-2.882815e-03
1.454416e-03,3.490994e+00,6.271500e+00,-1.008811e+01,-2.847919e+00,-2.466452e+00,7.770107e+00,1.023818e+00,-7.279204e+00,-5.044097e+00,4.827299e+00,7.568552e+00,3.977237e+00,1.601692e-02,0,6.195967e-01,-1.329464e-05,2.235667e-01,7.864720e-01,1.567714e-01,-9.603108e-01,-4.759204e-01,5.359371e-01,-2.126233e-01,6.440451e-01,3.458534e-01,-9.928495e-01,-6.336646e-02,1.237948e-01,1.601693e-03,0,-2.727842e-03
1.478347e-03,4.188333e+00,7.089380e+00,-1.007653e+01,-4.819292e+00,-2.812282e+00,8.069141e+00,1.423506e+00,-5.674883e+00,-4.890483e+00,3.109744e+00,7.049555e+00,3.846382e+00,1.873678e-02,0,6.147216e-01,-1.077121e-06,2.795734e-01,6.482849e-01,3.506097e-01,-1.126893e+00,-4.034822e-01,1.391751e-01,3.396230e-01,1.465306e+00,5.187834e-01,-3.511028e-01,-1.177923e-01,1.186473e-01,1.601693e-03,0,4.288495e-04
1.456065e-03,4.307148e+00,7.153901e+00,-9.556015e+00,-5.203157e+00,-3.114426e+00,8.654754e+00,1.347299e+00,-4.102197e+00,-4.185186e+00,4.438877e+00,7.957569e+00,4.560126e+00,1.934119e-02,0,6.169558e-01,1.416396e-05,9.820876e-02,6.367021e-01,3.240252e-01,-1.072582e+00,-3.016139e-01,-2.483028e-01,9.097568e-01,1.379982e+00,4.879829e-01,2.403820e-01,2.080285e-01,1.782215e-01,8.461773e-04,0,5.575252e-03
1.485095e-03,4.429838e+00,8.205864e+00,-9.038591e+00,-6.626522e+00,-3.085075e+00,7.398832e+00,2.982089e+00,-2.755617e+00,-3.460835e+00,4.746190e+00,6.884655e+00,4.270960e+00,1.994560e-02,0,6.257476e-01,3.512750e-05,-1.268432e-01,7.486991e-01,2.665669e-01,-1.180547e+00,-7.002158e-01,-5.560046e-01,1.421217e+00,1.271635e+00,5.402034e-01,4.220051e-01,3.407383e-01,-8.568926e-02,1.511030e-04,0,1.055222e-02
1.521862e-03,3.861285e+00,8.896769e+00,-8.986960e+00,-7.307217e+00,-3.838125e+00,6.863747e+00,4.793311e+00,-1.838925e+00,-3.319007e+00,5.210986e+00,8.691144e+00,4.656055e+00,1.964340e-02,0,6.419600e-01,7.027087e-05,-1.185741e-01,6.322244e-01,-5.135841e-02,-1.413086e+00,-1.286244e+00,-5.603652e-01,1.604763e+00,1.146375e+00,4.385165e-01,6.813316e-02,1.252408e-01,-6.217837e-03,-1.813238e-04,0,1.114103e-02
1.621086e-03,3.777048e+00,9.961441e+00,-9.028227e+00,-9.669994e+00,-5.951512e+00,6.184622e+00,6.806586e+00,-4.483422e-01,-2.622556e+00,4.833715e+00,8.386459e+00,3.369971e+00,1.934119e-02,0,6.549806e-01,9.440350e-05,-1.553729e-02,2.111569e-01,-2.793326e-01,-1.282946e+00,-1.992379e+00,-2.655775e-01,1.392429e+00,7.662400e-01,5.371774e-01,-4.502044e-02,-3.371744e-01,1.539002e-01,-3.928684e-04,0,6.543905e-03
1.739424e-03,4.040672e+00,9.437234e+00,-9.817989e+00,-1.074685e+01,-8.112429e+00,6.460033e+00,7.458868e+00,4.760423e-01,-2.411742e+00,4.735780e+00,7.832871e+00,4.979531e+00,1.873678e-02,0,6.580445e-01,9.443960e-05,2.119391e-01,-1.439319e-01,-4.533059e-01,-8.314830e-01,-1.978116e+00,-2.186235e-01,9.388989e-01,5.906905e-01,4.848542e-01,-4.890803e-01,-8.315744e-01,2.758394e-01,-5.137511e-04,0,-2.003908e-04
1.848332e-03,4.262458e+00,8.991416e+00,-1.001974e+01,-1.132143e+01,-1.090982e+01,6.272802e+00,8.611455e+00,-8.190068e-02,-1.228580e+00,4.758690e+00,5.627920e+00,4.878723e+00,1.843457e-02,0,6.504249e-01,6.228501e-05,2.491074e-01,-1.161680e-01,-3.751706e-01,-1.755612e-01,-1.394940e+00,-2.069735e-01,5.904678e-01,4.147757e-01,7.398125e-02,-6.281570e-01,-7.309483e-01,8.602390e-02,-5.439712e-04,0,-4.262286e-03
1.880437e-03,4.678276e+00,8.662122e+00,-1.075773e+01,-1.063891e+01,-1.124955e+01,5.726540e+00,8.585370e+00,9.313071e-01,-1.591724e+00,2.803097e+00,5.912542e+00,5.280876e+00,1.752795e-02,0,6.432359e-01,1.055662e-05,2.047178e-01,2.424293e-01,-1.436509e-01,5.486260e-02,-4.293762e-01,-1.542893e-01,3.625240e-01,2.513448e-01,-2.377297e-01,-4.098601e-01,-4.396171e-01,-4.892052e-01,-6.044119e-04,0,-3.671116e-03
1.862004e-03,4.703784e+00,9.768157e+00,-1.043421e+01,-1.060177e+01,-1.135765e+01,5.516501e+00,9.195674e+00,1.397904e+00,-2.662659e+00,2.659272e+00,5.691883e+00,3.649418e+00,1.722575e-02,0,6.410735e-01,-3.334032e-05,8.283810e-02,3.254347e-01,8.241748e-03,6.331043e-02,4.374565e-01,-5.884872e-02,3.504929e-01,4.520779e-02,-5.002397e-01,4.635324e-01,-2.482851e-01,-4.381610e-01,-4.835296e-04,0,7.016361e-04
1.785371e-03,4.843599e+00,1.026101e+01,-1.032901e+01,-1.083237e+01,-1.003539e+01,6.066737e+00,8.979379e+00,9.928640e-01,-2.883352e+00,3.736189e+00,5.602804e+00,3.148158e+00,1.631913e-02,0,6.443646e-01,-4.797858e-05,-1.018622e-01,1.059332e-02,9.886293e-02,-5.411262e-02,4.456682e-01,-6.446648e-02,6.835785e-01,-5.732182e-01,-1.714075e-01,1.606019e+00,-1.971816e-01,-2.064066e-01,-3.626473e-04,0,4.095244e-03
1.729163e-03,4.593987e+00,9.819145e+00,-1.019289e+01,-1.090815e+01,-9.329614e+00,5.808460e+00,1.016691e+01,1.133598e-01,-3.083965e+00,6.609806e+00,4.541363e+00,3.754277e+00,1.662133e-02,0,6.533687e-01,-3.722512e-05,-2.170988e-01,-3.985530e-01,-1.602011e-02,-1.145439e-02,-6.350622e-02,-5.602104e-01,9.777979e-01,-6.450635e-01,2.955846e-01,1.704768e+00,1.155485e-01,3.521275e-01,-3.928678e-04,0,4.118103e-03
1.706964e-03,4.223863e+00,8.689594e+00,-1.038408e+01,-1.075628e+01,-1.003523e+01,5.258228e+00,1.151764e+01,-1.292512e+00,-2.238109e+00,8.857924e+00,5.501894e+00,4.196414e+00,1.601692e-02,0,6.575645e-01,-1.560545e-05,-3.044364e-01,-3.926060e-01,-1.459806e-01,6.016541e-02,-8.497978e-01,-1.056513e+00,1.120092e+00,-1.702039e-01,5.655661e-01,1.098186e+00,3.851932e-01,4.733395e-01,-6.044121e-04,0,6.939828e-04
1.715082e-03,3.928158e+00,8.561100e+00,-1.048678e+01,-1.069709e+01,-1.167527e+01,3.119703e+00,1.281553e+01,-6.847259e-01,-1.507358e+00,8.622243e+00,6.320080e+00,4.885928e+00,1.541251e-02,0,6.550640e-01,2.375885e-06,-2.233957e-01,-5.931950e-03,-2.520511e-01,-1.402919e-01,-1.127905e+00,-7.965178e-01,5.133597e-01,4.191416e-01,6.283442e-01,-4.064579e-02,6.264526e-01,1.137640e-01,-8.763974e-04,0,-3.384346e-03
1.714384e-03,3.654332e+00,8.927003e+00,-1.091197e+01,-1.063708e+01,-1.311156e+01,2.128551e+00,1.325553e+01,5.408873e-01,-8.438247e-01,8.220899e+00,6.639411e+00,4.949030e+00,1.390148e-02,0,6.469868e-01,6.540678e-06,-1.243088e-01,4.030333e-01,-6.886749e-02,-3.558584e-01,-9.411042e-01,9.993210e-02,-2.947532e-01,8.539791e-01,2.747172e-01,-8.941675e-01,3.175807e-01,-2.341098e-01,-6.950742e-04,0,-4.085940e-03
1.737333e-03,3.761774e+00,9.670781e+00,-1.118920e+01,-1.166922e+01,-1.343098e+01,3.390709e+00,1.186477e+01,1.292368e+00,-6.393852e-01,6.725090e+00,7.104867e+00,3.946790e+00,1.329707e-02,0,6.417358e-01,-1.710467e-06,-1.308026e-02,5.300068e-01,2.848083e-01,-3.478780e-01,-5.039173e-01,1.074901e+00,-9.420497e-01,6.034962e-01,1.460751e-01,-1.275069e+00,-3.232343e-01,-5.527719e-01,3.022049e-05,0,-2.158552e-03
1.728542e-03,3.685511e+00,1.014992e+01,-1.037720e+01,-1.204951e+01,-1.386289e+01,5.622386e+00,1.051926e+01,1.988837e+00,-1.298509e+00,5.335663e+00,6.697403e+00,3.495434e+00,1.359927e-02,0,6.437989e-01,-2.385531e-05,-3.513493e-02,3.750975e-01,6.683313e-01,3.445186e-02,-1.604359e-01,1.161686e+00,-8.882397e-01,2.422152e-01,1.592116e-01,-1.496318e+00,-8.866820e-01,-3.371533e-01,1.329707e-03,0,1.143521e-03
1.699451e-03,3.847167e+00,1.059968e+01,-9.330119e+00,-1.173026e+01,-1.381918e+01,6.747293e+00,9.473420e+00,1.608781e+00,-5.496399e-01,3.689514e+00,4.674913e+00,2.848866e+00,1.571472e-02,0,6.458653e-01,-4.771187e-05,-1.378678e-01,9.412889e-02,6.783883e-01,3.347522e-01,1.271807e-01,7.414018e-01,-5.500898e-01,6.758098e-02,1.624324e-01,-1.037159e+00,-1.080992e+00,-1.121501e-01,2.447870e-03,0,3.233910e-03
1.614048e-03,3.435961e+00,1.033804e+01,-8.499856e+00,-1.043430e+01,-1.371963e+01,6.258686e+00,1.001001e+01,1.593757e+00,-9.263945e-02,2.257097e+00,3.420979e+00,3.812225e+00,1.934119e-02,0,6.506397e-01,-4.626993e-05,-2.198617e-01,-2.590570e-01,4.217645e-01,1.733960e-01,3.046069e-01,1.735185e-01,-3.763826e-01,1.924997e-01,5.277426e-02,-3.923120e-01,-6.397368e-01,1.312803e-01,2.750076e-03,0,2.379108e-03
1.556020e-03,3.197210e+00,1.004736e+01,-8.735931e+00,-1.080306e+01,-1.286670e+01,6.779568e+00,9.368945e+00,1.827813e+00,-4.301581e-01,3.078580e+00,3.338119e+00,3.227643e+00,2.266546e-02,0,6.544849e-01,-1.512871e-05,-2.015793e-01,-5.409333e-01,1.081657e-01,-3.403895e-01,1.521807e-01,-1.443206e-01,-2.421131e-01,4.787790e-01,-4.451571e-01,4.751999e-01,-9.713154e-02,4.221957e-01,1.480810e-03,0,-1.240236e-03
1.568908e-03,2.911180e+00,9.130791e+00,-8.565473e+00,-1.164613e+01,-1.281610e+01,6.473841e+00,8.689582e+00,2.841819e+00,-1.094379e+00,3.679570e+00,4.167117e+00,3.962447e+00,2.387428e-02,0,6.513846e-01,2.843627e-05,2.890444e-03,-4.948460e-01,-1.932649e-01,-6.601576e-01,1.525784e-02,-4.350665e-01,1.900075e-01,2.936051e-01,-6.630306e-01,8.752407e-01,8.121741e-02,6.786878e-01,-5.439714e-04,0,-6.136579e-03
1.646377e-03,3.101661e+00,8.498635e+00,-8.756482e+00,-1.282629e+01,-1.351005e+01,5.918113e+00,8.923067e+00,3.378645e+00,-2.274556e+00,5.354277e+00,3.816186e+00,4.884734e+00,2.085222e-02,0,6.392916e-01,5.448791e-05,1.995938e-01,-1.677833e-01,-2.139862e-01,-7.737802e-01,-5.710869e-02,-4.080074e-01,1.022057e+00,-2.683305e-01,-7.811056e-01,6.939747e-01,2.744718e-01,6.792176e-01,-1.964340e-03,0,-7.643521e-03
1.711051e-03,3.498188e+00,8.638178e+00,-9.455905e+00,-1.272347e+01,-1.332167e+01,4.514081e+00,1.118298e+01,2.286367e+00,-2.485593e+00,5.495452e+00,3.588032e+00,6.377119e+00,1.752795e-02,0,6.275535e-01,4.659309e-05,3.034868e-01,2.364812e-01,-2.791479e-01,-5.147386e-01,3.395790e-01,-1.280365e-01,1.316111e+00,-7.172102e-01,-6.100945e-01,2.706969e-01,4.208148e-01,2.520812e-01,-1.873678e-03,0,-3.372288e-03
1.757388e-03,3.901675e+00,9.454754e+00,-9.360646e+00,-1.413329e+01,-1.289946e+01,5.719410e+00,1.323253e+01,7.638863e-01,-3.640079e+00,5.640512e+00,5.000020e+00,5.416395e+00,1.601692e-02,0,6.281829e-01,2.211328e-05,2.197298e-01,3.547931e-01,-1.003680e-01,-1.529186e-01,3.885087e-01,3.288487e-01,8.663751e-01,-5.999335e-01,-3.861512e-01,-2.255141e-01,7.634284e-01,-1.700421e-01,-5.439708e-04,0,4.177147e-03
1.746368e-03,4.028607e+00,9.835137e+00,-9.659130e+00,-1.356632e+01,-1.142350e+01,5.933010e+00,1.311541e+01,5.631470e-01,-3.462090e+00,4.889937e+00,5.679274e+00,4.957022e+00,1.692354e-02,0,6.400775e-01,6.737164e-06,7.267080e-02,1.362950e-01,1.478124e-01,1.328705e-01,-1.179726e-01,3.381577e-01,-5.034542e-02,-8.382558e-02,-1.067918e-01,-6.708588e-02,5.334433e-01,-1.743459e-01,4.230887e-04,0,9.290928e-03
1.739285e-03,3.935100e+00,9.674121e+00,-9.156710e+00,-1.316946e+01,-1.251659e+01,6.852892e+00,1.228873e+01,1.240587e+00,-3.717064e+00,4.529464e+00,6.587708e+00,4.744572e+00,1.843457e-02,0,6.539153e-01,2.130994e-05,1.924973e-02,-1.738358e-03,1.383657e-01,1.877428e-01,-8.212979e-01,-2.295546e-01,-5.413834e-01,3.063892e-01,1.935397e-01,4.030434e-01,-2.338881e-02,-3.122506e-02,4.533090e-04,0,7.089430e-03
1.753789e-03,3.844830e+00,9.209970e+00,-8.818811e+00,-1.254104e+01,-1.410297e+01,5.638128e+00,1.140316e+01,1.628888e+00,-2.981060e+00,5.715547e+00,5.461404e+00,5.841301e+00,1.843457e-02,0,6.611419e-01,5.793185e-05,8.561762e-02,-3.162108e-02,6.137228e-02,-3.876202e-01,-1.111430e+00,-6.092473e-01,-6.066977e-01,4.556635e-01,1.552300e-02,1.194692e+00,-4.117697e-01,-1.045631e-01,-2.115443e-04,0,8.206785e-04
1.860228e-03,4.089813e+00,9.758646e+00,-9.088977e+00,-1.370722e+01,-1.566621e+01,4.719078e+00,1.138174e+01,1.762962e+00,-2.912895e+00,7.242924e+00,4.992011e+00,4.818130e+00,1.752795e-02,0,6.530979e-01,8.102701e-05,1.760062e-01,9.156790e-02,-2.319864e-01,-6.693846e-01,-7.742119e-01,-6.563302e-01,-2.608768e-01,4.466894e-01,-2.625602e-01,1.069411e+00,-1.982798e-01,-4.139200e-01,-8.159563e-04,0,-4.019463e-03
1.975556e-03,4.379339e+00,9.634769e+00,-9.386135e+00,-1.523554e+01,-1.540583e+01,3.953680e+00,1.053541e+01,2.580277e+00,-3.786559e+00,9.506667e+00,4.418273e+00,4.397427e+00,1.631913e-02,0,6.445897e-01,6.167403e-05,1.225884e-01,2.264005e-01,-2.906240e-01,-5.648314e-01,-3.621194e-01,-2.379720e-01,1.238158e-01,7.313272e-01,-2.510032e-01,1.110193e-01,2.177878e-01,-4.211330e-01,-8.763972e-04,0,-3.474450e-03
2.033537e-03,4.547877e+00,9.919560e+00,-1.003298e+01,-1.516913e+01,-1.573622e+01,4.413465e+00,1.141822e+01,2.998340e+00,-4.627115e+00,7.980957e+00,6.117874e+00,3.396909e+00,1.541251e-02,0,6.420941e-01,4.479312e-06,-1.116762e-01,1.564331e-01,-8.573847e-02,1.252623e-01,-1.269236e-01,8.725979e-02,3.695555e-01,1.078774e+00,3.707165e-01,-1.246609e+00,3.526546e-01,6.456757e-02,-5.439705e-04,0,9.649039e-04
1.975504e-03,4.228739e+00,1.026151e+01,-9.799930e+00,-1.463424e+01,-1.587856e+01,4.601075e+00,1.200399e+01,4.667835e+00,-3.378966e+00,5.901627e+00,5.987411e+00,4.446247e+00,1.511031e-02,0,6.492715e-01,-4.942202e-05,-3.571161e-01,3.763447e-02,-3.710709e-02,7.683109e-01,-5.402851e-03,1.554308e-02,3.290002e-01,1.412594e+00,1.202648e+00,-1.962685e+00,1.076946e-02,4.872408e-01,1.208823e-04,0,3.343356e-03
1.882650e-03,3.606732e+00,1.022744e+01,-9.310772e+00,-1.338156e+01,-1.606447e+01,4.831680e+00,1.249522e+01,6.113052e+00,-1.263110e+00,2.812400e+00,5.970715e+00,5.116559e+00,1.541251e-02,0,6.555815e-01,-7.319058e-05,-4.741628e-01,-1.991812e-01,5.550575e-03,6.585331e-01,1.764767e-01,-1.870427e-02,1.239948e-02,9.052828e-01,1.484141e+00,-1.568808e+00,-2.201947e-01,6.478707e-01,6.044121e-04,0,6.408393e-04
1.803889e-03,3.064331e+00,9.669003e+00,-9.932775e+00,-1.228777e+01,-1.526872e+01,3.822289e+00,1.164191e+01,8.085889e+00,5.446797e-01,2.277520e+00,4.545701e+00,5.973806e+00,1.692354e-02,0,6.545628e-01,-6.005550e-05,-3.598277e-01,-2.926594e-01,-2.085464e-01,3.451239e-01,3.965619e-01,-7.928272e-02,-1.892128e-01,-2.375831e-01,8.830369e-01,-7.270537e-01,-2.641901e-01,4.315235e-01,6.950741e-04,0,-5.932206e-03
1.753391e-03,2.759267e+00,9.219911e+00,-9.938805e+00,-1.304970e+01,-1.515876e+01,4.709337e+00,1.166126e+01,5.815727e+00,8.317676e-01,1.948972e+00,5.737756e+00,5.872482e+00,1.752795e-02,0,6.426527e-01,-3.345415e-05,-2.353023e-01,-2.939075e-01,-3.927057e-01,1.694271e-01,8.109584e-01,-2.742074e-01,-6.404381e-02,-1.014089e+00,8.779566e-02,-1.807880e-01,-1.449750e-01,1.368627e-01,4.230885e-04,0,-9.439397e-03
1.739856e-03,2.853333e+00,9.301982e+00,-1.052865e+01,-1.307455e+01,-1.434861e+01,4.265832e+00,1.147492e+01,3.628582e+00,-1.122022e-02,2.698073e+00,4.782940e+00,6.225902e+00,1.752795e-02,0,6.260749e-01,-1.733332e-05,-1.021750e-01,-4.106902e-01,-4.836942e-01,5.216005e-01,1.297399e+00,-2.562040e-01,-3.772240e-02,-6.555941e-01,-3.483155e-01,-2.436755e-01,1.024838e-02,-4.223409e-01,2.719857e-04,0,-6.382042e-03
1.747396e-03,2.535719e+00,8.941412e+00,-1.097637e+01,-1.214103e+01,-1.246973e+01,3.238871e+00,1.225850e+01,3.271263e+00,-5.461813e-01,1.698184e+00,5.127220e+00,5.674824e+00,1.722575e-02,0,6.226285e-01,-1.416242e-05,-9.087987e-02,-6.132129e-01,-5.916378e-01,8.644696e-01,1.717143e+00,-8.133598e-02,-1.139706e-01,7.322610e-01,-6.940477e-02,-5.320237e-01,7.213645e-02,-9.303430e-01,5.741915e-04,0,1.820594e-03
1.720220e-03,2.665230e+00,7.754801e+00,-1.183247e+01,-1.013410e+01,-1.012624e+01,3.276502e+00,1.115468e+01,6.080151e+00,-5.079233e-01,1.184537e+00,4.902211e+00,3.960931e+00,1.843457e-02,0,6.326647e-01,-1.059273e-05,-4.588606e-02,-7.091365e-01,-6.584383e-01,5.095282e-01,1.653622e+00,5.865521e-01,-8.061676e-02,1.437594e+00,3.653881e-01,-4.282397e-01,2.054323e-01,-1.131110e+00,1.057721e-03,0,7.378149e-03
1.692397e-03,2.398920e+00,6.927436e+00,-1.224508e+01,-1.019758e+01,-8.684226e+00,4.797323e+00,1.125152e+01,8.251247e+00,7.330952e-01,4.562113e-02,6.038803e+00,2.353252e+00,1.994560e-02,0,6.484607e-01,2.041048e-05,6.574170e-02,-6.781111e-01,-7.488853e-01,-1.708360e-01,1.031762e+00,1.032972e+00,-5.103836e-02,1.299890e+00,3.213910e-01,2.106235e-01,-3.615065e-02,-7.420501e-01,1.329707e-03,0,5.241144e-03
1.714392e-03,2.692303e+00,6.763287e+00,-1.318648e+01,-1.149864e+01,-7.973251e+00,6.419367e+00,1.157532e+01,8.326558e+00,1.176082e+00,1.383155e+00,5.354310e+00,2.231136e+00,2.145663e-02,0,6.500494e-01,6.549183e-05,1.702600e-01,-5.953108e-01,-8.255422e-01,-4.244438e-01,3.066757e-01,7.837592e-01,3.381933e-01,6.255175e-01,-1.360516e-01,8.210994e-01,-9.677057e-02,-4.115520e-01,1.208824e-03,0,-1.807934e-03
1.852362e-03,2.850891e+00,6.046613e+00,-1.404379e+01,-1.231294e+01,-8.387418e+00,6.832297e+00,1.179299e+01,8.647511e+00,2.187714e-01,2.651992e+00,4.720417e+00,2.829471e+00,2.236325e-02,0,6.401418e-01,9.100471e-05,3.302473e-01,-7.356046e-01,-7.349659e-01,8.023624e-02,-1.179221e-01,2.300746e-01,2.656453e-01,2.966280e-01,-4.173514e-01,8.641509e-01,-2.531532e-01,-2.055558e-01,7.857358e-04,0,-7.309282e-03
1.967697e-03,3.290544e+00,5.218658e+00,-1.506083e+01,-1.119863e+01,-8.741267e+00,6.177811e+00,1.257491e+01,9.009606e+00,-9.310196e-01,3.986848e+00,5.077551e+00,1.665062e+00,2.326987e-02,0,6.277845e-01,7.906235e-05,3.098430e-01,-8.078771e-01,-5.355857e-01,5.892412e-01,1.066867e-01,-1.990081e-01,2.450774e-01,1.280663e-01,-4.578620e-01,2.426880e-01,7.588515e-02,-2.264498e-01,1.813233e-04,0,-5.201757e-03
2.020768e-03,3.751036e+00,4.021728e+00,-1.498274e+01,-9.946399e+00,-8.889829e+00,6.068474e+00,1.207996e+01,9.392863e+00,-3.001112e-01,3.064529e+00,4.911417e+00,1.608511e+00,2.296766e-02,0,6.230468e-01,5.220112e-05,1.669347e-01,-6.529476e-01,-4.337567e-01,4.301620e-01,6.463922e-01,-5.574136e-02,2.796370e-01,-2.264914e-01,-4.743854e-02,-4.895611e-01,1.210217e-02,7.567517e-02,-7.252945e-04,0,6.048679e-04
2.025501e-03,3.791445e+00,3.736345e+00,-1.539493e+01,-9.735705e+00,-7.188612e+00,5.806238e+00,1.265723e+01,8.594213e+00,-8.537868e-01,2.390327e+00,5.638236e+00,1.709367e+00,2.206104e-02,0,6.325881e-01,4.076557e-05,-3.498194e-02,-4.148369e-01,-5.305411e-01,-3.043299e-01,1.241987e+00,4.637175e-01,2.718948e-01,-6.790422e-01,2.284688e-01,-6.765491e-01,-2.479119e-01,4.535295e-01,-1.450589e-03,0,4.245973e-03
2.084466e-03,3.435114e+00,3.523032e+00,-1.604552e+01,-1.089360e+01,-5.931784e+00,6.739377e+00,1.315002e+01,7.722750e+00,-5.703769e-02,1.002447e+00,4.500586e+00,3.185694e+00,1.934119e-02,0,6.407643e-01,6.260558e-05,-1.298241e-01,-3.578894e-01,-8.072768e-01,-7.229500e-01,1.661563e+00,1.081625e+00,-4.427729e-02,-1.016180e+00,3.727428e-01,-1.409693e-01,-2.034352e-01,6.208783e-01,-1.511031e-03,0,1.492542e-03
2.139676e-03,3.273595e+00,3.393822e+00,-1.718214e+01,-1.224668e+01,-4.010352e+00,8.160947e+00,1.339935e+01,6.449452e+00,8.978752e-02,1.635143e+00,4.043407e+00,3.144118e+00,1.783016e-02,0,6.401556e-01,1.099604e-04,1.374641e-02,-6.664737e-01,-1.057409e+00,-5.325941e-01,1.801911e+00,1.616985e+00,-9.364159e-01,-1.119976e+00,4.358234e-01,6.040930e-01,2.896058e-01,1.708071e-01,-3.626471e-04,0,-3.438121e-03
2.276709e-03,3.360841e+00,2.403542e+00,-1.812552e+01,-1.230566e+01,-2.171146e+00,1.029924e+01,1.148751e+01,5.384346e+00,1.091816e+00,2.737274e+00,4.691655e+00,3.995527e+00,1.752795e-02,0,6.267258e-01,1.931192e-04,1.243863e-01,-1.055090e+00,-1.112881e+00,2.223595e-01,1.825994e+00,1.539630e+00,-1.622810e+00,-1.237530e+00,-1.181771e-01,1.687299e+00,6.554173e-01,-6.907384e-01,2.024781e-03,0,-4.446602e-03
2.479181e-03,3.897314e+00,9.637212e-01,-1.964197e+01,-1.169265e+01,-5.937815e-02,1.211123e+01,8.806401e+00,4.163534e+00,7.509035e-01,4.543378e+00,6.990730e+00,2.158486e+00,2.115443e-02,0,6.224168e-01,2.218113e-04,-7.577534e-02,-9.378387e-01,-7.186863e-01,8.881918e-01,1.807848e+00,6.482348e-01,-1.447902e+00,-1.153821e+00,-1.040076e+00,2.652808e+00,-3.189402e-01,-1.196840e+00,3.626474e-03,0,-2.962512e-03
2.880309e-03,3.745186e+00,-5.373669e-01,-2.038001e+01,-1.005882e+01,1.222701e+00,1.246238e+01,7.332443e+00,2.678060e+00,-9.784813e-01,7.984824e+00,6.304011e+00,2.248178e-01,2.780296e-02,0,6.274007e-01,1.216403e-04,-2.812064e-01,-3.515400e-01,1.745171e-01,1.491218e+00,1.542293e+00,-8.713695e-01,-8.954002e-01,-9.784015e-01,-1.474879e+00,3.106969e+00,-1.548689e+00,-1.068558e+00,2.538532e-03,0,-3.244120e-03
2.946932e-03,2.702546e+00,1.750822e-01,-1.964833e+01,-8.929145e+00,3.331966e+00,1.032055e+01,8.237372e+00,2.033492e+00,-4.075447e+00,1.227541e+01,1.642528e+00,-9.547279e-01,3.082502e-02,0,6.250056e-01,-1.029755e-04,-4.467302e-01,4.835719e-01,1.525606e+00,2.240530e+00,8.410082e-01,-2.166570e+00,-1.852235e-01,-7.126972e-01,-1.214892e+00,2.038094e+00,-1.502489e+00,-4.124537e-01,-1.631913e-03,0,-9.765839e-03
2.651035e-03,2.552192e+00,1.040161e+00,-1.724975e+01,-6.231320e+00,3.844645e+00,6.837737e+00,7.295019e+00,1.557360e+00,-3.869405e+00,1.440610e+01,-3.776894e-01,2.093435e-01,2.538531e-02,0,6.092108e-01,-3.251054e-04,-2.651682e-01,1.033325e+00,2.774342e+00,3.028035e+00,-4.372332e-01,-2.938558e+00,1.493378e-01,-6.262507e-01,-3.561442e-01,-9.516849e-02,3.884481e-01,-9.850663e-02,-5.893019e-03,0,-1.322966e-02
2.078941e-03,2.260160e+00,2.592816e+00,-1.357907e+01,-2.403744e+00,2.834691e+00,4.090702e+00,7.898996e+00,1.160397e+00,-3.878095e+00,1.152321e+01,2.819133e+00,1.039551e-01,1.420369e-02,0,5.826825e-01,-3.795190e-04,-8.387170e-02,1.080683e+00,3.251183e+00,3.352545e+00,-1.604658e+00,-2.600157e+00,3.827649e-01,-7.413960e-01,-1.625492e-01,-2.096793e+00,2.250234e+00,-3.517593e-01,-6.648534e-03,0,-8.271569e-03
1.688778e-03,2.640538e+00,3.420389e+00,-9.542929e+00,1.818657e+00,-7.148270e-01,8.845202e-01,8.248321e+00,-1.664658e-02,-2.857878e+00,7.885084e+00,7.657949e+00,-7.970570e-01,6.648534e-03,0,5.824139e-01,-2.955599e-04,-1.053321e-01,1.015870e+00,2.922580e+00,2.672411e+00,-1.748574e+00,-1.625752e+00,4.240220e-01,-6.172873e-01,-8.008602e-01,-2.434701e+00,2.354580e+00,-7.065299e-01,-3.626473e-03,0,3.076136e-03
1.530466e-03,2.239015e+00,4.388383e+00,-7.245829e+00,3.808594e+00,-2.411587e+00,2.963761e-01,9.674546e+00,-8.864849e-01,-5.393956e+00,5.051957e+00,8.875877e+00,-2.210324e+00,6.950740e-03,0,5.970462e-01,-1.391807e-04,-1.468080e-01,7.665143e-01,2.173858e+00,1.510991e+00,-1.260952e+00,-5.970992e-01,2.102645e-01,-2.231468e-01,-6.973765e-01,-1.609727e+00,1.121178e+00,-8.280376e-01,-1.396984e-10,0,1.039411e-02
1.447473e-03,2.036104e+00,5.221726e+00,-5.803471e+00,4.024569e+00,-2.275087e+00,6.061375e-01,8.527354e+00,-5.056355e-01,-7.115776e+00,5.468225e+00,8.366839e+00,-2.166166e+00,1.087942e-02,0,6.174096e-01,-5.434826e-06,-2.334831e-01,6.502695e-01,1.549769e+00,6.499937e-01,-5.336426e-01,-1.365646e-01,1.668833e-01,3.488054e-01,7.322912e-02,-5.212922e-01,9.807205e-03,-9.398182e-01,1.057721e-03,0,6.875134e-03
1.503690e-03,1.828336e+00,5.524719e+00,-4.579509e+00,4.048255e+00,-2.689940e+00,1.244397e+00,8.810802e+00,2.891578e-01,-5.236029e+00,4.683001e+00,8.070577e+00,-3.351678e+00,1.208824e-02,0,6.171553e-01,8.590978e-05,-8.700027e-02,5.733715e-01,1.137612e+00,3.085071e-01,-2.557668e-01,-5.555490e-01,2.385364e-01,7.281163e-01,1.305781e+00,1.141943e-01,-2.635973e-01,-9.631157e-01,-4.533092e-04,0,-3.060937e-04
1.674992e-03,1.678461e+00,6.103569e+00,-3.127245e+00,4.948795e+00,-3.243863e+00,-2.723131e-01,9.514609e+00,1.139559e+00,-2.570696e+00,5.463100e+00,8.109635e+00,-4.925471e+00,9.368389e-03,0,6.067351e-01,1.183679e-04,1.108589e-01,4.735392e-01,5.485845e-01,2.284724e-01,-1.637195e-01,-5.984176e-01,4.424280e-01,7.525616e-01,1.079681e+00,6.926189e-02,-1.892703e-01,-6.622719e-01,-2.115443e-03,0,-5.153334e-03
1.846255e-03,1.982835e+00,6.814320e+00,-2.895882e+00,4.889017e+00,-3.206033e+00,-2.042144e+00,1.037360e+01,1.931499e+00,-1.137590e+00,5.625490e+00,7.686493e+00,-5.646250e+00,5.439710e-03,0,6.008530e-01,5.859842e-05,2.380088e-01,4.531468e-01,3.456431e-02,5.768857e-02,8.614936e-02,5.911715e-02,2.631828e-01,3.200280e-01,-6.465172e-01,-4.307217e-01,-1.461267e-01,4.985380e-01,-1.601692e-03,0,-2.320194e-03
1.868029e-03,2.513149e+00,6.944622e+00,-3.902362e+00,4.746550e+00,-2.835639e+00,-7.426803e-01,9.958095e+00,2.436002e+00,-3.766590e+00,5.343290e+00,7.612530e+00,-4.330240e+00,3.626473e-03,0,5.997941e-01,-4.682246e-05,2.197436e-01,2.771258e-01,-2.109981e-01,-1.405699e-01,2.996583e-02,9.079920e-01,-1.462706e-01,-3.794274e-01,-1.778945e+00,-1.432806e+00,8.557725e-02,1.558379e+00,4.533092e-04,0,3.435296e-03
1.700163e-03,2.601036e+00,7.369926e+00,-4.019129e+00,4.437821e+00,-2.463306e+00,1.775167e+00,9.904973e+00,1.241076e+00,-7.870668e+00,2.589298e+00,7.588496e+00,-1.156604e+00,6.950740e-03,0,6.090248e-01,-9.359585e-05,1.513345e-01,2.409291e-02,-2.280072e-01,1.375546e-01,5.243139e-02,5.401353e-01,-1.041261e+00,-7.257517e-01,-1.400399e+00,-1.865940e+00,5.530281e-02,1.727990e+00,2.175884e-03,0,5.453265e-03
1.513925e-03,2.468079e+00,7.211395e+00,-3.620612e+00,4.471543e+00,-3.465398e+00,2.358992e+00,9.017570e+00,-4.123669e-01,-8.098881e+00,-1.828340e-01,8.586520e+00,6.216013e-01,1.087942e-02,0,6.198257e-01,-1.076228e-05,6.894972e-02,-5.186657e-01,2.315455e-02,1.123571e+00,-6.527181e-01,-1.455443e+00,-1.504160e+00,3.585430e-02,-1.884058e-01,-1.132938e+00,8.318806e-02,1.320390e+00,1.480810e-03,0,-2.800816e-03
1.555328e-03,2.762043e+00,6.801398e+00,-4.176793e+00,5.714293e+00,-2.628996e+00,-8.923032e-01,5.637558e+00,-2.730750e-01,-5.973442e+00,-9.411508e-01,7.476012e+00,5.177803e-01,1.269266e-02,0,6.181036e-01,2.028261e-04,2.799177e-02,-1.514478e+00,2.024973e-01,2.311264e+00,-1.487550e+00,-2.847164e+00,-1.820467e+00,1.118891e+00,4.708822e-01,2.128020e-01,2.897548e-01,7.483782e-01,-1.057721e-03,0,-1.986229e-02
1.886636e-03,2.777395e+00,4.635558e+00,-3.707758e+00,9.726167e+00,-6.016384e+00,-6.686161e+00,4.571002e+00,3.372349e+00,-5.657232e+00,1.443825e+00,8.084712e+00,1.434520e+00,8.159565e-03,0,5.812506e-01,3.553923e-04,-1.192650e-01,-2.300756e+00,5.231107e-01,3.011306e+00,-2.370584e+00,-2.736731e+00,-6.868485e-01,1.790761e+00,-1.221285e-02,1.106156e+00,7.444267e-01,8.216219e-01,-3.142944e-03,0,-3.250061e-02
2.527938e-03,2.586337e+00,1.085455e+00,-2.963070e+00,1.336683e+01,-8.625562e+00,-7.938077e+00,3.025924e+00,4.943174e+00,-6.737081e+00,2.839978e+00,9.288174e+00,2.178828e+00,3.022061e-03,0,5.290008e-01,3.457122e-04,-3.248653e-01,-2.576648e+00,6.611153e-01,2.627833e+00,-2.469338e+00,-1.345834e+00,8.050481e-01,1.443990e+00,-1.740053e-01,7.969343e-01,1.128190e+00,9.570688e-01,-3.052282e-03,0,-3.253561e-02
2.804582e-03,1.959607e+00,-1.434411e+00,-1.611920e+00,1.570180e+01,-1.232004e+01,-7.801775e+00,6.889145e+00,5.933315e+00,-7.778125e+00,3.457381e+00,1.140257e+01,3.899187e+00,0,0,5.018740e-01,1.433369e-04,-3.708896e-01,-1.857747e+00,4.059505e-01,1.591313e+00,-1.421035e+00,-7.477655e-01,1.642113e+00,1.120386e+00,5.933164e-01,-4.646778e-02,6.912651e-02,7.134293e-01,-5.741916e-04,0,-1.653861e-02
2.824916e-03,1.546610e+00,-3.046856e+00,-1.919135e+00,1.586564e+01,-1.182386e+01,-7.063667e+00,8.503727e+00,5.666390e+00,-5.783021e+00,2.036742e+00,1.145803e+01,4.070791e+00,1.511030e-03,0,4.951138e-01,-6.811856e-05,-2.739370e-01,-7.966986e-01,-1.206413e-01,8.330171e-01,-3.042547e-01,-1.468526e+00,1.186736e+00,1.436108e+00,1.875279e+00,-4.303161e-01,-1.577120e+00,5.396962e-02,2.115443e-03,0,1.581591e-03
2.454831e-03,1.442810e+00,-2.587024e+00,-2.199972e+00,1.643332e+01,-1.152241e+01,-1.086219e+01,1.004266e+01,8.612674e+00,-3.167680e+00,1.613104e+00,7.345415e+00,4.055685e+00,6.044122e-03,0,5.155011e-01,-1.248253e-04,-6.900616e-02,3.595354e-02,-7.565912e-01,2.189242e-01,8.249175e-01,-2.029922e+00,-6.331188e-01,1.493001e+00,3.054176e+00,1.216960e-01,-3.000303e+00,-1.094118e+00,3.082502e-03,0,1.044885e-02
2.362221e-03,1.475050e+00,-2.321731e+00,-3.272250e+00,1.716615e+01,-1.054565e+01,-1.375050e+01,7.382845e+00,1.078404e+01,3.340893e-01,1.610537e+00,3.431152e+00,2.370427e+00,1.057721e-02,0,5.300952e-01,-7.035558e-05,5.200694e-02,5.509001e-01,-1.400081e+00,-2.800438e-01,1.165099e+00,-1.235147e+00,-1.800103e+00,5.891851e-01,3.329670e+00,1.351397e+00,-2.818664e+00,-1.921308e+00,1.692354e-03,0,1.079538e-02
2.411803e-03,1.650356e+00,-1.617206e+00,-4.718318e+00,1.614617e+01,-8.834555e+00,-1.460797e+01,4.283992e+00,1.083950e+01,4.434197e+00,4.278965e+00,4.144974e-01,-7.212188e-01,1.087942e-02,0,5.366275e-01,2.229160e-05,1.847208e-01,6.074327e-01,-2.042152e+00,-1.468347e+00,1.644883e+00,1.168613e+00,-1.873728e+00,-1.773036e+00,2.701656e+00,2.414773e+00,-1.082876e+00,-2.438275e+00,-5.439710e-04,0,5.946434e-03
2.494652e-03,1.702872e+00,-7.772646e-01,-7.660368e+00,1.460900e+01,-7.342291e+00,-1.136651e+01,2.382545e+00,7.498904e+00,7.064390e+00,7.460795e+00,8.301744e-01,-3.147298e+00,7.555153e-03,0,5.385275e-01,1.444388e-06,3.848030e-01,6.687573e-01,-2.432369e+00,-2.728486e+00,1.722647e+00,3.513214e+00,-4.536547e-01,-3.608512e+00,9.305326e-01,2.482265e+00,9.447508e-01,-1.810192e+00,-1.631913e-03,0,7.369476e-03
2.500074e-03,2.252503e+00,-3.220935e-01,-1.021667e+01,1.037016e+01,-4.899673e+00,-6.211118e+00,3.174173e+00,1.390058e+00,6.975451e+00,1.076184e+01,3.231523e+00,-5.376830e+00,4.835298e-03,0,5.410171e-01,-7.366978e-05,5.249828e-01,5.941005e-01,-2.233280e+00,-3.538137e+00,1.542987e+00,4.575618e+00,1.246269e+00,-3.627459e+00,-1.063061e+00,1.357166e+00,2.352724e+00,-2.387689e-01,-3.928680e-04,0,1.101109e-02
2.325307e-03,3.097991e+00,3.744991e-01,-1.268492e+01,6.411726e+00,-3.899855e+00,-3.828524e-01,5.669481e+00,-2.533807e+00,3.716126e+00,1.078042e+01,6.746393e+00,-4.352730e+00,5.439710e-03,0,5.647478e-01,-1.431089e-04,5.162698e-01,4.259374e-01,-1.688462e+00,-3.458558e+00,1.218489e+00,3.905418e+00,2.214178e+00,-1.419214e+00,-2.184336e+00,-2.489340e-01,2.392663e+00,1.589675e+00,2.508311e-03,0,1.515569e-02
2.128126e-03,3.577710e+00,7.774149e-01,-1.337244e+01,2.554120e+00,-2.840837e+00,2.778286e+00,8.871869e+00,-2.281441e+00,7.930235e-01,9.404980e+00,9.220010e+00,-1.312347e+00,9.972801e-03,0,5.785728e-01,-1.469853e-04,3.467150e-01,2.294521e-01,-1.181140e+00,-2.571543e+00,9.108205e-01,2.275015e+00,1.918632e+00,1.388564e+00,-2.056877e+00,-1.261875e+00,1.358816e+00,2.720443e+00,5.318827e-03,0,1.686186e-02
1.965081e-03,3.621618e+00,8.026683e-01,-1.452479e+01,1.224235e+00,-2.279262e+00,3.665873e+00,1.060459e+01,2.238581e+00,-7.660784e-01,6.894556e+00,9.799245e+00,2.768836e+00,1.752795e-02,0,5.955281e-01,-6.888935e-05,2.319050e-01,-3.779042e-03,-8.427402e-01,-1.867080e+00,8.140060e-01,8.417321e-01,1.146727e+00,2.764055e+00,-1.087156e+00,-1.258120e+00,2.868488e-01,2.364812e+00,5.893019e-03,0,1.409589e-02
1.945260e-03,3.724265e+00,6.110823e-01,-1.520243e+01,1.061950e-01,-1.155867e+00,3.139595e+00,1.029978e+01,5.946683e+00,-1.067831e+00,6.395401e+00,8.499178e+00,4.664601e+00,2.538531e-02,0,6.099363e-01,3.400955e-05,2.628105e-01,-9.471108e-02,-5.522628e-01,-1.418933e+00,4.651738e-01,5.226976e-01,7.326192e-01,2.253589e+00,-4.361283e-01,-8.122782e-01,-3.694183e-01,1.129813e+00,3.989120e-03,0,1.080087e-02
2.072294e-03,4.184239e+00,4.387702e-01,-1.598362e+01,-1.699712e+00,-6.723099e-01,3.645154e+00,1.068916e+01,7.172404e+00,-7.892268e-01,5.994611e+00,8.541053e+00,4.482856e+00,2.719855e-02,0,6.195455e-01,1.251257e-04,3.181852e-01,-2.355898e-02,-4.936161e-02,-1.446999e+00,-1.039997e-01,1.151059e+00,9.410390e-01,3.088062e-01,-2.738519e-01,-4.457862e-01,-3.998259e-01,1.813960e-02,9.972798e-04,0,3.634489e-03
2.244568e-03,4.610452e+00,4.858085e-01,-1.540434e+01,-3.078573e+00,-1.318444e+00,5.402134e+00,1.249268e+01,6.519592e+00,-1.376044e+00,5.793561e+00,8.002014e+00,3.479706e+00,2.508311e-02,0,6.205685e-01,1.528678e-04,2.567060e-01,-7.619534e-02,1.464239e-01,-9.859854e-01,-4.776434e-01,1.830465e+00,1.408722e+00,-1.204855e+00,-6.558477e-01,-4.439202e-01,-4.228572e-01,-2.281996e-01,-1.118163e-03,0,-2.024889e-04
2.441056e-03,4.769450e+00,7.475103e-01,-1.467065e+01,-4.418377e+00,-2.717971e+00,8.289897e+00,1.421333e+01,3.496157e+00,-1.981232e+00,4.966545e+00,8.048697e+00,3.451981e+00,2.266546e-02,0,6.083844e-01,1.029421e-04,4.054012e-02,-1.247536e-01,1.086715e-01,-2.406136e-01,-2.282770e-01,1.892873e+00,1.169430e+00,-1.792362e+00,-9.161750e-01,-1.259718e-01,-4.704023e-01,2.215314e-02,-1.329707e-03,0,-6.868124e-04
2.525218e-03,4.715189e+00,7.573553e-02,-1.512680e+01,-3.464399e+00,-2.521253e+00,9.969548e+00,1.558130e+01,1.760531e+00,-3.751067e+00,4.689833e+00,6.631070e+00,4.039040e+00,2.206104e-02,0,6.145044e-01,4.403247e-06,-1.987350e-01,-2.386232e-01,-2.402995e-01,3.883976e-01,4.753520e-01,1.423573e+00,3.170958e-01,-1.218706e+00,-5.854090e-01,4.714298e-01,-4.841863e-01,-6.439376e-03,-9.066181e-04,0,2.454347e-03
2.446679e-03,4.334571e+00,2.003870e-02,-1.557904e+01,-2.709867e+00,-1.212290e+00,1.082581e+01,1.499200e+01,5.901250e-01,-4.182590e+00,5.916616e+00,6.874514e+00,4.313955e+00,2.206104e-02,0,6.191435e-01,-5.102665e-05,-2.923996e-01,-2.524236e-01,-3.086799e-01,3.753603e-01,9.870099e-01,1.034673e+00,-7.438366e-01,-7.416885e-01,4.147146e-02,1.221333e+00,-6.013570e-01,-7.111939e-01,-2.417644e-04,0,2.129686e-03
2.263773e-03,3.834216e+00,-3.435717e-01,-1.615165e+01,-1.990840e+00,3.054753e-01,1.125204e+01,1.368882e+01,1.879079e+00,-3.202410e+00,7.675674e+00,6.168175e+00,3.016522e+00,2.085222e-02,0,6.274607e-01,-4.646203e-05,-2.830856e-01,-2.314274e-01,-1.202179e-01,-4.176783e-01,7.551274e-01,8.900132e-01,-1.414807e+00,-9.261993e-01,7.926256e-01,1.541348e+00,-6.641405e-01,-1.488761e+00,1.208825e-03,0,-1.798576e-03
2.316645e-03,3.747938e+00,-3.049544e-01,-1.570162e+01,-3.278355e+00,8.037141e-01,1.282201e+01,1.144039e+01,-2.715592e-01,-2.048203e+00,9.580291e+00,5.273360e+00,4.072713e-01,2.206104e-02,0,6.125547e-01,2.156515e-05,-1.777023e-01,-5.286602e-01,-1.879117e-01,-7.885162e-01,5.107265e-01,5.849518e-01,-1.215802e+00,-1.096156e+00,1.165398e+00,1.213440e+00,-7.225034e-01,-1.950712e+00,2.840738e-03,0,-4.960591e-03
2.357925e-03,3.593078e+00,-9.189051e-01,-1.566660e+01,-5.268547e+00,2.463814e-01,1.342151e+01,1.028307e+01,-2.439624e+00,-8.551325e-01,1.056474e+01,4.110944e+00,-1.451423e+00,2.810517e-02,0,6.088059e-01,5.138370e-05,-9.064746e-02,-8.144788e-01,-3.950782e-01,-4.110207e-01,3.596515e-01,4.000921e-01,-6.832651e-01,-7.049395e-01,1.302668e+00,9.571947e-01,-3.377469e-01,-1.742344e+00,4.502871e-03,0,-2.986288e-03
2.507428e-03,3.566629e+00,-2.335596e+00,-1.676112e+01,-5.013595e+00,1.370889e+00,1.266584e+01,1.061586e+01,-2.731303e+00,4.707638e-01,1.053929e+01,4.290612e+00,-3.205632e+00,3.263826e-02,0,6.036679e-01,-4.828465e-06,-1.386042e-01,-9.662275e-01,-6.518565e-01,7.357477e-01,4.290925e-01,1.336367e-01,-1.619507e-01,3.965450e-01,1.251210e+00,7.986498e-01,-9.678908e-02,-1.156085e+00,3.414930e-03,0,-1.280147e-03
2.425299e-03,3.471634e+00,-3.400645e+00,-1.759729e+01,-3.178324e+00,1.820145e+00,1.333059e+01,1.068476e+01,-4.157457e-01,2.051448e+00,1.198215e+01,4.970814e+00,-3.888743e+00,3.807797e-02,0,6.169726e-01,-9.630863e-05,-1.319838e-01,-6.670023e-01,-2.702444e-01,1.731823e+00,5.502826e-01,-8.663397e-02,-1.920532e-01,9.879278e-01,8.877349e-01,5.621284e-01,-1.565004e-01,-7.640229e-01,9.972800e-04,0,-4.082382e-03
2.258816e-03,3.115639e+00,-3.895222e+00,-1.799556e+01,-6.447282e-01,2.162295e+00,1.353566e+01,1.042979e+01,6.992270e-01,2.754558e+00,1.286483e+01,4.359479e+00,-4.154496e+00,3.414929e-02,0,6.020706e-01,-1.951777e-04,-2.854299e-01,-3.972769e-01,4.045044e-01,1.868151e+00,2.122526e-01,-8.535753e-01,-3.788096e-01,1.000717e+00,1.047335e+00,5.840296e-01,-4.476926e-01,-2.606637e-01,-1.359928e-03,0,-1.027707e-02
2.000688e-03,3.158653e+00,-3.474103e+00,-1.640060e+01,1.206134e+00,2.602092e+00,1.255343e+01,9.415844e+00,7.847500e-01,2.441645e+00,1.221261e+01,3.294008e+00,-4.797106e+00,3.233605e-02,0,5.891926e-01,-2.103717e-04,-3.789650e-01,-2.930063e-01,9.826995e-01,1.660938e+00,1.649445e-01,-1.970448e+00,-5.892574e-01,6.896513e-01,1.109982e+00,9.516964e-02,-8.930982e-01,-4.907927e-01,-2.236326e-03,0,-1.514400e-02
1.743846e-03,2.295970e+00,-4.285251e+00,-1.533694e+01,2.134933e+00,2.041179e+00,8.786538e+00,9.356274e+00,1.672032e+00,5.512340e+00,1.334421e+01,2.890552e+00,-4.054769e+00,2.870958e-02,0,5.661725e-01,-1.745140e-04,-5.378076e-01,-5.668470e-01,1.086006e+00,1.367324e+00,1.231860e-01,-2.427822e+00,-6.202332e-01,9.102182e-01,1.228933e+00,2.319467e-01,-1.262692e+00,-9.723765e-01,-1.722576e-03,0,-8.401638e-03
1.630926e-03,1.986644e+00,-4.670662e+00,-1.401310e+01,3.736534e+00,2.705426e+00,5.852911e+00,8.275234e+00,2.546108e+00,6.222469e+00,1.221831e+01,1.239787e+00,-6.392570e+00,2.961620e-02,0,5.592017e-01,-1.037000e-04,-5.153225e-01,-6.897514e-01,8.504036e-01,1.499672e+00,3.689020e-01,-2.725255e+00,-8.529995e-01,1.581570e+00,5.428075e-01,-5.112952e-01,-1.487822e+00,-1.072290e+00,-1.450589e-03,0,-3.690433e-03
1.571127e-03,1.012606e+00,-6.131177e+00,-1.375928e+01,4.926692e+00,2.726558e+00,4.746809e+00,7.898930e+00,4.369639e+00,7.008812e+00,1.402171e+01,-9.268679e-01,-8.218646e+00,2.689634e-02,0,5.750579e-01,-6.261123e-05,-4.185289e-01,-3.940385e-01,8.982273e-01,1.599406e+00,6.631269e-01,-2.740188e+00,-1.759922e+00,2.267027e+00,-5.660453e-01,-1.609647e+00,-5.979453e-01,4.064548e-01,-1.329707e-03,0,-2.786595e-03
1.568548e-03,1.223723e+00,-5.999897e+00,-1.293741e+01,7.308616e+00,4.103912e+00,9.470232e-01,5.879518e+00,7.343794e+00,4.407446e+00,9.317376e+00,-2.236390e+00,-8.076619e+00,2.598973e-02,0,5.662978e-01,-7.472777e-05,-3.950408e-01,3.705200e-01,1.263135e+00,1.191321e+00,4.513723e-01,-2.806759e+00,-2.556499e+00,2.462701e+00,-6.674303e-01,-2.738988e+00,6.409665e-01,3.018517e+00,-1.208825e-03,0,-9.911877e-03
1.461979e-03,5.847861e-01,-5.590826e+00,-1.138365e+01,8.345924e+00,4.657570e+00,-2.461459e+00,1.754521e+00,1.060833e+01,3.589625e+00,6.746437e+00,1.638913e+00,-1.180470e+00,2.387428e-02,0,5.486915e-01,-1.166272e-04,-3.652401e-01,1.593243e+00,1.896310e+00,1.370725e-01,1.535124e-01,-1.642426e+00,-2.823544e+00,1.315160e+00,-6.876777e-01,-3.439693e+00,1.304265e+00,4.238706e+00,-1.480811e-03,0,-1.169771e-02
1.311861e-03,2.253495e-01,-3.088238e+00,-8.885242e+00,7.983522e+00,3.996781e+00,-4.576751e+00,-1.435058e+00,1.174027e+01,4.594911e+00,2.161007e+00,3.161729e+00,5.180929e+00,2.508310e-02,0,5.228255e-01,-1.360027e-04,-4.428929e-01,2.474575e+00,2.077058e+00,-9.983128e-01,-1.793691e-01,7.929036e-01,-1.547742e+00,4.246702e-02,1.367824e-02,-2.395836e+00,5.775708e-01,3.021546e+00,-2.750076e-03,0,-1.700187e-03
1.116334e-03,-3.144078e-01,3.792078e-01,-6.303814e+00,5.274601e+00,3.547685e+00,-7.034369e-01,-2.561499e+00,8.747201e+00,3.476691e+00,4.014347e-01,2.895396e+00,6.346107e+00,1.994560e-02,0,5.383055e-01,-1.116178e-04,-3.905833e-01,2.813053e+00,1.554863e+00,-1.582997e+00,-1.781826e-02,2.614068e+00,1.147458e-01,-1.227282e+00,-2.563380e-01,-1.007308e+00,-5.367826e-01,6.008909e-01,-3.989120e-03,0,2.821767e-03
1.061357e-03,-5.411453e-01,3.387959e+00,-5.092039e+00,3.852714e+00,3.762009e+00,4.032530e+00,2.988160e-01,8.486691e+00,4.532304e+00,5.106960e-01,2.322274e-02,3.267821e+00,1.420369e-02,0,5.629898e-01,-7.235826e-05,-4.948677e-01,2.242074e+00,6.099854e-01,-1.203717e+00,5.010332e-01,2.928782e+00,1.107460e+00,-1.649260e+00,-2.207053e-01,6.575875e-01,-1.024295e+00,-9.270574e-01,-4.563312e-03,0,-3.451622e-02
1.029142e-03,-9.848832e-01,5.236339e+00,-5.505935e+00,2.496343e+00,4.685865e+00,6.304240e+00,1.461313e+00,6.098705e+00,2.339239e+00,2.535055e+00,5.242529e-01,2.780538e+00,9.368389e-03,0,5.427182e-01,-3.882964e-05,-5.364567e-01,1.298526e+00,-7.234983e-02,-3.553949e-01,9.517433e-01,1.947422e+00,1.262388e+00,-1.833000e+00,-3.353317e-01,8.069478e-01,-1.028027e+00,-7.794639e-01,-2.478090e-03,0,-9.761204e-02
9.936659e-04,-1.913751e+00,5.693563e+00,-6.234255e+00,3.354065e+00,5.932858e+00,6.563319e+00,2.090836e+00,4.818222e+00,4.060111e+00,4.382135e+00,-7.741769e-01,2.328427e+00,7.555153e-03,0,3.480381e-01,-3.499711e-05,-5.751955e-01,4.477218e-01,-2.534057e-01,1.559946e-01,1.104804e+00,1.281954e+00,7.294291e-01,-1.657322e+00,-2.625837e-01,4.271345e-01,-5.128981e-01,-1.964071e-01,6.950739e-04,0,-1.510977e-01
9.560310e-04,-2.310388e+00,5.719037e+00,-6.094455e+00,3.746951e+00,7.220978e+00,7.768278e+00,2.854432e+00,1.416437e+00,2.036129e+00,2.500454e+00,-1.846040e+00,2.918485e+00,1.087942e-02,0,1.577212e-01,-2.715511e-05,-4.014302e-01,7.315321e-02,1.218323e-01,3.684074e-01,8.970871e-01,1.040502e+00,4.989564e-01,-6.808325e-01,-2.634099e-02,-2.299989e-01,9.656288e-02,-2.427482e-01,3.414929e-03,0,-1.433474e-01
9.229264e-04,-2.754370e+00,5.385220e+00,-6.064807e+00,4.007383e+00,8.018476e+00,9.710281e+00,3.249402e+00,2.541218e+00,3.370940e+00,2.663669e+00,-1.356121e+00,2.216812e+00,1.692354e-02,0,0,-1.540597e-05,-1.712481e-01,1.624277e-01,6.636208e-01,1.577881e-01,2.921404e-01,4.860887e-01,-5.830753e-02,4.844753e-01,-1.511259e-01,-2.259200e-01,7.524002e-01,-4.133407e-01,4.472650e-03,0,-8.537973e-02
9.287359e-04,-2.571725e+00,5.756277e+00,-4.981497e+00,4.011721e+00,8.128491e+00,9.933270e+00,3.376812e+00,3.833044e+00,2.552119e+00,2.244293e+00,1.298039e+00,1.622604e+00,2.175884e-02,0,0,-2.998370e-06,1.927814e-02,6.185207e-01,1.335936e+00,8.021965e-02,-3.328505e-01,-4.359598e-01,-6.754122e-01,1.056572e+00,1.931174e-01,-2.396965e-02,5.326928e-01,-7.302736e-01,3.052282e-03,0,-3.154424e-02
9.302836e-04,-2.639323e+00,6.487082e+00,-3.472630e+00,4.010621e+00,6.939803e+00,7.911266e+00,1.538108e+00,6.032295e+00,3.046486e+00,3.380615e+00,1.415784e+00,9.096639e-01,2.447869e-02,0,0,8.510629e-06,2.404623e-01,1.037362e+00,1.625259e+00,-1.122098e-01,-7.808026e-01,-9.927934e-01,-8.000709e-01,5.430098e-01,-8.990650e-02,-3.277274e-01,-4.731217e-01,-6.092891e-01,2.417654e-04,0,3.653903e-02
9.373606e-04,-2.271521e+00,8.260709e+00,-7.108632e-01,4.146430e+00,6.096062e+00,6.487986e+00,3.330179e-01,4.953759e+00,3.163944e+00,2.022133e+00,-5.685288e-01,-7.930925e-02,2.236325e-02,0,0,2.044124e-05,3.621762e-01,9.213825e-01,1.285127e+00,-2.161743e-01,-9.873857e-01,-7.701625e-01,-8.780872e-03,-3.619604e-02,-1.918912e-03,-4.663974e-01,-1.326974e+00,-4.837875e-01,-2.780296e-03,0,9.556791e-02
9.611672e-04,-1.702161e+00,9.319814e+00,-7.382981e-02,3.378979e+00,5.130677e+00,6.468956e+00,7.709451e-01,4.695909e+00,2.615496e+00,1.136112e+00,-2.788446e+00,2.132380e-02,1.783016e-02,0,1.826952e-01,3.099269e-05,3.789696e-01,5.684599e-01,5.074990e-01,-7.877944e-02,-7.623277e-01,-1.054465e-01,1.370753e+00,-5.234448e-01,-7.460709e-02,-4.421028e-01,-1.174823e+00,-4.529838e-01,-4.805077e-03,0,1.571940e-01
1.015500e-03,-1.229425e+00,8.946823e+00,-2.552612e-01,3.246670e+00,4.096125e+00,6.803612e+00,3.716490e+00,4.320257e+00,2.758020e+00,1.034558e+00,-3.234714e+00,-3.521629e-01,1.118163e-02,0,3.864920e-01,3.272896e-05,7.538401e-02,2.180858e-01,-5.803296e-02,4.105271e-01,-3.916183e-01,3.248535e-01,1.648925e+00,-3.628689e-01,2.167851e-01,2.438656e-01,-5.673671e-01,-1.474039e-01,-4.623754e-03,0,1.593670e-01
1.046177e-03,-1.265523e+00,8.986324e+00,-1.162935e+00,4.066604e+00,4.128132e+00,7.226221e+00,6.700137e+00,3.731822e+00,2.876413e+00,1.663889e+00,-3.125240e+00,-1.218828e+00,6.044122e-03,0,5.927238e-01,1.707681e-05,-3.763171e-01,-4.389734e-01,-3.091725e-01,1.449150e+00,1.607640e-01,7.644568e-02,9.992515e-01,7.980180e-03,2.479051e-01,7.172698e-01,6.042012e-01,7.294099e-02,-2.175884e-03,0,6.159864e-02
1.058500e-03,-2.112920e+00,9.517882e+00,-4.564751e-01,5.855254e+00,4.639243e+00,7.733621e+00,5.613045e+00,3.621458e+00,4.117411e+00,2.977572e+00,-3.236967e+00,-1.962527e-01,5.137504e-03,0,5.918207e-01,1.712624e-05,-9.004752e-01,-1.440005e+00,-5.923029e-01,2.409472e+00,2.876681e-01,-1.241960e+00,4.430923e-01,4.390942e-01,-4.072705e-01,6.655031e-01,1.346506e+00,3.091745e-01,3.475370e-03,0,-3.216374e-02
1.025051e-03,-3.141999e+00,6.839417e+00,-1.519085e+00,9.320437e+00,5.662939e+00,6.386179e+00,4.818925e+00,5.085209e+00,3.175326e+00,3.750954e+00,2.336871e-01,3.080737e-01,9.972801e-03,0,3.880239e-01,7.561569e-05,-1.790941e+00,-2.886354e+00,-8.140821e-01,3.055643e+00,-4.487948e-01,-3.207542e+00,1.607075e+00,8.095457e-01,-1.122951e+00,5.777514e-01,2.151219e+00,2.263537e-01,1.266243e-02,0,-7.259140e-02
1.111694e-03,-4.793563e+00,2.820251e+00,-3.038701e+00,1.266711e+01,4.767063e+00,1.013832e+00,6.872557e+00,5.839035e+00,5.722106e-01,3.318541e+00,1.818352e+00,4.302590e-01,2.659414e-02,0,3.280232e-01,2.485643e-04,-2.883762e+00,-3.616529e+00,-8.917168e-01,3.137544e+00,-1.966166e+00,-4.940636e+00,3.790538e+00,4.959962e-01,-1.304658e+00,6.084694e-01,2.312167e+00,-2.681124e-01,2.106377e-02,0,-2.073988e-03
1.397659e-03,-8.879905e+00,-2.096630e+00,-3.942233e+00,1.593889e+01,1.820248e+00,-5.451595e+00,1.410575e+01,6.670763e+00,-9.657428e-01,4.382162e+00,5.103198e+00,-4.003153e-01,5.862798e-02,0,3.616656e-01,4.318288e-04,-3.680749e+00,-3.066457e+00,-8.051725e-02,2.844875e+00,-3.372774e+00,-5.431623e+00,4.696550e+00,5.238347e-01,-4.311273e-02,7.858082e-01,2.067127e+00,-5.056235e-01,2.384406e-02,0,8.587252e-02
2.115018e-03,-1.366278e+01,-4.096738e+00,-3.703485e+00,1.823375e+01,-3.270240e+00,-1.105067e+01,1.992232e+01,5.308663e+00,-3.353448e-01,5.704315e+00,5.889114e+00,-1.182620e+00,8.612874e-02,0,5.946299e-01,4.888452e-04,-3.199350e+00,-2.192665e+00,4.592782e-01,2.329261e+00,-3.401519e+00,-4.531087e+00,3.196491e+00,8.977455e-01,1.033985e+00,2.628553e-01,1.211272e+00,-7.677218e-01,1.568450e-02,0,1.096814e-01
2.682533e-03,-1.711114e+01,-5.034372e+00,-1.589279e+00,2.076150e+01,-7.182281e+00,-1.473968e+01,2.177679e+01,7.969569e+00,3.413540e+00,6.487108e+00,8.533939e+00,-1.413604e+00,9.942582e-02,0,6.840832e-01,2.752964e-04,-1.346060e+00,-1.060300e+00,6.123169e-01,1.235090e+00,-2.185280e+00,-2.805461e+00,6.203346e-02,9.471571e-01,1.522886e+00,-1.361285e+00,-6.150361e-01,-3.740976e-01,-9.066239e-05,0,7.886075e-02
2.913483e-03,-1.667470e+01,-6.674203e+00,-1.918787e+00,2.190211e+01,-7.739269e+00,-1.699756e+01,1.901949e+01,9.678359e+00,3.552496e+00,3.580344e+00,6.159340e+00,-2.901706e+00,8.461770e-02,0,7.152214e-01,-1.061726e-04,7.693206e-01,-4.974668e-01,2.754603e-01,-2.334221e-01,-3.568861e-01,-7.789454e-01,-2.828423e+00,4.455053e-01,9.029084e-01,-2.685690e+00,-1.884768e+00,5.807596e-01,-1.583560e-02,0,1.029046e-02
2.374908e-03,-1.410425e+01,-6.109396e+00,-1.772998e+00,2.028015e+01,-6.871637e+00,-1.650546e+01,1.486734e+01,9.221700e+00,4.704768e+00,-1.362280e+00,1.892904e+00,-1.411261e+00,5.893019e-02,0,6.956736e-01,-3.990987e-04,2.271242e+00,5.183590e-01,1.719404e-01,-1.392824e+00,9.485258e-01,7.514593e-01,-4.259434e+00,-1.067652e+00,5.633999e-01,-2.419219e+00,-2.065238e+00,1.349094e+00,-2.339076e-02,0,-4.030017e-02
1.737968e-03,-1.131962e+01,-6.046560e+00,-2.234324e+00,1.730731e+01,-5.209992e+00,-1.406251e+01,9.234935e+00,6.910124e+00,3.533583e+00,-3.799442e+00,-2.142083e-01,1.720006e+00,2.719855e-02,0,6.402870e-01,-4.451571e-04,2.980314e+00,1.616071e+00,2.473581e-01,-2.221195e+00,1.211220e+00,1.549337e+00,-4.509698e+00,-2.268904e+00,7.789317e-01,-1.802737e-01,-5.172518e-01,1.696793e+00,-1.982472e-02,0,-6.134279e-02
1.274797e-03,-8.432466e+00,-2.756399e+00,-5.718083e-01,1.609478e+01,-3.704290e+00,-1.244991e+01,5.371904e+00,4.015425e+00,6.239995e+00,-1.919095e+00,1.394522e+00,3.021009e+00,1.118163e-02,0,5.200495e-01,-2.740773e-04,3.104551e+00,2.186426e+00,1.947902e-01,-2.354989e+00,9.051787e-01,1.690551e+00,-3.770128e+00,-2.916579e+00,5.709372e-01,2.695585e+00,8.156710e-01,7.406541e-01,-9.942581e-03,0,-5.270086e-02
1.237753e-03,-4.609016e+00,-2.703475e-01,-1.282591e+00,1.288883e+01,-3.266843e+00,-1.127865e+01,1.218716e+00,9.369755e-01,6.679541e+00,2.957383e+00,3.822272e+00,3.366125e+00,9.368389e-03,0,4.963195e-01,-1.067080e-04,2.773432e+00,2.162214e+00,-1.110834e-01,-2.601930e+00,1.535960e-01,1.782955e+00,-2.846995e+00,-2.913832e+00,1.020751e-01,4.168882e+00,1.719626e+00,-1.116741e-01,2.719862e-04,0,-1.389891e-02
1.254629e-03,-1.936792e+00,1.934626e+00,-1.274913e+00,1.071445e+01,-3.317318e+00,-9.444633e+00,2.480706e-02,-2.374622e+00,5.986475e+00,8.737231e+00,3.953019e+00,1.468950e+00,1.813237e-02,0,5.041531e-01,-4.000945e-05,1.775102e+00,1.250483e+00,-2.691790e-01,-2.493264e+00,-2.976603e-01,1.895761e+00,-2.128567e+00,-2.052615e+00,-8.672255e-01,3.930882e+00,2.005311e+00,-1.427630e-01,5.016621e-03,0,1.771029e-02
1.214512e-03,-7.002980e-01,2.418998e+00,-2.438189e+00,6.987825e+00,-4.635498e+00,-6.650375e+00,-2.326491e+00,-4.464013e+00,4.170719e+00,1.171681e+01,7.104674e+00,1.937665e+00,2.508311e-02,0,5.787407e-01,-5.932988e-05,4.403685e-01,4.058551e-01,2.026362e-02,-1.596076e+00,-8.758464e-02,1.912504e+00,-6.743620e-01,-2.134225e-02,-1.056033e+00,2.123260e+00,1.889611e+00,2.239370e-01,4.472651e-03,0,-1.708837e-02
1.086371e-03,-1.511315e+00,2.151344e+00,-1.339905e+00,6.578962e+00,-4.508265e+00,-5.285243e+00,-3.498328e+00,-3.547158e+00,3.158278e+00,1.335560e+01,9.779878e+00,3.021424e+00,2.840737e-02,0,5.673904e-01,-5.397253e-05,-1.736922e-01,-2.652400e-01,-3.069593e-01,-1.060658e+00,8.493133e-02,1.767986e+00,8.796639e-01,1.595984e+00,-1.100258e+00,8.709840e-02,1.403209e+00,8.203813e-01,6.950740e-04,0,-5.088862e-02
1.025233e-03,-2.619913e+00,1.650569e+00,-1.148777e+00,6.976195e+00,-3.109293e+00,-3.795823e+00,-3.915267e-01,1.416532e+00,2.813475e+00,1.126450e+01,1.035690e+01,3.709573e+00,2.659414e-02,0,3.792590e-01,-1.401491e-05,-4.637900e-01,-1.872959e-01,-6.227815e-01,-3.054844e-01,6.051643e-01,1.852328e+00,2.430768e+00,2.293509e+00,-8.539315e-01,-1.109248e+00,4.039887e-01,3.692183e-01,-2.266546e-03,0,-7.510966e-02
1.079406e-03,-1.845446e+00,9.926398e-01,-3.454415e+00,5.416975e+00,-3.655764e+00,-2.031976e+00,3.455645e+00,2.665027e+00,1.163810e+00,9.398877e+00,9.342950e+00,4.684902e+00,2.085222e-02,0,3.494508e-01,4.032269e-05,-5.967297e-02,1.352605e-01,-1.416104e+00,-6.636409e-01,5.360775e-01,2.438766e+00,2.656029e+00,1.243158e+00,-9.929270e-01,-1.450759e+00,-9.254666e-02,-2.208296e-01,-2.296766e-03,0,-2.251060e-02
1.147920e-03,-2.852183e+00,2.061871e+00,-4.494841e+00,6.041397e+00,-2.035927e+00,9.846306e-01,6.350366e+00,3.897442e+00,8.982962e-01,8.148932e+00,9.343081e+00,2.952018e+00,1.752795e-02,0,3.121622e-01,4.741872e-05,1.076097e-01,3.492745e-01,-1.595970e+00,-9.571530e-01,5.660781e-01,2.693632e+00,1.781271e+00,-1.812698e-02,-1.275050e+00,-9.072613e-01,-2.798823e-01,-4.845477e-01,1.813233e-04,0,3.638805e-02
1.226641e-03,-1.693545e+00,2.621995e+00,-6.747391e+00,3.728157e+00,-2.364560e+00,4.518360e+00,6.410873e+00,1.428175e+00,-8.487671e-01,7.659592e+00,9.824054e+00,2.296054e+00,2.145663e-02,0,4.883858e-01,7.443316e-06,-1.098717e-01,3.407470e-01,-7.391706e-01,-9.843773e-01,9.010640e-01,2.224956e+00,1.349604e+00,-5.384191e-01,-1.707319e+00,-1.865022e-01,-2.624046e-01,-2.081699e-02,2.901178e-03,0,1.820360e-02
1.188709e-03,-2.157815e+00,2.582264e+00,-7.482142e+00,3.034839e+00,-9.245043e-01,6.397170e+00,7.037214e+00,1.944323e+00,-2.555488e+00,7.597836e+00,8.716937e+00,2.481259e+00,2.719855e-02,0,4.917317e-01,-4.396629e-05,-3.945642e-01,2.608628e-01,3.830869e-01,-8.603013e-01,9.502196e-01,1.243775e+00,1.134453e+00,-6.181257e-01,-1.601828e+00,3.381436e-01,-2.498711e-01,8.802234e-01,2.901178e-03,0,-4.131056e-02
1.096228e-03,-2.741988e+00,2.436178e+00,-5.656618e+00,1.998367e+00,2.938450e-01,6.386534e+00,9.860241e+00,9.494907e-01,-5.645893e+00,8.741914e+00,8.343999e+00,4.816197e+00,3.052282e-02,0,3.506840e-01,-8.164073e-05,-1.079098e+00,5.392212e-01,1.879243e+00,6.364021e-02,1.203315e+00,4.995368e-01,1.125591e+00,-4.863020e-02,-6.300914e-01,5.804692e-01,2.715902e-02,1.201536e+00,8.763980e-04,0,-1.294043e-01
9.932950e-04,-4.300782e+00,3.459093e+00,-3.124793e+00,2.604785e+00,1.385969e+00,6.269417e+00,1.029795e+01,1.046155e+00,-4.712280e+00,9.298489e+00,8.833754e+00,6.093063e+00,2.750075e-02,0,1.744603e-01,-7.490564e-05,-1.034570e+00,7.802870e-01,2.129723e+00,4.088026e-01,8.426090e-01,5.335134e-01,4.959101e-01,2.458903e-01,6.119083e-01,3.253171e-01,4.069662e-01,7.540355e-01,-1.208823e-03,0,-1.334147e-01
9.161442e-04,-6.017553e+00,4.879687e+00,4.701485e-01,4.261384e+00,2.496781e+00,7.079920e+00,1.040846e+01,1.634108e+00,-2.920828e+00,9.711612e+00,9.901441e+00,6.497829e+00,2.568752e-02,0,0,-4.730818e-05,-7.293894e-01,7.454384e-01,1.474730e+00,5.240509e-01,4.587559e-01,7.111645e-01,-2.290463e-01,5.549259e-01,1.342863e+00,-5.635986e-02,4.397390e-01,5.064034e-02,-1.783015e-03,0,-8.758283e-02
9.042228e-04,-5.692884e+00,5.261944e+00,1.030917e-01,3.947343e+00,2.187073e+00,8.718043e+00,9.242655e+00,2.831465e+00,-8.584795e-01,8.739573e+00,9.973047e+00,5.410620e+00,2.357208e-02,0,0,-1.900658e-05,-2.459535e-01,3.987960e-01,6.088713e-01,2.371074e-01,1.292499e-01,6.535376e-01,-3.276386e-01,4.767978e-01,9.769950e-01,-2.089871e-01,2.350194e-01,-2.452095e-01,-9.972795e-04,0,-3.489206e-02
