pcm_RMSenergy_sma,pcm_fftMag_mfcc_sma[1],pcm_fftMag_mfcc_sma[2],pcm_fftMag_mfcc_sma[3],pcm_fftMag_mfcc_sma[4],pcm_fftMag_mfcc_sma[5],pcm_fftMag_mfcc_sma[6],pcm_fftMag_mfcc_sma[7],pcm_fftMag_mfcc_sma[8],pcm_fftMag_mfcc_sma[9],pcm_fftMag_mfcc_sma[10],pcm_fftMag_mfcc_sma[11],pcm_fftMag_mfcc_sma[12],pcm_zcr_sma,F0final_sma,voicingFinalUnclipped_sma,pcm_RMSenergy_sma_de,pcm_fftMag_mfcc_sma_de[1],pcm_fftMag_mfcc_sma_de[2],pcm_fftMag_mfcc_sma_de[3],pcm_fftMag_mfcc_sma_de[4],pcm_fftMag_mfcc_sma_de[5],pcm_fftMag_mfcc_sma_de[6],pcm_fftMag_mfcc_sma_de[7],pcm_fftMag_mfcc_sma_de[8],pcm_fftMag_mfcc_sma_de[9],pcm_fftMag_mfcc_sma_de[10],pcm_fftMag_mfcc_sma_de[11],pcm_fftMag_mfcc_sma_de[12],pcm_zcr_sma_de,F0final_sma_de,voicingFinalUnclipped_sma_de
9.062490e-04,-1.133157e+01,1.930555e+00,-4.028212e-01,7.964748e+00,2.317587e+00,-2.259648e+00,-2.111769e-02,8.365109e+00,4.105388e+00,-3.229602e-01,3.058844e+00,6.468628e+00,2.417649e-03,0,0,-2.247972e-05,4.873990e-01,-6.811678e-02,-1.677131e+00,-1.457046e+00,-4.851976e-01,2.747137e-01,7.717037e-01,-1.051958e+00,1.255941e-02,1.322263e+00,-3.921601e-01,-1.070287e+00,6.739197e-03,0,0
8.571095e-04,-1.100336e+01,1.929410e+00,-2.973480e+00,6.086287e+00,1.627081e+00,-2.332452e+00,1.695107e+00,6.574496e+00,4.917158e+00,3.122720e+00,2.792805e+00,4.718272e+00,1.299486e-02,0,0,-2.727610e-05,7.556631e-01,-6.109352e-02,-2.287422e+00,-2.177070e+00,-8.223397e-01,7.510968e-01,1.423642e+00,-7.156678e-01,-4.486930e-02,7.889344e-01,-1.077407e+00,-1.352902e+00,1.033545e-02,0,0
8.184202e-04,-9.058681e+00,1.590544e+00,-7.503146e+00,1.618746e+00,2.368515e-01,-8.496783e-01,2.979289e+00,4.000624e+00,3.762300e+00,4.565516e+00,1.231062e+00,1.992368e+00,3.082502e-02,0,0,-2.318871e-05,7.470034e-01,1.618730e-01,-1.403323e+00,-1.926654e+00,-9.700306e-01,6.538906e-01,9.747698e-01,-3.487054e-01,-3.602651e-01,-1.614301e-01,-1.505996e+00,-1.111322e+00,9.096404e-03,0,0
8.137830e-04,-8.689700e+00,1.795093e+00,-8.289768e+00,2.523993e-01,-7.537436e-01,7.908506e-01,5.596887e+00,6.969013e+00,4.052585e+00,1.177473e+00,-1.414303e+00,1.942246e+00,3.989121e-02,0,0,-1.186373e-05,9.872790e-02,3.809678e-01,6.685885e-01,-5.252689e-01,-7.597055e-01,2.160853e-01,1.816450e-01,2.962215e-01,-5.825418e-01,-9.832624e-01,-1.176231e+00,-2.742809e-01,1.087942e-03,0,0
8.119688e-04,-8.753384e+00,2.807079e+00,-4.761292e+00,1.248424e+00,-1.342154e+00,-5.518465e-01,2.901841e+00,6.424324e+00,2.736348e+00,-1.574872e-01,-2.367582e+00,2.300030e+00,3.445150e-02,0,0,-3.197224e-06,-6.225174e-01,4.107977e-01,2.377215e+00,8.883467e-01,-1.036958e-01,-6.637540e-01,-1.290000e+00,2.380026e-01,-4.746961e-01,-5.107653e-01,-3.113897e-01,4.488885e-03,-7.464492e-03,0,0
8.010166e-04,-1.066237e+01,3.225981e+00,-1.001464e+00,3.645104e+00,-1.381944e+00,-1.400941e+00,2.642055e+00,6.843753e+00,2.517424e+00,5.679104e-01,-1.289029e+00,3.193036e+00,1.662134e-02,0,0,-2.372195e-07,-7.554077e-01,2.194775e-01,2.190061e+00,1.084029e+00,4.293415e-01,-8.969759e-01,-2.266753e+00,-7.536951e-01,-7.099514e-01,5.967925e-01,9.060141e-01,-3.505269e-01,-1.090964e-02,0,0
8.088173e-04,-1.118493e+01,2.929088e+00,7.387790e-01,4.364128e+00,3.247229e-02,-3.072553e+00,-1.993296e+00,5.253267e+00,2.156400e+00,2.316471e+00,-3.885233e-01,1.389418e+00,5.137504e-03,0,0,6.615434e-06,-4.394146e-01,1.665011e-01,1.075101e+00,8.342034e-01,9.239826e-01,-2.528786e-02,-1.539860e+00,-9.565902e-01,-6.737891e-01,8.501967e-01,1.565082e+00,-4.910115e-01,-8.129344e-03,0,0
8.141726e-04,-1.125096e+01,2.831476e+00,-8.949938e-02,4.114695e+00,7.056507e-01,-2.433676e+00,-3.289307e+00,3.786066e+00,7.928026e-01,2.924457e+00,2.126239e+00,6.449180e-01,0,0,0,1.018513e-05,2.259245e-02,2.457865e-01,6.101761e-02,6.283846e-01,9.826239e-01,1.126162e+00,-3.261906e-01,-8.742799e-01,-5.715215e-01,9.780688e-01,1.897129e+00,1.201125e-01,-2.780296e-03,0,0
8.384679e-04,-1.065616e+01,3.836837e+00,1.582301e-01,5.184646e+00,2.233962e+00,-1.619185e-01,-1.831779e+00,3.170216e+00,2.297135e-01,2.915223e+00,3.750194e+00,1.119032e+00,2.115443e-03,0,0,9.679829e-06,-5.536575e-02,3.065475e-01,-6.818418e-02,8.332170e-01,7.037916e-01,1.938402e+00,1.536970e+00,-3.959282e-01,-4.119355e-02,6.681248e-01,1.559758e+00,1.039881e+00,6.648534e-04,0,0
8.371169e-04,-1.081379e+01,4.001040e+00,-4.061019e-01,6.376768e+00,2.430431e+00,2.774550e+00,9.303437e-01,3.513879e+00,6.231599e-01,5.158878e+00,6.127260e+00,3.928791e+00,4.230885e-03,0,0,6.147003e-06,-3.998617e-01,1.751984e-01,3.704222e-01,8.197888e-01,2.638957e-01,1.322875e+00,1.844505e+00,1.668696e-01,7.950150e-01,5.227904e-01,7.945504e-01,1.171941e+00,1.269266e-03,0,0
8.457443e-04,-1.168035e+01,3.877043e+00,5.561594e-01,7.399176e+00,2.689040e+00,4.015345e+00,3.581731e+00,3.409719e+00,2.035253e+00,4.539884e+00,5.409757e+00,4.946888e+00,6.346328e-03,0,0,4.076515e-06,-6.687514e-01,5.586577e-03,3.653607e-01,3.851166e-02,-3.660002e-01,-1.546226e-01,1.231837e+00,5.840762e-01,1.024400e+00,9.006524e-02,1.861525e-01,6.979396e-01,2.417649e-04,0,0
8.412694e-04,-1.273818e+01,3.687365e+00,1.563647e+00,7.106373e+00,1.797590e+00,2.092068e+00,3.226464e+00,4.500663e+00,3.865108e+00,4.726079e+00,5.269209e+00,4.590694e+00,4.230885e-03,0,0,4.113238e-06,-3.529853e-01,-2.986605e-02,-3.763170e-02,-6.904248e-01,-5.680157e-01,-1.066924e+00,6.657787e-01,1.287143e+00,8.826519e-01,-5.464532e-01,-8.311009e-02,2.192336e-01,6.044123e-04,0,0
8.567742e-04,-1.303772e+01,4.021607e+00,1.000159e+00,5.012401e+00,7.203817e-01,-5.937901e-01,3.179344e+00,5.597206e+00,3.730740e+00,3.581949e+00,5.109982e+00,4.277779e+00,3.324267e-03,0,0,-2.180273e-06,2.728959e-01,-7.775030e-02,-8.151147e-01,-9.035139e-01,-4.596923e-01,-1.205344e+00,2.009649e-01,1.617899e+00,4.467737e-01,-5.269518e-01,1.787194e-01,5.665452e-01,4.079782e-03,0,0
8.521681e-04,-1.190003e+01,3.779428e+00,-8.162603e-01,4.118031e+00,5.746819e-01,-2.555047e-01,4.460431e+00,8.855852e+00,4.188676e+00,2.905580e+00,5.861597e+00,5.359514e+00,8.763977e-03,0,0,-1.004433e-05,7.865043e-01,-1.590503e-01,-1.193869e+00,-4.989592e-01,-1.402584e-01,-7.979945e-01,-7.824290e-02,1.155072e+00,5.033302e-01,-4.280602e-01,3.617550e-01,7.816260e-01,9.549713e-03,0,0
8.293936e-04,-1.073494e+01,3.442261e+00,-2.329460e+00,4.375778e+00,1.002032e+00,-8.375897e-01,3.969572e+00,9.321620e+00,4.107337e+00,2.815375e+00,6.007160e+00,7.395205e+00,2.447869e-02,0,0,-2.048300e-05,7.223857e-01,-2.704338e-01,-9.514905e-01,4.026794e-03,3.347698e-01,-2.379120e-01,-5.866215e-01,3.770018e-01,1.297808e+00,3.723778e-01,-1.985207e-02,3.223874e-01,1.311575e-02,0,0
8.047381e-04,-9.957049e+00,3.181787e+00,-2.740886e+00,4.929889e+00,9.554728e-01,-1.776004e+00,2.440135e+00,8.413817e+00,6.193460e+00,2.969064e+00,6.629395e+00,6.940111e+00,4.140224e-02,0,0,-2.013287e-05,1.638128e-01,-1.086668e-01,-3.922712e-01,1.195937e-01,5.363182e-01,-1.231345e-01,-1.281354e+00,-5.673134e-01,1.683490e+00,8.894672e-01,-3.059433e-01,-8.208870e-01,9.096405e-03,0,0
7.780742e-04,-1.039729e+01,2.968259e+00,-2.794980e+00,4.626606e+00,2.203835e+00,-1.023100e+00,1.256384e+00,7.703232e+00,9.217386e+00,5.412096e+00,4.626822e+00,5.099417e+00,5.258386e-02,0,0,-1.298759e-05,-3.126057e-01,-4.594500e-02,2.522483e-01,2.332758e-01,5.991612e-01,5.780557e-01,-1.454713e+00,-8.346851e-01,1.277078e+00,1.008077e+00,-9.072396e-01,-1.409760e+00,-6.044123e-04,0,0
7.771635e-04,-1.124979e+01,3.473095e+00,-2.544856e+00,4.590585e+00,2.655371e+00,-7.784221e-01,-5.897440e-01,6.828479e+00,1.005110e+01,6.054555e+00,5.022049e+00,2.402973e+00,4.019341e-02,0,0,-1.804222e-06,-4.462672e-01,1.576278e-01,5.903279e-01,3.927373e-01,4.120047e-01,6.679337e-01,-1.311741e+00,-8.970484e-01,-5.575169e-01,1.424309e-01,-9.536481e-01,-7.261789e-01,-1.066788e-02,0,0
7.782429e-04,-1.165160e+01,3.066881e+00,-1.166234e+00,5.711809e+00,3.147889e+00,1.553898e+00,-1.789051e+00,5.940863e+00,8.563909e+00,6.313015e+00,2.274635e+00,2.614972e+00,2.206104e-02,0,0,9.955035e-06,-3.058580e-01,1.159249e-01,5.608057e-01,5.478227e-01,6.713011e-02,6.797377e-01,-6.200799e-01,-6.451042e-01,-1.688232e+00,-8.055941e-01,-7.127234e-01,2.898744e-01,-1.420369e-02,0,0
7.956327e-04,-1.156123e+01,3.920614e+00,-6.036206e-01,6.350975e+00,2.543469e+00,2.751649e-01,-2.595850e+00,4.809760e+00,3.732614e+00,3.230759e+00,3.037248e+00,4.551439e+00,3.324267e-03,0,0,1.117433e-05,-2.446026e-01,-6.142192e-02,8.490163e-03,2.681639e-01,-8.564658e-02,2.386068e-01,2.686416e-01,-3.661709e-02,-1.677697e+00,-1.277343e+00,-4.852530e-01,7.512993e-01,-1.024479e-02,0,0
8.186148e-04,-1.177086e+01,3.324123e+00,-9.615698e-01,6.485525e+00,2.595437e+00,1.848795e+00,-8.409618e-01,5.487071e+00,3.935467e+00,2.796023e+00,2.055606e+00,5.474556e+00,0,0,0,7.324864e-06,-2.862795e-01,-3.886438e-01,-7.633908e-01,-8.456488e-02,-2.634867e-01,-4.866935e-01,5.279407e-01,5.991458e-01,-5.876555e-01,-9.289522e-01,-4.720440e-02,-9.915318e-02,-4.744635e-03,0,0
8.128492e-04,-1.241318e+01,3.037364e+00,-2.604738e+00,5.544547e+00,2.503365e+00,2.671635e-01,2.794196e-01,6.872290e+00,3.976835e+00,1.426339e+00,2.705299e+00,4.729677e+00,0,0,0,-4.475791e-06,-3.494818e-01,-8.829988e-01,-1.055525e+00,-1.957594e-01,-4.231690e-01,-9.491584e-01,1.691156e-01,7.939278e-01,3.384044e-01,-3.613466e-01,-3.368588e-01,-7.888036e-01,-6.648534e-04,0,0
8.062590e-04,-1.265702e+01,1.565287e+00,-3.982630e+00,5.692198e+00,1.850508e+00,-8.755687e-01,-5.869821e-01,7.905327e+00,5.503521e+00,2.570464e+00,2.204587e+00,2.030087e+00,0,0,0,-7.525633e-06,-2.842946e-01,-8.419577e-01,-6.056674e-01,-3.431897e-02,-6.254798e-01,-1.506577e+00,-3.496382e-01,4.874410e-01,3.002826e-01,-2.805985e-01,-6.050482e-01,-1.078990e+00,8.461770e-04,0,0
7.794316e-04,-1.286556e+01,3.850387e-01,-4.370715e+00,5.768841e+00,8.000891e-01,-3.108445e+00,-1.877262e+00,7.570271e+00,4.640610e+00,1.536805e+00,1.278463e+00,2.329655e+00,0,0,0,-2.353761e-06,-2.171801e-01,-5.172857e-01,2.339259e-01,2.130017e-01,-2.821318e-01,-9.118176e-01,-5.302420e-01,-6.448913e-02,3.707077e-01,-2.174187e-01,-1.321184e+00,-7.378863e-01,3.747356e-03,0,0
7.976954e-04,-1.296614e+01,4.404973e-01,-3.106918e+00,6.201783e+00,3.196754e-01,-3.996288e+00,-1.510812e+00,7.575285e+00,5.104993e+00,1.337798e+00,-2.562175e-01,1.279617e+00,4.230885e-03,0,0,1.614273e-06,-2.836666e-02,2.358132e-01,9.186576e-01,1.061882e-01,1.785470e-01,-3.173710e-01,-7.035591e-01,-1.596922e-01,1.160129e-01,-7.229594e-01,-2.061522e+00,-3.928817e-01,9.277727e-03,0,0
8.053622e-04,-1.334452e+01,1.013331e+00,-1.872964e+00,6.354763e+00,1.858122e+00,-2.731564e+00,-1.909876e+00,6.714865e+00,6.029637e+00,9.555785e-01,-2.670220e+00,1.415481e+00,1.662134e-02,0,0,2.851617e-06,3.249120e-01,6.295039e-01,7.939517e-01,-5.789537e-02,5.959856e-01,8.944256e-01,-5.388810e-01,1.619880e-01,3.479398e-01,-6.896370e-01,-2.235562e+00,-4.503680e-01,1.317619e-02,0,0
8.013651e-04,-1.255937e+01,2.430207e+00,-6.382173e-01,5.930178e+00,2.214226e+00,-2.650864e+00,-4.088471e+00,7.534568e+00,5.389072e+00,-7.537192e-01,-6.128680e+00,5.227658e-01,3.807797e-02,0,0,-2.820347e-06,5.650646e-01,4.986369e-01,2.482868e-01,-2.883411e-01,4.324616e-01,1.671359e+00,3.340883e-01,6.051862e-01,1.394524e-01,-1.661871e-01,-1.548975e+00,-3.393734e-01,9.700815e-03,0,0
7.918549e-04,-1.144438e+01,2.537703e+00,-1.635306e+00,5.615166e+00,2.832742e+00,6.909708e-01,-3.282838e+00,8.400569e+00,6.238269e+00,-8.656213e-01,-6.963117e+00,4.562412e-01,4.895739e-02,0,0,2.731784e-06,5.541724e-01,8.757140e-02,-2.944710e-01,-5.621283e-01,-1.015861e-02,2.047625e+00,1.675310e+00,7.185938e-01,2.623196e-02,7.488666e-01,1.677640e-01,-1.421484e-01,-4.533092e-04,0,0
7.903473e-04,-1.109089e+01,2.171496e+00,-1.984313e+00,5.129876e+00,1.994674e+00,2.649241e+00,8.461110e-01,9.758365e+00,5.697938e+00,1.417462e+00,-5.854643e+00,6.236978e-02,3.656694e-02,0,0,1.026337e-05,8.756237e-02,-4.887200e-01,-6.168561e-01,-6.349951e-01,-3.962105e-01,1.683995e+00,2.019185e+00,2.978315e-01,1.610797e-01,1.554175e+00,1.827238e+00,3.802806e-01,-1.100030e-02,0,0
8.245300e-04,-1.130790e+01,1.580544e+00,-2.672271e+00,3.944273e+00,1.917105e+00,4.856509e+00,3.999386e+00,9.195936e+00,6.006363e+00,3.614321e+00,-1.968418e+00,9.349365e-01,1.511031e-02,0,0,1.718422e-05,-2.796291e-01,-4.751226e-01,-6.360451e-01,-8.500324e-01,-7.986787e-01,4.379449e-01,7.199446e-01,-2.652767e-01,9.030180e-02,9.459752e-01,2.530328e+00,8.893703e-01,-1.344817e-02,0,0
8.363444e-04,-1.218980e+01,4.651869e-01,-3.204015e+00,3.590649e+00,6.909921e-01,3.686344e+00,2.366344e+00,8.626042e+00,6.310423e+00,4.777186e+00,5.101602e-01,2.184821e+00,0,0,0,1.159748e-05,-3.691801e-01,-2.630853e-01,-6.272383e-01,-7.485355e-01,-5.526564e-01,-4.597484e-01,-5.881391e-01,-4.937815e-01,6.024938e-01,-2.239332e-01,1.799299e+00,6.059062e-01,-8.824418e-03,0,0
8.547775e-04,-1.229307e+01,1.015245e+00,-4.205680e+00,2.134617e+00,-5.088109e-01,2.362144e+00,-4.432313e-01,7.640347e+00,6.383536e+00,2.184393e+00,2.506122e+00,3.841867e+00,0,0,0,-1.780194e-06,-2.228175e-01,3.571806e-01,-3.792816e-01,-7.461002e-01,-3.313653e-01,-8.894278e-01,-7.216181e-01,-6.775423e-01,4.771693e-01,-8.050628e-01,3.315316e-01,-4.202229e-01,-2.780296e-03,0,0
8.332110e-04,-1.244420e+01,1.138719e+00,-4.353800e+00,2.292026e+00,4.443496e-01,1.597682e+00,1.267241e-01,8.067252e+00,8.521821e+00,1.012760e+00,9.045793e-01,1.638435e+00,0,0,0,-1.246257e-05,-1.383982e-01,4.613600e-01,-5.842259e-02,-7.793716e-01,-5.933763e-02,-3.719417e-01,1.517799e-01,-9.032813e-01,-8.059263e-02,-6.345540e-01,-7.228580e-01,-1.447560e+00,3.686915e-03,0,0
8.171957e-04,-1.229479e+01,3.029680e+00,-3.993787e+00,8.630834e-01,3.836001e-01,1.453700e+00,1.511106e+00,6.087620e+00,7.286511e+00,1.471220e+00,-5.079703e-01,-8.929854e-01,1.208824e-03,0,0,-1.833044e-05,-2.264543e-01,2.927313e-01,4.812556e-01,-5.850540e-01,-5.347120e-01,5.194075e-02,6.705384e-01,-1.218447e+00,-1.164882e+00,-2.953527e-01,-1.158333e+00,-1.563649e+00,8.673316e-03,0,0
7.928224e-04,-1.288093e+01,1.764769e+00,-3.602075e+00,3.295585e-01,-5.190158e-02,2.280858e+00,2.148075e+00,4.885999e+00,5.455973e+00,1.961003e+00,-1.597084e+00,-2.685554e+00,1.783016e-02,0,0,-1.455799e-05,-2.558879e-01,1.327950e-01,7.103350e-01,-5.503732e-01,-1.171415e+00,2.944511e-01,6.515042e-01,-9.950228e-01,-1.542346e+00,-5.206525e-01,-5.364050e-01,-3.878970e-01,1.087942e-02,0,0
7.833196e-04,-1.320697e+01,2.165876e+00,-2.175265e+00,1.905812e-01,-2.934245e+00,2.280260e+00,1.898785e+00,3.138740e+00,2.092051e+00,2.335078e-01,-2.034711e+00,-1.814383e+00,3.445150e-02,0,0,-7.353124e-06,-1.317692e-01,8.243891e-02,6.651558e-01,-5.740404e-02,-1.124246e+00,3.529225e-01,7.247778e-01,-3.023755e-01,-8.570493e-01,-7.150244e-01,3.807123e-02,6.186153e-01,5.983681e-03,0,0
7.773591e-04,-1.326755e+01,2.234596e+00,-1.711386e+00,-1.235888e-01,-3.753805e+00,2.656658e+00,3.190405e+00,4.566578e+00,3.407320e+00,-9.716464e-01,-1.014076e+00,1.596493e-01,3.777577e-02,0,0,3.227772e-06,1.045382e-01,4.134936e-01,2.791916e-02,2.533421e-01,-4.517154e-01,1.307302e-01,8.554257e-01,2.465854e-01,9.770639e-02,3.893677e-01,7.368881e-01,7.214236e-01,-3.989120e-03,0,0
7.881617e-04,-1.276033e+01,3.206962e+00,-1.613352e+00,8.026368e-01,-3.386679e+00,3.030413e+00,4.613830e+00,4.735453e+00,4.025590e+00,-6.375780e-01,-6.091183e-01,7.774894e-01,2.115443e-02,0,0,8.447835e-06,1.333158e-01,2.421005e-01,-6.563975e-01,2.928665e-01,3.797010e-01,-1.570578e-02,6.292602e-01,3.895594e-01,8.895224e-01,1.851226e+00,3.559526e-01,4.866730e-02,-1.021457e-02,0,0
8.065402e-04,-1.258157e+01,3.311694e+00,-3.743436e+00,1.290241e+00,-2.084262e+00,2.559432e+00,5.067682e+00,5.320570e+00,4.977735e+00,4.343384e+00,1.374560e+00,-3.743724e-01,4.533092e-03,0,0,8.193933e-06,1.834192e-02,1.580397e-01,-6.899588e-01,2.004200e-01,7.312573e-01,4.273915e-03,4.281740e-02,1.234287e-01,8.806183e-01,2.548764e+00,-5.125802e-01,-1.152582e+00,-9.670596e-03,0,0
8.109682e-04,-1.288338e+01,2.837829e+00,-4.441227e+00,9.479988e-01,-1.870512e+00,2.250344e+00,4.106448e+00,4.709541e+00,5.754456e+00,6.832120e+00,-1.449265e+00,-1.304036e+00,0,0,0,-1.627603e-06,-1.895948e-01,2.444744e-04,-1.866581e-02,4.517327e-02,7.735472e-01,2.339816e-03,-4.353293e-01,6.075082e-02,6.491507e-01,1.545507e+00,-1.122420e+00,-1.389779e+00,-3.112723e-03,0,0
8.069255e-04,-1.311431e+01,3.209361e+00,-3.747242e+00,8.058303e-01,-8.556020e-01,3.068062e+00,3.658183e+00,5.196678e+00,6.945979e+00,8.037326e+00,-3.156903e+00,-4.562499e+00,0,0,0,-8.320721e-06,-2.599835e-01,8.314011e-02,8.107010e-01,1.659945e-01,6.892988e-01,9.505264e-02,-2.161520e-01,2.187822e-01,-5.927577e-02,-1.233636e-01,-7.505358e-01,-8.681604e-01,3.686915e-03,0,0
7.798310e-04,-1.344193e+01,3.259351e+00,-1.704778e+00,1.270709e+00,-1.332724e-01,2.787797e+00,3.141932e+00,5.101153e+00,6.287222e+00,5.242987e+00,-3.955487e+00,-4.077341e+00,7.857359e-03,0,0,-1.098979e-05,-2.008593e-01,1.284101e-01,9.472419e-01,3.280442e-01,4.232764e-01,-1.482018e-01,-3.803074e-02,3.095937e-01,-1.025898e+00,-1.006546e+00,5.713938e-01,6.016732e-01,7.948020e-03,0,0
7.805052e-04,-1.360221e+01,3.516634e+00,-1.058155e+00,1.958859e+00,4.936128e-01,2.765969e+00,4.469180e+00,6.218675e+00,4.414973e+00,4.521133e+00,-1.125009e+00,-3.328522e+00,1.903898e-02,0,0,-5.006441e-06,-1.645957e-01,-1.586586e-01,1.206703e-01,-8.335422e-02,-8.374725e-02,-3.353977e-03,-1.432959e-01,3.916085e-01,-1.290225e+00,-8.546554e-01,1.201373e+00,1.824572e+00,6.708976e-03,0,0
7.692294e-04,-1.364373e+01,3.326243e+00,-1.049562e+00,2.011706e+00,-4.287369e-01,1.660381e+00,3.510796e+00,5.746511e+00,1.890469e+00,3.557487e+00,3.917566e-01,1.087342e+00,3.022061e-02,0,0,4.475022e-06,-4.563523e-03,-4.120316e-01,-1.165393e+00,-5.656173e-01,-1.263794e-01,7.066616e-01,-1.593445e-01,1.189799e-01,-9.303180e-01,-1.968207e-01,1.101380e+00,1.764498e+00,4.321548e-03,0,0
7.871941e-04,-1.383639e+01,2.382622e+00,-3.471499e+00,1.856065e-02,-1.126606e+00,3.615000e+00,2.757272e+00,6.832041e+00,2.693229e+00,4.606798e+00,6.763398e-01,1.978021e+00,2.236325e-02,0,0,8.581788e-06,9.480123e-02,-7.990419e-01,-2.138102e+00,-8.817610e-01,3.121529e-01,1.441822e+00,-2.813982e-01,-3.350206e-01,-1.432702e-01,1.489043e-01,6.071856e-01,7.429001e-01,4.049562e-03,0,0
7.988617e-04,-1.334766e+01,1.766199e+00,-6.325071e+00,-5.872290e-01,4.494007e-02,5.896590e+00,3.201164e+00,5.389369e+00,2.496504e+00,4.216051e+00,6.507408e-01,2.091879e+00,2.780296e-02,0,0,1.034518e-05,2.260684e-01,-1.095186e+00,-2.686493e+00,-6.989427e-01,1.545236e+00,2.118166e+00,-1.523571e-01,-1.103274e+00,2.196917e-01,4.496821e-01,3.746861e-01,-5.417605e-01,8.945300e-03,0,0
8.085980e-04,-1.327624e+01,3.014469e-01,-9.110909e+00,-1.150478e+00,1.817539e+00,7.856977e+00,3.217005e+00,4.722143e+00,3.395605e+00,4.936373e+00,1.781427e+00,-1.162907e-01,4.049562e-02,0,0,6.869086e-06,4.955185e-01,-1.212004e+00,-2.345774e+00,-3.339177e-01,2.152909e+00,1.955467e+00,-1.390216e-01,-1.687597e+00,-6.024558e-02,2.879733e-01,3.062380e-01,-4.334606e-01,1.335751e-02,0,0
8.102534e-04,-1.279346e+01,-1.109098e+00,-1.166232e+01,-8.984883e-01,5.825369e+00,1.013023e+01,2.519144e+00,1.285092e+00,2.637739e+00,5.641111e+00,1.712644e+00,-5.743046e-01,6.588093e-02,0,0,2.030391e-05,1.353338e+00,-8.666199e-01,-1.690214e+00,-2.883919e-01,1.786152e+00,1.352802e+00,8.512397e-02,-1.305953e+00,-3.656425e-01,3.267371e-01,-4.273593e-03,-1.722918e-01,1.021456e-02,0,4.121276e-02
8.158437e-04,-1.163589e+01,-2.239752e+00,-1.253174e+01,-1.495398e+00,6.747725e+00,1.127552e+01,2.403174e+00,4.461977e-01,2.321384e+00,5.334135e+00,1.676578e+00,1.143809e+00,7.011181e-02,0,0,2.751769e-04,2.849850e+00,-8.800529e-01,-1.070227e+00,-2.713494e-01,9.765752e-02,5.256133e-01,5.926644e-01,-5.694503e-01,-1.233477e-01,4.125307e-01,-1.910083e-01,1.195863e-01,1.329707e-03,0,1.089155e-01
8.967584e-04,-7.401140e+00,-1.296300e+00,-1.306572e+01,-1.856729e+00,6.510604e+00,1.095133e+01,4.033699e+00,9.975781e-01,1.205402e+00,5.650856e+00,6.817970e-01,6.003702e-01,6.406769e-02,0,2.060638e-01,6.768550e-04,4.108525e+00,-1.402724e+00,-6.073816e-01,-3.277934e-02,-1.882543e+00,-3.566766e-01,2.598829e-01,2.582872e-01,7.286305e-01,1.043076e+00,1.118179e-01,-7.816585e-01,-8.310666e-03,0,1.742810e-01
2.141230e-03,-1.723154e+00,-4.005216e+00,-1.376034e+01,-2.028105e+00,1.963209e+00,1.007449e+01,5.423048e+00,2.018649e+00,3.495035e+00,6.994154e+00,1.341809e+00,-1.056966e-01,4.805077e-02,0,4.415457e-01,9.736732e-04,4.281900e+00,-2.192747e+00,-4.552968e-01,5.658587e-01,-3.110857e+00,-7.497783e-01,-7.316160e-01,-2.150531e-02,1.718617e+00,1.776659e+00,7.320318e-01,-1.264741e+00,-1.211846e-02,0,1.749231e-01
3.531835e-03,2.792794e+00,-7.239987e+00,-1.408493e+01,-7.960315e-01,-1.195089e+00,8.947354e+00,2.308621e+00,1.790303e+00,5.694067e+00,1.002648e+01,2.439118e+00,-3.857844e+00,3.535812e-02,0,6.506321e-01,7.462041e-04,3.054133e+00,-1.721068e+00,3.451732e-01,1.142827e+00,-3.063206e+00,-1.109211e+00,-1.934924e+00,-1.213874e+00,1.478418e+00,1.964990e+00,1.410291e+00,-9.621584e-01,-1.154427e-02,0,1.045692e-01
4.366671e-03,4.676639e+00,-1.023164e+01,-1.429862e+01,8.035466e-01,-4.953714e+00,8.528612e+00,-3.923669e-01,-5.769110e-02,8.670138e+00,1.202962e+01,4.458077e+00,-2.950788e+00,2.387428e-02,0,6.523311e-01,5.715124e-05,1.470958e+00,4.327957e-01,1.480476e+00,1.250428e+00,-1.680891e+00,-1.490120e+00,-2.260240e+00,-2.561979e+00,-3.058466e-01,1.304402e+00,1.683048e+00,-2.107414e-01,-8.643095e-03,0,3.566582e-02
3.515058e-03,4.669628e+00,-6.788424e+00,-1.107072e+01,2.441582e+00,-5.346965e+00,6.178215e+00,-2.733212e+00,-4.033623e+00,6.009939e+00,1.295807e+01,6.175119e+00,-2.787876e+00,1.843457e-02,0,6.235169e-01,-5.350562e-04,3.300909e-01,2.582007e+00,2.301319e+00,7.316130e-01,-7.015152e-02,-1.787673e+00,-1.748901e+00,-3.104862e+00,-2.147915e+00,1.434197e-01,1.499193e+00,6.779280e-01,-6.134784e-03,0,-3.057247e-03
2.435375e-03,4.693218e+00,-2.067019e+00,-7.865072e+00,2.605228e+00,-4.365309e+00,4.008461e+00,-3.357233e+00,-7.879284e+00,1.807866e+00,1.205037e+01,7.889048e+00,-1.694387e+00,1.329707e-02,0,6.334324e-01,-7.077464e-04,-1.197666e-01,3.480395e+00,2.366939e+00,7.211151e-02,1.208619e+00,-1.736027e+00,-1.178869e+00,-2.403757e+00,-3.044590e+00,-5.096658e-01,4.664368e-01,6.849021e-01,-3.686915e-03,0,3.057349e-03
1.822202e-03,4.434959e+00,1.587738e+00,-5.795113e+00,1.961193e+00,-1.840049e+00,2.269064e+00,-4.953449e+00,-9.823210e+00,-1.614373e+00,1.073320e+01,8.219596e+00,-1.096404e+00,9.972801e-03,0,6.447952e-01,-4.595682e-04,-2.034804e-01,2.557329e+00,1.543049e+00,-5.609714e-01,1.153760e+00,-9.871733e-01,-5.230867e-01,-9.543441e-01,-2.232649e+00,-4.705634e-01,-9.375275e-01,5.477448e-01,-1.813236e-03,0,8.844256e-03
1.674367e-03,4.195140e+00,2.982249e+00,-5.101732e+00,1.404299e+00,-6.640797e-01,1.803052e+00,-5.176595e+00,-9.181680e+00,-2.740655e+00,1.059372e+01,5.768023e+00,-3.720130e-01,9.670596e-03,0,6.569787e-01,-1.978447e-04,-3.123066e-01,1.327321e+00,8.317051e-01,-9.623124e-01,2.779208e-01,-1.177877e-01,1.810280e-01,1.011027e-01,-9.984562e-01,1.680062e-01,-2.001233e+00,1.846087e-03,-9.313226e-11,0,4.671586e-03
1.597721e-03,3.901265e+00,3.473589e+00,-4.737145e+00,2.371896e-01,-1.428780e+00,2.345053e+00,-4.438964e+00,-8.154145e+00,-2.879044e+00,1.133358e+01,2.547995e+00,-7.103395e-01,1.118163e-02,0,6.559650e-01,-7.470767e-05,-3.831841e-01,6.229644e-01,4.673307e-01,-1.047170e+00,-7.110652e-01,2.064574e-01,8.770576e-01,7.157941e-01,-1.380982e-01,4.414639e-01,-1.867061e+00,-4.790255e-01,1.087942e-03,0,-1.497769e-03
1.558392e-03,3.398532e+00,3.626660e+00,-4.235530e+00,-1.344333e+00,-3.181339e+00,3.381528e+00,-2.709336e+00,-8.208302e+00,-2.552080e+00,1.259021e+01,7.186854e-01,-1.878189e+00,1.269266e-02,0,6.512055e-01,-5.608921e-05,-4.124213e-01,5.048603e-01,3.054986e-01,-6.022166e-01,-9.529644e-01,1.639915e-01,7.991754e-01,4.735993e-01,2.281146e-01,4.063186e-01,-9.743001e-01,-8.469877e-01,9.368390e-04,0,-7.145613e-03
1.506652e-03,2.917343e+00,4.380355e+00,-3.891560e+00,-1.900342e+00,-4.136745e+00,2.512113e+00,-1.801791e+00,-6.730928e+00,-2.399152e+00,1.194228e+01,1.408958e+00,-2.738443e+00,1.390148e-02,0,6.401930e-01,-2.577351e-05,-2.211588e-01,3.408254e-01,-2.526697e-01,3.289240e-01,-1.655050e-01,-7.107435e-01,3.082690e-02,6.518632e-01,6.194054e-01,3.817635e-01,8.830036e-02,-9.255081e-01,5.741917e-04,0,-1.001178e-02
1.439456e-03,2.624995e+00,5.053168e+00,-3.997031e+00,-5.380182e-01,-4.074919e+00,2.539479e+00,-2.499305e+00,-7.525292e+00,-1.840028e+00,1.232097e+01,1.466041e+00,-3.592900e+00,1.299486e-02,0,6.291366e-01,6.693749e-05,8.935066e-02,-2.456522e-01,-1.148900e+00,1.260954e+00,6.673262e-01,-1.832077e+00,-1.031091e+00,1.261054e+00,1.590073e+00,2.939093e-01,3.610729e-01,-3.397118e-01,8.461770e-04,0,-9.915942e-03
1.528321e-03,3.182240e+00,4.464462e+00,-6.119743e+00,1.478652e+00,-1.809515e+00,-7.876404e-01,-4.389845e+00,-5.236334e+00,-1.380428e-01,1.337702e+01,2.615819e+00,-4.480525e+00,1.390148e-02,0,6.169406e-01,1.971878e-04,3.844591e-01,-1.334396e+00,-2.014374e+00,1.881268e+00,1.221201e+00,-2.842187e+00,-1.687449e+00,2.243628e+00,2.553323e+00,3.308954e-02,3.424080e-01,4.290867e-01,1.662134e-03,0,-7.824195e-03
1.882244e-03,3.712837e+00,2.356346e+00,-8.865937e+00,3.270942e+00,-1.008323e+00,-4.128981e+00,-6.570766e+00,-2.650329e+00,4.267729e+00,1.334239e+01,1.920620e+00,-2.705708e+00,1.692354e-02,0,6.132520e-01,2.859008e-04,3.936877e-01,-2.147272e+00,-2.062180e+00,2.162333e+00,8.269461e-01,-3.360023e+00,-1.379074e+00,3.023460e+00,2.801199e+00,-8.563132e-01,-1.109746e-01,1.368104e+00,2.326987e-03,0,-6.248927e-03
2.271197e-03,4.295717e+00,-9.432137e-01,-1.152898e+01,5.601518e+00,4.359625e-01,-8.364592e+00,-8.203304e+00,2.049733e+00,7.313587e+00,1.159702e+01,2.893708e+00,-1.036606e+00,2.024781e-02,0,6.090143e-01,2.480972e-04,1.959702e-01,-2.200939e+00,-1.205664e+00,2.218141e+00,-1.328493e-01,-2.657307e+00,-6.418362e-01,2.628805e+00,2.178324e+00,-1.769377e+00,-4.505354e-01,1.522220e+00,1.118163e-03,0,-5.306554e-03
2.497522e-03,4.036694e+00,-2.979354e+00,-1.160331e+01,8.212213e+00,-1.062927e+00,-1.047216e+01,-7.487942e+00,3.948976e+00,8.440151e+00,8.929402e+00,7.722232e-01,1.525662e+00,2.145663e-02,0,6.018551e-01,1.142966e-04,6.172085e-03,-1.514873e+00,-1.160608e-01,2.022086e+00,-8.363592e-01,-1.864974e+00,2.026844e-02,1.770358e+00,1.205336e+00,-2.090354e+00,-2.841495e-01,1.071992e+00,-9.066183e-04,0,-5.882895e-03
2.461168e-03,4.000162e+00,-3.872381e+00,-1.077937e+01,1.009872e+01,-2.446460e+00,-1.090258e+01,-7.140438e+00,4.608037e+00,8.667365e+00,6.736627e+00,9.373400e-01,1.014892e+00,1.722575e-02,0,5.961062e-01,-3.572339e-05,-1.569124e-01,-5.135759e-01,7.393239e-01,1.386961e+00,-9.126160e-01,-1.154626e+00,1.073218e-01,8.243877e-01,4.836306e-01,-1.790427e+00,3.045796e-02,5.437817e-01,-2.629193e-03,0,-4.332709e-03
2.358741e-03,3.891475e+00,-3.753436e+00,-9.821044e+00,1.113277e+01,-3.748908e+00,-1.218485e+01,-7.000857e+00,4.922312e+00,9.617518e+00,5.320810e+00,1.478057e+00,1.628504e+00,1.390148e-02,0,5.902916e-01,-1.376636e-04,-2.904363e-01,1.445958e-01,1.061809e+00,6.813906e-01,-1.456165e-01,-1.052974e+00,-2.126517e-01,5.572280e-01,-2.198282e-01,-9.252194e-01,7.770165e-01,5.813821e-01,-2.629193e-03,0,-5.334687e-03
2.161970e-03,3.583765e+00,-3.124052e+00,-8.723495e+00,1.107605e+01,-2.784127e+00,-1.328137e+01,-7.910238e+00,5.685004e+00,9.143056e+00,4.449177e+00,2.693082e+00,1.630881e+00,1.087942e-02,0,5.931326e-01,-2.088676e-04,-6.286843e-01,6.687682e-01,1.500618e+00,3.356472e-01,6.326921e-01,-8.672823e-01,-1.547799e-01,4.216060e-01,-1.100965e+00,-2.275046e-01,5.893002e-01,1.014986e+00,-9.066183e-04,0,-8.895939e-03
1.958804e-03,2.792711e+00,-2.630540e+00,-7.322207e+00,1.113050e+01,-1.622176e+00,-1.454764e+01,-8.166301e+00,6.196632e+00,7.103165e+00,5.447031e+00,3.779435e+00,4.124578e+00,1.148383e-02,0,5.766685e-01,-2.602374e-04,-1.084875e+00,9.928738e-01,1.820290e+00,1.554805e-01,1.116663e+00,1.446159e-01,6.141624e-01,3.566023e-01,-1.362662e+00,-2.608439e-01,4.398053e-02,8.673582e-01,1.148383e-03,0,-1.694341e-02
1.616799e-03,1.406122e+00,-1.089989e+00,-4.525701e+00,1.177809e+01,-3.463651e-01,-1.405760e+01,-7.331615e+00,6.078907e+00,4.419718e+00,5.535994e+00,2.733152e+00,4.841784e+00,1.390148e-02,0,5.584381e-01,-2.363746e-04,-1.305531e+00,1.029950e+00,1.809047e+00,1.463568e-01,9.203350e-01,6.965071e-01,1.595107e+00,4.697574e-01,-1.417170e+00,-7.876269e-01,1.385291e-01,9.075489e-02,2.236325e-03,0,-1.952743e-02
1.330140e-03,-4.440763e-01,1.939011e-01,-2.818491e+00,1.155915e+01,6.155283e-01,-1.107366e+01,-4.219356e+00,6.508372e+00,5.165876e+00,3.473182e+00,1.677924e+00,4.359844e+00,1.813237e-02,0,5.229217e-01,-1.258579e-04,-9.273845e-01,7.176867e-01,1.121722e+00,1.943372e-01,9.158842e-02,3.147961e-01,2.255728e+00,8.109646e-01,-9.703781e-01,-1.518640e+00,5.778447e-01,-6.745947e-01,1.934119e-03,0,-1.142775e-02
1.294429e-03,-1.325497e+00,6.134787e-01,-1.930119e+00,1.159351e+01,6.986957e-01,-1.153583e+01,-1.908175e+00,7.877921e+00,3.025851e+00,1.497966e+00,4.436482e+00,1.967023e+00,1.873678e-02,0,5.223688e-01,6.083104e-05,3.521184e-02,2.118247e-02,1.455280e-01,5.730052e-01,-1.163005e+00,-9.196728e-01,1.693393e+00,8.676449e-01,-9.480286e-01,-1.706895e+00,1.570760e+00,-5.325044e-01,6.648533e-04,0,4.474074e-03
1.490699e-03,-4.784016e-01,1.061598e-01,-3.011386e+00,1.219448e+01,-1.686764e+00,-1.423455e+01,4.006163e-01,9.351948e+00,2.948208e+00,-1.271535e-01,5.816993e+00,2.188986e+00,1.873678e-02,0,5.375644e-01,1.968818e-04,9.914711e-01,-4.175932e-01,-5.074281e-01,1.233526e+00,-2.033816e+00,-1.879528e+00,6.107153e-01,1.553517e-01,-1.137215e+00,-1.468199e+00,1.308682e+00,2.603280e-01,-6.044134e-05,0,1.897269e-02
1.840675e-03,1.599344e+00,-9.402058e-01,-3.701614e+00,1.432545e+01,-5.010243e+00,-1.707552e+01,-1.174638e+00,8.995343e+00,7.884098e-01,-1.198311e+00,8.517417e+00,3.264691e+00,1.692354e-02,0,5.734871e-01,2.232171e-04,1.318817e+00,-5.871815e-01,-5.795500e-01,1.388041e+00,-2.164892e+00,-1.404085e+00,-4.269147e-01,-7.635785e-01,-1.071268e+00,-1.191330e+00,2.635823e-01,9.721977e-01,3.022063e-04,0,2.089012e-02
2.041426e-03,3.050859e+00,-1.117223e+00,-4.469884e+00,1.636081e+01,-6.699080e+00,-1.770145e+01,-1.532547e+00,6.726419e+00,5.985221e-01,-2.519677e+00,6.180868e+00,5.012650e+00,1.873678e-02,0,5.922260e-01,1.404884e-04,1.010589e+00,-4.125516e-01,-3.769386e-01,1.113883e+00,-1.770488e+00,-4.508449e-01,-1.017331e+00,-1.377691e+00,-1.029140e+00,-7.574964e-01,-8.014969e-01,9.259477e-01,9.368391e-04,0,1.524886e-02
2.135151e-03,3.503958e+00,-1.710738e+00,-4.098620e+00,1.645055e+01,-7.619608e+00,-1.682280e+01,-3.076166e+00,5.372793e+00,-1.155649e+00,-3.262421e+00,5.572456e+00,5.416180e+00,2.024781e-02,0,5.994886e-01,8.572848e-06,3.797897e-01,-1.634235e-01,-2.342749e-01,2.291319e-01,-1.176566e+00,7.135332e-01,-1.135372e+00,-7.955781e-01,-3.567630e-01,-3.347160e-01,-1.761403e+00,3.833984e-01,1.269266e-03,0,4.453999e-03
2.045903e-03,3.622235e+00,-1.571333e+00,-4.697576e+00,1.670135e+01,-9.234523e+00,-1.661513e+01,-3.735275e+00,4.274771e+00,-1.225461e+00,-2.882580e+00,3.281989e+00,5.742980e+00,2.175884e-02,0,6.008080e-01,-1.150561e-04,-2.065126e-01,2.932462e-01,-8.019605e-02,-6.464702e-01,-4.904694e-02,1.596797e+00,-1.091666e+00,-1.538812e-01,3.096913e-01,3.626038e-01,-1.565932e+00,-1.994661e-01,3.928684e-04,0,-6.259322e-04
1.881300e-03,3.212605e+00,-1.530269e+00,-4.759142e+00,1.530084e+01,-9.625352e+00,-1.405102e+01,-5.750132e+00,6.243277e+00,-8.341392e-02,-2.690439e+00,1.159840e+00,4.816518e+00,2.175884e-02,0,5.914661e-01,-2.024582e-04,-6.786373e-01,1.097434e+00,5.594708e-01,-1.233532e+00,1.385887e+00,1.857677e+00,-7.313548e-01,3.082936e-01,9.162401e-01,1.253204e+00,-1.134392e+00,-5.212461e-01,-5.439712e-04,0,-2.738535e-04
1.593071e-03,2.163973e+00,2.587740e-01,-4.540603e+00,1.370331e+01,-5.941443e+00,-1.110336e+01,-5.653892e+00,5.521771e+00,1.610861e+00,-9.926489e-01,5.575177e-01,4.315150e+00,1.994560e-02,0,5.931076e-01,-2.407610e-04,-1.123429e+00,1.635475e+00,1.495665e+00,-1.211162e+00,2.816847e+00,1.833077e+00,-8.716564e-02,1.658113e-01,8.988134e-01,2.270947e+00,1.525084e-01,-4.706758e-01,-9.972801e-04,0,-2.741218e-05
1.349277e-03,8.399033e-01,2.861380e+00,-1.379753e+00,1.178191e+01,-2.336713e+00,-1.029030e+01,-5.773632e+00,6.290761e+00,2.007391e+00,2.058635e+00,1.262730e+00,3.523865e+00,1.843457e-02,0,6.019695e-01,-2.101344e-04,-1.255715e+00,1.650057e+00,1.878472e+00,-5.716590e-01,2.884628e+00,1.258352e+00,3.734599e-01,3.438235e-01,7.822333e-01,2.275629e+00,8.437005e-01,-1.163510e-01,-8.763978e-04,0,-1.861197e-03
1.108110e-03,-8.085572e-01,4.410219e+00,1.091055e+00,1.240501e+01,1.205393e+00,-9.330105e+00,-4.159354e+00,5.080086e+00,2.223204e+00,6.097617e+00,3.993086e+00,4.035928e+00,1.843457e-02,0,5.954192e-01,-1.328325e-04,-9.784738e-01,8.907989e-01,1.333847e+00,-1.677093e-01,1.996514e+00,9.524301e-01,6.220889e-01,8.881533e-01,9.642997e-01,1.187626e+00,7.237560e-01,2.622261e-01,-5.137505e-04,0,-5.411095e-03
1.073109e-03,-1.579705e+00,4.644293e+00,1.817387e+00,1.309170e+01,1.224368e+00,-8.645885e+00,-4.630102e+00,8.183237e+00,3.521581e+00,5.142574e+00,3.660559e+00,4.374374e+00,1.813237e-02,0,5.810043e-01,-3.639824e-05,-2.306411e-01,-4.207230e-03,-1.144351e-01,-1.273947e-01,7.583332e-01,8.727959e-01,4.607785e-01,1.085575e+00,1.367601e+00,-4.768057e-01,3.183243e-02,4.660152e-01,-9.972800e-04,0,-3.195667e-03
1.066992e-03,-1.518593e+00,3.821312e+00,5.300604e-01,1.220987e+01,2.260584e+00,-7.163418e+00,-3.115212e+00,9.016299e+00,5.675265e+00,3.403510e+00,2.977383e+00,5.201025e+00,1.752795e-02,0,5.765347e-01,8.252331e-05,6.215181e-01,-7.559468e-01,-1.285652e+00,-2.957047e-01,-8.115534e-01,1.636384e-01,2.427111e-01,7.836162e-01,1.392750e+00,-1.307946e+00,-3.928723e-01,4.151918e-01,-1.269266e-03,0,2.092481e-03
1.187844e-03,4.171550e-02,3.134797e+00,-1.671431e+00,1.124250e+01,9.273575e-01,-7.009666e+00,-3.991810e+00,9.750526e+00,7.119364e+00,1.021660e+00,1.929744e+00,5.271391e+00,1.390148e-02,0,5.954334e-01,2.008685e-04,1.157681e+00,-1.387582e+00,-1.824510e+00,2.503188e-01,-1.894475e+00,-9.224545e-01,8.329551e-02,3.768540e-03,7.624278e-01,-1.012403e+00,1.146744e-01,4.067773e-01,-6.346327e-04,0,1.825690e-03
1.463359e-03,1.488323e+00,1.385233e+00,-3.592794e+00,1.185108e+01,-2.703869e+00,-9.330022e+00,-3.264944e+00,8.214522e+00,7.388062e+00,1.618344e+00,2.894132e+00,5.663378e+00,1.420369e-02,0,5.986671e-01,2.917411e-04,1.265115e+00,-1.687837e+00,-1.407961e+00,9.708336e-01,-2.676224e+00,-1.924358e+00,-6.069551e-02,-2.447609e-01,1.215444e-02,-1.036146e+00,4.939093e-01,3.464363e-01,8.763975e-04,0,-4.127467e-03
1.879268e-03,2.705240e+00,-1.075578e+00,-5.243734e+00,1.452269e+01,-5.765782e+00,-1.217486e+01,-4.138758e+00,8.602968e+00,6.477322e+00,9.731421e-01,4.275557e+00,6.177084e+00,1.662134e-02,0,5.790666e-01,2.706932e-04,9.344977e-01,-1.409640e+00,-5.220014e-01,1.134067e+00,-1.982291e+00,-2.200476e+00,1.409117e-01,-6.051340e-02,-7.101787e-01,-1.136638e+00,8.457190e-01,1.897943e-01,1.843457e-03,0,-9.274269e-03
2.179986e-03,3.475220e+00,-2.512686e+00,-4.723594e+00,1.542395e+01,-7.773966e+00,-1.420261e+01,-3.345216e+00,8.366274e+00,6.057058e+00,-1.752960e+00,4.274024e+00,6.480361e+00,2.055001e-02,0,5.640808e-01,1.083243e-04,2.384142e-01,-3.169948e-01,7.539293e-01,3.811606e-01,-4.406257e-01,-1.546084e+00,3.896835e-01,2.356094e-01,-9.452409e-01,-1.343374e+00,4.974577e-01,-8.671141e-02,8.159563e-04,0,-4.915780e-03
2.182997e-03,3.720755e+00,-1.964444e+00,-3.716038e+00,1.512640e+01,-6.449046e+00,-1.557575e+01,-3.247116e+00,9.372084e+00,4.233972e+00,-2.975877e+00,5.468393e+00,5.811872e+00,1.994560e-02,0,5.663552e-01,-1.075660e-04,-8.866582e-01,1.053076e+00,1.670861e+00,-4.742655e-01,9.205843e-01,-6.598927e-01,9.715961e-01,-9.335069e-02,-9.387754e-01,-7.799302e-01,5.254070e-01,-5.459627e-01,-1.057721e-03,0,-1.095992e-03
1.853116e-03,2.172637e+00,2.446923e-01,-5.869955e-01,1.345502e+01,-4.565365e+00,-1.535999e+01,-1.762348e+00,9.008012e+00,3.783532e+00,-3.124014e+00,4.785002e+00,5.412427e+00,1.662134e-02,0,5.804439e-01,-2.295934e-04,-2.369921e+00,1.582855e+00,1.892051e+00,-4.214736e-01,2.055686e+00,2.039398e-01,1.336722e+00,-4.613134e-01,-2.663811e-01,1.894352e-01,7.725645e-01,-6.016048e-01,2.417655e-04,0,-5.953926e-03
1.504873e-03,-1.076759e+00,2.811113e+00,1.042273e+00,1.313582e+01,-2.767161e+00,-1.489563e+01,-7.221174e-02,7.815346e+00,2.920208e+00,-2.240982e+00,6.647102e+00,3.981237e+00,1.329707e-02,0,5.654051e-01,-1.667071e-04,-3.733117e+00,1.211564e+00,1.320923e+00,4.166689e-02,1.903515e+00,5.765612e-01,1.558590e+00,-1.031972e+00,3.478051e-01,3.771469e-01,8.568204e-01,-8.111707e-01,6.890300e-03,0,-1.070088e-02
1.371081e-03,-5.975629e+00,3.013811e+00,2.357505e+00,1.431187e+01,6.635213e-01,-1.352298e+01,1.750941e+00,6.838076e+00,5.382035e+00,-1.173231e+00,7.547492e+00,4.387654e+00,2.508311e-02,0,5.347862e-01,6.368019e-05,-4.388700e+00,4.790493e-01,3.528862e-01,6.001496e-01,1.616901e+00,-3.062811e-01,1.138279e+00,-8.765079e-01,7.279789e-01,2.269117e-01,5.034984e-01,-8.682718e-01,1.970384e-02,0,-4.654641e-02
1.590479e-03,-1.087069e+01,2.708817e+00,1.416328e+00,1.490632e+01,4.540864e-01,-1.361145e+01,2.789190e+00,5.297193e+00,5.173746e+00,-2.065534e+00,8.371250e+00,2.268405e+00,5.016622e-02,0,5.356796e-01,3.440954e-04,-4.143369e+00,2.096609e-01,-4.891855e-01,1.773875e-01,1.046875e+00,-1.464769e+00,7.404479e-01,-6.817786e-01,5.987788e-01,-2.328634e-03,-4.480464e-01,-1.170636e+00,3.055304e-02,0,-9.043191e-02
2.128714e-03,-1.487389e+01,2.691087e+00,9.904079e-01,1.557052e+01,1.908518e+00,-1.753349e+01,2.498345e+00,5.884549e+00,6.296658e+00,-2.077180e+00,6.440421e+00,1.927484e+00,9.670595e-02,0,3.625745e-01,5.100606e-04,-3.070842e+00,6.476972e-01,-1.005038e+00,-6.786764e-01,9.624511e-01,-2.384023e+00,8.499241e-03,-5.680772e-01,-1.332969e-01,-1.251251e-01,-1.250785e+00,-1.269324e+00,3.230583e-02,0,-1.405901e-01
2.846533e-03,-1.734447e+01,4.020780e+00,-7.201063e-01,1.339343e+01,1.844717e+00,-2.021422e+01,3.256325e+00,4.883216e+00,5.456791e+00,-1.800651e+00,4.960406e+00,-6.418560e-01,1.302508e-01,0,1.993514e-01,5.446696e-04,-1.820691e+00,8.070537e-01,-8.751098e-01,-1.152236e+00,1.428991e+00,-2.166216e+00,-2.106578e-01,-3.888301e-01,-6.590313e-01,1.813681e-01,-1.905969e+00,-1.244417e+00,2.281656e-02,0,-1.433934e-01
3.293357e-03,-1.809295e+01,5.596316e+00,-1.599466e+00,1.167493e+01,4.780462e+00,-2.214171e+01,1.559869e+00,4.204678e+00,4.574028e+00,-1.931298e+00,2.998988e+00,-5.038344e-01,1.465700e-01,0,0,4.678942e-04,-8.361582e-01,7.241072e-01,-4.012486e-01,-1.078200e+00,1.211198e+00,-1.440730e+00,-2.896866e-01,-3.687709e-01,-1.532758e+00,2.612962e-01,-2.353044e+00,-1.329238e+00,7.676034e-03,0,-9.245005e-02
3.731505e-03,-1.836462e+01,5.291471e+00,-1.664284e+00,1.109293e+01,6.163070e+00,-2.213842e+01,2.205139e+00,4.192978e+00,2.739905e+00,-1.231634e+00,5.621231e-01,-2.738021e+00,1.393170e-01,0,0,3.685303e-04,-3.677486e-01,1.761505e-01,8.653297e-02,-2.843733e-01,1.078794e+00,-9.984228e-01,3.075201e-02,1.656107e-01,-1.935521e+00,9.193391e-01,-2.355410e+00,-1.346897e+00,-8.159563e-04,0,-3.987028e-02
4.025699e-03,-1.854461e+01,5.676277e+00,-5.437465e-01,1.132978e+01,5.805331e+00,-2.377503e+01,1.575505e+00,4.385813e+00,-8.690755e-03,-1.055207e+00,-3.125657e+00,-3.670622e+00,1.305530e-01,0,0,2.697979e-04,-2.238146e-01,-4.501276e-02,-2.146359e-01,-1.814355e-01,5.044679e-01,-8.337168e-01,1.994559e-01,2.996427e-01,-2.065317e+00,1.626948e+00,-1.991511e+00,-1.374356e+00,4.533082e-04,0,0
4.323014e-03,-1.895739e+01,4.861552e+00,-8.153014e-01,1.214414e+01,6.726254e+00,-2.438967e+01,3.402267e+00,5.620702e+00,-1.929454e+00,2.357999e+00,-3.754324e+00,-5.792947e+00,1.341795e-01,0,0,1.550179e-04,-6.347847e-02,1.666519e-01,-9.007897e-01,-3.773220e-01,4.193050e-01,-8.754032e-01,-5.490781e-01,-1.795994e-01,-1.432577e+00,1.833936e+00,-9.920582e-01,-5.847009e-01,9.035963e-03,0,0
4.346592e-03,-1.891564e+01,5.586212e+00,-3.097137e+00,1.024215e+01,7.021210e+00,-2.518467e+01,1.958584e+00,4.989029e+00,-3.417878e+00,4.408627e+00,-4.800345e+00,-5.848152e+00,1.514053e-01,0,0,6.753551e-05,-4.807339e-02,3.119356e-01,-1.315718e+00,-8.139678e-01,6.102985e-01,-5.968863e-01,-1.201272e+00,-8.131912e-01,-8.122331e-01,1.191735e+00,-1.452927e-01,3.602954e-01,1.547295e-02,0,0
4.346148e-03,-1.849650e+01,6.169763e+00,-4.891538e+00,9.750134e+00,7.651656e+00,-2.581062e+01,-7.317907e-01,2.993373e+00,-2.718385e+00,5.206129e+00,-3.560824e+00,-4.572761e+00,1.740707e-01,0,0,-1.506978e-05,-8.767185e-02,4.132951e-01,-7.203674e-01,-8.432634e-01,4.966748e-01,6.779709e-02,-1.552730e+00,-8.723440e-01,-4.526587e-01,-1.274776e-01,2.010065e-01,1.591945e+00,1.332729e-02,0,4.823598e-02
4.351810e-03,-1.901542e+01,6.581850e+00,-5.084219e+00,8.456941e+00,8.394122e+00,-2.604899e+01,-2.363824e+00,1.633522e+00,-3.675390e+00,3.479404e+00,-3.948870e+00,-2.479238e+00,1.879722e-01,0,0,-9.638457e-05,-3.646011e-01,1.375546e-02,5.698810e-01,-3.326320e-01,3.287987e-01,1.013775e+00,-3.103678e-01,-1.277246e-01,-8.038702e-01,-1.339990e+00,8.884907e-02,1.926240e+00,1.752797e-03,0,7.235397e-02
4.245056e-03,-1.934586e+01,6.430208e+00,-3.423598e+00,8.820428e+00,8.523171e+00,-2.361852e+01,-2.200177e+00,2.936736e+00,-4.063992e+00,2.185222e+00,-3.175029e+00,4.823203e-01,1.825325e-01,0,2.411799e-01,-2.717048e-04,-3.576517e-01,-4.993048e-01,1.461090e+00,3.812151e-01,-5.701903e-01,1.769411e+00,1.132661e+00,8.490704e-01,-8.116609e-01,-1.578736e+00,-3.023472e-01,1.846626e+00,-1.577516e-02,0,7.235397e-02
3.915215e-03,-2.031397e+01,5.524766e+00,-9.817025e-01,9.043841e+00,8.229445e+00,-2.121184e+01,1.140939e+00,4.378725e+00,-6.764426e+00,-7.808681e-01,-4.548997e+00,1.255509e+00,1.559384e-01,0,2.411799e-01,-4.975476e-04,1.555269e-01,-9.475010e-01,1.513905e+00,1.064024e+00,-1.144605e+00,2.389221e+00,1.986273e+00,1.125256e+00,-5.526207e-01,-1.143963e+00,1.058302e-01,1.066299e+00,-3.209429e-02,0,0
3.205921e-03,-1.963548e+01,4.201781e+00,3.626535e-01,1.136276e+01,4.883043e+00,-1.938214e+01,3.179134e+00,5.866123e+00,-5.232172e+00,-5.574172e-01,-4.772497e+00,2.792994e+00,1.112118e-01,0,2.411799e-01,-6.748309e-04,1.102927e+00,-7.312663e-01,1.096937e+00,1.192522e+00,-9.086317e-01,2.541849e+00,1.269287e+00,1.217483e+00,2.930636e-01,-3.301578e-01,4.320846e-01,3.108748e-01,-3.998187e-02,0,-4.623065e-02
2.383639e-03,-1.809297e+01,2.958558e+00,5.921796e-01,1.250590e+01,4.491163e+00,-1.622108e+01,4.877884e+00,5.795109e+00,-5.854404e+00,-8.690895e-01,-2.620985e+00,1.696920e+00,6.316108e-02,0,0,-6.569069e-04,2.504743e+00,3.958067e-01,6.521729e-01,2.897571e-01,-7.449293e-01,2.461026e+00,-1.103659e-01,1.102070e+00,7.957316e-01,2.217941e-01,1.014837e+00,-1.165608e-01,-3.614385e-02,0,6.891072e-03
1.636689e-03,-1.494172e+01,4.056981e+00,1.274147e+00,1.305201e+01,5.849154e+00,-1.340466e+01,2.277783e+00,8.315961e+00,-3.053685e+00,5.785443e-01,-1.978612e+00,1.815989e+00,2.901179e-02,0,1.306166e-01,-4.381337e-04,3.510329e+00,1.421399e+00,4.384701e-01,-9.316630e-01,-5.744739e-01,1.206737e+00,-1.002429e+00,7.909505e-01,3.271285e-01,1.906391e-01,9.081017e-01,-1.941235e-01,-2.390450e-02,0,8.955155e-02
1.415296e-03,-1.013714e+01,7.576200e+00,1.823415e+00,9.648002e+00,4.021743e+00,-1.189545e+01,1.039785e+00,8.664157e+00,-3.875011e+00,-2.398783e-01,-8.717546e-01,1.161207e+00,1.631913e-02,0,3.309169e-01,-1.602663e-04,3.949710e+00,1.453882e+00,5.785264e-02,-1.655249e+00,-1.708022e+00,-2.361617e-01,-1.121703e+00,1.717825e-02,-6.226039e-02,1.874575e-01,6.765393e-01,-1.532353e-01,-1.081898e-02,0,1.565647e-01
1.499424e-03,-6.061756e+00,8.999955e+00,1.939386e+00,8.133391e+00,2.245383e+00,-1.551127e+01,8.603648e-02,8.386352e+00,-4.586226e+00,8.117279e-02,-1.106604e+00,2.090233e+00,1.511031e-02,0,5.234792e-01,2.298200e-05,3.214143e+00,6.271623e-01,-2.554179e-01,-1.391753e+00,-2.072670e+00,-6.550511e-01,-3.303719e-01,-8.584410e-01,-2.493487e-01,1.223554e-01,4.084260e-01,-5.056108e-01,-2.447870e-03,0,1.174227e-01
1.650940e-03,-2.784405e+00,7.756483e+00,5.488231e-01,6.688962e+00,-2.247059e+00,-1.634858e+01,3.652435e-01,5.845805e+00,-5.399436e+00,3.168837e-01,3.257073e-01,7.936211e-01,1.601692e-02,0,5.863923e-01,3.220328e-05,1.753774e+00,2.576915e-01,-1.210249e-01,-5.757771e-01,-1.552027e+00,5.023602e-01,2.493725e-01,-9.824488e-01,5.690266e-01,4.194330e-01,-4.911092e-01,-8.937985e-01,3.022059e-04,0,6.129967e-02
1.633777e-03,-2.547368e+00,7.102651e+00,6.343532e-01,7.572762e+00,-1.379794e+00,-1.445335e+01,9.631936e-01,5.432932e+00,-3.538217e+00,9.119404e-01,-5.352128e-01,-5.282722e-01,1.692354e-02,0,5.899926e-01,-4.858600e-05,3.520344e-01,8.648728e-01,5.772973e-01,-1.601108e-01,-5.289669e-01,2.277674e+00,7.145772e-01,-4.366582e-01,1.114091e+00,5.705762e-01,-1.287205e+00,-1.312570e+00,6.346327e-04,0,2.197621e-02
1.509136e-03,-3.125458e+00,9.813310e+00,1.870807e+00,7.049431e+00,-1.925801e+00,-9.912606e+00,1.848069e+00,5.228622e+00,-1.553883e+00,1.441903e+00,-3.612996e+00,-1.998533e+00,1.692354e-02,0,6.041586e-01,-1.127888e-04,-5.316612e-01,1.616137e+00,1.407806e+00,2.363314e-01,5.160755e-01,2.349962e+00,9.109732e-01,1.528073e-01,1.253439e+00,6.842794e-01,-2.071645e+00,-8.405301e-01,-5.741915e-04,0,1.081972e-02
1.327396e-03,-4.131057e+00,1.229591e+01,4.164881e+00,7.152603e+00,-5.600805e-01,-7.340885e+00,2.917510e+00,6.511652e+00,-9.385468e-01,2.371544e+00,-5.573278e+00,-3.076541e+00,1.783016e-02,0,6.244771e-01,-1.188241e-04,-6.715933e-01,1.543766e+00,1.576790e+00,2.215227e-01,7.436656e-01,1.535306e+00,8.744231e-01,2.039983e-01,5.934827e-01,4.378247e-01,-1.387763e+00,-1.440123e-01,-1.934119e-03,0,7.939070e-03
1.240187e-03,-4.650867e+00,1.324054e+01,5.822589e+00,8.080699e+00,-7.653861e-02,-8.155004e+00,3.942951e+00,6.070482e+00,-4.320763e-01,3.008479e+00,-7.513486e+00,-2.134895e+00,1.269266e-02,0,6.232487e-01,-8.760816e-05,-4.896355e-01,8.219401e-01,1.085656e+00,2.967072e-01,9.663793e-01,2.786480e-01,7.463789e-01,8.889876e-02,-6.838619e-02,-6.536372e-02,-3.798749e-01,8.916219e-01,-2.478090e-03,0,-9.032262e-03
1.174131e-03,-5.142630e+00,1.310787e+01,6.542412e+00,8.164742e+00,1.413902e+00,-7.655627e+00,4.287868e+00,6.031994e+00,-1.131706e+00,2.317776e+00,-5.523783e+00,-1.180152e+00,9.368389e-03,0,6.201429e-01,-5.305431e-05,-3.564955e-01,2.283007e-01,3.623955e-01,3.375924e-01,1.115591e+00,2.893322e-01,3.009343e-01,-2.986770e-01,-8.281721e-01,-5.494490e-01,6.583353e-01,1.389735e+00,-1.843457e-03,0,-2.037610e-02
1.147728e-03,-5.067850e+00,1.351703e+01,6.110323e+00,8.026897e+00,1.919104e+00,-8.361996e+00,4.894784e+00,5.912945e+00,-1.799234e+00,1.141968e+00,-5.537118e+00,1.511382e+00,8.763977e-03,0,5.611644e-01,-3.853712e-05,-3.238784e-01,9.401893e-03,-5.730491e-02,4.567888e-01,1.072476e+00,7.691415e-01,-1.349234e-01,-5.359136e-01,-1.011289e+00,-6.017065e-01,1.038625e+00,1.291676e+00,-2.417648e-04,0,-2.049749e-02
1.108354e-03,-5.705043e+00,1.329916e+01,5.832991e+00,8.867466e+00,4.020054e+00,-5.790728e+00,3.946265e+00,5.097035e+00,-4.395828e+00,5.575544e-01,-3.269786e+00,2.048996e+00,1.057721e-02,0,5.536388e-01,-3.720939e-05,-3.703786e-01,5.612784e-02,-1.331315e-01,5.126759e-01,9.087070e-01,1.139392e+00,-3.670238e-01,-8.522183e-01,-6.766925e-01,-2.228649e-02,7.549879e-01,8.004274e-01,2.719856e-04,0,-4.491497e-02
1.080390e-03,-5.989052e+00,1.319190e+01,5.890775e+00,1.001328e+01,3.982764e+00,-5.241745e+00,3.439136e+00,3.858394e+00,-3.856462e+00,8.800572e-01,-3.447358e+00,2.708910e+00,1.087942e-02,0,5.540133e-01,-3.759281e-05,-2.038610e-01,-7.243271e-02,-1.338426e-01,9.347391e-02,6.677743e-01,1.217082e+00,-3.177814e-01,-1.064677e+00,-1.945312e-01,8.020092e-01,7.522772e-01,-3.835440e-03,2.719855e-04,0,-8.688299e-02
1.021753e-03,-6.533922e+00,1.355107e+01,5.986528e+00,9.734929e+00,4.925607e+00,-3.518791e+00,3.180573e+00,2.798178e+00,-3.486555e+00,2.337299e+00,-2.793724e+00,2.223221e+00,9.670596e-03,0,3.991435e-01,-1.804399e-05,4.755274e-01,-6.358403e-01,-7.812651e-01,-6.387922e-01,2.843083e-01,6.658772e-01,-6.175005e-01,-1.169410e+00,2.801796e-01,1.142270e+00,1.085324e+00,-4.926489e-01,2.115444e-04,0,-1.079148e-01
1.003064e-03,-5.672716e+00,1.302891e+01,5.364342e+00,8.060535e+00,4.805199e+00,-3.412556e+00,3.688723e+00,1.738991e+00,-3.226527e+00,4.262142e+00,-2.013763e+00,1.405093e+00,1.057721e-02,0,2.039970e-01,3.991549e-05,1.261065e+00,-1.944051e+00,-1.645241e+00,-7.051577e-01,-2.382566e-01,-6.749034e-03,-1.367750e+00,-1.183635e+00,3.201758e-01,5.622455e-01,1.661818e+00,-5.263532e-01,7.555151e-04,0,-5.574875e-02
1.056797e-03,-3.485574e+00,1.020146e+01,2.189882e+00,6.649878e+00,5.030378e+00,-3.375937e+00,7.339690e-01,3.096850e-01,-3.309898e+00,4.577864e+00,1.440039e+00,2.376599e-01,1.178604e-02,0,1.890730e-01,1.039796e-04,1.776671e+00,-3.167116e+00,-2.109108e+00,3.802490e-02,-1.158771e+00,-1.390580e+00,-2.369126e+00,-4.089417e-01,9.181484e-01,-7.199101e-01,1.653529e+00,-3.440944e-02,1.027501e-03,0,5.220428e-02
1.262446e-03,-1.207899e+00,5.146454e+00,-4.371095e-01,8.030018e+00,2.739096e+00,-5.346918e+00,-2.176312e+00,-8.155339e-01,-2.343911e+00,2.571002e+00,2.744850e+00,1.069924e+00,1.359927e-02,0,3.803048e-01,1.236687e-04,1.395677e+00,-3.334657e+00,-1.395421e+00,1.175914e+00,-1.724183e+00,-2.550187e+00,-2.525197e+00,9.679635e-01,1.378265e+00,-1.642780e+00,7.166997e-01,4.471061e-01,6.950740e-04,0,1.129656e-01
1.411960e-03,1.170263e-01,1.656721e+00,-1.658286e+00,9.940312e+00,1.648037e-01,-9.504512e+00,-5.732539e+00,2.030733e+00,6.628795e-01,-4.166819e-01,3.094614e+00,2.218758e+00,1.329707e-02,0,5.720111e-01,7.212965e-05,5.024802e-01,-2.110451e+00,2.820449e-02,1.570356e+00,-1.517188e+00,-3.135189e+00,-1.495111e+00,2.165851e+00,1.310604e+00,-1.602940e+00,-3.387414e-01,6.962022e-01,-2.115443e-04,0,9.771352e-02
1.443826e-03,-4.956318e-01,6.279948e-01,3.113203e-01,1.229489e+01,-1.382930e+00,-1.309920e+01,-5.704010e+00,5.718285e+00,1.678408e+00,-1.454486e+00,7.424472e-01,2.650074e+00,1.329707e-02,0,5.773560e-01,-1.230941e-05,-3.089258e-01,-3.845097e-01,9.193710e-01,9.779283e-01,-7.127919e-01,-2.561851e+00,-3.864184e-01,2.602378e+00,5.825844e-01,-1.039253e+00,-7.525811e-01,5.957032e-01,-4.835297e-04,0,3.893328e-02
1.326755e-03,-1.329307e+00,1.908432e+00,1.956690e+00,1.236922e+01,-4.945479e-01,-1.517574e+01,-4.977736e+00,7.872028e+00,1.231961e+00,-1.424091e+00,7.475330e-01,2.928596e+00,1.087942e-02,0,5.791150e-01,-5.340644e-05,-5.636147e-01,5.653244e-01,9.877664e-01,2.442579e-01,-1.758261e-01,-1.478074e+00,6.174262e-01,1.910375e+00,-3.199698e-01,-6.420489e-01,-6.649361e-01,6.290666e-01,3.324267e-04,0,-3.121275e-03
1.243501e-03,-2.029361e+00,3.098050e+00,2.352258e+00,1.170520e+01,-4.951880e-01,-1.532056e+01,-4.485806e+00,9.275710e+00,2.844698e-01,-2.121556e+00,1.554847e-01,3.693521e+00,1.239045e-02,0,5.714192e-01,-4.707829e-05,-2.253837e-01,6.618551e-01,3.194408e-01,-1.529661e-01,-2.013203e-01,-6.667469e-01,7.725186e-01,1.266249e+00,-6.740835e-01,-6.081950e-01,-5.640325e-02,5.112944e-01,1.662134e-03,0,-6.759596e-03
1.245091e-03,-1.934183e+00,3.248316e+00,2.260077e+00,1.145644e+01,-1.158198e+00,-1.578421e+01,-3.254510e+00,9.803893e+00,-2.400006e-01,-3.293391e+00,6.341481e-02,4.842368e+00,1.541251e-02,0,5.593731e-01,-1.136449e-05,2.514851e-01,2.686138e-01,-3.102025e-01,-1.607494e-02,-6.738785e-01,-2.426499e-01,1.022873e+00,5.723317e-01,-5.735142e-01,-2.750316e-01,1.420046e-01,1.321100e-01,2.206104e-03,0,-3.536141e-03
1.249267e-03,-1.320113e+00,3.267329e+00,1.756831e+00,1.198645e+01,-2.057707e+00,-1.612870e+01,-2.703030e+00,1.108360e+01,-9.560292e-01,-3.560810e+00,8.024901e-01,4.249660e+00,1.934119e-02,0,5.534290e-01,5.590182e-06,5.790915e-01,1.161057e-01,-5.939543e-01,6.476097e-02,-8.295513e-01,-1.491165e-02,1.160893e+00,-1.741925e-01,-4.404899e-01,4.134812e-01,4.022885e-01,-3.122089e-01,6.648534e-04,0,5.415714e-03
1.267050e-03,-4.265062e-01,3.166862e+00,7.033908e-01,1.214823e+01,-3.082681e+00,-1.598492e+01,-7.547600e-01,9.829744e+00,-1.015361e+00,-2.079622e+00,1.134053e+00,3.311076e+00,1.843457e-02,0,5.704294e-01,6.513181e-06,5.746666e-01,1.766288e-01,-5.922620e-01,1.131630e-03,-9.721559e-01,2.997299e-01,1.094216e+00,-8.988921e-01,-3.752163e-01,9.310650e-01,4.551976e-01,-6.167393e-01,-3.928683e-04,0,1.309738e-02
1.260472e-03,1.122580e-01,3.719306e+00,1.608292e-01,1.168312e+01,-3.680703e+00,-1.529476e+01,6.878545e-02,8.391822e+00,-1.530300e+00,-6.610346e-01,1.631608e+00,2.898123e+00,1.420369e-02,0,5.929697e-01,6.146228e-06,3.403224e-01,1.669281e-01,-3.232754e-01,-4.996223e-02,-9.446114e-01,3.158802e-01,5.474418e-01,-1.089549e+00,-4.418893e-01,7.818977e-01,7.047153e-01,-2.761506e-01,-1.862645e-10,0,1.188229e-02
1.272054e-03,2.229650e-01,3.905471e+00,9.676791e-02,1.161376e+01,-5.207479e+00,-1.470253e+01,8.306647e-01,6.655319e+00,-1.828947e+00,-8.795425e-02,1.924844e+00,2.434440e+00,1.601692e-02,0,6.050897e-01,6.015296e-07,8.930141e-02,1.068188e-01,1.757973e-03,1.043146e-01,-8.881668e-01,6.363449e-02,8.102079e-02,-6.761128e-01,-2.964369e-01,2.719734e-01,7.389564e-01,1.613671e-01,1.783016e-03,0,4.470211e-03
1.277496e-03,5.676413e-02,3.732664e+00,4.437652e-01,1.200387e+01,-5.718365e+00,-1.519050e+01,-7.585325e-01,7.223064e+00,-2.758682e+00,-6.471553e-01,3.930671e+00,3.307225e+00,2.055001e-02,0,5.955103e-01,-9.136997e-06,-7.166545e-02,1.210178e-01,2.183144e-01,1.792815e-01,-5.196065e-01,-2.304619e-01,-6.669815e-02,1.507568e-01,3.100496e-01,-1.367062e-01,4.878469e-01,7.153878e-01,2.387428e-03,0,-4.411465e-03
1.261546e-03,4.774776e-02,3.694277e+00,5.707127e-01,1.250943e+01,-6.504684e+00,-1.571888e+01,6.400299e-02,7.033559e+00,-1.883354e+00,-7.266941e-01,3.679304e+00,3.913361e+00,2.417649e-02,0,5.915101e-01,-2.974549e-05,-1.384683e-01,2.640683e-01,3.023488e-01,1.295173e-01,1.612938e-01,-6.092949e-02,-9.367584e-02,6.112939e-01,1.259401e+00,-2.413586e-01,-8.940394e-02,1.056203e+00,4.533093e-04,0,-6.053293e-03
1.220041e-03,-1.584606e-01,4.429992e+00,1.015429e+00,1.213169e+01,-5.630133e+00,-1.593890e+01,1.186256e-01,8.956486e+00,4.715149e-02,-1.025196e+00,3.193612e+00,5.735601e+00,2.206104e-02,0,5.777021e-01,-4.868825e-05,-2.545796e-01,3.769636e-01,3.050045e-01,-2.473170e-01,5.669113e-01,5.107361e-01,-2.270431e-01,6.455351e-01,2.097766e+00,1.070542e-01,-5.229822e-01,1.138847e+00,-1.752795e-03,0,-2.772152e-03
1.152054e-03,-3.617641e-01,4.877149e+00,1.322680e+00,1.219744e+01,-4.445126e+00,-1.463298e+01,-7.629355e-02,8.845078e+00,3.065140e+00,-1.105727e+00,1.846353e+00,6.501266e+00,1.752795e-02,0,5.837273e-01,-5.048620e-05,-4.064302e-01,1.494055e-01,-1.428276e-01,-6.629839e-01,7.934362e-01,8.866833e-01,-8.341091e-01,3.762129e-01,2.089731e+00,7.180385e-01,-1.451085e-02,7.954019e-01,-2.750075e-03,0,1.116180e-03
1.088801e-03,-1.011378e+00,5.026046e+00,1.592804e+00,1.092327e+01,-3.913587e+00,-1.317977e+01,-1.823600e+00,9.544980e+00,5.255902e+00,7.763227e-02,2.232235e+00,7.707508e+00,1.511031e-02,0,5.855410e-01,-1.735810e-05,-3.569047e-01,-3.909385e-01,-1.172303e+00,-1.051504e+00,6.476501e-01,6.791680e-01,-8.850325e-01,2.405161e-01,2.011345e+00,1.880289e+00,4.784871e-01,-1.084738e-02,-1.813237e-03,0,-1.086593e-05
1.074735e-03,-1.557944e+00,4.143277e+00,-4.321125e-01,9.798717e+00,-3.395776e+00,-1.266502e+01,-3.135430e+00,8.620377e+00,5.960927e+00,2.312084e+00,4.087439e+00,6.904417e+00,1.390148e-02,0,5.931716e-01,4.336507e-05,-1.756744e-02,-9.306512e-01,-2.593878e+00,-1.166433e+00,5.941327e-01,2.732220e-01,-5.592491e-01,4.707895e-01,1.898162e+00,2.996852e+00,6.649228e-01,-1.070574e+00,5.137500e-04,0,-5.915284e-03
1.171910e-03,-1.344894e+00,2.842235e+00,-3.968692e+00,8.073534e+00,-2.916557e+00,-1.352703e+01,-2.776969e+00,1.027142e+01,8.655981e+00,6.667345e+00,4.465505e+00,5.479789e+00,1.480810e-02,0,5.729256e-01,1.089532e-04,5.128294e-01,-1.323035e+00,-3.559230e+00,-9.871966e-01,8.073409e-01,2.541221e-01,2.340885e-01,6.118800e-01,1.973535e+00,3.384895e+00,-2.038922e-01,-1.920334e+00,2.508311e-03,0,-8.743632e-03
1.327324e-03,-2.828433e-01,1.315798e+00,-8.865963e+00,7.790142e+00,-1.972978e+00,-1.309323e+01,-2.395855e+00,1.083581e+01,1.085591e+01,1.058368e+01,4.054333e+00,2.262254e+00,2.024781e-02,0,5.604585e-01,1.228212e-04,8.243374e-01,-1.206926e+00,-3.398723e+00,-9.594410e-01,1.194591e+00,8.261005e-01,5.942583e-01,2.903088e-01,1.712094e+00,2.772391e+00,-1.130408e+00,-2.137122e+00,4.291327e-03,0,-4.474354e-03
1.507272e-03,9.152184e-01,-1.753898e-01,-1.198642e+01,6.991580e+00,-5.882817e-01,-1.169505e+01,-1.022945e+00,1.149667e+01,1.267609e+01,1.286631e+01,1.229327e+00,4.269196e-01,2.447869e-02,0,5.581793e-01,7.878539e-05,6.980860e-01,-8.189095e-01,-2.415398e+00,-1.192258e+00,1.838478e+00,1.777956e+00,3.244995e-01,-5.943590e-01,1.010293e+00,9.991524e-01,-1.388786e+00,-1.673069e+00,5.016622e-03,0,2.957267e-03
1.521160e-03,1.433686e+00,-3.825410e-01,-1.341687e+01,5.542489e+00,1.413040e+00,-9.450511e+00,-1.041151e+00,9.459296e+00,1.251135e+01,1.307455e+01,5.348858e-02,-1.254757e+00,3.052282e-02,0,5.781730e-01,1.951237e-07,3.163709e-01,-3.410897e-01,-1.088585e+00,-1.553816e+00,2.021944e+00,2.431393e+00,-1.069852e-01,-1.404283e+00,3.104736e-01,-2.254734e-01,-1.036602e+00,-9.512179e-01,4.774856e-03,0,7.458257e-03
1.468919e-03,1.287271e+00,-4.031424e-01,-1.377023e+01,3.236069e+00,4.582823e+00,-6.458612e+00,-1.831823e+00,7.987877e+00,1.287973e+01,1.041767e+01,-4.780016e-01,-1.127052e+00,3.475370e-02,0,5.788547e-01,-5.672681e-05,-1.164294e-02,-7.489792e-02,-2.544939e-01,-1.454558e+00,1.376385e+00,2.648051e+00,-3.544999e-01,-1.825596e+00,-1.972258e-01,-5.474132e-01,-3.471486e-01,-4.830716e-01,5.077063e-03,0,6.847018e-03
1.347476e-03,1.112985e+00,-2.757740e-01,-1.341698e+01,1.898819e+00,5.551189e+00,-3.554488e+00,-2.526341e+00,5.568788e+00,1.230646e+01,1.068063e+01,-2.750109e-01,-1.716850e+00,3.898459e-02,0,5.874121e-01,-6.474098e-05,-6.358910e-02,-3.623577e-02,1.883478e-01,-8.249266e-01,-5.759778e-02,2.165477e+00,-1.953500e-01,-1.594651e+00,-2.357800e-01,2.900494e-01,-1.101794e-01,-2.980214e-01,3.445150e-03,0,1.945365e-03
1.310480e-03,1.017354e+00,-6.032629e-01,-1.325883e+01,1.540626e+00,4.224571e+00,-1.402809e+00,-2.052849e+00,4.313938e+00,1.179240e+01,1.132621e+01,-3.421662e-01,-1.757392e+00,4.563312e-02,0,5.877948e-01,-5.597701e-05,2.672030e-02,4.525385e-02,4.504574e-01,1.847244e-02,-1.390898e+00,1.215720e+00,-3.755035e-01,-1.248896e+00,-1.383536e-01,1.107240e+00,2.513323e-01,-2.274236e-01,2.115451e-04,0,-5.008370e-03
1.276675e-03,1.250699e+00,-4.636596e-01,-1.273083e+01,2.265577e+00,1.304178e+00,-1.151027e+00,-1.907388e+00,3.323011e+00,1.187611e+01,1.407053e+01,-5.653263e-01,-2.429694e+00,4.230886e-02,0,5.834298e-01,-5.655027e-05,-4.950579e-02,6.440821e-01,1.154140e+00,7.465873e-01,-1.501675e+00,4.302507e-01,-5.422981e-01,-8.385357e-01,-3.253919e-01,2.583209e-01,2.432391e-01,1.009235e-01,-5.137503e-03,0,-4.903812e-02
1.224435e-03,1.352016e+00,-8.293033e-02,-1.186102e+01,3.145052e+00,-2.481621e-01,-1.581744e+00,-4.018817e+00,2.866284e+00,1.240314e+01,1.425892e+01,9.238176e-01,-1.907748e+00,3.414929e-02,0,5.558041e-01,-7.905650e-05,-3.531660e-01,1.552563e+00,2.307183e+00,1.196549e+00,-8.765780e-01,7.375870e-02,-4.785401e-01,-4.807857e-01,-1.056462e+00,-1.016619e+00,3.333415e-01,4.932659e-01,-9.156845e-03,0,-1.057518e-01
1.107747e-03,6.981251e-01,2.684470e+00,-8.345187e+00,4.829542e+00,2.791814e-01,-1.313767e+00,-4.254848e+00,2.099936e+00,1.037413e+01,1.050588e+01,3.081926e-01,-1.137054e+00,1.903898e-02,0,3.582169e-01,-8.831179e-05,-8.494214e-01,2.270527e+00,3.262645e+00,1.218477e+00,3.912956e-03,3.953219e-01,5.600156e-01,9.039254e-02,-1.956564e+00,-2.149905e+00,5.081172e-02,8.165426e-01,-8.733757e-03,0,-1.551021e-01
9.996613e-04,-4.721886e-01,5.585489e+00,-3.915735e+00,6.241388e+00,3.541787e-01,-9.526455e-01,-3.271819e+00,2.521547e+00,7.261083e+00,8.025435e+00,8.877819e-01,6.261766e-02,1.148383e-02,0,1.716421e-01,-7.048230e-05,-1.101025e+00,2.210559e+00,3.267752e+00,9.146298e-01,4.097733e-01,6.329226e-01,1.659064e+00,8.361607e-01,-2.463194e+00,-1.717713e+00,-1.367950e-01,9.293920e-01,-5.439710e-03,0,-1.469825e-01
9.475029e-04,-2.084306e+00,8.054765e+00,-3.902477e-01,6.809793e+00,1.022572e+00,5.110332e-01,5.191913e-01,3.947343e+00,4.664318e+00,6.437748e+00,-2.932498e-01,6.678360e-01,9.972801e-03,0,0,-3.266056e-05,-8.739316e-01,1.296408e+00,2.195020e+00,5.190164e-01,5.814400e-01,5.733101e-01,1.704199e+00,1.229933e+00,-2.237598e+00,-1.451343e+00,-1.469303e-02,8.849368e-01,-1.571472e-03,0,-8.880760e-02
9.521457e-04,-2.761895e+00,8.284717e+00,5.002697e-01,6.728076e+00,1.429009e+00,6.704690e-01,1.889480e+00,6.123384e+00,2.942073e+00,7.704420e+00,5.405636e-01,1.836767e+00,1.148383e-02,0,0,4.356255e-06,-2.211885e-01,3.489163e-01,9.179391e-01,6.515847e-01,3.927118e-01,-6.709951e-01,6.378852e-01,1.198874e+00,-1.817211e+00,-1.972806e+00,1.543853e-02,7.533990e-01,4.230886e-04,0,3.903651e-03
9.682024e-04,-2.526680e+00,7.816896e+00,4.219099e-01,7.181281e+00,2.648966e+00,7.412260e-01,1.685496e+00,6.448681e+00,1.345646e+00,3.409674e+00,4.083366e-01,2.400555e+00,1.118163e-02,0,0,2.574308e-05,4.336510e-01,-3.426735e-01,1.363350e-01,8.850025e-01,-3.047221e-01,-2.339236e+00,-6.623254e-01,7.152880e-01,-1.645805e+00,-2.595093e+00,3.662100e-01,3.907811e-01,1.480810e-03,0,9.687247e-02
1.011093e-03,-1.356944e+00,7.449005e+00,2.678818e-01,9.313568e+00,1.504541e+00,-4.422717e+00,-6.655458e-01,7.265250e+00,-1.656339e-01,-3.245571e-01,6.141813e-01,2.963253e+00,1.299486e-02,0,1.911604e-01,3.156754e-05,5.990747e-01,-4.974569e-01,-1.547269e-02,8.789032e-01,-1.309189e+00,-3.558685e+00,-8.972872e-01,3.255260e-01,-1.586482e+00,-2.353058e+00,5.320128e-01,1.065974e-01,3.082502e-03,0,1.575888e-01
1.046745e-03,-6.185261e-01,6.759253e+00,4.076212e-01,9.942060e+00,-5.388045e-01,-8.638555e+00,-1.514922e+00,6.952850e+00,-2.010853e+00,-2.523228e+00,1.500991e+00,2.058499e+00,1.662134e-02,0,3.887822e-01,1.916420e-05,3.282705e-01,-5.317419e-01,6.858994e-02,2.333971e-01,-2.163330e+00,-3.058507e+00,-2.427555e-01,6.372175e-02,-1.254107e+00,-9.007961e-01,9.814438e-01,1.022938e-01,3.717135e-03,0,1.207177e-01
1.070712e-03,-7.205979e-01,6.326253e+00,4.300505e-01,9.742202e+00,-3.523051e+00,-1.243307e+01,-9.967465e-01,7.498930e+00,-3.312087e+00,-1.094420e+00,2.654300e+00,2.540782e+00,2.417649e-02,0,5.935528e-01,3.032817e-06,-4.719482e-02,-5.589238e-01,3.202564e-02,-5.248436e-01,-2.409208e+00,-1.239204e+00,6.737075e-01,3.076539e-02,-6.336744e-01,2.381281e-01,1.067186e+00,2.986099e-01,2.085222e-03,0,4.214765e-02
1.034214e-03,-1.203500e+00,5.719563e+00,6.837752e-01,8.133949e+00,-5.653886e+00,-1.054613e+01,6.373196e-01,6.650450e+00,-3.351663e+00,-7.093758e-01,4.295496e+00,3.123259e+00,2.417649e-02,0,4.023924e-01,-8.804677e-06,-1.298592e-01,-4.891930e-01,-2.357074e-01,-6.078943e-01,-2.111928e+00,-1.852608e-02,9.349775e-01,2.572373e-01,5.821444e-01,4.805356e-01,7.591631e-01,3.580315e-01,-6.950740e-04,0,-2.379405e-02
1.032522e-03,-1.300431e+00,5.174231e+00,2.899330e-01,7.593405e+00,-7.983959e+00,-9.664946e+00,1.626871e+00,7.570277e+00,-2.663601e+00,-4.084269e-02,4.552858e+00,3.923922e+00,1.964340e-02,0,3.950935e-01,-1.093129e-05,-5.170882e-03,-4.267880e-01,-6.238050e-01,-3.628841e-01,-1.131286e+00,4.626123e-01,4.825944e-01,6.146614e-01,1.438231e+00,5.879005e-01,9.056053e-02,-8.166657e-02,-1.601692e-03,0,-4.823733e-02
1.021816e-03,-9.779053e-01,4.889299e+00,-7.008570e-01,7.976986e+00,-8.867992e+00,-1.011525e+01,1.848156e+00,8.203362e+00,5.756254e-01,-6.473387e-01,4.347528e+00,3.157086e+00,1.541251e-02,0,3.690415e-01,-3.756036e-06,1.459954e-01,-4.753853e-01,-1.028436e+00,2.806139e-03,5.051846e-02,9.701767e-02,-2.738549e-01,7.101478e-01,2.297561e+00,7.894395e-01,-8.350550e-01,-2.553884e-01,5.137505e-04,0,-9.400493e-03
1.022254e-03,-8.592498e-01,4.607445e+00,-1.996658e+00,8.006263e+00,-7.572427e+00,-1.033545e+01,8.108072e-01,9.795780e+00,1.915423e+00,1.814064e+00,3.081087e+00,2.115536e+00,2.055001e-02,0,3.690415e-01,-2.036255e-06,4.386300e-03,-5.781613e-01,-1.144825e+00,-1.339230e-01,1.381842e+00,4.143618e-01,-9.682688e-01,5.146025e-01,2.407182e+00,1.605298e+00,-1.262213e+00,-1.834897e-01,3.142944e-03,0,-3.867644e-03
1.020567e-03,-6.941138e-01,3.626029e+00,-3.315110e+00,7.941551e+00,-5.607060e+00,-9.725793e+00,-3.239231e-01,9.088437e+00,5.846629e+00,2.310368e+00,8.561068e-01,2.750510e+00,2.629193e-02,0,3.684159e-01,2.016127e-06,-1.387325e-01,-5.413233e-01,-1.126706e+00,-1.472659e-01,1.971602e+00,8.667433e-01,-1.190438e+00,-5.752592e-02,2.284822e+00,2.210232e+00,-1.299632e+00,9.130392e-02,2.931400e-03,0,4.000008e-02
1.022966e-03,-1.420395e+00,2.915060e+00,-4.127063e+00,6.941508e+00,-2.705213e+00,-7.787863e+00,-2.128433e+00,9.700752e+00,6.736809e+00,6.506795e+00,-1.249872e-02,3.209762e+00,2.991841e-02,0,3.760681e-01,1.811970e-06,-1.324965e-01,-2.474555e-01,-9.824869e-01,-2.523313e-01,1.997917e+00,1.265543e+00,-1.151780e+00,-6.132947e-01,1.871075e+00,2.038627e+00,-8.870088e-01,-1.366180e-01,-2.115441e-04,0,5.825287e-02
1.031541e-03,-1.390995e+00,3.028875e+00,-5.269187e+00,7.773035e+00,-1.443589e+00,-7.055323e+00,-2.634414e+00,7.963247e+00,9.589043e+00,8.057454e+00,-6.038398e-01,3.066493e+00,2.538531e-02,0,5.655286e-01,-7.694471e-07,9.261407e-02,1.792458e-01,-8.038131e-01,-3.245207e-01,1.558840e+00,1.657784e+00,-5.404685e-01,-1.287958e+00,8.108304e-01,1.355070e+00,-3.862872e-02,-7.599092e-01,-3.354488e-03,0,1.996072e-02
1.025827e-03,-1.173291e+00,3.668744e+00,-5.932055e+00,6.828865e+00,3.354205e-01,-5.342971e+00,-3.792850e+00,7.291902e+00,9.399590e+00,9.133657e+00,-6.239837e-01,1.274455e+00,1.994560e-02,0,5.617495e-01,-9.518675e-06,3.545640e-01,4.954825e-01,-5.651072e-01,-7.847890e-01,1.149740e+00,1.677584e+00,9.305759e-02,-1.508011e+00,-3.445501e-02,-3.104196e-01,7.912232e-01,-8.409252e-01,-4.835299e-03,0,-5.704495e-02
1.015289e-03,-3.545954e-01,4.145416e+00,-6.431680e+00,6.375269e+00,6.668217e-01,-2.659322e+00,-2.194057e+00,3.853073e+00,8.569390e+00,7.772287e+00,9.687057e-01,-8.138194e-02,1.450589e-02,0,3.753788e-01,-2.339212e-05,1.618572e-01,6.661739e-01,1.650233e-02,-1.170416e+00,7.945212e-01,1.551988e+00,7.362390e-01,-1.072858e+00,-1.162692e+00,-8.353370e-01,1.606888e+00,-6.751567e-01,-2.870958e-03,0,-1.506889e-01
9.834982e-04,-1.657752e-01,4.834202e+00,-6.371353e+00,3.716445e+00,1.988278e+00,-1.597944e+00,-1.883324e+00,4.215786e+00,7.074360e+00,5.097281e+00,3.157345e+00,5.790731e-01,1.118163e-02,0,1.859183e-01,-3.457141e-05,-2.419460e-01,7.236453e-01,7.708923e-01,-6.977639e-01,5.929640e-01,1.093588e+00,1.073120e+00,-4.340871e-01,-1.629784e+00,-1.079560e+00,1.472500e+00,-2.968792e-01,1.511033e-04,0,-1.498878e-01
9.357454e-04,-1.085467e+00,5.777016e+00,-4.967026e+00,3.477163e+00,1.702588e+00,-1.167898e+00,9.201765e-02,4.137013e+00,4.938199e+00,5.898956e+00,5.539934e+00,3.840001e-02,1.541251e-02,0,0,-3.863578e-05,-6.035758e-01,7.175957e-01,1.272423e+00,8.573269e-03,3.883978e-01,6.303019e-01,6.894487e-01,-1.488597e-01,-1.422408e+00,-2.706200e-01,4.940779e-01,-2.011066e-01,1.994560e-03,0,-9.366759e-02
8.927423e-04,-2.017586e+00,6.471171e+00,-2.809920e+00,4.789098e+00,2.782357e+00,-6.207443e-01,4.297130e-01,4.979496e+00,3.066263e+00,4.672521e+00,4.452901e+00,-2.698324e-01,2.024781e-02,0,0,-2.863917e-05,-5.821953e-01,7.197877e-01,1.360466e+00,7.623397e-01,3.913869e-01,6.521234e-01,4.028024e-01,-9.677489e-01,-1.258910e+00,1.248344e-01,-2.171373e-01,-6.455940e-02,1.722575e-03,0,-3.718366e-02
8.674884e-04,-2.446569e+00,6.914910e+00,-1.850280e+00,5.881809e+00,2.211771e+00,3.588279e-03,9.666809e-02,2.726919e+00,3.461397e+00,6.631567e+00,2.791317e+00,-6.624623e-01,1.994560e-02,0,0,-8.377579e-06,-1.335485e-01,5.239691e-01,5.979787e-01,3.879172e-01,4.570574e-01,9.359236e-02,-1.907762e-01,-1.262522e+00,-6.376972e-01,3.239603e-01,-4.373792e-01,3.101602e-01,2.266546e-03,0,0
8.744308e-04,-2.396201e+00,7.864193e+00,-1.127395e+00,6.325820e+00,3.690621e+00,1.076930e+00,1.283631e-01,8.208799e-02,1.518209e+00,5.355148e+00,3.445966e+00,6.067073e-01,1.752795e-02,0,0,6.894104e-06,8.526303e-02,1.572252e-01,-1.784079e-01,-2.467633e-01,2.383893e-01,-5.326588e-01,-2.123245e-01,-9.620260e-01,-1.457130e-01,6.425537e-01,-1.454899e-02,3.452766e-01,5.409489e-03,0,0
9.030132e-04,-1.563902e+00,7.700350e+00,-2.818395e+00,4.648387e+00,3.533743e+00,-1.548773e+00,-7.111885e-01,2.731071e-01,2.523740e+00,7.177444e+00,3.856505e+00,1.150931e+00,2.810517e-02,0,0,1.014768e-05,2.278411e-02,-3.828413e-01,-7.706912e-01,-4.975177e-01,-3.434779e-02,-8.962780e-01,-2.092316e-01,5.369344e-01,8.194089e-01,3.564829e-01,-7.330696e-02,2.042011e-01,9.579933e-03,0,0
9.094504e-04,-2.032604e+00,6.864577e+00,-3.217902e+00,4.171993e+00,3.313318e+00,-2.507857e+00,-2.279810e-01,1.396273e+00,2.806527e+00,7.612350e+00,3.847562e+00,5.498538e-01,4.321547e-02,0,0,1.539171e-05,-3.186532e-02,-9.365309e-01,-1.131917e+00,-2.919057e-01,-7.811267e-01,-1.093287e+00,-2.681351e-01,1.867004e+00,1.889536e+00,1.714993e-01,-8.484160e-01,-2.240743e-01,8.310668e-03,0,3.812489e-02
9.007170e-04,-2.514447e+00,5.500512e+00,-4.658482e+00,4.471135e+00,2.228683e+00,-2.685408e+00,-7.713177e-01,4.754499e+00,6.914282e+00,7.285380e+00,2.223984e+00,3.869699e-01,5.500151e-02,0,0,1.121032e-05,-3.223664e-01,-9.942051e-01,-5.485781e-01,2.785029e-01,-1.204659e+00,-5.481588e-01,3.511804e-02,2.029491e+00,1.710983e+00,-9.002023e-01,-1.519441e+00,-3.560820e-01,2.296766e-03,0,5.718733e-02
9.525375e-04,-2.080255e+00,4.281458e+00,-5.866937e+00,4.954918e+00,4.375175e-01,-3.821189e+00,-1.182248e+00,7.176411e+00,8.770617e+00,6.158677e+00,2.014709e-02,-1.316835e-01,4.563312e-02,0,1.906244e-01,2.318513e-05,-1.161806e-01,-1.284708e+00,-2.185024e-01,5.513145e-01,-1.549328e+00,-1.080341e+00,1.952956e-01,1.826920e+00,1.058853e+00,-1.317814e+00,-1.410062e+00,-1.104342e-01,-4.019341e-03,0,9.014957e-02
9.375213e-04,-3.151909e+00,4.020884e+00,-4.236768e+00,5.649439e+00,-1.051652e+00,-3.632901e+00,-5.846477e-02,7.530493e+00,8.096610e+00,3.403270e+00,-1.826993e+00,-2.887104e-01,3.838018e-02,0,1.906244e-01,3.571405e-05,-7.282801e-02,-1.699178e+00,3.332077e-01,7.745895e-01,-1.829519e+00,-1.581612e+00,6.328493e-01,1.084441e+00,1.775422e-02,-1.329073e+00,-4.697402e-01,4.183916e-01,-4.563313e-03,0,8.350705e-02
1.006974e-03,-2.294776e+00,1.180850e+00,-4.521271e+00,6.339413e+00,-2.793155e+00,-7.435817e+00,3.920703e-01,9.142875e+00,7.509630e+00,2.964336e+00,-1.177258e+00,3.355227e-01,3.142944e-02,0,3.554356e-01,3.742388e-05,4.703512e-02,-1.785043e+00,4.453956e-01,9.793925e-01,-1.498206e+00,-1.521660e+00,9.910917e-01,8.847069e-01,-5.453243e-01,-7.920419e-01,9.312228e-01,1.121412e+00,-8.763977e-04,0,4.335157e-02
1.052069e-03,-2.771326e+00,-1.445074e+00,-3.665277e+00,7.651835e+00,-5.303577e+00,-8.786156e+00,1.605770e+00,9.193472e+00,7.633547e+00,2.237184e+00,4.739865e-01,2.245325e+00,3.928679e-02,0,3.351296e-01,3.584595e-05,2.757458e-01,-1.272034e+00,1.288617e-01,7.573714e-01,-1.403244e+00,-1.062167e+00,1.009842e+00,9.898822e-01,-7.939032e-01,-3.721971e-01,1.796980e+00,1.287728e+00,1.299486e-03,0,2.713157e-02
1.082383e-03,-2.035370e+00,-1.910779e+00,-3.925705e+00,8.850683e+00,-4.927550e+00,-8.852860e+00,2.941093e+00,1.076846e+01,6.275527e+00,2.781511e+00,3.525771e+00,4.208360e+00,4.079783e-02,0,3.351296e-01,-2.421544e-06,-8.007799e-02,3.264052e-01,4.932767e-01,3.572852e-01,-6.948851e-01,3.323300e-01,1.229298e+00,8.530686e-01,-1.146517e+00,-2.732115e-01,1.824638e+00,9.724612e-01,-6.346330e-04,0,-3.773319e-02
1.079047e-03,-1.902882e+00,-7.934706e-01,-3.890242e+00,8.180661e+00,-7.000675e+00,-8.235215e+00,3.716234e+00,1.166711e+01,4.744145e+00,1.633697e+00,4.806394e+00,4.213509e+00,4.019341e-02,0,3.364353e-01,-2.434581e-05,-9.284332e-02,1.327444e+00,4.221487e-01,-4.585580e-01,-2.253006e-01,7.208713e-01,9.378888e-01,8.184094e-01,-1.077329e+00,-6.035517e-01,7.441241e-01,3.773269e-01,-5.349048e-03,0,-5.070384e-02
9.813774e-04,-3.129388e+00,2.487075e+00,-1.942404e+00,7.861426e+00,-5.419031e+00,-6.049637e+00,5.483330e+00,1.217140e+01,3.221745e+00,1.900022e+00,5.779730e+00,4.213737e+00,2.780296e-02,0,1.661168e-01,-4.591028e-05,-5.107256e-01,1.494683e+00,6.823874e-01,-1.025340e+00,2.000155e-01,7.604828e-01,4.822387e-01,1.767923e-01,-3.437743e-01,-7.101985e-01,-7.095770e-01,-1.116962e-01,-7.615594e-03,0,-8.405777e-02
9.808427e-04,-2.688534e+00,2.993222e+00,-2.546184e+00,5.853673e+00,-6.184339e+00,-6.583411e+00,5.024096e+00,1.258405e+01,3.773795e+00,-3.398305e-01,3.067628e+00,4.129271e+00,1.903898e-02,0,1.661168e-01,-5.044077e-05,-8.822412e-01,8.436251e-01,5.967671e-01,-1.112996e+00,9.316803e-01,4.736050e-01,-2.792529e-01,-6.866381e-01,-1.108826e-01,-8.878844e-01,-1.689970e+00,-3.887973e-01,-4.533092e-03,0,-8.389874e-02
9.019335e-04,-4.196172e+00,3.669292e+00,-1.185798e+00,4.887478e+00,-4.335640e+00,-5.876348e+00,4.698356e+00,1.119395e+01,5.041830e+00,2.172816e-01,8.472692e-01,3.691998e+00,1.329707e-02,0,0,-3.940320e-05,-1.153549e+00,-1.776359e-02,2.907484e-01,-1.071463e+00,7.285191e-01,1.694808e-01,-1.308111e+00,-1.722557e+00,-2.848371e-01,-6.608109e-01,-1.836735e+00,-9.827603e-01,4.200666e-03,0,-4.983506e-02
8.665646e-04,-5.780697e+00,2.833546e+00,-1.284710e+00,4.102655e+00,-2.883970e+00,-5.953835e+00,2.712456e+00,8.722647e+00,3.279690e+00,-1.964355e+00,-1.177223e+00,2.530392e+00,2.478090e-02,0,0,-3.596918e-05,-1.476858e+00,-9.588647e-03,3.989690e-01,-5.103550e-01,7.142881e-01,4.908645e-01,-1.631894e+00,-2.300703e+00,-1.016632e+00,-4.868806e-02,-1.037997e+00,-1.325063e+00,1.257178e-02,0,-3.322337e-02
8.415005e-04,-7.351050e+00,2.478095e+00,-1.119399e+00,3.379619e+00,-3.426621e+00,-5.517022e+00,9.859324e-02,5.489311e+00,2.044612e+00,-5.917707e-01,-1.281523e+00,9.937525e-02,4.593533e-02,0,0,-2.179129e-05,-1.269154e+00,1.011209e-02,-1.972540e-01,-5.565177e-01,-1.343130e-01,1.027022e+00,-1.138536e+00,-1.508056e+00,-8.208802e-01,5.879245e-01,-3.520285e-01,-1.224682e+00,1.314597e-02,0,0
8.312133e-04,-8.495384e+00,3.540878e+00,-5.845378e-01,4.055828e+00,-3.067408e+00,-4.308752e+00,-8.354955e-01,3.932856e+00,1.892448e-01,-1.787447e-01,-1.057963e+00,-6.997308e-01,6.557873e-02,0,0,-1.719706e-05,-1.120430e+00,5.946820e-02,-4.557113e-01,-5.484042e-01,-3.733225e-01,1.477147e+00,-2.152612e-02,-1.678517e-01,8.740177e-02,1.290372e+00,4.515365e-01,-7.590708e-01,3.686913e-03,0,0
8.106527e-04,-9.184597e+00,3.366187e+00,-2.522154e+00,2.128303e+00,-4.915486e+00,-1.563782e+00,7.796543e-01,6.048563e+00,2.482651e+00,2.264099e+00,-9.725038e-01,-8.163526e-01,5.862798e-02,0,0,-1.393823e-05,-8.704923e-01,-1.631053e-01,-7.110894e-01,-5.294796e-01,-2.523525e-02,1.458023e+00,8.223485e-01,8.413206e-01,8.600574e-01,8.570442e-01,2.979221e-01,-1.044906e-01,-9.519493e-03,0,0
7.960032e-04,-1.046607e+01,2.686841e+00,-2.861889e+00,1.986292e+00,-4.006150e+00,-5.447223e-01,2.264295e+00,7.603762e+00,3.497679e+00,3.059571e+00,9.259496e-01,-8.070981e-01,3.686914e-02,0,0,-7.744512e-06,-4.144446e-01,-1.777264e-01,-3.872842e-01,-2.565519e-01,2.424150e-01,6.323873e-01,4.864450e-01,6.219573e-01,7.293864e-01,3.913076e-01,-9.970337e-02,1.982705e-02,-1.432457e-02,0,0
7.894144e-04,-1.071817e+01,2.089587e+00,-3.536171e+00,1.766988e+00,-3.083426e+00,-1.089195e-01,2.660440e+00,7.860460e+00,4.690682e+00,2.074292e+00,-7.838686e-01,-3.693942e-01,1.269266e-02,0,0,-4.409580e-07,6.678534e-02,2.886812e-01,1.888360e-01,2.278059e-01,5.360085e-01,-3.458343e-01,5.921061e-02,-1.253308e-01,-1.630540e-01,-3.186499e-01,-6.293029e-01,-3.263003e-01,-7.011180e-03,0,0
8.031099e-04,-9.800822e+00,3.290546e+00,-2.013951e+00,2.953726e+00,-2.771363e+00,-1.874246e+00,6.563362e-01,6.136693e+00,2.732162e+00,1.872696e+00,-1.650797e+00,-8.240747e-01,1.692354e-02,0,0,5.803938e-06,4.507200e-01,8.118978e-01,4.480810e-01,8.630923e-02,2.246273e-02,-7.872322e-01,-4.020945e-02,-5.132863e-01,-5.782945e-01,-3.183995e-01,-6.983501e-01,-8.949438e-01,4.321548e-03,0,0
8.048945e-04,-9.183295e+00,4.507740e+00,-2.001943e+00,2.783616e+00,-2.852837e+00,-2.628191e+00,1.879687e+00,6.155443e+00,2.050140e+00,1.264287e+00,-2.830645e+00,-2.439366e+00,3.354488e-02,0,0,1.049457e-05,2.631114e-01,7.988793e-01,5.468850e-01,-1.372649e-01,-6.646445e-02,-4.577642e-01,6.372132e-02,-6.189564e-01,-3.521200e-01,3.416728e-01,4.538854e-01,-1.321195e+00,7.404049e-03,0,0
8.172828e-04,-8.979908e+00,5.537253e+00,-1.388597e+00,1.909525e+00,-4.009131e+00,-3.221247e+00,2.453625e+00,5.889839e+00,1.926477e+00,1.872576e+00,-1.542413e+00,-4.246831e+00,4.805077e-02,0,0,8.608034e-06,-1.054848e-01,4.392122e-01,3.659449e-01,-1.055223e-01,4.061339e-01,6.837350e-01,-2.768767e-02,-2.876850e-01,5.334573e-01,1.011531e+00,1.078417e+00,-7.690312e-01,6.044119e-04,0,0
8.348008e-04,-9.813067e+00,4.960630e+00,-1.114422e+00,1.602765e+00,-2.796865e+00,-1.724240e+00,2.080403e+00,4.889105e+00,3.332924e+00,3.782717e+00,1.431366e+00,-5.263993e+00,3.414929e-02,0,0,5.308393e-06,-1.456298e-01,2.203674e-01,2.207944e-01,2.571313e-01,1.030204e+00,1.570205e+00,-3.134096e-01,-3.010797e-01,9.129407e-01,1.621136e+00,1.101814e+00,3.716040e-02,-7.252946e-03,0,0
8.311970e-04,-1.001336e+01,5.260162e+00,-6.279867e-01,3.016540e+00,-7.686797e-01,1.092454e+00,4.175401e-01,5.331438e+00,4.758056e+00,5.671134e+00,1.610281e+00,-3.256917e+00,1.964340e-02,0,0,9.034638e-06,5.956690e-01,3.966646e-01,-1.261810e-01,6.231426e-01,1.602156e+00,1.745404e+00,-1.058440e-01,-6.367253e-01,2.261039e-01,1.291202e+00,5.168076e-01,5.859091e-01,-7.706256e-03,0,3.641449e-02
8.244794e-04,-9.394718e+00,5.748123e+00,-1.278277e+00,3.515765e+00,6.779557e-01,3.065985e+00,1.330681e+00,4.929245e+00,5.199054e+00,7.470690e+00,1.102079e+00,-2.748521e+00,1.148383e-02,0,0,2.987718e-05,1.809633e+00,9.866480e-01,-8.863740e-02,2.469742e-01,9.442838e-01,1.017731e+00,6.272172e-01,-1.105344e+00,-9.543053e-01,3.596227e-01,-1.035818e-01,5.651470e-01,-1.752795e-03,0,9.624672e-02
8.676167e-04,-6.210738e+00,7.126829e+00,-1.937575e+00,4.068738e+00,2.264239e+00,3.110657e+00,2.299266e+00,2.686143e+00,2.123932e+00,6.484601e+00,1.206268e+00,-2.575022e+00,2.085222e-02,0,1.820724e-01,6.503039e-05,2.682356e+00,1.218182e+00,1.946170e-01,-3.714950e-01,9.712621e-02,1.811444e-01,9.700940e-01,-1.533813e+00,-1.812166e+00,-4.758180e-01,-2.940374e-01,2.197962e-01,1.692354e-03,0,1.597787e-01
9.659768e-04,-2.666212e+00,8.960536e+00,-9.028150e-01,2.311537e+00,4.080953e-01,2.355315e+00,4.275626e+00,6.850354e-01,-1.215401e-01,5.174097e+00,1.115463e+00,-2.779206e+00,2.478090e-02,0,3.901974e-01,8.690471e-05,2.737666e+00,1.144405e+00,7.818835e-01,-4.168375e-01,-6.518563e-01,-3.685825e-01,5.836823e-01,-8.384687e-01,-1.060499e+00,-1.069093e+00,-1.064685e+00,3.831706e-01,4.230887e-04,0,1.698116e-01
1.085600e-03,3.416890e-02,9.744867e+00,1.573678e-01,1.761179e+00,-1.481184e-01,2.353511e+00,3.795538e+00,-2.155247e-01,-1.642478e+00,4.440341e+00,1.334025e-01,-2.142594e+00,2.145663e-02,0,6.037951e-01,8.162572e-05,1.967655e+00,3.301897e-01,6.349788e-01,5.001998e-02,-4.867546e-01,-4.332238e-01,-5.440535e-02,3.763252e-01,2.524288e-01,-9.708813e-01,-1.861008e+00,4.673269e-01,-4.110003e-03,0,1.173989e-01
1.150011e-03,1.171158e+00,1.016113e+01,1.583670e+00,2.585357e+00,-1.375147e+00,1.601645e+00,3.500957e+00,2.187736e+00,1.779766e+00,3.147354e+00,-3.684911e+00,-1.048882e+00,1.329707e-02,0,6.381965e-01,6.444304e-05,8.538906e-01,-7.471678e-01,-1.307284e-02,1.062224e+00,3.915071e-01,-3.538913e-01,-6.472333e-01,1.407115e+00,8.322628e-01,-1.259814e+00,-1.645784e+00,1.974688e-01,-5.349048e-03,0,5.178082e-02
1.183728e-03,1.708850e+00,8.177482e+00,-5.923589e-03,4.181927e+00,7.220872e-01,1.321373e+00,2.414573e+00,3.816419e+00,2.435422e+00,2.643566e+00,-5.698584e+00,-1.103549e+00,6.044122e-03,0,6.450673e-01,5.427021e-05,-6.650324e-02,-1.578985e+00,-5.041279e-01,1.516205e+00,5.489953e-01,-6.620556e-01,-6.971797e-01,1.724601e+00,1.832570e-01,-1.652680e+00,-2.316400e-01,-1.928081e-01,-3.535812e-03,0,-2.487731e-03
1.239128e-03,7.659009e-01,6.008390e+00,-8.865336e-01,6.412281e+00,1.930528e+00,1.101927e+00,1.729941e+00,5.704638e+00,2.000824e+00,-2.265863e-01,-4.197465e+00,-2.311384e+00,5.741916e-03,0,6.284654e-01,6.373941e-05,-6.001415e-01,-1.810781e+00,-1.701877e-01,1.749194e+00,-2.842872e-01,-1.360941e+00,-4.969961e-01,1.116285e+00,-1.155668e+00,-1.699946e+00,1.802953e+00,-3.444334e-01,-3.022077e-05,0,-1.849960e-02
1.312393e-03,-9.571854e-02,3.926312e+00,-1.128170e+00,7.428743e+00,9.440205e-01,-7.069082e-01,1.195147e+00,6.649029e+00,-8.367216e-01,-2.136089e+00,-7.685202e-01,-2.475383e+00,7.555153e-03,0,5.962220e-01,5.269716e-05,-6.343542e-01,-1.096350e+00,8.790323e-01,1.699209e+00,-1.967151e+00,-2.176282e+00,-5.437449e-02,4.262304e-01,-1.671429e+00,-1.190045e+00,2.876048e+00,1.917558e-01,2.719855e-03,0,-2.061747e-02
1.404376e-03,-9.272648e-01,3.232807e+00,1.293854e+00,9.707917e+00,-2.907550e+00,-4.188917e+00,1.625689e+00,6.352856e+00,-2.362503e+00,-2.962550e+00,2.864825e+00,-2.085132e+00,1.239045e-02,0,5.701212e-01,1.104788e-05,-3.303702e-01,-1.627011e-01,1.511236e+00,1.558658e+00,-2.760377e+00,-2.478274e+00,1.352918e-01,4.529314e-02,-1.318759e+00,-1.512003e-01,2.463126e+00,8.918101e-01,3.052282e-03,0,-9.923911e-03
1.364590e-03,-6.163382e-01,4.083524e+00,3.299044e+00,1.103016e+01,-6.694631e+00,-6.914616e+00,2.194827e+00,5.623462e+00,-3.740060e+00,-1.938677e+00,5.150510e+00,-2.578957e-01,1.631913e-02,0,5.711520e-01,-4.859588e-05,-1.250240e-01,5.770109e-01,1.351888e+00,1.367401e+00,-1.998486e+00,-1.739705e+00,-1.681038e-01,1.100224e-01,-4.591540e-01,3.245474e-01,1.534704e+00,1.336872e+00,1.148383e-03,0,4.513329e-03
1.268269e-03,-6.256400e-01,5.116278e+00,4.456038e+00,1.240486e+01,-8.052033e+00,-8.185589e+00,1.906561e+00,6.443887e+00,-3.141303e+00,-1.081294e+00,5.158648e+00,1.038923e+00,1.662134e-02,0,5.913808e-01,-8.876417e-05,-4.197043e-02,9.185740e-01,5.973489e-01,5.873134e-01,-2.740332e-01,-3.952385e-01,-6.890961e-01,5.477538e-02,6.883025e-02,6.540675e-01,4.423133e-01,1.512141e+00,-1.722575e-03,0,1.209362e-02
1.137467e-03,-8.716509e-01,5.869631e+00,4.050180e+00,1.291727e+01,-6.476166e+00,-7.407097e+00,2.141925e-01,7.153625e+00,-2.743092e+00,-1.453980e+00,5.758087e+00,2.646949e+00,1.118163e-02,0,6.081588e-01,-6.484766e-05,-3.244375e-01,1.213721e+00,4.520663e-01,-7.120419e-02,1.111105e+00,9.949964e-01,-3.713191e-01,-4.113234e-01,3.087643e-01,9.096339e-01,-1.098567e-01,8.784424e-01,-3.263826e-03,0,-3.063455e-02
1.074117e-03,-1.009461e+00,6.932623e+00,3.905030e+00,1.170092e+01,-4.386948e+00,-5.918869e+00,-8.294742e-01,5.861651e+00,-2.516835e+00,6.543922e-02,4.772603e+00,4.023149e+00,6.346328e-03,0,6.120859e-01,-1.046590e-05,-5.710434e-01,1.459189e+00,5.529253e-01,-5.811447e-01,1.543579e+00,1.837292e+00,6.124558e-01,-1.079351e+00,3.178415e-01,1.407972e+00,-5.630722e-01,4.246314e-01,-2.901179e-03,0,-6.639025e-02
1.137428e-03,-2.046615e+00,9.243957e+00,5.834879e+00,1.102610e+01,-2.971649e+00,-3.072994e+00,1.706249e+00,3.857964e+00,-2.508472e+00,2.036126e+00,4.794249e+00,2.642203e+00,5.137504e-03,0,4.076267e-01,3.377470e-05,-6.806790e-01,1.366268e+00,5.950117e-01,-8.903047e-01,9.920845e-01,1.955612e+00,1.912029e+00,-1.179636e+00,5.098972e-01,1.676082e+00,-6.360181e-01,-9.786341e-02,-1.148383e-03,0,-7.676778e-02
1.215959e-03,-2.893375e+00,1.072506e+01,6.328315e+00,1.044472e+01,-2.086395e+00,-1.166183e+00,4.222811e+00,2.694963e+00,-1.669406e+00,4.213512e+00,2.825206e+00,3.164453e+00,5.137504e-03,0,3.596956e-01,1.946825e-05,-4.511040e-01,6.668271e-01,-3.705010e-01,-1.372647e+00,3.991863e-01,1.793500e+00,2.034833e+00,-8.701617e-01,5.917816e-01,1.024014e+00,-4.436333e-01,3.706365e-02,2.115442e-04,0,-5.802532e-02
1.235419e-03,-3.333089e+00,1.080475e+01,5.813596e+00,9.093851e+00,-2.666020e+00,-5.378366e-03,7.248192e+00,2.838792e+00,-6.173207e-01,4.852392e+00,3.551695e+00,2.586980e+00,6.044122e-03,0,3.505151e-01,-2.702326e-05,7.949722e-02,-4.448996e-01,-1.697366e+00,-1.731793e+00,8.271809e-02,8.758157e-01,9.510905e-01,-3.552626e-01,7.643902e-01,1.079136e-01,-2.265711e-01,4.084977e-01,9.066184e-04,0,-4.036886e-03
1.122462e-03,-2.621744e+00,9.486362e+00,2.063167e+00,5.803815e+00,-2.543831e+00,1.514824e+00,6.573721e+00,2.020428e+00,-5.035030e-01,3.777375e+00,3.175714e+00,4.236079e+00,6.950740e-03,0,3.505151e-01,-4.334352e-05,4.922141e-01,-1.503195e+00,-2.367891e+00,-1.253737e+00,-1.022132e-01,-4.560167e-01,-4.875945e-01,1.951830e-01,5.357629e-01,-9.712453e-01,-1.044053e-01,5.347345e-01,8.159567e-04,0,1.084343e-02
1.049060e-03,-1.784945e+00,7.638807e+00,-5.193765e-01,4.687595e+00,-2.329340e+00,-3.441811e-02,5.286246e+00,2.418918e+00,7.305281e-01,2.793763e+00,3.486140e+00,4.148879e+00,8.763977e-03,0,3.920325e-01,-8.045463e-08,6.360603e-01,-2.310214e+00,-1.983707e+00,6.047545e-02,-7.535211e-01,-1.985215e+00,-1.163489e+00,8.969469e-01,1.631842e-01,-1.834739e+00,-2.872426e-01,1.060296e+00,3.324268e-04,0,4.789811e-02
1.092421e-03,-1.206377e+00,4.792058e+00,-2.344654e+00,6.379166e+00,-2.765801e+00,-3.431746e+00,2.765812e+00,3.880815e+00,3.354843e-01,3.866005e-01,2.335957e+00,5.057176e+00,7.857359e-03,0,3.931540e-01,6.141157e-05,4.693139e-01,-2.503999e+00,-6.915297e-01,1.256072e+00,-2.054268e+00,-2.800118e+00,-5.775737e-01,1.423686e+00,-2.967773e-01,-1.894428e+00,-3.098536e-01,1.247689e+00,3.022067e-05,0,5.629230e-02
1.250038e-03,-8.604708e-01,1.600833e+00,-1.901029e+00,9.108553e+00,-6.322641e+00,-7.458166e+00,3.334701e+00,6.393333e+00,-2.208934e-01,-2.625918e+00,2.535361e+00,7.477911e+00,7.252946e-03,0,5.686862e-01,8.704847e-05,2.183734e-01,-1.897616e+00,1.565233e-01,1.657776e+00,-2.855923e+00,-2.313966e+00,2.161917e-01,1.155649e+00,-7.592191e-01,-1.385401e+00,-3.406034e-01,1.481913e+00,4.835296e-04,0,4.245129e-02
1.329031e-03,-7.374117e-01,-1.464874e-02,-7.036555e-01,9.873698e+00,-1.081852e+01,-8.773891e+00,4.661625e+00,7.151653e+00,-1.511679e+00,-2.984927e+00,2.101835e+00,8.810009e+00,7.857359e-03,0,5.436497e-01,5.765348e-05,-1.729508e-02,-7.268044e-01,2.517974e-01,1.292160e+00,-2.464673e+00,-1.212477e+00,9.177060e-01,7.846637e-01,-1.904811e-01,-1.122317e-01,-9.791275e-02,7.953308e-01,1.359927e-03,0,2.476954e-02
1.365997e-03,-9.275604e-01,5.540815e-01,-5.572593e-01,1.122921e+01,-1.258260e+01,-8.933176e+00,5.419298e+00,6.561745e+00,-2.141986e+00,-2.447476e+00,1.900184e+00,9.682026e+00,1.118163e-02,0,5.290411e-01,2.360545e-05,-2.199644e-01,1.846070e-01,-4.458107e-01,7.310999e-01,-6.718817e-01,-4.200613e-01,4.972801e-01,5.823323e-01,6.891369e-01,9.092846e-01,1.273594e-01,3.459740e-03,9.066182e-04,0,-8.739775e-03
1.322709e-03,-1.259307e+00,1.681411e+00,-1.757552e+00,1.177964e+01,-1.195919e+01,-8.756625e+00,6.312044e+00,7.719927e+00,3.436249e-01,-2.637789e-01,2.163981e+00,7.931772e+00,1.269266e-02,0,5.368242e-01,2.001724e-05,-4.036446e-01,2.583869e-01,-1.000096e+00,9.371157e-02,1.047104e+00,-5.035375e-01,-2.429931e-01,1.238691e+00,2.046553e+00,1.275459e+00,1.789030e-01,-3.516715e-01,-7.857359e-04,0,-7.395095e-03
1.371226e-03,-1.699345e+00,1.675838e+00,-3.603134e+00,1.181108e+01,-9.111716e+00,-9.567105e+00,4.995892e+00,9.020858e+00,2.297139e+00,5.599306e-01,3.141084e+00,7.934328e+00,9.368389e-03,0,5.284001e-01,2.806437e-05,-5.092662e-01,-2.712289e-01,-1.202958e+00,-7.101153e-01,2.233625e+00,-8.297157e-01,-1.351534e+00,1.680229e+00,2.975977e+00,1.831505e+00,-3.296058e-01,-5.314324e-01,-2.115443e-03,0,-1.082299e-02
1.426503e-03,-2.369742e+00,7.164072e-01,-4.181200e+00,1.005132e+01,-7.318438e+00,-1.097461e+01,3.658363e+00,1.211555e+01,6.501523e+00,1.888663e+00,2.375900e+00,7.925500e+00,4.835298e-03,0,5.069948e-01,2.060556e-05,-3.678816e-01,-6.698570e-01,-1.121352e+00,-1.220237e+00,2.345994e+00,-5.917915e-01,-1.923253e+00,1.445310e+00,3.104432e+00,2.265433e+00,-8.265774e-01,-1.015392e+00,-7.252946e-04,0,-1.098847e-02
1.454422e-03,-2.918674e+00,-3.195612e-01,-5.360226e+00,8.542791e+00,-3.734843e+00,-1.197276e+01,-1.153024e-02,1.276508e+01,9.658952e+00,5.633827e+00,1.461960e-01,7.028000e+00,4.533092e-03,0,4.898409e-01,-1.114125e-05,1.484299e-01,-5.994716e-01,-1.350886e+00,-1.455555e+00,2.100107e+00,6.254490e-01,-1.591897e+00,3.633688e-01,2.831916e+00,3.221447e+00,-8.044434e-01,-2.320079e+00,3.022061e-03,0,-1.324397e-03
1.384138e-03,-2.489051e+00,-6.701741e-01,-6.485766e+00,7.312599e+00,-2.917653e+00,-1.051276e+01,-8.005120e-01,1.307437e+01,1.218488e+01,8.526438e+00,-4.714610e-01,3.307976e+00,1.148383e-02,0,5.011615e-01,-3.488461e-05,8.482240e-01,-2.241213e-01,-1.807066e+00,-1.491557e+00,1.878671e+00,2.466637e+00,-6.577834e-01,-1.147394e+00,1.221298e+00,2.849263e+00,-1.078297e-01,-2.725016e+00,6.376549e-03,0,1.077364e-02
1.336702e-03,-8.975411e-01,-6.282294e-01,-9.205283e+00,5.902668e+00,-8.115725e-01,-6.670790e+00,-7.341540e-01,1.035829e+01,1.361504e+01,1.334828e+01,5.425485e-01,-1.357305e+00,2.115443e-02,0,5.246947e-01,-3.910693e-05,1.156704e+00,2.100096e-01,-1.627190e+00,-1.433025e+00,1.434233e+00,3.934394e+00,7.976603e-01,-2.000673e+00,-4.192205e-01,1.326840e+00,4.501934e-01,-1.803360e+00,6.165005e-03,0,1.755161e-02
1.310940e-03,8.608109e-01,-2.498651e-01,-1.129400e+01,3.913595e+00,6.132803e-01,-1.292417e+00,7.307575e-01,7.581976e+00,1.062997e+01,1.227775e+01,1.638575e+00,-1.506926e+00,2.840737e-02,0,5.434361e-01,-3.879344e-05,8.651935e-01,6.476310e-01,-6.343709e-01,-1.430566e+00,1.268614e+00,4.042467e+00,1.586082e+00,-2.001037e+00,-2.256381e+00,-8.899928e-01,5.805563e-01,2.492527e-01,3.354487e-03,0,1.744386e-02
1.295487e-03,1.189913e+00,5.203323e-01,-1.109206e+01,3.077168e+00,1.670854e+00,3.089041e+00,3.211137e+00,5.507910e+00,8.340302e+00,1.039237e+01,1.342145e+00,4.186529e-01,2.689634e-02,0,5.564616e-01,-5.132186e-05,1.148642e-01,1.148915e+00,1.189939e+00,-7.080043e-01,6.127168e-01,2.884779e+00,1.743786e+00,-1.331509e+00,-3.350325e+00,-2.807250e+00,6.234208e-01,1.872879e+00,1.208821e-04,0,1.348900e-02
1.210779e-03,7.931891e-01,1.993700e+00,-8.714232e+00,1.572518e+00,2.184206e+00,4.819663e+00,5.157251e+00,5.494375e+00,3.540342e+00,5.554428e+00,2.031523e+00,3.666260e+00,2.538531e-02,0,5.724973e-01,-6.224551e-05,-4.453302e-01,1.607957e+00,2.467633e+00,1.833282e-01,4.387903e-01,8.478510e-01,1.236939e+00,-7.058798e-01,-3.577103e+00,-3.224032e+00,6.070961e-01,2.014723e+00,-4.835302e-04,0,1.018635e-02
1.130173e-03,-2.894091e-01,3.994563e+00,-4.545472e+00,3.533185e+00,1.466549e+00,4.697067e+00,5.771528e+00,4.744551e+00,4.082336e-01,2.673690e+00,3.463179e+00,5.420496e+00,2.326987e-02,0,5.776091e-01,-5.733197e-05,-4.514278e-01,1.495705e+00,2.188817e+00,6.616098e-01,2.660609e-01,-5.610952e-01,2.135544e-01,-2.583605e-01,-2.919544e+00,-2.452661e+00,5.185623e-01,1.531781e+00,-7.857362e-04,0,5.277276e-03
1.082369e-03,-6.261790e-01,6.052805e+00,-2.229129e+00,4.602228e+00,2.909384e+00,2.142826e+00,5.635257e+00,4.434257e+00,-3.289511e+00,1.693360e-02,3.613539e+00,6.065767e+00,2.780296e-02,0,5.837941e-01,-2.206779e-05,-6.743091e-03,7.799260e-01,4.251869e-01,1.039356e-01,2.754404e-01,-9.786286e-01,-3.545120e-01,-8.249283e-04,-1.262826e+00,-6.316024e-01,8.544321e-02,5.570297e-01,-1.903898e-03,0,2.504945e-03
1.073032e-03,-3.575414e-01,5.969305e+00,-3.390525e+00,4.870362e+00,2.638569e+00,1.621983e+00,4.039906e+00,4.746166e+00,-2.842490e+00,8.978126e-01,3.143948e+00,6.877804e+00,2.175884e-02,0,5.771996e-01,3.082562e-05,5.419168e-01,-2.182391e-01,-1.838966e+00,-1.447115e+00,2.244780e-01,-1.767401e-01,-5.612117e-01,1.753482e-01,3.351561e-01,8.919315e-01,5.888419e-02,-8.216734e-02,-4.019341e-03,0,-4.848182e-04
1.129011e-03,7.935398e-01,4.905960e+00,-7.165771e+00,1.423607e+00,2.975397e+00,1.464061e+00,4.250502e+00,5.489442e+00,-1.148426e+00,3.284354e+00,2.618354e+00,5.722755e+00,1.662134e-02,0,5.852268e-01,1.039451e-04,8.044917e-01,-9.804860e-01,-3.081461e+00,-2.254511e+00,2.490720e-01,1.054942e+00,-1.482591e-01,5.247355e-03,1.139550e+00,1.523830e+00,3.289752e-01,-5.399731e-01,-5.288607e-03,0,-2.355278e-03
1.260980e-03,1.710316e+00,3.476791e+00,-1.127198e+01,-2.113082e+00,2.555932e+00,4.152749e+00,3.657847e+00,5.093699e+00,1.013472e+00,5.499637e+00,4.255192e+00,5.181165e+00,8.763977e-03,0,5.744687e-01,1.567693e-04,7.451075e-01,-1.087560e+00,-2.995664e+00,-1.886071e+00,6.874312e-01,1.725783e+00,4.203020e-01,-2.190018e-01,6.533863e-01,1.313702e+00,4.158565e-01,-1.287833e+00,-4.200665e-03,0,-4.635805e-03
1.508120e-03,2.362351e+00,2.396632e+00,-1.369571e+01,-3.178605e+00,4.196063e+00,6.152151e+00,5.084991e+00,4.286727e+00,4.802568e-01,5.335169e+00,4.702793e+00,4.214221e+00,7.857359e-03,0,5.733832e-01,1.605596e-04,4.544592e-01,-9.077888e-01,-2.146405e+00,-6.225647e-01,1.271224e+00,1.882979e+00,5.741958e-01,-2.807857e-01,5.841022e-02,8.180124e-01,1.332558e-01,-1.645184e+00,-2.901179e-03,0,-7.016623e-03
1.667324e-03,2.583591e+00,1.786169e+00,-1.510388e+01,-2.258888e+00,5.465393e+00,7.906855e+00,5.724171e+00,4.252515e+00,-3.899003e-01,6.440913e+00,4.181011e+00,1.192903e+00,5.137504e-03,0,5.599424e-01,9.789263e-05,1.080143e-01,-5.252222e-01,-1.192126e+00,4.307302e-01,1.710077e+00,1.420417e+00,5.772338e-01,-2.063068e-01,-1.035005e-01,8.363465e-01,-4.659306e-01,-1.802153e+00,-3.928680e-04,0,-7.937712e-03
1.728637e-03,2.629198e+00,1.212327e+00,-1.598184e+01,-1.616313e+00,7.876787e+00,9.001903e+00,6.088319e+00,4.506106e+00,-1.546888e-01,6.903779e+00,3.321723e+00,-5.090347e-01,3.928680e-03,0,5.574068e-01,3.005576e-06,-2.103103e-01,-3.157642e-01,-5.991500e-01,5.475309e-01,1.626412e+00,1.047522e+00,-1.829262e-01,-4.584960e-01,3.106530e-01,8.579355e-01,-7.505248e-01,-1.110610e+00,1.752795e-03,0,-2.542055e-03
1.640185e-03,2.116963e+00,1.442832e+00,-1.608954e+01,-7.405768e-01,9.265956e+00,9.829957e+00,6.042352e+00,3.952475e+00,8.134419e-01,8.897065e+00,2.616074e+00,-1.467971e+00,8.763977e-03,0,5.427683e-01,-5.326447e-05,-3.811113e-01,-1.786694e-01,-3.021325e-01,8.310302e-02,1.021406e+00,9.507154e-01,-4.130940e-01,-7.339760e-01,5.261412e-01,3.443288e-01,-3.939687e-01,-2.565299e-01,3.747356e-03,0,1.029677e-02
1.536717e-03,1.544113e+00,9.894795e-01,-1.619863e+01,-1.200107e+00,1.042784e+01,1.042821e+01,4.011270e+00,2.144267e+00,1.431851e+00,8.396770e+00,1.732637e+00,-8.390854e-03,1.480810e-02,0,5.692599e-01,-5.851958e-05,-3.535320e-01,-2.199740e-01,-1.039625e-01,-4.482652e-01,-6.967382e-02,7.726399e-01,-4.090272e-01,-8.037127e-01,6.995124e-01,-5.895873e-01,-1.051867e-01,1.055661e-01,3.022061e-03,0,2.415917e-02
1.496961e-03,1.220577e+00,1.004246e+00,-1.650615e+01,-2.051477e+00,9.296897e+00,1.194728e+01,4.697226e+00,1.763554e+00,1.447536e+00,7.416061e+00,3.005711e+00,-3.400680e-01,1.843457e-02,0,6.054997e-01,-2.345889e-05,-2.026619e-01,-4.173590e-01,-1.065376e-01,-8.702794e-01,-7.850531e-01,6.147851e-01,1.221472e-01,-2.028343e-01,8.368268e-01,-1.352115e+00,4.271834e-01,3.234903e-02,2.417648e-04,0,2.774897e-02
1.507651e-03,1.309732e+00,3.317505e-01,-1.629335e+01,-3.202189e+00,7.512947e+00,1.180644e+01,4.715746e+00,1.582003e+00,3.025826e+00,4.696344e+00,2.600971e+00,-5.451561e-01,1.420369e-02,0,6.468369e-01,-1.307742e-05,-9.864958e-02,-1.360023e-01,-5.535469e-02,-8.762807e-01,-9.526924e-01,2.859745e-01,6.609463e-01,2.192973e-01,6.743225e-01,-1.078674e+00,4.098953e-01,-1.074901e-01,-1.480810e-03,0,1.665942e-02
1.537423e-03,1.220844e+00,-3.150979e-01,-1.657487e+01,-4.090932e+00,6.798138e+00,1.221477e+01,6.300850e+00,3.219436e+00,4.200588e+00,3.986705e+00,4.317824e+00,-1.037844e+00,1.027501e-02,0,6.427246e-01,-3.897762e-05,-2.133941e-01,1.006031e-01,-1.306927e-01,-7.936060e-01,-6.994472e-01,2.198110e-01,7.324355e-01,4.168360e-01,5.305618e-01,-2.392530e-01,4.597205e-01,3.279693e-01,-3.928674e-04,0,-7.129550e-04
1.451099e-03,1.050731e+00,9.691400e-01,-1.644104e+01,-4.561782e+00,6.913760e+00,1.172434e+01,6.514189e+00,2.512813e+00,3.426937e+00,4.718078e+00,3.126057e+00,-1.969535e-01,1.148383e-02,0,6.339446e-01,-8.593620e-05,-5.889208e-01,5.279413e-01,-5.188160e-02,-5.359045e-01,-6.497107e-01,4.729738e-01,1.019490e+00,6.101349e-01,1.979827e-01,7.313594e-01,4.970145e-01,9.778410e-01,2.024781e-03,0,-1.171309e-02
1.330349e-03,2.831064e-01,1.188567e+00,-1.708577e+01,-5.339710e+00,6.099255e+00,1.308738e+01,7.460182e+00,3.382329e+00,3.899790e+00,6.208929e+00,5.041770e+00,1.125677e+00,1.783016e-02,0,6.083811e-01,-1.211521e-04,-1.054164e+00,6.013550e-01,6.066633e-01,2.996616e-02,-7.944444e-01,3.709751e-01,7.921418e-01,6.077266e-01,3.751637e-01,9.060937e-01,7.659948e-02,1.552603e+00,2.478090e-03,0,-5.240555e-02
1.181507e-03,-1.166003e+00,2.219625e+00,-1.629731e+01,-5.257323e+00,4.613835e+00,1.373500e+01,9.233533e+00,4.551230e+00,4.166139e+00,7.242029e+00,4.724071e+00,3.262288e+00,2.055001e-02,0,6.054432e-01,-1.170700e-04,-1.178211e+00,4.525139e-01,1.473185e+00,7.697347e-01,-6.491832e-01,8.520994e-02,5.540285e-01,6.782854e-01,5.348698e-01,2.479697e-01,-3.122985e-01,9.437820e-01,9.066183e-05,0,-7.640316e-02
1.066459e-03,-2.941607e+00,2.066435e+00,-1.361342e+01,-3.593331e+00,3.975878e+00,1.306431e+01,8.901887e+00,5.238860e+00,5.706806e+00,7.255198e+00,3.901814e+00,4.995548e+00,1.813237e-02,0,3.949475e-01,-8.841344e-05,-9.590944e-01,3.847201e-01,2.214935e+00,1.702169e+00,1.422622e-01,-5.175417e-01,-2.225542e-02,1.942521e-01,6.204116e-01,-4.500095e-01,-1.083421e+00,-2.148112e-01,-2.508311e-03,0,-8.236458e-02
9.976941e-04,-3.227967e+00,2.792775e+00,-1.081129e+01,-1.586298e+00,4.729532e+00,1.216193e+01,8.563479e+00,4.975975e+00,5.197778e+00,5.434792e+00,2.134543e+00,2.587022e+00,1.178604e-02,0,3.586455e-01,-4.812843e-05,-5.287038e-01,2.149893e-01,2.068566e+00,1.981260e+00,9.128435e-01,-8.138949e-01,-5.568557e-01,-3.760529e-03,5.791928e-01,-4.382598e-01,-1.067638e+00,-1.642346e+00,-1.934119e-03,0,-6.459630e-02
9.801886e-04,-3.481384e+00,2.825592e+00,-8.754100e+00,1.335624e+00,6.752717e+00,1.128621e+01,7.683932e+00,4.141218e+00,6.486028e+00,4.862500e+00,9.194295e-01,3.892548e-01,9.670596e-03,0,3.199570e-01,-3.199648e-05,-3.581699e-01,4.975185e-01,1.717127e+00,1.699310e+00,1.077187e+00,-1.113624e+00,-3.818990e-01,8.422089e-03,-1.503608e-01,1.440392e-01,-6.807650e-01,-2.109099e+00,9.972804e-04,0,-4.978758e-02
9.840000e-04,-3.539634e+00,2.914993e+00,-8.384135e+00,2.184501e+00,7.789633e+00,1.055458e+01,7.058232e+00,5.081249e+00,6.672492e+00,6.247079e+00,8.770759e-01,-2.646296e+00,1.511031e-02,0,3.199570e-01,-3.277918e-05,-4.463667e-01,9.193409e-01,1.535116e+00,7.718240e-01,2.459443e-01,-1.077293e+00,6.764078e-02,1.118403e-01,-6.371619e-01,5.963861e-01,-5.583016e-02,-1.232196e+00,4.442430e-03,0,-8.718942e-02
9.133234e-04,-4.576623e+00,4.492918e+00,-6.241362e+00,3.017822e+00,7.831762e+00,8.299867e+00,7.745016e+00,5.228333e+00,4.217645e+00,7.569251e+00,1.126723e+00,-2.933290e+00,2.145663e-02,0,1.653539e-01,-3.954461e-05,-4.659804e-01,1.111596e+00,1.391720e+00,-1.362153e-01,-8.512973e-01,-7.254559e-01,6.517775e-01,6.856527e-02,-9.577581e-01,-3.898287e-03,1.957002e-01,3.351637e-01,5.107284e-03,0,-9.598710e-02
8.672308e-04,-4.912181e+00,6.555817e+00,-4.392085e+00,1.431723e+00,5.419731e+00,8.268635e+00,8.871141e+00,4.991619e+00,3.146160e+00,7.063347e+00,1.751745e+00,-1.912685e+00,2.810517e-02,0,0,-3.131633e-05,-4.437383e-01,7.884494e-01,9.109318e-01,-6.260172e-01,-1.350600e+00,1.341970e-01,9.154896e-01,-1.920520e-01,-4.245588e-01,-1.054781e+00,7.793627e-02,1.929203e+00,2.296766e-03,0,-8.052679e-02
8.408502e-04,-5.125012e+00,6.563158e+00,-3.791523e+00,1.030936e+00,3.681182e+00,8.801906e+00,1.003636e+01,4.528859e+00,3.460404e+00,4.434875e+00,1.460596e+00,1.698268e+00,2.870958e-02,0,0,-1.187115e-05,-2.969343e-01,-9.351344e-02,-1.599841e-01,-7.756475e-01,-1.054464e+00,5.974773e-01,3.438052e-01,-9.355211e-02,4.621150e-02,-1.481185e+00,1.279141e-01,2.144001e+00,-1.601693e-03,0,-3.307078e-02
8.636550e-04,-5.484131e+00,5.822120e+00,-5.054396e+00,4.785722e-02,3.111921e+00,1.097454e+01,1.049001e+01,4.470726e+00,4.928318e+00,2.540362e+00,1.099821e+00,4.683939e+00,2.296766e-02,0,0,4.787743e-06,-2.673948e-01,-6.267856e-01,-9.108793e-01,-4.911728e-01,-1.746637e-01,3.218430e-01,-6.680498e-02,1.239341e-01,-3.212903e-01,-1.081720e+00,3.217111e-01,1.276346e+00,-5.500152e-03,0,0
8.557555e-04,-5.775320e+00,4.392200e+00,-6.710127e+00,-1.684828e-01,3.713346e+00,9.934299e+00,8.654610e+00,5.021019e+00,3.557623e+00,2.424819e+00,2.092255e+00,4.488402e+00,1.601692e-02,0,0,1.758935e-05,-4.148632e-01,-8.190095e-01,-9.856119e-01,-3.407556e-03,2.287450e-01,-6.646779e-01,-4.486009e-01,4.708648e-01,-9.344446e-01,-5.405327e-01,6.709896e-01,-2.964967e-01,-6.255667e-03,0,0
8.837169e-04,-5.924001e+00,4.507368e+00,-7.487179e+00,-4.244314e-01,4.530331e+00,9.311653e+00,9.227994e+00,5.365209e+00,1.491098e+00,2.659776e+00,3.044471e+00,3.073977e+00,6.950740e-03,0,0,8.270743e-05,-5.370829e-01,-9.803950e-01,-2.062004e-01,7.787623e-01,6.372299e-02,-2.134018e+00,-5.732056e-01,6.479895e-01,-1.561997e+00,-9.112374e-01,5.047633e-01,-1.010600e+00,-3.898459e-03,0,2.296586e-02
9.187660e-04,-6.979393e+00,3.125486e+00,-7.503191e+00,1.250043e+00,4.115702e+00,6.309961e+00,8.424366e+00,6.435941e+00,5.067905e-01,1.672504e+00,3.843219e+00,1.020765e+00,5.439710e-03,0,0,2.047289e-04,-6.495736e-01,-1.130468e+00,8.328508e-01,1.192702e+00,-4.665774e-01,-2.556080e+00,-9.535791e-01,2.391254e-01,-1.254553e+00,-1.301239e+00,-9.480186e-02,-1.068553e+00,1.873678e-03,0,5.856512e-02
1.245687e-03,-7.567509e+00,1.553502e+00,-5.688866e+00,3.232406e+00,3.229358e+00,2.116622e+00,7.739099e+00,7.003212e+00,-1.356251e+00,-1.639668e+00,2.748156e+00,1.364756e+00,8.763977e-03,0,1.148293e-01,2.394007e-04,-5.198483e-01,-1.207180e+00,1.517647e+00,1.407240e+00,-5.747772e-01,-2.257488e+00,-1.648284e+00,-1.711446e-01,-6.304779e-01,-9.958267e-01,-6.438487e-01,-4.268184e-01,7.404049e-03,0,7.062329e-02
1.698415e-03,-8.201434e+00,2.167902e-01,-3.445030e+00,3.966608e+00,2.030945e+00,7.514129e-01,4.631161e+00,5.397645e+00,-1.291469e+00,-1.931656e+00,1.766404e+00,2.483924e-04,2.447869e-02,0,2.354110e-01,1.350792e-04,-2.097704e-01,-5.361344e-01,1.556268e+00,1.151533e+00,-5.502656e-01,-8.900830e-01,-1.204332e+00,5.681596e-02,5.085894e-01,1.442046e-01,-8.670577e-01,6.099715e-01,8.491991e-03,0,3.617451e-02
1.690896e-03,-7.912222e+00,-7.418257e-02,-1.928026e+00,5.253487e+00,2.698824e+00,8.034901e-01,2.883176e+00,5.028635e+00,-7.621614e-01,-5.172778e-01,8.636351e-01,1.450144e+00,3.445150e-02,0,2.354110e-01,-9.225804e-05,-1.327498e-01,-1.900461e-01,1.053778e+00,1.741909e+00,-5.587810e-01,1.099272e-02,3.338652e-01,1.021537e+00,1.495579e+00,1.587885e+00,-1.609227e-01,9.627504e-01,3.535812e-03,0,-3.444878e-02
1.371557e-03,-7.855888e+00,1.258656e+00,-1.602268e+00,5.997168e+00,1.629641e+00,2.516112e+00,4.830669e+00,7.707310e+00,2.752693e+00,1.832333e+00,4.501903e-01,4.027928e+00,3.505591e-02,0,1.205817e-01,-2.174126e-04,-3.300362e-01,-4.325522e-01,4.291711e-01,2.580067e+00,-8.523833e-01,-3.283628e-02,2.567036e+00,2.192799e+00,1.527967e+00,1.949524e+00,6.548724e-01,7.979879e-01,-4.291327e-03,0,-7.062329e-02
9.478256e-04,-8.404031e+00,8.233794e-02,-1.341358e+00,1.092667e+01,6.361048e-01,1.289236e+00,9.308671e+00,1.095606e+01,4.099562e+00,4.417764e+00,2.601649e+00,4.164668e+00,2.115443e-02,0,0,-1.808944e-04,-7.257012e-01,-7.673049e-01,5.362611e-02,2.445003e+00,-8.234320e-01,-4.008998e-01,2.901534e+00,1.636720e+00,9.463238e-01,1.429014e+00,1.163540e+00,-5.735984e-01,-8.945300e-03,0,-5.914037e-02
9.828877e-04,-9.605711e+00,-2.024231e+00,-1.592509e+00,1.403035e+01,-1.199611e+00,3.443584e-01,1.425359e+01,1.339793e+01,3.917504e+00,5.348441e+00,4.171759e+00,2.632926e+00,9.670596e-03,0,0,-8.938295e-05,-9.759671e-01,-9.637823e-01,-2.385698e-01,1.386440e+00,2.165375e-01,-7.880573e-01,1.075951e+00,2.728861e-01,-7.995985e-02,2.682082e-01,7.150055e-01,-1.730523e+00,-6.950741e-03,0,-2.411634e-02
9.807590e-04,-1.066582e+01,-2.269263e+00,-1.664775e+00,1.346191e+01,-3.709674e-03,-1.151321e-01,1.267938e+01,1.036693e+01,3.387052e+00,4.869737e+00,4.820549e+00,-7.203471e-01,2.417649e-03,0,0,-2.273119e-05,-8.679765e-01,-7.148813e-01,-5.481941e-01,-2.953173e-01,9.793928e-01,-7.907588e-01,-1.451801e+00,-6.228487e-01,6.687522e-02,-7.297878e-01,-4.830275e-01,-1.916867e+00,2.115442e-03,0,0
9.081759e-04,-1.160483e+01,-2.384454e+00,-2.633408e+00,1.166175e+01,3.032236e+00,-7.219904e-01,8.525066e+00,9.366308e+00,2.709149e+00,2.947387e+00,2.915768e+00,-2.182180e+00,9.670596e-03,0,0,-3.133418e-05,-3.578637e-01,-8.964776e-01,-1.039185e+00,-1.095277e+00,7.586087e-01,-1.090455e+00,-2.792642e+00,-3.956869e-01,6.429183e-02,-1.071652e+00,-1.384346e+00,-1.263281e+00,1.302508e-02,0,0
8.715256e-04,-1.174435e+01,-3.311957e+00,-3.561878e+00,1.063439e+01,3.417145e+00,-2.131383e+00,4.913931e+00,9.857629e+00,5.038116e+00,1.969351e+00,8.145070e-01,-3.012114e+00,3.173164e-02,0,0,-2.244597e-05,3.564182e-01,-9.026939e-01,-1.544521e+00,-1.735835e+00,-8.074862e-01,-1.037170e+00,-1.985737e+00,6.126766e-01,4.470672e-02,-1.284575e+00,-1.654461e+00,-1.451919e-01,1.749773e-02,0,0
8.808335e-04,-1.085576e+01,-5.985272e+00,-5.839884e+00,9.967732e+00,8.830047e-01,-4.099791e+00,4.173108e+00,1.167414e+01,3.413431e+00,1.440374e+00,-7.469506e-01,-2.537596e+00,6.013902e-02,0,0,-1.183236e-05,7.115285e-01,-1.717674e-01,-1.403077e+00,-2.570347e+00,-1.821273e+00,-7.801513e-02,-7.954236e-01,1.563983e-01,-1.191135e-01,-7.506695e-01,-9.112746e-01,5.411825e-01,1.078876e-02,0,0
8.822004e-04,-9.258261e+00,-4.982324e+00,-7.784143e+00,5.629740e+00,-2.966525e+00,-3.612084e+00,4.926675e+00,1.227639e+01,3.258444e+00,-7.996286e-01,-1.620396e+00,-1.268599e+00,6.467211e-02,0,0,-1.271026e-05,4.445313e-01,9.468346e-01,-4.280739e-01,-2.413343e+00,-9.925105e-01,1.546613e+00,9.916635e-02,-1.047016e+00,-3.791433e-01,-4.134065e-01,-3.591235e-01,7.650126e-01,-2.266545e-03,0,0
8.436767e-04,-9.290235e+00,-2.408108e+00,-7.537661e+00,1.312337e+00,-2.882293e+00,-3.717155e-01,4.541576e+00,8.938917e+00,3.003417e+00,5.785297e-01,-4.231535e-01,-3.480254e-01,4.714416e-02,0,0,-1.548136e-05,-3.043392e-01,1.699204e+00,9.034769e-01,-1.172405e+00,6.493478e-01,2.565680e+00,3.555401e-01,-1.791605e+00,1.984680e-01,1.624109e-01,-1.228499e-01,4.708219e-01,-1.163493e-02,0,0
8.265527e-04,-1.030446e+01,-3.663661e-01,-4.853360e+00,2.895369e+00,3.372416e-01,3.737645e+00,5.225529e+00,5.990161e+00,3.347406e+00,3.332409e-01,-1.143009e+00,-2.818367e-01,2.689634e-02,0,0,-1.391756e-05,-7.815975e-01,1.487597e+00,1.778395e+00,6.219602e-01,1.777662e+00,2.440849e+00,8.950810e-02,-1.473750e+00,2.313139e-01,4.310950e-01,-6.999891e-02,4.140107e-01,-1.187670e-02,0,0
8.312506e-04,-1.185436e+01,2.027674e-01,-2.787891e+00,5.472894e+00,2.477860e+00,5.053744e+00,5.801382e+00,5.859232e+00,4.361290e+00,1.685994e+00,-1.599893e+00,-6.768673e-01,2.085222e-02,0,0,-7.382291e-06,-6.928519e-01,1.111678e+00,1.679401e+00,1.164350e+00,1.289850e+00,1.284521e+00,-5.948372e-02,-5.182261e-01,5.035860e-02,2.895789e-01,9.191676e-01,4.725851e-01,-8.220008e-03,0,0
8.188256e-04,-1.188419e+01,1.150223e+00,-1.267053e+00,6.659262e+00,3.241706e+00,5.879431e+00,4.744313e+00,6.447487e+00,3.736077e+00,8.021147e-01,-1.382020e+00,9.658754e-01,1.843457e-02,0,0,-5.675328e-06,-3.168110e-01,8.550584e-01,1.187734e+00,3.896976e-01,2.294227e-01,3.617630e-01,-3.125386e-01,-3.328066e-01,-4.136180e-01,2.161888e-01,2.197596e+00,8.638461e-01,-4.140224e-03,0,0
8.106288e-04,-1.196463e+01,2.391987e+00,-9.338096e-01,5.252141e+00,2.114722e+00,4.979994e+00,4.484766e+00,6.119124e+00,3.060875e+00,1.791987e+00,4.292190e+00,1.391044e+00,1.027501e-02,0,0,-3.975624e-06,8.868732e-02,7.864233e-01,5.804485e-01,-2.673831e-01,-4.550928e-01,-3.797639e-01,-6.980677e-01,-1.124556e+00,-7.584321e-01,-1.542723e-01,2.511115e+00,7.465998e-01,-9.972799e-04,0,0
8.084869e-04,-1.183338e+01,2.814316e+00,1.582679e-01,4.954234e+00,1.665924e+00,5.583335e+00,4.321144e+00,4.196183e+00,1.929524e+00,1.361188e+00,6.898931e+00,3.003438e+00,1.148383e-02,0,0,3.351812e-06,2.113130e-01,7.666361e-01,4.351362e-01,-2.118607e-01,-2.228772e-01,-9.376867e-01,-1.049379e+00,-1.735127e+00,-4.231561e-01,-1.769981e-01,9.548994e-01,2.310179e-01,3.022061e-03,0,0
8.165418e-04,-1.143633e+01,3.302837e+00,-5.983089e-01,4.988493e+00,9.902870e-01,3.302973e+00,2.522628e+00,1.362106e+00,1.472406e+00,6.350954e-01,6.815205e+00,2.037350e+00,1.934119e-02,0,0,1.198804e-05,3.880610e-01,1.005473e+00,5.135016e-01,2.220731e-01,7.426689e-01,-1.114232e+00,-1.049916e+00,-1.692728e+00,3.977970e-02,-1.576771e-01,-1.438585e+00,-2.701207e-01,3.686914e-03,0,0
8.326282e-04,-1.109177e+01,4.527978e+00,7.408779e-01,5.731782e+00,2.689538e+00,2.029508e+00,4.784855e-01,1.503618e-01,2.414531e+00,4.955698e-01,2.130970e+00,1.797812e+00,2.901179e-02,0,0,2.161671e-05,7.735411e-01,1.193637e+00,1.800719e-01,1.739653e-01,1.152880e+00,-8.788694e-01,-2.788672e-01,-5.278094e-01,4.579395e-01,3.156556e-01,-2.356924e+00,-3.466803e-01,-1.813240e-04,0,0
8.584983e-04,-1.039513e+01,6.562519e+00,1.342393e+00,5.973732e+00,5.316260e+00,1.185748e+00,1.156513e+00,-3.216069e-01,3.017270e+00,1.436411e+00,-5.167542e-01,6.432541e-01,1.994560e-02,0,0,3.209775e-05,8.444635e-01,1.119418e+00,-4.726529e-01,8.883457e-02,7.332941e-01,4.773140e-05,1.033678e+00,6.963649e-01,5.884508e-01,1.870984e-01,-1.951744e+00,7.558082e-02,-5.560593e-03,0,0
8.955922e-04,-8.486272e+00,7.152660e+00,8.827654e-02,5.331440e+00,5.267338e+00,2.247601e+00,3.609865e+00,2.398992e+00,3.446790e+00,2.538809e+00,-1.219710e+00,1.967085e+00,1.027501e-02,0,0,2.510638e-05,7.341428e-01,3.037522e-01,-1.288544e+00,-5.848012e-02,-9.224712e-01,1.956873e-01,1.044541e+00,1.029644e+00,1.881589e-01,-3.571227e-01,-6.611857e-01,2.744981e-01,-5.288607e-03,0,0
9.455485e-04,-8.516759e+00,7.587588e+00,-2.635273e+00,5.632837e+00,3.367858e+00,3.194165e+00,6.125329e+00,3.719615e+00,3.898530e+00,5.489681e-01,-1.268178e+00,2.330618e+00,9.066183e-04,0,0,4.981505e-06,1.463448e-01,-3.791580e-01,-9.861237e-01,3.057976e-01,-1.889116e+00,-2.157769e-01,-5.551434e-02,3.941290e-01,-7.623144e-01,-1.340908e+00,-1.841707e-01,4.141269e-01,5.077063e-03,0,0
9.146350e-04,-8.360246e+00,5.534205e+00,-3.713011e+00,5.609829e+00,-9.486168e-01,2.003736e+00,3.216783e+00,3.277972e+00,2.914695e+00,-8.463228e-01,-7.992468e-01,2.326620e+00,1.208824e-02,0,0,-2.300534e-05,-4.089671e-01,-8.603159e-01,-1.800323e-01,4.276583e-01,-1.662111e+00,-1.156749e+00,-1.551586e+00,9.506202e-02,-8.848978e-01,-1.149568e+00,-4.744778e-01,2.977369e-02,1.946208e-02,0,0
8.738845e-04,-9.726418e+00,5.475956e+00,-1.687582e+00,7.363525e+00,-1.021343e+00,2.287952e-01,1.075482e+00,1.209548e+00,-5.282544e-01,-3.575566e+00,-1.647840e+00,2.534121e+00,4.442430e-02,0,0,-3.424363e-05,-6.155003e-01,-8.972066e-01,3.992751e-01,6.835394e-02,-8.392992e-01,-1.605603e+00,-2.167345e+00,4.244730e-01,-2.437551e-01,-1.197832e-02,-5.832856e-01,1.072049e-02,2.997885e-02,0,0
8.163975e-04,-9.926278e+00,3.906897e+00,-1.285731e+00,6.604388e+00,-8.486151e-01,-2.053461e+00,-1.623140e+00,4.129336e+00,1.235693e+00,-1.146762e+00,-3.402268e+00,2.014202e+00,8.582654e-02,0,0,-2.287031e-05,-7.214036e-01,-5.863088e-01,2.976836e-01,-4.423772e-01,-3.579050e-02,-1.074889e+00,-1.169089e+00,8.246579e-01,7.044472e-01,5.236596e-01,-1.023257e+00,-3.712942e-01,2.617105e-02,0,0
8.234491e-04,-1.081124e+01,3.915209e+00,-1.852537e+00,5.477327e+00,-8.786390e-01,-2.805251e+00,-2.291434e+00,5.416298e+00,3.519256e+00,6.392964e-01,-2.883095e+00,2.540430e+00,1.139317e-01,0,0,-1.126224e-05,-1.287774e-01,-2.408046e-01,-3.014984e-01,-1.458762e+00,-1.664840e-01,1.379518e-01,3.120014e-01,3.055025e-01,1.755735e-01,-2.501399e-02,-1.081313e+00,-8.361959e-01,1.335751e-02,0,0
8.255011e-04,-1.142485e+01,3.383034e+00,-2.142115e+00,4.341043e+00,-1.198921e+00,-1.853684e+00,-9.452041e-01,5.297887e+00,4.413176e+00,-3.354557e-01,-5.297904e+00,4.669950e-01,1.081898e-01,0,0,-2.718152e-06,4.040510e-01,3.382334e-01,-3.714572e-01,-1.522099e+00,-5.064828e-02,1.280646e+00,1.922813e+00,-6.526005e-01,-1.766527e+00,-1.545066e+00,-1.010252e+00,-1.237051e+00,-3.626466e-04,0,0
8.130215e-04,-9.621018e+00,4.533864e+00,-2.766881e+00,1.201387e+00,-1.678610e+00,8.186657e-01,2.296521e+00,2.152786e+00,-1.239128e+00,-4.106289e+00,-6.106587e+00,-8.732558e-01,1.000302e-01,0,0,-4.630833e-06,8.679830e-01,5.082116e-01,-3.543786e-01,-1.274066e+00,-1.407642e-02,1.415004e+00,2.398490e+00,-2.108102e-01,-2.128189e+00,-1.421596e+00,-1.233592e-01,-1.174657e+00,-6.860077e-03,0,0
8.080206e-04,-8.501136e+00,5.288736e+00,-2.685845e+00,1.131862e+00,-7.018709e-01,2.537810e+00,5.696947e+00,2.498090e+00,-5.217751e+00,-6.499300e+00,-6.841780e+00,-2.464213e+00,9.096404e-02,0,0,-5.380460e-06,5.804129e-01,1.583791e-01,-1.297667e-01,-2.219401e-01,1.480677e-01,8.609164e-01,1.636701e+00,9.931356e-01,-2.911167e-01,3.318218e-01,1.737288e+00,-5.438060e-02,-8.250227e-03,0,0
8.090352e-04,-7.933186e+00,5.503417e+00,-3.352565e+00,7.115892e-01,-1.197546e+00,2.074020e+00,6.379944e+00,5.762146e+00,-2.306226e+00,-3.386761e+00,-2.727953e+00,-1.867251e+00,8.824418e-02,0,0,-1.477351e-06,-2.122749e-01,-4.799095e-01,-1.192074e-02,7.302565e-01,2.036371e-01,4.339195e-02,3.266097e-01,2.277225e+00,2.544790e+00,1.698203e+00,2.598489e+00,1.019767e+00,-1.335751e-02,0,0
8.005920e-04,-9.366702e+00,3.690154e+00,-2.498106e+00,3.476241e+00,-6.991145e-01,1.823221e+00,5.196589e+00,8.458884e+00,3.491141e+00,9.638891e-01,1.699219e+00,6.920896e-01,7.283167e-02,0,0,3.554753e-06,-7.295560e-01,-7.502325e-01,8.274069e-02,6.619359e-01,1.278099e-01,3.664421e-02,-5.118070e-01,2.400370e+00,3.584592e+00,1.749751e+00,2.303626e+00,1.688088e+00,-1.462678e-02,0,0
8.093491e-04,-1.024961e+01,2.933607e+00,-2.920354e+00,3.680480e+00,-6.618028e-01,1.392920e+00,4.179748e+00,1.055851e+01,7.130374e+00,6.531298e-01,2.615360e+00,2.647430e+00,4.230886e-02,0,0,4.457624e-06,-8.863121e-01,-7.113225e-01,1.138978e-01,2.504439e-01,-4.799876e-02,3.235031e-01,-7.029978e-01,1.296175e+00,2.351022e+00,2.979087e-01,5.508880e-01,9.700189e-01,-1.118162e-02,0,0
8.256374e-04,-1.099070e+01,2.822478e+00,-2.488247e+00,2.957096e+00,-3.306931e-01,3.061581e+00,4.238009e+00,1.210175e+01,7.986912e+00,2.295118e-01,2.004691e+00,3.718886e+00,4.079783e-02,0,0,2.280797e-06,-4.840909e-01,-4.093321e-01,-4.692302e-02,-3.203838e-01,-2.844439e-01,6.323833e-01,-4.821436e-01,3.032227e-01,1.066030e+00,-1.880625e-01,-5.663329e-01,-1.979098e-01,0,0,0
8.188006e-04,-1.155275e+01,2.380642e+00,-2.788006e+00,2.223381e+00,-1.621751e+00,3.072355e+00,3.344245e+00,1.042159e+01,7.201000e+00,-1.530029e+00,-1.262488e-01,1.469445e+00,4.835298e-02,0,0,-7.379713e-06,-4.728727e-02,-3.790227e-01,-2.238142e-01,-5.097114e-01,-3.759523e-01,4.805010e-01,-6.158530e-01,-1.073662e+00,-9.250927e-02,1.576074e-01,-8.886949e-01,-5.459038e-01,3.868238e-03,0,0
8.072702e-04,-1.113559e+01,1.919976e+00,-2.798896e+00,2.602872e+00,-1.641360e+00,4.145420e+00,3.203623e+00,1.004346e+01,8.785977e+00,1.115156e+00,2.383589e-01,2.915331e-01,6.980961e-02,0,0,-8.674472e-06,2.623710e-01,-5.296480e-02,-4.394897e-01,-5.902513e-01,-1.956221e-01,-2.891908e-01,-7.516479e-01,-1.515833e+00,-6.335257e-01,4.935277e-01,-6.176627e-01,-2.232511e-01,-3.989120e-03,0,0
7.816341e-04,-1.041360e+01,1.489745e+00,-3.884101e+00,1.309035e+00,-1.886231e+00,3.253506e+00,1.617677e+00,6.219351e+00,6.268295e+00,9.983446e-01,-9.449481e-01,1.631588e+00,4.714416e-02,0,0,-4.019897e-06,2.170769e-01,4.131695e-01,-4.126905e-01,-8.549049e-01,-2.818731e-02,-8.978577e-01,-1.209577e+00,-1.531153e+00,-1.110291e+00,6.298412e-01,-1.101215e-01,4.153915e-01,-1.335751e-02,0,0
8.008483e-04,-1.024842e+01,3.003103e+00,-4.137648e+00,4.630121e-01,-1.176563e+00,1.525052e+00,1.343054e+00,6.623707e+00,5.285635e+00,1.432963e+00,-6.742730e-01,2.521559e+00,2.145663e-02,0,0,1.513562e-06,-1.010467e-01,6.311749e-01,-4.406973e-01,-7.540521e-01,9.285331e-02,-1.397854e+00,-1.311259e+00,-8.905087e-01,-1.439763e+00,-2.000106e-01,3.667537e-01,2.588426e-01,-1.580538e-02,0,0
8.019120e-04,-1.091095e+01,3.904926e+00,-4.182082e+00,-9.812135e-01,-1.995086e+00,-1.067492e-01,-1.773355e+00,4.475697e+00,3.399714e+00,1.460273e+00,-2.205404e-01,2.431390e+00,5.741916e-03,0,0,4.558981e-06,-4.141667e-01,4.621600e-01,-2.047337e-01,-9.415890e-02,4.526959e-01,-9.653503e-01,-6.901557e-01,5.336171e-01,-1.103493e+00,-7.643096e-01,5.070163e-01,-3.811839e-01,-4.865519e-03,0,0
8.046990e-04,-1.139215e+01,3.868261e+00,-4.853392e+00,-2.226446e-02,-1.122666e+00,-1.163721e+00,-1.657154e+00,6.462746e+00,3.021453e+00,-1.158614e-01,1.709923e+00,1.185845e+00,1.148383e-02,0,0,-2.442801e-06,-4.310092e-01,-1.566668e-01,-7.589813e-02,5.606216e-01,7.742038e-01,-2.253007e-01,4.614651e-01,1.153439e+00,-1.028481e+00,-9.235034e-01,-7.129703e-02,-6.102179e-01,5.772136e-03,0,0
8.025037e-04,-1.191257e+01,3.367966e+00,-4.549897e+00,1.080879e+00,3.503004e-01,-2.288593e-01,-3.329979e-01,8.967917e+00,1.882922e+00,-2.048791e+00,3.980352e-01,3.935250e-01,2.780296e-02,0,0,-6.095192e-06,-2.050848e-01,-3.727375e-01,-5.830789e-02,6.920313e-01,8.102020e-01,3.304185e-01,1.653262e+00,1.282538e+00,-5.056637e-01,-3.743783e-01,-5.159093e-01,-4.003157e-01,1.178604e-02,0,0
7.883385e-04,-1.190265e+01,2.488249e+00,-4.333230e+00,2.235074e+00,1.521762e+00,4.596031e-01,2.930201e+00,1.014479e+01,9.016244e-01,-1.430021e+00,-1.340046e+00,4.894020e-01,3.928679e-02,0,0,-5.517999e-06,4.599533e-02,-2.920201e-01,-6.321430e-03,2.309326e-01,1.149527e-01,8.148877e-01,1.758309e+00,1.510315e-01,3.576981e-01,1.056850e+00,-2.705852e-01,1.198212e-01,7.373829e-03,0,0
7.796164e-04,-1.168112e+01,2.731244e+00,-4.733702e+00,1.350274e+00,7.337103e-01,7.336815e-01,4.199275e+00,9.047362e+00,1.931310e+00,2.454617e-01,-1.275102e+00,7.780333e-01,5.077063e-02,0,0,-1.353305e-06,1.330015e-01,2.799842e-02,-1.067438e-01,-2.286884e-01,-4.291412e-01,7.203934e-01,8.841572e-01,-6.795934e-01,1.164051e+00,1.482526e+00,5.092335e-01,4.277531e-01,-1.873677e-03,0,0
7.885527e-04,-1.127790e+01,2.726521e+00,-4.793097e+00,9.977012e-01,-7.396079e-01,2.429447e+00,4.868256e+00,7.178181e+00,4.785749e+00,4.021265e+00,1.193566e+00,1.592697e+00,3.686915e-02,0,0,6.782374e-06,-6.859045e-02,1.742399e-01,3.047345e-01,-4.561627e-02,-3.216228e-01,7.217510e-01,-3.535566e-01,-7.542961e-01,1.589842e+00,1.187676e+00,4.821335e-01,3.371050e-01,-1.048655e-02,0,0
7.956300e-04,-1.155994e+01,3.388822e+00,-4.853683e+00,5.561236e-01,-6.647205e-01,2.388186e+00,3.118761e+00,7.053256e+00,5.761116e+00,2.638194e+00,1.677397e+00,1.980643e+00,1.964340e-02,0,0,7.818924e-06,-2.459053e-01,9.269254e-02,5.897250e-01,3.826104e-01,1.134904e-01,3.510473e-01,-1.089742e+00,-3.977555e-01,9.292091e-01,3.195638e-01,-1.590637e-01,2.862992e-01,-1.359927e-02,0,0
8.142435e-04,-1.230619e+01,3.030660e+00,-2.749567e+00,2.404068e+00,6.128637e-01,3.241106e+00,1.702674e+00,7.370364e+00,6.935932e+00,3.311995e+00,-4.056281e-01,1.573622e+00,2.417649e-03,0,0,2.268451e-06,-3.076001e-01,-1.907712e-01,7.871014e-01,6.809475e-01,7.933913e-02,-1.932603e-01,-1.087124e+00,1.084688e-01,2.273982e-01,-1.721888e-01,-3.822830e-01,4.653937e-01,-8.552433e-03,0,0
8.058656e-04,-1.239650e+01,3.042638e+00,-2.806841e+00,2.560142e+00,6.249265e-01,2.083089e+00,3.333542e-01,6.962493e+00,5.502264e+00,2.197916e+00,-1.270824e+00,2.219067e+00,0,0,0,-8.195796e-06,-8.308859e-02,-3.172674e-01,6.739475e-01,6.303037e-01,-5.673838e-01,-2.887692e-01,-3.342046e-01,1.051558e-01,6.905337e-02,-2.980876e-03,-1.620604e-02,7.766202e-01,-2.206105e-03,0,0
7.947772e-04,-1.239762e+01,1.945757e+00,-1.881010e+00,3.400429e+00,-9.877357e-01,1.615694e+00,8.253408e-01,7.765906e+00,6.052166e+00,3.380460e+00,7.562611e-01,3.800454e+00,3.928680e-03,0,0,-1.285581e-05,1.045826e-01,-2.385202e-01,3.439530e-01,6.866159e-02,-8.653088e-01,-2.261912e-01,4.266240e-01,-1.681884e-01,2.151471e-01,3.004719e-01,5.381333e-01,9.665562e-01,2.115443e-03,0,0
7.643842e-04,-1.192967e+01,2.344936e+00,-1.918224e+00,3.209461e+00,-2.701339e+00,1.757045e+00,1.886405e+00,7.381264e+00,6.548266e+00,2.589057e+00,1.015422e+00,4.750328e+00,7.857359e-03,0,0,-4.964875e-06,1.349623e-01,-1.865437e-01,1.685684e-01,-7.479975e-02,-3.294964e-02,3.584926e-01,8.024262e-01,-7.489949e-01,1.806937e-01,2.188033e-01,8.893706e-02,6.059343e-01,1.541251e-03,0,0
7.707051e-04,-1.201670e+01,2.186909e+00,-1.474110e+00,2.422716e+00,-2.050547e+00,2.273172e+00,3.059269e+00,6.320036e+00,7.488667e+00,4.618783e+00,1.141916e+00,5.140772e+00,9.066183e-03,0,0,6.290595e-06,-2.390080e-02,9.545052e-02,-5.409481e-02,-3.366665e-01,1.118839e+00,7.596415e-01,4.749407e-01,-1.164386e+00,-7.307901e-01,-1.669716e-01,-1.888283e-01,-1.340608e-01,-8.159565e-04,0,0
7.930772e-04,-1.191215e+01,1.989343e+00,-2.167449e+00,2.675000e+00,9.915840e-01,3.546813e+00,3.228521e+00,3.940454e+00,5.687482e+00,2.672771e+00,-1.018966e+00,4.578579e+00,5.137504e-03,0,0,1.233612e-05,-3.040781e-01,3.754091e-02,-8.114377e-02,-8.601819e-02,1.566816e+00,8.413474e-01,-9.250607e-02,-9.942735e-01,-1.519956e+00,-6.692966e-01,2.120612e-01,-5.278380e-01,-2.357208e-03,0,0
8.118837e-04,-1.252589e+01,2.600806e+00,-2.026872e+00,1.984328e+00,2.759998e+00,4.519018e+00,2.528986e+00,3.664380e+00,2.828607e+00,2.503745e+00,8.293133e-01,3.216024e+00,1.208824e-03,0,0,6.695290e-06,-3.843900e-01,2.701538e-01,-2.315345e-02,1.561556e-02,7.732896e-01,5.360638e-01,-1.960869e-01,-3.148369e-01,-1.762316e+00,-8.806826e-01,8.344096e-01,-6.845016e-01,4.533091e-04,0,0
8.054756e-04,-1.319547e+01,2.325692e+00,-2.047563e+00,2.998565e+00,2.727469e+00,4.840859e+00,1.689016e+00,3.737724e+00,1.278516e+00,3.000937e-01,2.232029e+00,3.073512e+00,0,0,0,-2.348120e-06,-3.985392e-01,3.454677e-01,1.435655e-01,-4.983386e-02,-3.281350e-01,4.419065e-02,3.550452e-01,4.312121e-01,-1.017721e+00,-1.664876e-01,8.498908e-01,-1.121520e+00,7.494712e-03,0,0
7.979824e-04,-1.329699e+01,3.369504e+00,-1.649821e+00,2.339012e+00,9.479580e-01,4.306468e+00,2.848587e+00,4.847217e+00,8.815689e-01,1.401709e+00,3.688466e+00,2.470798e+00,1.390148e-02,0,0,-5.153782e-06,-2.235475e-01,1.527618e-01,5.086838e-02,-1.819188e-01,-5.840256e-01,-8.735581e-02,7.877223e-01,7.442535e-01,-4.262722e-01,1.752150e-01,-1.529813e-01,-1.715147e+00,1.891810e-02,0,0
7.882873e-04,-1.351929e+01,3.332333e+00,-1.638147e+00,2.248489e+00,2.569290e-01,3.874042e+00,4.843947e+00,5.505096e+00,1.572394e+00,2.391351e+00,1.800912e+00,-6.564072e-01,3.626473e-02,0,0,-5.329365e-06,-2.066533e-01,-5.313697e-02,-7.864868e-03,-4.415964e-01,-2.059729e-01,1.120098e-01,7.717664e-01,6.628634e-01,-1.607319e-02,6.684214e-01,-7.598593e-01,-2.215095e+00,2.330009e-02,0,0
7.947089e-04,-1.348171e+01,2.861295e+00,-1.977238e+00,1.449772e+00,1.075140e+00,4.565648e+00,4.890132e+00,6.501961e+00,5.503072e-01,2.334192e+00,2.799655e-01,-3.494750e+00,7.766697e-02,0,0,1.058535e-06,-2.367531e-01,-2.938305e-01,5.336320e-02,1.344938e-02,4.744322e-01,4.207018e-01,1.834116e-01,2.511932e-01,1.445378e-01,1.644711e-01,-6.710603e-01,-1.108552e+00,1.740707e-02,0,0
7.804655e-04,-1.413637e+01,2.314112e+00,-1.923179e+00,1.235203e+00,1.634014e+00,5.271318e+00,4.527075e+00,6.224669e+00,1.363781e+00,3.175960e+00,1.369833e-01,-5.019191e+00,8.461770e-02,0,0,4.356168e-06,-1.842631e-01,-3.177395e-02,4.573269e-01,7.115834e-01,7.487990e-01,5.060160e-01,-2.828479e-01,-2.921791e-02,7.077257e-02,-2.458220e-01,1.094212e-01,8.334624e-01,-2.719857e-04,0,0
8.071859e-04,-1.417222e+01,2.409462e+00,-1.240489e+00,2.912902e+00,2.631577e+00,5.711338e+00,3.924081e+00,5.743396e+00,1.708565e+00,1.831760e+00,1.165129e+00,-8.905689e-01,7.676035e-02,0,0,9.047985e-06,-1.273614e-01,2.236430e-01,7.266902e-01,1.357536e+00,7.381476e-01,5.414105e-01,-3.269682e-01,-1.414686e-01,3.111621e-01,-5.394669e-01,3.549615e-01,2.115057e+00,-1.471744e-02,0,0
8.038296e-04,-1.409536e+01,3.399380e+00,2.801134e-01,5.074841e+00,3.222706e+00,5.831276e+00,3.912733e+00,5.738289e+00,1.347129e+00,1.413456e+00,1.905436e+00,2.208814e+00,3.535811e-02,0,0,1.005140e-05,-1.385298e-02,2.514378e-01,5.184240e-01,1.191479e+00,2.975786e-01,3.537209e-01,-3.787310e-01,1.007919e-02,3.252048e-01,1.433384e-01,6.869279e-02,1.296597e+00,-1.604714e-02,0,0
8.282668e-04,-1.413902e+01,3.436877e+00,5.545674e-01,6.317633e+00,3.971532e+00,6.992721e+00,3.562462e+00,6.037808e+00,2.114444e+00,5.181089e-01,1.170546e+00,3.466533e+00,2.870958e-02,0,0,3.425532e-06,-1.367742e-01,-1.226166e-01,-1.535850e-01,3.385385e-01,-2.836959e-01,-2.469569e-01,-2.848238e-01,8.554139e-02,9.330242e-01,1.641259e+00,-1.079795e-01,-4.276997e-01,-3.898457e-03,0,0
8.201821e-04,-1.422223e+01,3.057594e+00,-2.285867e-01,5.490233e+00,2.451929e+00,6.399231e+00,2.814230e+00,6.127859e+00,2.786865e+00,4.549477e+00,4.777387e-01,-7.147586e-01,2.840737e-02,0,0,-4.797813e-06,-2.541069e-01,-6.417673e-01,-8.147664e-01,-4.595528e-01,-6.133159e-01,-8.534317e-01,-1.962999e-01,8.537088e-02,1.064227e+00,2.275541e+00,2.641919e-02,-1.194786e+00,1.372016e-02,0,0
8.161374e-04,-1.479265e+01,1.967272e+00,-1.754064e+00,4.397898e+00,1.598486e+00,4.192576e+00,3.049213e+00,5.976318e+00,5.653818e+00,8.470044e+00,1.339080e+00,-1.567281e+00,6.074343e-02,0,0,-1.398035e-05,-2.976592e-01,-7.965919e-01,-8.522214e-01,-5.669586e-01,-2.910685e-01,-1.384027e+00,1.009198e-01,3.705088e-01,8.376580e-01,1.808285e+00,2.791870e-01,-4.008939e-01,2.233303e-02,0,0
7.859052e-04,-1.503908e+01,9.253460e-01,-2.639403e+00,3.736944e+00,1.342649e+00,2.964191e+00,3.187858e+00,6.195888e+00,4.898576e+00,8.815191e+00,1.953265e+00,-1.248207e+00,8.794198e-02,0,0,-1.694364e-05,-1.527534e-01,-5.219169e-01,-3.920464e-01,-2.870877e-01,6.576256e-02,-9.764988e-01,3.617964e-01,3.751842e-01,-1.557609e-01,-2.401888e-01,1.194902e-01,1.091183e+00,1.604714e-02,0,0
7.755035e-04,-1.521890e+01,5.200413e-01,-2.501132e+00,4.359484e+00,3.070829e+00,1.790106e+00,3.880247e+00,7.856337e+00,5.246878e+00,7.426679e+00,1.828718e+00,1.728788e+00,1.106074e-01,0,0,-1.341011e-05,1.603804e-01,1.806839e-01,2.912907e-01,-2.168723e-01,-7.511816e-02,-4.438521e-01,3.678718e-01,2.993870e-01,-1.125504e+00,-1.886962e+00,-5.254521e-01,1.494763e+00,-3.022063e-03,0,0
7.557808e-04,-1.477288e+01,1.171625e+00,-1.815285e+00,4.074002e+00,2.044570e+00,2.717972e+00,4.207695e+00,7.063770e+00,2.211530e+00,3.870215e+00,8.303707e-01,3.093122e+00,8.371109e-02,0,0,-4.831830e-06,4.338967e-01,7.224773e-01,6.398152e-01,-5.739028e-01,-8.106489e-01,4.973543e-02,3.678300e-02,-1.904055e-01,-1.193168e+00,-2.402090e+00,-7.252890e-01,1.131506e+00,-1.897855e-02,0,0
7.641490e-04,-1.412385e+01,2.747553e+00,-7.096694e-01,3.145008e+00,8.719344e-01,2.096425e+00,4.378654e+00,7.039312e+00,1.369819e+00,1.507724e+00,-7.267331e-01,3.735869e+00,4.774857e-02,0,0,2.425292e-06,5.428475e-01,8.264160e-01,6.175920e-01,-7.173907e-01,-1.209137e+00,1.185417e-01,-4.831753e-01,-7.620784e-01,-5.170369e-01,-1.654466e+00,-5.021993e-01,8.141577e-02,-1.420369e-02,0,0
7.674233e-04,-1.341712e+01,3.423977e+00,-3.360581e-01,1.474668e+00,-1.611147e+00,3.059709e+00,3.122569e+00,5.652373e+00,8.712640e-01,-2.357797e-01,-3.954543e-01,3.405783e+00,2.447869e-02,0,0,9.929534e-06,4.035564e-01,4.719200e-01,2.128286e-01,-4.776563e-01,-7.586493e-01,-6.977544e-02,-1.063224e+00,-7.406711e-01,6.534010e-01,-6.741722e-02,2.607228e-01,-4.434732e-01,6.195227e-03,0,0
7.818087e-04,-1.318254e+01,3.525945e+00,-1.527853e-01,2.072197e+00,-1.146995e+00,2.211947e+00,2.006933e+00,4.751644e+00,3.331827e+00,1.207348e+00,-6.936558e-02,1.979536e+00,6.920520e-02,0,0,1.112040e-05,1.120590e-01,-5.478988e-02,-3.073554e-01,1.953852e-01,4.320452e-01,-5.721176e-02,-1.546869e+00,-5.734585e-01,1.121459e+00,8.465493e-01,4.993785e-01,-6.269233e-01,2.197039e-02,0,0
7.965987e-04,-1.322575e+01,3.142028e+00,-1.029584e+00,2.222126e+00,-7.392116e-01,2.311334e+00,7.743621e-02,4.504249e+00,4.497531e+00,3.683317e+00,1.805301e+00,1.753923e+00,1.039589e-01,0,0,6.870646e-06,-1.452466e-01,-2.974554e-01,-5.986071e-01,6.269329e-01,1.395780e+00,1.337503e-01,-1.468365e+00,2.627468e-02,1.139349e+00,8.687106e-01,1.525250e-01,-1.758228e-01,1.489876e-02,0,0
8.051633e-04,-1.365924e+01,2.614578e+00,-1.899684e+00,3.748205e+00,2.596193e+00,2.184553e+00,-1.833122e+00,4.746082e+00,5.163982e+00,3.780922e+00,6.697817e-01,1.427183e+00,1.178604e-01,0,0,3.237114e-06,-3.183081e-01,-2.052694e-01,-4.219185e-01,7.868002e-01,1.469770e+00,5.346616e-01,-6.017833e-01,2.591854e-01,5.371038e-01,2.407234e-02,-2.407525e-01,2.683907e-01,-8.491992e-03,0,0
7.900992e-04,-1.390500e+01,2.392384e+00,-2.455644e+00,3.771329e+00,3.496161e+00,3.742157e+00,-2.299228e+00,5.786527e+00,5.651931e+00,2.820987e+00,-2.402738e-03,2.802846e+00,7.464491e-02,0,0,6.722403e-07,-3.609825e-01,-3.848162e-02,-4.985714e-03,6.965698e-01,6.151319e-01,7.046307e-01,6.452646e-01,1.448177e-01,2.195777e-01,-2.224145e-01,-1.918222e-01,3.936701e-01,-2.565730e-02,0,0
8.012440e-04,-1.443445e+01,2.874420e+00,-1.549347e+00,5.231596e+00,4.084169e+00,4.169843e+00,1.863491e-01,5.406432e+00,5.440146e+00,1.758875e+00,-3.692766e-01,2.797028e+00,4.140224e-02,0,0,5.446212e-06,-3.211575e-01,1.606710e-01,2.990100e-01,2.923793e-01,-3.274059e-01,9.007553e-01,1.563226e+00,-2.779517e-01,-1.789070e-01,1.235424e-01,3.548094e-01,1.020793e-01,-2.825627e-02,0,0
8.019196e-04,-1.464305e+01,2.819699e+00,-1.229680e+00,4.963279e+00,1.592459e+00,4.841843e+00,2.294024e+00,4.898163e+00,5.457338e+00,3.582268e+00,1.365719e+00,3.037351e+00,1.390148e-02,0,0,4.468742e-06,-1.947825e-01,2.183075e-01,1.641641e-01,-1.067800e-01,-4.825790e-01,6.184824e-01,1.226913e+00,-8.324714e-01,-2.962927e-01,5.299916e-01,6.236628e-01,-3.199981e-01,-1.686310e-02,0,0
8.264842e-04,-1.489600e+01,3.204275e+00,-1.017616e+00,4.614127e+00,1.911014e+00,6.138487e+00,3.686380e+00,3.800505e+00,4.366744e+00,4.017993e+00,1.759768e+00,1.820327e+00,6.950740e-03,0,0,-5.673873e-06,1.685717e-01,1.713401e-01,-1.253523e-01,-9.366908e-01,-6.312770e-01,1.556881e-01,3.533978e-01,-8.299164e-01,-3.750994e-01,4.754778e-01,1.187890e+00,2.423119e-01,-3.717135e-03,0,0
7.998228e-04,-1.464814e+01,3.318994e+00,-1.900690e+00,3.546164e+00,2.169844e+00,5.850247e+00,2.085321e+00,2.427133e+00,4.707169e+00,4.341385e+00,2.051389e+00,1.691206e+00,7.555153e-03,0,0,-1.458505e-05,5.226052e-01,1.349135e-01,-5.797318e-01,-1.562551e+00,-8.825513e-01,-1.240199e+00,-6.559798e-01,-7.090352e-01,-7.264255e-01,1.766212e-01,1.361195e+00,7.934744e-01,8.008462e-03,0,0
7.739230e-04,-1.358905e+01,3.481473e+00,-1.840604e+00,1.256700e+00,6.390920e-01,4.444082e+00,2.057689e+00,2.492365e+00,3.939734e+00,3.756706e+00,5.227340e+00,4.681660e+00,2.598973e-02,0,0,-1.783481e-05,7.440763e-01,-3.339984e-02,-7.451249e-01,-1.617917e+00,-1.795282e+00,-2.350795e+00,-1.040879e+00,-4.404465e-01,-1.197887e+00,2.071773e-01,1.143393e+00,1.322692e+00,1.027501e-02,0,0
7.552749e-04,-1.268350e+01,3.355667e+00,-3.716845e+00,-1.170764e+00,-2.184336e+00,-5.119495e-01,-1.715295e-01,2.007057e+00,2.038715e+00,4.596018e+00,6.437907e+00,5.574056e+00,4.442430e-02,0,0,-4.834030e-06,5.566313e-01,1.190996e-01,-5.408648e-01,-1.004627e+00,-1.977448e+00,-2.556922e+00,-1.037364e+00,-4.971313e-01,-1.971093e+00,-1.605772e-01,-1.100455e-01,3.413918e-01,6.467211e-03,0,0
7.595841e-04,-1.215794e+01,3.018939e+00,-3.835162e+00,-1.116994e+00,-4.888304e+00,-2.434390e+00,-3.895923e-01,1.808311e+00,-2.884663e-01,4.926564e+00,5.283472e+00,6.492361e+00,3.989121e-02,0,0,8.558907e-06,5.067135e-01,5.690041e-01,2.809407e-01,2.185451e-01,-1.474252e+00,-1.725055e+00,-5.968345e-01,-1.093205e-01,-1.728928e+00,-1.106804e+00,-1.838502e+00,-1.318859e+00,-4.835304e-04,0,0
7.828221e-04,-1.258054e+01,4.145759e+00,-3.607735e+00,-2.901226e-01,-4.953698e+00,-3.495129e+00,-1.877856e+00,2.835036e-01,-3.034198e+00,2.953570e+00,1.473096e+00,2.492815e+00,3.294047e-02,0,0,2.938948e-05,1.152461e+00,1.147122e+00,1.231322e+00,1.388246e+00,-9.969774e-01,-1.135972e+00,1.162897e-01,5.327058e-01,-8.185993e-01,-1.759772e+00,-1.909870e+00,-2.197875e+00,-3.052283e-03,0,4.059791e-02
8.029439e-04,-1.110696e+01,5.931448e+00,-4.904560e-01,1.909105e+00,-5.347485e+00,-2.689604e+00,-7.332007e-02,2.807539e+00,-2.168452e+00,-9.560878e-01,-1.482764e+00,-3.720166e-01,2.931399e-02,0,0,1.255330e-04,2.367568e+00,1.154338e+00,1.103784e+00,2.045340e+00,-7.458235e-01,-1.845433e+00,1.024420e+00,8.754805e-01,2.816555e-01,-1.527308e+00,-6.009647e-01,-1.970053e+00,-1.783017e-03,0,1.006654e-01
8.805424e-04,-7.446685e+00,7.635023e+00,7.674119e-01,4.257417e+00,-6.939632e+00,-6.064204e+00,2.517828e-01,4.170972e+00,-1.114289e+00,-1.261514e+00,2.716734e-01,-1.983130e+00,3.445150e-02,0,2.029895e-01,2.351407e-04,3.406238e+00,7.594990e-01,3.352803e-01,2.242043e+00,-1.178266e+00,-2.725470e+00,1.833257e+00,6.095887e-01,8.670868e-01,-1.574344e-02,1.588837e+00,-4.092153e-01,-2.689634e-03,0,1.638420e-01
1.338389e-03,-2.887021e+00,7.045997e+00,-5.038155e-01,6.835937e+00,-7.624454e+00,-1.037702e+01,3.667688e+00,4.241979e+00,1.598567e-01,-6.024324e-01,2.879359e+00,-1.119932e+00,3.022061e-02,0,4.018322e-01,2.760274e-04,3.073110e+00,9.534597e-02,-5.037434e-01,1.727910e+00,-5.806042e-01,-2.696539e+00,2.098819e+00,3.304016e-01,8.406612e-01,1.353238e+00,2.564368e+00,9.484829e-01,-3.898458e-03,0,1.636818e-01
1.690803e-03,3.406796e-01,7.385979e+00,-1.924654e+00,8.456676e+00,-9.706544e+00,-1.327877e+01,5.417926e+00,2.614227e+00,1.370822e-01,2.698025e+00,7.236217e+00,8.206966e-01,1.903898e-02,0,6.182938e-01,1.439052e-04,1.372938e+00,-3.754687e-01,-7.129066e-02,1.483755e+00,4.641216e-01,-1.519987e+00,1.462510e+00,1.062754e+00,8.587633e-01,1.569180e+00,1.765520e+00,1.683771e+00,-3.384708e-03,0,6.267742e-02
1.777951e-03,3.649048e-01,6.532699e+00,-1.663140e+00,8.449027e+00,-6.867050e+00,-1.256502e+01,7.837702e+00,5.237919e+00,1.409169e+00,3.830333e+00,7.856806e+00,2.968485e+00,1.752795e-02,0,6.107569e-01,-9.113319e-05,-7.555294e-01,-6.548945e-01,8.209721e-01,1.072338e+00,1.119996e+00,-2.398974e-01,-1.027546e-01,1.557717e+00,4.978641e-01,9.340211e-01,3.552609e-01,1.728143e+00,1.994561e-03,0,-6.191384e-02
1.380287e-03,-2.207959e+00,6.014328e+00,9.906210e-01,1.086965e+01,-4.997726e+00,-1.257014e+01,5.479326e+00,8.986773e+00,2.554872e+00,4.368004e+00,6.610550e+00,4.391518e+00,2.387428e-02,0,4.119143e-01,-2.322467e-04,-2.062526e+00,-7.975125e-01,1.355110e+00,5.902575e-01,7.389278e-01,3.550949e-01,-1.514510e+00,7.788358e-01,-1.979029e-01,-2.908924e-02,-6.485608e-01,1.068857e+00,6.799638e-03,0,-1.651892e-01
1.037981e-03,-5.390349e+00,4.457350e+00,2.143408e+00,1.099114e+01,-4.378883e+00,-1.193082e+01,3.123215e+00,8.844290e+00,1.440282e+00,3.232683e+00,4.968498e+00,5.735371e+00,3.777577e-02,0,1.954527e-01,-2.304586e-04,-2.178258e+00,-7.163346e-01,1.026604e+00,-1.805685e-01,-5.720850e-01,5.501628e-01,-2.138312e+00,-1.073934e+00,-1.333831e+00,-2.876451e-01,-3.517090e-01,3.970243e-01,5.228166e-03,0,-1.633428e-01
8.995545e-04,-7.094324e+00,4.436091e+00,2.947623e+00,1.013691e+01,-7.255989e+00,-1.182040e+01,2.026198e-01,4.705221e+00,-8.679892e-01,2.851404e+00,5.437567e+00,4.781538e+00,4.291327e-02,0,0,-1.212320e-04,-1.540805e+00,-5.697926e-01,4.045675e-01,-7.444128e-01,-8.572441e-01,7.153342e-01,-1.670025e+00,-2.473943e+00,-2.117385e+00,-1.458162e-01,2.471938e-01,-1.990949e-01,-1.813237e-03,0,-1.019281e-01
8.660238e-04,-8.083206e+00,3.740145e+00,2.491381e+00,7.912555e+00,-8.598344e+00,-1.018908e+01,-2.155052e-01,2.009027e+00,-3.548557e+00,3.150408e+00,6.684752e+00,4.758596e+00,3.414929e-02,0,0,-3.779767e-05,-8.496977e-01,-1.990292e-01,-1.226656e-02,-7.599484e-01,-4.247022e-01,5.333709e-01,-1.092877e+00,-2.329418e+00,-2.240098e+00,8.895054e-02,4.225137e-01,-3.364756e-01,-9.217287e-03,0,-3.909055e-02
8.601059e-04,-8.565555e+00,3.523968e+00,2.839472e+00,8.686877e+00,-7.174217e+00,-9.864342e+00,-1.201441e+00,3.468768e-02,-5.537633e+00,3.680061e+00,6.988392e+00,3.884431e+00,1.662134e-02,0,0,-7.843506e-06,-3.507346e-01,2.062019e-01,-1.903737e-01,-4.858172e-01,4.887285e-01,6.058329e-01,-7.319891e-01,-1.576581e+00,-2.078749e+00,-5.519300e-02,1.716021e-01,-2.107929e-01,-1.151405e-02,0,0
8.687167e-04,-8.903222e+00,3.918266e+00,2.136150e+00,7.916414e+00,-6.543280e+00,-1.024199e+01,-1.639139e+00,-4.675350e-01,-7.425383e+00,3.263108e+00,6.305654e+00,4.501546e+00,4.835298e-03,0,0,-1.652364e-06,-5.341492e-02,5.846275e-01,-1.817433e-01,-3.592730e-01,7.803984e-01,6.734313e-01,-6.334311e-01,-4.861823e-01,-1.348053e+00,-3.194505e-01,-1.418304e-02,-4.455301e-01,-8.491991e-03,0,0
8.589905e-04,-8.437989e+00,5.378040e+00,2.173370e+00,7.705891e+00,-5.839878e+00,-8.764772e+00,-2.745509e+00,-1.939405e+00,-9.323320e+00,2.519089e+00,6.485126e+00,3.856098e+00,0,0,0,-6.642996e-06,-4.845314e-02,3.592689e-01,-3.760684e-01,-7.725393e-01,5.986103e-01,1.087611e+00,-5.134646e-01,8.367642e-02,-6.209649e-01,-4.858275e-01,-5.729361e-02,-5.647572e-01,-9.670596e-04,0,0
8.583197e-04,-8.414063e+00,5.736246e+00,1.915716e+00,6.606683e+00,-5.363521e+00,-7.371704e+00,-2.610627e+00,5.651615e-01,-8.395978e+00,2.133641e+00,6.865469e+00,2.545112e+00,0,0,0,1.302810e-06,2.432795e-01,-2.231508e-01,-1.367893e+00,-1.867673e+00,2.390969e-01,1.726171e+00,3.556147e-01,4.250714e-01,3.500020e-01,-4.036698e-01,-5.175405e-01,-1.060909e+00,7.162285e-03,0,3.734317e-02
8.320895e-04,-9.052400e+00,4.411322e+00,1.069347e+00,5.479046e+00,-4.771044e+00,-5.861431e+00,-3.283020e+00,-6.327844e-02,-8.157161e+00,1.815657e+00,6.422016e+00,2.038862e+00,1.420369e-02,0,0,1.480500e-05,6.102744e-01,-8.717658e-01,-2.833375e+00,-3.092862e+00,-3.408228e-01,1.486393e+00,1.313154e+00,4.885777e-01,7.136300e-01,-5.899732e-01,-1.595929e+00,-1.214082e+00,1.393170e-02,0,5.601475e-02
8.886813e-04,-7.379620e+00,3.285871e+00,-4.151306e+00,-3.085267e-01,-5.882212e+00,-3.062807e+00,4.076904e-01,7.197589e-01,-6.258453e+00,1.596475e+00,3.749507e+00,1.056185e-01,3.354488e-02,0,1.867158e-01,3.286085e-05,1.151501e+00,-1.253915e+00,-4.139392e+00,-3.283345e+00,4.431668e-01,1.995283e+00,2.311416e+00,4.777381e-01,3.860931e-01,-8.101498e-01,-2.260176e+00,-1.281209e+00,1.450589e-02,0,5.601475e-02
9.178347e-04,-5.903839e+00,2.244398e+00,-8.959997e+00,-4.300812e+00,-7.284647e+00,-3.487255e+00,2.311103e+00,4.261849e-01,-6.823933e+00,-1.621937e-01,6.346512e-02,-9.945639e-01,5.288607e-02,0,1.867158e-01,4.337059e-05,1.426966e+00,-1.061087e+00,-3.789328e+00,-1.802323e+00,1.689228e+00,2.038032e+00,1.914320e+00,-1.320658e-01,-3.931790e-01,-9.786005e-01,-1.984798e+00,-1.166997e+00,7.766697e-03,0,4.171927e-02
9.797513e-04,-4.230839e+00,5.501338e-01,-1.376657e+01,-4.920111e+00,-1.890886e+00,1.417625e+00,6.149393e+00,2.709121e+00,-7.132126e+00,-9.281834e-01,-1.256137e+00,-2.344220e+00,5.318828e-02,0,1.867158e-01,1.414522e-04,1.731764e+00,-3.633448e-01,-2.294488e+00,7.778926e-02,2.570468e+00,1.797316e+00,6.393049e-02,-1.262475e+00,-1.040439e+00,-6.040525e-01,-2.547128e-01,-5.622962e-01,-1.571472e-03,1.279209e+01,5.356003e-02
1.003407e-03,-3.491961e+00,4.737550e-01,-1.306966e+01,-1.226776e+00,1.679432e+00,2.088512e+00,3.417730e+00,-1.718288e+00,-9.686219e+00,-1.815017e+00,-9.991530e-01,-2.571205e+00,4.321547e-02,0,2.085963e-01,3.734541e-04,2.392579e+00,6.510564e-01,-1.101444e+00,7.670346e-01,1.189681e+00,7.152526e-01,-2.232151e+00,-2.473292e+00,-4.899858e-01,3.035547e-01,1.318645e+00,-4.090590e-01,-8.552432e-03,3.066612e+01,1.271081e-01
1.553156e-03,7.326158e-02,2.354468e+00,-1.356891e+01,-1.456598e+00,2.488089e+00,3.135889e+00,1.740292e-01,-4.520382e+00,-1.002951e+01,-5.973762e-01,3.007252e+00,-1.917542e+00,3.052282e-02,6.396043e+01,4.435757e-01,6.508558e-04,2.844832e+00,1.226199e+00,-6.123489e-01,4.972089e-01,-1.379858e+00,-1.691379e+00,-3.973951e+00,-2.482540e+00,1.118965e+00,1.004320e+00,1.688892e+00,-4.442997e-01,-9.368390e-03,4.755380e+01,1.593724e-01
2.498403e-03,3.907007e+00,4.597513e+00,-1.456605e+01,-2.197396e+00,-3.525727e+00,-7.701243e-01,-5.861971e+00,-8.325523e+00,-7.825172e+00,1.190176e+00,4.524994e+00,-3.253198e+00,2.145663e-02,1.213504e+02,6.938265e-01,7.873318e-04,2.515228e+00,5.811747e-01,-7.678670e-01,3.768255e-01,-2.383501e+00,-2.910383e+00,-3.705153e+00,-1.007043e+00,3.427286e+00,1.068420e+00,8.081088e-01,-7.145456e-01,-6.769416e-03,4.476960e+01,1.392956e-01
3.486533e-03,6.293837e+00,4.619247e+00,-1.608012e+01,-1.948757e+00,-6.187597e+00,-5.609952e+00,-9.080513e+00,-6.399961e+00,-2.467822e+00,2.590821e+00,4.426251e+00,-4.224722e+00,1.722575e-02,1.770938e+02,7.409630e-01,5.938040e-04,1.290401e+00,-3.477271e-01,-2.248547e-01,1.083747e+00,-1.804940e+00,-3.286503e+00,-2.214497e+00,2.455753e-01,4.797807e+00,5.000494e-01,-3.836767e-01,-5.888516e-01,-3.686915e-03,2.417408e+01,6.720175e-02
3.973378e-03,5.973892e+00,2.247239e+00,-1.565339e+01,9.034306e-01,-5.900230e+00,-8.090483e+00,-1.048077e+01,-5.813713e+00,3.669367e+00,1.932983e+00,2.331891e+00,-4.990343e+00,1.601692e-02,1.672813e+02,7.563809e-01,1.355684e-04,-4.378038e-02,-6.049496e-01,1.081741e+00,1.709221e+00,-1.590283e-01,-2.058549e+00,2.877397e-01,1.357528e+00,4.353977e+00,1.474707e-01,-7.321947e-01,2.666092e-01,-1.994560e-03,-4.568532e+00,4.174369e-03
3.784688e-03,5.491823e+00,1.790969e+00,-1.414952e+01,2.411721e+00,-5.349359e+00,-9.636447e+00,-8.589056e+00,-4.548410e+00,8.212262e+00,1.531467e+00,2.185420e+00,-3.993227e+00,1.480810e-02,1.618654e+02,7.483073e-01,-3.107080e-04,-1.275763e+00,1.779779e-01,2.629907e+00,1.251703e+00,1.574728e+00,-1.051125e+00,2.277271e+00,2.158678e+00,2.383252e+00,8.680164e-01,-5.487291e-01,5.416843e-01,-1.359928e-03,-3.113990e+01,-2.339180e-02
3.027167e-03,4.089112e+00,2.986904e+00,-1.012265e+01,4.168469e+00,-4.739988e+00,-9.049621e+00,-4.669001e+00,-2.463660e+00,8.604671e+00,2.457207e+00,1.984437e+00,-2.035899e+00,1.269266e-02,1.061219e+02,7.110262e-01,-4.134983e-04,-2.583373e+00,1.253236e+00,3.667478e+00,9.101333e-02,3.695611e+00,-9.176712e-01,2.915532e+00,2.907245e+00,-3.564970e-01,1.969905e+00,8.556839e-02,8.117043e-01,1.783016e-03,-4.444540e+01,-4.906888e-02
2.406098e-03,8.574139e-01,5.139305e+00,-5.695963e+00,2.677238e+00,1.105922e+00,-1.038601e+01,-6.000417e-01,2.718403e+00,6.980787e+00,6.668791e+00,1.856333e+00,-2.993522e+00,1.208824e-02,5.197400e+01,6.466813e-01,-1.099833e-04,-3.902772e+00,1.601649e+00,3.260910e+00,-1.073375e+00,5.326910e+00,-1.499993e+00,1.739326e+00,2.577934e+00,-2.135284e+00,2.206380e+00,5.182891e-01,7.652402e-01,8.068902e-03,-4.298527e+01,-9.589958e-02
2.595182e-03,-4.625769e+00,6.839254e+00,-1.542775e+00,1.225739e+00,9.350187e+00,-1.230406e+01,1.023889e-01,5.089105e+00,2.502620e+00,9.213845e+00,2.924277e+00,-1.431674e+00,2.629193e-02,0,5.618495e-01,4.070931e-04,-4.581389e+00,1.416254e+00,1.634025e+00,-1.566505e+00,5.069138e+00,-2.124398e+00,-7.428451e-02,9.514963e-01,-2.871017e+00,1.468087e+00,1.245293e+00,8.980116e-01,1.359927e-02,-2.642178e+01,-1.410645e-01
3.450764e-03,-9.664599e+00,7.873039e+00,-2.134902e+00,-1.483787e+00,1.424011e+01,-1.550919e+01,-2.278122e+00,4.564874e+00,5.868660e-01,9.185050e+00,4.306945e+00,-4.691385e-01,4.835298e-02,0,3.433977e-01,7.352543e-04,-4.139156e+00,9.514568e-01,-2.108353e-01,-1.390716e+00,2.956240e+00,-1.799119e+00,-9.999655e-01,-5.103399e-01,-2.479053e+00,3.621894e-01,1.413815e+00,5.404563e-01,1.468722e-02,-1.039480e+01,-1.697867e-01
4.540300e-03,-1.355682e+01,8.701308e+00,-3.733052e+00,-1.583541e+00,1.403861e+01,-1.711002e+01,-4.201384e+00,1.370585e+00,-2.553452e+00,8.539512e+00,6.985595e+00,1.191967e+00,6.255666e-02,0,1.573453e-01,6.745058e-04,-2.825515e+00,5.557541e-01,-1.287194e+00,-1.045037e+00,7.758568e-01,-8.776646e-01,-5.363008e-01,-7.687904e-01,-2.184624e+00,-4.578375e-01,1.086105e+00,-3.991780e-01,1.012391e-02,0,-1.467097e-01
5.109811e-03,-1.537284e+01,8.965562e+00,-5.655001e+00,-2.871701e+00,1.354291e+01,-1.697862e+01,-3.447983e+00,2.025963e+00,-2.886440e+00,8.816905e+00,6.894751e+00,-1.603061e+00,6.739196e-02,0,0,3.288238e-04,-1.375580e+00,2.493371e-01,-1.217777e+00,-7.039479e-01,-1.452446e-01,2.631660e-01,-9.501310e-02,-4.703926e-01,-2.356859e+00,-7.205046e-01,4.892673e-01,-5.827696e-01,5.741917e-03,0,-8.441408e-02
5.138188e-03,-1.589923e+01,9.071763e+00,-6.218697e+00,-3.305489e+00,1.357807e+01,-1.595767e+01,-1.994184e+00,2.514609e+00,-6.683850e+00,7.108730e+00,7.060900e+00,-2.860603e+00,6.739196e-02,0,0,-8.605719e-05,-1.693038e-01,1.565807e-01,-8.963768e-01,-4.508112e-01,-4.978088e-01,8.846722e-01,-4.062934e-01,-4.478337e-01,-2.314430e+00,-1.434170e+00,-3.631142e-01,8.120427e-02,3.142945e-03,0,-3.146907e-02
4.795939e-03,-1.537130e+01,8.934497e+00,-6.980965e+00,-4.142553e+00,1.374415e+01,-1.476954e+01,-3.856787e+00,1.640900e+00,-9.132232e+00,6.297918e+00,6.715630e+00,-1.356702e+00,7.464491e-02,0,0,-3.534557e-04,4.049724e-01,1.117692e-01,-3.337162e-01,7.315423e-02,-7.682942e-01,9.850219e-01,-1.385348e+00,-1.335895e+00,-1.817718e+00,-1.272866e+00,-8.454687e-01,1.422253e+00,2.055002e-03,0,0
4.266949e-03,-1.440411e+01,9.499744e+00,-7.551955e+00,-3.202171e+00,1.144894e+01,-1.379120e+01,-6.028449e+00,-6.760518e-01,-1.100270e+01,2.628154e+00,5.259585e+00,1.474809e+00,7.464492e-02,0,0,-5.023492e-04,5.762323e-01,-3.167333e-02,2.553466e-01,4.904168e-01,-9.079103e-01,1.204767e+00,-1.358802e+00,-1.800556e+00,-4.067359e-01,-5.618707e-01,-1.567420e+00,1.642601e+00,-1.208819e-04,0,0
3.778151e-03,-1.409553e+01,9.310417e+00,-6.656953e+00,-2.557589e+00,1.076600e+01,-1.313675e+01,-8.357593e+00,-3.058181e+00,-9.815600e+00,4.692865e+00,3.568064e+00,3.340498e+00,7.404049e-02,0,0,-5.604426e-04,5.520301e-01,-3.829840e-01,7.578557e-01,7.697277e-01,-6.890777e-01,1.082686e+00,-3.455155e-01,-1.674536e+00,2.285412e-01,5.898432e-01,-1.774791e+00,8.528422e-01,-9.368405e-04,0,0
3.135336e-03,-1.365595e+01,8.725436e+00,-5.103970e+00,-1.645887e+00,1.052759e+01,-1.075023e+01,-6.537793e+00,-4.138631e+00,-8.375845e+00,5.101903e+00,7.975847e-01,3.003804e+00,6.708976e-02,0,0,-5.014152e-04,4.482744e-01,-8.016853e-01,8.606552e-01,5.217007e-01,-3.385614e-01,6.622275e-01,2.084568e-01,-8.491479e-01,4.434169e-01,1.098849e+00,-1.354461e+00,-2.049840e-01,4.019340e-03,0,0
2.559533e-03,-1.298523e+01,7.406731e+00,-4.415679e+00,-1.072057e+00,1.075944e+01,-1.087659e+01,-5.329692e+00,-5.000493e+00,-9.302956e+00,8.010259e+00,7.267342e-02,2.143011e+00,7.373828e-02,0,0,-3.429877e-04,3.682472e-01,-9.620903e-01,1.158535e-01,2.079154e-01,-3.001854e-01,-9.747200e-02,-3.468708e-01,5.827935e-01,2.932810e-01,4.215708e-02,-1.258808e+00,-5.793732e-01,1.202780e-02,0,0
2.369182e-03,-1.271789e+01,6.443161e+00,-4.369316e+00,-1.336434e+00,9.759418e+00,-1.161014e+01,-6.500114e+00,-3.950635e+00,-9.041943e+00,6.463702e+00,2.349738e-01,1.048632e+00,9.489272e-02,0,0,-1.797207e-04,3.662294e-01,-8.370201e-01,-4.529067e-01,-1.116923e-01,-3.373738e-01,-1.270309e+00,-2.207543e+00,1.637762e+00,8.019659e-01,-1.046736e+00,-1.146291e+00,-3.605466e-01,1.541251e-02,0,3.120925e-02
2.446290e-03,-1.272332e+01,5.641103e+00,-6.445013e+00,-1.672738e+00,9.649162e+00,-1.319415e+01,-1.011079e+01,-2.382108e-01,-8.016147e+00,4.222751e+00,-2.444673e+00,1.421218e+00,1.202780e-01,0,0,-7.650482e-05,1.067211e+00,-1.810687e-01,-8.063610e-01,-4.281346e-01,-6.187359e-01,-1.572648e+00,-2.245123e+00,2.016575e+00,1.424684e+00,-1.658993e+00,-1.247209e+00,-3.414761e-01,5.923241e-03,0,9.035181e-02
2.293354e-03,-1.195575e+01,5.423150e+00,-6.353836e+00,-1.904008e+00,9.395863e+00,-1.594299e+01,-1.518496e+01,1.669038e+00,-5.009420e+00,1.761978e+00,-3.675198e+00,1.561968e+00,1.208824e-01,0,1.560462e-01,1.613176e-05,2.317234e+00,5.354350e-01,-9.736235e-01,-6.231505e-01,-1.356702e+00,-1.200469e+00,-6.837193e-01,7.946941e-01,1.522606e+00,-7.822843e-01,2.046901e-01,-5.425795e-01,-1.103052e-02,1.011714e+01,1.588120e-01
2.214923e-03,-8.030244e+00,7.011393e+00,-7.455225e+00,-2.928943e+00,7.847538e+00,-1.657340e+01,-1.221288e+01,2.272547e+00,-4.195796e+00,2.066154e+00,-4.208285e+00,1.789628e-01,9.035963e-02,0,3.737359e-01,2.052746e-04,3.391213e+00,1.122523e+00,-1.081456e+00,-1.275380e+00,-2.503969e+00,9.240530e-01,1.671049e+00,-9.651411e-01,1.214661e+00,3.003839e-01,2.589315e+00,-9.390365e-01,-2.438803e-02,2.483861e+01,1.847912e-01
2.565525e-03,-3.478261e+00,8.435191e+00,-8.732327e+00,-3.824084e+00,3.876721e+00,-1.592286e+01,-8.867661e+00,-1.232543e+00,-3.339087e+00,3.630579e+00,2.140230e+00,-1.043138e+00,5.469931e-02,5.058569e+01,6.071920e-01,4.948994e-04,3.441911e+00,1.117148e+00,-1.467887e+00,-1.902705e+00,-2.934583e+00,3.405605e+00,2.401951e+00,-1.816271e+00,8.595737e-01,1.020689e+00,4.056008e+00,-5.923298e-01,-2.535509e-02,3.922705e+01,1.465226e-01
3.336577e-03,-6.005128e-03,9.747699e+00,-1.066305e+01,-7.089602e+00,-1.111135e-01,-8.583955e+00,-4.914191e+00,-3.613126e+00,-2.778009e+00,4.790370e+00,7.594187e+00,-1.971412e+00,3.142944e-02,9.890020e+01,6.983830e-01,5.960187e-04,2.514753e+00,6.237746e-01,-1.273256e+00,-2.115368e+00,-2.376758e+00,4.948583e+00,1.422850e+00,-1.971900e+00,6.750326e-01,1.059518e+00,3.915915e+00,3.645766e-02,-1.665156e-02,3.812305e+01,8.404668e-02
4.207024e-03,1.241684e+00,9.640738e+00,-1.208936e+01,-9.337203e+00,-1.297727e+00,-2.909692e+00,-6.824553e+00,-4.469479e+00,-1.420445e+00,5.503315e+00,1.070360e+01,-3.244936e-01,2.357208e-02,1.466852e+02,7.263355e-01,4.680823e-04,1.519442e+00,2.115183e-02,-6.597232e-01,-1.643829e+00,-1.268930e+00,4.649009e+00,8.354242e-01,-8.529850e-01,-8.187269e-02,7.921535e-01,2.066178e+00,8.167084e-01,-7.464491e-03,2.197329e+01,2.751659e-02
4.374267e-03,2.183547e+00,9.527493e+00,-1.214299e+01,-1.074922e+01,-1.449026e+00,1.662930e+00,-6.120188e+00,-5.968485e+00,-1.779955e+00,6.427378e+00,1.108960e+01,1.929114e-03,2.266546e-02,1.425655e+02,7.343976e-01,1.340548e-04,8.894731e-01,-4.224182e-01,1.330996e-01,-5.403914e-01,-1.302317e-01,2.614466e+00,1.210889e+00,-1.365848e-01,-8.332720e-01,9.399289e-01,8.303051e-01,1.181594e+00,-2.417649e-03,-2.419701e+00,-3.192425e-05
4.387091e-03,3.024171e+00,8.651053e+00,-1.129097e+01,-1.021342e+01,-1.798973e+00,2.198747e+00,-4.087542e+00,-4.319788e+00,-4.247478e+00,6.772842e+00,1.072341e+01,2.053734e+00,2.175884e-02,1.386195e+02,7.267677e-01,-2.295358e-04,4.775527e-01,-6.342651e-01,7.554334e-01,7.883345e-01,6.916686e-01,6.289568e-01,2.022851e+00,7.837352e-01,-9.809589e-01,8.998043e-01,2.044225e-01,1.396479e+00,-1.813237e-03,-2.563643e+01,-1.790967e-02
3.916818e-03,3.550117e+00,8.130450e+00,-1.039674e+01,-9.353451e+00,-5.116491e-01,1.934158e+00,-2.282522e-01,-4.370895e+00,-5.530853e+00,8.855251e+00,1.173581e+01,2.747447e+00,2.024781e-02,9.083453e+01,6.980073e-01,-4.335002e-04,-3.055324e-01,-7.493240e-01,8.840101e-01,2.558864e+00,1.679042e+00,-9.409844e-01,1.525072e+00,1.371275e+00,-2.470629e-01,8.719489e-01,5.682097e-02,1.098353e+00,-1.994560e-03,-3.793819e+01,-3.615413e-02
3.288070e-03,2.946162e+00,7.167934e+00,-9.185315e+00,-6.093416e+00,1.691927e+00,9.947816e-02,3.437318e-01,-1.349598e+00,-4.449790e+00,8.788400e+00,1.140261e+01,5.285141e+00,1.571472e-02,4.436852e+01,6.549823e-01,-4.997775e-04,-1.253474e+00,-7.219402e-01,9.310767e-01,4.033135e+00,1.895220e+00,-1.603425e+00,4.148503e-02,1.131742e+00,8.913196e-01,4.024808e-01,-5.368446e-01,6.952802e-01,-8.763978e-04,-3.680735e+01,-4.812082e-02
2.756277e-03,6.948888e-01,6.522432e+00,-8.775767e+00,-1.490593e-02,5.200734e+00,-1.992357e+00,-7.104670e-01,-5.972049e-01,-2.914113e+00,9.779344e+00,1.103411e+01,3.877992e+00,1.571472e-02,0,5.895197e-01,-3.527385e-04,-1.854005e+00,-6.761185e-01,7.193714e-01,4.236869e+00,1.253435e+00,-1.664986e+00,-1.308468e+00,4.796781e-01,8.396261e-01,-5.753263e-01,-1.332736e+00,3.908480e-01,2.750075e-03,-2.260376e+01,-4.861042e-02
2.468474e-03,-1.815586e+00,5.845362e+00,-7.446077e+00,5.282983e+00,4.820936e+00,-3.855121e+00,-3.639009e+00,-5.479239e-01,-1.099250e+00,8.323200e+00,8.390040e+00,4.964862e+00,1.964340e-02,0,5.404074e-01,-1.560813e-04,-1.914510e+00,-6.780068e-01,3.557395e-01,2.996491e+00,1.525337e-01,-1.273498e+00,-1.505272e+00,-2.235271e-01,2.655813e-01,-1.505329e+00,-2.100606e+00,3.293346e-01,7.736477e-03,-8.873703e+00,-3.741692e-02
2.562923e-03,-3.339032e+00,5.411144e+00,-7.669505e+00,6.142694e+00,4.191020e+00,-4.413474e+00,-4.779223e+00,-2.373342e+00,-3.007992e+00,6.211219e+00,6.578418e+00,4.861826e+00,3.203385e-02,0,5.122426e-01,-3.457342e-05,-1.357113e+00,-7.765697e-01,-1.250423e-01,1.109715e+00,-6.308621e-01,-6.672802e-01,-1.473112e+00,-2.918380e-01,-2.057824e-01,-1.988485e+00,-1.746655e+00,6.117054e-01,1.045633e-02,0,-2.020468e-02
2.604340e-03,-4.609427e+00,4.333544e+00,-7.959749e+00,5.810237e+00,2.959453e+00,-5.057453e+00,-5.148249e+00,-1.579165e+00,-3.074944e+00,3.045819e+00,3.127429e+00,6.439897e+00,4.623754e-02,0,5.065362e-01,-4.806614e-05,-6.344124e-01,-7.238673e-01,-3.981586e-01,1.562365e-01,-4.955378e-01,-4.593492e-02,-8.273104e-01,2.789616e-01,8.881538e-02,-9.427779e-01,-4.670328e-01,2.950170e-01,7.706256e-03,0,-5.782574e-03
2.515477e-03,-4.693757e+00,3.395492e+00,-9.144143e+00,5.270044e+00,2.977165e+00,-4.727592e+00,-7.321405e+00,-1.540774e+00,-2.955178e+00,2.475610e+00,4.932135e+00,6.199001e+00,5.469930e-02,0,5.054319e-01,-1.359004e-04,5.264286e-01,-2.882153e-01,-2.721603e-01,-4.655996e-01,-5.344691e-01,5.792554e-01,-2.089357e-01,8.189686e-01,1.180781e+00,8.967201e-01,6.848737e-01,1.370192e-01,4.835293e-04,0,1.001370e-02
2.251867e-03,-4.310286e+00,3.233851e+00,-8.699551e+00,6.500490e+00,2.950174e+00,-3.927737e+00,-6.504470e+00,4.306000e-01,-6.815805e-01,5.477115e+00,6.878018e+00,5.771360e+00,4.684195e-02,0,5.148999e-01,-1.059785e-04,1.725766e+00,1.921748e-01,-2.947092e-02,-1.579067e+00,-6.797759e-01,1.682426e+00,1.110502e+00,9.507849e-01,1.135179e+00,2.059116e+00,1.012676e+00,-7.178684e-02,-6.829859e-03,0,2.848582e-02
2.059658e-03,-8.564603e-01,4.519914e+00,-8.660405e+00,3.469570e+00,1.523313e+00,-2.082055e+00,-5.145792e+00,7.166179e-01,1.699231e+00,9.479172e+00,8.127492e+00,5.881191e+00,3.414929e-02,0,5.581293e-01,1.106425e-04,2.389497e+00,2.351620e-01,7.581596e-02,-3.288796e+00,-1.420217e+00,3.006308e+00,2.054627e+00,7.925423e-01,6.015099e-01,1.358541e+00,2.739806e-01,5.143690e-03,-9.217286e-03,0,4.416019e-02
2.302357e-03,2.100757e+00,4.732207e+00,-8.348972e+00,-1.184859e+00,2.874990e-01,2.031911e+00,-6.835472e-01,2.046063e+00,2.737466e-01,9.839618e+00,6.593129e+00,6.239868e+00,2.236325e-02,0,6.226166e-01,5.074677e-04,2.233021e+00,-4.335270e-01,-4.388491e-01,-4.630544e+00,-1.666424e+00,4.101914e+00,1.909910e+00,2.165000e-01,-2.406358e-01,-3.315687e-01,1.777752e-01,-1.050657e-01,-6.588093e-03,0,4.727788e-02
3.043444e-03,4.048207e+00,3.822124e+00,-8.940352e+00,-7.331263e+00,-2.792582e+00,7.324126e+00,4.126795e-02,1.614206e+00,-4.252917e-01,7.087063e+00,6.444483e+00,5.990466e+00,2.085222e-02,0,6.723745e-01,8.766222e-04,1.281103e+00,-1.412284e+00,-1.110920e+00,-4.293461e+00,-1.177275e+00,4.210542e+00,1.015387e+00,1.906573e-01,-2.438542e-01,-1.457011e+00,6.129947e-01,-6.984500e-01,-2.538531e-03,0,3.432339e-02
4.297312e-03,4.402485e+00,1.415111e+00,-1.075382e+01,-1.125181e+01,-3.223998e+00,1.187875e+01,4.515521e-01,1.064306e+00,-8.224983e-01,5.015326e+00,8.608398e+00,5.191394e+00,2.055001e-02,0,6.941667e-01,1.068535e-03,5.422806e-01,-1.999036e+00,-1.826009e+00,-2.955051e+00,-2.524471e-01,3.255345e+00,-2.267955e-01,2.646076e-01,7.939633e-01,-1.414654e+00,9.420072e-01,-1.437745e+00,6.346327e-04,0,1.795408e-02
5.445292e-03,4.398189e+00,-8.829578e-01,-1.301258e+01,-1.296426e+01,-2.607314e+00,1.404724e+01,-6.364065e-01,2.160783e+00,1.028082e+00,4.606263e+00,1.018483e+01,2.913178e+00,2.236325e-02,0,6.939712e-01,1.043994e-03,1.335215e-01,-2.220475e+00,-1.786271e+00,-1.337011e+00,6.009563e-01,1.873785e+00,-7.061723e-01,6.633682e-01,1.591077e+00,-1.055254e+00,4.928652e-01,-1.868124e+00,1.511030e-03,0,5.484498e-03
6.444109e-03,4.637168e+00,-2.910434e+00,-1.544291e+01,-1.314361e+01,-1.067370e+00,1.494708e+01,-1.478687e+00,3.095813e+00,3.516876e+00,4.006745e+00,9.432991e+00,5.897856e-01,2.478090e-02,0,7.015886e-01,8.967951e-04,1.925397e-02,-2.214173e+00,-1.192287e+00,-1.175441e-01,4.549795e-01,1.089334e+00,-8.787729e-01,8.816049e-01,2.108533e+00,-1.199217e+00,-1.077486e-01,-2.128900e+00,1.783016e-03,0,-9.019971e-05
7.190014e-03,4.598473e+00,-5.117481e+00,-1.552717e+01,-1.307041e+01,-8.661149e-01,1.515889e+01,-2.524474e+00,3.915293e+00,5.360404e+00,2.315085e+00,8.496512e+00,-1.049350e+00,2.629193e-02,0,6.960860e-01,6.741049e-04,-2.717738e-02,-2.211557e+00,-2.707271e-01,6.222572e-01,6.377125e-02,6.572689e-01,-8.232691e-01,7.235974e-01,1.720113e+00,-1.318249e+00,-4.906670e-01,-2.108145e+00,1.299486e-03,0,-3.726464e-03
7.908926e-03,4.398613e+00,-7.538492e+00,-1.545797e+01,-1.178645e+01,-1.819700e+00,1.676959e+01,-2.998278e+00,4.595075e+00,7.554005e+00,1.648276e-01,8.913815e+00,-3.471842e+00,2.750076e-02,0,6.926582e-01,3.402172e-04,-3.354936e-02,-1.863130e+00,4.848398e-01,1.232120e+00,-2.507021e-01,1.224256e-01,-8.455349e-01,4.788353e-01,8.663080e-01,-7.692271e-01,-5.400776e-01,-2.291773e+00,7.857360e-04,0,-7.198381e-03
8.083408e-03,4.381580e+00,-9.626715e+00,-1.435868e+01,-1.053155e+01,-1.912293e+00,1.642233e+01,-3.992956e+00,5.029139e+00,7.610082e+00,-6.402219e-02,7.991084e+00,-5.596734e+00,2.750075e-02,0,6.798040e-01,-6.610132e-05,1.594186e-02,-1.160785e+00,6.889960e-01,1.487648e+00,8.163917e-02,-6.631781e-01,-1.151458e+00,3.345135e-01,4.329076e-02,6.939413e-02,-5.472413e-01,-2.400443e+00,7.252945e-04,0,-8.087861e-03
7.698498e-03,4.577868e+00,-9.971466e+00,-1.360295e+01,-8.252446e+00,-1.797792e+00,1.492749e+01,-4.972121e+00,4.933067e+00,6.723578e+00,1.350163e+00,6.985317e+00,-8.595388e+00,2.810517e-02,0,6.737377e-01,-4.217243e-04,1.003114e-01,-3.707418e-01,5.779377e-01,1.616059e+00,3.814512e-01,-1.652758e+00,-1.766435e+00,4.288794e-01,-5.159634e-01,8.713623e-01,-2.238554e-01,-1.865862e+00,1.239045e-03,0,-9.506369e-03
6.964721e-03,4.588554e+00,-9.704918e+00,-1.300969e+01,-7.399178e+00,-4.688730e-01,1.276405e+01,-7.294844e+00,5.418865e+00,5.992072e+00,2.069388e+00,6.724555e+00,-1.048979e+01,2.961620e-02,0,6.651070e-01,-6.710240e-04,-2.005062e-02,2.966926e-01,1.720177e-01,1.985409e+00,3.736920e-01,-2.161044e+00,-2.153436e+00,1.873852e-01,-2.017731e-01,9.515486e-01,5.432125e-01,-9.851837e-01,1.964340e-03,0,-1.030692e-02
6.359648e-03,4.796683e+00,-9.353099e+00,-1.324277e+01,-5.272350e+00,-6.341541e-01,1.033494e+01,-1.017951e+01,6.544609e+00,5.783193e+00,3.454934e+00,8.427802e+00,-1.035462e+01,3.263826e-02,0,6.524749e-01,-8.425675e-04,-2.451410e-01,7.999371e-01,-8.013630e-02,2.148275e+00,2.536925e-02,-2.540552e+00,-1.952906e+00,-1.580013e-01,7.343184e-01,9.948518e-01,5.941567e-01,2.448716e-01,1.813237e-03,0,-1.123828e-02
5.397713e-03,4.171919e+00,-8.452435e+00,-1.367868e+01,-2.094556e+00,-6.256520e-01,7.913378e+00,-1.215644e+01,5.160294e+00,7.071409e+00,3.641335e+00,9.985904e+00,-9.643035e+00,3.505591e-02,0,6.389008e-01,-1.008143e-03,-4.214512e-01,1.561194e+00,4.311190e-01,2.209255e+00,-1.706097e-01,-2.495731e+00,-8.229870e-01,-1.157072e+00,8.919073e-01,1.090057e+00,-1.874686e-01,9.002501e-01,1.813237e-04,0,-1.119577e-02
4.269165e-03,3.560480e+00,-6.598022e+00,-1.366914e+01,-1.633843e-01,-1.592556e+00,4.650060e+00,-1.230585e+01,4.272346e+00,9.855501e+00,5.538448e+00,8.325426e+00,-7.794408e+00,3.445150e-02,0,6.306494e-01,-1.062743e-03,-4.137788e-01,2.082460e+00,1.369269e+00,1.389199e+00,-9.582148e-02,-1.612986e+00,5.167333e-01,-1.645700e+00,4.394378e-01,9.345733e-01,-1.181131e+00,8.176619e-01,-2.175884e-03,0,-1.005585e-02
2.969248e-03,3.099400e+00,-3.276486e+00,-1.064092e+01,1.092616e+00,-8.427204e-01,3.127829e+00,-1.034661e+01,7.696350e-01,8.415454e+00,6.477918e+00,5.838399e+00,-7.268648e+00,2.961620e-02,0,6.200409e-01,-9.218940e-04,-3.512247e-01,1.893925e+00,2.017163e+00,2.661641e-01,-6.885930e-02,-2.110525e-01,1.901159e+00,-1.637599e+00,-1.058335e+00,8.680912e-01,-1.264850e+00,8.349838e-01,-3.414929e-03,0,-6.189519e-03
2.260165e-03,3.264049e+00,-1.528773e+00,-7.915311e+00,8.006140e-02,-1.004727e+00,4.662783e+00,-8.500759e+00,5.114377e-01,7.308360e+00,6.709509e+00,4.595899e+00,-7.453506e+00,2.447869e-02,0,6.116257e-01,-6.255360e-04,-3.756083e-01,9.508592e-01,1.548228e+00,-8.560389e-01,-4.850596e-01,8.446636e-01,2.233175e+00,-1.007247e+00,-1.736253e+00,6.156920e-01,-4.796434e-01,7.492943e-01,-2.296766e-03,0,-1.479924e-04
1.792743e-03,2.564012e+00,-1.517436e+00,-6.469780e+00,-8.854580e-01,-1.263863e+00,6.851755e+00,-4.553192e+00,-1.147249e+00,3.053304e+00,7.396261e+00,5.526415e+00,-5.638567e+00,2.296766e-02,0,6.174651e-01,-3.085232e-04,-5.627509e-01,-2.048728e-01,-3.590522e-02,-1.919086e+00,-1.227316e+00,8.281218e-01,1.471229e+00,-5.337986e-01,-1.311015e+00,9.271711e-01,3.608592e-01,1.119405e+00,-1.813237e-04,0,4.740918e-03
1.729738e-03,1.950133e+00,-2.723251e+00,-8.013566e+00,-3.454542e+00,-3.807282e+00,7.011415e+00,-4.036686e+00,1.945542e-01,3.855311e+00,8.157737e+00,6.083201e+00,-4.862978e+00,2.629193e-02,0,6.311973e-01,-1.271925e-04,-7.346314e-01,-7.766118e-01,-1.537372e+00,-2.348431e+00,-1.464493e+00,1.670794e-01,1.780893e-01,-7.234038e-01,-1.731606e-01,1.435681e+00,5.652012e-01,9.327663e-01,1.027501e-03,0,2.788633e-03
1.691846e-03,9.426029e-01,-3.703611e+00,-1.077132e+01,-6.735513e+00,-5.578021e+00,6.094121e+00,-5.222501e+00,-1.740916e+00,3.586905e+00,1.038966e+01,6.899044e+00,-2.966887e+00,2.780296e-02,0,6.339597e-01,-4.922120e-05,-7.535578e-01,-7.363364e-01,-2.447287e+00,-2.008828e+00,-7.927138e-01,1.797194e-02,-9.312290e-01,-9.854383e-01,9.221572e-01,1.029369e+00,-2.472844e-02,3.450761e-01,8.159567e-04,0,-3.419000e-03
1.674651e-03,4.015963e-01,-4.318745e+00,-1.345141e+01,-8.737065e+00,-6.170113e+00,5.876997e+00,-7.275658e+00,-2.808748e+00,6.175756e+00,1.239122e+01,6.735590e+00,-4.125515e+00,2.719855e-02,0,6.173216e-01,-6.942034e-05,-6.715873e-01,-3.357644e-01,-2.173753e+00,-9.827196e-01,4.636162e-01,1.947204e-01,-8.098984e-01,-1.040121e+00,6.457412e-01,-1.191689e-01,-9.144447e-01,-3.365325e-01,4.230887e-04,0,-4.501027e-03
1.574180e-03,-4.295090e-01,-4.401371e+00,-1.598730e+01,-8.288335e+00,-4.046017e+00,7.508824e+00,-7.589851e+00,-4.572790e+00,6.503868e+00,1.042637e+01,5.076579e+00,-4.281918e+00,2.659414e-02,0,6.073080e-01,-9.682755e-05,-4.873256e-01,1.420346e-01,-1.086682e+00,5.423726e-01,1.434639e+00,3.919691e-01,-2.849541e-02,9.939208e-02,-1.812247e-01,-1.695946e+00,-1.740812e+00,-9.052700e-01,1.269266e-03,0,-1.836598e-03
1.441469e-03,-7.217474e-01,-4.053193e+00,-1.627434e+01,-7.591729e+00,-2.255203e+00,7.277666e+00,-6.902503e+00,-3.590113e+00,5.625535e+00,7.543539e+00,2.422210e+00,-5.888125e+00,2.901179e-02,0,6.220180e-01,-1.059919e-04,-3.575724e-01,4.158284e-01,-2.504196e-02,9.537093e-01,1.344260e+00,-2.381693e-01,6.676750e-01,8.099575e-01,-1.463504e+00,-1.989846e+00,-1.564611e+00,-8.282441e-01,2.236325e-03,0,1.607841e-03
1.324299e-03,-9.323533e-01,-3.126213e+00,-1.479326e+01,-4.596318e+00,-3.622822e-01,7.353632e+00,-5.551556e+00,-8.532729e-01,2.955891e+00,4.333766e+00,3.516772e-01,-6.611932e+00,3.324267e-02,0,6.224284e-01,-8.769093e-05,-1.779328e-01,4.852680e-01,5.690256e-01,5.402485e-01,4.751332e-01,-9.088173e-01,9.620911e-01,1.216519e+00,-1.855875e+00,-1.168461e+00,-7.770236e-01,-7.346541e-01,1.994561e-03,0,5.922914e-04
1.269632e-03,-1.134844e+00,-2.877181e+00,-1.417363e+01,-5.814527e+00,-1.290679e+00,4.763746e+00,-4.956431e+00,-6.187183e-01,6.322235e-01,5.488286e+00,1.274984e+00,-7.101728e+00,3.505591e-02,0,6.178005e-01,-5.652440e-05,-1.314813e-01,4.476117e-01,5.010706e-01,-1.334166e-01,-4.074734e-01,-1.016449e+00,1.036517e+00,5.018204e-01,-1.395000e+00,-6.766357e-02,-9.038211e-02,-8.238519e-01,-5.741913e-04,0,-4.370540e-03
1.221644e-03,-1.112625e+00,-2.563037e+00,-1.419252e+01,-6.475693e+00,-2.152613e+00,4.221698e+00,-3.752432e+00,2.410626e-02,-2.788515e-01,5.611691e+00,1.765074e+00,-7.348387e+00,3.354488e-02,0,6.123782e-01,-3.616872e-05,-1.419289e-01,3.555799e-01,1.903193e-01,-3.871435e-01,-4.976467e-01,-3.735465e-01,1.293155e+00,6.396473e-02,-4.515907e-01,7.466919e-01,3.242032e-01,-9.673538e-01,-4.472650e-03,0,-6.022382e-03
1.210175e-03,-1.289018e+00,-2.096723e+00,-1.406936e+01,-7.319124e+00,-3.397405e+00,3.761389e+00,-2.619479e+00,-1.519700e+00,2.679054e-01,6.566258e+00,1.263601e+00,-9.639157e+00,2.598973e-02,0,6.051905e-01,-3.399926e-05,-1.979028e-01,3.429157e-01,2.109631e-01,4.766526e-01,1.889887e-01,8.812418e-01,1.294663e+00,-1.204190e-01,3.177070e-01,8.618420e-01,4.276315e-01,-3.165540e-01,-7.011182e-03,0,-8.049464e-03
1.173184e-03,-1.564911e+00,-1.738543e+00,-1.389380e+01,-5.779737e+00,-1.797153e+00,5.987078e+00,-2.542563e-01,-8.295838e-02,8.800967e-01,7.528239e+00,1.978385e+00,-1.017999e+01,1.541251e-02,0,5.986215e-01,-3.404995e-05,-2.619081e-01,2.025262e-01,2.038578e-01,5.712318e-01,5.891567e-01,1.261766e+00,7.945783e-01,-2.097604e-01,6.036392e-01,9.603134e-01,9.358605e-01,1.024054e+00,-6.406770e-03,0,-9.637838e-03
1.123865e-03,-1.898215e+00,-1.574850e+00,-1.326818e+01,-3.779242e+00,-5.234653e-01,8.287265e+00,-2.322021e-01,-1.167281e+00,1.641284e+00,8.839222e+00,3.306486e+00,-7.268698e+00,9.066183e-03,0,5.844315e-01,-2.464509e-05,-6.097578e-01,-1.353215e-02,5.306044e-01,4.719456e-01,8.306793e-01,6.675395e-01,-7.664414e-02,4.567744e-01,5.030297e-01,2.380549e-01,1.111507e+00,2.333474e+00,-1.390148e-03,0,-9.584904e-03
1.094549e-03,-2.117567e+00,-1.811342e+00,-1.357382e+01,-5.389475e+00,-6.437990e-01,8.267591e+00,-9.731789e-01,-1.200905e+00,2.052655e+00,9.276776e+00,5.422934e+00,-3.413346e+00,9.972801e-03,0,5.745685e-01,3.599634e-05,-1.122940e+00,-2.178078e-01,7.362779e-01,2.547956e-03,8.196273e-01,-1.426691e+00,-7.593640e-01,1.321810e+00,1.908880e-01,-9.532225e-01,4.986313e-01,2.545460e+00,5.500151e-03,0,-1.120333e-02
1.126267e-03,-4.061479e+00,-2.127984e+00,-1.157632e+01,-5.154527e+00,1.793149e-01,5.958830e+00,-2.643239e+00,1.323145e+00,2.196775e+00,6.882264e+00,5.098860e+00,-1.355109e+00,2.175884e-02,0,5.692925e-01,8.879862e-05,-1.198213e+00,-1.350716e-01,9.058134e-01,3.696574e-01,1.220866e+00,-3.126894e+00,-1.168639e+00,2.321395e+00,2.069937e-01,-1.962940e+00,-2.591349e-01,1.697321e+00,1.003324e-02,0,-6.186700e-03
1.351965e-03,-6.097981e+00,-2.551015e+00,-1.105834e+01,-5.079355e+00,1.949594e+00,1.783959e-02,-2.845558e+00,5.280879e+00,1.556792e+00,3.740606e+00,3.575354e+00,-4.094818e-01,3.656694e-02,0,5.501744e-01,1.379445e-04,-1.646401e-01,3.127503e-01,9.770923e-01,1.273249e+00,8.990332e-01,-3.686584e+00,-1.364073e+00,1.830065e+00,5.185149e-01,-1.949897e+00,-4.280242e-01,9.017811e-01,8.461772e-03,0,4.611772e-03
1.439150e-03,-5.899071e+00,-1.880371e+00,-9.996852e+00,-2.086015e+00,4.284170e+00,-3.222330e+00,-5.139209e+00,7.198802e+00,2.924185e+00,1.792608e+00,2.934602e+00,-2.840263e-01,4.593533e-02,0,5.656950e-01,1.436226e-04,1.521404e+00,6.551940e-01,8.702382e-01,1.679274e+00,-2.171886e-01,-2.807519e+00,-1.217865e+00,1.813265e-01,9.677238e-01,-6.937254e-01,4.451286e-01,5.360014e-01,1.934119e-03,0,1.812993e-02
1.627830e-03,-2.021972e+00,-3.713971e-01,-9.478098e+00,-5.574840e-01,1.798940e+00,-5.574748e+00,-6.545558e+00,5.011590e+00,4.281525e+00,2.072120e+00,4.364943e+00,5.600181e-01,4.019341e-02,0,5.994260e-01,1.359627e-04,2.594616e+00,7.815979e-01,1.008434e+00,1.461749e+00,-1.557980e+00,-1.054056e+00,-8.713209e-01,-1.571879e+00,1.075374e+00,2.601172e-01,1.458486e+00,5.546362e-01,-4.895739e-03,0,2.656678e-02
1.706448e-03,1.507535e+00,5.817715e-02,-8.015255e+00,9.809086e-01,-8.313013e-01,-5.282474e+00,-6.882562e+00,2.364423e+00,5.673028e+00,4.247880e+00,6.929709e+00,8.401484e-01,2.961620e-02,0,6.353163e-01,1.023088e-04,2.182679e+00,8.218505e-01,8.537290e-01,4.888424e-01,-1.753295e+00,3.991519e-01,4.127027e-01,-2.542351e+00,5.245920e-01,6.533657e-01,1.535543e+00,7.438078e-01,-7.676035e-03,0,1.783040e-02
1.898130e-03,3.171799e+00,3.877004e-01,-7.006971e+00,6.959303e-01,-3.282573e+00,-4.222369e+00,-6.330486e+00,-1.613250e-01,5.559238e+00,3.813556e+00,8.870228e+00,1.801612e+00,2.024781e-02,0,6.481977e-01,1.279451e-05,6.029170e-01,1.328135e+00,7.082232e-01,-5.526633e-01,-1.159507e-01,1.266628e+00,2.180819e+00,-2.166099e+00,-2.634809e-01,7.414919e-01,6.952210e-01,4.765229e-01,-6.467211e-03,0,2.815741e-03
1.815544e-03,2.417440e+00,1.849333e+00,-6.963770e+00,-2.685105e-01,-1.941547e+00,-1.902760e+00,-3.183232e+00,-2.926497e+00,4.908288e+00,4.188718e+00,8.359673e+00,2.814215e+00,1.752795e-02,0,6.304612e-01,-7.913027e-05,-5.800538e-01,1.841178e+00,5.713014e-01,-9.147823e-01,1.349419e+00,1.107403e+00,3.329621e+00,-1.229698e+00,-1.287609e+00,9.533454e-01,-2.608840e-01,3.812756e-01,-4.261106e-03,0,-8.386302e-03
1.637254e-03,5.376605e-01,5.373699e+00,-6.462724e+00,-2.696091e+00,1.774309e+00,-9.314663e-01,2.508870e+00,-3.173443e+00,3.346490e+00,5.809160e+00,7.126066e+00,1.955599e+00,1.390148e-02,0,6.159323e-01,-1.417784e-04,-9.381109e-01,1.851812e+00,7.176491e-01,-7.163968e-01,2.095004e+00,3.063737e-01,3.300195e+00,6.211457e-02,-1.812971e+00,1.558370e+00,-8.935282e-01,-3.356171e-01,-2.478090e-03,0,-9.153277e-03
1.441234e-03,-7.566496e-02,6.771066e+00,-5.430871e+00,-1.896993e+00,3.387353e+00,-1.390910e+00,5.345866e+00,-2.278011e+00,3.413571e-01,8.016805e+00,6.497370e+00,2.669533e+00,1.148383e-02,0,6.095175e-01,-1.214941e-04,-3.834649e-01,1.132829e+00,8.690683e-01,-4.615395e-02,1.218727e+00,-4.586772e-01,1.651751e+00,9.362079e-01,-1.781530e+00,1.472999e+00,-9.542114e-01,-9.595507e-01,-1.571472e-03,0,-2.274907e-03
1.376393e-03,-2.722035e-01,7.185896e+00,-4.185175e+00,-2.071813e+00,4.527997e+00,-2.946426e+00,5.905940e+00,-1.749955e-01,-1.222150e+00,9.691363e+00,5.333738e+00,1.958681e-01,1.087942e-02,0,6.129032e-01,-6.666531e-05,1.611143e-01,3.609063e-01,6.910135e-01,1.876761e-01,3.027445e-01,-8.194500e-01,6.114946e-02,8.888383e-01,-1.323693e+00,9.645842e-01,-1.052823e+00,-1.436160e+00,-4.533090e-04,0,2.543736e-03
1.338504e-03,9.050480e-01,6.607378e+00,-3.757203e+00,-8.114193e-01,2.775242e+00,-3.188667e+00,3.376990e+00,2.553184e-01,-1.715045e+00,9.612610e+00,4.484779e+00,-1.103673e+00,1.118163e-02,0,6.206012e-01,-1.929830e-05,2.982160e-01,1.052194e-01,3.513446e-01,-1.035692e-01,-5.204437e-02,-6.661268e-01,-5.200506e-01,4.743269e-01,-6.191879e-01,3.777561e-01,-9.723736e-01,-1.555073e+00,1.511033e-04,0,3.738910e-03
1.355293e-03,8.528755e-01,7.260074e+00,-3.844491e+00,-2.300497e+00,3.594086e+00,-4.129838e+00,3.799055e+00,4.084263e-03,-2.243771e+00,9.834178e+00,2.868248e+00,-3.338598e+00,1.178604e-02,0,6.231091e-01,-2.541172e-06,2.197986e-01,8.010526e-02,5.940819e-02,-1.946446e-01,-1.048977e-01,-3.307996e-01,-3.791704e-01,1.069254e-02,-2.571970e-01,5.071974e-02,-6.547512e-01,-9.303856e-01,2.417652e-04,0,2.291971e-03
