pcm_RMSenergy_sma,pcm_fftMag_mfcc_sma[1],pcm_fftMag_mfcc_sma[2],pcm_fftMag_mfcc_sma[3],pcm_fftMag_mfcc_sma[4],pcm_fftMag_mfcc_sma[5],pcm_fftMag_mfcc_sma[6],pcm_fftMag_mfcc_sma[7],pcm_fftMag_mfcc_sma[8],pcm_fftMag_mfcc_sma[9],pcm_fftMag_mfcc_sma[10],pcm_fftMag_mfcc_sma[11],pcm_fftMag_mfcc_sma[12],pcm_zcr_sma,F0final_sma,voicingFinalUnclipped_sma,pcm_RMSenergy_sma_de,pcm_fftMag_mfcc_sma_de[1],pcm_fftMag_mfcc_sma_de[2],pcm_fftMag_mfcc_sma_de[3],pcm_fftMag_mfcc_sma_de[4],pcm_fftMag_mfcc_sma_de[5],pcm_fftMag_mfcc_sma_de[6],pcm_fftMag_mfcc_sma_de[7],pcm_fftMag_mfcc_sma_de[8],pcm_fftMag_mfcc_sma_de[9],pcm_fftMag_mfcc_sma_de[10],pcm_fftMag_mfcc_sma_de[11],pcm_fftMag_mfcc_sma_de[12],pcm_zcr_sma_de,F0final_sma_de,voicingFinalUnclipped_sma_de
7.904412e-04,-1.277972e+01,5.061570e+00,-2.070035e+00,-8.238520e-01,-1.688995e+00,3.907264e+00,-2.842888e-01,-2.215931e+00,1.229932e+00,6.587006e+00,2.697856e+00,5.224693e+00,9.972802e-02,0,0,5.282694e-06,-2.635577e-01,-3.744716e-01,5.425752e-01,5.266019e-01,2.550607e-01,-6.865408e-01,-3.089730e-01,7.992796e-01,-1.890090e-01,-1.328260e+00,-9.074503e-01,-9.500461e-01,-7.645817e-03,0,0
7.908589e-04,-1.321945e+01,4.275734e+00,-9.332846e-01,1.556466e-01,-1.634621e+00,2.062606e+00,-1.876065e+00,-1.517277e+00,7.962244e-01,4.856917e+00,1.890445e+00,4.049047e+00,8.552433e-02,0,0,7.490278e-06,-3.866578e-01,-6.303838e-01,5.628582e-01,9.537417e-01,3.011584e-01,-9.905939e-01,-5.509486e-01,1.062498e+00,-4.059130e-03,-1.813250e+00,-1.747741e+00,-1.875064e+00,-6.376549e-03,0,0
8.166459e-04,-1.387764e+01,3.582129e+00,7.446579e-02,1.319408e+00,-4.408786e-01,1.396890e+00,-1.033265e+00,1.431140e+00,5.017406e-01,8.107503e-01,-1.435690e+00,1.062285e+00,6.860078e-02,0,0,4.698709e-06,-3.767581e-01,-5.145110e-01,3.610356e-01,1.034823e+00,2.056795e-01,-1.003893e+00,-3.232330e-01,1.301093e+00,1.115833e-01,-1.956730e+00,-2.024163e+00,-2.288504e+00,5.349048e-03,0,0
8.147903e-04,-1.416404e+01,2.649370e+00,-3.279949e-01,2.873226e+00,-8.072610e-01,2.094824e-01,-2.664543e+00,1.273024e+00,1.573732e+00,4.088833e-01,-3.974075e+00,-2.069422e+00,8.340889e-02,0,0,-4.185579e-06,-1.668811e-01,-2.546551e-01,-9.256285e-02,7.775244e-01,-8.680151e-02,-6.132928e-01,2.794757e-02,7.484756e-01,2.362703e-01,-1.088073e+00,-1.065816e+00,-1.717459e+00,2.462980e-02,0,0
8.019691e-04,-1.419121e+01,3.302197e+00,-5.675017e-01,2.991474e+00,-1.074278e+00,-1.856403e-01,-1.506215e+00,2.894383e+00,1.399095e+00,-9.726295e-01,-4.490697e+00,-3.158591e+00,1.275310e-01,0,0,-1.060105e-05,6.215467e-02,7.609129e-02,-1.284843e-01,3.687864e-01,-3.582270e-01,-4.094000e-02,3.329832e-01,-1.357680e-01,-4.360607e-02,-1.871650e-01,4.377474e-01,-4.238892e-01,3.291025e-02,0,0
7.772694e-04,-1.389707e+01,3.142425e+00,-1.075115e+00,3.207235e+00,-1.751929e+00,-2.125928e-01,-1.499853e+00,1.493479e+00,1.528899e+00,3.082418e-01,-1.911134e+00,-2.427809e+00,1.792082e-01,0,0,-7.416075e-06,5.411358e-02,7.887755e-02,-1.084565e-01,-2.366019e-01,-3.348606e-01,5.529321e-01,2.718517e-01,-1.056746e+00,-4.680183e-01,3.667720e-01,1.549401e+00,5.011266e-01,2.311877e-02,0,0
7.824011e-04,-1.370036e+01,3.716059e+00,-1.943956e-01,2.996335e+00,-1.759679e+00,1.403227e+00,4.930495e-02,6.420730e-01,3.061267e-01,-7.475406e-02,-2.784235e-01,-8.779667e-01,1.852524e-01,0,0,-5.229108e-06,-4.999695e-02,-1.094386e-01,-3.110681e-01,-7.821859e-01,-2.325293e-01,9.980294e-01,-3.845184e-01,-1.922451e+00,-8.012012e-01,7.831573e-01,1.302547e+00,7.530299e-01,2.175884e-03,0,0
7.874939e-04,-1.413890e+01,2.836827e+00,-1.056830e+00,1.687786e+00,-2.138863e+00,2.179709e+00,-2.083045e+00,-2.884551e+00,-2.198757e-01,1.793806e+00,1.666792e+00,-7.041004e-01,1.701420e-01,0,0,-2.303364e-06,-1.450366e-01,-8.374794e-02,-4.605517e-01,-8.424913e-01,7.716004e-02,9.520136e-01,-6.341154e-01,-1.770930e+00,-8.521407e-01,7.321435e-01,4.232098e-01,6.708251e-01,-1.172560e-02,0,0
7.707113e-04,-1.432028e+01,2.907802e+00,-2.131984e+00,-1.597307e-01,-2.043457e+00,3.608356e+00,-3.137211e+00,-4.528856e+00,-1.732525e+00,2.200375e+00,2.330766e-01,-2.552953e-01,1.429435e-01,0,0,-3.350392e-06,6.874056e-02,1.079547e-01,-6.466058e-02,2.860475e-03,5.967771e-01,4.149265e-01,-3.263552e-01,-1.029657e+00,-7.325567e-01,3.944139e-01,-1.249118e-01,1.153352e+00,-1.589604e-02,0,0
7.715975e-04,-1.431229e+01,3.127813e+00,-2.409079e+00,5.728113e-01,-1.224240e+00,3.444911e+00,-3.077172e+00,-4.775704e+00,-1.712479e+00,2.831395e+00,-5.083461e-02,6.149802e-01,1.417347e-01,0,0,1.265795e-06,4.327554e-01,5.122860e-01,8.789156e-01,1.227810e+00,1.200839e+00,-1.342801e-01,6.113538e-01,3.884958e-01,-3.350959e-01,8.807302e-02,2.506253e-01,2.036122e+00,-1.680266e-02,0,0
7.735973e-04,-1.326996e+01,4.110339e+00,1.584260e-01,3.568125e+00,7.668950e-01,2.845259e+00,-1.085407e+00,-3.560638e+00,-2.610355e+00,1.378521e+00,-4.416911e-02,4.229255e+00,1.199758e-01,0,0,9.558018e-06,6.084720e-01,6.837988e-01,1.383617e+00,1.887203e+00,1.394471e+00,-4.842862e-01,1.180119e+00,1.255789e+00,-6.823967e-02,1.837697e-01,1.027588e+00,2.231898e+00,-1.849501e-02,0,0
7.923799e-04,-1.250028e+01,4.796988e+00,2.192543e+00,5.962908e+00,2.460156e+00,1.889857e+00,-5.217711e-02,-1.426181e+00,-1.456440e+00,2.645098e+00,3.058542e+00,7.234234e+00,9.761257e-02,0,0,1.004151e-05,3.228383e-01,4.600134e-01,8.122614e-01,9.337803e-01,1.179717e+00,-1.045864e-01,1.481793e+00,1.820779e+00,2.358220e-01,5.728270e-01,1.130671e+00,1.207963e+00,-1.695376e-02,0,0
8.081102e-04,-1.218392e+01,5.492209e+00,2.485292e+00,6.581236e+00,3.086702e+00,1.964451e+00,1.250888e+00,7.532942e-02,-2.201742e+00,3.212372e+00,3.816329e+00,7.594568e+00,7.252946e-02,0,0,1.044220e-05,-1.654532e-01,9.759726e-02,-2.404544e-01,-4.374540e-01,4.016685e-01,1.510487e-01,9.861565e-01,1.534730e+00,5.134650e-01,8.130879e-01,2.636145e-01,-5.097584e-01,-1.003324e-02,0,0
8.045486e-04,-1.324112e+01,4.736946e+00,4.887948e-01,3.735157e+00,3.514441e+00,3.362383e+00,3.163645e+00,2.510206e+00,-7.376755e-01,4.778605e+00,3.672272e+00,4.972137e+00,8.068904e-02,0,0,8.149073e-07,-3.923272e-01,-2.233009e-01,-8.001230e-01,-1.336135e+00,-2.916955e-01,4.530927e-01,2.573280e-01,7.397443e-01,7.527206e-01,7.003049e-01,-2.790097e-01,-1.092899e+00,-7.162284e-03,0,0
8.197240e-04,-1.372681e+01,4.628347e+00,-1.919718e-01,2.494730e+00,2.248095e+00,2.864239e+00,2.237464e+00,2.144819e+00,-4.024123e-01,4.377207e+00,9.670382e-01,2.811512e+00,7.827138e-02,0,0,-6.577017e-06,-2.007016e-01,-1.862996e-01,-6.247917e-01,-1.196786e+00,-5.446427e-01,7.124566e-01,-5.312238e-01,-3.295700e-01,9.005312e-01,6.173525e-02,-7.971017e-01,-7.320963e-01,-8.461772e-03,0,0
7.906475e-04,-1.369048e+01,4.112415e+00,-4.694404e-01,1.325487e+00,1.420982e+00,3.705426e+00,7.411748e-01,1.237796e+00,1.407498e+00,5.564205e+00,3.088139e+00,4.161267e+00,5.893019e-02,0,0,-1.524523e-05,1.481687e-01,2.088042e-01,-6.060809e-02,-3.493981e-01,-5.830258e-01,8.903381e-01,-6.690271e-01,-9.680589e-01,5.733640e-01,-5.936042e-01,-5.461758e-01,1.488210e-01,-7.645816e-03,0,0
7.821756e-04,-1.296275e+01,4.872976e+00,-1.595490e-01,1.802140e+00,1.410218e+00,5.355213e+00,-1.939961e-01,-9.363151e-01,1.228327e+00,3.128248e+00,1.228875e-01,4.339522e+00,4.110003e-02,0,0,-1.957270e-05,2.279498e-01,3.834743e-01,1.091262e-01,-1.832332e-01,-6.645445e-01,5.401799e-01,-3.368967e-01,-7.748068e-01,-1.395997e-01,-1.252569e+00,-5.383955e-01,3.490736e-01,8.794198e-03,0,0
7.470967e-04,-1.288230e+01,5.658652e+00,1.695430e-01,2.334462e+00,1.018250e+00,6.568587e+00,1.034239e+00,-7.895212e-01,1.313775e+00,2.435063e+00,1.363468e+00,4.952238e+00,6.104564e-02,0,0,-6.682140e-06,1.808527e-01,3.456116e-01,-5.540778e-02,-1.017061e-01,-1.077250e+00,-6.858745e-01,1.585463e-01,-9.930134e-02,-1.060772e+00,-1.455838e+00,-5.307310e-01,-4.542284e-02,3.182230e-02,0,0
7.436359e-04,-1.299114e+01,5.772600e+00,3.416745e-02,1.074077e+00,-8.732615e-01,4.133559e+00,4.064483e-01,-7.155563e-01,-1.053549e+00,-3.210647e-01,-8.626044e-01,4.161395e+00,1.211846e-01,0,0,5.328178e-06,8.361940e-02,-2.155660e-01,-4.718634e-01,-3.019983e-01,-1.216417e+00,-1.857207e+00,3.066921e-01,2.028057e-01,-1.493209e+00,-8.101175e-01,-1.753538e-01,-4.523391e-01,4.167422e-02,0,0
7.765067e-04,-1.277201e+01,5.390661e+00,-8.433375e-01,1.180988e+00,-2.823530e+00,8.868811e-01,1.233684e+00,6.309095e-01,-2.755424e+00,9.669025e-03,9.272296e-01,4.023216e+00,1.779994e-01,0,0,1.563107e-05,1.042949e-01,-6.212081e-01,-6.112655e-01,-1.031979e-01,-7.166544e-01,-1.743056e+00,4.597127e-01,4.658612e-01,-8.171309e-01,3.854465e-01,5.677544e-02,-6.142516e-01,2.493200e-02,0,0
7.941115e-04,-1.259980e+01,3.929142e+00,-2.012426e+00,8.688849e-01,-2.750978e+00,-1.089968e+00,1.239742e+00,-6.325019e-01,-4.203121e+00,2.903575e-01,-5.357625e-01,2.542337e+00,1.909943e-01,0,0,1.080348e-05,1.285820e-01,-6.209210e-01,-6.206211e-01,1.437180e-01,1.925130e-01,-4.732329e-01,6.101506e-01,8.006357e-01,7.591208e-01,1.564098e+00,5.935978e-01,-7.699220e-02,-8.099122e-03,0,0
8.000142e-04,-1.255650e+01,3.474340e+00,-1.863488e+00,1.921069e+00,-1.626163e+00,4.650697e-01,2.916156e+00,1.498258e+00,-1.197094e+00,4.056584e+00,1.483924e+00,2.690508e+00,1.508008e-01,0,0,3.457710e-07,1.014895e-01,-1.375402e-01,-2.084821e-01,5.858272e-02,5.924012e-01,9.466623e-01,6.122551e-01,1.067001e+00,1.819150e+00,1.524804e+00,7.882449e-01,3.890527e-01,-3.003929e-02,0,0
7.858995e-04,-1.245599e+01,3.626155e+00,-2.558863e+00,1.422627e+00,-5.093802e-01,1.978300e+00,2.615966e+00,2.853948e+00,1.962890e+00,5.475967e+00,1.827037e+00,4.442788e+00,9.428831e-02,0,0,-7.666828e-06,5.873404e-02,3.057261e-01,-5.551119e-02,-7.266320e-02,4.802026e-01,1.336788e+00,7.577198e-01,1.149755e+00,2.112208e+00,7.741794e-01,8.368092e-01,5.343587e-01,-2.916289e-02,0,0
7.823415e-04,-1.233647e+01,4.854454e+00,-1.612530e+00,1.197031e+00,-9.823230e-01,4.086059e+00,3.606848e+00,4.222690e+00,3.257318e+00,5.040886e+00,3.687054e+00,5.018255e+00,7.615594e-02,0,0,-1.241537e-05,8.185005e-02,4.324715e-01,-2.644885e-02,-3.598041e-01,1.730451e-01,5.148474e-01,3.647344e-01,4.648968e-01,1.426367e+00,-1.404861e-01,1.386901e-01,-3.156150e-01,-1.725597e-02,0,0
7.646137e-04,-1.241614e+01,4.767715e+00,-2.415461e+00,8.675876e-01,-6.718845e-01,3.783478e+00,4.682995e+00,3.754055e+00,4.130715e+00,3.669104e+00,2.546718e+00,4.050257e+00,8.250227e-02,0,0,-9.518268e-06,1.831322e-02,-1.992645e-02,-1.654734e-01,-5.005461e-01,-3.920093e-01,-8.865052e-01,-3.708436e-01,2.375123e-01,1.232990e+00,6.299619e-02,-5.904029e-02,-1.435876e+00,-1.181626e-02,0,0
7.485803e-04,-1.216718e+01,5.065917e+00,-2.067433e+00,3.995675e-01,-6.796859e-01,2.136718e+00,3.706313e+00,3.372688e+00,4.850829e+00,4.257586e+00,1.817534e+00,1.308698e+00,7.041402e-02,0,0,-1.704524e-06,1.063223e-02,-3.889553e-01,-3.789547e-01,-8.317245e-01,-5.332872e-01,-1.646670e+00,-1.388124e+00,4.654995e-01,1.572088e+00,5.758958e-01,-3.251192e-01,-1.320959e+00,-1.840435e-02,0,0
7.551888e-04,-1.244907e+01,3.420791e+00,-3.158778e+00,-6.813723e-01,-2.620745e+00,-1.479555e+00,7.120147e-01,4.466510e+00,7.331083e+00,6.182598e+00,2.466596e+00,-8.818150e-01,3.807797e-02,0,0,9.284098e-06,3.059720e-01,-4.689713e-01,-4.608027e-01,-9.208347e-01,-4.756800e-01,-8.166063e-01,-1.679963e+00,8.124136e-01,1.703134e+00,1.219665e+00,2.797455e-01,-5.326976e-01,-2.212149e-02,0,0
7.785314e-04,-1.226685e+01,3.583139e+00,-3.135645e+00,-2.187111e+00,-2.674329e+00,-1.515773e+00,-1.348282e+00,6.193960e+00,9.517574e+00,6.663618e+00,2.101520e+00,8.794944e-01,6.346328e-03,0,0,1.418653e-05,9.035188e-01,-1.848953e-01,-9.896415e-01,-8.915132e-01,4.777351e-01,6.991928e-01,-8.394087e-01,9.487520e-01,1.142932e+00,1.349505e+00,4.666692e-01,6.640239e-01,-1.592626e-02,0,0
7.960587e-04,-1.083645e+01,3.164248e+00,-4.185369e+00,-2.443246e+00,-2.052963e+00,1.526692e+00,-1.189525e+00,6.405487e+00,1.031301e+01,8.564410e+00,3.803453e+00,1.601371e+00,3.928680e-03,0,0,1.528283e-05,1.339850e+00,4.167921e-01,-8.111240e-01,-2.363110e-01,1.389832e+00,1.580443e+00,3.299827e-01,5.755091e-01,8.208008e-02,9.351763e-01,1.641001e-01,6.864275e-01,-5.288607e-03,0,0
7.990780e-04,-8.455894e+00,4.269712e+00,-6.502345e+00,-3.177061e+00,1.425099e+00,4.129558e+00,4.600393e-01,7.146960e+00,9.074526e+00,9.814202e+00,3.482452e+00,3.387225e+00,7.857359e-03,0,0,1.427617e-05,1.010606e+00,6.628270e-01,-2.887445e-01,3.701721e-01,1.200503e+00,9.328378e-01,9.954046e-01,2.193567e-01,-9.732393e-01,-1.576225e-01,-5.229043e-01,3.857955e-02,8.159565e-04,0,0
8.213297e-04,-7.655295e+00,5.161465e+00,-5.531048e+00,-1.367952e+00,2.278704e+00,3.599995e+00,1.457768e+00,6.867556e+00,7.963007e+00,9.283187e+00,2.596630e+00,1.296457e+00,1.087942e-02,0,0,1.681644e-05,4.287599e-01,7.320489e-01,8.118499e-01,8.962606e-01,3.599818e-01,4.126611e-01,1.702619e+00,-2.890766e-01,-2.094754e+00,-1.937813e+00,-1.741236e+00,-8.746868e-01,-2.719856e-04,0,0
8.372767e-04,-8.804390e+00,5.898666e+00,-3.906528e+00,-8.738977e-01,1.162355e+00,2.111765e+00,2.305095e+00,7.059709e+00,5.826380e+00,5.516117e+00,9.040984e-02,1.224849e+00,6.950740e-03,0,0,1.592522e-05,1.327033e-01,3.151445e-01,1.464231e+00,8.279051e-01,-7.206757e-01,6.062075e-01,2.117883e+00,-8.223468e-01,-2.905776e+00,-3.105649e+00,-2.541751e+00,-1.485438e+00,9.313226e-11,0,0
8.610415e-04,-8.518400e+00,6.010016e+00,-1.424028e+00,8.864754e-01,-1.216820e-01,4.598894e+00,6.401041e+00,5.003729e+00,1.463314e+00,1.024387e+00,-3.206706e+00,-1.690875e+00,3.022061e-03,0,0,9.277440e-06,3.235517e-01,9.253678e-02,1.270169e+00,4.875452e-01,-7.012236e-01,1.241383e+00,2.174542e+00,-1.117483e+00,-2.992586e+00,-2.619402e+00,-2.395893e+00,-1.305445e+00,3.022061e-03,0,0
8.588482e-04,-7.360824e+00,5.421159e+00,-1.234701e+00,-1.647496e-01,-9.780868e-01,6.661146e+00,8.577817e+00,3.967139e+00,-2.204509e+00,-1.584646e+00,-6.324638e+00,-2.546298e+00,1.178604e-02,0,0,5.705695e-06,2.338968e-01,9.049721e-02,8.272481e-01,2.329042e-01,1.442359e-02,1.081616e+00,1.135437e+00,-5.420796e-01,-1.255050e+00,-5.629138e-01,-7.312847e-01,-4.994453e-01,5.500151e-03,0,0
8.569311e-04,-6.759319e+00,5.862902e+00,-5.161179e-01,7.151996e-01,-1.571934e-01,7.532218e+00,9.194115e+00,2.826426e+00,-2.984479e+00,-2.634414e-01,-6.175310e+00,-3.345195e+00,2.357208e-02,0,0,1.843401e-05,-2.833172e-01,2.267064e-01,2.538491e-01,1.415251e-01,7.464906e-01,2.863341e-01,-2.102648e-01,2.857916e-01,1.097285e+00,1.684316e+00,1.626772e+00,9.112140e-01,3.112723e-03,0,0
8.678604e-04,-8.514446e+00,6.424709e+00,-2.242423e-01,3.762611e-01,1.252228e+00,6.053182e+00,6.585745e+00,5.437963e+00,1.775026e+00,3.345462e+00,-2.081712e+00,-4.452173e-01,2.417649e-02,0,0,4.617849e-05,-8.426360e-01,6.311999e-02,3.787716e-02,4.269949e-01,8.574567e-01,-1.227055e-01,-6.199731e-01,1.163229e+00,2.754726e+00,2.610874e+00,3.188813e+00,1.896959e+00,-3.354488e-03,0,0
9.487054e-04,-9.358175e+00,6.641773e+00,-6.600122e-01,1.323595e+00,2.495613e+00,6.334547e+00,6.345752e+00,5.697275e+00,4.959972e+00,6.980912e+00,2.805693e+00,1.814654e+00,1.239045e-02,0,0,6.071408e-05,-8.709059e-01,-3.589518e-01,-5.112601e-02,5.223936e-01,5.649610e-01,-2.895232e-01,-6.859597e-01,1.185943e+00,2.276363e+00,2.199057e+00,2.879119e+00,2.297460e+00,-6.165005e-03,0,0
1.043853e-03,-1.027458e+01,5.347324e+00,-9.733684e-01,1.666027e+00,1.982793e+00,6.646454e+00,6.902133e+00,8.347861e+00,7.596899e+00,7.847548e+00,5.128924e+00,4.358570e+00,6.044122e-04,0,0,4.002720e-05,-4.430559e-01,-5.143673e-01,3.765984e-02,7.554980e-01,2.828500e-01,-2.872955e-01,-7.308002e-01,2.950154e-01,1.726653e-01,9.474159e-01,1.465714e+00,1.520911e+00,-3.807797e-03,0,0
1.072505e-03,-1.023378e+01,4.606836e+00,-3.971849e-01,2.682285e+00,2.302329e+00,5.787965e+00,5.606122e+00,7.301191e+00,5.486400e+00,8.480803e+00,4.614967e+00,5.740210e+00,4.533092e-03,0,0,1.485506e-06,-2.527090e-01,-4.396598e-01,-1.061489e-02,6.939011e-01,4.417912e-01,-2.627187e-01,-4.157651e-01,9.027920e-02,-1.352200e+00,-2.450708e-01,9.337459e-02,7.404369e-01,1.087942e-03,0,0
1.006097e-03,-1.029192e+01,4.870341e+00,-1.673568e-01,3.474406e+00,2.763121e+00,4.889995e+00,3.301559e+00,6.111082e+00,2.375139e+00,7.332596e+00,4.342221e+00,5.196557e+00,9.066183e-03,0,0,-2.789291e-05,-3.126917e-02,-1.148050e-01,-2.975448e-01,3.176987e-01,2.991550e-01,-2.368259e-02,2.119361e-01,-2.484095e-01,-1.219387e+00,-1.078015e+00,-6.198411e-01,-2.237060e-01,2.598972e-03,0,0
9.750114e-04,-1.061305e+01,4.681965e+00,-1.116092e+00,3.888911e+00,4.314406e+00,5.899183e+00,6.067214e+00,7.267061e+00,8.098498e-01,6.013033e+00,3.665917e+00,5.097846e+00,1.359927e-02,0,0,-3.014011e-05,2.189975e-01,-1.651724e-01,-9.127975e-01,-3.014836e-01,-6.082218e-02,1.322803e-02,7.102229e-01,3.807458e-01,3.873853e-01,-1.332364e+00,-6.851079e-01,-8.393036e-01,3.626473e-04,0,0
9.531357e-04,-1.024129e+01,4.735734e+00,-2.101639e+00,2.651207e+00,2.472530e+00,6.472433e+00,7.731267e+00,7.122879e+00,3.838240e+00,3.691356e+00,2.504244e+00,3.561222e+00,9.066183e-03,0,0,-2.532938e-05,9.111335e-01,-3.656241e-01,-1.561035e+00,-9.598171e-01,-4.250940e-01,-6.265097e-01,-7.573786e-02,3.627020e-01,1.604850e+00,-8.313162e-01,-6.689728e-01,-1.580311e+00,-1.813237e-03,0,0
9.482849e-04,-9.164112e+00,3.848277e+00,-3.994031e+00,1.586466e+00,2.143514e+00,5.062887e+00,6.942383e+00,8.699021e+00,6.691776e+00,3.639605e+00,2.108417e+00,2.361359e+00,6.346328e-03,0,0,-2.569533e-05,1.190900e+00,-3.795139e-01,-1.414731e+00,-7.804357e-01,-4.137294e-01,-1.248206e+00,-1.139292e+00,-6.945777e-02,1.293682e+00,-2.888415e-01,-5.046295e-01,-1.643397e+00,-1.390148e-03,0,0
8.928129e-04,-6.460722e+00,3.459064e+00,-6.533562e+00,-1.734569e-01,1.723097e+00,2.175595e+00,2.485285e+00,7.208612e+00,7.458427e+00,4.362729e+00,1.776108e+00,-1.336754e+00,3.626473e-03,0,0,-2.629858e-05,8.217370e-01,-5.942509e-02,-7.266220e-01,-3.241343e-01,-1.655607e-01,-1.141542e+00,-9.701365e-01,-1.861095e-01,-2.888428e-01,-2.559298e-01,-6.892707e-01,-1.011608e+00,1.873678e-03,0,0
8.766961e-04,-6.548832e+00,3.422730e+00,-5.973784e+00,1.399065e+00,2.620476e+00,1.806571e+00,2.993747e+00,6.876905e+00,5.468167e+00,4.233140e+00,1.506837e+00,-6.701493e-01,9.368389e-03,0,0,-2.591939e-05,-1.069579e-01,4.893133e-01,3.875996e-01,1.548267e-01,-5.419315e-01,-2.980509e-01,2.157907e-01,-3.614817e-01,-1.601348e+00,-7.439655e-01,-1.039215e+00,-8.763202e-02,5.862799e-03,0,0
8.574372e-04,-7.440245e+00,4.651382e+00,-4.744873e+00,1.124236e+00,1.406245e+00,2.392882e+00,4.854903e+00,7.103390e+00,3.005831e+00,2.114939e+00,-6.413203e-01,1.893465e-02,1.692354e-02,0,0,-1.739633e-05,-8.256932e-01,7.533701e-01,9.697490e-01,2.476095e-01,-9.617597e-01,6.015194e-01,1.269355e+00,-3.804269e-02,-2.062228e+00,-8.488073e-01,-9.510680e-01,9.222452e-01,7.524932e-03,0,0
8.363758e-04,-9.209140e+00,5.698685e+00,-2.950378e+00,1.711753e+00,-4.077178e-01,3.463989e+00,6.836527e+00,6.944224e+00,9.113348e-01,1.043672e+00,-1.878947e+00,1.245355e+00,2.901179e-02,0,0,-1.452774e-05,-7.490601e-01,6.375843e-01,8.847004e-01,-1.350871e-01,-1.105828e+00,7.571287e-01,9.933186e-01,-1.466651e-01,-1.541313e+00,-3.609770e-01,-4.521081e-01,8.102685e-01,7.252946e-03,0,0
8.259914e-04,-9.259034e+00,6.087938e+00,-3.196521e+00,9.082462e-01,-1.571605e+00,4.354483e+00,6.910669e+00,6.984739e+00,-5.742980e-01,1.713426e+00,-1.286340e+00,2.316720e+00,3.142944e-02,0,0,-8.342334e-06,-3.977992e-01,3.040987e-01,7.784471e-01,-4.737960e-01,-4.859900e-01,7.538935e-01,1.024550e-01,-4.957079e-01,-6.440420e-01,6.365446e-01,2.834435e-01,7.027523e-01,5.711696e-03,0,0
8.197803e-04,-9.384738e+00,5.892374e+00,-2.324458e+00,8.316247e-01,-1.419739e+00,4.611414e+00,6.932456e+00,6.202905e+00,-4.483352e-01,2.629011e+00,-4.311928e-01,2.232301e+00,3.838018e-02,0,0,-6.588577e-06,1.011918e-01,-7.002244e-02,2.338937e-01,-1.233411e+00,-9.280024e-02,4.883717e-01,-8.317153e-01,-7.344483e-01,2.251975e-01,1.331253e+00,6.312131e-01,9.153271e-02,2.750076e-03,0,0
8.240233e-04,-9.341442e+00,6.075031e+00,-1.165597e+00,-8.046793e-01,-5.176942e-01,5.588637e+00,5.319213e+00,4.995510e+00,4.654558e-01,4.504993e+00,5.202006e-02,3.039223e+00,4.079783e-02,0,0,-6.049801e-06,2.062639e-01,-2.665502e-01,-1.200254e-01,-1.560853e+00,-1.743675e-01,3.843542e-01,-1.165504e+00,-8.041189e-01,9.713382e-01,1.916201e+00,6.829247e-01,-4.489136e-01,-9.368394e-04,0,0
8.044170e-04,-8.661977e+00,5.355026e+00,-2.796371e+00,-3.598837e+00,-1.398674e+00,5.288770e+00,3.473679e+00,4.266597e+00,1.517445e+00,6.304155e+00,6.079381e-01,1.341766e+00,3.807797e-02,0,0,-5.218334e-06,1.512090e-01,-2.399396e-01,-4.917477e-01,-9.980642e-01,-6.442292e-01,1.492712e-01,-9.286330e-01,-5.394078e-01,1.275939e+00,2.072246e+00,8.149102e-01,-7.960653e-01,-5.923240e-03,0,0
8.034241e-04,-8.589095e+00,5.023861e+00,-3.560691e+00,-4.680788e+00,-2.453975e+00,5.937576e+00,2.812536e+00,3.932299e+00,3.299503e+00,9.456860e+00,1.608718e+00,5.174187e-01,2.689634e-02,0,0,4.928804e-06,-2.381266e-01,-1.572858e-01,-1.338788e-01,6.448362e-01,-3.402394e-01,2.043376e-02,-2.771268e-01,-6.402607e-02,9.059790e-01,1.480113e+00,8.756927e-01,-7.243237e-01,-8.340890e-03,0,0
8.039883e-04,-9.004867e+00,5.218261e+00,-3.585649e+00,-2.220642e+00,-3.672745e+00,5.183300e+00,3.542630e+00,4.037471e+00,4.514337e+00,1.051431e+01,2.865009e+00,-4.871234e-01,1.571472e-02,0,0,1.560383e-05,-5.957001e-01,1.043058e-01,6.378842e-01,2.151024e+00,6.506721e-01,3.173574e-01,4.359241e-01,-5.450344e-03,-2.918296e-01,-7.062302e-02,5.212654e-01,4.446083e-02,-8.250227e-03,0,0
8.488817e-04,-1.036063e+01,5.356985e+00,-1.440352e+00,1.730404e+00,-1.081856e+00,5.743540e+00,3.899103e+00,4.789942e+00,3.496905e+00,9.800480e+00,3.301948e+00,3.320497e-01,1.027501e-02,0,0,1.580789e-05,-6.332487e-01,8.849935e-02,8.465945e-01,2.181239e+00,1.364835e+00,2.473489e-01,5.886371e-01,1.763183e-01,-1.378380e+00,-1.649493e+00,-1.183503e-01,9.775935e-01,-6.436990e-03,0,0
8.597074e-04,-1.075471e+01,5.709993e+00,-6.671197e-01,3.950689e+00,1.168627e+00,6.972574e+00,5.110015e+00,3.810524e+00,-4.040337e-02,5.779230e+00,2.367650e+00,1.656755e+00,5.137504e-03,0,0,2.716080e-06,-4.281301e-01,-1.517706e-02,3.975560e-01,8.391873e-01,1.323251e+00,-5.265722e-02,5.865264e-03,-1.552540e-01,-1.848739e+00,-2.478477e+00,-8.052322e-01,1.194622e+00,-4.049562e-03,0,0
8.546040e-04,-1.088042e+01,5.220492e+00,-7.869833e-01,3.139742e+00,1.949515e+00,6.279684e+00,4.972029e+00,4.927364e+00,-1.315027e+00,3.576936e+00,1.265646e+00,4.333447e+00,0,0,0,-1.660694e-05,-1.617682e-01,-2.052258e-01,-4.402672e-01,-5.982054e-01,4.384862e-01,-9.741436e-01,-8.629049e-01,-6.988533e-02,-8.941046e-01,-2.133553e+00,-7.510355e-01,1.295937e+00,-8.763977e-04,0,0
8.147075e-04,-1.088562e+01,5.210622e+00,-1.924554e+00,1.270626e+00,1.427827e+00,4.651943e+00,3.035494e+00,3.192491e+00,-2.323395e+00,1.233697e+00,-1.430007e-01,3.485286e+00,6.044122e-04,0,0,-1.998750e-05,-5.716810e-02,-3.255130e-01,-6.346899e-01,-9.786983e-01,-1.715092e-01,-1.045909e+00,-1.602701e+00,-3.689260e-01,3.780473e-01,-1.235250e+00,-3.475337e-01,6.891924e-01,2.810517e-03,0,0
7.883469e-04,-1.110401e+01,4.580541e+00,-3.012971e+00,7.940904e-02,9.809749e-01,2.033138e+00,6.218396e-01,4.749532e+00,1.678771e-01,1.405480e+00,8.020961e-01,5.897470e+00,8.159565e-03,0,0,-1.507225e-05,-5.580187e-02,-1.741916e-01,-3.615033e-01,-5.241064e-01,-6.281378e-01,-3.392003e-01,-1.165188e+00,-6.790412e-01,1.310515e+00,-3.332613e-01,7.217171e-02,3.024573e-01,4.714415e-03,0,0
7.928984e-04,-1.092875e+01,4.402403e+00,-2.727575e+00,5.873643e-01,7.953508e-01,3.866301e+00,-7.283970e-01,2.054809e+00,1.108381e+00,6.887054e-01,8.617565e-01,4.320705e+00,1.511031e-02,0,0,-1.221313e-07,-1.770397e-01,-3.875847e-02,3.071527e-01,3.983702e-01,-7.070974e-01,3.997819e-01,-4.939849e-01,-1.042853e+00,1.504125e+00,5.928422e-01,4.450077e-01,1.942720e-01,2.447869e-03,0,0
7.901473e-04,-1.113786e+01,4.753644e+00,-2.192989e+00,8.608410e-01,-8.749366e-01,4.976503e+00,1.028032e+00,2.100999e+00,3.521661e+00,2.183125e+00,1.124126e+00,5.428024e+00,1.631913e-02,0,0,4.192308e-06,-3.111487e-01,2.615184e-01,6.890280e-01,6.203715e-01,-6.210005e-01,3.423842e-01,-8.280847e-02,-1.609114e+00,4.904216e-01,6.913635e-01,4.650286e-01,-4.524202e-02,-7.555152e-04,0,0
8.131966e-04,-1.175390e+01,4.930279e+00,-7.987809e-01,2.871761e+00,-1.179704e+00,5.179170e+00,3.624727e-01,-6.975065e-01,3.520336e+00,3.809085e+00,1.921023e+00,4.691369e+00,8.763977e-03,0,0,4.579558e-06,-3.031739e-01,4.055868e-01,7.771690e-01,5.769345e-01,3.773286e-02,-8.381618e-01,-2.418354e-01,-1.012792e+00,-3.442180e-01,3.473191e-01,9.077080e-01,4.737200e-01,-1.601692e-03,0,0
7.991593e-04,-1.224718e+01,5.624196e+00,-5.322279e-01,2.039068e+00,-1.136500e+00,3.088625e+00,-3.376376e-01,-1.919879e+00,1.414008e+00,3.302108e+00,2.597605e+00,5.485928e+00,7.555153e-03,0,0,7.064029e-06,-1.296548e-01,2.391744e-01,3.443797e-01,3.454548e-01,9.485953e-01,-1.193357e+00,-2.016700e-01,1.594150e-01,-6.654525e-01,-3.678894e-01,5.094241e-01,-2.641223e-01,1.178604e-03,0,0
8.112902e-04,-1.188996e+01,5.995061e+00,3.278894e-01,2.882923e+00,1.114797e+00,6.194305e-01,-1.254739e+00,-9.987139e-01,4.411175e-01,1.865809e+00,4.663557e+00,6.660353e+00,1.148383e-02,0,0,1.196750e-05,1.674557e-02,-4.073279e-01,-3.701388e-01,6.851937e-01,1.566700e+00,-9.780031e-01,5.754033e-01,2.322310e+00,2.118129e-01,-6.707635e-01,-2.428762e-01,-5.983669e-01,4.472650e-03,0,0
8.264207e-04,-1.171811e+01,5.417124e+00,-1.034426e+00,2.582534e+00,2.720790e+00,1.289589e+00,8.282879e-01,3.048677e+00,1.734007e+00,1.315316e+00,2.299980e+00,3.122920e+00,2.085222e-02,0,0,2.298729e-05,6.110191e-02,-1.062174e+00,-9.270964e-01,1.129270e+00,2.096391e+00,4.953852e-02,1.169788e+00,3.126560e+00,9.412432e-01,-1.581022e-01,-1.199201e+00,-1.251245e+00,5.409489e-03,0,0
8.594035e-04,-1.193471e+01,2.997175e+00,-2.398376e+00,6.025997e+00,4.725150e+00,1.188672e+00,2.656527e+00,8.429765e+00,4.419401e+00,1.448663e+00,8.554555e-01,2.881039e+00,2.447869e-02,0,0,2.830064e-05,8.070888e-02,-1.120010e+00,-8.835516e-01,1.038638e+00,1.877427e+00,8.161141e-01,1.073822e+00,2.453766e+00,3.236686e-01,3.605295e-01,-1.243795e+00,-1.020521e+00,2.175884e-03,0,0
8.900391e-04,-1.191930e+01,1.812271e+00,-3.804577e+00,6.113883e+00,7.540281e+00,3.051697e+00,3.555669e+00,8.998683e+00,4.131082e+00,2.720170e+00,-1.494349e+00,1.119361e+00,2.810517e-02,0,0,2.383313e-05,1.756867e-01,-3.071057e-01,3.822156e-02,5.447355e-01,1.454822e+00,1.086720e+00,2.447697e-01,3.515041e-01,-9.256935e-01,6.362685e-01,-1.214041e-01,-6.040423e-02,-9.972804e-04,0,0
9.209841e-04,-1.138582e+01,2.197438e+00,-2.704793e+00,6.310440e+00,8.092187e+00,3.818948e+00,2.750681e+00,8.295114e+00,8.609233e-01,2.966030e+00,3.417446e-01,2.559529e+00,1.873678e-02,0,0,6.250763e-06,1.560161e-01,6.971257e-01,1.053216e+00,-2.256165e-01,2.381921e-02,1.267803e+00,-3.364297e-01,-1.354061e+00,-1.636082e+00,5.485489e-01,7.084814e-01,8.729669e-02,-2.085222e-03,0,0
9.147960e-04,-1.111412e+01,4.281464e+00,-6.901094e-01,5.163990e+00,8.311381e+00,5.408051e+00,2.005059e+00,4.873524e+00,-1.115222e+00,3.737975e+00,1.949815e+00,2.981654e+00,1.873678e-02,0,0,-1.815310e-05,-8.050833e-02,9.096416e-01,1.419300e+00,-2.248773e-01,-1.483552e+00,9.278027e-01,-2.835227e-01,-2.014645e+00,-9.953102e-01,3.955175e-01,1.286962e+00,2.326634e-01,0,0,0
8.782789e-04,-1.155722e+01,5.248207e+00,1.310470e+00,5.372861e+00,4.458695e+00,6.349508e+00,1.749683e+00,3.722039e+00,-1.137858e+00,3.682505e+00,2.675780e+00,2.386376e+00,1.873678e-02,0,0,-2.787045e-05,-2.565472e-01,-2.004223e-01,2.855173e-01,1.877844e-01,-1.668611e+00,5.006518e-01,3.090176e-01,-1.791096e+00,2.221850e-02,3.694799e-01,8.955176e-01,-9.034715e-02,1.057722e-03,0,0
8.206263e-04,-1.223614e+01,4.835094e+00,1.284291e+00,5.458286e+00,1.939268e+00,6.425430e+00,2.638555e+00,1.211997e+00,1.539216e-01,4.339520e+00,3.773443e+00,2.369254e+00,2.810517e-02,0,0,-1.728136e-05,-8.863945e-02,-1.881449e+00,-1.377200e+00,1.028595e+00,-7.188469e-01,-4.796339e-01,5.829081e-01,-1.199798e+00,3.298281e-01,3.472965e-02,2.874482e-01,8.500089e-02,-1.571471e-03,0,0
8.287167e-04,-1.210754e+01,9.185119e-01,-2.264407e+00,7.102213e+00,2.935186e+00,5.813517e+00,3.979021e+00,1.170398e+00,3.374443e-01,4.512657e+00,3.907519e+00,2.413993e+00,1.934119e-02,0,0,3.398018e-06,2.031951e-01,-2.462070e+00,-2.165267e+00,1.174097e+00,7.275035e-01,-1.486213e+00,1.461045e-01,-3.242936e-01,3.500790e-01,-5.189689e-01,-8.551477e-01,4.718194e-01,-5.258386e-03,0,0
8.531702e-04,-1.128215e+01,-2.960935e+00,-5.788671e+00,9.442288e+00,5.478901e+00,3.277877e+00,3.804931e+00,1.503550e-01,-2.037320e-01,3.496547e+00,2.771187e+00,3.392850e+00,1.057721e-02,0,0,1.617210e-05,3.056229e-01,-1.095684e+00,-1.100176e+00,6.321186e-01,6.033528e-01,-1.998098e+00,-4.459634e-01,5.623602e-01,3.367579e-01,-5.241933e-01,-1.555121e+00,2.825040e-01,-7.313388e-03,0,0
8.789970e-04,-1.101824e+01,-3.164127e+00,-5.979385e+00,9.251346e+00,6.326396e+00,4.922213e-01,1.897017e+00,2.631392e+00,7.913640e-01,1.509147e+00,-1.098830e+00,4.233675e+00,1.208824e-03,0,0,6.776815e-06,6.446190e-02,1.309099e+00,9.015908e-01,-3.716953e-01,-6.078060e-01,-1.715810e+00,-1.129148e+00,9.958471e-01,7.673756e-01,-5.318863e-01,-1.619622e+00,5.560684e-03,-4.865518e-03,0,0
8.763467e-04,-1.125268e+01,1.397992e+00,-2.359100e+00,7.544313e+00,3.260427e+00,-9.044103e-01,1.449740e+00,3.293301e+00,1.610751e+00,3.220309e+00,-1.498988e+00,2.871933e+00,6.044122e-04,0,0,-6.899400e-06,-2.314409e-01,2.651656e+00,1.913451e+00,-1.073636e+00,-1.737107e+00,-6.882511e-01,-6.564282e-01,1.084121e+00,1.101216e+00,1.174202e-01,-4.733377e-01,-2.701572e-01,-2.236325e-03,0,0
8.510126e-04,-1.179997e+01,5.284544e+00,5.287616e-01,6.192725e+00,1.005393e+00,-6.743924e-01,-4.891243e-01,4.578161e+00,3.267081e+00,1.991345e+00,-2.055503e+00,2.702255e+00,0,0,0,-1.496188e-05,-3.234428e-01,2.081824e+00,1.305173e+00,-1.176369e+00,-1.695100e+00,3.181595e-01,-5.323830e-02,4.112973e-01,8.617388e-01,4.072250e-01,4.676326e-01,-6.425306e-01,1.813237e-04,0,0
8.326654e-04,-1.204849e+01,6.073011e+00,5.245125e-01,5.603418e+00,-5.461327e-01,4.199280e-01,1.715861e+00,4.597577e+00,4.064489e+00,3.842550e+00,8.828346e-01,2.807774e+00,0,0,0,-1.580709e-05,-2.596565e-01,4.782132e-01,-8.072813e-02,-1.183379e+00,-7.781326e-01,8.305244e-01,4.797359e-01,5.843025e-01,6.834226e-01,6.558353e-01,6.302230e-01,-6.108050e-01,3.928680e-03,0,0
8.260282e-04,-1.223755e+01,4.907483e+00,-8.953248e-01,4.339946e+00,-2.458216e-01,1.420850e+00,1.497766e+00,4.035741e+00,3.873189e+00,3.234152e+00,4.842126e-02,1.053101e+00,2.417649e-03,0,0,-1.292879e-05,-2.742701e-02,-7.913191e-01,-1.157311e+00,-1.448391e+00,5.246420e-02,8.016926e-01,8.390231e-01,3.401189e-01,2.610426e-02,1.187404e+00,5.920321e-01,-7.508991e-01,9.156845e-03,0,0
8.098034e-04,-1.233217e+01,3.977589e+00,-2.050697e+00,2.553805e+00,-4.628261e-03,2.200591e+00,2.854974e+00,6.486023e+00,4.724810e+00,5.878082e+00,6.001648e-01,6.424844e-01,1.903898e-02,0,0,1.400021e-05,7.721949e-01,-1.349839e+00,-2.198923e+00,-1.759756e+00,7.392130e-01,3.067678e-01,3.301932e-01,-1.522255e-03,-6.976873e-01,5.378032e-01,6.785442e-01,1.404346e-01,1.039589e-02,0,4.350425e-02
7.977996e-04,-1.179527e+01,2.375660e+00,-3.970188e+00,4.755741e-01,9.969621e-01,2.443739e+00,3.136435e+00,5.334532e+00,3.067442e+00,6.910601e+00,1.045992e+00,3.040377e-02,3.626473e-02,0,0,4.608112e-05,1.510737e+00,-1.471285e+00,-2.922019e+00,-1.740620e+00,8.587446e-01,-1.101285e-01,-1.586129e-01,-1.001644e+00,-1.460514e+00,-2.476444e-01,1.887134e+00,1.948017e+00,5.046842e-03,0,9.837263e-02
9.167807e-04,-8.408658e+00,5.897244e-01,-8.932670e+00,-1.263178e+00,2.528540e+00,1.442322e+00,2.547492e+00,3.940570e+00,9.789266e-01,4.693341e+00,3.776770e+00,4.021296e+00,3.505591e-02,0,2.175213e-01,6.967089e-05,1.951956e+00,-1.182442e+00,-2.774404e+00,-4.892094e-01,1.142139e+00,-3.364908e-01,-9.654452e-01,-1.922570e+00,-1.677448e+00,-1.221603e+00,2.470587e+00,2.599226e+00,-4.563312e-03,0,1.149308e-01
1.002945e-03,-6.645618e+00,-7.550108e-01,-1.206443e+01,-2.454664e+00,2.781317e+00,1.249342e+00,8.584421e-01,3.002477e-01,-1.556438e+00,2.588300e+00,7.895789e+00,9.103780e+00,1.964340e-02,0,3.831025e-01,7.280206e-05,1.941198e+00,-2.151812e-02,-1.038182e+00,1.171707e+00,3.580476e-01,-5.890264e-01,-1.285630e+00,-1.354922e+00,-8.617407e-01,-1.144657e+00,2.408266e+00,1.694230e+00,-8.612874e-03,0,9.115402e-02
1.055585e-03,-5.147217e+00,-3.692866e-01,-1.187559e+01,1.572877e+00,4.813891e+00,1.115335e+00,-8.332552e-01,-6.096867e-01,-1.350489e+00,1.931216e+00,9.528199e+00,9.101924e+00,4.533092e-03,0,3.831025e-01,1.058113e-04,1.683629e+00,1.234058e+00,8.148743e-01,2.976377e+00,-1.211318e+00,-1.142158e+00,-7.058137e-01,-3.502107e-01,1.124704e-01,-5.460573e-01,1.561327e+00,-1.399779e+00,-4.986401e-03,0,3.792681e-02
1.092408e-03,-3.719997e+00,2.747575e+00,-7.689639e+00,4.916082e+00,1.644525e+00,-3.378994e-01,-1.601343e+00,8.350508e-01,-7.655332e-02,2.568380e+00,1.021161e+01,5.961238e+00,8.461771e-03,0,3.729795e-01,1.701132e-04,1.932952e+00,1.839656e+00,1.400790e+00,3.515403e+00,-3.108595e+00,-2.371361e+00,2.407228e-01,7.388616e-01,4.145084e-01,-6.416246e-01,7.211972e-01,-3.528080e+00,1.783016e-03,0,5.058224e-02
1.401106e-03,-1.453325e+00,5.008720e+00,-7.045694e+00,9.933331e+00,-2.959653e+00,-3.474845e+00,2.483158e-01,1.922115e+00,8.013363e-01,1.973015e+00,1.042550e+01,-1.406328e+00,1.571472e-02,0,4.122168e-01,1.924135e-04,1.717084e+00,1.244686e+00,1.098426e+00,2.855129e+00,-4.327764e+00,-2.855866e+00,1.461852e+00,7.708958e-01,-1.402684e-01,-1.274296e+00,2.900504e-01,-3.291221e+00,5.500151e-03,0,7.102866e-02
1.680751e-03,1.172195e+00,5.754265e+00,-7.475430e+00,1.094212e+01,-8.874888e+00,-8.312375e+00,1.521271e+00,2.728655e+00,-5.598088e-01,-6.407223e-01,1.105313e+01,-3.282495e+00,2.296766e-02,0,6.214566e-01,1.072972e-04,1.227844e+00,5.649863e-01,9.059311e-01,1.217595e+00,-3.079206e+00,-1.648566e+00,2.262607e+00,5.196170e-01,-9.735681e-01,-1.412139e+00,-4.354476e-01,-1.950172e+00,3.384709e-03,0,7.020722e-02
1.723481e-03,9.921045e-01,4.350797e+00,-6.490567e+00,1.283550e+01,-1.156522e+01,-9.176757e+00,4.914699e+00,2.297990e+00,-1.810204e+00,-2.835712e+00,1.055769e+01,-2.732313e+00,2.478090e-02,0,6.140073e-01,-4.917886e-05,4.749188e-01,6.382886e-01,1.588104e+00,-8.479319e-01,-1.029068e+00,7.300637e-01,2.467903e+00,4.173782e-02,-1.456857e+00,-8.721552e-01,-1.164472e+00,-2.605679e-01,-6.346332e-04,0,4.295290e-02
1.467706e-03,1.196509e+00,5.901468e+00,-3.437547e+00,9.552972e+00,-9.448725e+00,-5.729771e+00,7.378499e+00,3.245198e+00,-3.638624e+00,-2.087954e+00,7.968273e+00,-3.126631e+00,2.085222e-02,0,6.231203e-01,-1.501403e-04,-1.001850e-01,1.353107e+00,1.919542e+00,-2.195426e+00,9.711500e-01,2.915974e+00,2.170747e+00,-2.314901e-01,-1.155835e+00,3.482536e-01,-1.506612e+00,6.558132e-02,-3.838018e-03,0,4.014218e-03
1.261734e-03,9.091117e-01,8.126561e+00,-1.124113e+00,6.388248e+00,-7.818075e+00,-1.115829e+00,9.659217e+00,1.872532e+00,-4.943539e+00,-1.664145e+00,6.145564e+00,-2.787100e+00,1.359927e-02,0,6.261495e-01,-1.471100e-04,-1.190597e-01,1.829435e+00,1.651785e+00,-2.639059e+00,1.284400e+00,2.876045e+00,9.661411e-01,-1.773543e-01,-5.249763e-01,9.426034e-01,-1.150436e+00,5.721933e-01,-3.868238e-03,0,4.544312e-03
1.160923e-03,7.127667e-01,1.063192e+01,-5.609462e-01,3.188623e+00,-5.892710e+00,2.237031e+00,1.000275e+01,1.783933e+00,-4.772315e+00,5.147622e-01,5.726133e+00,-2.927195e+00,9.368389e-03,0,6.354566e-01,-7.628714e-05,-1.409316e-01,1.416627e+00,9.489056e-01,-1.840992e+00,5.609493e-01,1.876598e+00,-4.166431e-01,8.277489e-02,6.084518e-01,9.418755e-01,-6.958593e-01,1.251660e+00,-1.208824e-03,0,5.372882e-04
1.141323e-03,6.386772e-01,1.113275e+01,3.300559e-01,2.822382e+00,-6.921224e+00,1.220066e+00,8.433281e+00,2.141851e+00,-3.868239e+00,5.759471e-01,5.926584e+00,2.893591e-02,1.118163e-02,0,6.305607e-01,-2.719518e-05,-1.068891e-01,7.064413e-01,5.045319e-01,-1.075473e+00,1.993237e-01,5.729867e-01,-1.106193e+00,6.974477e-01,1.234082e+00,8.070477e-01,-5.092724e-01,1.418562e+00,1.994561e-03,0,-3.422368e-03
1.146476e-03,6.270687e-01,1.148151e+01,5.798969e-01,2.130944e+00,-7.092404e+00,2.485273e+00,5.908251e+00,3.524413e+00,-1.134015e+00,1.501377e+00,4.598466e+00,1.723649e+00,1.601692e-02,0,6.236011e-01,-8.652150e-06,-1.319928e-01,-1.628840e-01,3.054105e-01,-2.017668e-01,2.555423e-01,5.923611e-02,-7.533804e-01,7.522820e-01,1.097363e+00,-6.363274e-02,-5.411425e-01,1.474403e+00,2.296767e-03,0,-7.986689e-03
1.132982e-03,4.175154e-01,1.123397e+01,8.281247e-01,1.539723e+00,-6.221610e+00,1.624984e+00,6.175501e+00,4.489531e+00,-5.922804e-01,1.877786e+00,4.163035e+00,1.980289e+00,2.024781e-02,0,6.149654e-01,-9.483891e-07,-1.835362e-01,-8.328341e-01,1.475352e-01,3.741430e-01,4.015629e-01,-3.781346e-01,1.469136e-01,7.881581e-01,4.032359e-01,-4.628794e-01,-1.629975e-01,1.223455e+00,2.115443e-04,0,-9.314269e-03
1.121833e-03,1.633837e-01,9.766887e+00,7.170720e-01,2.821119e+00,-4.964806e+00,2.330753e+00,7.364733e+00,4.371504e+00,-9.234820e-01,-4.543209e-01,3.902195e+00,3.469142e+00,1.631913e-02,0,6.033208e-01,1.430371e-05,-2.184107e-01,-1.070774e+00,5.980089e-02,9.211584e-01,1.462379e-01,-1.409052e+00,2.359853e-02,9.091927e-01,-1.767751e-01,-7.086799e-01,3.064867e-01,1.598278e+00,-2.568752e-03,0,-7.688832e-03
1.148902e-03,-4.716125e-02,7.825889e+00,9.991443e-01,4.348010e+00,-5.977209e+00,-5.933468e-01,8.439608e+00,5.659096e+00,-1.957326e+00,-7.606007e-01,5.459732e+00,5.273466e+00,1.208824e-02,0,5.941295e-01,4.318194e-05,-2.194264e-01,-8.742819e-01,-2.718679e-01,1.431968e+00,-2.818690e-01,-2.317491e+00,-1.150769e+00,1.146136e+00,6.463613e-01,1.250168e-01,6.074542e-01,1.287425e+00,-3.445150e-03,0,-5.131978e-03
1.210034e-03,-2.326464e-01,7.831682e+00,7.933915e-01,5.332592e+00,-6.483415e+00,-3.450823e+00,4.894190e+00,7.485594e+00,-1.335367e+00,-7.228291e-01,5.482551e+00,8.068448e+00,7.252946e-03,0,5.955749e-01,6.211809e-05,-2.579080e-01,-4.163962e-01,-6.275051e-01,1.783227e+00,-6.237116e-02,-3.074244e+00,-2.191915e+00,1.366793e+00,1.188485e+00,1.320357e+00,7.953950e-01,7.153396e-02,-1.964340e-03,0,-2.539408e-03
1.304790e-03,-4.816017e-01,7.830164e+00,-5.693746e-01,7.443827e+00,-6.871650e+00,-7.071682e+00,1.656928e+00,8.663167e+00,2.845469e+00,2.637124e+00,6.410128e+00,6.117762e+00,7.555153e-03,0,5.931785e-01,7.258818e-05,-4.254190e-01,-2.008476e-01,-1.090008e+00,2.145319e+00,9.577444e-01,-2.595038e+00,-2.301207e+00,7.340757e-01,1.329333e+00,1.630237e+00,6.727163e-01,-1.475730e+00,-2.115442e-04,0,-1.812923e-03
1.354479e-03,-9.089360e-01,7.682768e+00,-1.636194e+00,1.018935e+01,-4.829441e+00,-9.801301e+00,-2.034994e-01,9.703433e+00,2.617546e+00,4.448599e+00,7.403972e+00,3.404664e+00,8.763977e-03,0,5.910993e-01,8.080500e-05,-7.883150e-01,-1.575123e-01,-1.073374e+00,1.981269e+00,1.913269e+00,-1.822986e+00,-1.263233e+00,-3.688678e-01,5.264271e-01,1.007325e+00,7.557977e-01,-2.246987e+00,1.299486e-03,0,-2.252132e-03
1.439621e-03,-1.836111e+00,6.896108e+00,-3.236104e+00,1.264623e+01,-2.015474e+00,-1.039330e+01,-5.175829e-01,8.220555e+00,2.712883e+00,4.804871e+00,7.862603e+00,2.267085e-01,1.027501e-02,0,5.873027e-01,1.212626e-04,-1.304536e+00,3.195865e-01,-8.065926e-01,9.729959e-01,2.758444e+00,-6.945986e-01,-5.072510e-01,-1.721139e+00,-3.301016e-01,-7.983990e-02,5.888636e-01,-1.580091e+00,1.390148e-03,0,-5.389363e-03
1.546644e-03,-3.496967e+00,7.511148e+00,-3.240113e+00,1.263774e+01,6.548427e-01,-1.090495e+01,-3.347211e-01,5.862561e+00,1.363061e+00,3.229922e+00,8.535302e+00,-2.209574e-01,1.239045e-02,0,5.872521e-01,1.749805e-04,-1.596115e+00,5.350594e-01,-7.002409e-02,-5.959872e-01,2.324763e+00,6.331002e-01,-1.953831e-01,-2.840561e+00,-5.599866e-01,-8.502962e-01,1.952753e-01,-7.777702e-01,6.648534e-04,0,-1.654750e-02
1.815021e-03,-5.710266e+00,9.513906e+00,-3.800378e+00,1.108461e+01,4.178429e+00,-9.992852e+00,-8.137165e-01,1.977910e+00,1.822203e+00,2.847263e+00,8.788781e+00,3.011920e-02,1.269266e-02,0,5.681552e-01,1.880734e-04,-1.710922e+00,4.011140e-01,4.613357e-01,-2.023227e+00,1.624387e+00,1.789081e+00,1.549878e-01,-2.514652e+00,-5.696863e-01,-5.371454e-01,-6.986307e-01,4.132105e-02,-1.511030e-04,0,-3.484626e-02
2.041681e-03,-6.952436e+00,9.049166e+00,-1.704178e+00,7.990219e+00,3.697421e+00,-6.836023e+00,-1.032348e+00,-1.378048e+00,2.629534e-01,1.175922e+00,7.917259e+00,-3.858919e-01,1.087942e-02,0,5.179356e-01,1.730230e-04,-1.749651e+00,-4.260159e-01,7.049361e-01,-1.813432e+00,1.205518e+00,2.626022e+00,-1.677622e-01,-1.358148e+00,1.152773e-01,-2.579680e-01,-1.324086e+00,2.356965e-01,7.857361e-04,0,-4.546883e-02
2.132469e-03,-8.662984e+00,8.132669e+00,-1.697393e+00,4.853851e+00,4.585173e+00,-3.482355e+00,6.061696e-01,-7.323999e-01,4.145055e-01,3.146144e+00,4.678471e+00,5.157810e-01,1.027501e-02,0,4.477297e-01,1.422296e-04,-1.872710e+00,-1.101436e+00,5.164375e-01,-2.769063e-01,1.419753e+00,2.478556e+00,-6.580477e-01,1.972056e-01,8.522059e-01,-8.869155e-02,-6.999921e-01,3.702443e-01,4.049562e-03,0,-6.899828e-02
2.253035e-03,-1.076886e+01,6.071687e+00,-7.669247e-01,6.685959e+00,6.479060e+00,-1.030086e+00,-1.883475e+00,4.269767e-01,2.643296e+00,1.790642e+00,3.970026e+00,7.146940e-01,1.752795e-02,0,4.201207e-01,1.089491e-04,-1.764651e+00,-1.026532e+00,6.100843e-02,1.764621e+00,1.908305e+00,1.854663e+00,-1.459063e+00,6.851820e-01,9.997986e-01,-1.391004e-01,1.255450e+00,3.946615e-01,7.494712e-03,0,-6.270096e-02
2.420492e-03,-1.316560e+01,5.495467e+00,-1.686816e+00,1.035221e+01,9.886375e+00,-5.030413e-01,-3.678391e+00,2.061425e+00,4.893061e+00,2.096446e+00,7.262437e+00,1.331048e+00,2.961620e-02,0,2.720713e-01,4.073512e-06,-6.917827e-01,-6.273746e-01,-2.424113e-01,2.047754e+00,9.967486e-01,1.466956e+00,-1.698800e+00,2.048578e-01,8.151482e-01,-3.175148e-01,2.829645e+00,3.288051e-02,6.708975e-03,0,-3.566350e-02
2.442415e-03,-1.352438e+01,5.235109e+00,-1.404424e+00,1.406414e+01,1.058834e+01,9.476334e-01,-6.185382e+00,6.509494e-01,3.022669e+00,1.005270e+00,1.290253e+01,1.179782e+00,3.868238e-02,0,2.922600e-01,-1.681188e-04,1.034685e+00,-1.310221e-01,-5.429008e-01,2.229603e-01,-9.709177e-01,1.348622e+00,-8.267113e-01,-2.087617e-03,4.918144e-01,3.118809e-01,2.678085e+00,-1.804499e-01,1.873678e-03,0,2.945271e-02
2.058147e-03,-1.074414e+01,5.414085e+00,-2.590700e+00,1.140353e+01,7.514273e+00,2.863564e+00,-5.736879e+00,1.799026e-01,4.300560e+00,1.951256e+00,1.436044e+01,4.476396e-01,3.324267e-02,0,3.333426e-01,-3.007530e-04,2.668205e+00,6.130009e-02,-6.303295e-01,-2.448259e+00,-2.505495e+00,1.341826e+00,-2.406738e-01,2.903225e-01,8.041733e-01,6.103915e-01,1.181177e+00,-2.645581e-01,-3.838018e-03,0,8.920677e-02
1.593614e-03,-6.806166e+00,5.457267e+00,-3.029487e+00,7.275101e+00,2.810522e+00,4.029720e+00,-4.987787e+00,1.357300e+00,5.398619e+00,3.422641e+00,1.381145e+01,2.541486e-01,2.508311e-02,0,5.367486e-01,-3.009522e-04,3.180508e+00,1.208951e-01,-7.451280e-01,-4.176810e+00,-2.652432e+00,1.335857e+00,4.677979e-01,1.044937e+00,1.070833e+00,6.267079e-01,-2.835765e-01,9.856905e-02,-6.013901e-03,0,8.913139e-02
1.341128e-03,-3.183687e+00,5.690888e+00,-4.025932e+00,1.505434e+00,1.247813e+00,4.665047e+00,-5.480558e+00,3.159863e+00,7.725953e+00,3.939718e+00,1.271386e+01,4.710739e-01,1.722575e-02,0,5.958608e-01,-1.832347e-04,2.493140e+00,-5.680194e-02,-7.430440e-01,-3.887921e+00,-1.346747e+00,1.306517e+00,8.606992e-01,1.228325e+00,3.363770e-01,6.766246e-02,-8.363720e-01,8.392415e-01,-4.714415e-03,0,6.125247e-02
1.296164e-03,-1.402063e+00,5.701183e+00,-4.412448e+00,-1.870857e+00,4.594147e-01,6.726177e+00,-3.974553e+00,4.385657e+00,6.664135e+00,3.144578e+00,1.230793e+01,1.660910e+00,1.662133e-02,0,6.066578e-01,-5.972248e-05,1.450830e+00,-3.393427e-01,-9.837685e-01,-2.637747e+00,5.500849e-02,1.464436e+00,1.387910e+00,4.449924e-01,-6.756703e-01,-2.510215e-01,-1.026703e+00,7.919148e-01,-2.508311e-03,0,1.403486e-02
1.290699e-03,-9.804895e-01,5.008118e+00,-5.614439e+00,-3.463100e+00,1.956091e+00,8.047920e+00,-1.940000e+00,4.807350e+00,5.349687e+00,2.428600e+00,1.093034e+01,3.940467e+00,1.390148e-02,0,6.046503e-01,4.271860e-07,6.316405e-01,-7.434204e-01,-8.805415e-01,-7.491984e-01,5.488572e-01,1.134276e+00,1.805829e+00,-7.162899e-01,-1.992958e+00,-3.853277e-01,-8.209717e-01,2.675595e-01,-2.417647e-04,0,1.449144e-03
1.320216e-03,-6.536124e-01,4.101939e+00,-7.154075e+00,-3.429366e+00,2.731425e+00,9.660464e+00,1.814814e-01,2.758518e+00,3.208400e+00,2.923092e+00,9.569692e+00,2.479027e+00,1.420369e-02,0,6.025282e-01,2.075322e-05,4.159422e-01,-8.287175e-01,-7.622350e-01,5.655032e-01,3.721318e-01,3.139080e-01,1.844918e+00,-1.954144e+00,-2.677232e+00,-7.675412e-02,-4.157873e-01,-6.030613e-01,1.783016e-03,0,5.924523e-04
1.331237e-03,-3.997099e-01,2.773408e+00,-7.057827e+00,-1.461304e+00,2.856094e+00,8.869285e+00,1.470570e+00,3.919825e-01,-5.109707e-01,2.123822e+00,9.978126e+00,1.399813e+00,1.722575e-02,0,6.051713e-01,3.007008e-05,4.733323e-01,-5.812113e-01,-2.842087e-01,1.420609e+00,-5.711409e-01,-6.501325e-01,1.731297e+00,-2.853344e+00,-2.853275e+00,3.034840e-01,6.655407e-03,-9.293699e-01,3.263826e-03,0,2.383041e-03
1.379660e-03,3.872577e-01,2.674950e+00,-7.501930e+00,-4.423857e-02,1.870072e+00,7.885035e+00,3.544749e+00,-3.177382e+00,-3.791698e+00,2.913197e+00,1.070510e+01,-8.406993e-02,2.387428e-02,0,6.093596e-01,3.546081e-05,5.210220e-01,-1.110431e-01,8.740425e-04,1.399700e+00,-1.164811e+00,-1.127077e+00,1.200531e+00,-2.897545e+00,-2.141886e+00,9.134640e-01,1.846504e-03,-4.318805e-01,2.568752e-03,0,3.800279e-03
1.411327e-03,8.657367e-01,2.815556e+00,-6.861556e+00,1.947381e+00,-4.689367e-01,5.684973e+00,5.034853e+00,-6.491423e+00,-5.416636e+00,3.950968e+00,1.039591e+01,5.751652e-01,2.538531e-02,0,6.131498e-01,3.021162e-05,4.383407e-01,2.925824e-01,2.059333e-01,9.761733e-01,-1.214444e+00,-8.450623e-01,2.392839e-01,-2.215534e+00,-9.161541e-01,1.434893e+00,-2.994458e-01,-3.861383e-01,2.719855e-04,0,3.143489e-03
1.457476e-03,1.318774e+00,3.525650e+00,-7.247840e+00,1.864791e+00,-1.430116e+00,5.617236e+00,4.401997e+00,-8.287505e+00,-5.048199e+00,6.576839e+00,9.370032e+00,7.319478e-01,2.296766e-02,0,6.175403e-01,9.576406e-06,1.915917e-01,4.322912e-01,5.379699e-01,6.068968e-01,-7.290608e-01,-4.350757e-01,-8.229491e-01,-6.738242e-01,9.849534e-02,1.437596e+00,-2.627420e-01,-5.749365e-01,-2.024781e-03,0,2.015883e-03
1.443388e-03,1.326235e+00,3.810970e+00,-6.155205e+00,2.465048e+00,-1.566034e+00,5.777873e+00,2.238365e+00,-8.130626e+00,-4.463491e+00,7.466467e+00,9.148433e+00,-9.388869e-01,1.903898e-02,0,6.167984e-01,1.436243e-05,5.698102e-02,3.557342e-01,2.249189e-01,2.129713e-01,2.588053e-01,-2.032156e-01,-1.238180e+00,6.942921e-01,9.682577e-01,1.130550e+00,-6.334715e-02,-1.128886e+00,-2.780296e-03,0,3.917813e-04
1.411512e-03,1.114967e+00,4.338699e+00,-5.165256e+00,2.731412e+00,-1.226683e+00,5.663206e+00,8.282473e-01,-5.726902e+00,-3.775794e+00,8.343427e+00,1.001513e+01,-2.201726e+00,1.692354e-02,0,6.176147e-01,4.877368e-05,6.495813e-02,1.549778e-01,-6.322997e-01,1.161844e-01,8.726147e-01,-3.605089e-01,-1.200712e+00,1.396874e+00,2.061869e+00,4.299775e-01,1.116543e-02,-8.618356e-01,-2.387428e-03,0,6.189346e-05
1.506121e-03,1.252546e+00,4.187702e+00,-6.778253e+00,2.578927e+00,7.233731e-01,4.645910e+00,6.308268e-01,-4.300264e+00,-1.211550e+00,8.720422e+00,9.756623e+00,-3.602426e+00,1.450589e-02,0,6.150715e-01,1.173882e-04,2.200623e-01,-1.109075e-01,-1.901280e+00,-1.781981e-01,9.991224e-01,-1.954678e-01,-7.849420e-01,1.176018e+00,2.826162e+00,-1.298377e-01,5.350675e-02,-1.822716e-01,-1.148383e-03,0,1.059532e-03
1.669977e-03,1.680410e+00,4.112173e+00,-1.009781e+01,2.388773e+00,1.788254e+00,4.380672e+00,-7.977936e-01,-3.218316e+00,3.635174e+00,8.099750e+00,9.121764e+00,-2.245460e+00,1.329707e-02,0,6.187132e-01,1.556629e-04,3.078404e-01,-2.946032e-01,-2.356189e+00,-4.537088e-01,3.774899e-01,4.230620e-01,-3.195598e-01,4.994270e-01,2.486037e+00,-4.096088e-01,4.049263e-01,3.420729e-01,4.835299e-04,0,2.830845e-03
1.901096e-03,2.143825e+00,3.369696e+00,-1.319532e+01,1.745377e+00,1.922109e+00,5.441801e+00,-8.733241e-01,-3.504829e+00,5.961833e+00,6.939117e+00,9.862651e+00,-1.828378e+00,1.511031e-02,0,6.215468e-01,1.193967e-04,2.703730e-01,-5.534494e-02,-1.616901e+00,-8.740175e-01,-4.031102e-01,1.177653e+00,2.726783e-01,-2.063870e-01,8.096716e-01,-3.820824e-01,1.152241e+00,6.199700e-01,1.964340e-03,0,4.252112e-03
1.992339e-03,2.208529e+00,3.274686e+00,-1.373767e+01,8.796434e-01,6.139827e-02,7.380571e+00,-1.747624e-02,-3.627485e+00,5.067700e+00,7.186035e+00,1.198675e+01,-1.378386e+00,1.903898e-02,0,6.285313e-01,1.923004e-05,2.059375e-01,4.566695e-01,-3.141901e-01,-1.346938e+00,-7.349976e-01,1.390878e+00,8.414675e-01,-6.400777e-01,-1.314706e+00,-4.599118e-01,1.288443e+00,8.907359e-01,1.843457e-03,0,5.444753e-03
1.941924e-03,2.340351e+00,4.329721e+00,-1.304283e+01,-1.036595e+00,-4.287499e-01,9.034225e+00,1.604060e+00,-5.127615e+00,2.120545e+00,7.266867e+00,1.408533e+01,-9.361135e-01,2.145663e-02,0,6.314231e-01,-1.041139e-04,1.305047e-01,1.165713e+00,7.982918e-01,-1.372409e+00,-6.640043e-01,7.710112e-01,9.650413e-01,-1.012797e+00,-2.243497e+00,-6.652284e-01,5.426146e-01,1.844278e+00,2.719859e-04,0,5.291265e-03
1.745714e-03,2.611834e+00,5.915508e+00,-1.174501e+01,-2.954932e+00,-7.113047e-01,9.538852e+00,2.170852e+00,-5.607311e+00,-1.017710e+00,5.636316e+00,1.345264e+01,1.762087e+00,1.934119e-02,0,6.409988e-01,-1.804717e-04,-9.104347e-03,1.428406e+00,1.519557e+00,-9.055448e-01,-2.530790e-01,-3.200179e-01,5.302404e-01,-1.009255e+00,-2.210226e+00,-6.129166e-01,-6.218358e-01,2.402336e+00,-1.601693e-03,0,3.018582e-03
1.503839e-03,2.594696e+00,7.877850e+00,-1.020019e+01,-3.199378e+00,-1.011561e+00,8.217716e+00,2.857719e+00,-7.578902e+00,-2.212944e+00,4.387835e+00,1.184278e+01,5.822775e+00,1.631913e-02,0,6.417693e-01,-1.958540e-04,-2.672930e-01,1.298553e+00,2.063569e+00,-9.224398e-02,-9.092344e-02,-1.466347e+00,-1.455650e-01,-4.205608e-01,-1.400053e+00,2.751787e-01,-1.347133e+00,2.023326e+00,-2.447870e-03,0,-1.036912e-03
1.309023e-03,2.035835e+00,8.642652e+00,-7.561201e+00,-2.566689e+00,-9.125912e-01,6.188735e+00,2.006896e+00,-7.448115e+00,-3.816684e+00,5.560968e+00,9.998849e+00,7.253850e+00,1.359927e-02,0,6.384510e-01,-1.473734e-04,-4.232967e-01,9.477009e-01,2.272715e+00,4.315318e-01,6.945435e-02,-1.946583e+00,-6.925455e-01,2.282429e-01,-8.420740e-01,1.037122e+00,-1.251920e+00,8.141459e-01,-2.055002e-03,0,-6.465077e-03
1.181000e-03,1.291886e+00,9.458916e+00,-4.816895e+00,-1.691937e+00,-7.827239e-01,3.377546e+00,9.582124e-01,-6.310017e+00,-3.480234e+00,8.680434e+00,9.076565e+00,6.434637e+00,1.208824e-02,0,6.275124e-01,-5.167334e-05,-1.956631e-01,5.137745e-01,1.724961e+00,3.794954e-01,3.236578e-02,-1.758070e+00,-1.178333e+00,9.674476e-01,-5.683848e-01,9.292499e-01,-5.171779e-01,-4.199026e-01,-1.027501e-03,0,-6.650335e-03
1.170266e-03,1.146756e+00,9.863480e+00,-3.073083e+00,-1.550994e+00,-4.784514e-01,2.226024e+00,-3.421225e-01,-5.100539e+00,-4.594435e+00,8.675624e+00,8.576148e+00,5.526886e+00,1.118163e-02,0,6.158019e-01,1.073081e-04,3.686899e-01,-2.201006e-01,1.029874e-01,4.815779e-01,-2.409008e-01,-1.297181e+00,-1.266474e+00,7.336432e-01,-4.062541e-01,2.659397e-01,7.266226e-01,-1.248798e+00,3.324269e-04,0,-3.981829e-03
1.314851e-03,2.060920e+00,9.836308e+00,-3.819449e+00,-1.809749e+00,-1.066802e+00,1.408722e+00,-1.859435e+00,-3.915452e+00,-4.665993e+00,7.476757e+00,9.968241e+00,4.586744e+00,1.239045e-02,0,6.198422e-01,2.870506e-04,9.240749e-01,-1.393970e+00,-1.724975e+00,9.867505e-01,-5.991546e-01,-1.442759e+00,-1.163083e+00,4.377595e-01,-4.124560e-02,1.062989e-02,1.851660e+00,-2.166447e+00,1.662133e-03,0,2.005524e-03
1.778637e-03,3.494767e+00,7.353452e+00,-7.544987e+00,-9.989357e-02,-1.975056e+00,6.872430e-01,-2.916650e+00,-4.977181e+00,-5.255075e+00,7.492506e+00,1.318612e+01,1.933807e+00,1.511031e-02,0,6.223770e-01,4.305213e-04,1.017453e+00,-2.609621e+00,-2.879655e+00,2.071706e+00,-1.153832e+00,-2.138136e+00,-6.661616e-01,7.712181e-02,9.516703e-01,6.637689e-01,2.099577e+00,-2.982944e+00,1.994560e-03,0,3.741157e-03
2.312067e-03,4.738255e+00,3.744077e+00,-1.120582e+01,2.516266e+00,-3.030195e+00,-3.066857e+00,-3.569941e+00,-4.182899e+00,-3.356142e+00,9.325143e+00,1.602988e+01,-2.601060e+00,1.843457e-02,0,6.342525e-01,4.599947e-04,5.735577e-01,-3.194916e+00,-2.831632e+00,3.117301e+00,-1.523389e+00,-2.689633e+00,-1.233492e-01,7.905421e-02,2.168201e+00,8.595899e-01,1.218321e+00,-3.026672e+00,1.692354e-03,0,6.118297e-04
2.824265e-03,4.895355e+00,-1.385090e-01,-1.377817e+01,6.644531e+00,-5.265916e+00,-6.226869e+00,-2.817677e+00,-4.581207e+00,-4.910084e-01,1.107028e+01,1.604321e+01,-5.793934e+00,1.813237e-02,0,6.273026e-01,3.313290e-04,-1.527616e-01,-2.696090e+00,-1.823237e+00,3.415312e+00,-1.617304e+00,-2.475771e+00,-1.112311e-02,1.877006e-01,3.320195e+00,4.235147e-01,-3.418815e-01,-2.043116e+00,8.763978e-04,0,-4.524487e-03
3.092011e-03,4.228414e+00,-2.392291e+00,-1.486102e+01,1.040454e+01,-7.038314e+00,-8.582386e+00,-2.525667e+00,-3.718168e+00,3.792979e+00,9.985822e+00,1.463130e+01,-6.682747e+00,1.934119e-02,0,6.204386e-01,5.976804e-05,-6.961805e-01,-1.360724e+00,-4.312100e-01,2.750039e+00,-8.463249e-01,-1.183618e+00,-1.578232e-01,2.225339e-01,3.576560e+00,-2.299405e-01,-1.725681e+00,-4.917656e-01,9.368391e-04,0,-8.997989e-03
3.045310e-03,2.985879e+00,-3.058815e+00,-1.483358e+01,1.303253e+01,-8.057515e+00,-8.933848e+00,-3.494402e+00,-4.271044e+00,7.771338e+00,9.279739e+00,1.217601e+01,-6.240927e+00,1.903898e-02,0,6.066615e-01,-2.637248e-04,-8.743556e-01,4.797039e-01,1.242144e+00,1.020742e+00,7.559724e-01,4.095913e-01,-6.483881e-01,5.386584e-01,2.832876e+00,-5.101099e-01,-2.604713e+00,7.560536e-01,1.299486e-03,0,-9.072190e-03
2.500384e-03,2.212090e+00,-1.599388e+00,-1.283417e+01,1.307246e+01,-5.866020e+00,-7.631456e+00,-4.020695e+00,-3.225310e+00,1.039549e+01,9.070708e+00,9.335075e+00,-4.836392e+00,2.266546e-02,0,5.995831e-01,-4.800449e-04,-7.071677e-01,2.003010e+00,2.607776e+00,-7.945722e-01,2.128291e+00,1.943075e+00,-7.647806e-01,8.410762e-01,1.059216e+00,-7.195596e-02,-2.816881e+00,1.666140e+00,1.299486e-03,0,-5.977988e-03
1.801454e-03,1.531739e+00,1.863559e+00,-8.580874e+00,1.041428e+01,-2.072202e+00,-4.654378e+00,-5.312104e+00,-2.134343e+00,1.037212e+01,8.977283e+00,5.667760e+00,-2.936844e+00,2.296766e-02,0,5.923694e-01,-4.872876e-04,-3.961063e-01,2.693684e+00,3.028709e+00,-1.846605e+00,2.470742e+00,2.402507e+00,-3.870493e-01,1.048805e+00,-6.539222e-01,2.939815e-02,-2.449134e+00,2.035034e+00,3.022062e-04,0,-9.323358e-05
1.313714e-03,1.419646e+00,5.161572e+00,-4.948485e+00,7.740802e+00,6.104856e-01,-1.006746e+00,-5.440719e+00,-5.811375e-01,7.788670e+00,9.777270e+00,3.801018e+00,-4.089276e-03,2.387428e-02,0,5.976947e-01,-3.249383e-04,-1.855173e-01,2.368294e+00,2.366270e+00,-1.761439e+00,1.766492e+00,1.912085e+00,2.687021e-01,6.891606e-01,-1.778628e+00,3.003368e-02,-1.616519e+00,1.807244e+00,-1.269266e-03,0,5.759609e-03
1.202207e-03,1.401570e+00,7.029127e+00,-3.632872e+00,6.465333e+00,1.057944e+00,-2.336686e-01,-4.719636e+00,-3.491040e-01,5.805136e+00,9.073449e+00,2.697364e+00,1.518094e+00,1.994560e-02,0,6.071395e-01,-1.474463e-04,-1.064638e-01,1.262001e+00,1.378314e+00,-7.629021e-01,7.930408e-01,9.090421e-01,1.016505e+00,1.480669e-01,-2.019609e+00,-1.872288e-01,-7.452890e-01,6.892490e-01,-2.055002e-03,0,8.068276e-03
1.175316e-03,1.349588e+00,7.659301e+00,-3.476819e+00,6.239742e+00,1.401370e+00,-2.813857e-01,-2.973418e+00,-6.721267e-01,3.785836e+00,9.172793e+00,2.737677e+00,1.972361e+00,1.783016e-02,0,6.209961e-01,-3.722426e-05,-1.628588e-01,1.115949e-01,8.289943e-01,2.761299e-01,8.373247e-02,-1.934456e-01,1.347099e+00,-4.366159e-01,-2.290642e+00,-1.806376e-01,-3.696289e-01,-6.708897e-01,-2.236325e-03,0,5.254817e-03
1.133422e-03,1.034449e+00,6.924698e+00,-2.425137e+00,7.350304e+00,1.497560e+00,-4.718477e-01,-1.463229e+00,-1.348514e+00,2.275488e+00,8.343377e+00,2.472985e+00,-4.788238e-01,1.571472e-02,0,6.210601e-01,1.067291e-05,-8.949108e-02,-7.608835e-01,7.612389e-01,9.573849e-01,-7.370081e-01,-8.765095e-01,1.385969e+00,-5.362568e-01,-2.569959e+00,-7.131656e-01,-3.834995e-01,-1.253560e+00,-1.752795e-03,0,1.131988e-03
1.161986e-03,7.889124e-01,5.771760e+00,-1.407381e+00,8.678967e+00,8.093398e-01,-1.854885e+00,-3.334274e-01,-2.264512e+00,-1.899720e+00,9.239119e+00,2.065063e+00,-2.360080e+00,1.480810e-02,0,6.170085e-01,5.331486e-05,1.378242e-01,-8.657812e-01,3.753149e-01,9.729983e-01,-1.637204e+00,-1.004141e+00,1.091815e+00,-8.070118e-01,-2.443207e+00,-1.509569e+00,-5.336109e-01,-9.457676e-01,-1.813237e-03,0,-2.656221e-04
1.262237e-03,1.234452e+00,4.168480e+00,-8.613965e-01,1.003265e+01,-2.331081e+00,-3.829467e+00,8.902125e-01,-2.234196e+00,-4.201883e+00,5.474459e+00,1.116174e+00,-2.583488e+00,1.269266e-02,0,6.147932e-01,8.833488e-05,4.208010e-01,-1.855296e-01,-3.574033e-01,2.078149e-01,-2.063343e+00,-3.218628e-01,9.217499e-01,-1.412790e+00,-1.648060e+00,-2.325185e+00,1.083299e-01,-2.682965e-01,-1.601693e-03,0,2.814186e-03
1.377483e-03,1.938707e+00,4.708504e+00,-2.382115e+00,9.763562e+00,-4.870328e+00,-3.623283e+00,1.308935e+00,-4.264345e+00,-5.191514e+00,3.059409e+00,7.480287e-01,-1.704146e+00,1.027501e-02,0,6.228014e-01,9.694075e-05,4.680378e-01,6.953405e-01,-8.308449e-01,-9.388528e-01,-1.592636e+00,7.344177e-01,5.156977e-01,-2.009823e+00,-4.043812e-01,-2.250701e+00,9.377757e-01,1.722822e-01,-1.057721e-03,0,5.329305e-03
1.467348e-03,2.563556e+00,6.528678e+00,-3.724787e+00,7.847080e+00,-5.979321e+00,-1.196962e+00,2.324339e+00,-7.412549e+00,-4.318913e+00,-1.926944e-01,3.673152e+00,-2.148273e+00,9.972801e-03,0,6.322346e-01,2.397157e-04,-2.269513e-01,8.670812e-01,-6.113129e-01,-2.131931e+00,-5.566393e-01,9.938618e-01,2.397562e-01,-1.364940e+00,2.954230e-01,-1.386754e+00,1.076701e+00,2.962210e-01,-6.044125e-05,0,-7.440412e-03
1.544134e-03,2.464549e+00,8.068364e+00,-4.129911e+00,5.077485e+00,-5.329722e+00,5.009515e-01,1.527998e+00,-9.724450e+00,-3.863111e+00,8.191878e-01,5.475452e+00,-1.716276e+00,1.087942e-02,0,6.349344e-01,5.440619e-04,-1.433857e+00,-1.080468e-01,1.204901e-01,-2.668242e+00,1.812431e-01,3.539045e-01,-3.454494e-01,3.579053e-01,6.702837e-01,-6.027604e-01,2.168786e-01,6.261860e-01,8.159566e-04,0,-3.554281e-02
2.377490e-03,-1.632253e-01,6.823956e+00,-3.044063e+00,1.716028e+00,-4.884581e+00,-9.222755e-01,1.979462e+00,-6.328844e+00,-3.388970e+00,-3.392017e-01,4.135965e+00,-1.096318e+00,1.208824e-02,0,5.715247e-01,6.588144e-04,-2.123632e+00,-1.056969e+00,8.761493e-01,-2.128969e+00,4.409428e-01,-5.412124e-01,-9.162747e-01,1.958938e+00,8.213112e-01,2.735496e-01,-1.136898e+00,7.892208e-01,1.087942e-03,0,-5.026480e-02
3.642721e-03,-3.867185e+00,4.020631e+00,-2.120027e+00,-5.121216e-01,-4.511483e+00,-1.991104e+00,-2.458730e-01,-3.016671e+00,-2.305067e+00,1.188606e-01,1.601015e+00,9.008066e-01,1.329707e-02,0,4.754423e-01,3.839608e-04,-1.539239e+00,-8.503553e-01,1.337946e+00,-5.965530e-01,4.110624e-01,-7.072480e-01,-1.208739e+00,2.057825e+00,1.283488e+00,1.201164e+00,-1.314702e+00,3.350756e-01,1.057721e-03,0,-3.545880e-02
3.712126e-03,-4.888735e+00,3.267698e+00,-3.489827e-01,-2.960205e-03,-4.183727e+00,-2.656997e+00,-1.370098e+00,-9.717479e-01,-9.913788e-01,1.525217e+00,-7.411865e-02,4.892894e-01,1.420369e-02,0,4.606566e-01,-2.868927e-04,2.800744e-02,4.851472e-01,1.637002e+00,1.148164e+00,6.086081e-01,-6.675597e-02,-1.227750e+00,8.819183e-01,1.750221e+00,2.134220e+00,-6.597275e-01,-1.506541e-01,1.027501e-03,0,1.051226e-02
2.796620e-03,-2.868891e+00,5.594717e+00,1.212278e+00,2.954214e+00,-3.624837e+00,-2.167928e+00,-2.840918e+00,-2.113874e+00,1.355533e+00,5.892797e+00,1.006983e+00,-8.337014e-01,1.511031e-02,0,5.130744e-01,-7.437411e-04,1.108814e+00,1.713452e+00,1.661452e+00,2.159314e+00,8.927643e-01,6.343920e-01,-6.430737e-01,-2.525560e-01,1.614683e+00,2.189588e+00,1.245257e-02,-7.158409e-01,7.555151e-04,0,4.249477e-02
1.366076e-03,-5.223351e-01,8.462649e+00,3.474793e+00,5.723681e+00,-2.284863e+00,-1.167643e+00,-2.861765e+00,-2.370651e+00,3.531836e+00,7.444932e+00,1.134344e+00,-9.823342e-01,1.631913e-02,0,6.052699e-01,-7.090718e-04,1.041101e+00,1.749925e+00,1.070290e+00,2.184829e+00,1.357640e+00,1.039539e+00,-1.206518e-01,-5.705031e-01,5.819026e-01,7.073036e-01,1.155727e-01,-3.527282e-01,-9.066192e-05,0,1.193762e-03
1.097041e-03,-5.063149e-01,9.990417e+00,4.275346e+00,7.421130e+00,-9.970930e-01,4.361789e-01,-2.715408e+00,-3.580000e+00,3.506740e+00,8.106944e+00,1.059047e+00,-1.942586e+00,1.601692e-02,0,6.156095e-01,-4.001839e-04,1.794551e-01,6.289643e-01,4.451600e-01,2.078983e+00,1.527117e+00,7.347829e-01,3.728115e-01,-5.114937e-01,-1.259520e+00,-1.267157e+00,-1.512815e-01,1.826736e-01,-1.027501e-03,0,-8.033682e-02
1.016557e-03,-8.645193e-01,9.819472e+00,3.470932e+00,8.687725e+00,1.290598e+00,1.238645e+00,-2.036113e+00,-3.091201e+00,8.425305e-01,3.954662e+00,4.777133e-01,-7.199090e-01,1.329707e-02,0,4.153579e-01,-8.000378e-05,-6.966270e-01,-1.299330e+00,-6.640919e-01,1.992564e+00,8.752750e-01,1.347076e-01,9.088537e-01,-3.608752e-01,-2.465601e+00,-2.455162e+00,3.224025e-02,6.566557e-01,-8.159564e-04,0,-1.312746e-01
9.704605e-04,-1.800523e+00,8.061127e+00,3.440008e+00,1.186711e+01,2.223015e+00,3.028425e-01,-1.389686e+00,-4.311068e+00,-3.597416e+00,1.302148e+00,5.788910e-01,-5.154578e-02,1.148383e-02,0,2.063463e-01,-2.474629e-06,-1.154104e+00,-2.466447e+00,-1.065416e+00,1.735587e+00,6.768882e-02,-5.222498e-01,1.317233e+00,-4.081050e-01,-2.649658e+00,-2.238148e+00,4.649819e-01,9.026110e-01,9.066184e-04,0,-8.618358e-02
1.029348e-03,-3.358366e+00,2.930642e+00,5.720022e-01,1.346351e+01,4.814574e-01,-4.274372e-01,1.019642e+00,-3.809493e+00,-5.244094e+00,-1.428478e+00,1.535623e+00,1.355424e+00,1.450589e-02,0,1.535288e-01,7.564253e-05,-9.699999e-01,-2.627499e+00,-9.689202e-01,1.180684e+00,-1.600528e+00,-1.331278e+00,2.011338e+00,1.853781e-02,-1.662862e+00,-7.952024e-01,8.634688e-01,1.120054e-01,2.115443e-03,0,2.862099e-02
1.078272e-03,-5.029913e+00,1.102598e+00,3.977294e-01,1.371117e+01,-2.540785e-01,-1.342029e+00,2.342878e+00,-5.261379e+00,-6.698236e+00,-3.922268e-01,2.855001e+00,1.532802e+00,1.994560e-02,0,3.156061e-01,1.645511e-04,-2.628288e-01,-1.484074e+00,-2.957290e-01,4.720444e-01,-2.835128e+00,-1.922657e+00,2.428256e+00,5.469366e-01,-6.799151e-01,6.027814e-01,1.056915e+00,-5.997002e-01,1.601692e-03,0,9.989849e-02
1.340864e-03,-4.099823e+00,1.612412e-01,1.474701e-01,1.366911e+01,-5.473496e+00,-4.595311e+00,6.154295e+00,-2.523357e+00,-5.921369e+00,8.258371e-01,3.657002e+00,-9.520558e-01,1.964340e-02,0,5.038329e-01,2.300903e-04,5.948468e-01,-1.526497e-01,7.550187e-01,1.867292e-01,-3.985233e+00,-2.377660e+00,2.661931e+00,9.245308e-01,-3.118871e-01,1.523754e+00,8.632099e-01,-1.142980e+00,-5.439710e-04,0,1.029601e-01
1.637458e-03,-2.743938e+00,2.025458e+00,2.173630e+00,1.412453e+01,-8.975151e+00,-7.226503e+00,8.184267e+00,-2.219453e+00,-6.658354e+00,3.188897e+00,4.802776e+00,-1.896307e+00,1.692354e-02,0,5.306866e-01,2.257528e-04,9.879587e-01,3.912719e-01,9.917836e-01,-9.848289e-02,-4.141576e+00,-1.624670e+00,2.596607e+00,5.991061e-01,-2.417536e-01,1.599574e+00,4.900623e-01,-6.003335e-01,-1.662134e-03,0,5.664514e-02
1.900206e-03,-1.527120e+00,1.705963e+00,3.459145e+00,1.419048e+01,-1.508417e+01,-9.373500e+00,1.140860e+01,-7.078021e-01,-6.823471e+00,4.399727e+00,4.877785e+00,-2.644924e+00,1.329707e-02,0,5.607889e-01,1.167882e-04,7.294157e-01,6.326061e-01,9.264446e-01,-7.211277e-01,-3.021049e+00,5.218253e-02,2.028151e+00,-2.750311e-01,-5.045753e-01,1.285261e+00,1.642940e-01,3.018231e-01,-9.972799e-04,0,2.097197e-02
1.927365e-03,-1.376471e+00,2.286597e+00,3.700810e+00,1.295807e+01,-1.615662e+01,-7.076282e+00,1.269876e+01,-3.173626e+00,-7.455954e+00,5.818698e+00,4.694921e+00,-6.224310e-01,1.480810e-02,0,5.703539e-01,-1.321109e-05,4.181972e-01,5.637997e-01,3.001147e-01,-1.402037e+00,-1.836098e+00,1.683384e+00,1.706556e+00,-6.986572e-01,-6.028457e-01,8.002520e-01,2.204951e-01,7.876641e-01,3.626476e-04,0,1.673869e-02
1.779851e-03,-1.136479e+00,3.193703e+00,4.016103e+00,1.064670e+01,-1.698801e+01,-4.409509e+00,1.403780e+01,-3.421426e+00,-8.045445e+00,5.937240e+00,4.532399e+00,-7.987841e-02,1.571472e-02,0,5.888591e-01,-1.145084e-04,2.119797e-01,9.002886e-01,-1.764056e-01,-1.969714e+00,-4.696007e-02,2.631764e+00,9.470993e-01,-4.208355e-01,-6.452788e-01,1.971446e-01,5.068072e-01,7.098788e-01,1.359927e-03,0,1.419930e-02
1.631580e-03,-8.482732e-01,4.100587e+00,3.395724e+00,8.886231e+00,-1.720373e+01,-1.291580e+00,1.540245e+01,-4.355927e+00,-9.061595e+00,6.421401e+00,6.077944e+00,7.594902e-01,1.752795e-02,0,6.003450e-01,-1.429635e-04,2.382008e-01,1.027678e+00,-4.134144e-01,-1.896564e+00,9.079556e-01,2.464934e+00,3.186644e-01,4.074441e-01,-1.456037e-01,-4.730125e-01,4.427320e-01,2.268267e-01,1.208824e-03,0,1.529013e-02
1.475557e-03,-7.313202e-01,5.300411e+00,2.729660e+00,6.377829e+00,-1.479542e+01,8.929712e-01,1.479226e+01,-2.220829e+00,-9.247044e+00,5.084099e+00,6.720310e+00,2.135093e-01,1.873678e-02,0,6.167899e-01,-1.190698e-04,2.742126e-01,9.833122e-01,-4.519376e-01,-1.448915e+00,1.749812e+00,2.034211e+00,-7.968032e-01,9.043218e-01,6.288214e-01,-1.078614e+00,1.378372e-01,-2.068169e-01,9.066183e-04,0,1.448919e-02
1.364695e-03,-3.880467e-01,6.371634e+00,2.276959e+00,5.609692e+00,-1.271313e+01,2.597146e+00,1.391486e+01,-1.736704e+00,-7.583173e+00,3.880206e+00,5.814626e+00,3.650089e-01,1.934119e-02,0,6.328391e-01,-8.154205e-05,2.874680e-01,9.491795e-01,-2.262143e-01,-7.584842e-01,1.720770e+00,1.249562e+00,-1.406145e+00,1.067341e+00,1.125299e+00,-1.258119e+00,-5.835960e-01,-5.213653e-01,1.813237e-04,0,1.183536e-02
1.317945e-03,4.471317e-03,6.974741e+00,2.315798e+00,5.040397e+00,-1.048425e+01,3.817184e+00,1.079758e+01,-2.094279e-01,-5.640549e+00,1.814769e+00,5.353244e+00,-9.167220e-01,1.934119e-02,0,6.450580e-01,-4.915251e-05,3.137632e-01,8.504617e-01,-2.006526e-02,-1.321906e-01,1.267607e+00,1.125179e-01,-1.302931e+00,1.090363e+00,1.034407e+00,-8.730256e-01,-1.061807e+00,-5.760137e-01,-5.439708e-04,0,6.439054e-03
1.302676e-03,2.211713e-01,8.009319e+00,2.471584e+00,5.762526e+00,-1.075546e+01,3.494123e+00,1.036906e+01,-2.492285e-02,-5.238348e+00,1.765469e+00,3.843497e+00,-1.282220e+00,1.813237e-02,0,6.453877e-01,-3.344576e-05,3.039800e-01,7.068683e-01,7.379286e-02,-7.719421e-03,9.779975e-01,-7.821385e-01,-6.109543e-01,1.159560e+00,3.850383e-01,-5.378431e-01,-1.203498e+00,-2.569389e-01,-6.346328e-04,0,-8.022905e-04
1.260804e-03,5.328868e-01,8.733876e+00,2.532022e+00,5.640459e+00,-9.436218e+00,1.007072e+00,1.005050e+01,2.375096e+00,-5.247422e+00,1.776340e+00,2.396840e+00,-1.842944e+00,1.662134e-02,0,6.427109e-01,-2.922427e-05,2.147674e-01,5.360206e-01,1.877104e-01,-2.209873e-02,8.123137e-01,-1.225185e+00,-1.894102e-02,1.330365e+00,3.092294e-02,-3.229211e-01,-1.107820e+00,2.074132e-01,-1.208825e-04,0,-6.890190e-03
1.226036e-03,8.676454e-01,9.026407e+00,2.537812e+00,5.271064e+00,-8.347161e+00,9.150919e-02,1.123363e+01,2.768836e+00,-5.854546e+00,1.210205e+00,1.275338e+00,-4.565744e-01,1.752795e-02,0,6.300012e-01,-2.565657e-05,4.113025e-02,3.918718e-01,2.462230e-01,-1.646347e-01,9.389328e-01,-7.809695e-01,-1.306995e-01,1.331694e+00,3.273116e-01,-5.683015e-01,-7.140538e-01,5.718507e-01,3.626471e-04,0,-1.155394e-02
1.210143e-03,7.550712e-01,9.146300e+00,3.221236e+00,5.175634e+00,-7.626829e+00,-6.074323e-01,1.027059e+01,5.045519e+00,-5.177835e+00,4.777955e-01,1.098225e+00,-2.924789e-01,1.903898e-02,0,6.183003e-01,-2.270966e-05,-3.436599e-01,4.652285e-01,2.326338e-01,6.517091e-02,1.031283e+00,-4.671942e-02,-5.126502e-01,1.104432e+00,8.732060e-01,-2.057460e-01,-5.415858e-01,6.735278e-01,-1.813237e-04,0,-1.454243e-02
1.199723e-03,3.157304e-01,9.762466e+00,3.358092e+00,5.171764e+00,-6.965494e+00,3.965276e-01,9.605514e+00,5.298337e+00,-3.636583e+00,-4.267661e-01,9.225357e-01,8.018003e-01,1.873678e-02,0,5.998233e-01,-1.358140e-05,-6.838581e-01,-1.160454e-01,-2.618878e-01,8.665592e-01,1.297064e+00,4.026250e-01,-1.232807e+00,5.098263e-01,1.296936e+00,3.379361e-01,-1.262434e-01,4.008443e-01,-1.480810e-03,0,-1.572143e-02
1.160412e-03,-9.094553e-01,1.069199e+01,3.285051e+00,6.015963e+00,-4.970639e+00,6.209660e-01,8.301304e+00,6.632507e+00,-1.990373e+00,1.566095e+00,-1.346879e-01,8.955078e-01,1.511031e-02,0,5.850877e-01,2.813047e-05,-7.244360e-01,-1.117498e+00,-7.879946e-01,1.882969e+00,8.777379e-01,-5.881955e-02,-1.597795e+00,-5.482713e-01,9.829682e-01,9.373522e-01,3.365276e-01,1.535145e-01,-2.175884e-03,0,-1.483045e-02
1.182995e-03,-1.719382e+00,7.673336e+00,1.196465e+00,9.183696e+00,-3.189939e+00,1.490435e+00,6.054237e+00,4.524473e+00,-9.635942e-01,2.355736e+00,1.260577e+00,9.536536e-01,1.208824e-02,0,5.680004e-01,1.221928e-04,-2.413906e-01,-2.552320e+00,-9.661536e-01,2.782048e+00,-2.957574e-01,-1.609524e+00,-1.684150e+00,-1.548365e+00,4.451776e-01,1.022175e+00,7.852570e-01,-2.041514e-01,-1.208824e-03,0,-8.767414e-03
1.359159e-03,-1.849553e+00,4.603376e+00,3.620760e-01,1.258451e+01,-5.125917e+00,-1.448484e+00,4.057260e+00,2.691094e+00,-1.599489e+00,3.773305e+00,2.611842e+00,3.991671e-01,1.148383e-02,0,5.600595e-01,2.628123e-04,3.759503e-01,-3.044431e+00,-7.264305e-01,2.929837e+00,-2.100701e+00,-3.151804e+00,-1.114337e+00,-2.549402e+00,1.023863e-01,3.763734e-01,9.593989e-01,-1.999555e-01,9.670596e-04,0,-1.170707e-03
1.711314e-03,-4.211742e-01,4.517524e-02,-1.118914e-02,1.579773e+01,-8.366642e+00,-6.616369e+00,3.306787e+00,-4.727799e-01,-1.606136e+00,3.580505e+00,3.475555e+00,2.921362e-02,1.450589e-02,0,5.685003e-01,3.700020e-04,6.700327e-01,-2.375794e+00,-2.881060e-01,2.454304e+00,-3.116703e+00,-3.660835e+00,-3.118735e-01,-2.758275e+00,1.881696e-01,-2.008045e-01,6.932984e-01,-8.313221e-02,2.901179e-03,0,6.042314e-03
2.210314e-03,3.211924e-01,-7.160875e-01,2.567250e-01,1.735813e+01,-1.288579e+01,-1.108465e+01,4.103346e+00,-3.615874e+00,-1.157171e+00,2.835578e+00,3.554818e+00,3.579502e-01,1.873678e-02,0,5.789842e-01,3.829260e-04,4.386780e-01,-1.250814e+00,-3.236365e-01,1.951055e+00,-2.880581e+00,-2.522946e+00,2.834702e-02,-2.652073e+00,4.616832e-01,-8.182782e-01,4.617241e-01,1.074109e-01,3.082502e-03,0,7.988060e-03
2.607428e-03,5.454094e-01,-1.545901e+00,-1.913894e-01,1.906841e+01,-1.489351e+01,-1.199565e+01,4.471827e+00,-6.113415e+00,-2.439053e-01,1.820577e+00,4.255581e+00,5.586010e-01,2.296766e-02,0,5.887496e-01,2.726102e-04,4.242230e-02,-1.069640e-01,-3.865102e-01,1.270066e+00,-1.798481e+00,-8.660351e-01,-1.558146e-01,-1.740783e+00,3.103448e-01,-9.161789e-01,3.064706e-01,1.181046e-01,1.420368e-03,0,6.203842e-03
2.825733e-03,-1.394544e-01,-8.551569e-01,-1.166006e+00,2.070445e+01,-1.626539e+01,-1.137357e+01,3.616475e+00,-7.748955e+00,2.781109e-02,5.618780e-01,4.530449e+00,6.715281e-01,2.266546e-02,0,5.898752e-01,7.430075e-05,-3.961229e-02,2.523707e-01,-3.281945e-01,4.651556e-01,-2.318417e-01,2.084844e-01,-6.147968e-01,-5.660971e-01,-1.851004e-01,-5.942096e-01,2.469732e-01,8.735655e-02,-3.324272e-04,0,4.950464e-03
2.766656e-03,2.126072e-02,-4.201099e-01,-1.232374e+00,2.047490e+01,-1.566925e+01,-1.080209e+01,2.771150e+00,-7.110154e+00,-6.469033e-01,1.364599e-01,4.520092e+00,4.629476e-01,1.964340e-02,0,5.940741e-01,-1.410651e-04,9.264003e-02,4.750288e-01,1.140730e-01,-6.617878e-01,9.898793e-01,5.286518e-01,-9.356045e-01,5.844333e-01,-3.209162e-01,6.097390e-02,2.188100e-01,-3.954037e-02,-1.511034e-04,0,4.219055e-03
2.502204e-03,3.852053e-01,-1.712976e-02,-8.637550e-01,1.898067e+01,-1.365713e+01,-1.063901e+01,1.879701e+00,-5.947990e+00,-1.881174e+00,7.065887e-01,4.657428e+00,8.425596e-01,1.873678e-02,0,6.010743e-01,-3.196694e-04,1.825647e-01,6.970580e-01,8.368801e-01,-1.787250e+00,1.970279e+00,9.463719e-01,-1.015244e+00,1.312036e+00,-3.108771e-02,7.850010e-01,-1.139971e-01,-2.457693e-01,1.843457e-03,0,3.601033e-03
2.063866e-03,7.462797e-01,4.102292e-01,2.278501e-01,1.662136e+01,-1.124824e+01,-9.719672e+00,6.621917e-01,-4.091731e+00,-8.939942e-01,2.053091e+00,5.286142e+00,2.753834e-01,2.417649e-02,0,6.042453e-01,-3.990124e-04,-1.408476e-01,1.102070e+00,1.569432e+00,-2.146472e+00,2.363379e+00,1.594375e+00,-7.753421e-01,1.253968e+00,3.822271e-01,1.366903e+00,-6.361716e-01,-3.478270e-01,3.445150e-03,0,-2.233362e-03
1.578780e-03,4.108597e-01,2.214963e+00,2.288282e+00,1.369497e+01,-8.624494e+00,-7.182916e+00,-4.052667e-01,-2.697985e+00,-4.082064e-03,3.528567e+00,3.577439e+00,-4.635362e-01,2.961620e-02,0,6.027947e-01,-3.716035e-04,-5.696892e-01,1.499519e+00,1.934149e+00,-1.854811e+00,2.266361e+00,2.019723e+00,-2.325628e-01,8.950709e-01,2.351488e-01,1.093162e+00,-1.183134e+00,1.694402e-01,1.994561e-03,0,-4.626058e-02
1.233305e-03,-6.958044e-01,3.974194e+00,5.038766e+00,1.238538e+01,-6.368675e+00,-4.558259e+00,3.692309e-02,-2.465315e+00,3.256862e-01,5.559987e+00,1.879229e+00,-6.231394e-01,3.142944e-02,0,5.820470e-01,-2.563698e-04,-7.295803e-01,1.345500e+00,1.326513e+00,-1.117886e+00,1.913830e+00,1.466654e+00,8.634508e-02,4.961521e-01,-4.767737e-02,7.552285e-01,-1.087337e+00,5.880562e-01,-1.662133e-03,0,-6.867133e-02
1.059467e-03,-1.742199e+00,5.698480e+00,6.401534e+00,1.182460e+01,-4.765115e+00,-3.121105e+00,1.029521e+00,-2.285843e+00,-1.315270e+00,4.418950e+00,4.452145e-01,2.139022e+00,2.508311e-02,0,3.808705e-01,-1.097013e-04,-2.767170e-01,4.721001e-01,-2.599308e-01,-4.744448e-01,1.572719e+00,3.532513e-01,-2.864856e-01,1.484235e-01,1.660369e-01,2.738999e-01,-3.349887e-01,6.476089e-01,-4.835298e-03,0,-6.559113e-02
1.041674e-03,-1.825093e+00,5.395969e+00,4.803789e+00,1.196711e+01,-3.608783e+00,-4.417309e+00,3.765234e-01,-1.817041e+00,-4.767870e-01,5.384043e+00,1.415571e+00,1.914385e+00,1.813237e-02,0,3.718507e-01,2.070472e-05,5.256681e-01,-5.825142e-01,-2.044470e+00,-1.238994e-01,1.391916e+00,-6.385906e-01,-1.373930e+00,-6.312115e-02,8.728603e-01,4.643924e-01,1.290790e-01,-3.340431e-01,-5.530372e-03,0,-8.912444e-04
1.126089e-03,-4.080812e-01,3.864576e+00,1.106117e+00,1.153188e+01,-2.140843e+00,-5.487134e+00,-2.007495e+00,-2.280005e+00,1.227339e+00,4.986039e+00,2.134324e+00,1.505746e+00,1.208824e-02,0,3.799372e-01,9.730448e-05,1.010572e+00,-1.309807e+00,-2.809611e+00,2.078841e-01,1.237761e+00,-9.497204e-01,-1.967480e+00,-4.038381e-01,1.563585e+00,8.721684e-01,1.537953e-01,-9.885602e-01,-3.989121e-03,0,6.146656e-02
1.303518e-03,1.265478e+00,1.978575e+00,-2.535874e+00,1.191224e+01,-7.212309e-01,-6.568197e+00,-5.314219e+00,-2.783840e+00,3.418683e+00,7.598404e+00,1.680069e+00,-1.976717e+00,1.027501e-02,0,5.780575e-01,1.168321e-04,7.633718e-01,-1.464223e+00,-2.165512e+00,7.823490e-01,7.078115e-01,-1.154601e+00,-1.260738e+00,1.652287e-02,1.157950e+00,6.925853e-01,1.103438e-02,-1.009316e+00,-1.813237e-03,0,6.221137e-02
1.415067e-03,1.765378e+00,8.581410e-01,-3.976688e+00,1.289146e+01,-2.008468e-02,-6.794263e+00,-5.962507e+00,-3.821634e+00,4.554920e+00,7.672611e+00,1.081942e+00,-8.582277e-01,9.066183e-03,0,5.850999e-01,1.082725e-04,4.138896e-02,-1.357611e+00,-8.378750e-01,1.320370e+00,2.996347e-02,-1.720121e+00,1.245436e-01,1.058852e+00,5.908765e-01,1.518349e-01,4.646239e-02,-4.633724e-01,5.741917e-04,0,3.692739e-02
1.481346e-03,9.050369e-01,-4.219266e-01,-3.482369e+00,1.519907e+01,-1.130104e+00,-9.536747e+00,-3.949659e+00,-9.636119e-01,3.649171e+00,7.503683e+00,1.996934e+00,-1.950208e+00,1.057721e-02,0,5.803262e-01,1.176385e-04,-3.878025e-01,-1.316136e+00,1.411640e-01,1.502321e+00,-6.774718e-01,-2.436961e+00,1.167298e+00,2.344483e+00,3.806491e-02,-1.073058e+00,2.148132e-01,3.733973e-01,2.629193e-03,0,-8.099908e-03
1.578538e-03,-2.091599e-02,-1.723228e+00,-2.610010e+00,1.649032e+01,-1.786589e+00,-1.260347e+01,-2.067056e+00,2.104140e+00,4.066478e+00,5.792573e+00,2.208204e+00,-8.243708e-01,1.480810e-02,0,5.634398e-01,1.642638e-04,-2.023290e-01,-1.163555e+00,1.930306e-01,1.252500e+00,-1.092405e+00,-2.778853e+00,1.037410e+00,2.673149e+00,-4.411101e-03,-1.833523e+00,1.884535e-01,9.376082e-01,4.079782e-03,0,-1.094106e-02
1.809975e-03,2.196122e-01,-3.311421e+00,-2.513393e+00,1.762442e+01,-3.225338e+00,-1.584840e+01,-1.425452e+00,5.975688e+00,3.853229e+00,3.173134e+00,2.191004e+00,-1.266587e-01,2.055001e-02,0,5.483880e-01,2.052183e-04,3.259324e-01,-8.724886e-01,-2.714136e-01,8.495951e-01,-1.418548e+00,-2.137299e+00,3.077580e-01,1.818741e+00,-1.128969e-02,-2.076768e+00,9.266894e-02,1.639361e+00,3.384708e-03,0,-7.943576e-03
2.072072e-03,1.096445e+00,-3.514889e+00,-3.496023e+00,1.794128e+01,-4.434493e+00,-1.753270e+01,-2.037562e+00,6.074459e+00,4.430836e+00,6.702688e-01,1.927175e+00,2.918039e+00,2.447869e-02,0,5.463637e-01,2.172862e-04,7.125655e-01,-5.270879e-01,-6.287636e-01,6.186687e-01,-1.702810e+00,-1.401452e+00,4.069031e-02,7.372355e-01,-4.318262e-01,-1.504143e+00,1.656851e-01,1.625051e+00,1.662133e-03,0,-2.097589e-03
2.260670e-03,1.976019e+00,-3.888540e+00,-4.396430e+00,1.872157e+01,-6.898895e+00,-1.775862e+01,-2.425616e+00,6.144934e+00,3.410543e+00,-3.190052e-01,2.600794e+00,4.375391e+00,2.266546e-02,0,5.491464e-01,1.632650e-04,7.150847e-01,-1.088760e-01,-6.234958e-01,1.656380e-01,-1.571295e+00,-5.405279e-01,-9.044900e-02,1.351727e-01,-7.065786e-01,-7.016619e-01,5.315037e-02,1.344159e+00,5.439710e-04,0,3.605264e-03
2.439621e-03,2.663708e+00,-4.070108e+00,-4.812310e+00,1.903509e+01,-8.463862e+00,-1.865561e+01,-1.363523e+00,5.705695e+00,2.128690e+00,1.793044e-02,2.831735e+00,5.049858e+00,2.206104e-02,0,5.525727e-01,7.429635e-05,4.247602e-01,3.026238e-01,-3.188061e-01,-3.672472e-01,-1.231531e+00,1.139893e-01,-4.636338e-02,4.349240e-01,-9.096555e-01,-1.390676e-01,-4.561687e-02,7.191901e-01,9.066187e-04,0,6.381023e-03
2.442525e-03,3.011404e+00,-3.578191e+00,-4.972729e+00,1.790570e+01,-9.067128e+00,-1.798958e+01,-2.214716e+00,6.835933e+00,1.471408e+00,-9.006619e-03,2.004476e+00,5.528227e+00,2.447869e-02,0,5.633098e-01,-5.135336e-05,3.579986e-02,8.737538e-01,9.371457e-02,-9.251086e-01,-6.250876e-01,7.472311e-01,-2.153777e-01,6.203059e-01,-6.291423e-01,-1.522625e-02,-2.380746e-01,4.966758e-01,1.269266e-03,0,7.578969e-03
2.352626e-03,2.702554e+00,-2.156944e+00,-4.801904e+00,1.651298e+01,-9.508033e+00,-1.684727e+01,-2.374829e+00,7.903579e+00,8.521257e-01,-1.800686e-01,1.997249e+00,5.937571e+00,2.810517e-02,0,5.711871e-01,-1.872064e-04,-3.865178e-01,1.325986e+00,7.027338e-01,-1.046281e+00,6.612387e-02,1.569959e+00,-4.616265e-01,5.756847e-01,-1.625385e-01,4.867393e-02,-2.989866e-01,1.447246e-01,-6.950738e-04,0,5.386502e-03
2.047401e-03,2.135595e+00,-4.763525e-01,-3.933060e+00,1.535708e+01,-9.502248e+00,-1.492664e+01,-2.996852e+00,8.147521e+00,9.031138e-01,-2.961369e-01,1.827663e+00,6.414913e+00,2.598973e-02,0,5.777340e-01,-2.715396e-04,-1.075335e+00,1.382579e+00,1.135820e+00,-6.453374e-01,7.181979e-01,2.136763e+00,4.207799e-01,-2.040694e-01,5.822363e-01,3.095555e-01,-2.764878e-01,-8.743381e-03,-1.571472e-03,0,-5.833733e-03
1.701151e-03,1.169024e+00,1.008901e+00,-1.818475e+00,1.507799e+01,-7.915683e+00,-1.233729e+01,-3.280587e+00,7.928324e+00,1.600144e+00,4.048653e-01,1.425208e+00,5.330138e+00,1.783016e-02,0,5.722931e-01,-2.056644e-04,-2.365834e+00,1.301474e+00,1.267354e+00,1.357841e-02,1.121150e+00,2.109979e+00,1.986658e+00,-1.000739e+00,8.876697e-01,3.460176e-01,-6.887305e-01,-5.342142e-01,3.747355e-03,0,-5.032526e-02
1.410565e-03,-1.598507e+00,1.751780e+00,-7.853441e-01,1.539651e+01,-6.272314e+00,-9.560763e+00,3.420628e-01,5.803214e+00,4.008581e+00,1.246304e+00,9.080575e-01,5.788227e+00,2.175884e-02,0,5.335882e-01,6.381197e-05,-3.885971e+00,1.082692e+00,5.010615e-01,4.762363e-01,1.009043e+00,1.462331e+00,3.545444e+00,-1.920938e+00,3.276412e-01,2.094290e-01,-1.243423e+00,-1.141813e+00,1.786038e-02,0,-1.079750e-01
1.642722e-03,-7.259567e+00,3.236360e+00,-3.899008e-02,1.656116e+01,-5.517248e+00,-8.980315e+00,5.889003e+00,4.072036e+00,3.737741e+00,7.787990e-01,-9.866007e-01,3.579843e+00,4.895739e-02,0,3.416337e-01,4.294423e-04,-4.668422e+00,1.018551e+00,-8.675039e-01,4.526440e-01,5.203956e-01,-2.641754e-02,3.407921e+00,-2.549498e+00,-1.063127e+00,-2.062558e-01,-1.855800e+00,-1.653940e+00,3.348444e-02,0,-1.524986e-01
2.395676e-03,-1.307996e+01,3.823376e+00,-2.317496e+00,1.699668e+01,-5.656251e+00,-9.293468e+00,1.014558e+01,4.709739e-01,1.472522e+00,5.640413e-01,-3.183549e+00,1.580994e+00,9.972801e-02,0,1.531888e-01,7.431816e-04,-4.068536e+00,1.128870e+00,-1.838569e+00,5.435997e-01,6.590604e-01,-1.233382e+00,1.031070e+00,-2.598017e+00,-2.249942e+00,-3.283830e-01,-1.791788e+00,-1.878009e+00,3.983077e-02,0,-1.408810e-01
3.355808e-03,-1.643236e+01,5.065857e+00,-5.389919e+00,1.654113e+01,-5.621736e+00,-1.260303e+01,8.857261e+00,-2.153048e+00,-2.447460e+00,-2.852825e-01,-5.807989e+00,-8.359454e-01,1.462678e-01,0,0,7.919826e-04,-2.523718e+00,1.205294e+00,-2.079690e+00,6.233648e-01,1.257426e+00,-1.485016e+00,-1.298297e+00,-1.975199e+00,-2.342268e+00,-3.484129e-01,-1.181344e+00,-1.137595e+00,3.294047e-02,0,-8.364562e-02
4.269930e-03,-1.735479e+01,6.481380e+00,-7.302723e+00,1.812452e+01,-2.924767e+00,-1.391632e+01,4.013284e+00,-4.074330e+00,-4.148531e+00,1.364295e-01,-5.640186e+00,-1.393922e+00,1.722575e-01,0,0,6.406923e-04,-1.169946e+00,1.304118e+00,-1.283196e+00,7.903093e-01,2.157575e+00,-1.180907e+00,-2.154821e+00,-3.229876e-01,-1.465356e+00,-1.236185e-01,-2.454470e-01,-4.621083e-01,1.937141e-02,0,-3.063776e-02
4.665507e-03,-1.774074e+01,7.933828e+00,-7.944829e+00,1.911406e+01,-5.958595e-01,-1.409397e+01,2.463665e+00,-3.531305e+00,-5.163074e+00,-7.494596e-01,-5.665001e+00,-6.206731e-01,1.773950e-01,0,0,4.371900e-04,-5.037987e-01,9.617695e-01,-6.025550e-01,3.704405e-01,2.259577e+00,-5.509558e-01,-1.131751e+00,1.264532e+00,-6.459481e-01,4.137636e-01,4.618423e-01,4.078557e-01,1.018434e-02,0,0
4.944287e-03,-1.827550e+01,8.909980e+00,-7.456022e+00,1.966176e+01,2.618687e+00,-1.445253e+01,2.568267e+00,-4.548359e-01,-4.496449e+00,1.780372e-01,-4.482278e+00,-8.371833e-01,1.810215e-01,0,0,3.213769e-04,-4.004642e-01,4.669336e-01,-1.839725e-01,-3.675922e-01,1.371398e+00,-1.080490e+00,-3.971247e-01,2.334119e+00,-2.931878e-01,1.373005e+00,1.059870e+00,4.387376e-01,8.612874e-03,0,0
5.204579e-03,-1.849100e+01,8.660405e+00,-8.326045e+00,1.762471e+01,2.904420e+00,-1.508970e+01,3.921015e+00,2.359868e+00,-5.503241e+00,1.762732e+00,-4.077732e+00,9.249635e-01,1.928075e-01,0,0,2.845451e-04,-4.850475e-01,-1.159150e-01,9.433875e-02,-7.033027e-01,3.785040e-01,-1.408414e+00,-9.238147e-01,2.089061e+00,9.646892e-04,2.029669e+00,1.180662e+00,2.964829e-01,9.489273e-03,0,0
5.607279e-03,-1.898199e+01,8.452760e+00,-8.031978e+00,1.703123e+01,2.182084e+00,-1.882090e+01,1.298986e+00,4.650677e+00,-5.444387e+00,5.745358e+00,-1.134473e+00,2.694758e-02,2.076156e-01,0,0,1.476214e-04,-6.340138e-01,-7.320585e-01,2.161380e-01,-7.532049e-01,4.048508e-02,-1.109150e+00,-1.799419e+00,1.342765e+00,3.460926e-01,1.860400e+00,7.583886e-01,2.414107e-01,5.681476e-03,0,0
5.756737e-03,-1.981274e+01,7.582863e+00,-7.185158e+00,1.691281e+01,1.514962e+00,-1.895185e+01,-1.520768e+00,4.361242e+00,-4.684282e+00,6.615225e+00,-1.435594e+00,4.296757e-01,2.115443e-01,0,0,3.363528e-05,-7.787607e-01,-1.036793e+00,2.983647e-01,-3.622110e-01,5.600879e-01,-1.463184e-01,-1.915064e+00,1.075490e+00,1.071248e+00,1.193528e+00,4.360036e-01,5.422086e-01,-6.950736e-04,0,0
5.406315e-03,-2.078470e+01,5.788458e+00,-6.945776e+00,1.625169e+01,3.515842e+00,-1.806720e+01,-3.707936e+00,5.258303e+00,-3.175466e+00,7.053792e+00,-2.011404e+00,6.175141e-01,2.000604e-01,0,0,-2.692454e-05,-6.983131e-01,-9.730911e-01,8.687129e-02,-1.267803e-01,1.108069e+00,8.511184e-01,-8.477029e-01,1.018923e+00,8.255503e-01,2.846963e-01,-9.228245e-02,6.978875e-01,-2.689634e-03,0,0
5.473237e-03,-2.148345e+01,4.808589e+00,-7.377323e+00,1.620343e+01,5.037981e+00,-1.619814e+01,-3.150842e+00,7.433502e+00,-1.281461e+00,7.076153e+00,-1.459248e+00,3.340723e+00,1.931097e-01,0,0,5.483748e-05,-4.618460e-01,-3.527069e-01,7.287817e-02,1.897102e-01,1.102527e+00,6.983358e-01,3.930147e-02,9.358608e-01,-2.992687e-01,-2.150032e-01,1.047933e-01,-3.284153e-01,2.508309e-03,0,0
5.614406e-03,-2.163820e+01,4.974441e+00,-7.501539e+00,1.675202e+01,5.960922e+00,-1.594217e+01,-2.124491e+00,8.209163e+00,-3.018046e+00,6.938375e+00,-1.584058e+00,2.060861e+00,2.033847e-01,0,0,3.571785e-05,-1.547768e-01,2.992198e-01,3.502981e-01,-1.511211e-02,3.708622e-01,4.391060e-01,3.372274e-01,4.251247e-02,-1.532034e+00,-8.727728e-01,-1.198164e-01,-2.189579e+00,8.068901e-03,0,0
5.926879e-03,-2.169522e+01,6.226337e+00,-6.542885e+00,1.761119e+01,5.805059e+00,-1.652269e+01,-2.115983e+00,7.565116e+00,-6.259335e+00,5.597918e+00,-1.125300e+00,-1.934074e+00,2.224237e-01,0,0,-2.295613e-04,6.490822e-02,4.901843e-01,8.653995e-01,-6.393962e-01,-4.302872e-01,1.753859e-01,-5.451732e-02,-3.953251e-01,-1.843328e+00,-9.527448e-01,-2.857319e-02,-3.424340e+00,2.055001e-03,0,0
5.358083e-03,-2.145270e+01,6.575683e+00,-5.611504e+00,1.547224e+01,4.986614e+00,-1.570940e+01,-2.539229e+00,5.405058e+00,-8.346698e+00,3.429045e+00,-2.777460e+00,-7.692983e+00,2.257480e-01,0,0,-6.443559e-04,4.986807e-01,-9.258275e-02,1.186552e+00,-1.232249e+00,-1.344899e+00,1.194930e-01,-5.069175e-01,-5.141919e-01,-7.685333e-01,-4.499673e-01,3.903325e-01,-2.447990e+00,-1.831369e-02,0,0
4.453592e-03,-2.125166e+01,6.458889e+00,-3.995343e+00,1.364634e+01,3.373699e+00,-1.543760e+01,-3.216060e+00,6.858929e+00,-7.833776e+00,4.067093e+00,-1.005413e+00,-8.904058e+00,1.922031e-01,0,0,-9.738794e-04,1.170649e+00,-8.196119e-01,1.617852e+00,-9.025452e-01,-1.523528e+00,5.729799e-02,-5.117776e-01,2.548560e-01,5.194392e-01,2.896231e-01,2.727603e-01,-2.736937e-01,-4.173466e-02,0,0
3.129270e-03,-1.936658e+01,4.395251e+00,-2.842550e+00,1.257320e+01,4.521089e-01,-1.588725e+01,-4.109041e+00,5.991297e+00,-6.073493e+00,5.453951e+00,3.076609e-01,-6.694096e+00,1.269266e-01,0,0,-9.583543e-04,2.381901e+00,-9.119781e-01,1.803189e+00,-2.980200e-01,-1.282437e+00,-4.260049e-01,-4.678670e-01,6.845104e-01,8.164628e-01,7.008988e-01,-1.782398e-01,1.793216e+00,-5.291629e-02,0,3.799625e-02
2.171889e-03,-1.688503e+01,3.218493e+00,1.618968e-01,1.454799e+01,4.546700e-01,-1.614728e+01,-3.889965e+00,8.546277e+00,-4.798742e+00,6.033580e+00,-1.304059e+00,-3.801987e+00,6.316108e-02,0,0,-6.785719e-04,3.606781e+00,-4.850342e-01,1.385472e+00,-3.135079e-01,-8.297697e-01,-6.126815e-01,-2.271630e-01,5.678371e-01,2.983066e-01,5.304704e-01,-9.733884e-01,2.155014e+00,-4.463584e-02,0,9.544526e-02
1.707163e-03,-1.172650e+01,3.635990e+00,1.325821e+00,1.353132e+01,3.394411e-02,-1.748458e+01,-4.541611e+00,7.983936e+00,-5.781901e+00,5.950296e+00,-3.519336e+00,-1.277938e+00,2.568752e-02,0,1.899813e-01,-2.711351e-04,4.228251e+00,1.819121e-01,4.474796e-01,-1.114272e+00,-7.240058e-01,-4.853258e-01,-1.796400e-01,9.860230e-03,-7.143926e-01,4.143382e-01,-8.247721e-01,1.495485e+00,-2.623149e-02,0,1.579820e-01
1.771786e-03,-7.037791e+00,4.413349e+00,8.478292e-01,1.159974e+01,-5.660670e-01,-1.770234e+01,-4.135590e+00,8.701795e+00,-6.488039e+00,6.471273e+00,-3.958857e+00,-8.370669e-01,1.964340e-02,0,3.822357e-01,3.888392e-05,3.825902e+00,4.004960e-02,-6.389694e-01,-1.945630e+00,-1.176157e+00,-1.480537e-01,-1.660361e-01,-1.274780e+00,-1.345399e+00,4.434730e-01,4.533145e-01,5.663484e-01,-1.048655e-02,0,1.630980e-01
1.973646e-03,-3.148945e+00,4.707384e+00,-9.481184e-01,8.475967e+00,-2.657551e+00,-1.753635e+01,-4.884429e+00,5.962840e+00,-8.800807e+00,7.306796e+00,-2.488801e+00,-6.991313e-01,1.752795e-02,0,5.987924e-01,1.595369e-04,2.496262e+00,-3.639076e-01,-1.000750e+00,-2.063253e+00,-1.223756e+00,6.825554e-01,8.705854e-03,-2.063344e+00,-1.359655e+00,5.899857e-01,1.741045e+00,-1.337672e-02,-2.780297e-03,0,1.116354e-01
2.233067e-03,-2.044302e+00,2.883044e+00,-1.895980e+00,7.347511e+00,-4.080368e+00,-1.686166e+01,-4.548737e+00,3.182928e+00,-1.001628e+01,7.572695e+00,4.472459e-01,-1.259648e+00,1.480810e-02,0,6.110846e-01,1.309023e-04,1.333456e+00,-6.616349e-01,-1.087932e+00,-1.942565e+00,-1.108637e+00,1.381079e+00,2.574611e-01,-2.861234e+00,-1.204046e+00,4.653037e-01,2.675984e+00,1.701249e-01,-9.368391e-04,0,5.344138e-02
2.274207e-03,-1.741937e+00,2.581604e+00,-2.306025e+00,5.341169e+00,-4.327685e+00,-1.449214e+01,-4.291508e+00,4.266497e-01,-1.081606e+01,8.349513e+00,2.982839e+00,-1.133531e+00,1.420369e-02,0,6.337337e-01,4.589318e-05,6.715254e-01,-3.415155e-01,-1.270734e+00,-1.933241e+00,-6.383377e-01,2.243783e+00,8.351744e-01,-2.715320e+00,-8.940118e-01,1.187181e-03,2.830715e+00,6.637180e-01,3.626471e-04,0,1.243571e-02
2.276017e-03,-1.074015e+00,2.168064e+00,-3.912879e+00,3.454315e+00,-5.274186e+00,-1.231905e+01,-3.144744e+00,-2.836281e+00,-1.150065e+01,8.276433e+00,6.685243e+00,2.307574e-01,1.662134e-02,0,6.319719e-01,-8.666679e-06,6.189407e-01,5.698449e-01,-1.520017e+00,-2.343251e+00,-5.324843e-01,2.782909e+00,1.323949e+00,-2.105210e+00,-9.632099e-01,-6.906213e-01,2.197930e+00,1.319859e+00,1.208824e-03,0,1.126710e-02
2.181637e-03,-2.764609e-01,3.357297e+00,-6.293337e+00,7.563610e-01,-5.252331e+00,-8.588741e+00,-1.410553e+00,-4.604158e+00,-1.252868e+01,6.960863e+00,8.545774e+00,1.874256e+00,1.843457e-02,0,6.505273e-01,4.028902e-07,7.353679e-01,1.411073e+00,-1.472400e+00,-2.716344e+00,-6.738833e-01,2.569591e+00,1.759437e+00,-1.017758e+00,-8.400472e-01,-1.383936e+00,8.853291e-01,1.789907e+00,9.368390e-04,0,9.185004e-03
2.236019e-03,3.176634e-01,5.344423e+00,-7.502409e+00,-2.076337e+00,-6.280467e+00,-5.898819e+00,6.305275e-01,-4.827717e+00,-1.397602e+01,4.813914e+00,8.655427e+00,3.835752e+00,1.873678e-02,0,6.590233e-01,-1.829211e-06,7.754356e-01,1.944976e+00,-8.487404e-01,-2.702766e+00,-9.708122e-01,2.072313e+00,1.771649e+00,4.814242e-01,-3.895690e-01,-1.533372e+00,-5.830449e-01,1.670148e+00,6.044134e-05,0,6.723404e-03
2.296221e-03,1.239063e+00,8.048791e+00,-7.873258e+00,-5.475223e+00,-7.193961e+00,-4.854301e+00,2.618042e+00,-3.666419e+00,-1.377861e+01,3.161094e+00,6.424393e+00,6.013504e+00,1.783016e-02,0,6.661330e-01,-4.055426e-05,7.260481e-01,1.795223e+00,-1.393028e-01,-2.086953e+00,-1.065665e+00,1.159402e+00,1.306305e+00,1.515624e+00,5.114205e-01,-1.270789e+00,-1.671532e+00,9.263576e-01,-8.159561e-04,0,-8.150339e-05
2.209579e-03,2.045400e+00,9.547195e+00,-7.366621e+00,-6.943724e+00,-9.157432e+00,-3.824701e+00,3.699201e+00,-8.980293e-01,-1.282353e+01,2.509457e+00,4.830709e+00,6.511876e+00,1.722575e-02,0,6.577861e-01,-1.152798e-04,5.642001e-01,1.373408e+00,2.865220e-01,-1.223689e+00,-7.883197e-01,5.952252e-01,6.415009e-01,1.976365e+00,1.326534e+00,-9.003433e-01,-1.889444e+00,-2.792192e-02,-1.420369e-03,0,-5.404579e-03
1.992086e-03,2.489911e+00,1.023203e+01,-7.057745e+00,-7.244711e+00,-9.142171e+00,-3.828791e+00,3.586633e+00,1.009121e+00,-1.054782e+01,1.759146e+00,2.100474e+00,5.167983e+00,1.511031e-02,0,6.507384e-01,-1.540951e-04,2.046486e-01,8.626412e-01,6.074115e-01,-5.591522e-01,-1.657590e-01,2.652178e-01,4.261017e-04,1.754868e+00,1.667075e+00,-5.548838e-01,-1.704994e+00,-5.416201e-01,-1.148383e-03,0,-8.121883e-03
1.811687e-03,2.513240e+00,1.111985e+01,-6.477556e+00,-7.310037e+00,-9.247960e+00,-3.435448e+00,3.353737e+00,2.716338e+00,-8.958737e+00,1.013171e+00,1.370165e+00,4.118903e+00,1.299486e-02,0,6.396977e-01,-1.399907e-04,-1.237306e-01,6.748971e-01,8.424217e-01,-3.689402e-01,4.342241e-01,-2.087734e-02,-2.830469e-01,1.456750e+00,1.669544e+00,-4.783983e-01,-1.185673e+00,-1.902540e-01,-3.324268e-04,0,-8.371443e-03
1.724691e-03,2.028387e+00,1.157567e+01,-5.280733e+00,-8.087828e+00,-7.977491e+00,-3.722839e+00,2.792905e+00,3.300735e+00,-7.375629e+00,1.134817e+00,-3.703060e-01,4.501890e+00,1.420369e-02,0,6.345677e-01,-1.100147e-04,-3.150014e-01,4.733941e-01,1.082280e+00,-2.591096e-01,7.965149e-01,1.689328e-01,-3.166087e-01,1.130696e+00,1.040462e+00,-3.796546e-01,-6.680731e-01,1.051917e-01,4.835295e-04,0,-7.067645e-03
1.643323e-03,1.657509e+00,1.224986e+01,-4.043018e+00,-8.366867e+00,-7.568651e+00,-3.982064e+00,2.680831e+00,5.239914e+00,-6.061906e+00,4.296295e-01,1.377345e-01,5.893652e+00,1.601692e-02,0,6.240142e-01,-9.750284e-05,-3.522430e-01,2.743785e-01,1.027836e+00,-5.382194e-02,9.769571e-01,4.881887e-01,-6.665871e-02,4.805782e-01,3.286536e-01,-3.810039e-01,-4.594261e-01,6.078672e-02,-2.793968e-10,0,-2.943879e-03
1.526195e-03,1.342769e+00,1.203399e+01,-2.863613e+00,-8.011845e+00,-5.999251e+00,-2.710819e+00,2.340042e+00,5.400810e+00,-6.793928e+00,1.526441e-01,-6.236764e-01,4.806566e+00,1.601692e-02,0,6.232420e-01,-9.062240e-05,-2.725636e-01,-1.078277e-01,6.375775e-01,2.579682e-01,8.894926e-01,1.060172e+00,5.691778e-01,-6.083146e-01,-5.252458e-01,-1.227343e-01,-2.741358e-01,-2.732114e-01,-1.420369e-03,0,-6.247163e-05
1.423421e-03,1.094834e+00,1.226258e+01,-2.546937e+00,-7.617138e+00,-5.352295e+00,-1.500514e+00,3.246875e+00,4.069191e+00,-7.606320e+00,-4.007618e-01,-8.002810e-01,4.270498e+00,1.208824e-02,0,6.306412e-01,-6.730480e-05,-1.748744e-01,-7.724368e-01,-1.097334e-01,4.844520e-01,7.915641e-01,1.347898e+00,1.055846e+00,-1.669249e+00,-8.593609e-01,6.816579e-01,1.480927e-01,-2.726802e-01,-2.024781e-03,0,5.036592e-06
1.381530e-03,9.469061e-01,1.103017e+01,-2.840886e+00,-7.172851e+00,-4.638206e+00,3.372483e-01,5.355772e+00,8.445236e-01,-9.229651e+00,9.363410e-01,-1.271977e+00,3.947410e+00,9.066183e-03,0,6.309419e-01,-2.886915e-05,-8.654397e-02,-1.719678e+00,-1.092446e+00,1.098168e+00,5.798408e-01,1.084558e+00,1.219046e+00,-1.944365e+00,-3.615211e-01,1.268870e+00,1.190922e+00,1.430256e-01,-1.057721e-03,0,-6.934094e-03
1.379131e-03,9.810689e-01,8.889584e+00,-4.603049e+00,-6.364104e+00,-4.291353e+00,1.233392e+00,6.452196e+00,-8.281874e-01,-9.140849e+00,3.446071e+00,1.202349e+00,4.959829e+00,9.368389e-03,0,6.201894e-01,-3.672868e-06,7.546244e-02,-2.154571e+00,-1.662720e+00,1.713531e+00,7.368991e-01,9.199885e-01,6.489698e-01,-1.839732e+00,4.622102e-01,1.824860e+00,1.941314e+00,-1.425754e-01,1.208825e-03,0,-1.290314e-02
1.403994e-03,9.669316e-01,5.122097e+00,-7.297789e+00,-3.147521e+00,-3.630518e+00,1.345017e+00,6.832611e+00,-1.872324e+00,-7.834269e+00,4.573575e+00,4.329617e+00,5.177029e+00,1.208824e-02,0,5.937974e-01,-4.130055e-06,1.173182e-01,-1.611639e+00,-1.294191e+00,2.294547e+00,1.050881e+00,2.398648e-01,-5.591105e-01,-1.262579e+00,1.820353e+00,1.862086e+00,1.848756e+00,-1.341987e+00,2.598972e-03,0,-1.523854e-02
1.393825e-03,1.462133e+00,4.443760e+00,-8.632085e+00,-1.062147e+00,-2.171643e+00,2.595543e+00,5.753304e+00,-3.771043e+00,-5.992960e+00,6.904919e+00,6.105494e+00,2.942812e+00,1.662134e-02,0,5.846978e-01,-2.094024e-05,1.131364e-01,-3.722586e-01,-1.821233e-01,2.221188e+00,1.554453e+00,-1.750553e-01,-1.635742e+00,-8.080074e-01,2.630154e+00,1.991738e+00,3.794823e-01,-2.821903e+00,1.662134e-03,0,-8.706218e-03
1.353532e-03,1.292965e+00,5.194892e+00,-7.297325e+00,1.648906e+00,-4.436553e-01,8.554971e-01,2.909665e+00,-3.996944e+00,-1.701832e+00,8.517344e+00,5.520228e+00,-1.754017e+00,1.843457e-02,0,5.724950e-01,-3.505327e-05,1.509908e-02,3.995586e-01,7.438713e-01,1.901755e+00,1.918160e+00,-1.037727e+00,-2.467320e+00,3.511854e-01,3.123525e+00,1.722311e+00,-1.276708e+00,-3.127298e+00,-2.115443e-04,0,-1.000941e-03
1.299661e-03,1.383734e+00,6.991893e+00,-5.513897e+00,2.343624e+00,1.887480e+00,6.028762e-01,2.349584e-01,-3.805914e+00,9.437041e-01,1.143288e+01,2.504454e+00,-5.684160e+00,1.450589e-02,0,5.873095e-01,-3.060243e-05,-1.515514e-01,-1.920767e-01,6.023906e-01,1.817994e+00,1.995791e+00,-1.838537e+00,-2.375389e+00,1.847278e+00,3.139612e+00,9.294001e-01,-2.086176e+00,-1.879764e+00,-1.057721e-03,0,3.569186e-04
1.275810e-03,1.081627e+00,5.845824e+00,-5.137526e+00,4.658370e+00,3.930722e+00,-2.847282e+00,-2.744816e+00,-9.896120e-02,4.315023e+00,1.092115e+01,-2.534038e-01,-6.145973e+00,1.208824e-02,0,5.874868e-01,-2.152935e-05,-2.166078e-01,-1.207112e+00,-2.858857e-01,1.838955e+00,1.418123e+00,-1.758715e+00,-1.460615e+00,2.825951e+00,2.839078e+00,-8.347406e-02,-1.805699e+00,-1.366841e-01,4.230887e-04,0,-4.104662e-03
1.279674e-03,8.100455e-01,3.157911e+00,-6.700031e+00,6.523094e+00,5.620123e+00,-4.745752e+00,-3.296399e+00,3.516354e+00,6.696672e+00,1.035002e+01,-1.438570e+00,-4.260029e+00,1.450589e-02,0,5.789865e-01,-1.631416e-05,-2.658427e-01,-1.630740e+00,-7.439396e-01,1.661242e+00,3.047191e-01,-1.039559e+00,-1.475571e-01,2.869415e+00,2.412906e+00,-8.782392e-01,-7.719731e-01,3.333445e-01,2.236325e-03,0,-1.102961e-02
1.255879e-03,4.967702e-01,1.076326e+00,-8.133686e+00,8.753945e+00,4.780638e+00,-5.263763e+00,-2.627729e+00,6.471679e+00,9.617077e+00,8.641404e+00,-1.536754e+00,-3.149503e+00,2.055001e-02,0,5.561332e-01,-3.408097e-05,-2.002122e-01,-7.320310e-01,-6.443380e-01,7.219793e-01,-6.377160e-01,3.846526e-01,8.037321e-01,1.553330e+00,1.289418e+00,-6.720421e-01,-4.280483e-02,1.715543e-01,1.541251e-03,0,-8.196617e-03
1.228055e-03,3.469489e-01,1.222943e+00,-7.735516e+00,8.602048e+00,2.986118e+00,-3.386678e+00,-5.613701e-01,7.255840e+00,1.035721e+01,8.181554e+00,-7.137361e-01,-5.515672e+00,2.145663e-02,0,5.478383e-01,-5.535161e-05,-1.993298e-01,6.734790e-01,-4.284101e-02,-6.345203e-01,-8.691114e-01,1.245366e+00,7.456802e-01,4.476407e-01,5.461884e-02,-1.091337e-01,7.690278e-01,8.905375e-02,-1.027501e-03,0,1.077378e-03
1.131214e-03,3.121141e-01,3.153152e+00,-7.841474e+00,7.228789e+00,2.059144e+00,-1.603556e+00,-9.367021e-02,5.797946e+00,8.931845e+00,8.645171e+00,-8.298450e-01,-4.660379e+00,1.631913e-02,0,5.620778e-01,-6.221626e-05,-2.666820e-01,1.602419e+00,3.583674e-01,-1.841385e+00,-3.789727e-01,1.545626e+00,2.090623e-01,-4.185909e-01,-1.047662e+00,5.639717e-01,1.591700e+00,7.794988e-01,-3.535811e-03,0,1.012093e-02
1.065248e-03,-9.427547e-02,5.486892e+00,-7.060342e+00,4.113071e+00,2.635313e+00,-3.490249e-01,-8.350276e-01,6.091424e+00,7.312382e+00,9.802464e+00,2.053115e+00,-3.059322e+00,1.148383e-02,0,5.814011e-01,-5.047525e-05,-3.910374e-01,1.783405e+00,8.076637e-01,-2.063344e+00,-1.951634e-01,1.573872e+00,-6.904493e-02,-8.145971e-01,-1.688141e+00,5.465052e-01,2.289404e+00,1.843174e+00,-3.807797e-03,0,1.184801e-02
1.026201e-03,-6.160274e-01,6.956448e+00,-6.679436e+00,1.791510e+00,3.061177e+00,9.455428e-01,-1.445589e+00,4.960932e+00,5.901178e+00,1.065081e+01,5.038319e+00,-4.801848e-01,7.857359e-03,0,5.899565e-01,-2.233911e-05,-3.576830e-01,1.423939e+00,1.327168e+00,-1.371993e+00,-5.180566e-01,1.289163e+00,2.645756e-01,-8.865297e-01,-1.837022e+00,-2.286784e-01,1.901414e+00,1.621737e+00,-1.873678e-03,0,3.907776e-03
1.028185e-03,-1.144167e+00,8.238320e+00,-4.278216e+00,1.003969e+00,1.509284e+00,3.208133e+00,-2.306353e-01,3.601361e+00,3.431836e+00,9.911262e+00,7.799204e+00,1.610101e+00,6.648534e-03,0,5.931390e-01,-5.519169e-06,-2.310939e-01,1.037008e+00,1.532812e+00,-2.067259e-01,-1.119653e+00,5.252314e-01,3.539979e-01,-1.396825e+00,-1.785044e+00,-9.818171e-01,5.578574e-01,1.603835e+00,1.511030e-04,0,-4.203900e-02
1.038050e-03,-9.513552e-01,8.897136e+00,-2.596698e+00,1.923377e+00,3.187557e-02,3.063679e+00,9.270118e-01,2.610329e+00,1.687006e+00,7.447381e+00,5.804182e+00,1.113592e+00,9.368389e-03,0,5.757477e-01,-2.690416e-06,-7.660413e-02,7.642970e-01,1.276627e+00,4.119804e-01,-1.180810e+00,-2.934129e-01,1.698400e-01,-1.235264e+00,-1.036177e+00,-1.427101e+00,-1.015571e+00,1.258607e+00,2.417649e-03,0,-1.030237e-01
1.031728e-03,-1.082081e+00,9.701588e+00,-1.437652e+00,3.013508e+00,-1.448299e+00,1.218064e+00,-2.513390e-01,2.825991e-01,4.942469e-01,6.495092e+00,4.459471e+00,4.162962e+00,1.148383e-02,0,3.783104e-01,-7.215817e-06,2.192264e-02,2.954812e-01,4.314918e-01,5.889057e-01,-4.962226e-01,-9.662968e-01,-3.899344e-01,-1.018381e+00,-2.251710e-01,-7.967490e-01,-1.436926e+00,1.042143e+00,3.414929e-03,0,-1.174639e-01
1.010978e-03,-1.030091e+00,1.004630e+01,-1.716584e+00,2.846642e+00,-1.364082e+00,4.735129e-01,-5.860375e-01,4.439911e-01,2.189090e+00,5.223389e+00,1.630330e+00,4.536421e+00,1.752795e-02,0,1.822522e-01,4.527741e-07,1.827217e-01,-4.041706e-01,-5.306982e-01,5.438356e-01,3.588636e-01,-8.927008e-01,-8.161718e-01,-2.541422e-01,3.316719e-01,1.041195e-01,-3.555318e-01,5.393950e-01,2.810517e-03,0,-4.994487e-02
1.005643e-03,-9.951862e-01,9.141145e+00,-2.560814e+00,3.486865e+00,-2.738501e-01,-3.282677e-01,-1.423783e+00,-4.073774e-01,2.054939e+00,7.039513e+00,2.701500e+00,5.109402e+00,1.964340e-02,0,2.025671e-01,3.472769e-05,5.394723e-01,-1.301298e+00,-1.476941e+00,7.513657e-01,9.158466e-01,-8.444005e-01,-1.196427e+00,2.287664e-01,4.060944e-01,7.548313e-01,1.108477e+00,-3.654626e-01,9.670596e-04,0,7.065488e-02
1.053357e-03,-8.119420e-02,7.156504e+00,-4.688608e+00,4.405876e+00,1.238969e+00,-6.266589e-01,-2.567626e+00,1.684607e+00,2.565019e+00,7.695768e+00,4.905508e+00,3.337346e+00,1.934119e-02,0,4.138950e-01,7.039539e-05,7.470645e-01,-1.942952e+00,-1.852767e+00,1.042633e+00,7.653757e-01,-9.879009e-01,-1.380509e+00,-4.130451e-02,1.519382e-01,1.162892e+00,2.149112e+00,-4.483089e-01,-1.390148e-03,0,1.255084e-01
1.184177e-03,1.140832e+00,4.639997e+00,-7.336346e+00,5.990719e+00,1.829409e+00,-2.453853e+00,-5.242678e+00,8.061233e-01,2.336754e+00,9.033059e+00,8.364266e+00,2.935186e+00,1.541251e-02,0,6.157635e-01,9.205185e-05,5.601692e-01,-2.105230e+00,-1.510188e+00,1.479180e+00,3.751987e-01,-1.139977e+00,-9.480671e-01,-5.464953e-01,6.253379e-01,1.569891e+00,1.706285e+00,-2.908249e-01,-2.175884e-03,0,9.272344e-02
1.273688e-03,1.637222e+00,2.582111e+00,-8.592651e+00,6.807879e+00,1.411167e+00,-3.403199e+00,-5.579136e+00,-3.692818e-01,2.807873e+00,1.004107e+01,9.544509e+00,3.381984e+00,1.269266e-02,0,6.031961e-01,9.327485e-05,1.758524e-01,-1.849454e+00,-8.349899e-01,1.637394e+00,2.165118e-01,-1.278149e+00,-2.023904e-01,-8.281000e-01,7.545479e-01,1.642874e+00,6.814569e-01,1.920938e-01,-1.601693e-03,0,2.428185e-02
1.355736e-03,9.464520e-01,9.021938e-01,-8.159735e+00,9.681763e+00,1.516044e+00,-4.639885e+00,-4.658363e+00,-2.112910e+00,5.060202e+00,1.371631e+01,8.913426e+00,3.632959e+00,1.208824e-02,0,5.715338e-01,1.039773e-04,1.118371e-01,-1.297517e+00,-7.399349e-01,1.177770e+00,1.740177e-01,-9.903826e-01,4.073942e-01,-1.372422e-01,5.638126e-01,8.491647e-01,2.769356e-02,8.389845e-02,3.022067e-05,0,-1.412234e-02
1.433951e-03,8.952580e-01,-2.218640e-01,-8.451863e+00,1.074732e+01,2.478210e+00,-5.924386e+00,-3.871735e+00,-9.963767e-01,4.976035e+00,1.356851e+01,8.038213e+00,3.948929e+00,1.299486e-02,0,5.574191e-01,1.420169e-04,5.981616e-01,-8.478935e-01,-1.510122e+00,6.553392e-02,-1.366140e-01,-4.184218e-01,5.244294e-01,7.924281e-01,-4.159696e-01,-8.768280e-01,2.135562e-01,-2.302740e-01,1.239045e-03,0,-1.115036e-03
1.623932e-03,2.070999e+00,-4.455992e-01,-1.110641e+01,9.909848e+00,2.165976e+00,-6.145173e+00,-4.059408e+00,4.334598e-01,4.071736e+00,1.151516e+01,9.255882e+00,3.071206e+00,1.541251e-02,0,5.680403e-01,1.745996e-04,1.034055e+00,-5.757688e-01,-2.322247e+00,-1.392300e+00,-7.855436e-01,4.363385e-01,7.683384e-01,1.254804e+00,-1.205661e+00,-2.366247e+00,1.172878e+00,-7.542528e-01,2.538531e-03,0,1.476402e-02
1.849675e-03,4.065756e+00,-9.834599e-01,-1.466992e+01,7.021506e+00,4.031314e-01,-4.742664e+00,-3.256467e+00,2.319674e+00,1.222258e+00,6.757507e+00,1.044106e+01,2.511490e+00,1.722575e-02,0,5.993677e-01,1.710268e-04,8.734533e-01,-4.446290e-01,-2.213981e+00,-2.262933e+00,-1.191528e+00,1.058563e+00,1.084681e+00,1.003622e+00,-1.228352e+00,-2.101249e+00,1.957394e+00,-8.462440e-01,3.747356e-03,0,2.152601e-02
2.020873e-03,4.531475e+00,-1.595852e+00,-1.666194e+01,4.583170e+00,-1.374135e+00,-3.049053e+00,-1.124305e+00,2.503084e+00,9.087850e-01,5.290579e+00,1.357639e+01,5.804142e-01,2.266546e-02,0,6.243796e-01,1.130944e-04,2.762422e-01,-2.903312e-01,-1.260095e+00,-2.668020e+00,-1.109320e+00,1.227023e+00,1.392254e+00,7.962398e-01,-1.081819e+00,-9.154234e-01,1.904189e+00,-1.403528e-01,4.351767e-03,0,1.800431e-02
2.090615e-03,4.032286e+00,-1.869882e+00,-1.674401e+01,2.095998e+00,-1.709374e+00,-2.179628e+00,8.411805e-02,2.986923e+00,4.157524e-01,6.174559e+00,1.566493e+01,9.631047e-01,2.810517e-02,0,6.368795e-01,4.744094e-05,-1.793490e-01,1.030037e-01,-2.944153e-01,-2.629833e+00,-9.317233e-01,1.031758e+00,1.441291e+00,4.011870e-01,-9.769877e-01,4.464652e-01,9.509813e-01,8.326584e-01,3.868239e-03,0,9.072715e-03
2.068934e-03,3.468946e+00,-1.454044e+00,-1.636985e+01,-9.674985e-01,-2.324374e+00,-1.291577e+00,1.231570e+00,4.081035e+00,-9.341037e-01,7.229521e+00,1.616489e+01,3.143635e+00,3.173164e-02,0,6.393059e-01,5.785399e-06,-3.767135e-02,5.835932e-01,1.356157e-01,-2.506522e+00,-8.264133e-01,8.817552e-01,1.329615e+00,-1.678538e-02,-1.353863e+00,7.192907e-01,-5.535339e-01,1.518783e+00,1.722575e-03,0,1.281297e-03
2.062849e-03,3.700276e+00,-5.393457e-01,-1.628804e+01,-3.352326e+00,-3.780366e+00,-4.626100e-01,2.772052e+00,3.536634e+00,-2.741236e+00,8.020362e+00,1.390172e+01,5.393172e+00,3.203385e-02,0,6.372681e-01,-3.478855e-05,2.604888e-01,1.122328e+00,2.526030e-01,-2.052733e+00,-6.993316e-01,9.077715e-01,1.162509e+00,-7.198063e-01,-1.329510e+00,2.717476e-02,-1.430829e+00,1.090999e+00,-6.648535e-04,0,-2.812660e-03
2.063683e-03,4.509123e+00,6.568452e-01,-1.621184e+01,-5.225279e+00,-4.470706e+00,5.012143e-01,4.179803e+00,2.144301e+00,-4.282033e+00,7.964131e+00,1.169033e+01,5.959294e+00,2.931399e-02,0,6.305918e-01,-9.884046e-05,3.105198e-01,1.597468e+00,7.257590e-01,-1.177748e+00,-1.660188e-01,9.002087e-01,6.646641e-01,-1.374460e+00,-1.070495e+00,-8.058804e-01,-1.883569e+00,2.743780e-01,-3.082502e-03,0,-5.136871e-03
1.919297e-03,4.814641e+00,2.686313e+00,-1.555999e+01,-6.038778e+00,-4.132866e+00,1.462834e+00,4.422544e+00,3.562576e-01,-4.557834e+00,5.943128e+00,1.074806e+01,5.010270e+00,2.598973e-02,0,6.271732e-01,-1.858056e-04,-3.803577e-02,2.003733e+00,1.392868e+00,-1.648625e-01,7.138222e-01,7.817789e-01,-8.558538e-02,-1.323791e+00,-4.820494e-01,-1.412257e+00,-1.581588e+00,1.032948e-02,-4.865519e-03,0,-5.581820e-03
1.646507e-03,4.464362e+00,4.920466e+00,-1.310508e+01,-5.513014e+00,-2.978217e+00,2.246744e+00,3.729645e+00,-1.201078e+00,-5.378278e+00,4.238737e+00,8.323871e+00,4.706976e+00,1.934119e-02,0,6.186690e-01,-2.336885e-04,-5.733188e-01,1.966887e+00,1.925044e+00,7.667640e-01,1.473841e+00,5.717968e-01,-7.459422e-01,-8.864422e-01,2.960830e-02,-1.045862e+00,-1.381783e+00,3.549716e-01,-4.956180e-03,0,-6.447703e-03
1.342408e-03,3.532478e+00,7.347509e+00,-1.087709e+01,-4.032772e+00,-9.574988e-01,2.573519e+00,2.569204e+00,-1.409634e+00,-4.603361e+00,2.821773e+00,7.677007e+00,6.070978e+00,1.269266e-02,0,6.153204e-01,-2.142676e-04,-9.491211e-01,1.382986e+00,1.937647e+00,1.430894e+00,1.835667e+00,3.635188e-01,-9.959911e-01,-6.483789e-02,5.293759e-01,-3.242494e-01,-9.680454e-01,5.553814e-01,-3.838018e-03,0,-4.646238e-02
1.183685e-03,2.283611e+00,8.160683e+00,-8.928079e+00,-2.394463e+00,1.310816e+00,2.804855e+00,1.376762e+00,-1.404964e+00,-4.111228e+00,4.295496e+00,6.316940e+00,7.203798e+00,1.118163e-02,0,6.042797e-01,-1.507958e-04,-1.095915e+00,7.052403e-01,1.767103e+00,1.668847e+00,1.659073e+00,5.098264e-01,-7.794480e-01,2.495912e-01,5.887716e-01,2.683313e-02,-5.927936e-01,-1.104585e-01,-1.752795e-03,0,-6.571063e-02
1.079371e-03,1.159411e+00,7.981134e+00,-7.960258e+00,-4.435832e-01,2.900952e+00,3.001372e+00,6.190298e-01,1.340112e-01,-2.544480e+00,4.293501e+00,6.911303e+00,6.538765e+00,1.087942e-02,0,4.020560e-01,-8.165054e-05,-8.841410e-01,3.518061e-01,1.567558e+00,1.507961e+00,1.122572e+00,7.399460e-01,-3.082835e-01,-5.522152e-02,3.879940e-01,-1.729647e-01,-2.265891e-01,-1.132047e+00,3.022067e-05,0,-6.728430e-02
1.024047e-03,1.713211e-01,8.129855e+00,-5.727978e+00,1.036627e+00,3.387922e+00,4.581950e+00,8.074922e-01,-7.249446e-01,-3.463861e+00,3.637038e+00,5.742754e+00,3.920790e+00,1.148383e-02,0,3.967481e-01,-3.477404e-05,-4.885718e-01,4.826308e-01,1.341606e+00,1.019922e+00,3.967349e-01,8.055052e-01,7.677303e-02,-6.729244e-01,3.384991e-02,-4.359301e-01,2.564327e-01,-1.408330e+00,1.027501e-03,0,-6.565815e-03
1.013974e-03,1.679185e-01,9.121953e+00,-4.639348e+00,1.791487e+00,3.616809e+00,5.384702e+00,1.312422e+00,-2.025751e+00,-2.987075e+00,2.286178e+00,6.831154e+00,2.052245e+00,1.269266e-02,0,3.826648e-01,5.777739e-06,-5.042485e-02,4.233827e-01,5.402100e-01,5.498086e-01,-3.205979e-01,2.182063e-01,-8.744894e-02,-1.257587e+00,5.500834e-02,4.725576e-01,5.622802e-01,-8.468993e-01,1.420369e-03,0,5.662258e-02
1.042513e-03,3.364985e-01,1.000343e+01,-3.880502e+00,1.587611e+00,2.936562e+00,5.640716e+00,1.413931e+00,-3.689705e+00,-3.720681e+00,3.119508e+00,7.639178e+00,2.405411e+00,1.541251e-02,0,5.811462e-01,3.921394e-05,3.168133e-01,-1.543655e-01,-6.656246e-01,5.407516e-01,-8.666174e-01,-9.706323e-01,-6.601094e-01,-1.051036e+00,4.300709e-01,1.447598e+00,7.221541e-01,9.194084e-02,8.763978e-04,0,6.541637e-02
1.099027e-03,8.246985e-01,9.161262e+00,-6.182947e+00,2.029968e+00,1.523643e+00,3.563020e+00,-1.214345e-01,-4.671542e+00,-2.141028e+00,6.915054e+00,8.774492e+00,3.061959e+00,1.601692e-02,0,5.929698e-01,6.271318e-05,4.942164e-01,-1.139421e+00,-1.554684e+00,8.534690e-01,-9.103859e-01,-2.003234e+00,-1.357777e+00,-3.655354e-01,6.750511e-01,1.884490e+00,4.986770e-01,4.731432e-01,-4.230887e-04,0,4.987942e-02
1.177591e-03,1.426998e+00,7.338374e+00,-8.284302e+00,3.621145e+00,1.014186e-01,6.396294e-01,-1.776126e+00,-4.657228e+00,-1.736530e+00,8.560588e+00,8.381856e+00,3.875637e+00,1.420369e-02,0,6.186774e-01,6.559097e-05,4.622158e-01,-1.935585e+00,-1.455360e+00,1.591571e+00,-4.265562e-01,-3.027696e+00,-1.770266e+00,6.478241e-01,1.421958e+00,8.525788e-01,-1.225850e-01,5.244159e-01,-1.269266e-03,0,1.352787e-03
1.260001e-03,2.093751e+00,4.757377e+00,-1.021087e+01,5.042065e+00,4.824511e-01,-2.130924e+00,-3.881436e+00,-3.369666e+00,-6.038949e-01,8.988089e+00,8.953200e+00,3.682847e+00,1.118163e-02,0,6.132963e-01,2.711507e-05,-2.681800e-02,-1.772028e+00,-5.895147e-02,2.070672e+00,9.092943e-01,-2.620877e+00,-1.839429e+00,1.530062e+00,1.648092e+00,-7.266256e-01,-1.130280e+00,1.067047e-01,-3.324268e-04,0,-4.925451e-02
1.289980e-03,2.013051e+00,2.527443e+00,-9.143340e+00,8.039416e+00,1.324377e+00,-6.650791e+00,-5.557400e+00,-1.101522e+00,2.620543e+00,6.345884e+00,6.936899e+00,4.717046e+00,1.148383e-02,0,5.777469e-01,-2.521361e-05,-6.719320e-01,-1.011234e+00,1.224261e+00,2.179730e+00,1.808224e+00,-1.861097e+00,-1.349819e+00,2.168562e+00,1.748481e+00,-1.632009e+00,-1.878149e+00,-4.268351e-01,2.387428e-03,0,-7.834663e-02
1.178407e-03,3.975817e-01,2.706589e+00,-6.048185e+00,1.017419e+01,5.458635e+00,-5.896153e+00,-7.427942e+00,1.200915e+00,3.920892e+00,4.389278e+00,3.845569e+00,3.174778e+00,1.571472e-02,0,3.671625e-01,-5.592352e-05,-1.219223e+00,-3.255920e-01,1.922639e+00,2.054697e+00,1.552205e+00,-1.239265e+00,-3.295813e-01,2.469626e+00,8.674186e-01,-1.567599e+00,-1.652119e+00,-7.835125e-01,4.744636e-03,0,-7.662036e-02
1.092320e-03,-1.084578e+00,3.307596e+00,-4.244338e+00,1.195373e+01,6.654449e+00,-6.783239e+00,-6.751970e+00,3.900292e+00,4.743481e+00,2.699950e+00,1.544925e+00,1.995497e+00,2.387428e-02,0,3.500111e-01,-3.566067e-05,-1.054400e+00,-2.839176e-01,1.389352e+00,1.499225e+00,-1.412978e-01,-1.564715e+00,5.836751e-01,2.492107e+00,4.307514e-01,-9.675709e-01,-6.121618e-01,-4.186311e-01,4.986400e-03,0,-1.213816e-02
1.079214e-03,-2.453548e+00,2.739341e+00,-3.047173e+00,1.335839e+01,5.578442e+00,-8.261025e+00,-4.932057e+00,6.477555e+00,2.671729e+00,2.973063e+00,3.388593e+00,1.126059e+00,2.870958e-02,0,3.440624e-01,2.597342e-05,-3.540557e-01,-6.339684e-01,4.875101e-01,9.791512e-01,-2.442814e+00,-2.704439e+00,7.721671e-01,2.216728e+00,7.262321e-01,-5.141446e-01,2.988410e-01,5.902361e-01,2.115442e-03,0,5.086909e-02
1.161274e-03,-1.833383e+00,1.091479e+00,-3.697086e+00,1.394344e+01,5.579844e-01,-1.329193e+01,-3.886967e+00,8.720694e+00,5.398882e+00,2.216137e+00,4.104578e+00,3.648249e+00,2.991840e-02,0,5.286062e-01,6.648913e-05,4.236107e-01,-5.981982e-01,-1.810681e-01,7.070923e-02,-3.524070e+00,-2.293096e+00,1.552325e-01,1.660997e+00,1.128926e+00,-4.403296e-01,1.665319e-01,1.048603e+00,-1.571472e-03,0,5.853475e-02
1.273797e-03,-9.982945e-01,6.448054e-01,-3.884260e+00,1.407509e+01,-3.707202e+00,-1.616400e+01,-4.999608e+00,9.874354e+00,7.224352e+00,2.060462e+00,4.059947e+00,5.299582e+00,2.326987e-02,0,5.322104e-01,6.700739e-05,8.465020e-01,-1.586406e-01,-5.683333e-01,-7.607421e-01,-3.032873e+00,-8.271011e-01,-5.210390e-01,7.755281e-01,1.132394e+00,-2.909766e-01,-4.867560e-01,6.891941e-01,-3.414929e-03,0,4.278729e-02
1.327474e-03,3.058484e-01,1.363873e+00,-4.731134e+00,1.194893e+01,-6.323077e+00,-1.429723e+01,-5.942032e+00,1.050688e+01,8.111798e+00,9.546027e-01,2.041907e+00,5.151752e+00,1.873678e-02,0,5.486109e-01,2.002100e-05,6.702980e-01,4.073014e-01,-5.944182e-01,-1.154242e+00,-1.229064e+00,7.787297e-01,-5.984343e-01,-3.221602e-01,2.463930e-01,3.776976e-01,-6.697147e-01,-6.348828e-01,-2.780296e-03,0,8.531516e-03
1.331151e-03,7.093465e-01,1.809941e+00,-5.371815e+00,1.055194e+01,-6.145391e+00,-1.189388e+01,-6.509719e+00,9.462104e+00,6.977240e+00,2.148947e+00,1.986148e+00,3.820278e+00,1.722575e-02,0,5.479965e-01,-3.805839e-05,3.012213e-01,6.867737e-01,-5.217733e-01,-1.129161e+00,3.337656e-01,1.255648e+00,-3.599034e-01,-1.169413e+00,6.605391e-02,9.723573e-01,-4.203115e-01,-1.372595e+00,-3.928676e-04,0,1.078892e-02
1.232702e-03,6.642870e-01,2.545419e+00,-5.925400e+00,9.933805e+00,-4.368238e+00,-1.153334e+01,-6.124083e+00,7.316018e+00,6.754404e+00,4.060383e+00,1.792903e+00,1.213487e+00,1.903898e-02,0,5.633707e-01,-6.085496e-05,-5.872110e-02,6.950217e-01,-2.529280e-01,-9.323169e-01,7.111421e-01,4.299726e-01,-8.665080e-02,-1.349244e+00,2.854283e-01,1.490144e+00,2.076763e-01,-1.433895e+00,6.346327e-04,0,1.078386e-02
1.130891e-03,3.285929e-01,3.487901e+00,-5.895994e+00,9.436851e+00,-3.015793e+00,-1.126771e+01,-6.708099e+00,5.622719e+00,8.233319e+00,5.369358e+00,2.082892e+00,4.057399e-01,2.115443e-02,0,5.787751e-01,-4.872320e-05,-1.216780e-01,4.524466e-01,-2.290428e-01,-1.186685e+00,3.935687e-01,2.100918e-01,-1.471828e-01,-9.276315e-01,4.800473e-01,1.495465e+00,5.890942e-01,-9.213873e-01,6.346327e-04,0,9.387833e-03
1.123329e-03,2.026197e-01,4.000001e+00,-5.733685e+00,7.844887e+00,-4.332165e+00,-1.246046e+01,-6.276096e+00,5.680349e+00,8.910900e+00,6.795116e+00,3.031917e+00,-3.104528e-01,1.994560e-02,0,5.871409e-01,-1.759732e-05,3.981293e-02,1.618250e-01,-2.799455e-01,-1.728199e+00,-2.359328e-02,5.817243e-01,-1.707284e-01,-4.056167e-01,1.058113e-01,1.470452e+00,4.908912e-01,-2.825542e-01,1.269266e-03,0,3.091937e-03
1.142222e-03,3.317903e-01,3.344883e+00,-6.612886e+00,5.662971e+00,-4.195584e+00,-1.037986e+01,-7.169627e+00,5.641781e+00,8.299228e+00,8.258905e+00,4.312112e+00,-2.468828e-02,1.994560e-02,0,5.830506e-01,-6.617827e-06,1.740433e-01,-4.542935e-02,-6.314305e-01,-1.765378e+00,1.366529e-01,1.140909e+00,3.520956e-02,-3.926049e-01,-5.493508e-01,1.425576e+00,3.396464e-01,-1.830836e-01,2.840737e-03,0,-2.735853e-05
1.139050e-03,8.617530e-01,3.426052e+00,-6.966681e+00,3.179752e+00,-3.896309e+00,-9.068643e+00,-6.746961e+00,5.278403e+00,7.250506e+00,9.967871e+00,3.132749e+00,1.593009e-02,2.598973e-02,0,5.766926e-01,-1.652060e-05,1.272950e-01,-6.038241e-02,-7.249359e-01,-1.367877e+00,5.641209e-01,1.662036e+00,3.666544e-02,-3.972003e-01,-5.910131e-01,1.121824e+00,3.230467e-01,-1.329628e-01,5.651255e-03,0,1.047015e-03
1.089941e-03,8.692427e-01,3.547729e+00,-8.436648e+00,2.942530e+00,-2.550456e+00,-7.259069e+00,-6.296619e+00,3.860667e+00,6.316762e+00,1.091086e+01,3.730708e+00,-6.728697e-01,3.233605e-02,0,5.838624e-01,-1.797290e-05,-1.558661e-05,-9.770475e-02,-7.589657e-01,-6.687329e-01,5.947932e-01,1.662676e+00,1.593104e-01,-4.724962e-01,-3.586068e-02,6.084131e-01,8.500592e-01,-2.103685e-01,6.436990e-03,0,2.731776e-03
1.066866e-03,5.703683e-01,3.596667e+00,-8.446484e+00,2.365722e+00,-2.334125e+00,-5.710674e+00,-6.529273e+00,4.584904e+00,6.947067e+00,1.107826e+01,4.937853e+00,-6.511760e-01,4.200665e-02,0,5.919700e-01,2.661452e-06,-1.570394e-02,-2.957135e-01,-8.056075e-01,-3.842885e-01,5.880138e-01,1.865869e+00,1.022664e-01,-6.933773e-01,4.127001e-01,3.637026e-01,1.498552e+00,-1.590807e-01,4.925959e-03,0,1.125491e-03
1.088449e-03,4.774047e-01,2.771052e+00,-9.667813e+00,2.726322e+00,-2.002711e+00,-3.745469e+00,-6.481919e+00,3.626049e+00,8.271644e+00,1.074578e+01,7.659856e+00,-7.429779e-01,4.412209e-02,0,5.890708e-01,2.697714e-05,1.518793e-01,-2.747882e-01,-7.310239e-01,-5.180205e-01,6.345280e-01,1.958562e+00,5.242927e-01,-1.182075e+00,5.590690e-01,1.639165e-01,1.065340e+00,-2.761270e-02,1.359928e-03,0,-3.914309e-03
1.153104e-03,9.791523e-01,2.335823e+00,-1.037914e+01,1.366414e+00,-1.230113e+00,-1.496096e+00,-6.142979e+00,1.928826e+00,8.336566e+00,1.186893e+01,8.660937e+00,-7.444191e-01,4.472650e-02,0,5.797159e-01,3.179642e-05,2.381527e-01,-3.913338e-02,-8.363197e-01,-6.486492e-01,1.016431e+00,2.027745e+00,1.320372e+00,-1.481973e+00,-2.658043e-01,-1.526232e-02,4.601029e-01,7.914563e-02,-2.931399e-03,0,-5.418199e-03
1.181708e-03,1.424247e+00,2.804209e+00,-1.112544e+01,8.520816e-01,7.017811e-02,4.264518e-01,-3.868302e+00,-7.216704e-01,8.417358e+00,1.133511e+01,7.195867e+00,-7.643116e-01,3.777577e-02,0,5.704179e-01,1.646046e-05,8.676697e-02,2.658916e-01,-8.030773e-01,-9.055499e-01,1.018819e+00,2.106853e+00,1.923256e+00,-1.218600e+00,-9.719400e-01,-4.108707e-01,-2.586025e-01,1.431198e-01,-4.623753e-03,0,-2.616787e-03
1.179218e-03,1.287710e+00,3.384421e+00,-1.189927e+01,5.959583e-02,1.711584e+00,2.342089e+00,-1.234219e+00,-6.511037e-01,5.545188e+00,1.070728e+01,7.470362e+00,-2.447810e-01,3.052282e-02,0,5.742055e-01,6.925512e-06,-7.001776e-02,3.612519e-01,-1.005613e+00,-1.028464e+00,8.214506e-01,2.000115e+00,1.973452e+00,-3.913202e-01,-1.238253e+00,-9.050452e-01,-1.800414e-01,2.747992e-01,-4.049562e-03,0,4.919767e-04
1.157694e-03,7.569606e-01,3.576211e+00,-1.292313e+01,-1.148019e+00,1.620533e+00,4.869706e+00,6.799798e-01,-1.176986e+00,4.807632e+00,9.272246e+00,6.962132e+00,-2.771982e-01,2.810517e-02,0,5.787421e-01,1.192127e-05,-1.199724e-01,2.598357e-01,-1.046207e+00,-1.426206e+00,4.700147e-01,1.930506e+00,1.519059e+00,3.282020e-01,-1.090372e+00,-1.218848e+00,1.857256e-01,4.575781e-01,-1.813238e-03,0,2.761149e-03
1.199738e-03,9.627069e-01,3.756081e+00,-1.450835e+01,-2.775854e+00,2.101962e+00,6.282850e+00,1.450138e+00,1.998824e-01,3.950164e+00,8.375133e+00,7.877598e+00,3.860203e-01,2.931399e-02,0,5.780137e-01,1.200687e-05,-7.444257e-02,1.790764e-01,-8.147509e-01,-1.580886e+00,2.720972e-01,1.213804e+00,1.074515e+00,7.537123e-01,-7.007227e-01,-1.251947e+00,2.483122e-01,6.938781e-01,-9.670596e-04,0,1.242399e-03
1.231055e-03,9.868868e-01,3.917558e+00,-1.505193e+01,-4.861225e+00,2.225063e+00,8.108601e+00,2.384816e+00,4.938465e-01,3.763009e+00,6.406943e+00,7.920877e+00,1.208179e+00,2.931399e-02,0,5.823196e-01,-6.122456e-06,-2.098127e-01,1.092618e-01,-2.415518e-01,-1.542397e+00,1.567511e-01,4.602807e-01,9.850723e-01,8.847682e-01,-8.608313e-01,-6.902581e-01,2.418630e-01,9.666899e-01,-4.230879e-04,0,5.174279e-04
1.202572e-03,8.005342e-01,4.109130e+00,-1.490862e+01,-5.988230e+00,2.769806e+00,6.791658e+00,3.285936e+00,2.282041e+00,2.563886e+00,5.880196e+00,8.232551e+00,2.481921e+00,2.508311e-02,0,5.786287e-01,-3.370355e-05,-3.900088e-01,2.869039e-02,2.757049e-01,-1.147681e+00,-9.174848e-03,-1.618526e-01,7.291631e-01,2.541593e-01,-8.530282e-01,1.302522e-01,-2.428068e-01,1.003261e+00,1.027502e-03,0,-1.253748e-03
1.125665e-03,-2.110168e-01,3.945996e+00,-1.393076e+01,-7.253817e+00,2.070367e+00,6.916705e+00,4.687442e+00,2.205775e+00,1.196614e+00,7.068424e+00,7.993970e+00,3.508301e+00,2.810517e-02,0,5.810217e-01,-4.161071e-05,-3.890850e-01,3.149068e-02,4.941436e-01,-6.649580e-01,-3.203118e-02,-2.575440e-01,3.114700e-01,-2.794591e-01,-9.107311e-01,5.848582e-01,-3.140331e-01,8.278071e-01,4.684195e-03,0,-5.613297e-03
1.083915e-03,-3.883855e-01,3.885314e+00,-1.369042e+01,-7.317963e+00,2.133436e+00,6.069535e+00,3.944640e+00,6.147141e-01,9.682202e-01,8.695653e+00,6.627017e+00,4.252263e+00,3.505591e-02,0,5.723939e-01,-4.194846e-05,-4.313821e-01,1.839147e-01,8.742332e-01,-6.978627e-02,-9.340741e-02,1.406092e-01,-2.840595e-01,-6.085904e-01,-5.847334e-01,2.004518e-01,9.329472e-02,3.970273e-01,6.799637e-03,0,-4.487912e-02
1.082330e-03,-3.640785e-01,4.186919e+00,-1.319032e+01,-7.521149e+00,2.383092e+00,7.181942e+00,3.612813e+00,-6.978563e-02,7.186055e-03,7.923505e+00,7.153478e+00,4.462043e+00,4.774857e-02,0,5.573705e-01,-3.031088e-05,-3.351735e-01,3.544779e-01,9.065782e-01,3.786355e-01,-2.307167e-01,4.589188e-01,-4.006321e-01,-1.714796e-01,-3.175980e-01,-7.910454e-01,4.069740e-01,-4.693177e-02,5.469929e-03,0,-6.295142e-02
1.014498e-03,-1.279845e+00,4.908242e+00,-1.090768e+01,-6.203496e+00,2.146406e+00,7.362085e+00,2.402953e+00,3.768701e-01,2.349334e-01,6.454914e+00,9.119270e+00,3.990186e+00,4.925959e-02,0,3.660587e-01,-1.293655e-05,-2.613127e-01,2.137507e-01,6.120423e-01,4.073202e-01,-6.158842e-01,7.545920e-01,1.565208e-01,5.108808e-01,-3.969564e-01,-1.427303e+00,3.577070e-01,-1.056655e-01,6.648529e-04,0,-5.570228e-02
1.008819e-03,-1.441155e+00,5.206922e+00,-1.078924e+01,-5.917873e+00,9.102984e-01,8.565023e+00,3.455126e+00,1.467299e+00,-2.473253e-02,4.233567e+00,8.782714e+00,3.404680e+00,4.835298e-02,0,3.694322e-01,-4.937407e-06,-1.859978e-01,-2.482471e-02,2.439060e-02,3.468532e-01,-5.468499e-01,4.154779e-01,7.736598e-01,5.735534e-01,-5.298481e-01,-1.121799e+00,-2.053477e-01,1.268013e-01,-3.596252e-03,0,-3.172448e-02
1.055988e-03,-1.156411e+00,4.444067e+00,-1.183075e+01,-6.083000e+00,-2.095883e-01,9.150954e+00,4.806088e+00,2.400575e+00,-1.000602e+00,3.404106e+00,7.600935e+00,4.252617e+00,3.807797e-02,0,3.878516e-01,1.664772e-05,1.496762e-01,-6.046462e-02,-5.547945e-01,-2.271607e-01,-3.851268e-01,-4.046621e-02,1.183023e+00,1.991068e-01,-9.947031e-01,-5.048040e-01,-2.494564e-01,4.987797e-01,-3.777575e-03,0,6.116599e-03
1.036898e-03,-1.355784e+00,4.294883e+00,-1.260683e+01,-5.847130e+00,8.268395e-01,8.364898e+00,6.279545e+00,1.786129e+00,-2.024287e+00,3.839912e+00,6.885908e+00,4.964834e+00,3.535812e-02,0,3.878516e-01,-1.777895e-06,3.111077e-02,2.945705e-01,-2.978906e-01,-3.178158e-01,-9.989727e-02,-7.103855e-01,9.406303e-01,-3.523552e-01,-1.098042e+00,2.104883e-02,2.414155e-01,5.268773e-01,-2.055001e-03,0,-3.531236e-02
1.083697e-03,-5.741493e-01,5.061938e+00,-1.277285e+01,-7.374671e+00,2.625019e-01,7.259817e+00,6.905857e+00,1.212989e+00,-3.738805e+00,4.127722e+00,8.820392e+00,5.704008e+00,3.686915e-02,0,3.874320e-01,-1.235406e-05,2.555260e-02,7.230395e-01,1.748086e-01,-3.116918e-01,-1.782479e-01,-6.218414e-01,5.763007e-01,-4.891904e-01,-6.904250e-01,2.895176e-01,3.587218e-01,-2.269301e-01,-9.066202e-05,0,-5.843144e-02
9.860750e-04,-1.576732e+00,6.370839e+00,-1.180764e+01,-6.861117e+00,1.747669e-01,5.958664e+00,7.108393e+00,2.993166e-01,-4.145841e+00,3.977003e+00,9.380063e+00,5.313371e+00,3.868238e-02,0,1.930802e-01,-3.269996e-05,-1.480632e-01,7.560997e-01,5.798372e-01,3.569078e-02,-4.454325e-01,-5.082757e-01,-3.222485e-02,-8.593225e-02,1.887608e-01,8.454256e-01,-1.964836e-02,-7.160551e-01,-1.601693e-03,0,-9.700551e-02
1.019629e-03,-9.181746e-01,7.021286e+00,-1.135630e+01,-7.134466e+00,-7.747917e-01,7.244864e+00,7.273167e+00,6.980295e-01,-3.391950e+00,4.783149e+00,8.147466e+00,2.943698e+00,3.596253e-02,0,1.930802e-01,-5.037534e-05,-5.029781e-01,5.417418e-01,9.089714e-01,4.362532e-01,-2.909625e-01,-2.032366e-01,-5.462519e-01,2.163395e-01,1.239094e+00,1.412569e+00,-7.539415e-01,-6.289355e-01,-2.780296e-03,0,-9.679442e-02
9.054319e-04,-1.924088e+00,7.095707e+00,-1.041592e+01,-5.788779e+00,-8.816761e-01,5.830996e+00,5.934765e+00,1.613948e+00,-1.253910e+00,7.739327e+00,7.124129e+00,2.764714e+00,2.780296e-02,0,0,-1.574706e-05,-2.006084e-01,-2.072120e-01,3.372709e-01,4.351195e-01,-3.423301e-01,-5.271671e-01,-5.812305e-01,6.699901e-01,1.166162e+00,1.036099e+00,-5.350894e-01,1.443758e-01,-2.387428e-03,0,-2.075917e-02
8.721420e-04,-2.915362e+00,7.408213e+00,-8.923854e+00,-5.729574e+00,-6.640891e-01,6.307468e+00,4.761411e+00,1.637371e+00,1.010697e+00,9.309405e+00,6.178651e+00,3.833659e+00,2.840737e-02,0,0,2.065799e-05,-8.402602e-02,-1.029152e+00,-3.189685e-01,4.159342e-01,-5.278424e-01,-7.068604e-01,-2.298563e-01,6.749156e-01,2.736793e-01,-1.429833e-01,-7.846832e-04,6.496927e-01,3.928684e-04,0,5.631323e-02
9.810831e-04,-1.581180e+00,5.141315e+00,-1.133751e+01,-5.387966e+00,-1.592235e+00,3.791527e+00,5.458118e+00,3.179596e+00,-5.163552e-01,6.894371e+00,7.689023e+00,5.590270e+00,3.052282e-02,0,1.858244e-01,5.303733e-05,2.699993e-01,-1.413776e+00,-5.551874e-01,1.971164e-01,-9.862329e-01,-3.208691e-01,1.833533e-01,5.573066e-01,-5.478805e-01,-1.146333e+00,4.054753e-01,3.583224e-01,3.777577e-03,0,1.145202e-01
1.085093e-03,-1.509758e+00,2.852724e+00,-1.249035e+01,-5.255201e+00,-3.058724e+00,4.730296e+00,6.362209e+00,3.289783e+00,-2.392331e+00,4.490710e+00,7.861095e+00,4.779383e+00,3.656694e-02,0,3.817341e-01,1.946678e-05,1.173255e-01,-8.726635e-01,-5.934133e-02,1.837914e-01,-1.174811e+00,-3.912068e-03,2.384466e-01,3.029568e-01,-4.968975e-01,-1.091144e+00,-1.500577e-01,-2.857782e-01,4.714415e-03,0,5.877290e-02
1.064143e-03,-1.276893e+00,2.304572e+00,-1.140861e+01,-5.040383e+00,-4.615523e+00,5.015236e+00,6.051133e+00,3.574275e+00,-2.291798e+00,4.417007e+00,8.310284e+00,4.083464e+00,4.261106e-02,0,3.817341e-01,-3.758716e-05,-2.611203e-01,4.152932e-01,1.010659e+00,-1.381204e-01,-7.076265e-01,3.840302e-01,1.028275e-01,1.573517e-01,5.798372e-01,-4.430087e-01,-6.712914e-01,-4.598970e-01,2.931399e-03,0,-1.820319e-02
9.279460e-04,-2.480878e+00,4.463267e+00,-9.185008e+00,-4.984408e+00,-5.026502e+00,5.676054e+00,5.657137e+00,2.954816e+00,-5.860689e-01,5.092369e+00,5.117733e+00,3.158170e+00,4.593533e-02,0,1.959097e-01,-5.314823e-05,-2.534623e-01,1.098065e+00,8.283694e-01,-3.953961e-01,-1.570554e-01,1.728439e-01,3.121881e-01,5.869123e-01,1.159311e+00,-1.290517e-01,-5.373670e-01,-6.677036e-02,-3.928676e-04,0,-5.820402e-02
8.717209e-04,-2.401222e+00,6.412510e+00,-7.936882e+00,-6.213964e+00,-4.146478e+00,5.238799e+00,6.324792e+00,4.133839e+00,1.479700e+00,4.378498e+00,5.704248e+00,4.101391e+00,4.049562e-02,0,1.877207e-01,-3.216875e-05,-4.300579e-01,7.798307e-01,3.060330e-01,-3.313410e-01,3.265079e-01,2.197676e-01,5.340478e-01,6.681509e-01,1.050188e+00,-3.472241e-01,2.768925e-01,5.689164e-01,-2.659414e-03,0,-3.962158e-02
9.155630e-04,-2.214906e+00,6.289080e+00,-1.008437e+01,-6.645391e+00,-4.078524e+00,5.482734e+00,7.786320e+00,5.944562e+00,1.518474e+00,3.864706e+00,6.477278e+00,4.436568e+00,3.566032e-02,0,1.877207e-01,-8.242100e-06,-4.927037e-01,2.442085e-01,1.081817e-01,1.521790e-01,4.629791e-01,3.092015e-01,3.655773e-01,5.624539e-01,6.010949e-01,-3.163548e-01,9.103502e-01,5.173591e-01,-2.901179e-03,0,-3.918193e-02
9.094907e-04,-3.560168e+00,5.290819e+00,-9.428766e+00,-5.866596e+00,-3.456973e+00,6.210733e+00,7.656780e+00,5.420156e+00,1.906871e+00,3.294718e+00,9.014974e+00,6.288847e+00,3.445150e-02,0,1.877207e-01,9.037578e-06,-2.687766e-01,-1.070497e-01,1.766951e-01,4.230142e-01,-5.739505e-02,1.855698e-01,1.288235e-01,1.658985e-01,-4.385059e-01,2.885084e-02,7.217337e-01,-2.791162e-01,-3.022061e-03,0,-1.874848e-02
8.678506e-04,-4.364923e+00,6.245155e+00,-7.898158e+00,-4.397197e+00,-3.056359e+00,6.736094e+00,6.819029e+00,5.123926e+00,2.205820e+00,4.052485e+00,8.014121e+00,4.651238e+00,3.445150e-02,0,0,1.049932e-05,5.746961e-03,3.047954e-01,6.323608e-01,2.435924e-01,-5.659695e-01,-9.452672e-02,-1.724437e-01,-1.915729e-01,-1.240814e+00,2.450879e-01,5.428352e-02,-1.172200e+00,-3.505591e-03,0,3.538728e-05
9.407650e-04,-2.670096e+00,5.899224e+00,-8.146511e+00,-5.222990e+00,-4.944536e+00,5.539968e+00,7.452555e+00,5.373649e+00,-1.056502e+00,4.428863e+00,8.544495e+00,2.598475e+00,2.598973e-02,0,1.878387e-01,1.233992e-05,-5.200362e-03,3.792933e-01,6.025447e-01,1.840827e-01,-8.714284e-01,-6.976838e-01,-3.696045e-01,2.207084e-02,-1.391291e+00,9.330567e-01,-2.225506e-01,-1.053473e+00,-2.055001e-03,0,1.880746e-02
9.524224e-04,-2.631207e+00,7.508854e+00,-7.563690e+00,-5.749233e+00,-6.164589e+00,5.345483e+00,7.026214e+00,5.009951e+00,-3.203911e+00,4.523073e+00,6.983935e+00,4.207524e-01,2.236325e-02,0,1.878387e-01,-1.001936e-05,-7.946730e-01,3.166308e-01,1.082366e+00,4.998555e-01,-2.195023e-01,-9.306701e-01,-8.444786e-01,2.090062e-01,-3.062528e-01,7.053977e-01,-7.994699e-02,4.205050e-02,1.631913e-03,0,0
9.289044e-04,-4.453028e+00,6.555436e+00,-6.583277e+00,-4.270165e+00,-6.260000e+00,3.417620e+00,5.705165e+00,5.587498e+00,-2.344717e+00,7.724707e+00,8.417314e+00,3.136725e+00,3.022061e-02,0,1.878387e-01,-3.927308e-05,-1.690410e+00,1.261596e-01,1.438151e+00,9.032602e-01,3.368360e-01,-9.498477e-01,-1.545039e+00,1.431379e-01,1.282300e+00,3.094057e-01,-2.035360e-01,1.412393e+00,5.741916e-03,0,-5.635159e-02
8.236841e-04,-7.446822e+00,7.500203e+00,-3.267945e+00,-2.374332e+00,-3.496138e+00,3.143918e+00,3.470331e+00,6.062033e+00,1.318663e+00,5.931551e+00,7.677977e+00,4.592366e+00,4.049562e-02,0,0,-4.293499e-05,-1.600983e+00,-2.799860e-01,1.087654e+00,6.123595e-01,3.177260e-01,-2.927330e-01,-1.462825e+00,-1.539216e-01,1.810892e+00,-8.297997e-01,-6.508413e-01,1.549266e+00,5.409490e-03,0,-5.635159e-02
8.087687e-04,-8.714340e+00,6.534348e+00,-3.103630e+00,-2.394139e+00,-4.594581e+00,1.891512e+00,1.505300e+00,5.563298e+00,3.093713e+00,5.271652e+00,7.179794e+00,7.574632e+00,4.563312e-02,0,0,-2.801481e-05,-1.004186e+00,-4.630214e-01,2.061104e-01,2.391152e-02,-2.767532e-01,6.496640e-01,-9.875498e-01,-8.829748e-01,1.065017e+00,-1.752964e+00,-1.337617e+00,5.302910e-01,1.873678e-03,0,-3.756773e-02
7.978153e-04,-8.505466e+00,6.119468e+00,-3.865244e+00,-3.625448e+00,-5.408669e+00,4.644872e+00,1.812024e+00,4.252443e+00,3.131334e+00,1.600602e+00,4.348488e+00,5.948130e+00,4.170445e-02,0,0,-3.874069e-06,-2.844214e-01,-8.446070e-01,-8.625763e-01,-4.310325e-01,-6.341256e-01,9.077026e-01,-3.729048e-01,-1.274343e+00,-1.059916e-01,-1.124316e+00,-1.077208e+00,3.904467e-02,-1.813236e-03,0,0
8.017647e-04,-8.944637e+00,4.930696e+00,-5.254075e+00,-3.525049e+00,-6.687500e+00,5.915462e+00,1.596571e+00,2.077418e+00,2.074033e+00,1.125361e+00,3.393974e+00,5.110298e+00,3.898459e-02,0,0,1.976476e-06,-1.688535e-01,-6.639916e-01,-7.863245e-01,-1.267905e-01,1.242591e-01,3.194554e-01,-1.240935e-01,-5.829254e-01,-6.473261e-01,-4.268847e-01,-6.797244e-01,-4.654993e-01,-9.066202e-05,0,0
8.078158e-04,-8.753780e+00,4.078993e+00,-6.505603e+00,-3.964040e+00,-5.620306e+00,5.670456e+00,1.560172e+00,1.433258e+00,1.298545e+00,2.383120e+00,4.184847e+00,6.019756e+00,3.475371e-02,0,0,-5.459239e-07,-3.680540e-01,-3.411298e-01,-3.770134e-01,1.978274e-01,8.851112e-01,-8.292915e-01,-3.861092e-01,-6.766911e-02,-9.973062e-01,3.235679e-01,-2.728271e-01,-1.216564e-01,9.187064e-03,0,0
8.136509e-04,-9.434450e+00,4.234627e+00,-5.715073e+00,-2.858796e+00,-3.867467e+00,2.975997e+00,1.010758e+00,4.058263e+00,7.734774e-01,2.745970e+00,3.862992e+00,5.211323e+00,4.865518e-02,0,0,-6.927340e-06,-4.828332e-01,1.879673e-01,4.151257e-01,4.827622e-01,1.376935e+00,-8.752578e-01,-2.482216e-01,3.525956e-01,-1.016313e+00,2.692964e-02,-7.889363e-01,-8.761578e-01,1.846479e-02,0,0
7.891426e-04,-1.010083e+01,4.761854e+00,-5.519812e+00,-2.969438e+00,-2.393130e+00,1.968147e+00,1.743837e-01,2.923675e+00,-1.204919e+00,2.408137e+00,2.749844e+00,5.289336e+00,8.280447e-02,0,0,-1.230217e-05,-6.468282e-01,3.892623e-01,7.739360e-01,5.640503e-01,7.806751e-01,-4.332806e-01,-3.034684e-02,-3.950323e-01,-7.944371e-01,-1.786536e-01,-1.202732e+00,-1.391158e+00,1.879722e-02,0,0
7.764646e-04,-1.068528e+01,5.529102e+00,-3.671342e+00,-1.608539e+00,-1.416412e+00,3.390327e+00,1.048357e+00,3.095188e+00,-1.755801e+00,1.247500e+00,1.667942e-01,1.094720e+00,1.072832e-01,0,0,-7.021939e-06,-4.699515e-01,3.526052e-01,7.044234e-01,5.085228e-01,8.885591e-02,-8.297777e-02,3.187029e-01,-1.195725e+00,5.906185e-02,1.613301e-01,-1.154796e+00,-1.256412e+00,2.870958e-03,0,0
7.648981e-04,-1.136251e+01,5.378067e+00,-3.657789e+00,-1.768917e+00,-2.942458e+00,3.296888e+00,1.389639e+00,-6.036639e-02,-1.409001e+00,2.239086e+00,1.928425e-02,1.122270e+00,9.942582e-02,0,0,3.262533e-06,-2.893004e-01,1.800944e-01,4.690736e-01,5.654439e-01,-2.401695e-01,-5.669231e-01,2.681658e-01,-7.574658e-01,1.200841e+00,9.484164e-01,-5.486086e-01,-4.944877e-01,-1.764884e-02,0,0
7.906635e-04,-1.115337e+01,5.689546e+00,-3.123967e+00,-9.164427e-01,-3.148523e+00,1.896738e+00,1.996645e+00,-4.283402e-01,1.170828e+00,3.637145e+00,-5.457104e-01,1.012797e+00,5.469930e-02,0,0,1.528683e-05,5.499172e-02,-1.172687e-01,-2.423901e-01,1.051094e+00,4.062425e-01,-1.287795e+00,-2.263004e-01,-8.911073e-02,1.064685e+00,5.171264e-01,-3.896751e-01,4.555321e-01,-2.725899e-02,0,0
7.983558e-04,-1.131329e+01,5.582104e+00,-3.448132e+00,-4.882664e-01,-2.727922e+00,-1.196737e-01,1.041068e+00,8.981099e-01,3.335971e+00,5.955396e+00,3.630534e-01,2.857858e+00,2.085222e-02,0,0,2.119775e-05,3.746879e-01,-4.681744e-01,-8.570625e-01,1.675499e+00,1.556247e+00,-1.180036e+00,-3.455812e-01,1.154945e+00,5.673512e-01,-3.092124e-01,-4.358585e-01,6.004502e-01,-2.106377e-02,0,0
8.361699e-04,-1.043493e+01,4.840741e+00,-4.988121e+00,3.006608e+00,5.075328e-01,-1.340367e+00,9.113980e-02,2.170396e+00,1.195138e+00,1.974978e+00,-1.953466e+00,2.504586e+00,1.027501e-02,0,0,2.032337e-05,7.516791e-01,-7.977108e-01,-1.430431e+00,1.748627e+00,2.241866e+00,-2.653117e-01,1.748964e-02,1.241931e+00,-1.727923e-01,-1.311531e+00,-2.329278e-01,3.411773e-01,-7.283167e-03,0,0
8.481336e-04,-9.848287e+00,3.461598e+00,-7.011024e+00,4.647053e+00,3.010750e+00,-9.847391e-01,6.144851e-01,4.414992e+00,1.415599e+00,1.524108e+00,-1.456130e+00,3.378627e+00,1.631913e-02,0,0,6.544739e-05,1.703545e+00,-9.317328e-01,-1.907695e+00,1.078241e+00,1.918092e+00,2.881664e-01,-1.144444e-01,4.807955e-01,-2.438554e-01,-9.220321e-01,9.252241e-01,1.410600e-01,9.670590e-04,0,4.162321e-02
8.673914e-04,-8.127473e+00,2.761245e+00,-8.494674e+00,5.259033e+00,5.191472e+00,1.002713e+00,2.297385e+00,4.022874e+00,1.267052e+00,-7.048646e-01,-8.007576e-01,2.458299e+00,2.055001e-02,0,0,1.110122e-04,2.426615e+00,-7.609669e-01,-1.690241e+00,2.072093e-01,8.845916e-01,-1.097018e-01,-8.171326e-01,-6.108616e-01,2.360996e-01,7.710182e-01,2.747829e+00,4.186110e-01,2.115443e-03,0,9.931974e-02
1.109982e-03,-3.949290e+00,1.963187e+00,-1.123333e+01,3.776726e+00,4.520571e+00,1.496185e-01,-6.342761e-01,2.375849e+00,2.080737e+00,2.685157e+00,4.412820e+00,3.586302e+00,2.055001e-02,0,2.081160e-01,1.495786e-04,2.559743e+00,-8.052458e-01,-1.277128e+00,8.647550e-01,4.823709e-01,-1.117510e+00,-2.040904e+00,-1.763603e+00,2.609126e-01,1.984695e+00,3.238684e+00,5.367626e-01,9.066183e-04,0,1.485822e-01
1.260307e-03,-1.251356e+00,1.785112e+00,-1.132817e+01,4.477818e+00,4.175580e+00,-2.456054e+00,-3.370143e+00,1.356599e-01,2.043067e+00,5.249545e+00,8.851203e+00,4.493804e+00,1.873678e-02,0,3.925407e-01,1.381127e-04,1.559254e+00,-9.589052e-01,-4.161196e-01,2.095174e+00,6.283327e-01,-2.004580e+00,-2.318466e+00,-1.810268e+00,3.376680e-01,2.632558e+00,2.617235e+00,5.666395e-01,1.148384e-03,0,1.363946e-01
1.399569e-03,-4.876285e-01,-7.656419e-02,-1.197992e+01,9.361436e+00,5.930550e+00,-4.842905e+00,-6.756272e+00,-2.459416e+00,2.332155e+00,8.470379e+00,9.911312e+00,5.044688e+00,2.175884e-02,0,5.466408e-01,1.014025e-04,4.492301e-01,-1.035366e+00,1.587816e-01,2.753449e+00,9.405056e-01,-1.898860e+00,-1.429108e+00,-1.168662e+00,1.776646e-01,1.804274e+00,5.623354e-01,-1.378092e-01,2.206105e-03,0,7.315083e-02
1.413161e-03,-2.062035e+00,-1.013406e+00,-1.020198e+01,1.294255e+01,7.628146e+00,-6.523927e+00,-6.233948e+00,-2.610834e+00,2.829683e+00,9.565314e+00,9.536170e+00,4.562304e+00,2.568752e-02,0,5.127108e-01,7.917653e-05,3.671101e-01,-3.492998e-01,-4.138622e-02,9.666794e-01,-1.222353e-02,-1.063440e+00,-7.776557e-01,-2.197110e-01,2.777655e-01,4.210956e-01,-4.676081e-01,-2.396024e-01,1.843458e-03,0,2.937182e-02
1.540567e-03,-1.297800e+00,-1.814384e+00,-1.100252e+01,1.331161e+01,7.496816e+00,-7.310745e+00,-6.347913e+00,-2.094216e+00,2.575752e+00,9.548640e+00,6.882013e+00,2.863006e+00,2.810517e-02,0,5.137852e-01,2.618827e-05,7.690504e-01,1.241504e+00,-2.940432e-01,-2.114151e+00,-1.522985e+00,3.573413e-01,2.214547e-01,2.191774e-02,3.726552e-01,-1.071599e+00,-4.241375e-01,1.295038e-01,-4.533097e-04,0,1.152502e-02
1.585690e-03,9.892806e-01,9.075231e-01,-1.202380e+01,7.336129e+00,3.331329e+00,-6.539334e+00,-7.462601e+00,-1.145496e+00,3.310096e+00,6.815892e+00,8.027812e+00,4.386632e+00,2.478090e-02,0,5.558276e-01,-4.221470e-05,1.025143e+00,2.534990e+00,-1.595715e-01,-3.992257e+00,-2.490172e+00,1.718324e+00,3.679133e-01,-2.255144e-02,2.879492e-01,-1.779482e+00,2.310333e-02,9.310517e-01,-2.387429e-03,0,2.489986e-02
1.444246e-03,1.831965e+00,5.170491e+00,-1.253922e+01,1.593889e+00,4.640307e-01,-3.048495e+00,-5.034672e+00,-3.082497e+00,3.955224e+00,4.487097e+00,8.544804e+00,5.780043e+00,1.994560e-02,0,5.827075e-01,-1.096798e-04,4.669415e-01,2.743204e+00,5.649763e-01,-3.740678e+00,-2.147506e+00,2.078910e+00,1.037969e+00,6.923684e-02,-3.655926e-01,-1.645719e+00,5.009580e-01,1.146454e+00,-2.931400e-03,0,2.527329e-02
1.250249e-03,1.498795e+00,8.169108e+00,-1.023149e+01,-1.159876e+00,-1.306320e+00,-6.343010e-02,-5.051002e+00,-2.229451e+00,3.579693e+00,3.198674e+00,8.820292e+00,7.759044e+00,1.783016e-02,0,6.027489e-01,-1.237432e-04,-1.544012e-01,1.755914e+00,1.188978e+00,-2.045664e+00,-8.778332e-01,1.557458e+00,1.066937e+00,6.324795e-01,-1.104726e+00,-4.726961e-01,-1.407070e-02,7.526411e-01,-2.175884e-03,0,1.784518e-02
1.159889e-03,7.821503e-01,8.270843e+00,-9.073796e+00,-1.143778e+00,-9.218896e-01,-1.541453e-01,-2.363870e+00,-1.206054e+00,6.129906e-01,3.128656e+00,8.990563e+00,6.909070e+00,1.692354e-02,0,6.166910e-01,-7.930245e-05,-2.474122e-01,5.479854e-01,1.124788e+00,-6.404139e-01,-6.627250e-03,5.393389e-01,8.074936e-01,8.361519e-01,-1.363846e+00,3.164251e-01,-4.007939e-01,3.133516e-01,-1.631913e-03,0,1.113262e-02
1.109153e-03,7.421823e-01,8.136918e+00,-7.811625e+00,-1.523357e+00,-3.648766e-01,-1.992184e-01,-3.463319e+00,1.078681e+00,-5.424187e-01,5.131631e+00,7.734579e+00,7.585324e+00,1.541251e-02,0,6.280618e-01,-3.023836e-05,-3.795419e-02,-7.963963e-02,5.388824e-01,1.696318e-01,4.529825e-01,-1.935361e-01,5.450106e-01,1.601012e-01,-8.706070e-01,6.911761e-01,-5.972497e-01,1.051426e-01,-1.783016e-03,0,1.502794e-03
1.118281e-03,9.732110e-01,7.926514e+00,-8.125215e+00,-1.426439e+00,-3.982725e-02,-2.839057e-01,-1.791046e+00,-5.558033e-01,-8.029485e-01,5.102744e+00,7.083691e+00,7.433661e+00,1.299486e-02,0,6.257141e-01,-4.988548e-06,-5.902828e-02,-4.007931e-01,1.623626e-02,1.070842e+00,5.938936e-01,1.444128e-01,5.986143e-01,-8.140888e-02,-4.697216e-02,5.403163e-01,-6.452418e-01,9.225698e-02,-1.662134e-03,0,-1.195253e-02
1.119861e-03,1.213494e+00,7.943075e+00,-8.011365e+00,-1.703861e-01,5.175611e-01,-9.662302e-01,-2.612361e+00,-1.754070e+00,-6.537236e-02,5.667511e+00,6.787479e+00,8.022462e+00,1.087942e-02,0,6.057513e-01,1.115091e-05,-6.418986e-01,-6.571940e-01,-5.007697e-01,2.220723e+00,7.280957e-01,9.928136e-01,1.019875e+00,1.129121e-01,1.315353e-01,7.708464e-02,-1.263084e-01,-3.291125e-01,-4.533093e-04,0,-2.731997e-02
1.129592e-03,2.513531e-01,6.363799e+00,-8.892745e+00,3.533947e+00,1.606360e+00,9.514249e-01,2.037226e-01,-1.967228e-01,1.396066e-01,5.562298e+00,6.237904e+00,7.151786e+00,1.087942e-02,0,5.680836e-01,6.715253e-05,-1.683978e+00,-7.973871e-01,-7.867233e-01,3.206223e+00,5.569199e-01,1.659343e+00,1.099236e+00,1.437235e+00,2.639243e-01,-2.844197e-01,-5.929293e-02,-6.319282e-01,4.925959e-03,0,-6.765915e-02
1.159252e-03,-2.106382e+00,5.632306e+00,-9.931708e+00,7.100066e+00,2.452508e+00,4.147184e+00,6.386738e-01,1.463701e+00,-3.560196e-01,5.287277e+00,7.525930e+00,6.080698e+00,1.420369e-02,0,5.202772e-01,1.948175e-04,-2.654716e+00,-6.966508e-01,-1.147636e+00,3.650928e+00,1.353894e-02,1.241732e+00,7.301306e-01,1.364865e+00,1.257994e-01,-1.051257e+00,5.332537e-02,-1.101929e+00,1.538229e-02,0,-1.138658e-01
1.434349e-03,-5.786743e+00,5.094963e+00,-1.109866e+01,1.096945e+01,1.777298e+00,5.456101e+00,2.079618e+00,5.021487e+00,6.619967e-01,3.870762e+00,6.418001e+00,5.244902e+00,3.596253e-02,0,3.301555e-01,3.342013e-04,-2.950986e+00,-3.366333e-01,-1.409769e+00,3.407110e+00,-4.691633e-01,-8.887812e-01,-3.496921e-01,2.714902e-01,-2.892141e-02,-1.595737e+00,-3.232008e-01,-1.398381e+00,2.786340e-02,0,-1.501058e-01
1.941570e-03,-9.041039e+00,5.094239e+00,-1.264659e+01,1.436650e+01,4.997866e-01,2.990092e+00,1.003439e-01,2.461149e+00,3.024298e-01,1.256996e+00,6.964058e+00,3.466257e+00,7.524932e-02,0,1.553866e-01,3.744666e-04,-2.390195e+00,-5.594770e-01,-1.570129e+00,2.665053e+00,-9.397186e-01,-2.822184e+00,-8.407062e-01,-1.573653e+00,-1.469488e-02,-1.041183e+00,-4.145328e-01,-1.485700e+00,3.284980e-02,0,-1.370710e-01
2.409440e-03,-1.103625e+01,4.949666e+00,-1.458415e+01,1.693628e+01,2.369043e-01,-2.913935e+00,-1.275573e+00,6.620043e-01,-3.342252e-01,-4.012460e-01,4.902836e+00,1.467103e+00,1.196736e-01,0,0,2.106615e-04,-1.138040e+00,-1.228830e+00,-1.595426e+00,1.042850e+00,-1.024140e+00,-3.365802e+00,-5.865151e-01,-2.543142e+00,-5.680718e-02,1.863932e-01,1.237702e-02,-1.036926e+00,2.317921e-02,0,-4.205782e-02
2.544039e-03,-1.143260e+01,2.907569e+00,-1.603961e+01,1.744192e+01,-1.475888e+00,-5.778718e+00,-1.887262e+00,-4.224825e+00,6.861687e-02,2.217365e+00,6.210848e+00,5.410956e-01,1.365972e-01,0,0,-7.060717e-05,1.876605e-01,-1.887438e+00,-1.146015e+00,-8.338855e-01,-7.241400e-01,-1.866183e+00,5.855516e-01,-1.908293e+00,2.162835e-01,1.181336e+00,4.916942e-01,-4.710007e-02,4.140225e-03,0,6.309936e-02
2.186422e-03,-1.028116e+01,4.414821e-02,-1.737928e+01,1.464599e+01,-2.355566e+00,-6.988503e+00,1.408453e-01,-4.351233e+00,4.948672e-01,4.322544e+00,6.856491e+00,1.522853e+00,1.211846e-01,0,1.975596e-01,-3.134241e-04,1.393663e+00,-1.582898e+00,-3.130907e-01,-2.525622e+00,5.301911e-02,3.668437e-01,1.362221e+00,-5.685446e-01,3.431644e-01,8.547694e-01,3.222709e-01,7.530390e-01,-1.423390e-02,0,1.467112e-01
1.700043e-03,-8.480280e+00,-1.890190e+00,-1.697910e+01,1.134222e+01,-1.824678e+00,-4.303537e+00,2.319893e+00,-4.573698e+00,9.693012e-01,4.801779e+00,8.445702e+00,3.202882e+00,9.519493e-02,0,3.721035e-01,-3.685625e-04,2.276165e+00,8.569934e-02,1.052310e+00,-3.700977e+00,4.914152e-01,1.489674e+00,1.105952e+00,1.131431e+00,2.709045e-01,-3.191749e-01,-8.214566e-01,7.227225e-01,-2.248413e-02,0,1.482930e-01
1.264317e-03,-5.544096e+00,-5.659471e-01,-1.567986e+01,7.358019e+00,6.763949e-01,-1.817307e+00,3.431952e+00,-2.006282e+00,9.312549e-01,2.580394e+00,5.396764e+00,3.901405e+00,6.920519e-02,0,5.475041e-01,-2.286000e-04,2.782954e+00,2.153261e+00,2.151019e+00,-4.579794e+00,-5.711251e-01,1.458604e+00,2.365271e-01,1.799705e+00,4.086441e-01,-1.242324e+00,-1.928912e+00,1.783145e-01,-2.233303e-02,0,9.955807e-02
1.162279e-03,-2.420308e+00,3.641113e+00,-1.162777e+01,2.581015e+00,-5.347924e-01,-9.159470e-01,1.996943e+00,2.598567e-01,1.204946e+00,1.492566e+00,2.833428e+00,2.965432e+00,5.016622e-02,0,5.664926e-01,-6.451479e-05,2.535395e+00,3.505189e+00,2.639020e+00,-4.941599e+00,-2.339359e+00,6.341015e-01,-4.133939e-01,1.872218e+00,1.838982e-01,-1.508874e+00,-2.133405e+00,-7.602267e-01,-1.846479e-02,0,5.706331e-02
1.312304e-03,6.036205e-01,8.044800e+00,-9.299851e+00,-3.872379e+00,-5.856135e+00,-1.389278e+00,1.484956e+00,2.230512e+00,2.420266e+00,-2.344699e-01,1.806547e-02,2.533150e+00,3.203385e-02,0,5.981554e-01,5.033449e-05,1.758428e+00,3.334349e+00,2.227547e+00,-4.270799e+00,-3.643204e+00,-2.006145e-01,-4.540614e-01,1.065577e+00,-7.023735e-02,-1.107740e+00,-1.208821e+00,-1.353886e+00,-1.356905e-02,0,2.128286e-02
1.353476e-03,1.122837e+00,1.133038e+01,-6.973999e+00,-7.750577e+00,-1.025521e+01,-1.347044e+00,1.226422e+00,2.668994e+00,1.144287e+00,-1.335159e+00,4.680251e-01,8.587583e-02,2.145663e-02,0,6.320944e-01,3.890432e-05,7.742966e-01,2.256586e+00,1.371659e+00,-2.514386e+00,-2.954055e+00,-6.174752e-01,9.392057e-02,5.938468e-01,8.754933e-03,-1.685856e-01,-4.422180e-01,-1.901982e+00,-8.280448e-03,0,1.396263e-02
1.420391e-03,1.476472e+00,1.226116e+01,-6.869003e+00,-8.830176e+00,-1.267942e+01,-2.604831e+00,1.546906e+00,2.117033e+00,6.103975e-01,-1.544446e+00,5.353588e-01,-1.428247e+00,1.571472e-02,0,6.211175e-01,-1.595896e-05,1.008715e-01,1.057969e+00,7.409943e-01,-7.144501e-01,-1.007244e+00,-5.841476e-01,3.812396e-01,5.948294e-01,4.241431e-01,8.233730e-01,8.720293e-02,-1.471949e+00,-2.750076e-03,0,4.598605e-03
1.302757e-03,1.014749e+00,1.281586e+01,-5.984896e+00,-7.512016e+00,-1.189342e+01,-3.395546e+00,2.435571e+00,3.285830e+00,2.153654e+00,1.304625e+00,3.636919e-01,-4.563778e+00,1.692354e-02,0,6.248247e-01,-6.596304e-05,-2.681955e-01,2.165655e-01,3.105466e-01,4.604205e-01,9.253218e-01,-1.359960e-01,5.334436e-01,1.046637e+00,1.213425e+00,1.400278e+00,2.670136e-01,-3.400043e-01,1.450589e-03,0,-4.220989e-02
1.257868e-03,1.162022e+00,1.259191e+01,-6.089432e+00,-7.563910e+00,-1.007325e+01,-3.285765e+00,2.786579e+00,4.896241e+00,4.036297e+00,2.562503e+00,5.062467e-01,-2.501767e+00,2.055001e-02,0,6.247833e-01,-1.046274e-04,-5.833774e-01,-2.453287e-01,2.796036e-01,9.527749e-01,1.973256e+00,3.982232e-01,3.531817e-01,1.459974e+00,1.345624e+00,9.976925e-01,4.767519e-01,1.152386e+00,2.870958e-03,0,-1.029251e-01
1.104922e-03,-6.091448e-02,1.224784e+01,-5.811052e+00,-6.081608e+00,-6.931684e+00,-1.686557e+00,3.273803e+00,6.512577e+00,5.498464e+00,3.612756e+00,1.817649e+00,-1.077385e+00,2.629193e-02,0,4.192121e-01,-9.720210e-05,-7.221943e-01,-6.520001e-01,3.723752e-01,1.399039e+00,1.897736e+00,5.936926e-01,4.339814e-03,1.009137e+00,6.607158e-01,2.214249e-01,5.236279e-01,2.171194e+00,2.055001e-03,0,-1.665134e-01
9.961716e-04,-9.025825e-01,1.131853e+01,-5.557907e+00,-4.781506e+00,-5.294009e+00,-1.468210e+00,2.893698e+00,7.803532e+00,5.666112e+00,2.289951e+00,2.192140e+00,2.590488e+00,2.538531e-02,0,2.092983e-01,-7.821186e-05,-7.840244e-01,-5.612721e-01,6.497315e-01,1.592998e+00,1.779789e+00,3.271803e-01,-1.133042e-01,2.088916e-01,2.458973e-02,-4.140533e-01,-3.221611e-01,1.803634e+00,-1.511032e-04,0,-1.668779e-01
9.475948e-04,-1.563920e+00,1.019255e+01,-4.388782e+00,-1.908022e+00,-4.794365e+00,-1.335861e+00,2.403710e+00,6.877870e+00,4.642326e+00,2.548026e+00,2.138885e+00,3.746064e+00,2.478090e-02,0,0,-4.018993e-05,-6.120617e-01,-3.048201e-01,9.673052e-01,1.414410e+00,1.792741e+00,3.311176e-01,6.096859e-02,-5.120786e-01,-7.157645e-01,-8.540981e-01,-1.051944e+00,1.401600e+00,-4.835298e-04,0,-1.047722e-01
9.454727e-04,-2.006597e+00,1.081319e+01,-3.551909e+00,-1.685712e+00,-2.242961e+00,-1.825212e+00,2.655104e+00,5.758052e+00,4.587315e+00,1.024601e+00,-1.265177e+00,4.104680e+00,2.055001e-02,0,0,-1.797849e-05,-5.845295e-01,4.635420e-02,1.045277e+00,1.137082e+00,1.918854e+00,4.606920e-01,4.154292e-01,-7.284423e-01,-9.824891e-01,-6.895448e-01,-8.211133e-01,5.665724e-01,1.480811e-03,0,-4.185965e-02
9.293219e-04,-2.569216e+00,1.097641e+01,-1.977525e+00,-5.574546e-01,5.064971e-01,1.475320e-01,3.697943e+00,4.974924e+00,2.459040e+00,-2.505986e-02,-1.713414e+00,5.173521e+00,2.629193e-02,0,0,-5.861418e-06,-5.858474e-01,-1.662317e-01,1.021304e+00,1.077554e+00,1.241086e+00,7.734746e-01,2.297996e-01,-7.525065e-01,-9.877982e-01,-6.194454e-01,3.417698e-01,5.357826e-01,4.291327e-03,0,3.441616e-02
9.154156e-04,-3.322582e+00,1.115837e+01,-1.537148e+00,2.286185e-01,1.649830e+00,9.355378e-02,4.323728e+00,5.112793e+00,1.845310e+00,1.287697e-01,1.272265e-02,4.709621e+00,3.203385e-02,0,0,2.506148e-05,-8.202174e-01,-1.249312e+00,6.118314e-01,1.230307e+00,-1.383765e-01,4.676236e-01,-6.642690e-01,-1.231110e+00,-1.172685e+00,-2.043732e-01,1.231094e+00,-2.954893e-02,5.590813e-03,0,7.875334e-02
9.333162e-04,-3.835165e+00,9.188798e+00,-2.896398e-01,2.522585e+00,-5.353299e-01,1.572129e+00,2.718397e+00,3.437967e+00,1.074337e+00,-1.012855e-01,3.208784e+00,6.122507e+00,4.049562e-02,0,1.720808e-01,4.866657e-05,-7.787940e-01,-1.687413e+00,1.781370e-01,8.691193e-01,-1.087322e+00,-1.152439e-01,-1.379812e+00,-1.764151e+00,-8.240188e-01,8.335714e-02,5.986139e-01,-5.520984e-01,4.140223e-03,0,9.231788e-02
1.068783e-03,-5.474710e+00,5.460434e+00,-1.336695e+00,2.925803e+00,-2.413931e+00,-1.993925e-01,-1.764675e-01,3.709814e-01,-5.837578e-01,4.084794e-02,2.429194e+00,3.482442e+00,4.140224e-02,0,3.077263e-01,4.380363e-05,-6.889833e-01,-1.323729e+00,-1.234898e-01,1.960575e-01,-6.137733e-01,-8.557668e-01,-1.124113e+00,-1.766704e+00,-5.586079e-01,4.457938e-01,-5.156298e-01,-9.487692e-01,6.648529e-04,0,4.069363e-02
1.095971e-03,-5.387122e+00,5.388312e+00,-1.187066e+00,2.439550e+00,-2.898231e+00,-2.822143e-01,-9.510198e-01,-1.474926e+00,-4.465197e-01,4.356867e-01,7.141913e-02,3.026619e+00,4.230886e-02,0,3.077263e-01,-6.524520e-06,-1.820953e-01,3.353245e-01,1.197243e-01,-4.563819e-01,4.736268e-01,-1.039263e+00,1.918200e-01,-6.631179e-01,-9.703545e-02,6.716741e-01,-8.193337e-01,-9.504780e-01,-3.777576e-03,0,-5.162425e-02
1.053106e-03,-5.991520e+00,6.439972e+00,-1.705884e+00,1.250423e+00,-2.375857e-01,-3.258108e+00,5.378698e-01,-1.264281e+00,-1.873010e-01,2.089252e+00,-9.967439e-01,1.513719e+00,3.445150e-02,0,1.356454e-01,-5.230368e-05,4.022140e-01,1.417931e+00,5.165032e-01,-4.490880e-01,1.091616e+00,-7.657520e-01,1.229674e+00,8.257076e-01,2.181105e-01,3.029839e-01,3.300573e-01,-4.949418e-01,-6.920519e-03,0,-9.231788e-02
9.085319e-04,-4.487236e+00,1.037565e+01,4.935762e-01,1.078365e+00,7.446318e-01,-2.094827e+00,3.320328e+00,9.400083e-01,3.909318e-01,2.232883e+00,8.250849e-01,2.354478e+00,2.508311e-02,0,0,-5.642431e-05,5.810173e-01,1.257190e+00,6.333880e-01,-2.011551e-01,6.732634e-01,5.659524e-02,1.384468e+00,1.736233e+00,1.868412e-01,-7.656688e-02,1.315263e+00,-3.768435e-01,-6.799637e-03,0,-7.510979e-02
9.009841e-04,-3.913583e+00,1.005642e+01,4.054995e-01,1.360955e+00,1.222719e+00,-3.121846e+00,3.836228e+00,3.292052e+00,8.806894e-02,6.571698e-01,3.702648e+00,1.343804e+00,1.541251e-02,0,0,-3.551892e-05,4.935456e-01,5.315159e-01,3.203443e-01,1.792538e-01,1.415064e-02,9.672958e-01,4.885547e-01,1.493688e+00,3.534345e-01,8.708055e-02,1.281058e+00,-5.446326e-01,-2.901178e-03,0,-2.712909e-02
8.899107e-04,-3.521004e+00,9.866037e+00,9.241821e-01,1.378508e+00,-2.620671e-01,-6.736902e-02,4.322142e+00,4.928075e+00,3.500016e-01,7.688937e-01,4.298037e+00,1.227359e+00,1.783016e-02,0,0,-9.664102e-06,1.141736e-02,-1.260725e-01,-2.857731e-01,1.689342e-01,1.044202e-01,1.455215e+00,-5.167542e-01,2.975695e-01,4.056165e-01,6.040916e-01,-1.188873e-02,-8.614381e-01,1.239044e-03,0,0
8.848224e-04,-4.006908e+00,9.352359e+00,-3.194654e-01,1.996621e+00,3.365169e-01,5.646420e-01,2.479736e+00,4.210126e+00,1.600337e+00,3.256650e+00,3.672069e+00,-6.458845e-01,2.357208e-02,0,0,-6.704940e-06,-1.244940e-01,1.804070e-01,-3.214402e-01,1.849506e-01,3.383359e-01,1.625832e+00,-1.248032e+00,-8.800427e-01,5.807577e-01,9.146721e-01,-9.583367e-01,-6.427898e-01,1.783015e-03,0,0
8.682922e-04,-4.383487e+00,1.009732e+01,-5.728071e-01,1.605204e+00,1.709834e+00,3.338006e+00,1.414804e+00,1.968819e+00,1.662880e+00,3.953601e+00,7.809306e-01,-9.578682e-01,2.719855e-02,0,0,1.256794e-05,-1.449987e-01,3.758997e-01,-1.471937e-01,2.872283e-01,5.339676e-01,7.023803e-01,-1.585732e+00,-1.227024e+00,9.720616e-01,4.477269e-01,-1.338790e+00,-2.663873e-01,-1.964340e-03,0,3.083496e-02
8.782686e-04,-4.104811e+00,1.084281e+01,-4.532071e-01,2.172361e+00,1.928448e+00,3.304624e+00,-9.502613e-01,3.714670e-01,2.335418e+00,3.638177e+00,6.695178e-01,-7.775318e-01,1.964340e-02,0,0,3.731454e-05,-1.188400e-01,4.006155e-01,3.988764e-01,3.097016e-01,1.408972e-02,9.946902e-02,-1.045050e+00,-6.742509e-01,1.277591e+00,3.008187e-01,-1.266817e+00,4.450053e-01,-5.893019e-03,0,6.153380e-02
9.560272e-04,-4.197046e+00,1.100031e+01,2.550844e-01,2.726780e+00,1.611805e+00,2.074541e+00,-1.891518e+00,7.122832e-01,4.842769e+00,2.816765e+00,-8.946378e-01,-3.875325e-02,9.972801e-03,0,1.541748e-01,4.576687e-05,-1.530987e-01,-1.149721e-02,4.945161e-01,4.783390e-01,-3.638818e-01,-1.703133e-01,-1.155512e-01,6.735154e-01,1.096649e+00,4.443915e-01,-9.548957e-01,2.132446e-01,-6.044122e-03,0,6.917448e-02
1.027528e-03,-4.694329e+00,1.090394e+01,1.260971e+00,2.984341e+00,4.559799e-01,1.693719e+00,-1.092353e+00,1.467139e+00,6.398349e+00,5.329161e+00,-1.824233e+00,1.119584e+00,2.719855e-03,0,2.305816e-01,2.493044e-05,-8.165078e-02,-3.202655e-01,3.883482e-01,5.944033e-01,-7.483653e-02,3.224112e-01,9.021311e-01,1.449013e+00,1.705894e-02,5.328239e-01,-8.325506e-01,5.061057e-02,-2.689634e-03,0,2.292203e-02
1.022497e-03,-4.854221e+00,1.000927e+01,1.042684e+00,3.590909e+00,6.266595e-01,3.291892e+00,9.080938e-01,4.788560e+00,5.114660e+00,5.330066e+00,-2.746673e+00,-8.402035e-01,5.439710e-03,0,2.305816e-01,1.374428e-06,2.756285e-01,-3.718112e-01,3.426314e-01,8.849481e-01,4.655561e-01,5.113147e-01,1.084905e+00,1.320231e+00,-1.189545e+00,1.079054e-02,-1.754501e-01,-2.332997e-01,3.324267e-04,0,-2.825309e-02
9.696859e-04,-4.184477e+00,9.737006e+00,1.094734e+00,4.712313e+00,2.046839e+00,4.308005e+00,2.160588e+00,5.578396e+00,2.284768e+00,5.045645e+00,-2.567218e+00,-1.237539e-01,8.461771e-03,0,7.640677e-02,-3.322028e-06,4.055870e-01,-2.585688e-01,4.649055e-01,1.158361e+00,7.549922e-01,-2.411197e-01,4.696926e-01,8.212566e-01,-1.018609e+00,-4.414935e-01,3.849660e-01,-1.003549e-01,1.239045e-03,0,-4.217544e-02
9.918202e-04,-3.073829e+00,9.724720e+00,2.051360e+00,6.287535e+00,3.144156e+00,3.323972e+00,1.906536e+00,5.257812e+00,9.518352e-01,3.012475e+00,-1.400396e+00,-5.835828e-01,8.763977e-03,0,8.999678e-02,8.515810e-06,1.405603e-01,-8.556976e-02,5.479638e-01,1.002096e+00,3.043789e-01,-1.148268e+00,-5.359522e-02,3.534533e-01,6.462850e-02,1.805868e-01,7.944839e-01,2.801220e-01,9.670596e-04,0,-2.675796e-02
1.026256e-03,-3.556590e+00,9.753373e+00,3.081160e+00,7.427832e+00,2.972193e+00,4.720809e-01,7.568889e-01,5.338797e+00,3.386717e+00,4.280489e+00,-5.725408e-01,4.894995e-01,7.252946e-03,0,8.999678e-02,-6.709132e-07,-4.111169e-01,3.028898e-02,2.199934e-01,3.559285e-01,-2.974583e-01,-1.519534e+00,-5.859399e-01,6.304207e-01,1.237083e+00,7.262410e-01,7.478348e-01,-1.546845e-01,1.662134e-03,0,-1.528135e-02
1.036791e-03,-4.465364e+00,9.573237e+00,2.789290e+00,7.243629e+00,1.685877e+00,-5.314858e-01,1.341967e+00,6.675626e+00,4.886828e+00,6.615578e+00,2.284083e-01,2.537797e-01,1.087942e-02,0,8.999678e-02,-8.959003e-06,-4.358722e-01,-1.708252e-01,-6.369287e-01,-3.085439e-01,-3.321247e-01,-1.336556e+00,-9.861150e-01,4.992909e-01,1.426575e+00,1.200493e+00,2.668240e-01,-4.519465e-02,2.780296e-03,0,-2.866484e-04
9.438459e-04,-5.544294e+00,9.964192e+00,1.825736e+00,6.013908e+00,1.288687e+00,-1.361938e+00,-4.868271e-01,8.021592e+00,6.502686e+00,6.875299e+00,3.575539e-01,-1.315858e+00,1.571472e-02,0,0,-9.807746e-06,1.535864e-01,-6.877551e-01,-1.618402e+00,-1.001326e+00,-1.382517e-01,-7.648861e-01,-1.293368e+00,1.364852e-01,1.428733e+00,6.902469e-01,3.091050e-02,-1.440940e-01,2.024780e-03,0,1.306954e-02
9.882302e-04,-4.259337e+00,8.765184e+00,-5.055711e-01,5.451777e+00,2.325286e+00,-2.441798e+00,-2.402181e+00,6.412868e+00,6.526726e+00,7.717536e+00,-5.313230e-01,9.312256e-02,1.843457e-02,0,1.335619e-01,6.852212e-06,6.426352e-01,-1.405468e+00,-2.487928e+00,-1.421796e+00,2.477646e-01,-7.417569e-01,-1.314289e+00,-3.831258e-01,1.617003e+00,9.694229e-01,-2.077967e-01,2.291758e-01,-8.763978e-04,0,2.206922e-02
1.001498e-03,-2.891671e+00,6.718624e+00,-3.363419e+00,3.317127e+00,1.961230e+00,-2.397194e+00,-3.837878e+00,6.152602e+00,9.710431e+00,7.180744e+00,-3.812264e-02,-1.506417e-01,1.359927e-02,0,1.335619e-01,1.720353e-05,5.685259e-01,-1.759711e+00,-2.686695e+00,-1.552063e+00,3.225748e-01,-3.776113e-01,-3.135105e-01,-6.879238e-01,1.380737e+00,1.296872e+00,-4.576924e-01,2.323037e-01,-3.505591e-03,0,2.456440e-02
1.042226e-03,-2.578500e+00,4.168684e+00,-7.055773e+00,1.483039e+00,2.588428e+00,-3.722642e+00,-3.553952e+00,5.694492e+00,1.136797e+01,1.130997e+01,-6.127372e-01,8.170506e-01,7.555153e-03,0,1.335619e-01,1.103687e-06,-7.468855e-02,-1.447818e+00,-2.315554e+00,-1.428392e+00,2.742851e-01,4.901695e-02,6.805941e-01,-6.097234e-01,1.123295e+00,1.697353e+00,-4.432725e-01,-2.016704e-01,-3.112723e-03,0,-3.221974e-03
1.002865e-03,-3.542084e+00,3.463887e+00,-8.332637e+00,2.379613e-01,2.769989e+00,-2.609572e+00,-1.478494e+00,4.941161e+00,1.098575e+01,1.156344e+01,-1.890201e+00,-5.163030e-01,3.626473e-03,0,1.228220e-01,-1.425585e-05,-5.462593e-01,-9.481344e-01,-1.649473e+00,-8.205345e-01,3.880842e-01,7.912091e-01,1.551084e+00,-3.608882e-01,2.065613e-01,1.158807e+00,-4.109234e-01,-3.455875e-01,3.324270e-04,0,-3.221974e-03
9.930647e-04,-4.307574e+00,3.153461e+00,-9.598733e+00,-1.505989e-01,3.292332e+00,-2.090524e+00,-1.789021e-01,3.969971e+00,1.150554e+01,1.401295e+01,-1.821646e+00,-7.323986e-01,7.857359e-03,0,1.228220e-01,-3.049373e-05,-5.153161e-01,-5.151662e-01,-1.093510e+00,-4.099290e-01,5.212344e-01,1.824245e+00,1.533895e+00,-2.406325e-02,-2.863355e-01,2.911386e-02,4.709056e-01,-3.057290e-01,4.653974e-03,0,-2.671238e-02
9.547992e-04,-4.758430e+00,2.485563e+00,-1.033930e+01,3.127374e-02,3.549699e+00,7.427928e-01,2.230016e+00,5.210421e+00,1.067445e+01,1.162329e+01,-1.488285e+00,-1.103855e+00,1.511031e-02,0,1.228220e-01,-2.836709e-05,-4.098839e-01,-5.367794e-01,-9.200022e-01,1.073030e-01,1.088376e+00,2.553943e+00,1.079810e+00,4.367330e-02,-6.692797e-01,-3.024486e-01,1.515249e+00,4.153183e-01,6.376549e-03,0,-3.684660e-02
9.137908e-04,-4.546907e+00,2.082015e+00,-1.151999e+01,-4.632616e-01,4.804745e+00,3.722401e+00,2.261268e+00,5.439546e+00,1.009194e+01,1.142562e+01,1.540833e+00,-4.178187e-01,2.508311e-02,0,0,-2.078076e-05,-4.716143e-01,-4.231598e-01,-3.990014e-01,7.036542e-01,1.592810e+00,2.852396e+00,6.948918e-01,-4.332641e-01,-8.885967e-01,-4.319285e-01,1.889854e+00,7.731518e-01,5.288607e-03,0,-3.684660e-02
9.006670e-04,-5.471837e+00,1.315714e+00,-1.197202e+01,9.308077e-01,7.455660e+00,7.253679e+00,2.700473e+00,4.424740e+00,8.346149e+00,1.134487e+01,4.004805e+00,1.402999e+00,2.689634e-02,0,0,-1.017800e-05,-5.748023e-01,-1.778963e-01,3.226346e-01,1.237864e+00,1.702733e+00,2.231465e+00,-9.003909e-02,-1.207589e+00,-2.732267e-01,1.758970e-01,1.529330e+00,7.049783e-01,2.206104e-03,0,-2.456440e-02
9.162270e-04,-6.308942e+00,1.622587e+00,-1.077738e+01,2.917905e+00,9.303399e+00,8.916014e+00,3.060328e+00,2.196491e+00,8.226710e+00,1.199252e+01,4.881081e+00,1.879933e+00,2.840737e-02,0,0,-4.997186e-06,-4.401435e-01,1.041455e-01,9.719246e-01,1.036991e+00,9.118881e-01,1.452741e+00,-2.436236e-01,-1.365309e+00,-4.665155e-02,-8.541775e-03,3.180374e-01,9.986579e-02,-1.208829e-04,0,0
9.026911e-04,-6.751424e+00,1.825796e+00,-9.097434e+00,4.530008e+00,9.814037e+00,9.303310e+00,1.380291e+00,7.940025e-01,1.024094e+01,1.221932e+01,4.488240e+00,1.272161e+00,2.447869e-02,0,0,-9.680068e-06,-6.756783e-03,4.070469e-01,1.054290e+00,2.354210e-01,1.352692e-02,4.158035e-01,-9.482881e-01,-1.050147e+00,1.103670e-01,-5.656261e-02,-6.670192e-01,-6.069080e-01,-8.159567e-04,0,0
8.877928e-04,-6.107831e+00,2.347701e+00,-8.097661e+00,2.922091e+00,8.184998e+00,9.961288e+00,1.703241e+00,4.283712e-01,8.911292e+00,1.094568e+01,2.889302e+00,1.469291e-01,2.568752e-02,0,0,-1.664673e-05,4.591746e-02,2.923551e-01,6.503611e-01,-6.299795e-01,-5.250846e-01,-5.611868e-01,-1.241085e+00,-5.609168e-01,-7.381045e-01,-2.046637e-01,-8.288088e-01,-4.375734e-01,-1.722575e-03,0,0
8.664837e-04,-5.606176e+00,2.988391e+00,-8.040431e+00,2.105819e+00,8.082496e+00,8.810060e+00,-1.362424e+00,5.806561e-02,8.555694e+00,1.158547e+01,1.665598e+00,-7.650390e-01,2.417649e-02,0,0,-2.075118e-05,-1.694287e-01,1.954090e-01,3.574170e-01,-6.789343e-01,-3.329233e-01,-1.653397e+00,-1.326351e+00,-1.313829e-01,-1.379899e+00,-8.997188e-01,-8.861603e-01,-2.027858e-02,-3.173164e-03,0,0
8.510971e-04,-6.651979e+00,2.503065e+00,-8.054078e+00,9.801018e-01,7.543747e+00,6.356705e+00,-1.773738e+00,-2.401244e-01,5.378808e+00,1.128613e+01,2.148357e+00,7.106665e-01,1.994560e-02,0,0,-2.018786e-05,-5.059302e-01,2.798450e-02,5.252645e-01,-2.532744e-03,-4.579629e-01,-2.216425e+00,-1.244574e+00,1.764718e-01,-1.270574e+00,-1.381943e+00,-3.751839e-01,5.719101e-01,-5.621033e-03,0,0
8.172831e-04,-7.326494e+00,2.725159e+00,-7.332140e+00,2.106331e+00,8.470046e+00,2.838617e+00,-3.512977e+00,4.713355e-01,5.107684e+00,7.550503e+00,4.279112e-01,8.888993e-01,1.148383e-02,0,0,-1.052238e-05,-6.655972e-01,2.800157e-01,1.074523e+00,3.753558e-01,-8.550280e-01,-1.861334e+00,-3.340628e-01,1.858553e-01,-9.411842e-01,-2.070018e+00,-8.271663e-01,4.064545e-01,-6.195225e-03,0,0
8.114539e-04,-7.777323e+00,2.619240e+00,-5.825484e+00,2.909171e+00,5.701408e+00,1.864886e+00,-3.444354e+00,1.104095e+00,4.282424e+00,6.053455e+00,1.632227e+00,2.179510e+00,3.928680e-03,0,0,-5.566399e-08,-7.639223e-01,7.446909e-01,1.567109e+00,5.467333e-01,-1.127871e+00,-7.321390e-01,3.860392e-01,-3.726428e-01,-6.652491e-01,-1.494425e+00,-8.797494e-01,4.164802e-01,-4.774856e-03,0,0
8.336934e-04,-8.371490e+00,4.330382e+00,-3.782111e+00,3.018064e+00,4.728525e+00,1.749299e+00,-2.197430e+00,3.152321e-01,4.397964e+00,3.851722e+00,-2.212168e+00,5.328116e-01,1.208824e-03,0,0,8.192786e-06,-9.724552e-01,9.661816e-01,1.654507e+00,1.687553e-01,-1.289103e+00,1.228401e-01,1.298224e+00,-7.303163e-01,-1.210328e+00,-6.952739e-01,-6.838958e-01,5.288798e-01,9.368390e-04,0,0
8.426136e-04,-9.949092e+00,5.423908e+00,-1.993546e+00,3.257902e+00,3.775152e+00,3.240669e+00,-5.013154e-01,-2.025287e+00,2.407423e+00,5.663390e+00,-9.303501e-01,2.971111e+00,1.208824e-03,0,0,4.884193e-06,-8.747449e-01,7.095445e-01,1.159766e+00,1.363987e-01,-1.270400e+00,1.750047e-01,1.389199e+00,-9.072579e-01,-1.892602e+00,-2.682812e-01,1.486192e-01,5.627567e-01,9.187065e-03,0,0
8.426672e-04,-1.110289e+01,6.153732e+00,-9.755747e-01,2.775742e+00,2.987661e+00,2.764926e+00,1.506622e+00,-1.615555e+00,-6.453594e-03,4.269166e+00,-1.710279e+00,3.137498e+00,1.752795e-02,0,0,4.080398e-06,-3.315569e-01,3.197010e-01,8.356333e-01,1.766059e-01,-2.353760e+00,-9.961426e-01,4.601186e-01,-9.072836e-01,-2.616774e+00,-2.166158e-01,1.320395e+00,1.844053e-01,1.692354e-02,0,0
8.313879e-04,-1.078535e+01,5.255287e+00,-1.429922e+00,3.712325e+00,2.198423e-01,2.232096e+00,1.649617e+00,-2.466801e+00,-2.978374e+00,4.503327e+00,2.124378e+00,3.690950e+00,4.170444e-02,0,0,6.517762e-06,6.238454e-01,3.897018e-01,9.079503e-01,-6.284964e-02,-3.217567e+00,-1.762050e+00,-3.746694e-01,-7.544295e-01,-2.534242e+00,-7.822922e-01,1.304661e+00,-4.130849e-01,1.622847e-02,0,0
8.597082e-04,-9.611146e+00,6.013197e+00,1.142430e-01,3.673882e+00,-5.262622e+00,-2.727127e+00,-9.723029e-01,-4.000429e+00,-5.993008e+00,3.348675e+00,2.862445e+00,1.094919e+00,6.557873e-02,0,0,3.016190e-05,1.671017e+00,1.051197e+00,1.111085e+00,-6.383774e-01,-3.173842e+00,-1.856521e+00,-2.530419e-01,-1.412131e-01,-1.678025e+00,-7.851543e-01,8.725691e-01,-1.052003e-01,5.651254e-03,0,4.141034e-02
8.666819e-04,-7.575735e+00,7.442684e+00,2.001297e+00,2.494584e+00,-8.187539e+00,-2.823555e+00,-1.135200e+00,-4.604998e+00,-7.270512e+00,2.212174e+00,3.306593e+00,1.926977e+00,5.832578e-02,0,0,8.356578e-05,2.455518e+00,1.580965e+00,7.289108e-01,-1.041739e+00,-1.435707e+00,-1.540345e+00,9.558017e-01,1.301594e+00,-3.119507e-01,-7.703610e-01,-5.830600e-01,1.960190e-01,-7.585374e-03,0,1.062386e-01
9.758297e-04,-4.352606e+00,1.031602e+01,2.864239e+00,1.927256e-01,-8.677857e+00,-3.989856e+00,1.633821e+00,-1.252522e+00,-6.250512e+00,1.488971e+00,2.061459e+00,3.493483e+00,3.747356e-02,0,2.070517e-01,1.598573e-04,2.884782e+00,1.228668e+00,-5.422801e-01,-4.571925e-01,4.691175e-01,-1.080621e+00,2.034452e+00,2.308153e+00,9.223672e-01,-6.951700e-01,-1.107342e+00,3.666946e-01,-1.438501e-02,0,1.731325e-01
1.191156e-03,-1.137029e+00,1.100870e+01,8.396346e-01,2.442064e-01,-5.251073e+00,-4.838265e+00,5.125563e+00,2.667217e+00,-4.409376e+00,1.581374e+00,-3.904283e-01,3.471763e+00,1.783016e-02,0,4.276670e-01,2.196105e-04,2.675135e+00,4.592752e-01,-1.712383e+00,6.411743e-01,1.160366e+00,-1.343683e+00,1.658606e+00,2.418407e+00,1.345983e+00,-9.005787e-01,-1.012608e+00,-4.279062e-01,-1.081898e-02,0,1.790820e-01
1.496757e-03,1.593412e+00,1.037353e+01,-2.016326e+00,2.513108e+00,-4.385268e+00,-7.122876e+00,6.069578e+00,3.904227e+00,-2.811740e+00,1.882251e-01,-8.257536e-01,2.155999e+00,1.390148e-02,0,6.518291e-01,2.033749e-04,1.980013e+00,-2.875929e-01,-1.909534e+00,1.347490e+00,6.531117e-01,-6.688815e-01,3.424462e-01,1.613007e+00,1.266507e+00,-8.878851e-01,-1.118901e-01,-1.044839e+00,-5.077062e-03,0,1.191869e-01
1.704270e-03,2.826930e+00,9.710305e+00,-4.120333e+00,4.540265e+00,-4.532003e+00,-7.975461e+00,4.939950e+00,4.908666e+00,-2.259984e+00,-1.640346e+00,-3.128383e-01,4.561877e-01,1.601692e-02,0,6.730213e-01,1.309956e-04,1.223974e+00,-3.207260e-01,-1.405889e+00,9.982184e-01,4.907799e-03,8.100233e-02,-5.514070e-01,6.497718e-01,1.317255e+00,-4.120027e-01,5.722707e-01,-9.119608e-01,-1.480810e-03,0,5.353967e-02
1.736147e-03,3.565477e+00,9.527253e+00,-4.203448e+00,4.782147e+00,-5.771834e+00,-5.765666e+00,3.438859e+00,5.691790e+00,-9.926746e-01,-1.339594e+00,1.463214e+00,-2.229252e-01,1.299486e-02,0,6.803089e-01,5.838774e-05,6.600085e-01,-1.903405e-01,-7.766517e-01,4.001692e-01,7.867761e-02,8.596083e-01,-1.028096e+00,1.287838e-01,1.633347e+00,6.516191e-01,4.974906e-01,-6.331975e-01,-1.359927e-03,0,5.746829e-03
1.726439e-03,3.996810e+00,9.828209e+00,-5.096252e+00,4.100779e+00,-4.533251e+00,-5.111858e+00,3.683888e+00,5.022295e+00,1.267368e+00,2.852699e-01,1.326441e+00,1.014212e-01,1.087942e-02,0,6.811255e-01,4.542734e-05,4.658931e-01,-3.574131e-01,-6.016668e-01,3.568470e-01,6.413308e-01,4.574460e-01,-1.356322e+00,-2.279589e-01,2.035631e+00,1.421240e+00,5.571946e-02,-5.998707e-01,-1.118163e-03,0,-3.414154e-04
1.777612e-03,4.308515e+00,9.362876e+00,-5.411625e+00,4.733697e+00,-3.991256e+00,-4.256636e+00,1.557128e+00,4.491332e+00,3.591321e+00,2.483512e+00,8.420596e-01,-8.326055e-01,9.670596e-03,0,6.765111e-01,6.807322e-05,3.339959e-01,-1.021175e+00,-5.269778e-01,8.562759e-01,1.175365e+00,-4.027853e-01,-1.898968e+00,-1.731956e-01,1.451786e+00,1.199926e+00,-8.215395e-02,-7.043850e-01,3.022059e-04,0,-2.529502e-03
1.910675e-03,4.784876e+00,8.005428e+00,-6.524578e+00,6.348725e+00,-2.215638e+00,-6.442745e+00,-9.007939e-01,4.369100e+00,5.626174e+00,3.554301e+00,2.763360e-01,-2.238326e+00,1.208824e-02,0,6.732131e-01,1.223373e-04,2.784862e-01,-1.691782e+00,-8.746744e-01,1.108010e+00,1.464614e+00,-3.848972e-01,-2.218591e+00,-2.097680e-01,3.012583e-01,8.988419e-01,1.199328e-01,-1.103915e+00,1.148383e-03,0,-2.097487e-03
1.984395e-03,4.841424e+00,5.332768e+00,-6.124174e+00,7.939554e+00,-1.053815e+00,-7.114149e+00,-3.763640e+00,5.152409e+00,4.086850e+00,3.025523e+00,1.577497e+00,-2.574977e+00,1.390148e-02,0,6.716176e-01,2.080149e-04,2.116960e-01,-1.877445e+00,-1.663756e+00,5.701180e-01,1.855499e+00,5.346950e-01,-1.363709e+00,-7.627934e-01,-8.938419e-01,6.976639e-01,2.141344e-01,-1.127300e+00,1.692354e-03,0,5.806684e-04
2.234734e-03,5.122786e+00,3.384352e+00,-9.113350e+00,8.037898e+00,1.321100e+00,-5.607588e+00,-4.748683e+00,3.642916e+00,2.525895e+00,4.508474e+00,1.558387e+00,-4.546968e+00,1.450589e-02,0,6.730848e-01,3.299291e-04,2.150678e-01,-1.520139e+00,-2.465023e+00,-8.025863e-01,1.793487e+00,2.538389e+00,-3.376147e-01,-1.760956e+00,-1.082026e+00,8.532470e-01,-3.290511e-01,-8.568877e-01,1.994560e-03,0,2.412295e-03
2.655657e-03,5.198040e+00,2.286187e+00,-1.243602e+01,6.739700e+00,3.517871e+00,-2.000739e+00,-3.337473e+00,1.040457e+00,6.722512e-01,5.494745e+00,1.271706e+00,-5.314785e+00,1.692354e-02,0,6.794786e-01,4.370059e-04,1.837232e-01,-9.139175e-01,-2.672978e+00,-2.256559e+00,1.190969e+00,4.006733e+00,7.676682e-01,-2.439245e+00,-5.459317e-01,7.570457e-01,-9.747205e-01,2.041988e-01,2.598973e-03,0,2.318972e-03
3.224690e-03,5.681907e+00,1.928026e+00,-1.569377e+01,2.935720e+00,4.465952e+00,3.692497e+00,-2.801951e+00,-2.379702e+00,1.923346e+00,6.585925e+00,-1.216024e+00,-5.152860e+00,2.055001e-02,0,6.813440e-01,4.795655e-04,1.007547e-02,-4.856002e-01,-1.825117e+00,-3.136159e+00,-6.851535e-02,4.818025e+00,1.230799e+00,-1.935430e+00,-4.123567e-01,-1.723489e-01,-1.087415e+00,2.037366e+00,2.991841e-03,0,-1.085639e-03
3.674447e-03,5.480479e+00,1.491344e+00,-1.619885e+01,-7.921507e-01,3.328606e+00,8.269473e+00,-8.986654e-01,-4.032509e+00,1.658466e+00,5.772026e+00,-1.908900e+00,-1.251037e+00,2.387428e-02,0,6.790828e-01,4.138364e-04,-2.684280e-01,-9.630456e-02,-1.066904e+00,-3.109272e+00,-1.340205e+00,4.457567e+00,1.380913e+00,-3.863092e-01,-8.881059e-01,-9.958532e-01,-7.228251e-01,2.965867e+00,2.901179e-03,0,-5.585033e-03
4.123166e-03,5.031944e+00,1.353773e+00,-1.635752e+01,-3.876970e+00,1.073156e+00,1.334743e+01,1.859057e-01,-3.497751e+00,-2.899583e-02,3.508089e+00,-2.288386e+00,3.607989e+00,2.598973e-02,0,6.678545e-01,2.765649e-04,-5.116999e-01,1.566976e-01,-5.615162e-01,-2.261397e+00,-1.987723e+00,3.322837e+00,1.430564e+00,1.339364e+00,-1.663808e+00,-1.689687e+00,-1.324627e-01,2.786307e+00,2.719855e-03,0,-8.116257e-03
4.275601e-03,4.180881e+00,2.091791e+00,-1.743867e+01,-5.400312e+00,-1.486754e+00,1.545963e+01,2.073166e+00,-3.320645e-01,-2.792107e+00,2.054397e+00,-1.806239e+00,5.134125e+00,2.870958e-02,0,6.582982e-01,1.110518e-04,-5.005127e-01,3.433880e-01,-5.367792e-01,-1.360251e+00,-1.940420e+00,2.079765e+00,1.008742e+00,2.217250e+00,-1.501299e+00,-1.737259e+00,2.777576e-06,1.393373e+00,2.508311e-03,0,-8.071089e-03
4.306937e-03,3.773207e+00,2.411291e+00,-1.788144e+01,-6.067182e+00,-3.064984e+00,1.671161e+01,2.864956e+00,2.466897e+00,-4.170409e+00,-3.694693e-03,-1.929669e+00,5.586094e+00,3.173164e-02,0,6.511551e-01,-1.084716e-05,-3.422917e-01,3.239239e-01,-4.208654e-01,-6.340648e-01,-1.357282e+00,8.804142e-01,5.971586e-01,1.954183e+00,-8.481873e-01,-1.254570e+00,1.182760e-02,1.830232e-01,1.994560e-03,0,-5.277592e-03
4.137821e-03,3.607284e+00,2.679525e+00,-1.812078e+01,-6.498300e+00,-4.304422e+00,1.698621e+01,2.805521e+00,4.071419e+00,-3.777324e+00,-1.158377e+00,-2.088245e+00,4.726779e+00,3.354488e-02,0,6.470771e-01,-4.446772e-05,-1.313117e-01,1.443702e-01,-1.603579e-01,-2.627094e-01,-6.874774e-01,3.327778e-01,1.405275e-01,1.041149e+00,-1.577348e-01,-7.580229e-01,-7.225889e-02,-1.674009e-01,1.148384e-03,0,-2.652019e-03
