pcm_RMSenergy_sma,pcm_fftMag_mfcc_sma[1],pcm_fftMag_mfcc_sma[2],pcm_fftMag_mfcc_sma[3],pcm_fftMag_mfcc_sma[4],pcm_fftMag_mfcc_sma[5],pcm_fftMag_mfcc_sma[6],pcm_fftMag_mfcc_sma[7],pcm_fftMag_mfcc_sma[8],pcm_fftMag_mfcc_sma[9],pcm_fftMag_mfcc_sma[10],pcm_fftMag_mfcc_sma[11],pcm_fftMag_mfcc_sma[12],pcm_zcr_sma,F0final_sma,voicingFinalUnclipped_sma,pcm_RMSenergy_sma_de,pcm_fftMag_mfcc_sma_de[1],pcm_fftMag_mfcc_sma_de[2],pcm_fftMag_mfcc_sma_de[3],pcm_fftMag_mfcc_sma_de[4],pcm_fftMag_mfcc_sma_de[5],pcm_fftMag_mfcc_sma_de[6],pcm_fftMag_mfcc_sma_de[7],pcm_fftMag_mfcc_sma_de[8],pcm_fftMag_mfcc_sma_de[9],pcm_fftMag_mfcc_sma_de[10],pcm_fftMag_mfcc_sma_de[11],pcm_fftMag_mfcc_sma_de[12],pcm_zcr_sma_de,F0final_sma_de,voicingFinalUnclipped_sma_de
1.366690e-03,2.116703e+00,3.759494e+00,-6.304579e+00,5.760021e+00,4.145178e+00,4.588277e+00,-4.058538e+00,-5.090537e+00,7.007828e+00,7.732651e+00,-5.388931e+00,-2.834311e+00,7.857359e-03,0,6.136977e-01,4.728964e-05,-1.060080e-01,-4.177424e-01,1.487106e-01,4.492742e-01,8.028161e-01,-1.920336e+00,-6.689281e-01,3.728925e-01,-2.486763e-01,-3.452824e-01,9.135224e-01,8.112049e-01,2.447869e-03,0,-4.625893e-03
1.411101e-03,1.691861e+00,3.029193e+00,-5.488070e+00,6.506309e+00,6.045677e+00,1.044126e+00,-4.960915e+00,-4.659743e+00,6.006649e+00,7.347092e+00,-4.340771e+00,-1.213648e+00,1.178604e-02,0,6.072124e-01,1.148351e-04,-6.630178e-02,-7.493505e-01,-1.782824e-01,8.052750e-01,1.765520e-01,-3.685040e+00,-5.923430e-01,1.523324e+00,4.875232e-01,-9.700310e-01,1.576113e+00,1.057638e+00,3.807797e-03,0,-9.604687e-03
1.580933e-03,1.799084e+00,2.035933e+00,-5.969280e+00,7.633247e+00,7.209009e+00,-3.241329e+00,-6.951990e+00,-3.441471e+00,6.265036e+00,6.199018e+00,-1.345399e+00,4.113815e-01,1.813237e-02,0,5.938109e-01,1.527365e-04,6.911464e-02,-7.668663e-01,-6.556610e-01,7.184082e-01,-9.767157e-01,-4.017955e+00,-2.226416e-01,2.268719e+00,1.028022e+00,-1.666221e+00,2.318121e+00,1.140345e+00,3.777576e-03,0,-1.143724e-02
1.833744e-03,1.944003e+00,8.745220e-01,-7.363640e+00,8.849782e+00,3.496022e+00,-9.922120e+00,-5.573527e+00,1.701551e+00,9.816840e+00,3.649312e+00,4.698708e-01,8.310328e-01,2.175884e-02,0,5.756177e-01,1.203379e-04,1.665964e-01,-5.077935e-01,-9.253628e-01,2.800585e-01,-2.099550e+00,-2.663772e+00,4.555008e-01,2.425126e+00,1.049849e+00,-1.389382e+00,2.193465e+00,8.254163e-01,1.631913e-03,0,-7.876307e-03
1.919051e-03,2.336205e+00,1.002498e+00,-8.645099e+00,8.180326e+00,5.364268e-01,-1.001838e+01,-4.865440e+00,3.072411e+00,1.024284e+01,1.250436e+00,3.796352e+00,1.845073e+00,2.175884e-02,0,5.723088e-01,4.284235e-06,1.456293e-01,-5.994356e-02,-6.427573e-01,-5.857315e-01,-1.694837e+00,1.171583e-01,6.651558e-01,1.312595e+00,1.097892e-01,7.491684e-02,1.147655e+00,6.081168e-01,-6.648533e-04,0,-4.006446e-04
1.843731e-03,2.256283e+00,1.006943e+00,-8.776975e+00,7.633062e+00,-1.115783e+00,-8.886210e+00,-3.726686e+00,4.208947e+00,9.266989e+00,2.874475e+00,4.055680e+00,2.196588e+00,1.813237e-02,0,5.785819e-01,-1.159772e-04,5.724216e-02,3.923120e-01,-6.678152e-02,-9.737908e-01,-2.815346e-01,2.132892e+00,4.694291e-01,2.893453e-01,-9.344881e-01,1.777506e+00,-9.915096e-02,4.615097e-01,-2.206104e-03,0,6.232709e-03
1.597360e-03,2.371091e+00,1.670004e+00,-8.476399e+00,5.312950e+00,1.040724e+00,-3.173492e+00,-4.549632e+00,1.867808e+00,7.088908e+00,6.961021e+00,2.599969e+00,2.769188e+00,1.662134e-02,0,5.903256e-01,-1.744346e-04,-6.105251e-02,7.104359e-01,3.800221e-01,-8.775948e-01,4.619533e-01,2.768840e+00,6.827244e-01,1.116203e-01,-1.234423e+00,2.207749e+00,-8.795813e-01,1.859324e-01,-2.598973e-03,0,9.752792e-03
1.414703e-03,2.212771e+00,2.502328e+00,-7.781897e+00,5.414516e+00,1.836201e+00,-2.680101e+00,-3.384286e+00,3.750579e+00,6.721367e+00,9.681550e+00,5.723075e-01,2.676523e+00,1.329707e-02,0,5.977728e-01,-1.631437e-04,-1.446598e-01,1.127640e+00,6.239604e-01,-8.265339e-01,6.732852e-01,2.467649e+00,1.114149e+00,-4.634713e-02,-1.535377e+00,8.625275e-01,-3.698415e-01,2.991549e-01,-2.236325e-03,0,1.096354e-02
1.261392e-03,2.052698e+00,3.806985e+00,-7.242527e+00,4.901624e+00,1.370201e+00,7.227681e-01,-1.623018e+00,3.859697e+00,5.343538e+00,8.885643e+00,1.140132e+00,2.534767e+00,1.118163e-02,0,6.114773e-01,-1.049545e-04,-1.856282e-01,1.350161e+00,6.705047e-01,-8.671067e-01,-4.189648e-02,1.859953e+00,1.510779e+00,-2.267840e-01,-1.627715e+00,-6.082336e-01,5.285133e-01,3.398876e-01,-1.873678e-03,0,1.204689e-02
1.195997e-03,1.692180e+00,5.576650e+00,-6.274109e+00,3.706056e+00,2.085904e+00,1.503904e+00,3.807516e-01,2.981267e+00,2.462790e+00,6.224802e+00,2.936391e+00,3.809573e+00,9.670596e-03,0,6.228237e-01,-5.288515e-05,-1.365093e-01,1.428051e+00,5.929879e-01,-1.416236e+00,-5.414947e-01,1.597236e+00,1.384426e+00,-1.041753e+00,-1.575228e+00,-1.241412e+00,1.033849e+00,4.363764e-01,-8.763977e-04,0,1.122140e-02
1.181941e-03,1.703246e+00,6.883646e+00,-5.877770e+00,1.831647e+00,7.063899e-01,4.034271e+00,1.121746e+00,1.118544e+00,1.079620e+00,5.648227e+00,4.060494e+00,3.902101e+00,9.066183e-03,0,6.380346e-01,-1.175907e-05,-8.446958e-02,9.883178e-01,4.917186e-01,-1.185283e+00,-9.511532e-01,4.214532e-01,1.164562e+00,-7.441005e-01,-1.054923e+00,-5.860103e-01,9.202617e-01,-1.534557e-01,3.324267e-04,0,6.348640e-03
1.190003e-03,1.704951e+00,8.104251e+00,-5.499336e+00,-1.316763e-01,-5.393673e-01,3.650329e+00,2.165462e+00,-8.760837e-02,9.771870e-01,5.093199e+00,4.281372e+00,4.174738e+00,9.972801e-03,0,6.406012e-01,1.004682e-05,-3.582155e-02,2.297746e-01,3.430042e-02,-2.688880e-01,-9.202476e-01,-1.782928e-01,7.775490e-01,-3.565424e-01,-2.115628e-01,1.484764e-01,6.828080e-01,-8.821266e-01,1.873678e-03,0,-1.033455e-03
1.205593e-03,1.623965e+00,7.484773e+00,-5.171320e+00,8.940728e-01,-2.072929e+00,1.756821e+00,3.307436e+00,1.673632e+00,8.117252e-01,6.521392e+00,5.068950e+00,1.584906e+00,1.269266e-02,0,6.343318e-01,1.228868e-05,-1.498740e-01,-3.999199e-01,-1.239362e-01,9.959815e-01,-2.385712e-01,-1.058552e+00,4.920467e-01,1.162934e-01,4.256163e-01,2.936774e-01,5.068637e-01,-1.453341e+00,2.719855e-03,0,-7.976139e-03
1.234405e-03,1.552713e+00,6.424960e+00,-6.455832e+00,2.830403e+00,-1.125674e+00,1.751165e+00,3.175652e+00,9.210105e-01,1.538924e+00,6.530601e+00,5.846203e+00,5.575377e-01,1.722575e-02,0,6.195078e-01,5.174265e-06,-2.303932e-01,-5.548300e-01,-1.454015e-02,1.800146e+00,1.261088e-01,-1.362189e+00,-5.903552e-02,3.071856e-01,9.219716e-01,-1.899439e-01,2.988157e-01,-1.384015e+00,2.206105e-03,0,-1.009845e-02
1.221184e-03,1.029995e+00,5.723692e+00,-6.019203e+00,5.330514e+00,-1.933124e-01,-3.089057e-01,3.076884e+00,1.195701e+00,2.926833e+00,6.397913e+00,5.812397e+00,-1.556002e+00,1.903898e-02,0,6.087006e-01,-8.348876e-06,-2.807109e-01,-8.371315e-02,4.476038e-01,1.659458e+00,2.475537e-01,-1.259929e+00,-4.551269e-01,6.028529e-02,6.971691e-01,-8.763545e-01,1.396952e-01,-6.711885e-01,5.439712e-04,0,-7.718164e-03
1.208079e-03,8.499699e-01,6.210641e+00,-5.148096e+00,6.650836e+00,-8.486318e-01,-2.127753e+00,1.985560e+00,1.687285e+00,4.529491e+00,4.205219e+00,5.403727e+00,-1.174883e+00,1.783016e-02,0,6.029246e-01,-1.351286e-05,-2.087586e-01,2.946464e-01,8.168770e-01,1.043527e+00,-5.093463e-02,-1.151170e+00,-5.588109e-01,4.069583e-01,1.131992e-02,-5.582806e-01,3.782257e-01,3.120696e-01,-1.118163e-03,0,-4.156101e-03
1.177012e-03,5.717816e-01,7.173367e+00,-3.587169e+00,7.281145e+00,-9.736821e-01,-2.603364e+00,1.626847e+00,1.591921e+00,2.802287e+00,3.302311e+00,5.988664e+00,-9.048266e-01,1.511031e-02,0,6.040326e-01,-2.260471e-06,-2.961019e-01,3.457429e-01,8.599617e-01,4.615210e-01,2.373412e-01,-5.047183e-01,-3.155786e-01,1.054908e-01,-6.811256e-01,2.748050e-01,7.564054e-01,1.167406e+00,-2.055002e-03,0,-5.283904e-03
1.188926e-03,7.380263e-01,7.173355e+00,-3.587463e+00,7.072722e+00,-9.901627e-01,-2.857454e+00,1.106615e+00,2.757692e+00,1.657797e+00,5.286999e+00,7.649198e+00,1.792298e+00,1.359927e-02,0,6.010613e-01,1.483408e-05,-8.217319e-01,3.043899e-02,1.173083e+00,2.079964e-01,1.059853e+00,-4.597504e-01,2.692614e-01,2.994977e-01,-1.091697e+00,1.188093e+00,5.497924e-01,1.012168e+00,-1.511031e-03,0,-1.096119e-02
1.219458e-03,-3.945428e-01,6.971050e+00,-2.499711e+00,7.427176e+00,1.064159e+00,-2.467647e+00,1.938464e+00,1.187952e+00,9.570520e-01,7.231049e+00,8.471688e+00,2.797438e+00,1.087942e-02,0,5.832127e-01,5.184270e-05,-1.716205e+00,-2.308789e-01,1.713300e+00,3.275072e-01,2.308620e+00,-7.405071e-01,6.846361e-01,6.516153e-01,-1.677660e+00,7.832205e-01,-2.825917e-01,8.267941e-02,-1.813238e-04,0,-1.913614e-02
1.261026e-03,-2.775527e+00,6.463995e+00,1.735879e-01,7.617802e+00,3.431714e+00,-4.494363e+00,3.176059e+00,3.386758e+00,-6.374995e-03,8.181314e+00,6.911177e+00,2.034826e+00,1.239045e-02,0,5.585286e-01,9.159717e-05,-2.483540e+00,-1.213196e-01,2.026669e+00,5.044552e-01,3.197091e+00,-1.340739e+00,1.063888e+00,8.532768e-01,-2.245203e+00,-7.763128e-01,-1.108029e+00,-1.042244e+00,1.964340e-03,0,-2.803146e-02
1.400175e-03,-6.252466e+00,6.373652e+00,3.098807e+00,8.646141e+00,8.358478e+00,-5.487444e+00,4.015306e+00,4.535465e+00,-4.753926e+00,5.771256e+00,4.944716e+00,-6.126936e-01,1.480810e-02,0,5.296183e-01,1.131443e-04,-2.450468e+00,4.539142e-02,1.346460e+00,2.335531e-01,2.917934e+00,-1.682192e+00,1.022905e+00,1.163922e+00,-1.829437e+00,-2.153794e+00,-9.657739e-01,-1.319564e+00,3.203385e-03,0,-3.235015e-02
1.556553e-03,-8.750710e+00,6.865456e+00,3.746621e+00,8.985516e+00,1.134813e+01,-8.051250e+00,5.387636e+00,5.350319e+00,-6.712732e+00,2.135331e+00,3.872541e+00,-1.713855e+00,2.145663e-02,0,4.877013e-01,8.542130e-05,-1.480181e+00,-7.499027e-03,7.087892e-02,-1.375779e-01,1.474978e+00,-1.464578e+00,2.884452e-01,5.229382e-01,-1.294381e-01,-2.410620e+00,-7.218113e-02,-6.362854e-01,2.689634e-03,0,-2.984490e-02
1.637415e-03,-9.659291e+00,6.997277e+00,2.446074e+00,7.911085e+00,1.169562e+01,-9.100163e+00,5.947198e+00,6.025781e+00,-4.836954e+00,-5.149304e-01,5.162137e+00,-1.926040e+00,2.236325e-02,0,4.568756e-01,1.570222e-05,1.544342e-02,-3.925506e-01,-9.775248e-01,-7.672007e-01,-7.166284e-01,-1.016973e+00,-1.028997e+00,6.261305e-01,1.919852e+00,-1.498428e+00,8.866380e-01,1.198545e-01,7.857358e-04,0,-1.159353e-02
1.569513e-03,-8.473018e+00,6.114687e+00,8.543489e-01,7.297441e+00,9.138034e+00,-1.001090e+01,3.652339e+00,5.256291e+00,-6.120518e-01,-7.286960e-01,6.441561e+00,-4.899277e-01,2.206104e-02,0,4.456755e-01,-4.378815e-05,1.429946e+00,-7.645422e-01,-1.428084e+00,-8.994226e-01,-2.112178e+00,8.504896e-02,-2.421878e+00,3.745536e-01,2.680523e+00,-5.767994e-02,1.174859e+00,3.986606e-01,-1.239045e-03,0,1.510292e-02
1.472206e-03,-6.314095e+00,4.786283e+00,-3.426809e-01,5.654175e+00,5.880384e+00,-9.592488e+00,-2.620319e-01,7.713131e+00,1.794993e+00,-2.888702e-01,8.093396e+00,-6.253845e-01,1.843457e-02,0,4.926635e-01,-6.259073e-05,2.277446e+00,-4.671266e-01,-1.485050e+00,-1.264043e+00,-2.687337e+00,1.321068e+00,-2.581056e+00,1.356285e-01,2.008860e+00,1.080960e+00,5.262781e-01,6.317625e-01,-2.236325e-03,0,3.725741e-02
1.420217e-03,-3.273579e+00,4.148242e+00,-1.999419e+00,5.616858e+00,3.694859e+00,-7.379843e+00,-3.617137e+00,6.379412e+00,3.373909e+00,1.733902e+00,8.281209e+00,-3.708795e-01,1.722575e-02,0,5.453219e-01,-4.337517e-05,2.444787e+00,1.909170e-01,-1.662359e+00,-1.772546e+00,-2.232376e+00,2.805118e+00,-1.198848e+00,-5.466653e-01,7.164035e-01,1.921226e+00,1.862497e-02,2.694847e-01,-2.961620e-03,0,4.324589e-02
1.399110e-03,-8.717811e-01,5.644866e+00,-3.552292e+00,2.431160e+00,9.805205e-01,-3.810352e+00,-3.323344e+00,6.142363e+00,3.214363e+00,3.658570e+00,6.873703e+00,1.173248e+00,1.359927e-02,0,5.933394e-01,-1.381242e-05,2.031107e+00,5.767721e-01,-1.774787e+00,-1.959754e+00,-1.118858e+00,3.169930e+00,4.667814e-01,-1.244346e+00,-3.261060e-01,1.917082e+00,-3.364163e-01,8.017409e-02,-2.387428e-03,0,3.150045e-02
1.389185e-03,1.029760e+00,6.639980e+00,-5.852642e+00,4.621967e-02,4.260882e-01,1.123626e+00,-8.112457e-01,3.308348e+00,2.260281e+00,6.903716e+00,7.144533e+00,-4.182053e-02,9.670596e-03,0,6.115670e-01,7.528637e-06,1.265532e+00,3.185878e-01,-1.736589e+00,-1.556763e+00,7.566410e-02,2.552694e+00,1.374258e+00,-9.895521e-01,-7.552249e-01,7.905610e-01,1.291558e-01,-4.313172e-01,-3.324267e-04,0,1.680057e-02
1.418660e-03,1.689771e+00,6.424274e+00,-7.290003e+00,-1.359275e+00,1.920482e+00,2.005425e+00,6.689296e-01,3.026932e+00,7.212771e-01,6.711633e+00,6.979653e+00,-3.890435e-01,1.027501e-02,0,6.170433e-01,1.511761e-05,5.273651e-01,-4.046063e-01,-1.366120e+00,-5.654371e-01,1.036598e+00,1.428290e+00,9.088934e-01,-4.608630e-01,-5.217456e-01,-5.020021e-01,4.798543e-01,-3.435494e-01,2.870958e-03,0,6.613171e-03
1.448085e-03,1.773304e+00,5.351477e+00,-8.813508e+00,-2.717384e-01,3.603198e+00,2.475737e+00,1.258017e+00,2.989367e+00,8.443274e-01,4.160175e+00,8.874013e+00,-1.746319e+00,1.722575e-02,0,6.174728e-01,5.333137e-06,2.200424e-02,-7.148341e-01,-8.678724e-01,2.683262e-02,9.143448e-01,5.251791e-01,1.204503e-01,1.955288e-01,-1.859947e-01,-9.444805e-01,5.306669e-01,4.552523e-01,4.351768e-03,0,4.619163e-03
1.445248e-03,1.393273e+00,4.266087e+00,-8.902461e+00,-2.370468e-01,4.574954e+00,2.655043e+00,1.864916e-01,3.997539e+00,1.313612e+00,2.520330e+00,8.408235e+00,3.077508e-01,2.417649e-02,0,6.234524e-01,-1.932533e-05,-1.354545e-01,-5.616976e-01,-5.276054e-01,1.153947e-01,3.402085e-01,5.373621e-01,-2.016826e-01,-1.066444e-01,1.913906e-01,-1.613970e-02,2.957573e-01,8.578457e-01,3.082502e-03,0,5.156314e-03
1.402557e-03,1.288030e+00,4.144904e+00,-9.385776e+00,-3.807313e-01,3.670577e+00,3.424712e+00,3.222480e-02,3.800689e+00,1.034140e+00,4.276965e+00,9.083576e+00,1.886044e+00,2.447869e-02,0,6.314582e-01,-3.974120e-05,-1.861955e-02,-8.970623e-02,-2.830872e-01,-3.835760e-01,7.328186e-02,7.300496e-01,-1.581170e-01,-7.121949e-01,1.889516e-01,9.940186e-01,-1.739174e-01,8.480734e-01,4.533090e-04,0,4.906428e-03
1.344798e-03,1.255135e+00,4.219073e+00,-9.641896e+00,-7.278049e-01,3.587835e+00,4.217748e+00,2.734131e-01,2.088049e+00,1.583324e+00,6.572540e+00,8.353658e+00,2.084003e+00,2.206104e-02,0,6.358321e-01,-4.172784e-05,1.864590e-01,3.105489e-01,-1.280190e-01,-6.872255e-01,-5.521858e-02,8.601457e-01,5.956094e-02,-1.351210e+00,2.242560e-01,1.080197e+00,-3.376240e-01,3.104367e-02,-1.118163e-03,0,1.805091e-03
1.299604e-03,1.749275e+00,4.926453e+00,-9.859226e+00,-1.944239e+00,4.463167e+00,5.344633e+00,4.239714e-01,3.831376e-01,1.654229e+00,7.104163e+00,8.031714e+00,1.605921e+00,2.055001e-02,0,6.358151e-01,-2.035128e-05,3.371359e-01,4.004591e-01,4.580975e-02,-7.968205e-01,2.084011e-01,4.394960e-01,-8.414637e-02,-1.235234e+00,2.653183e-01,1.115993e-01,-4.954878e-01,-5.272997e-01,-1.057721e-03,0,-2.606487e-03
1.288085e-03,2.094945e+00,5.428057e+00,-9.305831e+00,-2.891420e+00,3.902566e+00,5.995812e+00,2.884230e-01,-1.049733e+00,2.124847e+00,6.507717e+00,7.246046e+00,6.030304e-01,2.055001e-02,0,6.302994e-01,7.239787e-06,3.654556e-01,2.243557e-01,-1.419730e-01,-5.108552e-02,-9.704757e-02,-5.212275e-01,-2.395830e-01,-2.611488e-01,2.736062e-01,-7.888626e-01,-2.951597e-01,-6.899742e-01,-7.252941e-04,0,-5.911755e-03
1.329157e-03,2.553805e+00,5.542707e+00,-9.324759e+00,-3.283026e+00,4.555217e+00,4.733160e+00,-3.960119e-01,-8.065901e-01,2.089970e+00,4.867373e+00,7.159943e+00,-9.968281e-03,1.994560e-02,0,6.211922e-01,2.311820e-05,2.009650e-01,-4.593973e-02,-2.956083e-01,9.795324e-01,-4.551462e-01,-1.258829e+00,-5.946169e-01,7.448826e-01,7.988737e-01,-1.018683e+00,-1.486777e-01,-8.627011e-01,-1.027501e-03,0,-6.730401e-03
1.366220e-03,2.680148e+00,5.032724e+00,-1.061899e+01,-3.138393e-01,3.056572e+00,1.917347e+00,-5.145100e-01,1.377169e+00,2.733485e+00,3.746622e+00,7.313745e+00,-5.579228e-01,1.873678e-02,0,6.135848e-01,1.090331e-05,-2.953541e-02,-2.055296e-01,-1.028219e-01,1.724379e+00,-5.662960e-01,-1.618822e+00,-8.149274e-01,1.523680e+00,1.403513e+00,-3.670555e-01,-2.230246e-01,-8.724784e-01,-1.994560e-03,0,-5.225307e-03
1.376128e-03,2.461498e+00,4.894421e+00,-1.068069e+01,1.664632e+00,2.610433e+00,1.089718e+00,-2.147647e+00,2.894099e+00,5.344279e+00,3.391294e+00,7.254476e+00,-2.127108e+00,1.631913e-02,0,6.105204e-01,-1.945852e-05,-3.578904e-01,-3.951108e-01,7.971296e-01,1.849659e+00,-2.932191e-01,-1.434779e+00,-1.218619e+00,1.874219e+00,1.510637e+00,4.127499e-01,-4.514578e-01,-6.398827e-01,-2.931400e-03,0,-3.053325e-03
1.319116e-03,1.993421e+00,4.724552e+00,-9.141977e+00,3.256647e+00,2.043478e+00,-2.765756e-01,-2.910397e+00,4.718321e+00,7.515259e+00,5.410478e+00,6.083656e+00,-2.700792e+00,1.239045e-02,0,6.095088e-01,-5.040952e-05,-5.906830e-01,-2.141883e-01,1.713282e+00,1.255915e+00,5.249452e-01,-1.228717e+00,-1.397640e+00,1.776290e+00,9.418527e-01,7.079368e-01,-8.847229e-01,9.570756e-02,-2.780296e-03,0,-7.079840e-04
1.255416e-03,1.107716e+00,3.721239e+00,-6.077620e+00,4.180024e+00,3.595669e+00,-1.343774e+00,-5.291162e+00,6.893927e+00,7.252268e+00,6.099194e+00,5.517698e+00,-2.137947e+00,8.461771e-03,0,6.079636e-01,-6.965193e-05,-7.066646e-01,4.130688e-02,2.050897e+00,9.977483e-01,8.148472e-01,-1.059888e+00,-1.335193e+00,1.323140e+00,-1.615810e-01,3.116487e-01,-1.250542e+00,7.215070e-01,-9.670590e-04,0,1.117867e-03
1.174528e-03,4.036243e-01,4.548373e+00,-4.354119e+00,4.708040e+00,5.188680e+00,-3.009492e+00,-5.930954e+00,8.258705e+00,6.488754e+00,5.932356e+00,3.758519e+00,-7.396531e-02,8.763977e-03,0,6.113233e-01,-6.956603e-05,-6.653406e-01,6.867616e-01,1.779188e+00,6.763689e-01,6.786974e-01,-4.383863e-01,-1.163347e+00,-4.047031e-02,-4.694281e-01,-2.484365e-01,-1.362852e+00,8.459752e-01,1.994560e-03,0,-3.776550e-05
1.100162e-03,-2.769264e-01,5.189044e+00,-2.820132e+00,5.927677e+00,5.112068e+00,-2.843266e+00,-7.313335e+00,7.739607e+00,5.049626e+00,4.688599e+00,2.164333e+00,1.670136e-01,1.329707e-02,0,6.152024e-01,-5.562641e-05,-6.013973e-01,1.087378e+00,1.268298e+00,4.380090e-01,2.096540e-01,2.992705e-01,-3.870543e-01,-9.453610e-01,-1.862855e-01,-7.188736e-01,-1.225080e+00,7.314883e-01,3.898459e-03,0,-7.566744e-03
1.048913e-03,-6.409605e-01,7.424457e+00,-1.874783e+00,5.764665e+00,4.678766e+00,-1.718761e+00,-7.716045e+00,4.093130e+00,6.269439e+00,4.873593e+00,9.460785e-01,3.766039e-01,1.994560e-02,0,6.057005e-01,-2.714436e-05,-6.465739e-01,1.033404e+00,9.818231e-01,2.371018e-01,1.951737e-02,3.873146e-01,4.234565e-01,-9.097231e-01,3.686300e-01,-6.409453e-01,-5.047994e-01,4.540443e-01,2.780296e-03,0,-1.611353e-02
1.040092e-03,-1.376978e+00,7.720088e+00,-9.757972e-01,5.841756e+00,4.898896e+00,-4.927871e-01,-6.333888e+00,4.249909e+00,6.430499e+00,3.034207e+00,7.985184e-01,1.294209e+00,2.236325e-02,0,5.729412e-01,1.064542e-05,-7.211773e-01,5.516698e-01,7.987972e-01,1.712079e-01,1.939290e-01,-6.632147e-01,1.228580e+00,-1.655739e-01,5.707807e-01,-6.397269e-02,3.080124e-01,3.858463e-01,-3.022062e-04,0,-1.995844e-02
1.068842e-03,-2.279219e+00,8.449872e+00,-3.671707e-01,5.936510e+00,5.392853e+00,-2.248158e+00,-4.303395e+00,5.454938e+00,7.641468e+00,3.554826e+00,1.917430e+00,1.632658e+00,1.813237e-02,0,5.518863e-01,6.771650e-05,-4.944572e-01,-3.390826e-01,2.167180e-01,-2.567768e-03,4.626566e-01,-1.814758e+00,1.002457e+00,4.708022e-01,1.586826e-01,5.626601e-01,1.106266e+00,-7.416310e-02,-3.142943e-03,0,-1.178801e-02
1.143425e-03,-3.063684e+00,7.434686e+00,4.200478e-01,6.697794e+00,5.724669e+00,-5.894640e+00,-2.876759e+00,6.230833e+00,7.217515e+00,5.028119e+00,3.218720e+00,1.468218e+00,1.269266e-02,0,5.423173e-01,1.263627e-04,1.896038e-01,-9.943682e-01,-8.594288e-01,-3.818894e-01,6.790444e-01,-2.133669e+00,1.303867e-01,7.627678e-02,-2.317542e-01,1.107905e+00,1.386601e+00,-4.787449e-01,-3.686915e-03,0,3.071660e-03
1.335829e-03,-2.269894e+00,5.871745e+00,-1.489116e+00,5.323807e+00,6.579162e+00,-8.091626e+00,-4.432325e+00,5.456679e+00,6.669344e+00,6.689938e+00,5.267305e+00,-8.121578e-02,9.066183e-03,0,5.620724e-01,1.757970e-04,7.642814e-01,-1.478916e+00,-2.018953e+00,-5.956398e-01,8.005998e-01,-1.258517e+00,-5.260955e-01,-1.768313e-01,-1.161564e-01,6.391001e-01,1.142746e+00,-4.901496e-01,-2.236325e-03,0,1.054418e-02
1.538412e-03,-4.336218e-01,4.037310e+00,-4.711969e+00,4.238660e+00,7.700963e+00,-8.239397e+00,-5.617489e+00,4.630423e+00,5.757790e+00,7.006175e+00,6.056586e+00,-2.425783e-01,8.461771e-03,0,5.832065e-01,1.708135e-04,8.269733e-01,-1.480637e+00,-2.250921e+00,6.661487e-02,5.860889e-01,-4.001762e-01,-4.832638e-01,-4.407627e-01,3.256366e-01,3.877544e-01,8.110861e-01,-1.923071e-01,-7.252946e-04,0,9.457302e-03
1.750333e-03,2.271566e-01,2.753979e+00,-7.895929e+00,4.187878e+00,8.407704e+00,-7.368366e+00,-5.563507e+00,5.370987e+00,7.790549e+00,5.761299e+00,6.212227e+00,3.730838e-02,9.066183e-03,0,5.841626e-01,1.028414e-04,4.031309e-01,-1.314617e+00,-1.440782e+00,1.046155e+00,5.589848e-02,1.259706e-01,2.411983e-01,-3.733535e-01,6.239316e-01,6.283312e-02,6.317233e-01,5.511886e-01,1.813238e-04,0,2.475369e-03
1.790240e-03,-1.773427e-01,1.590385e+00,-7.631152e+00,7.598834e+00,7.740842e+00,-8.257152e+00,-4.727487e+00,4.069866e+00,8.285096e+00,7.431210e+00,6.801689e+00,4.474200e-01,9.066183e-03,0,5.785587e-01,3.228931e-05,3.603415e-01,-1.013029e+00,-7.013882e-01,1.119692e+00,-6.533342e-01,7.077307e-01,1.038297e+00,-5.633715e-01,-2.462902e-01,3.113151e-01,8.287762e-01,9.950957e-01,6.044125e-05,0,1.786381e-03
1.724122e-03,-3.823788e-01,5.221227e-01,-7.233433e+00,8.874494e+00,6.838715e+00,-7.452896e+00,-3.671335e+00,3.870190e+00,8.525349e+00,6.791585e+00,8.053370e+00,2.329728e+00,9.670596e-03,0,5.767731e-01,-1.721561e-06,8.943431e-01,-4.859461e-01,-6.193495e-01,-2.424617e-01,-1.277974e+00,1.870984e+00,1.870920e+00,-7.392291e-01,-1.811476e+00,7.310967e-02,1.323982e+00,1.241518e+00,6.044125e-05,0,8.061874e-03
1.712964e-03,1.672853e+00,8.809477e-02,-8.550159e+00,7.493812e+00,5.218787e+00,-4.658479e+00,-1.372089e+00,2.563964e+00,4.158939e+00,8.047606e+00,9.279895e+00,3.586691e+00,8.461771e-03,0,5.958331e-01,2.721928e-05,1.470774e+00,2.939930e-01,-1.119817e+00,-2.187206e+00,-1.700748e+00,3.078894e+00,2.567708e+00,-4.505051e-01,-3.200623e+00,-6.360502e-01,1.580227e+00,1.286166e+00,9.066181e-04,0,1.187645e-02
1.780364e-03,3.773774e+00,1.075394e+00,-1.053317e+01,3.028080e+00,3.278859e+00,1.872196e-01,2.113393e+00,2.427792e+00,7.962463e-01,5.818649e+00,1.159304e+01,4.675261e+00,9.670596e-03,0,6.158348e-01,4.103114e-05,1.445639e+00,1.163572e+00,-9.003819e-01,-3.113822e+00,-2.017792e+00,3.110228e+00,2.843413e+00,-1.842736e-01,-3.598417e+00,-1.141198e+00,1.271601e+00,9.800708e-01,2.326987e-03,0,1.130311e-02
1.898216e-03,5.098450e+00,2.783714e+00,-1.158037e+01,-4.139907e-01,1.017031e+00,3.317260e+00,5.218688e+00,2.538539e+00,-3.853465e+00,4.737427e+00,1.293299e+01,5.705482e+00,1.359927e-02,0,6.184102e-01,-4.889164e-06,7.241285e-01,1.547220e+00,-9.370460e-02,-2.480912e+00,-1.905102e+00,1.812691e+00,2.250105e+00,3.767065e-01,-2.371961e+00,-1.153965e+00,4.100285e-02,8.178598e-01,2.780296e-03,0,6.365216e-03
1.836651e-03,5.133016e+00,4.992174e+00,-1.022024e+01,-2.740717e+00,-1.149370e+00,4.110373e+00,7.250343e+00,2.961534e+00,-5.460535e+00,2.740686e+00,1.258483e+01,6.170686e+00,1.873678e-02,0,6.220002e-01,-8.541578e-05,-7.330370e-02,1.406938e+00,7.601033e-01,-9.200943e-01,-1.284038e+00,2.811606e-01,9.988348e-01,3.167229e-01,-6.243726e-01,-3.437714e-01,-1.390560e+00,6.518053e-01,1.148383e-03,0,4.032684e-03
1.660374e-03,4.613875e+00,5.865804e+00,-9.175149e+00,-2.026349e+00,-2.092608e+00,2.443399e+00,7.309959e+00,4.180625e+00,-4.572475e+00,3.816761e+00,8.989013e+00,6.928277e+00,1.783016e-02,0,6.245765e-01,-1.506618e-04,-6.473659e-01,1.092660e+00,1.194422e+00,1.833996e-01,-4.672506e-01,-5.792060e-01,-4.378310e-01,6.791358e-02,1.321618e+00,5.468560e-01,-2.305061e+00,1.670683e-01,-1.752795e-03,0,5.983693e-03
1.472205e-03,3.649543e+00,6.569041e+00,-7.935265e+00,-7.662125e-01,-1.586512e+00,2.029953e+00,6.061932e+00,3.190364e+00,-1.966111e+00,4.560125e+00,6.612227e+00,7.322890e+00,1.329707e-02,0,6.329150e-01,-1.448079e-04,-7.722235e-01,8.669966e-01,1.171745e+00,3.985883e-01,-8.716718e-02,-4.125496e-01,-1.352312e+00,-5.344025e-01,1.972758e+00,1.107063e+00,-2.013386e+00,-3.543907e-01,-3.324267e-03,0,6.610096e-03
1.327130e-03,2.603357e+00,7.458581e+00,-6.750742e+00,-4.842447e-01,-1.100650e+00,1.461440e+00,3.623739e+00,2.763692e+00,1.007414e+00,6.561988e+00,4.393988e+00,5.964722e+00,7.555153e-03,0,6.428712e-01,-7.880462e-05,-5.352909e-01,7.311790e-01,8.196920e-01,-5.109817e-01,-2.474413e-01,1.711210e-01,-1.205206e+00,-1.048181e+00,1.743560e+00,1.049793e+00,-9.360887e-01,-5.046962e-01,-2.417649e-03,0,5.282968e-03
1.279234e-03,2.277158e+00,8.530768e+00,-5.573718e+00,-1.518827e+00,-2.081184e+00,2.538605e+00,2.331892e+00,9.979885e-01,1.613312e+00,6.903387e+00,4.815410e+00,4.880511e+00,7.252946e-03,0,6.459033e-01,2.718112e-05,3.104503e-02,2.490009e-01,-2.469940e-01,-1.407220e+00,-5.208119e-01,5.985293e-01,-3.089862e-01,-7.958624e-01,9.078352e-01,6.451834e-01,1.077774e-01,-6.697130e-03,-1.813235e-04,0,1.414192e-03
1.362837e-03,2.623613e+00,8.540835e+00,-6.257463e+00,-4.204950e+00,-3.082479e+00,3.044678e+00,3.148951e+00,3.590830e-02,2.355613e+00,7.894098e+00,5.206977e+00,5.625986e+00,8.763977e-03,0,6.444972e-01,1.538724e-04,6.558475e-01,-4.037978e-01,-1.618277e+00,-1.950949e+00,-3.365735e-01,1.006112e+00,7.013661e-01,-3.413740e-01,-4.832732e-02,3.277125e-02,9.951370e-01,6.631293e-01,1.964340e-03,0,-1.851821e-03
1.590257e-03,3.794640e+00,7.272918e+00,-9.416875e+00,-5.941961e+00,-3.199658e+00,4.230980e+00,4.754395e+00,5.749437e-01,1.898966e+00,7.119987e+00,6.744619e+00,7.458772e+00,1.178604e-02,0,6.391730e-01,2.421821e-04,9.952292e-01,-8.517609e-01,-2.722887e+00,-1.743730e+00,3.088382e-01,1.108067e+00,1.098976e+00,2.721940e-01,-5.276273e-01,-2.680500e-01,1.320164e+00,2.297741e-01,2.810517e-03,0,-2.160418e-03
1.940980e-03,5.123854e+00,6.068518e+00,-1.292055e+01,-8.027425e+00,-2.224282e+00,5.645811e+00,5.919319e+00,1.268345e+00,6.229511e-01,6.617544e+00,8.405068e+00,7.991238e+00,1.511031e-02,0,6.369773e-01,2.368596e-04,8.833390e-01,-9.376408e-01,-2.749287e+00,-9.428886e-01,8.113692e-01,1.438262e+00,8.094069e-01,2.788212e-01,-7.787979e-01,-1.795962e-01,1.233959e+00,-1.172753e+00,2.870958e-03,0,2.459884e-05
2.201073e-03,6.003183e+00,5.508123e+00,-1.585661e+01,-8.326241e+00,-9.660919e-01,6.778374e+00,6.441589e+00,1.742740e+00,-1.584937e-01,6.201414e+00,9.817183e+00,4.846756e+00,1.813237e-02,0,6.388612e-01,1.434887e-04,3.378608e-01,-1.113079e+00,-1.835763e+00,3.034110e-01,8.703033e-01,1.135494e+00,6.188610e-01,4.749021e-02,-5.231546e-01,4.400560e-01,5.806238e-01,-2.505903e+00,2.175884e-03,0,2.248305e-03
2.241727e-03,5.936037e+00,4.735029e+00,-1.678403e+01,-7.727253e+00,-1.424154e-01,8.962292e+00,6.352388e+00,8.461159e-01,-5.096470e-01,7.455404e+00,9.840488e+00,1.068229e+00,1.994560e-02,0,6.447761e-01,2.873177e-05,-2.481394e-01,-1.552525e+00,-7.035165e-01,1.550275e+00,5.278017e-01,7.026280e-01,7.664798e-01,-1.940390e-01,-2.980191e-01,1.236935e+00,-2.194655e-01,-2.899269e+00,1.299486e-03,0,2.229315e-03
2.157327e-03,5.077853e+00,2.374269e+00,-1.666395e+01,-4.574992e+00,1.109254e-01,8.250210e+00,7.632165e+00,1.023509e+00,-1.505079e-01,8.901338e+00,8.930028e+00,-1.609238e+00,2.024781e-02,0,6.465151e-01,-5.598203e-05,-5.768133e-01,-1.657899e+00,1.826111e-01,1.814906e+00,1.473806e-01,1.434332e-01,1.168197e+00,2.145112e-03,8.288757e-02,1.524830e+00,-1.036196e+00,-1.999834e+00,1.087942e-03,0,-1.340258e-03
2.106512e-03,4.345822e+00,-1.271783e-01,-1.603446e+01,-2.151675e+00,-1.237816e-01,8.423033e+00,9.156429e+00,6.577653e-01,-8.711371e-01,1.145226e+01,7.751318e+00,-3.277108e+00,2.055001e-02,0,6.442969e-01,-3.831829e-05,-4.651150e-01,-1.223716e+00,3.725926e-01,9.996380e-01,-1.188631e-01,-1.322519e-01,1.404775e+00,7.862904e-02,3.843522e-01,1.922417e+00,-1.142872e+00,-9.877502e-01,1.269266e-03,0,-6.266332e-03
1.988771e-03,3.914224e+00,-3.502699e-01,-1.531834e+01,-2.039499e+00,-2.385057e-01,7.765170e+00,1.088055e+01,1.847641e+00,4.366892e-01,1.182714e+01,5.680786e+00,-2.979747e+00,2.326987e-02,0,6.323995e-01,-3.478699e-05,-2.546094e-01,-1.551583e-01,3.718766e-01,-2.061622e-01,-1.372165e-01,-3.772035e-01,5.724182e-01,1.771642e-01,9.553183e-01,1.780624e+00,-9.355829e-01,-2.468428e-01,7.252950e-04,0,-1.009011e-02
2.134414e-03,4.192276e+00,-2.128118e-02,-1.559387e+01,-3.996810e+00,-5.620152e-01,8.543552e+00,1.175207e+01,8.271952e-01,1.118515e+00,1.560459e+01,5.750748e+00,-3.185268e+00,2.478090e-02,0,6.205022e-01,-5.765371e-05,-2.630312e-01,8.427573e-01,5.512242e-01,-4.855563e-01,9.128313e-02,-7.803195e-01,-8.012816e-01,-7.685568e-02,8.645788e-01,1.203966e+00,-5.750030e-01,1.773771e-01,-1.420369e-03,0,-1.387991e-02
1.969442e-03,3.881579e+00,1.545528e+00,-1.502486e+01,-4.683235e+00,-3.560403e-01,6.303933e+00,9.196436e+00,1.824615e+00,3.631257e+00,1.572830e+01,5.252399e+00,-2.889372e+00,2.175884e-02,0,6.079618e-01,-1.217284e-04,-3.820304e-01,1.163598e+00,7.737538e-01,3.078211e-01,5.509495e-01,-1.382489e+00,-2.439953e+00,-1.568023e-01,5.980170e-01,3.048736e-01,-1.704730e-01,5.720087e-01,-4.140223e-03,0,-1.408914e-02
1.827908e-03,3.046988e+00,3.138709e+00,-1.342508e+01,-3.257588e+00,3.914014e-01,5.252054e+00,5.992079e+00,2.849998e-01,1.854473e+00,1.552151e+01,5.090497e+00,-2.435410e+00,1.420369e-02,0,5.871162e-01,-1.806322e-04,-4.501100e-01,1.087035e+00,1.152358e+00,1.305581e+00,1.094008e+00,-1.634203e+00,-3.234062e+00,-1.296696e-01,1.195775e-01,-5.923005e-01,2.082862e-01,1.114859e+00,-5.016621e-03,0,-1.197125e-02
1.533382e-03,2.576716e+00,3.887724e+00,-1.253397e+01,-8.700039e-01,2.039533e+00,2.498476e+00,1.560783e+00,1.334727e+00,3.058795e+00,1.339304e+01,5.158546e+00,-4.946317e-01,7.857359e-03,0,5.786468e-01,-1.483032e-04,-3.452590e-01,5.925180e-01,1.210862e+00,1.687351e+00,1.129745e+00,-1.137856e+00,-2.599295e+00,-2.216569e-01,3.781414e-02,-5.705341e-01,1.057570e+00,1.419003e+00,-3.354487e-03,0,-1.004747e-02
1.449283e-03,2.594157e+00,4.242795e+00,-1.107753e+01,6.244807e-01,3.710239e+00,2.275268e+00,-6.004127e-01,4.237911e-01,2.002634e+00,1.381071e+01,6.839105e+00,1.191657e+00,6.648534e-03,0,5.753035e-01,-1.260102e-04,-4.130689e-01,5.926234e-01,1.457865e+00,1.074032e+00,7.362680e-01,2.504440e-01,-9.928042e-01,6.468740e-02,2.589519e-01,-6.299244e-01,1.322350e+00,9.539335e-01,-8.159563e-04,0,-7.486981e-03
1.417238e-03,2.381699e+00,3.956075e+00,-1.014432e+01,1.812486e+00,3.633268e+00,2.103044e+00,-5.037934e-01,6.469350e-01,3.746248e+00,1.373103e+01,9.665944e+00,2.392112e+00,8.763977e-03,0,5.636308e-01,-8.847336e-05,-6.251307e-01,9.513714e-01,1.812952e+00,2.844220e-01,-6.650119e-02,1.664847e+00,7.721521e-01,2.323087e-01,2.870039e-01,-7.950708e-01,6.470576e-01,-5.725317e-02,1.027501e-03,0,-1.520362e-02
1.255929e-03,1.079152e+00,6.067650e+00,-7.330580e+00,7.713280e-01,3.275874e+00,6.701990e+00,2.060346e+00,9.523330e-01,2.805506e+00,1.220290e+01,9.448548e+00,8.908861e-01,9.670596e-03,0,5.571893e-01,-8.133949e-05,-9.920596e-01,1.142021e+00,1.683582e+00,-3.863358e-01,-6.316488e-01,1.853391e+00,1.867933e+00,7.563116e-01,4.152644e-01,-1.154334e+00,-1.811182e-01,-4.492485e-01,1.541251e-03,0,-1.644546e-02
1.187692e-03,2.085651e-01,7.732153e+00,-5.342680e+00,4.786825e-01,1.924210e+00,8.609352e+00,4.091164e+00,2.232000e+00,4.092379e+00,1.022160e+01,7.089113e+00,-6.305119e-01,1.148383e-02,0,5.116858e-01,-7.198250e-05,-1.257514e+00,9.835712e-01,1.333992e+00,-5.701061e-01,-8.221696e-01,4.396595e-01,2.127198e+00,9.625815e-01,1.151005e-01,-1.209075e+00,-6.713704e-01,3.308480e-02,1.239045e-03,0,-1.614279e-02
1.157358e-03,-1.279574e+00,8.064860e+00,-5.060443e+00,-6.402968e-01,1.406524e+00,8.289069e+00,6.441773e+00,3.412817e+00,3.905890e+00,9.793757e+00,7.221930e+00,4.567270e-01,1.299486e-02,0,5.190487e-01,-2.566146e-05,-1.689505e+00,-4.678497e-01,3.483450e-01,-3.204871e-01,-1.244401e-01,-1.904364e+00,1.324519e+00,1.395347e+00,1.498424e-01,-1.071924e+00,-3.688079e-01,1.301461e+00,6.044123e-04,0,-1.158842e-02
1.106611e-03,-2.726507e+00,7.875327e+00,-4.609428e+00,-3.322321e-01,4.570951e-01,3.507802e+00,7.941485e+00,4.229600e+00,3.771558e+00,8.890223e+00,7.422401e+00,2.774616e+00,1.329707e-02,0,5.019872e-01,3.230709e-05,-2.162236e+00,-2.101995e+00,-4.576536e-01,6.417932e-02,1.091630e+00,-3.490944e+00,-1.365395e-01,1.803549e+00,2.569837e-02,-1.110687e+00,-2.619525e-01,2.005114e+00,-4.230886e-04,0,-4.753286e-03
1.168162e-03,-5.900837e+00,3.656815e+00,-5.955481e+00,-4.256504e-01,3.387231e+00,-2.690574e-01,6.757779e+00,6.930265e+00,3.715129e+00,7.508966e+00,7.437864e+00,5.695627e+00,1.178604e-02,0,5.040965e-01,6.663415e-05,-1.827357e+00,-2.853968e+00,-1.096775e+00,7.315308e-01,2.037844e+00,-3.759459e+00,-1.918082e+00,1.840895e+00,7.304130e-01,-1.127990e+00,-1.012822e+00,1.738424e+00,-6.950743e-04,0,-5.093959e-03
1.343825e-03,-8.291982e+00,-5.738003e-01,-7.183429e+00,6.922559e-01,6.392007e+00,-4.566305e+00,3.250463e+00,9.491018e+00,4.316251e+00,5.810555e+00,5.671383e+00,6.775607e+00,9.972801e-03,0,4.953955e-01,6.638743e-05,-4.314269e-01,-1.949583e+00,-1.330909e+00,6.445957e-01,1.549882e+00,-2.255371e+00,-2.427932e+00,9.182650e-01,1.278232e+00,-5.749815e-01,-1.675453e+00,6.258200e-01,-2.417652e-04,0,9.303895e-03
1.371922e-03,-7.633619e+00,-1.980417e+00,-9.257318e+00,2.505113e+00,8.628286e+00,-6.471172e+00,-8.031238e-01,9.986585e+00,7.285609e+00,5.693642e+00,3.033331e+00,7.148353e+00,1.118163e-02,0,4.968747e-01,1.122667e-05,1.616491e+00,2.317602e-01,-1.063624e+00,2.070484e-01,-1.098643e-01,-3.914090e-01,-1.809510e+00,-8.612677e-01,1.592045e+00,4.652238e-01,-1.822247e+00,-6.566122e-01,2.417648e-04,0,2.359216e-02
1.336668e-03,-4.017251e+00,9.460251e-01,-9.613052e+00,1.425365e+00,5.585979e+00,-4.667995e+00,-4.177263e-01,7.292766e+00,8.377479e+00,6.922977e+00,1.247403e+00,5.177352e+00,1.239045e-02,0,5.521175e-01,-1.990541e-05,2.712057e+00,1.582876e+00,-6.582935e-01,-6.612010e-01,-1.405496e+00,1.271561e+00,-8.051028e-01,-2.122379e+00,1.127974e+00,1.457614e+00,-9.994023e-01,-1.191388e+00,5.439710e-04,0,3.609708e-02
1.227874e-03,4.425311e-02,4.055703e+00,-1.005879e+01,2.430374e-01,3.240924e+00,-2.175257e+00,-4.556773e-01,3.723053e+00,9.644741e+00,9.278874e+00,5.386217e-01,3.211694e+00,1.178604e-02,0,5.936963e-01,-1.083941e-05,2.327809e+00,1.580704e+00,-2.841729e-01,-1.177396e+00,-1.689645e+00,1.759857e+00,-1.579870e-01,-2.331508e+00,2.414535e-01,1.823756e+00,3.586906e-01,-8.164835e-01,2.417648e-04,0,3.186700e-02
1.316322e-03,1.429368e+00,4.322523e+00,-1.007416e+01,-1.482711e+00,2.058209e+00,-3.564569e-01,-9.487740e-01,2.010889e+00,8.776555e+00,1.130601e+01,1.921726e+00,2.786998e+00,1.239045e-02,0,6.274701e-01,1.196072e-05,1.236070e+00,7.230473e-01,-1.276315e-01,-1.073634e+00,-1.066796e+00,1.643079e+00,4.766494e-02,-1.621485e+00,-3.647148e-01,1.627483e+00,1.233732e+00,8.004069e-03,4.230886e-04,0,1.172233e-02
1.327897e-03,1.282114e+00,4.234855e+00,-1.044763e+01,-1.927829e+00,1.943945e+00,1.723414e-01,-1.327535e+00,9.699839e-01,8.293338e+00,1.262091e+01,4.489622e+00,4.261113e+00,1.239045e-02,0,6.185334e-01,2.038097e-05,3.537233e-01,2.320601e-01,-2.445307e-02,-1.162552e+00,-7.057503e-01,1.950304e+00,8.113098e-01,-8.297991e-01,-7.996444e-01,8.620771e-01,1.299318e+00,3.570881e-01,3.022059e-04,0,-4.898787e-03
1.346460e-03,1.544170e+00,4.471685e+00,-1.005679e+01,-2.857370e+00,9.004871e-01,2.373600e+00,2.565273e-01,5.618778e-01,7.229606e+00,1.338937e+01,5.440560e+00,4.692663e+00,1.420369e-02,0,5.983106e-01,-1.518087e-05,1.738555e-01,3.519312e-01,1.716755e-01,-9.150025e-01,-6.472657e-01,2.374029e+00,1.445985e+00,-5.513545e-01,-1.026418e+00,-1.749990e-01,8.538150e-01,3.062453e-01,-3.626471e-04,0,-1.272173e-02
1.314710e-03,1.755468e+00,5.141422e+00,-1.018974e+01,-4.882395e+00,2.910329e-01,6.211234e+00,2.998221e+00,2.985636e-01,6.419994e+00,1.254758e+01,5.275795e+00,4.044302e+00,1.239045e-02,0,5.837821e-01,-4.716625e-05,8.330718e-02,6.578906e-01,4.419400e-01,-7.175354e-01,-5.071911e-01,2.561870e+00,1.726371e+00,-1.439283e-01,-1.130601e+00,-1.306634e+00,1.379867e-02,-1.317380e-01,-1.269265e-03,0,-8.278114e-03
1.247011e-03,2.061969e+00,5.628895e+00,-9.344729e+00,-4.580441e+00,-3.516631e-01,8.494242e+00,4.118275e+00,-4.101729e-01,4.581135e+00,1.046768e+01,5.797714e+00,4.426630e+00,1.057721e-02,0,5.812371e-01,-7.191803e-05,-2.097125e-01,7.945802e-01,7.311448e-01,-1.027508e-02,-1.296090e-02,1.709163e+00,1.524266e+00,2.989456e-01,-7.088264e-01,-1.952703e+00,-4.616422e-01,-1.433777e-01,-1.783016e-03,0,-1.138270e-03
1.141790e-03,1.439751e+00,6.945703e+00,-8.593958e+00,-4.653971e+00,3.406491e-02,9.921371e+00,5.373445e+00,7.363676e-01,3.964568e+00,7.548586e+00,4.380038e+00,3.735439e+00,7.857359e-03,0,5.856796e-01,-7.042161e-05,-5.690327e-01,7.730521e-01,9.360014e-01,4.625561e-01,4.111547e-01,6.368154e-01,1.173706e+00,9.092118e-01,1.592104e-01,-1.799133e+00,-7.694910e-01,-1.994286e-01,-1.390148e-03,0,3.320593e-03
1.073330e-03,6.534665e-01,7.542446e+00,-7.198956e+00,-3.022958e+00,9.641666e-01,9.064345e+00,6.690247e+00,1.837704e+00,4.913188e+00,6.125357e+00,3.580228e+00,4.130206e+00,7.555153e-03,0,5.916705e-01,-4.279179e-05,-7.557887e-01,5.346699e-01,7.400078e-01,4.493029e-01,5.119081e-01,7.040882e-03,9.208242e-01,1.625726e+00,1.120330e+00,-1.233126e+00,-4.725311e-01,-2.271091e-01,-1.057721e-03,0,3.982448e-03
1.049443e-03,-3.854441e-01,8.049907e+00,-6.582619e+00,-3.348356e+00,1.688892e+00,9.110259e+00,7.580766e+00,3.720684e+00,7.050020e+00,5.723070e+00,2.537084e+00,3.195371e+00,6.950740e-03,0,5.951684e-01,-3.691856e-06,-5.873288e-01,2.249678e-01,3.177923e-01,1.396432e-01,-7.817966e-02,-3.101616e-01,6.222612e-01,1.949987e+00,1.002578e+00,-6.373655e-01,3.274144e-01,-1.866661e-01,-1.027501e-03,0,1.593465e-03
1.079226e-03,-8.043773e-01,7.750143e+00,-6.650360e+00,-2.986733e+00,1.380464e+00,8.935002e+00,7.618735e+00,6.226298e+00,8.640060e+00,5.214804e+00,4.356535e+00,3.561119e+00,5.741916e-03,0,5.964050e-01,2.309490e-05,-2.211359e-01,6.302810e-02,-3.044195e-01,-3.379426e-01,-6.684429e-01,-3.811497e-01,3.898231e-01,2.149857e+00,1.295256e-01,-3.936877e-01,6.626484e-01,-3.779823e-01,-6.950740e-04,0,-2.056265e-03
1.120383e-03,-7.679710e-01,7.966693e+00,-7.279294e+00,-3.973867e+00,-5.649821e-01,8.435235e+00,8.020507e+00,8.292006e+00,7.114022e+00,4.817035e+00,5.628956e+00,3.086652e+00,3.626473e-03,0,5.912797e-01,3.364393e-05,2.597315e-01,5.753255e-02,-6.580766e-01,-6.121820e-01,-1.090313e+00,-5.782675e-01,6.718320e-01,1.696025e+00,-8.802819e-01,-3.918479e-01,1.759297e-01,-7.133245e-04,6.648534e-04,0,-3.251541e-03
1.153334e-03,-2.609495e-01,7.899193e+00,-8.372716e+00,-4.399916e+00,-1.251111e+00,7.496109e+00,8.419492e+00,1.030133e+01,5.528814e+00,4.609936e+00,5.347534e+00,2.294653e+00,5.741916e-03,0,5.833336e-01,2.394072e-05,5.048121e-01,3.279817e-01,-5.202541e-01,-9.962883e-01,-9.974405e-01,-6.357127e-01,8.106605e-01,9.497284e-01,-1.383595e+00,-6.666328e-01,-8.800073e-01,5.964178e-01,1.813237e-03,0,-9.568453e-04
1.180609e-03,6.414993e-01,8.263044e+00,-9.011825e+00,-5.702675e+00,-2.446885e+00,6.938368e+00,1.053955e+01,1.016330e+01,4.204233e+00,4.066265e+00,2.921233e+00,3.825037e+00,1.027501e-02,0,5.854464e-01,1.419843e-05,5.642390e-01,5.742779e-01,-1.933797e-01,-1.132737e+00,-5.862696e-01,-3.297780e-01,7.237511e-01,-3.104925e-02,-1.311476e+00,-9.204863e-01,-1.175308e+00,1.330441e+00,1.783016e-03,0,4.616863e-03
1.168817e-03,1.014948e+00,9.241876e+00,-8.385365e+00,-7.103771e+00,-2.665787e+00,6.504872e+00,1.041252e+01,1.003930e+01,3.176978e+00,2.257025e+00,1.310360e+00,6.174016e+00,1.148383e-02,0,5.945374e-01,1.085526e-05,3.788536e-01,7.518716e-01,2.031231e-01,-1.123535e+00,-1.291078e-01,1.994230e-01,1.923696e-01,-9.125249e-01,-1.311979e+00,-7.875447e-01,-3.427536e-01,1.483079e+00,0,0,8.587563e-03
1.183634e-03,1.415275e+00,1.016674e+01,-8.239868e+00,-8.285625e+00,-2.788992e+00,7.281963e+00,1.064275e+01,8.267777e+00,1.732563e+00,1.391059e+00,1.771003e+00,7.799178e+00,9.670596e-03,0,6.087621e-01,1.928343e-05,1.612472e-01,6.261978e-01,1.626330e-01,-7.166435e-01,3.880805e-01,5.888335e-01,-5.417641e-01,-1.189339e+00,-8.744925e-01,-3.142533e-01,9.604058e-01,6.721326e-01,-1.148383e-03,0,8.943761e-03
1.206098e-03,1.246431e+00,1.070670e+01,-7.743079e+00,-8.726117e+00,-1.725596e+00,8.321426e+00,9.329739e+00,6.686464e+00,2.047548e-01,2.009815e+00,4.208881e+00,7.722979e+00,6.044122e-03,0,6.146135e-01,3.077430e-05,5.490280e-02,3.058979e-01,-1.517026e-01,-2.178417e-01,3.638236e-01,7.399707e-01,-5.881340e-01,-1.053732e+00,-5.795904e-02,3.943108e-02,1.622578e+00,-4.054074e-02,-4.835299e-04,0,5.097032e-03
1.258385e-03,1.331994e+00,1.066162e+01,-8.519803e+00,-8.474719e+00,-9.765781e-01,8.974258e+00,8.372116e+00,5.893018e+00,1.317882e+00,2.618603e+00,6.274002e+00,6.411219e+00,7.252946e-03,0,6.201271e-01,2.113946e-05,1.455439e-02,-2.024550e-01,-3.338446e-01,2.227077e-01,-9.874701e-04,5.293173e-01,-4.770768e-01,-3.289391e-01,4.222620e-01,1.701884e-01,1.491178e+00,-6.180255e-01,1.329707e-03,0,-1.876670e-03
1.285313e-03,1.331102e+00,1.052393e+01,-9.003911e+00,-8.098433e+00,-1.752876e+00,9.358578e+00,8.607163e+00,5.958014e+00,3.094523e+00,1.840408e+00,7.171751e+00,6.665291e+00,1.027501e-02,0,6.143400e-01,6.716850e-06,6.856734e-02,-4.432198e-01,-5.724708e-01,8.403611e-02,-8.062305e-01,4.031955e-01,3.901950e-01,1.607546e-01,3.503688e-02,1.503630e-01,8.755013e-01,-6.421316e-01,2.810517e-03,0,-6.868935e-03
1.249724e-03,1.445711e+00,9.245854e+00,-9.278675e+00,-7.485928e+00,-2.780290e+00,9.409974e+00,8.618653e+00,6.987307e+00,2.398989e+00,2.326704e+00,7.745457e+00,5.237894e+00,1.420369e-02,0,5.995155e-01,-1.327605e-05,5.540476e-02,-3.913687e-01,-4.630684e-01,-3.502463e-01,-1.058010e+00,1.753966e-01,6.142882e-01,4.848347e-01,-1.010638e+00,2.821048e-01,4.428394e-01,-4.166702e-01,2.568752e-03,0,-7.748461e-03
1.244013e-03,1.532409e+00,9.198486e+00,-1.022600e+01,-8.800332e+00,-4.854893e+00,1.011955e+01,1.115744e+01,6.943093e+00,-1.606141e-01,2.907579e+00,7.850660e+00,5.098983e+00,1.662133e-02,0,5.905747e-01,-1.823521e-05,-7.441700e-03,-3.350115e-02,-2.914736e-01,-7.364115e-01,-9.107100e-01,-2.544350e-01,5.024570e-01,4.182082e-01,-1.449467e+00,2.113848e-01,9.994221e-02,-8.598366e-02,2.326987e-03,0,-8.819342e-04
1.212655e-03,1.508365e+00,9.367496e+00,-1.022410e+01,-9.875001e+00,-4.715621e+00,9.470757e+00,1.016842e+01,7.824652e+00,-2.107740e+00,3.495542e+00,8.148745e+00,5.111022e+00,1.692354e-02,0,5.932675e-01,-2.493145e-05,-1.526404e-01,2.890491e-01,8.435430e-02,-7.680495e-01,-3.055111e-01,-7.703050e-01,-1.250439e-01,-2.764702e-03,-7.355118e-01,-3.174694e-01,-2.702780e-01,4.829068e-01,2.508310e-03,0,6.892168e-03
1.212671e-03,1.262567e+00,1.029560e+01,-9.988565e+00,-1.058595e+01,-5.338761e+00,8.056011e+00,1.034457e+01,7.630382e+00,-1.899448e+00,2.312913e+00,7.469819e+00,6.298809e+00,2.055001e-02,0,6.130543e-01,-3.807930e-05,-3.689712e-01,2.569532e-01,5.625998e-01,-3.434423e-01,2.646014e-01,-7.856518e-01,-4.811985e-01,-3.080777e-01,3.909478e-01,-7.308602e-01,-6.972606e-01,4.183049e-01,3.203385e-03,0,7.628560e-03
1.140737e-03,8.174300e-01,1.014254e+01,-8.975619e+00,-1.043336e+01,-4.065912e+00,6.590216e+00,8.399873e+00,6.629839e+00,-4.091531e-01,1.036690e+00,6.584487e+00,7.052515e+00,2.478090e-02,0,6.227365e-01,-4.665770e-05,-5.233538e-01,1.982947e-01,7.591069e-01,-9.369497e-02,4.756044e-01,-9.008408e-02,1.684204e-01,-4.375091e-01,9.545139e-01,-9.285728e-01,-8.894610e-01,-2.848420e-02,2.870958e-03,0,8.805394e-04
1.089575e-03,3.302032e-02,1.009573e+01,-8.037239e+00,-1.023836e+01,-3.856741e+00,7.631557e+00,9.635724e+00,6.000111e+00,9.448314e-01,4.827039e-01,5.146486e+00,6.219761e+00,2.870958e-02,0,6.139830e-01,-5.190971e-05,-5.593387e-01,-7.632475e-02,7.006497e-01,1.889585e-01,6.828718e-01,7.599026e-01,5.587670e-01,-9.659056e-02,6.400725e-01,-4.611178e-01,-8.454590e-01,-9.031197e-01,9.670595e-04,0,-4.714981e-02
1.040914e-03,-4.936305e-01,1.045891e+01,-7.404231e+00,-1.051727e+01,-3.078609e+00,9.232564e+00,1.136494e+01,6.452242e+00,1.242689e+00,-2.322175e-01,4.863106e+00,5.008124e+00,2.719855e-02,0,5.972059e-01,-3.841814e-05,-5.124043e-01,-2.795636e-01,3.571160e-01,3.063760e-01,3.616998e-01,9.698677e-01,8.177651e-01,3.074717e-01,-2.823889e-03,1.136668e-01,-5.128070e-01,-7.895668e-01,-9.972804e-04,0,-7.529940e-02
1.003034e-03,-8.785961e-01,9.755795e+00,-7.271011e+00,-9.599208e+00,-2.418053e+00,1.053435e+01,1.165587e+01,7.236228e+00,4.749930e-01,6.417783e-01,4.103214e+00,2.805405e+00,2.417649e-02,0,3.900706e-01,-2.796636e-05,-4.863365e-01,-4.880278e-01,1.260119e-01,5.441540e-01,2.771041e-01,2.683731e-01,-2.293227e-01,4.934016e-01,-2.382082e-01,3.269847e-01,-1.383872e-01,1.690135e-02,-1.601692e-03,0,-1.141368e-01
9.919173e-04,-1.288783e+00,8.914693e+00,-7.573153e+00,-9.221062e+00,-2.976756e+00,9.988158e+00,1.147863e+01,7.549139e+00,-1.883534e-01,1.525487e+00,4.542089e+00,4.811859e+00,2.206104e-02,0,3.581957e-01,-1.907031e-05,-3.838107e-01,-4.186518e-01,2.274397e-01,7.196614e-01,-2.603935e-01,-5.252325e-01,-1.090891e+00,3.096348e-01,-1.227391e-01,-3.229887e-01,-3.608089e-02,7.538155e-01,-1.511026e-04,0,-1.096069e-01
9.742418e-04,-2.001086e+00,8.427696e+00,-7.322718e+00,-8.165696e+00,-2.522146e+00,8.595626e+00,8.432267e+00,7.918671e+00,4.693116e-01,1.238775e+00,4.615058e+00,6.402401e+00,2.326987e-02,0,1.628043e-01,-2.086209e-05,-2.871292e-01,-1.248931e-01,3.159126e-01,6.994305e-01,-4.592025e-01,-1.040875e+00,-1.107855e+00,1.071285e-01,2.502425e-01,-1.091018e+00,-2.911412e-01,5.390862e-01,2.719855e-03,0,-9.755325e-02
9.599586e-04,-1.851439e+00,9.029696e+00,-6.241179e+00,-7.635721e+00,-4.328529e+00,7.575764e+00,7.522287e+00,7.659195e+00,6.318344e-01,-2.145659e+00,4.426779e+00,6.978704e+00,2.689634e-02,0,1.628043e-01,-2.680498e-05,-3.945804e-02,3.822231e-02,-5.276365e-02,3.727198e-01,-5.470716e-01,-1.112183e+00,-7.463223e-01,-2.578146e-01,1.559367e-01,-1.360298e+00,-9.052567e-01,-7.103528e-01,4.230886e-03,0,-8.791956e-02
9.147029e-04,-2.032914e+00,9.073828e+00,-6.357436e+00,-6.894726e+00,-4.038179e+00,6.536175e+00,8.094762e+00,7.716842e+00,1.316112e+00,-2.977740e+00,2.705163e+00,4.417414e+00,3.535812e-02,0,0,-2.221016e-05,6.807399e-03,-1.368752e-01,-6.906015e-01,-1.166111e-01,-4.358707e-01,-6.764542e-01,2.117144e-01,-3.583938e-01,2.195531e-01,-1.305211e-01,-1.266395e+00,-1.349373e+00,4.230885e-03,0,-4.884130e-02
8.876619e-04,-1.470159e+00,8.782739e+00,-8.319613e+00,-7.992948e+00,-4.954098e+00,5.456966e+00,7.915767e+00,6.360981e+00,1.679301e-01,-3.167747e+00,9.707524e-01,2.252589e+00,3.717135e-02,0,0,-1.175193e-05,-1.807383e-01,-3.989705e-01,-9.569368e-01,-4.172205e-01,-1.359002e-01,-2.695162e-01,4.336761e-01,-3.963478e-01,-1.189405e-01,1.174608e+00,-1.538839e+00,-1.386533e+00,1.118163e-03,0,-3.256086e-02
8.993394e-04,-2.157689e+00,7.866798e+00,-9.736508e+00,-8.570138e+00,-4.388716e+00,6.272753e+00,9.294099e+00,6.775809e+00,1.799029e+00,1.097214e+00,1.109636e-02,2.018594e+00,3.928679e-02,0,0,3.355520e-06,-3.419438e-01,-4.314066e-01,-4.829423e-01,-3.317912e-01,-1.605021e-01,4.381479e-01,7.896566e-01,4.974060e-02,-3.426207e-01,1.379304e+00,-1.474704e+00,-6.368118e-01,-2.598973e-03,0,0
9.088808e-04,-2.692743e+00,7.638358e+00,-9.336327e+00,-8.884117e+00,-4.832762e+00,6.359893e+00,9.090999e+00,6.147973e+00,-2.043270e-01,1.689905e+00,-1.920383e+00,1.245451e+00,3.052282e-02,0,0,3.582402e-06,-7.093607e-01,-4.972500e-01,1.527795e-01,2.023889e-01,2.332784e-01,8.826834e-01,7.709595e-01,5.202232e-01,-5.561018e-01,9.098803e-01,-1.112633e+00,6.668137e-02,-3.475370e-03,0,0
9.208711e-04,-3.131341e+00,7.488986e+00,-8.263790e+00,-8.108097e+00,-4.901358e+00,8.275451e+00,1.145543e+01,8.072049e+00,-2.108631e-01,1.489952e+00,-3.222788e+00,1.736924e+00,2.568752e-02,0,0,-6.250024e-06,-8.631017e-01,-5.228872e-01,3.639372e-01,4.608087e-01,4.389153e-01,8.971233e-01,3.460105e-01,7.521420e-01,-9.003519e-01,-5.573804e-02,-1.127899e-01,6.833680e-01,-2.115440e-04,0,0
8.948080e-04,-4.530137e+00,6.485395e+00,-8.292074e+00,-7.212024e+00,-3.531385e+00,8.869035e+00,1.068990e+01,8.313976e+00,-1.607633e+00,1.185285e+00,-2.975473e+00,2.726830e+00,2.659414e-02,0,0,-1.564907e-05,-9.055206e-01,-4.318666e-01,4.516789e-01,6.798272e-01,6.807283e-01,8.577217e-01,-1.738014e-02,2.996179e-01,-3.294668e-01,-1.048618e-01,6.069461e-01,7.545282e-01,5.318827e-03,0,0
8.751256e-04,-5.554501e+00,5.828844e+00,-8.438949e+00,-7.102141e+00,-2.844828e+00,9.503799e+00,1.022470e+01,9.453517e+00,-2.001077e+00,1.070833e+00,-2.530813e-02,4.694744e+00,4.019341e-02,0,0,-5.284941e-06,-2.360377e-01,-2.535620e-02,2.811984e-01,3.626981e-01,4.697871e-01,3.334164e-01,-5.359184e-01,-5.121859e-01,-8.656827e-02,-1.371115e-01,1.014447e+00,2.311105e-01,6.920519e-03,0,3.856536e-02
8.535082e-04,-6.008766e+00,6.309096e+00,-6.990353e+00,-5.987959e+00,-2.457386e+00,1.003433e+01,9.619462e+00,6.955328e+00,-9.565537e-01,1.375155e+00,-4.843921e-01,3.539182e+00,4.986401e-02,0,0,4.645014e-05,9.532850e-01,4.500052e-01,-1.372744e-01,-2.039914e-01,1.169953e-02,9.464226e-02,-3.297253e-01,-6.556251e-01,3.580935e-01,-3.800177e-02,7.322592e-01,-4.294697e-01,3.324267e-03,0,9.751117e-02
9.150963e-04,-3.572215e+00,7.450354e+00,-7.508659e+00,-6.906639e+00,-3.089422e+00,9.359886e+00,9.311056e+00,6.190444e+00,-9.692440e-01,7.094596e-01,6.039069e-01,2.486301e+00,4.865518e-02,0,1.928268e-01,8.683482e-05,1.680359e+00,4.584816e-01,-6.671492e-01,-5.962428e-01,-1.085277e-01,-1.521658e-01,1.579109e-01,-4.037013e-02,5.341833e-01,3.596530e-02,5.023682e-01,-5.173236e-01,-2.598972e-03,0,1.568577e-01
1.107073e-03,-7.548545e-01,7.924666e+00,-9.443591e+00,-8.329732e+00,-3.350590e+00,9.414203e+00,9.498096e+00,6.667387e+00,-3.330821e-01,1.175963e+00,3.712153e-01,1.683704e+00,3.898459e-02,0,3.911425e-01,1.547904e-04,1.740676e+00,-8.208141e-02,-1.128873e+00,-9.529873e-01,-1.903182e-01,-9.936361e-02,5.248040e-01,1.027685e+00,4.224669e-01,2.955485e-02,6.903640e-01,8.321729e-02,-5.409488e-03,0,1.594204e-01
1.182517e-03,2.203400e-01,7.313467e+00,-1.054808e+01,-8.912469e+00,-2.940865e+00,9.053033e+00,1.107494e+01,9.395637e+00,3.581029e-01,1.350255e+00,2.058729e+00,3.035865e+00,3.263826e-02,0,5.887172e-01,1.250237e-04,6.446506e-01,-5.612816e-01,-6.862683e-01,-8.676801e-01,-3.308817e-01,6.697445e-02,5.138079e-01,1.206866e+00,2.758822e-01,-9.772831e-02,7.258266e-01,5.193976e-01,-4.744635e-03,0,6.240436e-02
1.493750e-03,7.983350e-01,5.967133e+00,-1.111501e+01,-9.749981e+00,-3.483255e+00,9.690936e+00,1.136154e+01,1.049116e+01,4.921076e-01,1.202531e+00,2.240017e+00,3.680486e+00,3.082502e-02,0,5.991570e-01,5.444304e-05,-2.713214e-01,-5.613127e-01,-1.055176e-01,-9.048227e-01,-7.144400e-01,-1.570973e-01,-2.249899e-01,6.420540e-01,-1.344336e-01,-2.296920e-01,7.286903e-01,6.705741e-01,-2.175884e-03,0,-5.636275e-02
1.346877e-03,-1.125557e+00,5.622713e+00,-1.010429e+01,-1.053491e+01,-4.677497e+00,9.556392e+00,1.094837e+01,1.031289e+01,-2.427578e-03,2.075339e-01,3.298639e+00,4.084898e+00,2.901179e-02,0,4.008413e-01,-6.033372e-05,-7.236570e-01,4.055696e-02,3.689850e-01,-8.473449e-01,-1.083179e+00,-4.557981e-01,-7.254707e-01,-1.742227e-01,-4.423889e-01,-4.325760e-01,1.655391e-01,2.636829e-01,-1.299487e-03,0,-1.198407e-01
1.297109e-03,-1.438513e+00,5.963480e+00,-1.019307e+01,-1.204262e+01,-6.054474e+00,8.377037e+00,8.436429e+00,9.419031e+00,-8.249850e-01,5.988635e-01,3.394711e+00,4.512058e+00,2.991840e-02,0,2.032666e-01,-1.476631e-04,-7.406872e-01,6.970071e-01,9.564408e-01,8.394327e-02,-6.161164e-01,-6.371015e-01,-7.062532e-01,-5.502672e-01,-2.063823e-01,-5.648076e-01,-5.661508e-01,1.745164e-01,-1.631913e-03,0,-1.036780e-01
9.791692e-04,-2.279521e+00,7.518078e+00,-9.164119e+00,-1.200287e+01,-7.071152e+00,7.430992e+00,8.910141e+00,9.060587e+00,-1.195295e+00,-5.107908e-01,2.309077e+00,3.938494e+00,2.659414e-02,0,1.874586e-01,-8.853998e-05,-4.527359e-02,9.021002e-01,7.120032e-01,4.549595e-01,-7.182799e-02,-3.635271e-01,-1.024668e-01,-7.632693e-01,4.557544e-02,-3.234471e-01,-8.714653e-01,2.469635e-01,-2.115442e-03,0,-4.727343e-03
9.392884e-04,-2.328119e+00,8.504485e+00,-6.802889e+00,-8.596286e+00,-5.367010e+00,7.568128e+00,8.849391e+00,8.365973e+00,5.662968e-02,-1.262345e+00,-9.595644e-02,4.626270e+00,2.387428e-02,0,1.874586e-01,-2.709723e-05,2.403083e-01,7.138801e-01,2.751985e-01,5.445797e-01,4.004651e-01,-3.646545e-02,5.361827e-01,-7.088785e-01,5.728163e-01,-2.484973e-01,-6.563908e-01,7.101358e-01,-1.420368e-03,0,5.707910e-02
1.083087e-03,-9.071221e-01,8.862711e+00,-8.239367e+00,-9.983286e+00,-5.380369e+00,8.143210e+00,1.022956e+01,7.023071e+00,-2.153577e-01,-4.790974e-01,6.866469e-01,5.262609e+00,2.145663e-02,0,3.851086e-01,4.544013e-05,3.780183e-01,3.490758e-01,-5.584193e-01,-2.098565e-01,2.024910e-01,-1.759417e-01,2.649016e-01,-5.821900e-01,5.225476e-01,2.992570e-01,3.107468e-02,8.664378e-01,3.928676e-04,0,6.071355e-02
1.109664e-03,-9.231715e-01,8.860563e+00,-9.279453e+00,-1.032952e+01,-4.897540e+00,7.838601e+00,1.045763e+01,6.893396e+00,1.549128e+00,-6.594698e-01,9.239726e-01,7.400679e+00,2.538531e-02,0,3.898371e-01,1.770529e-05,2.011812e-02,3.140618e-01,-7.346916e-01,-8.644730e-01,-4.145209e-01,-3.693845e-01,-2.739697e-02,-4.184733e-01,6.756312e-02,6.165320e-01,5.114227e-01,2.491465e-01,1.359927e-03,0,3.755479e-02
1.121182e-03,-1.091903e+00,9.085418e+00,-1.071793e+01,-1.218554e+01,-6.293432e+00,6.416048e+00,9.430528e+00,6.885925e+00,6.711937e-01,6.840570e-01,1.954486e+00,6.883479e+00,2.780296e-02,0,3.898371e-01,-3.720117e-05,-5.295719e-01,3.939389e-01,2.308635e-01,-4.176487e-01,-7.097133e-01,-6.186159e-01,-3.736437e-01,-8.854651e-02,-2.475332e-01,9.561766e-01,5.989895e-01,-2.546653e-01,4.533090e-04,0,-4.258237e-02
1.008767e-03,-2.135138e+00,9.963441e+00,-9.237064e+00,-1.181752e+01,-6.983083e+00,6.584787e+00,9.111921e+00,6.342180e+00,-4.883039e-02,1.238738e+00,1.827237e+00,5.061568e+00,2.750076e-02,0,3.728683e-01,-3.927207e-05,-2.857977e-01,3.649920e-01,8.070589e-01,-2.743868e-01,-8.166645e-01,-6.428016e-01,2.181890e-01,2.139378e-01,-2.490400e-01,1.289453e+00,8.033093e-01,-4.025468e-01,-6.950740e-04,0,-2.082461e-02
9.475295e-04,-2.948998e+00,1.028097e+01,-7.106245e+00,-1.132753e+01,-7.886164e+00,5.677038e+00,9.034196e+00,6.855947e+00,-6.540444e-01,3.352681e+00,3.229962e+00,5.158838e+00,2.266546e-02,0,1.806812e-01,-2.100905e-05,1.122726e-01,6.402588e-03,8.570412e-01,-7.219858e-02,-5.113216e-01,-5.189105e-01,8.061633e-01,4.668398e-01,2.539527e-01,1.122442e+00,5.510216e-01,1.466744e-01,-1.862645e-10,0,3.995478e-03
1.000130e-03,-1.423612e+00,1.008775e+01,-7.050003e+00,-1.213046e+01,-8.184496e+00,4.994098e+00,1.174675e+01,7.978075e+00,9.665465e-01,4.453482e+00,4.302781e+00,6.250265e+00,2.447869e-02,0,3.902920e-01,2.910255e-06,3.052071e-01,-4.138850e-01,2.770126e-01,7.524691e-02,1.784198e-01,6.094718e-02,1.035409e+00,6.022568e-01,4.019265e-01,2.741011e-01,-1.219285e-01,2.267939e-01,2.357207e-03,0,2.768901e-02
1.020456e-03,-8.863027e-01,9.055277e+00,-7.526258e+00,-1.239007e+01,-8.249333e+00,4.616839e+00,1.214393e+01,8.402177e+00,1.433269e+00,4.688897e+00,3.471823e+00,7.022502e+00,2.931399e-02,0,4.011026e-01,-5.841325e-06,2.964037e-02,-5.189782e-01,-1.000767e-01,5.327312e-01,7.566599e-01,9.255705e-01,5.800160e-01,1.385265e-01,3.704811e-02,-7.356924e-01,-9.668228e-01,-5.049983e-01,4.351768e-03,0,3.243178e-03
9.868555e-04,-1.640450e+00,8.506861e+00,-7.641994e+00,-1.091002e+01,-5.909400e+00,7.419622e+00,1.273410e+01,8.580349e+00,9.171456e-01,1.941136e+00,1.096665e+00,5.263706e+00,3.596253e-02,0,4.011026e-01,-4.637608e-06,-3.625733e-01,-4.869989e-01,-3.562807e-01,9.890270e-01,1.014310e+00,1.293088e+00,-2.738156e-01,-2.071689e-01,-5.154436e-01,-1.191149e+00,-1.098477e+00,-1.049296e+00,3.294047e-03,0,-5.598463e-02
9.249600e-04,-2.692378e+00,8.476520e+00,-7.310632e+00,-9.274089e+00,-5.240413e+00,9.092128e+00,1.144060e+01,7.247442e+00,-4.441034e-01,9.303923e-01,-1.093984e-03,3.127126e+00,3.868238e-02,0,1.914918e-01,9.196066e-06,-3.097847e-01,-4.052927e-01,-4.563814e-01,9.188743e-01,7.007025e-01,6.109862e-01,-4.770671e-01,-1.499791e-01,-4.919914e-01,-6.377960e-01,-6.572319e-01,-7.902455e-01,5.741924e-04,0,-5.577849e-02
1.024690e-03,-2.333441e+00,7.942132e+00,-8.939219e+00,-8.743311e+00,-4.617406e+00,9.221894e+00,1.072933e+01,7.519598e+00,-6.719853e-01,3.769875e-01,5.468541e-01,2.951470e+00,3.626473e-02,0,2.151743e-01,2.282131e-05,-2.355819e-01,-6.663374e-01,-7.481346e-01,3.235380e-01,2.577222e-01,-3.187691e-01,-4.306374e-01,5.880247e-01,3.000264e-01,3.452441e-01,-6.853435e-02,-2.728531e-02,-2.538531e-03,0,-3.481741e-02
1.047519e-03,-2.088730e+00,7.311178e+00,-9.159553e+00,-8.879048e+00,-5.391818e+00,6.770634e+00,1.076098e+01,8.182657e+00,-2.321228e-01,2.281991e+00,4.605683e-01,4.227393e+00,3.203385e-02,0,2.151743e-01,-1.280553e-05,-5.690844e-01,-6.705767e-01,-2.718973e-01,1.632058e-01,3.787905e-01,-6.030230e-01,-1.034168e-01,1.225892e+00,1.324466e+00,6.677472e-01,-1.835633e-01,6.964849e-01,-2.296766e-03,0,-3.829836e-02
1.039683e-03,-3.120183e+00,5.757845e+00,-1.045821e+01,-9.489850e+00,-4.545086e+00,6.986523e+00,1.092072e+01,1.105287e+01,2.311287e+00,2.991557e+00,5.231621e-01,4.577146e+00,2.659414e-02,0,2.151743e-01,-4.354434e-05,-6.244253e-01,-1.309389e-01,2.440105e-01,-2.109850e-01,5.416667e-01,-5.041640e-01,-2.908807e-01,1.052963e+00,1.732221e+00,5.489663e-01,-6.707643e-02,7.819329e-01,7.252954e-04,0,-2.799898e-02
8.534358e-04,-5.144429e+00,6.215780e+00,-7.910625e+00,-8.084790e+00,-3.382621e+00,7.194698e+00,1.082782e+01,1.161027e+01,4.686588e+00,2.961843e+00,-9.070646e-01,5.796713e+00,3.203385e-02,0,0,-4.079014e-05,-4.496244e-01,4.142179e-01,3.808025e-01,-5.155848e-01,4.737458e-01,-1.797419e-01,-4.630737e-01,2.365971e-01,1.250568e+00,-4.305008e-01,1.281917e-01,6.546625e-01,4.956181e-03,0,-9.722315e-03
9.040094e-04,-3.927718e+00,7.835137e+00,-8.343631e+00,-1.019536e+01,-2.913671e+00,6.489042e+00,9.241508e+00,1.107061e+01,5.529765e+00,2.781893e+00,8.952884e-01,6.076475e+00,3.989121e-02,0,1.827666e-01,-2.004305e-05,-2.916727e-01,5.172157e-01,3.117214e-01,-4.018562e-01,1.592073e-01,-1.796072e-01,-6.763992e-02,-5.676830e-01,3.450257e-01,-8.853518e-01,7.275698e-01,4.190776e-01,8.099123e-03,0,1.179512e-02
9.114048e-04,-3.933084e+00,8.343621e+00,-8.312828e+00,-1.110421e+01,-3.838796e+00,6.120665e+00,9.285216e+00,9.356772e+00,4.411477e+00,2.343195e-01,9.154635e-01,6.751041e+00,5.016622e-02,0,1.827666e-01,5.071354e-06,-1.833721e-01,1.622701e-02,-2.676141e-01,2.525330e-03,-1.922809e-01,1.525643e-01,4.299416e-01,-9.246785e-01,-4.153885e-01,-6.726931e-01,1.435935e+00,6.499958e-02,5.923239e-03,0,0
9.104828e-04,-5.184219e+00,7.280003e+00,-8.698499e+00,-9.989419e+00,-3.520962e+00,6.625504e+00,1.135382e+01,9.341197e+00,4.173971e+00,-7.143935e-02,3.249747e+00,6.195370e+00,5.802357e-02,0,1.827666e-01,-2.979999e-07,-1.066914e-01,-1.826601e-01,-3.633162e-01,7.973741e-01,-2.811420e-01,5.159320e-01,7.922519e-01,-1.229280e+00,-7.687985e-01,7.727765e-02,1.877104e+00,-1.563098e-01,6.648518e-04,0,-5.482998e-02
8.755559e-04,-5.433039e+00,6.574482e+00,-9.071261e+00,-8.175137e+00,-4.040380e+00,7.889289e+00,1.192137e+01,7.851578e+00,3.287542e+00,1.025044e+00,5.095380e+00,6.062263e+00,5.258386e-02,0,0,4.748197e-06,2.436374e-01,5.983257e-02,-3.265844e-01,9.089670e-01,-1.904465e-01,3.810550e-01,8.227625e-02,-1.416564e+00,-1.196784e+00,6.220130e-01,2.244904e+00,-1.539088e-01,-4.684195e-03,0,-5.482998e-02
9.204439e-04,-3.711198e+00,7.806406e+00,-9.780995e+00,-7.673033e+00,-4.218589e+00,8.184390e+00,1.188469e+01,5.676805e+00,2.247739e+00,2.772919e+00,8.190852e+00,5.639315e+00,4.200665e-02,0,0,5.065929e-07,2.306704e-01,4.334643e-01,3.201910e-01,9.336845e-01,-4.472957e-02,1.505320e-01,-7.871391e-01,-1.616789e+00,-1.820046e+00,1.548055e-01,1.561232e+00,-1.327517e-01,-4.684194e-03,0,-3.655332e-02
9.301652e-04,-3.451408e+00,8.379582e+00,-9.404502e+00,-7.717573e+00,-4.442215e+00,7.246497e+00,9.431165e+00,4.106146e+00,-6.093268e-01,1.922205e+00,9.669432e+00,6.259525e+00,3.475370e-02,0,0,3.557239e-06,1.096914e-01,5.282720e-01,9.126892e-01,6.671468e-01,2.760293e-01,-6.043668e-02,-1.253814e+00,-1.402564e+00,-1.869562e+00,-1.885709e-01,6.066508e-01,7.977299e-02,1.118163e-03,0,3.729835e-02
8.857111e-04,-5.021682e+00,8.544774e+00,-6.930923e+00,-5.549778e+00,-3.543692e+00,7.699560e+00,8.663232e+00,3.129969e+00,-2.977825e+00,2.540072e-01,8.768884e+00,5.432981e+00,4.351768e-02,0,0,1.023308e-06,8.296607e-02,2.121346e-01,1.084706e+00,3.137272e-01,3.136131e-01,2.182574e-02,-1.213161e+00,-9.630700e-01,-1.266157e+00,-1.643815e-01,-3.268410e-01,3.196612e-01,6.255667e-03,0,5.594752e-02
9.107084e-04,-4.229340e+00,8.846658e+00,-5.932851e+00,-5.901030e+00,-2.997682e+00,7.829521e+00,7.263030e+00,2.112175e+00,-3.447483e+00,1.341645e+00,7.839619e+00,6.564295e+00,5.741916e-02,0,1.864917e-01,9.047513e-06,3.468006e-01,-6.086550e-02,4.122082e-01,-3.501124e-01,4.577019e-01,3.507787e-01,-5.112857e-01,-1.124211e-01,-2.097208e-01,5.237112e-01,-4.385487e-01,3.680106e-01,9.035963e-03,0,5.594752e-02
9.352888e-04,-2.907402e+00,8.633541e+00,-6.093289e+00,-7.012669e+00,-3.372791e+00,8.002007e+00,6.902952e+00,1.858441e+00,-2.663968e+00,2.241292e+00,7.471554e+00,7.085236e+00,6.195225e-02,0,1.864917e-01,4.425988e-06,2.530401e-01,-3.018208e-01,-2.859596e-01,-5.815672e-01,7.669753e-01,7.103972e-01,1.621570e-01,8.570029e-01,9.795801e-01,8.702517e-01,-3.845397e-01,1.701409e-01,7.192505e-03,0,0
9.506139e-04,-2.774545e+00,8.030871e+00,-7.762278e+00,-8.736690e+00,-2.239156e+00,8.849167e+00,7.754877e+00,4.179805e+00,-1.814859e+00,3.547119e+00,8.125353e+00,7.273450e+00,7.071623e-02,0,1.864917e-01,-1.186540e-05,-2.291029e-01,-3.936366e-01,-3.363036e-01,9.308811e-02,1.241277e+00,7.755126e-01,5.472718e-01,1.455105e+00,1.460691e+00,1.011775e+00,-4.347739e-01,-2.345531e-01,1.994560e-03,0,-5.594752e-02
8.878883e-04,-4.483879e+00,7.443563e+00,-7.446008e+00,-7.039785e+00,-8.807882e-02,1.074172e+01,9.228093e+00,6.381168e+00,1.103763e+00,3.502528e+00,6.703318e+00,5.929108e+00,7.283167e-02,0,0,-1.762044e-05,-5.987005e-01,-2.502899e-01,1.488461e-01,1.068041e+00,1.316455e+00,4.944539e-01,3.172514e-01,9.117468e-01,1.537437e+00,9.447668e-01,-6.385674e-02,-1.653664e-01,-4.381989e-03,0,-5.594752e-02
8.750817e-04,-4.586616e+00,7.473464e+00,-6.938010e+00,-5.422031e+00,1.566347e+00,1.033723e+01,8.836818e+00,7.126338e+00,1.972105e+00,5.769901e+00,6.049867e+00,5.969594e+00,6.195225e-02,0,0,-1.661841e-05,-6.853499e-01,-1.645066e-01,1.112348e+00,1.890788e+00,9.215723e-01,-1.380657e-01,-3.312553e-01,-9.151025e-02,9.705741e-01,7.733063e-01,5.849932e-01,6.912708e-04,-1.081898e-02,0,-3.729835e-02
8.849527e-04,-4.994869e+00,7.660796e+00,-5.761193e+00,-3.329793e+00,1.306735e+00,9.730247e+00,7.948238e+00,4.943908e+00,3.129733e+00,5.853735e+00,8.190013e+00,6.910332e+00,4.442430e-02,0,0,-6.272102e-06,-6.526194e-01,-3.663993e-01,1.257858e+00,2.464627e+00,1.005073e+00,-8.249024e-01,-9.166842e-01,-4.618558e-01,7.029082e-01,7.498165e-01,1.193673e+00,-4.215278e-02,-1.175582e-02,0,0
8.689896e-04,-5.945799e+00,7.099722e+00,-3.042946e+00,-1.137746e+00,1.671298e+00,8.664577e+00,6.738528e+00,4.440884e+00,2.025027e+00,6.238047e+00,1.030697e+01,6.786294e+00,3.082502e-02,0,0,-5.022349e-06,-6.814378e-01,-9.572035e-01,8.392552e-01,2.956311e+00,1.604811e+00,-1.389289e+00,-1.642160e+00,-2.301457e-01,1.356126e+00,7.520819e-01,7.237788e-01,-7.099649e-01,-8.189784e-03,0,0
8.595738e-04,-7.067384e+00,5.798438e+00,-3.104249e+00,3.141207e+00,4.884810e+00,7.453536e+00,5.693817e+00,5.414616e+00,4.591843e+00,7.017538e+00,1.054313e+01,5.309993e+00,2.961620e-02,0,0,-5.711743e-06,-5.568268e-01,-1.401253e+00,-6.784157e-02,2.975560e+00,2.463188e+00,-1.850179e+00,-2.337690e+00,2.631741e-01,2.250217e+00,1.113715e+00,-4.252376e-01,-1.365328e+00,-2.961619e-03,0,0
8.626594e-04,-6.957547e+00,3.618625e+00,-4.070206e+00,6.124022e+00,7.801363e+00,4.529138e+00,1.753229e+00,5.740256e+00,8.021678e+00,8.948409e+00,8.492202e+00,3.219938e+00,2.840737e-02,0,0,4.462083e-06,-5.516194e-01,-1.400220e+00,-8.364210e-01,2.065954e+00,2.233397e+00,-1.860775e+00,-2.514802e+00,1.996872e-01,2.998779e+00,1.343579e+00,-1.206614e+00,-1.492584e+00,1.752795e-03,0,0
8.595591e-04,-7.273129e+00,2.395082e+00,-5.586771e+00,7.917124e+00,1.055764e+01,2.547070e+00,-1.247563e+00,5.610093e+00,1.138249e+01,1.006713e+01,6.971210e+00,1.866869e+00,3.082502e-02,0,0,3.135585e-05,-9.311565e-01,-9.333995e-01,-1.104309e+00,5.296825e-01,1.120789e+00,-1.416508e+00,-1.734061e+00,-2.094447e-01,1.815272e+00,1.209884e+00,-1.610407e+00,-1.101812e+00,7.585373e-03,0,0
8.913074e-04,-8.601024e+00,1.800300e+00,-5.983790e+00,6.804067e+00,1.000187e+01,1.813933e+00,-2.364790e+00,5.341582e+00,1.362360e+01,1.143115e+01,6.059865e+00,1.044935e+00,3.898459e-02,0,0,7.699399e-05,-1.571431e+00,-5.176262e-01,-1.374758e+00,-3.055612e-01,-1.706219e-02,-1.199651e+00,-7.340729e-01,-3.733256e-01,-4.961414e-02,5.877296e-01,-1.644971e+00,-3.891332e-01,1.710486e-02,0,0
1.002029e-03,-1.090143e+01,2.040603e+00,-7.669003e+00,5.449596e+00,9.388504e+00,1.728598e+00,-9.174768e-01,4.566730e+00,1.086725e+01,1.182559e+01,3.707263e+00,8.884323e-01,6.225446e-02,0,0,1.244977e-04,-1.902287e+00,-3.246918e-01,-1.201844e+00,-1.522873e-01,-6.283741e-01,-1.393445e+00,-5.911175e-01,-6.644624e-01,-2.356881e+00,-4.136619e-01,-1.776953e+00,-3.112955e-02,2.901179e-02,0,0
1.176394e-03,-1.300055e+01,1.207734e+00,-9.902879e+00,5.829979e+00,8.300620e+00,-1.059878e+00,-2.082178e+00,4.395309e+00,8.031232e+00,1.100783e+01,1.899321e+00,1.763491e+00,9.821698e-02,0,0,1.295234e-04,-1.745290e+00,-4.120208e-01,-7.076303e-01,6.086673e-01,-3.270071e-01,-2.162031e+00,-1.042002e+00,-3.594509e-01,-3.418560e+00,-1.147359e+00,-1.776396e+00,-2.016368e-01,3.427017e-02,0,0
1.339504e-03,-1.458480e+01,1.067906e+00,-9.636447e+00,7.642731e+00,8.266394e+00,-2.983249e+00,-4.344456e+00,2.760916e+00,2.394272e+00,8.210480e+00,1.667186e-01,1.351943e+00,1.462678e-01,0,0,1.334147e-04,-1.322524e+00,-4.244429e-01,4.257298e-02,1.141126e+00,6.199644e-01,-2.690158e+00,-1.282614e+00,3.559804e-02,-3.041955e+00,-9.577869e-01,-1.309074e+00,-8.125126e-01,2.937443e-02,0,0
1.370187e-03,-1.548579e+01,2.265448e-01,-8.538219e+00,8.750836e+00,8.927886e+00,-6.640299e+00,-5.861312e+00,4.447234e+00,7.672825e-01,7.501904e+00,-1.051843e+00,-1.950045e-01,1.683288e-01,0,0,1.612839e-04,-1.040444e+00,-2.370668e-01,3.269387e-01,4.291961e-01,1.781138e+00,-2.386683e+00,-4.297801e-01,6.918325e-01,-1.980047e+00,-8.479408e-01,-1.054494e+00,-1.519830e+00,1.390148e-02,0,0
1.572206e-03,-1.627143e+01,4.089827e-01,-8.138468e+00,9.694797e+00,1.217469e+01,-8.931984e+00,-5.440978e+00,4.718758e+00,-7.105530e-01,8.789617e+00,-1.362526e+00,-2.194883e+00,1.740707e-01,0,0,2.383933e-04,-9.301385e-01,3.438003e-02,1.137694e-01,-3.255228e-01,2.589470e+00,-1.898185e+00,-1.473330e-01,1.003643e+00,-4.707157e-01,-5.914599e-01,-2.855295e-01,-8.636057e-01,-2.961621e-03,0,0
1.866463e-03,-1.735946e+01,3.518611e-01,-9.017175e+00,6.949927e+00,1.525216e+01,-1.001892e+01,-3.682818e+00,6.875552e+00,-3.165890e-01,6.478555e+00,-2.608525e+00,-4.062248e+00,1.538229e-01,0,0,2.761235e-04,-9.666914e-01,8.736304e-02,-1.626317e-01,-7.052265e-01,2.479455e+00,-7.951989e-01,1.180442e-01,8.801182e-01,2.739813e-01,-9.527835e-01,1.935124e-01,-1.252947e-01,-1.217891e-02,0,0
2.283333e-03,-1.829865e+01,1.177148e+00,-8.828122e+00,6.915572e+00,1.805161e+01,-1.078486e+01,-6.170368e+00,6.564970e+00,5.826291e-01,5.764854e+00,-4.825880e-01,-1.032463e+00,1.387126e-01,0,0,1.719976e-04,-7.462465e-01,-2.509925e-01,-3.663155e-01,-4.251575e-01,1.281648e+00,-1.851003e-01,-6.327879e-02,8.911508e-01,8.997467e-01,-2.498332e-01,1.161433e+00,6.206456e-01,-1.532185e-02,0,0
2.395241e-03,-1.930563e+01,2.792774e-01,-9.006551e+00,6.614316e+00,1.838671e+01,-9.689855e+00,-4.906396e+00,7.924718e+00,1.490598e+00,4.250367e+00,-5.242502e-01,-1.402688e+00,1.251133e-01,0,0,-4.837632e-05,4.245739e-02,-6.854231e-01,-3.301940e-01,4.202713e-01,-2.423248e-01,2.003662e-01,2.805007e-01,9.207012e-01,1.397176e+00,6.898387e-01,1.215678e+00,5.630496e-01,-1.459655e-02,0,3.668571e-02
2.167805e-03,-1.902958e+01,-8.096878e-01,-9.975357e+00,7.736814e+00,1.701566e+01,-1.002202e+01,-5.145583e+00,8.649928e+00,2.884587e+00,8.654545e+00,3.402499e+00,-4.214352e-01,1.118163e-01,0,0,-2.772526e-04,1.373470e+00,-4.195870e-01,1.957078e-01,2.990803e-01,-1.632992e+00,4.996521e-01,8.407505e-01,1.193035e+00,2.073931e+00,9.848173e-01,2.179816e-01,2.544352e-01,-1.849501e-02,0,8.428310e-02
1.682345e-03,-1.678171e+01,-2.081836e+00,-1.009453e+01,8.640662e+00,1.455851e+01,-9.398515e+00,-2.792708e+00,1.043658e+01,5.518313e+00,8.482903e+00,1.527322e+00,-1.552514e+00,9.428831e-02,0,1.834285e-01,-2.969283e-04,3.226604e+00,2.648492e-01,5.993515e-01,-6.728254e-02,-2.288669e+00,3.962696e-01,1.895880e-01,1.154647e+00,2.517705e+00,3.278261e-01,-9.390709e-01,3.664030e-01,-2.254457e-02,0,1.386357e-01
1.253517e-03,-1.269326e+01,2.597702e-01,-7.305595e+00,7.397800e+00,1.180075e+01,-8.432272e+00,-3.023460e+00,1.127421e+01,8.938428e+00,8.572673e+00,-4.184661e-01,3.146260e-01,6.165004e-02,0,3.297012e-01,-1.640909e-04,4.439560e+00,9.995316e-01,5.877227e-01,-1.098474e+00,-2.097001e+00,6.100906e-01,-2.460170e-01,9.734184e-01,2.491256e+00,-7.118936e-01,-2.152003e+00,-1.056801e-01,-2.302811e-02,0,1.413264e-01
1.367743e-03,-6.340771e+00,1.068795e+00,-7.344675e+00,6.447411e+00,9.550817e+00,-8.503381e+00,-5.019517e+00,1.238581e+01,1.105221e+01,5.930434e+00,-3.309122e+00,6.129702e-02,3.747356e-02,0,5.283279e-01,1.199191e-05,4.522542e+00,1.123322e+00,-2.186363e-01,-1.746147e+00,-1.653207e+00,3.983808e-01,-9.727300e-01,4.423064e-01,1.593386e+00,-5.816001e-01,-2.007024e+00,-4.915110e-01,-1.653067e-02,0,1.007167e-01
1.504652e-03,-2.052245e+00,2.612654e+00,-8.411670e+00,3.341071e+00,9.034503e+00,-7.419134e+00,-5.262263e+00,1.254240e+01,1.257392e+01,6.371312e+00,-4.939291e+00,-1.756742e+00,2.508311e-02,0,5.341823e-01,4.223845e-05,3.148317e+00,8.571109e-01,-9.580671e-01,-1.527095e+00,-1.132581e+00,4.146427e-01,-1.308010e-01,5.916424e-02,6.068909e-01,-2.969780e-01,-1.600038e+00,-7.050558e-01,-6.860078e-03,0,5.466195e-02
1.616737e-03,5.104886e-01,2.358330e+00,-1.063467e+01,1.938291e+00,7.675595e+00,-7.913180e+00,-6.536956e+00,1.201402e+01,1.166750e+01,6.675583e+00,-6.247385e+00,-2.974385e+00,2.991840e-02,0,5.847717e-01,-4.361004e-05,1.289872e+00,7.708780e-01,-5.989913e-01,-8.659476e-01,-9.903980e-01,7.327909e-01,1.088409e+00,-1.343618e-01,-5.910673e-02,-4.039979e-02,-1.070230e+00,-2.024402e-01,-1.873678e-03,0,1.406983e-02
1.340212e-03,-3.773077e-01,3.900557e+00,-1.045093e+01,2.016885e+00,7.075453e+00,-6.654159e+00,-2.918745e+00,1.175593e+01,1.166524e+01,6.715208e+00,-6.949522e+00,-1.692812e+00,3.112723e-02,0,5.747891e-01,-1.097581e-04,-1.142729e-01,6.159630e-01,2.525539e-01,2.926014e-01,-1.110413e+00,7.329138e-01,1.850977e+00,1.660395e-02,-5.514398e-01,-2.472769e-01,-5.705932e-01,5.559714e-01,-1.813237e-03,0,5.552310e-03
1.231913e-03,-7.288790e-01,4.279233e+00,-9.320000e+00,2.779766e+00,5.578351e+00,-5.221914e+00,-7.492290e-01,1.210724e+01,1.121101e+01,5.556487e+00,-7.655157e+00,-9.828689e-01,2.508311e-02,0,5.783737e-01,-1.226257e-04,-7.742839e-01,8.841413e-01,1.500919e+00,6.886377e-01,-1.082814e+00,9.100389e-01,2.267443e+00,1.974601e-01,-1.116430e+00,-4.912198e-01,-1.919783e-01,9.418913e-01,-3.807797e-03,0,-5.076492e-03
1.148274e-03,-2.003926e+00,4.732018e+00,-7.806236e+00,4.383341e+00,4.531058e+00,-5.100198e+00,1.098760e+00,1.257881e+01,1.004496e+01,5.694476e+00,-7.088371e+00,2.735738e-02,1.843457e-02,0,5.651428e-01,-7.471865e-05,-7.712761e-01,1.113284e+00,2.131685e+00,6.487940e-01,-1.051867e+00,4.924518e-01,1.490001e+00,1.951599e-03,-1.712741e+00,-5.727081e-01,3.955547e-01,1.140928e+00,-3.203385e-03,0,-4.210494e-02
1.099578e-03,-2.547621e+00,6.363306e+00,-4.452426e+00,4.198251e+00,3.533724e+00,-4.139966e+00,2.791507e+00,1.258988e+01,6.895483e+00,4.729850e+00,-7.137852e+00,8.749864e-01,1.722575e-02,0,5.642124e-01,-5.779518e-05,-5.237989e-01,1.401137e+00,2.166935e+00,3.202094e-01,-5.877755e-01,3.588277e-01,8.997556e-01,-6.839659e-01,-1.746061e+00,-8.250723e-01,1.063102e+00,1.293705e+00,-1.994560e-03,0,-9.751178e-02
1.032786e-03,-3.324317e+00,8.424942e+00,-2.226293e+00,4.551612e+00,2.838433e+00,-4.732874e+00,2.760891e+00,1.152437e+01,5.259300e+00,4.264986e+00,-5.230402e+00,3.082899e+00,1.903898e-02,0,3.713450e-01,-4.055700e-05,-5.689435e-02,1.165309e+00,1.702249e+00,1.098247e-01,-1.211332e-01,3.799712e-01,-2.025148e-01,-1.552439e+00,-1.180807e+00,-9.902994e-01,1.531918e+00,1.098901e+00,-1.873678e-03,0,-1.506784e-01
1.000680e-03,-2.687678e+00,9.438458e+00,-1.275293e+00,4.296677e+00,3.485786e+00,-3.611438e+00,2.918483e+00,9.214629e+00,4.873543e+00,2.145870e+00,-3.268629e+00,3.957883e+00,1.480810e-02,0,1.877137e-01,-2.093258e-05,2.905357e-01,6.142794e-01,8.921914e-01,7.697697e-02,1.379673e-01,4.582732e-01,-9.412156e-01,-1.822377e+00,-7.417783e-01,-6.130120e-01,1.796237e+00,5.170563e-01,-2.508311e-03,0,-1.081605e-01
9.949377e-04,-2.218370e+00,9.020984e+00,-8.835557e-01,4.883251e+00,3.949361e+00,-3.464606e+00,2.269793e-02,6.504238e+00,5.151897e+00,2.034969e+00,-1.363390e+00,3.980412e+00,1.027501e-02,0,0,5.767879e-06,4.911529e-01,2.193293e-01,4.357485e-01,-3.271521e-01,-3.465266e-02,5.687669e-01,-9.227654e-01,-1.230700e+00,-8.367716e-01,1.043673e-01,1.477083e+00,4.897275e-02,-2.085222e-03,0,1.026963e-02
1.013840e-03,-1.647917e+00,9.136682e+00,-6.628382e-01,4.417316e+00,3.668097e+00,-2.482733e+00,-5.454746e-01,5.988057e+00,3.240293e+00,2.779799e+00,-9.017388e-02,3.011512e+00,9.066183e-03,0,2.090825e-01,2.746970e-05,4.174790e-01,2.468247e-01,2.085402e-01,-5.385829e-01,-2.464707e-01,3.497757e-01,-5.797436e-01,-1.843324e-01,-9.152640e-01,7.885553e-01,6.925616e-01,1.633000e-03,-2.417646e-04,0,1.258951e-01
1.055046e-03,-1.388433e+00,9.672477e+00,-3.537782e-01,2.855532e+00,2.574015e+00,-2.453392e+00,-1.209571e-01,6.984156e+00,1.892067e+00,4.469858e+00,5.657881e-01,3.800948e+00,1.148383e-02,0,4.120088e-01,3.291299e-05,2.050766e-01,4.381678e-01,4.171453e-01,-3.870991e-01,3.372667e-02,5.469757e-01,2.189054e-02,3.778814e-01,-6.943591e-01,6.068460e-01,9.591977e-02,8.827639e-03,7.555153e-04,0,1.251362e-01
1.107975e-03,-1.015251e+00,1.034684e+01,-4.974810e-01,2.617623e+00,2.941106e+00,-2.368166e+00,9.159273e-02,8.053008e+00,1.927138e+00,4.871202e+00,-7.704104e-01,4.055779e+00,1.299486e-02,0,6.111847e-01,3.354128e-05,-4.942445e-01,4.560230e-01,4.913152e-01,5.558432e-01,6.089212e-01,5.279526e-01,2.331267e-01,1.823216e-02,1.371424e-01,5.411744e-02,-3.757781e-01,1.901479e-02,9.670593e-04,0,3.786406e-03
1.112435e-03,-1.509319e+00,1.060675e+01,1.119492e+00,3.847603e+00,4.481490e+00,-7.870111e-01,-1.863831e-01,7.361169e+00,2.336679e+00,4.023497e+00,-5.436732e-01,3.502416e+00,1.208824e-02,0,4.246301e-01,1.195846e-04,-1.900404e+00,3.740158e-01,6.873421e-02,1.339103e+00,9.759380e-01,-2.140183e-02,3.809667e-01,-1.158370e+00,7.282528e-01,-7.045680e-01,-5.429596e-01,-3.567923e-01,5.318827e-03,0,-1.168443e-01
1.152852e-03,-4.058696e+00,1.094966e+01,1.057103e+00,6.700497e+00,5.758965e+00,-6.761611e-01,6.528720e-01,5.890711e+00,3.703699e+00,3.273566e+00,-1.414334e+00,3.255852e+00,1.359927e-02,0,2.217039e-01,4.377677e-04,-3.654938e+00,2.630393e-01,-8.707603e-01,1.708925e+00,1.155854e+00,-1.290615e+00,5.785392e-01,-1.922658e+00,8.963718e-01,-1.032230e+00,-6.128251e-01,-3.484368e-01,1.822303e-02,0,-1.624472e-01
1.630531e-03,-9.368730e+00,1.124114e+01,-7.873991e-01,7.509609e+00,6.044775e+00,-3.406403e+00,1.503237e+00,2.273454e+00,4.645051e+00,1.745836e+00,-1.827048e+00,2.416950e+00,3.777576e-02,0,2.252793e-02,8.353641e-04,-4.681202e+00,2.644949e-02,-1.694634e+00,1.264751e+00,1.605565e+00,-2.769241e+00,2.533426e-01,-1.520974e+00,3.707259e-01,-1.216066e+00,-6.799253e-01,-1.657611e-01,3.659716e-02,0,-1.070964e-01
3.037765e-03,-1.536024e+01,1.134483e+01,-3.897837e+00,9.331244e+00,7.938731e+00,-7.511545e+00,2.139479e+00,9.835768e-01,5.254812e+00,8.488836e-01,-3.192848e+00,2.856328e+00,9.126624e-02,0,0,9.747256e-04,-4.184720e+00,-5.440553e-01,-1.645303e+00,3.710904e-01,2.425580e+00,-2.961136e+00,-2.880060e-01,3.052930e-01,-4.527057e-01,-9.202833e-01,-2.588441e-01,9.476338e-02,4.617710e-02,0,-4.659357e-02
4.346799e-03,-1.926456e+01,1.054141e+01,-4.876207e+00,8.855986e+00,1.141943e+01,-1.121552e+01,3.370264e-01,2.209865e+00,3.414752e+00,-8.444908e-01,-3.054043e+00,2.873372e+00,1.562406e-01,0,0,5.750895e-04,-2.367007e+00,-1.608580e+00,-9.985553e-01,-2.023909e-01,3.011050e+00,-1.938198e+00,-4.879936e-01,2.732073e+00,-6.757493e-01,-3.989096e-01,-2.887877e-01,2.149870e-01,3.405863e-02,0,3.696107e-02
4.668345e-03,-2.003438e+01,8.579253e+00,-5.125009e+00,7.882761e+00,1.519954e+01,-1.157728e+01,-2.040527e-01,7.448971e+00,2.055320e+00,-3.268715e-02,-2.095057e+00,3.501458e+00,1.852524e-01,0,0,-1.640460e-04,-2.746174e-01,-2.681018e+00,-2.349132e-01,-2.291655e-01,2.630194e+00,-7.908777e-01,-6.812090e-01,3.894304e+00,-2.505015e-01,3.308208e-02,8.947778e-03,-3.018470e-01,3.263824e-03,0,6.219999e-02
3.690688e-03,-1.886669e+01,4.581031e+00,-5.166590e+00,7.221897e+00,1.746962e+01,-1.106452e+01,2.350344e-01,1.270112e+01,2.866050e+00,1.920729e-01,-3.819882e+00,3.169320e+00,1.610758e-01,0,2.073333e-01,-7.183165e-04,1.329975e+00,-3.020615e+00,1.403989e-01,6.384467e-01,1.715387e+00,1.521199e-01,-8.016114e-01,3.202630e+00,1.396374e+00,4.742286e-01,-3.905804e-01,-1.004174e+00,-2.656392e-02,0,9.712945e-02
2.545591e-03,-1.693226e+01,9.199316e-01,-4.927211e+00,9.002461e+00,1.806461e+01,-1.154143e+01,-1.215570e+00,1.520947e+01,4.276655e+00,4.960121e-01,-2.765189e+00,1.199119e+00,1.051677e-01,0,2.073333e-01,-8.341416e-04,2.369976e+00,-1.942877e+00,3.016795e-01,6.123313e-01,1.477247e-01,3.765270e-01,-1.333997e+00,5.450252e-01,2.578354e+00,8.517715e-01,-3.212124e-01,-1.461378e+00,-3.822907e-02,0,8.897884e-02
1.816593e-03,-1.416575e+01,-7.320043e-01,-4.273111e+00,1.148837e+01,1.856384e+01,-1.047285e+01,-3.165272e+00,1.434276e+01,9.285954e+00,1.262303e+00,-4.671878e+00,-9.963253e-01,6.346328e-02,0,3.819806e-01,-5.665331e-04,3.249018e+00,6.164808e-02,-2.978123e-01,-8.080286e-01,-1.519449e+00,5.571436e-01,-1.560606e+00,-2.032087e+00,2.689976e+00,1.787321e+00,-1.135551e-01,-1.029689e+00,-3.040193e-02,0,8.244811e-02
1.434685e-03,-1.053497e+01,1.521384e+00,-4.063351e+00,8.811181e+00,1.539105e+01,-9.990485e+00,-5.173887e+00,9.353276e+00,1.173714e+01,3.691055e+00,-3.275122e+00,-1.722609e+00,4.291327e-02,0,3.575706e-01,-2.396395e-04,3.799968e+00,1.296074e+00,-1.214436e+00,-2.479517e+00,-2.988122e+00,6.043156e-01,-9.808308e-01,-3.247864e+00,1.553742e+00,2.395575e+00,5.803515e-01,-1.302716e-01,-1.653067e-02,0,8.674415e-02
1.413475e-03,-5.820243e+00,4.588545e+00,-7.087582e+00,3.277394e+00,1.120915e+01,-9.054280e+00,-5.588837e+00,5.468784e+00,1.258569e+01,7.531155e+00,-4.132692e+00,-5.182614e-01,4.019341e-02,0,5.444552e-01,-1.091250e-05,3.705448e+00,1.182248e+00,-2.288672e+00,-3.169405e+00,-3.593441e+00,4.618843e-01,2.203164e-02,-2.702182e+00,-5.504991e-01,2.555771e+00,1.705032e+00,7.785314e-01,-7.706256e-03,0,5.883075e-02
1.548952e-03,-2.105169e+00,4.740027e+00,-9.592155e+00,7.103645e-01,6.801336e+00,-9.229138e+00,-4.907942e+00,3.407137e+00,1.039550e+01,9.339459e+00,-1.330253e-01,3.087292e-01,3.414929e-02,0,5.598168e-01,7.667984e-05,2.688342e+00,2.750034e-02,-2.490532e+00,-1.881699e+00,-2.590116e+00,8.164999e-01,8.816038e-01,-1.111116e+00,-1.377911e+00,2.064380e+00,2.264086e+00,9.139665e-01,-5.016622e-03,0,4.788307e-02
1.704897e-03,1.465927e-01,3.569914e+00,-1.295207e+01,-3.082471e-01,4.891489e+00,-8.544100e+00,-3.188086e+00,3.804926e+00,7.204281e+00,1.121696e+01,2.282235e+00,1.880663e+00,2.931399e-02,0,5.750112e-01,4.460957e-05,1.048400e+00,-7.141074e-01,-1.436674e+00,-6.257502e-01,-1.242622e+00,1.532789e+00,1.221663e+00,-2.343635e-01,-1.371529e+00,1.433657e+00,2.168523e+00,6.052567e-01,-4.895739e-03,0,7.948178e-03
1.672373e-03,-7.667768e-02,2.168202e+00,-1.358377e+01,1.195508e+00,5.599307e+00,-6.163076e+00,-1.966243e+00,4.629626e+00,7.538288e+00,1.217005e+01,4.837847e+00,1.647761e+00,2.326987e-02,0,5.817080e-01,-2.591894e-05,-3.211392e-01,-5.477737e-01,1.986479e-01,-1.564864e-01,-5.042034e-01,2.196250e+00,1.231753e+00,1.168430e-01,-4.889279e-01,5.596582e-01,7.589254e-01,2.783340e-01,-2.991841e-03,0,-1.561230e-03
1.574813e-03,-1.592487e+00,2.303921e+00,-1.227515e+01,-9.392963e-02,5.597057e+00,-2.923368e+00,-9.513696e-01,3.685722e+00,7.156649e+00,1.328414e+01,4.224487e+00,1.838506e+00,2.115443e-02,0,5.732505e-01,-8.651814e-05,-9.073140e-01,7.597103e-02,1.802374e+00,-1.045445e-01,-3.677106e-01,2.118637e+00,9.648706e-01,-1.110592e-02,1.728050e-01,-4.750137e-01,-2.697525e-01,-2.759134e-02,-7.252946e-04,0,-8.409614e-03
1.484400e-03,-2.841325e+00,2.634156e+00,-8.937377e+00,-1.792261e-01,3.927534e+00,-1.058255e+00,1.324638e-01,4.050953e+00,7.974673e+00,1.110416e+01,2.690476e+00,1.721478e+00,2.326987e-02,0,5.528910e-01,-1.061774e-04,-5.449334e-01,9.195013e-01,2.127197e+00,-1.508638e-01,-2.341862e-01,1.094900e+00,6.777321e-01,9.461834e-02,-4.579812e-01,-1.103237e+00,-7.671167e-01,-4.592366e-01,3.324263e-04,0,-7.710373e-03
1.366293e-03,-3.007654e+00,3.716792e+00,-6.263397e+00,-1.436023e-01,3.888821e+00,-5.033254e-01,5.869134e-01,4.038733e+00,7.850113e+00,9.374836e+00,2.007158e+00,1.705848e+00,2.568752e-02,0,5.473716e-01,-1.084460e-04,6.634650e-02,1.523550e+00,1.566225e+00,3.862280e-01,5.159482e-01,-5.649377e-02,9.321685e-02,1.081429e-01,-8.373443e-01,-1.103836e+00,-3.100916e-01,-8.174006e-01,-3.022060e-04,0,-1.796484e-05
1.245746e-03,-2.093761e+00,6.059273e+00,-5.953657e+00,4.660258e-01,5.282494e+00,-1.898597e+00,6.532760e-01,4.926212e+00,4.901650e+00,8.608521e+00,2.110928e+00,-5.820925e-01,2.266546e-02,0,5.560955e-01,-9.667603e-05,3.926817e-01,1.749139e+00,8.901981e-01,6.701236e-01,8.551685e-01,-5.258884e-01,-3.470103e-01,-1.972024e-01,-1.215240e+00,-4.125016e-01,7.387664e-02,-1.015507e+00,-1.359927e-03,0,6.787914e-03
1.151909e-03,-1.634536e+00,8.209111e+00,-5.935882e+00,1.514585e+00,7.499319e+00,-2.785666e+00,-7.456915e-01,3.788807e+00,4.506439e+00,9.012782e+00,2.963804e+00,-1.096712e+00,1.994560e-02,0,5.715584e-01,-6.600512e-05,4.055374e-01,1.555814e+00,5.689473e-01,6.853765e-01,2.255036e-01,-3.431785e-01,-1.856744e-01,-2.434698e-01,-9.410908e-01,-2.076266e-01,2.304490e-01,-1.335110e-01,-1.480809e-03,0,9.552658e-03
1.108211e-03,-1.564475e+00,9.133689e+00,-4.650144e+00,2.342298e+00,6.398128e+00,-2.546527e+00,-9.362856e-01,3.189904e+00,3.570309e+00,9.222676e+00,2.581536e+00,-1.954777e+00,1.934119e-02,0,5.747371e-01,-3.051221e-05,2.701569e-01,9.235326e-01,5.289823e-01,4.734473e-01,-4.025139e-01,2.825682e-01,2.362036e-01,-1.729840e-01,-4.915952e-01,4.146700e-02,2.030986e-01,5.954811e-01,-9.670591e-04,0,1.093557e-02
1.105034e-03,-1.244610e+00,9.958652e+00,-4.070417e+00,2.345144e+00,4.458522e+00,-1.895253e+00,4.533223e-01,3.689538e+00,3.810330e+00,8.029625e+00,2.924099e+00,1.724635e+00,1.994560e-02,0,5.858141e-01,-3.188022e-06,2.809139e-01,2.904881e-01,9.322724e-02,1.767458e-01,-7.171557e-01,8.068539e-01,9.299579e-01,1.828528e-01,-5.710548e-01,-1.524264e-01,-2.009344e-02,9.591878e-01,-1.239045e-03,0,1.338766e-02
1.116622e-03,-9.379398e-01,9.802165e+00,-4.241478e+00,2.417983e+00,4.790322e+00,-9.309629e-01,1.234787e+00,4.110927e+00,2.791728e+00,9.307434e+00,3.146273e+00,9.846396e-01,1.783016e-02,0,6.036456e-01,1.279622e-05,3.260807e-01,-1.444364e-01,-4.666075e-01,-2.120066e-01,-2.462541e-01,1.192737e+00,9.704084e-01,2.396685e-01,-6.463968e-01,-3.709239e-01,9.162299e-02,1.128442e+00,-1.571472e-03,0,1.493982e-02
1.131764e-03,-5.432348e-01,9.327313e+00,-5.674078e+00,2.360471e+00,4.717443e+00,4.408215e-01,2.818562e+00,4.242559e+00,2.040455e+00,8.208271e+00,2.580968e+00,2.229519e+00,1.450589e-02,0,6.240425e-01,2.044854e-05,4.427153e-01,-2.438056e-01,-8.989522e-01,-8.068160e-01,-1.982505e-01,1.490069e+00,8.885490e-01,1.700908e-01,-9.485946e-01,-9.533003e-01,2.282636e-01,1.197789e+00,-1.934119e-03,0,1.026236e-02
1.158828e-03,-2.847591e-01,8.727177e+00,-6.181350e+00,1.274601e+00,5.037397e+00,2.249122e+00,2.733137e+00,4.111736e+00,1.223262e+00,7.278734e+00,3.211217e+00,3.434993e+00,1.420369e-02,0,6.303220e-01,2.188019e-05,5.190597e-01,8.423071e-02,-7.002069e-01,-1.585869e+00,-1.129374e+00,1.135251e+00,9.120399e-01,1.815320e-01,-6.297554e-01,-1.344732e+00,4.447452e-01,1.635292e+00,-1.873678e-03,0,2.390224e-03
1.186174e-03,6.423760e-01,9.277119e+00,-7.595242e+00,-1.117246e+00,3.343732e+00,3.965050e+00,4.146892e+00,4.539587e+00,-1.484093e-01,4.277474e+00,4.032945e+00,6.488403e+00,1.208824e-02,0,6.237877e-01,1.000867e-05,4.179173e-01,5.243713e-01,-6.376348e-02,-1.658467e+00,-1.946453e+00,2.899436e-01,6.073480e-01,9.633799e-02,1.438628e-01,-7.246068e-01,3.003087e-01,8.551670e-01,-1.843457e-03,0,-3.753144e-03
1.198818e-03,1.064553e+00,1.024842e+01,-6.781931e+00,-3.772504e+00,-1.696928e-01,2.983178e+00,5.130822e+00,4.870073e+00,7.373832e-01,4.549173e+00,4.644010e+00,7.031659e+00,9.670596e-03,0,6.157241e-01,-1.048761e-05,8.047678e-02,7.564864e-01,7.193102e-01,-9.622875e-01,-2.291262e+00,-6.309749e-01,2.601238e-01,-4.288692e-02,1.094304e+00,3.708416e-01,-1.772769e-01,-5.215315e-01,-2.085222e-03,0,-4.346603e-03
1.161812e-03,8.716958e-01,1.118855e+01,-5.692605e+00,-3.408313e+00,-2.411277e+00,1.523512e+00,4.656459e+00,4.345081e+00,3.002708e+00,5.950017e+00,3.366115e+00,4.707021e+00,7.555153e-03,0,6.125758e-01,-3.345873e-05,-3.309022e-01,6.604182e-01,1.227253e+00,3.070515e-01,-1.470504e+00,-9.151353e-01,-4.067401e-01,-1.287305e-01,1.774219e+00,9.726622e-01,-5.367400e-01,-1.804720e+00,-1.148383e-03,0,-4.278629e-02
1.118571e-03,2.964894e-03,1.155389e+01,-3.536118e+00,-2.391303e+00,-3.541409e+00,3.150172e-01,3.778973e+00,3.994555e+00,5.119224e+00,8.296670e+00,2.658247e+00,1.718027e+00,6.044122e-03,0,6.141950e-01,-4.305866e-05,-4.540644e-01,4.801842e-01,1.102800e+00,9.165403e-01,-6.271532e-01,-5.495754e-01,-5.489134e-01,1.430306e-01,1.493876e+00,6.668075e-01,-6.795787e-01,-1.887447e+00,3.626472e-04,0,-6.340350e-02
1.059004e-03,-4.813409e-01,1.192647e+01,-3.081882e+00,-2.725891e-01,-2.322929e+00,7.234545e-01,2.789116e+00,4.333694e+00,6.531766e+00,7.267036e+00,2.342126e+00,1.216203e-01,8.159565e-03,0,4.106208e-01,-4.303482e-05,-4.867331e-01,1.859330e-01,8.081027e-01,6.900644e-01,6.843059e-02,-3.679705e-02,-1.239367e-01,5.086290e-01,6.271261e-01,1.020172e-01,-3.274486e-01,-9.353542e-01,1.843457e-03,0,-1.052569e-01
1.034928e-03,-5.292504e-01,1.228038e+01,-2.573291e+00,-7.576638e-01,-3.349632e+00,6.353300e-01,3.319927e+00,5.590919e+00,6.442232e+00,7.224701e+00,1.758111e+00,-1.128742e-01,1.118163e-02,0,3.996841e-01,-3.897272e-05,-5.755156e-01,-1.362759e-01,6.310871e-01,1.731820e-01,4.086427e-01,3.990773e-01,4.118096e-01,2.960746e-01,-6.033459e-01,-1.098237e-02,-9.216929e-03,9.962249e-02,2.055002e-03,0,-1.058370e-01
9.884591e-04,-1.295862e+00,1.175497e+01,-2.133505e+00,-7.748101e-01,-2.165012e+00,1.179370e+00,4.266299e+00,6.090044e+00,5.476835e+00,6.996088e+00,2.178940e+00,9.457003e-01,1.420369e-02,0,1.935468e-01,-2.823989e-05,-6.881169e-01,-5.543563e-01,5.083696e-01,-3.867951e-02,9.844378e-01,7.306531e-01,4.177436e-01,-2.712402e-01,-1.406278e+00,6.654391e-02,3.742769e-01,8.165018e-01,8.159565e-04,0,-1.027379e-01
9.589800e-04,-2.467353e+00,1.095826e+01,-8.548709e-01,-1.274282e+00,-1.577155e+00,2.082446e+00,5.099429e+00,4.596753e+00,2.629960e+00,8.377233e+00,2.693756e+00,1.804099e+00,1.329707e-02,0,1.935468e-01,-1.081050e-05,-4.008180e-01,-8.775361e-01,-4.291192e-02,3.480365e-01,1.699926e+00,8.738725e-01,-6.241250e-01,-1.032851e+00,-1.165418e+00,5.215073e-03,3.880460e-01,9.420455e-01,4.230885e-04,0,-6.122201e-02
9.557789e-04,-2.952874e+00,9.815746e+00,-1.399245e+00,-2.076774e-01,1.713021e+00,3.653162e+00,3.988083e+00,3.474576e+00,1.406514e+00,7.023490e+00,3.745689e+00,3.245643e+00,1.118163e-02,0,0,1.432412e-05,2.175016e-01,-9.801975e-01,-9.474303e-01,7.752082e-01,2.192615e+00,5.337612e-01,-2.168614e+00,-1.020069e+00,1.438009e-01,-2.264431e-01,-1.629055e-01,4.051580e-01,1.662133e-03,0,3.680582e-02
9.972160e-04,-1.704835e+00,8.862309e+00,-3.154981e+00,6.989524e-01,3.210983e+00,3.767796e+00,3.384098e-01,1.734397e+00,2.650302e+00,7.237075e+00,2.914967e+00,3.447382e+00,1.480810e-02,0,1.903474e-01,2.286950e-05,5.765814e-01,-1.112441e+00,-1.478935e+00,1.291823e+00,2.160091e+00,-6.777640e-02,-3.169417e+00,-6.180691e-01,1.694241e+00,-1.229029e-02,-1.144450e+00,-4.782701e-01,4.381989e-03,0,7.504331e-02
1.040962e-03,-5.896136e-01,7.901962e+00,-5.720602e+00,2.114614e+00,6.403993e+00,3.005501e+00,-4.196264e+00,2.420876e+00,6.185669e+00,6.433951e+00,1.253807e+00,2.149849e+00,2.175884e-02,0,3.791755e-01,9.746233e-06,3.792584e-01,-1.021536e+00,-1.050073e+00,1.610780e+00,1.402384e+00,-8.565141e-01,-2.867465e+00,-6.397780e-02,1.826686e+00,4.088336e-01,-1.792619e+00,-1.044446e+00,5.258386e-03,0,5.664841e-02
1.030736e-03,-7.660760e-01,6.352948e+00,-6.088869e+00,4.023688e+00,6.877813e+00,2.067394e+00,-6.655482e+00,2.033257e+00,8.711589e+00,8.610551e+00,-1.782554e+00,-3.935432e-02,2.991840e-02,0,3.791755e-01,-8.725806e-06,-1.100182e-01,-6.673213e-01,1.175441e-01,2.040565e+00,4.311188e-01,-1.455295e+00,-1.710214e+00,4.248887e-01,7.527544e-01,3.895848e-01,-1.579786e+00,-5.318321e-01,2.568752e-03,0,-2.430579e-02
9.877500e-04,-1.525962e+00,5.962747e+00,-5.182666e+00,6.183857e+00,6.891525e+00,2.207926e-01,-6.852297e+00,3.005257e+00,7.509301e+00,8.380920e+00,-2.868646e+00,-2.332195e-01,2.991840e-02,0,1.888280e-01,-1.623286e-05,-3.766468e-01,-1.531954e-02,1.398237e+00,2.054264e+00,-6.082215e-01,-1.751810e+00,-4.777672e-01,3.480217e-01,-5.006371e-01,-1.523976e-01,-7.497471e-01,3.343135e-01,-2.145663e-03,0,-6.455499e-02
9.801928e-04,-1.786752e+00,6.495310e+00,-2.836228e+00,8.867157e+00,5.122811e+00,-2.116326e+00,-6.884645e+00,3.566650e+00,5.752258e+00,8.211514e+00,-2.922734e+00,1.979755e+00,2.357208e-02,0,1.639922e-01,-1.185891e-05,-4.123766e-01,6.146103e-01,1.961386e+00,1.573668e+00,-1.087220e+00,-1.591964e+00,3.847944e-01,2.139665e-01,-1.072330e+00,-1.087687e+00,6.464185e-02,7.212549e-01,-5.439709e-03,0,-4.552024e-02
9.850691e-04,-1.962510e+00,7.754183e+00,-3.557395e-01,9.964200e+00,4.240386e+00,-3.661691e+00,-6.470518e+00,3.394288e+00,5.162149e+00,5.871481e+00,-1.924838e+00,2.811861e+00,1.420369e-02,0,1.639922e-01,-4.843588e-06,-4.184449e-01,7.568156e-01,1.860006e+00,5.529720e-01,-1.154331e+00,-9.420063e-01,8.126194e-01,-2.416161e-01,-1.220852e+00,-1.416338e+00,4.844157e-01,2.730208e-01,-5.167724e-03,0,-3.776561e-02
9.727820e-04,-2.609685e+00,8.530281e+00,1.304599e+00,1.000186e+01,2.767282e+00,-3.951185e+00,-4.922399e+00,2.908574e+00,4.523515e+00,4.426833e+00,-1.931248e+00,2.044380e+00,1.057721e-02,0,1.639922e-01,-8.968165e-06,-4.268247e-01,6.277114e-01,1.131569e+00,-6.549236e-01,-6.271081e-01,-5.525165e-02,8.607624e-01,-4.372066e-01,-1.593386e+00,-1.202513e+00,7.907623e-01,-4.227224e-01,-2.115443e-03,0,-4.919767e-02
9.672375e-04,-3.206720e+00,8.729340e+00,2.046948e+00,8.381368e+00,2.297636e+00,-3.571810e+00,-3.770323e+00,2.126215e+00,2.019410e+00,3.191572e+00,-9.423104e-01,1.099572e+00,1.057721e-02,0,0,-1.288024e-05,-2.830121e-01,4.158039e-01,4.579704e-01,-1.079273e+00,-5.130591e-01,1.970232e-01,5.498368e-01,-1.855210e-01,-1.806375e+00,-2.789282e-01,1.247550e+00,-7.834624e-01,1.511031e-03,0,-4.919767e-02
9.442678e-04,-3.298770e+00,9.146289e+00,1.620272e+00,6.383955e+00,2.958646e+00,-2.437525e+00,-3.930930e+00,2.014654e+00,-6.433021e-01,3.538904e+00,5.398135e-01,7.222877e-01,1.480810e-02,0,0,-1.587232e-05,-1.105398e-01,3.538541e-01,6.762251e-02,-1.014754e+00,-6.945426e-01,4.564668e-01,9.158702e-02,-4.148803e-01,-1.002605e+00,7.159456e-01,1.712371e+00,-8.554035e-01,4.049561e-03,0,-3.279845e-02
9.349250e-04,-3.033028e+00,9.525199e+00,1.776276e+00,6.376785e+00,1.579409e+00,-3.433405e+00,-4.217068e+00,2.913643e+00,-1.286318e+00,4.920805e+00,3.077383e+00,-4.444046e-01,1.964340e-02,0,0,-1.615920e-05,-5.670509e-02,3.680262e-01,-1.690407e-02,-5.669711e-01,-1.348032e+00,4.989951e-01,1.919901e-02,-8.134335e-01,1.030456e-01,1.064282e+00,1.637252e+00,-4.227061e-01,5.923240e-03,0,0
9.095767e-04,-3.249231e+00,9.901622e+00,1.778048e+00,5.930378e+00,-3.463174e-01,-1.738054e+00,-4.241091e+00,4.404591e-01,1.163352e+00,7.141945e+00,4.620757e+00,-1.460649e+00,2.629193e-02,0,0,-1.133766e-05,-8.628104e-02,2.604542e-01,-1.126595e-01,-2.450306e-01,-1.221403e+00,6.414597e-01,-1.584532e-02,-1.440279e+00,7.662470e-01,7.326482e-01,1.073258e+00,2.884060e-02,6.436990e-03,0,0
9.037870e-04,-3.515015e+00,1.019180e+01,1.883540e+00,5.773301e+00,-2.790042e+00,-1.426570e+00,-3.519247e+00,-1.153855e+00,1.631311e+00,6.711462e+00,5.203477e+00,7.751004e-02,3.445150e-02,0,0,-9.798701e-06,-1.199304e-01,2.019172e-01,-3.995865e-01,-2.179998e-01,-1.438581e-01,6.295316e-01,1.008406e-01,-9.522054e-01,4.535829e-01,-1.919589e-02,4.763967e-01,5.390126e-01,6.527652e-03,0,0
9.031484e-04,-3.489182e+00,1.011526e+01,1.003343e+00,5.460545e+00,-9.636416e-01,-2.336439e-01,-4.359067e+00,-3.152991e+00,1.729118e+00,6.306817e+00,4.843055e+00,6.055334e-01,3.958900e-02,0,0,-5.191820e-06,-1.078320e-01,1.388545e-01,-4.837820e-01,-1.979005e-01,9.673917e-01,2.338084e-01,2.144280e-01,4.516536e-01,1.546034e-01,-3.273226e-01,1.411443e-01,4.502483e-01,4.865519e-03,0,0
8.891456e-04,-3.512704e+00,1.042797e+01,1.656960e-01,5.521703e+00,1.168781e+00,-1.037952e+00,-3.653877e+00,-5.065870e-02,6.987134e-01,5.242389e+00,5.348217e+00,1.217567e+00,4.563312e-02,0,0,-3.388053e-06,-1.031600e-01,3.144102e-02,-5.055724e-01,-2.651718e-01,1.169928e+00,7.170045e-02,3.865602e-01,1.516904e+00,1.298867e-01,-8.463860e-05,1.460132e-01,1.810424e-01,1.873678e-03,0,0
8.909383e-04,-3.789546e+00,1.047781e+01,2.180604e-01,5.066675e+00,2.511230e+00,-7.633209e-01,-3.101636e+00,2.147129e+00,2.402668e+00,6.239868e+00,5.254108e+00,2.205638e-01,4.502871e-02,0,0,1.103643e-05,2.023554e-02,-1.591620e-01,-5.652525e-01,-6.574467e-01,1.040162e-01,-2.510912e-01,2.810709e-01,1.393243e+00,1.583637e-01,6.039349e-01,5.038519e-01,4.872017e-01,-1.541251e-03,0,3.675449e-02
8.929519e-04,-3.880633e+00,1.016773e+01,-2.516809e-01,4.644377e+00,1.322160e+00,-8.032291e-01,-2.215162e+00,3.780603e+00,1.943970e+00,6.744513e+00,5.728016e+00,1.175207e+00,4.110003e-02,0,0,2.687640e-05,4.623179e-01,-5.094627e-01,-1.302639e+00,-1.198157e+00,-6.055284e-01,-2.090174e-01,-4.002213e-02,1.442216e-01,6.780148e-03,1.500480e+00,7.409999e-01,6.298887e-01,-4.230886e-03,0,9.180719e-02
9.564275e-04,-3.204040e+00,9.449565e+00,-1.614231e+00,2.611974e+00,-5.202503e-01,-1.606461e+00,-3.673071e+00,1.897593e+00,1.898309e+00,8.575429e+00,7.172415e+00,3.062722e+00,3.414929e-02,0,1.837724e-01,3.426140e-05,7.165993e-01,-8.062565e-01,-2.093708e+00,-1.983948e+00,-2.716676e-01,4.532417e-01,-5.903041e-02,-6.717100e-01,-2.567323e-02,1.667199e+00,1.007450e+00,6.437815e-01,-4.925960e-03,0,1.101449e-01
9.907830e-04,-1.493868e+00,8.394777e+00,-5.431355e+00,7.582691e-01,-3.431211e-01,-1.661468e+00,-3.568271e+00,7.952173e-01,9.847938e-01,1.157701e+01,8.094064e+00,2.945931e+00,2.991840e-02,0,3.671497e-01,4.052450e-05,5.159053e-01,-9.598535e-01,-2.408068e+00,-2.393375e+00,1.087150e+00,1.650435e+00,6.146183e-01,-4.907014e-01,5.796834e-01,1.366581e+00,3.681007e-01,-2.974007e-02,-4.502871e-03,0,8.905719e-02
1.013330e-03,-1.399932e+00,7.333007e+00,-7.660642e+00,-2.910013e+00,1.985532e+00,1.932007e+00,-2.720234e+00,2.812717e-01,2.753890e+00,1.215961e+01,9.108334e+00,2.554109e+00,2.598972e-02,0,3.671497e-01,2.733556e-05,-1.125765e-01,-8.751097e-01,-1.871843e+00,-1.845436e+00,2.205699e+00,2.602748e+00,1.395944e+00,2.350135e-01,1.050165e+00,4.697992e-01,-2.310199e-01,-5.740427e-01,-3.384708e-03,0,-4.065728e-03
1.067123e-03,-2.203160e+00,6.426742e+00,-9.268815e+00,-4.561504e+00,5.505020e+00,5.679712e+00,3.815110e-01,2.135257e+00,4.414596e+00,1.178533e+01,6.600561e+00,1.280813e+00,2.266546e-02,0,3.535973e-01,1.119557e-05,-6.777164e-01,-5.726590e-01,-6.331834e-01,-4.976853e-01,2.263586e+00,2.503693e+00,1.369233e+00,2.152814e-01,1.166980e+00,-3.188178e-01,-8.996359e-01,-3.327438e-01,-1.903898e-03,0,-5.907892e-02
1.054935e-03,-3.412276e+00,6.058034e+00,-9.054718e+00,-3.955321e+00,7.584175e+00,7.736689e+00,1.331757e+00,2.402641e+00,5.434233e+00,1.082027e+01,6.764067e+00,1.025068e+00,2.085222e-02,0,1.702200e-01,-2.255534e-05,-6.474058e-01,-3.711363e-01,8.963084e-02,9.403409e-01,1.613374e+00,1.718018e+00,1.053398e+00,-1.857433e-01,4.131753e-01,-3.837071e-01,-1.059973e+00,-1.680186e-02,-5.741911e-04,0,-9.176768e-02
1.025958e-03,-3.876278e+00,6.168969e+00,-7.900234e+00,-1.207504e+00,8.175485e+00,7.954656e+00,1.251897e+00,8.109398e-01,5.479523e+00,1.065259e+01,4.768018e+00,2.046733e+00,2.296766e-02,0,1.702200e-01,-4.980167e-05,-5.006838e-01,-3.658490e-01,3.248882e-01,1.442106e+00,8.463914e-01,1.141246e+00,4.472639e-01,-5.529770e-01,-3.209464e-01,-5.636581e-01,-1.100508e+00,5.839440e-01,-2.115441e-04,0,-8.774146e-02
9.211356e-04,-3.800403e+00,5.606213e+00,-7.896779e+00,1.146910e-01,8.717171e+00,9.384625e+00,2.111565e+00,1.471360e-02,4.287303e+00,1.080744e+01,4.724741e+00,2.087140e+00,2.296766e-02,0,0,-4.865715e-05,-4.742532e-01,-5.597571e-01,-2.085447e-03,1.219872e+00,6.534131e-01,1.027698e+00,4.397965e-01,1.025246e-02,-2.458147e-01,-6.156243e-01,-1.353366e+00,6.334484e-01,-7.857364e-04,0,-5.106600e-02
8.850147e-04,-4.512516e+00,4.823408e+00,-8.223344e+00,6.140217e-01,9.170479e+00,1.056198e+01,2.227926e+00,5.643356e-01,3.383329e+00,8.973450e+00,2.117682e+00,3.669497e+00,2.055001e-02,0,0,-3.506950e-05,-6.622576e-01,-6.788321e-01,-3.098579e-01,4.900848e-01,3.323070e-01,9.614328e-01,4.878182e-01,5.846684e-01,1.818657e-01,-8.139588e-01,-1.247145e+00,1.668315e-02,-1.269266e-03,0,-3.404400e-02
8.821211e-04,-5.465423e+00,3.932029e+00,-8.903590e+00,1.233277e+00,1.035374e+01,1.157152e+01,3.042725e+00,2.577205e+00,5.253256e+00,8.581717e+00,1.322408e+00,3.380928e+00,1.813237e-02,0,0,-1.521028e-05,-8.626850e-01,-3.100848e-01,1.578817e-02,1.371989e-01,-7.777815e-02,5.762476e-01,1.415420e-01,4.249128e-01,6.435886e-01,-9.167210e-01,-1.416838e+00,-7.885736e-01,2.024780e-03,0,0
8.701179e-04,-6.355055e+00,3.611900e+00,-8.946117e+00,6.836273e-01,9.018733e+00,1.166837e+01,3.225409e+00,2.453036e+00,5.905875e+00,7.695663e+00,2.334571e-01,1.483255e+00,1.903898e-02,0,0,-7.513946e-06,-9.353375e-01,3.810332e-01,1.214942e-01,-2.508194e-01,-7.163913e-01,-4.722532e-01,6.671123e-02,-2.571865e-01,4.312667e-01,-9.900869e-01,-1.277708e+00,-1.253817e+00,8.038683e-03,0,0
8.525326e-04,-7.192558e+00,4.661542e+00,-7.456451e+00,7.658827e-01,8.404153e+00,1.171266e+01,2.320534e+00,1.194927e+00,6.243973e+00,6.862731e+00,-1.417338e+00,-7.626074e-01,3.384708e-02,0,0,-9.307533e-06,-9.641529e-01,9.215027e-01,4.333496e-01,-6.415258e-02,-1.026619e+00,-1.396376e+00,-2.096437e-01,-1.224061e+00,-5.627026e-01,-1.436726e+00,-1.467118e+00,-7.724360e-01,1.565428e-02,0,0
8.622392e-04,-8.325636e+00,6.363818e+00,-8.339442e+00,-4.063779e-01,6.563318e+00,8.130136e+00,2.922578e+00,-3.045782e-02,5.044304e+00,4.882508e+00,-2.900984e+00,-5.278204e-01,5.288607e-02,0,0,-8.508260e-06,-8.467169e-01,5.928040e-01,1.086840e-01,3.930993e-02,-9.999267e-01,-1.877050e+00,-1.516744e-01,-9.299521e-01,-1.205929e+00,-1.445551e+00,-8.604410e-01,2.919286e-01,1.767906e-02,0,0
8.395227e-04,-9.300898e+00,7.163584e+00,-7.040180e+00,1.457517e+00,6.448355e+00,6.358757e+00,2.145922e+00,-2.301355e+00,2.870528e+00,2.804663e+00,-4.445960e+00,5.242856e-01,7.948021e-02,0,0,-1.312998e-05,-5.931033e-01,-3.251736e-01,-1.669997e-01,5.667262e-02,-1.092793e+00,-1.241139e+00,-1.970646e-01,-7.540099e-02,-1.843307e+00,-1.730618e+00,-1.754349e-01,9.166630e-01,1.145361e-02,0,0
8.340815e-04,-9.534470e+00,5.324899e+00,-8.610833e+00,5.343597e-01,4.996998e+00,4.960077e+00,2.554343e+00,-4.485839e-01,1.562951e+00,2.496941e+00,-2.554437e+00,2.299451e+00,8.461770e-02,0,0,-1.603197e-05,-4.982452e-01,-1.188791e+00,-1.293988e-01,-1.333385e-01,-1.188073e+00,-1.825428e-01,-7.204771e-01,7.863560e-01,-1.992507e+00,-1.544849e+00,5.485902e-01,9.327694e-01,4.049561e-03,0,0
8.009616e-04,-9.553658e+00,3.555134e+00,-8.155754e+00,5.788770e-01,3.723346e+00,7.091999e+00,1.519329e+00,1.026985e+00,-1.231883e+00,-5.975774e-01,-2.467785e+00,2.407072e+00,7.524931e-02,0,0,-7.339043e-06,-5.396907e-01,-1.242311e+00,-6.784439e-04,-4.789123e-01,-1.344424e+00,3.405465e-01,-7.169285e-01,4.346610e-01,-2.236377e+00,-1.392023e+00,7.173615e-01,6.215096e-01,-7.555165e-04,0,0
8.013599e-04,-1.069048e+01,2.224088e+00,-8.428649e+00,-6.337503e-01,1.985458e+00,6.850801e+00,-3.665110e-01,2.237152e+00,-2.867025e+00,-1.140617e+00,-1.147120e+00,3.194633e+00,7.524932e-02,0,0,-7.210823e-07,-6.565199e-01,-7.266104e-01,7.010278e-01,-2.418421e-01,-9.043093e-01,4.300072e-01,-7.279952e-01,-1.051661e+00,-2.080759e+00,-8.809649e-01,5.964271e-01,3.604382e-01,2.447869e-03,0,0
8.191883e-04,-1.142134e+01,2.502436e+00,-7.134664e+00,-3.529892e-01,1.232003e+00,7.116127e+00,2.170618e-02,-1.470918e+00,-6.096367e+00,-2.336673e+00,-1.562811e+00,3.184242e+00,8.038682e-02,0,0,5.631201e-06,-5.867090e-01,-1.989782e-01,1.234571e+00,2.647900e-01,-6.733074e-02,-1.945273e-01,-3.764751e-01,-1.970125e+00,-1.348483e+00,5.824538e-02,1.037865e+00,9.170849e-01,2.266546e-03,0,0
8.213627e-04,-1.188323e+01,2.218196e+00,-5.616239e+00,-2.089177e-01,1.721124e+00,7.098049e+00,-3.368221e-01,-4.457937e+00,-6.408604e+00,-1.038335e+00,-2.478858e-02,3.713057e+00,9.428830e-02,0,0,1.810183e-06,-3.632770e-01,4.474282e-02,1.600228e+00,9.022369e-01,2.020675e-01,-7.867531e-01,-1.113399e-01,-1.190097e+00,-1.176888e-01,4.884914e-01,1.173679e+00,1.296665e+00,-3.928669e-04,0,0
8.191162e-04,-1.189083e+01,2.563189e+00,-3.389107e+00,1.690411e+00,3.518859e+00,5.995739e+00,-3.778912e-01,-5.476097e+00,-6.203506e+00,-3.574916e-01,2.160373e+00,6.733284e+00,7.706255e-02,0,0,-5.371368e-06,-1.749128e-01,1.557539e-01,1.404363e+00,9.572598e-01,-2.929469e-01,-1.591138e+00,-2.437145e-01,6.332415e-01,1.099437e+00,7.704566e-01,1.227175e+00,1.313628e+00,-5.500149e-03,0,0
8.104469e-04,-1.227212e+01,2.417426e+00,-2.300287e+00,2.855735e+00,1.852367e+00,3.477230e+00,-7.234121e-01,-1.710745e+00,-3.401899e+00,3.122489e-01,2.859682e+00,7.903439e+00,7.494712e-02,0,0,-6.649608e-06,1.922569e-02,4.599597e-01,9.027292e-01,5.024636e-01,-1.157106e+00,-1.710851e+00,-8.885445e-02,1.623110e+00,1.467276e+00,2.085418e-01,-9.460616e-03,1.142219e-01,-9.307946e-03,0,0
7.977894e-04,-1.210146e+01,3.181590e+00,-1.770824e+00,2.900984e+00,-2.983539e-01,9.708449e-01,-1.003571e+00,3.216943e-01,-2.102535e+00,8.403172e-01,3.130831e+00,7.657193e+00,6.255666e-02,0,0,-6.211113e-06,7.752457e-02,7.661737e-01,5.101787e-01,-1.641420e-01,-1.500681e+00,-1.326954e+00,-2.607019e-01,1.158888e+00,1.243091e+00,-4.453579e-01,-1.032386e+00,-1.228441e+00,-7.917800e-03,0,0
7.987781e-04,-1.168178e+01,4.208794e+00,-1.911734e+00,1.698114e+00,-2.155802e+00,1.056242e+00,-4.682544e-01,7.587191e-01,-1.122708e+00,-5.945305e-01,-5.573203e-01,3.822212e+00,5.500151e-02,0,0,-2.044858e-06,4.131784e-02,9.088620e-01,3.795352e-01,-3.711123e-01,-4.840846e-01,-2.635010e-01,1.434809e-02,4.355216e-02,5.447445e-01,-7.881476e-01,-1.455292e+00,-2.121965e+00,-6.104563e-03,0,0
7.938950e-04,-1.179838e+01,5.498373e+00,-1.032490e+00,1.448511e+00,-1.980460e+00,5.714654e-01,-1.808980e+00,-9.163907e-01,-1.127649e+00,-2.130891e+00,-1.293057e+00,2.631694e+00,4.744636e-02,0,0,1.621974e-06,1.219104e-01,3.375666e-01,-3.335626e-01,-6.974820e-01,2.674539e-01,6.493651e-01,4.016488e-01,-1.606799e-02,4.910677e-01,-1.530381e-01,-7.201077e-01,-2.140876e+00,2.236326e-03,0,0
8.021698e-04,-1.221708e+01,5.803345e+00,-7.717783e-01,1.726409e+00,2.729972e-01,2.359415e+00,-2.489675e-01,-8.739421e-01,-1.165620e+00,-2.142885e+00,-2.204832e+00,-1.936367e-01,5.197945e-02,0,0,2.205710e-06,1.972725e-01,-4.574278e-01,-1.108451e+00,-1.013139e+00,6.751852e-01,1.112871e+00,1.187782e+00,3.883052e-01,6.913785e-01,8.637627e-01,4.655877e-01,-1.400794e+00,1.093986e-02,0,0
8.042034e-04,-1.122426e+01,4.072148e+00,-4.008615e+00,-6.005742e-01,-1.754837e-01,3.566084e+00,8.950294e-01,1.057685e+00,3.742589e-01,8.493039e-01,3.540477e-01,-1.039262e+00,7.524932e-02,0,0,-3.647409e-07,2.349161e-01,-9.229168e-01,-1.334886e+00,-9.544924e-01,5.365746e-01,1.140641e+00,1.292050e+00,8.256129e-01,6.968352e-01,1.260839e+00,1.144185e+00,-3.022050e-01,1.713508e-02,0,0
8.046525e-04,-1.098248e+01,2.634767e+00,-5.965927e+00,-2.343040e+00,3.176365e-01,5.123289e+00,4.118651e+00,1.713208e+00,1.583230e+00,2.234185e+00,9.470662e-01,-1.346280e+00,9.579933e-02,0,0,-6.597414e-06,3.276033e-02,-5.905923e-01,-3.319224e-01,7.934695e-03,6.372331e-01,6.625031e-01,6.025049e-01,6.740656e-01,2.684053e-01,1.440634e-01,6.909744e-01,5.287094e-01,9.761256e-03,0,0
7.908300e-04,-1.124110e+01,2.468078e+00,-5.109845e+00,-1.289226e+00,6.800938e-01,4.892736e+00,2.467461e+00,1.918099e+00,9.821019e-01,1.984768e+00,2.851921e+00,1.696990e+00,1.112118e-01,0,0,-8.375157e-06,-3.316588e-01,1.415104e-01,1.136774e+00,1.469828e+00,1.102315e+00,2.630610e-01,-4.481195e-01,2.457904e-01,-1.452723e-01,-9.664558e-01,8.426938e-02,8.162100e-01,-8.068902e-03,0,0
7.758694e-04,-1.204486e+01,3.652418e+00,-1.880776e+00,2.110409e+00,3.031374e+00,5.008605e+00,1.977341e+00,2.066179e+00,-1.275148e-01,-1.990300e+00,1.103560e-03,1.081784e+00,8.280447e-02,0,0,-1.443370e-06,-3.800168e-01,4.167265e-01,1.482628e+00,1.965635e+00,6.513459e-01,-1.365481e-01,-1.149058e+00,1.939032e-01,1.964039e-01,-3.722025e-01,-3.601566e-01,6.721721e-01,-2.378362e-02,0,0
7.767191e-04,-1.235137e+01,4.270875e+00,-3.673190e-01,4.521842e+00,3.979223e+00,4.938731e+00,-2.749129e-01,2.110151e+00,5.032702e-01,-1.870733e+00,1.248376e+00,1.827756e+00,4.140224e-02,0,0,1.059313e-05,-4.736606e-01,1.510479e-01,7.033472e-01,1.494336e+00,-9.254003e-02,-2.038049e-01,-5.441056e-01,6.692141e-01,1.018374e+00,1.022652e+00,3.276669e-02,5.923654e-01,-2.535509e-02,0,0
8.044911e-04,-1.232743e+01,3.817001e+00,-9.240475e-01,4.579598e+00,1.924801e+00,4.417551e+00,-2.554542e-01,2.586698e+00,2.804666e+00,2.300923e+00,-5.194398e-02,1.949198e+00,1.178604e-02,0,0,1.572820e-05,-5.368176e-01,-1.032414e-01,-1.779199e-04,6.038849e-01,-8.612876e-01,3.852348e-02,4.869238e-02,8.395466e-01,1.066767e+00,1.681429e+00,3.214281e-01,4.147667e-01,-1.314596e-02,0,0
8.294848e-04,-1.346811e+01,3.141026e+00,-2.071473e+00,4.947861e+00,7.706799e-01,4.169239e+00,8.633307e-01,5.003910e+00,4.607883e+00,4.952417e+00,3.042278e+00,4.225111e+00,1.994560e-02,0,0,1.761642e-05,-6.320546e-01,4.364319e-02,-6.259310e-03,7.373438e-02,-3.470122e-01,1.606869e-01,9.203223e-01,8.844426e-01,3.390458e-01,4.678609e-01,-2.791576e-01,-3.402708e-01,5.893020e-03,0,0
8.281276e-04,-1.417057e+01,3.701136e+00,-1.029588e+00,4.916824e+00,3.292075e-01,5.585968e+00,1.651681e+00,4.817032e+00,3.154015e+00,3.005271e+00,7.112932e-01,1.956940e+00,2.780296e-02,0,0,1.065321e-05,-6.103801e-01,2.935330e-01,2.130924e-01,-1.518662e-01,6.573612e-01,1.423809e-01,7.809917e-01,-1.921532e-01,-1.106503e+00,-1.270732e+00,-1.003310e+00,-7.799794e-01,2.381384e-02,0,0
8.529830e-04,-1.459007e+01,4.547023e+00,-3.458452e-01,4.721901e+00,3.041959e+00,5.157957e+00,3.373131e+00,5.417197e+00,2.023824e+00,1.163979e-01,-5.290308e-01,1.225306e-01,6.285887e-02,0,0,6.350526e-06,-1.743390e-01,2.494560e-01,6.467693e-02,-2.243137e-01,1.290232e+00,1.967392e-01,5.443922e-01,-1.022352e+00,-1.561945e+00,-1.556505e+00,-1.568655e+00,-7.611515e-01,3.523723e-02,0,0
8.460080e-04,-1.481835e+01,4.581667e+00,-7.213992e-01,3.933247e+00,4.075968e+00,4.635096e+00,2.394604e+00,1.419289e+00,-1.435819e+00,-1.634728e+00,-3.282839e+00,1.005911e-01,1.093986e-01,0,0,-1.057301e-06,1.758181e-01,-1.798446e-01,-4.515139e-01,-2.515807e-01,8.235145e-01,1.900136e-01,2.106740e-01,-1.315726e+00,-1.325295e+00,-9.714595e-01,-5.181074e-01,3.609996e-01,3.179208e-02,0,0
8.522972e-04,-1.401592e+01,3.948040e+00,-1.902183e+00,4.318081e+00,5.348461e+00,5.628371e+00,3.213830e+00,1.591024e+00,-9.069247e-01,-5.101079e-01,-2.803928e+00,1.347528e+00,1.553339e-01,0,0,-1.167377e-05,4.621189e-01,-5.248433e-01,-6.529229e-01,-3.259177e-01,-2.466494e-01,5.825802e-01,1.248446e-02,-9.724553e-01,-6.529220e-01,-2.944603e-01,1.129875e+00,1.261817e+00,1.169538e-02,0,0
8.231839e-04,-1.357856e+01,3.101404e+00,-2.508989e+00,3.860830e+00,3.293529e+00,6.300829e+00,2.784702e+00,1.514884e-01,-2.007086e+00,-1.538774e+00,-7.417949e-01,3.149440e+00,1.405258e-01,0,0,-1.615063e-05,5.007973e-01,-5.899080e-01,-5.588630e-01,-3.262232e-01,-5.468256e-01,4.581326e-01,1.439053e-01,-4.152123e-02,1.808105e-01,2.387321e-01,2.423926e+00,1.681521e+00,-1.112118e-02,0,0
8.060262e-04,-1.289937e+01,2.662938e+00,-2.716665e+00,3.128521e+00,2.199932e+00,7.237991e+00,3.240505e+00,1.188820e+00,-9.551520e-01,-1.403880e+00,3.849824e+00,4.907190e+00,1.057721e-01,0,0,-2.386669e-05,2.987471e-01,-4.949211e-01,-4.634621e-01,-5.096191e-01,-4.281655e-01,1.902590e-02,-1.863327e-01,6.148508e-01,5.460738e-01,2.838896e-01,1.894441e+00,1.391120e+00,-1.961318e-02,0,0
7.883904e-04,-1.287264e+01,2.274678e+00,-3.108473e+00,2.896911e+00,2.916105e+00,6.120949e+00,3.100794e+00,1.412784e+00,-5.076533e-01,5.819241e-03,5.509916e+00,6.728367e+00,7.857359e-02,0,0,-1.752670e-05,2.063643e-01,-1.002911e-01,-1.030765e-01,-8.534773e-02,2.602566e-01,-4.262147e-01,-5.475059e-01,5.898959e-01,5.012694e-01,1.698354e-01,-8.027093e-02,7.850242e-01,-6.829859e-03,0,0
7.503605e-04,-1.287514e+01,1.886797e+00,-3.919751e+00,2.251946e+00,3.396345e+00,5.813440e+00,2.124121e+00,4.034630e+00,1.073728e+00,1.370437e-01,3.542423e+00,6.513663e+00,8.824418e-02,0,0,-7.707893e-06,6.374989e-02,2.484220e-01,3.634652e-01,4.347301e-01,1.471044e-01,-6.452962e-01,-9.363497e-01,-2.379286e-02,8.207265e-02,-1.123641e-01,-1.869138e+00,3.030285e-01,7.404049e-03,0,0
7.633832e-04,-1.255885e+01,2.988019e+00,-2.422828e+00,3.872379e+00,3.996605e+00,4.882031e+00,6.053641e-01,1.678063e+00,-5.151790e-01,-1.460059e+00,-9.894494e-01,6.271324e+00,1.151405e-01,0,0,2.899318e-06,5.647144e-02,4.431123e-01,6.367661e-01,6.326664e-01,-3.874058e-01,-4.339066e-01,-1.099056e+00,-5.924673e-01,-3.838375e-01,-3.553863e-01,-2.166751e+00,-1.323202e-01,1.299486e-02,0,0
7.799903e-04,-1.273752e+01,3.548378e+00,-1.242161e+00,4.814437e+00,2.395204e+00,4.630970e+00,-1.935296e-01,9.372165e-01,-5.410259e-01,-1.232762e+00,-2.246186e+00,6.650854e+00,1.245089e-01,0,0,7.531606e-06,-1.474361e-02,3.829064e-01,4.802392e-01,4.051391e-01,-3.683743e-01,2.539347e-01,-4.118016e-01,-2.287458e-01,1.607596e-01,6.549867e-01,-1.098977e+00,-5.560800e-01,4.472653e-03,0,0
7.880721e-04,-1.265909e+01,3.659449e+00,-1.263437e+00,4.778997e+00,1.479646e+00,4.542651e+00,-1.235662e+00,-8.455912e-04,-1.619464e+00,-1.086210e+00,-2.429536e+00,5.998170e+00,1.254155e-01,0,0,-2.427812e-06,-1.644333e-01,2.983575e-02,-1.692794e-01,-4.082033e-01,-7.913341e-02,8.840380e-01,6.015853e-01,1.071338e+00,8.682901e-01,1.604688e+00,-8.564567e-03,-1.078055e+00,-1.042611e-02,0,0
7.756741e-04,-1.289874e+01,3.465614e+00,-2.098250e+00,3.824332e+00,2.812953e+00,7.252804e+00,9.856257e-01,3.730355e+00,2.429669e+00,3.225053e+00,-1.232420e+00,3.869840e+00,1.054699e-01,0,0,-5.070237e-06,-8.711338e-02,2.077975e-02,-2.210951e-01,-5.087307e-01,6.425096e-01,1.069576e+00,1.366182e+00,1.358058e+00,1.263453e+00,1.894100e+00,5.378758e-01,-8.932890e-01,-2.317921e-02,0,0
7.534022e-04,-1.330040e+01,3.178580e+00,-2.841181e+00,2.326415e+00,3.392063e+00,7.991304e+00,3.023713e+00,5.638185e+00,2.340925e+00,4.334476e+00,-1.539155e+00,2.271557e+00,7.252946e-02,0,0,3.986934e-07,-5.198603e-02,3.103719e-02,7.597695e-02,-3.261966e-01,4.975332e-01,3.951983e-01,1.678816e+00,7.820228e-01,1.401800e+00,1.957279e+00,8.227037e-01,-3.880594e-02,-2.819583e-02,0,0
7.719740e-04,-1.285243e+01,3.892711e+00,-1.558765e+00,3.497075e+00,4.651544e+00,8.254521e+00,4.507692e+00,4.907993e+00,3.796047e+00,5.527394e+00,-1.997511e-03,4.047716e+00,3.505591e-02,0,0,1.205340e-05,3.233051e-02,1.243840e-01,4.406823e-01,3.483497e-01,1.777046e-01,-3.783998e-01,1.014826e+00,-6.908625e-01,7.208080e-01,1.337122e+00,7.635177e-01,8.818734e-01,-1.925053e-02,0,0
7.919156e-04,-1.294218e+01,3.601087e+00,-1.153295e+00,3.311643e+00,3.048017e+00,6.017784e+00,5.397385e+00,3.320450e+00,4.706347e+00,7.549014e+00,1.068771e+00,5.715203e+00,1.964340e-02,0,0,2.146465e-05,-1.105295e-01,4.447358e-02,5.648667e-01,7.641581e-01,3.895185e-02,-7.631063e-03,5.294533e-01,-1.066198e+00,6.922272e-01,1.154000e+00,4.694624e-01,9.669985e-01,-5.560593e-03,0,0
8.166844e-04,-1.291620e+01,3.876281e+00,-7.387820e-01,5.073467e+00,3.873499e+00,6.347565e+00,4.872921e+00,1.434911e+00,4.850997e+00,8.303393e+00,1.281206e+00,6.557384e+00,3.566032e-02,0,0,1.486459e-05,-2.640100e-01,-4.169109e-02,3.469834e-01,4.778171e-01,-4.519227e-01,3.015625e-01,-2.782946e-01,-7.609550e-01,-1.715070e-01,2.765246e-01,-4.219882e-02,-7.400141e-02,2.115443e-03,0,0
8.383703e-04,-1.382117e+01,3.409163e+00,-4.268391e-01,5.359010e+00,3.975844e+00,8.906627e+00,5.488365e+00,2.043735e+00,5.274586e+00,8.716477e+00,1.665552e-01,5.851715e+00,4.442430e-02,0,0,5.435437e-06,-2.019853e-01,-5.854845e-04,1.637905e-01,6.811390e-02,-4.051639e-01,5.262775e-01,-6.337640e-01,3.446027e-01,-3.149991e-01,-7.726582e-01,-9.128390e-02,-1.214846e+00,-9.670593e-04,0,0
8.230697e-04,-1.373298e+01,3.780218e+00,-1.870760e-01,4.862477e+00,1.928016e+00,8.317912e+00,3.070729e+00,1.741576e+00,2.654392e+00,6.326285e+00,2.381165e-01,3.609452e+00,3.324267e-02,0,0,-4.298711e-06,-1.116557e-01,2.883360e-02,-2.183822e-02,-4.072654e-01,-4.933687e-01,3.141279e-02,-5.656306e-01,8.385636e-01,-2.581809e-01,-9.652443e-01,5.921614e-01,-1.827847e+00,-6.950741e-03,0,0
8.159002e-04,-1.354371e+01,3.646191e+00,-6.101953e-01,3.757707e+00,1.994938e+00,7.663998e+00,3.129661e+00,4.890131e+00,4.229654e+00,4.674277e+00,1.133896e+00,1.114937e+00,1.601692e-02,0,0,-9.730045e-06,-6.473131e-02,-5.302572e-03,-3.299149e-01,-2.814429e-01,1.373189e-01,-3.454735e-01,-8.832207e-02,7.005857e-01,-1.204285e-01,-7.842780e-01,1.251830e+00,-8.616271e-01,-6.829858e-03,0,0
8.064259e-04,-1.361320e+01,3.901935e+00,-7.562950e-01,3.837791e+00,2.397109e+00,7.125944e+00,3.224119e+00,4.204530e+00,4.082559e+00,5.498272e+00,3.758342e+00,-2.134600e-01,1.511031e-02,0,0,-7.498247e-06,-1.663586e-01,-1.107332e-01,-4.163439e-01,-1.064884e-01,6.626073e-01,6.459189e-03,3.653900e-01,-7.273545e-02,-8.241215e-02,-3.086673e-01,1.247535e+00,5.530245e-01,1.359927e-03,0,0
7.980419e-04,-1.420471e+01,3.321791e+00,-1.791804e+00,4.464139e+00,4.427893e+00,7.775243e+00,4.970060e+00,4.315186e+00,3.958360e+00,5.209094e+00,4.665592e+00,3.455036e+00,1.934119e-02,0,0,-1.022770e-05,-7.990952e-02,-8.789329e-02,-4.455031e-01,-2.639219e-01,6.860086e-01,7.867932e-02,-1.665700e-01,-5.903778e-01,-6.929399e-01,-5.340211e-01,2.301783e-01,1.021192e+00,8.068902e-03,0,0
7.945076e-04,-1.423428e+01,3.388751e+00,-1.677991e+00,3.976819e+00,4.024576e+00,8.294585e+00,3.977480e+00,1.665371e+00,2.377979e+00,4.515540e+00,4.709941e+00,5.204525e+00,3.838018e-02,0,0,-6.315287e-06,5.435390e-02,4.239280e-02,-5.146633e-02,-3.129734e-01,4.996758e-01,-1.256293e-01,-7.141140e-01,-2.085618e-01,-8.159893e-01,-1.237854e+00,-1.203290e+00,5.275052e-01,1.323663e-02,0,0
7.707209e-04,-1.363272e+01,3.463316e+00,-2.376863e+00,2.368584e+00,4.611248e+00,7.473073e+00,1.920130e+00,3.207821e+00,1.617244e+00,2.495537e+00,1.808988e+00,3.511903e+00,4.472650e-02,0,0,3.536406e-07,2.540365e-01,4.623913e-01,6.520373e-01,-2.257954e-01,-4.217769e-01,-1.176239e+00,-1.072960e+00,2.919920e-01,-9.864570e-01,-1.567396e+00,-1.755744e+00,-3.338328e-01,1.468722e-02,0,0
7.885100e-04,-1.362743e+01,4.043137e+00,-7.210972e-01,3.320702e+00,4.803810e+00,6.648882e+00,1.178514e+00,3.715403e+00,1.173171e+00,6.657791e-01,-8.298073e-01,2.395633e+00,6.860078e-02,0,0,7.194548e-06,1.192996e-01,4.960265e-01,1.030924e+00,2.656127e-01,-1.082520e+00,-1.848754e+00,-1.258003e-01,7.109253e-01,-6.864330e-01,-1.355674e+00,-1.249462e+00,-3.378158e-01,1.121185e-02,0,0
8.028089e-04,-1.323795e+01,5.306555e+00,9.899350e-01,3.663220e+00,1.929391e+00,2.716900e+00,1.004742e+00,4.750130e+00,-3.715216e-01,-7.030084e-01,-1.343256e+00,3.190318e+00,7.766697e-02,0,0,1.120085e-05,-1.348194e-01,2.618596e-01,9.875967e-01,3.952200e-01,-1.563014e+00,-1.484558e+00,7.317249e-01,4.642363e-01,7.586652e-02,-1.404041e-01,-5.140450e-02,1.114337e-02,6.980962e-03,0,0
8.144363e-04,-1.383516e+01,4.947264e+00,1.793232e+00,4.657565e+00,-4.709439e-02,1.428901e+00,3.806173e+00,4.448843e+00,-5.980301e-02,-6.635591e-01,3.875371e-02,3.676239e+00,7.796917e-02,0,0,3.038888e-06,-4.231459e-01,-3.411141e-01,2.144786e-01,7.645483e-02,-9.353698e-01,-1.140007e-01,1.049050e+00,4.824031e-01,1.061589e+00,1.027138e+00,5.359038e-01,-6.885312e-02,9.066462e-05,0,0
8.137620e-04,-1.420295e+01,4.320550e+00,1.303956e+00,3.676252e+00,-7.783701e-01,2.660273e+00,4.264925e+00,5.162282e+00,2.613064e+00,2.458185e+00,1.117685e+00,2.927317e+00,7.494712e-02,0,0,4.037283e-07,-5.166877e-01,-8.181508e-01,-5.016353e-01,-7.208810e-02,5.469360e-02,1.460634e+00,7.195191e-01,4.711440e-01,1.442324e+00,1.862413e+00,4.757413e-01,6.931613e-02,1.783018e-03,0,0
7.982279e-04,-1.526066e+01,2.830569e+00,1.942856e-01,3.696460e+00,1.480842e+00,6.107192e+00,4.793674e+00,5.921342e+00,4.988825e+00,4.220870e+00,6.192413e-01,2.182868e+00,7.041403e-02,0,0,2.538320e-07,-1.681269e-01,-5.212300e-01,-7.022275e-01,1.564271e-01,9.156805e-01,1.621154e+00,1.165699e-01,7.446961e-01,6.961920e-01,1.248649e+00,-3.865102e-01,1.089005e-02,2.085222e-03,0,0
8.129317e-04,-1.510864e+01,2.274149e+00,-7.187681e-01,3.783332e+00,1.438891e+00,7.680927e+00,4.108587e+00,6.369600e+00,4.315784e+00,6.166844e+00,7.452065e-01,4.283585e+00,9.035963e-02,0,0,1.061487e-06,1.946806e-01,-1.293527e-01,-8.167475e-01,4.638050e-01,1.016462e+00,7.440218e-01,6.781087e-02,5.053260e-01,-4.693311e-01,2.898551e-01,-6.359526e-01,3.852170e-01,3.626458e-04,0,0
8.161206e-04,-1.422295e+01,3.364314e+00,-7.065439e-01,5.386160e+00,3.422678e+00,7.024343e+00,4.467191e+00,7.568665e+00,2.569797e+00,3.725358e+00,-1.707558e+00,3.052555e+00,8.068903e-02,0,0,-4.904112e-07,5.001753e-01,3.476854e-01,-7.286293e-01,1.885961e-01,3.777005e-01,-4.796854e-01,1.987760e-01,3.134203e-01,-8.650625e-01,-3.745770e-01,-4.643222e-01,2.135130e-01,-3.686915e-03,0,0
8.101231e-04,-1.374840e+01,3.406914e+00,-2.329367e+00,5.150427e+00,3.333020e+00,5.921807e+00,4.767221e+00,6.865251e+00,1.475922e+00,4.155217e+00,-8.986781e-01,4.418558e+00,7.162285e-02,0,0,-2.589345e-06,5.747059e-01,5.530792e-01,-3.843238e-01,-3.994809e-01,-2.898813e-01,-7.482447e-01,4.482751e-01,3.945961e-02,-7.403687e-01,-7.269955e-01,3.777961e-01,1.084886e-01,-5.923240e-03,0,0
7.971802e-04,-1.343990e+01,4.002613e+00,-2.643562e+00,3.955893e+00,2.422279e+00,4.588325e+00,5.458237e+00,7.240618e+00,2.083443e+00,3.353798e+00,-8.804276e-01,3.182946e+00,6.134784e-02,0,0,-1.504482e-06,4.806801e-01,4.897368e-01,1.337856e-01,-8.981171e-01,-8.376943e-01,-6.354656e-02,3.225423e-01,-7.238007e-02,-4.400331e-01,-8.453892e-01,8.722900e-01,-2.112541e-02,9.066194e-04,0,0
8.094552e-04,-1.262664e+01,4.720396e+00,-1.671878e+00,2.501061e+00,4.896839e-01,5.157712e+00,5.854439e+00,6.730921e+00,8.571175e-01,2.717646e+00,2.220622e+00,4.760832e+00,7.041402e-02,0,0,3.138039e-06,1.571154e-01,2.369986e-01,6.043881e-01,-4.580499e-01,-4.871877e-01,7.273657e-01,2.140224e-01,-1.806076e-01,-3.392660e-01,-1.024300e+00,4.976560e-01,-2.194853e-01,9.882138e-03,0,0
8.089321e-04,-1.238043e+01,5.156257e+00,-3.663601e-01,2.220258e+00,6.558741e-01,7.088657e+00,5.536294e+00,7.273930e+00,6.790338e-01,2.171967e-01,1.094242e+00,2.775791e+00,8.582654e-02,0,0,2.807396e-06,-3.695768e-01,-2.742337e-01,6.079223e-01,2.479547e-01,-1.699981e-01,8.581066e-01,-3.112183e-02,-3.185367e-01,-1.845559e-01,-6.969134e-01,1.559464e-01,-4.097413e-01,1.169538e-02,0,0
8.199373e-04,-1.349256e+01,4.015085e+00,-4.460270e-01,3.727995e+00,1.780284e+00,8.308469e+00,5.798305e+00,5.945557e+00,4.817971e-01,6.020184e-01,6.022671e-01,3.524709e+00,1.087942e-01,0,0,2.596178e-07,-8.335119e-01,-6.605039e-01,2.074534e-01,7.436937e-01,1.955973e-01,2.934572e-01,-5.179661e-01,-6.016480e-01,2.870170e-01,2.545549e-01,-2.347137e-01,-9.354414e-01,7.524932e-03,0,0
8.059761e-04,-1.485483e+01,2.984100e+00,-2.168760e-01,4.582200e+00,9.269888e-01,7.303480e+00,5.330695e+00,6.040617e+00,1.348323e+00,9.270451e-01,7.084820e-01,1.752301e+00,1.006346e-01,0,0,-1.106516e-06,-6.802529e-01,-5.938541e-01,3.262383e-03,6.552519e-01,4.515585e-01,-3.328890e-01,-7.916089e-01,-9.519652e-01,2.120815e-01,6.176068e-01,-1.132345e-01,-1.302989e+00,-2.326987e-03,0,0
8.122313e-04,-1.555700e+01,2.503955e+00,-7.093532e-01,5.038559e+00,1.332113e+00,6.517587e+00,3.367408e+00,4.339338e+00,1.957558e+00,3.635497e+00,1.239934e+00,5.953701e-01,1.006346e-01,0,0,4.187285e-07,-1.117790e-01,-1.530576e-01,-1.574664e-02,1.811416e-01,4.813630e-01,-5.020527e-01,-8.377416e-01,-7.114857e-01,-1.311702e-01,4.720996e-01,-2.374070e-01,-1.466578e+00,-7.494709e-03,0,0
8.072525e-04,-1.474948e+01,2.942552e+00,-2.183851e-01,4.841235e+00,3.137752e+00,6.319653e+00,2.793698e+00,3.317213e+00,1.001561e+00,1.788492e+00,2.092367e-01,-2.274486e+00,7.827138e-02,0,0,5.463278e-06,4.348256e-01,3.388115e-01,1.952880e-01,-1.370702e-02,3.935932e-01,-5.663053e-01,-2.019596e-01,-3.249387e-01,-6.738602e-01,7.292549e-02,-4.395715e-01,-6.786030e-01,-1.154427e-02,0,0
8.213928e-04,-1.410413e+01,3.270571e+00,-5.240057e-01,4.504185e+00,3.081717e+00,6.290119e+00,2.878096e+00,3.749830e+00,-6.724198e-04,2.531793e+00,-3.351454e-01,-1.794790e+00,8.250227e-02,0,0,6.641034e-06,5.405645e-01,6.139921e-01,3.045456e-01,-2.695897e-01,-1.480004e-01,-9.203256e-01,1.536176e-02,5.153581e-01,-3.522324e-01,-2.551247e-01,-5.359336e-01,1.563626e-01,-1.066788e-02,0,0
8.287118e-04,-1.340713e+01,4.294850e+00,6.668904e-01,4.780851e+00,2.020152e+00,4.585688e+00,4.565553e+00,4.710677e+00,-1.041863e+00,1.843525e+00,-7.018362e-01,-4.456340e-01,5.197945e-02,0,0,5.368440e-06,1.976520e-01,4.356090e-01,-1.893400e-01,-3.514358e-01,-2.720187e-01,-1.339782e+00,-6.061532e-01,6.702088e-01,6.486619e-01,2.761759e-01,-4.763139e-01,6.361678e-01,-1.903900e-03,0,0
8.347069e-04,-1.352535e+01,4.897767e+00,3.707372e-01,3.720802e+00,1.150911e+00,2.782942e+00,2.558289e+00,6.219396e+00,1.218108e+00,2.332357e+00,-9.841980e-01,4.627573e-01,6.044122e-02,0,0,2.323411e-06,-9.560318e-02,1.434575e-01,-7.613988e-01,-3.278110e-01,1.318752e-01,-1.400638e+00,-1.325433e+00,1.718202e-01,1.411805e+00,4.764339e-02,-9.543640e-01,3.388800e-01,8.159562e-03,0,0
8.274377e-04,-1.405061e+01,4.306999e+00,-1.612457e+00,3.475747e+00,2.743062e+00,1.374333e+00,-7.716504e-02,5.433474e+00,3.635480e+00,3.269089e+00,-1.847807e+00,-2.224201e-01,7.978240e-02,0,0,1.053786e-06,-2.335667e-01,-2.638116e-01,-1.106928e+00,-1.061414e-01,6.885856e-01,-7.082349e-01,-1.396284e+00,-2.088038e-01,1.105846e+00,1.063623e-01,-1.164881e+00,1.847529e-01,9.670593e-03,0,0
8.336469e-04,-1.426041e+01,3.981784e+00,-3.191326e+00,3.517682e+00,3.379638e+00,8.926075e-01,-1.427711e+00,4.247532e+00,4.719681e+00,2.057227e+00,-4.533980e+00,-2.119969e-01,1.093986e-01,0,0,-7.117866e-07,-1.317588e-01,-3.033867e-01,-4.991094e-01,2.917163e-01,8.147358e-01,2.504524e-01,-2.411282e-01,-7.288631e-01,-2.808551e-01,-3.671617e-01,-7.823109e-01,5.270368e-01,-6.195225e-03,0,0
8.345107e-04,-1.420744e+01,3.433783e+00,-3.086717e+00,4.351704e+00,4.348717e+00,1.989680e+00,-4.228649e-01,4.652590e+00,2.736581e+00,2.512901e+00,-4.751353e+00,8.155078e-01,7.585373e-02,0,0,1.675100e-06,-4.325676e-03,-2.735741e-01,2.909282e-01,3.212613e-01,4.253957e-01,5.752012e-01,8.440267e-01,-2.270058e-01,-1.171489e+00,-7.847102e-01,2.210278e-01,1.091408e+00,-2.363252e-02,0,0
8.276114e-04,-1.410573e+01,3.817441e+00,-1.387680e+00,4.741405e+00,4.421762e+00,3.727530e+00,1.525498e+00,2.965523e+00,2.632819e-01,8.746426e-01,-3.443980e+00,2.578978e+00,3.142944e-02,0,0,-3.414461e-07,8.335266e-02,-3.758336e-01,4.634932e-01,2.714180e-01,1.857642e-01,1.686955e-01,9.844642e-01,-1.081728e-01,-1.067042e+00,-9.323620e-01,6.236224e-01,1.080728e+00,-2.940465e-02,0,0
8.388309e-04,-1.414957e+01,3.021300e+00,-1.059639e+00,4.470192e+00,4.348979e+00,2.832878e+00,2.666364e+00,4.939450e+00,6.235043e-03,-6.316900e-02,-1.287668e+00,3.839132e+00,6.044122e-04,0,0,-3.261317e-06,1.023609e-01,-4.627429e-01,-8.546940e-02,-4.741812e-03,2.866821e-02,-4.383330e-01,4.546344e-01,8.647263e-02,-9.860803e-02,-1.243657e+00,1.491215e-02,3.857676e-01,-1.831369e-02,0,0
8.297795e-04,-1.387258e+01,2.308858e+00,-1.887399e+00,4.815528e+00,4.308329e+00,1.314486e+00,1.949996e+00,3.563238e+00,7.496428e-01,-1.316548e+00,-3.147711e+00,3.679832e+00,0,0,0,-7.726781e-06,1.027316e-01,-3.883575e-01,-5.895671e-01,-2.755408e-02,2.221493e-01,-5.110022e-01,-4.116261e-01,-5.736626e-01,3.970060e-01,-4.397278e-01,-3.709888e-01,-4.721135e-01,-3.263826e-03,0,0
8.171201e-04,-1.381221e+01,1.874360e+00,-3.264204e+00,4.290934e+00,4.548775e+00,1.004537e+00,1.638058e+00,4.786095e+00,2.000360e+00,-2.609790e+00,-4.824926e+00,2.193919e+00,0,0,0,-1.463383e-05,7.889462e-02,2.793130e-01,-3.101483e-01,2.385454e-02,8.039393e-02,3.520071e-01,-5.344527e-01,-1.362905e+00,2.301672e-01,4.072680e-01,2.566093e-01,-1.020139e+00,7.585374e-03,0,0
7.998329e-04,-1.376075e+01,2.449123e+00,-3.233233e+00,4.693264e+00,5.432611e+00,2.086689e+00,-1.847967e-02,1.738868e-01,1.251249e+00,-5.068572e-02,-3.530295e+00,1.041017e+00,1.541251e-02,0,0,-1.268705e-05,3.220367e-03,6.818919e-01,1.817571e-01,-1.062105e-01,-2.196214e-01,6.778358e-01,-3.034951e-01,-1.414585e+00,-2.622693e-01,9.092594e-01,1.186853e+00,-6.522962e-01,1.033545e-02,0,0
7.806350e-04,-1.381101e+01,4.347732e+00,-1.937464e+00,4.650597e+00,4.188807e+00,4.206812e+00,9.783382e-01,-1.804005e-01,9.062677e-01,1.340240e+00,1.866699e-01,5.784241e-02,3.082502e-02,0,0,-9.069406e-06,1.620636e-02,7.854998e-01,6.103007e-01,-1.888625e-01,-4.977849e-01,8.487170e-01,2.084967e-01,-5.874041e-01,-4.162091e-01,6.283444e-01,1.524951e+00,-2.188774e-01,6.255667e-03,0,0
7.845868e-04,-1.385708e+01,4.481631e+00,-1.641984e+00,4.104644e+00,3.390205e+00,3.102527e+00,7.623801e-01,-1.026442e+00,-1.465734e-02,1.254734e+00,2.807569e-01,1.486389e+00,3.626473e-02,0,0,-2.032850e-06,-1.438717e-01,2.660153e-01,4.437214e-01,-3.078921e-01,-6.632022e-01,9.765568e-02,1.774912e-01,3.439765e-01,-9.380703e-01,-4.660105e-01,1.029530e+00,5.299417e-01,-2.991841e-03,0,0
7.793961e-04,-1.368302e+01,4.785605e+00,-1.008325e+00,3.640931e+00,3.081053e+00,4.740203e+00,2.290112e+00,2.449239e+00,5.522682e-01,-1.207787e-01,8.943040e-01,8.768457e-01,2.085222e-02,0,0,5.411880e-06,-2.850098e-01,-2.279937e-01,1.745226e-01,-1.811356e-01,-4.713150e-01,-7.572804e-02,-3.996800e-01,3.840971e-01,-8.056142e-01,-3.046717e-01,6.296899e-01,9.213095e-01,-6.225446e-03,0,0
7.902881e-04,-1.454411e+01,3.560263e+00,-1.479195e+00,3.658637e+00,2.670477e+00,2.308272e+00,2.130895e-01,5.789495e-01,-3.262102e+00,-1.650229e+00,1.263540e+00,3.281224e+00,5.439710e-03,0,0,5.942816e-06,-4.263914e-01,-4.129262e-01,-9.980049e-02,5.428376e-02,-3.818696e-01,2.648438e-01,-5.835339e-01,4.636512e-02,-4.369111e-01,2.709147e-01,3.350620e-01,8.380982e-01,-1.299486e-03,0,0
8.048438e-04,-1.489254e+01,3.668447e+00,-1.146245e+00,3.967923e+00,2.192096e+00,4.225299e+00,-7.454166e-01,9.373894e-01,-1.498081e+00,1.269363e+00,2.843728e+00,3.766973e+00,1.511031e-02,0,0,1.228992e-05,-2.602000e-01,-5.087634e-01,-4.978684e-01,2.040385e-01,-3.661222e-02,5.115703e-01,-2.757134e-01,2.911273e-01,1.233134e+00,8.852402e-01,-6.031529e-01,1.007932e+00,8.159565e-03,0,0
8.015771e-04,-1.538427e+01,2.975579e+00,-2.072026e+00,4.212567e+00,1.925336e+00,4.684198e+00,-6.375248e-01,-3.869128e-02,-1.174039e+00,1.914237e+00,9.813550e-01,4.231816e+00,3.263826e-02,0,0,1.415327e-05,5.058010e-01,-1.652693e-01,-4.069899e-01,6.878561e-01,4.677948e-01,5.260398e-01,5.714218e-01,1.123245e+00,2.589325e+00,3.034379e-01,-1.424182e+00,8.359675e-01,8.975523e-03,0,0
8.352012e-04,-1.456394e+01,2.534130e+00,-3.201252e+00,4.384159e+00,3.270562e+00,6.110092e+00,1.336852e+00,4.213696e+00,5.673904e+00,2.523189e+00,-1.980368e+00,5.441209e+00,4.805077e-02,0,0,1.232669e-05,1.224753e+00,2.812702e-01,-1.006266e-01,6.649349e-01,6.534383e-01,-2.378822e-01,6.610262e-01,1.143291e+00,1.899438e+00,-6.792248e-01,-1.414914e+00,1.093910e+00,3.142944e-03,0,0
8.458758e-04,-1.217941e+01,3.301076e+00,-2.486641e+00,6.889800e+00,4.470218e+00,3.996075e+00,2.029064e+00,4.557024e+00,6.098532e+00,-7.599520e-01,-3.445321e+00,6.623943e+00,3.384709e-02,0,0,3.586937e-06,1.342555e+00,7.357785e-01,5.008943e-01,4.379662e-01,5.249971e-01,-2.500904e-01,6.084365e-01,8.260870e-01,2.414236e-01,-4.228626e-01,-6.759868e-02,7.299213e-01,-2.750076e-03,0,0
8.443279e-04,-1.037121e+01,4.912050e+00,-1.442071e+00,5.953981e+00,4.186847e+00,3.379950e+00,1.226420e+00,4.355985e+00,4.362823e+00,-7.896667e-01,-2.017503e+00,8.040459e+00,3.022061e-02,0,0,-8.861907e-06,5.339423e-01,6.209558e-01,6.155899e-01,-2.115544e-01,8.927655e-02,2.128886e-01,7.053300e-01,2.261043e-01,-1.474438e+00,9.135372e-01,1.336442e+00,1.391686e-01,-2.901179e-03,0,0
8.149484e-04,-1.076786e+01,5.465511e+00,-4.471456e-01,5.617487e+00,4.092179e+00,4.798817e+00,2.459873e+00,4.020600e+00,6.886199e-01,1.456352e+00,6.619291e-01,6.581798e+00,2.780296e-02,0,0,-6.975903e-06,-4.916193e-01,-9.107256e-03,3.048928e-01,-2.612606e-01,4.768372e-04,6.509080e-01,9.077301e-01,1.021889e+00,-9.456635e-01,2.030070e+00,1.670431e+00,-3.042025e-01,-1.299487e-03,0,0
8.063554e-04,-1.260000e+01,4.556692e+00,-1.143050e+00,3.962543e+00,3.905965e+00,6.773163e+00,4.648098e+00,5.612429e+00,1.006669e+00,5.982723e+00,2.648218e+00,6.158125e+00,3.656694e-02,0,0,2.072449e-06,-7.510765e-01,-4.736412e-01,8.664139e-02,4.820643e-01,1.091129e-01,2.568665e-01,8.041496e-01,1.534867e+00,1.031968e-01,1.583068e+00,7.339813e-01,-5.915180e-01,-4.170445e-03,0,0
8.299825e-04,-1.352311e+01,3.433219e+00,-1.111688e+00,6.579216e+00,4.613043e+00,5.554008e+00,4.856876e+00,9.038249e+00,3.048292e+00,6.004204e+00,2.573974e+00,6.044098e+00,2.417649e-02,0,0,1.175112e-05,-3.604788e-01,-4.218633e-01,-5.232751e-03,9.177014e-01,4.769390e-01,-1.820271e-01,1.182864e-01,1.335211e+00,6.628371e-01,4.434822e-01,-5.346550e-01,-6.486471e-01,-7.796918e-03,0,0
8.471731e-04,-1.274897e+01,3.559991e+00,-6.765926e-01,7.883439e+00,4.471979e+00,4.286687e+00,4.048666e+00,9.521493e+00,3.698971e+00,4.851746e+00,6.963811e-01,5.351718e+00,1.118163e-02,0,0,9.502878e-06,6.676340e-02,-1.846344e-01,-6.482840e-03,9.696419e-01,5.915852e-01,-6.447445e-01,-2.233110e-01,5.400238e-01,7.038019e-01,-4.924583e-02,-1.200925e+00,-1.371679e+00,-7.948020e-03,0,0
8.532951e-04,-1.249577e+01,3.854545e+00,-7.065380e-01,8.245546e+00,6.193867e+00,5.131920e+00,3.351021e+00,8.742125e+00,2.656654e+00,4.239252e+00,-1.035427e+00,3.741766e+00,1.511030e-03,0,0,-3.004319e-06,1.467400e-01,-7.337809e-02,-1.285971e-01,2.062456e-01,1.181218e-01,-5.536863e-01,-2.530426e-01,-2.987175e-01,8.202221e-01,3.167530e-01,-8.186773e-01,-1.772488e+00,-1.269265e-03,0,0
8.422135e-04,-1.277985e+01,3.422857e+00,-1.378039e+00,7.977587e+00,6.073479e+00,3.760485e+00,4.284470e+00,8.460610e+00,4.721497e+00,6.618970e+00,-1.551709e+00,4.508956e-01,8.159565e-03,0,0,-9.172654e-06,-6.719589e-04,-1.932689e-01,-3.026777e-02,-1.473465e-01,-5.702490e-01,-6.686044e-01,-2.474588e-01,-3.568729e-01,1.118600e+00,4.290764e-01,1.938766e-02,-1.211740e+00,5.651255e-03,0,0
8.174407e-04,-1.277397e+01,3.134895e+00,-1.403950e+00,7.563370e+00,4.402902e+00,3.048678e+00,3.473761e+00,8.075103e+00,6.638139e+00,6.704357e+00,-3.953681e-01,-3.679322e-01,1.934119e-02,0,0,-5.725923e-06,5.715761e-02,-1.732400e-01,3.405269e-01,-1.510744e-01,-1.066830e+00,-6.511290e-01,-6.448015e-01,-4.446374e-01,5.150276e-01,-1.058290e-01,9.682208e-01,5.058948e-01,6.406770e-03,0,0
8.192370e-04,-1.261323e+01,2.953471e+00,-4.792255e-01,7.487794e+00,2.516216e+00,1.985286e+00,2.750002e+00,8.070640e+00,7.301228e+00,5.764575e+00,4.732898e-01,1.347866e+00,3.052282e-02,0,0,1.584987e-05,3.036400e-01,2.056575e-01,6.965111e-01,-5.947518e-02,-3.399234e-01,-1.202363e-01,-1.062917e+00,-9.607676e-01,-4.413371e-01,-7.414998e-01,1.196341e+00,2.317442e+00,9.066185e-04,0,0
8.361537e-04,-1.229329e+01,3.223038e+00,5.466899e-01,7.735071e+00,2.638348e+00,2.763874e+00,8.942473e-01,6.713923e+00,3.941927e+00,4.137304e+00,2.793177e+00,5.822754e+00,2.236325e-02,0,0,3.328511e-05,3.506943e-01,3.132769e-01,5.285652e-01,-7.536893e-02,5.676769e-01,2.303282e-02,-1.393868e+00,-1.274011e+00,-8.318860e-01,-4.431463e-01,7.565039e-01,2.167621e+00,-5.802357e-03,0,0
9.121063e-04,-1.150199e+01,4.407073e+00,1.129197e+00,7.594360e+00,5.256139e+00,3.301706e+00,2.596399e-01,4.337363e+00,3.862918e+00,4.194998e+00,2.835725e+00,8.942761e+00,1.118163e-02,0,0,3.336418e-05,2.602781e-01,2.586238e-01,1.707105e-01,-2.512479e-01,8.989830e-01,2.777618e-01,-1.091841e+00,-1.159287e+00,5.801940e-02,1.793688e-01,-5.550579e-01,4.322139e-01,-6.829858e-03,0,0
9.374316e-04,-1.157612e+01,3.974479e+00,4.346650e-01,7.133242e+00,5.871325e+00,2.505632e+00,-2.250396e+00,3.571686e+00,4.197864e+00,5.273414e+00,2.205934e+00,6.672724e+00,0,0,0,1.122341e-05,1.273832e-02,1.986644e-01,-1.402990e-01,-1.721729e-01,4.025345e-01,-1.852875e-01,-4.294290e-01,-4.574488e-01,9.518155e-01,8.015941e-01,-1.552161e+00,-1.267618e+00,-1.813237e-03,0,0
9.354190e-04,-1.167043e+01,3.870870e+00,4.303393e-01,6.532469e+00,5.394642e+00,3.503217e+00,-1.136883e+00,3.845322e+00,7.463356e+00,6.093364e+00,-2.008378e+00,3.083951e+00,7.555153e-03,0,0,-9.663473e-06,-1.701920e-01,1.659125e-01,-2.910355e-01,7.013836e-02,-1.792145e-02,-3.249370e-01,7.091753e-01,3.294329e-01,5.978166e-01,8.676632e-01,-1.119427e+00,-1.690315e+00,3.807797e-03,0,0
8.806144e-04,-1.214538e+01,4.484461e+00,1.946240e-01,7.405152e+00,4.581769e+00,1.736681e+00,-5.546363e-01,4.672699e+00,6.900785e+00,7.196091e+00,-2.545578e+00,2.414071e+00,1.511031e-02,0,0,3.419217e-06,3.551207e-02,5.297195e-01,-3.401649e-01,1.223712e-02,1.904937e-01,1.392791e-01,1.693686e+00,3.003420e-01,-5.185308e-01,3.974160e-01,2.289962e-01,-6.092708e-01,4.533092e-03,0,0
8.921975e-04,-1.206832e+01,4.981644e+00,-2.059600e-01,7.809097e+00,5.811310e+00,2.061496e+00,2.957637e+00,5.434021e+00,5.500540e+00,7.571976e+00,-3.856557e-01,2.620515e+00,2.266546e-02,0,0,2.592477e-05,2.850371e-01,6.547373e-01,-4.655536e-01,-4.872658e-01,4.775336e-01,7.586145e-01,1.439375e+00,-1.041296e-01,-1.566355e+00,-3.802837e-01,1.593458e+00,2.365839e-01,0,0,0
9.761385e-04,-1.119961e+01,6.067690e+00,-9.480100e-01,6.556114e+00,6.615459e+00,3.922888e+00,4.170774e+00,4.279047e+00,2.586618e+00,6.521188e+00,2.539554e+00,3.858088e+00,1.511031e-02,0,0,2.982720e-05,4.404121e-01,5.610403e-01,-3.900864e-01,-1.177896e+00,1.509376e-02,1.422506e+00,5.431997e-01,-7.015284e-01,-1.420915e+00,-1.040423e+00,1.067387e+00,5.235162e-01,-4.412209e-03,0,0
1.017281e-03,-1.071813e+01,6.352942e+00,-1.326111e+00,4.520659e+00,6.765465e+00,6.203186e+00,3.697285e+00,3.521500e+00,1.788667e+00,4.529397e+00,3.416348e+00,3.544862e+00,7.555153e-03,0,0,-7.731718e-06,1.668728e-01,4.866114e-02,-3.301874e-01,-1.175124e+00,-6.062803e-01,7.372075e-01,-1.064450e+00,-7.852926e-01,-4.900604e-01,-1.010692e+00,-1.305770e-01,6.510423e-01,-5.741916e-03,0,0
9.672088e-04,-1.061842e+01,6.604013e+00,-1.195732e+00,3.159890e+00,4.180160e+00,6.778368e+00,1.791538e+00,2.121317e+00,1.652145e+00,3.515265e+00,8.903539e-01,4.569479e+00,6.044122e-04,0,0,-4.543487e-05,-2.445284e-01,-8.370773e-01,-3.384460e-01,-1.586413e-01,-5.713950e-01,-7.405022e-01,-1.907826e+00,-1.409080e-01,4.981529e-01,-5.924433e-01,-1.427485e+00,2.076749e-01,-2.326987e-03,0,0
8.580038e-04,-1.152455e+01,4.956788e+00,-1.733035e+00,3.631590e+00,3.997559e+00,4.319794e+00,-1.174992e+00,2.586422e+00,3.517474e+00,4.021480e+00,-2.139406e-01,5.520031e+00,1.208824e-03,0,0,-4.595627e-05,-5.181484e-01,-1.395078e+00,-2.431300e-01,1.428486e+00,6.139491e-01,-1.608675e+00,-1.876884e+00,7.597250e-01,1.165891e+00,-1.514920e-01,-1.944932e+00,-3.825158e-01,2.901179e-03,0,0
8.286026e-04,-1.201904e+01,2.580381e+00,-2.436778e+00,6.207442e+00,5.142437e+00,1.162073e+00,-2.932219e+00,4.042046e+00,4.212979e+00,3.812930e+00,-2.782727e+00,3.908878e+00,6.648534e-03,0,0,-1.930345e-05,-4.757280e-01,-1.250484e+00,7.967102e-03,2.346271e+00,1.864116e+00,-1.122160e+00,-8.219455e-01,9.740919e-01,6.983424e-01,-4.963282e-01,-1.977518e+00,-1.415527e+00,7.948020e-03,0,0
8.568026e-04,-1.260856e+01,1.389367e+00,-1.921239e+00,1.013931e+01,9.354072e+00,9.679591e-01,-3.325258e+00,6.359761e+00,6.337705e+00,3.623105e+00,-4.471771e+00,1.962583e+00,1.903898e-02,0,0,3.777747e-06,-2.310094e-01,-4.478431e-01,1.853761e-01,1.678994e+00,1.585091e+00,5.636618e-01,6.788962e-01,5.192193e-01,1.503069e-01,-4.370617e-01,-1.301553e+00,-1.447933e+00,1.045633e-02,0,0
8.712921e-04,-1.245505e+01,2.135304e+00,-1.061795e+00,1.163739e+01,1.082248e+01,2.843483e+00,-1.243057e+00,5.105107e+00,3.733742e+00,1.232812e+00,-6.868322e+00,-7.294318e-01,3.142944e-02,0,0,1.326733e-06,5.332184e-03,3.183282e-01,1.644884e-01,-8.178606e-02,1.533061e-01,1.535851e+00,1.042298e+00,-4.864841e-01,-4.682868e-01,-2.043624e-01,-3.506624e-01,-8.774775e-01,1.066788e-02,0,0
8.555478e-04,-1.246159e+01,2.940110e+00,-1.493646e+00,9.311590e+00,9.082989e+00,6.297398e+00,1.374908e+00,4.650988e+00,4.508627e+00,3.126230e+00,-4.678909e+00,5.995185e-01,4.110003e-02,0,0,-7.777044e-06,1.303502e-01,6.114355e-01,2.177509e-02,-1.734912e+00,-1.790557e+00,7.098850e-01,4.017816e-01,-8.303028e-01,-3.565227e-01,1.922008e-02,3.174262e-01,-7.236518e-01,1.015413e-02,0,0
8.358637e-04,-1.206586e+01,3.396650e+00,-1.828132e+00,6.212372e+00,6.044509e+00,6.176610e+00,-7.081413e-02,2.464012e+00,2.786083e+00,3.039556e+00,-4.432471e+00,2.030226e-01,4.895739e-02,0,0,-9.909365e-06,2.556515e-02,5.450993e-01,2.764563e-01,-1.865063e+00,-2.530062e+00,-8.068444e-01,-8.405856e-01,-9.852967e-01,-4.366012e-01,-2.755413e-01,-1.271807e-01,-1.414225e+00,6.829858e-03,0,0
8.356316e-04,-1.215140e+01,3.815872e+00,-1.429195e+00,4.177258e+00,2.790275e+00,2.850821e+00,-1.902472e+00,3.528795e+00,5.028921e+00,2.815833e+00,-4.102566e+00,-2.121903e+00,6.104564e-02,0,0,-8.582702e-06,9.404602e-02,5.968341e-01,3.984806e-01,-1.062046e+00,-1.982668e+00,-1.627728e+00,-1.168161e+00,-1.300822e+00,-1.150629e+00,-1.404536e+00,-9.635393e-01,-2.103891e+00,2.236325e-03,0,0
8.317034e-04,-1.248232e+01,4.422920e+00,2.882604e-01,4.879237e+00,1.318528e+00,5.325497e-01,-3.807295e+00,7.397203e-01,1.290589e+00,1.030374e-02,-7.792397e+00,-6.439846e+00,5.560592e-02,0,0,-6.582041e-06,1.951849e-01,5.400209e-01,2.131965e-01,-1.933484e-01,-1.036967e+00,-7.935379e-01,-2.840779e-01,-1.153234e+00,-1.611493e+00,-1.655962e+00,-1.103052e+00,-1.071855e+00,-3.566032e-03,0,0
8.147144e-04,-1.178313e+01,5.411146e+00,-5.594396e-01,4.667929e+00,1.532639e+00,9.807866e-01,-2.597656e+00,-9.909777e-01,-4.967687e-01,-2.381823e+00,-7.816642e+00,-6.598501e+00,4.895739e-02,0,0,-8.245738e-06,4.577174e-01,3.893304e-01,-2.939934e-01,1.162391e-02,-2.179738e-02,8.938065e-01,7.786538e-01,-4.982062e-01,-1.656353e+00,-1.171597e+00,-3.819385e-01,8.675402e-01,-4.321548e-03,0,0
8.134121e-04,-1.127407e+01,5.299118e+00,-1.197027e+00,5.000295e+00,1.488492e+00,3.143938e+00,-1.143612e+00,-1.042271e+00,-2.508538e+00,-2.641428e+00,-8.090693e+00,-2.917952e+00,3.717135e-02,0,0,-5.708204e-06,5.421178e-01,-1.546278e-02,-1.034445e+00,-6.202431e-01,2.037950e-01,1.645414e+00,1.704656e+00,1.185485e+00,-2.185602e-01,-5.816823e-03,7.246906e-01,2.128346e+00,-1.511026e-04,0,0
8.035486e-04,-1.046694e+01,5.324425e+00,-2.156518e+00,4.174848e+00,2.596306e+00,6.014159e+00,6.589553e-01,1.928759e+00,-1.353282e+00,-1.716287e+00,-5.863110e+00,4.548503e-01,4.865518e-02,0,0,-5.005742e-07,3.801842e-01,-1.809228e-01,-1.125222e+00,-1.335499e+00,-3.523459e-01,8.572338e-01,1.423288e+00,1.861143e+00,1.383689e-01,6.946684e-01,9.926211e-01,1.441263e+00,2.266547e-03,0,0
8.087453e-04,-1.042983e+01,4.388966e+00,-4.085423e+00,2.024562e+00,1.805670e+00,6.242933e+00,3.087681e+00,5.207279e+00,6.260450e-01,-3.515487e-01,-5.145710e+00,6.752087e-01,5.500151e-02,0,0,6.884872e-06,3.547351e-01,1.132251e-01,-8.291933e-01,-1.513114e+00,-8.895483e-01,-4.127435e-01,8.263569e-01,1.188627e+00,2.720048e-01,9.017565e-01,1.197363e+00,-1.172721e-01,4.533093e-04,0,0
8.145449e-04,-1.030433e+01,4.961607e+00,-4.741353e+00,-5.217004e-01,-3.876790e-01,3.717458e+00,2.403140e+00,5.189963e+00,-1.372216e+00,-5.342134e-02,-4.326028e+00,-1.188768e+00,5.137504e-02,0,0,2.066962e-05,2.476826e-01,5.314730e-01,1.124275e-01,-6.184050e-01,-1.187494e+00,-1.472260e+00,1.142644e-01,-1.943881e-02,-1.563999e-01,1.174315e+00,1.386865e+00,-9.484422e-01,-7.917800e-03,0,0
8.423383e-04,-9.581700e+00,6.046652e+00,-4.050577e+00,-2.170027e-01,-1.467257e+00,2.228571e+00,2.116080e+00,3.270264e+00,-1.139047e+00,1.035921e+00,-2.872422e+00,-2.682503e+00,3.807797e-02,0,0,2.662108e-05,2.575144e-01,7.480539e-01,1.018558e+00,9.585210e-01,2.440143e-03,-1.115663e+00,-2.474691e-01,-5.261992e-01,2.684419e-01,1.826549e+00,1.738338e+00,-5.168840e-01,-1.142339e-02,0,0
8.901002e-04,-9.652591e+00,7.152947e+00,-1.611804e+00,2.203605e+00,-1.704699e+00,6.600404e-01,1.716078e+00,2.800072e+00,-1.252736e+00,3.461553e+00,-6.542667e-02,-2.608505e+00,1.752795e-02,0,0,2.193497e-05,-5.362110e-02,3.082643e-01,1.067062e+00,1.690248e+00,9.353375e-01,-4.673322e-01,3.748906e-02,-3.322935e-03,1.170262e+00,2.094136e+00,1.714728e+00,3.939865e-01,-9.821700e-03,0,0
9.040731e-04,-9.468131e+00,7.033566e+00,-5.574096e-01,5.454514e+00,2.476381e+00,2.193328e+00,2.193866e+00,3.771228e+00,1.908514e+00,7.023710e+00,1.415677e+00,-1.199343e+00,1.480810e-02,0,0,5.669659e-06,-4.607393e-01,1.829925e-02,6.558979e-01,1.135244e+00,1.122003e+00,2.997412e-01,4.124623e-01,4.763398e-01,9.708133e-01,1.587841e+00,7.608630e-01,9.098676e-01,-4.110003e-03,0,0
8.933524e-04,-1.062922e+01,6.009472e+00,-1.152625e+00,5.093780e+00,2.317190e+00,1.398418e+00,2.551692e+00,4.922866e+00,2.955313e+00,7.423366e+00,2.103564e+00,3.958438e-02,1.390148e-02,0,0,-1.228685e-05,-6.820132e-01,-5.860710e-02,2.738926e-01,1.215099e-01,4.322500e-01,1.222021e+00,1.181826e+00,2.164308e-01,1.741400e-02,2.629256e-01,-3.645697e-01,5.845798e-01,1.359927e-03,0,0
8.690605e-04,-1.139708e+01,6.709886e+00,-1.000677e+00,4.014130e+00,2.131815e+00,3.358088e+00,3.760585e+00,4.590567e+00,1.610996e+00,6.994219e+00,-1.526016e-01,5.427904e-01,1.934119e-02,0,0,-1.598522e-05,-7.292202e-01,1.020202e-01,4.698744e-01,-3.216156e-01,-6.164633e-02,1.861088e+00,1.665435e+00,2.864487e-02,-8.413566e-01,-6.902074e-01,-9.514527e-01,-3.365579e-01,2.810517e-03,0,0
8.461723e-04,-1.209818e+01,7.021751e+00,-2.070713e-02,3.531347e+00,6.288337e-01,6.187767e+00,6.841848e+00,3.472557e+00,-1.016906e+00,4.790926e+00,-1.104136e+00,-5.566725e-01,2.206104e-02,0,0,-1.129505e-05,-3.699118e-01,6.132169e-02,7.349321e-01,1.703493e-01,3.461733e-01,2.043461e+00,1.219225e+00,-1.185783e-01,-7.680395e-01,-9.037994e-01,-9.206210e-01,-1.127505e+00,2.055002e-03,0,0
8.477370e-04,-1.237975e+01,7.037527e+00,1.226004e+00,4.627653e+00,3.012327e+00,9.104092e+00,8.375963e+00,4.639607e+00,-3.121592e-01,4.888893e+00,-1.737737e+00,-2.584004e+00,2.478090e-02,0,0,-1.061964e-06,-1.167692e-01,-2.528595e-01,6.069026e-01,5.387372e-01,4.022851e-01,9.738619e-01,-6.777382e-03,-4.351779e-01,-2.496016e-01,-7.076498e-01,-3.766656e-02,-1.013597e+00,3.747356e-03,0,0
8.475389e-04,-1.198745e+01,6.152260e+00,1.408695e+00,5.638765e+00,3.607800e+00,8.742721e+00,6.340129e+00,4.305455e+00,7.669289e-02,3.957032e+00,-1.706974e+00,-4.034545e+00,2.145663e-02,0,0,3.929000e-06,9.930334e-02,-5.082704e-01,-8.850241e-03,4.642602e-01,1.360246e-01,-4.755153e-01,-1.724213e+00,-6.896306e-01,-8.632895e-02,-5.650595e-01,2.731605e-01,-3.162806e-01,1.115141e-02,0,0
8.630673e-04,-1.203629e+01,5.880334e+00,1.319135e+00,5.654107e+00,2.653757e+00,6.949921e+00,3.977557e+00,1.998228e+00,-1.838120e-01,3.872917e+00,-3.951550e-02,-2.786260e+00,3.838018e-02,0,0,-1.871248e-06,2.705067e-01,-6.166415e-01,-5.026266e-01,4.009233e-01,-1.054759e-01,-1.427915e+00,-2.733323e+00,-1.222098e+00,-2.894376e-01,-4.601654e-01,1.012917e-01,3.177233e-01,2.175884e-02,0,0
8.581521e-04,-1.177339e+01,5.058996e+00,-1.115241e-01,5.339420e+00,1.488242e+00,4.887276e+00,4.199854e-01,1.345094e+00,-1.512725e+00,2.473616e+00,-5.874439e-01,-2.036947e+00,7.101844e-02,0,0,-5.715975e-06,3.637243e-01,-5.442675e-01,-6.731828e-01,5.314180e-01,6.639569e-01,-1.292113e+00,-2.880044e+00,-6.442507e-01,3.316044e-01,2.508495e-01,-1.598762e-01,6.456186e-01,2.094289e-02,0,0
8.330742e-04,-1.113425e+01,4.500952e+00,-5.270198e-01,6.781942e+00,3.544727e+00,3.892237e+00,-2.330578e+00,9.298463e-03,-9.646384e-01,3.329774e+00,-1.791043e+00,-1.994186e+00,1.087942e-01,0,0,-2.211769e-06,3.589039e-01,-2.139230e-01,-2.759529e-01,6.750324e-01,1.245296e+00,-4.917212e-01,-1.923321e+00,-5.191622e-02,9.491641e-01,8.398053e-01,-1.574950e-01,6.437374e-01,4.593533e-03,0,0
8.339556e-04,-1.061985e+01,4.120614e+00,-1.034142e+00,7.731937e+00,6.482100e+00,3.810997e+00,-4.906026e+00,2.078666e+00,2.125128e+00,5.482852e+00,-1.630591e+00,-1.202489e+00,9.096404e-02,0,0,1.026847e-05,4.859371e-02,3.033687e-01,3.928989e-01,2.427126e-01,6.767768e-01,2.645384e-01,2.069475e-01,6.737842e-01,1.721180e+00,1.209693e+00,3.558749e-01,1.020760e+00,-1.752796e-02,0,0
8.641068e-04,-1.081855e+01,5.279911e+00,4.006792e-01,7.833010e+00,6.383307e+00,5.029455e+00,-2.976042e+00,1.371861e+00,2.743082e+00,6.567326e+00,-3.054169e-01,1.519793e-02,5.137504e-02,0,0,1.311710e-05,-4.916344e-01,3.638507e-01,3.551070e-01,-8.835862e-01,-7.600740e-01,4.166086e-01,2.153834e+00,1.245431e+00,1.352963e+00,7.042409e-01,6.325110e-01,1.023422e+00,-2.886068e-02,0,0
8.939782e-04,-1.168828e+01,6.186360e+00,1.389121e+00,6.027449e+00,3.452835e+00,5.641359e+00,1.777455e+00,4.032733e+00,5.239313e+00,6.903304e+00,4.491175e-01,2.062163e+00,1.208824e-02,0,0,6.960239e-07,-6.992520e-01,-1.551841e-01,-1.487029e-01,-1.256549e+00,-1.229444e+00,8.956985e-02,2.758627e+00,1.218230e+00,2.084976e-01,2.117035e-01,6.188278e-01,6.774403e-01,-2.257480e-02,0,0
8.686483e-04,-1.305820e+01,5.287332e+00,3.688399e-02,3.216255e+00,1.258990e+00,5.060099e+00,5.096849e+00,5.259419e+00,4.243083e+00,6.140752e+00,3.316571e-01,1.490595e+00,3.928680e-03,0,0,-1.109587e-05,-6.262145e-01,-8.954504e-01,-9.749243e-01,-9.320099e-01,-3.355309e-01,-2.595782e-02,1.516223e+00,9.429475e-01,-7.174321e-01,-8.424115e-02,6.441371e-01,9.290072e-02,-1.106074e-02,0,0
8.351649e-04,-1.299628e+01,3.340982e+00,-1.595758e+00,3.757572e+00,2.897038e+00,4.243524e+00,4.850664e+00,6.226038e+00,2.417615e+00,6.754656e+00,1.145011e+00,1.447013e+00,1.813237e-03,0,0,-7.668952e-06,-2.090673e-01,-9.237620e-01,-1.050770e+00,2.107566e-01,1.060640e+00,5.489248e-01,1.366318e-01,-4.788494e-03,-1.316896e+00,-5.838925e-01,4.934566e-02,-6.012801e-01,2.689634e-03,0,0
8.380340e-04,-1.329562e+01,2.225348e+00,-2.981503e+00,4.307899e+00,4.983551e+00,5.598583e+00,3.068469e+00,4.989946e+00,5.667707e-01,6.220444e+00,2.567322e+00,7.872763e-01,1.208824e-03,0,0,3.152579e-06,1.171023e-01,-1.912562e-01,-3.333427e-01,6.777496e-01,1.059547e+00,1.303232e+00,-6.283880e-01,-4.258072e-01,-5.030123e-01,-5.699632e-01,-5.320228e-01,-5.082179e-01,1.223935e-02,0,0
8.709406e-04,-1.261491e+01,3.098542e+00,-2.355535e+00,6.535410e+00,6.893754e+00,8.116741e+00,3.474804e+00,4.143528e+00,4.929908e-01,3.943995e+00,-4.219866e-01,-5.925779e-01,2.689634e-02,0,0,7.475272e-06,2.079664e-01,5.232962e-01,4.543830e-01,6.125307e-01,7.608428e-02,1.337176e+00,-5.207375e-01,-5.333866e-01,-7.981782e-02,-9.080337e-01,-1.311697e+00,-3.696764e-01,1.595648e-02,0,0
8.665234e-04,-1.266338e+01,4.452271e+00,-1.249941e+00,5.216084e+00,4.558366e+00,9.639648e+00,2.642839e+00,4.171638e+00,2.690334e+00,4.696267e+00,-1.544958e+00,-3.069830e-02,5.258386e-02,0,0,4.211848e-06,1.760201e-01,6.077818e-01,7.418727e-01,3.276576e-01,-8.258669e-01,3.353570e-01,-8.275030e-01,-1.577820e-01,6.060268e-01,-3.981704e-01,-1.157127e+00,5.235677e-02,8.582653e-03,0,0
8.582966e-04,-1.227257e+01,4.844002e+00,-1.896241e-01,6.366133e+00,3.490052e+00,8.908873e+00,2.459791e+00,3.968259e+00,9.567444e-01,2.976576e+00,-3.357334e+00,7.618887e-03,5.590813e-02,0,0,2.527039e-06,5.453072e-02,3.472485e-01,7.481503e-01,1.474753e-01,-1.154793e+00,-9.634714e-01,-9.586763e-01,1.923337e-02,5.558320e-01,-4.832200e-01,-3.862681e-01,3.039837e-01,-4.533091e-03,0,0
8.654153e-04,-1.258669e+01,4.391527e+00,-3.550948e-01,6.030825e+00,2.556067e+00,6.879303e+00,-5.615396e-01,4.288670e+00,3.365028e+00,4.713301e+00,-1.750641e+00,7.489617e-01,2.961620e-02,0,0,2.929219e-06,1.041603e-02,1.761557e-01,5.165902e-01,-1.604433e-01,-9.297798e-01,-1.592845e+00,-6.953613e-01,-1.102075e-01,3.526827e-01,-8.655039e-01,1.612424e-01,4.542941e-01,-9.459050e-03,0,0
8.841298e-04,-1.238060e+01,4.865157e+00,9.377930e-01,6.865416e+00,2.120939e+00,4.679557e+00,2.836116e-01,4.181179e+00,2.934804e+00,1.519378e+00,-2.250486e+00,5.375105e-01,1.571472e-02,0,0,-1.473038e-06,-9.005356e-03,2.237213e-01,2.919027e-01,-6.767271e-01,-8.276356e-01,-1.115179e+00,2.876660e-02,-4.419572e-01,-9.544015e-02,-7.896450e-01,3.548438e-01,4.575896e-01,-3.868238e-03,0,0
8.682529e-04,-1.255728e+01,5.322472e+00,7.693014e-01,4.164227e+00,5.940238e-01,3.790080e+00,2.541225e-01,3.514141e+00,3.464718e+00,1.097346e+00,-1.292171e+00,1.975827e+00,2.538531e-02,0,0,-6.318616e-06,3.869448e-02,1.031557e-01,-1.108076e-01,-4.230996e-01,-4.142842e-01,-8.451902e-01,7.999243e-01,-6.616853e-01,-7.429857e-01,-7.044553e-01,1.204140e-01,1.028285e-01,4.774857e-03,0,0
8.495126e-04,-1.233229e+01,5.497136e+00,7.076915e-01,3.915797e+00,3.328962e-01,4.877591e+00,2.195793e+00,2.145737e+00,4.296987e-01,8.363285e-01,-1.812351e+00,1.682134e+00,3.868238e-02,0,0,-8.519698e-06,-1.014045e-01,-4.988859e-01,-4.613587e-01,4.566495e-01,2.622024e-01,-6.702687e-01,9.874531e-01,-2.920393e-01,-3.975804e-01,4.489534e-01,4.038494e-01,-4.380457e-01,8.189785e-03,0,0
8.511308e-04,-1.241737e+01,4.591316e+00,-7.940819e-01,5.390137e+00,1.378668e+00,2.554335e+00,2.481991e+00,1.997964e+00,9.026523e-01,1.532549e+00,-1.367639e+00,6.907923e-01,4.200665e-02,0,0,-8.218951e-06,-2.569492e-01,-8.354446e-01,-2.406830e-01,1.239747e+00,5.336151e-01,-9.186342e-01,7.071317e-01,8.831952e-02,-2.123030e-01,7.768137e-01,7.276919e-01,-7.059838e-01,7.736475e-03,0,0
8.500924e-04,-1.295758e+01,2.736305e+00,-5.873088e-01,8.535708e+00,3.039629e+00,1.946087e+00,4.106943e+00,3.479071e+00,2.227934e+00,3.546543e+00,-1.935047e-01,-1.010201e+00,4.835298e-02,0,0,-9.665685e-06,-3.714744e-01,-6.862971e-01,1.285234e-01,6.687762e-01,5.652239e-01,-5.650762e-01,2.543585e-02,4.638334e-01,-4.393562e-01,5.709057e-01,8.733969e-01,-3.934014e-01,5.167724e-03,0,0
8.268682e-04,-1.352939e+01,2.525664e+00,2.133866e-01,8.053004e+00,1.908733e+00,6.626610e-01,2.834206e+00,3.289072e+00,1.504086e+00,3.626307e+00,1.536866e+00,-2.079243e-01,5.923240e-02,0,0,-1.931918e-06,-8.765621e-02,-4.937264e-01,1.775333e-01,-3.504180e-01,1.262110e-01,3.040658e-02,-3.942455e-01,4.148912e-01,-1.344933e+00,2.503137e-01,7.911607e-01,2.091949e-01,1.118162e-03,0,0
8.133154e-04,-1.363366e+01,3.098476e+00,8.465740e-01,5.928244e+00,2.893983e+00,2.998047e+00,2.146865e+00,3.819350e+00,-2.067799e+00,2.643978e+00,1.102381e+00,1.644854e-01,5.590813e-02,0,0,2.088202e-05,4.684706e-01,-8.578995e-01,-4.001514e-01,-6.899901e-01,-1.874043e-01,-1.544303e-01,-1.523458e-01,2.748814e-01,-1.580224e+00,8.282478e-02,6.263454e-01,5.987352e-01,-6.316108e-03,0,0
8.598597e-04,-1.251761e+01,1.941598e+00,-6.233566e-01,4.941779e+00,2.082546e+00,2.180388e+00,1.490802e+00,3.902280e+00,-3.674148e+00,3.235400e+00,1.940221e+00,1.149424e+00,4.381989e-02,0,0,8.642767e-05,1.204645e-01,-1.846842e+00,-7.499713e-01,3.211841e-01,-3.369321e-01,-1.114106e+00,1.106530e+00,2.066281e-01,-7.222357e-01,7.606384e-01,1.074077e+00,4.957150e-01,-7.736476e-03,0,0
9.380067e-04,-1.112112e+01,-1.261159e+00,-2.169694e+00,6.641371e+00,2.015701e+00,4.150719e-01,4.016915e+00,4.546874e+00,-3.084070e+00,4.156121e+00,2.736545e+00,1.304801e+00,2.447869e-02,0,0,2.547984e-04,-1.208175e+00,-2.488665e+00,-8.729097e-02,1.501042e+00,-8.648179e-01,-2.385942e+00,2.378356e+00,1.140767e-01,3.037227e-01,1.028297e+00,1.809285e+00,4.511786e-01,1.480811e-03,0,4.942014e-02
1.196661e-03,-1.418333e+01,-4.528728e+00,-2.028336e+00,9.302361e+00,6.632139e-01,-3.616381e+00,7.431833e+00,3.958451e+00,-1.598957e+00,6.673428e+00,6.090171e+00,1.700493e+00,3.626473e-02,0,0,4.849412e-04,-2.862038e+00,-2.550831e+00,1.216612e+00,2.303921e+00,-9.301903e-01,-2.583130e+00,2.602374e+00,-3.898007e-01,7.387516e-01,5.618908e-01,1.725160e+00,-3.725587e-01,1.489876e-02,0,7.413022e-02
1.918907e-03,-1.884167e+01,-6.109688e+00,1.112609e+00,1.125316e+01,-7.204403e-01,-6.033277e+00,1.106813e+01,4.361648e+00,-1.586781e+00,6.066448e+00,8.073831e+00,2.144844e+00,6.708976e-02,0,2.471007e-01,6.020227e-04,-2.987645e+00,-2.185913e+00,1.816556e+00,2.220946e+00,-9.734173e-01,-2.039588e+00,1.311805e+00,-8.659753e-01,9.083052e-01,9.219227e-02,9.670954e-01,-1.060951e+00,2.039891e-02,0,1.253384e-01
2.794116e-03,-2.296752e+01,-8.388292e+00,3.818551e+00,1.415549e+01,-1.200335e+00,-7.511090e+00,1.097707e+01,2.045889e+00,-7.290347e-01,5.089691e+00,7.897378e+00,-1.133391e+00,9.700816e-02,0,2.471007e-01,4.018394e-04,-1.124123e+00,-1.781890e+00,1.202398e+00,1.847905e+00,-5.588334e-01,-1.149252e+00,-1.075979e+00,-1.202623e+00,1.149680e+00,-3.475067e-01,-8.160993e-01,-1.490928e+00,9.791477e-03,0,1.198494e-01
3.149393e-03,-2.166725e+01,-1.026094e+01,3.989641e+00,1.531954e+01,-1.919611e+00,-7.835514e+00,8.803323e+00,1.173278e+00,1.022495e+00,5.408951e+00,6.668418e+00,-2.583014e+00,9.610154e-02,0,5.031415e-01,-5.520168e-05,1.404465e+00,-5.518507e-01,5.147451e-01,1.254113e+00,-4.334744e-01,-4.163365e-01,-2.296871e+00,-4.436549e-01,1.601413e+00,3.251652e-01,-2.149041e+00,-1.095984e+00,-7.283168e-03,0,6.723779e-02
2.590615e-03,-1.839116e+01,-1.136255e+01,2.545139e+00,1.650870e+01,-1.531368e+00,-8.461524e+00,3.184340e+00,-4.604785e-01,2.844803e+00,5.264643e+00,2.712381e+00,-3.390218e+00,7.071622e-02,0,4.712267e-01,-3.946684e-04,3.768367e+00,8.318300e-01,-2.134298e-01,3.716357e-01,-8.069989e-01,3.970022e-02,-2.073403e+00,6.899400e-01,1.794715e+00,5.909262e-01,-2.880756e+00,5.177291e-01,-1.852524e-02,0,2.839268e-02
1.744649e-03,-1.410752e+01,-7.381812e+00,4.323040e+00,1.634712e+01,-2.722296e+00,-7.639742e+00,3.480136e+00,3.396558e+00,4.633366e+00,7.604797e+00,-7.887554e-02,-2.206665e+00,4.381989e-02,0,4.712267e-01,-3.096322e-04,4.999188e+00,1.760190e+00,-6.326237e-01,-4.337114e-01,-1.364421e+00,-2.238391e-01,-1.211963e+00,1.551756e+00,1.832619e+00,3.163554e-01,-2.289312e+00,1.902702e+00,-1.828347e-02,0,-3.130799e-02
1.523145e-03,-7.905548e+00,-5.668706e+00,2.584702e+00,1.549987e+01,-4.833987e+00,-7.410474e+00,3.271642e+00,4.383949e+00,6.439104e+00,6.946398e+00,-3.132755e+00,1.267079e+00,3.052282e-02,0,4.050215e-01,4.893518e-07,5.212730e+00,1.464108e+00,-1.407821e+00,-1.193928e+00,-1.873636e+00,-6.904579e-01,-7.594037e-01,1.974187e+00,1.657391e+00,-3.036799e-01,-7.360597e-01,3.126441e+00,-1.145361e-02,0,1.080492e-02
2.134966e-03,-1.914115e+00,-4.306911e+00,8.067408e-01,1.365539e+01,-7.090405e+00,-9.480234e+00,2.699858e+00,6.509841e+00,8.388438e+00,6.149850e+00,-1.855574e+00,4.601848e+00,2.478090e-02,0,3.797041e-01,1.851323e-04,3.977337e+00,6.271274e-01,-1.581486e+00,-1.293766e+00,-1.849232e+00,-8.548750e-01,-1.152944e+00,1.612902e+00,1.082607e+00,-1.183838e+00,5.502971e-01,3.076124e+00,-5.288607e-03,0,3.436373e-02
2.397903e-03,1.575786e+00,-5.579460e+00,-2.735817e+00,1.188493e+01,-8.715493e+00,-1.099357e+01,-2.225386e-01,7.853816e+00,9.254222e+00,4.473717e+00,-7.956851e-02,8.837729e+00,2.296766e-02,0,5.710126e-01,1.654755e-05,1.562241e+00,7.830492e-01,-2.639320e-01,-8.003778e-01,-1.177862e+00,1.689781e-01,-4.075085e-01,1.670952e+00,4.176314e-01,-8.633561e-01,9.950921e-01,1.938251e+00,-1.873678e-03,0,4.292434e-02
2.232932e-03,1.038494e+00,-4.290798e+00,-9.241285e-01,1.168577e+01,-1.002770e+01,-1.012257e+01,-5.374946e-01,9.726135e+00,8.638843e+00,2.921949e+00,1.146017e+00,9.388629e+00,2.115443e-02,0,5.600498e-01,-2.369867e-04,-8.822703e-01,1.090008e+00,1.048018e+00,1.731487e-01,2.702656e-02,1.006873e+00,8.256643e-01,1.354313e+00,-1.038118e-01,-2.503833e-01,8.394433e-01,9.731060e-01,3.626473e-04,0,1.914515e-02
1.556901e-03,-1.570648e+00,-1.761517e+00,2.130477e+00,1.248280e+01,-9.254645e+00,-6.244415e+00,2.852776e+00,1.113056e+01,8.402059e+00,4.243568e+00,3.419107e-01,8.564944e+00,2.296766e-02,0,5.294704e-01,-2.342955e-04,-2.818193e+00,1.618908e+00,1.566801e+00,5.637747e-01,1.611051e+00,4.640252e-01,1.773769e+00,1.305203e+00,-4.485324e-01,9.525111e-01,1.011283e+00,1.106798e-01,4.714415e-03,0,-2.181554e-02
1.370534e-03,-4.752250e+00,-7.658402e-01,3.613681e+00,1.422220e+01,-6.685696e+00,-6.820445e+00,5.290522e+00,1.164303e+01,8.295461e+00,5.013008e+00,2.130903e+00,9.603770e+00,2.659414e-02,0,4.962009e-01,1.542564e-04,-3.943873e+00,1.413818e+00,3.648351e-01,3.807274e-01,3.084342e+00,-1.521018e+00,1.542763e+00,6.438161e-01,-8.904711e-01,1.992648e+00,1.499802e+00,-3.667908e-01,1.514053e-02,0,-4.865704e-02
1.657624e-03,-9.619805e+00,7.526013e-01,2.829284e+00,1.343558e+01,-2.331243e+00,-1.032450e+01,5.732299e+00,1.342138e+01,7.183251e+00,8.190743e+00,4.484403e+00,9.283558e+00,4.381989e-02,0,4.938593e-01,9.784357e-04,-4.561403e+00,1.466936e+00,-1.304511e+00,-3.098221e-01,3.601987e+00,-3.702558e+00,5.843331e-01,-6.987856e-01,-1.160414e+00,2.136631e+00,1.312225e+00,-1.207746e+00,2.997885e-02,0,-8.675092e-02
2.953852e-03,-1.465629e+01,1.521235e+00,5.506439e-01,1.311301e+01,1.932306e+00,-1.568761e+01,5.736557e+00,1.179980e+01,4.795891e+00,1.091160e+01,6.573781e+00,7.195368e+00,8.643094e-02,0,3.345702e-01,1.928383e-03,-4.621980e+00,1.795223e+00,-2.405329e+00,-9.377972e-01,3.003426e+00,-4.060290e+00,2.908775e-01,-2.182084e+00,-9.501937e-01,2.105504e+00,3.967778e-01,-2.066334e+00,4.152312e-02,0,-1.309730e-01
5.657421e-03,-1.942564e+01,4.429625e+00,-2.860560e+00,1.148828e+01,4.446292e+00,-2.032362e+01,5.551424e+00,7.558248e+00,4.349774e+00,1.197742e+01,4.681597e+00,3.730416e+00,1.429435e-01,0,1.765311e-01,2.545009e-03,-3.749469e+00,1.968089e+00,-2.880234e+00,-1.173873e+00,1.621239e+00,-3.548717e+00,4.710532e-01,-2.914127e+00,-4.094758e-01,9.737324e-01,-7.561616e-01,-1.979080e+00,4.082804e-02,0,-1.322289e-01
9.012553e-03,-2.295923e+01,6.371764e+00,-5.568043e+00,1.050686e+01,4.942669e+00,-2.212234e+01,6.835348e+00,3.664180e+00,4.961231e+00,1.364719e+01,4.016195e+00,2.048670e+00,1.846479e-01,0,0,2.315910e-03,-2.390718e+00,1.685553e+00,-2.777023e+00,-1.310216e+00,6.562051e-01,-1.878540e+00,8.266226e-01,-1.927773e+00,-3.806928e-01,-1.847048e-01,-1.222380e+00,-1.272694e+00,2.940465e-02,0,-8.456715e-02
1.135332e-02,-2.421568e+01,8.167781e+00,-8.512542e+00,8.869288e+00,4.269771e+00,-2.485073e+01,7.538170e+00,2.918560e+00,5.053202e+00,1.169161e+01,1.982388e+00,1.961507e+00,1.988516e-01,0,0,1.392204e-03,-5.018185e-01,1.038813e+00,-2.560048e+00,-1.241181e+00,3.885856e-01,3.204918e-02,9.295694e-01,-8.418953e-01,-1.223587e+00,-1.398580e+00,-1.044114e+00,-1.138257e-01,1.501964e-02,0,-3.530623e-02
1.168545e-02,-2.421486e+01,8.079923e+00,-1.050848e+01,7.871431e+00,5.301592e+00,-2.281676e+01,8.876297e+00,4.480783e+00,2.540713e+00,1.013098e+01,1.811484e+00,1.716355e+00,2.055001e-01,0,0,4.245607e-04,1.080055e+00,6.977791e-01,-2.376546e+00,-1.274245e+00,4.697696e-01,2.001215e+00,1.020181e+00,-3.383965e-01,-1.954054e+00,-2.017707e+00,-7.867896e-01,6.093834e-01,6.799644e-03,0,0
1.128199e-02,-2.130692e+01,8.769611e+00,-1.319058e+01,6.600096e+00,6.209759e+00,-1.981616e+01,9.178796e+00,2.940470e+00,-5.579038e-01,6.742629e+00,5.633822e-01,3.327445e+00,2.076156e-01,0,0,-1.267552e-04,1.501996e+00,5.088741e-01,-1.866157e+00,-8.811975e-01,4.090260e-01,2.833532e+00,8.453158e-01,-7.349120e-01,-1.794270e+00,-1.491359e+00,-2.503472e-01,1.255160e+00,5.530378e-03,0,0
1.117102e-02,-1.901333e+01,9.559744e+00,-1.511175e+01,5.270236e+00,6.321523e+00,-1.463354e+01,1.111594e+01,1.961242e+00,-2.003488e+00,6.033144e+00,7.917498e-01,4.412618e+00,2.142641e-01,0,0,-4.523788e-04,7.819802e-01,3.398815e-01,-6.889016e-01,-7.859793e-02,-1.918732e-01,1.991910e+00,4.548859e-01,-1.039934e+00,-9.426767e-02,-4.745851e-01,4.585188e-01,9.648089e-01,6.769419e-03,0,0
1.097676e-02,-1.930647e+01,9.972240e+00,-1.554169e+01,5.763898e+00,5.804935e+00,-1.477467e+01,1.064493e+01,5.037704e-01,-1.646046e+00,6.283739e+00,1.240519e+00,6.889177e+00,2.221215e-01,0,0,-1.065281e-03,-4.540302e-01,-2.594245e-01,9.103600e-01,8.996914e-01,-4.841339e-01,1.099857e+00,-4.169221e-01,-6.985112e-01,1.373293e+00,1.690821e-01,9.041675e-01,1.008562e-01,2.870955e-03,0,0
9.576175e-03,-2.130519e+01,9.178016e+00,-1.277743e+01,7.896540e+00,4.544638e+00,-1.537796e+01,1.041766e+01,4.994630e-01,2.613446e+00,7.987503e+00,3.765509e+00,4.759533e+00,2.320943e-01,0,0,-1.798006e-03,-6.663681e-01,-6.469291e-01,2.198768e+00,1.238183e+00,-4.010413e-01,1.069798e+00,-1.075680e+00,6.585592e-03,1.685305e+00,-6.667604e-02,6.701862e-01,-4.565164e-01,-8.159569e-03,0,0
6.753005e-03,-2.243115e+01,7.663353e+00,-9.805942e+00,9.785401e+00,4.677532e+00,-1.394467e+01,7.443325e+00,1.788042e-01,4.000095e+00,6.610859e+00,3.597340e+00,3.658268e+00,2.130553e-01,0,0,-2.192487e-03,-4.503021e-02,-7.342290e-01,2.707474e+00,9.785738e-01,-1.151743e-02,2.041977e+00,-9.955052e-01,3.068199e-01,6.045195e-01,-7.261816e-01,-2.874479e-01,-6.019359e-01,-2.251435e-02,0,0
4.292868e-03,-2.078284e+01,7.479542e+00,-6.985787e+00,9.450398e+00,4.880019e+00,-9.699558e+00,7.338340e+00,2.156653e+00,3.599966e+00,5.536203e+00,2.964270e+00,3.745490e+00,1.779994e-01,0,0,-1.874426e-03,6.445093e-01,-4.851431e-01,2.383982e+00,4.028817e-01,1.211166e-01,2.259712e+00,-5.454367e-01,1.735919e-01,-8.539370e-01,-9.139911e-01,-1.028957e+00,5.953263e-01,-3.297069e-02,0,0
2.655977e-03,-1.979279e+01,7.150332e+00,-4.900143e+00,9.879838e+00,5.579658e+00,-7.403986e+00,7.207062e+00,1.209275e+00,8.832914e-01,3.878480e+00,2.038991e-01,4.386519e+00,1.365972e-01,0,0,-1.104275e-03,1.040532e+00,-4.674878e-01,1.192769e+00,-2.992096e-02,-1.752589e-01,1.472220e+00,6.436942e-01,4.552642e-01,-7.457867e-01,-3.548098e-01,-1.164706e+00,7.362979e-01,-3.789664e-02,0,0
2.252560e-03,-1.940182e+01,7.008811e+00,-3.310425e+00,9.863730e+00,4.699158e+00,-7.349737e+00,7.808609e+00,8.521875e-01,-9.783697e-02,4.783737e+00,3.174454e-01,7.372040e+00,1.054699e-01,0,0,-3.876669e-04,2.007844e+00,-6.383303e-01,-8.171043e-01,-4.532045e-01,-6.381179e-01,-3.317784e-01,5.079414e-01,7.644216e-01,-7.886882e-02,1.176650e-01,-1.228900e+00,2.773532e-01,-3.825929e-02,0,4.169061e-02
2.251781e-03,-1.791900e+01,5.561280e+00,-5.679779e+00,9.429131e+00,3.891667e+00,-7.758482e+00,1.042666e+01,3.107358e+00,2.120063e+00,5.213044e+00,-9.027781e-01,5.526483e+00,5.983680e-02,0,0,5.816844e-04,3.933278e+00,-1.152507e+00,-3.277017e+00,-9.875017e-01,-1.200205e+00,-1.708626e+00,-3.684936e-01,1.343605e+00,1.264731e+00,2.362797e-01,-5.949470e-01,-1.313415e+00,-3.348444e-02,9.174473e+00,1.106832e-01
2.556631e-03,-1.168051e+01,5.082417e+00,-1.068149e+01,7.409729e+00,2.533425e+00,-1.118120e+01,8.268248e+00,5.029720e+00,2.587236e+00,5.457246e+00,-2.626891e+00,4.562274e+00,2.508310e-02,0,2.084530e-01,2.041824e-03,5.583335e+00,-2.169261e+00,-4.639572e+00,-1.501318e+00,-1.660776e+00,-2.000090e+00,-2.157676e+00,7.454211e-01,1.974432e+00,-3.895654e-01,6.998881e-02,-3.155112e+00,-2.233303e-02,2.307291e+01,1.850267e-01
5.412364e-03,-3.987054e+00,2.350993e+00,-1.759970e+01,6.169330e+00,6.614977e-01,-1.403138e+01,5.134775e+00,5.838533e+00,5.864412e+00,4.723124e+00,-1.298667e+00,-7.756745e-01,9.368389e-03,4.587236e+01,4.491893e-01,3.886443e-03,5.501725e+00,-3.568386e+00,-4.396689e+00,-1.977197e+00,-1.903257e+00,-5.286328e-01,-3.058205e+00,4.379089e-02,2.094486e+00,-7.591144e-01,1.178993e+00,-4.099049e+00,-7.252945e-03,3.690930e+01,1.975432e-01
1.088139e-02,1.548888e+00,-2.232353e+00,-2.054833e+01,3.987042e+00,-1.989638e+00,-1.421374e+01,-3.338288e-01,3.213705e+00,7.902149e+00,3.080869e+00,8.653341e-01,-5.252441e+00,1.903898e-02,9.242837e+01,7.005389e-01,5.139314e-03,3.532765e+00,-4.535605e+00,-2.723246e+00,-2.488242e+00,-1.327254e+00,2.276446e+00,-2.363958e+00,-2.043761e-01,1.527836e+00,-8.890972e-01,1.843211e+00,-4.729378e+00,2.931400e-03,3.675570e+01,1.384582e-01
1.752162e-02,2.974926e+00,-8.623265e+00,-2.272981e+01,1.254490e+00,-3.363088e+00,-8.885379e+00,-5.633242e-01,4.234320e+00,9.935037e+00,2.605660e+00,3.246077e+00,-1.006140e+01,2.659414e-02,1.383323e+02,7.416732e-01,4.593913e-03,1.480547e+00,-3.999275e+00,-8.971441e-01,-2.904143e+00,-3.351895e-01,4.378488e+00,-1.029562e+00,-9.369667e-02,-5.951099e-02,-5.670952e-01,1.789467e+00,-3.999596e+00,5.802357e-03,2.260140e+01,6.773886e-02
2.219857e-02,2.502323e+00,-1.210848e+01,-2.173267e+01,-2.574062e+00,-2.090552e+00,-2.371975e+00,-7.024941e-01,4.809946e+00,8.191102e+00,2.070493e+00,4.316791e+00,-1.444175e+01,3.112723e-02,1.375485e+02,7.545023e-01,3.082900e-03,3.858361e-01,-2.483976e+00,-2.267124e-01,-2.789655e+00,7.558446e-01,4.801454e+00,2.538143e-02,1.102182e-01,-1.152900e+00,-2.522158e-01,1.510406e+00,-2.764482e+00,3.173164e-03,8.518303e+00,1.447546e-02
2.272334e-02,2.938961e+00,-1.270732e+01,-2.149325e+01,-5.070833e+00,-9.639930e-01,1.940172e+00,1.712991e-01,4.571929e+00,5.422380e+00,2.392837e+00,5.922937e+00,-1.617900e+01,3.233605e-02,1.363193e+02,7.609019e-01,9.733075e-04,2.518838e-01,-7.609020e-01,9.713764e-02,-2.216526e+00,8.946795e-01,3.382691e+00,1.412302e-01,-2.615336e-01,-1.520652e+00,9.133427e-02,1.024321e+00,-1.033114e+00,8.763977e-04,-4.583618e-01,3.495049e-03
2.369503e-02,3.496051e+00,-1.261021e+01,-2.230017e+01,-6.798573e+00,5.900378e-01,4.380758e+00,-5.742332e-01,3.595991e+00,4.393978e+00,1.926202e+00,7.078934e+00,-1.601605e+01,3.203385e-02,1.360264e+02,7.633018e-01,-5.864041e-04,-1.411392e-01,2.339328e-01,1.704559e-01,-1.349838e+00,5.548804e-01,1.752755e+00,2.413770e-01,-3.122640e-01,-5.659605e-01,9.612305e-01,4.417770e-01,4.977023e-01,4.170445e-03,5.300780e+00,-8.301467e-03
2.163993e-02,3.737481e+00,-1.217691e+01,-2.196037e+01,-7.715884e+00,-2.299847e-01,4.651709e+00,7.869650e-02,3.533630e+00,4.230340e+00,3.134476e+00,6.986612e+00,-1.443982e+01,3.052282e-02,1.368016e+02,7.547486e-01,-2.095817e-03,-8.978715e-01,9.610964e-01,8.129025e-01,-7.345697e-01,1.955414e-01,8.224052e-01,3.427047e-01,-1.321539e-01,3.806440e-01,1.442160e+00,-7.612563e-01,1.579335e+00,1.084920e-02,1.480482e+01,-1.531711e-02
1.980826e-02,1.397367e+00,-1.120402e+01,-2.064683e+01,-8.000728e+00,3.168460e-01,5.036029e+00,5.506918e-01,3.767776e+00,5.957320e+00,6.505825e+00,5.993839e+00,-1.282283e+01,5.288607e-02,1.638113e+02,7.160716e-01,-3.047490e-03,-1.196281e+00,1.303474e+00,1.189912e+00,-1.712430e-01,-2.045997e-01,3.904646e-01,4.987196e-01,1.524290e-01,7.321708e-01,1.504679e+00,-1.503395e+00,1.966016e+00,1.489876e-02,2.420954e+01,-2.190005e-02
1.418764e-02,-5.010547e-01,-8.604930e+00,-1.825541e+01,-8.142604e+00,1.503100e-01,5.724563e+00,1.322360e+00,3.825268e+00,6.543930e+00,7.313826e+00,2.659204e+00,-9.878936e+00,7.615594e-02,1.964510e+02,7.079315e-01,-2.812251e-03,-4.928541e-01,1.166961e+00,7.883641e-01,2.052725e-01,-4.921212e-01,1.475461e-01,1.489971e-01,3.025610e-01,3.449554e-01,5.425681e-01,-1.425099e+00,1.782043e+00,1.045633e-02,2.529852e+01,-2.035012e-02
1.218372e-02,-3.660865e-01,-7.878832e+00,-1.820309e+01,-7.441428e+00,-6.231082e-01,5.796654e+00,1.297533e+00,4.212317e+00,6.898037e+00,7.359924e+00,1.725662e+00,-8.466418e+00,8.371109e-02,2.272494e+02,6.772102e-01,-1.724377e-03,7.306923e-01,3.741342e-01,7.152767e-02,4.813672e-01,-1.047783e+00,-2.762381e-01,-1.548777e-01,5.495933e-01,-3.742606e-01,-4.035854e-01,-3.514740e-01,9.524822e-01,-1.299486e-03,1.674747e+01,-1.819007e-02
1.139094e-02,2.154938e+00,-8.004701e+00,-1.924042e+01,-6.969171e+00,-2.220614e+00,5.009127e+00,4.502611e-01,4.824164e+00,5.484759e+00,5.420267e+00,1.995204e+00,-7.707813e+00,6.739196e-02,2.315751e+02,6.724288e-01,-2.804840e-04,1.253669e+00,-3.811699e-01,-4.676147e-01,5.184811e-01,-1.088733e+00,-5.208110e-01,-3.305195e-01,6.186029e-01,-6.139090e-01,-5.683544e-01,6.661337e-01,7.863474e-02,-8.371109e-03,6.980836e+00,-1.644553e-02
1.258472e-02,3.722832e+00,-9.633464e+00,-1.979668e+01,-6.180608e+00,-3.736605e+00,4.012557e+00,2.123528e-01,6.016294e+00,4.615602e+00,5.434677e+00,4.568469e+00,-9.145981e+00,5.077063e-02,2.299866e+02,6.428726e-01,1.995770e-04,9.745733e-01,-5.138026e-01,-3.743454e-01,3.310202e-01,-7.742986e-01,-4.564764e-01,-2.408269e-01,4.800084e-01,-5.434027e-01,-3.836084e-01,8.258879e-01,-2.797293e-01,-8.250226e-03,3.885773e-01,-9.823119e-03
