pcm_RMSenergy_sma,pcm_fftMag_mfcc_sma[1],pcm_fftMag_mfcc_sma[2],pcm_fftMag_mfcc_sma[3],pcm_fftMag_mfcc_sma[4],pcm_fftMag_mfcc_sma[5],pcm_fftMag_mfcc_sma[6],pcm_fftMag_mfcc_sma[7],pcm_fftMag_mfcc_sma[8],pcm_fftMag_mfcc_sma[9],pcm_fftMag_mfcc_sma[10],pcm_fftMag_mfcc_sma[11],pcm_fftMag_mfcc_sma[12],pcm_zcr_sma,F0final_sma,voicingFinalUnclipped_sma,pcm_RMSenergy_sma_de,pcm_fftMag_mfcc_sma_de[1],pcm_fftMag_mfcc_sma_de[2],pcm_fftMag_mfcc_sma_de[3],pcm_fftMag_mfcc_sma_de[4],pcm_fftMag_mfcc_sma_de[5],pcm_fftMag_mfcc_sma_de[6],pcm_fftMag_mfcc_sma_de[7],pcm_fftMag_mfcc_sma_de[8],pcm_fftMag_mfcc_sma_de[9],pcm_fftMag_mfcc_sma_de[10],pcm_fftMag_mfcc_sma_de[11],pcm_fftMag_mfcc_sma_de[12],pcm_zcr_sma_de,F0final_sma_de,voicingFinalUnclipped_sma_de
4.697429e-03,-7.406615e+00,-5.917255e+00,-2.542251e+00,-1.759286e+01,-1.624303e+01,-1.346013e+01,2.424010e+00,-6.507696e+00,-4.682178e+00,6.664608e+00,-1.495153e+01,-3.555259e-01,2.266546e-02,2.160249e+02,7.799086e-01,-3.964351e-04,4.731522e-01,9.710897e-01,6.927656e-01,1.208667e+00,2.029077e-01,3.529792e-01,-1.675818e+00,-7.932950e-01,-5.749949e-01,-1.009055e+00,3.847087e-01,7.632860e-01,-5.439710e-04,3.330200e-01,-8.194620e-03
3.890159e-03,-6.594304e+00,-4.096526e+00,-1.115540e+00,-1.503828e+01,-1.566895e+01,-1.272424e+01,-9.739881e-01,-8.365520e+00,-5.194797e+00,4.975815e+00,-1.431146e+01,1.326351e+00,2.145663e-02,2.156756e+02,7.592216e-01,-5.508991e-04,7.057530e-01,1.616573e+00,8.635038e-01,2.072666e+00,2.615786e-01,2.847573e-01,-2.465341e+00,-5.450330e-01,-6.968721e-01,-1.631962e+00,8.150941e-01,9.286979e-01,1.511030e-04,1.101535e+00,-9.899681e-03
3.118889e-03,-5.447010e+00,-1.972171e+00,2.082222e-01,-1.282682e+01,-1.551553e+01,-1.206318e+01,-4.256081e+00,-9.545259e+00,-7.300844e+00,2.463730e+00,-1.334802e+01,2.619966e+00,2.055001e-02,2.178646e+02,7.492790e-01,-5.195139e-04,6.205379e-01,1.874339e+00,7.757477e-01,2.285264e+00,5.138254e-02,-1.317063e-01,-2.215411e+00,5.832748e-01,-2.466360e-01,-1.656671e+00,9.902075e-01,6.406518e-01,1.631913e-03,1.971083e+00,-6.629235e-03
2.732204e-03,-4.857652e+00,1.930674e-01,4.000320e-01,-9.612552e+00,-1.529889e+01,-1.273481e+01,-6.562651e+00,-7.714079e+00,-6.857206e+00,6.052362e-01,-1.167781e+01,2.800218e+00,2.447869e-02,2.206127e+02,7.457250e-01,-3.151254e-04,1.982493e-01,1.550523e+00,3.221985e-01,1.998117e+00,-6.084805e-02,-7.258054e-01,-1.297402e+00,1.797552e+00,9.007354e-01,-7.769628e-01,9.005001e-01,2.514114e-01,2.931399e-03,2.141832e+00,-1.670778e-03
2.678837e-03,-5.172251e+00,1.309643e+00,5.787017e-01,-8.879405e+00,-1.617115e+01,-1.411337e+01,-5.858712e+00,-3.917042e+00,-5.084154e+00,5.665422e-01,-1.131732e+01,2.110800e+00,2.931399e-02,2.234117e+02,7.535107e-01,-1.579872e-04,-2.090950e-01,1.083629e+00,5.876512e-04,1.258196e+00,-1.007848e-01,-9.587232e-01,-4.812726e-01,1.886260e+00,1.673903e+00,1.998898e-01,6.903576e-01,8.134439e-02,2.357208e-03,1.453478e+00,1.753807e-04
2.534558e-03,-5.740437e+00,2.015180e+00,3.102130e-01,-7.021396e+00,-1.564538e+01,-1.532817e+01,-6.659681e+00,-2.191866e+00,-1.799465e+00,2.039595e+00,-1.082431e+01,2.837991e+00,3.173164e-02,2.236112e+02,7.487518e-01,-1.058209e-04,-2.259542e-01,5.210916e-01,-3.616984e-01,3.941311e-01,1.509946e-01,-5.821603e-01,-4.256949e-01,6.756598e-01,1.270973e+00,5.080125e-01,4.863681e-01,4.877382e-01,0,5.637223e-01,2.962947e-05
2.427776e-03,-6.051092e+00,2.534916e+00,2.560700e-01,-7.831416e+00,-1.584621e+01,-1.556012e+01,-6.613928e+00,-2.875067e+00,-1.460201e+00,2.746000e+00,-1.032299e+01,3.007801e+00,2.870958e-02,2.236327e+02,7.486425e-01,-1.028535e-04,-1.127100e-03,2.552160e-01,-6.129568e-01,-7.938399e-02,3.811468e-01,-1.098505e-01,-6.664723e-01,-7.473830e-01,5.088401e-01,3.158368e-01,4.025319e-01,8.961195e-01,-1.903898e-03,-1.243515e-01,2.711475e-04
2.328630e-03,-5.548003e+00,2.185888e+00,-1.247144e+00,-8.165891e+00,-1.470639e+01,-1.492224e+01,-8.313517e+00,-4.856768e+00,-2.314318e+00,2.055570e+00,-9.743137e+00,4.790408e+00,2.478090e-02,2.233208e+02,7.483072e-01,-8.320426e-05,1.034216e-01,1.538789e-01,-6.161066e-01,-1.938731e-01,3.893104e-01,1.970166e-01,-8.738003e-01,-1.473556e+00,6.352097e-02,-1.194189e-02,2.149496e-02,1.050175e+00,-2.115442e-03,-1.733475e-01,2.062285e-03
2.267534e-03,-5.274104e+00,2.500368e+00,-1.707404e+00,-8.704078e+00,-1.473492e+01,-1.486558e+01,-8.364156e+00,-6.321506e+00,-2.282527e+00,2.137739e+00,-9.845243e+00,5.615189e+00,2.326987e-02,2.229352e+02,7.550887e-01,-5.993103e-05,-3.200302e-02,2.526984e-01,-2.686651e-01,2.198260e-01,2.256294e-01,1.709922e-01,-8.482807e-01,-1.483183e+00,2.954667e-01,2.619589e-01,-3.486236e-01,7.079083e-01,-8.763980e-04,-1.677536e-01,2.713841e-03
2.198658e-03,-5.611823e+00,2.801848e+00,-1.788583e+00,-7.554430e+00,-1.425448e+01,-1.469035e+01,-1.015357e+01,-7.836424e+00,-1.070697e+00,2.284016e+00,-1.095571e+01,6.785172e+00,2.387428e-02,2.230932e+02,7.558401e-01,-3.612412e-05,-2.527528e-01,3.972426e-01,3.135229e-01,4.074752e-01,6.417494e-02,3.225746e-02,-4.268532e-01,-1.012295e+00,5.926981e-01,6.330343e-01,-6.015240e-01,5.570025e-02,2.115447e-04,-1.539993e-01,2.178544e-03
2.193107e-03,-6.179197e+00,3.490428e+00,-8.165362e-01,-7.038016e+00,-1.494402e+01,-1.482110e+01,-9.935306e+00,-8.801152e+00,-6.046773e-01,3.941571e+00,-1.145982e+01,5.549961e+00,2.478090e-02,2.229077e+02,7.584453e-01,-1.875851e-05,-2.222075e-01,3.442925e-01,6.232042e-01,4.601507e-01,3.437910e-01,-3.215656e-02,1.024408e-01,-7.034602e-02,3.517040e-01,8.033338e-01,-5.533832e-01,-3.266221e-01,7.252948e-04,-2.611908e-01,-4.074573e-05
2.185223e-03,-6.359220e+00,3.677071e+00,-1.249637e-01,-6.961545e+00,-1.428096e+01,-1.478320e+01,-9.662208e+00,-8.678418e+00,-1.897521e-01,4.318826e+00,-1.194347e+01,5.101523e+00,2.508311e-02,2.225645e+02,7.575217e-01,-7.085036e-06,-1.178155e-02,2.169970e-01,5.095111e-01,2.433766e-01,5.508689e-01,-1.895892e-01,7.063392e-01,8.133447e-01,-1.338726e-01,6.703663e-01,-7.987262e-01,-4.510320e-01,5.741919e-04,-5.106720e-01,-5.589902e-04
2.180459e-03,-6.011443e+00,3.784219e+00,5.768077e-01,-6.699767e+00,-1.300272e+01,-1.497994e+01,-8.097632e+00,-6.252239e+00,-9.644795e-01,5.137003e+00,-1.211828e+01,4.823903e+00,2.629193e-02,2.218936e+02,7.540442e-01,-8.657970e-06,1.101344e-01,-4.314518e-02,1.981441e-01,3.956695e-02,7.110307e-01,-1.186503e-01,3.963401e-01,1.308220e+00,-5.787165e-01,-2.749214e-02,-1.373912e+00,-3.367761e-01,3.324272e-04,-7.075852e-01,-9.892046e-04
2.169557e-03,-5.754608e+00,3.739938e+00,6.230088e-02,-6.506672e+00,-1.247078e+01,-1.555888e+01,-7.540710e+00,-5.044158e+00,-1.560159e+00,5.038132e+00,-1.462011e+01,4.893041e+00,2.598973e-02,2.210469e+02,7.552457e-01,-1.301486e-05,2.811461e-02,-3.049368e-01,-3.934862e-02,-4.532061e-02,5.800625e-01,1.941642e-01,-4.522360e-01,9.843912e-01,-7.316812e-01,-8.267190e-01,-1.421331e+00,-4.212092e-01,-9.066220e-05,-8.960556e-01,-1.955766e-03
2.157650e-03,-5.930831e+00,3.243269e+00,8.055186e-02,-7.067618e+00,-1.229395e+01,-1.502651e+01,-9.014354e+00,-4.077185e+00,-2.813056e+00,3.444457e+00,-1.699106e+01,3.970321e+00,2.598973e-02,2.201286e+02,7.546372e-01,3.476476e-05,5.699539e-03,-1.033365e+00,-4.883932e-01,-4.858464e-01,6.265448e-01,5.860385e-01,-1.492412e+00,9.346517e-01,-3.229427e-01,-1.505988e+00,-7.298511e-01,-3.250015e-01,-2.417654e-04,-1.061401e+00,-5.493134e-03
2.131553e-03,-6.258953e+00,2.422862e+00,-7.357889e-02,-7.004223e+00,-1.173503e+01,-1.378909e+01,-1.146503e+01,-4.843989e+00,-2.923870e+00,1.031504e+00,-1.661374e+01,3.422268e+00,2.478090e-02,2.189667e+02,7.474464e-01,1.517771e-04,1.298832e-01,-2.040303e+00,-1.317180e+00,-1.152790e+00,7.977692e-01,9.303821e-01,-1.573155e+00,1.380831e+00,7.537850e-01,-1.207634e+00,3.002931e-01,-4.462054e-01,9.066146e-05,-1.319859e+00,-7.250303e-03
2.373284e-03,-5.730772e+00,-7.240658e-01,-1.797218e+00,-8.880223e+00,-1.023787e+01,-1.293464e+01,-1.359753e+01,-1.679065e+00,-1.897338e+00,-3.896212e-01,-1.477072e+01,3.934282e+00,2.568752e-02,2.176267e+02,7.304782e-01,3.347635e-04,4.326473e-01,-2.882160e+00,-2.667988e+00,-1.741745e+00,1.062813e+00,1.086929e+00,-5.714929e-01,1.990249e+00,2.147331e+00,-1.463374e-01,4.092674e-01,-8.719975e-01,6.648535e-04,-1.425272e+00,-9.813905e-04
2.820626e-03,-5.205221e+00,-4.477909e+00,-5.584714e+00,-1.136432e+01,-9.509978e+00,-1.195290e+01,-1.311490e+01,6.609368e-01,1.750907e+00,9.170029e-01,-1.422881e+01,2.680034e+00,2.659414e-02,2.156986e+02,7.310737e-01,4.967487e-04,6.898710e-01,-2.871002e+00,-3.542835e+00,-1.984173e+00,1.434390e+00,1.496237e+00,6.826695e-01,1.862176e+00,2.987837e+00,1.295895e+00,-2.957355e-01,-1.924190e+00,1.299487e-03,-1.262720e+00,1.239879e-02
3.486931e-03,-4.294461e+00,-7.717145e+00,-1.050382e+01,-1.359629e+01,-8.092416e+00,-1.050996e+01,-1.104688e+01,3.121596e+00,5.586212e+00,2.770021e+00,-1.613718e+01,-1.854928e-02,2.840737e-02,2.146363e+02,7.579166e-01,5.617357e-04,8.387827e-01,-1.861422e+00,-3.484326e+00,-1.326963e+00,1.796167e+00,1.897592e+00,1.450070e+00,5.555906e-01,2.899437e+00,2.192833e+00,-7.270986e-01,-2.915492e+00,1.601692e-03,-7.360870e-01,2.347006e-02
4.058472e-03,-3.527754e+00,-8.435607e+00,-1.343445e+01,-1.456705e+01,-5.635811e+00,-7.520242e+00,-9.327004e+00,2.066560e+00,8.273540e+00,5.931156e+00,-1.740918e+01,-4.222265e+00,2.991840e-02,2.141483e+02,7.957211e-01,5.092832e-04,9.189985e-01,-6.760113e-01,-2.752891e+00,-6.480665e-01,2.091516e+00,1.967747e+00,1.309059e+00,-7.814778e-01,1.767755e+00,2.333756e+00,-2.384876e-01,-3.074366e+00,1.873677e-03,-1.375381e-01,2.288254e-02
4.563040e-03,-2.375593e+00,-8.052327e+00,-1.529398e+01,-1.391367e+01,-3.194119e+00,-5.663013e+00,-8.241131e+00,3.960764e-01,9.338532e+00,8.067467e+00,-1.681603e+01,-7.192026e+00,3.203385e-02,2.147214e+02,8.155048e-01,3.701976e-04,7.544321e-01,1.769814e-01,-1.851868e+00,-4.992997e-01,1.928489e+00,1.832244e+00,6.708518e-01,-2.066153e+00,4.991463e-01,2.146290e+00,3.934091e-01,-2.607193e+00,1.390148e-03,2.660584e-01,1.429862e-02
4.828987e-03,-1.569663e+00,-7.690374e+00,-1.695409e+01,-1.444596e+01,-1.501548e+00,-4.537637e+00,-7.972478e+00,-1.883692e+00,8.713520e+00,9.937061e+00,-1.508183e+01,-9.105056e+00,3.414929e-02,2.149684e+02,8.166923e-01,2.420058e-04,5.365138e-01,3.237721e-01,-1.463681e+00,-1.108799e+00,1.440392e+00,1.837050e+00,3.632450e-03,-2.691637e+00,-7.447354e-01,1.668028e+00,3.147235e-01,-1.698934e+00,6.044123e-04,4.026993e-01,5.497283e-03
4.952662e-03,-1.501346e+00,-7.204854e+00,-1.800334e+01,-1.615334e+01,-5.171033e-01,-2.840046e+00,-8.369887e+00,-5.234041e+00,7.861954e+00,1.149852e+01,-1.533382e+01,-1.061312e+01,3.324267e-02,2.155566e+02,8.189241e-01,1.771655e-04,3.022190e-01,3.355917e-01,-1.168978e+00,-1.921848e+00,1.046512e+00,2.286586e+00,-2.782661e-01,-2.898961e+00,-1.500862e+00,1.645672e+00,-7.667665e-02,-9.794013e-01,-2.417650e-04,2.877274e-01,2.508247e-03
5.073690e-03,-1.282309e+00,-7.240483e+00,-1.939817e+01,-1.899121e+01,2.276392e-01,2.535257e-01,-9.244464e+00,-8.576565e+00,5.288153e+00,1.255577e+01,-1.657667e+01,-1.100639e+01,3.233605e-02,2.157442e+02,8.214979e-01,1.605595e-04,2.250520e-01,4.223230e-01,-8.518858e-01,-1.895153e+00,7.213923e-01,2.597366e+00,-6.500158e-02,-2.550824e+00,-1.663957e+00,1.522959e+00,1.803584e-01,-4.673095e-01,-4.533093e-04,1.007187e-01,2.574134e-03
5.326516e-03,-1.008175e+00,-6.599314e+00,-1.991683e+01,-2.125029e+01,1.173848e+00,3.374336e+00,-8.996469e+00,-1.075229e+01,3.546907e+00,1.498647e+01,-1.645199e+01,-1.113837e+01,3.173164e-02,2.157721e+02,8.256432e-01,1.122166e-04,2.164080e-01,6.855961e-01,-5.097025e-01,-1.177690e+00,5.868996e-01,2.240235e+00,4.312810e-01,-1.527922e+00,-1.493321e+00,1.213735e+00,1.418058e+00,1.842613e-02,-9.066202e-05,-1.594299e-01,1.015460e-03
5.444858e-03,-6.909878e-01,-5.881529e+00,-2.025677e+01,-2.137325e+01,1.259937e+00,5.342001e+00,-7.984196e+00,-1.187869e+01,2.551256e+00,1.580788e+01,-1.362095e+01,-1.117898e+01,3.263826e-02,2.153642e+02,8.262034e-01,-1.329156e-05,1.781096e-01,1.016078e+00,-2.353458e-01,-1.533258e-01,3.460314e-01,1.421887e+00,5.447017e-01,-5.073273e-01,-1.032773e+00,5.121714e-01,2.471467e+00,3.522112e-01,9.066202e-05,-4.076096e-01,-1.588941e-04
5.328161e-03,-7.149660e-01,-4.456351e+00,-2.012255e+01,-2.085076e+01,1.901246e+00,5.816890e+00,-6.843616e+00,-1.122259e+01,1.763796e+00,1.594114e+01,-9.721389e+00,-1.043469e+01,3.263826e-02,2.149494e+02,8.216487e-01,-1.818584e-04,1.188670e-01,9.894527e-01,-2.573135e-01,5.062622e-01,-4.148914e-02,3.247882e-01,7.193069e-02,2.294848e-01,-9.990635e-01,-5.458406e-01,2.406925e+00,5.140670e-01,9.066202e-05,-5.899323e-01,-8.909106e-04
5.006410e-03,-5.383651e-01,-3.231575e+00,-2.047204e+01,-1.995760e+01,1.594097e+00,6.141685e+00,-7.597382e+00,-1.087805e+01,1.015845e+00,1.463929e+01,-7.584637e+00,-9.597170e+00,3.233605e-02,2.141175e+02,8.227007e-01,-2.936021e-04,1.182185e-01,7.204617e-01,-3.882820e-01,7.290575e-01,-6.213591e-01,-4.663065e-01,-3.924096e-01,5.689852e-01,-9.817058e-01,-1.073741e+00,1.330563e+00,3.584171e-01,-2.719853e-04,-5.717010e-01,5.422592e-04
4.636448e-03,-4.901512e-01,-2.977028e+00,-2.109576e+01,-1.942680e+01,7.993223e-01,4.598435e+00,-8.830222e+00,-1.010519e+01,-6.807044e-01,1.284156e+01,-7.435524e+00,-9.358935e+00,3.233605e-02,2.134458e+02,8.229401e-01,-2.941337e-04,5.419336e-02,1.616147e-01,-2.929926e-01,4.037271e-01,-1.071893e+00,-9.189955e-01,-5.670961e-01,6.234955e-01,-6.432342e-01,-1.186699e+00,1.144055e-01,-1.269610e-01,-6.346327e-04,-2.731964e-01,1.314706e-03
4.322704e-03,-2.123026e-01,-3.018882e+00,-2.171158e+01,-1.843995e+01,-1.295897e+00,3.619696e+00,-8.952941e+00,-9.592463e+00,-1.135023e+00,1.198896e+01,-8.111064e+00,-9.924771e+00,3.142944e-02,2.132575e+02,8.282690e-01,-1.922512e-04,-1.120630e-01,-2.776950e-01,1.260616e-01,-6.900463e-02,-7.734383e-01,-1.089663e+00,-1.879402e-01,6.008957e-01,5.803155e-01,-7.186166e-01,-5.702767e-01,-3.829723e-01,-9.670591e-04,2.004547e-02,-1.019418e-04
4.199345e-03,-6.070305e-01,-3.754623e+00,-2.096774e+01,-1.959096e+01,-2.013224e+00,2.482908e+00,-9.001317e+00,-8.747909e+00,-3.769411e-01,1.133281e+01,-8.886147e+00,-1.090570e+01,2.991840e-02,2.140134e+02,8.254380e-01,-1.324832e-04,-3.601229e-01,-3.751424e-01,4.944113e-01,-3.667149e-01,1.637977e-02,-8.331434e-01,1.428644e-01,8.155795e-01,2.121535e+00,-2.145942e-01,-5.931638e-01,-3.969108e-01,-9.368388e-04,-2.309143e-01,-3.619212e-03
4.263705e-03,-1.040241e+00,-4.231252e+00,-1.990574e+01,-2.022055e+01,-8.668215e-01,1.751135e+00,-8.451535e+00,-8.552211e+00,3.765541e+00,1.180059e+01,-9.710709e+00,-1.073865e+01,2.870958e-02,2.139339e+02,8.209420e-01,-2.359583e-04,-6.155847e-01,-3.246729e-01,4.990869e-01,1.492527e-01,5.188171e-01,-5.739843e-01,6.227432e-01,1.517139e+00,2.965024e+00,1.047344e-02,-3.468198e-01,4.828529e-02,4.533088e-04,-1.626866e+00,-1.260796e-02
4.003532e-03,-1.876797e+00,-4.246555e+00,-1.952663e+01,-2.037007e+01,6.666835e-01,1.366999e+00,-8.366603e+00,-6.547414e+00,7.476689e+00,1.186278e+01,-9.601521e+00,-1.093655e+01,2.901179e-02,2.119530e+02,8.085075e-01,-4.969097e-04,-7.007130e-01,8.076654e-02,2.893534e-01,1.593048e+00,1.766330e-01,-2.524071e-01,1.077837e+00,2.378155e+00,2.306072e+00,-4.808445e-01,-6.463356e-02,4.980233e-01,2.901178e-03,-1.654295e+01,-2.785283e-02
3.240820e-03,-2.655343e+00,-4.396281e+00,-1.993670e+01,-1.730412e+01,-4.176481e-02,1.307729e+00,-6.156582e+00,-3.107017e+00,9.763284e+00,1.177635e+01,-9.487476e+00,-9.667918e+00,3.414929e-02,2.061534e+02,7.736945e-01,-7.192550e-04,-8.188793e-01,4.285254e-01,4.049959e-01,2.839289e+00,-5.163631e-01,-2.398903e-01,1.567115e+00,2.979008e+00,8.641666e-01,-1.226502e+00,1.449239e-01,1.269660e+00,5.681475e-03,-3.727493e+01,-4.126051e-02
2.226240e-03,-3.303045e+00,-3.268276e+00,-1.950550e+01,-1.308393e+01,-1.542587e+00,1.442575e+00,-4.759610e+00,4.202715e-01,8.154546e+00,8.940711e+00,-9.320931e+00,-8.950946e+00,4.170444e-02,1.351889e+02,7.097976e-01,-7.110035e-04,-8.934234e-01,8.143002e-01,9.146208e-01,3.129614e+00,-1.163514e+00,-6.422789e-01,1.600073e+00,2.695983e+00,-1.169553e-01,-1.875939e+00,5.698560e-01,2.151954e+00,7.283167e-03,-5.641182e+01,-4.227172e-02
1.556077e-03,-4.421514e+00,-2.577764e+00,-1.789132e+01,-9.667179e+00,-2.344002e+00,5.138956e-01,-2.419456e+00,2.858985e+00,7.747446e+00,7.129110e+00,-9.126384e+00,-5.383152e+00,5.077063e-02,6.594128e+01,6.639944e-01,-4.949088e-04,-9.847630e-01,1.093632e+00,1.329835e+00,2.070624e+00,-1.387451e+00,-6.074952e-01,1.331580e+00,1.869190e+00,-3.328704e-01,-1.554021e+00,1.624272e+00,2.563365e+00,6.255667e-03,-5.474957e+01,-2.960663e-02
1.290886e-03,-5.460829e+00,-1.084312e+00,-1.597621e+01,-8.540475e+00,-3.999769e+00,-1.447479e+00,-2.234802e+00,3.949501e+00,7.899831e+00,4.806706e+00,-6.932786e+00,-2.319161e+00,5.711696e-02,0,6.519989e-01,-2.269355e-04,-9.393538e-01,1.196364e+00,1.294566e+00,6.145381e-01,-1.689778e+00,-3.467842e-01,1.129397e+00,9.389114e-01,-2.909872e-01,-4.717319e-01,2.554633e+00,1.970940e+00,4.623754e-03,-3.363192e+01,-1.185909e-02
1.233953e-03,-6.500266e+00,-2.010592e-02,-1.505217e+01,-9.222732e+00,-5.750428e+00,-2.847203e-01,-7.610883e-01,4.474316e+00,8.226289e+00,6.073244e+00,-2.560188e+00,-1.669883e-01,5.772137e-02,0,6.545606e-01,-6.557188e-05,-6.777285e-01,1.221574e+00,1.090882e+00,-1.758054e-01,-1.777290e+00,2.351443e-02,9.577397e-01,-2.248719e-01,-1.004487e+00,2.892264e-01,2.866084e+00,4.928215e-01,2.296767e-03,-1.318826e+01,-3.425098e-03
1.252624e-03,-6.960438e+00,1.434714e+00,-1.445224e+01,-1.023346e+01,-8.288262e+00,1.079621e-01,5.818908e-02,4.307163e+00,6.460188e+00,7.109985e+00,1.691367e-01,-1.704327e+00,6.134784e-02,0,6.552190e-01,2.499239e-06,-2.975457e-01,7.028755e-01,1.026467e+00,-1.031580e-01,-2.109545e+00,-3.299847e-01,7.624406e-01,-1.059232e+00,-1.710168e+00,9.017614e-01,2.285882e+00,-5.764773e-01,-3.022056e-04,0,-4.095435e-04
1.247348e-03,-7.060352e+00,2.270593e+00,-1.319890e+01,-9.699714e+00,-9.086207e+00,-1.462527e-01,1.222747e+00,1.555795e+00,3.444832e+00,7.423603e+00,1.653073e+00,-3.226462e+00,6.013902e-02,0,6.452588e-01,1.898825e-05,9.676800e-02,1.210676e-01,1.604457e+00,3.598303e-01,-2.430849e+00,-1.398846e+00,4.180846e-01,-1.721538e+00,-1.908900e+00,8.734835e-01,1.206563e+00,-8.497986e-01,-4.261106e-03,0,-3.242159e-03
1.296684e-03,-6.668514e+00,1.284716e+00,-1.177051e+01,-8.817774e+00,-1.287961e+01,-3.166636e+00,5.854841e-01,1.126040e-01,1.739720e+00,8.640333e+00,2.389996e+00,-3.671811e+00,5.439710e-02,0,6.546021e-01,4.292884e-05,3.064036e-01,-5.189163e-01,2.095240e+00,5.396944e-01,-2.732726e+00,-1.967080e+00,4.733993e-01,-1.757134e+00,-1.425992e+00,1.498669e+00,4.291252e-01,-3.003134e-01,-8.673316e-03,0,-2.255410e-03
1.306864e-03,-6.162387e+00,6.602312e-01,-8.370753e+00,-8.131423e+00,-1.560900e+01,-5.641651e+00,1.065687e+00,-2.036094e+00,1.042024e+00,9.675487e+00,2.362199e+00,-3.432240e+00,3.989121e-02,0,6.386583e-01,8.465540e-05,1.414428e-01,-8.526915e-01,2.201576e+00,4.555254e-02,-2.567738e+00,-1.778918e+00,7.034081e-01,-1.310026e+00,-1.009488e+00,2.009737e+00,-4.596038e-01,5.729132e-02,-9.821700e-03,3.895897e+01,4.484355e-03
1.437510e-03,-5.877402e+00,-3.546863e-01,-6.390115e+00,-8.319133e+00,-1.869050e+01,-6.979738e+00,2.503715e+00,-2.682562e+00,5.316309e-01,1.347739e+01,1.960200e+00,-3.103005e+00,2.810517e-02,0,6.472422e-01,1.447429e-04,-3.191805e-01,-1.025220e+00,1.759855e+00,-5.878901e-01,-1.712277e+00,-8.656679e-01,6.557060e-01,-7.940482e-01,-1.262951e+00,1.939964e+00,-1.348976e+00,8.256891e-02,-7.313388e-03,9.790571e+01,1.327839e-02
1.600212e-03,-6.748694e+00,-1.173163e+00,-4.881219e+00,-9.721272e+00,-1.901945e+01,-7.134291e+00,3.780671e+00,-3.596752e+00,-9.985659e-01,1.505376e+01,-4.300480e-01,-3.224408e+00,2.417649e-02,1.947949e+02,6.713606e-01,2.096516e-04,-8.086649e-01,-1.100990e+00,9.986736e-01,-1.021758e+00,-9.461653e-01,-5.610137e-02,-8.388128e-02,-8.309130e-02,-1.597098e+00,1.231966e+00,-2.184188e+00,-1.688943e-01,-2.719855e-03,1.574213e+02,2.270080e-02
1.873725e-03,-7.971263e+00,-2.924685e+00,-4.716003e+00,-1.096230e+01,-1.973577e+01,-6.748656e+00,2.506522e+00,-3.077308e+00,-3.554742e+00,1.565102e+01,-2.958762e+00,-3.362882e+00,2.568752e-02,3.921311e+02,7.046430e-01,2.402236e-04,-9.120970e-01,-7.517002e-01,6.796124e-01,-1.094186e+00,-7.988205e-02,3.455035e-01,-8.690664e-01,3.345043e-01,-1.609879e+00,1.401688e-01,-2.735835e+00,-2.690998e-01,5.137501e-04,1.583967e+02,2.334082e-02
2.137015e-03,-9.158781e+00,-3.559718e+00,-4.214441e+00,-1.191863e+01,-1.981719e+01,-6.037699e+00,6.448774e-01,-2.254177e+00,-4.900280e+00,1.474850e+01,-6.099261e+00,-4.146773e+00,2.750076e-02,5.910411e+02,7.234619e-01,2.255692e-04,-5.229722e-01,-2.776330e-01,5.768422e-01,-7.158846e-01,3.606495e-01,4.185255e-01,-9.343154e-01,4.139400e-01,-1.003163e+00,-2.717387e-01,-2.382250e+00,-1.876618e-01,1.359927e-03,9.957966e+01,2.053416e-02
2.370227e-03,-9.232843e+00,-2.919910e+00,-3.325442e+00,-1.269138e+01,-1.869103e+01,-5.800517e+00,-2.737196e-01,-1.681328e+00,-5.566906e+00,1.433086e+01,-8.884366e+00,-3.987322e+00,2.901179e-02,5.938603e+02,7.378957e-01,1.729801e-04,3.781128e-02,8.284163e-02,6.737497e-01,-3.327684e-01,6.074026e-01,3.658536e-01,-2.552696e-01,2.088347e-01,-1.396250e-01,-7.078037e-02,-1.279415e+00,-1.728861e-02,9.670595e-04,3.906694e+01,1.602532e-02
2.479807e-03,-8.732765e+00,-2.563716e+00,-2.692288e+00,-1.243615e+01,-1.773857e+01,-5.515733e+00,4.992153e-01,-2.225042e+00,-5.008299e+00,1.435514e+01,-9.378494e+00,-3.850497e+00,2.931399e-02,5.918286e+02,7.574050e-01,1.325721e-04,3.895842e-01,-7.892859e-02,7.023700e-01,4.802904e-02,3.114445e-01,3.021269e-02,6.384867e-01,1.814608e-01,4.048542e-01,3.523020e-01,3.172026e-02,2.256188e-01,2.417648e-04,-2.567834e+00,1.094617e-02
2.567229e-03,-7.995215e+00,-3.008478e+00,-2.108331e+00,-1.236738e+01,-1.773807e+01,-5.180371e+00,1.303005e+00,-2.047703e+00,-4.198857e+00,1.549379e+01,-7.716221e+00,-3.597463e+00,2.961620e-02,5.870721e+02,7.677980e-01,1.224595e-04,3.475855e-01,-3.739082e-01,6.829656e-01,5.132408e-02,-1.454470e-01,-4.350644e-01,9.198529e-01,3.155606e-01,4.259229e-01,4.269399e-01,9.429592e-01,3.546933e-01,-2.115443e-04,-4.491101e+00,5.304658e-03
2.701375e-03,-7.829674e+00,-3.910077e+00,-1.311147e+00,-1.184049e+01,-1.873646e+01,-6.196709e+00,3.048948e+00,-1.163686e+00,-3.560033e+00,1.592855e+01,-6.524732e+00,-3.213609e+00,2.840737e-02,5.815960e+02,7.632416e-01,1.311337e-04,1.077694e-01,-3.452645e-01,6.313663e-01,-3.445239e-01,-2.405171e-01,-9.719051e-01,6.160021e-01,4.629772e-01,-1.202000e-01,9.622383e-02,5.864357e-01,4.809092e-01,6.044153e-05,-4.870019e+00,-1.644134e-04
2.871740e-03,-7.946461e+00,-4.116271e+00,-6.011845e-01,-1.273260e+01,-1.891932e+01,-7.635351e+00,3.050678e+00,-6.342029e-01,-4.161425e+00,1.567886e+01,-5.596451e+00,-2.532300e+00,2.840737e-02,5.765211e+02,7.615007e-01,1.053721e-04,-1.392772e-01,-1.548057e-02,3.741837e-01,-7.580797e-01,-1.261360e-01,-1.103364e+00,3.148014e-02,6.110305e-03,-9.273567e-01,-4.777136e-01,-1.070691e-01,5.938409e-01,1.390149e-03,-3.630505e+00,-2.080357e-03
2.983220e-03,-8.218295e+00,-3.736142e+00,-2.890304e-01,-1.397616e+01,-1.835052e+01,-9.147769e+00,2.705389e+00,-6.169061e-01,-5.628015e+00,1.474373e+01,-7.506201e+00,-1.978533e+00,3.022061e-02,5.727540e+02,7.597316e-01,3.196294e-05,-2.062461e-01,3.144050e-01,-1.279042e-01,-8.575447e-01,-3.784142e-02,-6.573904e-01,-5.342149e-01,-5.499443e-01,-1.289205e+00,-7.078722e-01,-5.798308e-01,3.647955e-01,2.236325e-03,-1.437921e+01,-4.692095e-03
2.953167e-03,-8.497291e+00,-3.172848e+00,-7.484705e-01,-1.508994e+01,-1.856171e+01,-9.221660e+00,1.632186e+00,-2.290541e+00,-7.801650e+00,1.369763e+01,-7.760832e+00,-1.245796e+00,3.566032e-02,5.733406e+02,7.591512e-01,-6.455665e-05,-8.977079e-02,4.598432e-01,-5.009327e-01,-3.383026e-01,-3.586825e-01,-1.246645e-01,-4.566552e-01,-1.000848e+00,-9.766245e-01,-7.708743e-01,-4.043209e-01,-1.706181e-01,1.783016e-03,-4.448489e+01,-5.738539e-03
2.820476e-03,-8.585490e+00,-2.809763e+00,-1.877025e+00,-1.494954e+01,-1.910447e+01,-8.690506e+00,1.087121e+00,-3.085238e+00,-8.185944e+00,1.337980e+01,-8.341696e+00,-2.032883e+00,3.596253e-02,5.112902e+02,7.409558e-01,-1.363491e-04,1.783690e-01,4.666116e-01,-5.321099e-01,5.126690e-01,-5.801685e-01,2.902442e-01,-7.032583e-02,-8.045300e-01,2.098241e-02,-5.106743e-01,3.009246e-01,-6.124692e-01,-1.813240e-04,-8.213050e+01,-5.485535e-03
2.630329e-03,-8.211718e+00,-2.280244e+00,-2.311851e+00,-1.393742e+01,-2.033576e+01,-8.487305e+00,1.576537e+00,-4.404274e+00,-7.765583e+00,1.250645e+01,-7.200308e+00,-3.358215e+00,3.445150e-02,3.848285e+02,7.421958e-01,-1.534506e-04,4.117971e-01,4.517257e-01,-3.160896e-01,1.218069e+00,-5.433592e-01,5.426838e-01,3.007879e-01,-2.699845e-01,1.005092e+00,-1.076177e-01,6.830754e-01,-3.343939e-01,-1.329708e-03,-1.016730e+02,-5.128682e-04
2.462893e-03,-7.469237e+00,-1.849386e+00,-2.167890e+00,-1.198908e+01,-2.036434e+01,-8.063725e+00,2.381584e+00,-3.582689e+00,-5.541136e+00,1.278595e+01,-6.281839e+00,-3.984669e+00,2.991840e-02,2.563575e+02,7.407816e-01,-1.267335e-04,4.306185e-01,4.024574e-01,-9.319997e-02,1.476925e+00,-3.476223e-01,6.430379e-01,4.641864e-01,6.575014e-02,1.320530e+00,4.411803e-01,8.206085e-01,5.342457e-01,-7.252943e-04,-8.301428e+01,3.927618e-03
2.364706e-03,-6.996432e+00,-1.394408e+00,-2.183486e+00,-1.047983e+01,-2.064857e+01,-6.821631e+00,2.488893e+00,-3.391738e+00,-4.098595e+00,1.345647e+01,-5.375383e+00,-1.941872e+00,3.203385e-02,1.924419e+02,7.566740e-01,-7.534945e-05,1.461411e-01,2.732621e-01,-6.101141e-02,9.347370e-01,-7.047787e-02,4.267128e-01,1.192641e-03,1.250439e-01,8.818514e-01,6.400526e-01,5.169700e-01,1.093502e+00,4.230888e-04,-4.501381e+01,2.849615e-03
2.319620e-03,-7.040040e+00,-1.240394e+00,-2.407207e+00,-9.293714e+00,-2.068618e+01,-6.308153e+00,2.951874e+00,-3.262756e+00,-3.416786e+00,1.511069e+01,-5.151116e+00,-6.982622e-02,3.354488e-02,1.924121e+02,7.533548e-01,-1.582459e-05,-2.052172e-01,1.274903e-01,-9.535246e-02,6.150866e-02,-6.772652e-02,-3.069991e-01,-1.048814e-01,-3.075672e-01,-2.813678e-02,3.908010e-01,3.645129e-01,8.638183e-01,3.928684e-04,-1.318042e+01,8.738637e-04
2.325218e-03,-7.695610e+00,-1.218430e+00,-2.497249e+00,-1.061142e+01,-2.052724e+01,-7.231527e+00,1.297355e+00,-3.939022e+00,-4.418501e+00,1.454435e+01,-5.180820e+00,1.518743e-01,3.475370e-02,1.917322e+02,7.501573e-01,2.693254e-05,-3.695195e-01,2.799678e-03,-1.270294e-01,-5.550516e-01,4.451103e-02,-7.592398e-01,-3.238364e-01,-2.201687e-01,-6.056623e-01,-1.348596e-01,3.177429e-01,3.369052e-01,-1.752795e-03,-6.381470e-01,-2.706975e-03
2.403514e-03,-8.145734e+00,-1.299923e+00,-2.487771e+00,-1.161574e+01,-2.076364e+01,-9.393773e+00,2.452946e+00,-4.846883e+00,-5.521867e+00,1.419602e+01,-4.556556e+00,-7.124510e-01,3.052282e-02,1.908103e+02,7.484093e-01,3.301310e-05,-2.271144e-01,-4.635669e-02,-2.340874e-01,-5.103827e-01,1.809372e-01,-5.505393e-01,-1.569821e-01,1.490250e-02,-3.792799e-01,-5.532950e-01,5.862173e-01,1.925283e-01,-3.717135e-03,-7.861587e-01,-2.187055e-03
2.457422e-03,-8.291183e+00,-1.350645e+00,-2.778352e+00,-1.209407e+01,-2.038729e+01,-9.075020e+00,1.119175e+00,-3.700518e+00,-6.074366e+00,1.323951e+01,-4.083948e+00,6.396612e-02,2.478090e-02,1.900520e+02,7.456119e-01,-1.407147e-05,4.794583e-02,-7.173084e-02,-1.843693e-01,-1.220069e-01,4.998755e-01,1.794190e-01,-3.626389e-02,5.526013e-01,2.741628e-01,-5.787073e-01,5.255619e-01,6.083797e-01,-4.502871e-03,-7.412995e-01,-3.014320e-03
2.418584e-03,-7.877826e+00,-1.406070e+00,-3.437093e+00,-1.110430e+01,-1.985147e+01,-8.139103e+00,2.256054e+00,-3.307495e+00,-4.485253e+00,1.299664e+01,-2.768465e+00,9.367692e-01,1.994560e-02,1.893213e+02,7.446923e-01,-8.316294e-05,1.981277e-01,-2.683471e-01,-2.358515e-01,7.778930e-03,7.779061e-01,5.547039e-01,-1.818574e-01,4.428609e-01,5.952634e-01,-7.465054e-01,2.401474e-01,7.107757e-01,-2.961620e-03,-4.507400e-01,-2.626169e-03
2.247326e-03,-7.589835e+00,-1.524011e+00,-2.944434e+00,-1.147717e+01,-1.848395e+01,-6.961767e+00,1.214482e+00,-1.945709e+00,-3.565994e+00,1.225050e+01,-3.447056e+00,2.369163e+00,1.752795e-02,1.887701e+02,7.369442e-01,-1.295264e-04,1.479271e-01,-3.753885e-01,-2.526290e-01,2.923288e-02,6.423923e-01,3.387203e-01,-1.097382e-01,1.286600e-01,2.716455e-01,-7.959426e-01,-1.282992e-01,2.534177e-01,-4.835304e-04,-8.954010e-02,-9.612680e-04
2.092747e-03,-7.505769e+00,-2.554976e+00,-3.583987e+00,-1.188529e+01,-1.782578e+01,-7.676880e+00,1.496006e+00,-3.509983e+00,-3.799736e+00,1.095800e+01,-3.674266e+00,1.688829e+00,1.934119e-02,1.891975e+02,7.396123e-01,-1.340359e-04,-2.292037e-02,-3.517041e-01,-4.888392e-01,5.197811e-03,3.948040e-01,-7.589664e-02,-4.489196e-01,-1.914002e-01,-3.743526e-01,-1.044795e+00,-3.323000e-01,-4.602829e-01,1.783015e-03,2.169708e-01,2.201182e-03
1.972708e-03,-7.737576e+00,-2.653134e+00,-3.968050e+00,-1.155741e+01,-1.818817e+01,-7.612530e+00,9.505081e-01,-2.955974e+00,-5.058897e+00,1.027912e+01,-4.272544e+00,9.550245e-01,2.266546e-02,1.896663e+02,7.433456e-01,-1.051047e-04,-1.178465e-01,-9.164777e-02,-6.496924e-01,2.395660e-01,2.749725e-01,-3.493546e-01,-3.259092e-01,-9.719815e-02,-6.530467e-01,-1.059127e+00,-9.907691e-02,-8.978891e-01,2.508311e-03,2.490509e-01,4.376817e-03
1.885713e-03,-7.918558e+00,-2.600028e+00,-5.369482e+00,-1.103819e+01,-1.802534e+01,-8.193205e+00,1.434426e-01,-3.759364e+00,-5.610565e+00,8.758354e+00,-4.017221e+00,-6.575759e-01,2.629193e-02,1.899581e+02,7.524975e-01,-7.216701e-05,-1.107906e-01,1.357844e-01,-5.064071e-01,1.753749e-01,4.656483e-01,-4.259816e-01,-2.726583e-01,1.506781e-01,-4.662307e-01,-9.108834e-01,-1.878398e-01,-5.933066e-01,1.903898e-03,4.720001e-02,3.221035e-03
1.825319e-03,-7.972673e+00,-1.959724e+00,-5.300149e+00,-1.070289e+01,-1.700931e+01,-8.450377e+00,2.612175e-01,-2.307010e+00,-5.925813e+00,8.054685e+00,-3.770962e+00,-9.470803e-01,2.659414e-02,1.896351e+02,7.523857e-01,-3.321625e-05,-2.458181e-02,8.409584e-02,-2.786120e-01,1.470610e-01,5.755962e-01,-3.475474e-01,9.714194e-02,1.642713e-01,-1.465576e-01,-4.138362e-01,-2.775590e-01,-1.016215e-01,8.461775e-04,-9.836121e-02,1.519155e-03
1.805607e-03,-7.942173e+00,-2.222759e+00,-5.449973e+00,-1.143568e+01,-1.608697e+01,-9.387864e+00,4.773600e-01,-3.081074e+00,-5.697432e+00,7.515794e+00,-4.864255e+00,-3.266513e-01,2.689634e-02,1.894491e+02,7.511974e-01,1.036644e-05,3.152452e-02,-6.060351e-02,4.877081e-02,4.258518e-02,3.770092e-01,-1.550817e-02,3.883960e-01,2.426434e-01,4.077177e-02,3.322971e-01,-4.365253e-01,4.693992e-01,6.044134e-05,-1.223938e-01,-1.838207e-04
1.846680e-03,-7.848677e+00,-2.421290e+00,-5.320864e+00,-1.062336e+01,-1.627937e+01,-8.752937e+00,1.269259e+00,-2.473762e+00,-5.748251e+00,8.831216e+00,-5.236822e+00,2.814547e-01,2.659414e-02,1.894290e+02,7.515914e-01,4.338897e-05,5.912089e-02,-1.660685e-01,2.007341e-02,1.650838e-01,9.113731e-02,1.982040e-01,5.180306e-01,1.205434e-01,1.076827e-01,7.235764e-01,-1.720273e-01,4.911167e-01,-9.066183e-05,-2.938538e-02,-7.337391e-04
1.926865e-03,-7.822933e+00,-2.672263e+00,-5.115270e+00,-1.086503e+01,-1.650526e+01,-8.119466e+00,1.581402e+00,-2.462771e+00,-5.495487e+00,1.003157e+01,-5.466918e+00,1.075152e+00,2.659414e-02,1.894492e+02,7.519755e-01,5.452485e-05,7.924585e-02,-1.192099e-01,-1.159143e-02,2.688068e-01,-4.499035e-02,3.000888e-01,4.152350e-01,2.627027e-01,3.137779e-02,7.025045e-01,3.266469e-01,3.270086e-01,-9.066165e-05,6.608582e-03,-1.548910e-03
1.981635e-03,-7.736689e+00,-2.565314e+00,-5.367134e+00,-1.016280e+01,-1.634447e+01,-8.093556e+00,2.299350e+00,-2.013445e+00,-5.488372e+00,1.041468e+01,-4.329768e+00,8.076013e-01,2.629193e-02,1.894881e+02,7.483279e-01,3.364062e-05,7.810698e-02,-6.303854e-02,-1.002760e-01,1.901404e-01,-1.647030e-01,-3.888531e-02,8.137728e-02,-7.307231e-03,-7.639799e-02,1.682862e-01,4.187945e-01,1.219322e-01,3.022060e-04,-6.188355e-02,-1.788229e-03
2.010754e-03,-7.601938e+00,-2.746796e+00,-5.484795e+00,-1.032193e+01,-1.627937e+01,-8.217111e+00,2.038489e+00,-1.997720e+00,-5.670482e+00,1.023659e+01,-3.684548e+00,1.045318e+00,2.659414e-02,1.894526e+02,7.450846e-01,6.733159e-06,7.657047e-02,-1.335886e-02,-3.567910e-02,2.564963e-01,-3.245003e-01,-5.439558e-02,-2.803731e-01,-1.837480e-01,-2.624032e-01,-9.078293e-02,3.409869e-01,1.115615e-01,8.461770e-04,-1.852066e-01,-6.796479e-04
1.972939e-03,-7.568639e+00,-2.699216e+00,-5.637482e+00,-9.944215e+00,-1.721583e+01,-8.898541e+00,1.447602e+00,-2.742824e+00,-6.042744e+00,9.570141e+00,-4.034034e+00,9.060326e-01,2.810517e-02,1.891179e+02,7.460957e-01,-4.620920e-06,-1.056018e-02,6.188727e-03,1.208462e-01,1.451662e-01,-4.004700e-01,-5.475821e-02,-3.357020e-01,-5.794108e-01,-2.762999e-01,-1.551904e-01,1.257987e-01,2.957689e-01,1.903898e-03,-2.932785e-01,5.222500e-04
1.964879e-03,-7.524106e+00,-2.672107e+00,-5.158492e+00,-9.691842e+00,-1.769208e+01,-7.988951e+00,6.054103e-01,-3.016821e+00,-6.530317e+00,9.999928e+00,-3.909851e+00,1.583744e+00,2.991840e-02,1.887083e+02,7.496934e-01,-3.252225e-06,-8.887329e-02,-6.189823e-03,2.157676e-01,1.155641e-01,-1.999811e-01,5.314445e-02,-8.637340e-02,-7.614247e-01,-3.163199e-02,-1.814413e-02,2.254448e-01,4.914250e-01,2.961620e-03,-3.586548e-01,7.554293e-05
1.981468e-03,-7.828406e+00,-2.571716e+00,-4.926054e+00,-9.752008e+00,-1.764047e+01,-8.481427e+00,1.337379e+00,-4.400948e+00,-6.439954e+00,9.757054e+00,-3.588123e+00,2.017233e+00,3.414929e-02,1.883938e+02,7.486348e-01,-4.438730e-06,-1.721447e-01,-8.404279e-03,2.104665e-01,-1.368922e-01,1.620136e-01,-1.237531e-02,1.302805e-01,-7.393997e-01,2.789041e-01,-1.349872e-01,5.030633e-01,7.094265e-01,3.928679e-03,-2.923309e-01,-1.120955e-03
1.990228e-03,-7.916421e+00,-2.841496e+00,-4.761671e+00,-9.840210e+00,-1.706695e+01,-8.159945e+00,1.661734e+00,-4.975781e+00,-5.630037e+00,1.005241e+01,-2.780280e+00,2.946843e+00,3.838018e-02,1.880213e+02,7.441928e-01,-3.162877e-05,-1.992714e-01,2.790675e-02,9.121375e-02,-1.425145e-01,2.510223e-01,-9.803247e-02,1.266402e-01,-5.031525e-01,6.159644e-01,-4.689520e-01,6.569666e-01,7.161260e-01,4.079782e-03,-1.849304e-01,-1.648891e-03
1.938071e-03,-8.233205e+00,-2.656543e+00,-4.783560e+00,-1.055449e+01,-1.671832e+01,-8.874921e+00,1.570842e+00,-5.460342e+00,-5.098363e+00,8.868964e+00,-2.083503e+00,3.771615e+00,4.351768e-02,1.879997e+02,7.432413e-01,-6.311746e-05,-1.969616e-01,9.915445e-02,-7.247448e-04,-4.329958e-02,1.471737e-01,1.117227e-01,-2.677712e-01,-1.264613e-01,7.013206e-01,-5.927147e-01,7.181891e-01,5.008982e-01,3.263826e-03,-5.546417e-02,-1.499522e-03
1.828433e-03,-8.318063e+00,-2.490159e+00,-4.773670e+00,-1.000317e+01,-1.689804e+01,-8.282367e+00,1.121879e+00,-5.002886e+00,-4.121291e+00,8.099213e+00,-1.377328e+00,4.287183e+00,4.563312e-02,1.879807e+02,7.441457e-01,-7.871880e-05,-1.571853e-01,1.506738e-01,-1.682765e-01,1.837660e-01,-2.090645e-02,1.819173e-01,-2.658405e-01,-1.735730e-01,7.927696e-01,-2.614934e-01,5.130767e-01,-1.923708e-01,1.662134e-03,2.504512e+01,5.801916e-05
1.746778e-03,-8.612393e+00,-2.251611e+00,-4.923678e+00,-9.887025e+00,-1.698905e+01,-7.861603e+00,2.684499e-01,-5.019702e+00,-3.687724e+00,7.770079e+00,-6.986537e-01,3.851554e+00,4.684195e-02,1.881368e+02,7.411607e-01,-7.021792e-05,-5.540104e-02,1.709383e-01,-3.581346e-01,2.453511e-01,-8.092747e-02,1.726494e-01,-2.645510e-01,-3.669997e-01,8.251296e-01,6.320623e-01,3.010351e-03,-1.111391e+00,-5.439710e-04,6.263354e+01,1.364648e-03
1.692281e-03,-8.512753e+00,-2.290592e+00,-5.532994e+00,-9.255114e+00,-1.703612e+01,-7.757018e+00,9.837274e-01,-6.063966e+00,-2.371509e+00,9.294385e+00,-9.073212e-01,1.945020e+00,4.502871e-02,3.131784e+02,7.455232e-01,-5.294791e-05,4.172640e-02,2.559299e-01,-4.652708e-01,-7.494678e-02,9.496689e-03,-5.808663e-02,-1.161237e-01,-6.093686e-01,7.220046e-01,1.127668e+00,-6.475477e-01,-1.725878e+00,-2.206104e-03,1.002718e+02,2.499723e-03
1.655058e-03,-8.412865e+00,-1.901635e+00,-6.194571e+00,-9.701766e+00,-1.705392e+01,-8.274348e+00,3.171636e-01,-6.764801e+00,-1.847606e+00,1.143169e+01,-2.303455e+00,-6.142596e-01,4.110003e-02,4.385686e+02,7.493758e-01,-3.862852e-05,1.272995e-01,3.532639e-01,-2.740717e-01,-1.924338e-01,8.224468e-02,-1.277194e-01,4.083224e-02,-3.674242e-01,4.188776e-01,9.942958e-01,-8.576363e-01,-1.627234e+00,-3.052281e-03,1.002797e+02,1.602715e-03
1.609554e-03,-8.209195e+00,-1.385499e+00,-6.464578e+00,-1.047054e+01,-1.681812e+01,-8.366427e+00,5.169041e-01,-7.177180e+00,-1.431327e+00,1.190675e+01,-3.812666e+00,-2.109303e+00,3.747356e-02,5.641239e+02,7.525368e-01,-1.712773e-05,6.504812e-02,4.797394e-01,7.698031e-02,-2.763094e-01,1.534418e-01,4.448462e-02,7.045853e-02,2.780111e-01,-8.241791e-02,1.413168e-01,-5.474178e-01,-4.771387e-01,-1.722575e-03,6.265960e+01,-1.604575e-03
1.594999e-03,-8.127675e+00,-9.378389e-01,-5.828245e+00,-1.024148e+01,-1.668683e+01,-8.195496e+00,7.060227e-01,-6.300216e+00,-2.063427e+00,1.143538e+01,-3.534163e+00,-2.257456e+00,3.535812e-02,5.640627e+02,7.456675e-01,6.081839e-06,-5.866509e-02,4.822247e-01,3.738640e-01,-6.257677e-02,8.038292e-02,2.483961e-01,2.350344e-01,8.783002e-01,-3.094607e-01,-7.323738e-01,1.038844e-01,8.507476e-01,6.044123e-04,2.494691e+01,-3.279942e-03
1.636671e-03,-8.330108e+00,-3.737929e-01,-5.331255e+00,-1.036680e+01,-1.645246e+01,-7.574021e+00,1.141590e+00,-4.906203e+00,-2.675688e+00,9.999125e+00,-3.029056e+00,3.809249e-01,3.928680e-02,5.637293e+02,7.393544e-01,1.866679e-05,-1.864714e-01,2.711431e-01,3.648642e-01,-7.794847e-02,-2.959452e-01,2.195763e-01,2.937531e-02,9.288267e-01,-4.164194e-01,-1.228187e+00,2.101435e-01,1.581532e+00,2.296766e-03,-2.595337e-01,-2.469820e-03
1.671908e-03,-8.645734e+00,3.636087e-03,-4.891912e+00,-1.006652e+01,-1.683484e+01,-7.428571e+00,1.179993e+00,-3.508788e+00,-2.772729e+00,8.723632e+00,-2.175838e+00,2.394365e+00,4.321547e-02,5.635004e+02,7.395672e-01,1.101081e-05,-1.796952e-01,-3.060870e-02,2.569539e-01,-2.398369e-01,-4.589840e-01,1.616120e-02,-2.133814e-01,7.062714e-01,-3.447649e-01,-1.070806e+00,-1.568250e-01,1.401448e+00,2.387427e-03,-4.191284e-01,6.460071e-04
1.664433e-03,-8.882523e+00,-5.005205e-01,-5.108423e+00,-1.094776e+01,-1.822384e+01,-7.652008e+00,4.267957e-01,-3.928760e+00,-3.158773e+00,7.121686e+00,-3.441111e+00,3.472449e+00,4.502871e-02,5.631074e+02,7.432378e-01,-2.715969e-06,-8.778343e-02,-2.592941e-01,1.117157e-01,-1.710530e-01,-4.758728e-01,-4.600371e-01,-2.957478e-02,4.370520e-01,-4.704646e-01,-4.950587e-01,-3.959438e-01,4.509756e-01,1.631913e-03,-6.467530e-01,3.687274e-03
1.636172e-03,-8.749944e+00,-1.027519e+00,-4.654891e+00,-1.115019e+01,-1.809606e+01,-8.075696e+00,-3.486931e-03,-3.257581e+00,-3.545709e+00,7.520065e+00,-4.112260e+00,3.204024e+00,4.442430e-02,5.622780e+02,7.469558e-01,-6.001547e-06,-4.121256e-02,-2.748622e-01,4.972739e-02,-1.562700e-02,-1.730125e-01,-7.881541e-01,3.500051e-01,3.985122e-01,-6.238473e-01,1.404523e-01,-3.074064e-01,-2.136491e-01,1.692355e-03,-8.861450e-01,5.070799e-03
1.640960e-03,-8.716920e+00,-1.154686e+00,-4.891187e+00,-1.068023e+01,-1.820122e+01,-9.550644e+00,1.585456e+00,-2.846547e+00,-4.641521e+00,8.125615e+00,-4.040564e+00,2.230973e+00,4.684195e-02,5.611068e+02,7.540965e-01,-2.028618e-06,-6.593533e-02,-1.845177e-02,5.970507e-02,4.062485e-01,-9.058380e-03,-8.349699e-01,9.675148e-01,5.835069e-01,-6.172585e-01,4.156199e-01,4.022129e-01,-5.541705e-01,2.326987e-03,-1.114416e+00,4.719484e-03
1.653637e-03,-8.934598e+00,-1.043592e+00,-4.751894e+00,-1.027842e+01,-1.771122e+01,-1.042002e+01,2.350688e+00,-2.057334e+00,-5.150592e+00,8.923929e+00,-3.413143e+00,1.946857e+00,5.077063e-02,5.600700e+02,7.594919e-01,3.770366e-06,-1.493296e-01,1.549050e-01,1.451130e-02,4.488926e-01,-2.160397e-02,-7.558920e-01,1.119249e+00,3.196816e-01,-4.946513e-01,2.870975e-01,6.976317e-01,-5.577732e-01,2.175884e-03,-1.164935e+00,3.474236e-03
1.645557e-03,-9.119872e+00,-5.847425e-01,-4.761397e+00,-9.352405e+00,-1.846156e+01,-1.065469e+01,4.087282e+00,-1.611349e+00,-5.442625e+00,8.497854e+00,-1.779605e+00,1.330180e+00,5.349048e-02,5.586393e+02,7.605672e-01,3.481563e-06,-1.422108e-01,3.033368e-01,1.220060e-01,2.891087e-01,-5.630665e-02,-3.759534e-01,7.553949e-01,2.149806e-01,-3.649016e-01,6.818380e-02,6.872286e-01,-4.430965e-01,3.626469e-04,-9.833984e-01,1.032114e-03
1.652725e-03,-9.295115e+00,-5.379651e-01,-4.647230e+00,-9.569638e+00,-1.807391e+01,-1.130313e+01,4.341846e+00,-2.276772e+00,-5.618413e+00,8.769433e+00,-1.754581e+00,8.655546e-01,5.197945e-02,5.576871e+02,7.610916e-01,1.885975e-06,-4.573412e-02,2.944130e-01,6.449537e-02,2.173061e-02,-7.143994e-02,-1.960455e-01,1.807427e-01,-4.042064e-02,-5.119742e-01,-1.722994e-02,4.599530e-01,-3.471147e-01,-2.115443e-03,-5.296265e-01,-4.522800e-04
1.658824e-03,-9.247715e+00,1.091844e-01,-4.333489e+00,-9.589078e+00,-1.830140e+01,-1.098886e+01,4.366852e+00,-1.661925e+00,-6.232118e+00,8.543782e+00,-1.433702e+00,5.561416e-01,4.805077e-02,5.573812e+02,7.584572e-01,-4.140218e-06,9.055538e-02,2.999153e-01,-1.327219e-02,-1.061516e-01,4.759998e-02,1.448059e-03,-5.036133e-01,-1.184190e-01,-4.451252e-01,-8.870793e-03,6.074640e-01,-2.167898e-01,-3.989120e-03,1.106567e-02,-1.830494e-03
1.656434e-03,-9.099347e+00,8.150929e-02,-4.643371e+00,-1.005143e+01,-1.814849e+01,-1.123317e+01,3.114617e+00,-2.234149e+00,-7.315716e+00,8.814816e+00,-1.286330e+00,5.983028e-01,4.291327e-02,5.580509e+02,7.582855e-01,-1.274025e-05,2.222514e-01,3.216831e-01,-1.927470e-01,1.881962e-02,1.642696e-01,-1.496410e-02,-7.469690e-01,-1.271116e-01,-3.336728e-01,2.899310e-01,9.161845e-01,-2.543264e-01,-4.200666e-03,3.851685e-01,-3.157490e-03
1.623002e-03,-8.764979e+00,6.050967e-01,-4.829688e+00,-9.642268e+00,-1.818626e+01,-1.068243e+01,2.182831e+00,-2.224755e+00,-6.819599e+00,8.430809e+00,1.023590e+00,3.798567e-01,3.807797e-02,5.585127e+02,7.528178e-01,-1.053188e-05,1.937221e-01,2.634276e-01,-2.511183e-01,6.264229e-02,1.196194e-01,-1.295962e-01,-6.049098e-01,-5.280590e-01,-2.036958e-02,5.689023e-01,1.126448e+00,-6.958551e-01,-3.173164e-03,5.122375e-01,-2.428645e-03
1.606934e-03,-8.425226e+00,8.224944e-01,-5.362866e+00,-9.448945e+00,-1.731013e+01,-1.153116e+01,1.699011e+00,-2.630915e+00,-6.993037e+00,1.027557e+01,1.597696e+00,-3.179351e-01,3.596253e-02,5.590472e+02,7.481239e-01,1.140265e-06,8.883085e-02,2.542865e-01,-4.543185e-02,1.199005e-01,-1.014929e-01,-1.690270e-01,-3.286052e-02,-6.479171e-01,4.806852e-03,8.191306e-01,6.571964e-01,-9.102958e-01,-1.390148e-03,2.784241e-01,-1.667827e-03
1.630914e-03,-8.616165e+00,1.055830e+00,-5.229333e+00,-9.577107e+00,-1.812249e+01,-1.148784e+01,2.050105e+00,-4.103837e+00,-6.495306e+00,1.065791e+01,2.756525e+00,-2.465015e+00,3.566032e-02,5.594443e+02,7.513947e-01,1.666762e-05,-4.056578e-02,1.258298e-01,1.382402e-01,1.739142e-01,-4.060072e-01,-6.593990e-02,3.438380e-01,-5.838779e-01,-2.686977e-03,6.269777e-01,-1.794123e-01,-7.385454e-01,-6.044112e-04,-9.414063e-02,-7.259786e-04
1.658179e-03,-8.729600e+00,1.127575e+00,-4.670707e+00,-9.484505e+00,-1.868784e+01,-1.167560e+01,3.016677e+00,-4.534194e+00,-7.453828e+00,1.179692e+01,1.133184e+00,-2.530740e+00,3.717135e-02,5.589772e+02,7.506579e-01,1.530071e-05,-4.497404e-02,7.089616e-02,2.575032e-01,3.779801e-01,-5.017115e-01,4.586859e-02,5.236517e-01,2.428069e-02,7.714820e-02,-1.209653e-01,-8.691047e-01,-1.475169e-02,-6.044116e-04,-6.249390e-01,-2.047128e-03
1.680718e-03,-8.815621e+00,1.081705e+00,-4.484566e+00,-8.754917e+00,-1.952744e+01,-1.093991e+01,3.243188e+00,-4.192505e+00,-6.602638e+00,1.080503e+01,3.587838e-01,-2.206468e+00,3.445150e-02,5.580770e+02,7.479209e-01,4.031172e-06,7.956791e-02,2.855670e-02,2.598486e-01,4.514285e-01,-6.633339e-02,-4.014969e-04,2.427656e-01,8.681645e-01,2.645293e-01,-6.062075e-01,-1.206723e+00,6.924657e-01,-1.087943e-03,-9.778931e-01,-4.929638e-03
1.658536e-03,-8.550368e+00,1.164038e+00,-4.447733e+00,-7.970140e+00,-1.911621e+01,-1.157578e+01,3.720729e+00,-2.465177e+00,-6.553629e+00,9.597192e+00,-1.548957e+00,-5.209672e-01,3.354488e-02,5.566061e+02,7.396252e-01,-6.243296e-06,1.896207e-01,6.845224e-03,2.274138e-01,2.442546e-01,3.474320e-01,-2.198178e-01,-4.255063e-02,1.103913e+00,5.199422e-01,-1.033616e+00,-8.479622e-01,7.334657e-01,-1.269267e-03,-9.600159e-01,-5.316341e-03
1.650891e-03,-8.307941e+00,1.180382e+00,-4.041577e+00,-8.077147e+00,-1.823997e+01,-1.153976e+01,2.911907e+00,-7.975230e-01,-5.622758e+00,8.726739e+00,-1.936020e+00,-7.573287e-03,3.203385e-02,5.557404e+02,7.322629e-01,-9.951053e-06,2.569882e-01,-5.850011e-02,2.440899e-01,-7.393088e-02,4.986835e-01,-3.174194e-01,-2.370299e-01,7.439086e-01,3.855302e-01,-8.007584e-01,-4.876460e-01,5.346938e-01,-1.239046e-03,-6.073669e-01,-3.919482e-03
1.641876e-03,-8.035336e+00,1.112463e+00,-3.755133e+00,-8.602117e+00,-1.759442e+01,-1.247477e+01,2.969564e+00,-7.121212e-01,-5.344058e+00,7.667978e+00,-1.959225e+00,3.714119e-02,3.203385e-02,5.553455e+02,7.319052e-01,-1.146582e-05,2.319834e-01,-1.506817e-01,9.389071e-02,-9.619723e-02,1.450653e-01,-9.822788e-02,-2.882760e-01,-1.651217e-01,3.270773e-01,-6.706179e-01,8.291699e-02,8.792679e-02,-1.752796e-03,-8.692016e-02,-6.587505e-04
1.639293e-03,-7.788196e+00,8.149921e-01,-3.610416e+00,-8.808583e+00,-1.779492e+01,-1.207752e+01,2.433621e+00,-1.349490e+00,-5.279773e+00,7.765842e+00,-1.874312e+00,1.879469e-01,2.901179e-02,5.556705e+02,7.321835e-01,-1.702080e-05,1.661106e-01,-1.205184e-01,-1.274541e-01,1.463653e-01,-4.555923e-01,2.624206e-01,-5.621011e-02,-7.146607e-01,2.852440e-02,-5.980821e-01,1.004712e-01,1.314676e-02,-1.843457e-03,2.165222e-01,-3.063679e-06
1.607006e-03,-7.650324e+00,5.933240e-01,-4.193860e+00,-8.085408e+00,-1.861341e+01,-1.179804e+01,2.518492e+00,-3.014802e+00,-5.089736e+00,6.724551e+00,-1.165226e+00,-1.790933e-01,2.629193e-02,5.562065e+02,7.363711e-01,-2.849455e-05,4.191484e-02,-1.191716e-02,-1.942248e-01,5.042933e-01,-5.688864e-01,9.120548e-01,5.110458e-01,-2.580607e-01,5.488415e-02,-6.082857e-01,-2.928702e-01,-3.100514e-01,-6.950738e-04,-3.680059e+01,-2.975571e-03
1.583222e-03,-7.669895e+00,8.373596e-01,-4.459484e+00,-7.603675e+00,-2.000844e+01,-1.056602e+01,2.856393e+00,-3.219486e+00,-5.607297e+00,6.208042e+00,-1.830664e+00,1.662777e-01,2.568752e-02,5.563925e+02,7.300146e-01,-3.714806e-05,-1.436058e-01,6.614457e-02,-1.367992e-01,6.395906e-01,-9.727230e-02,1.649182e+00,1.280109e+00,8.138672e-01,4.037857e-04,-6.305900e-01,-9.064468e-01,-6.159098e-01,1.722575e-03,-9.257589e+01,-7.636982e-03
1.527438e-03,-7.884913e+00,1.041693e+00,-4.301723e+00,-6.683104e+00,-1.933209e+01,-8.670245e+00,5.313407e+00,-1.067427e+00,-4.905875e+00,5.405449e+00,-3.445400e+00,-1.502281e+00,3.022061e-02,3.709815e+02,7.181118e-01,-4.412471e-05,-2.984863e-01,2.382019e-02,1.170088e-01,6.758426e-01,8.642054e-01,2.272690e+00,1.683649e+00,1.802279e+00,1.462426e-01,-5.153649e-01,-1.299567e+00,-9.470412e-01,4.019342e-03,-1.483402e+02,-1.153339e-02
1.493336e-03,-8.388930e+00,9.215303e-01,-4.240481e+00,-6.311782e+00,-1.792194e+01,-5.395509e+00,7.436709e+00,1.746158e+00,-5.369685e+00,5.272443e+00,-5.266459e+00,-2.230008e+00,3.566032e-02,1.854035e+02,7.031283e-01,-4.610859e-05,-4.108536e-01,-2.955004e-02,2.797964e-01,5.447623e-01,1.654600e+00,2.115090e+00,1.734219e+00,1.541447e+00,1.936397e-01,-6.199480e-01,-9.663059e-01,-8.146022e-01,4.865519e-03,-1.483766e+02,-1.247854e-02
1.431326e-03,-8.783237e+00,6.703396e-01,-3.718317e+00,-5.352142e+00,-1.533563e+01,-3.019849e+00,8.646579e+00,3.513769e+00,-4.477329e+00,4.615526e+00,-5.945162e+00,-3.716157e+00,4.140224e-02,0,6.921473e-01,-3.942822e-05,-4.383176e-01,-1.803849e-02,2.123123e-01,2.677713e-01,1.624731e+00,1.182418e+00,1.089194e+00,2.872321e-01,1.143972e-01,-7.530362e-01,-4.275683e-01,-3.170708e-01,5.349048e-03,-9.273666e+01,-1.165788e-02
1.400735e-03,-9.275001e+00,8.752863e-01,-3.352205e+00,-5.545345e+00,-1.373367e+01,-2.815768e+00,9.860900e+00,2.197150e+00,-4.853372e+00,3.503264e+00,-5.412312e+00,-2.799795e+00,4.442430e-02,0,6.806042e-01,-3.064374e-05,-4.134728e-01,9.846483e-02,-4.364116e-02,8.026695e-02,1.318402e+00,1.102801e-01,6.298561e-01,-9.725692e-01,1.135068e-02,-3.546753e-01,1.454145e-01,-2.971650e-01,6.436990e-03,-3.708070e+01,-9.233600e-03
1.376598e-03,-9.633466e+00,9.746229e-01,-3.684299e+00,-5.727466e+00,-1.330257e+01,-4.048028e+00,9.547281e+00,1.432374e-01,-4.592045e+00,2.524858e+00,-5.510315e+00,-2.802741e+00,5.258386e-02,0,6.710844e-01,-1.636157e-05,-3.208204e-01,1.281465e-01,-3.576456e-01,-1.168904e-02,8.977278e-01,-4.408388e-01,4.416561e-02,-1.178293e+00,-1.766635e-01,2.858708e-01,6.117240e-01,-6.731207e-01,7.283167e-03,0,-6.900430e-03
1.367482e-03,-1.003118e+01,1.261713e+00,-4.475696e+00,-5.722785e+00,-1.234646e+01,-4.330019e+00,1.013564e+01,-1.431422e+00,-5.255573e+00,4.544401e+00,-4.756810e+00,-4.172541e+00,6.225446e-02,0,6.674917e-01,-1.519293e-05,-1.104200e-01,1.416795e-01,-4.027219e-01,2.152234e-01,7.128478e-01,-1.589433e-01,-3.551989e-01,-3.442844e-01,-6.472902e-02,1.158414e+00,8.527372e-01,-1.404821e+00,6.044123e-03,0,-3.314531e-03
1.366145e-03,-1.000925e+01,1.117859e+00,-4.944800e+00,-5.321867e+00,-1.154060e+01,-4.466917e+00,8.730038e+00,-5.634071e-01,-5.159546e+00,5.524311e+00,-3.214293e+00,-6.395388e+00,6.890300e-02,0,6.642014e-01,-1.985817e-05,1.700184e-01,6.685500e-02,-2.191172e-01,3.710113e-01,5.833719e-01,4.371676e-01,-4.798833e-01,6.916443e-01,8.991957e-02,1.259993e+00,9.747405e-01,-1.527462e+00,2.538531e-03,0,9.248018e-04
1.329997e-03,-9.639209e+00,1.512066e+00,-4.735564e+00,-4.672028e+00,-1.105042e+01,-3.401040e+00,8.493527e+00,8.290501e-01,-4.893267e+00,7.795610e+00,-2.296637e+00,-8.027576e+00,6.648535e-02,0,6.674730e-01,-2.512074e-05,3.333822e-01,-6.148040e-02,-9.166279e-02,3.202778e-01,1.016894e-01,8.060039e-01,-6.384735e-01,1.173705e+00,6.333232e-02,4.759583e-01,5.616069e-01,-1.303638e+00,-9.972811e-04,0,5.111367e-03
1.296049e-03,-8.979360e+00,1.183721e+00,-4.649951e+00,-4.397789e+00,-1.103374e+01,-2.326679e+00,7.968920e+00,2.471223e+00,-4.323600e+00,7.199219e+00,-1.866699e+00,-8.512531e+00,6.316108e-02,0,6.757178e-01,-2.699028e-05,3.166429e-01,-1.096617e-01,-1.804442e-01,1.656868e-01,-1.586217e-01,8.572125e-01,-4.007661e-01,8.484505e-01,-2.397443e-01,-7.244476e-01,-2.575617e-02,-7.819158e-01,-2.266546e-03,0,7.297969e-03
1.276926e-03,-8.879214e+00,9.213796e-01,-5.081434e+00,-4.583436e+00,-1.209145e+01,-1.370119e+00,7.323830e+00,2.919786e+00,-5.356884e+00,6.086739e+00,-2.622572e+00,-9.632161e+00,6.013902e-02,0,6.872904e-01,-2.407448e-05,1.462283e-01,-8.399431e-02,-3.680087e-01,-2.262826e-02,-1.342538e-01,4.953338e-01,-3.765825e-01,7.480307e-02,-5.725595e-01,-2.003789e+00,-4.835483e-01,2.323062e-01,-3.022049e-04,0,5.803925e-03
1.257729e-03,-8.806032e+00,8.648934e-01,-5.674086e+00,-4.537729e+00,-1.181319e+01,-1.196315e+00,7.311056e+00,2.633477e+00,-6.126459e+00,2.756509e+00,-3.180106e+00,-9.502674e+00,6.074343e-02,0,6.907825e-01,-2.425808e-05,-1.923046e-02,9.200966e-02,-5.468336e-01,-5.918417e-02,2.370284e-01,2.746486e-01,-4.899805e-01,-8.849395e-01,-7.256637e-01,-2.258719e+00,-6.790708e-01,1.301692e+00,2.236327e-03,0,3.129840e-03
1.228785e-03,-8.994731e+00,1.251508e+00,-6.063540e+00,-4.715199e+00,-1.133196e+01,-1.489553e+00,6.939547e+00,1.121938e+00,-6.854635e+00,-1.982053e-03,-4.057675e+00,-6.370974e+00,6.618314e-02,0,6.889603e-01,-1.804895e-05,-9.813614e-02,2.225400e-01,-4.085625e-01,-6.935568e-02,7.400262e-01,3.440983e-01,-8.131086e-01,-1.317162e+00,-6.121109e-01,-1.709820e+00,-4.820714e-01,2.105774e+00,2.870959e-03,0,4.398644e-04
1.198829e-03,-9.017754e+00,1.478705e+00,-6.893066e+00,-4.627828e+00,-1.022834e+01,-8.937193e-01,5.711159e+00,-1.054551e+00,-7.203043e+00,-1.050014e+00,-4.544502e+00,-3.634666e+00,7.132065e-02,0,6.905320e-01,-8.087792e-06,-1.878959e-01,1.949875e-01,-1.172182e-01,-1.089307e-01,1.008030e+00,4.994153e-01,-1.133591e+00,-1.391896e+00,-6.558374e-01,-8.146292e-01,-2.533787e-01,1.761401e+00,3.626466e-04,0,-5.487203e-05
1.216131e-03,-9.264034e+00,1.727174e+00,-6.514756e+00,-4.885165e+00,-9.183742e+00,1.990747e-01,4.058235e+00,-1.822011e+00,-7.879147e+00,-5.590983e-01,-4.350731e+00,-2.037295e+00,6.920520e-02,0,6.896150e-01,5.948939e-07,-2.972752e-01,7.514393e-02,4.303702e-01,1.434794e-01,1.128741e+00,4.988375e-01,-9.456971e-01,-8.632962e-01,-8.755693e-01,-3.681886e-01,-9.801026e-02,1.086292e+00,-2.478092e-03,0,-2.917767e-04
1.223617e-03,-9.610860e+00,1.601998e+00,-6.034569e+00,-4.997400e+00,-7.847151e+00,4.564483e-01,3.083757e+00,-2.854027e+00,-8.893390e+00,-1.038079e+00,-4.300472e+00,-2.862510e+00,6.104564e-02,0,6.901808e-01,-8.446979e-07,-4.472262e-01,-2.921922e-02,8.084425e-01,2.991495e-01,1.085051e+00,7.099634e-02,-3.684690e-01,-4.466100e-01,-1.094179e+00,-7.239801e-01,-3.103549e-01,8.795972e-01,-4.230894e-04,0,-2.978969e-03
1.219365e-03,-1.018455e+01,1.565581e+00,-4.340938e+00,-3.813016e+00,-6.878847e+00,3.295504e-01,3.524762e+00,-2.294805e+00,-1.038731e+01,-1.848893e+00,-4.669741e+00,-1.325590e+00,5.893019e-02,0,6.876770e-01,-1.485974e-05,-5.198525e-01,-7.890737e-02,7.298178e-01,3.753073e-01,8.002166e-01,-2.832097e-01,-1.137421e-02,-3.264577e-02,-1.139712e+00,-1.286047e+00,-5.184939e-01,1.100089e+00,5.983682e-03,0,-9.927327e-03
1.192988e-03,-1.079362e+01,1.413405e+00,-3.937763e+00,-3.668154e+00,-5.955528e+00,-6.039754e-01,4.135550e+00,-3.051204e+00,-1.141986e+01,-4.025018e+00,-5.936771e+00,4.074672e-01,7.434271e-02,0,6.766062e-01,-2.631281e-05,-4.950062e-01,6.047302e-02,3.402361e-01,1.045727e-01,3.457703e-01,-4.373035e-01,-2.659822e-02,6.147185e-01,-2.037493e-01,-1.545559e+00,-4.845620e-01,1.090475e+00,9.821698e-03,0,-5.860295e-02
1.157147e-03,-1.127191e+01,1.426933e+00,-3.914069e+00,-3.673251e+00,-6.128470e+00,-6.867618e-01,3.475467e+00,-1.886651e+00,-1.231447e+01,-5.495862e+00,-6.125051e+00,1.828164e+00,9.247508e-02,0,6.467656e-01,-3.535078e-05,-3.459561e-01,3.779228e-01,4.714780e-02,-3.243735e-01,-4.139510e-01,-1.711782e-01,-1.744730e-01,1.102256e+00,5.764568e-01,-1.301312e+00,5.150046e-02,1.959137e-01,6.920521e-03,0,-1.231530e-01
1.123162e-03,-1.154221e+01,1.973688e+00,-4.546823e+00,-4.544419e+00,-6.493488e+00,-1.221913e+00,2.975413e+00,1.548910e-02,-8.948554e+00,-6.942388e+00,-5.995627e+00,1.012986e+00,9.338168e-02,0,4.176218e-01,-2.718367e-05,-1.874929e-01,9.677048e-01,2.350806e-01,-4.620798e-01,-1.184843e+00,9.495205e-02,2.290535e-01,1.086861e+00,6.239718e-01,-3.776606e-01,6.674457e-01,-7.928415e-01,1.027499e-03,0,-1.798574e-01
1.077524e-03,-1.154004e+01,3.175055e+00,-3.800669e+00,-4.996751e+00,-8.679622e+00,-2.173717e-01,3.232466e+00,1.683130e+00,-8.740676e+00,-6.896767e+00,-4.382811e+00,-6.487810e-01,8.401331e-02,0,2.014040e-01,-1.364620e-05,-3.122643e-01,1.299677e+00,5.377655e-01,-3.937713e-01,-1.200120e+00,-1.277199e-01,-8.810286e-02,-2.244058e-01,1.779823e-02,3.261103e-01,7.812370e-01,-1.531134e+00,1.813225e-04,0,-1.711153e-01
1.096881e-03,-1.159703e+01,5.377869e+00,-2.819061e+00,-5.316803e+00,-1.060417e+01,-3.639102e-01,5.402318e+00,5.982111e-01,-1.008690e+01,-5.212869e+00,-3.470663e+00,-2.318268e+00,8.371109e-02,0,0,-1.824438e-06,-7.137731e-01,1.257659e+00,9.792470e-01,3.239754e-01,-2.557123e-01,-4.202299e-01,-8.818156e-01,-1.516065e+00,-9.600601e-02,9.649789e-01,7.465214e-01,-1.031763e+00,5.288607e-03,0,-1.036648e-01
1.102056e-03,-1.280583e+01,6.223226e+00,-2.089123e+00,-5.255915e+00,-1.007373e+01,-1.754363e+00,1.821500e+00,-3.300041e+00,-1.165631e+01,-4.730070e+00,-3.481348e+00,-4.161878e+00,9.821699e-02,0,0,3.994442e-07,-1.231724e+00,7.632668e-01,1.169587e+00,1.409287e+00,1.629256e+00,-5.364304e-01,-1.922727e+00,-1.576866e+00,1.487972e+00,1.151854e+00,3.568498e-01,-1.479339e-01,5.923237e-03,0,-4.028081e-02
1.101774e-03,-1.447818e+01,6.737896e+00,-5.063607e-01,-2.794960e+00,-7.074996e+00,-2.554567e+00,-7.281818e-01,-5.073250e+00,-7.970767e+00,-3.200842e+00,-2.713752e+00,-2.389280e+00,1.127229e-01,0,0,-7.957313e-06,-1.388047e+00,2.940291e-01,1.418085e+00,2.339761e+00,2.825553e+00,-1.599795e-02,-1.593615e+00,-2.051213e-01,3.006699e+00,1.615746e+00,4.355265e-01,1.019875e+00,-6.346338e-04,0,0
1.077075e-03,-1.625808e+01,6.311375e+00,8.909152e-01,7.887602e-01,-2.297928e+00,-1.804195e+00,-3.315920e+00,-3.365472e+00,-2.358879e+00,-2.143508e+00,-2.977018e+00,-1.352944e+00,9.912360e-02,0,0,-1.388333e-05,-1.073588e+00,8.800807e-02,1.265234e+00,2.246309e+00,2.585494e+00,4.243113e-01,1.819749e-01,1.332171e+00,2.931695e+00,1.930594e+00,5.389930e-01,1.058812e+00,-1.063765e-02,0,0
1.069585e-03,-1.681113e+01,6.803940e+00,2.781345e+00,3.359663e+00,-3.642994e-01,-4.189837e-01,2.955357e-03,-3.946801e-01,2.978833e-01,1.572579e+00,-1.545196e+00,1.376642e+00,8.008461e-02,0,0,-1.586425e-05,-6.684191e-01,-1.024560e-01,5.657104e-01,9.856963e-01,1.316586e+00,3.740093e-01,1.140759e+00,1.519057e+00,1.519117e+00,2.097995e+00,1.143539e+00,2.516169e-01,-1.429435e-02,0,0
1.048734e-03,-1.700729e+01,6.630245e+00,2.593196e+00,2.898319e+00,-5.016071e-01,-7.005977e-01,2.365806e+00,1.021531e+00,-1.132161e+00,2.536190e+00,-1.370661e+00,-7.507797e-01,6.134784e-02,0,0,-1.104691e-05,-3.984804e-01,-2.054768e-01,-3.200679e-01,-2.067277e-01,1.810810e-01,3.819311e-01,1.219457e+00,8.849128e-01,4.113893e-01,1.786417e+00,1.526516e+00,-5.197422e-01,-1.299486e-02,0,0
1.036623e-03,-1.744567e+01,6.066182e+00,1.471051e+00,1.078742e+00,-1.390226e+00,-1.236319e+00,2.134750e+00,3.285352e-01,-9.885387e-01,4.949286e+00,2.200763e+00,-1.432278e+00,6.013902e-02,0,0,1.174747e-07,-4.260788e-01,-4.525979e-01,-1.172803e+00,-4.293926e-01,1.307536e-01,3.385860e-01,-6.346674e-02,4.853377e-01,6.339765e-01,1.017557e+00,1.160546e+00,-7.213901e-01,-1.151405e-02,0,0
1.038321e-03,-1.793321e+01,5.652870e+00,-5.427710e-02,8.955821e-01,-8.795598e-01,5.141281e-01,1.715466e+00,6.974852e-01,3.412787e-01,5.100225e+00,2.782582e+00,-2.547196e+00,4.412209e-02,0,0,1.140761e-05,-3.466671e-01,-4.221769e-01,-1.356200e+00,1.947271e-02,4.598249e-01,6.583982e-01,-5.619679e-01,6.307520e-01,1.401953e+00,6.408798e-01,3.861007e-01,1.383568e-01,-1.166516e-02,0,0
1.075379e-03,-1.847857e+01,5.029638e+00,-1.758934e+00,2.214069e+00,4.784448e-01,6.665835e-01,1.079161e-02,2.194031e+00,2.731046e+00,5.378345e+00,2.180910e+00,-1.332101e+00,3.112723e-02,0,0,1.589464e-05,-2.028217e-01,-3.052203e-01,-9.552469e-01,3.407319e-01,6.328644e-01,4.509322e-01,-4.178050e-01,7.681463e-01,1.316813e+00,5.804987e-02,-4.344843e-01,7.111624e-01,-6.527651e-03,0,0
1.086394e-03,-1.822418e+01,5.037632e+00,-2.572810e+00,2.428020e+00,8.631819e-01,1.639942e+00,6.179458e-01,3.242543e+00,4.017811e+00,5.526060e+00,5.697684e-01,-1.090841e-01,1.752795e-02,0,0,1.458653e-05,-1.975174e-02,-1.124382e-01,-3.749176e-01,-7.402651e-02,3.424231e-01,9.056558e-02,4.725494e-02,5.468172e-01,9.993975e-01,-7.211713e-02,-3.178766e-01,1.138727e+00,3.142944e-03,0,0
1.092060e-03,-1.831430e+01,4.847699e+00,-2.045917e+00,2.016183e+00,9.027250e-01,4.554350e-01,5.944849e-01,2.896738e+00,3.757261e+00,5.026618e+00,1.134748e+00,9.044787e-01,4.079783e-02,0,0,5.504628e-06,4.694901e-02,9.654808e-02,2.356067e-01,-4.631554e-01,-1.167670e-02,-1.943320e-01,4.628400e-01,5.351619e-01,6.637112e-01,-3.678110e-01,1.460465e-01,9.190351e-01,8.643094e-03,0,0
1.102913e-03,-1.811411e+01,5.181648e+00,-1.785373e+00,6.243926e-01,6.204155e-01,1.072530e+00,1.659895e+00,3.080218e+00,4.825158e+00,4.915503e+00,1.716280e+00,2.028151e+00,5.500151e-02,0,0,2.188783e-06,7.059117e-02,1.520379e-01,2.398524e-01,-3.007880e-01,3.715308e-02,1.782092e-01,7.049343e-01,6.374546e-01,5.327250e-01,-5.331208e-01,5.846766e-01,5.411145e-01,5.046841e-03,0,0
1.094643e-03,-1.829886e+01,5.440370e+00,-9.746191e-01,8.001053e-01,5.414445e-01,-2.137057e-02,1.804017e+00,4.951003e+00,5.645929e+00,3.844569e+00,2.337887e+00,2.194457e+00,5.560592e-02,0,0,-2.462463e-06,1.435541e-01,1.209260e-01,2.961100e-02,-6.329665e-02,2.615535e-02,6.048740e-01,5.898854e-01,5.359918e-01,2.942258e-01,-6.035506e-01,4.724094e-01,6.376986e-02,3.324267e-04,0,0
1.096047e-03,-1.787894e+01,5.501486e+00,-1.909197e+00,1.532119e+00,1.229588e+00,2.769390e+00,3.537851e+00,5.402683e+00,5.737103e+00,3.451481e+00,2.891582e+00,1.951499e+00,3.535811e-02,0,0,-5.333021e-06,1.060568e-01,-1.294610e-01,-1.982350e-01,3.596580e-03,2.101342e-02,6.650172e-01,-2.762753e-01,-3.079934e-01,-7.032168e-01,-1.167698e+00,2.489915e-01,-1.506300e-01,1.054699e-02,0,0
1.083181e-03,-1.771411e+01,5.292410e+00,-1.835950e+00,1.245836e+00,7.289157e-01,2.631375e+00,2.604933e+00,4.415464e+00,4.772418e+00,2.740876e+00,2.909145e+00,1.261654e+00,5.228166e-02,0,0,-5.920767e-06,-5.707168e-03,-2.395351e-01,-2.997747e-01,-5.068081e-01,1.459761e-02,6.195840e-01,-1.039545e+00,-1.242962e+00,-1.204443e+00,-1.240729e+00,-3.441389e-01,-3.246014e-01,2.831671e-02,0,0
1.081979e-03,-1.787620e+01,4.608323e+00,-2.345882e+00,4.195099e-01,6.317470e-01,3.071243e+00,-1.219400e-01,1.808020e+00,1.745830e+00,-3.711415e-01,2.675609e+00,1.741403e+00,1.093986e-01,0,0,-3.293599e-06,-2.748627e-01,-4.064345e-01,-1.947350e-01,-6.501757e-01,1.508711e-01,2.303260e-01,-1.540166e+00,-1.451657e+00,-1.742597e+00,-1.202836e+00,-5.248194e-01,-1.968673e-01,3.278936e-02,0,0
1.072073e-03,-1.832877e+01,4.689276e+00,-2.255150e+00,-1.177631e+00,9.133528e-01,2.925623e+00,-1.563812e+00,5.335247e-01,1.619349e+00,-4.477633e-01,7.251790e-01,6.764989e-01,1.601692e-01,0,0,4.173443e-06,-4.524996e-01,-3.857302e-01,-8.756304e-02,-2.343531e-01,2.435783e-01,5.550348e-01,-6.537764e-01,-9.127805e-01,-1.519794e+00,-2.070228e-01,-4.452231e-01,3.994721e-01,1.725597e-02,0,0
1.085133e-03,-1.894593e+01,3.770881e+00,-2.673272e+00,-5.070261e-01,1.891725e+00,3.773896e+00,-2.078605e+00,8.536875e-02,-1.399349e+00,-9.683793e-01,1.359468e+00,1.259740e+00,1.453611e-01,0,0,5.733769e-06,-4.714678e-01,-4.818327e-01,1.325919e-01,3.565092e-01,1.211265e-01,3.665362e-01,4.320673e-01,2.297691e-01,-9.993410e-01,3.459124e-01,-4.688218e-01,9.672415e-01,-1.511030e-04,0,0
1.102471e-03,-1.944174e+01,3.782480e+00,-2.110070e+00,5.373388e-01,1.316818e+00,5.055223e+00,3.143837e-01,7.128878e-01,-1.253963e+00,2.004381e+00,1.341100e+00,3.499846e+00,1.205802e-01,0,0,-1.898361e-06,-2.586392e-01,-3.476681e-01,3.099335e-01,6.426197e-01,-1.295287e-01,-1.311903e-02,8.035161e-01,7.383031e-01,-1.620066e-01,4.685632e-01,-2.879803e-01,1.217928e+00,5.560592e-03,0,0
1.095449e-03,-1.967705e+01,2.652558e+00,-1.755463e+00,1.344571e+00,1.035647e+00,3.839124e+00,1.099299e+00,2.867185e+00,-1.814219e+00,1.323480e-01,2.353954e-02,5.165937e+00,1.284376e-01,0,0,-1.075438e-05,4.154949e-02,2.153695e-02,4.761126e-01,4.730908e-01,-1.937177e-01,-6.582186e-01,6.536839e-01,7.391757e-01,7.584469e-01,8.681329e-02,-6.370858e-01,5.836394e-01,2.511333e-02,0,0
1.057423e-03,-1.925640e+01,3.510097e+00,-1.164388e+00,1.109669e+00,6.937485e-01,2.827414e+00,8.648168e-01,2.834132e+00,1.016751e+00,1.344689e+00,-4.675865e-02,4.813040e+00,1.964340e-01,0,0,-1.085708e-05,3.095001e-01,2.473350e-01,4.743509e-01,4.976457e-02,-1.976053e-01,-1.540068e+00,-2.212684e-01,3.063954e-01,8.573526e-01,-4.584226e-01,-6.221873e-01,-3.286896e-01,3.058326e-02,0,0
1.053885e-03,-1.883085e+01,4.014757e+00,-7.655508e-01,1.572263e+00,1.234671e+00,1.596708e+00,9.145975e-01,2.720625e+00,1.257528e+00,-2.044665e-01,-1.132032e+00,3.521340e+00,2.330009e-01,0,0,-1.202221e-06,3.331385e-01,3.546957e-01,2.224367e-01,-2.280595e-01,-4.356578e-02,-1.491371e+00,-5.154374e-01,-1.556804e-01,7.611335e-01,-7.480172e-02,-2.951199e-01,-8.221952e-01,1.414324e-02,0,0
1.068967e-03,-1.831734e+01,4.338056e+00,-2.332718e-01,6.723159e-01,2.292795e-01,-1.523911e+00,-6.996076e-01,2.318145e+00,1.496926e+00,-1.193244e-01,-1.192051e+00,2.678696e+00,2.212149e-01,0,0,6.125274e-06,1.774149e-01,9.707880e-03,-2.043052e-01,-4.780118e-01,-1.558516e-01,-1.344900e+00,-6.303135e-01,4.627770e-01,5.115418e-01,1.544172e-01,-1.647081e-02,-7.237226e-01,-8.612880e-03,0,0
1.083666e-03,-1.848089e+01,4.012057e+00,-1.108837e+00,4.229504e-01,1.050052e+00,-1.442066e+00,-6.956758e-01,2.346776e+00,1.751360e+00,4.903460e-01,-8.794141e-01,2.122133e+00,1.867634e-01,0,0,2.028712e-06,-3.442478e-02,-2.129164e-01,-6.940368e-01,-5.306312e-01,-3.502807e-01,-2.965325e-01,-1.828353e-01,6.980036e-01,3.187897e-01,1.046517e+00,1.018967e+00,1.894089e-01,-1.541251e-02,0,0
1.073159e-03,-1.854431e+01,3.559987e+00,-2.014270e+00,-7.057334e-01,6.799618e-03,-2.377697e+00,-1.481614e+00,5.334942e+00,3.327544e+00,1.769369e+00,-2.554218e-01,1.894031e+00,1.764884e-01,0,0,-3.601459e-06,-2.379785e-01,-4.283815e-01,-7.725245e-01,-3.863463e-01,-5.090567e-01,8.925776e-01,3.197501e-01,6.742555e-01,-1.323628e-03,1.278185e+00,1.318918e+00,6.434946e-01,-1.033545e-02,0,0
1.061933e-03,-1.888949e+01,3.339209e+00,-3.345236e+00,-3.918690e-01,-4.054929e-01,5.409386e-01,3.914239e-01,4.702244e+00,1.936167e+00,4.083770e+00,3.494487e+00,4.860717e+00,1.783016e-01,0,0,-7.377227e-06,-3.344038e-01,-4.460088e-01,-5.252743e-01,-4.839476e-01,-4.789672e-01,1.805984e+00,8.622804e-01,1.547020e-01,-3.321651e-01,8.789784e-01,9.071112e-01,2.414304e-01,-1.169537e-02,0,0
1.061826e-03,-1.930293e+01,2.532572e+00,-2.977695e+00,-8.520062e-01,-1.588232e+00,1.947475e+00,3.555929e-01,4.511688e+00,1.397905e+00,4.474887e+00,3.215586e+00,4.526877e+00,1.737685e-01,0,0,-5.656294e-06,-2.884689e-01,-2.082140e-01,-3.531365e-02,-3.685109e-01,-8.602906e-02,2.062578e+00,1.162666e+00,5.897689e-03,-4.724767e-02,1.207581e-01,1.618098e-01,-8.320378e-01,-2.112420e-02,0,0
1.052446e-03,-1.977360e+01,2.295720e+00,-3.253496e+00,-1.923651e+00,-5.472683e-01,5.425269e+00,2.697123e+00,3.531913e+00,1.055354e+00,3.532478e+00,1.920638e+00,2.012862e+00,1.296464e-01,0,0,-4.757347e-06,-1.677605e-01,7.013957e-02,3.535746e-01,-1.374083e-01,1.742707e-01,1.209063e+00,9.616266e-01,1.226713e+00,8.695383e-01,-5.657308e-01,-3.921446e-01,-1.328209e+00,-3.167120e-02,0,0
1.049621e-03,-1.954460e+01,3.040662e+00,-2.236708e+00,-1.782397e+00,-3.524580e-01,5.493027e+00,3.178867e+00,5.949596e+00,3.531712e+00,2.648805e+00,1.340552e+00,-8.422305e-01,9.519493e-02,0,0,4.797242e-07,-3.574257e-02,3.205146e-01,5.007088e-01,8.660761e-01,3.961054e-01,2.524664e-01,5.526922e-01,1.832021e+00,1.519359e+00,-5.229749e-01,3.487733e-01,-3.811358e-01,-3.411907e-02,0,0
1.044249e-03,-1.960746e+01,3.435862e+00,-1.947856e+00,-6.137154e-01,-1.520263e-01,4.813476e+00,3.787920e+00,1.011685e+01,5.216955e+00,2.168158e+00,2.471281e+00,9.042251e-01,5.923240e-02,0,0,5.919067e-06,-1.274477e-01,3.108122e-01,6.926966e-01,1.592754e+00,4.039726e-01,-2.595617e-01,-1.991739e-01,1.613863e+00,1.072739e+00,-3.709773e-01,6.031385e-01,5.144911e-01,-2.792385e-02,0,0
1.068324e-03,-1.956471e+01,3.565074e+00,-1.126971e+00,2.823406e+00,1.946744e-01,3.515703e+00,2.573655e+00,1.037932e+01,6.913901e+00,2.542173e+00,4.684131e+00,3.175516e+00,3.838018e-02,0,0,1.052702e-05,-2.081966e-01,1.263149e-01,4.875345e-01,1.462041e+00,3.026200e-01,-4.729123e-02,-3.399529e-01,7.642384e-02,-5.273361e-02,-2.547752e-01,9.233522e-02,4.491421e-01,-2.021759e-02,0,0
1.072690e-03,-2.040078e+01,3.587575e+00,-3.448823e-01,3.737215e+00,1.199028e+00,5.116122e+00,2.003859e+00,9.386363e+00,4.727958e+00,1.730908e+00,3.264541e+00,2.576444e+00,1.843457e-02,0,0,9.523111e-06,-1.808662e-01,8.645582e-02,2.158540e-01,3.698614e-01,2.077557e-01,2.682940e-01,-2.477082e-01,-1.352776e+00,-1.582369e+00,-5.509101e-01,-7.468780e-01,-3.524849e-01,-1.359929e-03,0,0
1.088036e-03,-2.018892e+01,3.596380e+00,-6.005226e-01,3.352344e+00,4.851149e-01,5.105247e+00,2.371133e+00,6.696961e+00,3.512543e+00,1.593554e+00,1.405598e+00,5.673706e-01,1.450589e-02,0,0,4.115770e-06,-2.213650e-02,-9.352114e-02,-6.987926e-01,-9.664965e-01,8.642533e-02,-1.397071e-02,-4.104373e-01,-2.063764e+00,-2.007218e+00,-7.448524e-01,-1.097682e+00,-7.106849e-01,2.363252e-02,0,0
1.082008e-03,-2.019968e+01,3.852489e+00,-1.131810e+00,9.711226e-01,7.415318e-01,5.360174e+00,2.650640e+00,5.194154e+00,-9.942113e-01,-1.120829e-01,3.761574e-01,4.458735e-01,6.436989e-02,0,0,-1.760048e-06,1.002169e-01,-1.377790e-01,-1.289626e+00,-1.427102e+00,2.224121e-01,-5.424415e-01,-5.845855e-01,-2.009133e+00,-1.438558e+00,-4.525812e-01,-4.678179e-01,2.238984e-01,4.563313e-02,0,0
1.084244e-03,-1.977594e+01,2.965011e+00,-4.227470e+00,-6.260304e-01,8.555493e-01,3.323824e+00,1.980778e-01,2.156606e+00,-2.611038e-01,-2.605931e-01,6.399152e-01,6.873769e-01,1.335751e-01,0,0,-7.675425e-06,5.914516e-02,-2.717828e-01,-1.386045e+00,-1.380555e+00,2.339831e-01,-9.972955e-01,-6.148640e-01,-1.386174e+00,-4.484624e-01,4.667605e-01,-8.240268e-02,8.996731e-01,5.022666e-02,0,0
1.065786e-03,-2.010618e+01,3.214364e+00,-4.979538e+00,-1.409108e+00,2.125872e+00,3.294627e+00,1.674587e-01,1.610875e+00,-5.780075e-01,3.950756e-01,1.308293e+00,3.635933e+00,1.870656e-01,0,0,-1.027014e-05,-6.466675e-03,-2.773035e-01,-7.311929e-01,-6.143473e-01,6.569928e-02,-9.681824e-01,-3.849756e-02,-3.633508e-01,5.759361e-01,1.371636e+00,-1.249118e-01,9.598833e-01,3.487458e-02,0,0
1.057770e-03,-1.993995e+01,2.556527e+00,-5.606885e+00,-2.360317e+00,9.628604e-01,1.151544e+00,5.384040e-01,1.557729e+00,1.062129e+00,3.673777e+00,5.275168e-01,3.470707e+00,2.042913e-01,0,0,-4.794251e-06,2.387409e-01,-3.243227e-01,2.231536e-01,1.479793e-02,-5.231158e-01,-6.270612e-01,1.094148e+00,7.145208e-01,4.128124e-01,1.154455e+00,-7.373455e-01,1.515248e-01,9.912357e-03,0,0
1.043894e-03,-2.015001e+01,2.670213e+00,-4.098067e+00,-1.233471e+00,1.016373e+00,1.605401e+00,2.287989e+00,3.676839e+00,1.223853e+00,4.778911e+00,-1.922023e-01,3.853625e+00,2.033847e-01,0,0,4.415086e-05,1.251458e+00,-9.912832e-01,3.019526e-01,1.970961e-01,-1.586405e+00,-7.062314e-01,1.238014e+00,1.138209e+00,1.728081e-01,1.089311e-01,-1.649997e+00,-1.025444e+00,-1.707465e-02,0,3.890809e-02
1.071218e-03,-1.856032e+01,1.615474e+00,-3.552438e+00,-6.398594e-01,-1.205280e+00,1.033130e+00,4.608553e+00,4.696228e+00,9.020278e-01,3.319766e+00,-2.296564e+00,1.336154e+00,1.749773e-01,0,0,1.610391e-04,2.551645e+00,-1.908275e+00,-2.472210e-01,-4.376871e-01,-2.418983e+00,-1.336906e+00,1.006166e+00,1.255526e+00,-8.306511e-02,-6.271918e-01,-2.384722e+00,-1.243474e+00,-3.729223e-02,1.313388e+01,1.087066e-01
1.279816e-03,-1.453870e+01,-1.271525e+00,-4.496999e+00,-1.283856e+00,-4.722082e+00,-1.773230e-01,4.322453e+00,5.732667e+00,3.660836e-01,1.116737e+00,-5.529652e+00,-4.240105e-01,1.163493e-01,0,1.945405e-01,3.011793e-04,3.551453e+00,-2.772037e+00,-1.315990e+00,-1.639476e+00,-2.606194e+00,-2.280830e+00,8.791256e-03,9.193872e-01,2.295382e-01,-6.068194e-01,-3.158288e+00,-1.266858e+00,-4.466606e-02,3.270298e+01,1.856351e-01
1.745005e-03,-9.987382e+00,-5.013978e+00,-6.643524e+00,-4.523560e+00,-8.262828e+00,-4.641623e+00,4.552002e+00,6.807445e+00,1.075688e+00,2.368905e+00,-8.727368e+00,-6.078471e-01,6.134784e-02,6.566938e+01,4.462627e-01,3.803095e-04,3.292198e+00,-2.628048e+00,-1.984275e+00,-2.146531e+00,-1.266613e+00,-2.075685e+00,-9.159050e-01,6.698397e-01,8.437112e-01,-2.233758e-01,-3.357360e+00,-1.013531e+00,-3.478392e-02,5.214083e+01,2.056764e-01
2.212898e-03,-6.679219e+00,-7.875247e+00,-9.132473e+00,-7.488999e+00,-8.485826e+00,-6.961370e+00,2.360221e+00,7.218166e+00,2.284714e+00,2.220245e+00,-1.276824e+01,-1.508663e+00,3.686915e-02,1.306802e+02,7.050440e-01,3.416324e-04,2.132761e+00,-1.605074e+00,-2.196705e+00,-1.817678e+00,6.796053e-01,-6.713659e-01,-1.595763e+00,1.855872e-01,1.158818e+00,-7.385608e-01,-3.201486e+00,-1.391998e+00,-1.716531e-02,5.186367e+01,1.507557e-01
2.506225e-03,-6.029077e+00,-8.222908e+00,-1.115608e+01,-8.269944e+00,-5.656474e+00,-5.953271e+00,1.010144e+00,7.302677e+00,4.161269e+00,1.651133e+00,-1.546407e+01,-3.189177e+00,4.079783e-02,1.953641e+02,7.731301e-01,2.189972e-04,9.427570e-01,-4.141263e-01,-2.071083e+00,-7.699538e-01,2.260314e+00,1.341784e+00,-2.227975e+00,-4.475742e-01,8.705819e-01,-1.752702e+00,-2.607394e+00,-1.700929e+00,-3.414929e-03,3.210640e+01,7.672490e-02
2.607368e-03,-5.854052e+00,-7.692429e+00,-1.322425e+01,-8.499057e+00,-2.627232e+00,-2.878328e+00,-1.885434e+00,6.412987e+00,4.617383e+00,-2.217181e+00,-1.816873e+01,-6.093336e+00,4.079783e-02,1.944710e+02,7.848852e-01,9.057461e-05,2.690477e-01,3.477428e-01,-1.651310e+00,-3.753505e-02,2.849836e+00,2.378850e+00,-2.200920e+00,-1.188168e+00,3.708356e-01,-2.146090e+00,-1.638738e+00,-1.175147e+00,9.972795e-04,1.266156e+01,1.885822e-02
2.642756e-03,-5.686180e+00,-7.176019e+00,-1.495305e+01,-7.868300e+00,1.094441e-01,2.577504e-02,-4.465044e+00,4.972164e+00,4.262264e+00,-4.175891e+00,-1.906409e+01,-6.820157e+00,4.230886e-02,1.943060e+02,7.899666e-01,-1.028627e-05,1.926392e-01,5.349030e-01,-1.184482e+00,1.122379e-01,2.436994e+00,2.265445e+00,-2.063204e+00,-1.777896e+00,-2.983489e-01,-1.892624e+00,-7.671167e-01,-1.574805e-01,-1.511030e-04,-1.536469e-01,4.213607e-03
2.597505e-03,-5.505429e+00,-6.659977e+00,-1.549054e+01,-7.877496e+00,2.880394e+00,1.943357e+00,-5.906786e+00,2.442583e+00,4.088395e+00,-5.596691e+00,-1.916192e+01,-5.568910e+00,4.110003e-02,1.945170e+02,7.909169e-01,-7.450520e-05,1.686259e-01,4.160248e-01,-5.898169e-01,1.879673e-01,1.530718e+00,1.576108e+00,-1.543514e+00,-1.876514e+00,-6.566115e-01,-1.226945e+00,5.339394e-02,6.360301e-01,-8.461766e-04,-4.469299e-03,1.168108e-03
2.459725e-03,-5.240192e+00,-6.064619e+00,-1.594534e+01,-8.019535e+00,3.774685e+00,2.963111e+00,-7.295200e+00,3.984015e-01,2.934018e+00,-6.122235e+00,-1.880306e+01,-4.238792e+00,3.989121e-02,1.945728e+02,7.911823e-01,-1.081239e-04,6.491823e-02,2.343817e-01,-5.196476e-02,4.091652e-01,3.610205e-01,8.942454e-01,-1.233326e+00,-1.536784e+00,-5.988526e-01,-1.371437e+00,3.132698e-01,8.306726e-01,-5.741917e-04,-1.398468e-01,-8.020162e-04
2.326357e-03,-5.233916e+00,-6.168005e+00,-1.567719e+01,-7.483603e+00,3.193738e+00,3.533543e+00,-8.187928e+00,-6.827046e-01,1.998448e+00,-7.378733e+00,-1.803228e+01,-4.203867e+00,3.777577e-02,1.943152e+02,7.901179e-01,-1.232308e-04,-4.125428e-02,7.344703e-02,5.654575e-01,9.731356e-01,-6.741170e-01,5.125581e-01,-7.528037e-01,-9.618965e-01,3.494954e-03,-1.495098e+00,2.695145e-01,8.390371e-01,1.027501e-03,-4.634811e-01,-3.476477e-03
2.237710e-03,-5.497345e+00,-6.250097e+00,-1.511955e+01,-6.019421e+00,1.757875e+00,3.701909e+00,-9.491101e+00,-1.149111e+00,2.312974e+00,-1.014205e+01,-1.806256e+01,-3.349315e+00,4.110003e-02,1.937076e+02,7.863560e-01,-1.575769e-04,-1.716422e-01,4.194662e-01,1.066824e+00,1.371876e+00,-1.014839e+00,8.488743e-02,-3.545021e-01,-1.059678e+00,5.327467e-01,-1.190745e+00,-1.295633e-01,5.316275e-01,2.901177e-03,-7.744721e-01,-9.149492e-03
2.092358e-03,-5.583124e+00,-6.200003e+00,-1.307615e+01,-4.011876e+00,5.182142e-01,4.136748e+00,-8.572854e+00,-1.593143e+00,4.416391e+00,-1.106227e+01,-1.818459e+01,-1.818463e+00,4.563312e-02,1.926322e+02,7.759476e-01,-2.007782e-04,-2.116539e-01,9.725705e-01,1.227447e+00,1.283059e+00,-7.429472e-01,-5.411949e-02,1.577393e-01,-1.178618e+00,5.711616e-01,-3.376301e-01,-3.826366e-01,1.803213e-01,3.294046e-03,-9.923477e-01,-1.384429e-02
1.788840e-03,-5.923800e+00,-3.951289e+00,-1.191174e+01,-2.896020e+00,3.825339e-02,3.085946e+00,-8.875248e+00,-4.444770e+00,4.388780e+00,-1.023419e+01,-1.937472e+01,-2.773356e+00,5.046842e-02,1.915419e+02,7.525200e-01,-1.761014e-04,-2.335197e-01,1.026898e+00,9.365220e-01,6.103323e-01,-5.987072e-02,1.110863e-01,3.672628e-01,-7.643688e-01,2.077053e-01,3.823782e-01,-6.474797e-01,2.143269e-01,1.420368e-03,-9.302078e-01,-1.343501e-02
1.546902e-03,-6.078959e+00,-2.454556e+00,-1.114386e+01,-2.630010e+00,3.388126e-01,3.570927e+00,-7.707159e+00,-4.927968e+00,3.816353e+00,-9.020816e+00,-1.928938e+01,-3.590240e+00,4.956180e-02,1.904363e+02,7.378145e-01,-4.874029e-05,-3.086439e-01,1.372263e-01,4.475938e-01,-1.960180e-01,5.513238e-01,5.681584e-01,4.551845e-01,6.789758e-01,1.841448e-01,1.119243e-01,-6.128668e-01,1.047732e+00,-1.390148e-03,-6.396621e-01,-5.706203e-03
1.629931e-03,-6.417027e+00,-2.988331e+00,-1.140308e+01,-3.658692e+00,1.548222e+00,4.540251e+00,-8.087635e+00,-3.303543e+00,3.651520e+00,-9.250890e+00,-2.074757e+01,-1.391792e+00,4.623753e-02,1.901545e+02,7.382476e-01,1.212577e-04,-3.958750e-01,-1.271246e+00,4.781246e-02,-6.371355e-01,7.085845e-01,6.897666e-01,8.465592e-01,2.235726e+00,4.895086e-01,-3.076705e-01,-6.478668e-01,2.431063e+00,-3.414928e-03,-3.000778e-01,4.903621e-03
1.928111e-03,-6.879730e+00,-5.995350e+00,-1.109251e+01,-4.610630e+00,2.519849e+00,6.250388e+00,-6.690738e+00,1.231122e+00,5.705746e+00,-1.099430e+01,-2.056250e+01,2.729417e+00,4.079783e-02,1.901276e+02,7.545528e-01,2.021572e-04,-4.954182e-01,-1.895079e+00,-2.186334e-01,-4.690318e-01,4.764555e-01,5.655255e-02,1.313969e+00,2.567785e+00,1.817747e-01,-4.651482e-01,-5.358387e-01,2.606931e+00,-3.203383e-03,-1.121552e-01,1.051356e-02
2.204523e-03,-7.502789e+00,-8.537122e+00,-1.169835e+01,-5.091387e+00,2.490658e+00,5.195049e+00,-5.150662e+00,3.654313e+00,5.891627e+00,-1.078580e+01,-2.197749e+01,6.222130e+00,3.777577e-02,1.901959e+02,7.686689e-01,1.669914e-04,-5.364752e-01,-1.517626e+00,-3.039244e-01,-1.246284e-01,3.420345e-01,-6.234637e-01,1.968105e+00,1.920044e+00,-5.213650e-01,-2.567407e-01,-2.907438e-01,1.794805e+00,-1.631912e-03,-1.791290e-01,1.023937e-02
2.270392e-03,-8.013168e+00,-9.155558e+00,-1.208939e+01,-4.258821e+00,2.249872e+00,3.526291e+00,-2.605802e+00,4.432032e+00,3.605173e+00,-1.057910e+01,-2.135361e+01,5.637453e+00,3.777577e-02,1.898549e+02,7.751716e-01,7.656436e-05,-3.769704e-01,-6.381580e-01,-2.760157e-01,2.064690e-01,4.411395e-01,-7.583845e-01,2.042540e+00,1.084223e+00,-1.348117e+00,-5.899420e-02,1.657549e-01,6.092632e-01,1.813237e-04,-2.526337e-01,6.189096e-03
2.293748e-03,-8.532683e+00,-8.996359e+00,-1.242427e+01,-4.457738e+00,3.393383e+00,2.784981e+00,-2.895793e-01,4.696224e+00,2.094981e+00,-1.074219e+01,-2.180573e+01,6.128216e+00,3.958900e-02,1.893953e+02,7.791350e-01,-8.652802e-06,-6.689272e-02,-5.710602e-03,-1.516195e-01,2.832318e-01,4.925191e-01,-3.977339e-01,1.926705e+00,7.810699e-01,-1.259392e+00,-2.755080e-01,9.335219e-01,3.901444e-02,7.252932e-04,-2.334580e-01,2.679622e-03
2.266321e-03,-8.249635e+00,-8.956522e+00,-1.210963e+01,-3.895109e+00,4.274184e+00,3.663499e+00,1.091420e+00,6.131282e+00,8.634844e-01,-1.131107e+01,-1.981961e+01,5.822690e+00,4.079783e-02,1.892648e+02,7.802653e-01,-7.492919e-05,3.213848e-01,4.561368e-01,-1.873110e-01,3.244339e-01,-7.572174e-05,-3.851632e-01,1.439014e+00,9.083551e-01,-7.912704e-01,-1.941528e-02,1.518567e+00,-1.615794e-01,9.368379e-04,-6.898041e-02,-2.307653e-04
2.163295e-03,-7.719019e+00,-8.665193e+00,-1.244633e+01,-3.857084e+00,3.941097e+00,3.137775e+00,2.634252e+00,6.710037e+00,9.655135e-01,-1.179736e+01,-1.807689e+01,6.324584e+00,3.989120e-02,1.893237e+02,7.795202e-01,-1.434528e-04,5.872496e-01,9.346845e-01,-3.316634e-01,4.692822e-01,-1.047498e+00,-1.295043e+00,7.989792e-01,6.806771e-01,-3.506184e-01,7.504421e-01,1.854276e+00,-7.352106e-01,1.601692e-03,3.641205e-02,-3.778941e-03
1.960972e-03,-6.813076e+00,-7.040457e+00,-1.301491e+01,-2.936979e+00,1.975636e+00,1.424078e+00,3.127352e+00,7.966900e+00,2.135545e-01,-1.014859e+01,-1.562520e+01,4.731372e+00,4.230886e-02,1.895458e+02,7.738252e-01,-1.949226e-04,5.492927e-01,1.540320e+00,-2.730122e-01,3.458923e-01,-1.986213e+00,-2.415590e+00,6.618865e-02,5.507846e-02,2.136048e-01,1.957885e+00,1.679125e+00,-1.372958e+00,2.810517e-03,-7.940827e-02,-7.428402e-03
1.729158e-03,-6.314714e+00,-5.280969e+00,-1.362994e+01,-2.590393e+00,-6.948342e-01,-2.570525e+00,2.687351e+00,7.181800e+00,6.668539e-01,-7.571220e+00,-1.463155e+01,2.997822e+00,4.684195e-02,1.894368e+02,7.634604e-01,-1.963950e-04,3.395932e-01,1.749221e+00,5.733977e-02,1.083962e-01,-2.636938e+00,-2.969821e+00,-7.588462e-01,-6.364620e-01,6.199855e-01,2.713689e+00,1.440020e+00,-1.777446e+00,3.324268e-03,-3.426743e-01,-9.371048e-03
1.508776e-03,-6.205324e+00,-2.947036e+00,-1.288289e+01,-2.798993e+00,-3.338917e+00,-5.560298e+00,1.395814e+00,6.170793e+00,2.080838e+00,-3.634714e+00,-1.314665e+01,6.212789e-01,5.137504e-02,1.888112e+02,7.511532e-01,-1.475735e-04,1.123204e-01,1.558539e+00,3.456575e-01,-2.828344e-01,-2.759539e+00,-2.608915e+00,-1.187039e+00,-1.125435e+00,8.475862e-01,2.466645e+00,1.430809e+00,-1.493409e+00,2.145663e-03,-4.773971e-01,-7.809025e-03
1.407418e-03,-6.324930e+00,-1.965800e+00,-1.222564e+01,-3.384096e+00,-6.586313e+00,-8.219143e+00,-2.942098e-01,4.425781e+00,3.131799e+00,-1.485851e+00,-1.211606e+01,-5.076008e-01,5.197945e-02,1.879776e+02,7.440010e-01,-6.577701e-05,9.233503e-02,8.342423e-01,3.068864e-01,-4.367988e-01,-2.612615e+00,-1.639824e+00,-1.099805e+00,-9.985371e-01,3.785074e-01,1.703905e+00,1.480330e+00,-8.707083e-01,9.066165e-05,-1.792404e-01,-2.508593e-03
1.383975e-03,-6.246367e+00,-9.053460e-01,-1.198877e+01,-3.954300e+00,-8.876320e+00,-8.796188e+00,-1.317062e+00,3.717734e+00,3.219013e+00,-8.580548e-01,-9.728904e+00,-9.829642e-01,5.046842e-02,1.878884e+02,7.445098e-01,2.398764e-05,2.666045e-01,-2.613536e-02,-2.386732e-01,-3.804877e-01,-1.978487e+00,-8.098866e-01,-6.145043e-01,-5.688618e-01,-1.730789e-02,8.543510e-01,1.199757e+00,-1.880780e-01,-1.934119e-03,3.775223e-01,3.996754e-03
1.462674e-03,-5.832518e+00,-2.130602e+00,-1.254257e+01,-4.196733e+00,-1.098921e+01,-9.151698e+00,-1.455236e+00,3.415644e+00,1.990303e+00,-4.400239e-01,-8.938779e+00,-5.535977e-01,4.774857e-02,1.890020e+02,7.542391e-01,7.132992e-05,4.386179e-01,-6.454005e-01,-7.560834e-01,-4.748514e-01,-9.572821e-01,-2.546492e-01,-5.060251e-01,-3.288883e-01,4.223038e-01,6.969033e-01,2.897867e-01,4.748787e-02,-2.055001e-03,6.934601e-01,6.168342e-03
1.601086e-03,-5.118507e+00,-2.995311e+00,-1.391779e+01,-4.295113e+00,-1.102990e+01,-9.143454e+00,-1.096194e+00,3.831553e+00,2.565047e+00,1.141272e-01,-8.736508e+00,-2.961128e-01,4.381989e-02,1.901866e+02,7.660179e-01,4.070999e-05,3.254260e-01,-1.829805e-01,-6.772909e-01,-5.007547e-01,2.650035e-01,1.477981e-01,-9.997649e-01,-6.244792e-01,7.965363e-01,8.416495e-01,-1.859194e-01,-4.930841e-02,-9.368379e-04,-2.053116e-01,-4.651600e-03
1.655512e-03,-4.695770e+00,-4.147820e+00,-1.504155e+01,-5.587946e+00,-1.029593e+01,-9.318756e+00,-2.934769e+00,2.724430e+00,5.570301e+00,1.512575e+00,-1.116333e+01,-6.135872e-01,4.502871e-02,1.902958e+02,7.640886e-01,-4.348791e-05,3.497805e-02,8.535883e-01,4.962330e-02,-5.682553e-01,1.348228e+00,6.534494e-01,-1.867110e+00,-1.060249e+00,1.100027e+00,1.141578e+00,7.738066e-02,-3.148630e-01,5.137503e-04,-1.386963e+00,-1.851747e-02
1.491106e-03,-5.187611e+00,-8.116395e-01,-1.412574e+01,-5.762466e+00,-7.897941e+00,-7.973669e+00,-5.576120e+00,9.409453e-01,5.411696e+00,2.373893e+00,-9.546227e+00,-1.199512e+00,4.714416e-02,1.862149e+02,7.163270e-01,-9.111474e-05,-2.151851e-01,1.265270e+00,8.162783e-01,-3.350393e-01,1.448935e+00,1.071790e+00,-1.752562e+00,-8.027200e-01,7.432463e-01,9.211208e-01,5.595400e-01,-4.657369e-01,6.044123e-04,-1.852631e+00,-2.299030e-02
1.300224e-03,-5.623075e+00,1.045503e+00,-1.219048e+01,-6.304333e+00,-5.814051e+00,-6.469343e+00,-8.550822e+00,-4.402950e-01,6.067116e+00,4.137983e+00,-8.147017e+00,-1.676213e+00,4.865518e-02,1.840530e+02,6.864972e-01,-2.254118e-05,-1.453819e-01,2.363958e-01,7.052342e-01,7.776332e-02,6.421837e-01,9.498540e-01,-2.208531e-01,5.566322e-01,4.429363e-01,8.435228e-02,4.970303e-01,-4.982177e-01,-1.057722e-03,-7.303772e-01,-6.938565e-03
1.323156e-03,-5.730780e+00,7.343742e-01,-1.126194e+01,-5.612116e+00,-6.026169e+00,-5.209208e+00,-7.050976e+00,1.400315e+00,6.032871e+00,3.407027e+00,-7.446964e+00,-2.093484e+00,4.502871e-02,1.840448e+02,6.898621e-01,1.048691e-04,9.063420e-02,-1.690967e+00,-2.449393e-01,4.491954e-01,-6.356754e-01,4.160036e-01,1.994148e+00,2.060969e+00,1.486739e-01,-1.138330e+00,-5.825993e-01,-4.246968e-01,-2.780296e-03,9.429474e-01,1.733374e-02
1.626781e-03,-5.151095e+00,-3.738848e+00,-1.294728e+01,-5.274305e+00,-8.020900e+00,-5.951717e+00,-3.301606e+00,5.277906e+00,7.474395e+00,1.417769e+00,-9.727807e+00,-2.657689e+00,4.079783e-02,1.877290e+02,7.426283e-01,1.779731e-04,1.176540e-01,-2.572193e+00,-9.351593e-01,7.308214e-01,-9.892032e-01,2.361945e-01,3.468517e+00,2.798606e+00,-7.835592e-01,-2.260445e+00,-1.104813e+00,-3.799334e-01,-3.082502e-03,1.443736e+00,2.794627e-02
1.852173e-03,-4.970430e+00,-6.874298e+00,-1.497203e+01,-4.031504e+00,-9.972894e+00,-6.152464e+00,1.770010e+00,8.386689e+00,5.451426e+00,-1.957647e+00,-1.166883e+01,-2.832258e+00,3.717135e-02,1.890917e+02,7.749302e-01,1.347517e-04,-1.233306e-01,-2.054250e+00,-7.995480e-01,7.812279e-01,-8.633204e-02,7.292567e-01,3.225987e+00,2.156483e+00,-1.411613e+00,-2.962783e+00,-1.124443e+00,1.048247e-01,-1.813237e-03,1.341721e+01,2.262611e-02
1.925581e-03,-5.414980e+00,-8.011127e+00,-1.501123e+01,-3.440532e+00,-8.786704e+00,-4.816742e+00,4.381267e+00,1.005955e+01,2.440042e+00,-4.481905e+00,-1.156015e+01,-3.206494e+00,3.717135e-02,1.887483e+02,7.836945e-01,3.187058e-05,-4.230400e-01,-6.370369e-01,1.114191e-01,9.642358e-01,1.212923e+00,1.537763e+00,2.158715e+00,7.968785e-01,-1.687605e+00,-3.479430e+00,-5.958053e-01,8.307751e-01,-5.439717e-04,3.128613e+01,7.846457e-03
1.847515e-03,-6.215490e+00,-7.400738e+00,-1.422770e+01,-2.622863e+00,-6.074927e+00,-2.130411e+00,5.237522e+00,9.791907e+00,1.491982e+00,-8.457052e+00,-1.215301e+01,-1.294958e+00,3.777576e-02,2.506212e+02,7.824595e-01,-4.658669e-05,-4.804696e-01,4.401596e-01,9.593309e-01,1.054772e+00,1.740138e+00,1.673366e+00,9.915287e-01,-2.892777e-01,-9.491675e-01,-3.434469e+00,-1.620128e-01,1.523678e+00,-1.813244e-04,5.004687e+01,-1.659673e-03
1.788463e-03,-6.643765e+00,-6.660812e+00,-1.276235e+01,-1.157446e+00,-3.905267e+00,-2.739283e-01,5.758214e+00,8.559690e+00,1.016094e+00,-1.272968e+01,-1.246474e+01,7.275367e-01,3.777576e-02,3.133949e+02,7.780959e-01,-8.724463e-05,-3.456703e-01,8.989891e-01,1.355326e+00,1.090633e+00,1.135672e+00,9.626549e-01,3.103275e-01,-7.023326e-01,-6.098809e-01,-2.681515e+00,-2.428549e-01,2.047166e+00,4.230883e-04,5.054646e+01,-6.210458e-03
1.687799e-03,-6.758386e+00,-5.348657e+00,-1.129982e+01,1.008117e-01,-3.712924e+00,-5.704258e-02,6.039179e+00,7.690231e+00,1.417562e+00,-1.500611e+01,-1.202659e+01,2.819115e+00,3.596253e-02,3.770027e+02,7.694311e-01,-1.139449e-04,-2.273746e-01,1.067403e+00,1.417582e+00,9.060868e-01,3.498442e-01,4.954598e-02,-1.928856e-01,-7.193892e-01,-9.411233e-01,-1.272151e+00,-1.138425e-01,2.141986e+00,1.752796e-03,6.911414e+00,-1.154909e-02
1.569216e-03,-6.871884e+00,-4.542221e+00,-9.698541e+00,6.507944e-01,-4.289345e+00,-1.040152e+00,5.532075e+00,7.598726e+00,-5.721526e-01,-1.461496e+01,-1.283763e+01,4.972301e+00,4.019341e-02,3.782898e+02,7.591564e-01,-1.403828e-04,-2.322290e-01,1.580163e+00,1.212056e+00,4.153439e-01,1.096232e-01,-7.759968e-01,-1.042540e+00,-1.056508e+00,-1.513940e+00,2.282956e-01,4.542917e-01,1.934897e+00,2.266546e-03,-4.981738e+01,-2.082424e-02
1.387413e-03,-7.238304e+00,-3.123019e+00,-8.671697e+00,1.003451e+00,-4.133667e+00,-1.499569e+00,4.386164e+00,6.675443e+00,-2.419512e+00,-1.387517e+01,-1.253578e+01,7.292592e+00,4.533092e-02,2.527308e+02,7.341838e-01,-1.421841e-04,-2.143657e-01,2.266103e+00,9.652375e-01,-2.160347e-01,1.431117e-01,-1.223244e+00,-1.708881e+00,-1.708503e+00,-1.655895e+00,1.556659e+00,1.818896e+00,9.700992e-01,1.571473e-03,-1.005851e+02,-2.840873e-02
1.236741e-03,-7.564951e+00,1.271812e-01,-8.016129e+00,4.679534e-01,-3.146779e+00,-3.432649e+00,1.372022e+00,3.784542e+00,-4.635067e+00,-1.215367e+01,-9.938694e+00,8.165283e+00,4.442430e-02,1.264439e+02,6.915984e-01,-1.100548e-04,-1.664179e-01,2.961730e+00,9.138588e-01,-1.166379e+00,-1.930469e-01,-1.290487e+00,-1.998718e+00,-2.425853e+00,-1.003990e+00,3.038823e+00,3.493497e+00,-4.493613e-01,-4.835289e-04,-1.009310e+02,-3.007857e-02
1.143116e-03,-7.483681e+00,3.647156e+00,-7.314833e+00,-8.879412e-01,-3.568648e+00,-4.977013e+00,-4.251982e-01,1.054805e+00,-4.830458e+00,-8.453458e+00,-4.381579e+00,6.073120e+00,4.170445e-02,0,6.611665e-01,-5.909026e-05,-1.653324e-01,2.893931e+00,1.062371e+00,-1.995483e+00,-8.555657e-01,-9.888502e-01,-1.848714e+00,-2.432901e+00,-1.321868e-01,4.225662e+00,3.725208e+00,-1.688962e+00,-7.252950e-04,-6.319056e+01,-2.190632e-02
1.141091e-03,-7.581285e+00,6.881340e+00,-5.807678e+00,-4.235405e+00,-5.537089e+00,-5.753863e+00,-2.055834e+00,-1.720218e+00,-4.386630e+00,-2.131698e+00,5.527583e-01,3.335231e+00,3.958900e-02,0,6.452722e-01,-2.169044e-05,-2.912481e-01,2.052086e+00,1.113388e+00,-2.123975e+00,-1.357108e+00,-2.338914e-01,-1.294634e+00,-1.965193e+00,3.112661e-01,4.170804e+00,2.491966e+00,-2.315408e+00,-1.117587e-09,-2.528879e+01,-1.390527e-02
1.139787e-03,-8.056799e+00,7.969557e+00,-4.464066e+00,-6.622285e+00,-7.216341e+00,-5.283214e+00,-3.143479e+00,-2.736681e+00,-3.204664e+00,2.242156e+00,8.445349e-01,1.262806e+00,4.412209e-02,0,6.478153e-01,-6.126065e-06,-4.216979e-01,1.036580e+00,8.484889e-01,-1.516774e+00,-1.184188e+00,1.042906e-01,-7.169076e-01,-1.135305e+00,3.574204e-01,2.434410e+00,3.803461e-01,-2.062043e+00,9.670582e-04,0,-1.170343e-02
1.129953e-03,-8.734632e+00,8.226409e+00,-3.874571e+00,-7.284749e+00,-8.108472e+00,-4.449005e+00,-3.742006e+00,-4.145679e+00,-3.891634e+00,3.352545e+00,-9.192225e-02,-1.006600e+00,4.321547e-02,0,6.287476e-01,-5.523232e-06,-3.437873e-01,4.224300e-01,2.297843e-01,-4.998333e-01,-6.188293e-01,1.943007e-01,1.672077e-01,-4.844296e-02,-2.242610e-02,2.391403e-01,-1.028306e+00,-1.745334e+00,8.461766e-04,0,-1.208866e-02
1.118054e-03,-9.015497e+00,8.157523e+00,-4.038942e+00,-6.947137e+00,-8.203899e+00,-5.107988e+00,-3.166650e+00,-3.408987e+00,-3.290854e+00,9.764715e-01,-2.157508e+00,-2.066183e+00,4.472650e-02,0,6.109117e-01,-6.240653e-06,-4.375505e-02,3.601583e-01,-2.562025e-01,1.555959e-01,-6.339655e-02,-9.001055e-02,1.012190e+00,8.783184e-01,-1.932722e-01,-1.214606e+00,-1.032719e+00,-1.285652e+00,-5.137500e-04,0,-1.036484e-02
1.124342e-03,-8.820872e+00,8.899507e+00,-4.871318e+00,-6.572145e+00,-8.137456e+00,-4.869972e+00,-1.208210e+00,-1.626280e+00,-4.455666e+00,-3.031542e-01,-3.087748e+00,-3.726943e+00,4.351768e-02,0,6.032807e-01,-6.707408e-06,1.411617e-01,5.168344e-01,-1.765878e-01,5.588223e-01,2.335006e-01,-1.097264e-01,1.578784e+00,1.701812e+00,3.771319e-02,-1.594886e+00,-8.995992e-01,-9.630110e-01,-1.601692e-03,0,-5.991709e-03
1.111390e-03,-8.232454e+00,9.433800e+00,-5.246704e+00,-6.200607e+00,-7.518831e+00,-5.522783e+00,6.505738e-01,3.952110e-01,-3.889009e+00,-2.003026e+00,-2.821146e+00,-3.805282e+00,4.140224e-02,0,6.087245e-01,-6.697012e-06,8.691607e-02,5.359591e-01,2.033445e-01,1.005974e+00,6.092882e-01,2.542195e-01,1.368553e+00,1.460242e+00,3.378726e-01,-1.614792e+00,-5.224279e-01,-3.907919e-01,-1.934119e-03,0,-7.955831e-03
1.099749e-03,-8.420345e+00,1.017244e+01,-4.153629e+00,-4.863902e+00,-7.283503e+00,-4.790240e+00,2.243303e+00,2.461284e+00,-3.403990e+00,-3.132139e+00,-4.258099e+00,-4.952105e+00,3.686915e-02,0,5.998826e-01,-1.657684e-06,-1.831128e-01,4.220998e-01,6.395872e-01,1.313291e+00,1.152753e+00,5.999647e-01,1.736049e-01,1.281063e+00,9.926583e-01,-1.492674e+00,-4.711412e-01,4.426429e-01,-1.027501e-03,0,-1.781559e-02
1.096866e-03,-8.781180e+00,1.020085e+01,-3.381065e+00,-2.771390e+00,-5.584435e+00,-3.876757e+00,1.950356e+00,1.848439e+00,-2.127329e+00,-5.682995e+00,-4.184472e+00,-3.407561e+00,3.838018e-02,0,5.728316e-01,6.896211e-06,-4.638948e-01,2.987170e-01,7.013398e-01,1.219540e+00,1.629796e+00,9.595659e-01,-9.035460e-01,7.095116e-01,9.482428e-01,-3.101260e-01,-1.697746e-01,4.914781e-01,2.417646e-04,0,-5.991530e-02
1.123315e-03,-9.462073e+00,1.062648e+01,-2.606202e+00,-1.720300e+00,-3.340892e+00,-2.693162e+00,-9.900764e-01,4.052422e+00,-3.732147e-01,-5.926540e+00,-4.761791e+00,-1.712589e+00,3.989121e-02,0,5.321493e-01,1.783234e-05,-5.835186e-01,9.525947e-02,5.702792e-01,3.883949e-01,1.234774e+00,4.986638e-01,-1.067258e+00,-5.821632e-02,4.068495e-01,1.400425e+00,3.041784e-01,5.636711e-02,1.239045e-03,0,-1.098173e-01
1.134087e-03,-1.003106e+01,1.070037e+01,-2.513718e+00,-1.674710e+00,-1.341159e+00,-1.773492e+00,-2.250466e+00,3.147201e+00,-6.631835e-01,-2.156455e+00,-3.418173e+00,-2.967649e+00,4.110003e-02,0,3.430147e-01,2.715088e-05,-4.645779e-01,-1.728318e-01,5.985643e-01,-3.405760e-01,-1.987054e-01,-3.108114e-01,-4.405347e-01,-1.383870e+00,-7.666024e-01,2.934437e+00,-3.841441e-02,-1.134532e+00,2.357207e-03,0,-1.110902e-01
1.170299e-03,-1.071300e+01,1.039898e+01,-1.735906e+00,-3.470268e+00,-3.231272e+00,-3.348553e+00,-9.925752e-01,1.520822e+00,-2.101815e+00,2.106717e+00,-3.120357e+00,-4.890225e+00,4.170445e-02,0,1.657043e-01,4.368443e-05,-1.081448e-02,-6.038017e-01,7.102410e-01,-8.245961e-01,-2.012142e+00,-1.222823e+00,-4.339946e-01,-2.734885e+00,-1.367471e+00,2.969604e+00,-2.460972e-01,-1.657860e+00,3.173164e-03,0,-3.446545e-02
1.209128e-03,-1.047861e+01,9.450440e+00,-8.233910e-01,-3.599286e+00,-6.632772e+00,-5.103118e+00,-2.510676e-01,-3.805113e+00,-5.096041e+00,4.972560e+00,-5.197261e+00,-7.491404e+00,4.925959e-02,0,2.006030e-01,6.250057e-05,4.900401e-01,-8.304601e-01,9.799384e-01,-9.993442e-01,-3.283096e+00,-1.699187e+00,-1.374916e+00,-2.612815e+00,-9.447963e-01,1.858003e+00,-8.612400e-01,-1.114943e+00,1.903899e-03,1.476859e+01,9.208470e-02
1.304217e-03,-9.292374e+00,8.232434e+00,9.983945e-02,-4.880992e+00,-1.075580e+01,-7.142464e+00,-4.159749e+00,-6.145845e+00,-4.994143e+00,5.356969e+00,-5.102733e+00,-7.740011e+00,5.167725e-02,0,4.310279e-01,7.954772e-05,7.595751e-01,-7.778019e-01,9.738194e-01,-1.055174e+00,-3.579562e+00,-1.325696e+00,-2.478713e+00,-1.626055e+00,3.088928e-01,8.148531e-01,-1.006713e+00,-4.465914e-01,-1.631913e-03,3.718562e+01,1.562938e-01
1.379631e-03,-8.291175e+00,7.631340e+00,1.468101e+00,-5.966068e+00,-1.399437e+01,-8.372470e+00,-7.541460e+00,-6.083542e+00,-3.941001e+00,5.508434e+00,-6.733185e+00,-7.117471e+00,4.563312e-02,7.384293e+01,6.707764e-01,8.518095e-05,6.366722e-01,-6.064528e-01,5.902218e-01,-1.048365e+00,-3.191272e+00,-9.498161e-01,-2.248024e+00,-4.207069e-01,1.298461e+00,2.748573e-01,-1.139692e+00,1.713099e-01,-5.560591e-03,5.986639e+01,1.330914e-01
1.482786e-03,-8.008838e+00,7.419523e+00,1.987445e+00,-7.562746e+00,-1.744828e+01,-8.342355e+00,-9.740943e+00,-5.470239e+00,-1.134871e+00,5.913045e+00,-7.385959e+00,-7.310149e+00,3.535812e-02,1.490066e+02,7.120865e-01,7.086415e-05,3.229178e-01,-5.261567e-01,-1.759706e-01,-5.881685e-01,-2.249097e+00,-5.836821e-01,-1.355860e+00,-3.765416e-01,1.145206e+00,3.188759e-01,-1.577622e+00,-2.272902e-01,-6.134784e-03,6.039429e+01,6.543756e-02
1.545748e-03,-7.937015e+00,6.824632e+00,1.183915e+00,-7.500233e+00,-1.924289e+01,-9.252254e+00,-8.700591e+00,-6.246450e+00,-5.333740e-01,6.068809e+00,-9.754109e+00,-6.849785e+00,2.961620e-02,2.248287e+02,7.255307e-01,4.921635e-05,5.670400e-02,-2.399435e-01,-9.453894e-01,1.989398e-01,-7.868950e-01,-4.764963e-01,-4.866634e-01,-9.848834e-01,5.401665e-01,5.243814e-01,-1.007563e+00,-6.061031e-01,-2.024781e-03,2.324157e+01,8.512622e-03
1.575479e-03,-7.854865e+00,6.005004e+00,-6.379207e-01,-7.054752e+00,-1.937702e+01,-9.620982e+00,-1.035948e+01,-7.947099e+00,-9.719253e-01,6.671162e+00,-1.148038e+01,-9.010304e+00,2.901179e-02,2.264786e+02,7.308385e-01,1.081843e-04,-3.891794e-01,4.249098e-01,-1.569746e+00,1.163140e+00,8.475100e-01,-1.569660e-01,7.067414e-02,-1.154738e+00,-4.274639e-01,3.907471e-02,-8.165598e-02,-3.831229e-01,7.978241e-03,-2.205414e+01,-5.255513e-02
1.579367e-03,-8.084641e+00,7.138882e+00,-1.946163e+00,-5.225366e+00,-1.696448e+01,-1.011564e+01,-9.665507e+00,-9.769529e+00,-1.321641e+00,7.751283e+00,-9.723790e+00,-9.297909e+00,3.868238e-02,1.513148e+02,7.039635e-01,2.940413e-04,-1.082906e+00,1.436946e+00,-1.657606e+00,2.118576e+00,2.146567e+00,1.116920e+00,6.881577e-01,-4.465044e-01,-9.004291e-01,-1.238937e+00,1.615707e+00,6.722319e-01,2.200061e-02,-6.006431e+01,-1.291729e-01
2.006899e-03,-9.880921e+00,9.386948e+00,-4.296244e+00,-2.884481e+00,-1.434994e+01,-8.695493e+00,-8.905114e+00,-9.482391e+00,-2.878057e+00,5.267182e+00,-7.809399e+00,-8.001701e+00,7.071623e-02,7.549284e+01,4.600945e-01,5.789686e-04,-1.985152e+00,1.860394e+00,-1.479916e+00,2.904104e+00,2.793163e+00,2.664763e+00,1.839990e+00,7.251793e-01,-1.162579e+00,-3.031952e+00,1.969378e+00,1.779024e+00,3.635539e-02,-6.042720e+01,-1.950603e-01
2.800245e-03,-1.233852e+01,1.231839e+01,-5.274952e+00,1.007511e+00,-1.102360e+01,-4.130398e+00,-5.986987e+00,-7.711326e+00,-4.082453e+00,5.761123e-01,-3.511065e+00,-3.992927e+00,1.187670e-01,0,2.150381e-01,8.441245e-04,-2.584172e+00,1.519422e+00,-9.084657e-01,3.118685e+00,2.943221e+00,3.500545e+00,2.262748e+00,1.604296e+00,-8.943739e-01,-3.556467e+00,1.067218e+00,1.620966e+00,4.626776e-02,-3.781225e+01,-1.868021e-01
3.859883e-03,-1.565369e+01,1.271722e+01,-6.373105e+00,4.349331e+00,-8.381646e+00,7.102131e-01,-2.998793e+00,-5.350304e+00,-5.404416e+00,-4.901012e+00,-4.739853e+00,-2.767672e+00,1.707464e-01,0,0,8.915068e-04,-2.493874e+00,5.492485e-01,-4.666846e-01,2.589558e+00,2.409099e+00,2.976510e+00,1.863621e+00,1.262749e+00,-2.823601e-01,-2.234374e+00,3.283476e-01,4.003022e-01,4.959203e-02,-1.509857e+01,-1.135227e-01
4.873497e-03,-1.811912e+01,1.307086e+01,-5.450061e+00,6.751154e+00,-5.232522e+00,2.684233e+00,-1.304929e+00,-3.814094e+00,-4.530331e+00,-4.946955e+00,-5.922471e+00,-3.810093e+00,2.200060e-01,0,0,8.118013e-04,-1.775630e+00,-3.598205e-01,-9.238533e-01,1.067509e+00,1.413119e+00,1.404176e+00,6.736829e-01,4.434622e-01,7.810211e-03,4.348085e-01,4.559443e-01,-6.267627e-01,5.010577e-02,0,-4.300761e-02
5.427807e-03,-1.945999e+01,1.175696e+01,-6.542112e+00,7.191486e+00,-5.199978e+00,2.779742e+00,-1.928037e+00,-5.117262e+00,-4.065918e+00,-3.143153e+00,-4.961957e+00,-6.091608e+00,2.680568e-01,0,0,6.679430e-04,-8.119490e-01,-7.133085e-01,-1.501842e+00,-2.508898e-01,5.881244e-01,4.539368e-01,-3.462306e-01,-3.089254e-01,-3.118925e-02,2.171773e+00,1.939367e+00,-1.742835e-02,4.572378e-02,0,0
6.075289e-03,-1.931352e+01,1.099942e+01,-9.809714e+00,4.923980e+00,-5.548837e+00,1.855720e+00,-3.153950e+00,-5.610536e+00,-4.712651e+00,1.871225e+00,-1.120291e+00,-5.464774e+00,3.206407e-01,0,0,5.343911e-04,-1.451763e-01,-6.212018e-01,-1.620268e+00,-8.103250e-01,1.720650e-01,1.280116e-01,-7.697490e-01,-5.384789e-02,-1.849775e-01,2.550167e+00,2.740542e+00,1.141471e+00,3.566032e-02,0,0
6.598702e-03,-1.911623e+01,1.018640e+01,-1.170249e+01,4.008469e+00,-5.282867e+00,3.394154e+00,-3.805435e+00,-5.996710e+00,-5.469202e+00,2.548766e+00,2.555892e+00,-2.027474e+00,3.490480e-01,0,0,3.516492e-04,-8.205414e-03,-1.379918e-01,-2.855443e-01,-2.951927e-01,3.585723e-01,-8.237177e-02,-1.017543e+00,7.344356e-01,-2.057648e-03,1.516940e+00,2.222017e+00,1.902551e+00,2.142642e-02,0,0
6.960005e-03,-1.901688e+01,1.075013e+01,-1.097121e+01,4.291037e+00,-4.330753e+00,3.017085e+00,-4.214975e+00,-3.643610e+00,-4.753577e+00,4.957919e+00,4.021315e+00,-1.348058e-01,3.578120e-01,0,0,8.105235e-05,-7.861595e-02,3.072624e-02,1.126034e+00,4.783474e-01,1.937338e-01,-5.122682e-01,-1.365221e+00,1.250400e+00,6.304951e-01,6.812764e-01,8.457574e-01,1.443763e+00,1.078876e-02,0,0
6.743695e-03,-1.964933e+01,1.119165e+01,-7.389086e+00,6.031994e+00,-4.016159e+00,1.787201e+00,-6.485240e+00,-2.428548e+00,-4.055744e+00,2.898199e+00,3.577324e+00,7.561624e-01,3.566032e-01,0,0,-1.745164e-05,-6.909637e-02,-1.318370e-01,1.317791e+00,5.568782e-01,-3.150925e-01,-9.637654e-01,-1.210408e+00,1.206765e+00,7.294059e-01,1.249611e-01,-3.061240e-01,7.477641e-01,1.000302e-02,0,0
6.408054e-03,-1.944005e+01,1.065043e+01,-6.336246e+00,6.303955e+00,-5.213522e+00,9.785569e-02,-8.640151e+00,-1.142618e+00,-2.266904e+00,5.102890e+00,2.597780e+00,3.622240e-01,3.708069e-01,0,0,1.244407e-04,1.037676e-01,-6.123726e-01,4.354384e-01,1.134404e-01,-4.102350e-01,-5.790660e-01,-3.003537e-01,9.204785e-01,5.950797e-01,-3.300509e-01,-7.815808e-01,6.877713e-01,1.465699e-02,0,0
6.787419e-03,-1.925013e+01,9.577062e+00,-7.431020e+00,5.786401e+00,-6.416945e+00,3.494124e-02,-7.644886e+00,-1.213380e+00,-3.065509e+00,3.101086e+00,1.737040e+00,1.462832e+00,3.925657e-01,0,0,4.020850e-04,2.656735e-01,-9.018337e-01,-6.530828e-01,-6.187848e-01,-1.072763e-01,3.615783e-01,1.109102e+00,7.935766e-01,2.789550e-02,-4.568548e-01,-9.178293e-01,4.548045e-01,1.861589e-02,0,0
7.560346e-03,-1.869764e+01,8.495556e+00,-8.773051e+00,4.981036e+00,-5.181535e+00,9.978845e-01,-5.136921e+00,3.511991e-01,-2.273296e+00,3.206221e+00,1.033553e+00,2.950716e+00,4.131157e-01,0,0,6.051795e-04,8.854618e-02,-8.833596e-01,-6.251994e-01,-6.329914e-01,5.299718e-01,1.242973e+00,1.956179e+00,6.992316e-01,-3.464012e-01,-6.282607e-01,-1.398332e+00,-2.203320e-02,1.773951e-02,0,0
8.177974e-03,-1.869217e+01,7.759913e+00,-9.436097e+00,3.599530e+00,-4.568534e+00,3.145077e+00,-2.691342e+00,7.924266e-01,-3.913070e+00,1.562260e+00,-2.297091e-01,1.735939e+00,4.285283e-01,0,0,4.898222e-04,-1.516743e-01,-5.759615e-01,-3.977890e-02,-4.284584e-01,1.709635e-01,1.351179e+00,1.692296e+00,3.438357e-01,-1.223257e-01,8.649790e-02,-1.435344e+00,-1.028552e+00,1.329707e-02,0,0
8.738674e-03,-1.927630e+01,7.142204e+00,-8.459704e+00,4.232433e+00,-3.487869e+00,4.757650e+00,-1.336030e+00,1.350636e+00,-3.575129e+00,2.731000e+00,-3.410505e+00,1.155044e-01,4.415232e-01,0,0,1.244392e-04,-4.698561e-01,-2.337247e-01,2.886612e-01,1.278760e-02,-3.620999e-01,1.011208e+00,1.285798e+00,-9.357524e-02,2.979107e-02,1.646363e-01,-9.850532e-01,-1.620028e+00,5.741912e-03,0,0
8.647366e-03,-1.971918e+01,7.373930e+00,-7.786588e+00,4.018411e+00,-6.408961e+00,4.910953e+00,-1.083849e+00,6.079316e-03,-3.026221e+00,3.771186e+00,-3.217654e+00,-2.262324e+00,4.448474e-01,0,0,-2.342137e-04,-6.471294e-01,8.661699e-02,1.319540e-01,3.374985e-01,-2.552755e-01,4.938070e-01,8.169945e-01,3.073806e-01,1.004089e+00,2.035572e-01,3.684277e-01,-1.357700e+00,-4.653981e-03,0,0
7.947846e-03,-2.053342e+01,7.519924e+00,-8.154500e+00,4.835533e+00,-6.071821e+00,5.170987e+00,4.883243e-01,2.764966e-01,-2.567765e+00,2.924940e+00,-2.397741e+00,-3.150292e+00,4.336658e-01,0,0,-5.637679e-04,-8.204401e-01,4.060806e-01,-3.157325e-01,3.331159e-01,4.981669e-01,2.254689e-01,4.902757e-01,9.564655e-01,1.237237e+00,-5.331520e-01,1.547460e+00,-6.009739e-01,-2.012694e-02,0,0
7.402319e-03,-2.129926e+01,8.004138e+00,-8.928929e+00,4.985472e+00,-4.552936e+00,5.407444e+00,4.814536e-01,2.866400e+00,6.036943e-01,2.483076e+00,1.106048e+00,-3.419664e+00,4.091871e-01,0,0,-7.589591e-04,-9.169769e-01,6.293341e-01,1.702309e-03,2.836733e-01,1.588318e+00,-1.177366e-01,7.418330e-02,1.765804e+00,1.501864e+00,-7.656640e-01,1.354594e+00,3.766850e-01,-3.825929e-02,0,0
6.542359e-03,-2.258846e+01,8.857503e+00,-9.467196e+00,5.414482e+00,-1.925047e+00,5.636749e+00,3.326979e-01,4.702804e+00,7.960971e-01,7.092951e-01,2.164946e+00,-2.310695e+00,3.587186e-01,0,0,-1.075375e-03,-4.437643e-01,7.483106e-01,1.053723e+00,4.899402e-02,1.524631e+00,-5.832232e-01,-5.030121e-01,1.036556e+00,9.759291e-01,-1.026572e+00,9.633124e-02,8.863479e-01,-5.829556e-02,0,0
5.555315e-03,-2.327654e+01,9.851811e+00,-7.121728e+00,5.147303e+00,-5.407581e-01,4.089388e+00,-6.351191e-01,6.621947e+00,2.801170e+00,1.050688e+00,1.273975e+00,-7.986978e-01,2.910245e-01,0,0,-1.364200e-03,1.087234e+00,6.064657e-01,1.826221e+00,-6.871586e-01,4.023301e-01,-1.395932e+00,-1.018401e+00,-7.946154e-01,-3.229768e-01,-1.052217e+00,-1.557173e+00,6.500856e-01,-7.388939e-02,0,2.953584e-02
3.494476e-03,-2.176360e+01,1.033764e+01,-3.789485e+00,4.999588e+00,-4.547569e-01,2.913898e+00,-1.468450e+00,3.581505e+00,1.213142e+00,-1.491726e+00,-2.000048e+00,-2.903543e-02,2.012693e-01,0,0,-1.360510e-03,3.160424e+00,1.446021e-01,1.903148e+00,-1.653738e+00,-1.504651e+00,-2.299811e+00,-1.847481e+00,-2.524616e+00,-1.072086e+00,-5.335925e-01,-1.776600e+00,-3.180056e-02,-7.673012e-02,0,8.408783e-02
2.105261e-03,-1.627551e+01,1.029640e+01,-2.636680e+00,1.757126e+00,-3.276430e+00,-2.107913e-01,-3.709977e+00,-5.460280e-01,-1.219712e+00,-1.677497e+00,-4.597319e+00,-1.310066e+00,1.184648e-01,0,1.476792e-01,-1.038869e-03,4.475243e+00,-4.064247e-01,1.000653e+00,-2.678657e+00,-3.137969e+00,-3.266232e+00,-2.230331e+00,-3.250554e+00,-1.691676e+00,5.461482e-01,-9.195007e-01,-8.658211e-01,-6.500454e-02,0,1.499218e-01
1.464834e-03,-1.028685e+01,9.358220e+00,-2.193982e+00,-1.159118e+00,-8.080468e+00,-3.712216e+00,-7.367277e+00,-4.336291e+00,-2.553892e+00,-5.945745e-01,-3.782406e+00,-2.214013e+00,6.134784e-02,0,3.465995e-01,-4.911614e-04,3.949638e+00,-9.246586e-01,4.387010e-01,-2.923230e+00,-3.649342e+00,-3.724814e+00,-2.070461e+00,-2.218607e+00,-1.088533e+00,1.819319e+00,2.196729e-01,-1.106997e+00,-4.221819e-02,0,1.767043e-01
1.375792e-03,-6.638701e+00,8.309398e+00,-2.916215e+00,-5.166627e+00,-1.241775e+01,-8.928714e+00,-8.837363e+00,-5.671925e+00,-3.773696e+00,3.332854e+00,-2.432350e+00,-4.035314e+00,3.596253e-02,0,5.763094e-01,-1.458146e-04,2.118345e+00,-1.310936e+00,1.320566e-01,-2.308843e+00,-3.080407e+00,-3.087560e+00,-9.760183e-01,-1.403582e+00,-7.234882e-01,1.838596e+00,7.028864e-01,-6.798738e-01,-2.058024e-02,0,1.430506e-01
1.403404e-03,-6.833813e+00,6.707847e+00,-1.456213e+00,-6.154684e+00,-1.413081e+01,-1.135121e+01,-9.257059e+00,-4.948584e+00,-2.952530e+00,5.099695e+00,-1.984168e+00,-4.201395e+00,3.142944e-02,0,6.692064e-01,-2.741650e-05,4.580455e-01,-1.444199e+00,-2.744983e-01,-1.409860e+00,-1.844293e+00,-1.322048e+00,3.424765e-01,-5.806500e-01,-4.001381e-01,8.652731e-01,3.637841e-01,-2.463881e-01,-5.379268e-03,0,7.704183e-02
1.406903e-03,-7.410307e+00,5.066904e+00,-2.345282e+00,-7.289305e+00,-1.565329e+01,-1.182910e+01,-7.645178e+00,-7.257792e+00,-4.637835e+00,4.668349e+00,-1.982006e+00,-3.715744e+00,3.052282e-02,0,7.016289e-01,-5.107005e-05,-3.434633e-01,-1.007839e+00,-5.187738e-01,-1.793751e-01,1.489469e-01,1.021698e+00,1.096660e+00,-4.025517e-02,-1.639276e-02,-3.651484e-01,3.286652e-01,2.299103e-01,2.326988e-03,0,7.778722e-03
1.312195e-03,-7.610819e+00,3.758473e+00,-3.851940e+00,-7.147077e+00,-1.568416e+01,-8.872267e+00,-6.250988e+00,-6.446607e+00,-4.122513e+00,3.064044e+00,-2.188657e+00,-3.605739e+00,3.717135e-02,0,6.691490e-01,-9.620717e-05,-3.884903e-01,-4.096842e-02,-6.161569e-01,6.297678e-01,2.157802e+00,2.316966e+00,1.144121e+00,6.941549e-01,2.741832e-01,-7.987630e-01,5.171151e-01,1.515486e-01,5.228166e-03,0,-2.837144e-02
1.166046e-03,-7.967514e+00,4.744888e+00,-4.312220e+00,-5.567306e+00,-1.089634e+01,-5.059696e+00,-4.857100e+00,-5.124189e+00,-3.270668e+00,2.524938e+00,-6.867797e-01,-3.183591e+00,4.472651e-02,0,6.152317e-01,-1.078596e-04,-3.898097e-01,9.866424e-01,3.637912e-02,1.165349e+00,3.746523e+00,2.324785e+00,4.355745e-01,1.376232e+00,6.207372e-01,-6.061397e-01,6.946475e-01,1.997058e-01,5.379268e-03,0,-3.819057e-02
1.042797e-03,-8.497661e+00,6.664013e+00,-3.553529e+00,-3.866844e+00,-5.720278e+00,-3.151079e+00,-4.930491e+00,-2.544611e+00,-2.265197e+00,2.177586e+00,-4.620526e-02,-3.709728e+00,5.046842e-02,0,5.705478e-01,-7.835242e-05,-3.558651e-01,1.338020e+00,5.078324e-01,1.055342e+00,3.655680e+00,1.360692e+00,-1.023585e-01,1.103451e+00,4.127274e-01,-2.410387e-01,6.324110e-01,2.399409e-01,3.324267e-03,0,-2.735997e-02
1.002304e-03,-8.915935e+00,8.547346e+00,-2.312592e+00,-3.102679e+00,-1.902619e+00,-3.065768e+00,-6.127553e+00,-2.327631e+00,-2.462807e+00,2.080879e+00,4.200054e-01,-2.665220e+00,5.077063e-02,0,5.599766e-01,-3.679757e-05,-2.315115e-01,9.488249e-01,5.240192e-01,5.693421e-01,2.180510e+00,4.073165e-01,-3.737969e-01,5.810096e-01,1.418113e-01,-9.848225e-02,2.679781e-01,2.081250e-01,1.239045e-03,0,-1.210812e-02
