pcm_RMSenergy_sma,pcm_fftMag_mfcc_sma[1],pcm_fftMag_mfcc_sma[2],pcm_fftMag_mfcc_sma[3],pcm_fftMag_mfcc_sma[4],pcm_fftMag_mfcc_sma[5],pcm_fftMag_mfcc_sma[6],pcm_fftMag_mfcc_sma[7],pcm_fftMag_mfcc_sma[8],pcm_fftMag_mfcc_sma[9],pcm_fftMag_mfcc_sma[10],pcm_fftMag_mfcc_sma[11],pcm_fftMag_mfcc_sma[12],pcm_zcr_sma,F0final_sma,voicingFinalUnclipped_sma,pcm_RMSenergy_sma_de,pcm_fftMag_mfcc_sma_de[1],pcm_fftMag_mfcc_sma_de[2],pcm_fftMag_mfcc_sma_de[3],pcm_fftMag_mfcc_sma_de[4],pcm_fftMag_mfcc_sma_de[5],pcm_fftMag_mfcc_sma_de[6],pcm_fftMag_mfcc_sma_de[7],pcm_fftMag_mfcc_sma_de[8],pcm_fftMag_mfcc_sma_de[9],pcm_fftMag_mfcc_sma_de[10],pcm_fftMag_mfcc_sma_de[11],pcm_fftMag_mfcc_sma_de[12],pcm_zcr_sma_de,F0final_sma_de,voicingFinalUnclipped_sma_de
4.580032e-03,-2.408211e+01,1.016307e+01,-1.050964e+00,-8.733940e+00,-1.050787e+00,7.904943e+00,-6.808764e+00,7.261095e+00,9.052411e+00,1.688482e+00,1.303260e+00,-3.131613e+00,1.722575e-01,0,0,5.617553e-04,-7.492506e-01,-1.240882e-01,2.053804e-01,-1.767786e-01,5.609635e-01,-6.346393e-01,5.255280e-01,8.255434e-02,-5.079997e-01,-4.177556e-01,1.216891e+00,1.617087e-01,1.511033e-03,0,0
5.896037e-03,-2.593251e+01,1.010712e+01,-4.788322e-01,-9.454123e+00,-6.371601e-01,6.540501e+00,-5.443449e+00,7.045889e+00,8.369823e+00,1.367637e+00,3.983714e+00,-2.319408e+00,1.752795e-01,0,0,3.606411e-04,-2.993538e-01,-5.142831e-01,3.277059e-01,4.463577e-03,7.271710e-01,-1.199684e+00,6.472905e-01,-4.712734e-02,-1.602352e+00,-1.046719e+00,8.432506e-01,-3.172738e-01,-4.230872e-04,0,0
6.730806e-03,-2.690316e+01,9.570598e+00,-3.101270e-01,-9.257742e+00,1.547217e+00,5.413969e+00,-4.863782e+00,7.781469e+00,6.853707e+00,-2.398741e-01,6.047488e+00,-2.729172e+00,1.783016e-01,0,0,-3.038223e-04,1.423350e+00,-1.207711e+00,-7.125947e-02,9.314585e-02,2.846620e-01,-1.635794e+00,7.140658e-01,-3.406030e-01,-2.727873e+00,-1.539247e+00,-8.622102e-01,-8.689635e-01,-7.041402e-03,0,3.889117e-02
5.307851e-03,-2.416835e+01,7.887886e+00,2.171481e-01,-8.449721e+00,1.286066e+00,3.152011e+00,-4.544803e+00,6.765271e+00,2.140004e+00,-2.580935e+00,3.147400e+00,-4.919202e+00,1.671200e-01,0,0,-1.115748e-03,3.706717e+00,-2.088871e+00,-7.542294e-01,-1.783259e-01,-1.173763e+00,-1.742991e+00,9.315544e-01,-8.767706e-01,-3.332446e+00,-1.515293e+00,-3.288142e+00,-6.473235e-01,-1.786038e-02,1.442791e+01,1.076987e-01
3.355014e-03,-1.784744e+01,5.234128e+00,-1.755251e+00,-8.770411e+00,-5.890902e-01,1.420219e+00,-3.687758e+00,5.698389e+00,-1.472045e+00,-4.033466e+00,-2.589634e+00,-6.176533e+00,1.411303e-01,0,1.944559e-01,-1.251681e-03,5.000409e+00,-2.816045e+00,-1.531945e+00,-6.625916e-01,-2.695873e+00,-1.777468e+00,1.453780e+00,-1.288999e+00,-2.655064e+00,-6.565676e-01,-4.353576e+00,3.153060e-01,-2.686613e-02,3.574684e+01,1.835548e-01
2.005195e-03,-1.192679e+01,1.831003e+00,-3.527417e+00,-1.058942e+01,-5.437822e+00,-1.775785e-01,-1.373689e+00,3.703576e+00,-4.129532e+00,-4.312033e+00,-8.138436e+00,-3.832345e+00,1.045633e-01,7.213953e+01,4.412656e-01,-6.671171e-04,4.304366e+00,-3.127709e+00,-1.875404e+00,-1.097295e+00,-3.116040e+00,-1.549797e+00,1.911678e+00,-1.193663e+00,-1.065761e+00,5.767807e-01,-3.539887e+00,1.597526e+00,-2.810517e-02,5.650840e+01,2.032392e-01
2.123731e-03,-8.021899e+00,-1.481185e+00,-6.097569e+00,-1.150085e+01,-8.570205e+00,-1.808578e+00,8.195621e-01,2.867318e+00,-3.286843e+00,-2.657163e+00,-1.007747e+01,-1.696071e+00,7.524932e-02,1.426644e+02,6.971412e-01,6.493809e-06,2.435642e+00,-2.966964e+00,-1.489128e+00,-1.204656e+00,-2.563954e+00,-1.457320e+00,2.020499e+00,-8.580219e-01,8.974926e-02,1.650530e+00,-1.961151e+00,1.974719e+00,-2.323965e-02,5.515915e+01,1.492162e-01
2.587907e-03,-7.559292e+00,-4.393001e+00,-6.988713e+00,-1.257098e+01,-1.030358e+01,-2.982576e+00,2.759926e+00,2.212489e+00,-2.281404e+00,-3.851834e-01,-1.080812e+01,8.281981e-01,5.953461e-02,2.112098e+02,7.648533e-01,3.798044e-04,8.431867e-01,-2.395901e+00,-9.522139e-01,-1.114708e+00,-1.408636e+00,-1.177676e+00,1.894451e+00,-2.658360e-01,4.873477e-01,2.348654e+00,-7.268952e-01,1.541998e+00,-1.625869e-02,3.233929e+01,7.726843e-02
3.096127e-03,-7.852974e+00,-6.488689e+00,-7.470242e+00,-1.380291e+01,-1.097598e+01,-4.463880e+00,4.347931e+00,2.153823e+00,-1.947363e+00,2.255758e+00,-1.106055e+01,1.366788e+00,4.744636e-02,2.062606e+02,7.787431e-01,3.707429e-04,2.009368e-02,-1.661501e+00,-4.268991e-01,-1.115815e+00,-8.546761e-01,-9.708462e-01,1.723917e+00,1.755495e-01,6.524877e-02,2.357966e+00,2.424717e-02,9.998534e-01,-1.148383e-02,1.044892e+01,1.989016e-02
3.418019e-03,-7.795315e+00,-7.644749e+00,-7.602149e+00,-1.501193e+01,-1.127811e+01,-4.738309e+00,6.334381e+00,2.731144e+00,-2.362534e+00,4.974779e+00,-1.128137e+01,2.346213e+00,3.717135e-02,2.020379e+02,7.868068e-01,2.104046e-04,-2.762732e-02,-9.547148e-01,-1.804938e-01,-9.520580e-01,-5.303310e-01,-7.023067e-01,1.617556e+00,4.228984e-01,-3.104247e-01,1.763868e+00,4.827402e-01,1.980665e-01,-7.948021e-03,-3.285155e+00,4.718399e-03
3.562390e-03,-7.803420e+00,-8.162816e+00,-7.925346e+00,-1.585945e+01,-1.235632e+01,-5.784943e+00,7.651918e+00,3.485739e+00,-2.920034e+00,6.452687e+00,-9.719606e+00,2.544189e+00,2.901179e-02,1.994950e+02,7.856153e-01,2.321852e-05,-3.300743e-02,-4.892189e-01,7.069840e-02,-6.060641e-01,-3.378902e-01,-1.849764e-01,1.306213e+00,5.830413e-01,-4.307964e-01,5.140761e-01,5.080773e-01,-6.411141e-01,-4.200665e-03,-2.161664e+00,8.422256e-04
3.406799e-03,-7.722206e+00,-8.329512e+00,-7.663630e+00,-1.630300e+01,-1.226506e+01,-5.833579e+00,9.195712e+00,3.661023e+00,-3.347192e+00,6.335694e+00,-9.064885e+00,1.229830e+00,2.901179e-02,1.981668e+02,7.850092e-01,-1.225804e-04,-1.628822e-01,-1.602413e-01,2.353740e-01,1.179733e-01,-1.592610e-01,4.891337e-01,9.278679e-01,4.838198e-01,-5.115855e-01,-1.042640e+00,-1.397176e-01,-1.360518e+00,-3.928682e-04,-1.253436e+00,-8.720279e-04
3.217829e-03,-8.054565e+00,-8.592402e+00,-7.086010e+00,-1.618770e+01,-1.217196e+01,-4.841127e+00,9.448329e+00,4.604090e+00,-3.609016e+00,4.145680e+00,-9.628406e+00,-1.280591e+00,3.052282e-02,1.973878e+02,7.838530e-01,-2.044188e-04,-2.350651e-01,1.270363e-01,1.610601e-01,1.020072e+00,1.641599e-01,1.176576e+00,6.514945e-01,5.593798e-01,-3.894990e-01,-1.906494e+00,-9.595066e-01,-1.366046e+00,2.175884e-03,-8.034897e-01,-1.245570e-03
2.977397e-03,-8.484153e+00,-8.231162e+00,-6.844948e+00,-1.425794e+01,-1.216660e+01,-2.764549e+00,1.007551e+01,4.591067e+00,-4.575970e+00,9.150812e-01,-1.202556e+01,-2.543985e+00,3.445150e-02,1.968243e+02,7.833278e-01,-2.232172e-04,-1.629903e-01,5.059162e-01,-2.348764e-01,1.749265e+00,1.283261e-01,1.237010e+00,2.607544e-01,6.321586e-01,-1.411662e-01,-1.794178e+00,-1.056918e+00,-5.995630e-01,2.357208e-03,-5.928299e-01,-2.088076e-03
2.754996e-03,-8.597772e+00,-7.576809e+00,-7.529387e+00,-1.178162e+01,-1.158475e+01,-1.436580e+00,1.046949e+01,5.817616e+00,-4.253140e+00,-3.694770e-01,-1.303680e+01,-2.399134e+00,3.717135e-02,1.961488e+02,7.802281e-01,-2.300160e-04,1.392321e-01,8.358439e-01,-5.616623e-01,1.923260e+00,1.159295e-01,9.236511e-01,-2.210556e-01,8.250597e-01,3.453155e-01,-1.176780e+00,-3.705967e-01,1.472987e-02,1.208825e-03,-4.714401e-01,-2.485543e-03
2.522129e-03,-8.265554e+00,-6.307727e+00,-8.616323e+00,-9.759707e+00,-1.191704e+01,-1.350800e+00,9.988904e+00,6.215054e+00,-3.730961e+00,-3.776190e-01,-1.264528e+01,-1.208713e+00,3.747356e-02,1.958222e+02,7.763813e-01,-2.099428e-04,4.246930e-01,9.098007e-01,-5.426253e-01,1.500084e+00,-9.595223e-02,3.689283e-01,-8.038189e-01,8.008329e-01,6.799574e-01,-7.206392e-01,4.429809e-01,3.482465e-02,-3.324270e-04,-3.555512e-01,-2.355313e-03
2.295383e-03,-7.467704e+00,-5.374901e+00,-9.008634e+00,-8.820510e+00,-1.171709e+01,-9.297461e-01,8.386356e+00,7.917395e+00,-2.304944e+00,-1.091872e+00,-1.117153e+01,-1.874577e+00,3.505591e-02,1.955317e+02,7.748985e-01,-1.599800e-04,4.058898e-01,6.985455e-01,-1.711763e-01,1.067452e+00,-5.163658e-01,1.686148e-01,-1.058956e+00,1.681624e-01,4.987155e-01,-9.985979e-01,5.295965e-01,-3.847241e-01,-9.670596e-04,-2.382629e-01,-2.399641e-03
2.157490e-03,-6.925722e+00,-4.783113e+00,-8.818451e+00,-8.238074e+00,-1.258019e+01,-1.173324e+00,7.097987e+00,7.545341e+00,-2.150281e+00,-2.326918e+00,-1.074329e+01,-2.632140e+00,3.384708e-02,1.953551e+02,7.742160e-01,-9.516000e-05,1.493572e-01,2.547383e-01,3.414164e-01,7.848536e-01,-7.083086e-01,1.471859e-01,-7.163187e-01,-7.724656e-01,-6.352961e-02,-1.288266e+00,2.363437e-01,-5.786368e-01,-2.719857e-04,-1.520447e-01,-2.876300e-03
2.137416e-03,-7.238239e+00,-4.846389e+00,-8.284204e+00,-7.205180e+00,-1.383500e+01,-6.822440e-01,6.620170e+00,5.993284e+00,-2.549902e+00,-4.387817e+00,-1.133981e+01,-3.611041e+00,3.414929e-02,1.951910e+02,7.693126e-01,-3.294640e-05,-1.571701e-01,-4.979549e-02,7.078280e-01,7.119046e-01,-8.827584e-01,3.471317e-01,-1.523694e-01,-1.406974e+00,-7.419594e-01,-1.029787e+00,6.091633e-02,-4.236564e-01,9.368390e-04,-2.366943e-02,-3.350055e-03
2.125313e-03,-7.633501e+00,-5.298292e+00,-7.271456e+00,-6.643105e+00,-1.439962e+01,-7.386215e-01,7.290404e+00,3.314781e+00,-3.926130e+00,-5.170977e+00,-1.137942e+01,-3.233665e+00,3.656694e-02,1.952323e+02,7.647927e-01,-1.294217e-05,-2.070764e-01,-1.751395e-01,9.090471e-01,4.401228e-01,-5.181860e-01,5.462128e-01,9.943838e-02,-1.018064e+00,-1.087637e+00,-4.640623e-01,3.913601e-01,-5.664753e-01,1.329707e-03,3.634033e-02,-3.104532e-03
2.146740e-03,-7.899665e+00,-5.366289e+00,-6.242991e+00,-6.058472e+00,-1.522117e+01,5.885612e-01,7.528301e+00,2.997803e+00,-5.126816e+00,-4.818778e+00,-1.054889e+01,-3.692097e+00,3.838018e-02,1.954747e+02,7.628599e-01,-2.626749e-05,-2.593937e-02,-6.137123e-02,8.542669e-01,-1.387143e-02,-7.273541e-02,5.897710e-01,2.048696e-01,-8.314846e-02,-7.811621e-01,2.942093e-01,7.414396e-01,-1.064801e+00,6.648537e-04,5.416870e-03,-2.108228e-03
2.088117e-03,-7.630390e+00,-5.398860e+00,-5.293822e+00,-6.610815e+00,-1.447804e+01,9.223371e-01,7.141113e+00,3.952762e+00,-6.300008e+00,-4.431749e+00,-9.181954e+00,-5.423988e+00,3.838018e-02,1.953949e+02,7.619197e-01,-5.304643e-05,1.264958e-01,1.538804e-01,3.837345e-01,-4.154293e-01,2.205009e-02,4.159048e-01,1.416951e-01,3.342049e-01,1.833966e-01,5.222389e-01,6.576979e-01,-1.751505e+00,-8.461766e-04,-1.369522e-01,-8.289695e-04
2.024676e-03,-7.369491e+00,-5.102961e+00,-5.001687e+00,-7.290682e+00,-1.415947e+01,1.436132e+00,7.719163e+00,5.258551e+00,-5.268773e+00,-3.286385e+00,-8.731345e+00,-7.839883e+00,3.656694e-02,1.951368e+02,7.602080e-01,-7.209463e-05,1.178946e-01,3.327661e-01,1.049201e-01,-7.673174e-01,-1.041269e-01,6.525489e-02,3.939481e-01,1.376970e-01,1.160510e+00,7.294618e-01,9.369107e-02,-1.786800e+00,-1.843458e-03,-3.109390e-01,-5.295217e-04
1.921112e-03,-7.266109e+00,-4.660553e+00,-5.973436e+00,-8.104146e+00,-1.482022e+01,9.171171e-01,7.903448e+00,3.855432e+00,-2.938168e+00,-3.325979e+00,-8.999701e+00,-9.917294e+00,3.324267e-02,1.947165e+02,7.619739e-01,-7.354580e-05,2.522030e-02,5.926255e-01,1.536156e-01,-6.132654e-01,-3.176459e-01,-2.379349e-01,7.359481e-01,-2.416298e-01,1.669125e+00,1.188056e+00,-5.613461e-01,-1.058928e+00,-1.994561e-03,-4.912323e-01,-9.190798e-04
1.869769e-03,-7.492333e+00,-4.071611e+00,-5.378583e+00,-9.148393e+00,-1.557071e+01,9.174457e-01,9.116874e+00,3.734954e+00,-1.005185e+00,-1.724354e+00,-1.017156e+01,-1.037944e+01,3.173164e-02,1.942593e+02,7.601852e-01,-6.485135e-05,1.812601e-02,6.827539e-01,6.333390e-01,-3.147591e-01,-2.107294e-01,-4.793115e-01,6.690359e-01,-3.180315e-01,1.261536e+00,1.403252e+00,-7.063580e-01,-1.495910e-01,-1.631914e-03,-6.999710e-01,-2.846336e-03
1.797842e-03,-7.442868e+00,-2.951408e+00,-4.337296e+00,-8.748286e+00,-1.536065e+01,-7.994413e-03,1.012200e+01,3.506412e+00,-8.617771e-02,7.275147e-01,-1.126858e+01,-9.448851e+00,3.082502e-02,1.933775e+02,7.573357e-01,-5.816639e-05,1.640009e-01,6.273206e-01,9.691247e-01,3.181352e-01,1.757480e-01,-4.805568e-01,2.714123e-01,-5.131345e-02,6.878910e-01,1.390501e+00,-3.815656e-01,5.354451e-01,-1.299486e-03,-8.847168e-01,-4.701555e-03
1.762055e-03,-7.190482e+00,-2.543765e+00,-2.653062e+00,-8.542407e+00,-1.494291e+01,-4.978698e-01,9.955068e+00,3.842904e+00,-3.870866e-01,1.703129e+00,-1.112870e+01,-8.822060e+00,2.961620e-02,1.923064e+02,7.482954e-01,-7.179922e-05,3.015901e-01,3.824093e-01,4.851297e-01,8.676264e-01,7.450413e-01,-4.246484e-01,-8.931850e-01,-2.933921e-01,3.985363e-01,6.916367e-01,1.782021e-01,9.612730e-01,-1.208825e-03,-1.105530e+00,-7.043588e-03
1.684137e-03,-6.597030e+00,-2.287874e+00,-2.490573e+00,-6.816463e+00,-1.425538e+01,-7.780091e-01,8.841413e+00,3.544889e+00,1.922378e-01,1.912784e+00,-1.042896e+01,-8.018760e+00,2.780296e-02,1.912693e+02,7.444110e-01,-9.906704e-05,4.011542e-01,4.053417e-01,-6.277525e-01,1.032736e+00,1.573120e+00,-2.366953e-01,-2.135550e+00,-1.136893e+00,5.038715e-01,3.737656e-01,5.346030e-01,1.058524e+00,-1.027501e-03,-1.284784e+00,-9.058577e-03
1.567625e-03,-6.407301e+00,-2.491332e+00,-3.876296e+00,-5.776172e+00,-1.239814e+01,-8.207888e-01,5.291242e+00,2.248754e+00,8.482893e-01,1.141195e+00,-9.700356e+00,-6.288124e+00,2.719855e-02,1.897857e+02,7.314296e-01,-1.277979e-04,4.230880e-01,9.428186e-01,-1.657825e+00,6.899077e-01,2.354963e+00,-5.872605e-02,-2.886593e+00,-2.746481e+00,3.125625e-01,6.315237e-01,8.952268e-01,1.449554e+00,-3.928678e-04,-1.290118e+00,-9.839535e-03
1.399722e-03,-5.828687e+00,-9.509153e-01,-6.864441e+00,-4.967722e+00,-8.767434e+00,-1.030012e+00,1.776163e+00,-1.380980e+00,1.815492e+00,2.877310e+00,-9.309733e+00,-5.423199e+00,2.689634e-02,1.882140e+02,7.204757e-01,-1.242590e-04,3.143617e-01,1.738481e+00,-1.731274e+00,-2.378802e-01,2.444083e+00,3.625607e-01,-2.954056e+00,-4.181323e+00,-6.138515e-01,1.266577e+00,1.617322e+00,1.582914e+00,-2.719853e-04,-1.058746e+00,-1.047047e-02
1.265273e-03,-5.459213e+00,1.501849e+00,-8.755256e+00,-6.017239e+00,-5.912066e+00,-6.654988e-01,-9.452755e-01,-7.426569e+00,3.640987e-01,4.378485e+00,-7.212176e+00,-2.872071e+00,2.810517e-02,1.873835e+02,7.110654e-01,-9.165702e-05,1.042198e-01,2.107006e+00,-9.358681e-01,-9.509352e-01,1.647283e+00,8.646336e-01,-2.085478e+00,-4.286155e+00,-1.500907e+00,1.475186e+00,2.308307e+00,1.436612e+00,7.555159e-04,-5.614411e-01,-9.548336e-03
1.214018e-03,-5.499266e+00,4.407939e+00,-8.707461e+00,-7.885331e+00,-5.278002e+00,9.571493e-01,-2.810610e+00,-1.252407e+01,-2.634925e+00,6.627024e+00,-3.586438e+00,-1.812218e+00,2.598972e-02,1.871767e+02,7.022408e-01,-4.637713e-05,-2.204532e-01,1.620247e+00,-2.845173e-01,-1.185751e+00,5.554802e-01,1.104620e+00,-9.060732e-01,-2.746285e+00,-1.458277e+00,7.608919e-01,2.572867e+00,9.106285e-01,4.019341e-03,-1.831268e-01,-7.689953e-03
1.202192e-03,-6.050913e+00,5.364269e+00,-7.634127e+00,-9.072044e+00,-5.906438e+00,2.508798e+00,-2.842762e+00,-1.361048e+01,-4.431036e+00,6.642270e+00,-1.020468e+00,-9.105548e-01,3.142944e-02,1.874971e+02,6.928053e-01,-1.396394e-05,-3.550205e-01,6.844114e-01,-4.610365e-01,-9.314917e-01,4.805131e-02,9.646292e-01,3.104799e-01,-1.947540e-01,-5.584328e-01,-1.980444e-01,1.748407e+00,3.382965e-02,7.796918e-03,-1.311188e-02,-2.898794e-03
1.199377e-03,-6.635103e+00,5.219108e+00,-8.847592e+00,-9.369077e+00,-5.992847e+00,2.905941e+00,-1.805459e+00,-1.202045e+01,-3.078325e+00,5.549877e+00,4.587464e-01,-1.850815e+00,4.533092e-02,1.872415e+02,6.911559e-01,1.481670e-05,-2.870669e-01,-1.410664e-01,-1.080760e+00,-7.368585e-01,-4.837456e-02,6.585943e-01,1.662215e+00,2.104398e+00,-1.501015e-01,-1.341387e+00,4.705168e-01,-4.158057e-01,8.824418e-03,-1.684570e-03,3.995049e-03
1.202774e-03,-6.666397e+00,4.518322e+00,-1.099037e+01,-9.932824e+00,-5.314387e+00,3.183251e+00,1.045486e-01,-8.652147e+00,-2.206365e+00,3.926836e+00,-4.927333e-01,-2.683625e+00,5.741916e-02,1.872855e+02,7.021138e-01,5.919595e-05,-8.132386e-02,-4.107321e-01,-1.540939e+00,-9.087923e-01,2.218106e-01,9.367992e-01,2.458409e+00,2.949791e+00,-8.175545e-01,-1.929394e+00,-8.092861e-01,-8.506452e-01,4.019341e-03,-7.813873e-02,9.840494e-03
1.287810e-03,-6.626858e+00,4.125581e+00,-1.243314e+01,-1.113923e+01,-5.815900e+00,3.912894e+00,4.026810e+00,-4.481243e+00,-4.497768e+00,1.277805e+00,-1.497722e+00,-3.004712e+00,5.711696e-02,1.872741e+02,7.175618e-01,1.144562e-04,5.901938e-02,-4.350965e-01,-1.422433e+00,-1.036227e+00,5.408445e-01,1.695462e+00,2.943426e+00,2.266953e+00,-1.844280e+00,-2.301185e+00,-1.779946e+00,-8.254020e-01,-2.568752e-03,-1.285736e-01,1.215422e-02
1.453955e-03,-6.461655e+00,3.857372e+00,-1.354605e+01,-1.273093e+01,-4.885859e+00,6.689317e+00,6.533149e+00,-2.631124e+00,-7.809087e+00,-8.686630e-01,-4.088665e+00,-4.586832e+00,4.563312e-02,1.870902e+02,7.288049e-01,1.550747e-04,1.167298e-01,-3.835590e-01,-1.235344e+00,-8.113500e-01,1.410099e+00,2.615961e+00,2.353251e+00,7.389472e-01,-1.810367e+00,-1.998898e+00,-1.983743e+00,-4.907253e-01,-6.104564e-03,-3.551025e-01,1.107134e-02
1.646067e-03,-6.442378e+00,3.374100e+00,-1.468192e+01,-1.315116e+01,-3.502889e+00,9.630216e+00,9.697371e+00,-3.696194e+00,-9.498365e+00,-3.558300e+00,-6.643017e+00,-5.026221e+00,3.838018e-02,1.866963e+02,7.385815e-01,1.377548e-04,1.499020e-01,-3.798808e-01,-1.122452e+00,-4.547998e-01,2.223251e+00,2.679885e+00,1.011368e+00,-4.148847e-01,-4.275106e-01,-9.729657e-01,-1.686349e+00,2.621579e-02,-5.469931e-03,-5.839539e-01,8.767718e-03
1.799020e-03,-6.174988e+00,2.976267e+00,-1.604270e+01,-1.298361e+01,5.796039e-01,1.340439e+01,9.035521e+00,-5.349936e+00,-8.757902e+00,-3.649601e+00,-7.838803e+00,-4.126497e+00,3.626473e-02,1.857989e+02,7.469606e-01,6.828081e-05,1.327310e-01,-3.815722e-01,-1.007747e+00,-3.371883e-01,2.030146e+00,1.618585e+00,-6.740091e-01,-5.833629e-01,1.192723e+00,2.626930e-01,-8.493613e-01,2.512635e-01,-2.447870e-03,-7.196198e-01,6.692290e-03
1.804052e-03,-6.020681e+00,2.666730e+00,-1.679707e+01,-1.328689e+01,2.567622e+00,1.395478e+01,7.832464e+00,-5.196261e+00,-6.160913e+00,-2.196555e+00,-8.054397e+00,-3.103801e+00,3.445150e-02,1.850000e+02,7.523225e-01,-3.032427e-05,3.888483e-02,-3.216247e-01,-6.159723e-01,-4.496508e-01,9.917620e-01,3.097000e-02,-2.305229e+00,-3.838254e-01,2.076009e+00,1.445053e+00,6.593800e-02,-1.478379e-01,-4.533093e-04,-6.112671e-01,3.496104e-03
1.716366e-03,-6.008848e+00,2.303197e+00,-1.752720e+01,-1.434900e+01,2.229616e+00,1.261996e+01,4.095558e+00,-4.797905e+00,-3.514197e+00,-2.360704e-01,-7.629781e+00,-4.291725e+00,3.535811e-02,1.843403e+02,7.553958e-01,-1.070712e-04,-5.442614e-02,-2.558925e-01,-7.204437e-03,-1.300058e-01,-5.229014e-01,-1.498062e+00,-2.983459e+00,-3.052615e-01,2.013467e+00,1.894450e+00,7.528248e-01,-6.185935e-01,3.324270e-04,-2.783707e-01,-9.875238e-04
1.535773e-03,-6.331024e+00,2.102512e+00,-1.701953e+01,-1.471672e+01,6.309152e-01,1.017728e+01,6.412060e-01,-5.891336e+00,-1.740176e+00,1.960200e+00,-6.417838e+00,-5.682796e+00,3.656694e-02,1.843693e+02,7.518444e-01,-1.250803e-04,-2.297497e-03,5.238480e-02,5.962680e-01,7.332827e-01,-9.369718e-01,-1.936471e+00,-2.809545e+00,-4.513847e-01,1.664568e+00,2.308256e+00,1.269521e+00,-6.053984e-01,-6.950732e-04,6.733093e-02,-6.463528e-03
1.397803e-03,-6.291948e+00,1.978913e+00,-1.596749e+01,-1.291873e+01,-1.066549e+00,7.802834e+00,-2.286144e+00,-6.528706e+00,-9.009347e-01,3.744270e+00,-4.892958e+00,-5.929966e+00,3.686915e-02,1.847224e+02,7.422621e-01,-9.411181e-05,1.236095e-01,4.095074e-01,9.225146e-01,1.639060e+00,-3.567775e-01,-1.918220e+00,-1.886031e+00,-2.713198e-01,1.653834e+00,2.511485e+00,1.306320e+00,-2.107209e-01,-1.783015e-03,2.261215e-01,-1.068304e-02
1.337932e-03,-5.890619e+00,3.090796e+00,-1.459559e+01,-1.033562e+01,-4.691544e-01,6.680987e+00,-3.024411e+00,-6.587784e+00,8.552949e-01,7.354555e+00,-3.075203e+00,-5.311672e+00,3.022061e-02,1.851456e+02,7.265717e-01,-4.157370e-05,2.187837e-01,5.432283e-01,7.960957e-01,2.207802e+00,7.796866e-01,-1.681582e+00,-8.920279e-01,2.290256e-01,2.022501e+00,2.003371e+00,6.022172e-01,-2.238593e-01,-1.873678e-03,-1.216977e+01,-1.283342e-02
1.344727e-03,-5.611002e+00,3.856592e+00,-1.412660e+01,-8.344253e+00,9.957636e-01,4.777011e+00,-3.501791e+00,-5.806280e+00,3.457239e+00,9.624179e+00,-2.769498e+00,-5.530891e+00,2.961620e-02,1.850827e+02,7.146170e-01,-3.908761e-07,6.081142e-02,1.546807e-01,6.679015e-01,2.365370e+00,1.413395e+00,-1.614597e+00,-1.441310e-01,1.223656e+00,2.297303e+00,3.543746e-01,-6.892574e-01,-6.601448e-02,-1.813237e-03,-3.081155e+01,-1.260259e-02
1.354442e-03,-5.577578e+00,3.879814e+00,-1.395950e+01,-5.964943e+00,3.498192e+00,3.282281e+00,-3.211110e+00,-5.107421e+00,6.193240e+00,9.037098e+00,-4.468482e+00,-7.001630e+00,3.082502e-02,1.233403e+02,7.014999e-01,2.259419e-05,-2.144151e-01,-5.510905e-01,7.919738e-01,2.458731e+00,8.523828e-01,-1.704834e+00,8.040768e-01,2.359044e+00,1.667663e+00,-1.729446e+00,-1.746526e+00,4.676022e-01,-3.233606e-03,-4.938066e+01,-1.272485e-02
1.387594e-03,-6.144411e+00,2.357807e+00,-1.294603e+01,-3.277213e+00,4.016750e+00,1.429202e+00,-2.913450e+00,-1.150606e+00,7.916607e+00,4.674871e+00,-7.642606e+00,-5.415060e+00,2.750076e-02,6.156725e+01,6.917850e-01,3.893593e-05,-5.521401e-01,-1.020611e+00,1.557579e+00,2.191465e+00,-6.902297e-01,-1.180783e+00,2.096778e+00,2.697426e+00,-7.181358e-02,-2.369650e+00,-1.802995e+00,1.371501e+00,-6.648534e-03,-4.935058e+01,-1.231546e-02
1.429470e-03,-6.695990e+00,1.084735e+00,-1.122600e+01,-5.754781e-01,2.282266e+00,-1.692811e-01,7.018026e-01,2.879599e+00,6.963928e+00,1.181979e+00,-9.371280e+00,-3.031577e+00,1.511031e-02,0,6.743634e-01,4.074236e-05,-7.674237e-01,-9.551735e-01,2.239612e+00,1.033482e+00,-2.295486e+00,-3.241876e-01,3.138678e+00,1.673117e+00,-2.157943e+00,-1.346791e+00,-8.266956e-01,1.468060e+00,-7.343609e-03,-3.082478e+01,-1.037564e-02
1.501893e-03,-7.812497e+00,1.510786e-01,-7.705453e+00,-8.166244e-02,-1.847422e+00,5.988762e-01,5.025646e+00,3.687342e+00,2.712827e+00,1.703487e+00,-9.333076e+00,-6.584123e-01,4.230885e-03,0,6.666079e-01,3.252208e-05,-8.456518e-01,-4.351478e-01,2.559798e+00,-7.029095e-01,-3.192914e+00,7.505727e-01,3.043588e+00,-2.349117e-01,-3.460692e+00,5.130247e-01,2.975664e-01,4.916165e-01,-3.414929e-03,-1.231345e+01,-7.369769e-03
1.501004e-03,-8.580654e+00,2.073110e-01,-5.381727e+00,-2.395307e+00,-5.047153e+00,2.076506e+00,8.512733e+00,8.391914e-01,-1.994588e+00,3.788836e+00,-7.756725e+00,-2.039653e+00,5.741916e-03,0,6.622103e-01,9.780983e-06,-7.323586e-01,2.021941e-01,2.166646e+00,-2.235696e+00,-3.069444e+00,8.920028e-01,1.589207e+00,-1.579199e+00,-3.018282e+00,1.306809e+00,7.587362e-01,-3.876522e-01,3.686915e-03,0,-4.760540e-03
1.514437e-03,-9.430338e+00,6.207805e-01,-3.069180e+00,-5.881846e+00,-8.283110e+00,4.059172e+00,8.399025e+00,-1.304960e+00,-4.907597e+00,5.936566e+00,-6.962052e+00,-3.452939e+00,1.511031e-02,0,6.610128e-01,-1.117405e-05,-3.973001e-01,8.515366e-01,1.423021e+00,-2.465928e+00,-2.372309e+00,-7.137735e-02,-1.989006e-01,-1.509812e+00,-1.393872e+00,1.178158e+00,8.571105e-01,-1.002909e+00,8.824417e-03,0,-6.910575e-03
1.472103e-03,-9.548862e+00,1.860855e+00,-2.710912e+00,-8.853867e+00,-9.847109e+00,2.560585e+00,6.961148e+00,-2.520247e+00,-4.317269e+00,5.599483e+00,-6.763111e+00,-3.572575e+00,2.810517e-02,0,6.533583e-01,-2.808068e-05,-2.131586e-02,1.613936e+00,7.828584e-01,-1.351810e+00,-1.293898e+00,-1.244429e+00,-1.631943e+00,-1.394536e+00,8.024783e-02,7.902290e-01,4.842177e-01,-8.578966e-01,1.006346e-02,0,-1.273449e-02
1.460473e-03,-9.314893e+00,3.581989e+00,-1.925754e+00,-9.182023e+00,-1.130899e+01,-5.014737e-05,4.806936e+00,-2.181999e+00,-3.095194e+00,6.688955e+00,-5.544330e+00,-4.906495e+00,3.717135e-02,0,6.364810e-01,-4.324218e-05,2.882934e-01,2.117410e+00,1.835846e-01,2.564636e-01,3.163249e-01,-1.806378e+00,-2.193965e+00,-1.548372e+00,7.241387e-01,5.286271e-01,4.920796e-01,-7.755960e-01,8.703535e-03,0,-1.999559e-02
1.387583e-03,-8.744956e+00,6.796389e+00,-2.039147e+00,-7.504267e+00,-1.000370e+01,-2.116027e+00,2.149064e+00,-5.694972e+00,-2.499551e+00,7.363787e+00,-6.044497e+00,-5.602358e+00,4.502871e-02,0,6.108037e-01,-4.606287e-05,2.601618e-01,2.134064e+00,-1.055646e-01,1.493705e+00,1.563399e+00,-1.003899e+00,-1.716972e+00,-1.584767e+00,4.107922e-01,-4.251423e-02,5.753325e-01,-1.584471e-01,5.772137e-03,0,-2.871556e-02
1.340486e-03,-8.390824e+00,8.740064e+00,-2.487139e+00,-5.274328e+00,-6.623188e+00,-2.634412e+00,-1.647600e-01,-7.459455e+00,-2.195762e+00,7.697549e+00,-4.860960e+00,-6.316027e+00,5.016622e-02,0,5.823121e-01,-4.385460e-05,-8.629246e-02,1.389182e+00,-4.636123e-01,1.868790e+00,2.616821e+00,3.498301e-01,-4.672486e-01,-5.149484e-01,3.250362e-01,-1.167409e+00,9.573233e-01,7.041248e-01,2.417654e-04,0,-6.546499e-02
1.301782e-03,-8.710088e+00,9.952136e+00,-2.958042e+00,-3.339188e+00,-4.373014e+00,-1.141729e+00,8.621348e-01,-7.805353e+00,-2.713024e+00,4.882615e+00,-4.228133e+00,-3.660044e+00,5.046842e-02,0,5.368649e-01,-2.729194e-05,-6.649664e-01,2.800401e-01,-6.298248e-01,1.629956e+00,2.597228e+00,1.626492e+00,1.329773e+00,1.613397e+00,3.095166e-01,-1.991637e+00,1.174013e+00,1.559740e+00,-7.132065e-03,0,-1.138269e-01
1.284101e-03,-9.763789e+00,8.950028e+00,-3.784368e+00,-1.920612e+00,-1.040229e+00,1.261951e+00,3.114157e+00,-3.701550e+00,-1.363276e+00,2.092496e+00,-1.665896e+00,-2.357028e+00,3.566032e-02,0,3.461255e-01,-2.146185e-05,-1.282305e+00,-8.287148e-01,-7.348785e-01,1.270299e+00,2.318151e+00,2.301285e+00,2.415543e+00,3.159056e+00,6.691757e-01,-1.531707e+00,1.169778e+00,1.992430e+00,-1.293442e-02,0,-1.541727e-01
1.279316e-03,-1.138331e+01,8.091607e+00,-4.539657e+00,-1.031346e+00,1.909589e-01,4.068250e+00,7.158468e+00,4.930595e-01,-1.368211e+00,2.081292e-01,-1.771963e+00,2.168434e-01,1.662134e-02,0,1.597623e-01,-1.495888e-05,-1.441526e+00,-1.506920e+00,-8.230118e-01,1.022443e+00,1.596451e+00,1.695783e+00,2.739356e+00,3.176892e+00,5.271907e-01,-1.468616e-02,1.353184e+00,1.738415e+00,-1.341795e-02,0,-1.419855e-01
1.244410e-03,-1.346574e+01,5.526754e+00,-5.370724e+00,-7.675263e-02,2.685580e+00,6.267023e+00,8.764789e+00,4.186619e+00,4.777100e-01,2.376256e+00,-2.401532e-01,1.707678e+00,2.417649e-03,0,0,-1.439188e-05,-1.191877e+00,-1.538313e+00,-5.245814e-01,9.995852e-01,4.857349e-01,5.196647e-01,1.736966e+00,1.616435e+00,-1.800877e-03,1.018677e+00,1.438976e+00,1.025198e+00,-7.585374e-03,0,-8.520132e-02
1.246833e-03,-1.406674e+01,4.129174e+00,-6.279923e+00,8.510997e-01,1.746337e+00,4.834652e+00,1.173360e+01,4.135023e+00,-9.975635e-01,4.667304e+00,1.824913e+00,2.999678e+00,0,0,0,-1.565806e-05,-7.492971e-01,-1.095207e+00,-3.590401e-01,6.739680e-01,-2.982972e-01,-8.732889e-01,-9.415235e-02,6.210427e-02,-2.174788e-01,5.999679e-01,1.265887e+00,-5.121603e-02,6.708975e-03,0,-3.195247e-02
1.228383e-03,-1.438146e+01,3.239680e+00,-5.537142e+00,2.136091e+00,6.107568e-01,3.477073e+00,9.511421e+00,2.559644e+00,-1.557604e+00,4.956295e+00,3.730544e+00,1.377546e+00,6.044122e-03,0,0,-8.786470e-06,-5.918271e-01,-5.072263e-01,-1.675154e-01,1.382415e-01,-8.488468e-01,-1.621723e+00,-1.654160e+00,-1.136140e+00,-3.905310e-01,-6.274351e-01,9.807619e-02,-7.169399e-01,3.046237e-02,0,0
1.209039e-03,-1.467193e+01,3.759111e+00,-6.251648e+00,1.232072e+00,-2.631151e-01,1.096780e+00,6.314390e+00,1.617068e+00,-1.437948e+00,1.917950e+00,2.572123e+00,1.258291e-01,4.835298e-02,0,0,7.249130e-05,-8.796321e-01,-6.406160e-02,-6.399580e-01,-4.843735e-01,-5.349981e-01,-1.477345e+00,-2.657214e+00,-1.743185e+00,1.729785e-01,-9.924307e-01,-5.418718e-01,-6.281327e-01,5.627078e-02,0,0
1.219375e-03,-1.612228e+01,3.175654e+00,-6.222438e+00,4.239683e-01,-5.539275e-01,2.734339e-02,3.203595e+00,-2.351065e-01,-1.254753e+00,6.137576e-01,-1.233773e-01,-4.400972e-01,1.305530e-01,0,0,2.160940e-04,-1.223105e+00,3.513560e-01,-1.195441e+00,-8.135946e-01,-4.173207e-01,-9.706926e-01,-1.736115e+00,-2.190095e+00,3.186648e-01,-5.394225e-01,-6.278733e-01,-3.192551e-02,6.675734e-02,0,0
1.613793e-03,-1.759449e+01,3.840879e+00,-9.137065e+00,-7.147059e-01,-3.463109e-01,-8.272092e-01,1.601442e+00,-3.183527e+00,-2.840969e-01,1.876419e+00,1.042514e+00,7.678356e-01,2.190994e-01,0,0,3.397405e-04,-1.421012e+00,5.934250e-01,-1.038110e+00,-7.589231e-01,-5.850927e-01,-2.755419e-02,-2.284439e-01,-2.504643e+00,8.519152e-01,1.782147e-01,9.159078e-02,1.796212e-01,4.533092e-02,0,0
2.106476e-03,-1.903570e+01,4.955576e+00,-1.007164e+01,-9.584928e-01,-1.434249e+00,-4.143953e-01,3.187319e+00,-5.990535e+00,-5.412059e-01,2.279948e+00,1.355982e+00,8.969154e-01,2.544576e-01,0,0,2.754806e-04,-1.195223e+00,7.096910e-01,5.431233e-02,-6.363624e-01,-7.613441e-01,6.056094e-01,1.422236e+00,-1.675092e+00,1.574336e+00,5.076688e-01,6.611952e-01,-1.806451e-02,-7.252976e-04,0,0
2.464191e-03,-2.032028e+01,5.836275e+00,-9.517601e+00,-1.871312e+00,-2.748418e+00,1.179878e+00,5.180309e+00,-8.028434e+00,2.464855e+00,1.975928e+00,2.290397e+00,3.554289e-01,2.130553e-01,0,0,1.998704e-05,-4.885784e-01,3.127657e-01,2.000393e+00,2.357147e-01,-5.260815e-01,8.632836e-01,2.036211e+00,-6.326059e-01,1.244996e+00,4.253345e-01,1.272210e-01,-7.622862e-01,-4.261107e-02,0,0
2.171579e-03,-2.073550e+01,5.726411e+00,-5.760609e+00,-2.179541e+00,-3.159595e+00,2.051847e+00,8.525342e+00,-6.188112e+00,5.242449e+00,3.102347e+00,2.558657e+00,-3.242165e-01,1.299486e-01,0,0,-2.522285e-04,5.452831e-01,6.725540e-02,2.985410e+00,1.065274e+00,3.762330e-01,7.564060e-01,1.913655e+00,1.341464e+00,3.941252e-01,-1.463932e-01,-5.734388e-01,-9.918245e-01,-5.605924e-02,0,0
1.681177e-03,-1.918748e+01,5.019289e+00,-1.290612e+00,1.074392e+00,-2.114046e+00,2.256088e+00,9.113488e+00,-6.247768e+00,3.049058e+00,3.591892e+00,1.077282e+00,-2.433030e+00,6.829859e-02,0,0,-3.693946e-04,1.284386e+00,2.384882e-02,2.813607e+00,1.656492e+00,1.018073e+00,4.327127e-01,8.040727e-01,2.405138e+00,-1.323954e+00,-9.223504e-01,-1.616704e+00,-8.715574e-01,-3.747356e-02,0,0
1.236840e-03,-1.687568e+01,5.700346e+00,7.419193e-01,2.895027e+00,1.297299e-01,2.829530e+00,1.078901e+01,-1.735458e-01,1.137319e+00,7.399999e-01,-9.046540e-01,-2.667978e+00,4.653974e-02,0,0,-2.839388e-04,1.269071e+00,4.727807e-02,1.363460e+00,1.164357e+00,1.251307e+00,1.458914e-01,-4.980311e-01,2.386593e+00,-1.450080e+00,-1.273618e+00,-1.331257e+00,-2.612858e-01,-9.277725e-03,0,0
1.084587e-03,-1.582826e+01,5.968552e+00,1.299170e+00,3.873864e+00,6.972861e-01,2.954600e+00,8.068841e+00,9.899743e-01,-2.102349e+00,-1.454650e+00,-4.061467e+00,-2.830478e+00,6.739196e-02,0,0,-1.455979e-04,4.823238e-01,-7.925086e-02,-2.110164e-01,-1.656762e-01,5.407718e-01,-3.698858e-01,-1.851743e+00,1.454191e+00,-2.297484e-01,-2.789615e-01,-1.567490e-01,9.160172e-01,6.648533e-03,0,0
1.050180e-03,-1.606976e+01,5.488171e+00,-2.382000e-01,2.242510e+00,1.691276e+00,2.432048e+00,6.557510e+00,2.125983e+00,5.677547e-01,-7.424724e-01,-1.528252e+00,-1.431921e+00,8.401331e-02,0,0,-4.442977e-05,-3.159164e-01,-3.055888e-01,-9.369685e-01,-9.250533e-01,-1.479203e-01,-7.873501e-01,-2.434546e+00,-2.785060e-02,8.162276e-01,7.111013e-01,8.364304e-01,1.340103e+00,3.777575e-03,0,0
1.046518e-03,-1.717883e+01,4.729123e+00,-1.855635e+00,5.722692e-01,-1.909595e-01,6.054000e-01,1.970518e+00,-1.265791e-01,2.185098e+00,2.938320e+00,6.053359e-01,1.529028e+00,8.280447e-02,0,0,-1.062987e-05,-7.037535e-01,-2.117522e-01,-7.983057e-01,-9.700291e-01,1.568589e-02,-3.630105e-01,-1.849680e+00,-2.498386e-01,1.264642e+00,1.048005e+00,8.666961e-01,1.526999e+00,-1.024479e-02,0,0
1.033726e-03,-1.777998e+01,4.792116e+00,-2.365521e+00,-7.944208e-02,-1.657490e-01,6.737971e-02,1.665438e+00,2.454779e-01,3.074733e+00,2.099021e+00,9.440969e-01,1.852785e+00,5.772137e-02,0,0,-5.402311e-06,-6.587921e-01,-1.148125e-01,-1.504545e-01,-1.308930e-01,5.098897e-01,2.913101e-01,-5.504719e-01,1.299696e-01,6.174639e-01,1.071144e+00,-2.048248e-01,5.365388e-01,-1.985494e-02,0,0
1.039665e-03,-1.849191e+01,5.257818e+00,-1.628698e+00,1.846951e-01,1.704228e+00,2.321882e+00,1.266476e+00,6.810336e-01,2.967371e+00,2.364630e+00,-9.641610e-01,3.162166e+00,2.931399e-02,0,0,-7.905881e-07,-3.554550e-01,-9.434924e-02,1.257009e-01,5.978084e-01,1.117919e+00,1.065617e+00,1.174562e+00,1.059392e+00,1.226932e-01,1.083634e+00,-1.092543e-01,-2.551867e-01,-2.033847e-02,0,0
1.026595e-03,-1.870718e+01,4.649761e+00,-1.103941e+00,1.781832e+00,3.293131e+00,3.030357e+00,4.157172e+00,2.372024e+00,3.263938e+00,4.900094e+00,-1.767627e+00,4.342036e-01,1.148383e-02,0,0,6.278499e-06,4.971123e-03,-4.004738e-01,1.739944e-01,5.657119e-01,7.520650e-02,4.181729e-01,1.695072e+00,1.565673e+00,-2.459638e-01,1.401147e+00,5.516434e-01,-4.102951e-01,-1.248111e-02,0,0
1.046131e-03,-1.849250e+01,4.328554e+00,-1.857920e+00,2.630674e+00,3.669197e+00,4.451996e+00,6.597460e+00,4.107105e+00,2.703961e+00,6.955952e+00,1.414926e+00,9.623850e-01,4.230885e-03,0,0,2.178616e-05,1.960480e-01,-6.984822e-01,7.016626e-01,3.510508e-01,-1.260764e+00,-3.459015e-01,1.402343e+00,1.255113e+00,-1.183599e+00,2.240917e-01,1.087252e+00,-8.204176e-02,2.417650e-04,0,0
1.061886e-03,-1.775483e+01,3.254379e+00,-1.380938e+00,1.526128e+00,-7.722009e-01,1.093187e+00,7.475304e+00,6.360809e+00,1.976619e+00,6.809095e+00,2.512770e+00,9.011996e-01,7.857359e-03,0,0,3.666538e-05,3.070726e-01,-7.976605e-01,1.860322e+00,2.068395e-01,-1.880679e+00,-3.818649e-01,2.123616e-01,4.402345e-01,-1.804453e+00,-9.633667e-01,2.947615e-02,4.055209e-01,1.151405e-02,0,0
1.130950e-03,-1.798785e+01,2.463098e+00,2.018113e+00,2.067801e+00,-2.566928e+00,1.560959e+00,6.619123e+00,4.962206e+00,-2.306963e+00,2.530587e+00,2.331900e+00,2.518459e+00,3.233605e-02,0,0,3.695385e-05,8.178965e-01,-1.832307e-01,2.507770e+00,1.589202e-01,-1.813020e+00,-3.105087e-01,-8.907095e-01,-9.337867e-01,-2.191717e+00,-1.328861e+00,-1.275800e+00,1.712835e-02,1.571472e-02,0,3.276108e-02
1.167512e-03,-1.742414e+01,1.594186e+00,6.259652e+00,3.097466e+00,-2.992202e+00,2.566551e+00,5.208148e+00,4.145647e+00,-3.252867e+00,2.295942e+00,-2.078733e+00,1.683771e+00,5.500151e-02,0,0,2.834379e-05,1.731860e+00,7.669708e-01,1.727731e+00,-1.611334e-01,-1.548654e+00,-4.969598e-01,-1.880347e+00,-2.100764e+00,-2.045954e+00,-7.280028e-01,-1.875983e+00,-5.499495e-01,1.066788e-02,0,9.083027e-02
1.178087e-03,-1.456837e+01,4.242497e+00,6.860637e+00,2.639606e+00,-4.285902e+00,2.162771e+00,3.277491e+00,5.457531e-01,-5.639881e+00,2.568224e+00,-2.668324e+00,6.567411e-01,5.923240e-02,0,1.638054e-01,1.745365e-05,2.683596e+00,1.289177e+00,-4.178167e-01,-1.216943e+00,-2.249071e+00,-1.728278e+00,-2.405074e+00,-2.817773e+00,-1.641707e+00,-1.142869e-02,-1.114843e+00,-1.024024e+00,3.022071e-04,0,1.546559e-01
1.180036e-03,-1.080527e+01,6.199533e+00,4.836453e+00,4.345585e-01,-7.655987e+00,-1.692518e+00,-2.556151e-01,-1.934783e+00,-6.586693e+00,3.150263e+00,-4.367033e+00,-9.176889e-01,4.774857e-02,0,3.722486e-01,1.572262e-05,2.617064e+00,9.490503e-01,-2.111696e+00,-1.715276e+00,-2.590870e+00,-2.480140e+00,-1.835837e+00,-2.307204e+00,-1.256320e+00,-4.949097e-01,-1.547716e-02,-1.173223e+00,-6.225444e-03,0,1.703607e-01
1.211956e-03,-7.879307e+00,6.606309e+00,6.406289e-01,-2.685462e+00,-1.148039e+01,-4.950897e+00,-2.674363e+00,-6.086446e+00,-8.848584e+00,2.046283e+00,-2.098167e+00,-1.300931e+00,3.747356e-02,0,5.871553e-01,9.030116e-06,1.710032e+00,9.487200e-02,-2.536721e+00,-1.390382e+00,-1.395718e+00,-2.036125e+00,-6.988496e-01,-6.790333e-01,8.183384e-02,-9.354964e-01,-5.282204e-02,-1.049317e+00,-7.464491e-03,0,1.220247e-01
1.229190e-03,-7.683356e+00,5.157532e+00,-1.188822e+00,-2.816380e+00,-1.234931e+01,-6.277315e+00,-9.951102e-01,-4.074275e+00,-7.930113e+00,8.236352e-02,-2.441197e+00,-3.203509e+00,3.475371e-02,0,6.401287e-01,-7.334934e-06,7.307093e-01,-1.774232e-01,-1.870121e+00,-4.588786e-01,5.425290e-01,-1.086012e+00,3.950299e-01,9.600199e-01,1.259876e+00,-9.732351e-01,-5.907468e-01,-9.035267e-01,-5.318828e-03,0,5.483513e-02
1.198660e-03,-7.579162e+00,5.237858e+00,-2.810330e+00,-2.686834e+00,-8.917830e+00,-5.725458e+00,1.529903e-01,-1.779667e+00,-4.559001e+00,-5.753087e-01,-3.895353e+00,-3.446935e+00,2.840737e-02,0,6.399890e-01,-1.591045e-05,2.994750e-01,-4.053407e-01,-1.225046e+00,2.385491e-01,2.108768e+00,-9.048271e-02,2.876481e-01,1.245654e+00,1.987945e+00,-3.891211e-01,-1.876583e+00,-7.048230e-01,-2.055003e-03,0,7.382274e-04
1.150010e-03,-7.301796e+00,5.996643e+00,-2.788671e+00,-1.859149e+00,-6.224621e+00,-6.735300e+00,3.058576e-01,7.119271e-01,-2.432106e+00,-4.051168e-01,-6.422175e+00,-4.362320e+00,2.568752e-02,0,6.200075e-01,-1.216505e-05,4.672367e-01,-2.142743e-01,-1.109809e+00,2.959515e-01,2.247324e+00,6.927407e-01,-5.240352e-01,-1.359825e-02,1.575615e+00,5.673378e-01,-1.566148e+00,-5.403272e-01,8.159557e-04,0,-2.053468e-02
1.171995e-03,-6.572712e+00,4.160050e+00,-4.684678e+00,-1.971332e+00,-3.998891e+00,-5.174318e+00,-1.886607e+00,-2.251278e+00,-1.657862e+00,3.444183e-01,-9.490596e+00,-4.245640e+00,3.173164e-02,0,6.009070e-01,-1.814519e-06,4.865526e-01,-1.290789e-02,-9.091932e-01,-3.348796e-02,1.410694e+00,1.225972e+00,-6.319128e-01,-9.828957e-01,6.539147e-01,1.219081e+00,-1.071066e-01,-1.979800e-01,1.692354e-03,0,-2.168265e-02
1.181698e-03,-5.850398e+00,4.625064e+00,-5.800694e+00,-1.694373e+00,-3.572158e+00,-3.089181e+00,-2.595488e+00,-3.906461e+00,-1.502606e+00,2.459189e+00,-7.474314e+00,-5.505792e+00,3.717135e-02,0,5.569962e-01,-5.693117e-06,2.608519e-01,9.282445e-01,-5.908586e-01,-4.646933e-01,9.048775e-01,1.778536e+00,-6.969281e-02,-1.304844e+00,-3.504174e-01,1.698989e+00,1.897339e+00,7.053605e-01,1.208831e-04,0,-1.637833e-02
1.173744e-03,-5.872098e+00,5.859108e+00,-5.850285e+00,-2.936661e+00,-3.190593e+00,-1.418658e+00,-1.555901e+00,-4.384952e+00,-1.754178e+00,4.087944e+00,-3.904816e+00,-3.865099e+00,3.112723e-02,0,5.630813e-01,-2.529166e-05,-2.233372e-01,1.774871e+00,2.636139e-01,-7.298166e-01,8.807513e-01,1.577950e+00,5.335330e-01,-9.055351e-01,-1.048959e+00,1.494537e+00,3.459522e+00,1.619179e+00,-1.299486e-03,0,-8.481622e-03
1.120670e-03,-6.347843e+00,9.788337e+00,-5.160161e+00,-3.699950e+00,-2.104382e+00,2.795505e-01,-2.079591e-01,-4.745455e+00,-4.136035e+00,6.218065e+00,2.716289e-01,-1.025788e+00,2.659414e-02,0,5.570287e-01,-3.647507e-05,-8.121898e-01,1.592156e+00,9.150938e-01,-2.855799e-01,1.089376e+00,9.404499e-01,1.758478e-01,-6.853607e-01,-1.204358e+00,4.455951e-01,2.667149e+00,2.286998e+00,1.813236e-03,0,-4.036459e-02
1.076050e-03,-7.440675e+00,1.045277e+01,-3.686874e+00,-4.617626e+00,-3.290224e-01,1.031066e+00,-4.127061e-01,-6.359457e+00,-5.585943e+00,5.937663e+00,3.934045e+00,1.610254e+00,3.052282e-02,0,5.584827e-01,-3.467240e-05,-1.443471e+00,7.008541e-01,1.462084e+00,6.465344e-01,1.184834e+00,5.405107e-01,-2.289114e-01,-2.500399e-01,-5.407740e-01,-6.614870e-01,9.320850e-01,1.568672e+00,5.802357e-03,0,-9.940251e-02
1.048169e-03,-9.127058e+00,1.028901e+01,-2.306930e+00,-2.281790e+00,4.439373e-01,3.882064e-01,-2.287847e+00,-6.346012e+00,-5.608514e+00,3.762305e+00,1.942000e+00,3.191522e+00,4.653974e-02,0,3.574726e-01,-1.852694e-05,-2.039050e+00,-5.636325e-01,1.525638e+00,1.399122e+00,9.268349e-01,3.402997e-01,1.695477e-02,6.630476e-01,2.954957e-01,-1.324834e+00,-7.660801e-01,7.663473e-01,8.733757e-03,0,-1.506693e-01
1.036632e-03,-1.169985e+01,9.113042e+00,3.351879e-02,-4.130689e-01,1.459415e+00,1.229567e+00,-1.660514e+00,-4.834873e+00,-3.721808e+00,2.008389e+00,-7.957649e-02,1.869608e+00,5.016622e-02,0,1.658468e-01,1.225632e-06,-2.190458e+00,-1.484749e+00,4.524742e-01,1.140321e+00,6.053441e-01,2.951941e-01,7.418458e-01,1.463618e+00,1.190591e+00,-6.063482e-01,-1.227671e+00,-1.297205e-01,9.307949e-03,0,-1.474438e-01
1.047744e-03,-1.441351e+01,7.640039e+00,6.078305e-01,1.193382e+00,1.635574e+00,1.881799e+00,5.007188e-01,-2.192509e+00,-3.590624e+00,1.558531e+00,-1.551961e+00,2.676271e+00,6.044122e-02,0,0,3.065033e-05,-1.688542e+00,-2.393382e+00,-1.378095e+00,-1.523319e-01,3.477293e-01,-1.259862e-01,1.012981e+00,1.572201e+00,2.141435e+00,9.943735e-01,-6.374241e-02,-2.498756e-01,5.983681e-03,0,-8.807920e-02
1.082391e-03,-1.574974e+01,4.353511e+00,-2.881884e+00,-6.536095e-01,2.101879e+00,1.760241e+00,1.902240e+00,-1.118117e+00,-6.419306e-01,4.007809e+00,-4.573323e-01,1.219276e+00,7.011182e-02,0,0,4.520260e-05,-6.410193e-01,-2.764084e+00,-3.083777e+00,-9.682911e-01,4.349585e-01,-3.715965e-01,5.525553e-01,1.194028e+00,2.671846e+00,2.123313e+00,8.212938e-01,-4.440594e-03,1.269265e-03,0,-3.316937e-02
1.178541e-03,-1.554482e+01,7.018680e-01,-7.739706e+00,-2.923179e+00,1.861351e+00,-5.070615e-01,9.956815e-01,-3.433876e-01,3.558722e+00,7.734463e+00,1.812166e+00,2.267310e+00,6.648535e-02,0,0,3.706885e-05,3.563878e-01,-2.393545e+00,-3.263619e+00,-8.376964e-01,1.010329e+00,1.598803e-01,-2.065546e-01,4.579575e-01,2.579618e+00,2.128244e+00,9.917576e-01,-3.740511e-01,-6.316108e-03,0,0
1.197246e-03,-1.433929e+01,-1.238292e+00,-1.121160e+01,-3.196243e+00,3.521319e+00,5.660145e-01,8.547811e-01,2.107068e-01,6.062748e+00,9.536988e+00,2.344830e+00,2.051886e+00,5.349048e-02,0,0,5.538866e-06,1.154048e+00,-8.516878e-01,-2.081131e+00,-5.929155e-02,1.438532e+00,1.310570e+00,-5.221576e-01,-2.395648e-01,1.013703e+00,8.165742e-01,1.883535e-01,-9.363934e-01,-9.579934e-03,0,3.025472e-02
1.175661e-03,-1.333679e+01,-1.531783e+00,-1.154541e+01,-1.723783e+00,5.977499e+00,3.278313e+00,-8.324464e-03,-5.671332e-01,5.955125e+00,9.435159e+00,2.005746e+00,3.897112e-01,3.717135e-02,0,0,-8.099259e-06,1.683308e+00,5.257068e-01,-9.146379e-01,5.923165e-02,1.113370e+00,1.633032e+00,-9.402056e-01,-1.250766e+00,-5.895675e-01,-2.343284e-01,-1.114321e+00,-2.376649e+00,-7.827138e-03,0,9.047793e-02
1.111525e-03,-1.108352e+01,1.211898e+00,-1.138469e+01,-1.549765e+00,7.236468e+00,6.420405e+00,-2.065451e-01,-2.204068e+00,3.228384e+00,7.240332e+00,3.876452e-01,-2.523891e+00,3.686915e-02,0,1.512736e-01,1.762399e-05,1.991585e+00,1.290979e+00,-4.021279e-01,-6.309401e-01,-1.598138e-01,5.805426e-01,-1.229537e+00,-2.001126e+00,-1.487166e+00,-2.691275e-01,-1.838892e+00,-3.095324e+00,-3.475369e-03,0,1.601595e-01
1.180905e-03,-8.756165e+00,2.105307e+00,-1.222635e+01,-3.450260e+00,5.570625e+00,4.730905e+00,-3.174683e+00,-5.389830e+00,2.028066e+00,7.711149e+00,-2.780847e+00,-7.328047e+00,3.566032e-02,0,3.767528e-01,4.621082e-05,1.848022e+00,1.054902e+00,-3.673488e-01,-1.014547e+00,-1.332988e+00,-9.987633e-01,-1.496412e+00,-2.124968e+00,-1.072960e+00,2.930358e-01,-1.852224e+00,-2.952814e+00,2.175884e-03,0,1.831888e-01
1.282744e-03,-6.671675e+00,3.398060e+00,-1.288177e+01,-5.487705e+00,2.925688e+00,2.742431e+00,-3.709725e+00,-7.383576e+00,5.904468e-01,9.053355e+00,-4.456335e+00,-9.565853e+00,3.686915e-02,0,6.124211e-01,4.173350e-05,9.744037e-01,3.220210e-01,1.870225e-01,-1.033651e-01,-1.808174e+00,-1.943478e+00,-1.157403e+00,-9.002520e-01,-9.537405e-02,4.927486e-01,-1.212104e+00,-1.474127e+00,5.107284e-03,0,9.258524e-02
1.321106e-03,-6.302605e+00,2.649646e+00,-1.263361e+01,-4.827549e+00,1.467952e+00,1.234838e-01,-5.738795e+00,-8.602219e+00,1.909293e+00,9.993826e+00,-4.833386e+00,-1.085338e+01,4.805077e-02,0,6.853703e-01,1.299462e-05,-4.858132e-01,2.130909e-02,1.323542e+00,1.591957e+00,-1.669257e+00,-1.275360e+00,5.030680e-03,9.957566e-01,5.968259e-01,-1.546554e-01,-1.246737e-01,8.064960e-01,7.011182e-03,0,-4.575901e-02
1.250093e-03,-7.438277e+00,2.549833e+00,-1.024594e+01,-1.377946e+00,2.469326e-01,-9.932747e-01,-4.711506e+00,-5.099134e+00,2.810901e+00,8.562737e+00,-4.646607e+00,-8.131864e+00,5.621034e-02,0,4.598911e-01,9.617609e-05,-2.341603e+00,-4.124507e-01,2.507134e+00,2.070854e+00,-1.453455e+00,1.623238e-01,1.041100e+00,1.665742e+00,8.754987e-01,-2.338533e-01,4.536474e-01,2.440861e+00,8.552433e-03,0,-1.685990e-01
1.262204e-03,-1.080193e+01,2.635966e+00,-6.926548e+00,2.454646e+00,-1.436282e+00,2.219562e-01,-2.648639e+00,-1.553268e+00,3.901969e+00,7.183182e+00,-3.309080e+00,-4.012562e+00,6.104564e-02,0,2.242228e-01,2.936401e-04,-3.727068e+00,-6.459991e-01,3.175725e+00,9.373061e-01,-1.528226e+00,2.049516e+00,1.968937e+00,4.285353e-01,1.341173e+00,-1.006906e-01,5.428759e-01,2.868815e+00,1.396192e-02,0,-1.343015e-01
1.793075e-03,-1.613003e+01,1.342646e+00,-3.199630e+00,1.225466e+00,-2.889468e+00,3.504814e+00,-4.930405e-02,-2.579343e+00,3.971602e+00,9.289411e+00,-2.950251e+00,-7.819560e-01,7.313388e-02,0,0,4.565191e-04,-4.101398e+00,-1.050827e+00,2.777074e+00,-1.199229e+00,-1.048507e+00,3.188270e+00,2.228534e+00,-1.698150e+00,2.447498e+00,2.358527e-01,2.216860e-01,1.618160e+00,2.580840e-02,0,-4.125807e-02
2.517815e-03,-2.059207e+01,2.324363e-02,-2.781428e-01,-1.442725e+00,-4.604975e+00,8.122022e+00,1.774788e+00,-7.719438e+00,8.034809e+00,9.127036e+00,-2.967185e+00,-1.842569e-01,1.093986e-01,0,2.438081e-01,4.241584e-04,-3.234783e+00,-9.656981e-01,1.637784e+00,-2.178010e+00,-3.918536e-01,2.706713e+00,1.832091e+00,-2.579814e+00,3.155823e+00,-5.398162e-01,3.397591e-02,2.976174e-01,3.859172e-02,0,2.829787e-02
2.904883e-03,-2.305019e+01,-1.397942e+00,3.152246e-01,-5.425407e+00,-3.411257e+00,1.099804e+01,4.219452e+00,-1.050680e+01,1.298197e+01,8.770073e+00,-3.709124e+00,-1.955214e+00,1.610758e-01,0,2.438081e-01,1.237728e-04,-1.723801e+00,-2.634478e-01,3.603775e-01,-1.604811e+00,2.749530e-01,7.561139e-01,9.434624e-01,-1.317745e+00,2.395101e+00,-1.612709e+00,6.283431e-01,-2.817517e-01,3.859172e-02,0,0
2.827092e-03,-2.351576e+01,-8.222303e-01,-4.950576e-01,-5.109966e+00,-3.134656e+00,1.000891e+01,4.377435e+00,-1.048861e+01,1.517590e+01,4.743770e+00,-2.759763e+00,-1.937846e+00,2.100332e-01,0,2.438081e-01,-2.159844e-04,-1.825728e-01,4.989060e-01,-3.098328e-01,-2.991544e-01,5.576578e-01,-1.678991e+00,-1.982069e-01,7.228835e-01,-1.502993e-01,-1.484846e+00,1.194331e+00,1.196965e-01,1.876700e-02,0,-7.314242e-02
2.257301e-03,-2.328719e+01,4.481446e-01,-1.289286e+00,-4.964970e+00,-2.249863e+00,6.341941e+00,3.366684e+00,-7.783482e+00,1.237656e+01,3.417498e+00,8.775425e-02,-1.313920e+00,2.157752e-01,0,0,-4.381748e-04,9.697286e-01,1.010890e+00,-2.510583e-01,9.360226e-01,3.111001e-01,-3.019982e+00,-6.825647e-01,2.540396e+00,-2.225004e+00,-5.183036e-01,1.399663e+00,7.638496e-01,-1.677244e-02,0,-7.314242e-02
1.761684e-03,-2.138644e+01,1.594730e+00,-1.025051e+00,-3.168715e+00,-2.397383e+00,2.055120e+00,1.210137e+00,-5.466680e+00,7.586019e+00,4.379092e+00,1.106029e+00,9.357854e-02,1.758839e-01,0,0,-4.465912e-04,1.671293e+00,1.111363e+00,-4.150778e-03,9.775149e-01,1.696395e-01,-2.788857e+00,-1.719248e-01,3.328130e+00,-2.680690e+00,7.565972e-01,5.124869e-01,1.067221e+00,-4.726503e-02,0,-4.876161e-02
1.246713e-03,-1.926621e+01,2.448029e+00,-6.750698e-01,-1.715919e+00,-2.224393e+00,-1.249741e-01,2.390278e+00,-3.157857e-01,5.651894e+00,6.360894e+00,1.356295e+00,8.483217e-01,9.428831e-02,0,0,-3.005282e-04,1.564085e+00,8.942342e-01,1.065356e-01,8.955851e-01,4.455187e-02,-1.476081e+00,5.309435e-01,2.866503e+00,-1.788245e+00,4.471411e-01,-5.519993e-01,1.337768e+00,-5.427622e-02,0,0
1.099430e-03,-1.716978e+01,3.734641e+00,-8.229195e-01,-1.846917e+00,-2.299194e+00,-7.019197e-01,4.006014e+00,2.418192e+00,5.134781e+00,7.055058e+00,-8.315991e-01,2.317137e+00,3.445150e-02,0,0,-1.546163e-04,9.030325e-01,6.062894e-01,1.832492e-02,9.185963e-01,5.025881e-01,-1.174322e-02,9.583133e-01,1.335869e+00,-1.306220e+00,-8.046247e-01,-7.750977e-01,1.546242e+00,-3.789664e-02,0,0
1.085787e-03,-1.757509e+01,3.849360e+00,-8.576738e-01,-1.147943e+00,-2.076198e+00,3.400558e-01,4.623463e+00,2.606594e+00,4.660954e+00,4.315220e+00,-1.703428e+00,4.263142e+00,1.511031e-02,0,0,-4.067286e-05,9.148407e-02,7.658768e-02,-2.114072e-01,1.122142e+00,8.055078e-01,9.470612e-01,5.644779e-01,-3.586754e-01,-1.290713e+00,-1.464205e+00,-6.129017e-01,1.430318e+00,-1.009368e-02,0,0
1.069066e-03,-1.771684e+01,3.925512e+00,-8.421246e-01,1.140278e+00,4.146035e-02,1.763889e+00,4.885111e+00,-2.485248e-01,1.550387e+00,1.378805e+00,-1.239598e+00,6.117377e+00,2.598973e-02,0,0,-9.110687e-06,-2.461872e-01,-1.050514e-01,-2.844259e-01,1.042476e+00,9.445704e-01,1.287613e+00,7.747111e-02,-1.022932e+00,-1.151864e+00,-6.035253e-01,2.547265e-01,7.670959e-01,1.254155e-02,0,0
1.058531e-03,-1.853526e+01,2.735532e+00,-1.722503e+00,2.401192e+00,6.328189e-01,3.377427e+00,4.773119e+00,-7.758042e-01,9.905262e-01,1.877996e+00,-1.504214e+00,6.099791e+00,4.805077e-02,0,0,5.361910e-05,1.072115e-01,-4.340342e-01,-1.472443e+00,-5.972550e-01,1.183424e+00,9.423763e-01,-8.197023e-01,-5.033846e-01,-4.296810e-01,6.682151e-01,4.799197e-01,-7.135564e-01,2.650347e-02,0,0
1.067504e-03,-1.792063e+01,3.766298e+00,-1.812635e+00,1.590893e+00,1.069150e+00,4.217461e+00,4.318542e+00,-1.005267e+00,1.210674e+00,5.256043e+00,3.424265e-01,5.234292e+00,8.068903e-02,0,0,2.397962e-04,6.002619e-01,-5.995141e-01,-2.842220e+00,-2.221881e+00,1.753325e+00,4.987263e-01,-1.601164e+00,3.207146e-01,2.488436e-01,9.213475e-01,6.199782e-01,-2.284668e+00,3.133877e-02,0,0
1.354663e-03,-1.693714e+01,1.758796e+00,-7.734636e+00,-4.359526e+00,3.327077e+00,3.825151e+00,8.082363e-01,4.680426e-01,2.682405e+00,5.717677e+00,-9.484234e-02,1.136903e+00,1.202780e-01,0,0,4.647249e-04,1.732182e+00,-1.170631e+00,-4.390460e+00,-3.418527e+00,2.354180e+00,-5.589333e-01,-2.326966e+00,7.862710e-01,2.771685e-02,-5.134913e-01,-7.312533e-01,-2.967670e+00,2.308854e-02,0,4.593965e-02
2.119981e-03,-1.551459e+01,1.416309e+00,-1.204716e+01,-6.588768e+00,7.460958e+00,4.033659e+00,-1.138266e+00,7.331247e-01,1.948665e+00,4.065702e+00,1.155607e+00,-2.824517e+00,1.465700e-01,0,0,7.078125e-04,2.666287e+00,-1.936427e+00,-4.454853e+00,-3.114083e+00,2.036135e+00,-1.283663e+00,-2.458219e+00,1.606096e+00,-6.233336e-01,-1.483947e+00,-3.087064e+00,-2.246276e+00,4.110005e-03,1.382386e+01,1.172364e-01
2.855917e-03,-1.107737e+01,-1.942628e+00,-1.855754e+01,-1.060161e+01,9.207813e+00,6.746618e-01,-4.133309e+00,2.286355e+00,7.601148e-01,-9.429026e-02,-5.567070e+00,-4.709156e+00,1.305530e-01,0,2.296982e-01,8.753104e-04,3.284143e+00,-2.607136e+00,-3.062397e+00,-2.112602e+00,1.034502e+00,-1.587134e+00,-2.331737e+00,2.176216e+00,-1.464919e+00,-7.680455e-01,-5.019639e+00,-2.953245e-01,-1.689332e-02,3.442909e+01,1.953801e-01
3.855940e-03,-7.519077e+00,-4.065126e+00,-1.867545e+01,-1.085848e+01,8.309457e+00,-6.256111e-01,-5.501779e+00,6.116057e+00,-9.448487e-01,7.422945e-01,-1.235678e+01,-3.074062e+00,9.610154e-02,6.911930e+01,4.713331e-01,1.081055e-03,2.715002e+00,-3.301821e+00,-1.603300e+00,-1.425800e+00,6.754896e-01,-7.600867e-01,-2.239781e+00,2.617518e+00,-1.938666e+00,8.240515e-01,-5.123151e+00,1.212369e+00,-2.683590e-02,5.495573e+01,2.089319e-01
4.863236e-03,-4.514175e+00,-8.536170e+00,-1.973248e+01,-1.278768e+01,8.075339e+00,-1.780885e+00,-8.668692e+00,8.657657e+00,-3.195434e+00,3.539153e+00,-1.843684e+01,-2.149473e-01,6.104564e-02,1.375858e+02,7.412339e-01,1.339521e-03,1.161119e+00,-3.189969e+00,-2.492001e-01,-4.588943e-01,1.461826e+00,8.768967e-01,-2.079083e+00,2.086195e+00,-1.950008e+00,1.993303e+00,-2.832546e+00,1.547537e+00,-2.187972e-02,5.480990e+01,1.501807e-01
6.521595e-03,-5.221182e+00,-1.179603e+01,-1.947619e+01,-1.262473e+01,1.140464e+01,1.460999e+00,-1.006948e+01,1.063506e+01,-5.766890e+00,6.369238e+00,-1.802526e+01,9.902256e-01,4.714416e-02,2.059858e+02,7.888915e-01,1.527115e-03,-1.445282e-01,-2.877670e+00,-1.696339e-02,-1.268709e-01,2.818182e+00,1.834790e+00,-2.199187e+00,1.025815e+00,-1.303701e+00,1.434420e+00,-4.997269e-01,7.332013e-01,-1.097008e-02,3.411318e+01,7.794077e-02
8.220696e-03,-6.420727e+00,-1.402702e+01,-1.940317e+01,-1.201296e+01,1.496935e+01,4.015840e+00,-1.224487e+01,1.045783e+01,-6.578906e+00,7.058753e+00,-1.689556e+01,9.963877e-01,4.563312e-02,2.056163e+02,8.218223e-01,1.572907e-03,-8.929051e-01,-2.052666e+00,2.565502e-01,2.882664e-01,3.461963e+00,2.080399e+00,-2.246347e+00,3.475117e-01,-1.285092e-01,3.012862e-01,9.907939e-01,-4.911996e-01,-1.148383e-03,1.364478e+01,1.800435e-02
9.812783e-03,-7.288442e+00,-1.570805e+01,-1.892492e+01,-1.188020e+01,1.895336e+01,5.649975e+00,-1.470962e+01,1.034505e+01,-5.771620e+00,6.154596e+00,-1.562606e+01,-1.372325e-02,4.895739e-02,2.056700e+02,8.207427e-01,1.326191e-03,-6.018524e-01,-1.243902e+00,3.152514e-01,2.929386e-01,3.166816e+00,1.228994e+00,-2.311173e+00,1.151758e-01,1.064367e+00,-6.815261e-01,1.242872e+00,-1.465439e+00,2.991840e-03,2.223816e-02,4.948741e-03
1.108218e-02,-7.945071e+00,-1.684349e+01,-1.872536e+01,-1.171862e+01,2.161079e+01,6.526621e+00,-1.758035e+01,1.054022e+01,-3.835615e+00,5.152905e+00,-1.468248e+01,-2.168971e+00,5.439710e-02,2.059676e+02,8.153300e-01,8.919545e-04,-7.207318e-02,-4.945031e-01,3.452620e-01,3.532016e-01,2.509742e+00,3.575912e-01,-1.720553e+00,3.190191e-01,1.473536e+00,-9.821411e-01,1.351207e+00,-2.356201e+00,3.354487e-03,1.453979e-01,7.843375e-04
1.172181e-02,-7.468273e+00,-1.660730e+01,-1.823884e+01,-1.130721e+01,2.391800e+01,6.350578e+00,-1.895761e+01,1.116974e+01,-1.816702e+00,3.914532e+00,-1.291745e+01,-4.754292e+00,5.772137e-02,2.059213e+02,8.168814e-01,3.301019e-04,3.620198e-01,1.330870e-01,3.939238e-01,6.071949e-01,1.540547e+00,-3.316311e-01,-6.504728e-01,2.753216e-01,1.246745e+00,-7.733852e-01,1.257692e+00,-2.874725e+00,1.994560e-03,1.802734e-01,4.225212e-03
1.172596e-02,-6.691178e+00,-1.604991e+01,-1.801990e+01,-1.053344e+01,2.503574e+01,5.453495e+00,-1.872365e+01,1.164057e+01,-1.188683e+00,3.268079e+00,-1.149383e+01,-8.414334e+00,5.802357e-02,2.062176e+02,8.276747e-01,-2.222312e-04,4.721052e-01,3.511975e-01,4.327168e-01,6.811373e-01,6.229082e-01,-7.899457e-01,5.409659e-01,-1.092812e-01,4.763383e-01,-5.582675e-01,8.450353e-01,-3.078540e+00,4.230883e-04,2.500733e-01,6.666756e-03
1.114140e-02,-6.105289e+00,-1.543940e+01,-1.730803e+01,-9.436809e+00,2.494362e+01,4.528383e+00,-1.739034e+01,1.117148e+01,-8.613585e-01,3.230083e+00,-1.093192e+01,-1.126467e+01,5.711696e-02,2.064464e+02,8.356964e-01,-6.125229e-04,2.749351e-01,2.260619e-01,3.173962e-01,5.600651e-01,-2.762074e-01,-7.954810e-01,1.161463e+00,-6.670815e-01,-1.650759e-01,-5.761739e-01,1.264977e-01,-2.853575e+00,-3.626462e-04,3.793579e-01,5.548078e-03
1.026122e-02,-6.266037e+00,-1.567145e+01,-1.702718e+01,-9.248132e+00,2.421252e+01,3.487990e+00,-1.565916e+01,9.992947e+00,-1.931595e+00,2.703792e+00,-1.145006e+01,-1.430648e+01,5.681475e-02,2.069554e+02,8.392563e-01,-7.647958e-04,9.656234e-02,1.539669e-02,8.973198e-02,3.059775e-01,-8.651234e-01,-6.944305e-01,1.212312e+00,-1.019537e+00,-6.172859e-01,-8.802705e-01,-6.209904e-01,-2.260722e+00,-3.626462e-04,4.505569e-01,2.369601e-03
9.391560e-03,-6.306168e+00,-1.566622e+01,-1.714822e+01,-9.149540e+00,2.294857e+01,3.355925e+00,-1.468254e+01,8.658150e+00,-2.270625e+00,1.315806e+00,-1.230684e+01,-1.607609e+01,5.651255e-02,2.074492e+02,8.388309e-01,-6.614199e-04,1.164582e-01,-5.669136e-02,-2.823687e-01,2.888914e-01,-1.080032e+00,-4.375423e-01,9.221781e-01,-8.334605e-01,-7.725272e-01,-1.109280e+00,-9.267252e-01,-1.411662e+00,-1.511022e-04,4.935165e-01,4.331768e-04
8.776898e-03,-6.107927e+00,-1.585952e+01,-1.765115e+01,-9.147189e+00,2.170765e+01,2.567571e+00,-1.401599e+01,7.799555e+00,-3.570479e+00,-1.761349e-01,-1.391132e+01,-1.731223e+01,5.651255e-02,2.079690e+02,8.379554e-01,-4.131852e-04,1.945303e-01,7.528134e-02,-6.450813e-01,6.171988e-01,-1.101246e+00,-2.581910e-01,7.008213e-01,-4.980017e-01,-6.646405e-01,-1.062704e+00,-8.401973e-01,-4.367479e-01,-1.813240e-04,4.537781e-01,4.327893e-05
8.576465e-03,-5.602053e+00,-1.562883e+01,-1.840789e+01,-8.042823e+00,2.079590e+01,2.800881e+00,-1.360104e+01,8.100875e+00,-3.904552e+00,-8.763531e-01,-1.433492e+01,-1.682010e+01,5.651255e-02,2.084072e+02,8.385127e-01,-2.091181e-04,1.853834e-01,2.702126e-01,-8.353277e-01,8.628324e-01,-9.550526e-01,-2.000329e-01,6.706485e-01,-1.108684e-01,-4.901957e-01,-8.641535e-01,-6.402658e-01,5.763305e-01,-3.022071e-04,4.172714e-01,3.370583e-04
8.602845e-03,-5.645442e+00,-1.531374e+01,-1.962275e+01,-6.715496e+00,1.978263e+01,2.474558e+00,-1.269580e+01,7.781576e+00,-4.437834e+00,-1.513650e+00,-1.463701e+01,-1.611822e+01,5.590813e-02,2.087453e+02,8.396318e-01,-1.771433e-04,7.246943e-02,3.514810e-01,-8.766688e-01,8.403248e-01,-1.015150e+00,-5.477298e-01,6.291162e-01,4.051170e-02,-4.420046e-01,-9.133695e-01,-8.500307e-01,1.352975e+00,-9.066194e-04,3.795730e-01,3.709733e-04
8.432996e-03,-5.610493e+00,-1.458805e+01,-2.033905e+01,-6.051224e+00,1.913582e+01,2.402267e+00,-1.198939e+01,8.112798e+00,-4.287926e+00,-2.336204e+00,-1.514532e+01,-1.379145e+01,5.530372e-02,2.091474e+02,8.396780e-01,-3.368413e-04,1.017900e-01,3.379567e-01,-5.516459e-01,4.112509e-01,-1.175064e+00,-1.198823e+00,5.681238e-01,4.630226e-01,-4.499829e-01,-1.222864e+00,-1.451891e+00,1.806336e+00,-2.024781e-03,4.414291e-01,-2.930224e-04
7.962915e-03,-5.741360e+00,-1.462250e+01,-2.106891e+01,-5.941364e+00,1.746194e+01,2.822860e-02,-1.167623e+01,7.996152e+00,-5.588816e+00,-4.013057e+00,-1.775627e+01,-1.206169e+01,5.258386e-02,2.094968e+02,8.392276e-01,-5.577636e-04,2.747664e-01,4.134423e-01,-1.413029e-01,5.439467e-02,-1.435156e+00,-1.636744e+00,7.653141e-01,1.035619e+00,-2.166590e-01,-1.526766e+00,-1.801389e+00,1.926123e+00,-3.384708e-03,5.589615e-01,-1.126558e-03
7.212223e-03,-5.045145e+00,-1.428467e+01,-2.044304e+01,-6.373634e+00,1.608093e+01,-1.970070e+00,-1.127020e+01,1.030870e+01,-5.578976e+00,-5.740968e+00,-2.003474e+01,-9.816689e+00,4.805077e-02,2.102386e+02,8.372497e-01,-7.303454e-04,3.122355e-01,7.284210e-01,2.036358e-01,-1.717151e-01,-1.529300e+00,-1.667899e+00,1.396425e+00,1.340561e+00,2.033291e-01,-1.595297e+00,-1.612647e+00,1.892424e+00,-3.898459e-03,7.161072e-01,-2.410203e-03
6.424414e-03,-4.554285e+00,-1.339822e+01,-2.027727e+01,-6.282318e+00,1.413430e+01,-3.522996e+00,-9.228824e+00,1.186172e+01,-4.875604e+00,-7.445099e+00,-2.119924e+01,-8.474981e+00,4.261106e-02,2.109945e+02,8.352132e-01,-8.231553e-04,1.064934e-01,1.257699e+00,4.105850e-01,3.572144e-02,-1.552361e+00,-1.306664e+00,2.011852e+00,1.319978e+00,7.522259e-01,-1.151092e+00,-1.035084e+00,1.821677e+00,-2.961620e-03,9.299759e-01,-4.090297e-03
5.550520e-03,-4.642853e+00,-1.155808e+01,-1.971669e+01,-6.739323e+00,1.315314e+01,-4.161618e+00,-6.230963e+00,1.288282e+01,-3.627886e+00,-8.596668e+00,-2.148708e+01,-6.122681e+00,4.079783e-02,2.119790e+02,8.296342e-01,-8.700570e-04,-2.424739e-01,1.578702e+00,6.266323e-01,5.835600e-01,-1.948754e+00,-1.181111e+00,1.986016e+00,5.441834e-01,1.062682e+00,-4.056355e-01,-2.980743e-01,1.486106e+00,-1.390148e-03,1.113638e+00,-6.465083e-03
4.677990e-03,-5.410038e+00,-9.697295e+00,-1.937916e+01,-5.579913e+00,1.116403e+01,-5.409317e+00,-4.136592e+00,1.330898e+01,-2.803231e+00,-8.340665e+00,-2.220553e+01,-4.800305e+00,4.140224e-02,2.132764e+02,8.225839e-01,-9.050822e-04,-3.357455e-01,1.725708e+00,1.588656e+00,1.303378e+00,-2.838160e+00,-1.185009e+00,9.521223e-01,-6.095009e-01,1.358608e+00,6.650314e-01,6.271170e-01,8.102848e-01,-6.950740e-04,1.221405e+00,-1.170335e-02
3.735150e-03,-5.829638e+00,-8.241616e+00,-1.775894e+01,-3.807037e+00,7.822289e+00,-6.932467e+00,-3.886236e+00,1.230599e+01,-1.301752e+00,-7.321363e+00,-2.102197e+01,-4.223495e+00,4.170445e-02,2.146658e+02,8.112389e-01,-8.769786e-04,-1.775027e-01,1.590459e+00,2.732828e+00,1.886293e+00,-4.041942e+00,-1.169873e+00,-3.754120e-01,-2.149623e+00,1.221024e+00,1.232625e+00,1.207707e+00,-6.353273e-02,-2.024781e-03,9.705429e-01,-1.587974e-02
2.806688e-03,-5.639620e+00,-6.427915e+00,-1.331287e+01,-1.231571e+00,2.608921e+00,-8.062615e+00,-5.640575e+00,9.102633e+00,7.543693e-01,-4.757595e+00,-1.829621e+01,-5.373150e+00,3.868238e-02,2.157581e+02,7.858941e-01,-7.642015e-04,6.428542e-02,1.692245e+00,3.594443e+00,1.776257e+00,-4.472476e+00,-1.034381e+00,-1.132475e+00,-3.351932e+00,4.870564e-01,9.413725e-01,1.584984e+00,-7.912051e-01,-4.593533e-03,4.118759e-01,-1.872181e-02
2.101278e-03,-5.415576e+00,-5.240479e+00,-9.085694e+00,5.179685e-01,-2.779012e+00,-8.684334e+00,-7.356032e+00,4.237877e+00,6.984333e-01,-4.225077e+00,-1.740320e+01,-6.153922e+00,3.203385e-02,2.155909e+02,7.685804e-01,-5.535005e-04,1.915954e-01,1.954845e+00,3.402889e+00,1.368019e+00,-3.733178e+00,-9.402463e-01,-7.550820e-01,-3.501710e+00,-5.053778e-01,5.099186e-01,1.381872e+00,-1.196097e+00,-6.557873e-03,-1.540008e-01,-1.692890e-02
1.673918e-03,-5.295642e+00,-2.736639e+00,-5.743565e+00,1.138870e+00,-5.897703e+00,-9.705289e+00,-8.064068e+00,5.833771e-01,-1.368042e+00,-5.181945e+00,-1.608999e+01,-7.791117e+00,2.326987e-02,2.148733e+02,7.503040e-01,-3.297884e-04,2.140023e-01,2.276874e+00,2.267781e+00,7.993429e-01,-2.031638e+00,-7.558486e-01,3.598729e-01,-2.923348e+00,-1.049187e+00,1.437133e-01,1.679271e+00,-1.140241e+00,-6.618313e-03,-4.660843e-01,-1.282280e-02
1.534032e-03,-5.043650e+00,-3.130271e-01,-4.529144e+00,1.847838e+00,-6.590287e+00,-1.081236e+01,-6.449900e+00,-9.429369e-01,-2.767435e+00,-4.559595e+00,-1.521572e+01,-8.994998e+00,1.662134e-02,2.143382e+02,7.443895e-01,-1.616492e-04,2.526200e-01,2.413753e+00,1.184167e+00,5.658555e-01,-4.697274e-01,-3.402212e-01,1.387997e+00,-1.796820e+00,-6.758870e-01,6.670895e-01,1.909840e+00,-5.421245e-01,-4.986401e-03,-4.727478e-01,-1.046151e-02
1.441369e-03,-4.755572e+00,2.492730e+00,-4.252241e+00,2.100209e+00,-5.643632e+00,-1.077784e+01,-4.294277e+00,-2.923700e+00,-2.758631e+00,-3.871769e+00,-1.099360e+01,-9.653819e+00,1.329707e-02,2.140540e+02,7.338756e-01,-7.026530e-05,2.037683e-01,1.957563e+00,3.632439e-01,2.632265e-01,2.198309e-01,2.605045e-01,1.503851e+00,-5.780093e-01,-1.605884e-01,2.972021e-01,1.501297e+00,2.926093e-01,-2.810517e-03,-4.736359e-01,-7.599962e-03
1.409306e-03,-4.422511e+00,4.213600e+00,-3.910521e+00,2.866576e+00,-5.254684e+00,-9.849162e+00,-2.300941e+00,-2.992687e+00,-1.985707e+00,-1.544717e+00,-1.040220e+01,-7.933193e+00,1.208824e-02,2.136368e+02,7.244871e-01,-4.370443e-05,1.365861e-01,1.272969e+00,3.839231e-02,-7.979133e-02,3.422047e-01,8.251925e-01,1.097502e+00,4.993497e-01,-2.746703e-01,-8.306401e-01,5.995140e-01,9.016855e-01,-1.087942e-03,-5.178970e-01,-6.481838e-03
1.384954e-03,-4.587370e+00,4.787860e+00,-4.236656e+00,1.945633e+00,-5.466349e+00,-8.884366e+00,-2.619291e+00,-1.281795e+00,-2.561848e+00,-5.203373e+00,-1.099027e+01,-6.858973e+00,1.148383e-02,2.128558e+02,7.222554e-01,-2.956431e-05,3.728399e-02,6.071484e-01,-8.885024e-02,-4.548892e-01,5.418668e-01,1.252325e+00,6.069849e-01,1.015063e+00,-6.112587e-01,-1.941962e+00,-5.259077e-01,5.934050e-01,4.230887e-04,-5.030395e-01,-4.594296e-03
1.343717e-03,-4.444820e+00,4.904251e+00,-4.344975e+00,1.526169e+00,-4.967905e+00,-7.633139e+00,-1.799886e+00,7.328589e-01,-4.239178e+00,-8.046993e+00,-1.221982e+01,-5.883994e+00,1.208824e-02,2.123479e+02,7.177904e-01,-2.566864e-05,-7.579994e-02,2.581571e-01,-1.858846e-01,-5.838777e-01,1.107544e+00,1.784966e+00,4.759559e-01,4.905868e-01,-9.421736e-01,-2.279149e+00,-8.906771e-01,-6.551825e-01,1.541252e-03,-1.451015e+01,-4.900294e-03
1.326342e-03,-4.557997e+00,5.183147e+00,-4.479265e+00,4.959662e-01,-3.077688e+00,-5.624231e+00,-1.509880e+00,2.888406e-01,-4.688189e+00,-1.033044e+01,-1.271433e+01,-7.711394e+00,1.541251e-02,2.121833e+02,7.142525e-01,-1.819561e-05,-1.286836e-01,3.761287e-01,-1.092971e-01,-4.712162e-01,1.830668e+00,2.076822e+00,4.163823e-01,-1.337263e-01,-3.602702e-01,-1.239236e+00,-1.328887e+00,-1.706454e+00,2.206105e-03,-3.552491e+01,-7.008076e-03
1.310269e-03,-4.816197e+00,5.306742e+00,-4.718640e+00,6.720213e-01,-9.112958e-01,-2.554402e+00,-4.758666e-01,-1.325070e+00,-5.633404e+00,-1.037693e+01,-1.399356e+01,-1.078290e+01,1.783016e-02,1.414223e+02,7.039871e-01,-1.656900e-05,-3.148994e-01,4.937666e-01,-1.852448e-01,-3.698393e-01,1.954423e+00,1.962114e+00,1.540796e-01,-7.995844e-02,3.791558e-01,-6.808026e-01,-1.940694e+00,-2.373200e+00,2.296767e-03,-5.661849e+01,-9.624964e-03
1.310700e-03,-5.045100e+00,6.467258e+00,-4.596309e+00,1.662636e-02,1.658686e+00,-1.039623e+00,-1.199389e+00,-9.214618e-01,-3.666085e+00,-1.023458e+01,-1.674783e+01,-1.294179e+01,1.964340e-02,7.069405e+01,6.941167e-01,-2.906662e-05,-4.959583e-01,6.154492e-01,-8.500357e-02,-7.884341e-02,1.530649e+00,1.345221e+00,-1.051548e-01,8.655955e-01,8.495249e-01,-2.649980e-01,-2.082164e+00,-1.184228e+00,4.110002e-03,-5.657889e+01,-1.328724e-02
1.268693e-03,-5.775766e+00,6.731028e+00,-5.212677e+00,-8.335724e-02,2.436021e+00,-1.148726e-01,-1.184733e+00,9.382179e-01,-2.854451e+00,-1.149893e+01,-1.990653e+01,-1.513480e+01,2.145663e-02,0,6.797335e-01,-5.034540e-05,-9.223770e-01,4.242228e-01,-6.596408e-02,2.140051e-02,6.543998e-01,7.849944e-01,-1.270914e-01,1.579480e+00,8.794544e-01,1.583595e-02,-1.181056e+00,2.355108e-01,8.824418e-03,-3.535387e+01,-2.284120e-02
1.201797e-03,-6.558004e+00,7.548250e+00,-4.657265e+00,4.794384e-01,2.901900e+00,-1.178911e-01,-1.681220e+00,3.485173e+00,-1.830041e+00,-1.109443e+01,-2.016866e+01,-1.145658e+01,3.414929e-02,0,6.599431e-01,-6.259415e-05,-1.384007e+00,-1.834469e-02,-6.516385e-02,2.608417e-01,1.708773e-01,5.599498e-01,7.006906e-02,1.781618e+00,5.884255e-01,4.765813e-01,6.683351e-01,1.312081e+00,1.529163e-02,-1.413881e+01,-6.876990e-02
1.112994e-03,-8.671630e+00,6.887360e+00,-5.017982e+00,5.476179e-01,1.739096e+00,9.097040e-01,-8.704076e-01,4.369014e+00,-2.154155e+00,-9.867828e+00,-1.818843e+01,-1.034795e+01,5.469931e-02,0,6.068679e-01,-5.464549e-05,-1.660852e+00,-2.945572e-01,-4.921102e-03,3.613855e-01,8.876455e-02,6.346761e-01,5.188016e-01,6.819264e-01,2.812422e-01,1.057062e+00,2.545956e+00,1.549384e+00,1.915986e-02,0,-1.280627e-01
1.075579e-03,-1.051720e+01,6.297369e+00,-5.019475e+00,1.005347e+00,2.861535e+00,1.247838e+00,-1.006206e+00,6.271229e+00,-1.074106e+00,-8.667232e+00,-1.426521e+01,-8.774811e+00,7.948021e-02,0,3.866999e-01,-2.845578e-05,-1.686699e+00,-4.489605e-01,1.238561e-02,5.464141e-01,4.345197e-01,8.062682e-01,5.611798e-01,-7.561733e-01,-1.595030e-01,1.339974e+00,3.287342e+00,5.093364e-01,1.946207e-02,0,-1.750712e-01
1.058575e-03,-1.210043e+01,5.883682e+00,-5.056177e+00,1.460616e+00,2.900026e+00,2.375643e+00,1.071768e+00,2.954822e+00,-1.826208e+00,-7.427222e+00,-1.012848e+01,-8.728765e+00,9.459051e-02,0,1.760418e-01,4.849511e-05,-1.548641e+00,-5.797641e-01,-4.740033e-02,1.104135e+00,4.760965e-01,6.889372e-01,5.429211e-01,-2.115788e+00,-6.951209e-01,1.724157e+00,2.725688e+00,3.411981e-01,1.831369e-02,0,-1.600436e-01
1.086728e-03,-1.327710e+01,5.805286e+00,-4.576240e+00,2.755010e+00,4.494033e+00,3.180480e+00,1.535905e-01,4.114029e-01,-2.791530e+00,-5.614860e+00,-7.761922e+00,-9.719490e+00,1.115141e-01,0,0,4.766692e-04,-1.780638e+00,-6.861976e-01,-7.244426e-01,1.582326e+00,-1.533603e-01,6.958608e-01,5.056950e-01,-2.256743e+00,-7.341030e-01,2.310246e+00,1.040699e+00,3.140163e-02,2.036869e-02,0,-9.494416e-02
1.349895e-03,-1.503489e+01,4.234581e+00,-5.476602e+00,5.193461e+00,3.303329e+00,3.388068e+00,1.264300e+00,-3.280010e+00,-4.771048e+00,-2.773232e+00,-7.811629e+00,-8.169616e+00,1.302508e-01,0,0,1.092297e-03,-2.253376e+00,-5.070466e-01,-1.109481e+00,1.631742e+00,-9.705842e-01,6.350874e-01,6.042248e-01,-1.184861e+00,-2.450120e-01,2.845211e+00,-6.728454e-02,2.486498e-01,2.889090e-02,0,-3.520836e-02
3.313265e-03,-1.795316e+01,3.690931e+00,-8.431476e+00,7.050555e+00,1.893082e+00,4.220929e+00,1.426003e+00,-1.895072e+00,-3.272201e+00,5.570009e-01,-1.022014e+01,-8.897377e+00,1.634935e-01,0,0,1.564051e-03,-2.549096e+00,1.679747e-01,-6.179457e-01,7.552319e-01,-1.871055e+00,4.966530e-01,1.035357e+00,-8.904538e-01,9.747901e-02,2.804454e+00,4.637298e-01,4.805148e-01,3.608340e-02,0,0
5.406789e-03,-2.102928e+01,4.405627e+00,-8.675961e+00,7.471552e+00,-6.524190e-01,5.030856e+00,3.456686e+00,-1.816246e+00,-2.810932e+00,3.712900e+00,-9.235793e+00,-7.896572e+00,2.130553e-01,0,0,1.323273e-03,-2.227990e+00,9.898693e-01,8.913673e-01,-4.197356e-01,-1.984919e+00,-1.375513e-01,7.622276e-01,-1.286345e+00,-9.902010e-02,2.202660e+00,2.104923e+00,2.767030e-01,3.408884e-02,0,0
6.878537e-03,-2.302538e+01,6.559637e+00,-6.066288e+00,5.392124e+00,-2.883369e+00,4.842351e+00,4.234184e+00,-4.772748e+00,-3.284192e+00,5.164345e+00,-4.731191e+00,-7.453438e+00,2.505288e-01,0,0,3.272796e-04,-1.046841e+00,1.262115e+00,2.097559e+00,-1.162852e+00,-1.503867e+00,-1.309826e+00,4.067450e-01,-2.292347e+00,-6.851699e-01,9.283828e-01,2.960461e+00,4.320094e-01,1.504986e-02,0,0
6.183624e-03,-2.363872e+01,7.749575e+00,-2.202359e+00,3.923999e+00,-4.233041e+00,2.389601e+00,3.671347e+00,-8.272896e+00,-5.260152e+00,5.936395e+00,-3.148838e-02,-7.508070e+00,2.571774e-01,0,0,-6.802584e-04,7.358665e-01,1.187568e+00,2.064216e+00,-1.564191e+00,-1.319635e+00,-2.315997e+00,-7.735114e-01,-1.994967e+00,-5.927544e-01,-4.934835e-02,1.275452e+00,2.761121e-02,-1.384104e-02,0,3.477621e-02
4.561246e-03,-2.188265e+01,8.329533e+00,-1.180479e+00,3.010072e+00,-3.835941e+00,-1.007573e+00,3.352398e+00,-1.012848e+01,-5.473440e+00,4.087167e+00,-1.998576e-02,-6.931581e+00,2.166818e-01,0,0,-1.219271e-03,2.519802e+00,7.247635e-01,1.404827e+00,-1.757797e+00,-1.651081e+00,-2.541929e+00,-1.955050e+00,-9.487234e-01,-3.695001e-02,-3.187501e-01,-1.361407e+00,2.253118e-02,-3.961921e-02,0,9.719704e-02
3.164143e-03,-1.792131e+01,9.458518e+00,-7.977864e-01,8.416244e-01,-6.774307e+00,-3.624167e+00,3.002183e-02,-9.113214e+00,-4.680080e+00,4.004747e+00,-5.214136e+00,-8.019444e+00,1.607736e-01,0,1.738811e-01,-1.004399e-03,3.482496e+00,2.319496e-01,9.354317e-01,-2.312039e+00,-2.810979e+00,-2.214109e+00,-3.041428e+00,-3.523987e-01,1.791011e-01,1.237658e-01,-3.098262e+00,5.120845e-01,-5.155636e-02,2.860072e+01,1.686094e-01
2.291920e-03,-1.328508e+01,9.328982e+00,2.555598e-01,-1.855675e+00,-9.868142e+00,-4.860407e+00,-3.720403e+00,-9.096206e+00,-3.758979e+00,4.536418e+00,-8.946902e+00,-7.085095e+00,1.006346e-01,0,3.990447e-01,-4.869073e-04,3.106396e+00,-4.884468e-01,8.560266e-01,-2.620579e+00,-3.430021e+00,-1.711050e+00,-3.125988e+00,-4.983789e-01,-5.156155e-01,9.018643e-01,-2.724234e+00,1.471033e+00,-4.672106e-02,7.034573e+01,1.884917e-01
2.296290e-03,-1.052502e+01,8.409598e+00,1.756780e+00,-5.203325e+00,-1.527184e+01,-6.754528e+00,-7.999396e+00,-1.055103e+01,-5.221878e+00,6.330599e+00,-1.105934e+01,-4.870891e+00,5.741916e-02,1.430036e+02,6.435244e-01,-5.651270e-05,1.838839e+00,-1.234628e+00,4.712626e-01,-2.539291e+00,-2.896692e+00,-1.328421e+00,-1.609643e+00,-6.627299e-01,-1.385796e+00,1.109991e+00,-1.356678e+00,2.540285e+00,-3.239649e-02,1.106606e+02,1.405742e-01
2.560636e-03,-1.004881e+01,6.411758e+00,1.822371e+00,-7.070349e+00,-1.673728e+01,-7.997643e+00,-8.262831e+00,-1.190147e+01,-7.780619e+00,7.433563e+00,-1.071855e+01,-1.150692e+00,3.475370e-02,2.802268e+02,7.076368e-01,1.387376e-04,5.744122e-01,-1.727295e+00,-4.541394e-01,-1.926393e+00,-2.030205e+00,-7.949091e-01,6.463578e-01,-3.348083e-02,-1.407932e+00,1.210812e+00,-4.519806e-01,2.669351e+00,-1.610759e-02,1.070584e+02,7.256533e-02
2.747222e-03,-1.034525e+01,4.743989e+00,7.751215e-01,-9.247493e+00,-1.782320e+01,-8.697654e+00,-5.746981e+00,-1.102423e+01,-9.598240e+00,8.106129e+00,-1.111170e+01,1.714777e+00,3.173164e-02,4.131896e+02,7.224562e-01,7.714448e-05,-1.823130e-02,-2.015067e+00,-1.361404e+00,-9.497923e-01,-1.102207e+00,-1.395053e-01,2.494729e+00,1.103347e+00,-1.932603e-01,1.228505e+00,2.433732e-01,2.181157e+00,-5.560593e-03,6.165311e+01,1.789803e-02
2.760142e-03,-1.050291e+01,2.525313e+00,-1.524308e+00,-9.465554e+00,-1.874349e+01,-7.863390e+00,-1.614821e+00,-9.027009e+00,-8.610459e+00,9.702713e+00,-1.118063e+01,2.968824e+00,3.294047e-02,4.001989e+02,7.224054e-01,-7.711430e-05,1.205801e-01,-1.997605e+00,-1.585313e+00,2.002266e-01,-7.236006e-01,-5.135679e-02,2.950983e+00,1.732141e+00,1.275278e+00,8.354842e-01,4.278816e-01,1.367232e+00,-1.390149e-03,-6.571942e+00,3.006834e-03
2.582259e-03,-1.038913e+01,2.774863e-01,-3.376900e+00,-8.754683e+00,-1.977977e+01,-7.519180e+00,1.150243e+00,-6.471525e+00,-5.773259e+00,1.133855e+01,-9.611440e+00,3.975134e+00,3.052282e-02,3.912831e+02,7.256303e-01,-2.427534e-04,4.991778e-01,-1.415941e+00,-8.296540e-01,1.475804e+00,2.255428e-01,-4.603803e-01,1.862633e+00,1.921094e+00,2.227180e+00,4.888449e-02,5.962662e-01,3.329391e-01,-1.903899e-03,-7.116426e+01,-1.223959e-02
2.257545e-03,-9.423972e+00,-1.343017e+00,-4.028186e+00,-6.315621e+00,-1.937700e+01,-8.843663e+00,3.043469e+00,-5.517121e+00,-3.316717e+00,9.994775e+00,-9.329275e+00,4.555288e+00,2.840737e-02,2.583204e+02,7.210839e-01,-3.655477e-04,4.975911e-01,-3.116530e-02,4.153301e-01,2.129409e+00,1.928774e+00,-4.155384e-01,4.692043e-01,1.941404e+00,2.423151e+00,-1.333151e+00,1.192530e+00,-7.824787e-01,-1.511030e-03,-1.063373e+02,-6.671211e-02
1.784753e-03,-8.388832e+00,-4.015525e-01,-2.121210e+00,-3.443437e+00,-1.637873e+01,-1.050942e+01,1.237040e+00,-3.173705e+00,-1.109211e+00,8.204520e+00,-9.056046e+00,2.586241e+00,2.447869e-02,1.283076e+02,6.619189e-01,-4.006788e-04,3.663959e-02,1.582344e+00,1.310335e+00,1.800405e+00,3.461515e+00,4.353407e-01,-6.842579e-01,1.521870e+00,1.767113e+00,-1.949627e+00,1.952698e+00,-1.651836e+00,1.873678e-03,-1.040887e+02,-1.381116e-01
1.331157e-03,-9.015101e+00,2.709006e+00,-7.550291e-02,-1.474133e+00,-1.080014e+01,-8.445963e+00,6.878025e-01,-9.689009e-01,1.173270e+00,4.603972e+00,-5.495674e+00,-2.491233e-01,2.840737e-02,0,4.207006e-01,-3.295646e-04,-7.163531e-01,2.410543e+00,1.321059e+00,7.835307e-01,3.835023e+00,1.355521e+00,-1.192791e+00,8.366560e-01,7.456305e-01,-1.879497e+00,2.734160e+00,-1.528512e+00,8.552432e-03,-6.449483e+01,-1.918823e-01
1.042060e-03,-1.041037e+01,6.163197e+00,1.198434e+00,-2.173404e+00,-6.760620e+00,-5.541327e+00,-1.093213e+00,-1.136284e+00,8.173115e-01,4.285816e+00,-1.764747e+00,-1.881838e+00,3.989121e-02,0,1.852641e-01,-1.987889e-04,-1.047443e+00,2.012389e+00,6.292883e-01,3.483356e-02,2.869597e+00,1.540511e+00,-9.572066e-01,-6.390364e-01,-5.226262e-01,-1.555761e+00,2.431863e+00,-3.899968e-01,1.275310e-02,-2.566151e+01,-1.744538e-01
9.810692e-04,-1.199497e+01,7.427324e+00,9.172876e-01,-3.032984e+00,-5.010932e+00,-4.550104e+00,-1.755357e+00,-2.352552e+00,-5.518260e-01,2.556641e+00,6.958738e-01,-8.532308e-01,6.346328e-02,0,0,-7.678441e-05,-9.528060e-01,9.487594e-01,1.070335e-01,-1.741104e-01,1.313777e+00,5.045311e-01,-7.065836e-01,-9.974447e-01,-8.273951e-01,-1.337354e+00,1.272414e+00,4.904623e-01,8.824418e-03,0,-1.026665e-01
9.658526e-04,-1.213611e+01,7.301232e+00,5.288362e-01,-2.489844e+00,-4.925345e+00,-4.754795e+00,-2.327414e+00,-5.677062e+00,-2.859794e+00,1.449382e+00,7.496516e-03,9.383104e-01,7.071623e-02,0,0,-9.258964e-06,-7.223445e-01,1.289824e-01,-3.723368e-01,8.980799e-03,3.429549e-01,-6.757679e-02,-2.319847e-01,-3.330289e-01,-1.737873e-01,-1.043816e+00,9.614873e-01,9.994488e-01,-3.052281e-03,0,-3.705282e-02
9.853385e-04,-1.291626e+01,6.883785e+00,7.944635e-01,-2.186465e+00,-5.148892e+00,-6.316574e+00,-2.228015e+00,-3.685735e+00,-1.125153e+00,-6.645796e-01,-1.972336e-02,7.931139e-01,5.711696e-02,0,0,3.770791e-06,-5.659550e-01,2.315192e-02,-6.619810e-01,-2.657912e-01,-1.746036e-01,-3.021208e-01,-4.163349e-01,7.967447e-01,5.469557e-01,-2.665947e-01,7.136647e-01,7.723580e-01,-1.492898e-02,0,0
9.936303e-04,-1.356145e+01,7.079878e+00,-6.018381e-01,-2.551759e+00,-4.976866e+00,-4.995976e+00,-2.016807e+00,-2.134836e+00,2.350384e-01,6.773446e-01,3.400488e+00,2.292234e+00,2.780296e-02,0,0,1.724518e-06,-5.607241e-01,2.304423e-01,-7.615526e-01,-3.942456e-01,-3.046501e-01,-2.292469e-01,-6.117741e-01,1.353830e+00,9.913205e-01,9.972971e-01,8.905155e-01,4.573057e-01,-1.501964e-02,0,0
9.860343e-04,-1.411208e+01,7.653760e+00,-1.827280e+00,-4.330983e+00,-5.858190e+00,-5.940117e+00,-3.992334e+00,-1.399411e-01,6.355365e-01,1.609686e+00,2.567702e+00,2.331598e+00,1.027501e-02,0,0,-3.545982e-06,-3.183445e-01,2.833762e-01,-5.290208e-01,-1.120231e-01,-3.963648e-01,-3.378821e-01,-6.139748e-01,6.858875e-01,6.259605e-01,1.629479e+00,1.337927e-01,1.601698e-01,-1.511041e-04,0,0
9.741273e-04,-1.434182e+01,8.068456e+00,-1.968055e+00,-3.388813e+00,-6.093946e+00,-6.089258e+00,-4.504124e+00,-6.808114e-01,1.216464e+00,5.298735e+00,3.166362e+00,2.455597e+00,1.903898e-02,0,0,-1.871178e-06,-2.653294e-01,1.759672e-03,7.932655e-02,3.095364e-01,-2.003811e-01,-9.888250e-01,-6.517200e-01,1.919030e-01,4.232320e-01,1.144394e+00,-4.882600e-01,-9.755176e-02,2.638259e-02,0,0
9.773601e-04,-1.411779e+01,7.806377e+00,-1.167532e+00,-2.328054e+00,-6.572176e+00,-7.459343e+00,-4.054230e+00,-9.833108e-01,1.513937e+00,5.172120e+00,7.663032e-01,1.512281e+00,6.074343e-02,0,0,6.371184e-06,-1.391981e-01,-7.754601e-01,-4.827306e-02,5.871258e-01,4.165789e-01,-7.138766e-01,-2.330592e-01,1.445836e-01,4.047733e-01,5.473052e-01,-7.585829e-01,-5.218592e-02,4.581444e-02,0,0
9.886115e-04,-1.488523e+01,7.012368e+00,-5.350794e-01,-2.005542e+00,-5.621778e+00,-9.180488e+00,-5.244460e+00,-7.536363e-01,1.911998e+00,4.618099e+00,1.859887e+00,2.214133e+00,1.344817e-01,0,0,4.442443e-05,2.648018e-01,-1.696207e+00,-4.629540e-01,-1.306022e-01,8.044789e-01,-9.748840e-02,-1.930182e-01,5.394189e-01,2.452275e-01,1.728913e-01,-1.351980e+00,-2.835957e-02,4.224842e-02,0,3.269648e-02
1.010648e-03,-1.453636e+01,4.304504e+00,-2.785133e+00,-2.086989e+00,-4.011379e+00,-7.963885e+00,-4.787463e+00,6.193893e-01,2.311636e+00,4.686530e+00,-5.719754e-01,2.191400e+00,1.816259e-01,0,0,1.392995e-04,1.200546e+00,-2.759422e+00,-1.344985e+00,-5.762002e-01,4.968998e-01,4.274882e-01,4.318089e-01,7.973154e-01,4.804869e-01,1.345871e+00,-1.969854e+00,-3.448551e-01,1.272288e-02,0,9.691542e-02
1.179605e-03,-1.280853e+01,1.338358e+00,-3.474025e+00,-4.162356e+00,-3.351950e+00,-6.324429e+00,-5.102599e+00,1.214933e+00,2.043753e+00,6.405987e+00,-2.924397e+00,1.974240e+00,1.698398e-01,0,1.634824e-01,2.670671e-04,2.386755e+00,-3.379702e+00,-2.109693e+00,-5.929831e-01,-9.742991e-01,-1.873018e-01,1.030129e+00,4.272049e-01,7.429746e-01,2.160507e+00,-2.821664e+00,-6.002414e-01,-2.139619e-02,0,1.691797e-01
1.578360e-03,-9.153416e+00,-3.153728e+00,-6.422983e+00,-4.130648e+00,-5.222591e+00,-6.749932e+00,-1.966117e+00,2.018981e+00,3.850494e+00,1.100753e+01,-6.690826e+00,-9.204777e-02,1.066788e-01,0,4.028359e-01,4.078393e-04,2.386756e+00,-2.668630e+00,-2.353183e+00,5.685165e-01,-2.828467e+00,-1.101616e+00,1.569140e+00,-8.018395e-01,1.049062e+00,1.995049e+00,-2.050580e+00,-6.899904e-01,-3.297069e-02,0,1.829121e-01
2.040091e-03,-5.642930e+00,-6.157028e+00,-9.264620e+00,-3.948627e+00,-9.887668e+00,-1.072397e+01,-1.504490e+00,6.825921e-01,4.857442e+00,1.226013e+01,-9.189009e+00,3.546501e-01,6.497431e-02,0,6.444805e-01,4.217383e-04,1.177168e+00,-1.718107e+00,-1.903581e+00,1.880284e+00,-3.675240e+00,-1.633943e-01,1.900175e+00,-1.708623e+00,1.522506e+00,5.387487e-01,-3.885948e-01,-1.215196e-01,-1.783016e-02,0,1.210747e-01
2.619602e-03,-6.185380e+00,-5.290956e+00,-1.165575e+01,6.487290e-01,-1.488586e+01,-1.127219e+01,1.259181e+00,-3.123637e+00,6.150102e+00,1.173470e+01,-7.692566e+00,-4.487570e-01,6.920520e-02,0,6.740615e-01,2.535493e-04,-2.344639e-01,-2.751737e-01,-2.819028e-01,2.086951e+00,-3.074366e+00,1.840744e+00,1.425920e+00,-2.008070e+00,1.143034e+00,-1.725310e+00,1.160077e+00,2.670437e-01,2.357208e-03,0,3.349426e-02
2.767676e-03,-8.406709e+00,-6.183562e+00,-1.037555e+01,2.849376e+00,-1.689652e+01,-4.880270e+00,2.785627e+00,-4.756871e+00,8.506478e+00,8.736146e+00,-4.366501e+00,1.544997e+00,9.942582e-02,0,6.332431e-01,2.589077e-08,-5.322776e-01,6.906452e-02,9.375328e-01,1.158364e+00,-1.704957e+00,3.142267e+00,1.115162e+00,-1.045955e+00,7.422037e-01,-2.743356e+00,9.991266e-01,5.623283e-01,6.648536e-03,0,-1.694198e-02
2.482314e-03,-8.943846e+00,-4.516330e+00,-7.277032e+00,2.905105e+00,-1.708999e+01,-4.680655e-01,3.018424e+00,-5.301640e+00,7.741144e+00,4.142973e+00,-3.301693e+00,6.479974e-01,1.012390e-01,0,5.759259e-01,-1.934667e-04,4.067830e-01,1.222576e-01,1.098569e+00,-4.279975e-01,-7.352619e-01,1.454446e+00,3.971697e-01,1.406714e-01,-7.607375e-01,-2.414869e+00,-8.566101e-01,5.183610e-01,-5.409490e-03,1.244682e+01,-4.298490e-03
2.108864e-03,-6.925085e+00,-6.199018e+00,-6.766315e+00,7.150037e-01,-1.731038e+01,-4.147007e-01,3.191700e+00,-3.458184e+00,7.772940e+00,2.339216e+00,-6.388813e+00,2.617914e+00,8.220007e-02,0,6.088384e-01,-1.780705e-04,1.009946e+00,3.339596e-01,1.923409e-01,-1.258670e+00,-3.339533e-01,-1.350699e+00,1.238172e-01,8.529331e-01,-2.388073e+00,-5.697331e-01,-2.238496e+00,3.530787e-01,-1.761862e-02,3.107182e+01,2.882692e-02
1.981675e-03,-4.892277e+00,-4.671939e+00,-7.967520e+00,-4.240725e-01,-1.835523e+01,-6.232750e+00,3.041993e+00,-3.069624e+00,2.713184e+00,2.858818e+00,-1.096446e+01,1.606589e+00,5.077063e-02,6.223410e+01,6.647714e-01,-7.388971e-05,7.463094e-01,4.762207e-01,-4.623874e-01,-1.484910e+00,2.569796e-01,-3.185207e+00,2.940364e-01,1.045783e+00,-3.246011e+00,1.424707e+00,-2.411201e+00,5.097905e-01,-1.931097e-02,4.973600e+01,4.751543e-02
2.127644e-03,-5.382761e+00,-4.435959e+00,-9.068600e+00,-1.779386e+00,-1.793366e+01,-8.751420e+00,3.392929e+00,-1.608213e+00,-9.199079e-01,6.529558e+00,-1.172760e+01,2.831094e+00,3.656694e-02,1.242420e+02,7.329550e-01,-1.360134e-05,-2.514267e-03,1.214651e+00,-9.739576e-02,-1.206073e+00,1.210832e+00,-3.360178e+00,1.841727e-01,4.417233e-01,-3.260502e+00,2.386533e+00,-1.352854e+00,2.911108e-01,-1.399214e-02,4.959834e+01,3.360352e-02
2.103476e-03,-5.983461e+00,-3.016756e+00,-8.437827e+00,-3.272250e+00,-1.549346e+01,-1.222574e+01,4.387992e+00,-9.977110e-01,-4.142489e+00,9.171338e+00,-1.268830e+01,3.090360e+00,2.750076e-02,1.865590e+02,7.514448e-01,-3.594239e-05,-3.435686e-01,1.198724e+00,1.382846e-01,-7.176614e-01,2.520276e+00,-2.229608e+00,-4.670686e-01,-3.605126e-02,-1.828400e+00,1.452432e+00,-4.309549e-01,2.920535e-01,-6.406769e-03,1.847616e+01,4.801422e-03
1.979957e-03,-6.392065e+00,-9.533544e-01,-7.018140e+00,-3.891271e+00,-1.268711e+01,-1.421910e+01,3.439564e+00,-2.285524e+00,-5.101732e+00,1.111562e+01,-1.229116e+01,3.331583e+00,2.387428e-02,1.858292e+02,7.335193e-01,-1.590757e-06,-4.365291e-02,6.833495e-01,-3.397626e-01,8.515308e-02,3.838637e+00,-9.010653e-01,-1.709611e+00,4.338914e-01,-4.246034e-01,-9.212588e-01,-3.904174e-01,-3.941007e-01,-1.873678e-03,-1.882130e+01,-1.500539e-02
1.875806e-03,-6.105468e+00,-4.196235e-01,-8.301327e+00,-2.956437e+00,-8.377130e+00,-1.464695e+01,6.833320e-01,-2.911225e+00,-4.337903e+00,7.827949e+00,-1.283746e+01,2.816612e+00,2.508311e-02,1.238213e+02,6.884964e-01,5.286611e-05,2.464228e-01,-9.988566e-02,-1.248895e+00,8.618321e-01,4.233221e+00,5.446317e-01,-2.594310e+00,1.667621e+00,1.099888e+00,-3.327470e+00,1.305791e-01,-6.085305e-01,2.750076e-03,-4.974428e+01,-2.411089e-02
2.233525e-03,-5.540021e+00,-2.317778e+00,-1.083566e+01,-1.511528e+00,-2.298644e+00,-1.204614e+01,-3.302795e+00,1.518001e+00,-2.945218e+00,2.594958e+00,-1.360511e+01,9.974641e-01,2.840737e-02,6.150437e+01,6.894023e-01,6.325949e-05,1.892390e-01,3.581414e-02,-1.064345e+00,1.091844e+00,3.211074e+00,1.256359e+00,-2.541205e+00,2.239034e+00,1.927358e+00,-3.675882e+00,8.227302e-01,-5.806362e-01,6.285886e-03,-4.954798e+01,-1.914008e-02
2.241022e-03,-5.177369e+00,-2.833973e+00,-1.277354e+01,-1.529613e-01,4.784115e-01,-1.058906e+01,-5.212376e+00,5.438632e+00,2.786957e-01,-3.205683e+00,-1.137843e+01,1.214767e+00,3.898459e-02,0,6.529489e-01,-8.788067e-05,-1.496273e-01,1.215287e+00,4.450561e-01,8.486673e-01,5.534287e-01,9.326962e-01,-2.049788e+00,9.418956e-01,1.718837e+00,-1.949514e+00,1.917665e+00,-3.321328e-01,7.494711e-03,-3.091469e+01,-1.373676e-02
2.113646e-03,-5.909919e+00,4.328910e-01,-1.010375e+01,1.662122e-01,-1.059514e+00,-9.966248e+00,-6.318605e+00,4.734716e+00,2.226759e+00,-1.746973e+00,-8.907020e+00,1.229325e+00,4.835298e-02,0,6.555926e-01,-2.534461e-04,-3.309584e-01,2.317391e+00,2.054185e+00,4.580795e-01,-1.960297e+00,-8.004685e-02,-1.473792e+00,-1.414549e+00,6.385666e-01,2.196794e-01,2.121764e+00,8.590025e-02,4.200665e-03,4.487762e-01,-4.928392e-03
1.496342e-03,-6.668656e+00,4.281479e+00,-6.442000e+00,4.480293e-01,-6.229551e+00,-1.102342e+01,-8.057704e+00,1.898954e-01,1.670297e+00,2.513449e-01,-5.598177e+00,1.040018e+00,5.258386e-02,0,6.367174e-01,-2.308851e-04,-3.486538e-02,1.739581e+00,2.095373e+00,1.175659e-01,-3.001861e+00,-1.139693e+00,-7.660603e-01,-2.476765e+00,-7.717505e-01,9.607438e-01,1.267464e+00,4.446647e-01,-2.326987e-03,3.200961e+01,1.334683e-02
1.338634e-03,-6.449170e+00,5.711453e+00,-3.730507e+00,4.783745e-01,-8.746148e+00,-1.222919e+01,-9.249091e+00,-2.930375e+00,-4.481854e-01,1.964841e+00,-5.886419e+00,1.514340e+00,4.261106e-02,6.374825e+01,6.728761e-01,-7.552696e-05,5.306620e-01,2.144537e-02,5.328821e-01,-4.009195e-01,-2.466760e+00,-2.124436e+00,3.095593e-01,-1.542424e+00,-1.592832e+00,4.031985e-01,1.655129e-01,1.090215e+00,-7.736476e-03,5.147707e+01,2.440827e-02
1.474103e-03,-5.082070e+00,3.224649e+00,-5.483302e+00,2.787870e-01,-1.068758e+01,-1.515605e+01,-7.577435e+00,-3.112649e+00,-2.242584e+00,-2.578706e-01,-6.551415e+00,3.295583e+00,3.022061e-02,1.281739e+02,7.110413e-01,1.763664e-04,8.500940e-01,-1.579736e+00,-1.242215e+00,-9.670779e-01,-1.484305e+00,-2.355037e+00,1.876088e+00,4.673817e-01,-1.646946e+00,4.246078e-01,-8.150607e-01,1.315934e+00,-8.582653e-03,5.198991e+01,3.212817e-02
1.747131e-03,-4.049902e+00,1.068533e+00,-7.918694e+00,-1.753764e+00,-1.116430e+01,-1.852211e+01,-5.010943e+00,-1.326133e+00,-3.780961e+00,5.236273e-01,-7.602836e+00,5.552616e+00,2.085222e-02,1.932984e+02,7.404720e-01,3.787935e-04,6.147070e-01,-2.331631e+00,-2.124580e+00,-1.536539e+00,-9.044428e-01,-2.039271e+00,3.202619e+00,2.174719e+00,-1.508040e+00,1.417624e+00,-1.104826e+00,8.279942e-01,-4.895739e-03,3.324981e+01,2.644225e-02
2.173926e-03,-3.617820e+00,-1.295740e+00,-1.055898e+01,-3.271291e+00,-1.244200e+01,-1.965214e+01,-7.963362e-01,1.724683e+00,-4.898047e+00,3.094991e+00,-8.815272e+00,5.600548e+00,2.055001e-02,1.951745e+02,7.635602e-01,5.567439e-04,1.981091e-02,-2.274866e+00,-1.828713e+00,-1.877985e+00,-5.793721e-01,-9.583128e-01,3.658881e+00,2.771852e+00,-1.156039e+00,2.640314e+00,-1.295492e+00,-1.352854e-01,-3.928687e-04,1.413891e+01,1.937398e-02
2.882690e-03,-4.107760e+00,-3.686509e+00,-1.181557e+01,-5.429280e+00,-1.239115e+01,-2.017750e+01,3.373455e+00,5.524554e+00,-6.660654e+00,7.376530e+00,-1.027862e+01,4.501828e+00,2.296766e-02,1.964970e+02,7.788278e-01,6.523587e-04,-4.684418e-01,-2.063112e+00,-1.265334e+00,-1.855767e+00,-3.422011e-01,2.684219e-01,3.357789e+00,2.482059e+00,-7.556615e-01,2.732833e+00,-1.320099e+00,-8.008211e-01,2.175884e-03,1.112135e+00,1.316990e-02
3.690043e-03,-4.954087e+00,-5.772161e+00,-1.267843e+01,-7.273379e+00,-1.297101e+01,-1.911992e+01,6.524769e+00,7.321268e+00,-6.582932e+00,9.517247e+00,-1.169099e+01,3.144550e+00,2.719855e-02,1.972692e+02,7.887332e-01,5.468115e-04,-6.714453e-01,-1.537990e+00,-5.941703e-01,-1.680821e+00,-2.050972e-03,1.250147e+00,2.135200e+00,1.291039e+00,-3.853093e-01,1.900975e+00,-1.143660e+00,-6.666183e-01,2.115443e-03,7.377228e-01,7.037693e-03
4.250866e-03,-5.723978e+00,-7.008816e+00,-1.318564e+01,-9.031558e+00,-1.261080e+01,-1.744612e+01,8.117446e+00,8.285872e+00,-6.716826e+00,1.097666e+01,-1.276548e+01,2.776510e+00,2.840737e-02,1.978117e+02,7.937350e-01,2.458669e-04,-6.347486e-01,-8.040588e-01,-8.164530e-02,-1.162523e+00,-1.564001e-01,2.087787e+00,5.944829e-01,-2.679293e-01,-4.455463e-01,5.055534e-01,-7.225801e-01,-4.642062e-01,9.670593e-04,5.819046e-01,1.524097e-03
4.223896e-03,-6.166937e+00,-7.324535e+00,-1.284480e+01,-9.874259e+00,-1.234243e+01,-1.476710e+01,7.507668e+00,6.799222e+00,-6.796507e+00,1.079980e+01,-1.329015e+01,3.130116e+00,2.840737e-02,1.982057e+02,7.912951e-01,-7.541959e-05,-4.596710e-01,-1.582613e-01,4.822410e-01,-7.363926e-01,-1.979285e-01,2.445067e+00,-1.575224e-01,-1.315161e+00,-8.976362e-01,-7.522200e-01,-3.865580e-01,-9.273846e-01,-1.208827e-04,6.492691e-01,-2.520364e-03
3.845099e-03,-6.675078e+00,-6.930616e+00,-1.214061e+01,-9.941456e+00,-1.348744e+01,-1.191498e+01,5.854420e+00,4.445930e+00,-8.781598e+00,9.263022e+00,-1.309194e+01,2.188014e+00,2.719855e-02,1.989382e+02,7.851674e-01,-2.687490e-04,-3.409747e-01,2.278228e-01,9.372590e-01,-2.199593e-01,-2.811871e-01,2.649737e+00,1.071913e-01,-1.594609e+00,-7.503855e-01,-1.585316e+00,-3.208049e-01,-1.911062e+00,-3.022063e-04,8.814636e-01,-4.067838e-03
3.515828e-03,-6.776892e+00,-6.602567e+00,-1.078974e+01,-1.050039e+01,-1.352233e+01,-9.660152e+00,6.868670e+00,2.665431e+00,-1.003873e+01,6.612968e+00,-1.346054e+01,-1.198125e+00,2.719855e-02,1.999523e+02,7.804152e-01,-2.767550e-04,-2.864650e-01,3.344187e-01,1.188749e+00,1.145965e-01,1.829701e-02,2.565211e+00,1.242681e+00,-9.500855e-01,1.266552e-01,-1.622423e+00,-6.740694e-01,-2.553758e+00,-9.066183e-05,1.187495e+00,-3.202707e-03
3.261155e-03,-7.123874e+00,-6.230686e+00,-9.526872e+00,-9.818288e+00,-1.342678e+01,-6.750904e+00,8.972901e+00,2.379719e+00,-8.847644e+00,5.143498e+00,-1.428430e+01,-4.614679e+00,2.750076e-02,2.013458e+02,7.788358e-01,-2.108738e-04,-2.904812e-01,2.427062e-01,1.263691e+00,1.366654e-01,4.111934e-01,2.036428e+00,1.696937e+00,-4.134010e-01,1.214043e+00,-1.243580e+00,-1.031499e+00,-2.262906e+00,1.813240e-04,1.454935e+00,-1.795667e-03
3.132093e-03,-7.374864e+00,-6.002407e+00,-8.207918e+00,-9.362861e+00,-1.228127e+01,-4.523083e+00,1.216183e+01,3.081900e+00,-6.130208e+00,4.747445e+00,-1.606431e+01,-6.237328e+00,2.780296e-02,2.029394e+02,7.784474e-01,-1.529120e-04,-2.802715e-01,1.999039e-01,1.318339e+00,1.210946e-01,4.026867e-01,1.311308e+00,1.240580e+00,-3.135883e-01,1.568036e+00,-7.943164e-01,-8.333999e-01,-1.330447e+00,2.719855e-04,1.717804e+00,-1.653129e-03
2.982598e-03,-7.828497e+00,-6.017166e+00,-7.113066e+00,-9.826895e+00,-1.205201e+01,-4.301371e+00,1.169252e+01,2.170691e+00,-4.665644e+00,3.977883e+00,-1.694755e+01,-6.606916e+00,2.780296e-02,2.047193e+02,7.771730e-01,-1.305383e-04,-1.430943e-01,2.180904e-01,1.420103e+00,4.908218e-02,4.706290e-01,5.837942e-01,5.132483e-01,-3.954372e-01,1.037360e+00,-5.279232e-01,5.187473e-02,-7.892393e-01,6.044125e-04,1.883072e+00,-2.178055e-03
2.890547e-03,-7.825938e+00,-5.709808e+00,-5.404943e+00,-9.890616e+00,-1.219629e+01,-4.328381e+00,1.171176e+01,1.202004e+00,-4.289545e+00,3.224194e+00,-1.629592e+01,-6.854240e+00,2.840737e-02,2.068545e+02,7.729810e-01,-1.264329e-04,-8.302927e-02,3.878002e-01,1.203926e+00,1.548074e-01,1.863566e-01,5.675341e-01,-1.393213e-01,-2.478052e-01,1.992910e-01,-2.523606e-01,9.224513e-01,-1.159812e+00,1.027502e-03,1.829233e+00,-2.213836e-03
2.729236e-03,-7.613809e+00,-5.286533e+00,-3.827845e+00,-9.308999e+00,-1.111613e+01,-3.929284e+00,1.176418e+01,1.342481e+00,-4.581175e+00,3.265508e+00,-1.390912e+01,-8.252419e+00,3.022061e-02,2.088036e+02,7.706787e-01,-1.076849e-04,-5.513220e-02,5.688704e-01,6.248826e-01,2.185810e-01,4.766379e-02,7.385472e-01,-2.850025e-01,1.795605e-01,-3.324404e-01,-1.162624e-03,1.140645e+00,-1.958250e+00,1.118163e-03,1.508519e+00,-1.125294e-03
2.626609e-03,-7.897355e+00,-4.428722e+00,-3.830899e+00,-8.847772e+00,-1.181743e+01,-1.871455e+00,1.142940e+01,2.256979e+00,-5.175988e+00,3.841829e+00,-1.297127e+01,-1.121364e+01,3.173164e-02,2.100435e+02,7.706254e-01,-1.011200e-04,-7.302098e-02,6.260779e-01,-1.350426e-01,1.525568e-01,-2.560155e-01,6.298053e-01,-7.251531e-01,1.035921e-01,-6.254194e-01,1.842890e-02,6.324976e-01,-2.209109e+00,9.972800e-04,9.325073e-01,1.857042e-04
2.576142e-03,-8.068450e+00,-3.813356e+00,-4.775675e+00,-9.255412e+00,-1.200312e+01,-1.837098e+00,1.040869e+01,2.541006e+00,-5.884624e+00,3.663252e+00,-1.290665e+01,-1.421847e+01,3.173164e-02,2.106674e+02,7.727243e-01,-1.142393e-04,6.822095e-02,6.767415e-01,-4.866235e-01,2.511225e-01,-2.929699e-01,5.747284e-02,-8.753989e-01,-2.660719e-01,-3.998922e-01,-2.202673e-02,1.566544e-01,-1.415176e+00,1.178604e-03,3.779678e-01,-5.137026e-04
2.461494e-03,-7.963722e+00,-3.316007e+00,-5.606242e+00,-9.154626e+00,-1.303287e+01,-2.225448e+00,8.763736e+00,1.120702e+00,-6.764917e+00,3.117466e+00,-1.363467e+01,-1.491676e+01,3.263826e-02,2.105851e+02,7.728867e-01,-1.865672e-04,3.124389e-01,7.540337e-01,-3.421580e-01,7.679093e-01,2.547140e-02,-5.245578e-01,-9.508230e-01,-5.117269e-01,8.508468e-02,-1.111505e-01,3.685905e-01,-3.450232e-02,1.239045e-03,-1.705246e-01,-4.250371e-03
2.240597e-03,-7.239521e+00,-2.459183e+00,-5.373291e+00,-7.899960e+00,-1.197326e+01,-3.464924e+00,8.720016e+00,5.802603e-01,-5.786171e+00,3.517556e+00,-1.279415e+01,-1.347674e+01,3.566032e-02,2.104226e+02,7.669795e-01,-2.663568e-04,4.206553e-01,1.262659e+00,9.269495e-02,1.273667e+00,2.262703e-01,-9.394827e-01,-9.454195e-01,-5.437248e-01,8.829939e-01,-5.137511e-01,9.670483e-01,1.031865e+00,9.066239e-05,-1.441593e+01,-1.120629e-02
1.861546e-03,-6.749625e+00,-1.335641e+00,-5.242881e+00,-5.685951e+00,-1.170500e+01,-3.680331e+00,7.519620e+00,6.787174e-01,-4.799791e+00,3.358925e+00,-1.118456e+01,-1.175701e+01,3.596253e-02,2.093132e+02,7.522459e-01,-3.020778e-04,3.064001e-01,1.897321e+00,3.972766e-01,1.274978e+00,2.453715e-01,-1.263252e+00,-1.374105e+00,-3.146393e-01,1.453658e+00,-1.177254e+00,1.241588e+00,1.255171e+00,-2.326987e-03,-3.539981e+01,-1.713443e-02
1.544332e-03,-6.572222e+00,1.509754e+00,-4.493881e+00,-4.621413e+00,-1.153570e+01,-5.807069e+00,6.303652e+00,4.337430e-02,-2.452218e+00,9.737673e-01,-9.296459e+00,-1.063902e+01,3.052282e-02,1.392237e+02,7.270133e-01,-2.663213e-04,9.543581e-02,2.290823e+00,6.161874e-01,7.466285e-01,9.537601e-02,-1.231583e+00,-1.473886e+00,-8.290675e-02,1.416312e+00,-1.890790e+00,9.175641e-01,1.310342e+00,-4.381989e-03,-5.609729e+01,-1.928439e-02
1.299238e-03,-6.765371e+00,4.186129e+00,-4.059564e+00,-4.419010e+00,-1.202479e+01,-7.370636e+00,3.101393e+00,-1.840519e-01,-1.163602e+00,-1.496911e+00,-9.175575e+00,-1.005977e+01,2.357208e-02,6.918554e+01,7.071977e-01,-1.740017e-04,-4.874163e-02,2.047689e+00,7.526075e-01,2.187106e-01,1.898245e-01,-7.243522e-01,-9.081132e-01,1.533924e-01,5.430799e-01,-1.498076e+00,5.417514e-01,1.244191e+00,-3.777576e-03,-5.578502e+01,-1.711695e-02
1.190145e-03,-6.754468e+00,6.234049e+00,-2.884013e+00,-4.800288e+00,-1.133648e+01,-7.777689e+00,3.559703e+00,5.971112e-01,-5.227059e-01,-3.508474e+00,-9.210824e+00,-7.773651e+00,1.994560e-02,0,6.930817e-01,-9.050614e-05,-1.490293e-01,1.343189e+00,7.306341e-01,1.680274e-01,5.353637e-01,3.395641e-01,-4.075339e-02,1.172576e-01,-7.643449e-01,-3.616382e-01,7.601261e-01,1.231098e+00,-1.208825e-03,-3.476330e+01,-1.509734e-02
1.168631e-03,-6.902210e+00,6.540657e+00,-2.284778e+00,-4.502961e+00,-1.085549e+01,-6.316782e+00,4.351029e+00,1.168811e+00,-3.049148e+00,-1.890333e+00,-8.518624e+00,-6.968740e+00,2.236325e-02,0,6.836269e-01,-2.910419e-05,-2.216261e-01,7.764481e-01,4.384669e-01,4.159513e-01,5.774059e-01,7.902508e-01,4.002260e-01,-2.544174e-01,-1.764319e+00,2.705458e-01,1.135390e+00,6.581648e-01,1.057721e-03,-1.383711e+01,-1.468639e-02
1.157105e-03,-7.248949e+00,7.048433e+00,-1.728103e+00,-3.739300e+00,-9.443536e+00,-4.636176e+00,5.475067e+00,-4.676914e-02,-5.331170e+00,-6.377127e-01,-5.824304e+00,-6.029037e+00,2.508311e-02,0,6.633120e-01,-3.983767e-06,-2.682196e-01,3.973219e-01,-1.714065e-01,6.520287e-01,6.943009e-01,1.003950e+00,-2.346298e-01,-7.242169e-01,-1.545643e+00,-2.485183e-02,7.538566e-01,-5.688829e-02,1.299486e-03,0,-1.446310e-02
1.170237e-03,-7.626261e+00,7.661177e+00,-2.445185e+00,-2.869746e+00,-1.008424e+01,-4.990139e+00,4.144841e+00,-1.134199e+00,-7.580967e+00,-1.579563e+00,-5.191885e+00,-7.641249e+00,2.629193e-02,0,6.486506e-01,-3.595871e-06,-2.341946e-01,1.325383e-01,-4.815706e-01,8.704866e-01,1.001565e+00,8.774619e-01,-5.765383e-01,-5.205607e-01,-3.836610e-01,-1.128073e+00,-3.031871e-01,-3.282117e-01,-3.022060e-04,0,-1.271634e-02
1.169423e-03,-7.733541e+00,7.660399e+00,-3.660842e+00,-2.356751e+00,-8.250606e+00,-3.421263e+00,2.489648e+00,-1.872468e+00,-5.985013e+00,-3.788118e+00,-7.104910e+00,-7.721838e+00,2.447869e-02,0,6.382543e-01,-8.090516e-06,-2.280784e-01,-1.486504e-01,-5.000748e-01,7.268686e-01,1.344938e+00,1.116703e+00,-9.957997e-01,-1.706931e-01,7.341405e-01,-1.652484e+00,-1.416595e+00,-9.318805e-02,-1.420369e-03,0,-8.779103e-03
1.144493e-03,-7.830887e+00,6.897366e+00,-3.726261e+00,-8.418025e-01,-6.444129e+00,-2.536929e+00,2.961047e+00,-5.211428e-01,-4.640531e+00,-5.955494e+00,-9.394257e+00,-7.763399e+00,2.115443e-02,0,6.325741e-01,-1.229143e-05,-3.017884e-01,-1.457768e-01,-3.425059e-02,3.598951e-01,1.531200e+00,1.073201e+00,-6.380273e-01,4.751867e-01,1.085725e+00,-1.255054e+00,-1.491991e+00,1.818945e-01,-1.541251e-03,0,-7.452071e-03
1.129524e-03,-8.287028e+00,6.687087e+00,-3.587939e+00,-1.118929e+00,-4.538902e+00,-2.792672e-01,1.087966e+00,-1.206762e+00,-3.130686e+00,-6.712166e+00,-1.080610e+01,-6.433903e+00,2.055001e-02,0,6.274547e-01,-1.284599e-05,-3.809300e-01,2.028100e-01,3.845605e-01,-4.186699e-02,9.540532e-01,3.845076e-01,-4.451119e-01,6.396157e-01,5.661866e-01,-4.857503e-01,-8.989731e-01,2.628520e-01,-4.835300e-04,0,-9.996223e-03
1.128729e-03,-8.858459e+00,7.418949e+00,-2.652889e+00,-1.689182e+00,-4.284086e+00,-1.195130e+00,1.655545e+00,9.088820e-01,-3.579509e+00,-6.392809e+00,-1.080125e+01,-7.375744e+00,2.055001e-02,0,6.167901e-01,-1.468498e-05,-4.906249e-01,6.808722e-01,8.084342e-01,-1.547261e-01,4.562406e-01,-5.884343e-01,-5.054968e-01,5.502540e-01,2.758670e-02,7.565131e-02,-1.096240e-01,4.533120e-01,1.511030e-03,0,-2.050645e-02
1.113075e-03,-9.124405e+00,8.413657e+00,-2.274726e+00,-2.142396e+00,-4.560361e+00,-2.169625e+00,9.168394e-01,6.105978e-01,-3.684592e+00,-5.998212e+00,-1.089628e+01,-6.601406e+00,2.236325e-02,0,5.961652e-01,-1.484941e-05,-6.495339e-01,8.291041e-01,1.114243e+00,3.414835e-01,6.014004e-02,-1.134028e+00,-3.200786e-01,2.755106e-01,-6.277955e-02,1.938965e-01,4.225107e-01,5.482250e-01,3.566032e-03,0,-6.374958e-02
1.079292e-03,-9.865323e+00,9.438441e+00,-3.406971e-01,-1.103699e+00,-4.152196e+00,-4.533922e+00,5.191262e-01,1.321447e+00,-4.225645e+00,-5.934214e+00,-9.897285e+00,-5.413087e+00,2.780296e-02,0,5.456865e-01,-1.550759e-05,-9.788352e-01,5.395530e-01,1.035384e+00,7.410973e-01,4.376698e-02,-6.219099e-01,-3.823265e-01,-4.806672e-01,1.943989e-01,4.975099e-01,8.758216e-01,9.275762e-01,8.612874e-03,0,-1.168800e-01
1.079996e-03,-1.103127e+01,9.822861e+00,8.271819e-01,2.957472e-01,-4.304147e+00,-4.280013e+00,5.578248e-02,-3.549202e-02,-3.121515e+00,-5.971981e+00,-9.145524e+00,-4.674106e+00,3.475370e-02,0,3.442585e-01,-7.926091e-06,-1.284683e+00,1.725388e-02,4.178821e-01,6.881835e-01,9.012938e-02,2.062505e-01,4.804230e-01,-6.614980e-01,5.785784e-01,1.005730e+00,1.085329e+00,6.442462e-01,1.776972e-02,0,-1.579674e-01
1.067730e-03,-1.279920e+01,9.412112e+00,9.730776e-01,7.972326e-01,-4.193358e+00,-3.249486e+00,1.744415e-01,-1.171409e+00,-2.889052e+00,-3.918376e+00,-7.297519e+00,-3.701512e+00,5.741916e-02,0,1.583434e-01,-9.786093e-06,-1.346697e+00,-6.106136e-01,-4.209641e-01,2.201887e-01,-8.343315e-03,6.127594e-01,9.155058e-01,-4.644310e-01,9.650785e-01,1.548094e+00,1.169940e+00,4.798096e-01,2.774252e-02,0,-1.435632e-01
1.079225e-03,-1.408088e+01,8.513091e+00,-8.422027e-01,3.480555e-01,-4.089133e+00,-1.780590e+00,3.491297e+00,-1.450464e+00,-1.459996e+00,-1.977483e+00,-6.769516e+00,-4.235962e+00,9.640374e-02,0,0,-1.183818e-05,-1.087182e+00,-9.135801e-01,-5.417691e-01,-2.411898e-01,-2.352102e-01,4.406266e-02,9.721569e-01,4.068698e-01,1.015956e+00,1.562998e+00,1.070049e+00,4.995292e-01,2.934421e-02,0,-8.468605e-02
1.030747e-03,-1.507400e+01,7.040258e+00,-1.610825e+00,-2.891008e-02,-4.301420e+00,-2.719836e+00,3.378898e+00,-2.932218e-01,-2.310114e-01,-1.909954e-01,-5.235590e+00,-3.233111e+00,1.356905e-01,0,0,8.321970e-05,-8.128646e-01,-1.399154e+00,-1.277000e+00,-2.541263e-01,2.447992e-01,-8.949053e-01,3.388843e-01,9.189339e-01,1.156531e+00,1.242239e+00,1.336240e+00,4.934770e-01,1.819281e-02,0,-3.166867e-02
1.039296e-03,-1.532978e+01,6.440887e+00,-5.897126e-01,-4.971305e-01,-5.426167e+00,-4.324524e+00,3.314339e+00,1.559763e+00,6.292458e-01,-2.068075e-02,-4.826245e+00,-2.410661e+00,1.423391e-01,0,0,2.585626e-04,-5.902349e-01,-1.837861e+00,-2.533939e+00,-3.204106e-01,9.498510e-01,-1.493611e+00,-2.846057e-01,1.012377e+00,1.073544e+00,1.222193e+00,1.878065e+00,7.993215e-01,4.533094e-03,0,0
1.503794e-03,-1.623908e+01,3.452443e+00,-5.538167e+00,-5.080582e-02,-2.300845e+00,-6.452045e+00,1.957342e+00,1.918146e+00,1.848983e+00,1.314416e+00,-1.587953e+00,-2.146778e+00,1.254155e-01,0,0,3.619416e-04,2.190033e-01,-2.074127e+00,-4.069257e+00,-6.219608e-01,1.072724e+00,-1.933403e+00,-8.625840e-01,4.553826e-01,9.896671e-01,1.013494e+00,1.591433e+00,5.141914e-01,-4.653974e-03,0,4.206709e-02
2.135515e-03,-1.644951e+01,1.117692e+00,-1.154823e+01,-1.243050e+00,-3.401651e-01,-7.382539e+00,2.779046e+00,2.505735e+00,2.867725e+00,3.380777e+00,7.969933e-01,-7.825215e-01,1.242067e-01,0,0,3.172743e-04,1.646727e+00,-2.040067e+00,-4.059566e+00,-1.144759e+00,-1.907213e-01,-2.289483e+00,-1.623371e+00,1.821669e-01,9.152251e-01,1.129786e+00,3.163521e-01,5.433496e-01,-9.035964e-03,0,1.060237e-01
2.292346e-03,-1.341912e+01,-6.687812e-01,-1.647785e+01,-2.765755e+00,-1.480802e+00,-1.085784e+01,-6.663756e-01,1.510706e+00,3.598085e+00,3.175743e+00,-9.004434e-02,-1.476224e+00,1.214869e-01,0,2.103354e-01,1.330098e-04,3.317358e+00,-1.713179e+00,-2.088725e+00,-1.375600e+00,-2.346248e+00,-2.467896e+00,-1.889563e+00,5.708040e-01,5.773102e-01,9.401927e-01,-1.637463e+00,4.462159e-01,-1.628891e-02,0,1.696362e-01
2.231392e-03,-8.506124e+00,-1.698835e+00,-1.541770e+01,-4.863451e+00,-6.789795e+00,-1.356904e+01,-3.490661e+00,2.674318e+00,4.330821e+00,4.697587e+00,-3.993439e+00,-2.919006e-02,9.912360e-02,0,4.249508e-01,7.668079e-05,3.745609e+00,-1.915526e+00,-4.639061e-01,-1.144959e+00,-3.094223e+00,-2.025522e+00,-1.027976e+00,1.567256e+00,2.535069e-01,9.565074e-01,-2.621807e+00,3.455417e-01,-2.493200e-02,0,1.708160e-01
2.120904e-03,-3.623985e+00,-3.705190e+00,-1.404706e+01,-5.118605e+00,-1.080727e+01,-1.569828e+01,-4.355620e+00,4.687874e+00,4.003986e+00,5.356974e+00,-7.380053e+00,-2.923647e-01,5.651255e-02,0,6.357057e-01,1.779506e-04,2.698040e+00,-2.197859e+00,2.142386e-01,-7.996336e-01,-2.314344e+00,-5.641114e-01,1.047477e+00,2.628240e+00,-3.654605e-01,9.060736e-01,-2.211832e+00,2.860424e-01,-2.508311e-02,0,1.094146e-01
2.604640e-03,-2.619036e+00,-6.941733e+00,-1.508315e+01,-5.791420e+00,-1.114805e+01,-1.508993e+01,-5.162115e-01,8.753428e+00,3.932309e+00,7.072698e+00,-8.667038e+00,3.532572e-01,3.203385e-02,0,6.413950e-01,2.939811e-04,1.019500e+00,-2.223352e+00,-2.291978e-01,-6.924319e-01,-6.777256e-01,7.366662e-01,2.427059e+00,2.575835e+00,-1.036983e+00,2.848339e-01,-1.416179e+00,1.159683e-02,-1.653067e-02,0,4.796077e-02
2.995474e-03,-2.872464e+00,-9.036626e+00,-1.557393e+01,-6.299939e+00,-1.087339e+01,-1.291795e+01,3.083785e+00,1.161235e+01,1.970038e+00,6.518556e+00,-8.812402e+00,-2.372354e-01,2.961620e-02,0,6.491864e-01,2.907237e-04,-1.877650e-01,-1.661017e+00,-3.395255e-01,-7.503437e-01,5.714298e-01,1.745651e+00,2.721320e+00,1.839440e+00,-1.138442e+00,-3.824728e-01,-8.294772e-01,-2.658584e-02,-5.167725e-03,0,7.270533e-03
3.264013e-03,-3.784385e+00,-1.014988e+01,-1.580025e+01,-7.734944e+00,-1.014536e+01,-1.127587e+01,4.924931e+00,1.209126e+01,1.628793e-01,5.540966e+00,-1.035816e+01,1.229453e-03,2.991840e-02,0,6.580143e-01,9.818825e-05,-4.991825e-01,-7.305973e-01,4.205513e-02,-5.339102e-01,1.064668e+00,2.046157e+00,2.097820e+00,7.572787e-01,-9.386145e-01,-9.188101e-01,-7.477862e-01,-1.716291e-01,1.118163e-03,0,4.255110e-03
3.244836e-03,-3.980135e+00,-1.040620e+01,-1.538614e+01,-7.898561e+00,-8.451465e+00,-8.877055e+00,6.530407e+00,1.221616e+01,1.964899e-01,4.210476e+00,-1.068188e+01,-2.492801e-01,3.173164e-02,0,6.637487e-01,-1.040908e-04,-4.319730e-01,2.115097e-02,2.943236e-01,-6.513729e-02,1.356163e+00,2.004130e+00,1.386935e+00,-5.787563e-02,-3.380852e-01,-1.089434e+00,-8.990428e-01,-1.158256e-01,2.840738e-03,0,-1.336670e-03
2.970900e-03,-4.561113e+00,-9.909930e+00,-1.496677e+01,-7.661660e+00,-7.035673e+00,-6.879596e+00,8.249576e+00,1.223792e+01,1.260107e-01,3.632688e+00,-1.147123e+01,-4.988662e-01,3.656694e-02,0,6.553894e-01,-2.536247e-04,-3.426938e-01,5.872280e-01,4.049972e-01,5.754507e-01,1.417663e+00,2.144003e+00,6.139773e-01,-7.291640e-01,-2.200399e-01,-1.485000e+00,-9.242758e-01,1.822226e-02,4.321548e-03,0,-7.916486e-03
2.621576e-03,-4.643965e+00,-9.050845e+00,-1.451905e+01,-6.662267e+00,-5.647421e+00,-5.095440e+00,8.356137e+00,1.124964e+01,2.980463e-01,2.025525e+00,-1.275108e+01,-5.663158e-01,4.049562e-02,0,6.438155e-01,-3.237567e-04,-3.075629e-01,1.027574e+00,6.087300e-01,1.041461e+00,1.476032e+00,2.423309e+00,-5.370699e-01,-1.709692e+00,-5.139136e-01,-2.325894e+00,-1.146627e+00,2.665039e-01,4.261107e-03,0,-1.473995e-02
2.307519e-03,-5.165939e+00,-7.891418e+00,-1.420881e+01,-5.475837e+00,-4.459068e+00,-2.446662e+00,7.081953e+00,8.928695e+00,-9.880986e-01,-7.915568e-01,-1.394494e+01,2.508586e-01,4.714416e-02,0,6.283985e-01,-3.404567e-04,-3.346734e-01,1.641527e+00,9.649081e-01,1.253830e+00,1.578906e+00,2.733556e+00,-1.379974e+00,-2.136281e+00,-5.559469e-01,-3.200163e+00,-9.969338e-01,4.321801e-01,1.631913e-03,0,-2.413196e-02
1.957743e-03,-5.215537e+00,-6.277590e+00,-1.272147e+01,-3.784165e+00,-2.359610e+00,1.023020e+00,4.428869e+00,5.322308e+00,-1.816023e+00,-5.206870e+00,-1.517816e+01,7.083769e-01,4.774857e-02,0,6.035445e-01,-3.232705e-04,-4.398332e-01,2.187153e+00,1.312965e+00,1.091164e+00,1.409981e+00,2.630509e+00,-1.472947e+00,-1.670634e+00,-3.227673e-01,-3.234717e+00,-6.849165e-01,3.667682e-01,-2.719856e-03,0,-3.454594e-02
1.600533e-03,-5.948695e+00,-3.088925e+00,-1.104102e+01,-2.831562e+00,-7.850499e-01,3.728954e+00,3.313338e+00,4.520178e+00,-1.596689e+00,-8.751930e+00,-1.524236e+01,1.024688e+00,4.110003e-02,0,5.548651e-01,-2.711062e-04,-4.633003e-01,2.424263e+00,1.332658e+00,6.320188e-01,9.165352e-01,1.782904e+00,-9.192269e-01,-4.884320e-01,2.930337e-01,-2.357887e+00,-3.783258e-01,1.187997e-01,-6.860080e-03,0,-3.965122e-02
1.358716e-03,-6.451753e+00,-5.163247e-01,-9.538119e+00,-2.528587e+00,-4.345246e-01,4.969299e+00,2.875709e+00,5.100731e+00,-1.011495e+00,-1.016787e+01,-1.552695e+01,8.806106e-01,2.991840e-02,0,5.078525e-01,-1.761517e-04,-4.213229e-01,1.969190e+00,9.072384e-01,1.569295e-01,2.987465e-01,7.709157e-01,-2.383883e-01,4.627174e-01,5.453153e-01,-1.113580e+00,-1.387834e-01,-1.652208e-02,-7.132064e-03,0,-3.279889e-02
1.251501e-03,-6.864332e+00,1.349265e+00,-9.137193e+00,-2.943532e+00,-8.389347e-01,4.494717e+00,3.262398e+00,6.597323e+00,7.480572e-02,-1.010049e+01,-1.566217e+01,7.587402e-01,2.175884e-02,0,4.779884e-01,-8.052799e-05,-2.243854e-01,1.074197e+00,4.208589e-01,-6.388859e-02,-5.121797e-02,1.056945e-01,2.848074e-02,5.650881e-01,4.429290e-01,-2.629737e-01,-9.748392e-02,-6.537654e-02,-4.684194e-03,0,-1.836176e-02
