pcm_RMSenergy_sma,pcm_fftMag_mfcc_sma[1],pcm_fftMag_mfcc_sma[2],pcm_fftMag_mfcc_sma[3],pcm_fftMag_mfcc_sma[4],pcm_fftMag_mfcc_sma[5],pcm_fftMag_mfcc_sma[6],pcm_fftMag_mfcc_sma[7],pcm_fftMag_mfcc_sma[8],pcm_fftMag_mfcc_sma[9],pcm_fftMag_mfcc_sma[10],pcm_fftMag_mfcc_sma[11],pcm_fftMag_mfcc_sma[12],pcm_zcr_sma,F0final_sma,voicingFinalUnclipped_sma,pcm_RMSenergy_sma_de,pcm_fftMag_mfcc_sma_de[1],pcm_fftMag_mfcc_sma_de[2],pcm_fftMag_mfcc_sma_de[3],pcm_fftMag_mfcc_sma_de[4],pcm_fftMag_mfcc_sma_de[5],pcm_fftMag_mfcc_sma_de[6],pcm_fftMag_mfcc_sma_de[7],pcm_fftMag_mfcc_sma_de[8],pcm_fftMag_mfcc_sma_de[9],pcm_fftMag_mfcc_sma_de[10],pcm_fftMag_mfcc_sma_de[11],pcm_fftMag_mfcc_sma_de[12],pcm_zcr_sma_de,F0final_sma_de,voicingFinalUnclipped_sma_de
9.568688e-04,-1.534027e+01,1.155184e+00,-5.628390e+00,-6.834424e-02,-4.659481e-01,-1.259209e+00,-6.969542e-01,3.585998e+00,3.223258e+00,3.646248e-01,6.134593e-01,-2.783747e+00,1.616803e-01,0,0,-8.478865e-06,1.930777e-01,-3.276824e-01,7.654276e-02,1.230553e-02,-3.817724e-01,1.003829e+00,3.691889e-02,4.523506e-02,3.201592e-01,8.468138e-01,3.224381e-01,1.065022e+00,-1.592626e-02,0,0
9.375994e-04,-1.505169e+01,4.507594e-01,-5.244897e+00,1.380347e-01,-1.579593e+00,4.092773e-01,-6.934384e-01,3.995099e+00,3.880051e+00,1.706099e+00,5.466076e-01,-1.049791e+00,1.263222e-01,0,0,-1.013982e-05,2.782201e-01,-4.278786e-01,8.900261e-03,2.142689e-01,-2.820139e-01,1.381338e+00,4.554540e-02,-1.721056e-01,-3.992283e-02,7.758602e-01,5.807511e-01,1.437724e+00,-2.426715e-02,0,0
9.241092e-04,-1.451918e+01,-1.310160e-01,-5.437422e+00,-1.100060e-01,-1.817988e+00,2.925691e+00,-5.141177e-01,3.607622e+00,4.495657e+00,3.927956e+00,2.259075e+00,1.674382e+00,9.972802e-02,0,0,-1.037646e-05,2.582867e-01,-2.440676e-01,2.213020e-01,6.289254e-01,-4.443156e-02,1.035800e+00,-8.964261e-02,-6.296743e-01,-4.243303e-01,6.762975e-01,1.149286e+00,1.265746e+00,-2.079178e-02,0,0
9.225495e-04,-1.435972e+01,-3.411091e-01,-5.679372e+00,1.023831e+00,-1.199998e+00,3.555029e+00,-5.606455e-01,2.714657e+00,2.387444e+00,2.462260e+00,2.694407e+00,2.175806e+00,7.132065e-02,0,0,-7.392373e-06,1.124124e-01,2.291821e-01,6.633005e-01,1.126468e+00,2.578904e-01,1.187026e-01,-3.748347e-01,-7.492377e-01,-1.254951e+00,1.083750e-01,1.014695e+00,2.504492e-01,-9.791477e-03,0,0
9.125114e-04,-1.439482e+01,3.307802e-01,-4.304642e+00,2.633384e+00,-8.779035e-01,2.346915e+00,-1.211564e+00,1.077848e+00,1.847909e+00,3.368032e+00,5.285989e+00,1.932186e+00,8.522213e-02,0,0,-9.431160e-06,-1.002191e-01,5.031256e-01,1.057194e+00,1.428384e+00,3.649283e-01,-5.678116e-01,-1.236805e-01,-3.353281e-01,-1.212806e+00,-3.124821e-01,4.240798e-01,-3.746448e-01,3.022045e-04,0,0
9.064364e-04,-1.455180e+01,1.365772e+00,-2.494785e+00,4.398681e+00,-7.601829e-01,1.292178e+00,-2.218889e+00,1.513798e+00,-1.070829e+00,2.527937e+00,4.106625e+00,7.355342e-02,8.461771e-02,0,0,-1.186918e-05,-1.793834e-01,5.035558e-01,1.006848e+00,1.081453e+00,2.906736e-01,-3.763137e-01,4.337500e-01,3.004763e-01,-2.155087e-01,-3.670420e-02,-2.559282e-01,-4.273174e-01,-1.843458e-03,0,0
8.850099e-04,-1.492423e+01,1.531172e+00,-1.743746e+00,5.344488e+00,-2.132539e-01,1.218058e+00,-3.033986e-01,2.531411e+00,1.607664e-01,2.332708e+00,3.673365e+00,8.522848e-01,9.459051e-02,0,0,-1.157398e-05,-2.194332e-01,1.679434e-01,5.145563e-01,3.790069e-01,4.714726e-01,1.670877e-01,1.286447e+00,1.067557e+00,8.571295e-01,3.656370e-01,-7.933540e-01,-1.732445e-01,-1.456633e-02,0,0
8.769543e-04,-1.499193e+01,1.576474e+00,-1.925579e+00,5.075545e+00,-7.895438e-02,2.237889e+00,1.154022e+00,3.490257e+00,2.153472e+00,2.796401e+00,2.221077e+00,5.791701e-01,5.741916e-02,0,0,-6.882357e-06,-1.754564e-01,-2.982209e-02,-1.269589e-01,-5.982019e-01,2.809586e-01,3.381144e-01,1.023737e+00,1.047215e+00,1.612920e+00,9.912413e-01,-6.530427e-01,-1.768461e-02,-2.257480e-02,0,0
8.693826e-04,-1.527192e+01,1.065146e+00,-2.016464e+00,4.189987e+00,1.138845e+00,2.709498e+00,3.534216e+00,5.427405e+00,4.521406e+00,5.061985e+00,2.261993e+00,8.131554e-01,2.598973e-02,0,0,2.451870e-06,-9.522629e-02,8.141065e-02,-3.157714e-01,-1.003082e+00,3.684881e-01,4.722166e-01,-1.717472e-01,5.353460e-01,8.211594e-01,1.011990e+00,-5.438269e-01,-1.359429e-01,-1.807193e-02,0,0
8.798383e-04,-1.525524e+01,1.449674e+00,-2.993221e+00,1.984922e+00,-3.143942e-02,2.237031e+00,9.809907e-01,5.301876e+00,4.813452e+00,6.119505e+00,1.547098e+00,4.695127e-03,6.044122e-03,0,0,9.522686e-06,1.873455e-02,2.287946e-01,-3.068125e-01,-6.699027e-01,2.357774e-01,2.540890e-01,-1.124879e+00,-5.218588e-01,-4.022113e-01,-2.881718e-02,-3.947570e-01,-1.160210e-01,-3.324276e-04,0,0
8.958273e-04,-1.526871e+01,2.001625e+00,-2.788782e+00,1.874388e+00,1.605429e+00,3.579570e+00,-1.075619e+00,4.302332e+00,2.936573e+00,5.731108e+00,1.291220e+00,4.598080e-01,2.991840e-02,0,0,1.659456e-05,1.120779e-01,3.639366e-01,-1.931236e-01,-3.161650e-01,-4.200821e-02,2.752907e-01,-1.152843e+00,-1.176657e+00,-1.157757e+00,-9.759505e-01,-2.057105e-01,-1.093904e-02,1.057721e-02,0,0
9.113454e-04,-1.489987e+01,2.252208e+00,-3.073482e+00,2.883831e+00,8.666406e-01,3.073298e+00,-2.165456e+00,1.443499e+00,9.348321e-01,2.317754e+00,7.326781e-01,1.757387e-01,5.379269e-02,0,0,1.879194e-05,4.143410e-02,1.545734e-01,4.566531e-02,1.538460e-01,-1.931177e-01,1.933332e-01,-8.080100e-02,-9.892639e-01,-1.054112e+00,-1.427060e+00,-7.627110e-02,1.431651e-01,7.524932e-03,0,0
9.366018e-04,-1.488922e+01,2.483562e+00,-2.941951e+00,2.159707e+00,4.797641e-01,3.667818e+00,-6.567779e-01,1.473306e+00,6.719327e-01,2.083108e+00,1.640650e+00,6.729383e-01,5.500151e-02,0,0,1.314500e-05,-1.526693e-01,-1.341546e-01,1.711492e-01,-3.394849e-02,-5.159914e-01,-2.569127e-03,7.558982e-01,-1.573073e-01,3.468217e-01,-6.696177e-01,-4.024941e-02,2.272298e-01,-6.799637e-03,0,0
9.534108e-04,-1.523781e+01,1.981572e+00,-2.688309e+00,2.611493e+00,-4.341955e-01,3.159573e+00,3.675652e-01,1.770069e+00,6.752120e-01,8.082054e-01,9.910275e-01,6.139556e-01,3.112723e-02,0,0,3.885652e-07,-2.616615e-01,-3.138215e-01,2.350339e-01,6.925952e-02,1.256395e-01,3.002813e-01,1.363577e+00,4.803579e-01,1.196593e+00,3.944547e-01,2.525467e-02,-1.853440e-01,-1.039589e-02,0,0
9.405196e-04,-1.586308e+01,1.466170e+00,-2.125623e+00,1.840815e+00,-3.241098e-01,3.523587e+00,1.437361e+00,3.352511e+00,4.800492e+00,3.137794e+00,9.607987e-01,1.376849e+00,7.252946e-03,0,0,-1.074389e-05,-1.397569e-01,-2.718493e-01,5.210714e-02,2.503170e-01,5.164345e-01,1.449895e-01,1.501457e+00,2.395961e-01,1.088271e+00,5.633890e-01,-4.125409e-01,-8.446652e-01,3.324266e-03,0,0
9.113293e-04,-1.572124e+01,1.191797e+00,-2.306477e+00,3.389575e+00,1.896775e+00,4.646820e+00,3.605359e+00,2.905687e+00,4.853515e+00,3.762684e+00,1.198877e+00,-1.102936e+00,2.568752e-02,0,0,-1.341066e-05,3.045883e-02,-1.481062e-01,-2.338880e-01,2.417100e-01,3.755300e-01,-6.715868e-02,8.666315e-01,-6.095271e-01,2.866400e-02,1.089471e-01,-6.640154e-01,-1.456728e+00,2.550619e-02,0,0
9.039231e-04,-1.534629e+01,1.519204e+00,-2.872332e+00,3.022251e+00,1.896451e+00,3.649142e+00,5.231612e+00,2.103478e+00,4.024136e+00,3.422813e+00,-5.259795e-01,-2.691941e+00,7.434270e-02,0,0,-7.343514e-06,1.121605e-01,-6.168786e-02,-3.564702e-01,3.030176e-01,-2.207507e-01,-7.452993e-01,-5.237015e-01,-1.334102e+00,-1.141624e+00,-1.241191e+00,-1.167595e+00,-1.013096e+00,3.236628e-02,0,0
9.046557e-04,-1.534391e+01,1.214524e+00,-3.484395e+00,3.229325e+00,3.331740e-01,2.761002e+00,2.803597e+00,-6.530502e-01,1.206710e+00,1.210431e+00,-1.585660e+00,-4.635291e+00,1.251133e-01,0,0,-3.289949e-06,5.244961e-02,-1.532410e-01,-4.649419e-01,-1.911666e-01,-8.548309e-01,-7.052151e-01,-1.785007e+00,-1.541079e+00,-1.301628e+00,-1.365735e+00,-4.212441e-01,3.729231e-01,1.912965e-02,0,0
9.071389e-04,-1.549094e+01,1.146366e+00,-3.319014e+00,3.436028e+00,-6.460628e-01,7.399993e-01,-7.802650e-01,-1.538630e+00,9.157755e-01,-1.792034e+00,-3.484907e+00,-1.922453e+00,1.193714e-01,0,0,-2.860557e-06,9.413815e-02,-2.265079e-01,-5.287658e-01,-4.069189e-01,-6.697187e-01,-3.081260e-01,-2.018019e+00,-9.290844e-01,-6.638101e-01,-7.111915e-01,7.615169e-01,1.653024e+00,1.843458e-03,0,0
8.932717e-04,-1.538667e+01,6.120099e-01,-4.407845e+00,2.226853e+00,-1.106122e+00,2.575315e+00,-2.313738e+00,-2.978654e+00,-1.004454e-01,-4.585695e-01,5.721208e-01,3.769351e-01,9.882139e-02,0,0,1.431565e-06,7.385053e-02,-3.304187e-01,-4.632444e-01,-5.238887e-01,-2.549216e-01,-3.317249e-02,-1.388146e+00,-5.989658e-02,-4.326089e-02,7.273950e-01,1.511168e+00,1.611224e+00,2.810518e-03,0,0
8.953123e-04,-1.485422e+01,6.879210e-01,-5.054436e+00,1.488892e+00,-7.324945e-01,2.201355e+00,-2.299816e+00,-1.379142e+00,1.358663e+00,7.013564e-01,2.202715e+00,3.067066e+00,9.670595e-02,0,0,5.339668e-06,4.963798e-02,-3.264964e-01,-3.210289e-01,-3.457486e-01,1.239126e-01,-8.102579e-02,-6.278645e-01,6.616496e-01,9.995203e-02,1.516823e+00,1.126123e+00,3.584135e-01,2.166818e-02,0,0
9.177268e-04,-1.529302e+01,-2.083464e-01,-4.932907e+00,1.583449e+00,-8.982182e-01,1.864461e+00,-3.377356e+00,-1.032277e+00,7.689619e-01,3.600711e+00,3.126371e+00,9.260704e-01,1.504986e-01,0,0,7.672567e-06,3.801441e-03,-5.740980e-02,4.716582e-02,8.298417e-02,8.374267e-01,5.708136e-02,1.927185e-03,1.029767e+00,-1.362491e-03,1.366835e+00,1.954354e-01,-2.716826e-01,3.433061e-02,0,0
9.216096e-04,-1.528957e+01,-7.593719e-02,-4.661628e+00,2.028987e+00,-1.304517e-01,6.902975e-01,-3.387779e+00,7.964294e-01,9.808319e-01,3.762442e+00,8.685822e-01,-4.049533e-01,2.018737e-01,0,0,2.791965e-06,-4.357233e-02,1.076718e-01,-4.978957e-02,-1.989318e-01,9.503202e-01,6.064546e-01,5.939260e-01,6.627557e-01,-4.138686e-01,1.063398e+00,8.917642e-02,-2.163408e-01,2.583862e-02,0,0
9.184859e-04,-1.514998e+01,7.068900e-01,-4.368420e+00,2.371727e+00,2.779990e+00,3.616251e+00,-1.760121e+00,1.082393e+00,8.165765e-02,4.845064e+00,2.216364e+00,7.545320e-01,2.178906e-01,0,0,-2.991239e-06,3.375130e-02,1.756666e-01,-2.982296e-01,-4.058519e-01,1.093385e+00,1.071104e+00,1.350219e+00,8.193358e-01,-2.068688e-01,4.408092e-01,4.862407e-01,6.361527e-01,-8.461773e-04,0,0
9.088926e-04,-1.514360e+01,7.686620e-01,-5.585627e+00,1.000945e-01,2.180002e+00,4.357733e+00,-1.388039e-01,8.773014e-01,-3.670280e-01,5.396170e+00,3.103600e+00,2.071132e+00,1.922031e-01,0,0,-3.371196e-06,5.557804e-02,2.048346e-02,-3.167218e-01,-3.534822e-01,1.855259e-01,8.513325e-01,1.442068e+00,4.772211e-01,-1.806564e-01,1.726147e-01,8.506263e-01,4.495548e-01,-2.807495e-02,0,0
9.091292e-04,-1.519725e+01,2.476872e-01,-5.962055e+00,5.186360e-01,3.413480e+00,5.386265e+00,1.749249e+00,3.023966e+00,4.085480e-01,4.987893e+00,4.440065e+00,2.868792e+00,1.511030e-01,0,0,-2.757012e-06,1.121197e-01,-2.759193e-01,-5.991349e-02,1.149522e-01,-5.010577e-01,4.051051e-02,1.076769e+00,1.550110e-01,-3.965636e-01,-4.042350e-01,1.498190e-01,1.466178e-01,-3.741311e-02,0,0
9.094320e-04,-1.498805e+01,2.560816e-01,-5.448420e+00,1.188122e+00,4.804325e-01,4.061954e+00,2.067879e+00,2.211748e+00,-8.589552e-02,4.554101e+00,4.009863e+00,7.856910e-01,9.489272e-02,0,0,-1.328485e-06,1.158612e-01,-2.383549e-01,2.431220e-01,3.163685e-01,-6.801739e-01,-4.247213e-01,3.922796e-01,-5.847055e-01,-6.412262e-01,-6.054469e-01,-5.644360e-01,2.175651e-02,-2.704745e-02,0,0
9.044311e-04,-1.466716e+01,-4.164160e-01,-4.736591e+00,2.402474e+00,1.124486e+00,3.966694e+00,2.520385e+00,1.190225e+00,-2.041727e+00,3.244924e+00,2.512327e+00,2.130341e+00,7.948021e-02,0,0,-6.847375e-07,-6.084900e-02,-2.232429e-01,-7.391133e-02,-5.308204e-01,-6.522045e-01,-5.920661e-01,-6.797693e-02,-1.234190e+00,-1.005305e+00,-6.005475e-01,-9.235389e-01,5.511427e-01,-1.511022e-04,0,0
9.045992e-04,-1.482934e+01,-9.106079e-02,-4.982749e+00,7.400181e-01,-7.637008e-02,2.943912e+00,1.437026e+00,-1.129355e+00,-2.348022e+00,3.240420e+00,1.245289e+00,2.549139e+00,9.277727e-02,0,0,-9.451178e-08,-2.266965e-01,-1.916944e-01,-5.821303e-01,-9.573371e-01,-5.680649e-02,-2.228979e-01,-2.419749e-01,-6.735306e-01,1.026481e-01,-3.986061e-01,-8.903741e-01,5.911068e-01,2.441825e-02,0,0
9.081219e-04,-1.558085e+01,-6.949561e-01,-6.564447e+00,-1.911414e+00,4.308590e-01,2.984955e+00,1.724791e+00,-1.476431e+00,-3.486915e+00,2.641996e+00,1.204658e+00,4.742781e+00,1.514053e-01,0,0,3.151811e-06,-2.109896e-01,-7.553075e-02,-4.481664e-01,-4.227741e-01,-8.072900e-02,-1.216419e-01,-5.841087e-01,-6.672972e-02,1.233744e+00,3.538198e-01,-2.307358e-01,-8.317089e-03,2.919311e-02,0,0
9.071141e-04,-1.566469e+01,-5.631205e-01,-7.445143e+00,-1.441620e+00,5.432136e-01,3.438333e+00,1.255802e+00,1.774234e-01,1.149939e+00,2.862535e+00,2.118278e-01,2.435005e+00,1.810215e-01,0,0,4.309666e-06,1.286897e-01,3.121082e-02,1.196992e-01,1.009214e+00,5.630310e-01,3.409983e-01,-4.563055e-01,8.910207e-01,1.823379e+00,8.408459e-01,3.043192e-01,-6.307774e-01,1.773950e-02,0,0
9.189327e-04,-1.530444e+01,-5.580399e-01,-5.746226e+00,1.379423e+00,4.110492e-01,3.111274e+00,-3.095461e-01,2.031865e-01,2.378011e+00,5.202965e+00,1.875379e+00,2.145823e+00,1.813237e-01,0,0,3.533904e-06,4.457363e-01,4.795016e-01,7.284380e-01,1.764853e+00,7.057997e-01,2.939725e-01,-2.545897e-01,1.084247e+00,1.455888e+00,1.054785e+00,8.859180e-01,-6.888380e-01,-3.022030e-04,0,0
9.207421e-04,-1.432410e+01,-3.464778e-03,-4.793364e+00,4.140671e+00,2.748690e+00,4.585744e+00,1.726669e-01,2.485939e+00,3.836413e+00,6.164165e+00,2.431525e+00,6.937318e-01,1.665156e-01,0,0,3.673503e-06,5.596989e-01,5.527034e-01,3.616434e-01,7.816964e-01,8.424670e-01,1.854173e-01,3.580492e-01,1.100573e+00,4.293326e-01,2.415649e-01,1.035482e+00,1.251229e-01,-8.038679e-03,0,0
9.189774e-04,-1.402246e+01,1.422724e+00,-4.248147e+00,4.121707e+00,2.857119e+00,3.881112e+00,9.934097e-01,2.790546e+00,2.449287e+00,6.265106e+00,4.524399e+00,2.169228e+00,1.571472e-01,0,0,2.665285e-05,5.229479e-01,4.528745e-01,-5.344566e-01,-6.372303e-01,3.007223e-01,-2.424754e-01,5.285338e-01,7.113425e-01,-8.018406e-02,-9.782202e-01,3.799387e-01,3.342227e-01,-1.381082e-02,0,0
9.254593e-04,-1.350718e+01,1.210014e+00,-6.385966e+00,1.095720e+00,3.532513e+00,3.980500e+00,2.394570e+00,4.386608e+00,3.260963e+00,3.539289e+00,4.064730e+00,3.048917e+00,1.529163e-01,0,0,7.806795e-05,3.808799e-01,-9.287464e-03,-9.062836e-01,-1.221144e+00,-3.816430e-01,-5.989906e-01,4.475483e-01,1.746792e-01,-7.075804e-01,-1.638958e+00,-4.125915e-01,5.395743e-01,-2.302811e-02,0,0
1.049838e-03,-1.309816e+01,1.099593e+00,-7.622208e+00,-2.842536e-01,1.522749e+00,2.201518e+00,1.222172e+00,2.809565e+00,2.264815e+00,1.624302e+00,2.958470e+00,2.639344e+00,1.190692e-01,0,0,1.027700e-04,2.846172e-01,-3.759971e-01,-6.263540e-01,-5.435286e-01,-5.408386e-01,-6.221976e-01,1.645614e-01,-1.224706e-01,-1.013907e+00,-1.439464e+00,-1.454111e+00,-1.114662e-01,-3.514657e-02,0,0
1.245651e-03,-1.288185e+01,1.116636e-01,-7.637751e+00,2.379337e-01,1.507660e+00,2.430588e+00,2.296027e+00,3.349826e+00,3.907469e-01,2.897747e-01,1.151532e+00,3.156545e+00,7.041403e-02,0,0,6.915299e-05,-5.016155e-02,-4.082111e-01,3.246540e-01,5.757535e-01,-4.954425e-01,-6.538223e-01,-1.394701e-02,-2.418259e-01,-1.066106e+00,-5.068976e-01,-1.736113e+00,-4.942548e-01,-3.865216e-02,0,0
1.272731e-03,-1.291204e+01,9.191407e-02,-6.754024e+00,1.832958e+00,1.165353e+00,1.545080e+00,1.865488e+00,2.696584e+00,-1.185141e+00,6.925406e-01,-1.289557e+00,1.558083e+00,2.266546e-02,0,0,-2.069612e-05,-1.292039e-01,-3.697812e-01,7.576813e-01,9.059254e-01,-2.659930e-01,-6.750153e-01,-3.085978e-01,5.436947e-02,-4.346715e-01,-3.982607e-02,-1.151172e+00,-2.519338e-01,-2.589906e-02,0,0
1.159778e-03,-1.385105e+01,-3.272020e-01,-5.196787e+00,2.915882e+00,1.233999e+00,1.039608e+00,2.003176e+00,3.233969e+00,-3.445906e-01,1.470683e+00,-2.491821e+00,1.118274e+00,7.857359e-03,0,0,-8.171438e-05,-1.808901e-01,-3.340572e-01,6.852387e-01,8.001829e-01,-2.095546e-01,-5.339006e-01,-4.805300e-01,5.730784e-01,-1.133349e-02,-3.818782e-01,7.352291e-02,6.593674e-01,-2.357208e-03,0,0
9.892946e-04,-1.325958e+01,-5.298805e-01,-5.054283e+00,2.906399e+00,3.296147e-01,-4.780685e-01,-1.743918e-01,3.139340e+00,4.591265e-01,8.347180e-01,-9.757133e-01,2.398811e+00,2.085222e-02,0,0,-7.439779e-05,-1.380241e-01,-6.565420e-01,3.859162e-01,3.208911e-01,-8.754723e-02,5.023447e-02,-5.271012e-01,1.080114e+00,-3.242996e-01,-1.380461e+00,1.431273e+00,1.771569e+00,2.293744e-02,0,0
9.787978e-04,-1.361253e+01,-1.247725e+00,-5.061428e+00,3.702127e+00,8.777559e-01,7.726595e-01,9.133173e-01,5.993839e+00,-4.880540e-01,-1.690705e+00,1.362224e+00,6.033019e+00,5.953461e-02,0,0,-3.384363e-05,-2.509995e-01,-8.564689e-01,2.480321e-01,-3.954037e-01,8.451563e-02,3.798553e-01,-5.486060e-01,1.209927e+00,-1.223176e+00,-2.049892e+00,1.600859e+00,1.427890e+00,3.868238e-02,0,0
9.912322e-04,-1.372142e+01,-2.730534e+00,-4.892123e+00,3.044291e+00,9.057381e-01,1.929727e+00,-2.250881e-01,6.717221e+00,-2.734907e+00,-4.629073e+00,3.939783e+00,7.958555e+00,1.115141e-01,0,0,-2.898381e-06,-5.834514e-01,-9.698294e-01,3.751837e-01,-1.129480e+00,2.316293e-01,1.980451e-01,-4.943577e-01,6.616355e-01,-1.936078e+00,-2.482391e+00,3.780209e-01,7.702031e-02,4.137202e-02,0,0
9.895908e-04,-1.487513e+01,-3.509219e+00,-4.037707e+00,8.699177e-01,1.368515e+00,1.734987e+00,-7.145054e-01,7.494663e+00,-4.863455e+00,-6.046883e+00,3.054727e+00,5.477853e+00,1.559384e-01,0,0,-3.730622e-06,-7.192788e-01,-7.477816e-01,5.503228e-01,-1.390998e+00,3.472456e-01,-7.680269e-01,-8.510374e-01,-4.669105e-01,-1.667369e+00,-1.948573e+00,-1.078915e+00,-9.826380e-01,3.327290e-02,0,0
9.694062e-04,-1.554554e+01,-4.248280e+00,-3.690225e+00,-1.324896e+00,1.242382e+00,3.099322e-02,-1.832269e+00,5.697106e+00,-7.033562e+00,-9.399150e+00,6.813987e-02,3.061495e+00,1.795104e-01,0,0,-2.586842e-06,-7.644610e-01,-4.642477e-01,6.176581e-01,-5.735320e-01,1.128365e+00,-8.702377e-01,-3.523074e-01,-1.303679e+00,-1.183380e+00,-1.192397e+00,-1.285012e+00,-5.498486e-01,1.840435e-02,0,0
9.710577e-04,-1.629687e+01,-4.227760e+00,-2.910763e+00,-1.068268e+00,2.445662e+00,-2.118108e+00,-2.538280e+00,4.169344e+00,-6.675569e+00,-9.048530e+00,-2.096530e+00,3.568359e+00,1.919009e-01,0,0,3.837270e-06,-5.647364e-01,-2.408040e-01,6.950284e-01,7.570329e-01,1.757732e+00,-4.028341e-01,3.282235e-01,-1.120646e+00,-4.683770e-01,5.318006e-01,2.674472e-01,7.196647e-01,-5.439728e-04,0,0
9.875646e-04,-1.683285e+01,-4.692502e+00,-2.367304e+00,1.145723e+00,6.008989e+00,-4.949147e-01,-1.074738e+00,1.861487e+00,-7.745752e+00,-9.090234e+00,9.035269e-02,6.164059e+00,1.855545e-01,0,0,7.259194e-06,-2.575827e-01,3.790107e-02,5.133134e-01,1.279273e+00,2.002310e+00,3.703962e-01,1.265764e+00,4.136473e-01,4.994401e-01,2.134748e+00,1.556301e+00,1.175123e+00,-1.535207e-02,0,0
9.996979e-04,-1.705515e+01,-4.491128e+00,-1.224025e+00,3.419772e+00,7.773874e+00,-1.622950e-02,5.478468e-01,3.809244e+00,-6.849245e+00,-3.542338e+00,4.380857e+00,7.524895e+00,1.501964e-01,0,0,1.935917e-06,1.091343e-01,1.484505e-01,-1.788155e-02,6.659829e-01,1.023869e+00,3.465374e-01,1.279215e+00,1.557802e+00,1.100406e+00,2.173555e+00,1.078982e+00,3.246179e-01,-1.906921e-02,0,0
9.913821e-04,-1.645431e+01,-3.927091e+00,-1.967027e+00,2.827450e+00,8.589824e+00,8.320349e-01,2.953489e+00,7.945392e+00,-4.449523e+00,-1.478507e+00,4.610950e+00,6.958841e+00,1.236023e-01,0,0,-3.945909e-06,3.235461e-01,1.880006e-01,-3.817409e-01,-3.953794e-01,-1.728396e-01,-2.078009e-03,7.153062e-01,1.921300e+00,2.018920e+00,1.653119e+00,-4.094748e-01,-1.731549e-01,-1.103052e-02,0,0
9.788285e-04,-1.594046e+01,-3.868213e+00,-3.200309e+00,1.420783e+00,6.274588e+00,-1.048896e+00,1.843679e+00,8.916400e+00,-2.821655e+00,-1.986618e+00,1.038080e+00,4.794057e+00,1.275310e-01,0,0,-3.284961e-06,3.373032e-01,4.517944e-02,-5.096817e-01,-1.134730e+00,-7.331237e-01,-6.210168e-02,-1.794654e-01,7.074434e-01,1.728903e+00,3.863167e-01,-1.325431e+00,-1.483836e-01,-5.379268e-03,0,0
9.782697e-04,-1.577246e+01,-4.063957e+00,-3.287867e+00,1.683211e-01,5.894434e+00,1.102853e-02,1.853876e+00,8.914407e+00,3.350534e-01,-1.602498e+00,-2.856332e-01,6.663703e+00,1.417347e-01,0,0,9.767712e-07,1.759426e-01,-3.844135e-02,1.364309e-01,-7.520190e-01,-7.668703e-01,1.723977e-01,-8.356587e-01,-3.262349e-01,7.003552e-01,4.906490e-01,-1.680823e-01,1.182483e+00,-1.420369e-02,0,0
9.898293e-04,-1.570956e+01,-4.196798e+00,-3.112014e+00,-9.243140e-01,5.455950e+00,8.376523e-02,2.003263e-01,6.861954e+00,-5.970195e-01,-1.548759e+00,2.019947e-01,6.930545e+00,1.142339e-01,0,0,3.876048e-06,-2.622747e-02,2.061074e-02,6.226315e-01,-1.080758e-02,-2.414277e-01,5.979689e-01,-7.957373e-01,-6.033729e-01,-1.458516e-01,8.186978e-01,1.390164e+00,1.608653e+00,-3.012995e-02,0,0
9.907655e-04,-1.569005e+01,-3.955005e+00,-1.329020e+00,2.399030e-01,5.164791e+00,1.127693e+00,-4.031277e-01,7.341441e+00,-2.060065e+00,7.558091e-01,4.188582e+00,1.180301e+01,5.923240e-02,0,0,3.773999e-06,-1.915400e-01,1.356526e-01,9.033070e-01,7.117257e-01,-1.226135e-01,4.272798e-01,-4.635327e-01,-6.051183e-01,-1.027339e+00,7.142927e-01,2.060939e+00,1.354666e+00,-3.711091e-02,0,0
9.919609e-04,-1.611281e+01,-3.819635e+00,-1.066575e+00,1.330954e+00,5.432271e+00,1.382617e+00,-1.006505e+00,6.686018e+00,-2.353353e+00,9.277180e-01,5.751791e+00,1.026767e+01,1.813237e-02,0,0,4.038901e-06,-3.871394e-01,5.519247e-02,6.664524e-01,6.004349e-01,-1.342281e-01,3.199732e-01,6.723065e-01,-1.811393e-01,-5.739647e-01,2.059017e-01,1.396468e+00,5.008090e-01,-2.659414e-02,0,0
9.960739e-04,-1.652854e+01,-3.574275e+00,2.059487e-01,2.599316e+00,5.293206e+00,1.498002e+00,1.396284e-01,5.976783e+00,-3.923476e+00,7.307272e-01,7.244164e+00,1.176847e+01,4.230885e-03,0,0,6.123492e-06,-3.642485e-01,1.526060e-02,2.426371e-01,-3.168191e-01,-3.682943e-01,-2.593697e-01,1.251722e+00,-4.821993e-01,-7.893609e-01,-7.971252e-01,-2.706811e-01,-6.743814e-01,-5.893019e-03,0,0
1.007370e-03,-1.722601e+01,-4.111201e+00,-5.472364e-01,8.981543e-01,4.720602e+00,1.498477e+00,3.290481e+00,6.638587e+00,-2.535137e+00,-5.067095e-01,5.656543e+00,9.451859e+00,8.763977e-03,0,0,7.559627e-06,-6.801490e-02,4.076266e-03,7.570074e-02,-1.000715e+00,-7.478507e-01,-6.500891e-01,1.519169e+00,-4.436255e-02,-1.023971e+00,-1.536088e+00,-1.436898e+00,-5.935737e-01,1.106074e-02,0,0
1.013679e-03,-1.695469e+01,-3.732920e+00,-3.755034e-01,-1.127793e+00,3.679154e+00,-2.270857e-01,3.706987e+00,4.954160e+00,-5.915978e+00,-2.512603e+00,2.882800e+00,8.839008e+00,3.445150e-02,0,0,7.707044e-06,2.837481e-01,3.049763e-01,4.808376e-02,-8.822703e-01,-6.243152e-01,-6.723129e-01,1.126109e+00,8.684725e-01,-6.564507e-01,-1.559317e+00,-1.934938e+00,-4.941944e-01,1.535207e-02,0,0
1.020957e-03,-1.623981e+01,-3.719932e+00,-3.973449e-01,-1.809065e+00,2.500044e+00,-1.005285e+00,4.805659e+00,6.975517e+00,-6.476958e+00,-5.131056e+00,7.479811e-01,8.764531e+00,5.832578e-02,0,0,6.632903e-06,5.195529e-01,5.499339e-01,3.242717e-01,-1.664986e-01,-3.213385e-01,1.887621e-01,2.230347e-01,1.257400e+00,-1.006007e-01,-9.012369e-01,-1.358967e+00,3.823268e-01,8.099124e-03,0,0
1.027816e-03,-1.560290e+01,-2.245028e+00,3.714217e-01,-4.584266e-01,3.281909e+00,-6.116816e-01,5.012584e+00,1.015068e+01,-5.234820e+00,-4.753685e+00,2.375329e-02,9.641166e+00,5.621034e-02,0,0,2.771441e-06,2.211119e-01,2.228371e-01,1.042020e-01,3.367406e-01,1.063226e-01,1.102082e+00,-4.548060e-01,1.155845e+00,1.058748e+00,1.157508e-01,-2.072458e-01,5.934288e-01,1.390149e-03,0,0
1.033466e-03,-1.530414e+01,-2.105477e+00,7.006596e-01,-2.690219e-01,3.312532e+00,2.634585e+00,3.752856e+00,1.032732e+01,-3.378720e+00,-3.892353e+00,2.912322e-01,1.096241e+01,3.838018e-02,0,0,-1.839304e-06,-1.932990e-01,-2.656906e-01,-4.278026e-01,-2.098532e-01,-1.131196e-01,1.203849e+00,-1.007160e+00,8.973732e-02,1.021536e+00,9.154549e-01,9.312981e-01,6.372849e-01,8.703536e-03,0,0
1.021281e-03,-1.631697e+01,-3.425961e+00,-4.034959e-01,-2.141111e-01,3.804523e+00,3.463388e+00,1.959359e+00,9.057484e+00,-2.171355e+00,-2.553200e+00,2.074946e+00,1.070721e+01,5.137504e-02,0,0,-4.870538e-06,-4.769737e-01,-8.615441e-01,-9.209315e-01,-7.652004e-01,-5.000252e-01,4.272076e-01,-6.211717e-01,-3.530591e-01,3.380447e-02,5.858734e-01,1.185020e+00,6.892414e-02,2.502267e-02,0,0
1.015027e-03,-1.684927e+01,-4.457918e+00,-2.148899e+00,-2.980489e+00,1.673139e+00,2.976424e+00,1.296469e+00,7.970802e+00,-2.901010e+00,-1.654024e+00,4.378876e+00,1.141793e+01,1.042611e-01,0,0,-7.035129e-06,-4.596806e-01,-6.279868e-01,-7.535657e-01,-4.581516e-01,-3.187218e-01,-2.163223e-01,6.745102e-01,8.367024e-02,-7.929891e-01,2.311416e-01,2.971483e-01,-7.357896e-01,3.357510e-02,0,0
1.012682e-03,-1.721520e+01,-5.376528e+00,-2.808456e+00,-2.928695e+00,1.601480e+00,1.353436e+00,3.134919e+00,9.563646e+00,-5.304653e+00,-2.943482e+00,3.905030e+00,9.758027e+00,1.483832e-01,0,0,-7.187959e-06,-2.038437e-01,-2.893001e-01,-2.428350e-01,5.620962e-01,5.286158e-01,2.789154e-01,1.593723e+00,2.673953e-01,-1.052870e+00,-3.278577e-01,-1.101782e+00,-1.446650e+00,1.985494e-02,0,0
1.002590e-03,-1.715343e+01,-4.270128e+00,-1.864689e+00,-1.202488e+00,2.820445e+00,2.607949e+00,6.537627e+00,1.049259e+01,-5.777017e+00,-2.541505e+00,8.619316e-01,7.758059e+00,1.577516e-01,0,0,-9.343889e-06,-1.004414e-01,-1.828766e-02,-2.961061e-02,1.408535e+00,1.067337e+00,1.003495e+00,1.519460e+00,4.223442e-02,-8.928566e-02,-1.446566e-01,-1.705692e+00,-1.659906e+00,-7.645815e-03,0,0
9.915604e-04,-1.718411e+01,-4.966357e+00,-1.759776e+00,1.707369e+00,5.873949e+00,5.042202e+00,7.307395e+00,9.133564e+00,-5.997699e+00,-3.748749e+00,-1.675493e+00,5.303900e+00,1.239045e-01,0,0,-9.216264e-06,-2.920513e-02,-4.268608e-02,-3.339140e-01,9.414838e-01,6.998352e-01,1.125558e+00,5.068954e-01,-5.389460e-01,5.768569e-01,-5.046083e-02,-1.208212e+00,-1.012766e+00,-3.049259e-02,0,0
9.788687e-04,-1.736703e+01,-4.754442e+00,-2.821292e+00,1.744153e+00,4.873591e+00,6.149518e+00,6.807533e+00,8.397016e+00,-3.000915e+00,-1.974674e+00,-1.359320e+00,5.345467e+00,7.827138e-02,0,0,-9.771134e-06,-3.788318e-02,-2.338829e-01,-6.895818e-01,-2.019786e-01,-2.625294e-01,4.763388e-01,-5.029681e-01,-7.406813e-01,4.700871e-01,-2.300031e-01,-5.298362e-02,1.027440e-01,-3.777576e-02,0,0
9.784612e-04,-1.725443e+01,-5.347802e+00,-3.999725e+00,3.054033e-01,4.074083e+00,5.210439e+00,5.534443e+00,7.916706e+00,-3.808419e+00,-3.479202e+00,-1.025404e+00,5.900494e+00,3.566032e-02,0,0,-9.528763e-06,3.548794e-02,-1.000080e-02,-2.392803e-01,-6.457893e-01,-7.139223e-01,-4.172479e-01,-8.157879e-01,-9.084550e-01,-2.895333e-01,-5.470336e-01,6.407900e-01,1.150476e+00,-2.459958e-02,0,0
9.602835e-04,-1.730768e+01,-5.248820e+00,-4.192624e+00,-1.511398e+00,2.407731e+00,4.905525e+00,4.909262e+00,7.397617e+00,-4.521221e+00,-3.826294e+00,2.719691e-01,7.973482e+00,1.299486e-02,0,0,-6.068411e-06,2.515011e-02,-5.248499e-03,4.158561e-01,-2.101761e-01,-3.474769e-01,-8.160623e-01,-8.444716e-01,-8.146297e-01,-4.730082e-01,-1.298346e-01,8.807805e-01,1.189284e+00,1.843457e-03,0,0
9.532092e-04,-1.703634e+01,-4.769172e+00,-2.270512e+00,1.061981e-01,3.537267e+00,3.577960e+00,4.177591e+00,5.090988e+00,-6.685213e+00,-5.558107e+00,7.128119e-01,9.742275e+00,3.354488e-02,0,0,4.167668e-09,-1.689911e-02,1.521465e-01,7.220492e-01,4.325332e-01,-1.485616e-01,-1.078998e+00,-1.098871e+00,-1.017985e+00,1.042936e-01,6.768678e-01,7.782542e-01,2.322991e-01,3.294047e-02,0,0
9.611527e-04,-1.735032e+01,-5.069999e+00,-1.606618e+00,7.928746e-01,3.404614e+00,2.885447e+00,3.263601e+00,5.736726e+00,-3.927559e+00,-1.584394e+00,2.175474e+00,9.370994e+00,8.854639e-02,0,0,5.745637e-06,1.725483e-02,1.809123e-01,2.878179e-01,3.718449e-01,-2.466521e-01,-1.331301e+00,-1.422283e+00,-7.918021e-01,7.126333e-01,1.030552e+00,3.903121e-01,-8.469221e-01,4.922938e-02,0,0
9.780475e-04,-1.731760e+01,-4.676479e+00,-1.682481e+00,1.315933e+00,2.832833e+00,8.254880e-01,8.629184e-01,3.657229e+00,-3.583782e+00,-1.215812e+00,1.914114e+00,6.363234e+00,1.625869e-01,0,0,2.282549e-06,1.418030e-01,2.923422e-01,-5.426488e-01,-4.691122e-01,-6.081638e-01,-9.518753e-01,-1.685199e+00,-8.251811e-01,5.999961e-01,5.236534e-01,-8.338024e-02,-1.086066e+00,4.076760e-02,0,0
9.765925e-04,-1.708077e+01,-4.390604e+00,-3.047549e+00,-2.570407e-01,1.526687e+00,-3.747441e-01,-5.448174e-01,4.155487e+00,-2.508770e+00,-8.446801e-01,1.622879e+00,5.428392e+00,1.946207e-01,0,0,-6.978068e-06,3.787720e-01,5.181254e-01,-6.481166e-01,-5.163782e-01,-4.504484e-01,-5.333171e-01,-1.285467e+00,-5.418797e-01,1.156542e-01,-3.341625e-01,-4.706812e-01,-2.726852e-01,1.849501e-02,0,0
9.569020e-04,-1.646210e+01,-3.647158e+00,-4.263290e+00,-1.714405e+00,1.435412e+00,4.486788e-01,-2.344195e+00,1.755702e+00,-4.394627e+00,-3.309697e+00,5.722086e-01,6.283244e+00,1.843457e-01,0,0,-1.502165e-05,3.648580e-01,5.297408e-01,-3.337259e-01,6.838665e-02,-5.267110e-02,1.275769e-01,-1.628537e-01,2.799675e-02,9.149823e-02,-4.449052e-01,-8.067529e-01,3.617940e-02,1.722573e-03,0,0
9.368351e-04,-1.588421e+01,-2.994033e+00,-3.556797e+00,-2.738471e-01,1.851083e+00,4.072655e-01,-1.560176e+00,3.978091e+00,-2.943866e+00,-2.208265e+00,4.930210e-01,8.047563e+00,1.701420e-01,0,0,-1.325776e-05,2.421350e-01,4.997638e-01,1.998911e-01,1.002453e+00,1.784693e-01,2.700856e-01,1.056633e+00,-9.612918e-02,7.948826e-02,-2.812420e-01,-5.751930e-01,-1.582396e-01,4.442428e-03,0,0
9.228180e-04,-1.609159e+01,-2.726061e+00,-3.096487e+00,1.666269e+00,2.407280e+00,1.072368e+00,5.563295e-01,3.885910e+00,-2.908743e+00,-2.758546e+00,-1.554721e+00,5.234545e+00,1.834391e-01,0,0,-5.076622e-06,7.720661e-03,3.043372e-01,3.724416e-01,1.267895e+00,1.646309e-01,2.782910e-01,2.167720e+00,-6.310060e-02,-1.100509e-01,-1.724397e-01,-5.856082e-01,-9.002125e-01,1.541251e-02,0,0
9.273458e-04,-1.605535e+01,-2.352334e+00,-2.631495e+00,3.064886e+00,1.933100e+00,6.638393e-01,3.288083e+00,2.609737e+00,-2.854270e+00,-2.526466e+00,-1.896218e-01,5.161543e+00,2.172862e-01,0,0,3.197295e-06,-4.413605e-02,9.982178e-02,-4.901860e-02,5.562356e-01,2.577942e-01,7.219821e-01,2.417145e+00,-1.796999e-01,-2.689171e-01,1.040496e-01,-1.156085e-01,-8.917638e-01,1.474766e-02,0,0
9.362635e-04,-1.633793e+01,-2.446321e+00,-2.863733e+00,2.955704e+00,2.217558e+00,1.711847e+00,6.070276e+00,2.124377e+00,-4.989679e+00,-4.012795e+00,-2.014511e+00,3.225191e+00,2.378362e-01,0,0,9.116950e-06,-1.123619e-01,-1.163192e-01,-2.253566e-01,3.143232e-01,3.579987e-01,9.801022e-01,2.093873e+00,8.360630e-01,-7.097220e-02,6.433185e-01,2.713113e-01,5.186128e-03,-6.406768e-03,0,0
9.460988e-04,-1.598173e+01,-2.634794e+00,-3.918267e+00,1.862613e+00,3.234915e+00,3.697437e+00,7.768574e+00,3.960358e+00,-3.247984e+00,-1.060892e+00,1.448733e-01,4.593421e+00,2.166818e-01,0,0,7.844787e-06,-2.163191e-01,-3.294984e-01,-1.800839e-01,2.802788e-01,4.487274e-01,1.305585e+00,1.317030e+00,1.784383e+00,2.127393e-01,5.284886e-01,2.548851e-01,6.614535e-01,-3.841040e-02,0,0
9.590262e-04,-1.669022e+01,-3.166427e+00,-3.579884e+00,3.839022e+00,3.546365e+00,4.456080e+00,8.785449e+00,7.390914e+00,-3.066747e+00,-2.747403e-01,-3.654122e-01,5.544537e+00,1.517075e-01,0,0,7.467321e-06,-2.534346e-01,-3.514293e-01,1.500533e-01,3.850672e-01,1.695736e-01,7.387376e-01,-9.954262e-03,1.770812e+00,2.864938e-01,-5.500094e-01,3.604766e-01,1.217242e+00,-5.545482e-02,0,0
9.551884e-04,-1.696080e+01,-3.639773e+00,-3.173839e+00,4.024621e+00,3.512333e+00,5.819649e+00,8.515649e+00,8.898381e+00,-2.752039e+00,-1.753050e+00,2.602543e-01,7.309138e+00,6.829858e-02,0,0,4.833011e-06,-1.186081e-01,-1.784895e-01,2.893164e-01,-2.410664e-01,-1.610632e-01,5.974812e-02,-1.448310e+00,6.568195e-01,-2.196860e-01,-2.008193e+00,1.666387e-02,8.122896e-01,-3.986099e-02,0,0
9.690553e-04,-1.711556e+01,-3.700978e+00,-2.485680e+00,3.800036e+00,2.926717e+00,4.344429e+00,5.646967e+00,8.509424e+00,-3.805182e+00,-6.416763e+00,-2.698187e-01,7.953545e+00,3.475370e-02,0,0,-2.325221e-07,1.578791e-01,1.316096e-01,-1.510280e-01,-1.207811e+00,-3.903874e-01,-5.898870e-01,-2.883344e+00,-7.315389e-01,-5.773349e-02,-1.907244e+00,4.918542e-01,1.087912e-01,2.115451e-04,0,0
9.652493e-04,-1.636209e+01,-3.259966e+00,-3.018787e+00,6.767743e-01,2.739423e+00,4.052003e+00,2.096265e+00,6.685201e+00,-3.977196e+00,-8.030843e+00,1.803959e-01,7.450365e+00,7.585373e-02,0,0,-8.161116e-06,2.802610e-01,2.362102e-01,-6.747797e-01,-1.506623e+00,-6.303169e-01,-9.191186e-01,-3.058172e+00,-1.224418e+00,1.497531e-02,-6.704990e-01,9.936075e-01,-5.568355e-01,3.989121e-02,0,0
9.528332e-04,-1.620017e+01,-2.698282e+00,-4.412550e+00,-5.261099e-01,1.980884e+00,2.390468e+00,-2.421581e+00,4.839810e+00,-2.742836e+00,-6.672062e+00,2.133788e+00,6.017879e+00,1.489876e-01,0,0,-1.778223e-05,1.511427e-01,2.497857e-02,-1.209263e+00,-9.997038e-01,-4.998360e-01,-7.418995e-01,-1.638821e+00,-8.950449e-01,5.528626e-01,7.136573e-01,1.130479e+00,-9.436771e-01,4.792989e-02,0,0
9.224939e-04,-1.601719e+01,-2.960070e+00,-5.584302e+00,-1.345419e+00,8.336651e-01,2.201036e+00,-2.740939e+00,4.611099e+00,-3.208336e+00,-4.977895e+00,4.026489e+00,5.492793e+00,2.106376e-01,0,0,-1.615994e-05,5.387402e-02,1.542888e-02,-1.021031e+00,5.893552e-02,-2.866421e-01,-4.923809e-01,2.577465e-01,-4.861786e-01,7.656893e-01,1.132105e+00,3.541920e-01,-7.483854e-01,2.659414e-02,0,0
9.015219e-04,-1.653230e+01,-3.726033e+00,-7.249238e+00,-1.873858e-01,1.380416e+00,1.560414e+00,-1.285340e-01,5.071251e+00,-1.425300e+00,-4.374950e+00,3.459532e+00,4.213945e+00,2.070112e-01,0,0,-7.270393e-06,3.396368e-02,1.697542e-01,-4.093503e-01,8.337940e-01,1.094300e-01,1.825736e-02,1.681875e+00,-1.862427e-01,5.667205e-01,7.710344e-01,-7.669856e-01,-3.325132e-01,-9.066164e-04,0,0
9.101052e-04,-1.592666e+01,-2.668946e+00,-6.705597e+00,8.020899e-01,1.606446e+00,2.005125e+00,2.238475e+00,4.138587e+00,-8.075185e-01,-3.518874e+00,1.288484e+00,4.610405e+00,1.798126e-01,0,0,9.825162e-07,7.549267e-02,3.921905e-01,2.664939e-01,9.895204e-01,1.731457e-01,2.641075e-01,1.043051e+00,-2.935286e-01,2.865456e-02,2.353783e-01,-1.256650e+00,1.819461e-01,-1.039589e-02,0,0
9.226755e-04,-1.607562e+01,-1.995073e+00,-5.898655e+00,2.569105e+00,2.141643e+00,2.579710e+00,3.498088e+00,4.144852e+00,-1.109642e+00,-3.546401e+00,-3.321379e-01,4.796507e+00,1.598670e-01,0,0,3.968592e-06,-1.541901e-02,1.818942e-01,5.069919e-01,3.317033e-01,3.570224e-02,4.405662e-01,5.032203e-02,-3.026084e-01,-1.060447e+00,-4.667814e-01,-1.409685e+00,5.318987e-01,1.087946e-03,0,0
9.168296e-04,-1.586807e+01,-1.864597e+00,-4.927125e+00,2.223937e+00,1.318780e+00,3.011926e+00,6.610065e-01,3.606655e+00,-3.222892e+00,-4.215279e+00,-3.609263e-01,6.111242e+00,1.822303e-01,0,0,1.182209e-06,-3.287245e-01,-5.126359e-01,-8.596645e-02,-2.778935e-01,-9.527928e-02,3.431917e-01,-2.037537e-01,1.286142e-01,-1.036943e+00,-1.014069e-01,-1.090260e+00,5.533304e-01,1.148384e-02,0,0
9.180026e-04,-1.663869e+01,-3.218737e+00,-5.603515e+00,7.602075e-01,1.702760e+00,3.259845e+00,9.118102e-01,3.824175e+00,-5.519847e+00,-6.360655e+00,-2.764188e+00,6.123020e+00,2.112421e-01,0,0,5.205860e-07,-4.649550e-01,-9.197266e-01,-6.627796e-01,-6.879262e-01,-3.639568e-02,3.490550e-01,5.328849e-01,2.773692e-01,-4.574873e-01,6.991115e-01,-1.019233e+00,1.650296e-01,1.024479e-02,0,0
9.183527e-04,-1.728875e+01,-4.620294e+00,-7.282999e+00,3.170714e-01,1.349491e+00,3.381016e+00,2.512845e+00,4.941997e+00,-3.787133e+00,-2.618781e+00,-2.946790e+00,6.713800e+00,2.115443e-01,0,0,7.890339e-07,-3.755810e-01,-7.266024e-01,-8.169998e-01,-2.306755e-01,4.248188e-01,5.516866e-01,1.389938e+00,4.686017e-01,5.956919e-01,1.563187e+00,-2.281524e-01,-4.635105e-01,-3.021807e-05,0,0
9.245169e-04,-1.769006e+01,-5.215858e+00,-8.034616e+00,8.290703e-02,1.944309e+00,4.140440e+00,5.236593e+00,4.864028e+00,-3.114958e+00,-8.490922e-01,-4.135370e+00,5.320376e+00,1.964340e-01,0,0,-2.546923e-06,-3.484593e-02,-1.617804e-02,-3.628303e-01,-5.985671e-02,5.602483e-01,5.441745e-01,7.795779e-01,2.387735e-01,6.153434e-01,1.199438e+00,7.609533e-01,-7.310616e-01,-1.078876e-02,0,0
9.175176e-04,-1.722029e+01,-4.499049e+00,-7.796574e+00,1.409210e+00,3.322100e+00,5.330061e+00,5.448306e+00,5.429738e+00,-1.446877e+00,8.448723e-01,-8.160972e-01,4.195012e+00,1.894832e-01,0,0,-4.961231e-06,3.194727e-01,7.998830e-01,5.103999e-01,1.772316e-01,5.959563e-01,6.680776e-01,1.589505e-01,1.527848e-01,3.251655e-01,-2.626796e-02,1.179926e+00,-7.479806e-01,-2.154730e-02,0,0
9.056855e-04,-1.684715e+01,-3.360250e+00,-7.160879e+00,-8.514515e-02,3.517697e+00,5.006195e+00,3.341969e+00,4.774172e+00,-3.613258e+00,-2.095291e+00,-2.476740e-02,3.727107e+00,1.683288e-01,0,0,-7.694657e-06,5.089867e-01,1.153747e+00,8.958680e-01,9.337095e-02,1.102115e-01,4.808075e-01,-3.257079e-02,2.390051e-03,1.173122e-01,-4.475840e-01,1.074848e+00,1.071332e-01,-3.647628e-02,0,0
9.029622e-04,-1.611284e+01,-1.548683e+00,-5.167868e+00,1.287255e+00,3.542578e+00,6.288527e+00,4.254910e+00,5.750849e+00,-1.912155e+00,-2.127022e+00,8.975399e-01,3.770532e+00,1.178604e-01,0,0,-7.085042e-06,5.355521e-01,9.878902e-01,8.893744e-01,1.539026e-01,-2.204123e-01,1.790678e-01,6.601630e-01,-2.234840e-03,5.542516e-01,-3.262061e-01,-3.468442e-02,3.950405e-01,-4.672107e-02,0,0
8.933214e-04,-1.569885e+01,-9.223051e-01,-4.869628e+00,6.107389e-01,2.385127e+00,6.065245e+00,5.670437e+00,4.715422e+00,-2.295758e+00,-1.601065e+00,3.820520e-01,6.068282e+00,4.986401e-02,0,0,-7.481378e-06,4.938876e-01,5.483448e-01,2.101713e-01,3.750220e-01,-2.479898e-01,-3.601691e-01,8.152547e-01,-2.721133e-01,9.660105e-01,5.738423e-01,-3.891163e-01,2.869525e-01,-4.249018e-02,0,0
8.882745e-04,-1.511668e+01,-7.785695e-01,-4.495327e+00,1.830781e+00,2.786324e+00,5.695875e+00,7.584887e+00,5.447938e+00,6.656305e-01,-1.033272e+00,-1.192929e+00,4.999627e+00,1.511031e-02,0,0,-1.734844e-06,2.473116e-01,1.417260e-01,-4.925622e-01,1.765119e-01,-1.297959e-01,-8.616044e-01,-1.428440e-01,-2.381135e-01,1.016909e+00,5.521280e-01,-6.644288e-01,-8.810858e-02,-2.505289e-02,0,0
8.756225e-04,-1.487579e+01,-1.003582e+00,-6.446293e+00,1.518202e+00,2.655875e+00,3.501675e+00,5.753254e+00,3.565061e+00,-7.209897e-02,2.270450e-01,-9.251147e-01,4.547322e+00,7.252946e-03,0,0,4.444999e-06,-2.371597e-02,5.741522e-02,-6.075701e-01,-3.598229e-02,-1.809827e-01,-6.395427e-01,-1.060712e+00,-1.745321e-01,1.044115e+00,2.283923e-01,-3.623974e-01,-4.477971e-01,-1.813238e-04,0,0
9.031374e-04,-1.528781e+01,-7.994146e-01,-6.842347e+00,1.716083e+00,2.758225e+00,3.262290e+00,3.499281e+00,5.135462e+00,2.060560e+00,-2.804369e-01,-1.771021e+00,4.090469e+00,1.390148e-02,0,0,1.105013e-05,-2.984259e-01,3.005312e-01,-2.552447e-01,-4.230006e-01,-5.608654e-01,-2.525233e-01,-1.198171e+00,-1.619492e-02,7.240678e-01,-5.366713e-01,4.214719e-02,-1.287500e-01,2.314899e-02,0,0
9.081149e-04,-1.573187e+01,-6.248065e-01,-6.733969e+00,4.881763e-01,1.494263e+00,4.084324e+00,2.409681e+00,3.999000e+00,2.227351e+00,-8.355209e-01,-1.140889e+00,4.283875e+00,4.956180e-02,0,0,1.012330e-05,-3.959891e-01,3.838372e-01,5.072590e-01,-3.036065e-01,-5.654305e-01,5.216593e-01,1.525455e-01,3.626991e-01,7.228101e-01,-1.039577e+00,2.499959e-01,-2.452493e-01,4.415231e-02,0,0
9.272789e-04,-1.618077e+01,5.346984e-01,-5.627712e+00,2.307907e-01,5.628029e-01,4.141934e+00,3.265817e+00,5.149994e+00,3.136245e+00,-3.185345e+00,-8.743060e-01,4.487600e+00,1.097008e-01,0,0,5.173206e-06,-2.762664e-01,3.290536e-01,7.170901e-01,1.624772e-01,-2.365503e-01,8.390453e-01,9.850447e-01,-3.417635e-01,9.449420e-02,-7.924926e-01,2.024438e-01,-2.921044e-01,4.792988e-02,0,0
9.141683e-04,-1.640925e+01,2.485467e-01,-4.517315e+00,7.428160e-01,9.264340e-01,5.670149e+00,6.632713e+00,5.371290e+00,3.004109e+00,-3.518388e+00,-1.234926e-01,3.122510e+00,1.801148e-01,0,0,-1.010828e-06,-1.751230e-01,-7.902105e-02,6.050991e-01,7.299027e-01,3.608484e-01,1.108017e+00,1.045425e+00,-4.389299e-01,1.171385e-01,-1.420756e-01,-2.105165e-01,-1.642607e-01,3.463282e-02,0,0
9.259768e-04,-1.633045e+01,4.091767e-01,-4.365223e+00,2.401149e+00,1.859388e+00,6.664605e+00,6.312988e+00,2.740499e+00,2.144652e+00,-2.901467e+00,-1.267500e+00,3.210629e+00,1.882744e-01,0,0,-8.964562e-06,-1.647095e-01,-5.550354e-01,-1.068149e-01,5.609549e-01,5.207740e-01,1.058725e+00,3.279316e-01,-7.391013e-01,-4.930887e-02,2.522023e-01,-5.585001e-01,9.318743e-02,1.640979e-02,0,0
9.037118e-04,-1.653264e+01,-9.571509e-01,-4.339718e+00,3.052511e+00,2.650212e+00,8.363072e+00,6.113218e+00,3.009098e+00,3.308841e+00,-1.687838e+00,-1.996874e+00,4.101057e+00,1.834391e-01,0,0,-1.271616e-05,-2.822060e-01,-7.121095e-01,-6.026211e-01,-7.108942e-02,2.554623e-01,3.304546e-01,-2.744066e-01,-5.609188e-01,-3.738481e-01,4.001718e-02,-3.917840e-01,-1.749480e-02,8.461773e-03,0,0
8.876843e-04,-1.694263e+01,-1.637630e+00,-6.250585e+00,1.880718e+00,2.304784e+00,8.089097e+00,5.165223e+00,2.635584e+00,2.737334e+00,-2.839608e+00,-2.730116e+00,4.464263e+00,1.900876e-01,0,0,-1.139467e-05,-2.529959e-01,-6.235639e-01,-7.092105e-01,-8.691975e-01,-6.342882e-02,-1.236799e-01,-2.562337e-01,-3.474014e-01,-1.093818e+00,-2.214774e-01,1.079036e-02,-5.731426e-01,5.802360e-03,0,0
8.697337e-04,-1.751419e+01,-2.288598e+00,-6.587739e+00,6.475843e-01,1.981048e+00,6.610176e+00,5.834563e+00,2.619154e+00,8.385272e-01,-3.349231e+00,-1.351105e+00,2.408219e+00,2.215171e-01,0,0,-2.344372e-06,3.356056e-02,-1.415019e-01,-3.472006e-01,-8.325051e-01,-1.806796e-01,-7.000412e-01,-4.020435e-01,-4.538289e-01,-1.629474e+00,4.784579e-02,4.308497e-01,-8.254614e-01,-7.041398e-03,0,0
8.859925e-04,-1.710465e+01,-2.042919e+00,-6.787265e+00,-7.423757e-01,1.876826e+00,6.922653e+00,5.171147e+00,1.198464e+00,-2.089280e+00,-3.178157e+00,-1.536433e+00,1.191336e+00,1.982472e-01,0,0,2.032594e-06,3.893038e-01,2.379530e-01,3.567699e-01,-4.681427e-01,-3.301728e-01,-5.196693e-01,-3.987017e-01,-7.775013e-02,-1.411093e+00,3.621231e-01,6.150044e-01,-1.068045e-01,-2.719855e-02,0,0
8.928359e-04,-1.628383e+01,-1.462016e+00,-5.807381e+00,2.015322e-01,1.960793e+00,5.446088e+00,4.100038e+00,1.458513e+00,-2.425221e+00,-1.279335e+00,-4.394664e-01,1.610214e+00,1.441523e-01,0,0,1.959188e-06,5.531753e-01,6.307025e-01,7.068385e-01,1.298733e-01,-1.867391e-01,-1.995738e-01,-2.513054e-01,3.120193e-01,-7.019211e-01,-2.328832e-01,2.287447e-01,8.412708e-01,-3.949834e-02,0,0
8.862962e-04,-1.561129e+01,-8.611555e-01,-4.856915e+00,-2.369691e-01,6.640472e-01,6.072794e+00,4.038977e+00,2.827153e+00,-2.686258e+00,-2.063941e+00,-1.109130e-01,4.329243e+00,9.277728e-02,0,0,-2.199452e-06,2.395916e-01,7.483338e-01,9.312712e-01,6.135827e-01,1.225633e-01,2.596471e-01,3.964174e-01,8.216462e-01,-1.286735e-01,-7.108389e-01,2.163547e-02,1.142152e+00,-3.695980e-02,0,0
8.793778e-04,-1.549500e+01,2.740328e-01,-4.018723e+00,1.044247e+00,1.653741e+00,6.037237e+00,5.144121e+00,3.364905e+00,-2.372589e+00,-5.070755e+00,-9.201415e-01,5.045619e+00,7.676035e-02,0,0,-1.763290e-06,-6.858473e-02,7.930804e-01,6.170839e-01,9.340116e-01,7.818613e-01,9.300950e-01,1.034840e+00,1.143749e+00,3.894536e-01,-3.671167e-01,-5.196214e-04,5.843113e-01,-2.946510e-02,0,0
8.817243e-04,-1.630111e+01,8.307250e-01,-3.025239e+00,1.904181e+00,2.643168e+00,7.925314e+00,6.631193e+00,4.353499e+00,-2.758964e+00,-4.836642e+00,-1.187918e+00,5.184395e+00,4.714416e-02,0,0,1.032278e-06,-2.392879e-01,5.435737e-01,-1.331427e-01,1.189899e+00,1.363034e+00,8.424141e-01,9.705788e-01,1.174643e+00,2.756674e-01,4.945663e-01,2.620164e-01,-3.399178e-01,-2.426715e-02,0,0
8.863054e-04,-1.628184e+01,1.657446e+00,-3.637800e+00,3.801016e+00,4.880539e+00,9.170303e+00,7.978132e+00,6.414088e+00,-4.416009e-01,-1.728568e+00,9.643825e-02,4.104195e+00,1.964340e-02,0,0,2.077670e-06,-4.481087e-02,2.635655e-01,-6.144814e-01,6.780204e-01,8.678526e-01,2.455290e-01,-9.328036e-02,5.538981e-01,1.903387e-01,1.129133e+00,9.944416e-01,-6.450716e-01,-1.692354e-02,0,0
8.879938e-04,-1.641431e+01,1.165007e+00,-5.713089e+00,4.334140e+00,5.865820e+00,8.718331e+00,7.474865e+00,7.175779e+00,-2.273415e+00,-1.262203e+00,6.908793e-01,3.100367e+00,0,0,0,2.937147e-06,1.898629e-01,8.135936e-02,-6.727980e-01,6.712165e-02,1.445974e-01,-8.107594e-01,-1.595100e+00,-6.471289e-01,1.411122e-01,7.184004e-01,7.573240e-01,-5.624174e-01,1.511019e-04,0,0
8.866314e-04,-1.566245e+01,1.424719e+00,-5.747204e+00,3.219369e+00,4.381679e+00,6.868373e+00,4.255883e+00,4.723256e+00,-1.663670e+00,-1.212311e+00,3.112668e+00,2.862276e+00,1.571472e-02,0,0,4.724751e-06,8.779411e-02,-6.312262e-02,1.021738e-01,-5.953069e-01,-1.171845e+00,-1.473179e+00,-2.300005e+00,-1.542552e+00,6.198508e-01,9.004374e-01,7.058200e-01,1.733466e-01,1.991538e-02,0,0
8.962470e-04,-1.566149e+01,1.353885e+00,-5.334526e+00,2.530612e+00,3.615586e+00,5.022482e+00,5.168180e-01,1.963271e+00,-1.442368e+00,-1.502768e+00,1.090587e+00,2.993267e+00,4.986401e-02,0,0,5.908718e-06,-9.092035e-02,-5.500367e-02,7.265036e-01,-3.166108e-01,-1.510781e+00,-1.461515e+00,-1.573242e+00,-1.643343e+00,1.458127e+00,1.421817e+00,5.244454e-02,3.212383e-01,2.840737e-02,0,0
9.058025e-04,-1.621928e+01,1.247394e+00,-3.316212e+00,1.726246e+00,1.464296e-01,3.652331e+00,-4.286901e-02,1.307580e+00,2.242129e+00,2.893901e+00,3.425684e+00,5.024477e+00,9.428830e-02,0,0,9.610783e-06,-4.455330e-01,-1.767111e-01,8.849159e-01,4.653526e-01,-9.394930e-01,-5.980825e-01,5.513239e-02,-6.496301e-01,1.357330e+00,1.370344e+00,-5.824155e-01,-1.228167e-01,1.731641e-02,0,0
9.079518e-04,-1.659049e+01,9.786510e-01,-3.296067e+00,3.497648e+00,4.295419e-01,3.018778e+00,1.758033e+00,6.669022e-01,3.064318e+00,3.793776e+00,7.965938e-01,3.625458e+00,1.027501e-01,0,0,8.431933e-06,-5.582542e-01,-2.664199e-01,7.460649e-01,9.640028e-01,6.194873e-02,1.630421e-01,8.966683e-01,-1.983320e-02,9.494702e-01,1.535429e-01,-1.193559e+00,-8.520300e-01,-4.442430e-03,0,0
9.288329e-04,-1.742562e+01,7.287809e-01,-2.341854e+00,5.062614e+00,1.277236e+00,4.879813e+00,3.910937e+00,2.123290e+00,2.869636e+00,2.991135e+00,3.475870e-01,1.932098e+00,7.585373e-02,0,0,6.262644e-06,-5.818764e-01,-5.402416e-01,2.125957e-01,5.621473e-01,7.400640e-01,7.774287e-01,6.220369e-01,3.916603e-01,5.496076e-01,-1.217045e+00,-1.413340e+00,-7.108316e-01,-2.097310e-02,0,0
9.268915e-04,-1.784959e+01,2.810920e-01,-2.091381e+00,5.682442e+00,3.359926e+00,5.223952e+00,3.023256e+00,1.456250e+00,2.991230e+00,-7.836702e-01,-3.338162e+00,2.793070e-01,3.686914e-02,0,0,-2.052152e-06,-3.736860e-01,-5.926850e-01,2.328603e-02,-4.274715e-01,3.106050e-01,6.504817e-01,2.250683e-01,8.411136e-01,8.763455e-01,-1.172566e+00,-6.861165e-01,1.401671e-01,-1.248111e-02,0,0
9.276459e-04,-1.849911e+01,-1.105035e+00,-2.855577e+00,3.444585e+00,2.381557e+00,6.436887e+00,2.434704e+00,2.871208e+00,5.026711e+00,-9.026006e-01,-1.573636e+00,3.143395e+00,2.236325e-02,0,0,-1.031533e-05,1.363129e-01,-3.792815e-01,-1.247724e-01,-9.012640e-01,-4.832672e-01,1.311066e-01,2.590433e-01,1.003747e+00,3.950612e-01,-2.577420e-02,1.718562e-01,6.224057e-01,1.160472e-02,0,0
8.982845e-04,-1.792217e+01,-1.067866e+00,-2.922776e+00,2.169306e+00,1.430406e+00,5.492649e+00,3.621491e+00,4.498511e+00,6.367508e+00,-1.221875e-01,-1.673377e+00,3.720644e+00,6.708976e-02,0,0,-8.954917e-06,5.557424e-01,1.973243e-02,1.040314e-01,-5.182180e-01,-7.807621e-01,1.418389e-01,1.015684e+00,8.035469e-01,-8.431762e-01,1.123288e+00,7.880103e-01,6.263291e-01,3.031128e-02,0,0
8.915598e-04,-1.670776e+01,-4.931472e-01,-2.550019e+00,2.312862e+00,-1.743401e-01,5.400998e+00,4.907036e+00,5.620892e+00,3.156803e+00,2.531523e+00,3.744757e-01,3.323458e+00,1.187670e-01,0,0,-1.612795e-06,6.987569e-01,3.637460e-01,1.735062e-01,1.975298e-01,5.243003e-04,1.096271e-01,7.337033e-01,-2.325587e-01,-2.072647e+00,9.121279e-01,7.070156e-01,3.087315e-01,2.472046e-02,0,0
9.001600e-04,-1.596656e+01,7.381038e-02,-1.724003e+00,3.657213e+00,7.340648e-01,6.451091e+00,6.865512e+00,4.099142e+00,-2.896979e-01,3.115708e+00,-3.721661e-01,3.320921e+00,1.402236e-01,0,0,8.703425e-06,3.032398e-01,1.962820e-01,-1.544388e-01,2.885877e-01,7.937904e-01,4.899715e-01,-2.725566e-01,-9.446468e-01,-1.471068e+00,4.560167e-01,6.232132e-01,2.066413e-01,3.777575e-03,0,0
9.186442e-04,-1.598314e+01,1.428567e-01,-2.587433e+00,3.688280e+00,2.732350e+00,6.505802e+00,4.481209e+00,1.908099e+00,-2.007921e+00,2.039091e+00,1.310836e+00,4.886914e+00,1.093986e-01,0,0,9.545864e-06,-1.692956e-01,-2.706638e-02,-4.187070e-01,-3.502345e-02,1.321195e+00,4.547175e-01,-1.275384e+00,-5.845384e-01,1.346200e-01,-2.102792e-01,1.703056e-01,-5.316410e-01,-9.610155e-03,0,0
9.282595e-04,-1.676829e+01,-4.044583e-01,-3.676263e+00,2.924536e+00,3.946013e+00,7.390105e+00,2.471622e+00,1.631673e+00,1.594529e+00,2.404112e+00,9.745088e-01,3.972123e+00,9.066183e-02,0,0,5.987438e-06,-3.356783e-01,-3.005444e-01,-5.224462e-01,-3.904459e-01,6.809866e-01,2.418662e-01,-1.146828e+00,5.120912e-01,1.337660e+00,-2.863969e-01,7.851294e-02,-1.323871e+00,-1.444545e-02,0,0
9.252394e-04,-1.715337e+01,-3.893448e-01,-3.667424e+00,2.504084e+00,4.825661e+00,7.205078e+00,7.270635e-01,3.931935e+00,2.887790e+00,1.835925e+00,5.526661e-01,3.396518e-01,9.549713e-02,0,0,4.464760e-06,-1.529587e-01,1.432235e-02,-3.033738e-02,-6.315260e-02,1.107888e-01,1.348933e-01,2.375069e-02,7.472922e-01,7.507399e-01,-3.024642e-01,-7.687239e-02,-1.525043e+00,-1.305530e-02,0,0
9.267996e-04,-1.705983e+01,-1.162811e+00,-3.796239e+00,2.297082e+00,3.092342e+00,7.310784e+00,3.008447e+00,5.647680e+00,3.950746e+00,1.785307e+00,3.994838e-01,-1.024803e+00,7.494711e-02,0,0,5.348190e-06,5.271349e-01,9.777967e-01,4.609973e-01,3.736419e-01,-2.379184e-01,-5.973324e-01,4.333902e-01,-4.432793e-01,-1.410069e+00,-9.901439e-01,-7.282110e-01,-1.299976e+00,-1.577516e-02,0,0
9.416979e-04,-1.660216e+01,5.936446e-01,-2.679132e+00,3.686244e+00,3.713129e+00,7.219929e+00,4.331550e+00,3.636556e+00,5.676697e-01,8.361728e-01,1.213987e+00,-2.398369e-01,5.197945e-02,0,0,1.594051e-05,1.613186e+00,2.153886e+00,6.144365e-01,2.671251e-01,-5.486029e-01,-1.337815e+00,-5.167867e-01,-2.201925e+00,-3.162028e+00,-1.540333e+00,-1.459675e+00,-7.778540e-01,-1.344817e-02,0,3.294032e-02
9.467711e-04,-1.440822e+01,3.993031e+00,-1.865422e+00,4.201665e+00,3.312687e+00,4.396018e+00,2.836330e+00,-4.370345e-01,-4.295756e+00,-2.046731e+00,-2.997206e+00,-2.238014e+00,3.354488e-02,0,0,2.226609e-05,2.686530e+00,2.734706e+00,3.856642e-01,-9.188455e-01,-1.120785e+00,-2.150652e+00,-1.801870e+00,-3.160957e+00,-3.946746e+00,-1.897646e+00,-2.355203e+00,-1.206848e+00,-7.373828e-03,0,9.469607e-02
9.949561e-04,-1.041325e+01,7.802166e+00,-1.560650e+00,2.887418e+00,1.972474e+00,1.973388e+00,-1.770811e+00,-4.035332e+00,-8.799100e+00,-3.949720e+00,-5.047363e+00,-2.943012e+00,4.895739e-02,0,1.647016e-01,3.139642e-05,3.190129e+00,2.039995e+00,-3.801751e-01,-2.340388e+00,-2.120837e+00,-2.238702e+00,-1.904643e+00,-2.772692e+00,-3.016827e+00,-8.921765e-01,-1.955562e+00,-1.302329e+00,-4.653975e-03,1.392353e+01,1.644084e-01
1.011501e-03,-6.721639e+00,8.906461e+00,-2.427159e+00,-1.897733e+00,-1.641255e+00,-8.192073e-01,-2.949723e+00,-6.321162e+00,-1.109960e+01,-5.309974e+00,-8.245858e+00,-5.707454e+00,3.958900e-02,0,3.911296e-01,3.360281e-05,2.626112e+00,7.987910e-01,-9.693653e-01,-2.834003e+00,-2.284389e+00,-1.370360e+00,-8.386092e-01,-1.925760e+00,-1.344623e+00,7.186526e-01,-1.013206e+00,-9.338347e-01,-6.376550e-03,3.480193e+01,1.852276e-01
1.066315e-03,-4.494806e+00,8.336905e+00,-4.299139e+00,-4.965998e+00,-4.414083e+00,-1.365967e+00,-2.298637e+00,-7.284842e+00,-1.111454e+01,-1.993089e+00,-5.939497e+00,-5.016763e+00,2.568752e-02,6.961767e+01,6.264773e-01,2.934292e-05,1.618710e+00,-1.729525e-01,-1.115374e+00,-2.051055e+00,-1.697082e+00,-2.945840e-01,4.184785e-01,-1.069024e+00,4.678888e-01,1.683223e+00,-3.978286e-01,-5.168034e-01,-1.018435e-02,5.566741e+01,1.389685e-01
1.079106e-03,-4.236882e+00,7.719616e+00,-5.343004e+00,-6.041643e+00,-4.915978e+00,-7.861037e-01,-1.092803e+00,-8.441078e+00,-9.861149e+00,5.682161e-01,-7.617168e+00,-5.870312e+00,1.329707e-02,1.392008e+02,6.952503e-01,2.724500e-05,7.387674e-01,-4.668027e-01,-8.457926e-01,-7.875211e-01,-7.522138e-01,3.037978e-01,5.186107e-01,-5.451841e-01,1.458606e+00,1.437661e+00,-1.388708e-01,-1.156678e-01,-7.071623e-03,5.567912e+01,7.255752e-02
1.107868e-03,-3.562077e+00,7.530827e+00,-5.679596e+00,-5.295905e+00,-4.875574e+00,4.839157e-01,-6.068785e-01,-8.320495e+00,-7.078882e+00,1.527297e+00,-7.350851e+00,-5.445601e+00,1.118163e-02,2.087366e+02,7.074836e-01,1.944483e-05,2.341219e-01,-5.263712e-01,-2.619349e-01,-2.249736e-01,-4.701854e-01,9.705205e-02,3.989468e-01,-4.416995e-01,1.382698e+00,2.468112e-01,-5.392562e-01,-3.612552e-01,-2.961619e-03,3.477912e+01,2.128120e-02
1.126949e-03,-3.494166e+00,6.975487e+00,-5.965893e+00,-5.670385e+00,-5.171579e+00,-2.251593e-01,-1.202549e+00,-8.529256e+00,-5.824398e+00,1.181395e-01,-8.234535e+00,-6.071374e+00,1.148383e-02,2.088361e+02,7.134140e-01,1.999924e-05,2.767158e-02,-6.436979e-01,7.031278e-02,-2.140296e-01,-6.494057e-01,-4.290467e-01,3.875672e-02,-1.471447e-01,5.279394e-01,-3.157241e-01,-6.399783e-01,-2.456796e-01,-4.230885e-04,1.385556e+01,8.804548e-03
1.139617e-03,-3.695554e+00,6.077114e+00,-5.297369e+00,-6.276495e+00,-6.637209e+00,-1.161179e+00,-2.490309e-01,-9.449250e+00,-6.219424e+00,-5.339944e-01,-8.327094e+00,-6.722508e+00,1.178604e-02,2.086956e+02,7.238014e-01,1.559297e-05,-9.391761e-02,-6.991141e-01,1.543779e-01,-2.738310e-01,-6.980323e-01,-7.950431e-01,-1.904922e-01,4.067459e-02,-1.520581e-01,-3.402190e-01,-9.378151e-01,3.681193e-02,-3.022061e-04,-2.284439e-01,7.590175e-03
1.163227e-03,-4.031785e+00,5.227983e+00,-5.182554e+00,-6.621496e+00,-7.282188e+00,-2.108790e+00,-1.077944e+00,-8.612424e+00,-7.651181e+00,2.024154e-02,-1.032894e+01,-6.460256e+00,1.087942e-02,2.084991e+02,7.311141e-01,1.410833e-05,-3.266382e-03,-6.759963e-01,-4.007816e-04,5.368142e-02,-5.413343e-01,-6.523108e-01,-4.765240e-01,2.969735e-01,-1.664404e-01,-2.386350e-01,-9.065630e-01,6.298267e-01,-6.648536e-04,-3.791168e-01,6.382555e-03
1.167694e-03,-3.762856e+00,4.909008e+00,-5.299376e+00,-6.189504e+00,-7.310430e+00,-2.549484e+00,-1.621642e+00,-8.075538e+00,-6.925781e+00,-1.248486e-01,-1.099272e+01,-5.067100e+00,9.972801e-03,2.077629e+02,7.365844e-01,1.123139e-05,1.376545e-01,-4.475904e-01,-3.101715e-01,2.107636e-01,-2.544324e-01,-4.405645e-01,-6.893922e-01,1.106910e-01,3.539349e-01,-3.429815e-01,-4.528521e-01,8.093405e-01,-7.252948e-04,-5.154724e-01,4.236686e-03
1.183453e-03,-3.476847e+00,4.179558e+00,-5.966894e+00,-5.445473e+00,-7.541640e+00,-2.792561e+00,-2.898863e+00,-7.731245e+00,-6.303421e+00,-1.279608e+00,-1.143454e+01,-3.749945e+00,9.066183e-03,2.074069e+02,7.389353e-01,5.819415e-06,1.967949e-01,-2.984994e-01,-3.165042e-01,4.634457e-02,-1.880994e-01,-2.080878e-01,-4.394488e-01,-4.110859e-01,6.263467e-01,-3.059972e-01,3.951416e-02,5.943266e-01,-4.533092e-04,-5.840698e-01,2.479023e-03
1.185662e-03,-3.284751e+00,4.363374e+00,-6.456057e+00,-5.810688e+00,-7.779646e+00,-3.022116e+00,-2.785532e+00,-9.336385e+00,-5.123629e+00,-1.598977e+00,-1.003856e+01,-4.030962e+00,9.066183e-03,2.066644e+02,7.410743e-01,4.435854e-06,1.077300e-01,-1.297041e-01,-1.729788e-01,-3.123643e-01,-1.130456e-01,-9.424002e-02,-1.248964e-01,-4.729077e-01,3.547179e-01,4.833937e-02,2.445937e-01,1.562226e-01,0,-6.382629e-01,8.191228e-04
1.183341e-03,-3.286864e+00,4.008303e+00,-6.186735e+00,-6.579181e+00,-7.988078e+00,-2.912913e+00,-2.693242e+00,-1.003743e+01,-5.420523e+00,-7.726800e-01,-1.060845e+01,-4.006692e+00,9.066183e-03,2.061280e+02,7.412643e-01,-2.146873e-06,7.808378e-02,7.269368e-02,-5.377154e-02,-4.315695e-01,1.789186e-01,-4.868507e-04,1.169772e-01,8.297987e-02,9.411936e-02,1.168095e-01,7.283230e-02,2.238229e-01,4.533092e-04,-7.027680e-01,-1.282156e-04
1.189929e-03,-3.319198e+00,4.346115e+00,-6.054349e+00,-7.184472e+00,-7.652439e+00,-2.960508e+00,-2.348934e+00,-9.286983e+00,-5.593641e+00,-1.366160e-01,-1.018280e+01,-4.157613e+00,9.972801e-03,2.052110e+02,7.395155e-01,-5.712779e-06,9.427705e-02,1.939535e-01,-7.232428e-02,-3.351917e-02,3.745183e-01,1.512505e-01,2.376804e-02,1.062793e+00,-4.220524e-02,-3.757303e-01,-2.016529e-01,5.122016e-01,5.439710e-04,-6.975845e-01,-9.960294e-04
1.170584e-03,-3.069205e+00,4.551656e+00,-6.436605e+00,-6.916429e+00,-6.710650e+00,-2.825799e+00,-2.532276e+00,-7.341046e+00,-5.597819e+00,-1.426741e+00,-1.099825e+01,-2.567504e+00,1.087942e-02,2.046197e+02,7.390736e-01,-1.345502e-05,1.757281e-01,3.696590e-01,-6.327019e-02,3.551973e-01,4.901654e-01,4.537590e-01,2.411034e-01,1.591445e+00,9.189949e-02,-1.146238e+00,-6.284104e-02,7.198806e-01,2.719855e-04,-7.759140e-01,-3.035921e-03
1.163476e-03,-2.922195e+00,5.061465e+00,-6.692743e+00,-5.809660e+00,-6.545768e+00,-2.309421e+00,-2.747175e+00,-5.370612e+00,-5.246007e+00,-3.150598e+00,-1.085192e+01,-2.189548e+00,1.087942e-02,2.039306e+02,7.371895e-01,-2.283258e-05,1.173123e-01,3.670055e-01,2.015694e-01,6.405052e-01,4.650029e-01,6.528373e-01,3.426519e-01,1.674638e+00,1.659037e-01,-1.477779e+00,3.542415e-01,4.605350e-01,-3.324267e-04,-1.423868e+01,-9.237474e-03
1.129292e-03,-2.606725e+00,5.498923e+00,-6.183889e+00,-5.490601e+00,-6.090586e+00,-9.696617e-01,-1.288605e+00,-4.038389e+00,-5.134842e+00,-4.996877e+00,-1.058810e+01,-1.391322e+00,9.972801e-03,2.028886e+02,7.272477e-01,-3.359382e-05,-1.968046e-01,5.460208e-01,8.418085e-01,5.592530e-01,4.207162e-01,9.270679e-01,9.887547e-01,1.649756e+00,3.290769e-01,-1.011997e+00,1.242490e+00,-5.366004e-01,3.022058e-05,-3.440314e+01,-6.077219e-02
1.096413e-03,-2.963876e+00,5.707510e+00,-5.172861e+00,-4.694860e+00,-5.637456e+00,-6.243901e-01,-1.257510e+00,-2.565121e+00,-4.995611e+00,-5.740446e+00,-8.616669e+00,-2.443030e+00,8.763977e-03,1.348831e+02,6.992411e-01,-4.771048e-05,-6.458403e-01,6.839353e-01,1.440246e+00,6.740249e-01,8.426328e-01,1.110497e+00,1.343975e+00,1.545897e+00,6.619518e-01,-4.467010e-02,1.670480e+00,-1.243367e+00,1.420369e-03,-5.436221e+01,-1.308111e-01
1.036147e-03,-4.032387e+00,6.958738e+00,-2.987504e+00,-4.677564e+00,-5.061225e+00,9.670258e-01,1.666665e+00,-4.950089e-01,-4.077633e+00,-5.191802e+00,-5.903429e+00,-5.123765e+00,1.208824e-02,6.712772e+01,4.541868e-01,-5.235342e-05,-1.087613e+00,6.072195e-01,1.610493e+00,1.378174e+00,1.301117e+00,1.097282e+00,1.132677e+00,9.638501e-01,7.519104e-01,1.063821e+00,2.024637e+00,-1.172874e+00,6.376550e-03,-5.406604e+01,-1.934072e-01
9.714963e-04,-5.438565e+00,7.751234e+00,-1.089706e+00,-2.846054e+00,-2.847285e+00,2.274719e+00,2.495067e+00,5.871840e-01,-2.464853e+00,-3.276486e+00,-4.841852e+00,-6.540159e+00,1.692354e-02,0,2.196643e-01,-4.814756e-05,-1.324405e+00,1.391423e-01,1.141840e+00,2.019444e+00,1.703390e+00,1.056370e+00,5.439540e-01,-2.868093e-01,4.312905e-01,1.859572e+00,2.107668e+00,-1.813693e-01,1.338773e-02,-3.368940e+01,-1.852669e-01
9.299833e-04,-6.807443e+00,7.513158e+00,-1.730014e-01,4.758684e-01,-9.800885e-01,3.067193e+00,2.498491e+00,-7.952910e-01,-2.640669e+00,-9.097509e-01,-2.352320e+00,-5.207127e+00,3.777577e-02,0,0,-3.129197e-05,-1.317714e+00,-4.930494e-01,-1.425231e-02,2.302495e+00,1.475035e+00,6.116446e-01,-2.184069e-01,-1.807294e+00,-5.414315e-01,1.847538e+00,2.173702e+00,1.103709e+00,1.867634e-02,-1.342554e+01,-1.128038e-01
9.087566e-04,-8.198372e+00,6.126011e+00,-8.709135e-01,2.825641e+00,8.389269e-01,3.607376e+00,1.046347e+00,-3.849026e+00,-3.557640e+00,1.416389e+00,1.461175e-01,-3.308195e+00,6.285887e-02,0,0,-1.392433e-05,-1.326750e+00,-7.067631e-01,-6.339628e-01,1.991948e+00,1.328633e+00,6.046816e-01,2.325987e-01,-2.284755e+00,-1.536170e+00,5.176727e-01,1.709035e+00,1.078913e+00,1.795104e-02,0,-4.393287e-02
9.110570e-04,-9.241055e+00,5.306102e+00,-3.168161e+00,3.999064e+00,4.708461e-01,3.358920e+00,1.298991e+00,-7.313375e+00,-6.238397e+00,1.699449e+00,2.471098e+00,-1.221204e+00,8.250227e-02,0,0,-7.947284e-06,-1.384837e+00,-5.015445e-01,-4.717896e-01,1.452519e+00,1.345677e+00,1.139340e+00,8.594068e-01,-1.475438e+00,-1.641944e+00,-1.297677e+00,1.445099e-01,7.428713e-02,1.121184e-02,0,0
9.113378e-04,-1.085551e+01,5.320946e+00,-2.761940e+00,5.352087e+00,3.070414e+00,5.152263e+00,4.257811e+00,-7.577549e+00,-8.346839e+00,-1.992723e+00,1.291613e+00,-3.138555e+00,8.431550e-02,0,0,-1.191872e-05,-1.379833e+00,-1.893136e-01,4.018138e-01,1.029532e+00,1.354125e+00,1.337087e+00,8.456430e-01,1.521831e-01,-6.567738e-01,-2.421638e+00,-1.277984e+00,-1.309666e+00,3.203383e-03,0,0
8.889563e-04,-1.240306e+01,5.407968e+00,-1.586436e+00,6.475239e+00,4.632551e+00,7.991449e+00,5.189793e+00,-6.308218e+00,-8.455790e+00,-5.693581e+00,-2.202519e+00,-4.920512e+00,8.310667e-02,0,0,-1.133555e-05,-1.273453e+00,-1.364939e-01,1.081322e+00,3.309862e-01,6.049187e-01,8.966209e-01,-1.287271e-01,1.490748e+00,1.153382e+00,-1.348792e+00,-1.693405e+00,-1.614221e+00,3.022030e-05,0,0
8.602133e-04,-1.351654e+01,5.128510e+00,3.472929e-01,6.735215e+00,5.528701e+00,7.976547e+00,3.329161e+00,-3.590689e+00,-5.732813e+00,-6.995287e+00,-3.906992e+00,-8.006870e+00,7.857358e-02,0,0,9.041338e-07,-9.342804e-01,-5.800461e-01,5.968301e-01,-4.010450e-01,-3.762419e-01,-2.230059e-01,-1.431341e+00,1.503374e+00,2.531732e+00,1.083884e+00,-6.794603e-01,-5.359610e-01,2.417654e-04,0,0
8.799415e-04,-1.427781e+01,4.719851e+00,6.838303e-01,4.962431e+00,2.266296e+00,6.429883e+00,1.119680e+00,-1.853066e+00,-1.778498e+00,-2.543228e+00,-3.396625e+00,-6.858150e+00,8.552433e-02,0,0,1.244503e-04,-6.367475e-01,-1.569438e+00,-8.260400e-01,-1.253135e+00,-8.295187e-01,-1.105706e+00,-1.638889e+00,6.446698e-01,2.919286e+00,3.458068e+00,4.082849e-01,7.338678e-01,4.533105e-04,0,4.131183e-02
9.203659e-04,-1.458954e+01,2.764774e+00,-9.129227e-01,4.103265e+00,2.372332e+00,4.818017e+00,-8.638397e-01,-2.288257e+00,9.731743e-01,1.851522e+00,-1.508636e+00,-4.849540e+00,8.431550e-02,0,0,2.084232e-04,-5.078011e-02,-2.355137e+00,-2.500211e+00,-1.699823e+00,-3.355833e-01,-8.466495e-01,-1.034926e+00,-3.874131e-01,2.430611e+00,4.267106e+00,6.899112e-01,1.480955e+00,-4.049561e-03,0,9.804423e-02
1.481132e-03,-1.505030e+01,-1.257352e+00,-5.086528e+00,1.525540e+00,2.063143e+00,4.042183e+00,-9.081489e-01,-3.736086e+00,2.787648e+00,7.173357e+00,-1.360272e+00,-2.829838e+00,8.250227e-02,0,2.065591e-01,2.608722e-04,1.258427e+00,-1.951425e+00,-3.567158e+00,-2.329121e+00,-1.902173e-01,-3.821791e-01,-2.528412e-01,-6.060054e-01,6.392372e-01,2.998417e+00,-1.121010e-02,1.193237e+00,-1.217891e-02,0,1.599807e-01
1.601734e-03,-1.338419e+01,-3.658574e+00,-9.268580e+00,-4.545557e-02,3.952361e+00,4.937149e+00,-8.315535e-01,-4.586245e+00,4.137170e+00,9.481952e+00,-1.475612e+00,-2.616250e+00,5.983681e-02,0,3.869416e-01,2.575013e-04,2.834009e+00,-6.656549e-02,-3.404351e+00,-3.367944e+00,-1.138571e+00,2.768886e-01,3.196076e-01,-9.254324e-02,-1.876511e+00,1.137234e+00,-1.123577e+00,9.860346e-01,-1.683288e-02,1.490892e+01,1.707385e-01
1.843618e-03,-8.588349e+00,-1.825598e+00,-1.297413e+01,-4.608816e+00,5.251946e-01,4.459421e+00,-1.606693e-01,-3.734098e+00,-1.643101e-01,8.633643e+00,-3.469187e+00,-2.008611e+00,3.686915e-02,0,6.064329e-01,3.176661e-04,3.835090e+00,1.812017e+00,-2.546001e+00,-4.736409e+00,-2.449680e+00,2.260683e-01,1.764557e-01,-2.632532e-02,-4.553764e+00,-5.970333e-01,-2.292583e+00,8.698121e-01,-1.577516e-02,3.690718e+01,1.333000e-01
2.026629e-03,-3.650469e+00,2.716070e+00,-1.399088e+01,-9.669273e+00,-2.551550e+00,5.993841e+00,3.604585e-01,-2.751966e+00,-6.933401e+00,6.807549e+00,-6.072064e+00,-3.299807e-01,2.296766e-02,7.454459e+01,6.537555e-01,5.828164e-04,3.281651e+00,2.131383e+00,-1.505428e+00,-5.762366e+00,-3.033441e+00,-2.027638e-01,-9.877499e-02,-4.374157e-01,-5.671342e+00,-6.357621e-01,-2.573855e+00,1.472836e+00,-7.948021e-03,5.846755e+01,9.382643e-02
2.857015e-03,-7.417077e-01,4.615410e+00,-1.545539e+01,-1.734459e+01,-6.933304e+00,4.644179e+00,-6.218765e-01,-4.784852e+00,-1.444588e+01,5.525392e+00,-1.052496e+01,3.760881e-01,2.206104e-02,1.472636e+02,7.396524e-01,8.179771e-04,1.656656e+00,8.039396e-01,-5.980769e-01,-5.373524e+00,-1.638437e+00,-8.090700e-01,-3.899930e-01,-1.528864e+00,-4.473474e+00,4.802425e-01,-1.616020e+00,1.719551e+00,-2.719857e-04,5.727285e+01,5.309526e-02
4.009118e-03,-8.992618e-01,3.777840e+00,-1.555509e+01,-2.248940e+01,-7.485595e+00,3.830951e+00,-1.094825e+00,-6.247947e+00,-1.707875e+01,7.857267e+00,-1.081700e+01,3.555580e+00,2.750075e-02,2.187060e+02,7.894639e-01,8.076626e-04,3.153078e-01,-6.488759e-01,4.729223e-02,-4.003274e+00,7.584252e-02,-1.296465e+00,-2.569529e-01,-2.257938e+00,-2.085382e+00,1.929018e+00,-1.032426e-01,1.693383e+00,3.596252e-03,3.381779e+01,3.567418e-02
4.942259e-03,-1.680672e+00,1.663215e+00,-1.518241e+01,-2.506638e+01,-5.199968e+00,1.495516e+00,-1.382993e+00,-9.630426e+00,-1.745900e+01,1.051000e+01,-9.176818e+00,4.646364e+00,3.324267e-02,2.142836e+02,8.040549e-01,3.585115e-04,-2.532494e-01,-1.030628e+00,5.974582e-01,-1.562079e+00,1.379470e+00,-1.272655e+00,-4.848412e-02,-2.474641e+00,2.160767e-01,2.493626e+00,1.084836e+00,7.165229e-01,2.598973e-03,1.103050e+01,1.015081e-02
5.022319e-03,-1.604448e+00,9.477880e-01,-1.389090e+01,-2.582475e+01,-3.039005e+00,1.085846e+00,-5.437478e-01,-1.161887e+01,-1.585375e+01,1.396034e+01,-7.262350e+00,6.001798e+00,3.535811e-02,2.101235e+02,7.999251e-01,-3.317427e-04,-6.942350e-02,-4.052949e-01,7.200190e-01,9.735266e-01,1.417873e+00,-7.394076e-01,-5.106267e-01,-2.176106e+00,1.808085e+00,1.371608e+00,7.798101e-01,-9.273453e-01,-5.741917e-04,-3.505510e+00,-6.014478e-03
4.142971e-03,-1.655362e+00,8.772947e-01,-1.330019e+01,-2.348731e+01,-2.259249e+00,-3.465435e-01,-1.139836e+00,-1.447260e+01,-1.397800e+01,1.494199e+01,-6.878109e+00,2.735594e+00,3.112723e-02,2.067073e+02,7.851759e-01,-8.339880e-04,1.052433e-01,4.829801e-01,8.291322e-01,3.308830e+00,7.098855e-01,5.680556e-02,-1.085254e+00,-1.461196e+00,2.553921e+00,-5.116746e-01,-5.931664e-02,-2.503244e+00,-3.203385e-03,-1.842471e+00,-1.364197e-02
2.750048e-03,-1.259035e+00,2.144325e+00,-1.289611e+01,-1.841129e+01,-1.866588e+00,1.054943e+00,-3.769537e+00,-1.470739e+01,-9.778828e+00,1.249931e+01,-8.067303e+00,-1.257615e-01,2.568752e-02,2.049666e+02,7.688311e-01,-9.075276e-04,1.328216e-01,1.067443e+00,1.085285e+00,4.671598e+00,9.980712e-02,2.302865e-01,-1.565520e+00,-9.079986e-01,2.834462e+00,-1.829237e+00,-7.820639e-01,-3.691247e+00,-3.747356e-03,4.272125e-01,-1.415587e-02
1.908455e-03,-1.327162e+00,3.479847e+00,-1.153414e+01,-1.222896e+01,-2.236749e+00,1.794995e+00,-5.196369e+00,-1.539214e+01,-7.726858e+00,8.682137e+00,-9.070925e+00,-4.806076e+00,2.206104e-02,2.076497e+02,7.513921e-01,-6.354547e-04,1.169494e-01,1.190088e+00,1.483252e+00,4.580027e+00,-4.505099e-01,2.867019e-02,-9.312290e-01,-3.302786e-01,2.232754e+00,-1.752251e+00,-8.681108e-01,-3.904648e+00,-2.991841e-03,2.377953e+00,-1.058376e-02
1.601940e-03,-1.104439e+00,4.983726e+00,-9.347502e+00,-8.095936e+00,-2.551219e+00,1.166509e+00,-6.343079e+00,-1.569909e+01,-4.807013e+00,7.944075e+00,-1.007626e+01,-8.683605e+00,2.115443e-02,2.117884e+02,7.460377e-01,-2.179223e-04,-2.547151e-01,3.326887e-01,1.482356e+00,3.241290e+00,-4.372030e-01,-1.155821e+00,-4.855974e-01,6.455727e-01,1.664253e+00,-1.225042e+00,-5.372399e-01,-3.261323e+00,-1.873678e-03,2.946812e+00,-5.482650e-03
1.539752e-03,-1.147912e+00,5.408035e+00,-7.658234e+00,-5.744854e+00,-4.169483e+00,-2.589756e-01,-4.509210e+00,-1.562814e+01,-5.300141e+00,8.458347e+00,-1.021418e+01,-1.250873e+01,1.843457e-02,2.151862e+02,7.436538e-01,8.547364e-05,-5.436078e-01,-1.083920e+00,9.589938e-01,1.466986e+00,-1.288928e-01,-2.219525e+00,-4.210034e-01,2.366684e+00,1.763823e+00,-1.380853e+00,-7.855221e-01,-1.355117e+00,-4.835293e-04,1.687683e+00,-8.197427e-04
1.844788e-03,-2.622235e+00,2.843675e+00,-7.422281e+00,-5.446896e+00,-3.086236e+00,-3.697176e+00,-6.541104e+00,-1.136153e+01,-2.670921e+00,6.485992e+00,-1.018187e+01,-1.258105e+01,1.813237e-02,2.159324e+02,7.452870e-01,3.144453e-04,-1.021167e+00,-2.530330e+00,8.611135e-01,4.558988e-02,-4.525382e-01,-3.269095e+00,-4.460897e-02,4.115663e+00,1.529574e+00,-2.216679e+00,-1.500034e+00,7.190992e-01,1.662134e-03,-1.051132e-01,2.005005e-03
2.214399e-03,-3.286303e+00,-8.697286e-01,-7.701786e+00,-6.218544e+00,-2.613705e+00,-6.870789e+00,-7.202374e+00,-5.727502e+00,2.420902e-02,2.506913e+00,-1.294573e+01,-9.632936e+00,2.115443e-02,2.140161e+02,7.476687e-01,5.266241e-04,-1.320669e+00,-2.844778e+00,1.534378e+00,-1.198545e+00,-1.601091e+00,-3.234804e+00,1.120850e+00,4.260786e+00,8.457174e-01,-1.828998e+00,-2.275061e+00,1.966540e+00,4.502871e-03,-1.605923e+00,3.620684e-03
2.836843e-03,-5.141077e+00,-4.529042e+00,-5.020158e+00,-7.631142e+00,-5.591799e+00,-1.187306e+01,-5.219542e+00,-7.109284e-02,1.786826e-01,-1.636024e-01,-1.621066e+01,-6.526003e+00,2.810517e-02,2.118479e+02,7.540552e-01,7.272504e-04,-1.592760e+00,-1.929399e+00,2.580822e+00,-2.167677e+00,-3.311228e+00,-1.719998e+00,2.859401e+00,2.285954e+00,-8.185107e-01,6.342173e-03,-2.432267e+00,1.804149e+00,6.860079e-03,-2.121359e+00,3.542721e-03
3.676845e-03,-6.491835e+00,-5.129494e+00,-1.187405e+00,-1.064546e+01,-1.092215e+01,-1.234506e+01,4.342578e-01,3.056844e-02,-2.496355e+00,2.638155e+00,-1.857509e+01,-5.703553e+00,3.596253e-02,2.091988e+02,7.573731e-01,8.995348e-04,-1.868264e+00,-5.813756e-01,2.773221e+00,-2.994013e+00,-3.942626e+00,3.060713e-01,2.715240e+00,-3.472601e-01,-1.910342e+00,2.192670e+00,-1.793324e+00,9.409581e-01,7.978241e-03,2.546849e+01,4.610986e-03
4.749816e-03,-8.983269e+00,-4.673436e+00,2.224638e+00,-1.407182e+01,-1.548815e+01,-9.560031e+00,3.937588e+00,-2.810798e+00,-5.503191e+00,6.452082e+00,-1.952853e+01,-5.525000e+00,4.502871e-02,2.077343e+02,7.581484e-01,8.999748e-04,-1.638915e+00,4.330200e-01,1.570540e+00,-3.078096e+00,-3.324700e+00,2.189875e+00,9.997612e-01,-2.011174e+00,-1.866015e+00,3.302061e+00,-9.857788e-01,5.907723e-01,7.404049e-03,6.686161e+01,7.913214e-03
5.755587e-03,-1.070653e+01,-3.704409e+00,2.541924e+00,-1.796827e+01,-1.737866e+01,-6.496946e+00,1.795260e+00,-6.093950e+00,-6.686564e+00,1.016242e+01,-2.025341e+01,-5.428648e+00,5.258386e-02,3.434154e+02,7.686771e-01,7.218049e-04,-1.264889e+00,6.725985e-01,3.589497e-02,-2.274509e+00,-2.272861e+00,2.186138e+00,-9.933063e-01,-1.931287e+00,-1.366714e+00,2.833387e+00,-2.810812e-01,6.820623e-01,4.623753e-03,1.082141e+02,1.185310e-02
6.297346e-03,-1.122830e+01,-3.076484e+00,9.678764e-01,-1.936021e+01,-1.898705e+01,-3.847739e+00,-9.012365e-01,-7.064703e+00,-7.056287e+00,1.258457e+01,-2.030039e+01,-3.709595e+00,5.681475e-02,4.790476e+02,7.879693e-01,3.407118e-04,-5.014318e-01,6.314998e-01,-9.414875e-01,-7.500502e-01,-1.559537e+00,1.259964e+00,-1.465218e+00,-1.242515e+00,-1.032789e+00,1.808480e+00,3.907738e-01,7.466092e-01,-1.208834e-04,1.084574e+02,9.090483e-03
6.512105e-03,-1.169376e+01,-2.564978e+00,-3.795497e-01,-1.937381e+01,-2.053701e+01,-4.270513e+00,-2.112862e+00,-7.498915e+00,-8.553376e+00,1.373885e+01,-1.959457e+01,-3.200944e+00,5.318828e-02,6.146128e+02,8.017282e-01,-2.522614e-04,2.812948e-01,6.885843e-01,-9.172592e-01,1.195648e+00,-9.070900e-01,2.883281e-01,-4.836944e-01,-7.825913e-01,-9.099973e-01,3.668484e-01,1.140835e+00,4.162639e-01,-5.681475e-03,2.674463e+01,-7.558972e-03
6.075116e-03,-1.099681e+01,-2.085653e+00,-1.022063e+00,-1.711930e+01,-2.170666e+01,-4.373427e+00,-1.434440e+00,-8.320889e+00,-9.733729e+00,1.370627e+01,-1.790408e+01,-2.905806e+00,4.412209e-02,6.144227e+02,7.870753e-01,-8.719551e-04,1.002014e+00,9.741777e-01,-2.937857e-01,2.601797e+00,6.034573e-01,-1.349194e-01,8.848847e-01,-7.526628e-01,-6.295594e-01,-7.999945e-01,1.938396e+00,-5.561521e-02,-9.217286e-03,-7.530532e+01,-2.872186e-02
4.605394e-03,-9.415801e+00,-7.569035e-01,-1.049403e+00,-1.311049e+01,-2.055430e+01,-4.792461e+00,-3.566108e-01,-9.378814e+00,-9.897830e+00,1.143581e+01,-1.574739e+01,-3.749223e+00,3.052282e-02,4.094510e+02,7.313292e-01,-1.205155e-03,1.308981e+00,1.204471e+00,5.150782e-01,2.701358e+00,2.184525e+00,-7.582855e-02,1.335603e+00,-8.967444e-01,2.440028e-01,-1.226000e+00,2.038768e+00,-1.334884e-01,-8.552433e-03,-1.638546e+02,-4.221505e-02
2.890926e-03,-7.357213e+00,8.903672e-01,-1.661252e-01,-9.482892e+00,-1.596112e+01,-4.261362e+00,2.645061e+00,-9.888068e+00,-9.531857e+00,9.736114e+00,-1.253200e+01,-3.713531e+00,2.206104e-02,2.051019e+02,6.795595e-01,-8.912488e-04,8.853275e-01,9.451798e-01,1.434020e+00,1.091512e+00,2.749895e+00,-4.616894e-01,6.585411e-01,-1.232668e+00,8.376440e-01,-6.102584e-01,1.008030e+00,1.000801e-01,-3.807797e-03,-1.638296e+02,-3.371264e-02
2.078425e-03,-6.968657e+00,1.969367e+00,1.767873e+00,-9.685225e+00,-1.248716e+01,-4.705688e+00,2.525402e+00,-1.119905e+01,-7.434298e+00,9.593923e+00,-1.208677e+01,-3.464523e+00,2.145663e-02,0,6.444108e-01,-7.547501e-05,3.249989e-02,3.659996e-01,2.119348e+00,-1.158140e+00,1.567099e+00,-9.181439e-01,-9.784118e-01,-1.236196e+00,1.159485e+00,3.660730e-01,-6.180860e-01,5.014986e-01,1.964340e-03,-7.141255e+01,-8.145052e-03
2.882357e-03,-7.793745e+00,1.277111e+00,4.739400e+00,-1.337437e+01,-1.199075e+01,-6.725260e+00,4.172597e-01,-1.357411e+01,-6.777276e+00,1.157592e+01,-1.469424e+01,-2.547755e+00,2.961620e-02,0,6.619713e-01,6.911402e-04,-6.315612e-01,-1.239621e-01,2.217311e+00,-2.782461e+00,-9.445486e-02,-8.775919e-01,-2.641263e+00,-8.003586e-01,1.039706e+00,7.589492e-01,-1.742257e+00,5.432805e-01,5.197945e-03,3.678410e+01,1.860267e-02
4.232304e-03,-9.035036e+00,8.797229e-01,7.094575e+00,-1.695545e+01,-1.470399e+01,-8.151232e+00,-4.134769e+00,-1.371677e+01,-5.477694e+00,1.234627e+01,-1.775670e+01,-1.824618e+00,3.656694e-02,1.549392e+02,6.993980e-01,9.689958e-04,-8.220627e-01,-1.553515e-01,1.561261e+00,-2.985407e+00,-6.430399e-01,-1.988022e-01,-3.228382e+00,2.473725e-01,6.616347e-01,2.357413e-01,-1.309021e+00,2.956257e-01,4.533092e-03,1.251624e+02,3.501915e-02
5.269688e-03,-9.481830e+00,8.153788e-01,8.257081e+00,-1.976008e+01,-1.532498e+01,-6.926549e+00,-7.231171e+00,-1.263100e+01,-5.311628e+00,1.215469e+01,-1.840832e+01,-1.817082e+00,4.049562e-02,3.115527e+02,7.450792e-01,8.231811e-04,-7.012555e-01,1.706248e-01,6.267198e-01,-2.433641e+00,-4.663830e-02,7.482880e-01,-2.920853e+00,1.098086e+00,2.038345e-01,-4.558169e-01,-3.233066e-01,-4.006571e-01,2.266547e-03,1.268640e+02,3.348147e-02
5.729739e-03,-1.023493e+01,1.423476e+00,7.815337e+00,-2.141940e+01,-1.403525e+01,-5.599055e+00,-9.792294e+00,-1.043374e+01,-4.858948e+00,1.048325e+01,-1.677484e+01,-2.351731e+00,3.868238e-02,4.700355e+02,7.779526e-01,6.185870e-04,-5.792726e-01,5.071419e-01,-9.760871e-02,-1.735096e+00,1.159428e+00,1.318756e+00,-2.039608e+00,1.114134e+00,-1.831462e-01,-3.699212e-01,3.257555e-01,-9.293181e-01,1.873678e-03,8.216809e+01,2.272093e-02
6.249545e-03,-1.070008e+01,1.858358e+00,7.512619e+00,-2.331060e+01,-1.255832e+01,-4.259909e+00,-1.135824e+01,-9.725198e+00,-6.067476e+00,1.022835e+01,-1.680171e+01,-4.287484e+00,3.989121e-02,4.767717e+02,7.901013e-01,5.337643e-04,-5.295914e-01,7.594224e-01,-3.360499e-01,-1.136647e+00,1.552523e+00,1.278292e+00,-1.314013e+00,7.534640e-01,-4.984194e-01,7.867718e-02,-1.493479e-01,-9.550774e-01,3.838017e-03,2.046308e+01,7.380855e-03
6.835310e-03,-1.132228e+01,2.893943e+00,6.978763e+00,-2.385567e+01,-1.029018e+01,-2.890772e+00,-1.226927e+01,-9.599002e+00,-6.015501e+00,1.145983e+01,-1.693123e+01,-5.236007e+00,4.623753e-02,4.831702e+02,7.904916e-01,4.957054e-04,-3.212745e-01,7.219604e-01,-2.112655e-01,-6.285583e-01,1.380960e+00,1.188343e+00,-5.871309e-01,2.440580e-01,-4.163462e-01,6.064231e-01,-1.050821e+00,-7.808266e-02,7.101844e-03,-3.510901e+01,-4.144239e-03
7.385724e-03,-1.158611e+01,3.877257e+00,6.995119e+00,-2.422519e+01,-9.434896e+00,-1.889232e+00,-1.256275e+01,-9.281049e+00,-7.225449e+00,1.205978e+01,-1.907686e+01,-5.150331e+00,5.590813e-02,4.073008e+02,7.757140e-01,3.821857e-04,-1.324741e-01,4.627864e-01,-3.112731e-02,-2.254847e-01,7.249297e-01,7.088578e-01,-1.083772e-01,1.118946e-02,4.701481e-02,3.076909e-01,-1.701028e+00,1.102587e+00,7.796919e-03,-6.068214e+01,-8.969498e-03
7.640177e-03,-1.139828e+01,4.023828e+00,7.017759e+00,-2.410490e+01,-8.692161e+00,-8.426799e-01,-1.212569e+01,-9.435525e+00,-6.361693e+00,1.259965e+01,-2.089137e+01,-2.310721e+00,6.618314e-02,3.292259e+02,7.644251e-01,2.237371e-04,3.969727e-02,-2.482336e-02,6.811981e-02,-2.215538e-01,5.506230e-03,1.548206e-01,5.338306e-02,-3.551758e-01,3.216251e-01,-3.926770e-01,-1.895989e+00,1.671206e+00,5.409490e-03,-6.185384e+01,-6.812704e-03
7.758040e-03,-1.132444e+01,3.607348e+00,7.337484e+00,-2.431341e+01,-9.732677e+00,-1.739666e+00,-1.197192e+01,-9.750989e+00,-5.659306e+00,1.119690e+01,-2.332678e+01,-2.371909e-01,6.890300e-02,2.503331e+02,7.582871e-01,3.067013e-05,5.313320e-02,-3.887900e-01,-2.229381e-02,-2.630175e-01,-2.567899e-01,-3.340414e-01,-3.702624e-01,-7.730005e-01,4.347073e-01,-9.359956e-01,-1.126127e+00,1.411929e+00,3.626473e-04,-3.838161e+01,-1.655865e-03
7.767837e-03,-1.125462e+01,2.904781e+00,7.148180e+00,-2.491932e+01,-1.011376e+01,-2.191452e+00,-1.229777e+01,-1.113991e+01,-5.190447e+00,9.927890e+00,-2.428622e+01,6.634548e-01,6.678755e-02,2.523848e+02,7.651415e-01,-1.731008e-04,1.456499e-02,-4.031046e-01,-2.113200e-01,-1.034502e-01,-1.046144e-01,-4.989373e-01,-7.827542e-01,-1.001214e+00,-3.705535e-02,-9.207006e-01,2.140131e-01,5.679616e-01,-4.533094e-03,-1.468578e+01,-2.790213e-04
7.475244e-03,-1.139228e+01,2.492831e+00,6.818439e+00,-2.513306e+01,-1.000805e+01,-2.885053e+00,-1.432802e+01,-1.229386e+01,-5.637535e+00,8.715678e+00,-2.301007e+01,4.222287e-01,5.741916e-02,2.538132e+02,7.670764e-01,-4.338717e-04,4.875584e-02,-1.338535e-01,-1.816374e-01,6.292944e-01,4.935887e-01,-3.148464e-01,-7.318295e-01,-8.080014e-01,-3.104274e-01,-1.393926e-01,1.647171e+00,1.016166e-01,-6.527653e-03,6.014969e-01,-4.680944e-03
6.916071e-03,-1.129154e+01,2.565563e+00,6.220682e+00,-2.421233e+01,-9.077548e+00,-2.764673e+00,-1.486141e+01,-1.317016e+01,-6.557855e+00,9.236753e+00,-1.997965e+01,1.993773e-01,4.925959e-02,2.540569e+02,7.586353e-01,-7.852471e-04,1.805009e-01,2.592538e-01,-1.009564e-02,1.752177e+00,9.447393e-01,-2.516222e-01,5.489922e-02,-4.596394e-01,-5.933501e-01,5.399051e-01,2.132906e+00,-3.041941e-01,-6.799637e-03,-1.711271e+01,-1.513083e-02
6.014565e-03,-1.106221e+01,3.107689e+00,6.893046e+00,-2.152043e+01,-7.782839e+00,-3.027287e+00,-1.434924e+01,-1.277587e+01,-6.527739e+00,1.084550e+01,-1.724420e+01,5.029309e-01,4.502871e-02,2.525046e+02,7.381355e-01,-1.133546e-03,4.730287e-01,6.569759e-01,3.112043e-01,2.859066e+00,7.470895e-01,-4.894499e-01,1.039490e+00,-3.362849e-01,-6.843886e-01,1.737032e-01,1.451840e+00,-4.642183e-01,-6.406770e-03,-4.279825e+01,-2.362040e-02
4.571941e-03,-1.051715e+01,3.893620e+00,7.060398e+00,-1.796475e+01,-6.502665e+00,-3.378446e+00,-1.201267e+01,-1.319710e+01,-7.712096e+00,1.156250e+01,-1.650462e+01,-8.978667e-01,3.898459e-02,1.674756e+02,7.039579e-01,-1.336793e-03,7.248859e-01,9.032506e-01,3.986427e-01,3.455507e+00,1.393795e-01,-8.556219e-01,1.330774e+00,-3.943438e-01,-8.029499e-01,-1.352183e+00,1.029764e-01,-4.670298e-01,-7.192505e-03,-6.775057e+01,-2.616164e-02
2.979581e-03,-9.414326e+00,5.113682e+00,7.954603e+00,-1.396152e+01,-7.560040e+00,-5.025416e+00,-1.055494e+01,-1.396181e+01,-8.482358e+00,8.421319e+00,-1.748838e+01,-1.350241e+00,3.052282e-02,8.311265e+01,6.763132e-01,-1.229846e-03,7.866376e-01,9.808807e-01,1.101671e-01,3.266665e+00,-6.468301e-01,-8.394977e-01,7.935869e-01,-7.954100e-01,-6.800044e-01,-3.024259e+00,-1.001588e+00,-5.465826e-01,-7.101844e-03,-6.724847e+01,-2.228130e-02
1.749597e-03,-8.491052e+00,6.078820e+00,7.683117e+00,-1.071425e+01,-8.492050e+00,-6.043718e+00,-1.010469e+01,-1.454891e+01,-9.595295e+00,3.687931e+00,-1.934268e+01,-1.209186e+00,2.055001e-02,0,6.587383e-01,-8.473275e-04,5.383489e-01,7.608520e-01,-2.246102e-01,2.616966e+00,-7.948424e-01,-2.349969e-01,4.065288e-01,-8.115392e-01,-4.610734e-01,-3.593536e+00,-1.176706e+00,-4.472254e-01,-4.744635e-03,-4.180639e+01,-1.538020e-02
1.276507e-03,-8.142070e+00,6.919493e+00,7.132522e+00,-8.812360e+00,-1.002230e+01,-5.892140e+00,-1.133530e+01,-1.607702e+01,-8.986161e+00,-3.385058e-01,-2.083312e+01,-2.074323e+00,1.873678e-02,0,6.493388e-01,-4.224957e-04,2.711724e-01,4.902383e-01,-5.719854e-01,1.772323e+00,-5.246493e-01,8.744605e-01,5.545956e-01,-6.795314e-01,-2.875452e-02,-2.450346e+00,-3.676270e-01,-1.002162e+00,-1.027501e-03,-1.662253e+01,-1.029441e-02
1.186841e-03,-8.461538e+00,6.794975e+00,6.348387e+00,-7.454506e+00,-9.245749e+00,-4.120069e+00,-9.589847e+00,-1.619719e+01,-9.765561e+00,-2.025266e+00,-2.071579e+01,-2.771953e+00,2.115443e-02,0,6.405441e-01,-1.422717e-04,1.099851e-01,1.687784e-01,-5.872763e-01,1.336432e+00,-1.959708e-01,1.399999e+00,1.462480e+00,4.558233e-01,4.326921e-01,-8.982251e-01,1.038434e+00,-1.307458e+00,1.601692e-03,0,-1.168054e-02
1.148481e-03,-8.073220e+00,7.206796e+00,5.762041e+00,-6.729775e+00,-9.806437e+00,-1.614938e+00,-8.039390e+00,-1.653533e+01,-8.540998e+00,-9.738118e-01,-1.863997e+01,-5.579667e+00,2.508310e-02,0,6.339383e-01,-5.636385e-05,5.126023e-02,-1.991115e-02,-5.098473e-01,1.061611e+00,-6.462498e-02,1.287203e+00,1.895946e+00,1.773355e+00,5.532442e-01,1.991677e-01,2.377212e+00,-1.310190e+00,2.055001e-03,0,-5.389350e-02
1.102252e-03,-7.975551e+00,6.779060e+00,5.431976e+00,-5.073380e+00,-9.579834e+00,-1.182323e+00,-4.440244e+00,-1.204064e+01,-7.654417e+00,-4.855413e-01,-1.524708e+01,-5.993803e+00,2.538531e-02,0,6.080359e-01,-2.594872e-05,-4.617657e-01,-5.783786e-01,-6.018698e-01,9.501980e-01,6.686881e-01,1.144775e+00,1.308513e+00,2.953917e+00,1.088992e+00,2.941652e-01,3.256280e+00,-9.594122e-01,7.192506e-03,0,-1.148726e-01
1.036982e-03,-8.128762e+00,6.827895e+00,5.041491e+00,-4.694867e+00,-1.017838e+01,-9.249975e-01,-4.430366e+00,-9.288520e+00,-7.275513e+00,-1.125299e-01,-1.168141e+01,-7.014347e+00,2.689634e-02,0,3.961254e-01,2.951211e-04,-1.880879e+00,-5.705807e-01,-8.083103e-01,5.341074e-01,1.904046e+00,1.401138e+00,-2.890534e-02,3.400764e+00,1.461729e+00,4.256132e-01,3.812957e+00,-3.095484e-02,2.200061e-02,0,-1.690825e-01
1.112847e-03,-1.074260e+01,4.092533e+00,3.699313e+00,-3.720970e+00,-5.716337e+00,1.258836e+00,-4.851793e+00,-5.051013e+00,-4.953341e+00,-9.850814e-01,-7.913662e+00,-6.851674e+00,5.621034e-02,0,1.850874e-01,1.370351e-03,-3.696002e+00,2.411508e-01,-9.495589e-01,-3.076459e-01,2.963463e+00,2.121881e+00,-1.562560e+00,2.881514e+00,2.076268e+00,5.590162e-01,3.730235e+00,4.444025e-01,4.197643e-02,0,-1.612197e-01
2.618789e-03,-1.609409e+01,5.697156e+00,2.586821e+00,-4.735443e+00,-2.217954e+00,4.170173e+00,-7.978142e+00,-3.026319e+00,-2.582891e+00,1.404024e+00,-3.241894e+00,-5.305505e+00,1.196736e-01,0,0,2.263523e-03,-4.399103e+00,1.866445e+00,-7.796176e-01,-9.187175e-01,2.357441e+00,1.645789e+00,-2.144895e+00,2.035116e+00,1.696448e+00,4.251480e-01,2.772643e+00,7.422166e-01,4.826232e-02,0,-9.773382e-02
7.163101e-03,-2.247290e+01,8.550183e+00,1.911518e+00,-6.591321e+00,1.257267e+00,6.879496e+00,-1.047916e+01,-7.641676e-01,3.806116e-01,1.551263e+00,-8.156672e-01,-4.626211e+00,1.888788e-01,0,0,2.168643e-03,-2.872702e+00,2.627142e+00,-4.741439e-01,-1.051035e+00,-4.875915e-02,-1.619046e-02,-2.503875e+00,2.455595e-01,5.619658e-01,-7.019767e-01,9.112996e-01,9.234522e-01,2.762164e-02,0,5.737302e-03
9.329471e-03,-2.425912e+01,1.393129e+01,2.037301e+00,-7.853279e+00,-1.877978e+00,4.493617e+00,-1.234116e+01,-1.256361e+00,-1.460249e+00,7.450376e-01,-1.367189e+00,-4.415996e+00,2.018737e-01,0,0,5.364969e-04,3.207716e-01,1.176783e+00,-5.445962e-01,-2.928804e-01,-2.091876e+00,-1.833120e+00,-2.213889e+00,-1.485654e+00,-8.681628e-01,-2.247280e+00,-8.641042e-01,1.633285e+00,-1.075854e-02,2.737980e+01,1.109847e-01
8.600718e-03,-2.102359e+01,1.311117e+01,1.603354e+00,-7.417227e+00,-6.130121e+00,1.016162e+00,-1.518966e+01,-4.708195e+00,-2.704833e+00,-4.165472e+00,-4.294516e+00,-2.679168e+00,1.532185e-01,0,2.137739e-01,-1.358786e-03,3.243427e+00,-1.176263e+00,-9.913791e-01,1.576283e-01,-3.163717e+00,-2.703307e+00,-1.683461e+00,-2.548431e+00,-1.301701e+00,-2.801183e+00,-1.740866e+00,2.885088e+00,-4.185554e-02,6.821718e+01,1.834281e-01
4.582465e-03,-1.521489e+01,9.300575e+00,1.792145e-02,-5.786891e+00,-8.983639e+00,-2.063757e+00,-1.669234e+01,-8.482574e+00,-5.380983e+00,-6.974007e+00,-5.822990e+00,1.887400e+00,8.371109e-02,1.368990e+02,4.480368e-01,-1.976014e-03,4.239120e+00,-3.198220e+00,-1.470901e+00,-2.964481e-01,-2.186944e+00,-2.118055e+00,-6.670533e-01,-2.063417e+00,-7.070061e-01,-2.188388e+00,-1.716017e+00,3.348546e+00,-4.741614e-02,1.086470e+02,1.942565e-01
2.742674e-03,-1.077788e+01,4.984230e+00,-2.035689e+00,-6.836374e+00,-1.100848e+01,-3.358354e+00,-1.672087e+01,-9.893218e+00,-4.167529e+00,-8.595129e+00,-7.292099e+00,6.647530e+00,3.868238e-02,2.726364e+02,6.931219e-01,-1.487671e-03,3.665861e+00,-3.339686e+00,-1.649262e+00,-1.220633e+00,-9.018027e-01,-1.557960e+00,5.232182e-01,-3.514526e-01,3.890352e-01,-1.141718e-01,-1.701367e+00,2.334186e+00,-3.318223e-02,1.074310e+02,1.355011e-01
2.378423e-03,-8.186380e+00,2.003664e+00,-3.497681e+00,-9.625946e+00,-1.037352e+01,-3.909400e+00,-1.491082e+01,-8.980935e+00,-4.263932e+00,-7.982073e+00,-8.448482e+00,7.663382e+00,2.206104e-02,4.069167e+02,7.316087e-01,-5.337448e-04,2.379018e+00,-2.490367e+00,-1.447397e+00,-1.783192e+00,2.824753e-01,-1.197396e+00,1.002944e+00,1.247655e+00,1.303157e+00,1.395792e+00,-1.639753e+00,3.595189e-01,-1.504986e-02,6.496238e+01,6.592555e-02
2.264384e-03,-6.208540e+00,6.119847e-02,-4.885157e+00,-1.160086e+01,-9.944196e+00,-5.850817e+00,-1.346432e+01,-6.216278e+00,-1.318183e+00,-4.232297e+00,-1.148860e+01,6.103771e+00,1.813237e-02,4.021463e+02,7.494934e-01,-1.614365e-04,1.373626e+00,-1.247114e+00,-1.108625e+00,-1.266888e+00,1.338895e+00,-1.187056e+00,9.566123e-01,1.641662e+00,1.694047e+00,2.389889e+00,-1.703231e+00,-1.474063e+00,-3.535812e-03,2.317673e+01,1.073902e-02
2.152886e-03,-5.604470e+00,-6.897462e-01,-5.794332e+00,-1.232061e+01,-8.103407e+00,-6.804507e+00,-1.330589e+01,-4.082769e+00,-2.898699e-01,-2.176460e+00,-1.192350e+01,3.956874e+00,1.873678e-02,3.969559e+02,7.494788e-01,-1.090364e-04,5.868656e-01,-5.876629e-02,-7.740996e-01,-2.219884e-01,2.051917e+00,-8.848014e-01,7.692925e-01,1.331873e+00,2.043619e+00,2.412501e+00,-1.366042e+00,-2.178770e+00,2.870958e-03,-2.997358e+01,-6.031281e-03
2.048260e-03,-5.200710e+00,9.536584e-02,-6.430488e+00,-1.182348e+01,-5.449065e+00,-7.846081e+00,-1.274027e+01,-4.133989e+00,2.315673e+00,4.515083e-01,-1.407074e+01,1.130468e+00,2.266546e-02,3.935004e+02,7.378820e-01,3.394384e-05,-4.515638e-01,1.153390e+00,-2.693592e-01,6.277305e-01,2.961697e+00,-3.443905e-01,1.461134e+00,9.600441e-01,1.536963e+00,2.320728e+00,-5.367300e-01,-2.170315e+00,1.163493e-02,-6.782273e+01,-6.168328e-02
1.941303e-03,-5.755968e+00,1.692749e+00,-6.595513e+00,-1.062458e+01,-2.361495e+00,-7.335775e+00,-1.142638e+01,-3.362716e+00,4.137233e+00,1.738529e+00,-1.398762e+01,-7.438180e-01,3.414929e-02,2.613717e+02,7.072580e-01,6.471258e-04,-1.738392e+00,2.297487e+00,1.289525e-01,1.257280e+00,3.092061e+00,2.791823e-01,2.739088e+00,1.026047e+00,5.522902e-02,1.992028e+00,7.778766e-01,-1.343991e+00,2.949532e-02,-1.056587e+02,-1.331605e-01
2.539895e-03,-8.390611e+00,4.636902e+00,-5.831362e+00,-9.310226e+00,1.993331e+00,-7.307135e+00,-7.098408e+00,-1.776084e+00,4.153083e+00,5.413848e+00,-1.314019e+01,-2.397457e+00,6.860078e-02,1.308248e+02,4.621874e-01,1.835214e-03,-3.209303e+00,2.970505e+00,-3.183937e-03,1.517892e+00,2.453959e+00,6.736142e-01,3.380807e+00,8.457004e-01,-1.717967e+00,1.144177e+00,2.404248e+00,-1.262364e-01,5.454820e-02,-1.048373e+02,-1.961498e-01
5.142698e-03,-1.270148e+01,8.526919e+00,-5.449132e+00,-7.290834e+00,3.635702e+00,-5.678068e+00,-2.431388e+00,-1.314853e-01,-9.324301e-01,5.302509e+00,-8.499394e+00,-9.991159e-01,1.432457e-01,0,2.215236e-01,3.046004e-03,-3.887536e+00,2.673837e+00,-8.666054e-01,1.620445e+00,1.693410e+00,8.618858e-01,2.824196e+00,-2.167770e-01,-2.731812e+00,-9.727888e-02,2.527734e+00,6.952885e-01,7.464491e-02,-6.535683e+01,-1.876703e-01
9.623633e-03,-1.777447e+01,1.153081e+01,-7.019598e+00,-5.900895e+00,3.822131e+00,-5.306863e+00,-3.337348e-01,-1.521102e+00,-3.739328e+00,4.390402e+00,-4.793619e+00,6.269347e-01,2.408583e-01,0,0,3.301391e-03,-3.512414e+00,1.591181e+00,-1.507190e+00,1.411827e+00,1.273558e+00,1.093014e+00,1.516960e+00,-9.642212e-01,-2.346907e+00,-1.070384e+00,1.515619e+00,4.532252e-01,7.666969e-02,-2.616495e+01,-1.145898e-01
1.362945e-02,-2.050172e+01,1.161498e+01,-1.033442e+01,-4.227017e+00,5.191153e+00,-4.026482e+00,-6.877401e-01,-4.574091e+00,-5.575618e+00,1.763857e+00,-5.522243e+00,1.220429e+00,3.212451e-01,0,0,2.251944e-03,-2.399546e+00,9.156904e-02,-1.492645e+00,7.744647e-01,1.190820e+00,1.010958e+00,5.399786e-01,-5.642384e-01,-1.146175e+00,-9.716303e-01,-1.035166e-03,-6.426508e-01,5.905107e-02,0,-4.430472e-02
1.480347e-02,-2.205256e+01,1.104878e+01,-1.092467e+01,-3.783002e+00,7.583395e+00,-2.667860e+00,-3.854300e-01,-4.375887e+00,-5.259856e+00,1.831255e+00,-7.050673e+00,-1.241103e+00,3.629495e-01,0,0,5.523615e-04,-1.194584e+00,-8.425850e-01,-6.278213e-01,-8.480702e-02,6.036417e-01,5.019668e-01,5.971584e-02,1.072643e+00,-1.188676e-01,6.791222e-03,-3.570797e-01,-1.084207e+00,3.439106e-02,0,0
1.381250e-02,-2.256017e+01,9.225780e+00,-1.095982e+01,-4.477458e+00,7.709167e+00,-1.942780e+00,2.943527e-01,-1.525285e+00,-5.903040e+00,1.723932e+00,-7.376043e+00,-3.278351e+00,3.774554e-01,0,0,-6.784767e-04,-4.277153e-01,-1.074148e+00,1.486992e-01,-8.057264e-01,-6.256652e-01,-6.430506e-01,-4.276442e-01,1.856678e+00,5.510754e-01,1.188843e+00,4.770496e-01,-3.784922e-01,1.511030e-02,0,0
1.229392e-02,-2.271816e+01,8.512483e+00,-9.846004e+00,-6.199709e+00,5.581333e+00,-3.838880e+00,-5.262020e-01,2.317709e+00,-4.169956e+00,4.444321e+00,-5.652117e+00,-2.544710e+00,3.847084e-01,0,0,-9.344031e-04,1.673096e-01,-7.388005e-01,6.450548e-01,-1.004929e+00,-1.286173e+00,-1.881479e+00,-9.349825e-01,1.585543e+00,4.432082e-01,1.895266e+00,1.153406e+00,9.541844e-01,3.566030e-03,0,0
1.149185e-02,-2.230750e+01,7.512385e+00,-1.013026e+01,-7.047295e+00,3.063858e+00,-6.656225e+00,-2.755575e+00,1.362502e+00,-3.365191e+00,6.401536e+00,-3.836273e+00,-2.022898e-02,3.859172e-01,0,0,-7.716313e-04,5.652695e-01,-2.898486e-01,1.106795e+00,-9.454225e-01,-9.465975e-01,-2.041051e+00,-9.632123e-01,6.062089e-01,-1.861102e-01,2.098610e+00,1.405687e+00,1.653414e+00,-7.162294e-03,0,0
1.129178e-02,-2.134235e+01,8.211473e+00,-8.114177e+00,-7.522726e+00,3.475183e+00,-9.718534e+00,-3.535379e+00,2.107933e+00,-4.312739e+00,8.968784e+00,-3.053529e+00,1.900757e+00,3.765488e-01,0,0,-8.773030e-04,7.506971e-01,-5.376118e-01,1.116871e+00,-9.603812e-01,-3.838356e-01,-1.409631e+00,-2.624330e-01,4.761214e-01,-7.602152e-01,1.444153e+00,8.196996e-01,1.145437e+00,-2.166818e-02,0,0
1.045541e-02,-2.042172e+01,7.927042e+00,-6.291762e+00,-8.543062e+00,4.029254e+00,-9.208208e+00,-3.017120e+00,1.610647e+00,-6.762199e+00,9.954750e+00,-1.646904e+00,2.765984e+00,3.457238e-01,0,0,-1.444671e-03,7.767304e-01,-8.413904e-01,1.205508e+00,-1.217696e+00,-2.167318e-01,-3.849785e-01,2.085209e-01,1.266604e+00,-5.715251e-01,2.948049e-01,-1.921120e-01,-1.041745e-01,-3.635539e-02,0,0
8.425621e-03,-1.990756e+01,5.617095e+00,-6.180897e+00,-1.025373e+01,3.179457e+00,-9.611046e+00,-1.707594e+00,4.574244e+00,-6.272528e+00,9.888477e+00,-2.648304e+00,1.789367e+00,2.964642e-01,0,0,-2.021970e-03,1.166889e+00,-8.957275e-01,1.100035e+00,-1.124281e+00,-4.785405e-01,-6.222954e-02,-4.472544e-01,1.501638e+00,6.387039e-02,-1.274518e+00,-1.158492e+00,-1.502285e+00,-4.762768e-02,0,0
5.701575e-03,-1.914124e+01,4.602622e+00,-5.069356e+00,-1.177027e+01,2.128062e+00,-8.634861e+00,-2.626863e+00,6.462365e+00,-5.242922e+00,7.415714e+00,-4.999445e+00,-4.854061e-01,2.441825e-01,0,0,-2.061244e-03,2.210928e+00,-2.789393e-01,1.324458e+00,-6.448711e-01,-7.572796e-01,-1.860098e-01,-2.075691e+00,9.264194e-01,7.843544e-01,-2.347726e+00,-2.007265e+00,-1.987709e+00,-5.364159e-02,0,4.321179e-02
3.558850e-03,-1.614815e+01,5.395045e+00,-3.225204e+00,-1.153053e+01,2.033077e+00,-1.031635e+01,-5.966779e+00,7.190263e+00,-4.753026e+00,3.865712e+00,-7.169717e+00,-3.984973e+00,1.891810e-01,0,0,-1.610770e-03,3.295242e+00,5.014283e-01,1.493498e+00,3.779440e-02,-9.998436e-01,-1.568148e-01,-3.304900e+00,-1.132675e+00,7.902483e-01,-2.970298e+00,-1.934554e+00,-1.256238e+00,-5.566637e-02,0,1.098541e-01
2.582576e-03,-1.124679e+01,6.643370e+00,-1.147321e+00,-1.112902e+01,8.160467e-01,-9.785603e+00,-1.126598e+01,4.934735e+00,-3.600178e+00,1.227504e+00,-9.422523e+00,-4.285390e+00,1.311574e-01,0,2.160590e-01,-9.497920e-04,3.375943e+00,4.824871e-01,1.008430e+00,7.502252e-01,-1.184515e+00,4.930107e-01,-2.899679e+00,-3.121113e+00,3.096083e-01,-2.596014e+00,-1.143086e+00,2.062041e-01,-5.134481e-02,0,1.737098e-01
1.931271e-03,-7.378577e+00,7.103863e+00,-6.744246e-01,-1.038539e+01,-1.163753e+00,-9.819749e+00,-1.391253e+01,-3.253164e-01,-3.142658e+00,-1.868910e+00,-1.010954e+01,-2.591831e+00,7.464491e-02,0,4.412409e-01,-4.842760e-04,2.377641e+00,2.590359e-01,2.343190e-01,1.346718e+00,-9.934659e-01,1.554202e+00,-1.165224e+00,-3.929482e+00,-2.805125e-01,-1.916484e+00,3.438838e-01,1.015888e+00,-3.838017e-02,0,1.712567e-01
1.766404e-03,-6.646311e+00,6.160648e+00,-1.302599e+00,-8.591718e+00,-2.196100e+00,-6.418110e+00,-1.315238e+01,-5.385412e+00,-4.500064e+00,-2.697042e+00,-9.244968e+00,-1.509566e-01,4.472650e-02,0,6.479288e-01,-2.703528e-04,8.796749e-01,2.794543e-01,-4.652165e-02,1.611619e+00,-1.879792e-01,2.044523e+00,8.578270e-01,-2.906666e+00,-6.872147e-01,-8.158324e-01,1.822747e+00,3.303029e-01,-2.058024e-02,0,9.822035e-02
1.545556e-03,-6.560183e+00,6.931585e+00,-1.975970e+00,-6.065586e+00,-1.428180e+00,-4.229092e+00,-1.084970e+01,-7.297073e+00,-5.705645e+00,-3.754433e+00,-5.539075e+00,-9.727516e-01,4.049562e-02,0,6.403487e-01,-4.342637e-05,-4.408190e-01,9.644574e-01,5.252424e-01,1.050417e+00,5.877647e-01,1.607421e+00,1.566649e+00,-6.169440e-01,-4.991148e-01,2.265263e-01,2.497959e+00,-8.752270e-01,-4.291327e-03,0,-1.209660e-02
1.423670e-03,-7.257610e+00,8.126781e+00,-7.291560e-01,-5.230824e+00,8.363982e-03,-2.358315e+00,-8.508265e+00,-6.112717e+00,-5.754759e+00,-1.908897e+00,-2.594018e+00,-3.443415e+00,4.533092e-02,0,6.076068e-01,2.906353e-04,-1.535904e+00,1.681320e+00,1.599987e+00,-3.033491e-01,1.074770e+00,5.079377e-02,1.362431e+00,1.507694e+00,-5.720986e-01,1.293226e+00,1.802796e+00,-1.313660e+00,4.261105e-03,0,-1.150407e-01
1.885507e-03,-9.277022e+00,1.094308e+01,1.665066e+00,-6.813749e+00,6.728386e-01,-3.812541e+00,-8.401344e+00,-3.046384e+00,-5.010885e+00,-1.130351e+00,-9.452152e-01,-5.321736e+00,5.288607e-02,0,4.009189e-01,5.608948e-04,-2.056337e+00,1.361063e+00,1.768295e+00,-1.509213e+00,6.562775e-01,-1.115298e+00,8.407629e-01,1.786602e+00,-6.570715e-01,2.145259e+00,9.414337e-02,-5.576618e-01,6.346329e-03,0,-1.330478e-01
3.049605e-03,-1.296741e+01,1.256150e+01,4.876820e+00,-9.734382e+00,2.127243e+00,-6.372417e+00,-7.564403e+00,2.771552e-02,-7.707938e+00,2.457045e+00,-2.527920e+00,-4.544766e+00,5.983680e-02,0,1.924401e-01,5.540765e-04,-1.455710e+00,6.189384e-02,9.726619e-01,-1.867843e+00,-7.056479e-01,-1.548252e+00,1.004934e+00,8.113141e-01,-6.148377e-01,2.428097e+00,-1.839086e+00,7.481216e-01,4.110002e-03,0,-6.235597e-02
3.537062e-03,-1.398697e+01,1.151954e+01,4.062519e+00,-1.135987e+01,7.937684e-01,-7.798531e+00,-7.117815e+00,-1.434282e+00,-8.014413e+00,4.788891e+00,-5.101408e+00,-3.210386e+00,6.497432e-02,0,1.826932e-01,1.900178e-04,4.621391e-02,-1.692120e+00,-3.152134e-01,-1.311695e+00,-2.389082e+00,-1.069626e+00,1.962234e+00,-4.605857e-01,1.711494e-01,2.099658e+00,-3.010479e+00,1.734927e+00,5.439706e-04,1.313107e+01,6.938632e-02
3.368274e-03,-1.218119e+01,8.148022e+00,2.935427e+00,-1.229698e+01,-3.580340e+00,-8.106578e+00,-4.125360e+00,-2.862197e+00,-7.327183e+00,7.271966e+00,-9.711350e+00,-7.584829e-01,5.983680e-02,0,4.049398e-01,-1.236105e-04,1.376565e+00,-2.757871e+00,-1.235549e+00,-4.695442e-01,-3.494803e+00,-4.134254e-01,2.833357e+00,-7.652892e-01,9.731827e-01,1.224717e+00,-3.163510e+00,1.965847e+00,-2.750075e-03,3.282470e+01,1.471651e-01
2.676261e-03,-9.439065e+00,4.689225e+00,1.059695e+00,-1.209092e+01,-8.418781e+00,-8.293591e+00,-3.096941e-01,-3.904356e+00,-4.345515e+00,6.960478e+00,-1.240590e+01,1.459757e+00,5.560592e-02,6.565533e+01,6.416006e-01,-1.764829e-04,1.627014e+00,-2.895358e+00,-1.368659e+00,1.998101e-01,-3.143278e+00,-3.847189e-02,3.427539e+00,2.324001e-01,1.348532e+00,3.989506e-01,-2.401294e+00,1.976120e+00,-3.263826e-03,5.248741e+01,1.381768e-01
2.861953e-03,-8.358537e+00,2.187303e+00,2.004852e-01,-1.171658e+01,-1.074050e+01,-8.192014e+00,3.198323e+00,-2.563694e+00,-4.676473e+00,7.494836e+00,-1.469323e+01,2.949399e+00,5.077063e-02,1.312958e+02,6.988118e-01,-6.639129e-05,1.179775e+00,-2.425711e+00,-1.515609e+00,4.488272e-01,-1.505412e+00,8.377566e-02,2.982795e+00,1.017782e+00,1.651503e+00,-4.811460e-01,-1.048977e+00,1.353202e+00,-2.598971e-03,5.245161e+01,7.635013e-02
2.907808e-03,-7.763222e+00,2.310959e-02,-1.413307e+00,-1.065102e+01,-1.134254e+01,-7.948172e+00,6.358041e+00,-4.215330e-01,-2.597110e+00,6.672209e+00,-1.461694e+01,4.816274e+00,5.318828e-02,1.967891e+02,7.266412e-01,9.736791e-06,7.852487e-01,-1.916351e+00,-1.639035e+00,3.806311e-01,3.497830e-01,-1.489652e-01,2.063981e+00,1.334260e+00,1.925451e+00,-9.207710e-01,-7.104845e-02,6.503555e-01,-3.173164e-03,3.267644e+01,2.806698e-02
2.920544e-03,-7.120232e+00,-1.647478e+00,-3.406118e+00,-1.077279e+01,-9.645518e+00,-7.860409e+00,7.454744e+00,4.852996e-01,5.612747e-02,5.010371e+00,-1.385072e+01,4.329266e+00,4.805077e-02,1.966911e+02,7.441701e-01,-7.563247e-05,7.005317e-01,-1.298384e+00,-1.918000e+00,1.196919e-01,1.812038e+00,-7.568499e-01,6.480604e-01,7.227178e-01,2.439183e+00,-1.407050e+00,3.253314e-01,-3.243994e-01,-5.077063e-03,1.286119e+01,1.634549e-02
2.695650e-03,-6.131974e+00,-2.975140e+00,-5.332179e+00,-1.065966e+01,-7.217356e+00,-9.204219e+00,7.881999e+00,1.242447e+00,2.915441e+00,3.598856e+00,-1.318239e+01,4.021601e+00,4.110003e-02,1.963399e+02,7.592564e-01,-1.152066e-04,7.110665e-01,-5.911146e-01,-1.811380e+00,-2.225466e-02,2.591884e+00,-1.270948e+00,-8.940886e-01,-2.076328e-01,2.356878e+00,-9.408121e-01,-1.939345e-01,-9.660847e-01,-7.041402e-03,-4.484726e-01,9.346873e-03
2.589870e-03,-5.671503e+00,-2.805491e+00,-7.430078e+00,-1.111380e+01,-3.742900e+00,-1.134824e+01,5.676646e+00,2.179050e-01,4.763167e+00,1.996262e+00,-1.378384e+01,1.724739e+00,3.142944e-02,1.958264e+02,7.642317e-01,-1.480424e-04,7.120851e-01,1.619573e-01,-1.265802e+00,-3.433638e-02,2.496410e+00,-1.274104e+00,-2.199969e+00,-1.024167e+00,2.090837e+00,1.532745e-02,-6.579934e-01,-7.636381e-01,-6.255667e-03,-6.733963e-01,3.306782e-03
2.497112e-03,-4.932254e+00,-2.353457e+00,-8.458225e+00,-1.059179e+01,-1.334432e+00,-1.255900e+01,2.776647e+00,-1.326000e+00,6.833758e+00,3.475203e+00,-1.562005e+01,1.288115e+00,2.629193e-02,1.949791e+02,7.633448e-01,-1.726384e-04,6.032416e-01,7.037891e-01,-4.236590e-01,-3.189497e-02,1.884463e+00,-8.894782e-01,-3.077443e+00,-1.761539e+00,1.521042e+00,1.008302e+00,-7.093317e-01,-5.231254e-01,-4.593533e-03,-7.957093e-01,-1.695907e-03
2.279601e-03,-4.159667e+00,-1.148533e+00,-8.172107e+00,-1.097841e+01,-1.049316e-01,-1.255354e+01,-9.924242e-01,-3.351312e+00,8.551152e+00,5.148835e+00,-1.592185e+01,1.877818e+00,2.417649e-02,1.940045e+02,7.586598e-01,-2.086809e-04,4.581088e-01,8.289792e-01,2.625500e-01,-3.574597e-01,1.173696e+00,-4.675179e-01,-3.165096e+00,-1.877150e+00,7.287140e-01,1.380138e+00,-4.861994e-01,-3.828402e-01,-2.508311e-03,-6.227829e-01,-3.536397e-03
1.987592e-03,-3.871684e+00,-2.846732e-01,-7.079460e+00,-1.088683e+01,3.859754e-01,-1.304896e+01,-4.170682e+00,-5.780638e+00,8.626659e+00,7.064081e+00,-1.566005e+01,1.329434e+00,2.175884e-02,1.932723e+02,7.535627e-01,-1.854004e-04,1.769933e-01,7.261053e-01,1.246187e-01,-1.079818e+00,1.026598e+00,-2.236862e-02,-2.782905e+00,-1.387625e+00,-2.372943e-01,8.126866e-01,-3.688712e-01,-1.068320e+00,-6.044123e-04,-8.126526e-02,-2.069801e-03
1.801226e-03,-3.911243e+00,3.050129e-01,-6.806711e+00,-1.275358e+01,1.265375e+00,-1.344085e+01,-6.675169e+00,-6.940525e+00,7.510286e+00,7.102513e+00,-1.619484e+01,-2.101223e-01,2.115443e-02,1.935659e+02,7.514407e-01,-6.954118e-05,-3.590136e-02,3.733627e-01,-6.690438e-01,-1.834999e+00,1.436744e+00,9.099328e-01,-1.906656e+00,-2.371899e-01,-6.422778e-01,9.048844e-03,-5.678530e-01,-1.638300e+00,1.873678e-03,5.402039e-01,1.204205e-03
1.809298e-03,-4.171499e+00,5.502972e-01,-8.517830e+00,-1.510330e+01,3.113403e+00,-1.222718e+01,-8.296506e+00,-6.469518e+00,6.167719e+00,6.561797e+00,-1.732791e+01,-3.009513e+00,2.478090e-02,1.947921e+02,7.566053e-01,6.311901e-05,-1.718090e-01,3.109200e-02,-1.584528e+00,-2.194750e+00,1.749564e+00,2.479402e+00,-7.033848e-01,9.128178e-01,-7.653946e-01,-5.973658e-01,-4.168568e-01,-1.886295e+00,4.835298e-03,7.979294e-01,4.276467e-03
2.021042e-03,-4.189266e+00,3.007957e-01,-1.079814e+01,-1.804517e+01,5.715076e+00,-8.414762e+00,-8.462792e+00,-4.192822e+00,6.569233e+00,5.445221e+00,-1.792719e+01,-4.144207e+00,3.203385e-02,1.959456e+02,7.631596e-01,1.312220e-04,-2.339354e-01,-2.476630e-01,-1.815157e+00,-1.732445e+00,1.598248e+00,3.896333e+00,6.154022e-01,1.381326e+00,-9.212349e-01,-1.036371e+00,2.888355e-01,-1.609386e+00,6.588093e-03,4.984573e-01,5.263501e-03
2.193279e-03,-4.591718e+00,-1.271046e-01,-1.300639e+01,-1.921478e+01,6.908946e+00,-3.164994e+00,-6.793794e+00,-2.590401e+00,5.270213e+00,4.905898e+00,-1.687816e+01,-6.135000e+00,4.049562e-02,1.960721e+02,7.690856e-01,1.012330e-04,-1.813524e-01,-2.574812e-01,-1.492286e+00,-9.432812e-01,9.211004e-01,4.526730e+00,1.468481e+00,8.930583e-01,-1.502035e+00,-1.486300e+00,1.298539e+00,-1.185051e+00,5.772137e-03,-6.739960e-02,4.633403e-03
2.265346e-03,-4.870811e+00,-5.946012e-01,-1.363822e+01,-1.936006e+01,7.358843e+00,1.509724e+00,-4.349514e+00,-1.973454e+00,3.352865e+00,2.748607e+00,-1.497554e+01,-6.694311e+00,4.623753e-02,1.954182e+02,7.715181e-01,1.850827e-05,-4.016089e-02,-1.744905e-02,-1.003038e+00,-2.013897e-01,1.958586e-01,4.081316e+00,1.432489e+00,-3.566260e-02,-1.967755e+00,-1.972569e+00,2.009506e+00,-7.452898e-01,2.961621e-03,-4.663391e-01,3.832728e-03
2.193311e-03,-4.737489e+00,-2.894101e-01,-1.455922e+01,-1.916226e+01,6.897022e+00,5.444220e+00,-3.010739e+00,-3.113910e+00,2.657294e-01,4.786064e-01,-1.231104e+01,-7.659715e+00,4.653974e-02,1.947188e+02,7.755931e-01,-3.768085e-05,1.652723e-01,2.932357e-01,-6.857095e-01,4.220448e-02,-5.106888e-02,2.972359e+00,7.092696e-01,-7.150801e-01,-1.632988e+00,-2.152771e+00,2.130979e+00,-3.083491e-01,-1.813229e-04,-5.060959e-01,3.288007e-03
2.113567e-03,-4.317185e+00,2.947032e-01,-1.503691e+01,-1.907838e+01,6.700331e+00,7.687210e+00,-3.191874e+00,-4.109380e+00,-7.672978e-01,-2.203978e+00,-1.016322e+01,-7.108298e+00,4.381989e-02,1.942906e+02,7.790695e-01,-4.817115e-05,2.352602e-01,4.161877e-01,-5.371103e-01,4.485779e-02,-6.661372e-02,1.736051e+00,2.309675e-02,-8.232697e-01,-9.475403e-01,-1.612081e+00,1.637385e+00,-1.360919e-01,-1.662133e-03,-3.238968e-01,2.662069e-03
2.080764e-03,-4.042170e+00,8.944215e-01,-1.573559e+01,-1.914460e+01,6.982857e+00,8.608060e+00,-3.826266e+00,-5.097838e+00,-8.346475e-01,-3.381663e+00,-8.629424e+00,-7.469752e+00,4.079783e-02,1.941054e+02,7.817500e-01,-2.578993e-05,1.665654e-01,2.967381e-01,-3.051400e-01,-3.090286e-03,4.541960e-02,7.248529e-01,-2.265447e-01,-4.956315e-01,-2.268103e-01,-8.898226e-01,8.897023e-01,1.847267e-03,-1.450590e-03,-1.411926e-01,1.499420e-03
