pcm_RMSenergy_sma,pcm_fftMag_mfcc_sma[1],pcm_fftMag_mfcc_sma[2],pcm_fftMag_mfcc_sma[3],pcm_fftMag_mfcc_sma[4],pcm_fftMag_mfcc_sma[5],pcm_fftMag_mfcc_sma[6],pcm_fftMag_mfcc_sma[7],pcm_fftMag_mfcc_sma[8],pcm_fftMag_mfcc_sma[9],pcm_fftMag_mfcc_sma[10],pcm_fftMag_mfcc_sma[11],pcm_fftMag_mfcc_sma[12],pcm_zcr_sma,F0final_sma,voicingFinalUnclipped_sma,pcm_RMSenergy_sma_de,pcm_fftMag_mfcc_sma_de[1],pcm_fftMag_mfcc_sma_de[2],pcm_fftMag_mfcc_sma_de[3],pcm_fftMag_mfcc_sma_de[4],pcm_fftMag_mfcc_sma_de[5],pcm_fftMag_mfcc_sma_de[6],pcm_fftMag_mfcc_sma_de[7],pcm_fftMag_mfcc_sma_de[8],pcm_fftMag_mfcc_sma_de[9],pcm_fftMag_mfcc_sma_de[10],pcm_fftMag_mfcc_sma_de[11],pcm_fftMag_mfcc_sma_de[12],pcm_zcr_sma_de,F0final_sma_de,voicingFinalUnclipped_sma_de
1.478680e-03,-1.874329e+00,3.422268e+00,-1.149458e+01,-1.421722e+01,-1.789177e+00,9.955460e+00,4.088378e-02,-6.479567e+00,-1.144289e-01,3.670493e+00,-3.211205e+00,-6.333884e+00,3.112723e-02,0,7.539690e-01,-8.151362e-05,-2.885094e-01,5.925331e-01,9.434940e-01,1.355086e+00,-1.898211e-01,-4.834288e-01,-2.970031e-01,-9.296983e-01,-1.095966e+00,-4.463140e-01,4.744407e-01,8.579432e-01,-6.648535e-04,0,-1.267180e-02
1.328290e-03,-2.236715e+00,4.712829e+00,-9.808280e+00,-1.154974e+01,-2.186000e+00,8.635757e+00,-1.176358e+00,-8.244123e+00,-1.605959e+00,3.168675e+00,-1.972055e+00,-4.699761e+00,2.991840e-02,0,7.293344e-01,-1.192198e-04,-6.138164e-01,7.433261e-01,1.368568e+00,2.316577e+00,1.239966e-01,-8.384790e-01,-3.500744e-01,-1.086354e+00,-2.252656e+00,-1.201919e+00,3.463337e-01,1.241321e+00,-1.239045e-03,0,-2.064874e-02
1.146307e-03,-3.135683e+00,5.739653e+00,-7.620255e+00,-8.775531e+00,-2.539871e+00,8.198167e+00,-8.355109e-01,-1.024578e+01,-4.848495e+00,1.689832e+00,-1.458577e+00,-2.861230e+00,2.840737e-02,0,7.029274e-01,-1.272063e-04,-8.646077e-01,7.306965e-01,1.449990e+00,2.608584e+00,2.789804e-01,-7.873825e-01,-2.243581e-01,-7.883539e-01,-2.769698e+00,-1.694371e+00,4.126776e-01,1.370605e+00,7.252946e-04,0,-6.696238e-02
1.048767e-03,-4.312734e+00,5.980206e+00,-6.588898e+00,-5.355176e+00,-7.938464e-01,6.641711e+00,-1.271291e+00,-1.002823e+01,-9.010677e+00,-1.348773e+00,-2.355850e+00,-1.863607e+00,2.629193e-02,0,6.762462e-01,-9.126540e-05,-1.000007e+00,4.659416e-01,1.181902e+00,2.066637e+00,2.031112e-01,-1.025577e+00,-3.342137e-02,4.269664e-01,-2.060816e+00,-1.500462e+00,6.433591e-01,1.138281e+00,6.739197e-03,0,-1.282038e-01
9.824097e-04,-5.159358e+00,6.442062e+00,-5.854319e+00,-4.271582e+00,-1.090351e+00,7.015570e+00,-1.033440e+00,-9.529284e+00,-1.026056e+01,-2.542636e+00,-9.559187e-01,-8.989373e-01,3.656694e-02,0,4.457012e-01,-5.491152e-05,-1.070617e+00,3.205108e-01,8.857254e-01,9.830850e-01,-2.689443e-01,-1.188235e+00,1.921666e-01,1.717934e+00,-3.748804e-01,-7.291256e-01,1.036090e+00,4.655008e-01,1.486854e-02,0,-1.865172e-01
9.539117e-04,-6.224913e+00,6.691332e+00,-4.781738e+00,-3.468526e+00,-1.895204e+00,4.099169e+00,-1.244500e+00,-6.467539e+00,-9.204008e+00,-2.217402e+00,9.934116e-01,1.049917e-02,5.953461e-02,0,2.169284e-01,-3.205789e-05,-1.263957e+00,1.365781e-01,8.285353e-01,3.363128e-01,-5.663918e-01,-1.314331e+00,7.566293e-01,2.686877e+00,1.471910e+00,4.271300e-01,7.947171e-01,-3.442682e-01,1.783016e-02,0,-1.798194e-01
9.191767e-04,-7.532679e+00,6.986643e+00,-4.095208e+00,-4.803431e+00,-3.333914e+00,3.528264e+00,1.119266e-01,-3.436454e+00,-6.626232e+00,-1.521481e+00,2.047240e+00,-1.470778e+00,8.612874e-02,0,0,-8.396501e-06,-1.461221e+00,-6.074171e-01,4.038489e-01,3.626186e-01,1.521485e-01,-1.098193e+00,1.048373e+00,2.868869e+00,2.315484e+00,8.463190e-01,-4.703607e-01,-1.226479e+00,1.260200e-02,0,-1.108331e-01
9.200944e-04,-9.445859e+00,6.390806e+00,-3.325777e+00,-3.407688e+00,-2.504024e+00,1.813710e+00,1.939172e+00,3.597403e-01,-3.468288e+00,2.763000e-01,1.161559e-01,-3.299027e+00,9.066183e-02,0,0,8.901823e-05,-1.401371e+00,-2.004950e+00,-6.588655e-01,2.891707e-01,8.186644e-01,-7.527942e-01,7.270976e-01,1.877180e+00,2.265380e+00,1.479666e+00,-1.227602e+00,-9.133364e-01,3.475369e-03,0,3.586870e-03
9.573359e-04,-1.085499e+01,3.555240e+00,-4.563055e+00,-2.488908e+00,-2.519822e-02,2.667333e+00,2.616591e+00,1.401422e+00,-1.550997e+00,4.421076e-01,-2.869094e+00,-5.376567e+00,8.401331e-02,0,0,1.553161e-04,-8.697448e-01,-3.257074e+00,-1.687119e+00,1.828445e-01,1.183444e+00,-7.992488e-01,-1.234671e-01,6.324698e-01,1.541362e+00,1.782506e+00,-1.013899e+00,2.638651e-01,-3.203385e-03,0,7.045883e-02
1.379923e-03,-1.157061e+01,-1.617715e+00,-7.842142e+00,-3.179934e+00,5.437611e-01,7.656634e-01,1.138656e+00,4.994251e-01,-4.147245e-01,4.199132e+00,-2.686430e+00,-2.603288e+00,7.796917e-02,0,2.348628e-01,1.527002e-04,1.589601e-01,-3.006473e+00,-2.072674e+00,-4.761603e-01,6.912825e-01,-6.124836e-01,-9.797007e-01,-4.641623e-01,5.758995e-01,1.541336e+00,-7.269929e-02,1.056026e+00,-4.925959e-03,0,7.045883e-02
1.465843e-03,-1.081903e+01,-5.294466e+00,-1.027262e+01,-4.003086e+00,1.059413e+00,5.604321e-02,-1.051507e-01,-3.439475e-01,-4.462030e-01,5.429630e+00,-1.620963e+00,-4.993221e-01,7.645815e-02,0,2.348628e-01,5.648716e-05,1.499912e+00,-9.703003e-01,-1.752475e+00,-1.258739e+00,1.095721e-02,-1.833861e-01,-1.301207e+00,-1.249965e+00,-8.280410e-01,8.354104e-01,5.271755e-01,8.899323e-01,-7.585374e-03,0,4.508898e-02
1.429342e-03,-8.669040e+00,-4.216705e+00,-1.083437e+01,-5.031401e+00,4.100821e-01,5.693746e-02,-1.598460e+00,-1.088387e+00,-1.141187e+00,5.489219e+00,-8.714061e-01,-4.575189e-01,6.980962e-02,0,2.348628e-01,-5.580974e-06,2.438743e+00,1.156973e+00,-1.325724e+00,-2.088110e+00,-3.804276e-01,5.636849e-01,-1.525626e+00,-2.095703e+00,-1.812350e+00,6.452437e-02,3.025564e-01,-4.285120e-01,-1.060743e-02,1.311529e+01,4.756255e-02
1.215062e-03,-4.806218e+00,3.233830e-03,-1.182932e+01,-7.856869e+00,9.642728e-02,2.104766e+00,-2.520886e+00,-4.054499e+00,-5.327970e+00,3.974116e+00,-1.140729e+00,-1.999791e+00,5.016622e-02,0,2.254449e-01,6.227979e-05,2.550911e+00,1.712958e+00,-1.167825e+00,-2.665618e+00,-6.147185e-01,2.129298e-01,-2.110200e+00,-2.608400e+00,-1.501051e+00,6.306168e-01,-2.655858e-01,-1.085889e+00,-1.272288e-02,3.262415e+01,1.236391e-01
1.477409e-03,-2.383303e+00,1.518299e+00,-1.369241e+01,-1.169359e+01,-8.768837e-01,2.559727e+00,-5.281607e+00,-8.123813e+00,-7.035591e+00,5.249511e+00,-1.413765e+00,-3.995614e+00,3.807797e-02,6.557644e+01,4.773844e-01,1.369349e-04,1.655180e+00,6.236108e-01,-5.276930e-01,-1.851042e+00,-5.011628e-01,-1.169039e+00,-2.764468e+00,-1.684559e+00,3.921499e-01,1.325303e+00,-1.427471e+00,-1.053148e+00,-1.115141e-02,5.191857e+01,1.549617e-01
1.753208e-03,-1.207337e+00,4.028215e-01,-1.468272e+01,-1.400008e+01,-1.370696e+00,-1.307023e-01,-8.814577e+00,-9.868236e+00,-5.004258e+00,8.702568e+00,-2.677713e+00,-4.159717e+00,2.870958e-02,1.303325e+02,7.317974e-01,1.447445e-04,2.763791e-01,-5.340453e-01,8.708419e-01,-1.258979e-01,-4.692860e-01,-3.452712e+00,-2.687896e+00,4.542311e-01,2.236035e+00,1.096800e+00,-2.855587e+00,-1.683270e-01,-6.527652e-03,5.139894e+01,1.322285e-01
1.844944e-03,-2.192580e+00,-1.298445e+00,-1.204613e+01,-1.121501e+01,-1.362170e+00,-4.670523e+00,-1.227396e+01,-6.604314e+00,6.577057e-01,9.751508e+00,-7.240271e+00,-4.643294e+00,2.478090e-02,1.944266e+02,7.564953e-01,3.665452e-05,-7.163781e-01,-4.804243e-01,2.241908e+00,1.612543e+00,-9.294068e-01,-4.608531e+00,-1.115061e+00,2.272225e+00,1.742842e+00,-1.115294e-01,-3.633554e+00,9.381002e-01,-2.870958e-03,3.136670e+01,5.261264e-02
1.755017e-03,-3.519684e+00,-1.258621e+00,-8.298248e+00,-8.725652e+00,-2.007360e+00,-1.154367e+01,-1.246419e+01,-2.543093e+00,2.005556e+00,7.207119e+00,-1.250541e+01,-2.517586e+00,2.417649e-02,1.925696e+02,7.470322e-01,-6.305415e-05,-1.211812e+00,2.520570e-01,2.944477e+00,2.052952e+00,-1.835768e+00,-3.864873e+00,1.518995e+00,2.351516e+00,-7.236570e-01,-1.277576e+00,-3.116646e+00,1.414580e+00,8.461777e-04,1.172613e+01,-4.640013e-03
1.659777e-03,-4.809021e+00,-5.310198e-02,-5.675111e+00,-6.268090e+00,-5.205586e+00,-1.477644e+01,-9.032105e+00,-4.252573e-01,-1.826286e+00,5.439589e+00,-1.466769e+01,-1.261787e-01,2.598973e-02,1.912914e+02,7.328303e-01,-9.707529e-05,-1.133191e+00,7.809522e-01,2.859338e+00,1.058967e+00,-2.544189e+00,-1.470152e+00,3.954446e+00,9.881803e-01,-2.960452e+00,-1.016889e+00,-1.449901e+00,1.159489e+00,3.112724e-03,-9.207916e-01,-1.195119e-02
1.530521e-03,-5.958178e+00,1.040435e+00,-3.145846e+00,-6.208778e+00,-8.627830e+00,-1.440211e+01,-2.840527e+00,-1.200187e+00,-7.380547e+00,4.470647e+00,-1.454723e+01,6.546248e-01,3.233606e-02,1.905308e+02,7.204298e-01,-6.460247e-05,-9.976541e-01,6.903502e-01,2.575192e+00,-1.689413e-01,-2.563124e+00,1.363209e+00,4.987619e+00,-5.555176e-01,-3.112231e+00,2.233388e-01,-4.417991e-01,-4.240669e-02,4.110004e-03,-5.921020e-02,-1.103170e-02
1.471815e-03,-6.639287e+00,1.456787e+00,-3.256389e-01,-7.178607e+00,-1.077288e+01,-1.059206e+01,2.686443e+00,-2.334865e+00,-9.451501e+00,6.035297e+00,-1.346886e+01,-4.319538e-01,3.626474e-02,1.908421e+02,7.100405e-01,1.402652e-05,-9.718863e-01,3.284176e-01,2.349887e+00,-1.323264e+00,-1.837502e+00,2.856488e+00,4.227402e+00,-1.483572e+00,-1.643003e+00,1.315146e+00,-8.064064e-01,-1.226680e+00,3.807797e-03,1.013858e+00,-7.962972e-03
1.525986e-03,-7.592821e+00,1.438185e+00,1.902976e+00,-9.115100e+00,-1.203933e+01,-6.819816e+00,6.614634e+00,-4.365877e+00,-9.742993e+00,8.025959e+00,-1.531382e+01,-2.576732e+00,3.958900e-02,1.924982e+02,7.032685e-01,1.024499e-04,-9.466503e-01,4.246988e-02,1.837189e+00,-1.804488e+00,-1.202285e+00,3.312260e+00,2.515942e+00,-1.588728e+00,2.765970e-02,1.670974e+00,-1.680647e+00,-1.738908e+00,2.991840e-03,2.020613e+00,-3.344524e-03
1.732177e-03,-8.851130e+00,1.390111e+00,3.549915e+00,-1.143125e+01,-1.268734e+01,-4.285150e+00,7.377323e+00,-6.260271e+00,-8.860077e+00,1.023766e+01,-1.831643e+01,-4.643898e+00,4.140224e-02,1.953770e+02,7.015961e-01,1.427690e-04,-8.916548e-01,-2.215365e-01,1.099164e+00,-1.734404e+00,-6.210836e-01,3.067732e+00,1.069355e+00,-1.017712e+00,1.163840e+00,1.008380e+00,-1.985195e+00,-1.847522e+00,3.475370e-03,2.630614e+00,1.069778e-03
1.912590e-03,-9.585507e+00,1.286123e+00,4.102321e+00,-1.310489e+01,-1.368202e+01,-9.942608e-01,7.393741e+00,-7.181125e+00,-7.537960e+00,1.072434e+01,-2.052669e+01,-5.933943e+00,4.472651e-02,1.983664e+02,7.079294e-01,9.214789e-05,-5.221065e-01,-4.442878e-01,5.020635e-01,-9.813007e-01,-3.394747e-02,2.717896e+00,2.030358e-02,2.754096e-01,2.109900e+00,8.179817e-02,-8.203571e-01,-1.690266e+00,4.230886e-03,2.745326e+00,4.109698e-03
1.992358e-03,-1.010122e+01,4.251360e-01,4.070509e+00,-1.385573e+01,-1.305695e+01,1.833818e+00,7.643665e+00,-6.015802e+00,-4.734816e+00,9.728007e+00,-2.078841e+01,-7.990961e+00,5.107284e-02,2.010611e+02,7.130589e-01,-1.087192e-05,-7.097940e-02,-5.252556e-01,-2.419586e-02,-1.242578e-01,2.285794e-01,1.950079e+00,-3.701350e-01,1.497177e+00,2.074032e+00,-7.566444e-01,5.545815e-01,-1.547775e+00,4.019342e-03,2.670683e+00,4.495180e-03
1.856634e-03,-9.578310e+00,-3.007668e-01,4.152996e+00,-1.280937e+01,-1.202427e+01,3.710181e+00,6.582981e+00,-3.111063e+00,-1.256125e+00,8.689778e+00,-1.817961e+01,-9.354532e+00,5.590813e-02,2.033828e+02,7.180856e-01,-8.457330e-05,1.960015e-01,-4.467818e-01,-2.971961e-01,1.848969e-01,2.452772e-01,1.012242e+00,-6.494291e-01,1.903993e+00,1.215901e+00,-1.056251e+00,1.550902e+00,-1.231640e+00,1.269265e-03,2.734058e+00,4.368269e-03
1.705795e-03,-9.209626e+00,-4.427221e-01,3.403598e+00,-1.220030e+01,-1.237333e+01,3.113023e+00,5.932028e+00,-8.094158e-01,-1.630833e+00,7.471721e+00,-1.671706e+01,-1.067248e+01,5.590813e-02,2.062222e+02,7.189939e-01,-7.802070e-05,1.529305e-01,-2.770961e-01,-5.174082e-01,-2.390482e-01,-1.016277e-01,4.319263e-01,-4.178735e-01,1.150939e+00,-4.259900e-01,-9.159222e-01,1.336655e+00,-6.846962e-01,-2.175885e-03,3.013715e+00,4.226357e-03
1.633005e-03,-9.051295e+00,-5.138574e-01,2.949796e+00,-1.300812e+01,-1.279745e+01,3.427348e+00,5.002414e+00,-2.643524e-01,-3.010449e+00,6.571222e+00,-1.480785e+01,-1.075138e+01,4.865518e-02,2.094561e+02,7.268033e-01,9.912253e-06,-1.386635e-01,-1.150737e-01,-5.215437e-01,-8.894376e-01,-1.934474e-01,5.575467e-01,2.247430e-01,-1.964727e-01,-1.575431e+00,-3.893766e-01,2.497001e-01,-9.470157e-02,-3.626474e-03,3.339118e+00,4.465145e-03
1.714070e-03,-9.600072e+00,-8.537991e-01,2.085068e+00,-1.495159e+01,-1.317850e+01,4.134866e+00,6.344581e+00,-1.684464e+00,-5.987605e+00,6.207675e+00,-1.579101e+01,-1.071602e+01,4.381989e-02,2.130930e+02,7.298319e-01,1.106441e-04,-2.749618e-01,3.299403e-02,-1.313526e-01,-9.482233e-01,-8.192215e-02,8.568186e-01,8.210020e-01,-1.141205e+00,-1.504012e+00,3.356027e-01,-8.443214e-01,4.962388e-01,-1.752796e-03,3.504002e+00,4.439527e-03
1.902058e-03,-1.007640e+01,-6.705969e-01,2.204542e+00,-1.588091e+01,-1.258892e+01,5.986992e+00,7.500420e+00,-3.655902e+00,-6.954896e+00,7.374918e+00,-1.739413e+01,-9.806272e+00,4.381989e-02,2.166430e+02,7.349923e-01,1.849875e-04,-2.690196e-01,2.099595e-01,3.235167e-01,-4.840701e-01,-2.705625e-01,5.868851e-01,1.070580e+00,-1.470119e+00,-1.061650e+00,6.603412e-01,-2.000455e+00,9.562156e-01,1.299487e-03,3.556699e+00,4.143566e-03
2.124488e-03,-1.007188e+01,-1.993822e-01,3.119462e+00,-1.550503e+01,-1.288720e+01,6.117294e+00,8.788035e+00,-4.819666e+00,-7.178670e+00,8.747887e+00,-1.964552e+01,-8.663841e+00,4.956180e-02,2.201487e+02,7.370970e-01,1.890113e-04,-8.987723e-02,1.747047e-01,6.052976e-01,5.502014e-02,-9.042457e-01,-2.172266e-01,7.545776e-01,-1.363509e+00,-7.457856e-01,4.519734e-01,-2.393482e+00,1.158056e+00,1.934120e-03,3.526784e+00,5.658591e-03
2.352733e-03,-1.016049e+01,2.087317e-01,4.050182e+00,-1.515175e+01,-1.429591e+01,5.370560e+00,9.133584e+00,-6.047348e+00,-7.723165e+00,8.602822e+00,-2.288287e+01,-6.996391e+00,5.228166e-02,2.237117e+02,7.438886e-01,9.601454e-05,1.489187e-01,2.151987e-01,3.983374e-01,4.503198e-01,-1.507117e+00,-1.088437e+00,1.313000e-01,-1.208780e+00,-5.802718e-01,-2.872656e-01,-2.143671e+00,1.216116e+00,-1.057721e-03,3.430731e+00,6.067830e-03
2.433789e-03,-1.000742e+01,-4.199397e-01,4.188735e+00,-1.504107e+01,-1.684623e+01,3.356950e+00,9.300887e+00,-7.306288e+00,-9.332398e+00,7.853590e+00,-2.501405e+01,-6.330678e+00,4.925960e-02,2.271925e+02,7.536767e-01,-7.618901e-05,5.063875e-01,4.991439e-01,-4.958858e-02,8.529862e-01,-1.484093e+00,-1.298437e+00,-5.067961e-01,-9.222803e-01,-8.078285e-02,-1.047639e+00,-8.138201e-01,9.547831e-01,-5.893019e-03,3.225754e+00,4.475260e-03
2.227481e-03,-9.364043e+00,5.156752e-01,3.661592e+00,-1.386129e+01,-1.814499e+01,1.924978e+00,7.900494e+00,-8.456490e+00,-8.779391e+00,6.385739e+00,-2.542822e+01,-4.892271e+00,3.868238e-02,2.302748e+02,7.570416e-01,-2.483019e-04,9.635811e-01,1.120826e+00,-5.371289e-01,1.534592e+00,-4.443478e-01,-8.716120e-01,-1.309928e+00,-7.180697e-01,7.762293e-01,-1.862100e+00,1.008697e+00,3.691908e-01,-9.126626e-03,2.863605e+00,-1.799732e-03
1.806169e-03,-7.938166e+00,2.142866e+00,3.065814e+00,-1.188533e+01,-1.838313e+01,1.347900e+00,6.870600e+00,-8.226498e+00,-7.054471e+00,4.618232e+00,-2.244195e+01,-4.941986e+00,2.689634e-02,2.329960e+02,7.528968e-01,-3.116260e-04,1.288089e+00,1.724984e+00,-8.661364e-01,1.907614e+00,9.138970e-01,-7.594641e-01,-1.969765e+00,-5.576784e-01,7.189571e-01,-2.643209e+00,2.629220e+00,-2.752535e-01,-9.156846e-03,2.603809e+00,-8.577156e-03
1.425033e-03,-6.377209e+00,4.531456e+00,1.925999e+00,-9.056665e+00,-1.574920e+01,2.017025e+00,3.799089e+00,-9.177592e+00,-4.980982e+00,9.099988e-01,-1.912544e+01,-5.844783e+00,1.783016e-02,2.351280e+02,7.352799e-01,-2.466977e-04,1.316816e+00,1.757541e+00,-1.170951e+00,1.896599e+00,1.700691e+00,-1.049656e+00,-2.477889e+00,-9.946352e-01,-3.720463e-01,-2.798412e+00,3.359679e+00,-8.857445e-01,-6.557873e-03,2.548615e+00,-1.076314e-02
1.276883e-03,-5.060387e+00,6.197092e+00,7.258501e-01,-7.905312e+00,-1.347464e+01,-4.863946e-01,1.502765e+00,-9.734129e+00,-7.636817e+00,-2.624585e+00,-1.501934e+01,-7.230690e+00,1.390148e-02,2.377849e+02,7.216718e-01,-1.313142e-04,1.024621e+00,1.464314e+00,-1.173607e+00,1.489683e+00,1.636269e+00,-1.613157e+00,-2.748435e+00,-1.552407e+00,-1.329778e+00,-2.118390e+00,3.158511e+00,-9.106075e-01,-3.626473e-03,2.443390e+00,-7.926762e-03
1.258635e-03,-4.218852e+00,7.276268e+00,-1.023181e+00,-6.368301e+00,-1.209578e+01,-2.406154e+00,-1.805034e+00,-1.267585e+01,-1.034845e+01,-3.984912e+00,-1.234113e+01,-8.176641e+00,1.239045e-02,2.406234e+02,7.188384e-01,-4.946796e-05,5.088568e-01,8.901731e-01,-8.847901e-01,1.111118e+00,7.053612e-01,-1.765717e+00,-2.734816e+00,-1.716307e+00,-1.217459e+00,-9.308859e-01,2.213811e+00,-8.729916e-01,-1.511031e-03,-1.412603e+01,-4.188085e-03
1.232797e-03,-3.894238e+00,8.092032e+00,-1.327630e+00,-5.781094e+00,-1.202850e+01,-4.506298e+00,-4.069511e+00,-1.423940e+01,-1.101963e+01,-3.526260e+00,-1.004155e+01,-8.329095e+00,1.148383e-02,2.424653e+02,7.214837e-01,-2.956056e-05,-3.384214e-02,5.567371e-01,-2.194683e-01,9.400849e-01,1.849888e-01,-1.245710e+00,-2.481853e+00,-1.061046e+00,1.209076e-01,-4.010179e-01,1.234397e+00,-6.270226e-01,-1.511031e-04,-3.923070e+01,-6.428242e-03
1.199736e-03,-4.415999e+00,8.034852e+00,-1.471212e+00,-4.563185e+00,-1.294547e+01,-4.801610e+00,-7.088850e+00,-1.550649e+01,-9.376872e+00,-3.293594e+00,-1.054528e+01,-9.660539e+00,1.148383e-02,1.621577e+02,7.144335e-01,-4.232423e-05,-6.214604e-01,3.418211e-01,5.286986e-01,9.650099e-01,3.744324e-01,-9.160932e-01,-1.870924e+00,1.141836e-01,8.979577e-01,-3.491470e-01,9.070688e-01,-1.282646e-01,1.601693e-03,-6.428477e+01,-5.625729e-02
1.158530e-03,-5.131024e+00,8.601485e+00,-1.474760e-01,-4.107445e+00,-1.212485e+01,-5.517216e+00,-8.264594e+00,-1.362404e+01,-7.518068e+00,-4.975334e+00,-9.745282e+00,-9.623855e+00,1.359927e-02,8.086425e+01,6.917331e-01,-5.637314e-05,-1.145887e+00,1.464199e-01,1.056995e+00,1.331553e+00,1.096817e+00,-5.326921e-01,-7.166188e-01,9.259298e-01,9.880583e-01,-1.730417e-01,9.437574e-01,7.629436e-01,4.593533e-03,-6.470882e+01,-1.262498e-01
1.084148e-03,-6.707761e+00,8.730647e+00,1.030234e+00,-2.380076e+00,-1.017544e+01,-6.481161e+00,-9.062115e+00,-1.241262e+01,-7.609442e+00,-5.006110e+00,-7.953918e+00,-8.170585e+00,1.934119e-02,0,4.524273e-01,8.776085e-06,-1.769683e+00,-1.067422e+00,1.032781e+00,1.679590e+00,1.790437e+00,-2.218712e-01,1.137776e+00,1.413105e+00,7.817758e-01,8.718850e-01,4.905816e-01,1.689823e+00,9.791479e-03,-4.051797e+01,-1.473690e-01
1.008726e-03,-8.477790e+00,8.476234e+00,2.706622e+00,-2.148829e-01,-7.929423e+00,-6.329983e+00,-6.665973e+00,-1.115669e+01,-6.963053e+00,-3.535210e+00,-6.618443e+00,-5.259354e+00,3.052282e-02,0,2.212380e-01,1.608139e-04,-2.201135e+00,-2.942255e+00,2.789772e-01,1.342046e+00,1.431762e+00,1.406276e-01,2.845846e+00,1.362062e+00,8.078952e-01,2.439316e+00,-8.176460e-01,2.075883e+00,1.468722e-02,-1.617285e+01,-6.881161e-02
1.318518e-03,-1.159103e+01,2.760369e+00,2.265643e+00,1.888483e+00,-6.090995e+00,-5.504583e+00,-2.199280e+00,-9.674639e+00,-5.745501e+00,3.457693e-01,-9.655796e+00,-3.393674e+00,5.197945e-02,0,2.128360e-01,2.495030e-04,-1.569943e+00,-3.908895e+00,-6.762166e-01,4.270328e-02,2.813184e-01,3.128763e-01,3.262467e+00,1.072051e+00,9.104983e-01,2.813689e+00,-2.111053e+00,1.758474e+00,1.592626e-02,0,6.673770e-02
1.845414e-03,-1.369507e+01,-3.124648e+00,6.297054e-01,4.685033e-01,-7.008264e+00,-5.302367e+00,2.533217e+00,-8.182716e+00,-4.410563e+00,4.545305e+00,-1.298257e+01,-1.632894e+00,7.071623e-02,0,4.674706e-01,1.876071e-04,-1.041323e-01,-2.655129e+00,-1.471137e+00,-1.260565e+00,-1.138903e+00,-1.386534e-01,1.905369e+00,4.335761e-01,1.047207e+00,2.034483e+00,-1.797240e+00,1.103857e+00,9.761257e-03,0,1.345194e-01
1.913319e-03,-1.194884e+01,-5.013384e+00,-1.312390e+00,-2.508253e+00,-9.229424e+00,-5.430587e+00,2.650626e+00,-8.539348e+00,-4.333196e+00,5.022078e+00,-1.532712e+01,-1.191445e+00,7.887580e-02,0,6.629994e-01,8.085813e-06,1.447764e+00,5.788952e-01,-1.544574e+00,-2.151516e+00,-1.767110e+00,-6.653770e-01,-9.112964e-02,-9.599375e-01,1.077837e+00,4.825222e-01,-4.574687e-01,5.180378e-01,-8.461773e-04,0,1.056938e-01
1.649361e-03,-8.819549e+00,-9.125341e-01,-2.860048e+00,-4.319340e+00,-1.205472e+01,-7.060248e+00,4.359193e-01,-9.556458e+00,-2.433172e+00,4.299053e+00,-1.276898e+01,-8.411844e-01,6.588093e-02,0,6.687534e-01,-6.132676e-05,1.848180e+00,2.526234e+00,-9.303311e-01,-2.328398e+00,-1.375129e+00,-7.524392e-01,-1.800545e+00,-2.000644e+00,1.354838e+00,-1.867002e-01,4.654388e-01,3.158899e-01,-9.761257e-03,1.842092e+01,4.483575e-02
1.456974e-03,-6.789970e+00,4.548788e+00,-3.712352e+00,-6.475178e+00,-1.240332e+01,-7.952528e+00,-1.606279e+00,-1.378746e+01,-1.345010e+00,2.881507e+00,-1.204994e+01,-1.199340e+00,5.016622e-02,0,6.406637e-01,4.897414e-05,1.111522e+00,2.325526e+00,-5.400116e-02,-2.600555e+00,-4.961133e-01,-2.749189e-01,-2.524656e+00,-2.438993e+00,1.632530e+00,-6.219440e-02,-1.716151e-01,6.422266e-01,-1.214869e-02,4.625589e+01,2.065812e-02
1.766953e-03,-7.033597e+00,4.725436e+00,-2.821970e+00,-9.190022e+00,-1.229696e+01,-7.803593e+00,-4.341055e+00,-1.556188e+01,8.695326e-01,4.682090e+00,-1.229397e+01,-4.949661e-02,3.626473e-02,9.210459e+01,7.028173e-01,1.680964e-04,4.583198e-01,4.023223e-01,7.394497e-01,-2.582204e+00,-2.301683e-02,7.109413e-01,-2.793370e+00,-1.652513e+00,1.424785e+00,-1.570730e-01,-2.011629e+00,8.133677e-01,-8.794198e-03,7.423311e+01,3.501157e-02
2.099394e-03,-7.284204e+00,3.795259e+00,-1.601435e+00,-1.307569e+01,-1.158887e+01,-6.433509e+00,-7.584166e+00,-1.773160e+01,2.178102e+00,4.519587e+00,-1.642270e+01,1.623845e+00,3.294047e-02,1.852272e+02,7.492581e-01,2.193002e-04,7.530389e-02,-1.215987e+00,1.022102e+00,-1.809091e+00,-5.751686e-02,4.177603e-01,-1.729533e+00,-2.562504e-01,7.711843e-01,-5.038065e-01,-2.017753e+00,7.303540e-01,-4.502872e-03,7.450871e+01,3.823299e-02
2.168633e-03,-6.280832e+00,1.475842e+00,-2.182574e-01,-1.393011e+01,-1.257703e+01,-4.265050e+00,-1.054199e+01,-1.584695e+01,2.929194e+00,2.694648e+00,-2.064075e+01,1.814062e+00,3.052282e-02,2.785520e+02,7.895141e-01,2.724511e-04,5.786528e-02,-1.815007e+00,6.077169e-01,-8.181135e-01,-8.637759e-01,-3.925095e-01,2.389435e-01,7.804995e-01,-6.548617e-01,-2.842489e-01,-3.531795e-01,1.420137e-01,-1.873678e-03,4.719259e+01,2.102629e-02
2.352635e-03,-6.789834e+00,9.364804e-02,9.630338e-02,-1.315059e+01,-1.255087e+01,-7.632997e+00,-7.153477e+00,-1.492617e+01,1.481081e+00,1.356196e+00,-1.796531e+01,1.520651e+00,3.052282e-02,2.793198e+02,7.884802e-01,4.543217e-04,-1.171753e-01,-2.069850e+00,-1.198594e-01,-2.183201e-01,-2.122991e+00,-6.782736e-01,2.054333e+00,1.782063e+00,-1.399445e+00,1.006619e+00,1.847229e+00,-4.421993e-01,-1.511030e-03,1.963609e+01,9.668941e-03
3.002588e-03,-6.991457e+00,-2.498792e+00,-6.322544e-01,-1.324314e+01,-1.613484e+01,-9.166396e+00,-3.361682e+00,-1.306210e+01,-2.056265e+00,4.842541e+00,-1.328856e+01,7.121690e-01,2.810517e-02,2.810212e+02,7.883376e-01,7.189389e-04,-3.137076e-01,-1.799901e+00,-9.065205e-01,-6.315352e-01,-3.258840e+00,7.988765e-01,2.205230e+00,1.902654e+00,-1.075540e+00,2.381153e+00,2.055473e+00,-5.933307e-01,-1.420368e-03,1.239645e+00,6.956530e-03
3.954025e-03,-7.514769e+00,-4.566673e+00,-1.993733e+00,-1.451077e+01,-2.042492e+01,-7.374205e+00,-9.026541e-01,-1.021371e+01,-2.326392e+00,8.478734e+00,-1.086264e+01,-3.620521e-02,2.659414e-02,2.821730e+02,7.981910e-01,8.109510e-04,-1.776820e-01,-1.204554e+00,-1.047064e+00,-1.109468e+00,-3.792136e+00,3.195257e+00,3.632674e-01,1.650167e+00,-9.104621e-02,2.456931e+00,6.457863e-02,-8.587161e-01,-1.178603e-03,7.510223e-01,1.200531e-02
4.962632e-03,-7.486903e+00,-5.193503e+00,-3.705842e+00,-1.640769e+01,-2.493420e+01,-4.000643e-01,-2.641253e+00,-8.689908e+00,-5.447674e-01,1.103914e+01,-1.391471e+01,-3.741633e-01,2.538531e-02,2.833236e+02,8.194413e-01,6.436225e-04,-1.022487e-01,-1.755941e-01,-6.127952e-01,-8.998209e-01,-3.050431e+00,3.870541e+00,-1.401007e+00,9.649786e-01,5.993775e-01,1.448417e+00,-1.349888e+00,-9.747670e-01,1.862645e-10,-1.453796e-01,1.238301e-02
5.427368e-03,-7.430521e+00,-4.581764e+00,-3.602224e+00,-1.711565e+01,-2.711187e+01,3.960124e+00,-5.697355e+00,-8.861432e+00,2.701007e-01,1.054255e+01,-1.732934e+01,-2.229764e+00,2.598973e-02,2.819237e+02,8.329549e-01,3.042816e-04,-7.738590e-02,7.166076e-01,-8.932371e-02,-2.151060e-01,-2.015270e+00,2.734430e+00,-2.283206e+00,1.847943e-01,2.546554e-01,4.949735e-01,-1.334816e+00,-1.015073e+00,1.148383e-03,-9.718933e-01,7.473064e-03
5.484029e-03,-7.544824e+00,-3.369217e+00,-2.891985e+00,-1.643980e+01,-2.804353e+01,4.519146e+00,-7.969367e+00,-8.913345e+00,-3.576241e-01,1.105272e+01,-1.680465e+01,-3.064887e+00,2.840737e-02,2.804189e+02,8.328707e-01,-3.567841e-05,-2.348844e-01,1.200570e+00,3.449335e-01,3.952673e-01,-8.925365e-01,5.463637e-01,-1.945754e+00,-2.027660e-01,-1.978396e-01,-2.350873e-01,-2.306221e-01,-5.660337e-01,1.631913e-03,1.661629e+01,8.428097e-04
5.214734e-03,-7.872738e+00,-1.895778e+00,-2.847281e+00,-1.557025e+01,-2.894661e+01,3.838341e+00,-9.654626e+00,-9.178021e+00,-1.146687e+00,1.094681e+01,-1.609175e+01,-3.766207e+00,3.082502e-02,2.787659e+02,8.288416e-01,-1.968142e-04,-3.714540e-01,1.217927e+00,4.908400e-01,4.430682e-01,-3.083357e-01,-6.948762e-01,-1.345005e+00,-4.802905e-01,-2.082313e-01,-6.403269e-01,5.774611e-01,2.400624e-01,1.057721e-03,4.349314e+01,-2.660853e-03
4.890557e-03,-8.440216e+00,-5.336485e-01,-2.358646e+00,-1.520406e+01,-2.847952e+01,2.392646e+00,-1.039139e+01,-9.545444e+00,-8.255717e-01,9.661574e+00,-1.568662e+01,-2.436110e+00,3.112723e-02,3.679840e+02,8.257120e-01,-1.833887e-04,-3.983337e-01,8.574693e-01,7.835472e-01,1.363790e-01,2.978628e-01,-9.164842e-01,-1.102338e+00,-7.832174e-01,2.984201e-02,-7.902652e-01,7.316607e-01,7.696558e-01,1.511030e-04,6.974062e+01,-2.234727e-03
4.740033e-03,-8.840095e+00,9.008791e-02,-1.414693e+00,-1.551818e+01,-2.843555e+01,1.548993e+00,-1.121137e+01,-1.094684e+01,-5.370821e-01,8.036488e+00,-1.500105e+01,-1.343840e+00,2.991840e-02,4.556069e+02,8.232300e-01,-3.762059e-05,-3.141220e-01,4.951424e-01,1.178787e+00,-1.002693e-01,6.959301e-01,-4.872301e-01,-9.874096e-01,-8.381065e-01,2.418201e-01,-3.262558e-01,8.298575e-01,9.309464e-01,9.066202e-05,6.828016e+01,-4.058242e-04
4.804437e-03,-9.052814e+00,-7.480311e-02,3.094577e-01,-1.578394e+01,-2.680974e+01,1.081398e+00,-1.270269e+01,-1.194503e+01,-5.132165e-01,8.556554e+00,-1.369170e+01,-4.277911e-01,2.961620e-02,5.407015e+02,8.245029e-01,1.594210e-04,-1.573232e-01,1.701188e-01,1.292732e+00,-2.770788e-01,7.762794e-01,-2.079349e-01,-7.068467e-01,-6.012007e-01,1.286978e-01,5.747675e-01,5.333518e-01,8.159839e-01,3.928686e-04,3.927251e+01,1.409715e-03
5.069692e-03,-9.137049e+00,3.505113e-01,1.712604e+00,-1.578165e+01,-2.630185e+01,2.057814e+00,-1.343602e+01,-1.216876e+01,-9.376413e-02,9.868046e+00,-1.293993e+01,-1.156355e-01,3.203385e-02,5.338079e+02,8.274171e-01,2.697121e-04,-6.693240e-02,-6.663257e-03,9.705356e-01,-4.201829e-01,4.591476e-01,-1.241161e-01,-2.160074e-01,2.074575e-02,-2.653344e-01,1.318218e+00,-3.026647e-01,5.254692e-01,3.626477e-04,1.040412e+01,2.037775e-03
5.522832e-03,-9.078355e+00,1.867338e-01,2.541365e+00,-1.645772e+01,-2.566497e+01,1.098561e+00,-1.281329e+01,-1.194048e+01,-4.037417e-01,1.161963e+01,-1.405042e+01,1.029707e+00,3.203385e-02,5.252461e+02,8.306671e-01,2.687612e-04,-8.483305e-02,-2.396033e-01,4.427703e-01,-5.650524e-01,8.478165e-03,-3.622786e-01,7.965938e-01,8.404465e-01,-6.104217e-01,2.038274e+00,-7.523748e-01,3.328906e-01,-6.346336e-04,-9.483325e+00,7.665336e-04
5.729395e-03,-9.161986e+00,-7.399682e-02,2.322031e+00,-1.728221e+01,-2.671220e+01,9.198318e-01,-1.223610e+01,-1.084538e+01,-1.918491e+00,1.309604e+01,-1.633501e+01,5.547569e-01,3.052282e-02,5.153552e+02,8.303368e-01,1.441058e-04,-2.143158e-01,-3.609335e-01,5.960565e-02,-4.393602e-01,-3.198933e-01,-9.389310e-01,1.545347e+00,1.301230e+00,-1.114112e+00,2.200086e+00,-4.384673e-01,8.835025e-02,-1.873679e-03,-1.133969e+01,-3.275543e-03
5.818391e-03,-9.464511e+00,-1.060565e+00,2.218596e+00,-1.785892e+01,-2.656217e+01,-1.610033e-01,-9.319678e+00,-8.404486e+00,-2.652961e+00,1.713393e+01,-1.575603e+01,9.014654e-01,2.719855e-02,5.025112e+02,8.268757e-01,-4.882272e-06,-3.114494e-01,-9.229646e-02,-1.007142e-01,7.912827e-02,-4.914003e-01,-1.332646e+00,1.793237e+00,1.217444e+00,-1.216159e+00,1.914593e+00,4.272664e-01,3.168287e-01,-2.236326e-03,-1.269254e+01,-7.139283e-03
5.642442e-03,-1.001555e+01,-8.305067e-01,2.172017e+00,-1.727785e+01,-2.745271e+01,-2.007059e+00,-7.456095e+00,-7.430611e+00,-4.539715e+00,1.811133e+01,-1.427946e+01,3.902365e-01,2.508311e-02,4.884769e+02,8.129351e-01,-1.555435e-04,-1.972013e-01,2.721469e-01,-1.853617e-01,7.616409e-01,-6.458334e-01,-1.644707e+00,1.104310e+00,2.469503e-01,-1.229437e+00,1.133825e+00,1.213273e+00,8.906779e-01,-2.115443e-03,-1.319071e+01,-1.093324e-02
5.541898e-03,-1.020882e+01,1.035064e-01,2.112801e+00,-1.606425e+01,-2.775172e+01,-4.101226e+00,-6.237110e+00,-7.560645e+00,-5.173922e+00,1.868495e+01,-1.294187e+01,2.696110e+00,2.357207e-02,4.752226e+02,8.036715e-01,-3.119848e-04,6.676483e-02,4.758890e-01,-3.177551e-01,1.136678e+00,-6.797964e-01,-1.168066e+00,1.289962e-01,-7.545721e-01,-1.020646e+00,4.192430e-01,1.375340e+00,1.386670e+00,-1.118162e-03,-1.308357e+01,-1.272569e-02
5.089924e-03,-9.775838e+00,7.047014e-01,1.448120e+00,-1.437134e+01,-2.934659e+01,-5.333595e+00,-8.255836e+00,-1.003255e+01,-6.805198e+00,1.798965e+01,-1.167573e+01,4.110824e+00,2.175884e-02,4.630460e+02,7.872727e-01,-4.999381e-04,4.119975e-01,2.852744e-01,-3.394377e-01,1.136431e+00,-3.545240e-01,-1.401486e-01,1.399899e-03,-1.244335e+00,-4.930716e-01,-4.945946e-02,1.428336e+00,1.501305e+00,6.950743e-04,-1.312942e+01,-1.653355e-02
4.534726e-03,-9.250543e+00,5.512752e-01,9.917696e-01,-1.362879e+01,-2.901422e+01,-4.338063e+00,-8.274827e+00,-1.087638e+01,-6.623448e+00,1.929098e+01,-1.018120e+01,5.974520e+00,2.326987e-02,4.498088e+02,7.760784e-01,-6.658313e-04,5.321535e-01,9.141420e-02,-4.614165e-01,9.414980e-01,5.298195e-02,1.096250e+00,5.627850e-01,-1.139257e+00,-2.820429e-01,-5.741380e-01,1.011397e+00,6.773835e-01,3.717136e-03,-4.083372e+01,-2.725344e-02
3.646337e-03,-8.434701e+00,3.719808e-01,1.035344e+00,-1.281343e+01,-2.859408e+01,-2.589383e+00,-6.430237e+00,-1.199442e+01,-6.280310e+00,1.756102e+01,-8.518119e+00,6.257556e+00,2.870958e-02,4.355367e+02,7.440639e-01,-7.412973e-04,4.724746e-01,2.043216e-01,-6.423960e-01,9.138893e-01,5.781067e-01,1.806101e+00,1.346137e+00,-5.107185e-01,4.700730e-01,-9.355866e-01,7.892638e-01,-2.122459e-01,6.799637e-03,-8.109977e+01,-3.559792e-02
2.934535e-03,-8.218621e+00,7.269378e-01,1.210642e-02,-1.213572e+01,-2.786306e+01,7.918914e-03,-4.335985e+00,-1.227599e+01,-6.846581e+00,1.602858e+01,-9.463688e+00,5.009662e+00,3.868238e-02,2.848086e+02,6.890088e-01,-7.012896e-04,3.691884e-01,5.531761e-01,-5.430982e-01,1.212029e+00,7.011482e-01,1.676067e+00,1.213825e+00,1.903624e-01,1.268314e+00,-1.043093e+00,5.510250e-01,-1.155978e+00,7.555153e-03,-1.195107e+02,-3.855500e-02
2.183533e-03,-7.929426e+00,1.638478e+00,-1.274029e+00,-1.054843e+01,-2.703164e+01,1.523918e+00,-3.494572e+00,-1.188633e+01,-4.343267e+00,1.494292e+01,-8.088161e+00,3.532023e+00,4.805077e-02,1.400473e+02,6.528179e-01,-5.297947e-04,2.681533e-01,8.551243e-01,5.813965e-02,1.627722e+00,8.141152e-01,1.084267e+00,5.628304e-01,8.410366e-01,2.206507e+00,-5.316540e-01,6.769728e-01,-1.439717e+00,5.621034e-03,-1.155882e+02,-3.106592e-02
1.759680e-03,-7.657238e+00,2.683907e+00,-5.690346e-01,-8.701147e+00,-2.628970e+01,1.985619e+00,-3.673532e+00,-9.978610e+00,-1.250397e+00,1.538457e+01,-7.641049e+00,1.557394e+00,5.137504e-02,0,6.289264e-01,-3.323299e-04,1.871111e-01,9.089655e-01,9.603082e-01,1.848073e+00,6.161000e-01,5.692980e-01,3.196575e-02,7.637346e-01,2.184508e+00,-4.503644e-01,5.741390e-01,-1.295958e+00,3.142943e-03,-7.096645e+01,-2.287592e-02
1.584791e-03,-7.374626e+00,3.669118e+00,1.616613e+00,-6.392105e+00,-2.531019e+01,1.843104e+00,-3.947311e+00,-8.937928e+00,1.954132e+00,1.522475e+01,-6.044574e+00,7.851061e-01,5.046842e-02,0,6.187754e-01,-1.104067e-04,1.111000e-01,4.187216e-01,1.250506e+00,1.329818e+00,4.633438e-01,3.596138e-01,-9.710948e-02,2.284927e-01,1.273557e+00,-4.341158e-01,-3.451866e-01,-1.025460e+00,1.994560e-03,-2.800945e+01,-1.455895e-02
1.572257e-03,-7.560465e+00,4.256445e+00,3.368326e+00,-4.973515e+00,-2.564329e+01,2.694816e+00,-3.949786e+00,-9.931521e+00,9.272606e-01,1.363584e+01,-7.614787e+00,-9.666952e-02,5.318828e-02,0,5.916504e-01,4.604623e-05,9.838100e-02,-2.894640e-03,8.176168e-01,1.573854e-01,3.751333e-01,3.807476e-01,4.338762e-01,-7.171360e-01,2.325920e-01,-6.910217e-01,-1.578802e+00,-7.922659e-01,2.719855e-03,0,-1.086960e-02
1.725211e-03,-7.422312e+00,2.945817e+00,3.009819e+00,-5.763153e+00,-2.503812e+01,2.967389e+00,-3.841992e+00,-1.076741e+01,9.356904e-01,1.364670e+01,-9.827226e+00,-7.682443e-01,5.711696e-02,0,5.986611e-01,1.457879e-04,2.173831e-01,-2.513347e-01,2.204590e-01,-1.126376e+00,6.907080e-01,3.041759e-01,1.705456e+00,-1.502743e+00,-2.858709e-01,-5.538310e-01,-3.126673e+00,-6.525977e-01,1.813237e-03,0,-9.712577e-04
1.919701e-03,-7.141490e+00,3.031084e+00,2.822447e+00,-8.228696e+00,-2.455006e+01,3.327215e+00,-1.556811e+00,-1.264955e+01,4.217832e-01,1.271848e+01,-1.364373e+01,-1.627260e+00,6.165005e-02,0,5.846356e-01,1.351243e-04,3.571638e-01,4.787702e-02,-9.464650e-02,-1.820611e+00,1.226268e+00,-6.624208e-02,2.950479e+00,-1.899819e+00,-8.305836e-01,-5.794262e-01,-3.822518e+00,-6.011575e-01,-2.296766e-03,0,1.017362e-02
2.140009e-03,-6.497198e+00,3.025125e+00,2.991848e+00,-1.039639e+01,-2.240326e+01,3.047784e+00,3.383480e+00,-1.509263e+01,7.775156e-01,1.291428e+01,-1.866347e+01,-1.712587e+00,5.530372e-02,0,6.174266e-01,2.556530e-05,4.443105e-01,5.682785e-01,-6.705543e-01,-1.527787e+00,2.039157e+00,-3.593082e-01,2.971171e+00,-1.923622e+00,-1.557878e+00,-6.966387e-01,-3.545739e+00,-7.681285e-01,-8.189785e-03,1.420323e+01,2.416361e-02
2.040479e-03,-6.237204e+00,4.456177e+00,2.904079e+00,-1.175995e+01,-2.082938e+01,2.323408e+00,7.189870e+00,-1.726801e+01,-3.146570e+00,1.110492e+01,-2.230926e+01,-2.630286e+00,4.261106e-02,0,6.331358e-01,-1.172921e-04,5.242000e-01,6.747525e-01,-1.540741e+00,-5.886974e-01,2.755084e+00,-6.069767e-01,1.220172e+00,-1.187322e+00,-2.027121e+00,-8.340232e-01,-1.866568e+00,-1.142563e+00,-1.251133e-02,3.535004e+01,3.332938e-02
1.792648e-03,-5.652903e+00,5.074664e+00,-3.837687e-01,-1.163646e+01,-1.670268e+01,1.672751e+00,6.640524e+00,-1.807629e+01,-5.069520e+00,1.097029e+01,-2.322316e+01,-4.107374e+00,2.568752e-02,7.101617e+01,6.952291e-01,-1.899761e-04,6.141835e-01,5.741133e-01,-2.389970e+00,3.409485e-01,3.101063e+00,-7.095762e-01,-1.065584e+00,-4.960905e-01,-1.569535e+00,-8.535278e-01,6.391973e-01,-1.433672e+00,-1.205802e-02,5.631657e+01,2.952607e-02
1.506921e-03,-4.942638e+00,5.380077e+00,-3.193448e+00,-1.055215e+01,-1.362493e+01,9.798477e-01,2.915527e+00,-1.709433e+01,-6.790302e+00,9.520360e+00,-2.069673e+01,-6.142680e+00,1.390148e-02,1.412421e+02,7.123812e-01,-1.606216e-04,7.156913e-01,7.259226e-02,-2.252995e+00,8.880719e-01,2.638021e+00,-7.705615e-01,-2.247223e+00,8.028164e-02,-2.512275e-01,-9.092450e-01,2.424965e+00,-1.289172e+00,-8.280448e-03,5.589608e+01,2.314466e-02
1.456907e-03,-4.073563e+00,5.433741e+00,-5.909239e+00,-9.295551e+00,-1.050017e+01,1.716828e-01,1.927322e-01,-1.765992e+01,-5.248294e+00,9.438916e+00,-1.627374e+01,-7.124748e+00,9.368389e-03,2.109617e+02,7.254342e-01,-9.413995e-05,6.966592e-01,-1.403182e-01,-1.424876e+00,1.017501e+00,1.462866e+00,-6.661916e-01,-1.648539e+00,3.046932e-01,3.974641e-01,-1.124202e+00,2.748934e+00,-1.203192e+00,-3.656694e-03,3.441530e+01,1.154044e-02
1.405242e-03,-3.448417e+00,4.639599e+00,-5.598158e+00,-8.490045e+00,-1.074053e+01,-7.788655e-01,-8.223493e-01,-1.707479e+01,-4.313321e+00,7.324383e+00,-1.365914e+01,-7.567457e+00,9.368389e-03,2.095076e+02,7.337565e-01,-4.098588e-05,5.320045e-01,-1.037286e-01,-7.656463e-01,7.262521e-01,2.718293e-01,-1.178191e-01,-4.442417e-01,4.604217e-01,3.637420e-01,-1.078468e+00,1.778548e+00,-1.042730e+00,-6.950740e-04,1.345176e+01,8.512032e-03
1.372788e-03,-2.916718e+00,4.743312e+00,-6.305794e+00,-7.580006e+00,-1.083055e+01,-7.788499e-01,2.667682e-01,-1.656260e+01,-4.320691e+00,6.447269e+00,-1.299729e+01,-9.410943e+00,9.670596e-03,2.089600e+02,7.422436e-01,-2.778033e-05,2.226413e-01,-1.909404e-02,-2.397466e-01,4.370180e-01,-5.184542e-01,3.810353e-01,4.835654e-01,1.030490e+00,-2.684975e-01,-1.088683e+00,3.727570e-01,-7.492567e-01,9.368388e-04,-1.850235e-01,4.149175e-03
1.344051e-03,-2.861038e+00,5.206649e+00,-6.823402e+00,-7.778662e+00,-1.210059e+01,8.660187e-01,6.573008e-01,-1.534088e+01,-5.435394e+00,5.623842e+00,-1.344222e+01,-1.021323e+01,1.027501e-02,2.095018e+02,7.465367e-01,6.345446e-05,-3.619060e-01,-3.345923e-01,3.096693e-01,-2.190476e-01,-8.699611e-01,6.513230e-01,8.905015e-01,1.770238e+00,-7.392342e-01,-4.380548e-01,-1.192476e+00,-1.635748e-01,2.870958e-03,3.066238e-01,-8.639813e-04
1.348601e-03,-3.254046e+00,5.054746e+00,-6.495350e+00,-7.466153e+00,-1.241241e+01,1.254417e+00,1.870734e+00,-1.337442e+01,-6.029745e+00,4.845773e+00,-1.451842e+01,-9.548143e+00,1.359927e-02,2.100395e+02,7.397900e-01,2.121346e-04,-1.046736e+00,-1.246216e+00,1.301308e+00,-7.727362e-01,-1.289914e+00,4.025146e-01,8.224462e-01,2.520536e+00,-1.100260e+00,4.142542e-01,-2.353177e+00,3.531828e-01,5.923240e-03,4.484909e-01,-3.403270e-03
1.734607e-03,-5.089283e+00,2.810920e+00,-3.955034e+00,-9.642209e+00,-1.429941e+01,1.461116e+00,2.828175e+00,-9.817683e+00,-7.154964e+00,5.934857e+00,-1.886095e+01,-8.316730e+00,2.175884e-02,2.105009e+02,7.306634e-01,3.225264e-04,-1.497054e+00,-2.016678e+00,1.962755e+00,-1.095854e+00,-1.421231e+00,-5.052488e-01,7.521976e-01,2.728221e+00,-1.156322e+00,1.089326e+00,-2.687554e+00,5.977681e-01,8.280448e-03,2.660767e-01,-3.126371e-03
2.238183e-03,-7.036276e+00,-2.899048e-01,-1.233438e+00,-1.051191e+01,-1.618072e+01,9.361746e-01,3.293562e+00,-6.721519e+00,-8.962207e+00,8.363033e+00,-2.205380e+01,-8.593281e+00,3.354488e-02,2.107029e+02,7.331639e-01,3.012218e-04,-1.566280e+00,-1.758261e+00,1.797763e+00,-8.085241e-01,-7.014076e-01,-1.886088e+00,-1.109192e-01,1.405934e+00,-5.717521e-01,6.184403e-01,-1.264162e+00,7.798569e-01,7.676037e-03,-5.235901e-02,-5.490905e-03
2.511892e-03,-8.455192e+00,-2.204416e+00,3.594165e-01,-1.173505e+01,-1.732259e+01,-1.501104e+00,3.706875e+00,-5.026225e+00,-9.750773e+00,9.311840e+00,-2.311230e+01,-7.701825e+00,4.170444e-02,2.105005e+02,7.342179e-01,1.090754e-04,-1.004730e+00,-5.409766e-01,1.146527e+00,-3.183452e-01,7.896659e-01,-3.062861e+00,-1.202989e+00,-1.255459e+00,6.048168e-01,-6.033312e-01,5.208208e-01,1.463060e+00,3.928680e-03,-2.852234e-01,-9.186983e-03
2.466068e-03,-9.402490e+00,-1.228890e+00,3.362422e-01,-1.046235e+01,-1.440785e+01,-6.694914e+00,8.767883e-01,-8.740483e+00,-7.590601e+00,6.249483e+00,-1.871355e+01,-5.956312e+00,4.200665e-02,2.097779e+02,7.105582e-01,-7.826129e-05,-2.620496e-01,7.464924e-01,7.327718e-01,-2.356034e-01,2.214526e+00,-3.084970e+00,-2.576618e+00,-3.670427e+00,1.399320e+00,-1.653019e+00,1.751870e+00,2.146350e+00,-1.057721e-03,-2.423660e-01,-1.096068e-02
2.166042e-03,-8.929828e+00,5.755300e-01,9.927626e-01,-1.125872e+01,-1.123751e+01,-1.003765e+01,-1.978382e+00,-1.508550e+01,-4.816683e+00,3.974976e+00,-1.792697e+01,-2.319915e+00,3.717135e-02,2.095373e+02,6.960313e-01,-1.821966e-04,5.458142e-01,1.260466e+00,7.022611e-01,-4.437045e-01,2.417540e+00,-1.831019e+00,-3.633415e+00,-4.109359e+00,1.141643e+00,-1.520887e+00,1.729929e+00,2.368589e+00,-4.230886e-03,-4.356842e-02,-2.486408e-03
2.019802e-03,-8.109206e+00,2.052584e+00,2.113747e+00,-1.192810e+01,-8.150629e+00,-1.022041e+01,-6.746899e+00,-2.004402e+01,-4.432653e+00,2.766369e+00,-1.588711e+01,-5.524872e-01,3.052282e-02,2.099727e+02,6.974538e-01,-1.419852e-04,7.638079e-01,8.497804e-01,9.759086e-01,-4.976343e-01,1.474291e+00,-5.981504e-01,-3.088650e+00,-1.959143e+00,2.365392e-01,-9.882011e-01,1.733136e+00,2.138705e+00,-4.835299e-03,-1.389826e+01,5.111551e-03
1.824042e-03,-6.372763e+00,2.457178e+00,2.981969e+00,-1.322070e+01,-8.363506e+00,-8.893455e+00,-1.064836e+01,-1.992125e+01,-5.621533e+00,3.448960e+00,-1.587587e+01,1.439211e+00,2.629193e-02,2.101853e+02,7.283381e-01,4.010056e-05,4.051123e-01,1.124342e-01,8.588178e-01,-2.804460e-01,-5.636816e-02,-5.658008e-01,-1.153570e+00,6.945637e-01,-3.517724e-01,-1.972105e-01,2.423950e+00,1.565473e+00,-3.022061e-03,-3.498249e+01,3.256148e-03
1.927142e-03,-6.861983e+00,2.079188e+00,4.221182e+00,-1.196953e+01,-8.473399e+00,-1.025776e+01,-1.023147e+01,-1.611832e+01,-6.005480e+00,1.571486e+00,-1.107342e+01,2.857650e+00,2.326987e-02,1.399626e+02,7.199626e-01,2.536270e-04,-1.183296e-01,-5.828640e-01,6.117414e-01,-2.269153e-01,-1.767165e+00,-6.086582e-01,1.235940e+00,2.365726e+00,-1.497029e-01,1.330371e+00,2.159935e+00,9.315106e-01,-6.044097e-05,-3.034124e+01,-1.332247e-03
2.412874e-03,-7.527878e+00,1.124399e+00,4.233134e+00,-1.264023e+01,-1.135797e+01,-1.284797e+01,-6.003946e+00,-1.357553e+01,-5.789132e+00,3.586365e+00,-8.214070e+00,3.802381e+00,2.568752e-02,6.962984e+01,7.010576e-01,4.358077e-04,-4.827012e-01,-8.622658e-01,1.752097e-01,-3.974822e-01,-2.806581e+00,2.826123e-01,2.313782e+00,2.364577e+00,3.108398e-01,3.041786e+00,1.048906e+00,2.448811e-01,2.417650e-03,8.071414e+00,-3.732509e-03
2.993520e-03,-8.123297e+00,-1.953461e-01,4.546872e+00,-1.335291e+01,-1.548922e+01,-1.128644e+01,-2.889406e+00,-1.138825e+01,-5.097369e+00,9.349522e+00,-8.918344e+00,2.923480e+00,3.052282e-02,1.285442e+02,7.044328e-01,4.368582e-04,-3.645292e-01,-7.115270e-01,-9.687755e-02,-7.848522e-01,-3.022002e+00,2.171456e+00,1.466987e+00,1.478995e+00,5.171698e-01,4.126734e+00,-1.171457e+00,-2.333025e-01,2.780296e-03,6.722386e+01,4.174805e-03
3.469891e-03,-8.155612e+00,-7.168832e-01,3.695173e+00,-1.451642e+01,-1.888850e+01,-6.966055e+00,-2.750481e+00,-1.046340e+01,-4.521389e+00,1.476887e+01,-1.170888e+01,2.630701e+00,3.475371e-02,2.562516e+02,7.174404e-01,2.664745e-04,-2.602646e-01,-1.777014e-01,-1.370820e-01,-7.309873e-01,-1.941155e+00,3.510980e+00,-9.801972e-02,6.395550e-01,5.294636e-01,2.836094e+00,-1.858427e+00,-2.971269e-01,9.972798e-04,8.780225e+01,6.841898e-03
3.582925e-03,-8.370762e+00,-5.578057e-01,4.005775e+00,-1.495570e+01,-1.981814e+01,-2.341441e+00,-4.523271e+00,-1.027940e+01,-4.053503e+00,1.661390e+01,-1.518330e+01,2.276977e+00,3.263826e-02,3.827710e+02,7.326452e-01,5.488046e-05,-2.197956e-01,4.100548e-01,-1.790377e-01,-5.151517e-01,-6.878588e-01,3.061253e+00,-1.245431e+00,-2.293777e-01,3.886649e-01,4.622915e-01,-1.354111e+00,-1.030453e-01,-1.359928e-03,6.304285e+01,4.711074e-03
3.450545e-03,-8.705468e+00,4.171214e-01,3.818272e+00,-1.549377e+01,-1.889928e+01,2.344314e-01,-5.677113e+00,-1.093218e+01,-3.663747e+00,1.413465e+01,-1.437373e+01,2.639998e+00,2.961620e-02,3.815277e+02,7.211609e-01,-7.571622e-05,-3.779224e-01,8.781827e-01,-8.860161e-02,-7.209597e-02,-8.287468e-02,1.785874e+00,-1.641198e+00,-6.628502e-01,2.861840e-01,-1.279313e+00,-5.168275e-01,-3.252818e-02,-1.903899e-03,2.472628e+01,2.376950e-03
3.277596e-03,-8.947347e+00,1.287926e+00,3.590133e+00,-1.543999e+01,-1.892312e+01,4.195856e-01,-7.653246e+00,-1.230075e+01,-3.582865e+00,1.197809e+01,-1.435648e+01,2.403605e+00,2.629193e-02,3.811203e+02,7.261279e-01,-8.282934e-05,-4.756709e-01,1.065993e+00,-4.321749e-02,1.893513e-01,1.625385e-02,5.678822e-01,-1.391359e+00,-1.042966e+00,5.179783e-01,-1.509276e+00,-1.296075e-01,-5.835748e-02,-4.835295e-04,-1.030588e+00,2.785629e-03
3.243974e-03,-9.756931e+00,2.751165e+00,3.459986e+00,-1.463475e+01,-1.975038e+01,5.828011e-01,-9.391482e+00,-1.276698e+01,-3.325788e+00,1.069021e+01,-1.470643e+01,2.404746e+00,2.840737e-02,3.807083e+02,7.325838e-01,-4.960827e-05,-4.905213e-01,9.983250e-01,2.014985e-01,3.397327e-01,-1.024242e-01,-7.282557e-02,-8.849041e-01,-1.031632e+00,8.028376e-01,-5.564343e-01,-6.243080e-01,-6.204074e-01,1.601693e-03,-1.726959e+00,4.671258e-03
3.272063e-03,-1.022338e+01,3.605136e+00,3.968831e+00,-1.443845e+01,-1.931133e+01,3.237852e-01,-9.622883e+00,-1.457683e+01,-1.632590e+00,1.078974e+01,-1.566499e+01,2.102816e+00,3.082502e-02,3.780277e+02,7.408619e-01,-7.579874e-05,-3.343058e-01,7.331745e-01,2.781718e-01,5.120375e-01,1.120062e-01,-7.487410e-02,3.512383e-02,-6.404113e-01,1.177452e+00,4.437777e-01,-3.458205e-01,-1.038531e+00,3.112723e-03,-2.640402e+00,1.856488e-03
3.205270e-03,-1.052006e+01,4.250142e+00,4.636416e+00,-1.429588e+01,-1.921730e+01,-8.179617e-02,-9.116815e+00,-1.495230e+01,-6.246962e-01,1.194665e+01,-1.684101e+01,-3.116446e-01,3.535812e-02,3.744392e+02,7.371502e-01,-1.510886e-04,-5.676222e-02,2.610274e-01,7.977469e-02,7.625881e-01,1.779957e-02,-1.471034e-02,8.330746e-01,6.599198e-02,8.256820e-01,1.031368e+00,1.021689e-01,-1.108798e+00,3.475371e-03,-3.189594e+00,-4.602134e-04
2.917954e-03,-1.023731e+01,4.204310e+00,4.392777e+00,-1.304924e+01,-1.862963e+01,3.775137e-01,-7.614961e+00,-1.441015e+01,9.538501e-01,1.356876e+01,-1.501829e+01,-1.430852e+00,3.838018e-02,3.710529e+02,7.331272e-01,-2.229776e-04,2.106521e-01,-1.656805e-01,-3.147706e-01,1.222860e+00,-4.485224e-01,2.910751e-01,1.185086e+00,1.036934e+00,1.095284e-01,1.050772e+00,9.264566e-01,-4.735139e-01,2.840737e-03,-2.887604e+00,-2.634209e-03
2.665586e-03,-1.003378e+01,3.756715e+00,3.646886e+00,-1.151642e+01,-2.000223e+01,4.823851e-01,-6.230071e+00,-1.252036e+01,-4.905978e-01,1.445754e+01,-1.451894e+01,-1.372411e+00,4.200665e-02,3.682478e+02,7.341501e-01,-2.456533e-04,5.486070e-01,-5.091999e-01,-6.315733e-01,1.473108e+00,-9.558510e-01,3.473382e-01,9.676237e-01,1.377342e+00,-3.535293e-01,7.708472e-01,1.194231e+00,2.383206e-01,8.159567e-04,-1.429180e+01,-2.981985e-03
2.427017e-03,-9.413263e+00,3.023447e+00,2.889743e+00,-9.713881e+00,-2.116148e+01,1.497070e+00,-5.140825e+00,-1.060813e+01,-1.151998e+00,1.478815e+01,-1.219374e+01,2.656299e-01,4.170444e-02,3.666854e+02,7.291909e-01,-2.126442e-04,8.674580e-01,-6.472994e-01,-6.802809e-01,1.288833e+00,-1.285842e+00,6.442005e-02,7.184204e-01,1.366453e+00,-4.245768e-01,4.996414e-01,1.261525e+00,4.836833e-01,-2.115443e-03,-3.162373e+01,-3.947580e-03
2.222472e-03,-8.189046e+00,2.294574e+00,2.230067e+00,-8.598020e+00,-2.273064e+01,1.095117e+00,-5.515764e+00,-9.966598e+00,-1.339419e+00,1.519119e+01,-1.228213e+01,3.171762e-02,3.777577e-02,3.051639e+02,7.242084e-01,-1.594490e-04,9.128272e-01,-5.205077e-01,-6.585065e-01,6.953930e-01,-8.635328e-01,-4.572716e-01,7.533730e-01,9.482003e-01,1.239518e-02,5.426708e-01,1.182367e+00,1.683284e-01,-4.623755e-03,-4.923236e+01,-3.902900e-03
2.076291e-03,-6.822390e+00,1.698883e+00,1.699782e+00,-8.064275e+00,-2.369464e+01,3.932481e-01,-4.380013e+00,-8.854769e+00,-7.446231e-01,1.570014e+01,-9.829063e+00,2.855000e-01,2.991840e-02,2.444762e+02,7.183601e-01,-9.606348e-05,6.178818e-01,-2.779072e-01,-5.655835e-01,3.974581e-02,-5.190754e-02,-9.996835e-01,1.249987e+00,6.418296e-01,1.460671e-02,6.038663e-01,7.911646e-01,-1.961243e-01,-4.684195e-03,-4.901475e+01,-2.213812e-03
2.043704e-03,-6.765079e+00,1.816458e+00,9.493337e-01,-8.864254e+00,-2.305331e+01,-1.252062e+00,-2.843612e+00,-8.656040e+00,-6.323091e-01,1.671490e+01,-9.789441e+00,-5.407041e-01,2.478090e-02,1.831906e+02,7.200510e-01,-5.674444e-05,1.503755e-01,-3.784349e-02,-4.456076e-01,-2.711143e-01,6.643947e-01,-1.364831e+00,1.657494e+00,5.416279e-01,-2.694074e-01,3.943984e-01,5.315248e-01,-1.272636e-01,-2.508311e-03,-3.087798e+01,-1.123136e-03
2.036084e-03,-7.035838e+00,1.872969e+00,7.021921e-01,-9.382035e+00,-2.125968e+01,-2.327758e+00,-2.269649e-01,-8.054259e+00,-1.432519e+00,1.704563e+01,-9.484263e+00,-4.287810e-01,2.478090e-02,1.825983e+02,7.202005e-01,-7.366585e-05,-2.195258e-02,1.020330e-01,-3.190082e-01,2.051753e-01,9.188226e-01,-1.477000e+00,1.408438e+00,7.630177e-01,-3.419788e-01,-1.955597e-01,3.439747e-01,3.203636e-02,1.208829e-04,-1.291356e+01,-1.578140e-03
1.958853e-03,-7.330444e+00,2.018313e+00,5.008240e-01,-9.294711e+00,-2.062614e+01,-4.368534e+00,6.951823e-01,-7.658713e+00,-2.342508e+00,1.649044e+01,-9.796906e+00,-2.474600e-01,2.780296e-02,1.817130e+02,7.176725e-01,-1.382539e-04,1.023043e-01,1.913938e-01,-3.862942e-01,1.123565e+00,7.865885e-01,-1.197275e+00,5.907073e-01,1.104852e+00,-4.076295e-01,-1.107935e+00,8.456799e-01,2.214811e-01,1.027501e-03,-1.282527e+01,-6.846779e-03
1.750387e-03,-6.649470e+00,2.108121e+00,3.289962e-01,-6.823170e+00,-2.031411e+01,-5.433514e+00,8.927801e-01,-5.538344e+00,-1.599418e+00,1.483458e+01,-8.105457e+00,2.990597e-01,2.901179e-02,1.806472e+02,7.116587e-01,-1.611266e-04,-8.374067e-02,7.897979e-01,-6.326658e-01,2.153864e+00,1.216924e+00,-4.873982e-01,-3.767850e-01,1.329393e+00,-1.681067e-01,-1.991569e+00,1.451751e+00,-4.001813e-02,3.807797e-03,-3.072742e+01,-5.642708e-02
1.495283e-03,-6.446742e+00,2.655851e+00,-7.955394e-01,-4.525862e+00,-1.959315e+01,-5.685558e+00,-4.499475e-01,-4.389737e+00,-2.587007e+00,1.228075e+01,-6.250445e+00,2.027811e-01,2.780296e-02,1.200398e+02,6.900880e-01,2.949565e-05,-8.128951e-01,1.599025e+00,-1.162409e+00,2.579636e+00,2.080054e+00,6.848665e-01,-7.236408e-01,1.125010e+00,-3.265713e-01,-2.718652e+00,1.973900e+00,-3.531410e-01,1.647023e-02,-4.842753e+01,-1.260007e-01
1.462236e-03,-7.896392e+00,5.503189e+00,-1.812955e+00,-9.971367e-01,-1.569155e+01,-4.106237e+00,-1.538325e+00,-3.041781e+00,-2.150803e+00,9.192629e+00,-3.998740e+00,-8.539922e-01,4.381989e-02,5.979779e+01,4.518574e-01,8.653721e-04,-2.270332e+00,2.431996e+00,-2.059468e+00,2.599326e+00,2.607156e+00,1.882165e+00,-5.505257e-01,5.896659e-01,-4.519483e-01,-2.687207e+00,2.290948e+00,-4.149736e-01,4.128135e-02,-4.813342e+01,-1.895836e-01
2.250407e-03,-1.077146e+01,8.315904e+00,-4.240246e+00,6.904528e-01,-1.253715e+01,-1.607840e+00,-1.707469e+00,-3.281943e+00,-3.699672e+00,5.718151e+00,-1.980766e+00,-1.436639e+00,1.027501e-01,0,2.175698e-01,2.301185e-03,-3.512949e+00,2.541767e+00,-2.911097e+00,2.253476e+00,1.844850e+00,2.105410e+00,-3.297174e-01,-2.956176e-01,-4.679720e-01,-1.974396e+00,1.943640e+00,-4.457123e-01,6.817769e-02,-2.998774e+01,-1.832033e-01
5.699685e-03,-1.583877e+01,1.143807e+01,-8.245988e+00,3.565303e+00,-1.080633e+01,1.938453e+00,-1.231088e+00,-3.143911e+00,-3.302827e+00,4.679842e+00,1.214444e+00,-9.560984e-01,1.979450e-01,0,0,3.634685e-03,-3.810972e+00,1.880011e+00,-3.302554e+00,1.580163e+00,9.490605e-02,1.356683e+00,-3.810926e-01,-1.051231e+00,-7.947659e-02,-7.306259e-01,1.330234e+00,-1.932100e-01,8.065881e-02,-1.195956e+01,-1.121285e-01
1.088248e-02,-2.004029e+01,1.239724e+01,-1.213451e+01,4.460297e+00,-1.281151e+01,1.819148e+00,-2.252153e+00,-5.816760e+00,-4.350855e+00,4.665167e+00,8.611636e-01,-1.974728e+00,2.916289e-01,0,0,3.842198e-03,-2.894433e+00,9.011915e-01,-2.712951e+00,1.128861e+00,-6.888629e-01,4.354087e-01,-6.074944e-01,-1.468229e+00,7.368039e-01,5.706652e-01,5.414563e-01,2.704179e-02,7.041403e-02,0,-4.351395e-02
1.531962e-02,-2.231683e+01,1.286257e+01,-1.437859e+01,5.018757e+00,-1.507984e+01,9.636831e-01,-3.171446e+00,-7.030526e+00,-2.222594e+00,6.065991e+00,1.231466e+00,-1.550998e+00,3.526745e-01,0,0,2.602614e-03,-1.313319e+00,-2.025450e-01,-1.502239e+00,5.525123e-01,-8.919545e-02,2.961178e-01,-2.282035e-01,-5.421442e-01,1.333605e+00,1.036447e+00,2.533060e-01,5.518287e-01,4.605622e-02,0,0
1.665143e-02,-2.200459e+01,1.210961e+01,-1.473870e+01,5.608032e+00,-1.384471e+01,1.056588e+00,-3.774762e+00,-8.679780e+00,-5.557685e-01,7.878402e+00,7.180045e-01,-1.003980e+00,3.774554e-01,0,0,9.184714e-04,-1.948051e-01,-7.780129e-01,-5.271081e-01,3.600260e-01,1.466718e+00,9.391845e-01,7.857004e-01,9.454334e-01,1.389515e+00,8.534445e-01,3.441551e-01,6.268306e-01,2.157752e-02,0,0
1.582828e-02,-2.142322e+01,1.056916e+01,-1.445509e+01,5.753996e+00,-1.073571e+01,3.800322e+00,-1.610800e+00,-4.423122e+00,1.467656e+00,8.255458e+00,2.552553e+00,1.317671e+00,3.853128e-01,0,0,-3.489076e-04,1.618370e-01,-1.039712e+00,-1.658337e-01,-1.559166e-01,1.982947e+00,1.091220e+00,9.494058e-01,1.884004e+00,7.038983e-01,3.552594e-01,4.114963e-01,3.301017e-01,3.294045e-03,0,0
1.522051e-02,-2.146113e+01,9.653883e+00,-1.473180e+01,5.892807e+00,-7.649987e+00,5.096752e+00,8.960264e-01,-2.393295e+00,7.515953e-01,7.837656e+00,1.921395e+00,-2.749090e-01,3.831973e-01,0,0,-1.349229e-03,2.135979e-01,-8.687846e-01,9.876518e-02,-4.904972e-01,1.195669e+00,1.999929e-01,-1.675975e-01,1.509014e+00,2.530662e-01,-2.488136e-01,6.080883e-01,6.409683e-02,-1.477788e-02,0,0
1.429054e-02,-2.177938e+01,8.891877e+00,-1.521121e+01,4.096786e+00,-8.262467e+00,4.399702e+00,-7.598107e-01,-7.537488e-01,6.432155e-01,7.862661e+00,2.687252e+00,-2.650250e-01,3.662738e-01,0,0,-2.423949e-03,1.021963e+00,-6.886142e-01,9.267483e-01,-7.733184e-01,1.133804e-01,-1.205148e+00,-1.570520e+00,2.754285e-01,-6.670018e-02,-6.757168e-01,7.624538e-02,-2.676940e-01,-4.013297e-02,0,0
1.067415e-02,-2.075852e+01,8.604331e+00,-1.386681e+01,3.984151e+00,-9.102988e+00,1.756863e+00,-5.038245e+00,-2.969394e+00,1.121782e+00,6.830733e+00,3.691097e+00,1.078521e-01,3.130855e-01,0,0,-3.428211e-03,2.538996e+00,-1.007040e+00,2.146301e+00,-1.084569e+00,-8.953106e-01,-1.999217e+00,-1.518366e+00,-1.656327e-01,-1.299973e-01,-1.195860e+00,-1.278480e+00,-1.506394e-01,-6.657600e-02,0,4.106632e-02
5.981716e-03,-1.666470e+01,7.650869e+00,-1.025384e+01,2.841733e+00,-9.442307e+00,-5.554724e-01,-6.496263e+00,-2.757930e+00,9.490611e-01,5.380335e+00,2.048929e+00,-2.121792e-01,2.197038e-01,0,0,-3.409306e-03,3.826850e+00,-1.657317e+00,2.508597e+00,-1.546457e+00,-1.278973e+00,-1.799283e+00,5.250454e-01,-2.374226e-01,-4.713672e-01,-1.393762e+00,-3.291335e+00,-3.011061e-01,-7.975219e-02,1.281084e+01,1.099854e-01
2.233870e-03,-1.132349e+01,5.239185e+00,-6.478982e+00,1.097492e+00,-1.153662e+01,-2.421747e+00,-3.827577e+00,-2.219368e+00,-5.131404e-02,3.099521e+00,-4.151844e+00,-1.054529e+00,1.236023e-01,0,2.053316e-01,-2.274431e-03,3.875173e+00,-2.447366e+00,1.699300e+00,-2.034878e+00,-1.806008e+00,-7.868843e-01,2.372264e+00,9.667341e-02,-8.648817e-01,-8.234183e-01,-4.028982e+00,1.969579e-02,-7.014204e-02,3.170773e+01,1.832946e-01
1.464155e-03,-7.362646e+00,2.287863e+00,-6.362139e+00,-2.192168e+00,-1.344051e+01,-2.507406e+00,1.260082e+00,-2.315875e+00,-1.127072e+00,2.759458e+00,-9.847953e+00,-1.189365e+00,6.225446e-02,6.405420e+01,4.472613e-01,-9.281045e-04,2.585226e+00,-2.548988e+00,4.292259e-01,-1.987169e+00,-1.839095e+00,-4.848545e-02,2.903566e+00,4.388018e-02,-1.042155e+00,-1.102712e-02,-2.959535e+00,4.804160e-01,-4.499849e-02,5.022399e+01,1.952303e-01
1.560776e-03,-6.033686e+00,-9.509966e-01,-7.316164e+00,-3.673291e+00,-1.613392e+01,-1.201592e+00,2.944902e+00,-2.707054e+00,-2.164560e+00,4.024080e+00,-1.050537e+01,6.949241e-01,4.110003e-02,1.265116e+02,6.928424e-01,-6.697713e-05,1.097615e+00,-1.952500e+00,-2.759723e-01,-1.424332e+00,-1.190454e+00,4.660648e-01,2.106549e+00,1.733475e-01,-1.072171e+00,1.035432e+00,-9.549791e-01,7.531651e-01,-2.051979e-02,4.924950e+01,1.339941e-01
1.677740e-03,-6.383476e+00,-1.998980e+00,-7.689121e+00,-4.708723e+00,-1.633913e+01,-1.407977e+00,4.635327e+00,-2.294685e+00,-3.205089e+00,4.862920e+00,-9.571980e+00,1.315174e+00,3.596253e-02,1.878642e+02,7.323963e-01,1.007738e-04,9.435463e-02,-1.143231e+00,-1.179160e-01,-8.383248e-01,-1.421461e-01,5.180947e-01,1.355085e+00,2.893227e-01,-9.728616e-01,1.530777e+00,8.241729e-02,9.794219e-01,-6.557873e-03,2.927582e+01,6.077713e-02
1.792191e-03,-6.324995e+00,-2.379894e+00,-7.195353e+00,-4.765892e+00,-1.603958e+01,-6.411377e-01,5.017546e+00,-1.363225e+00,-4.373159e+00,7.224950e+00,-9.064725e+00,1.459027e+00,3.414929e-02,1.843425e+02,7.327344e-01,6.259127e-05,-1.701134e-01,-5.245615e-01,1.131233e-01,-6.197238e-01,1.160664e+00,4.809140e-01,1.474703e+00,3.950570e-01,-6.740960e-01,1.278592e+00,-1.251984e-02,8.294250e-01,-1.571471e-03,9.921432e+00,7.268155e-03
1.852316e-03,-6.745219e+00,-2.713844e+00,-7.012125e+00,-5.837492e+00,-1.419842e+01,-1.971606e-01,6.999185e+00,-1.541176e+00,-4.887081e+00,8.812908e+00,-1.015619e+01,3.325693e+00,3.294047e-02,1.815178e+02,7.312010e-01,3.133551e-07,-1.244617e-01,-4.525615e-01,4.106707e-02,-3.818222e-01,1.849104e+00,6.542303e-01,1.747962e+00,3.806296e-01,-1.786204e-01,4.080668e-01,-4.774401e-01,6.764739e-01,4.230894e-04,-2.640938e+00,-4.227400e-04
1.786444e-03,-6.703382e+00,-3.216372e+00,-7.089046e+00,-6.207526e+00,-1.140096e+01,5.975698e-01,9.136490e+00,-1.108524e+00,-4.694044e+00,8.442043e+00,-1.027587e+01,3.836790e+00,3.475370e-02,1.792919e+02,7.297809e-01,-5.295407e-05,-1.354859e-01,-5.153455e-01,-2.790972e-01,-5.284157e-02,2.266953e+00,4.989494e-01,1.912964e+00,3.174360e-01,3.351377e-01,-1.211069e+00,-6.996401e-01,3.411395e-02,2.538531e-03,-2.147777e+00,2.321005e-04
1.682181e-03,-6.816591e+00,-3.843548e+00,-7.536939e+00,-5.897017e+00,-9.412921e+00,1.243821e+00,1.131567e+01,-5.188877e-01,-3.937749e+00,6.294708e+00,-1.135361e+01,3.508662e+00,3.777577e-02,1.771848e+02,7.317594e-01,-7.915648e-05,-9.343223e-02,-5.142808e-01,-4.352356e-01,3.222114e-01,1.955076e+00,5.113877e-01,1.411715e+00,1.900269e-01,4.574974e-01,-2.521316e+00,-7.053545e-01,-5.268281e-01,3.445149e-03,-1.722162e+00,7.224918e-04
1.612489e-03,-6.966738e+00,-4.391769e+00,-8.328431e+00,-5.000337e+00,-7.097563e+00,1.133119e+00,1.242412e+01,-2.871890e-01,-3.172137e+00,2.428705e+00,-1.196422e+01,1.538112e+00,4.442430e-02,1.757702e+02,7.336157e-01,-7.532366e-05,-1.739304e-01,-4.234830e-01,-3.651375e-01,2.873710e-01,1.395459e+00,4.053861e-01,7.461799e-01,-3.884751e-01,-1.301289e-04,-2.927767e+00,-6.382152e-01,-5.525092e-01,2.931399e-03,-1.258160e+00,-4.336953e-04
1.543512e-03,-7.080702e+00,-4.697549e+00,-8.568610e+00,-4.830029e+00,-6.574738e+00,2.092004e+00,1.241395e+01,-1.001709e+00,-3.360547e+00,-7.870038e-01,-1.283879e+01,1.840891e+00,4.533092e-02,1.746679e+02,7.328960e-01,-6.704228e-05,-2.060792e-01,-1.397328e-01,-2.547864e-01,8.827142e-02,9.155321e-01,5.496234e-01,-7.227192e-02,-7.768784e-01,-5.025425e-01,-2.492463e+00,-5.118510e-01,-1.436544e-01,1.269265e-03,-7.231506e-01,-2.911270e-03
1.479161e-03,-7.440979e+00,-4.906786e+00,-8.398898e+00,-5.304164e+00,-5.842758e+00,2.200409e+00,1.231825e+01,-2.809489e+00,-4.983295e+00,-2.655938e+00,-1.272435e+01,1.908129e+00,4.563312e-02,1.742596e+02,7.270440e-01,-5.903469e-05,-1.931703e-01,2.114197e-01,-2.423607e-01,-2.168465e-02,5.714186e-01,7.753893e-01,-5.914240e-01,-7.675601e-01,-6.079249e-01,-1.672135e+00,-4.073029e-01,1.471607e-01,3.725290e-10,-1.858322e-01,-4.883492e-03
1.413633e-03,-7.609867e+00,-4.284704e+00,-8.775638e+00,-5.303746e+00,-5.462663e+00,3.458292e+00,1.100724e+01,-3.142130e+00,-5.544882e+00,-3.625284e+00,-1.353280e+01,2.605382e+00,4.351768e-02,1.743243e+02,7.204888e-01,-5.384145e-05,-8.540086e-02,5.046250e-01,-2.056982e-01,7.317676e-02,7.480025e-01,8.713112e-01,-1.178724e+00,6.468892e-02,-4.542101e-01,-1.570196e+00,-6.290141e-01,-2.026966e-02,-3.928680e-04,-1.145912e+01,-6.091738e-03
1.382254e-03,-7.668007e+00,-3.541094e+00,-9.436721e+00,-4.871902e+00,-4.796507e+00,4.326921e+00,1.017035e+01,-3.054779e+00,-5.119594e+00,-4.512831e+00,-1.365373e+01,1.891671e+00,4.533092e-02,1.750128e+02,7.154018e-01,-5.902074e-05,1.062707e-01,6.950035e-01,-1.056638e-01,3.882813e-01,9.472281e-01,8.833523e-01,-1.731011e+00,8.556344e-01,1.205977e-01,-1.860643e+00,-8.079866e-01,-1.647109e-02,5.439706e-04,-2.884221e+01,-6.509292e-03
1.322757e-03,-7.394192e+00,-2.857270e+00,-9.078190e+00,-4.680276e+00,-3.357850e+00,5.385303e+00,7.594272e+00,-5.556190e-01,-5.563448e+00,-7.709539e+00,-1.551917e+01,1.747773e+00,4.351768e-02,1.169957e+02,7.082585e-01,-7.460718e-05,2.055490e-01,6.573621e-01,9.070587e-02,7.753791e-01,1.210529e+00,6.625858e-01,-1.875392e+00,1.161380e+00,3.770955e-01,-2.066540e+00,-7.877709e-01,-2.671485e-01,3.263826e-03,-4.649486e+01,-8.436531e-03
1.229495e-03,-7.017462e+00,-2.145486e+00,-8.775941e+00,-3.674493e+00,-2.159024e+00,5.653665e+00,5.369678e+00,1.754283e-01,-4.371023e+00,-9.917027e+00,-1.577110e+01,2.254579e+00,4.835298e-02,5.871285e+01,7.006128e-01,-9.251953e-05,1.933476e-01,7.505017e-01,2.166269e-01,1.144102e+00,1.327501e+00,4.538674e-01,-1.940252e+00,8.068093e-01,7.639064e-01,-1.447056e+00,-1.619869e-01,-6.652409e-01,7.404050e-03,-4.670213e+01,-5.444623e-02
1.116977e-03,-6.907394e+00,-1.695697e+00,-8.652498e+00,-2.025555e+00,-7.287602e-01,6.107849e+00,4.030620e+00,1.049666e+00,-4.033690e+00,-1.125589e+01,-1.641296e+01,1.088185e+00,5.832578e-02,0,6.857007e-01,-9.018154e-05,3.304472e-02,1.020004e+00,4.103537e-01,1.224444e+00,1.231636e+00,7.333503e-02,-1.509729e+00,8.414537e-05,7.326167e-01,-4.433451e-02,8.179809e-01,-1.206831e+00,8.643096e-03,-2.927042e+01,-1.217187e-01
1.022547e-03,-6.944668e+00,-3.693719e-01,-8.566432e+00,-4.787548e-01,5.264524e-01,6.234985e+00,2.250920e+00,1.766247e-01,-2.064941e+00,-9.974938e+00,-1.401676e+01,-1.104740e+00,7.494712e-02,0,4.544496e-01,-6.804612e-05,-2.313633e-01,1.301297e+00,9.865465e-01,1.150475e+00,1.189948e+00,-4.492373e-01,-1.252468e+00,-7.638532e-01,-1.286683e-02,9.372608e-01,1.929264e+00,-1.576197e+00,3.686915e-03,-1.174257e+01,-1.864180e-01
9.753237e-04,-7.265365e+00,1.354694e+00,-7.131176e+00,-1.559252e-01,1.457593e+00,5.461318e+00,1.605005e+00,-5.557965e-01,-3.053406e+00,-7.902256e+00,-1.230643e+01,-2.606721e+00,7.343609e-02,0,2.227464e-01,-3.644442e-05,-4.606482e-01,1.432906e+00,1.683995e+00,1.151536e+00,8.721734e-01,-1.242848e+00,-7.748425e-01,-1.121251e+00,-8.855507e-01,1.172590e+00,2.593171e+00,-8.510591e-01,-5.439711e-03,0,-1.825851e-01
9.600908e-04,-7.995293e+00,2.835803e+00,-4.603869e+00,1.143068e+00,2.697538e+00,3.730744e+00,3.201478e-01,-2.841106e+00,-4.925499e+00,-6.907537e+00,-8.178044e+00,-3.778952e+00,5.923240e-02,0,0,-1.267251e-05,-7.327252e-01,1.128090e+00,2.032047e+00,1.065988e+00,7.340221e-01,-1.252545e+00,-2.041693e-01,-6.319781e-01,-1.435858e+00,6.966995e-01,2.372295e+00,-2.081107e-01,-1.202780e-02,0,-1.131646e-01
9.659831e-04,-8.685323e+00,3.866245e+00,-2.213807e+00,2.921216e+00,2.546564e+00,1.145730e+00,1.121794e+00,-3.047726e+00,-7.031165e+00,-6.926638e+00,-6.366469e+00,-1.830005e+00,3.898459e-02,0,0,-2.156227e-06,-9.163178e-01,7.675353e-01,1.900825e+00,9.261719e-01,4.675702e-01,-6.606880e-01,5.862386e-02,1.132497e-02,-1.074230e+00,3.717708e-01,1.651872e+00,-8.085690e-02,-9.912360e-03,0,-4.454928e-02
9.638546e-04,-9.898315e+00,4.015303e+00,-8.648839e-01,3.312614e+00,3.652077e+00,2.130053e+00,1.471679e+00,-1.737301e+00,-7.255350e+00,-6.979250e+00,-5.125272e+00,-2.533652e+00,3.203385e-02,0,0,-3.806769e-06,-1.068474e+00,5.914592e-01,1.423113e+00,5.591930e-01,1.690207e-01,2.609677e-02,-2.507061e-01,4.044225e-01,-6.327906e-02,4.354970e-01,5.305423e-01,-4.367118e-01,-2.750074e-03,0,0
9.626606e-04,-1.089544e+01,4.602621e+00,5.034567e-01,3.390162e+00,3.318174e+00,2.958224e+00,1.322358e+00,-1.051074e+00,-7.259630e+00,-6.007545e+00,-5.573462e+00,-3.633655e+00,3.747356e-02,0,0,-9.565719e-06,-1.075929e+00,5.294735e-01,9.731420e-01,4.312903e-01,-1.757379e-01,3.842100e-01,-6.668689e-01,5.474823e-01,1.155812e+00,6.601651e-01,-2.007286e-01,-8.531659e-01,5.409489e-03,0,0
9.427182e-04,-1.223260e+01,5.424911e+00,1.153065e+00,3.704561e+00,3.156837e+00,2.954981e+00,-1.033665e+00,-1.817320e+00,-5.127662e+00,-5.189599e+00,-5.921836e+00,-5.060686e+00,4.623754e-02,0,0,-1.574117e-05,-7.861243e-01,4.483486e-01,4.416404e-01,5.016182e-01,-5.120075e-01,1.421895e-01,-5.063514e-01,7.304627e-01,1.875515e+00,9.562098e-01,3.864827e-02,-6.796720e-02,6.920519e-03,0,0
9.287227e-04,-1.289782e+01,5.808809e+00,1.642929e+00,4.881694e+00,1.915494e+00,2.654316e+00,-9.598785e-01,-2.703050e-01,-2.315949e+00,-4.520638e+00,-6.971830e+00,-4.832317e+00,5.893019e-02,0,0,-1.809382e-05,-3.398072e-01,2.013340e-02,-2.198140e-01,3.115002e-01,-4.074394e-01,5.393241e-01,7.607529e-01,1.297390e+00,2.004326e+00,1.566441e+00,9.389111e-01,5.907764e-01,3.263825e-03,0,0
9.021177e-04,-1.282775e+01,5.653952e+00,7.735819e-01,5.074938e+00,1.793380e+00,2.992954e+00,8.104070e-02,1.524628e+00,-3.496149e-01,-2.941655e+00,-4.232847e+00,-2.274157e+00,5.590813e-02,0,0,-1.373957e-05,4.862690e-02,-4.639118e-01,-7.901407e-01,-2.184662e-01,-4.391941e-01,7.906867e-01,1.670261e+00,1.235843e+00,1.145842e+00,2.384058e+00,1.839236e+00,7.731241e-01,4.533078e-04,0,0
8.924918e-04,-1.229691e+01,4.588767e+00,-4.058721e-01,4.262474e+00,1.962706e+00,5.635858e+00,4.568770e+00,3.764904e+00,3.729773e-01,7.006857e-01,-1.723401e+00,-2.073038e+00,4.895739e-02,0,0,-5.842553e-06,3.194189e-02,-7.737400e-01,-1.000074e+00,-6.857761e-01,-4.311129e-01,6.585270e-01,1.120532e+00,6.124069e-01,4.085836e-01,2.631482e+00,1.653477e+00,4.498725e-01,7.736477e-03,0,0
8.921358e-04,-1.228993e+01,3.715373e+00,-1.773238e+00,2.921840e+00,9.372607e-01,5.417643e+00,4.553314e+00,2.344290e+00,-7.429126e-01,4.120028e+00,6.501319e-01,-2.574705e+00,5.349048e-02,0,0,1.359463e-06,-2.967359e-01,-7.010401e-01,-5.987490e-01,-9.539374e-01,-7.327936e-01,-8.519487e-02,-6.131563e-02,6.525831e-02,4.723617e-02,1.682109e+00,3.921852e-01,2.547474e-01,2.039891e-02,0,0
9.045009e-04,-1.300702e+01,2.909398e+00,-2.084032e+00,2.529363e+00,1.879891e-01,4.734606e+00,2.406646e+00,2.381899e+00,-7.638169e-02,5.105928e+00,-1.145934e+00,-2.432681e+00,9.882140e-02,0,0,4.769309e-06,-6.385635e-01,-4.084517e-01,-1.552779e-03,-5.640365e-01,-7.955348e-01,-6.927617e-01,-9.710072e-01,4.593077e-02,2.746115e-01,-2.377281e-01,-7.294933e-01,3.362898e-01,2.209127e-02,0,0
9.029105e-04,-1.395637e+01,2.988436e+00,-1.381083e+00,1.171807e+00,-9.832301e-01,3.017606e+00,8.555242e-01,2.542422e+00,1.112454e-01,3.266270e+00,-2.560654e+00,-8.205981e-01,1.329707e-01,0,0,1.950533e-06,-7.372338e-01,-2.598395e-02,4.655111e-01,-3.534209e-01,-6.868516e-01,-4.844318e-01,-3.362296e-01,4.933768e-01,6.907573e-01,-1.467539e+00,-1.117012e+00,1.997905e-01,4.381989e-03,0,0
9.109511e-04,-1.465651e+01,2.909977e+00,-6.097136e-01,2.317308e+00,-1.054723e+00,3.372068e+00,1.562628e+00,3.895492e+00,1.318956e+00,-6.107593e-02,-3.765474e+00,-1.268642e+00,1.196736e-01,0,0,-5.413568e-06,-5.590113e-01,1.222422e-01,3.639907e-01,7.133961e-02,-2.047924e-01,-7.716753e-02,3.131959e-01,2.546852e-01,6.189196e-01,-1.121618e+00,-6.307265e-01,-6.821684e-01,-2.051980e-02,0,0
8.986634e-04,-1.515136e+01,3.585164e+00,-1.828417e-01,1.260763e+00,-1.875641e+00,3.676753e+00,3.294175e+00,4.054378e+00,2.013205e+00,-6.341673e-01,-3.625159e+00,-2.157772e+00,6.497432e-02,0,0,-1.231899e-05,-3.010595e-01,-5.787265e-02,-9.859797e-02,1.802134e-01,1.177191e-01,1.879026e-01,5.549923e-01,-3.988149e-01,8.283173e-02,1.520735e-01,4.881949e-01,-7.818910e-01,-2.302811e-02,0,0
8.795566e-04,-1.520459e+01,3.222245e+00,-8.631987e-01,2.841583e+00,-3.897675e-01,4.019195e+00,2.753300e+00,2.899347e+00,2.067236e+00,1.448057e+00,-3.767314e+00,-5.174936e+00,3.022061e-02,0,0,-1.281420e-05,-1.994805e-01,-3.976701e-01,-5.366284e-01,-3.332040e-02,4.075710e-01,-3.061681e-01,-1.181928e-01,-9.396826e-01,-7.104862e-01,1.047324e+00,1.107794e+00,-1.773044e-01,8.461758e-04,0,0
8.570128e-04,-1.518763e+01,2.542938e+00,-1.747330e+00,1.810736e+00,-7.271125e-01,3.633555e+00,3.035150e+00,1.046420e+00,1.512638e-01,3.272071e+00,-1.187601e-01,-2.776906e+00,6.255666e-02,0,0,-5.237316e-06,-2.322921e-01,-7.152766e-01,-6.031731e-01,1.033501e-01,5.226966e-01,-5.376793e-01,-7.235509e-01,-1.255583e+00,-1.101207e+00,9.265854e-01,1.673274e+00,7.749287e-01,2.852825e-02,0,0
8.677054e-04,-1.563577e+01,1.442739e+00,-2.510612e+00,1.875719e+00,4.088678e-01,1.862827e+00,1.101177e+00,7.010571e-01,-1.302504e+00,3.222425e+00,2.029417e-02,-1.845597e+00,1.251133e-01,0,0,4.714600e-06,-3.111086e-01,-4.732722e-01,-1.774304e-01,2.067077e-01,3.149284e-01,-9.588628e-01,-1.044306e+00,-7.918159e-01,-5.658208e-01,2.261016e-02,1.129493e+00,1.313808e+00,2.831671e-02,0,0
8.784024e-04,-1.609722e+01,8.985339e-01,-2.375001e+00,2.260445e+00,3.385241e-01,2.066541e+00,5.024826e-01,-1.124390e+00,-1.807959e+00,3.111576e+00,2.847408e+00,5.220236e-02,1.601692e-01,0,0,7.326534e-06,-2.796998e-01,5.673065e-02,1.966349e-01,5.018391e-01,1.309343e-01,-8.540754e-01,-8.593199e-01,-1.336051e-01,5.937218e-01,-4.916754e-02,6.098378e-01,3.937319e-01,3.838019e-03,0,0
8.924347e-04,-1.630533e+01,1.678086e+00,-1.436515e+00,3.650267e+00,6.520559e-01,8.388559e-03,-1.201898e+00,2.567291e-02,2.177436e-01,1.641355e+00,3.970672e-01,-2.045172e-02,1.229979e-01,0,0,7.789902e-06,-1.453335e-01,5.239161e-01,1.779107e-01,2.138863e-01,-3.954701e-01,-5.430025e-01,2.697912e-02,3.556100e-01,1.089326e+00,3.140680e-01,7.074403e-01,5.630970e-03,-1.976428e-02,0,0
8.812808e-04,-1.625135e+01,2.708918e+00,-1.301204e+00,3.432658e+00,-1.940350e-01,2.903975e-01,-1.099124e-01,7.160870e-01,2.359749e+00,3.816768e+00,2.742042e+00,-1.720819e+00,8.280448e-02,0,0,9.510410e-06,-5.550919e-02,4.946690e-01,-1.052639e-01,-2.075687e-01,-2.602142e-01,1.202215e-01,6.684260e-01,9.872306e-01,7.106975e-01,6.309175e-01,8.476781e-01,-2.665283e-01,-2.236325e-02,0,0
9.052157e-04,-1.628538e+01,3.157128e+00,-2.157957e+00,2.359045e+00,-1.302203e+00,3.588553e-02,1.542270e+00,1.558869e+00,2.060273e+00,4.440168e+00,3.610178e+00,-9.309316e-01,6.497432e-02,0,0,1.175559e-05,8.962631e-04,-3.250742e-02,-3.632116e-01,-4.684134e-01,1.699977e-01,1.393367e+00,1.280701e+00,7.048254e-01,-4.127919e-01,3.194561e-01,1.113110e+00,3.856704e-01,-1.486854e-02,0,0
9.195640e-04,-1.638474e+01,2.632358e+00,-2.540600e+00,1.868213e+00,1.458271e-02,2.653900e+00,2.472529e+00,3.045165e+00,8.242636e-01,4.866757e+00,5.479243e+00,-8.251993e-01,7.736477e-02,0,0,1.217577e-05,-8.445263e-02,-5.267159e-01,-1.233043e-01,-2.393679e-01,6.473743e-01,1.952520e+00,1.073776e+00,1.039345e+00,-4.779978e-01,-4.743422e-01,2.480714e-01,9.398762e-01,-1.012391e-02,0,0
9.320711e-04,-1.623415e+01,1.553829e+00,-2.632875e+00,2.090422e+00,1.397736e+00,5.793474e+00,3.910388e+00,2.385261e+00,-1.078473e+00,2.713641e+00,4.594015e+00,1.460090e+00,5.137504e-02,0,0,1.727825e-06,-1.062374e-01,-5.196818e-01,2.924773e-01,1.144255e-01,4.994988e-01,1.560312e+00,3.755750e-01,7.875860e-01,1.898463e-01,-4.016709e-01,-3.348653e-02,1.236045e+00,-7.706256e-03,0,0
9.287319e-04,-1.669922e+01,8.769878e-01,-1.680266e+00,2.370130e+00,1.692867e+00,7.174203e+00,4.074907e+00,5.499616e+00,1.539133e+00,2.308321e+00,3.490481e+00,1.783051e+00,3.898459e-02,0,0,-5.840103e-06,-5.523472e-02,-2.288564e-01,3.070358e-01,3.248375e-01,-1.470045e-01,8.583341e-02,-2.885960e-01,5.564983e-01,1.037345e+00,-4.826825e-02,-3.960586e-01,1.357678e+00,8.491993e-03,0,0
9.092709e-04,-1.665933e+01,1.436404e+00,-1.125737e+00,2.680214e+00,3.561488e-01,5.577295e+00,2.618956e+00,4.269573e+00,2.652070e+00,3.711032e+00,4.437126e+00,3.945171e+00,4.563312e-02,0,0,-9.131659e-06,1.089516e-01,1.200699e-01,-5.597774e-02,7.857756e-02,-3.180827e-01,-1.179457e+00,-8.824147e-01,-2.861127e-01,9.905409e-01,2.647559e-01,-6.274673e-01,8.654888e-01,3.974010e-02,0,0
9.017636e-04,-1.644833e+01,1.546788e+00,-1.758989e+00,3.197504e+00,-1.996462e-01,3.191156e+00,1.675265e+00,4.885500e+00,4.145716e+00,4.126720e+00,3.577394e+00,4.720650e+00,1.226957e-01,0,0,-3.859977e-06,2.229756e-01,-7.189560e-03,-6.091481e-01,-2.105481e-01,3.159391e-01,-1.261445e+00,-8.860351e-01,-1.706216e+00,-1.887476e-01,5.476389e-02,-1.303761e+00,1.434145e-01,5.965549e-02,0,0
8.998970e-04,-1.581484e+01,1.819278e+00,-2.873402e+00,2.069623e+00,7.535787e-01,1.887712e+00,6.981349e-01,1.261755e+00,2.570940e+00,3.128221e+00,1.413222e+00,4.318735e+00,2.082200e-01,0,0,2.521352e-06,1.737227e-01,-2.317417e-01,-7.085481e-01,-4.380478e-01,1.076359e+00,-2.169161e-01,5.295896e-03,-1.598563e+00,-1.075966e+00,-1.221899e-01,-1.595502e+00,-9.631902e-01,4.663040e-02,0,0
9.141190e-04,-1.600659e+01,6.496027e-01,-3.852174e+00,1.622685e+00,3.073848e+00,2.711770e+00,6.051417e-01,-1.527557e+00,6.359602e-01,2.873546e+00,-1.516372e+00,2.313341e+00,2.559686e-01,0,0,4.497246e-06,-3.853464e-02,-4.272668e-01,-5.734266e-01,-1.626803e-01,1.227537e+00,8.936021e-01,1.032124e+00,-6.870188e-01,-1.634111e+00,2.417082e-01,-9.642126e-01,-1.476259e+00,-1.964343e-03,0,0
9.156999e-04,-1.601158e+01,7.262880e-01,-3.621885e+00,1.277385e+00,4.101194e+00,4.732408e+00,3.180497e+00,-5.167122e-01,-9.728834e-01,3.726670e+00,-9.935005e-01,3.328741e-01,2.121487e-01,0,0,4.419946e-06,-1.891558e-01,-4.900380e-01,-3.578122e-01,3.073236e-01,5.610498e-01,1.090028e+00,1.755451e+00,1.120086e+00,-1.014368e+00,4.652177e-01,9.102303e-02,-1.535019e+00,-4.950136e-02,0,0
9.163483e-04,-1.654263e+01,-4.305063e-02,-4.251881e+00,2.780222e+00,4.264232e+00,6.236818e+00,5.594706e+00,2.339640e+00,-2.252925e+00,5.036037e+00,-4.030793e-02,-6.677124e-01,1.109096e-01,0,0,1.578685e-06,-1.186199e-01,-1.339246e-01,-2.980366e-02,6.211041e-01,-8.951652e-02,7.383035e-01,1.354395e+00,1.656482e+00,-6.369025e-02,-1.116097e-02,2.040551e-01,-1.373740e+00,-6.841946e-02,0,0
9.208820e-04,-1.649260e+01,-2.845850e-01,-4.462610e+00,3.027472e+00,2.963636e+00,5.575329e+00,6.980608e+00,4.928588e+00,-1.056457e+00,4.373064e+00,1.130305e+00,-1.865832e+00,3.324267e-02,0,0,1.024759e-05,4.063082e-01,4.599493e-01,2.251032e-01,9.692185e-02,-5.591194e-01,-4.083328e-02,-4.911671e-01,7.773441e-01,7.233068e-01,-8.892769e-01,-7.609731e-01,-8.570169e-01,-4.950136e-02,0,0
9.194214e-04,-1.635918e+01,4.854164e-01,-3.580830e+00,3.853162e+00,3.195045e+00,5.981827e+00,5.477059e+00,4.032202e+00,3.592959e-01,2.494544e+00,-1.557999e+00,-3.456008e+00,3.324267e-03,0,0,3.084003e-05,1.529189e+00,1.377105e+00,3.647716e-01,-1.303653e+00,-9.218585e-01,-8.222755e-01,-2.738271e+00,-8.100518e-01,1.003585e+00,-1.239458e+00,-2.163171e+00,1.791371e-01,-1.640979e-02,0,3.701469e-02
9.654014e-04,-1.407177e+01,2.761801e+00,-2.831895e+00,1.225524e+00,1.840191e+00,4.655737e+00,7.834852e-01,2.523728e+00,1.337540e+00,5.510319e-01,-4.039520e+00,-2.558063e+00,1.843457e-02,0,0,6.773516e-05,2.605845e+00,1.559509e+00,-1.138798e-01,-2.800243e+00,-1.395951e+00,-1.953775e+00,-4.666651e+00,-2.256760e+00,5.651085e-01,-6.495507e-01,-3.109464e+00,1.834745e+00,5.288607e-03,0,1.018658e-01
1.048289e-03,-1.010710e+01,5.319283e+00,-3.243381e+00,-2.837067e+00,2.166612e-01,2.585237e+00,-4.998088e+00,-5.081885e-01,1.568001e+00,7.497635e-01,-8.271251e+00,5.740886e-01,3.626473e-02,0,1.850734e-01,1.066831e-04,3.043869e+00,9.627140e-01,-6.282754e-01,-3.754092e+00,-1.870627e+00,-2.920789e+00,-5.297419e+00,-3.055647e+00,-5.030239e-03,4.226634e-01,-3.273005e+00,2.865753e+00,8.703535e-03,1.430519e+01,1.740864e-01
1.195124e-03,-6.589413e+00,5.096025e+00,-5.200733e+00,-7.628628e+00,-2.526928e+00,-2.495249e+00,-1.111507e+01,-4.085017e+00,1.164733e+00,1.997700e+00,-1.106039e+01,5.292844e+00,4.321547e-02,0,4.167923e-01,1.362845e-04,2.364456e+00,-2.462696e-01,-7.297934e-01,-3.396872e+00,-1.834887e+00,-2.879682e+00,-3.965373e+00,-3.074123e+00,-6.445580e-01,1.067456e+00,-2.766427e+00,2.384975e+00,1.027501e-03,3.582455e+01,1.929627e-01
1.337976e-03,-4.881016e+00,4.131875e+00,-5.537788e+00,-1.049022e+01,-3.974530e+00,-5.046625e+00,-1.506076e+01,-7.941660e+00,4.205485e-01,3.884526e+00,-1.441259e+01,6.947304e+00,3.445150e-02,7.152594e+01,6.620356e-01,2.486471e-04,1.168218e+00,-1.704621e+00,-7.323308e-01,-2.793132e+00,-1.329921e+00,-2.413086e+00,-1.393358e+00,-1.473089e+00,-1.097990e+00,9.793380e-01,-1.666122e+00,7.672105e-01,-4.533091e-03,5.762018e+01,1.426107e-01
1.501980e-03,-4.862530e+00,2.124157e+00,-5.333658e+00,-1.193226e+01,-5.238649e+00,-5.926743e+00,-1.401205e+01,-9.130151e+00,-1.311523e+00,4.320930e+00,-1.480098e+01,6.180202e+00,2.447869e-02,1.433598e+02,7.263324e-01,4.250221e-04,3.805963e-01,-2.810153e+00,-1.205755e+00,-1.835402e+00,-2.954990e-01,-9.237960e-01,1.307449e+00,9.977152e-01,-1.137074e+00,4.068970e-01,-1.335326e+00,-5.649508e-01,-4.472650e-03,5.783323e+01,7.775741e-02
2.138096e-03,-5.129449e+00,-1.717890e+00,-6.838572e+00,-1.465091e+01,-5.077086e+00,-7.764445e+00,-1.051639e+01,-5.351066e+00,-2.683819e+00,4.484838e+00,-1.473156e+01,3.966462e+00,2.296766e-02,2.164210e+02,7.433569e-01,6.365453e-04,1.617885e-01,-3.583937e+00,-2.443107e+00,-9.285224e-01,6.230708e-01,5.063020e-01,2.767508e+00,3.159247e+00,-8.759595e-01,-2.048493e-01,-1.699672e+00,-8.475732e-01,-9.972800e-04,3.641738e+01,2.954604e-02
2.920174e-03,-4.562214e+00,-6.029860e+00,-1.057912e+01,-1.472529e+01,-3.453145e+00,-5.755319e+00,-6.850009e+00,-3.917381e-01,-2.968451e+00,3.732029e+00,-1.757754e+01,3.958511e+00,2.659414e-02,2.167186e+02,7.649187e-01,7.040521e-04,2.685615e-01,-3.229177e+00,-3.438944e+00,4.013799e-01,9.432014e-01,2.047501e+00,2.162300e+00,3.267161e+00,-5.551538e-01,-5.739196e-01,-2.801519e+00,-3.331810e-01,1.631913e-03,1.458801e+01,2.292887e-02
3.811605e-03,-4.222231e+00,-9.710804e+00,-1.513059e+01,-1.373632e+01,-1.751928e+00,-2.600827e+00,-4.804235e+00,3.485369e+00,-3.130785e+00,3.154731e+00,-2.152267e+01,3.820284e+00,2.840737e-02,2.169334e+02,7.904727e-01,5.572826e-04,2.539640e-01,-1.917859e+00,-3.335068e+00,1.615403e+00,2.420286e-01,2.822440e+00,1.111301e+00,1.840815e+00,-5.517622e-01,-5.879956e-01,-2.936777e+00,5.144310e-03,1.722574e-03,-1.087189e-02,2.068320e-02
4.185486e-03,-3.973331e+00,-1.002527e+01,-1.838237e+01,-1.038266e+01,-2.185221e+00,1.728952e+00,-6.056624e+00,2.787436e+00,-3.863809e+00,2.116386e+00,-2.541302e+01,4.587387e+00,2.991840e-02,2.160436e+02,8.174189e-01,2.529200e-04,-4.653788e-03,-3.452201e-01,-2.262105e+00,1.881879e+00,-9.930692e-01,2.067633e+00,2.722737e-01,4.468943e-01,-9.049410e-01,-7.047437e-01,-1.891664e+00,-1.655239e-01,8.763977e-04,2.079636e-01,1.232270e-02
4.291853e-03,-4.154071e+00,-9.309478e+00,-1.961229e+01,-8.745214e+00,-4.500905e+00,2.605619e+00,-5.356575e+00,2.263424e+00,-4.994951e+00,2.352682e+00,-2.549770e+01,3.677746e+00,2.991840e-02,2.167042e+02,8.205228e-01,-1.158529e-04,-2.243835e-01,9.988893e-01,-7.006506e-01,1.727369e+00,-1.847403e+00,9.841946e-01,4.405123e-01,5.379117e-02,-9.771598e-01,-1.075977e+00,-2.131624e-01,-1.411402e-01,3.928682e-04,6.982010e-01,8.125901e-04
3.944650e-03,-4.619564e+00,-7.956623e+00,-1.964879e+01,-7.811445e+00,-7.044003e+00,1.979621e+00,-5.212471e+00,2.453706e+00,-6.561073e+00,6.093345e-01,-2.504834e+01,3.202161e+00,3.022061e-02,2.178731e+02,8.115072e-01,-3.956406e-04,-4.500560e-01,1.577617e+00,5.521469e-01,1.283340e+00,-1.441948e+00,-2.523066e-01,5.961267e-01,5.388807e-01,-4.779740e-01,-1.359182e+00,9.503826e-01,-4.265974e-01,1.511037e-04,1.225194e+00,-9.282005e-03
3.352759e-03,-5.021033e+00,-5.750681e+00,-1.800063e+01,-6.385078e+00,-8.559552e+00,2.194812e+00,-3.023751e+00,3.921190e+00,-6.667952e+00,-1.471630e+00,-2.277083e+01,3.807196e+00,3.022061e-02,2.195097e+02,7.974915e-01,-5.620724e-04,-5.522229e-01,1.975607e+00,1.291552e+00,1.224204e+00,-1.468065e-01,-2.963477e-01,4.423009e-01,6.463470e-01,5.646505e-01,-1.592886e+00,1.405043e+00,-7.273916e-01,1.601693e-03,1.190532e+00,-1.629219e-02
2.676830e-03,-5.790130e+00,-3.916583e+00,-1.642746e+01,-5.146021e+00,-7.365635e+00,6.728223e-01,-4.242403e+00,4.652956e+00,-5.417179e+00,-2.767366e+00,-2.202455e+01,2.389674e+00,3.052282e-02,2.207668e+02,7.825245e-01,-4.379669e-04,-9.428314e-01,2.368543e+00,1.482433e+00,1.581913e+00,9.826907e-01,5.694761e-02,1.560149e-01,-2.343652e-02,1.335814e+00,-1.411251e+00,1.746935e+00,-1.623093e+00,9.761257e-03,-1.392420e+01,-6.831939e-02
2.115401e-03,-6.329902e+00,-1.451462e+00,-1.476519e+01,-3.956903e+00,-5.074121e+00,1.777280e+00,-3.630105e+00,4.395534e+00,-2.743646e+00,-3.923398e+00,-1.998438e+01,4.470308e-01,3.777577e-02,2.212100e+02,7.535532e-01,1.192518e-04,-1.732246e+00,2.993711e+00,1.139542e+00,1.906045e+00,1.127615e+00,5.157102e-01,6.641213e-01,-8.116190e-01,1.251287e+00,-1.393328e+00,2.630588e+00,-1.970212e+00,2.713811e-02,-3.650629e+01,-1.411754e-01
2.373494e-03,-8.679286e+00,1.736484e+00,-1.385435e+01,-1.115965e+00,-3.873264e+00,2.473125e+00,-4.129219e+00,2.099351e+00,-1.844154e+00,-5.221037e+00,-1.770689e+01,-3.233223e+00,7.524932e-02,1.474019e+02,4.918794e-01,1.187172e-03,-2.791246e+00,3.542930e+00,5.616282e-01,2.496091e+00,5.893349e-01,9.962505e-01,1.861428e+00,-1.034652e+00,4.444434e-01,-1.255294e+00,3.414727e+00,-1.170598e+00,4.962224e-02,-5.890828e+01,-2.081665e-01
4.100685e-03,-1.223769e+01,6.391338e+00,-1.358948e+01,1.130119e+00,-4.667661e+00,3.873212e+00,2.402644e-01,1.139897e+00,-2.198029e+00,-7.211433e+00,-1.177672e+01,-3.232414e+00,1.435479e-01,7.366070e+01,2.369372e-01,2.687475e-03,-3.426919e+00,3.503705e+00,-1.756315e-01,2.614961e+00,1.656923e-01,8.836399e-01,2.616226e+00,-7.667445e-01,-3.385537e-01,-4.076462e-01,3.377936e+00,4.182424e-02,6.533696e-02,-5.898219e+01,-1.998986e-01
7.620046e-03,-1.679247e+01,9.876666e+00,-1.420718e+01,4.790923e+00,-4.622190e+00,4.606109e+00,3.129552e+00,1.107515e+00,-3.467770e+00,-7.399818e+00,-9.054744e+00,-1.623593e+00,2.257480e-01,0,0,4.190302e-03,-3.261420e+00,2.762979e+00,-6.172454e-01,2.507722e+00,6.553316e-02,1.216973e+00,2.354348e+00,-2.259089e-01,-2.010928e-01,1.673275e-01,2.398184e+00,4.862713e-01,6.479299e-02,-3.684646e+01,-1.220696e-01
1.292950e-02,-1.940791e+01,1.199697e+01,-1.546693e+01,6.164459e+00,-3.871197e+00,5.128988e+00,5.821640e+00,1.057729e+00,-3.624606e+00,-4.872239e+00,-7.420772e+00,-1.486632e-01,2.892112e-01,0,0,4.682336e-03,-2.522570e+00,1.685203e+00,-6.037749e-01,2.103374e+00,-2.773023e-01,9.331604e-01,4.192895e-01,8.291757e-03,6.970166e-01,1.058293e+00,1.407456e+00,-3.928806e-01,4.928981e-02,-1.473214e+01,-4.738744e-02
1.891060e-02,-2.140128e+01,1.274856e+01,-1.600184e+01,8.905476e+00,-3.943831e+00,7.930101e+00,4.851832e+00,1.010890e+00,-2.136330e+00,-5.553997e+00,-7.893940e+00,-2.343742e+00,3.263826e-01,0,0,3.322803e-03,-1.596429e+00,7.418462e-01,-1.134002e-01,1.027914e+00,-1.173768e+00,3.461447e-01,-1.246634e+00,-1.067712e-01,1.660441e+00,1.412005e+00,1.226401e+00,-1.371516e+00,2.505288e-02,0,0
2.186709e-02,-2.254613e+01,1.338141e+01,-1.571102e+01,9.589714e+00,-6.393353e+00,6.877018e+00,1.475572e+00,1.229669e+00,6.213344e-01,-2.842878e+00,-5.319839e+00,-4.836742e+00,3.396796e-01,0,0,1.614299e-04,-6.659584e-01,-4.895468e-02,6.124319e-01,-3.965353e-01,-1.830587e+00,-9.862425e-01,-1.602462e+00,-1.101418e-01,2.067813e+00,1.592402e+00,1.388834e+00,-1.538156e+00,-2.538535e-03,0,0
1.976527e-02,-2.320550e+01,1.289368e+01,-1.465214e+01,8.217864e+00,-9.229952e+00,5.462818e+00,-9.305863e-01,4.876896e-01,2.711465e+00,-1.354473e+00,-3.973207e+00,-6.137131e+00,3.257782e-01,0,0,-3.176230e-03,4.639688e-01,-7.776693e-01,1.209165e+00,-2.155388e+00,-1.572738e+00,-2.087323e+00,-2.012194e-01,-5.634698e-01,1.232424e+00,1.602156e+00,1.578325e+00,-6.957985e-01,-3.215473e-02,0,0
1.330931e-02,-2.183559e+01,1.167964e+01,-1.307963e+01,4.525588e+00,-1.038107e+01,1.431417e+00,7.005379e-01,7.686207e-01,4.290562e+00,9.900098e-01,-2.436966e+00,-5.942748e+00,2.768208e-01,0,0,-4.878935e-03,1.904097e+00,-1.483446e+00,1.931509e+00,-3.209232e+00,-1.242798e+00,-1.987789e+00,1.100892e+00,-8.439220e-01,-3.152909e-01,7.281000e-01,3.360604e-01,-3.574866e-01,-5.802356e-02,0,3.712196e-02
7.308334e-03,-1.943670e+01,9.711099e+00,-1.127172e+01,6.605999e-01,-9.813661e+00,2.162846e-01,4.233252e+00,-1.575935e+00,2.191176e+00,5.403399e-01,-1.443754e+00,-5.269732e+00,1.970384e-01,0,0,-4.366868e-03,3.111305e+00,-1.992069e+00,2.213415e+00,-3.531184e+00,-1.697009e+00,-1.267018e+00,6.515557e-01,-1.274329e+00,-2.088789e+00,5.069866e-01,-9.027527e-01,-2.298998e-01,-6.977939e-02,1.812816e+01,1.053792e-01
3.700882e-03,-1.491004e+01,7.555468e+00,-7.743683e+00,-2.677816e+00,-1.231549e+01,-4.386603e-01,4.398113e+00,-1.958129e+00,-6.949757e-01,-1.497837e-01,-4.904264e+00,-7.057875e+00,1.139317e-01,0,1.856098e-01,-2.532494e-03,3.556173e+00,-2.265828e+00,2.220556e+00,-3.336388e+00,-2.956738e+00,-4.595930e-01,-1.057986e+00,-1.469048e+00,-2.762647e+00,9.678683e-01,-2.086031e+00,-4.439654e-01,-6.216379e-02,4.528828e+01,1.835400e-01
2.735145e-03,-1.111175e+01,4.995420e+00,-6.253035e+00,-5.836352e+00,-1.674779e+01,6.276580e-02,4.784050e-01,-4.520582e+00,-5.239709e+00,1.750357e+00,-7.253321e+00,-6.729066e+00,5.832578e-02,9.064080e+01,4.340910e-01,-7.984411e-04,2.995758e+00,-2.296617e+00,1.762421e+00,-2.886343e+00,-3.849244e+00,-2.867976e-01,-2.406736e+00,-1.082451e+00,-1.964111e+00,2.194783e+00,-1.650880e+00,-1.892800e-01,-4.067694e-02,7.239827e+01,2.089979e-01
2.933440e-03,-8.217202e+00,2.708337e+00,-4.486189e+00,-8.907876e+00,-2.169769e+01,-7.897890e-01,-2.711970e+00,-5.104294e+00,-5.807230e+00,5.224343e+00,-9.962338e+00,-7.432908e+00,3.535812e-02,1.811210e+02,7.006544e-01,2.213348e-04,1.746896e+00,-2.096920e+00,1.384865e+00,-2.321473e+00,-3.380633e+00,-4.733831e-01,-2.444041e+00,-6.970370e-01,-7.376045e-01,3.199411e+00,-3.376838e-01,2.853467e-01,-1.885766e-02,7.227566e+01,1.602872e-01
3.699849e-03,-7.804334e+00,6.515782e-01,-4.088356e+00,-1.065609e+01,-2.436877e+01,-1.042139e+00,-4.245386e+00,-5.415107e+00,-5.073253e+00,8.827190e+00,-7.169116e+00,-6.028615e+00,3.294047e-02,2.714308e+02,7.874672e-01,5.648475e-04,6.795807e-01,-1.665830e+00,1.217838e+00,-1.587602e+00,-2.434793e+00,-5.471274e-01,-1.689451e+00,-8.773518e-03,8.878994e-02,3.248593e+00,3.052325e-01,3.719240e-01,-5.621034e-03,4.509251e+01,8.724436e-02
4.325204e-03,-7.829268e+00,-7.572139e-01,-1.901699e+00,-1.187531e+01,-2.540816e+01,-2.253124e+00,-5.460197e+00,-4.996051e+00,-4.466226e+00,1.230885e+01,-6.634785e+00,-5.981367e+00,3.233605e-02,2.709833e+02,8.103579e-01,5.858836e-04,7.844543e-02,-1.186242e+00,8.309107e-01,-8.656372e-01,-1.464514e+00,-3.094192e-01,-1.064926e+00,2.049140e-01,-1.578078e-01,2.725645e+00,-1.830101e-03,6.183725e-01,-1.571472e-03,1.816781e+01,2.632670e-02
4.863501e-03,-7.907813e+00,-1.600957e+00,-1.456089e+00,-1.229064e+01,-2.706652e+01,-1.941204e+00,-6.594738e+00,-4.618571e+00,-5.466261e+00,1.445107e+01,-7.390935e+00,-5.595217e+00,3.173164e-02,2.711722e+02,8.154611e-01,4.844874e-04,-2.397981e-02,-8.041534e-01,2.993590e-01,-4.455797e-01,-1.090852e+00,9.354691e-02,-5.714082e-01,2.434477e-01,-4.671022e-01,1.554024e+00,-1.230171e+00,4.670932e-01,-1.873678e-03,5.375794e-01,7.933152e-03
5.281033e-03,-7.773236e+00,-2.096607e+00,-1.647770e+00,-1.241878e+01,-2.767139e+01,-1.887353e+00,-6.861924e+00,-4.477993e+00,-6.399765e+00,1.604063e+01,-9.860579e+00,-4.557745e+00,2.810517e-02,2.720894e+02,8.182910e-01,3.800491e-04,-3.412552e-02,-5.501803e-01,-3.595239e-01,-2.900232e-01,-7.770025e-01,5.325584e-01,1.145549e-01,3.286044e-01,-5.870850e-01,2.978344e-01,-1.806355e+00,3.866623e-01,-2.115443e-03,1.002106e+00,3.865910e-03
5.644372e-03,-7.952249e+00,-2.699492e+00,-2.718526e+00,-1.261225e+01,-2.869142e+01,-7.572897e-01,-6.401563e+00,-4.456898e+00,-6.441995e+00,1.473142e+01,-1.170707e+01,-4.404961e+00,2.568752e-02,2.735657e+02,8.231664e-01,2.788860e-04,-2.208586e-02,-5.746844e-01,-6.819218e-01,-3.973669e-01,-1.758171e-01,5.536207e-01,8.167494e-01,7.311226e-01,-4.391054e-01,-8.222990e-01,-1.636824e+00,2.000949e-01,-1.662134e-03,1.159448e+00,2.715296e-03
5.835014e-03,-7.977677e+00,-2.958847e+00,-3.068100e+00,-1.316463e+01,-2.848072e+01,-1.822885e-01,-4.984010e+00,-3.433866e+00,-6.913784e+00,1.365785e+01,-1.350849e+01,-4.643183e+00,2.478090e-02,2.747971e+02,8.258348e-01,2.237768e-04,4.381289e-02,-7.264881e-01,-9.741818e-01,-3.725778e-01,3.300163e-01,3.572385e-01,1.240546e+00,1.333223e+00,-5.797971e-01,-1.497208e+00,-1.028445e+00,2.924024e-01,-6.044123e-04,8.908661e-01,1.610196e-03
5.980940e-03,-7.916021e+00,-4.043258e+00,-4.155533e+00,-1.390456e+01,-2.754094e+01,-2.563218e-02,-3.449947e+00,-1.485021e+00,-7.404778e+00,1.153096e+01,-1.375110e+01,-4.552023e+00,2.508311e-02,2.756156e+02,8.252657e-01,1.980644e-04,2.483967e-01,-9.783908e-01,-1.231139e+00,-2.907419e-02,8.686706e-01,-1.365689e-01,1.450848e+00,1.770635e+00,-8.819779e-01,-1.714283e+00,-4.368700e-01,8.296915e-01,-6.044060e-05,2.644348e-01,9.511113e-04
6.231633e-03,-7.572285e+00,-5.057165e+00,-5.800175e+00,-1.363552e+01,-2.659655e+01,-4.669891e-01,-2.135000e+00,7.021837e-01,-8.817359e+00,1.015482e+01,-1.398079e+01,-3.022202e+00,2.538531e-02,2.755188e+02,8.252923e-01,9.645159e-05,4.104776e-01,-1.133031e+00,-1.579884e+00,4.445133e-01,1.180415e+00,-8.564442e-01,1.180675e+00,1.668904e+00,-9.012690e-01,-2.143519e+00,-1.749659e-01,1.257067e+00,6.044172e-05,-7.191223e-01,9.373009e-04
6.436385e-03,-6.912961e+00,-6.542287e+00,-7.508182e+00,-1.252217e+01,-2.529015e+01,-1.297784e+00,-5.718276e-01,2.328250e+00,-9.900097e+00,7.911525e+00,-1.365527e+01,-1.066994e+00,2.508311e-02,2.745270e+02,8.281932e-01,-2.292309e-04,5.545174e-01,-8.363598e-01,-1.410004e+00,9.081440e-01,1.991212e+00,-1.631193e+00,9.340807e-01,1.123300e+00,-8.367729e-02,-2.439701e+00,-5.059252e-02,8.634742e-01,-1.511032e-04,-2.009961e+00,-2.801913e-03
6.089550e-03,-6.426819e+00,-7.374485e+00,-9.291194e+00,-1.163325e+01,-2.370403e+01,-3.828433e+00,-5.196930e-01,3.004017e+00,-1.017247e+01,4.749973e+00,-1.443123e+01,-1.003610e-01,2.508311e-02,2.717458e+02,8.290575e-01,-7.183541e-04,3.058136e-01,3.387625e-01,-4.104979e-01,9.774788e-01,3.238990e+00,-1.821586e+00,3.207092e-01,4.984293e-01,1.845859e+00,-2.302514e+00,7.200257e-01,-2.317473e-01,-6.044134e-05,-2.050253e+01,-2.136305e-02
4.905827e-03,-5.716167e+00,-7.066397e+00,-9.460044e+00,-1.036497e+01,-1.903114e+01,-6.500876e+00,4.128028e-01,2.980562e+00,-7.145609e+00,2.034879e+00,-1.377884e+01,-1.695572e+00,2.447869e-02,2.674523e+02,8.093736e-01,-1.043224e-03,-1.065994e-01,1.461884e+00,6.209694e-01,3.715370e-01,4.374899e+00,-1.461165e+00,-5.417732e-01,1.770846e-01,3.412357e+00,-1.806456e+00,1.625890e+00,-1.128357e+00,2.115441e-04,-4.696978e+01,-3.994462e-02
3.405141e-03,-6.641614e+00,-3.101297e+00,-6.876733e+00,-9.826725e+00,-1.353111e+01,-6.973373e+00,-1.023769e+00,2.868174e+00,-9.653068e-01,1.580570e+00,-1.031888e+01,-3.866649e+00,2.538531e-02,1.765435e+02,7.278869e-01,-8.970974e-04,-2.673994e-01,1.322998e+00,1.120355e+00,-3.389410e-01,4.216329e+00,-2.279183e-01,-1.363512e+00,3.821442e-01,3.927981e+00,-1.042362e+00,2.116927e+00,-9.588190e-01,5.137501e-04,-5.669922e+01,-4.128476e-02
2.562468e-03,-7.338561e+00,-1.369461e+00,-5.610566e+00,-1.156775e+01,-8.502120e+00,-7.031141e+00,-3.028655e+00,3.281594e+00,2.558109e+00,4.639454e-01,-7.581999e+00,-4.825636e+00,2.598973e-02,8.727924e+01,6.790554e-01,-2.302956e-04,7.032661e-02,-5.926040e-01,1.833359e-01,-9.858621e-01,2.466410e+00,9.877106e-01,-2.276234e+00,8.936049e-01,2.568205e+00,-4.788370e-01,7.011763e-01,-4.977465e-04,6.346327e-04,-3.217454e+01,-1.314053e-02
2.775742e-03,-6.952619e+00,-3.607964e+00,-5.614160e+00,-1.272657e+01,-7.886896e+00,-4.702892e+00,-5.616524e+00,4.764222e+00,4.615576e+00,3.236316e-01,-6.945019e+00,-3.329424e+00,2.689634e-02,7.833617e+01,6.877928e-01,6.152103e-04,7.257855e-01,-3.077785e+00,-1.329964e+00,-8.754317e-01,4.378406e-01,1.975612e+00,-2.324240e+00,1.268274e+00,8.714927e-01,4.547513e-01,-1.580760e+00,7.759346e-01,6.346330e-04,1.763662e+01,2.470252e-02
4.069048e-03,-5.209032e+00,-9.776084e+00,-9.174651e+00,-1.384436e+01,-9.521188e+00,-2.697564e+00,-8.671990e+00,6.500563e+00,2.904973e+00,2.691631e-01,-1.195989e+01,-1.966673e+00,2.689634e-02,1.556832e+02,7.637179e-01,1.149699e-03,1.051711e+00,-3.900414e+00,-2.384580e+00,-4.353556e-01,-5.053550e-01,2.434597e+00,-1.797251e+00,9.932790e-01,-1.716724e-01,1.557991e+00,-2.979401e+00,6.886027e-01,1.027501e-03,4.280562e+01,4.032932e-02
5.727902e-03,-4.077451e+00,-1.428691e+01,-1.174451e+01,-1.306558e+01,-1.083237e+01,7.378972e-01,-9.823301e+00,7.600059e+00,3.218724e+00,3.951718e+00,-1.603374e+01,-1.416457e+00,2.810517e-02,2.305246e+02,8.090683e-01,1.147913e-03,9.646012e-01,-3.053693e+00,-2.832715e+00,-3.363805e-01,-2.500172e-02,1.939806e+00,-3.901523e-01,-3.120858e-01,-6.485149e-01,2.229689e+00,-2.913289e+00,4.423416e-03,1.511032e-03,3.511475e+01,3.340521e-02
6.834882e-03,-3.517591e+00,-1.553206e+01,-1.446829e+01,-1.357502e+01,-9.556159e+00,2.421448e+00,-9.911523e+00,6.830070e+00,2.398173e+00,6.439858e+00,-1.793464e+01,-2.339106e+00,3.052282e-02,2.252131e+02,8.200642e-01,6.118302e-04,6.463181e-01,-1.061859e+00,-2.377104e+00,-4.537074e-01,1.164519e+00,9.497108e-01,1.368104e+00,-1.777717e+00,-3.039522e-01,2.081032e+00,-1.586976e+00,-2.020404e-01,1.541251e-03,1.053315e+01,1.474802e-02
7.132391e-03,-2.975334e+00,-1.599844e+01,-1.713091e+01,-1.454314e+01,-7.994419e+00,2.436631e+00,-6.947519e+00,3.039039e+00,1.626402e+00,8.386727e+00,-1.852409e+01,-3.121091e+00,3.263826e-02,2.191450e+02,8.266457e-01,-1.401415e-04,4.019723e-01,8.404669e-01,-1.786068e+00,-5.598952e-01,1.873535e+00,-4.626677e-01,2.230366e+00,-2.892200e+00,-3.747225e-03,1.003834e+00,-8.369350e-01,2.031718e-01,7.252945e-04,-5.384560e+00,2.903604e-03
6.425955e-03,-2.528501e+00,-1.422961e+01,-1.836697e+01,-1.537412e+01,-5.117568e+00,1.201623e+00,-3.269361e+00,-1.075114e-01,2.181374e+00,8.456820e+00,-1.864959e+01,-2.124559e+00,3.233605e-02,2.140388e+02,8.286694e-01,-8.237882e-04,1.333617e-01,2.340835e+00,-7.453585e-01,1.756330e-01,1.862870e+00,-1.239362e+00,2.562242e+00,-3.062149e+00,9.249338e-01,-3.388215e-01,-1.813534e-01,8.181806e-01,1.087941e-03,-5.066596e+00,-8.627921e-03
5.231658e-03,-2.562135e+00,-1.073580e+01,-1.872551e+01,-1.496551e+01,-3.683989e+00,-9.655290e-01,-1.992549e+00,-3.392148e+00,3.308388e+00,7.962408e+00,-1.986094e+01,-5.078718e-01,3.082502e-02,2.091890e+02,8.192837e-01,-1.018081e-03,-7.673973e-01,3.996586e+00,1.176281e-01,1.521119e+00,1.487348e+00,-1.713809e+00,2.330384e+00,-2.201953e+00,1.376365e+00,-1.250365e+00,7.500467e-01,7.635581e-01,9.459050e-03,-1.772248e+01,-6.883244e-02
3.666307e-03,-3.057382e+00,-6.459204e+00,-1.739778e+01,-1.248567e+01,-2.397023e+00,-2.074284e+00,4.222013e-01,-5.265079e+00,6.181849e+00,4.957911e+00,-1.817299e+01,4.451870e-01,3.686914e-02,2.048581e+02,7.806056e-01,-5.910985e-04,-2.251390e+00,4.927827e+00,6.619045e-01,2.583794e+00,9.255384e-01,-1.918117e+00,2.252985e+00,-8.868124e-01,1.240975e+00,-1.319614e+00,1.883569e+00,-9.363437e-02,2.783318e-02,-3.682476e+01,-1.490951e-01
3.421808e-03,-6.547880e+00,9.928385e-02,-1.702737e+01,-8.381764e+00,-1.917951e+00,-4.494461e+00,2.858619e+00,-5.391943e+00,6.507990e+00,3.884354e+00,-1.501216e+01,-5.881731e-01,7.766697e-02,1.351229e+02,5.065153e-01,2.528635e-04,-3.612903e+00,5.008964e+00,3.992001e-01,2.558134e+00,7.661337e-01,-1.827643e+00,2.590827e+00,6.895676e-01,5.371845e-01,-6.614262e-01,2.501982e+00,-9.926263e-01,4.744636e-02,-5.562880e+01,-2.179595e-01
4.375387e-03,-1.179258e+01,4.991980e+00,-1.590652e+01,-5.747018e+00,-1.372895e+00,-6.624498e+00,5.569977e+00,-3.541676e+00,6.786448e+00,3.897778e+00,-1.165614e+01,-2.552580e+00,1.480810e-01,6.694807e+01,2.395778e-01,9.362243e-04,-3.827533e+00,3.909826e+00,-2.279301e-01,1.530229e+00,8.654553e-01,-1.590010e+00,2.493789e+00,1.912575e+00,9.410501e-02,1.129384e-01,1.750651e+00,-1.302008e+00,5.089151e-02,-5.448392e+01,-2.067727e-01
6.141435e-03,-1.625905e+01,8.583426e+00,-1.747514e+01,-5.544167e+00,-3.653843e-01,-7.828638e+00,8.387698e+00,-8.060117e-01,5.692011e+00,5.185343e+00,-1.060945e+01,-3.972120e+00,2.124509e-01,0,0,1.015366e-03,-2.792677e+00,2.034922e+00,-8.854140e-01,5.883513e-02,1.340255e+00,-9.231697e-01,2.167015e+00,2.178552e+00,1.580245e-01,2.083509e-01,7.867309e-01,-4.287484e-01,3.478392e-02,-3.371938e+01,-1.252608e-01
6.987615e-03,-1.733946e+01,8.847852e+00,-1.831355e+01,-6.253324e+00,1.153970e+00,-8.357245e+00,1.012661e+01,2.004828e+00,7.060363e+00,4.872108e+00,-1.162108e+01,-4.372880e+00,2.239347e-01,0,0,7.162839e-04,-1.577156e+00,5.541457e-01,-7.503260e-01,-7.156981e-01,1.666351e+00,-7.080549e-01,9.524775e-01,1.570520e+00,2.963025e-01,1.405327e-01,4.679278e-01,5.219097e-01,1.305530e-02,-1.338961e+01,-4.791556e-02
7.192523e-03,-1.773783e+01,8.345958e+00,-2.025092e+01,-7.834436e+00,3.519893e+00,-8.243936e+00,1.141538e+01,2.727564e+00,7.161154e+00,4.438943e+00,-1.109603e+01,-1.821765e+00,2.136597e-01,0,0,1.224011e-04,-7.979199e-01,-6.462564e-01,3.298668e-01,-8.661758e-01,1.564679e+00,-4.818107e-01,-3.845431e-01,7.166442e-01,3.639861e-01,-9.717526e-02,1.355350e+00,1.076149e+00,1.510978e-04,0,0
7.431263e-03,-1.893897e+01,7.881443e+00,-1.827026e+01,-8.180374e+00,5.016220e+00,-9.957124e+00,8.818524e+00,2.544138e+00,7.533389e+00,4.973641e+00,-9.073211e+00,-1.018209e+00,2.127531e-01,0,0,-4.980225e-04,-2.285461e-01,-1.332999e+00,1.421213e+00,-6.576161e-01,8.732480e-01,-8.219032e-02,-1.545258e+00,-1.637240e-01,5.656242e-03,-4.505055e-01,1.712130e+00,5.090944e-01,-6.134786e-03,0,0
6.531617e-03,-1.944889e+01,5.835349e+00,-1.584745e+01,-8.911521e+00,5.526885e+00,-9.437753e+00,7.119024e+00,2.507554e+00,7.275429e+00,4.648700e+00,-5.106640e+00,-2.687083e-01,2.187972e-01,0,0,-1.192237e-03,9.158649e-01,-1.706749e+00,2.112911e+00,-3.008684e-01,-4.048672e-02,1.001381e+00,-1.962961e+00,-9.886733e-02,-1.751142e-01,-1.216979e+00,1.124524e+00,-5.506796e-01,-1.743729e-02,0,3.025418e-02
4.827955e-03,-1.762666e+01,3.438159e+00,-1.340921e+01,-9.002862e+00,4.516715e+00,-8.171288e+00,4.548493e+00,1.296213e+00,7.031507e+00,2.514703e+00,-6.055126e+00,-2.603937e+00,1.906921e-01,0,0,-1.602329e-03,2.498394e+00,-1.510669e+00,1.798423e+00,-7.507677e-02,-3.775024e-01,2.767738e+00,-1.761645e+00,-5.672899e-01,-1.131232e+00,-1.693449e+00,-6.414032e-02,-1.077898e+00,-3.309157e-02,0,8.736105e-02
2.532994e-03,-1.381466e+01,2.033856e+00,-1.211689e+01,-8.927534e+00,3.567212e+00,-4.129951e+00,3.735586e+00,2.857190e+00,6.536524e+00,-4.164807e-01,-6.982451e+00,-3.782299e+00,1.375038e-01,0,1.512709e-01,-1.398250e-03,3.506955e+00,-7.222863e-01,1.035830e+00,2.780341e-01,-2.989182e-01,3.956104e+00,-1.158646e+00,-7.295047e-01,-1.926105e+00,-1.451849e+00,-6.814157e-01,-1.249927e+00,-4.200665e-02,0,1.553603e-01
1.418932e-03,-9.264119e+00,2.228847e+00,-1.114342e+01,-8.547751e+00,4.108544e+00,1.227663e+00,1.702017e+00,-4.671294e-01,2.246683e+00,-9.610159e-01,-8.456007e+00,-4.650906e+00,8.794197e-02,0,3.611698e-01,-8.420442e-04,3.498691e+00,-1.256516e-01,-6.790467e-02,2.494306e-01,6.291397e-02,4.011497e+00,-3.295773e-01,-1.342758e+00,-2.349663e+00,-6.655046e-01,-6.281839e-02,-5.545343e-01,-3.632518e-02,0,1.812087e-01
1.244878e-03,-6.095385e+00,2.828573e+00,-1.180120e+01,-7.748906e+00,4.236379e+00,5.643288e+00,2.749032e+00,-2.582983e-01,3.731875e-02,-8.726842e-01,-7.313278e+00,-5.494860e+00,6.013902e-02,0,5.962168e-01,-2.774557e-04,2.519712e+00,1.317134e-02,-8.555061e-01,1.708616e-01,-1.613830e-01,2.749694e+00,-4.308840e-02,-1.928975e+00,-1.974806e+00,-1.734314e-01,2.283374e-01,-6.250711e-02,-2.263524e-02,0,1.361045e-01
1.261792e-03,-3.992842e+00,2.412543e+00,-1.390659e+01,-8.345023e+00,4.496701e+00,6.999577e+00,3.393883e+00,-3.859833e+00,-1.467207e+00,-5.847185e-01,-6.203804e+00,-4.520328e+00,4.774857e-02,0,6.835704e-01,-6.176749e-05,1.309705e+00,8.361454e-02,-7.559449e-01,2.508326e-01,-6.269468e-01,8.847311e-01,-3.014133e-01,-1.940926e+00,-9.211216e-01,2.582620e-01,7.031070e-01,5.677286e-01,-1.106074e-02,0,5.790610e-02
1.224286e-03,-3.851735e+00,2.007865e+00,-1.501284e+01,-8.174590e+00,2.566219e+00,6.732563e+00,2.674211e+00,-5.091336e+00,-1.480559e+00,-1.471786e+00,-6.966866e+00,-4.160123e+00,4.442430e-02,0,6.705933e-01,-4.822227e-05,4.325178e-01,3.775488e-01,6.504755e-02,5.143023e-01,-5.021522e-01,-5.863289e-01,-1.396269e+00,-1.984915e+00,-6.859192e-01,8.220100e-01,5.983085e-01,8.735325e-01,-6.769417e-03,0,-1.457188e-02
1.120391e-03,-3.837420e+00,3.057274e+00,-1.331733e+01,-7.080746e+00,1.808890e+00,5.106682e+00,2.323612e-01,-7.755239e+00,-1.599986e+00,6.298453e-01,-5.113678e+00,-2.479631e+00,4.049562e-02,0,6.135121e-01,-5.214445e-05,4.917171e-02,6.180985e-01,9.857294e-01,9.852058e-01,-2.002359e-01,-1.218591e+00,-2.139865e+00,-1.064091e+00,-4.654297e-01,1.269823e+00,8.185413e-01,8.229896e-01,-7.192505e-03,0,-3.745197e-02
1.074467e-03,-4.010506e+00,4.393952e+00,-1.177059e+01,-5.809533e+00,3.069524e+00,3.658091e+00,-2.651551e+00,-8.235171e+00,-3.325888e+00,2.630084e+00,-4.866798e+00,-2.147546e+00,2.991840e-02,0,5.583866e-01,-1.376735e-05,1.488909e-01,-5.131161e-02,8.148367e-01,1.651973e+00,1.944500e-01,-1.426732e+00,-2.020749e+00,1.283161e-01,-3.104788e-01,9.315822e-01,7.278081e-01,6.498249e-01,-7.827139e-03,0,-2.128959e-02
1.075979e-03,-3.667598e+00,4.309992e+00,-1.059906e+01,-4.601522e+00,3.243869e+00,2.443858e+00,-4.642559e+00,-7.608371e+00,-2.871691e+00,3.713462e+00,-3.161131e+00,-1.411669e+00,1.903898e-02,0,5.524139e-01,4.343437e-05,3.035564e-01,-1.151837e+00,-2.250442e-01,1.575443e+00,-3.383292e-01,-7.010739e-01,-8.843426e-01,1.304836e+00,-1.765096e-01,-1.285895e-01,3.905543e-01,1.207815e-01,-4.351768e-03,0,8.227676e-03
1.177655e-03,-3.192192e+00,1.124948e+00,-1.229779e+01,-1.154335e+00,2.820979e+00,9.303134e-01,-4.992071e+00,-4.523189e+00,-2.397100e+00,1.644316e+00,-4.304099e+00,-1.444980e+00,1.601692e-02,0,5.946944e-01,8.478024e-05,4.535713e-01,-1.760371e+00,-1.340752e+00,6.818932e-01,-1.044367e+00,4.220557e-01,7.155066e-01,1.249291e+00,2.695585e-01,-6.958855e-01,2.894415e-01,-4.268938e-01,1.692355e-03,0,3.018276e-02
1.285969e-03,-2.728795e+00,-1.067410e+00,-1.417895e+01,-1.531128e+00,2.415160e-01,2.965201e+00,-3.019092e+00,-3.087053e+00,-2.946928e+00,4.797817e-01,-3.442257e+00,-2.227007e+00,2.568752e-02,0,6.364965e-01,9.358281e-05,4.175014e-01,-1.122218e+00,-1.729527e+00,-1.337767e+00,-1.100985e+00,2.147749e+00,1.813143e+00,-1.778212e-01,2.276159e-01,-1.438021e-01,2.229219e-01,-1.093082e+00,6.557873e-03,1.339628e+01,3.585131e-02
1.393374e-03,-2.212051e+00,-1.719205e+00,-1.668440e+01,-3.935264e+00,-6.511374e-01,5.507699e+00,1.142482e-01,-4.249374e+00,-1.940477e+00,7.674969e-01,-3.279028e+00,-3.874346e+00,3.505591e-02,0,6.672590e-01,6.631100e-05,1.984541e-01,4.087468e-02,-1.102921e+00,-2.744910e+00,-7.642331e-01,3.174458e+00,1.814059e+00,-1.850913e+00,6.903954e-01,7.450120e-01,1.380419e-01,-1.572275e+00,7.343609e-03,3.375711e+01,3.115136e-02
1.436034e-03,-2.070162e+00,1.209756e-01,-1.705339e+01,-9.899895e+00,-5.249972e-01,1.089391e+01,1.869995e+00,-8.634385e+00,-1.961923e+00,3.432861e+00,-2.559057e+00,-5.662395e+00,4.230886e-02,6.698142e+01,6.953881e-01,1.632532e-05,-1.335649e-01,6.319991e-01,-6.443252e-02,-2.463295e+00,-2.559079e-01,2.848597e+00,4.022541e-01,-2.361188e+00,9.988224e-01,9.276283e-01,-9.225645e-01,-1.873476e+00,4.684194e-03,5.476425e+01,2.631167e-02
1.434178e-03,-2.529238e+00,7.351286e-01,-1.637517e+01,-1.069450e+01,-6.169292e-01,1.283825e+01,1.633679e+00,-1.100409e+01,5.623749e-01,3.892837e+00,-4.055489e+00,-7.588659e+00,4.442430e-02,1.352948e+02,7.210054e-01,-4.249882e-05,-4.050291e-01,5.350490e-01,8.828141e-01,-8.524967e-01,-1.813705e-01,1.514179e+00,-1.085745e+00,-1.476361e+00,9.021978e-01,9.198939e-03,-2.275295e+00,-1.947927e+00,6.950736e-04,5.637461e+01,1.749729e-02
1.347193e-03,-3.238026e+00,8.654189e-01,-1.465573e+01,-1.046799e+01,-1.055127e+00,1.354291e+01,-1.767537e+00,-1.151564e+01,7.957578e-01,3.555253e+00,-7.666849e+00,-9.737231e+00,4.442430e-02,2.061738e+02,7.411817e-01,-8.281680e-05,-5.875818e-01,-1.790198e-02,1.370738e+00,1.270011e+00,-1.940242e-01,-1.518946e-01,-1.702559e+00,1.188145e-02,5.807548e-01,-1.429803e+00,-3.286799e+00,-1.899210e+00,-2.447870e-03,2.309460e+01,3.035820e-03
1.225300e-03,-3.653264e+00,5.838184e-01,-1.346917e+01,-7.913702e+00,-1.292925e+00,1.175409e+01,-3.495711e+00,-1.019055e+01,1.191672e+00,7.522955e-01,-1.210161e+01,-1.157657e+01,3.747356e-02,2.122768e+02,7.318487e-01,-7.549089e-05,-8.620216e-01,-1.961928e-01,1.508666e+00,2.536972e+00,-2.605372e-01,-1.645367e+00,-1.123663e+00,1.069426e+00,-9.415613e-02,-1.977782e+00,-2.595022e+00,-1.484722e+00,-1.148384e-03,-1.866312e+01,-1.823234e-02
1.126389e-03,-4.446058e+00,1.071208e-01,-1.165270e+01,-4.940240e+00,-1.157120e+00,1.067652e+01,-4.078105e+00,-8.981746e+00,6.272023e-01,-2.145886e+00,-1.496999e+01,-1.316449e+01,3.354488e-02,1.439634e+02,7.051456e-01,3.787677e-05,-1.559669e+00,-7.435824e-02,1.576352e+00,3.430784e+00,-4.580490e-01,-2.765023e+00,-2.618914e-02,1.752062e+00,-1.655004e-01,-1.683115e+00,-1.055981e+00,-5.801293e-01,6.648533e-03,-5.515400e+01,-7.487118e-02
1.167126e-03,-6.235330e+00,1.333138e-01,-1.033335e+01,-7.735116e-01,-1.868619e+00,6.044613e+00,-2.829350e+00,-6.923906e+00,1.758720e-01,-3.145501e+00,-1.337902e+01,-1.329864e+01,4.412209e-02,7.308443e+01,6.478618e-01,4.061529e-04,-2.838064e+00,3.425480e-01,1.725820e+00,3.572887e+00,-7.721862e-01,-3.273181e+00,3.477193e-01,2.272758e+00,-2.938088e-01,-9.899281e-01,5.246695e-01,7.620776e-01,2.130553e-02,-5.685171e+01,-1.390816e-01
1.565664e-03,-9.745336e+00,7.188800e-01,-8.341877e+00,3.115836e+00,-3.057526e+00,2.572537e+00,-2.231663e+00,-4.388650e+00,4.761554e-01,-2.911423e+00,-1.230805e+01,-1.177684e+01,7.434270e-02,0,4.088192e-01,1.151486e-03,-4.188663e+00,6.580486e-01,1.843914e+00,3.088725e+00,-1.224030e+00,-2.873933e+00,4.567324e-01,3.015157e+00,2.411269e-01,2.510707e-02,1.648787e+00,2.080377e+00,3.768510e-02,-3.610113e+01,-1.873549e-01
3.036426e-03,-1.519394e+01,1.990678e+00,-6.495479e+00,5.922693e+00,-4.203653e+00,-5.598211e-01,-2.680335e+00,-1.123309e+00,-2.018485e-01,-3.814576e+00,-1.080923e+01,-8.460005e+00,1.236023e-01,0,1.846040e-01,1.975762e-03,-5.004598e+00,5.656241e-01,2.135727e+00,1.743042e+00,-1.729368e+00,-1.661528e+00,3.829401e-01,3.244866e+00,4.532394e-01,3.561489e-01,2.084692e+00,2.824781e+00,4.844364e-02,-1.461689e+01,-1.704543e-01
5.949168e-03,-2.091006e+01,2.468681e+00,-4.352067e+00,7.155283e+00,-6.109754e+00,-3.909284e-01,-1.868950e+00,3.193742e+00,2.021697e+00,-1.685813e+00,-8.010955e+00,-5.181925e+00,1.822303e-01,0,0,2.442443e-03,-4.737763e+00,4.273687e-02,2.403054e+00,4.419959e-01,-2.157353e+00,-4.380786e-01,1.139674e+00,2.717999e+00,3.514845e-01,1.477502e+00,2.347881e+00,2.600609e+00,4.448474e-02,0,-1.002242e-01
8.854184e-03,-2.567596e+01,2.086533e+00,-1.649621e+00,5.921977e+00,-8.989347e+00,-7.812952e-01,-1.096006e+00,5.509227e+00,1.669298e+00,-1.977562e+00,-5.104110e+00,-2.472191e+00,2.323965e-01,0,0,2.160137e-03,-3.541393e+00,-5.812097e-01,2.507869e+00,-3.627295e-01,-2.165176e+00,6.636080e-01,2.226923e+00,1.339894e+00,-4.289320e-01,2.121556e+00,1.581857e+00,1.624462e+00,2.747053e-02,0,-3.692081e-02
1.086900e-02,-2.819315e+01,8.846369e-01,1.250466e+00,5.326174e+00,-1.145144e+01,4.928808e-01,2.674541e+00,5.885078e+00,1.298005e+00,3.557581e+00,-3.421201e+00,-1.767702e+00,2.423693e-01,0,0,1.371658e-03,-2.101322e+00,-8.544760e-01,2.174973e+00,-3.744942e-01,-1.559764e+00,1.288556e+00,2.949012e+00,-7.322030e-02,-1.504424e+00,2.436992e+00,5.087076e-01,4.400424e-01,6.376551e-03,0,0
1.137720e-02,-2.925936e+01,-1.233478e-01,3.242597e+00,5.023600e+00,-1.235869e+01,2.316314e+00,6.182535e+00,4.230494e+00,-1.984663e+00,4.171505e+00,-5.194827e+00,-2.044808e+00,2.308855e-01,0,0,6.060491e-04,-9.329844e-01,-7.153977e-01,1.427885e+00,2.587509e-03,-7.241572e-01,1.457886e+00,2.722798e+00,-6.502513e-01,-1.565693e+00,2.267138e+00,-2.636754e-01,-2.874130e-01,-6.255663e-03,0,0
1.154595e-02,-2.962497e+01,-6.987578e-01,4.076691e+00,5.732001e+00,-1.222390e+01,4.503048e+00,9.236836e+00,3.467007e+00,-3.673445e+00,7.424614e+00,-5.422058e+00,-3.195405e+00,2.148685e-01,0,0,1.522664e-04,-3.229250e-01,-3.742200e-01,6.486545e-01,1.520054e-01,-1.410132e-01,1.020707e+00,1.617889e+00,-5.599631e-01,-1.163168e+00,1.098717e+00,-4.228946e-01,-4.006003e-01,-7.101841e-03,0,0
