pcm_RMSenergy_sma,pcm_fftMag_mfcc_sma[1],pcm_fftMag_mfcc_sma[2],pcm_fftMag_mfcc_sma[3],pcm_fftMag_mfcc_sma[4],pcm_fftMag_mfcc_sma[5],pcm_fftMag_mfcc_sma[6],pcm_fftMag_mfcc_sma[7],pcm_fftMag_mfcc_sma[8],pcm_fftMag_mfcc_sma[9],pcm_fftMag_mfcc_sma[10],pcm_fftMag_mfcc_sma[11],pcm_fftMag_mfcc_sma[12],pcm_zcr_sma,F0final_sma,voicingFinalUnclipped_sma,pcm_RMSenergy_sma_de,pcm_fftMag_mfcc_sma_de[1],pcm_fftMag_mfcc_sma_de[2],pcm_fftMag_mfcc_sma_de[3],pcm_fftMag_mfcc_sma_de[4],pcm_fftMag_mfcc_sma_de[5],pcm_fftMag_mfcc_sma_de[6],pcm_fftMag_mfcc_sma_de[7],pcm_fftMag_mfcc_sma_de[8],pcm_fftMag_mfcc_sma_de[9],pcm_fftMag_mfcc_sma_de[10],pcm_fftMag_mfcc_sma_de[11],pcm_fftMag_mfcc_sma_de[12],pcm_zcr_sma_de,F0final_sma_de,voicingFinalUnclipped_sma_de
1.977782e-03,-3.230010e+00,5.244909e+00,-1.300835e+01,-1.348006e+01,8.949975e-02,9.031108e+00,-8.783583e+00,-1.451796e+01,3.793218e+00,6.004496e+00,-8.136413e+00,-6.748955e+00,2.357208e-02,2.126825e+02,7.712438e-01,1.410181e-04,1.206788e-01,-8.207070e-01,-3.649486e-01,-5.797483e-01,4.446151e-01,-4.543841e-01,-4.266583e-01,7.862157e-01,8.349645e-01,-6.882868e-01,-3.984262e-01,3.181384e-01,3.384709e-03,5.333847e-01,6.141144e-03
2.213498e-03,-2.826046e+00,3.560930e+00,-1.385484e+01,-1.404961e+01,3.920096e-01,8.757670e+00,-9.601724e+00,-1.286767e+01,5.624191e+00,4.638221e+00,-8.510640e+00,-6.171038e+00,2.961620e-02,2.137833e+02,7.835944e-01,2.251867e-04,-2.356141e-02,-1.019480e+00,-3.106230e-01,-1.330242e+00,8.933636e-01,-1.230237e+00,-8.227817e-01,1.184886e+00,5.429996e-01,-9.457134e-01,-5.803465e-01,2.860766e-01,4.593533e-03,6.463272e-01,6.634355e-03
2.565014e-03,-2.828598e+00,1.983364e+00,-1.440985e+01,-1.609403e+01,2.161320e+00,6.895906e+00,-1.050780e+01,-1.141203e+01,7.052554e+00,3.246199e+00,-9.941430e+00,-5.447221e+00,3.747356e-02,2.147990e+02,7.957742e-01,2.112610e-04,-2.785081e-01,-6.059639e-01,2.083368e-02,-1.760931e+00,1.309199e+00,-2.094105e+00,-8.265547e-01,1.186788e+00,-1.718261e-01,-7.326601e-01,-6.073467e-01,2.057499e-01,3.173164e-03,3.983032e-01,2.006310e-03
2.810099e-03,-3.548523e+00,1.778282e+00,-1.386071e+01,-1.882429e+01,3.520407e+00,3.947522e+00,-1.203538e+01,-1.014649e+01,4.878548e+00,2.655077e+00,-1.013564e+01,-5.969439e+00,3.958900e-02,2.148559e+02,7.921503e-01,8.721356e-05,-7.028666e-01,6.172385e-01,4.993173e-01,-1.025550e+00,1.018665e+00,-2.604069e+00,2.355099e-03,6.206067e-01,-1.291837e+00,-1.523740e-01,2.110183e-01,2.144465e-02,1.873678e-03,-1.433788e+01,-1.378532e-02
2.735786e-03,-4.261312e+00,3.106414e+00,-1.290124e+01,-1.989738e+01,5.071299e+00,9.656546e-01,-1.169953e+01,-9.944608e+00,3.306909e+00,3.332768e+00,-1.036065e+01,-5.821005e+00,3.445150e-02,2.141377e+02,7.769973e-01,2.173854e-04,-1.348813e+00,1.869078e+00,5.405174e-01,1.061203e+00,3.515987e-01,-2.263849e+00,1.417336e+00,2.061687e-01,-1.413427e+00,4.907164e-01,1.368962e+00,2.862731e-01,1.187670e-02,-3.598688e+01,-7.313626e-02
2.564180e-03,-5.624022e+00,6.085598e+00,-1.211255e+01,-1.727569e+01,4.030345e+00,-1.297552e+00,-8.994086e+00,-1.049835e+01,1.037826e+00,3.833067e+00,-7.245940e+00,-5.876923e+00,4.049562e-02,1.424246e+02,7.240562e-01,1.316185e-03,-2.427949e+00,2.667238e+00,-7.799168e-02,3.418052e+00,-4.804955e-02,-1.339604e+00,2.889596e+00,6.065388e-02,-7.438399e-01,6.195459e-01,2.084409e+00,6.239709e-01,3.901481e-02,-5.727693e+01,-1.470977e-01
3.774901e-03,-8.534915e+00,9.175097e+00,-1.258134e+01,-1.156232e+01,3.664345e+00,-1.800800e+00,-4.941769e+00,-1.020526e+01,1.905780e+00,5.110786e+00,-4.541467e+00,-4.062114e+00,9.640375e-02,7.108024e+01,4.641400e-01,2.867486e-03,-3.426166e+00,2.498080e+00,-9.283878e-01,4.788349e+00,-3.643753e-02,-5.573464e-03,3.111727e+00,1.943145e-01,1.021004e-01,1.415853e-02,2.021816e+00,5.045961e-01,7.132064e-02,-5.707001e+01,-2.064960e-01
8.871466e-03,-1.355147e+01,1.208013e+01,-1.441062e+01,-5.901556e+00,3.983636e+00,-1.367272e+00,-9.662820e-01,-9.712901e+00,1.859913e+00,4.863798e+00,-2.623182e+00,-3.729030e+00,2.036869e-01,0,2.130904e-01,3.580334e-03,-3.567496e+00,1.528138e+00,-1.139980e+00,4.551325e+00,3.028495e-01,9.249247e-01,2.200046e+00,3.322369e-01,4.523999e-01,-8.596336e-01,1.058570e+00,3.256354e-01,8.531279e-02,-3.559294e+01,-1.912252e-01
1.391957e-02,-1.742842e+01,1.259955e+01,-1.639414e+01,-1.642698e+00,4.912466e+00,9.726472e-01,-1.547938e-01,-9.365758e+00,3.406368e+00,2.888195e+00,-2.562949e+00,-4.371971e+00,3.094591e-01,0,0,2.664536e-03,-2.628608e+00,5.518860e-01,-5.005549e-01,3.446394e+00,-1.449958e-01,9.225639e-01,6.735820e-01,2.444458e-01,1.334537e-02,-1.501058e+00,5.786775e-01,4.287209e-01,6.705954e-02,-1.421605e+01,-1.141370e-01
1.539352e-02,-1.901475e+01,1.201406e+01,-1.590605e+01,5.211271e-01,4.920533e+00,1.940348e+00,-3.873448e-01,-9.256911e+00,2.549532e+00,6.461942e-01,-2.942349e+00,-4.093818e+00,3.605319e-01,0,0,4.845982e-04,-1.273219e+00,-2.360568e-01,4.083915e-01,2.154010e+00,-1.253445e+00,3.986988e-01,-6.129447e-01,4.015388e-01,-3.647948e-01,-1.157331e+00,4.041219e-01,1.068957e+00,3.079480e-02,0,-4.261809e-02
1.383655e-02,-1.894631e+01,1.196756e+01,-1.433640e+01,2.458306e+00,2.470918e+00,1.158210e+00,-1.863328e+00,-9.211022e+00,1.627698e+00,-2.857027e-01,-1.488496e+00,-1.736115e+00,3.532790e-01,0,0,-1.133281e-03,-4.559774e-01,-6.917695e-01,7.214109e-01,8.210038e-01,-2.444299e+00,-1.389168e-01,-4.513028e-01,7.170664e-01,-3.109476e-01,-1.379384e-01,1.715277e-01,1.060220e+00,-1.450592e-03,0,0
1.133597e-02,-1.915862e+01,1.121584e+01,-1.339754e+01,2.817990e+00,-1.062814e+00,5.334409e-01,-3.176739e+00,-7.782575e+00,9.252741e-01,6.640890e-01,-1.139799e+00,2.978276e-01,3.357510e-01,0,0,-1.909564e-03,-1.622293e-01,-1.482712e+00,5.790367e-01,6.069616e-02,-2.110652e+00,3.715506e-01,4.573661e-01,1.225281e+00,7.278696e-02,3.872242e-01,-3.702419e-01,1.034006e-01,-1.855546e-02,0,0
1.028194e-02,-1.963638e+01,9.539811e+00,-1.404135e+01,1.313890e+00,-4.317355e+00,9.815170e-01,-1.016611e+00,-6.517594e+00,2.663759e+00,2.189555e+00,-2.606586e+00,-1.266692e+00,3.145966e-01,0,0,-2.123734e-03,2.341879e-01,-2.156847e+00,8.593053e-01,-3.606714e-01,-6.611218e-01,8.857171e-01,1.637722e+00,1.643961e+00,5.116351e-02,1.832128e-01,-1.193993e+00,-9.433780e-01,-2.849803e-02,0,0
7.623001e-03,-1.948086e+01,5.814379e+00,-1.315839e+01,1.396816e+00,-2.238590e+00,3.886448e+00,1.476127e+00,-4.477220e+00,2.395437e+00,1.344686e+00,-4.234514e+00,-3.811527e+00,2.870958e-01,0,0,-2.154470e-03,1.435541e+00,-2.395623e+00,1.231833e+00,-9.520792e-01,8.751081e-01,1.181578e+00,1.509463e+00,1.346335e+00,-7.554498e-01,-7.392578e-01,-1.960886e+00,-1.087977e+00,-4.233907e-02,0,4.508372e-02
5.074366e-03,-1.761425e+01,3.884060e+00,-1.015944e+01,1.365536e+00,-2.468038e-01,3.910292e+00,3.998852e+00,-2.643896e+00,1.148434e+00,2.900631e-01,-5.911104e+00,-4.398328e+00,2.351164e-01,0,0,-1.989941e-03,3.023942e+00,-2.178774e+00,9.213854e-01,-2.205109e+00,1.137905e+00,6.603808e-01,2.710098e-02,6.920592e-01,-1.005048e+00,-1.131189e+00,-2.928044e+00,-2.115326e-02,-5.608945e-02,1.429262e+01,1.196968e-01
3.167403e-03,-1.299197e+01,2.065603e+00,-9.179323e+00,-1.968229e+00,1.277450e+00,4.976944e+00,1.862843e+00,-2.987748e+00,-2.094313e+00,-2.082454e+00,-9.291971e+00,-3.576238e+00,1.637957e-01,0,2.254186e-01,-1.155048e-03,4.098535e+00,-1.893828e+00,-4.767747e-01,-3.827147e+00,4.248169e-01,-4.960098e-02,-1.322735e+00,-1.237712e-01,3.709682e-02,-1.978856e-01,-3.698383e+00,9.947280e-01,-6.204291e-02,3.547512e+01,1.992948e-01
2.560039e-03,-7.761110e+00,5.203269e-01,-1.142395e+01,-8.029132e+00,-3.858473e-01,3.738173e+00,-1.074464e+00,-3.802034e+00,-1.166089e-01,-1.752817e+00,-1.471808e+01,-1.490103e+00,9.579935e-02,7.146310e+01,4.857747e-01,-2.473143e-04,3.862785e+00,-1.955313e+00,-1.776015e+00,-4.214112e+00,-1.168294e-01,-5.859984e-01,-2.111298e+00,-4.843463e-01,1.712304e+00,1.350821e+00,-3.559585e+00,1.415782e+00,-5.336960e-02,5.628459e+01,2.124704e-01
3.104926e-03,-3.914757e+00,-1.972895e+00,-1.491001e+01,-1.304158e+01,-4.498351e-02,3.724503e+00,-2.600892e+00,-4.517007e+00,3.213442e+00,1.376698e+00,-1.832294e+01,-2.919994e-01,4.653974e-02,1.416441e+02,7.535865e-01,3.197437e-04,2.560443e+00,-1.820220e+00,-1.827201e+00,-3.199348e+00,-4.080200e-01,-1.477816e+00,-1.810756e+00,-3.347033e-01,2.674117e+00,2.880373e+00,-2.309863e+00,1.145622e+00,-3.529767e-02,5.538581e+01,1.471908e-01
3.869034e-03,-2.838931e+00,-3.873259e+00,-1.617417e+01,-1.416835e+01,-1.697336e-01,1.606521e+00,-4.325768e+00,-4.300998e+00,7.056076e+00,5.314590e+00,-1.919354e+01,1.038461e+00,2.689634e-02,2.106009e+02,7.982681e-01,3.262755e-04,1.096084e+00,-1.187324e+00,-1.012170e+00,-1.470157e+00,-5.649865e-01,-1.965641e+00,-1.727351e+00,-3.524160e-01,1.848957e+00,3.062071e+00,-6.554714e-01,1.952292e-01,-1.752796e-02,3.309872e+01,6.748210e-02
4.111624e-03,-2.650848e+00,-4.838706e+00,-1.594022e+01,-1.489536e+01,-8.707061e-01,-1.346311e+00,-5.565287e+00,-4.411783e+00,7.689928e+00,8.785706e+00,-1.860355e+01,8.875928e-01,2.175884e-02,2.073602e+02,8.051259e-01,-7.230437e-05,9.159084e-02,1.724513e-01,-2.918730e-02,2.905178e-03,-1.000057e+00,-2.307225e+00,-1.669212e+00,-5.584871e-01,3.201334e-01,1.904688e+00,7.676214e-01,-9.700802e-01,-5.711695e-03,1.114825e+01,4.669100e-03
3.688067e-03,-2.912645e+00,-3.983387e+00,-1.596970e+01,-1.445303e+01,-2.797918e+00,-3.554626e+00,-8.229020e+00,-5.616726e+00,6.889931e+00,9.853032e+00,-1.785513e+01,-1.103753e+00,2.055001e-02,2.040986e+02,7.974155e-01,-4.782637e-04,-4.521376e-01,1.766726e+00,7.013229e-01,9.628010e-01,-9.683867e-01,-1.989371e+00,-1.477757e+00,-1.021896e+00,-9.233861e-01,1.329258e-01,1.640420e+00,-1.855845e+00,-1.087942e-03,-3.261978e+00,-1.333444e-02
2.833888e-03,-3.419946e+00,-1.055574e+00,-1.515818e+01,-1.288472e+01,-3.731176e+00,-5.231051e+00,-8.995327e+00,-6.651579e+00,4.897182e+00,8.630919e+00,-1.515404e+01,-4.071293e+00,2.115443e-02,2.006364e+02,7.773583e-01,-6.207239e-04,-6.447813e-01,2.499993e+00,1.060012e+00,1.510234e+00,-5.403942e-01,-1.397547e+00,-1.096659e+00,-1.374336e+00,-1.462779e+00,-1.325429e+00,1.776199e+00,-1.772265e+00,2.417648e-04,-2.651282e+00,-1.894928e-02
2.116584e-03,-4.715071e+00,3.068805e+00,-1.305858e+01,-1.035966e+01,-3.581431e+00,-6.397961e+00,-9.999531e+00,-8.290580e+00,3.835519e+00,6.056612e+00,-1.271620e+01,-5.761322e+00,2.175884e-02,1.976529e+02,7.454798e-01,-4.255408e-04,-5.324304e-01,1.859368e+00,1.056053e+00,9.499890e-01,1.833936e-01,-9.631788e-01,-7.663242e-01,-1.134579e+00,-1.208876e+00,-1.469674e+00,9.781977e-01,-7.856464e-01,7.252950e-04,-1.197311e+00,-1.397519e-02
1.793747e-03,-4.973542e+00,4.135161e+00,-1.209572e+01,-9.390872e+00,-3.180921e+00,-6.912376e+00,-1.016333e+01,-9.946538e+00,1.903238e+00,4.056772e+00,-1.229202e+01,-5.644948e+00,2.236325e-02,1.973266e+02,7.363474e-01,-1.738174e-06,-1.440111e-01,-9.164631e-03,2.765118e-01,-4.018894e-01,4.186656e-01,-4.118220e-01,-5.931474e-01,-2.687507e-01,-4.379212e-01,-4.823805e-01,-4.576352e-01,3.037581e-02,1.027501e-03,6.363586e-01,5.053401e-04
2.080434e-03,-4.797998e+00,2.718085e+00,-1.222067e+01,-1.145001e+01,-2.156078e+00,-7.529857e+00,-1.147664e+01,-9.642142e+00,2.342522e+00,4.791738e+00,-1.439515e+01,-4.245158e+00,2.357208e-02,1.997670e+02,7.480450e-01,4.695124e-04,2.502526e-01,-1.817834e+00,-6.837016e-01,-1.774233e+00,5.065967e-01,2.322401e-01,-1.253916e-01,1.292292e+00,6.342874e-01,6.073267e-01,-1.504766e+00,5.405301e-01,1.390148e-03,1.949493e+00,1.450927e-02
2.843272e-03,-4.098537e+00,-9.260370e-01,-1.419458e+01,-1.434899e+01,-2.350525e+00,-6.724213e+00,-1.122251e+01,-7.319551e+00,3.454074e+00,6.851453e+00,-1.660274e+01,-4.677496e+00,2.538531e-02,2.027612e+02,7.786024e-01,8.080633e-04,2.537768e-01,-2.670124e+00,-1.399998e+00,-1.902689e+00,2.688955e-01,7.669774e-01,5.653907e-01,2.192526e+00,1.303878e+00,7.318898e-01,-1.832437e+00,5.821509e-01,1.752795e-03,2.065654e+00,1.936153e-02
3.939383e-03,-3.901310e+00,-3.489769e+00,-1.542766e+01,-1.675176e+01,-1.463646e+00,-5.330842e+00,-1.009690e+01,-3.142612e+00,6.231537e+00,7.695905e+00,-1.808467e+01,-3.542397e+00,2.719855e-02,2.046831e+02,7.968986e-01,9.040072e-04,1.982563e-01,-2.636287e+00,-1.597315e+00,-8.268563e-01,3.074130e-01,1.401167e+00,1.319137e+00,2.069287e+00,9.155823e-01,-6.827416e-02,-1.496893e+00,9.866497e-01,1.964340e-03,1.393774e+00,1.640975e-02
4.904589e-03,-4.153002e+00,-6.111533e+00,-1.749222e+01,-1.625344e+01,-2.182659e+00,-4.176997e+00,-8.026244e+00,-2.233674e+00,6.478121e+00,6.264137e+00,-1.960945e+01,-3.085573e+00,2.931399e-02,2.051969e+02,8.087282e-01,8.023929e-04,2.692230e-02,-2.116821e+00,-1.330659e+00,6.505650e-01,9.760453e-01,1.796759e+00,1.577725e+00,7.508683e-01,-1.610539e-01,-1.320700e+00,-1.333862e+00,1.167820e+00,2.417650e-03,6.456833e-01,1.040955e-02
5.569811e-03,-3.779485e+00,-7.870602e+00,-1.855842e+01,-1.463206e+01,-7.029457e-01,-1.797629e+00,-6.479090e+00,-1.838645e+00,5.408410e+00,4.744025e+00,-2.037626e+01,-1.078704e-01,3.142944e-02,2.055180e+02,8.150309e-01,5.492197e-04,-1.959739e-02,-1.525966e+00,-9.170477e-01,1.844576e+00,1.943419e+00,2.191554e+00,1.650679e+00,-6.920561e-01,-1.189677e+00,-1.839733e+00,-8.615116e-01,7.327586e-01,2.598973e-03,1.907059e-01,6.403601e-03
6.040022e-03,-4.024838e+00,-9.319725e+00,-1.928249e+01,-1.215602e+01,2.149351e+00,4.929759e-01,-5.142785e+00,-4.217193e+00,3.060368e+00,1.723895e+00,-2.212626e+01,-5.556610e-01,3.535812e-02,2.055721e+02,8.215840e-01,2.176873e-04,-1.012696e-01,-6.833221e-01,-4.648233e-01,2.109408e+00,2.765487e+00,2.451831e+00,1.772232e+00,-1.214000e+00,-1.316469e+00,-1.697853e+00,-3.424442e-01,-5.075096e-01,1.964341e-03,-7.340698e-02,2.829647e-03
6.117765e-03,-4.063378e+00,-9.515504e+00,-1.911776e+01,-9.577597e+00,6.087443e+00,3.291939e+00,-3.285231e+00,-5.611133e+00,1.992027e+00,7.673586e-01,-2.113382e+01,-1.143560e+00,3.717135e-02,2.054490e+02,8.224887e-01,-2.831607e-04,-1.301384e-01,5.741604e-01,-1.139030e-02,1.643472e+00,2.182590e+00,1.830151e+00,1.753623e+00,-1.036002e+00,-1.082199e+00,-8.868093e-01,3.340527e-01,-1.950837e+00,-1.511026e-04,-3.683884e-01,-3.897887e-03
5.719048e-03,-4.517403e+00,-8.705692e+00,-1.953667e+01,-8.233635e+00,8.249583e+00,5.537373e+00,-7.620113e-01,-6.417428e+00,1.603970e+00,-2.367947e-01,-2.094289e+01,-5.105277e+00,3.626474e-02,2.048643e+02,8.191475e-01,-8.054141e-04,-5.680203e-02,1.946590e+00,8.477200e-01,1.105582e+00,6.393265e-01,8.240622e-01,1.318376e+00,-7.850949e-01,-1.000323e+00,1.767772e-03,1.113230e+00,-2.430138e+00,-3.414929e-03,-3.351227e-01,-1.305826e-02
4.314495e-03,-4.183895e+00,-5.306816e+00,-1.848829e+01,-8.375896e+00,7.159890e+00,4.830927e+00,9.863981e-02,-5.918537e+00,7.256119e-01,1.290323e+00,-1.929768e+01,-7.587249e+00,3.022061e-02,2.040300e+02,7.967597e-01,-1.127511e-03,-4.141469e-02,2.721303e+00,1.750488e+00,7.600957e-01,-1.029274e+00,-2.900918e-01,4.263018e-01,-1.371914e+00,-1.661132e+00,3.960726e-01,1.365527e+00,-2.263701e+00,-5.862799e-03,-2.905273e-03,-1.859862e-02
2.914586e-03,-4.248590e+00,-1.691116e+00,-1.535863e+01,-7.228957e+00,4.809761e+00,3.843793e+00,-2.428391e-01,-7.988966e+00,-1.308039e+00,1.471251e+00,-1.747818e+01,-9.484509e+00,2.175884e-02,2.046060e+02,7.691572e-01,-1.041626e-03,-1.584847e-01,2.409250e+00,2.576206e+00,7.332461e-01,-1.572970e+00,-8.349450e-01,-6.774497e-01,-2.125837e+00,-2.402971e+00,5.135094e-01,1.871180e+00,-1.238046e+00,-6.165005e-03,4.887268e-01,-1.734976e-02
1.882440e-03,-4.404858e+00,5.837212e-01,-1.245434e+01,-6.279457e+00,2.660987e+00,2.688270e+00,-1.413309e+00,-1.168493e+01,-4.857626e+00,1.893698e+00,-1.603854e+01,-1.027245e+01,1.511031e-02,2.055636e+02,7.544908e-01,-6.303372e-04,-3.724564e-01,1.313569e+00,2.501724e+00,8.762940e-01,-1.040665e+00,-6.067601e-01,-1.344450e+00,-2.723205e+00,-2.693689e+00,4.241821e-01,2.022940e+00,-3.837312e-01,-3.958900e-03,5.975281e-01,-9.336853e-03
1.726946e-03,-5.199345e+00,3.952873e-01,-9.672612e+00,-5.615623e+00,2.634183e+00,2.433976e+00,-3.393286e+00,-1.416341e+01,-7.619266e+00,2.029065e+00,-1.321656e+01,-9.952906e+00,1.299486e-02,2.065412e+02,7.535332e-01,-2.462758e-04,-4.149148e-01,3.238998e-01,1.962403e+00,9.323349e-01,-2.971616e-01,-4.411226e-01,-1.694943e+00,-2.641259e+00,-1.948414e+00,6.962193e-01,2.149069e+00,5.591537e-01,-9.972804e-04,1.515259e-01,-2.936947e-03
1.756629e-03,-5.570799e+00,2.178289e-01,-8.822677e+00,-4.801092e+00,3.044355e+00,2.502035e+00,-5.048387e+00,-1.644734e+01,-9.587220e+00,3.132327e+00,-1.131379e+01,-9.271707e+00,1.480810e-02,2.060500e+02,7.578874e-01,-3.341452e-05,-3.096979e-01,-1.522649e-01,1.253175e+00,1.064934e+00,1.600727e-01,-3.429710e-01,-1.575847e+00,-2.297835e+00,-7.343512e-01,6.332080e-01,1.724826e+00,1.390005e+00,1.299486e-03,-4.617493e-01,-7.335424e-04
1.746113e-03,-5.740194e+00,1.113290e-01,-7.362444e+00,-3.306465e+00,3.132268e+00,1.731297e+00,-6.900014e+00,-1.881405e+01,-8.685311e+00,4.333033e+00,-9.095206e+00,-7.189112e+00,1.692354e-02,2.051204e+02,7.527742e-01,-1.666339e-05,-4.652309e-02,-5.661732e-02,5.574760e-01,8.720295e-01,1.409130e-01,-3.631798e-01,-1.048964e+00,-1.632875e+00,4.947510e-01,5.724363e-01,9.899955e-01,2.055237e+00,2.115443e-03,-1.004739e+00,-1.770884e-03
1.705784e-03,-5.682923e+00,-3.562419e-02,-7.343548e+00,-2.109365e+00,3.212308e+00,1.324755e+00,-7.539179e+00,-2.084879e+01,-7.996359e+00,3.907754e+00,-9.475090e+00,-4.704325e+00,1.964340e-02,2.039652e+02,7.512026e-01,-1.726558e-05,1.335744e-01,2.945374e-02,-1.517563e-01,4.463439e-02,-1.153409e-01,-2.210588e-01,5.089330e-03,-4.224455e-01,1.004473e+00,8.067655e-03,1.424351e-01,1.821962e+00,2.840737e-03,-1.347838e+00,-3.161526e-03
1.669052e-03,-5.375898e+00,2.389272e-01,-7.624796e+00,-2.601340e+00,3.254772e+00,1.206717e+00,-7.392712e+00,-2.012707e+01,-5.940941e+00,4.503533e+00,-9.185933e+00,-1.960413e+00,2.115443e-02,2.025599e+02,7.480212e-01,7.414001e-05,2.625885e-01,-2.398818e-01,-1.251339e+00,-1.109416e+00,-1.772981e-01,3.318515e-01,1.120373e+00,1.227638e+00,1.096714e+00,-6.862146e-01,-7.071581e-01,9.929942e-01,3.868238e-03,-1.643062e+00,-1.506758e-03
1.708832e-03,-5.085075e+00,3.012984e-01,-9.450282e+00,-4.930483e+00,2.406399e+00,1.659031e+00,-4.776592e+00,-1.790306e+01,-5.937038e+00,3.087416e+00,-1.055625e+01,-2.776246e+00,2.689634e-02,2.005911e+02,7.444563e-01,2.503927e-04,1.908922e-01,-1.070243e+00,-2.036417e+00,-1.875602e+00,2.358749e-01,6.511236e-01,1.296947e+00,2.795726e+00,1.090661e+00,-1.870587e+00,-1.465014e+00,-8.838756e-02,4.653974e-03,-1.826450e+00,2.740622e-03
2.115289e-03,-4.726175e+00,-1.256541e+00,-1.256577e+01,-7.442984e+00,2.648732e+00,3.223417e+00,-2.679443e+00,-1.414873e+01,-4.231403e+00,1.312129e+00,-1.209042e+01,-3.188180e+00,3.263826e-02,1.985922e+02,7.486135e-01,4.196385e-04,-7.774563e-02,-2.101259e+00,-2.054538e+00,-1.596662e+00,1.102096e+00,7.284068e-01,4.531375e-01,3.689784e+00,1.076384e+00,-2.986643e+00,-2.585019e+00,-2.529534e-01,4.170445e-03,-1.844586e+00,8.698577e-03
2.734629e-03,-5.053323e+00,-4.639102e+00,-1.505515e+01,-9.066551e+00,4.694702e+00,3.572023e+00,-3.411076e+00,-9.859324e+00,-3.397823e+00,-3.849480e+00,-1.534792e+01,-4.532379e+00,3.717135e-02,1.968168e+02,7.646095e-01,4.593625e-04,-3.537706e-01,-2.429971e+00,-1.033506e+00,-4.079738e-01,1.644882e+00,1.801736e-01,-6.594700e-01,4.040409e+00,1.049962e+00,-3.242967e+00,-2.955916e+00,4.297693e-01,2.236325e-03,-1.662883e+00,1.192379e-02
3.254346e-03,-5.780502e+00,-7.797165e+00,-1.509505e+01,-8.516616e+00,7.621101e+00,3.892255e+00,-5.809782e+00,-5.700018e+00,-1.828630e+00,-6.961235e+00,-1.971519e+01,-2.347113e+00,3.686915e-02,1.952241e+02,7.814375e-01,3.236837e-04,-4.518272e-01,-1.641467e+00,1.845354e-01,7.924321e-01,1.189139e+00,-4.460165e-01,-9.604467e-01,3.910988e+00,5.212846e-01,-2.785462e+00,-2.606867e+00,1.300696e+00,7.857360e-04,-1.365016e+00,9.200037e-03
3.436116e-03,-6.326765e+00,-8.578244e+00,-1.335317e+01,-6.433536e+00,8.144623e+00,2.225480e+00,-6.508772e+00,-1.925372e+00,-1.888614e+00,-8.990737e+00,-2.152344e+01,-1.047933e+00,3.596253e-02,1.939608e+02,7.876633e-01,1.271941e-04,-2.307341e-01,-2.945060e-01,7.839797e-01,1.206440e+00,2.366343e-01,-9.595629e-01,-4.456493e-01,3.340048e+00,-9.972012e-03,-1.810015e+00,-1.211346e+00,2.010631e+00,9.066202e-05,-9.545929e-01,3.479362e-03
3.382964e-03,-6.348591e+00,-7.494307e+00,-1.249408e+01,-4.797331e+00,6.869465e+00,1.666606e+00,-5.932828e+00,1.439233e+00,-2.379584e+00,-1.004455e+01,-2.203699e+01,1.573078e+00,3.717135e-02,1.931951e+02,7.830868e-01,-4.704068e-05,6.530018e-02,6.869138e-01,7.572356e-01,7.037203e-01,-5.055009e-01,-1.083564e+00,3.206557e-01,2.078669e+00,-5.635849e-01,-1.203089e+00,6.644516e-02,1.859632e+00,-3.022067e-05,-5.672150e-01,-2.196860e-03
3.306290e-03,-5.922949e+00,-6.263062e+00,-1.243573e+01,-4.893994e+00,6.253691e+00,-1.129668e-01,-5.577799e+00,3.271289e+00,-3.172206e+00,-1.135789e+01,-2.024375e+01,3.560679e+00,3.747356e-02,1.930583e+02,7.811816e-01,-2.000021e-04,2.472668e-01,1.090053e+00,8.502001e-01,-5.927973e-02,-6.926908e-01,-7.993835e-01,8.122414e-01,2.627799e-01,-8.759680e-01,-2.751371e-01,7.047032e-01,1.017904e+00,-8.461773e-04,-3.685867e-01,-7.595658e-03
3.084055e-03,-5.655909e+00,-5.520187e+00,-1.176760e+01,-5.767786e+00,6.039062e+00,-3.563411e-01,-4.671990e+00,2.094995e+00,-4.004759e+00,-1.179310e+01,-2.002281e+01,4.646743e+00,3.596253e-02,1.928392e+02,7.736940e-01,-3.380827e-04,2.287874e-01,1.349836e+00,1.526961e+00,9.499502e-02,-1.005171e+00,-8.563870e-01,5.297939e-01,-1.809337e+00,-7.530521e-01,1.165278e+00,1.426000e+00,-2.330972e-01,-2.447870e-03,-1.566147e-01,-1.325787e-02
2.585560e-03,-5.436771e+00,-4.115038e+00,-9.465416e+00,-6.244708e+00,5.096370e+00,-7.599640e-01,-3.077985e+00,-9.393533e-01,-5.455866e+00,-9.492149e+00,-1.900702e+01,2.504754e+00,3.233605e-02,1.922958e+02,7.543814e-01,-4.333361e-04,1.038703e-01,1.682779e+00,2.060250e+00,1.006853e+00,-1.502260e+00,-1.149859e+00,-1.884379e-01,-3.289000e+00,-1.305211e-01,2.599337e+00,2.044647e+00,-9.878986e-01,-3.566032e-03,9.393005e-02,-1.714867e-02
2.052916e-03,-5.447743e+00,-1.819138e+00,-6.344439e+00,-3.646999e+00,2.422272e+00,-2.291830e+00,-4.533766e+00,-5.502129e+00,-5.003014e+00,-5.151036e+00,-1.552536e+01,9.355550e-01,2.750076e-02,1.927933e+02,7.301976e-01,-3.694613e-04,7.313862e-02,1.572967e+00,1.680395e+00,1.312448e+00,-1.735526e+00,-1.367186e+00,-7.606425e-01,-2.896128e+00,8.713220e-01,2.706943e+00,2.171974e+00,-1.111147e+00,-3.324267e-03,6.427643e-01,-1.409063e-02
1.655179e-03,-5.507681e+00,3.003089e-01,-4.846062e+00,-9.201202e-01,5.507834e-01,-4.894516e+00,-6.589100e+00,-9.375152e+00,-3.325684e+00,-1.682239e+00,-1.226925e+01,4.767804e-01,2.387428e-02,1.935509e+02,7.171865e-01,-8.569066e-05,6.018104e-02,3.549841e-01,1.990502e-01,5.629962e-01,-1.013702e+00,-5.124289e-01,-4.622748e-01,-7.094759e-01,1.486668e+00,8.746320e-01,1.037130e+00,-6.781615e-01,-1.057721e-03,1.274397e+00,-2.167153e-03
1.701939e-03,-5.254761e+00,1.369748e-01,-5.675296e+00,-1.867839e+00,-3.657749e-01,-5.124996e+00,-6.719645e+00,-8.167747e+00,-7.132404e-01,-2.163340e+00,-1.253183e+01,1.049964e-01,2.357208e-02,1.954255e+02,7.218383e-01,3.105526e-04,5.903034e-02,-1.447678e+00,-1.415869e+00,-8.864216e-01,2.566533e-01,1.320681e+00,3.924558e-01,1.975676e+00,1.176563e+00,-1.340970e+00,-8.510059e-01,-3.989161e-01,2.024781e-03,1.792912e+00,1.227861e-02
2.332595e-03,-5.232357e+00,-3.318174e+00,-8.804736e+00,-4.319307e+00,1.421886e+00,-1.905526e+00,-4.296419e+00,-3.153923e+00,-1.674126e-01,-6.612837e+00,-1.531813e+01,-4.707741e-01,2.901179e-02,1.973517e+02,7.477253e-01,6.836969e-04,-6.993065e-02,-3.078818e+00,-2.164768e+00,-1.596500e+00,1.583203e+00,2.553218e+00,5.341243e-01,3.151139e+00,2.253739e-01,-2.514522e+00,-2.018272e+00,8.616138e-02,3.989120e-03,2.061169e+00,2.301668e-02
3.266971e-03,-5.290253e+00,-7.248285e+00,-1.144444e+01,-6.379514e+00,3.269987e+00,2.817078e+00,-3.717828e+00,1.265637e+00,-6.993359e-01,-9.390588e+00,-1.825594e+01,-5.852482e-01,3.505591e-02,1.998575e+02,7.763212e-01,8.518368e-04,-2.578811e-01,-3.478683e+00,-1.966291e+00,-1.228032e+00,2.287611e+00,2.439846e+00,4.678845e-02,1.991371e+00,-6.887843e-01,-1.731147e+00,-2.066540e+00,5.410827e-01,3.686914e-03,1.895122e+00,2.463735e-02
4.291148e-03,-5.839588e+00,-1.140115e+01,-1.278533e+01,-6.646784e+00,6.648920e+00,3.900538e+00,-5.419387e+00,1.663853e+00,-2.205766e+00,-1.064122e+01,-1.949855e+01,1.252710e+00,3.807797e-02,2.016408e+02,8.050284e-01,8.148365e-04,-3.831521e-01,-2.894993e+00,-1.367124e+00,-5.763828e-01,1.998558e+00,1.463167e+00,-4.424568e-01,-1.372289e-01,-7.079160e-01,-6.386738e-02,-1.484481e+00,2.714557e-01,1.692354e-03,1.563728e+00,1.926156e-02
4.981847e-03,-6.240551e+00,-1.321496e+01,-1.351646e+01,-6.844261e+00,8.458766e+00,4.171200e+00,-5.924219e+00,-6.197804e-01,-3.137985e+00,-8.804881e+00,-2.077432e+01,1.948668e+00,3.747356e-02,2.027565e+02,8.163735e-01,6.907846e-04,-3.667883e-01,-2.049756e+00,-1.059075e+00,-1.129682e-01,1.116985e+00,7.414764e-01,-4.019413e-01,-1.905293e+00,-2.251018e-01,1.285939e+00,-9.904686e-01,-5.537513e-01,3.626477e-04,1.198512e+00,1.236358e-02
5.549339e-03,-6.672968e+00,-1.480980e+01,-1.460435e+01,-6.968847e+00,8.820285e+00,4.733247e+00,-5.405508e+00,-2.897359e+00,-2.487668e+00,-7.225028e+00,-2.148134e+01,-3.804536e-01,3.626473e-02,2.037208e+02,8.240070e-01,5.924981e-04,-1.042103e-01,-1.213812e+00,-1.072670e+00,1.475785e-01,1.996017e-02,9.694601e-01,-2.715164e-01,-2.276635e+00,6.314644e-01,2.209008e+00,-6.900492e-01,-1.279353e+00,8.159578e-04,1.186243e+00,7.146752e-03
6.091798e-03,-6.707505e+00,-1.579274e+01,-1.583031e+01,-6.783324e+00,7.769229e+00,6.108105e+00,-5.734474e+00,-5.980219e+00,-1.683894e+00,-4.668989e+00,-2.221689e+01,-2.537423e+00,3.777577e-02,2.048101e+02,8.286498e-01,5.833049e-04,2.545097e-01,-8.104986e-01,-1.038910e+00,2.949495e-01,-4.229442e-01,1.016458e+00,-4.790401e-01,-1.517070e+00,1.065133e+00,2.637457e+00,-4.438248e-01,-9.439055e-01,2.750076e-03,1.507292e+00,5.494630e-03
6.698663e-03,-6.127163e+00,-1.618132e+01,-1.699175e+01,-5.939360e+00,7.093489e+00,7.779386e+00,-6.871841e+00,-7.039104e+00,2.245099e-01,-1.664132e+00,-2.222751e+01,-2.901011e+00,4.200665e-02,2.065452e+02,8.346240e-01,5.548283e-04,5.953382e-01,-3.330980e-01,-7.663133e-01,3.553627e-01,-3.465624e-01,7.266128e-01,-4.899153e-01,-2.436879e-01,1.109483e+00,2.993176e+00,-2.727287e-01,2.416327e-02,3.958900e-03,1.957230e+00,4.345268e-03
7.323710e-03,-5.240905e+00,-1.658169e+01,-1.751730e+01,-5.884257e+00,7.207443e+00,7.730422e+00,-7.586253e+00,-6.134260e+00,8.315894e-01,1.601958e+00,-2.262036e+01,-1.510581e+00,4.835298e-02,2.088808e+02,8.385382e-01,3.773399e-04,7.195706e-01,4.763050e-02,-2.741945e-01,1.309264e-01,-1.073940e-01,1.942393e-01,-2.364850e-01,6.606210e-01,6.820548e-01,2.568682e+00,-1.898647e-01,4.361196e-01,2.750075e-03,2.296936e+00,2.894008e-03
7.707525e-03,-4.429577e+00,-1.608082e+01,-1.759242e+01,-5.641567e+00,7.368366e+00,7.555153e+00,-6.929195e+00,-4.038778e+00,1.802007e+00,4.605378e+00,-2.264325e+01,-7.730584e-01,5.077063e-02,2.114716e+02,8.407891e-01,-1.510386e-05,5.921362e-01,5.863726e-01,5.087185e-02,-1.380941e-01,-2.083244e-01,-1.376452e-01,9.077444e-02,3.339866e-01,-1.979745e-01,1.573808e+00,-1.944254e-01,2.521917e-01,-4.835300e-04,2.450146e+00,3.238142e-04
7.474067e-03,-3.958444e+00,-1.560484e+01,-1.690095e+01,-6.277588e+00,7.094820e+00,7.191418e+00,-6.888222e+00,-4.177277e+00,9.376311e-01,5.039668e+00,-2.295834e+01,-1.420801e+00,4.714416e-02,2.138315e+02,8.400373e-01,-4.974197e-04,4.294663e-01,1.243720e+00,-1.879196e-02,-4.666495e-02,-5.373050e-01,5.062190e-01,5.063172e-01,-6.685588e-01,-4.470211e-01,1.760031e-01,-4.485188e-02,2.884918e-01,-3.838017e-03,2.593014e+00,-2.690637e-03
6.547965e-03,-3.807713e+00,-1.373788e+01,-1.704557e+01,-6.433165e+00,6.108178e+00,7.360662e+00,-6.766984e+00,-6.347662e+00,-8.183837e-01,4.486056e+00,-2.303065e+01,-1.684942e+00,4.019341e-02,2.163206e+02,8.354935e-01,-9.160124e-04,3.367286e-01,2.003981e+00,-3.394680e-01,1.676536e-02,-9.300802e-01,1.095049e+00,8.099375e-01,-9.913006e-01,-5.213464e-01,-1.040491e+00,1.109009e-01,3.472779e-01,-5.197945e-03,2.841534e+00,-6.740612e-03
5.416391e-03,-3.404506e+00,-1.153456e+01,-1.788469e+01,-5.721783e+00,5.151012e+00,1.035876e+01,-5.135772e+00,-8.322612e+00,-9.332093e-02,2.541634e+00,-2.265092e+01,3.878200e-01,3.445150e-02,2.194214e+02,8.277328e-01,-1.124771e-03,2.896214e-01,2.687701e+00,-4.375557e-01,2.607244e-01,-9.793102e-01,1.102095e+00,1.196058e+00,-1.278444e-01,-1.323500e-01,-1.949387e+00,4.807333e-01,1.771944e-01,-3.022062e-03,2.950458e+00,-1.418242e-02
4.156301e-03,-3.022903e+00,-8.096051e+00,-1.879789e+01,-5.835643e+00,3.689869e+00,1.144673e+01,-3.755733e+00,-6.922614e+00,-2.892496e-01,6.519380e-01,-2.224246e+01,5.902107e-02,3.112723e-02,2.228844e+02,8.132383e-01,-1.115953e-03,-1.965358e-01,3.047857e+00,2.685169e-01,7.985165e-01,-6.545447e-01,-6.684637e-02,1.052550e+00,1.434211e+00,-1.637264e-01,-2.144538e+00,1.367398e+00,-4.643893e-01,2.115443e-04,-1.248754e+01,-3.655619e-02
3.046045e-03,-2.902742e+00,-4.987248e+00,-1.821257e+01,-5.272727e+00,3.407424e+00,1.065886e+01,-2.413557e+00,-4.529024e+00,1.131392e-02,-2.790206e+00,-2.094877e+01,-1.406810e+00,3.656694e-02,2.253019e+02,7.802528e-01,-9.583952e-04,-1.052486e+00,2.645033e+00,1.426452e+00,1.604158e+00,-3.467004e-01,-1.635229e+00,1.204022e+00,2.289451e+00,-1.065202e-01,-9.738994e-01,2.696237e+00,-9.254311e-01,2.357208e-03,-3.596933e+01,-6.157017e-02
2.153374e-03,-5.041274e+00,-1.772252e+00,-1.553905e+01,-2.665110e+00,3.707248e+00,6.876381e+00,-2.865344e+00,-1.073399e+00,-1.689333e+00,-3.570715e+00,-1.704473e+01,-3.109574e+00,4.019341e-02,1.509426e+02,6.764526e-01,-6.958382e-04,-1.809509e+00,1.412944e+00,1.955278e+00,2.410632e+00,9.528568e-02,-1.968265e+00,1.615364e+00,2.205497e+00,2.917239e-01,1.835784e-01,3.525507e+00,-5.880432e-01,-1.511034e-04,-5.955250e+01,-7.146794e-02
1.625879e-03,-7.657751e+00,-1.471292e+00,-1.238185e+01,7.137389e-01,3.408820e+00,4.467790e+00,4.391451e-01,2.000377e-01,7.412020e-02,-2.165362e-01,-1.176860e+01,-2.655039e+00,4.170445e-02,7.554563e+01,5.882748e-01,-4.485270e-04,-1.788027e+00,2.006091e-01,1.431769e+00,2.182519e+00,4.795154e-01,-9.125284e-01,1.925181e+00,1.874627e+00,6.722929e-01,9.265754e-01,3.053548e+00,-1.532391e-01,-3.958900e-03,-6.015464e+01,-5.023117e-02
1.387193e-03,-9.692944e+00,-2.789310e+00,-1.193686e+01,3.224281e+00,4.165599e+00,4.700938e+00,2.894736e+00,1.740340e+00,1.137967e+00,2.829954e-01,-9.205006e+00,-2.257081e+00,2.780296e-02,0,5.518876e-01,-2.508206e-04,-1.082361e+00,-3.704931e-01,1.359731e-01,1.054147e+00,9.635688e-01,2.991043e-01,1.571272e+00,1.363534e+00,7.523625e-01,1.290129e-01,1.200855e+00,-5.985828e-01,-4.230886e-03,-3.774308e+01,-1.358446e-02
1.186501e-03,-9.517041e+00,-3.475673e+00,-1.285481e+01,2.695173e+00,5.575825e+00,7.183939e+00,4.332306e+00,3.437244e+00,1.959128e+00,-8.418409e-02,-9.600895e+00,-2.599252e+00,2.296766e-02,0,5.913794e-01,-1.376086e-04,-4.945107e-01,1.411916e-01,-3.064373e-01,6.615106e-02,1.255960e+00,7.229834e-01,2.872082e-01,6.566435e-01,9.221412e-02,-9.082584e-01,-3.653432e-01,-8.694474e-01,2.417648e-03,-1.510913e+01,-3.215284e-02
1.118960e-03,-9.523434e+00,-2.622527e+00,-1.462270e+01,1.614906e+00,7.441589e+00,7.013828e+00,3.044433e+00,4.125670e+00,1.129975e+00,-2.991826e+00,-1.212431e+01,-6.130381e+00,2.840737e-02,0,6.069780e-01,-8.128700e-05,-2.979011e-01,6.319976e-01,1.920240e-01,-2.521666e-01,8.147615e-01,1.112950e-01,-3.656212e-01,-3.001725e-01,-5.571219e-01,-6.094285e-01,-3.347243e-01,-5.380762e-01,1.175582e-02,0,-9.119304e-02
1.071952e-03,-1.021506e+01,-8.487261e-01,-1.257112e+01,1.849182e+00,8.050628e+00,6.926262e+00,1.800338e+00,2.290590e+00,5.391868e-01,-3.120418e+00,-1.213566e+01,-5.065626e+00,5.349048e-02,0,3.999654e-01,-3.904710e-05,-4.372540e-01,5.474760e-01,7.297558e-01,-1.478219e-01,4.633594e-02,-6.400222e-01,-7.250408e-01,-1.036002e+00,-1.102931e+00,1.318770e-01,8.068291e-01,7.521326e-01,1.631913e-02,0,-1.598108e-01
1.038032e-03,-1.083344e+01,-9.427959e-01,-1.111859e+01,2.386444e+00,7.002006e+00,5.386251e+00,2.332614e+00,8.128042e-01,-9.376723e-01,-1.246030e+00,-9.611243e+00,-3.714275e+00,7.132064e-02,0,1.916294e-01,-1.684620e-05,-4.072719e-01,4.892024e-02,4.648402e-01,-2.778414e-01,-7.026362e-01,-7.376481e-01,-5.404136e-01,-5.163473e-01,-5.166358e-01,1.311457e+00,2.016979e+00,1.404072e+00,1.438501e-02,0,-1.613921e-01
1.031729e-03,-1.104831e+01,-1.578159e+00,-1.095809e+01,1.570294e+00,6.027297e+00,4.797616e+00,1.063012e+00,-8.633137e-02,-2.521701e+00,-2.976967e-01,-6.823284e+00,-4.664202e-02,8.310667e-02,0,0,-5.075720e-06,-1.970034e-01,-4.031941e-01,-5.687923e-01,-8.002329e-01,-6.747080e-01,-5.830808e-01,-8.786437e-01,-1.167138e-02,4.100494e-01,1.471470e+00,1.906267e+00,7.109925e-01,6.980961e-03,0,-9.915601e-02
1.054840e-03,-1.114317e+01,-2.013209e+00,-1.310501e+01,3.651424e-01,4.940074e+00,4.389910e+00,7.110276e-01,2.732394e+00,7.723983e-02,2.154097e+00,-4.695606e+00,-1.619511e+00,8.552432e-02,0,0,2.212147e-06,5.392446e-02,-1.230515e-01,-9.426371e-01,-9.273064e-01,-3.094576e-01,1.162900e-01,-1.054435e+00,-8.359367e-02,1.195352e+00,8.250085e-01,1.413263e+00,2.449442e-01,-1.813236e-03,0,-2.510667e-04
1.038169e-03,-1.104521e+01,-2.329490e+00,-1.442187e+01,-1.141332e+00,5.708054e+00,4.509029e+00,-1.782088e+00,1.272438e+00,2.081978e+00,2.536870e+00,-5.062147e+00,-2.558046e+00,8.129344e-02,0,0,-7.548835e-07,1.955532e-01,3.498878e-01,-4.495866e-01,-6.255316e-01,-6.067290e-02,3.799204e-01,-4.865200e-01,-9.342148e-01,7.183188e-01,2.148998e-01,9.048703e-01,5.810149e-01,-1.220912e-02,0,5.711221e-02
1.045872e-03,-1.056537e+01,-1.182388e+00,-1.409989e+01,-8.942750e-01,5.614339e+00,6.111995e+00,-1.517011e+00,-2.845486e-01,2.737249e+00,1.461729e+00,-3.425496e+00,-1.233853e+00,6.316108e-02,0,1.903740e-01,-2.009969e-06,8.460198e-02,7.731788e-01,3.023697e-01,-1.441033e-02,-2.502650e-01,3.762187e-01,3.813852e-01,-1.390451e+00,-5.888473e-01,-8.457513e-01,7.749737e-01,1.615510e+00,-1.707464e-02,0,5.711221e-02
1.032438e-03,-1.035944e+01,-2.441303e-01,-1.270858e+01,-9.276546e-01,5.386799e+00,5.836176e+00,-2.555691e-01,-3.248934e+00,-2.601122e-01,1.122986e+00,-2.933988e+00,2.665603e+00,3.324267e-02,0,1.903740e-01,-3.117614e-06,-2.471975e-01,8.086243e-01,6.297163e-01,5.653175e-01,-1.611879e-01,5.384367e-01,1.201877e+00,-5.399793e-01,-1.492397e+00,-1.545826e+00,3.947615e-01,1.352199e+00,-1.266244e-02,0,0
1.047656e-03,-1.106304e+01,8.100050e-01,-1.244981e+01,1.862520e-01,3.849376e+00,5.607430e+00,1.854694e+00,-1.959176e+00,-1.695952e+00,-1.367718e+00,-1.884818e+00,3.846215e+00,2.417649e-02,0,1.903740e-01,1.552256e-04,-8.621888e-01,4.910484e-01,2.775378e-01,1.672323e-01,-5.460372e-01,3.719774e-01,1.033799e+00,2.649521e-01,-1.674971e+00,-1.334481e+00,2.145340e-01,-1.018106e-01,2.961619e-03,0,-5.711221e-02
1.021690e-03,-1.203236e+01,7.174351e-01,-1.209833e+01,1.144992e+00,5.784596e+00,7.453495e+00,2.541446e+00,-5.901454e-01,-3.163407e+00,-3.777536e+00,-3.858679e+00,1.662917e+00,3.747356e-02,0,0,4.688537e-04,-1.087029e+00,3.416314e-01,-3.242660e-01,-9.426082e-01,-1.554059e+00,1.051727e-01,4.459713e-01,6.969401e-01,-9.434620e-01,-3.867096e-01,1.998484e-01,-1.789095e+00,1.767906e-02,0,-5.711221e-02
1.827375e-03,-1.403985e+01,7.920716e-01,-1.301733e+01,-1.094437e+00,2.685255e+00,7.163223e+00,2.253477e+00,-2.891821e-01,-4.185960e+00,-2.760415e+00,-1.890480e+00,-1.241562e+00,7.585373e-02,0,0,7.155273e-04,-1.662921e-01,-6.069837e-02,-1.056776e+00,-2.527026e+00,-3.183123e+00,-7.506378e-01,-8.906576e-01,-9.369759e-02,1.198776e-01,1.345401e+00,-5.054573e-01,-2.018230e+00,1.949229e-02,0,5.934724e-03
2.986848e-03,-1.430618e+01,1.472993e+00,-1.404615e+01,-5.000351e+00,-1.801437e+00,5.584143e+00,1.774896e+00,-5.992300e-01,-3.732418e+00,-1.142132e-01,-1.931914e+00,-3.735981e+00,9.579933e-02,0,0,7.547321e-04,1.641478e+00,-7.807785e-01,-1.701870e+00,-3.153982e+00,-3.832582e+00,-1.137862e+00,-1.874971e+00,-4.819267e-01,1.293253e+00,2.373957e+00,-2.011007e+00,-1.171541e+00,6.920520e-03,1.598199e+01,1.194238e-01
3.642714e-03,-1.075759e+01,1.287342e-01,-1.675977e+01,-9.376206e+00,-8.273221e+00,2.788917e+00,-2.215318e+00,-2.423122e+00,-8.120584e-01,3.527625e+00,-5.375486e+00,-3.545484e+00,9.247506e-02,0,2.200476e-01,5.622492e-04,3.272823e+00,-2.151294e+00,-1.891207e+00,-2.400600e+00,-2.194284e+00,-2.324800e-01,-2.236404e+00,-4.451589e-01,1.898427e+00,2.207677e+00,-4.188422e+00,4.291825e-02,-1.021457e-02,3.977526e+01,2.021139e-01
3.887680e-03,-5.466098e+00,-2.854789e+00,-1.873646e+01,-1.048403e+01,-7.899078e+00,3.951339e+00,-4.599013e+00,-1.932809e+00,1.615906e+00,4.948228e+00,-1.217121e+01,-3.042828e+00,6.376549e-02,7.990996e+01,4.870951e-01,4.952695e-04,3.157973e+00,-3.398705e+00,-1.701633e+00,-1.271918e+00,9.540031e-02,6.825679e-01,-1.443216e+00,-1.589154e-01,1.171124e+00,1.223263e+00,-4.582309e+00,5.679130e-01,-1.804170e-02,6.327051e+01,2.205967e-01
4.188204e-03,-2.095776e+00,-7.800507e+00,-2.012821e+01,-1.035560e+01,-5.237344e+00,6.817225e+00,-5.741586e+00,-1.848187e+00,2.632012e+00,5.746751e+00,-1.771294e+01,-1.373548e+00,4.079783e-02,1.589213e+02,7.670219e-01,5.987102e-04,1.735963e+00,-3.605629e+00,-1.218800e+00,-4.009508e-01,1.661712e+00,1.142335e+00,5.347006e-02,6.254220e-02,-9.330165e-02,-1.309898e-01,-3.332335e+00,1.924055e-01,-1.508008e-02,6.263345e+01,1.595168e-01
5.190450e-03,-2.847228e+00,-1.155591e+01,-2.087010e+01,-1.087025e+01,-2.842374e+00,6.982829e+00,-3.678048e+00,-1.681274e+00,4.011642e-01,4.892540e+00,-1.867473e+01,-1.982384e+00,3.142944e-02,2.368919e+02,8.294966e-01,6.903928e-04,2.557048e-01,-2.798800e+00,-7.983294e-01,-3.244423e-01,1.286344e+00,4.389063e-01,1.001750e+00,-3.663978e-01,-9.215683e-01,-1.223534e+00,-1.338070e+00,-4.162369e-01,-6.436990e-03,3.829527e+01,8.047042e-02
5.984880e-03,-3.387213e+00,-1.354885e+01,-2.178695e+01,-1.118785e+01,-2.493013e+00,6.984846e+00,-2.408450e+00,-2.236178e+00,-6.711958e-01,2.900520e+00,-1.878540e+01,-3.113678e+00,3.324267e-02,2.346763e+02,8.464310e-01,6.142717e-04,-3.694872e-01,-1.352541e+00,-3.616783e-01,-1.126555e-01,7.059066e-01,-6.860485e-02,1.367946e+00,-3.174120e-01,-9.758927e-01,-1.800868e+00,-1.523285e-01,-6.982850e-01,-2.115447e-04,1.453446e+01,1.855645e-02
6.441306e-03,-3.541856e+00,-1.397462e+01,-2.189873e+01,-1.169012e+01,-2.839524e+00,6.062060e+00,-1.256832e+00,-3.570803e+00,-1.340332e+00,2.536718e-01,-1.832533e+01,-4.253947e+00,3.535812e-02,2.335088e+02,8.497427e-01,3.295550e-04,-2.224253e-01,-1.938774e-01,1.979769e-01,3.432594e-01,8.864774e-01,1.136484e-01,1.013857e+00,1.423380e-01,-5.181757e-01,-2.004666e+00,-4.561234e-02,-1.792552e-01,2.085222e-03,-8.654678e-01,3.910518e-03
6.634134e-03,-3.595898e+00,-1.335386e+01,-2.142229e+01,-1.050894e+01,-1.709236e+00,6.934585e+00,-1.124627e-01,-2.490483e+00,-1.376703e+00,-9.381543e-01,-1.864928e+01,-3.729192e+00,3.777576e-02,2.332852e+02,8.496811e-01,3.326740e-05,-1.816559e-01,3.327452e-01,6.523255e-01,8.006672e-01,1.581022e+00,3.581028e-01,7.366086e-01,7.660825e-01,-5.244693e-01,-2.294520e+00,-3.591824e-01,8.052342e-02,1.813237e-03,-3.590240e-01,-5.995810e-04
6.513597e-03,-3.855012e+00,-1.262279e+01,-2.006255e+01,-9.493408e+00,1.198124e+00,7.576201e+00,2.432432e-01,-8.424323e-01,-1.836960e+00,-3.211451e+00,-1.897085e+01,-2.570904e+00,3.958900e-02,2.332601e+02,8.474241e-01,-2.305996e-04,-2.433890e-01,4.398307e-01,8.495342e-01,1.020365e+00,2.062426e+00,4.959267e-01,4.772868e-01,1.246960e+00,-4.911474e-01,-2.530785e+00,-7.511757e-01,1.548096e-01,1.027500e-03,-1.557587e-01,-1.870495e-03
6.115071e-03,-4.138914e+00,-1.256104e+01,-1.944341e+01,-8.282872e+00,3.393274e+00,8.018290e+00,5.245550e-01,2.300491e-01,-3.045228e+00,-6.839520e+00,-2.025855e+01,-3.552583e+00,4.019341e-02,2.330055e+02,8.445923e-01,-4.475230e-04,-3.151105e-01,2.904976e-01,7.935730e-01,8.580099e-01,1.737276e+00,2.326308e-01,1.726890e-01,1.020504e+00,-4.494232e-01,-3.022771e+00,-1.073955e+00,-4.754531e-01,-2.115451e-04,-1.240738e-01,-2.119052e-03
5.547840e-03,-4.487293e+00,-1.217187e+01,-1.864050e+01,-7.701324e+00,4.921351e+00,7.999841e+00,8.110929e-01,1.303733e+00,-2.961806e+00,-9.449573e+00,-2.127658e+01,-3.568203e+00,3.928679e-02,2.328699e+02,8.429345e-01,-5.691187e-04,-3.745988e-01,3.312413e-01,6.354507e-01,5.853518e-01,8.617446e-01,-1.894562e-01,-2.474637e-01,8.996420e-01,-1.944760e-01,-2.970909e+00,-1.178601e+00,-1.099350e+00,-1.480811e-03,-8.117218e-02,-2.203828e-03
4.879398e-03,-4.855310e+00,-1.212683e+01,-1.816545e+01,-7.114931e+00,5.115533e+00,7.885919e+00,4.670575e-01,1.538955e+00,-3.061396e+00,-1.293295e+01,-2.286620e+01,-5.607807e+00,3.686914e-02,2.328599e+02,8.413306e-01,-5.951083e-04,-3.175603e-01,6.021110e-01,7.292649e-01,2.949134e-01,9.971132e-02,-4.998606e-01,-8.346592e-01,1.014384e+00,1.818508e-01,-2.801081e+00,-7.871643e-01,-1.522599e+00,-2.175884e-03,4.456024e-02,-2.431089e-03
4.285841e-03,-5.369808e+00,-1.118369e+01,-1.752428e+01,-7.150620e+00,4.645718e+00,6.695105e+00,-9.653263e-01,3.001325e+00,-2.801256e+00,-1.501928e+01,-2.356003e+01,-7.040041e+00,3.384708e-02,2.329270e+02,8.380358e-01,-5.479910e-04,-1.764640e-01,9.312895e-01,7.637489e-01,7.118125e-02,-4.615678e-01,-8.106053e-01,-1.393392e+00,1.054390e+00,2.965763e-01,-2.505761e+00,-2.521895e-01,-1.595138e+00,-2.055001e-03,2.065384e-01,-3.277290e-03
3.770530e-03,-5.285458e+00,-1.004457e+01,-1.635520e+01,-7.083658e+00,4.029647e+00,6.171355e+00,-2.760531e+00,4.453172e+00,-2.216249e+00,-1.806007e+01,-2.305264e+01,-9.429657e+00,3.203385e-02,2.331997e+02,8.348863e-01,-4.811522e-04,1.001978e-02,1.340833e+00,9.039930e-01,-4.699373e-03,-4.579609e-01,-8.681225e-01,-1.217565e+00,8.727462e-01,5.589459e-02,-1.351845e+00,4.927034e-01,-1.254533e+00,-1.329706e-03,4.478348e-01,-4.468709e-03
3.362319e-03,-5.154539e+00,-8.556556e+00,-1.572688e+01,-7.361055e+00,3.156455e+00,4.804097e+00,-4.542075e+00,5.118572e+00,-1.901498e+00,-1.941482e+01,-2.244430e+01,-9.632966e+00,3.142944e-02,2.337327e+02,8.297703e-01,-4.382618e-04,1.485355e-01,1.631729e+00,8.301195e-01,1.992437e-01,-3.186427e-01,-6.712981e-01,-5.451719e-01,-4.950605e-02,-4.177432e-01,-5.244636e-03,9.088127e-01,-9.424116e-01,-9.066176e-04,7.010147e-01,-6.680334e-03
2.935398e-03,-4.912846e+00,-6.736231e+00,-1.454418e+01,-7.033210e+00,3.570360e+00,4.490811e+00,-3.832391e+00,4.844062e+00,-3.231802e+00,-1.749440e+01,-2.096055e+01,-1.058401e+01,3.142944e-02,2.346963e+02,8.231198e-01,-4.187599e-04,9.467883e-02,1.796946e+00,7.749338e-01,4.553028e-01,-4.162001e-01,-7.864688e-01,3.843951e-03,-1.673929e+00,-1.110474e+00,1.289093e+00,7.376484e-01,-9.932992e-01,-1.631913e-03,7.917694e-01,-9.871447e-03
2.512097e-03,-4.813437e+00,-4.679218e+00,-1.427919e+01,-6.179625e+00,3.282148e+00,4.178886e+00,-3.155256e+00,2.558349e+00,-4.382196e+00,-1.532834e+01,-2.006202e+01,-1.117492e+01,2.961620e-02,2.356838e+02,8.105174e-01,-3.988526e-04,9.669719e-02,1.815679e+00,8.034612e-01,9.132878e-01,-9.526886e-01,-1.162962e+00,-8.361091e-02,-2.907135e+00,-1.589478e+00,1.699497e+00,3.430559e-01,-1.284776e+00,-3.324268e-03,7.511352e-01,-1.276107e-02
2.101841e-03,-4.982615e+00,-2.998510e+00,-1.320437e+01,-5.397859e+00,1.885800e+00,2.551616e+00,-3.434721e+00,-2.636363e+00,-6.528269e+00,-1.365784e+01,-2.055554e+01,-1.362517e+01,2.478090e-02,2.361830e+02,7.951555e-01,-3.350246e-04,8.337998e-02,1.674321e+00,1.219484e+00,1.330162e+00,-1.829543e+00,-2.004190e+00,-6.851971e-01,-3.230438e+00,-1.504772e+00,1.513548e+00,-3.198795e-02,-1.319882e+00,-4.774856e-03,5.541748e-01,-1.489940e-02
1.784835e-03,-4.636168e+00,-1.347021e+00,-1.237947e+01,-3.612292e+00,-7.647085e-01,-4.111775e-02,-5.158964e+00,-5.676893e+00,-8.200652e+00,-1.283561e+01,-2.093152e+01,-1.453627e+01,1.813237e-02,2.367450e+02,7.799471e-01,-2.357422e-04,9.499808e-02,1.521193e+00,1.825030e+00,1.799804e+00,-2.230566e+00,-2.332027e+00,-1.045454e+00,-2.213713e+00,-7.594653e-01,1.151270e+00,2.173914e-01,-9.929808e-01,-4.895739e-03,4.398865e-01,-1.460800e-02
1.623907e-03,-4.584580e+00,-3.072532e-02,-9.396620e+00,-1.666068e+00,-3.553924e+00,-3.420136e+00,-6.256522e+00,-7.190505e+00,-8.846436e+00,-1.117303e+01,-2.068574e+01,-1.550275e+01,1.329707e-02,2.369366e+02,7.639080e-01,-1.289890e-04,1.107817e-02,1.320107e+00,2.073880e+00,1.945976e+00,-1.720679e+00,-1.865601e+00,-1.149969e+00,-1.163975e+00,1.590268e-01,6.474217e-01,8.744451e-01,4.107017e-02,-3.263826e-03,4.075592e-01,-1.257024e-02
1.572354e-03,-4.537464e+00,1.442853e+00,-7.057917e+00,9.535008e-01,-5.150820e+00,-4.495372e+00,-6.971625e+00,-6.233144e+00,-7.020439e+00,-1.081439e+01,-1.890997e+01,-1.520104e+01,1.087942e-02,2.375065e+02,7.531011e-01,-5.228235e-05,-1.411123e-01,9.669124e-01,1.827696e+00,1.505495e+00,-4.148795e-01,-9.805886e-01,-1.129618e+00,-1.064601e+00,4.700682e-01,1.654160e-01,1.439975e+00,8.350841e-01,-1.087942e-03,3.924118e-01,-9.708727e-03
1.563136e-03,-4.976576e+00,2.207086e+00,-5.495752e+00,2.049123e+00,-4.524537e+00,-4.549262e+00,-8.278236e+00,-8.178112e+00,-6.323242e+00,-1.143134e+01,-1.719409e+01,-1.308744e+01,1.208824e-02,2.378400e+02,7.457272e-01,-2.533325e-05,-2.243026e-01,6.763843e-01,1.068075e+00,7.054589e-01,7.660947e-01,-6.614216e-01,-1.360942e+00,-1.030729e+00,1.819676e-01,-2.270518e-01,1.348454e+00,1.098318e+00,4.835297e-04,3.457748e-01,-6.948036e-03
1.553808e-03,-5.145731e+00,2.368636e+00,-5.191429e+00,2.057588e+00,-2.353800e+00,-4.379498e+00,-9.796197e+00,-1.050609e+01,-7.111908e+00,-1.187938e+01,-1.547747e+01,-1.156850e+01,1.329707e-02,2.382553e+02,7.404938e-01,-2.786305e-05,-1.953525e-01,5.215877e-01,6.041358e-01,-2.169675e-01,1.148606e+00,-7.846380e-01,-1.197024e+00,-6.806699e-01,-1.700810e-01,-2.145662e-02,6.733271e-01,5.405525e-01,9.066184e-04,1.798737e-01,-5.168044e-03
1.506513e-03,-5.401959e+00,2.888305e+00,-4.989490e+00,1.309183e+00,-1.121961e+00,-6.785182e+00,-1.164895e+01,-1.020768e+01,-7.890863e+00,-1.177579e+01,-1.565972e+01,-1.182743e+01,1.450589e-02,2.382910e+02,7.354714e-01,-3.591158e-05,-2.561316e-02,4.694810e-01,1.779974e-01,-5.415986e-01,6.183001e-01,-8.325099e-01,-5.797051e-01,2.448978e-01,4.796319e-02,2.941648e-01,-2.117193e-01,-2.356337e-01,5.137505e-04,2.848511e-02,-2.798128e-03
1.461350e-03,-5.301535e+00,3.710182e+00,-4.290370e+00,2.386332e-01,-1.109081e+00,-7.300602e+00,-1.127139e+01,-8.621712e+00,-7.087034e+00,-1.074945e+01,-1.631052e+01,-1.312828e+01,1.420369e-02,2.381803e+02,7.323888e-01,-3.568861e-05,1.030862e-01,3.940010e-01,-2.516298e-02,-3.946056e-01,-1.588701e-01,-3.987750e-01,5.431720e-01,7.692696e-01,9.347315e-02,5.473860e-01,-4.985766e-01,-1.606048e-01,1.511031e-04,-4.080353e-02,-3.794074e-04
1.429808e-03,-5.026741e+00,3.883718e+00,-5.056295e+00,2.506076e-01,-2.055396e+00,-7.251259e+00,-1.043917e+01,-7.895815e+00,-6.095863e+00,-1.052548e+01,-1.783616e+01,-1.348571e+01,1.420369e-02,2.380199e+02,7.357891e-01,-2.376088e-05,1.472368e-01,1.843152e-01,-1.986413e-02,-1.741961e-02,-6.074771e-01,3.191405e-01,1.183103e+00,6.533157e-01,-1.119068e-01,6.160312e-01,-2.871071e-01,2.119943e-01,-2.417648e-04,6.452942e-02,1.241744e-03
1.413718e-03,-4.817910e+00,3.840935e+00,-5.283841e+00,6.138477e-01,-2.681432e+00,-6.140335e+00,-7.685228e+00,-7.815678e+00,-7.542042e+00,-9.767602e+00,-1.688213e+01,-1.154238e+01,1.420369e-02,2.381868e+02,7.384380e-01,-1.711608e-05,1.536179e-02,4.143789e-02,1.622727e-01,3.611547e-01,-6.133035e-01,3.364962e-01,1.026978e+00,1.872888e-01,-7.972457e-01,4.700445e-01,6.211147e-02,7.175290e-01,-5.137505e-04,2.387466e-01,8.488119e-04
1.411525e-03,-4.907588e+00,3.744505e+00,-4.592075e+00,1.034478e+00,-3.373171e+00,-5.769613e+00,-7.526515e+00,-7.344114e+00,-8.222893e+00,-9.186563e+00,-1.680945e+01,-1.156041e+01,1.329707e-02,2.386104e+02,7.386556e-01,-1.451761e-05,-1.831521e-01,7.014187e-02,4.275969e-01,6.619400e-02,-3.776864e-01,3.383965e-01,1.609781e-01,-4.767534e-01,-1.212208e+00,2.372603e-01,1.497667e-01,3.254790e-01,-7.555153e-04,4.191864e-01,-1.245677e-03
1.384911e-03,-5.284302e+00,3.986979e+00,-3.711116e+00,1.652472e+00,-3.516711e+00,-6.358944e+00,-7.592824e+00,-7.961118e+00,-1.000975e+01,-9.068687e+00,-1.651332e+01,-1.050329e+01,1.208824e-02,2.390788e+02,7.351996e-01,-9.994430e-06,-3.031484e-01,1.290381e-01,1.991450e-01,-1.816541e-01,1.196189e-02,2.193237e-01,-6.615998e-01,-7.316872e-01,-1.217623e+00,-1.001945e-01,-1.180422e-01,-2.824488e-01,-6.044123e-04,5.013565e-01,-3.129226e-03
1.371623e-03,-5.709305e+00,4.161406e+00,-3.704673e+00,6.226571e-02,-3.526189e+00,-5.449972e+00,-9.680477e+00,-1.020686e+01,-1.092305e+01,-9.688638e+00,-1.727173e+01,-1.237786e+01,1.148383e-02,2.396699e+02,7.311799e-01,1.695589e-07,-3.034613e-01,2.018441e-01,-3.113165e-01,-3.176910e-01,3.240536e-01,3.479772e-01,-8.391075e-01,-5.596529e-01,-1.011905e+00,-4.049920e-01,-2.910213e-01,-8.862446e-01,-2.417650e-04,5.128601e-01,-4.630339e-03
1.383697e-03,-5.932793e+00,4.277675e+00,-4.731817e+00,1.916831e-01,-2.545114e+00,-5.203537e+00,-9.916245e+00,-1.004274e+01,-1.228008e+01,-1.001754e+01,-1.724119e+01,-1.254590e+01,1.208824e-02,2.401639e+02,7.265297e-01,9.708665e-06,-2.464684e-01,1.726190e-01,-4.262527e-01,4.608788e-02,6.550670e-01,6.210548e-01,-3.910564e-01,3.027998e-01,-4.359503e-01,-4.876195e-01,-7.889511e-01,-1.168679e+00,-6.044116e-05,4.812042e-01,-5.315727e-03
1.412980e-03,-6.100648e+00,4.608377e+00,-5.638307e+00,1.764171e-01,-2.238702e+00,-4.607431e+00,-1.056034e+01,-9.101568e+00,-1.214725e+01,-1.073710e+01,-1.790062e+01,-1.497033e+01,1.208824e-02,2.406322e+02,7.198389e-01,1.234712e-06,-2.928100e-01,2.706334e-01,-1.406664e-01,6.236633e-01,8.817099e-01,4.146356e-01,3.624668e-02,5.498493e-01,9.901867e-02,-7.287947e-01,-1.257912e+00,-1.089038e+00,-1.813237e-04,-1.571375e+01,-7.007360e-03
1.412776e-03,-6.320972e+00,4.626587e+00,-4.875562e+00,1.825835e+00,-8.851204e-01,-3.674941e+00,-9.108174e+00,-6.999766e+00,-1.157740e+01,-1.098255e+01,-2.014363e+01,-1.505045e+01,1.148383e-02,2.410037e+02,7.142915e-01,-2.034270e-05,-4.688346e-01,3.846914e-01,5.849568e-01,7.744614e-01,9.860439e-01,7.376481e-01,4.610688e-01,3.294478e-01,1.982441e-01,-9.684808e-01,-1.717195e+00,-1.201922e+00,-3.626472e-04,-3.994258e+01,-9.225154e-03
1.363257e-03,-6.979265e+00,5.340116e+00,-4.336133e+00,2.363506e+00,5.236383e-02,-4.141092e+00,-9.903279e+00,-8.979102e+00,-1.077930e+01,-1.285010e+01,-2.211008e+01,-1.657078e+01,1.087942e-02,1.606812e+02,7.022622e-01,-4.223459e-05,-6.798749e-01,4.799011e-01,1.004199e+00,5.915491e-01,9.656748e-01,9.910539e-01,6.372535e-01,-2.847812e-01,-8.496237e-02,-1.168448e+00,-1.426292e+00,-8.085704e-01,-3.022061e-04,-6.418416e+01,-1.253346e-02
1.306845e-03,-7.837658e+00,5.835262e+00,-2.458120e+00,2.970445e+00,1.239573e+00,-1.748466e+00,-7.939433e+00,-8.456734e+00,-1.197284e+01,-1.380344e+01,-2.372244e+01,-1.775528e+01,1.087942e-02,8.042646e+01,6.891922e-01,-4.571048e-05,-7.041305e-01,2.503724e-01,9.454345e-01,2.531512e-01,4.095278e-01,1.322637e+00,9.966238e-01,-3.958226e-01,-5.023928e-01,-1.289432e+00,-2.587784e-01,9.967384e-02,-1.208825e-04,-6.426886e+01,-1.316142e-02
1.254772e-03,-8.741680e+00,6.403545e+00,-1.826033e+00,2.561857e+00,1.527326e+00,-6.153988e-01,-7.958445e+00,-9.796990e+00,-1.237434e+01,-1.516890e+01,-2.324268e+01,-1.766077e+01,1.087942e-02,0,6.697212e-01,-4.203759e-05,-5.287122e-01,-1.857173e-01,5.354259e-01,-9.819422e-02,1.145504e-01,1.065787e+00,1.327288e+00,2.753039e-01,-4.317624e-01,-8.636439e-01,1.215795e+00,1.536769e+00,5.439708e-04,-4.017889e+01,-1.188068e-02
1.238466e-03,-8.960418e+00,5.346735e+00,-1.403440e+00,2.992416e+00,4.250374e-01,1.175397e+00,-5.097473e+00,-8.569935e+00,-1.329184e+01,-1.627032e+01,-2.087123e+01,-1.400709e+01,1.087942e-02,0,6.647549e-01,-3.850616e-05,-1.864188e-01,-5.327343e-01,-2.890445e-01,-3.843505e-01,-1.345071e-01,2.719077e-01,1.486897e+00,6.273198e-01,-8.283138e-02,-9.751568e-02,2.403370e+00,2.278920e+00,1.783016e-03,-1.608529e+01,-8.510590e-03
1.187259e-03,-9.061446e+00,4.655794e+00,-2.186343e+00,1.861550e+00,1.032384e+00,-2.740900e-01,-4.687818e+00,-7.545982e+00,-1.227861e+01,-1.593488e+01,-1.745671e+01,-1.076103e+01,1.359927e-02,0,6.550774e-01,-3.711124e-05,-9.285927e-04,-5.022008e-01,-6.179594e-01,-7.048794e-01,-5.147221e-02,-2.301611e-01,1.818700e+00,1.041405e+00,4.571152e-03,1.171596e+00,2.569907e+00,1.733200e+00,3.354487e-03,0,-7.921750e-03
1.148071e-03,-8.609869e+00,4.045467e+00,-3.723188e+00,1.398847e+00,8.145084e-01,-5.595813e-01,-2.140262e+00,-6.445639e+00,-1.243486e+01,-1.390802e+01,-1.459857e+01,-9.810546e+00,1.843457e-02,0,6.539612e-01,-3.481144e-05,-2.284851e-02,-2.042158e-01,-6.414976e-01,-9.350843e-01,-1.482602e-01,-3.165404e-01,1.775547e+00,4.907956e-01,-4.023418e-01,1.803954e+00,1.715265e+00,4.897259e-01,3.747356e-03,0,-8.704484e-03
1.114414e-03,-8.921597e+00,4.543175e+00,-3.755956e+00,-1.657553e-01,1.075229e+00,-8.987150e-01,-3.435482e-01,-5.652111e+00,-1.277998e+01,-1.049206e+01,-1.352947e+01,-1.109304e+01,2.387428e-02,0,6.355093e-01,-2.464465e-05,-1.137768e-01,-5.111966e-02,-3.625800e-01,-5.019037e-01,-2.348206e-01,-9.302364e-02,1.505567e+00,1.801977e-02,-9.494755e-01,1.552791e+00,7.623309e-01,-3.228520e-01,2.296766e-03,0,-7.910246e-03
1.100831e-03,-9.144585e+00,4.381965e+00,-3.826121e+00,-6.693538e-01,-3.376864e-01,-9.499244e-02,1.608127e+00,-7.062892e+00,-1.505286e+01,-9.971958e+00,-1.425852e+01,-1.139246e+01,2.447869e-02,0,6.310166e-01,-2.213730e-05,-7.892160e-02,8.125687e-03,-2.851231e-01,-2.867359e-02,1.372872e-01,4.092543e-02,2.564932e-01,-3.346500e-01,-6.705103e-01,2.252159e-01,-2.982104e-01,-2.648813e-01,6.044153e-05,0,-3.577840e-03
1.087655e-03,-9.362972e+00,4.231946e+00,-3.947777e+00,3.861317e-01,4.343785e-01,-9.715026e-01,9.658253e-01,-7.147256e+00,-1.571698e+01,-1.013896e+01,-1.381508e+01,-1.158433e+01,2.206104e-02,0,6.269985e-01,-1.401091e-05,1.960773e-01,2.588453e-02,-5.392839e-01,2.727281e-01,5.007008e-01,3.298330e-01,-7.691748e-01,-3.601488e-01,3.037894e-01,-1.235432e+00,-7.239091e-01,3.936024e-02,-1.390148e-03,0,5.584753e-03
1.050763e-03,-8.783790e+00,4.241710e+00,-5.052893e+00,9.795353e-01,1.821370e+00,-3.185604e-01,-1.512482e+00,-7.371316e+00,-1.431891e+01,-1.295850e+01,-1.594682e+01,-1.088931e+01,1.964340e-02,0,6.403274e-01,-5.007628e-06,4.617204e-01,2.680225e-01,-5.309099e-01,8.844908e-02,6.266963e-01,7.489612e-01,-1.373362e+00,1.490196e-01,1.245403e+00,-1.739367e+00,-9.001058e-01,6.575517e-02,-1.118162e-03,0,1.079218e-02
1.069393e-03,-8.121609e+00,4.742725e+00,-5.838989e+00,3.734407e-01,2.499205e+00,8.622341e-01,-2.629117e+00,-7.298643e+00,-1.162801e+01,-1.517595e+01,-1.630486e+01,-1.114781e+01,1.934119e-02,0,6.587777e-01,7.190974e-06,4.449456e-01,4.013446e-01,-3.313868e-01,-3.231912e-01,2.930321e-01,1.076020e+00,-6.765580e-01,3.891283e-01,1.187986e+00,-1.726267e+00,-9.065745e-01,1.670580e-01,1.813235e-04,0,1.026452e-02
1.084924e-03,-7.456665e+00,5.466688e+00,-5.535064e+00,-2.207629e-01,1.763382e+00,2.732945e+00,-3.461212e+00,-6.242101e+00,-1.087034e+01,-1.615030e+01,-1.751415e+01,-1.128194e+01,2.024781e-02,0,6.690879e-01,2.285184e-05,-6.990428e-02,6.328052e-01,1.856415e-01,-2.623723e-01,3.326216e-01,4.098874e-01,2.089935e-01,6.685200e-01,8.725085e-01,-1.022462e+00,-3.455511e-01,4.835039e-01,2.991840e-03,0,-7.836258e-03
1.106530e-03,-7.801807e+00,5.626181e+00,-5.363625e+00,-6.296754e-01,1.928533e+00,2.882846e+00,-1.442599e+00,-5.766222e+00,-1.150134e+01,-1.717439e+01,-1.756428e+01,-1.055272e+01,2.266546e-02,0,6.639408e-01,1.043999e-04,-1.003019e+00,7.953075e-01,1.018324e-01,7.582922e-02,9.782325e-01,-7.571601e-01,8.867617e-01,2.735401e-01,8.375306e-01,-2.944683e-01,-1.912359e-01,1.144899e+00,1.142339e-02,0,-6.361502e-02
1.146454e-03,-9.293212e+00,6.964008e+00,-4.362367e+00,1.692318e-01,3.769814e+00,7.205707e-01,-1.060774e+00,-4.794927e+00,-1.001970e+01,-1.707158e+01,-1.704486e+01,-8.769329e+00,3.294047e-02,0,5.985645e-01,4.420008e-04,-2.215004e+00,1.166639e+00,-6.450282e-01,6.600073e-01,1.498697e+00,-1.644113e+00,1.591183e+00,-7.032681e-01,1.497681e+00,7.674843e-01,6.097355e-01,1.355695e+00,2.837715e-02,0,-1.300421e-01
1.560627e-03,-1.221843e+01,7.970603e+00,-5.916176e+00,5.575894e-01,6.387151e+00,-1.917379e+00,6.044719e-01,-6.654530e+00,-7.865673e+00,-1.618765e+01,-1.749569e+01,-6.679620e+00,7.011182e-02,0,3.759643e-01,9.717018e-04,-3.138377e+00,1.357764e+00,-1.632681e+00,1.072112e+00,1.555985e+00,-1.458948e+00,1.888203e+00,-1.706179e+00,2.034097e+00,1.858493e+00,1.110903e+00,9.253845e-01,5.025688e-02,0,-1.763581e-01
3.067879e-03,-1.632337e+01,1.012767e+01,-8.483930e+00,2.485641e+00,7.027558e+00,-3.087508e+00,3.471167e+00,-9.314288e+00,-5.199766e+00,-1.280625e+01,-1.449977e+01,-6.440020e+00,1.384104e-01,0,1.628655e-01,1.421304e-03,-3.303198e+00,1.306679e+00,-1.950635e+00,9.995790e-01,1.052130e+00,-3.223181e-01,2.295872e+00,-1.604435e+00,1.953452e+00,2.315412e+00,2.112532e+00,6.356936e-01,6.521608e-02,0,-1.573093e-01
5.004326e-03,-1.997861e+01,1.083317e+01,-1.146625e+01,3.572678e+00,8.079585e+00,-2.507855e+00,5.732447e+00,-1.203744e+01,-3.740822e+00,-1.001460e+01,-1.328232e+01,-7.090456e+00,2.212149e-01,0,0,1.737925e-03,-2.599859e+00,1.198689e+00,-1.376372e+00,5.122753e-01,9.479088e-01,2.026563e-02,1.938561e+00,-2.214474e-01,1.548363e+00,2.266923e+00,2.671507e+00,4.458401e-01,6.316108e-02,0,-9.147940e-02
6.531123e-03,-2.192911e+01,1.206612e+01,-1.134050e+01,3.659582e+00,8.184246e+00,-5.957822e-01,7.854601e+00,-1.012565e+01,-2.314862e+00,-8.581053e+00,-8.588891e+00,-5.385443e+00,2.834693e-01,0,0,1.866891e-03,-1.541124e+00,1.020389e+00,-5.787996e-01,-3.678441e-01,8.699617e-01,-4.191011e-01,1.323936e+00,1.669898e+00,1.004900e+00,2.038889e+00,2.802543e+00,1.061403e+00,4.578423e-02,0,-3.257310e-02
8.518630e-03,-2.241485e+01,1.299482e+01,-1.136975e+01,2.531996e+00,1.054835e+01,-3.061914e+00,8.105561e+00,-7.356087e+00,-1.566309e+00,-6.965631e+00,-7.093594e+00,-4.977708e+00,3.133877e-01,0,0,1.933550e-03,-8.246784e-01,9.229636e-01,-2.155391e-01,-9.289073e-01,7.755523e-01,-1.120757e+00,1.102754e+00,2.559197e+00,8.155570e-01,2.156437e+00,2.272014e+00,1.317678e+00,2.384406e-02,0,0
1.064518e-02,-2.281087e+01,1.414879e+01,-1.142618e+01,1.166762e+00,1.014298e+01,-4.905984e+00,8.904290e+00,-3.305473e+00,-1.262524e+00,-4.136283e+00,-3.581419e+00,-2.189380e+00,3.212451e-01,0,0,1.612742e-03,-5.359390e-01,2.931160e-01,-3.498492e-01,-1.052941e+00,6.541017e-01,-9.526740e-01,1.013911e+00,2.008298e+00,4.245857e-01,2.199631e+00,8.041207e-01,1.415722e+00,6.436986e-03,0,0
1.261505e-02,-2.366112e+01,1.440665e+01,-1.250111e+01,1.745520e-01,1.097798e+01,-5.956538e+00,1.072137e+01,-2.651540e+00,-1.892061e-01,-1.454798e+00,-4.425983e+00,-2.100098e+00,3.215473e-01,0,0,5.204623e-04,-2.680141e-01,-7.595626e-01,-3.858255e-01,-8.183396e-01,9.679781e-01,3.463342e-01,9.664710e-01,9.711468e-01,-3.909099e-01,1.954981e+00,-2.554518e-01,1.246455e+00,-6.829858e-03,0,0
1.254663e-02,-2.398567e+01,1.282578e+01,-1.252407e+01,-4.263988e-01,1.123994e+01,-3.911841e+00,1.161625e+01,-2.436429e+00,-8.804850e-01,-3.383139e-01,-5.902093e+00,2.543603e-01,3.115745e-01,0,0,-9.832962e-04,2.532631e-01,-2.078768e+00,-4.288635e-02,-8.624884e-01,1.650553e+00,1.013707e+00,2.828046e-01,1.381991e-01,-1.042055e+00,1.175957e+00,-9.952839e-01,5.907333e-01,-2.097310e-02,0,0
1.017022e-02,-2.316752e+01,9.858513e+00,-1.274993e+01,-7.631224e-01,1.483976e+01,-1.827315e+00,1.158194e+01,-2.934875e+00,-3.711878e+00,9.102907e-01,-7.210515e+00,3.269760e-02,2.840737e-01,0,0,-2.341729e-03,1.104391e+00,-2.833314e+00,5.685095e-01,-9.734152e-01,1.411203e+00,1.435439e+00,-1.060051e+00,-1.033728e-02,-1.378461e+00,5.398880e-01,-5.129185e-01,-2.799343e-02,-3.653672e-02,0,0
6.951116e-03,-2.179136e+01,6.029020e+00,-1.151620e+01,-2.676843e+00,1.646486e+01,-1.902061e+00,9.888032e+00,-2.472810e+00,-4.711465e+00,5.609598e-01,-7.165573e+00,-3.021114e-01,2.351164e-01,0,0,-2.738707e-03,2.341980e+00,-2.427760e+00,8.673097e-01,-1.647815e+00,-4.023494e-01,8.331947e-01,-2.629340e+00,-2.544705e-01,-4.981974e-01,1.852532e-01,-3.483067e-01,-7.662460e-01,-4.895739e-02,0,3.495507e-02
3.704155e-03,-1.923633e+01,3.638464e+00,-1.016250e+01,-3.567302e+00,1.542153e+01,2.157648e-01,6.285226e+00,-2.685036e+00,-5.166021e+00,7.950051e-01,-6.358836e+00,-1.961829e+00,1.770928e-01,0,0,-2.208359e-03,3.567788e+00,-1.262364e+00,6.189731e-01,-2.030655e+00,-2.989459e+00,5.326694e-01,-3.904243e+00,-8.289691e-01,8.173581e-01,2.896622e-01,-4.367177e-01,-5.516125e-01,-5.113328e-02,0,9.840793e-02
2.086123e-03,-1.424137e+01,3.797009e+00,-9.481238e+00,-7.263384e+00,8.937310e+00,-7.674068e-01,1.117906e+00,-3.833701e+00,-2.644400e+00,6.455947e-01,-8.069467e+00,-2.579606e+00,1.202780e-01,0,1.747754e-01,-1.312716e-03,4.271836e+00,9.186840e-03,-3.373664e-01,-2.245891e+00,-4.395863e+00,5.723265e-01,-4.133899e+00,-1.712477e+00,1.869911e+00,9.209530e-01,-7.299373e-01,-2.148775e-01,-4.381989e-02,0,1.665053e-01
1.560920e-03,-9.103580e+00,4.662697e+00,-1.067255e+01,-8.623128e+00,3.656240e+00,2.687050e-01,-3.554214e+00,-6.399274e+00,-6.586202e-01,2.316284e+00,-8.942157e+00,-1.586618e+00,8.582654e-02,0,4.046520e-01,-5.315857e-04,3.678830e+00,7.775973e-01,-9.151376e-01,-1.654305e+00,-3.693417e+00,7.193082e-01,-2.767365e+00,-2.127981e+00,1.698234e+00,1.045606e+00,-2.776576e-01,-1.134578e-01,-3.106679e-02,0,1.817861e-01
1.459155e-03,-5.498549e+00,5.562838e+00,-1.294801e+01,-1.137839e+01,3.681935e-01,9.331012e-01,-5.861740e+00,-9.178075e+00,2.384387e+00,4.405085e+00,-9.523599e+00,-1.564105e+00,6.165004e-02,0,6.302007e-01,-1.881362e-04,2.142551e+00,9.691799e-01,-9.751674e-01,-4.095306e-01,-1.739396e+00,1.211723e+00,-5.660489e-01,-1.809363e+00,2.058219e-01,1.009561e+00,9.456662e-01,-8.789347e-01,-1.955274e-02,1.339710e+01,1.300394e-01
1.359711e-03,-5.213588e+00,6.643536e+00,-1.300480e+01,-9.781325e+00,1.239004e+00,2.962052e+00,-4.061778e+00,-1.065275e+01,8.107560e-01,4.143290e+00,-7.020058e+00,-3.036869e+00,5.107283e-02,0,6.812179e-01,-8.747824e-05,6.222265e-01,7.410756e-01,-2.467231e-01,3.484775e-01,-2.908030e-01,8.300358e-01,1.269305e+00,-7.924623e-01,-1.144927e+00,4.337977e-01,1.929082e+00,-1.851343e+00,-1.148383e-02,3.350896e+01,6.433257e-02
1.246047e-03,-5.473612e+00,7.652489e+00,-1.319095e+01,-8.731938e+00,1.448946e+00,3.944534e+00,-1.458556e+00,-1.075378e+01,-2.349979e+00,4.779898e+00,-4.302185e+00,-6.249155e+00,3.989121e-02,6.698550e+01,6.866893e-01,-4.932662e-05,-2.167740e-01,1.509849e-01,2.842776e-01,7.290266e-01,9.551479e-02,4.784172e-01,1.815316e+00,4.446638e-01,-1.377461e+00,8.583765e-02,1.918284e+00,-2.176883e+00,-5.409488e-03,5.360328e+01,1.748210e-02
1.230083e-03,-6.004915e+00,7.323249e+00,-1.178469e+01,-8.203965e+00,1.661849e+00,2.913168e+00,5.907213e-01,-9.573735e+00,-4.016072e+00,4.297866e+00,-1.907453e+00,-8.500807e+00,3.928679e-02,1.340520e+02,6.980705e-01,1.452969e-05,-2.572652e-01,-8.430349e-01,5.248461e-02,2.431792e-01,-4.141498e-01,3.505057e-01,1.571549e+00,1.252412e+00,-2.081329e-01,1.615745e-01,6.548873e-01,-1.712394e+00,-1.934119e-03,5.363926e+01,1.041889e-02
1.277336e-03,-6.186755e+00,5.977905e+00,-1.213667e+01,-8.521935e+00,6.343450e-01,3.349629e+00,8.885916e-01,-7.494265e+00,-2.089502e+00,4.756985e+00,-2.488479e+00,-9.716552e+00,4.049562e-02,2.009904e+02,7.091849e-01,9.601670e-05,1.574693e-02,-1.431307e+00,-7.689139e-01,-4.946803e-01,-8.193361e-01,1.151070e+00,9.894474e-01,1.476947e+00,7.973805e-01,2.455058e-02,-5.903354e-01,-7.672726e-01,-3.022063e-04,3.354011e+01,1.439291e-02
1.416715e-03,-6.143342e+00,3.265654e+00,-1.326952e+01,-8.670431e+00,-4.244443e-01,5.012032e+00,2.622396e+00,-6.020451e+00,-3.601465e-01,4.962619e+00,-4.652474e+00,-9.865142e+00,4.110003e-02,2.011938e+02,7.220646e-01,1.509246e-04,2.636107e-01,-1.547203e+00,-1.902303e+00,-1.129053e+00,-1.027252e+00,1.865343e+00,6.940797e-01,1.091443e+00,1.086284e+00,-1.843137e-01,-1.185527e+00,-2.949379e-01,-9.066183e-04,1.331431e+01,1.781173e-02
1.632815e-03,-5.325664e+00,2.524753e+00,-1.629310e+01,-1.097211e+01,-1.604588e+00,8.650451e+00,2.472844e+00,-5.145682e+00,-1.910388e-01,4.570275e+00,-5.881351e+00,-9.403350e+00,3.747356e-02,2.011152e+02,7.466568e-01,1.402889e-04,2.224231e-01,-9.744608e-01,-2.113058e+00,-1.905312e+00,-6.031903e-01,1.575252e+00,-7.899924e-02,5.083812e-01,5.068313e-01,-7.594827e-01,-7.021597e-01,-1.048937e-02,-8.461770e-04,-3.090958e-01,1.806729e-02
1.806966e-03,-5.117407e+00,1.313809e+00,-1.921799e+01,-1.262414e+01,-2.354944e+00,9.589475e+00,3.268994e+00,-5.290809e+00,4.661149e-01,3.469653e+00,-6.138650e+00,-1.013210e+01,3.626473e-02,2.005612e+02,7.683932e-01,5.057628e-05,-7.241277e-02,-2.570921e-01,-1.248986e+00,-1.753119e+00,2.311436e-02,-2.091167e-01,-1.191942e+00,3.230419e-01,8.039218e-02,-1.240879e+00,-4.165005e-01,4.720297e-02,1.087943e-03,-5.461121e-01,1.048701e-02
1.783655e-03,-5.587607e+00,2.081524e+00,-1.972773e+01,-1.607164e+01,-1.416356e+00,8.937169e+00,1.702964e-01,-5.317180e+00,3.152329e-02,1.706055e+00,-5.256189e+00,-9.635521e+00,3.868238e-02,1.997612e+02,7.763570e-01,-7.256289e-05,-4.479555e-01,1.713096e-01,4.358578e-01,-7.549028e-01,4.132032e-01,-1.929675e+00,-1.939216e+00,2.118630e-01,-4.155618e-02,-1.159558e+00,-8.238894e-01,3.994080e-01,3.747357e-03,-1.381394e+01,-5.117923e-03
1.594176e-03,-6.374435e+00,2.201808e+00,-1.779714e+01,-1.488626e+01,-4.029882e-01,3.823089e+00,-2.186041e+00,-4.319493e+00,-6.946661e-02,1.903319e-01,-7.047558e+00,-9.513041e+00,4.593533e-02,1.991403e+02,7.596495e-01,-1.460487e-04,-6.945683e-01,8.194789e-01,2.017654e+00,6.313475e-01,3.768335e-01,-2.409232e+00,-1.568987e+00,2.357399e-01,9.079772e-02,-8.479140e-01,-1.471673e+00,8.222861e-01,5.741916e-03,-3.353938e+01,-2.932227e-02
1.376395e-03,-6.936928e+00,2.937302e+00,-1.482424e+01,-1.361556e+01,-5.145501e-01,1.885271e+00,-4.495718e+00,-4.572025e+00,-1.310289e-01,4.121445e-01,-9.546345e+00,-7.715837e+00,5.137504e-02,1.327559e+02,7.254391e-01,-7.582852e-05,-1.080427e+00,1.253920e+00,2.418360e+00,1.823829e+00,-4.306489e-02,-1.636206e+00,4.037976e-01,-5.804753e-02,4.880562e-01,-1.607571e-01,-1.493549e+00,1.132620e+00,1.106074e-02,-5.322958e+01,-8.602705e-02
1.280353e-03,-7.915588e+00,4.983314e+00,-1.158146e+01,-1.069544e+01,-9.216799e-01,1.069261e+00,-2.242936e+00,-4.484687e+00,1.001380e+00,-1.229620e-01,-1.135194e+01,-6.980508e+00,5.862798e-02,6.636693e+01,6.472408e-01,2.149966e-04,-1.759472e+00,1.733981e+00,1.636946e+00,2.254407e+00,3.582805e-03,-3.592833e-01,2.234296e+00,1.075536e-01,9.489468e-01,3.731490e-01,-8.767213e-01,1.188614e+00,2.484134e-02,-5.310365e+01,-1.486326e-01
1.561424e-03,-1.021917e+01,6.960371e+00,-1.074377e+01,-9.047904e+00,-1.372335e+00,2.133052e+00,2.217732e+00,-5.524820e+00,1.936381e+00,1.058916e+00,-1.057174e+01,-5.238685e+00,8.763977e-02,0,4.024261e-01,7.599220e-04,-2.487913e+00,1.468599e+00,4.657354e-02,2.518502e+00,5.874152e-01,-3.839393e-01,3.085241e+00,7.475476e-01,1.326038e+00,4.915149e-01,1.130161e-02,5.720663e-01,4.656996e-02,-3.318788e+01,-1.920126e-01
2.576645e-03,-1.353067e+01,8.860176e+00,-1.165264e+01,-5.898052e+00,4.381828e-02,1.902782e+00,5.628714e+00,-3.305327e+00,3.641563e+00,1.732691e+00,-1.091847e+01,-4.808547e+00,1.520097e-01,0,1.779932e-01,1.679361e-03,-2.961715e+00,8.848450e-01,-1.202582e+00,2.476266e+00,1.336310e+00,-7.543143e-01,2.324065e+00,1.271230e+00,1.355055e+00,2.836601e-01,6.938030e-01,1.565591e-01,6.702931e-02,-1.327339e+01,-1.696908e-01
4.527859e-03,-1.656895e+01,8.341865e+00,-1.455578e+01,-3.421751e+00,1.939777e+00,-4.511857e-01,6.994661e+00,-1.423967e+00,5.179069e+00,1.941893e+00,-9.706573e+00,-5.941486e+00,2.375340e-01,0,0,2.802240e-03,-2.866486e+00,3.592336e-01,-1.393536e+00,2.132030e+00,1.428059e+00,-1.142444e+00,1.118496e+00,1.163431e+00,8.931516e-01,-6.159358e-01,9.519092e-01,3.668032e-02,7.331520e-02,0,-9.828454e-02
8.193937e-03,-1.954927e+01,8.716792e+00,-1.568836e+01,-1.127186e+00,4.103814e+00,-1.410191e+00,6.988922e+00,-1.789614e-01,6.155311e+00,8.538507e-01,-8.315509e+00,-5.846312e+00,3.188274e-01,0,0,3.408274e-03,-2.392461e+00,3.424591e-01,-9.059194e-01,1.447580e+00,7.583045e-01,-8.872545e-01,5.546799e-01,4.882299e-01,6.155865e-01,-1.087433e+00,1.111987e+00,9.539936e-01,6.246601e-02,0,-3.559865e-02
1.276398e-02,-2.154230e+01,8.828231e+00,-1.569358e+01,-7.731895e-01,3.737963e+00,-1.922683e+00,7.130110e+00,-1.270846e+00,5.145266e+00,-1.581343e+00,-7.113674e+00,-4.536401e+00,3.708069e-01,0,0,3.004136e-03,-1.568794e+00,4.469751e-01,-3.670663e-01,9.567315e-01,-9.549809e-03,-2.780163e-01,4.203014e-01,9.165944e-02,8.644115e-01,-9.745708e-01,8.182594e-01,1.675150e+00,4.167422e-02,0,0
1.549996e-02,-2.300630e+01,1.032929e+01,-1.561334e+01,1.556611e-02,2.936248e+00,-1.797741e+00,8.334389e+00,-9.407380e-01,6.736397e+00,-1.942855e+00,-6.654978e+00,-7.411216e-01,3.977033e-01,0,0,1.494329e-03,-6.928299e-01,2.338726e-01,-2.109055e-01,5.447766e-01,-5.855963e-01,8.224599e-02,5.875767e-01,1.562104e-01,1.489457e+00,-1.621467e-01,8.751089e-01,1.243050e+00,2.194016e-02,0,0
1.589553e-02,-2.268440e+01,9.770492e+00,-1.642863e+01,7.905300e-01,2.475811e+00,-1.647492e+00,8.423435e+00,-5.847812e-01,9.210584e+00,-1.532609e+00,-6.445542e+00,-1.183313e-01,4.064672e-01,0,0,-2.075559e-04,-3.859577e-02,1.737947e-02,1.250077e-01,5.436140e-01,-9.651884e-01,2.174857e-01,1.425937e-01,4.068802e-01,1.641599e+00,8.725007e-01,8.405873e-01,1.014795e-01,9.579927e-03,0,0
1.409981e-02,-2.244237e+01,9.415025e+00,-1.637537e+01,8.148365e-01,1.806908e+00,-1.136557e+00,9.280143e+00,2.590581e-01,1.156994e+01,1.875009e-02,-4.274031e+00,-1.840096e+00,4.106981e-01,0,0,-1.431376e-03,2.775797e-01,-2.694713e-01,5.834324e-01,4.512873e-01,-1.282194e+00,2.491236e-01,-5.406235e-01,8.480215e-03,6.934366e-01,1.106351e+00,1.160766e+00,-5.551080e-01,2.387425e-03,0,0
1.242627e-02,-2.201724e+01,9.372260e+00,-1.468753e+01,1.545245e+00,-5.233091e-01,-1.165847e+00,7.370201e+00,1.636568e-01,1.093649e+01,1.800359e+00,-4.101212e+00,-3.479517e+00,4.122091e-01,0,0,-1.974368e-03,2.222353e-01,-1.888379e-01,1.106237e+00,6.188738e-01,-1.052410e+00,1.890462e-01,-1.019230e+00,-4.128079e-01,-3.933152e-01,1.053907e+00,1.472204e+00,8.448032e-02,-2.810508e-03,0,0
1.007771e-02,-2.195199e+01,9.181047e+00,-1.356672e+01,1.894645e+00,-1.975163e+00,-7.929461e-01,6.157888e+00,-1.272556e+00,9.340626e+00,1.922419e+00,-2.023312e+00,-1.836069e+00,4.067694e-01,0,0,-2.014929e-03,1.598463e-01,-2.514064e-01,9.413899e-01,6.912435e-01,-4.254274e-01,1.559044e-01,-1.406196e+00,-6.285402e-01,-1.169225e+00,3.960502e-01,1.246808e+00,6.850922e-01,-8.915072e-03,0,0
8.034735e-03,-2.181842e+01,8.943291e+00,-1.230176e+01,3.344995e+00,-8.952029e-01,-8.740664e-01,4.888412e+00,-1.883014e+00,8.358663e+00,2.785090e+00,-2.098832e-01,3.020568e-01,3.943790e-01,0,0,-1.830804e-03,4.499817e-03,-8.081274e-02,5.628263e-01,4.366230e-01,8.158503e-02,2.583750e-01,-1.562538e+00,-4.932546e-01,-1.348247e+00,-1.862204e-01,6.118416e-01,1.242064e-02,-1.538229e-02,0,0
6.220933e-03,-2.174255e+01,8.372478e+00,-1.286130e+01,3.371179e+00,-1.342822e-01,-5.029247e-01,3.490058e+00,-1.860308e+00,7.012724e+00,1.506636e+00,1.434549e-02,-3.054214e-01,3.750378e-01,0,0,-1.407897e-03,-1.161705e-01,-1.372628e-01,-8.484630e-02,-2.472070e-01,3.495110e-01,7.446822e-01,-1.262573e+00,9.365103e-02,-1.230001e+00,-3.310944e-01,-3.735366e-01,-7.331408e-01,-2.003627e-02,0,0
5.200641e-03,-2.209946e+01,9.372481e+00,-1.222611e+01,2.990093e+00,-1.035825e+00,-1.898277e-02,8.914259e-01,-2.008740e+00,5.359208e+00,1.077149e+00,-2.060833e+00,-4.182737e+00,3.511635e-01,0,0,-9.989319e-04,6.068611e-02,-2.614304e-01,-4.439483e-01,-9.262727e-01,1.746622e-01,1.287063e+00,-4.485137e-01,3.548313e-01,-9.352152e-01,-2.422284e-01,-1.681344e-01,-8.971010e-01,-2.904202e-02,0,0
4.455267e-03,-2.239232e+01,8.280138e+00,-1.402878e+01,8.360610e-01,-1.572976e-01,2.502923e+00,1.843519e+00,-7.414377e-01,4.690350e+00,1.120918e+00,-2.965520e+00,-3.259375e+00,3.281958e-01,0,0,-7.527006e-04,6.571350e-01,-6.849407e-01,-1.373234e-01,-1.013533e+00,3.384074e-01,1.335393e+00,5.500481e-01,7.135125e-01,-4.499238e-01,6.004427e-01,8.419989e-01,2.825988e-01,-4.623754e-02,0,0
3.922908e-03,-2.119010e+01,7.682308e+00,-1.393776e+01,-1.880993e-02,-1.038412e-02,4.058324e+00,3.469114e+00,-6.682927e-01,4.843774e+00,1.766807e+00,4.393775e-01,-2.706471e+00,2.725899e-01,0,0,-7.286546e-04,2.174558e+00,-9.884256e-01,3.823363e-01,-1.368049e+00,-1.275924e-01,6.254218e-01,1.795565e-01,6.213858e-01,1.097873e-01,5.925735e-01,6.565509e-01,9.588688e-01,-6.715020e-02,0,3.510762e-02
3.096297e-03,-1.891155e+01,5.792861e+00,-1.269209e+01,-1.920365e-01,1.045035e+00,4.135385e+00,4.951455e+00,1.037031e+00,5.020822e+00,4.164020e+00,2.974235e+00,3.694398e-01,1.831369e-01,0,0,-6.804720e-04,3.620557e+00,-1.482269e+00,6.887027e-01,-2.074589e+00,-7.048556e-01,-4.358134e-01,-1.455263e+00,5.661113e-02,3.938352e-01,8.620940e-02,-1.561705e+00,8.405291e-01,-7.612571e-02,1.407327e+01,1.043131e-01
2.236853e-03,-1.296705e+01,5.673992e+00,-1.098277e+01,-3.336102e+00,-2.274953e+00,2.291896e+00,2.352405e-01,2.089543e-01,5.742908e+00,2.518465e+00,-1.747956e+00,-1.202801e+00,8.794197e-02,0,1.755381e-01,-4.563464e-04,4.303998e+00,-2.392753e+00,-7.991066e-02,-3.273600e+00,-9.155554e-01,-1.012064e+00,-2.728387e+00,-1.801023e-01,7.906653e-01,-9.684055e-01,-4.866049e+00,7.023420e-01,-6.183137e-02,3.490728e+01,1.835102e-01
1.895934e-03,-8.401056e+00,1.872952e+00,-1.206276e+01,-7.878240e+00,-2.549291e+00,1.207070e+00,-3.815861e+00,-8.970056e-01,6.209959e+00,1.176135e+00,-9.680379e+00,1.914350e-01,3.989121e-02,7.036636e+01,4.337963e-01,-6.824159e-05,3.606005e+00,-3.319345e+00,-1.152712e+00,-3.549290e+00,-3.799698e-01,-9.860295e-01,-2.659892e+00,-3.478345e-01,8.326256e-01,-1.621213e+00,-5.623449e+00,6.846274e-01,-3.381686e-02,5.529044e+01,2.112484e-01
2.241357e-03,-4.925361e+00,-2.321505e+00,-1.465198e+01,-1.254371e+01,-2.790998e+00,4.621601e-01,-5.789162e+00,-6.017859e-01,8.202533e+00,-1.581278e+00,-1.756356e+01,8.942412e-01,3.505591e-02,1.393532e+02,7.006528e-01,2.726136e-04,1.898136e+00,-3.737251e+00,-1.719962e+00,-2.453216e+00,7.038395e-01,-2.983598e-01,-1.154327e+00,1.751760e-01,5.937170e-01,-1.150350e+00,-3.661593e+00,1.303446e+00,-9.428830e-03,5.414697e+01,1.620848e-01
2.752837e-03,-4.902375e+00,-6.806117e+00,-1.662105e+01,-1.333469e+01,-5.967918e-01,1.201048e-01,-5.335806e+00,-2.967713e-01,7.954137e+00,-1.892171e+00,-1.723521e+01,2.744056e+00,4.049562e-02,2.067756e+02,7.936848e-01,4.126035e-04,5.733092e-01,-2.806361e+00,-1.578443e+00,-7.196323e-01,8.289829e-01,5.291870e-01,-6.994577e-02,5.789624e-01,3.718993e-01,-6.960990e-01,-9.238554e-01,1.020023e+00,8.461770e-04,3.206941e+01,8.579090e-02
3.171470e-03,-5.225711e+00,-8.672730e+00,-1.730344e+01,-1.287396e+01,2.679951e-01,1.343580e+00,-4.776422e+00,7.847171e-01,7.839404e+00,-1.699131e+00,-1.627851e+01,4.038120e+00,4.049562e-02,2.025303e+02,8.060178e-01,3.626150e-04,-8.590183e-02,-1.575223e+00,-1.238951e+00,6.575602e-01,7.057882e-01,9.713213e-01,3.214273e-01,5.779043e-01,6.938167e-02,-2.209185e-01,4.594328e-01,6.336847e-01,1.480810e-03,1.070183e+01,2.395554e-02
3.493896e-03,-5.384335e+00,-8.983242e+00,-1.862925e+01,-1.131127e+01,6.612704e-02,3.412296e+00,-4.671960e+00,1.304555e+00,8.251019e+00,-2.245434e+00,-1.494218e+01,3.719612e+00,4.140224e-02,1.991249e+02,8.100683e-01,2.382680e-04,4.116912e-02,-5.061242e-01,-1.102859e+00,1.059283e+00,1.704266e-01,7.087777e-01,3.060187e-01,2.975868e-01,-2.828977e-01,-5.296068e-01,1.148962e-01,-3.917251e-01,7.555153e-04,-2.854912e+00,4.424006e-03
3.683903e-03,-5.113890e+00,-9.109056e+00,-1.984264e+01,-1.026761e+01,4.064831e-01,3.672671e+00,-4.513949e+00,1.487072e+00,8.401000e+00,-2.509240e+00,-1.641291e+01,3.574886e+00,4.200665e-02,1.966877e+02,8.122387e-01,7.686501e-05,2.771742e-01,-2.048896e-01,-8.536030e-01,7.563056e-01,5.142240e-02,-1.269124e-01,2.219453e-01,-2.446366e-01,-8.934609e-01,-6.214873e-01,-4.033256e-01,-1.100196e+00,5.741917e-04,-1.987656e+00,1.481032e-03
3.687960e-03,-4.752440e+00,-9.118575e+00,-2.086574e+01,-9.341446e+00,1.860970e-01,2.499447e+00,-3.936949e+00,8.399851e-01,6.258851e+00,-4.135151e+00,-1.659352e+01,1.017047e+00,4.351768e-02,1.954223e+02,8.126944e-01,-9.191716e-05,3.715815e-01,-1.094648e-01,-2.519560e-01,2.599468e-01,7.163337e-03,-8.517166e-01,3.812814e-02,-4.996067e-01,-1.181710e+00,-1.717211e-01,-4.219738e-01,-1.238842e+00,-2.115443e-04,-1.230223e+00,-4.504561e-04
3.458763e-03,-4.155788e+00,-9.629512e+00,-2.045321e+01,-1.007735e+01,4.651221e-01,1.165442e+00,-4.034201e+00,-2.061810e-01,4.368184e+00,-3.861709e+00,-1.746946e+01,-1.115761e-01,4.230886e-02,1.944433e+02,8.121099e-01,-2.483599e-04,3.082605e-01,3.252243e-01,4.134752e-01,2.331934e-02,-2.285881e-02,-1.098454e+00,-5.713251e-01,-5.071185e-01,-5.484332e-01,4.208417e-01,1.084251e-01,-6.394988e-01,-1.480811e-03,-6.693100e-01,-2.711219e-03
3.146880e-03,-4.005478e+00,-9.270338e+00,-1.958374e+01,-1.010667e+01,7.262424e-02,4.073271e-01,-4.721193e+00,-3.468518e-01,4.358878e+00,-2.427805e+00,-1.652378e+01,-6.313683e-01,4.019341e-02,1.940960e+02,8.078804e-01,-3.464218e-04,1.997961e-01,9.772190e-01,1.069102e+00,1.635046e-01,-2.115026e-01,-1.140427e+00,-1.025723e+00,-1.539707e-01,5.265703e-01,1.062636e+00,4.158392e-01,3.855083e-01,-2.780296e-03,-2.368759e-01,-5.377787e-03
2.712643e-03,-3.946068e+00,-7.407053e+00,-1.841626e+01,-9.768401e+00,3.489255e-01,-7.735389e-01,-6.978452e+00,-4.551018e-01,6.608820e+00,-1.258704e+00,-1.590566e+01,1.201600e+00,3.626473e-02,1.940043e+02,8.010896e-01,-3.679664e-04,8.665778e-02,1.673113e+00,1.333449e+00,4.929436e-01,-7.332824e-01,-1.267151e+00,-1.223063e+00,1.949997e-01,9.888401e-01,8.279559e-01,7.365506e-01,1.091979e+00,-2.931399e-03,1.673386e-01,-7.608014e-03
2.328911e-03,-3.858320e+00,-5.343709e+00,-1.653871e+01,-8.678395e+00,-8.133178e-01,-2.233196e+00,-7.593437e+00,1.945920e-01,7.771384e+00,-1.234745e-01,-1.529623e+01,2.288000e+00,3.263826e-02,1.944574e+02,7.913156e-01,-3.368650e-04,6.506467e-02,1.862223e+00,1.407277e+00,4.621913e-01,-1.246262e+00,-1.464041e+00,-1.183015e+00,-8.862676e-02,4.746989e-01,7.518293e-01,4.566598e-01,1.110555e+00,-2.417649e-03,4.250107e-01,-9.320831e-03
2.027915e-03,-3.796078e+00,-3.227261e+00,-1.530848e+01,-8.326767e+00,-2.758319e+00,-3.850049e+00,-8.713393e+00,4.980958e-01,7.606132e+00,-8.740943e-01,-1.440048e+01,3.888633e+00,3.142944e-02,1.950993e+02,7.823523e-01,-2.777220e-04,-7.317536e-02,1.835431e+00,1.275282e+00,5.017640e-01,-1.491200e+00,-1.689787e+00,-9.228834e-01,-6.114604e-01,-7.540611e-01,7.287414e-01,5.938501e-01,1.836199e-01,-1.359928e-03,4.879013e-01,-1.256852e-02
1.804919e-03,-3.755150e+00,-2.049120e+00,-1.410125e+01,-8.516534e+00,-4.605062e+00,-5.374623e+00,-9.768796e+00,-1.266584e+00,6.233717e+00,1.139037e+00,-1.499307e+01,3.577889e+00,3.052282e-02,1.956736e+02,7.706449e-01,-2.458334e-04,-4.334799e-01,1.835303e+00,1.626110e+00,1.046139e+00,-8.997951e-01,-1.398693e+00,-9.020048e-01,-1.226614e+00,-2.030807e+00,8.505314e-01,1.054763e+00,-1.197935e+00,-5.137507e-04,-1.270665e+01,-2.456040e-02
1.586029e-03,-4.363530e+00,1.228079e-01,-1.325858e+01,-7.340512e+00,-5.211204e+00,-7.651762e+00,-1.050519e+01,-2.781816e+00,3.607348e+00,1.753747e+00,-1.308799e+01,1.474755e+00,3.052282e-02,1.958357e+02,7.485824e-01,-2.245317e-04,-8.806555e-01,1.823667e+00,2.154925e+00,1.572457e+00,1.297031e-01,-4.766740e-01,-3.165384e-01,-7.021415e-01,-2.599381e+00,5.513953e-01,1.703225e+00,-2.545978e+00,1.329707e-03,-3.248808e+01,-4.124060e-02
1.320687e-03,-5.741993e+00,2.157769e+00,-9.433111e+00,-3.940826e+00,-4.085851e+00,-7.325806e+00,-1.120756e+01,-4.298522e+00,-3.832613e-01,2.815262e+00,-1.067866e+01,-2.494737e+00,3.052282e-02,1.305559e+02,6.853986e-01,-1.947073e-04,-1.321550e+00,1.534941e+00,2.213269e+00,1.716676e+00,1.477067e+00,1.149528e+00,9.576248e-01,5.109589e-01,-2.029081e+00,3.724300e-02,2.351794e+00,-3.029747e+00,4.019342e-03,-5.219652e+01,-9.105265e-02
1.147373e-03,-7.205934e+00,3.787627e+00,-6.867923e+00,-2.752338e+00,-2.369409e+00,-5.257828e+00,-9.576702e+00,-1.496642e+00,-2.082284e+00,1.044770e+00,-8.041560e+00,-5.804945e+00,3.807797e-02,6.521773e+01,6.187724e-01,-1.339270e-04,-1.586705e+00,6.906923e-01,1.020396e+00,8.133165e-01,2.167874e+00,2.273962e+00,2.252064e+00,1.918683e+00,-1.202232e-01,-1.228258e-01,1.967199e+00,-1.997068e+00,4.956181e-03,-5.222274e+01,-1.430432e-01
1.050711e-03,-8.941695e+00,3.793175e+00,-6.230231e+00,-2.227239e+00,1.359375e+00,-8.239501e-01,-5.444916e+00,6.456231e-01,-1.066869e+00,1.679740e+00,-5.757309e+00,-7.930997e+00,4.684195e-02,0,3.802866e-01,-6.887388e-05,-1.634955e+00,-2.027139e-01,-4.397630e-01,7.858860e-02,1.952344e+00,1.991224e+00,2.822415e+00,2.516333e+00,1.903191e+00,2.282944e-01,1.835451e+00,2.396600e-01,1.873679e-03,-3.263295e+01,-1.803647e-01
1.051382e-03,-1.069720e+01,2.758566e+00,-9.758044e+00,-4.130723e+00,2.905554e+00,4.671212e-01,-2.126195e+00,4.339526e+00,3.348037e+00,1.707379e+00,-5.712675e+00,-5.792455e+00,4.714416e-02,0,1.859225e-01,-2.889971e-05,-1.384495e+00,-4.765733e-01,-8.384973e-01,-8.594556e-02,6.393281e-01,6.377954e-01,2.173808e+00,2.321930e+00,2.699804e+00,4.637478e-01,8.403212e-01,1.939110e+00,-5.379269e-03,-1.304355e+01,-1.617831e-01
1.024313e-03,-1.217113e+01,1.658730e+00,-1.018687e+01,-2.858691e+00,3.038389e+00,-2.321610e-01,-8.207402e-01,5.365057e+00,6.417531e+00,3.625429e+00,-2.665848e+00,-1.302682e+00,3.535812e-02,0,0,-1.010236e-05,-8.458059e-01,-1.198343e-01,-9.890594e-02,-9.654937e-02,-9.826244e-01,-5.112045e-01,1.126534e+00,1.835916e+00,1.866219e+00,2.476021e-01,-1.624275e-01,2.077066e+00,-8.038683e-03,0,-6.090739e-02
1.016074e-03,-1.251369e+01,2.471983e+00,-9.082092e+00,-2.866340e+00,-1.227546e-02,-2.364745e+00,-1.019750e+00,7.753292e+00,7.674535e+00,2.390664e+00,-5.385685e+00,5.764487e-01,1.692354e-02,0,0,2.835082e-05,-3.974527e-01,1.576438e-01,5.501453e-01,1.363245e-01,-1.464477e+00,-1.906851e-01,7.718413e-01,7.204282e-01,-4.358749e-02,-2.782765e-01,-1.148845e+00,7.255222e-01,1.057721e-03,0,1.342876e-02
1.017854e-03,-1.226248e+01,3.337296e+00,-7.062737e+00,-3.342178e+00,-2.094831e+00,-1.964039e+00,-3.654696e-01,8.118320e+00,6.100976e+00,2.576108e+00,-6.732941e+00,-7.301214e-01,2.175884e-02,0,1.687109e-01,2.125302e-04,-2.194049e-01,-6.762402e-02,-1.884572e-01,-3.052971e-01,-1.423233e+00,5.732795e-01,4.283670e-01,-4.246078e-02,-1.235631e+00,-2.297934e-01,-1.193460e+00,1.113010e-01,1.789060e-02,0,5.061327e-02
1.196366e-03,-1.263879e+01,2.707503e+00,-8.569383e+00,-3.207357e+00,-1.850222e+00,3.796348e-01,1.505377e+00,6.565036e+00,3.288377e+00,8.406568e-01,-9.423353e+00,-2.451125e+00,5.923240e-02,0,1.687109e-01,3.582459e-04,-2.080218e-01,-4.889728e-01,-1.060382e+00,-2.329750e-01,-8.069676e-01,1.042019e+00,2.615853e-01,-8.702492e-01,-1.682259e+00,3.543421e-01,2.054557e-01,5.490166e-01,2.813539e-02,0,0
1.996818e-03,-1.320561e+01,1.202850e+00,-1.138551e+01,-4.214668e+00,-3.158803e+00,1.262046e+00,5.853172e-02,5.746881e+00,2.432454e+00,3.251466e+00,-6.614311e+00,7.676097e-01,1.036567e-01,0,1.687109e-01,3.604828e-04,3.192104e-01,-3.908316e-01,-1.320371e+00,-2.981482e-01,-8.071771e-01,4.653257e-01,-6.011385e-01,-8.912691e-01,-9.890356e-01,3.357891e-01,3.905689e-01,1.278352e+00,1.861590e-02,0,-7.429713e-03
2.317821e-03,-1.308224e+01,1.094342e+00,-1.222262e+01,-3.594970e+00,-3.515128e+00,1.232306e+00,7.617604e-02,4.587765e+00,1.097502e+00,3.824696e+00,-4.417721e+00,2.572666e+00,1.166516e-01,0,0,1.208379e-04,1.195711e+00,-2.451386e-01,-5.707268e-01,-4.200359e-01,-9.157383e-01,-3.194098e-01,-1.204283e+00,-7.806755e-01,-3.245922e-01,-3.317225e-01,-3.942312e-01,1.228370e+00,-2.538531e-03,1.327414e+01,6.185001e-02
2.259540e-03,-1.044471e+01,2.189718e+00,-1.183798e+01,-4.639112e+00,-5.298264e+00,-6.374625e-02,-2.656562e+00,4.650609e+00,2.251235e+00,2.763034e+00,-7.282913e+00,3.149746e+00,8.612874e-02,0,2.159178e-01,-1.363345e-04,1.914447e+00,-6.267062e-01,-1.808824e-01,-4.274241e-01,-7.233869e-01,-5.033474e-01,-9.590972e-01,-8.723518e-01,-2.079611e-02,-1.567683e+00,-2.218913e+00,4.440584e-01,-1.906920e-02,3.311872e+01,1.537582e-01
1.669194e-03,-8.040690e+00,9.883761e-01,-1.119678e+01,-5.095314e+00,-5.359183e+00,-5.545183e-01,-3.158494e+00,3.209795e+00,1.756025e+00,-5.737397e-01,-1.106021e+01,2.499658e+00,5.530372e-02,6.637069e+01,4.543575e-01,-1.505705e-04,1.798716e+00,-1.498491e+00,-6.272920e-01,-8.074358e-01,-1.147028e-01,-1.847437e-01,-5.034490e-01,-9.060256e-01,6.610483e-02,-1.865310e+00,-2.728259e+00,5.528531e-01,-1.958296e-02,5.282593e+01,2.000131e-01
1.639459e-03,-6.154145e+00,-1.877698e+00,-1.280284e+01,-5.601616e+00,-5.853710e+00,-3.612785e-01,-3.119619e+00,2.074108e+00,1.999212e+00,-2.387728e+00,-1.438763e+01,3.024406e+00,3.898459e-02,1.324082e+02,7.103231e-01,-1.789578e-05,9.695263e-01,-2.084769e+00,-1.419857e+00,-6.620602e-01,9.983312e-01,5.997572e-01,1.272517e-01,-1.167219e+00,-4.009107e-01,-1.590128e+00,-1.713727e+00,6.847295e-01,-9.459051e-03,5.250347e+01,1.423770e-01
1.875009e-03,-6.233941e+00,-4.364404e+00,-1.487665e+01,-7.150897e+00,-3.810919e+00,4.573540e-01,-2.209541e+00,1.345888e+00,1.554038e+00,-2.926473e+00,-1.450666e+01,5.399601e+00,4.230886e-02,1.979255e+02,7.528629e-01,1.530886e-04,2.602538e-01,-1.876182e+00,-1.894998e+00,-3.480775e-01,1.906523e+00,1.028345e+00,1.416404e-01,-1.307708e+00,-5.091862e-01,-9.125727e-01,-6.023496e-01,6.584678e-01,-6.950736e-04,3.226932e+01,7.321800e-02
2.067154e-03,-6.500453e+00,-5.557737e+00,-1.709733e+01,-6.921622e+00,-1.080739e+00,2.429104e+00,-2.494781e+00,-2.535309e-01,3.476753e-01,-4.011240e+00,-1.412832e+01,5.123421e+00,4.533092e-02,1.967399e+02,7.785500e-01,1.910009e-04,-1.466682e-01,-1.422971e+00,-1.571834e+00,3.198675e-01,2.358721e+00,1.273248e+00,-4.159298e-02,-1.436270e+00,-7.032901e-01,-1.971249e-01,1.696107e-01,-1.379538e-02,2.145664e-03,1.219497e+01,1.981992e-02
2.220790e-03,-6.566267e+00,-6.552515e+00,-1.852453e+01,-6.175699e+00,1.786949e+00,3.192015e+00,-2.762711e+00,-2.164923e+00,3.586207e-02,-4.324848e+00,-1.420161e+01,4.742489e+00,4.865519e-02,1.955515e+02,7.863340e-01,1.868649e-04,-7.515917e-02,-1.085803e+00,-9.765335e-01,9.161280e-01,2.208068e+00,9.944239e-01,-9.046273e-02,-1.522263e+00,-4.179757e-01,7.354203e-01,1.385112e-01,-5.928649e-01,1.208825e-03,-1.079552e+00,9.996688e-03
2.421573e-03,-6.721323e+00,-7.898497e+00,-1.883807e+01,-4.489878e+00,3.140961e+00,4.637629e+00,-3.050999e+00,-3.351838e+00,-7.581508e-01,-2.674166e+00,-1.369210e+01,3.283985e+00,4.653974e-02,1.945701e+02,7.926871e-01,1.943282e-04,7.090006e-02,-9.534847e-01,-3.972967e-01,9.071983e-01,1.832923e+00,4.598800e-01,-1.965334e-01,-1.286472e+00,1.070146e-01,1.486891e+00,-5.644789e-02,-3.514261e-01,7.555146e-04,-9.602554e-01,5.690741e-03
2.632124e-03,-6.499301e+00,-8.623039e+00,-1.888894e+01,-3.786129e+00,5.118569e+00,4.325211e+00,-2.383745e+00,-4.716273e+00,1.707276e-02,8.209149e-02,-1.403221e+01,3.354995e+00,4.774857e-02,1.936127e+02,7.957778e-01,2.036931e-04,1.651957e-01,-7.877686e-01,-1.915848e-01,5.045687e-01,1.424913e+00,1.855054e-02,-2.367905e-01,-1.009778e+00,3.558567e-01,1.408773e+00,-1.982554e-01,-1.842059e-01,9.670589e-04,-7.445008e-01,5.411970e-03
2.833128e-03,-6.179435e+00,-9.289898e+00,-1.890160e+01,-3.580415e+00,6.418067e+00,4.161906e+00,-3.666930e+00,-5.410217e+00,8.921432e-01,1.219747e+00,-1.449526e+01,4.060038e+00,4.956180e-02,1.929080e+02,8.022818e-01,2.149003e-04,1.432134e-01,-5.068477e-01,-3.900517e-01,1.119295e-01,1.206574e+00,-2.554356e-01,-2.028894e-01,-7.694440e-01,3.611787e-01,4.132887e-01,-1.613589e-01,-1.100420e-01,7.857353e-04,-4.431824e-01,5.145282e-03
3.033478e-03,-6.011232e+00,-9.795657e+00,-1.945069e+01,-4.107587e+00,7.272963e+00,3.522630e+00,-3.638698e+00,-6.184624e+00,9.899985e-01,7.720601e-01,-1.479131e+01,3.433433e+00,5.197945e-02,1.926600e+02,8.085966e-01,2.325621e-04,3.230925e-02,-4.323609e-01,-6.376530e-01,-2.300976e-01,9.761017e-01,1.774077e-02,-7.585998e-02,-4.903023e-01,-5.504406e-02,-4.079396e-01,8.243275e-03,-4.421201e-01,-7.252943e-04,-1.147247e-01,4.921913e-03
3.295397e-03,-6.249290e+00,-9.846427e+00,-2.050746e+01,-3.769501e+00,8.096633e+00,3.761742e+00,-3.437969e+00,-6.464882e+00,5.612798e-01,-9.527066e-01,-1.411935e+01,2.694556e+00,4.835298e-02,1.928306e+02,8.120041e-01,2.507322e-04,-5.605946e-02,-3.239210e-01,-7.217625e-01,-3.334072e-01,1.034599e+00,3.187167e-01,3.857196e-01,-2.508298e-01,-2.233529e-01,-3.481426e-01,9.953365e-02,-5.027522e-01,-2.417649e-03,6.116638e-02,3.704858e-03
3.563800e-03,-6.302828e+00,-1.050658e+01,-2.127428e+01,-4.842073e+00,9.159795e+00,4.613997e+00,-2.877526e+00,-6.640452e+00,-9.271586e-02,-8.713797e-01,-1.417895e+01,1.827135e+00,4.472651e-02,1.930778e+02,8.155262e-01,2.472248e-04,-3.899689e-02,-4.120131e-01,-5.091664e-01,-4.309936e-01,1.069492e+00,6.715991e-01,2.847847e-01,4.250975e-02,-2.365043e-01,1.008659e-01,-1.168818e-01,-9.233193e-02,-3.203385e-03,6.532593e-02,3.014898e-03
3.821628e-03,-6.313935e+00,-1.055404e+01,-2.159862e+01,-4.880208e+00,1.064764e+01,5.209806e+00,-2.118919e+00,-6.436452e+00,3.167357e-01,3.007540e-01,-1.430377e+01,2.349426e+00,4.110003e-02,1.930050e+02,8.173413e-01,1.961664e-04,2.458825e-02,-3.395452e-01,-2.462681e-01,-4.281256e-01,1.018559e+00,6.286448e-01,1.854187e-01,4.462566e-02,-9.251356e-02,4.505826e-01,-5.135406e-01,3.080018e-01,-2.024780e-03,-4.848785e-02,2.309519e-03
4.006486e-03,-6.173894e+00,-1.150191e+01,-2.145094e+01,-5.707201e+00,1.134492e+01,6.156593e+00,-2.874300e+00,-5.986290e+00,-7.025103e-02,6.496593e-01,-1.528351e+01,3.144339e+00,3.958900e-02,1.928994e+02,8.210025e-01,1.068127e-04,5.744829e-02,-1.865604e-01,-8.751144e-02,-2.725081e-01,6.320910e-01,4.029198e-01,-2.321860e-01,3.298788e-02,-2.314562e-01,1.097083e-01,-7.323073e-01,4.724290e-01,1.511030e-04,-1.399399e-01,1.456141e-03
4.054886e-03,-6.190815e+00,-1.104648e+01,-2.165047e+01,-5.477565e+00,1.209687e+01,6.133667e+00,-2.512489e+00,-6.568835e+00,8.747963e-02,5.396869e-01,-1.613477e+01,3.575964e+00,4.079783e-02,1.926773e+02,8.208136e-01,-5.898392e-06,1.447732e-01,-8.905783e-02,5.691242e-02,-2.080802e-01,4.094801e-02,2.081935e-01,-5.316527e-01,-4.590034e-02,-4.592218e-01,-1.977040e-01,-6.648389e-01,2.302607e-01,1.873678e-03,-1.484741e-01,6.097853e-04
3.981235e-03,-6.077146e+00,-1.119316e+01,-2.168591e+01,-5.905935e+00,1.159564e+01,6.166665e+00,-3.841670e+00,-6.409321e+00,-1.135369e+00,-4.423046e-01,-1.692499e+01,3.576012e+00,4.563312e-02,1.925419e+02,8.210707e-01,-7.952678e-05,2.007675e-01,1.784210e-02,2.183388e-01,-2.029588e-01,-1.727829e-01,-1.245394e-02,-7.095634e-01,8.474827e-02,-5.232224e-01,-3.457247e-01,-2.426027e-01,6.075764e-03,1.571471e-03,-9.813690e-02,-7.602930e-04
3.804762e-03,-5.638443e+00,-1.115371e+01,-2.119657e+01,-5.821242e+00,1.072702e+01,6.245738e+00,-4.293497e+00,-6.454439e+00,-1.446815e+00,-1.417844e-01,-1.680722e+01,3.284893e+00,4.744636e-02,1.924413e+02,8.203561e-01,-8.079033e-05,2.062079e-01,-3.899946e-02,2.044710e-01,-3.206029e-01,-1.252580e-01,-1.047872e-01,-7.772630e-01,1.590323e-01,-3.681360e-01,-3.726598e-01,1.890146e-01,-1.655208e-01,-6.950747e-04,4.894257e-02,-9.954155e-04
3.733914e-03,-5.446243e+00,-1.135909e+01,-2.058619e+01,-6.550157e+00,1.116592e+01,6.038289e+00,-5.531613e+00,-5.619747e+00,-1.919216e+00,-7.382288e-01,-1.616029e+01,3.320253e+00,4.412209e-02,1.925267e+02,8.174298e-01,-2.711741e-05,7.278804e-02,4.324236e-02,3.434105e-02,-2.995867e-01,3.024654e-01,-1.209067e-01,-3.443932e-01,9.742852e-02,1.600573e-02,-2.747288e-01,2.957188e-01,-1.692677e-01,-2.931399e-03,1.828537e-01,-1.304847e-03
3.774594e-03,-5.475227e+00,-1.115852e+01,-2.117797e+01,-6.758469e+00,1.168543e+01,5.673920e+00,-5.553833e+00,-6.168460e+00,-1.361277e+00,-1.175650e+00,-1.557205e+01,2.876239e+00,3.807797e-02,1.929296e+02,8.176570e-01,2.503747e-05,-8.146501e-02,1.121632e-01,-3.315372e-01,-1.103884e-01,2.546650e-01,-4.524574e-02,-9.149456e-03,-3.282657e-02,1.355477e-01,-2.595404e-01,2.221470e-02,-8.825560e-02,-2.961619e-03,2.266144e-01,-5.166292e-04
3.860731e-03,-5.794814e+00,-1.097454e+01,-2.152350e+01,-6.935255e+00,1.262876e+01,5.848040e+00,-4.933468e+00,-6.065168e+00,-1.098109e+00,-1.299016e+00,-1.606398e+01,2.934000e+00,3.566032e-02,1.932121e+02,8.158960e-01,1.038960e-05,-8.515930e-02,1.552985e-01,-4.094458e-01,3.141772e-01,-1.982128e-01,2.250600e-02,3.837488e-01,-6.304970e-02,2.053495e-01,9.450667e-02,-4.301261e-01,4.009776e-02,-5.439695e-04,8.094635e-02,5.100370e-05
3.866541e-03,-5.871483e+00,-1.078517e+01,-2.238560e+01,-6.180635e+00,1.126893e+01,6.114633e+00,-4.638317e+00,-6.395861e+00,-1.179629e+00,-1.159093e+00,-1.674431e+01,3.036741e+00,3.686915e-02,1.932317e+02,8.185398e-01,-5.066493e-05,-4.097638e-02,1.338271e-01,-2.251888e-01,3.955827e-01,-3.876768e-01,-2.934786e-01,1.670382e-01,6.546192e-02,1.721377e-01,1.173137e-01,-6.777445e-01,2.110920e-01,2.991841e-03,-1.435318e-01,-2.032518e-06
3.739889e-03,-5.673912e+00,-1.076927e+01,-2.202961e+01,-5.268188e+00,1.038311e+01,5.930462e+00,-4.070627e+00,-5.821295e+00,-9.832922e-01,-2.739742e-01,-1.772479e+01,3.440491e+00,4.200665e-02,1.927804e+02,8.172434e-01,-1.124159e-04,-4.509406e-02,7.335396e-02,-2.883320e-02,2.190716e-01,-2.016998e-01,-7.577327e-01,-3.743269e-01,5.483022e-02,1.643435e-01,-1.850333e-01,-6.850244e-01,1.059418e-02,5.046841e-03,-2.576798e-01,-2.616048e-04
3.581691e-03,-5.740560e+00,-1.059202e+01,-2.205086e+01,-5.614089e+00,1.086987e+01,4.165316e+00,-5.150063e+00,-5.963087e+00,-5.579965e-01,-1.101603e+00,-1.813036e+01,3.678454e+00,4.986401e-02,1.924278e+02,8.169731e-01,-1.330288e-04,-1.151023e-01,2.069130e-02,1.497862e-01,-1.017589e-01,4.439379e-01,-9.193558e-01,-9.536231e-01,1.342998e-01,2.759098e-01,-6.767011e-01,-4.449383e-01,-2.770548e-01,4.261105e-03,-1.883972e-01,-1.070786e-03
3.441077e-03,-6.085745e+00,-1.070435e+01,-2.183504e+01,-6.123170e+00,1.181979e+01,3.034035e+00,-6.549230e+00,-6.007404e+00,-5.872083e-01,-2.252928e+00,-1.879608e+01,2.666115e+00,5.439709e-02,1.923256e+02,8.153713e-01,-1.164177e-04,-1.989860e-01,3.211641e-02,3.908539e-02,-1.100274e-01,5.777858e-01,-6.557534e-01,-1.222628e+00,-1.544757e-02,4.180043e-01,-1.157263e+00,-1.722229e-01,-6.590269e-01,9.972795e-04,-1.169586e-02,-1.076591e-03
3.350803e-03,-6.241078e+00,-1.071417e+01,-2.173395e+01,-6.261938e+00,1.277028e+01,2.966068e+00,-8.167130e+00,-5.631308e+00,1.877507e-03,-3.553122e+00,-1.843336e+01,2.038656e+00,5.197945e-02,1.925171e+02,8.141219e-01,-9.855898e-05,-1.537454e-01,1.965912e-01,-5.334301e-02,3.637266e-01,2.635204e-01,-3.500938e-04,-9.217016e-01,6.670251e-02,6.794068e-01,-1.052202e+00,-1.157856e-01,-5.663711e-01,-1.934119e-03,1.446869e-01,-1.196188e-03
3.273244e-03,-6.418583e+00,-1.054761e+01,-2.199264e+01,-5.494400e+00,1.232184e+01,3.251319e+00,-8.675235e+00,-6.064423e+00,8.267922e-01,-4.834527e+00,-1.843441e+01,9.652550e-01,4.593533e-02,1.926772e+02,8.132861e-01,-9.613000e-05,-7.696314e-02,3.883761e-01,-2.163450e-01,7.230806e-01,-2.635118e-01,1.736988e-01,-4.051546e-01,-2.343368e-03,6.363087e-01,-9.371380e-01,-2.932848e-01,-4.632797e-01,-1.783016e-03,2.556915e-01,-9.593546e-04
3.172812e-03,-6.342868e+00,-9.687428e+00,-2.223878e+01,-4.109841e+00,1.193645e+01,4.054924e+00,-8.695568e+00,-5.601065e+00,2.132037e+00,-5.071810e+00,-1.889012e+01,1.697028e+00,4.442430e-02,1.929754e+02,8.120348e-01,-1.077603e-04,2.652335e-02,5.120028e-01,-1.246437e-01,7.444037e-01,-6.388679e-01,1.243558e-01,1.307719e-01,2.824501e-01,3.539461e-01,-8.374618e-01,-3.553879e-01,-4.382430e-01,7.555149e-04,3.447235e-01,-9.207487e-04
3.049422e-03,-6.419666e+00,-9.275843e+00,-2.266435e+01,-3.583816e+00,1.091914e+01,3.358102e+00,-8.310784e+00,-6.034242e+00,1.529256e+00,-6.179273e+00,-2.003412e+01,5.205302e-01,4.925959e-02,1.933749e+02,8.116181e-01,-1.130345e-04,1.082882e-01,3.984366e-01,2.656338e-01,2.414853e-01,-7.349609e-01,-1.201114e-01,5.037390e-01,8.543566e-01,-4.283812e-01,-7.916818e-01,-2.877998e-01,-5.171224e-01,3.142944e-03,4.058243e-01,-1.021344e-03
2.923912e-03,-6.107920e+00,-8.790044e+00,-2.202132e+01,-3.495212e+00,1.027729e+01,3.534455e+00,-7.695496e+00,-4.234148e+00,1.420377e+00,-7.068058e+00,-1.941044e+01,6.980318e-02,5.409490e-02,1.938919e+02,8.103521e-01,-9.693052e-05,1.003751e-01,1.997863e-01,8.124014e-01,-4.152347e-01,-6.739599e-01,-1.643354e-01,8.704157e-01,1.406175e+00,-1.010788e+00,-8.090549e-01,-5.856514e-03,-3.075039e-01,2.689635e-03,3.783096e-01,-1.486260e-03
2.832522e-03,-5.994616e+00,-9.004123e+00,-2.077320e+01,-4.594288e+00,9.476616e+00,2.910996e+00,-6.656576e+00,-2.476099e+00,-9.592836e-01,-7.794813e+00,-1.961325e+01,-8.067449e-01,5.681475e-02,1.942481e+02,8.090207e-01,-7.078368e-05,2.634187e-02,1.233060e-01,1.120684e+00,-7.952936e-01,-5.077532e-01,1.068187e-01,9.670845e-01,1.557760e+00,-1.160803e+00,-6.221786e-01,-1.237492e-01,3.705623e-01,1.813248e-04,2.480454e-01,-1.955563e-03
2.796610e-03,-6.053518e+00,-8.824356e+00,-1.912234e+01,-5.680779e+00,9.287917e+00,3.456800e+00,-5.170594e+00,-3.492593e-01,-1.677634e+00,-8.309315e+00,-1.912984e+01,8.231456e-01,5.409490e-02,1.944304e+02,8.059022e-01,-5.583568e-05,-8.580818e-02,1.337989e-01,1.008864e+00,-7.424121e-01,-3.813291e-01,1.591738e-01,7.278472e-01,1.073938e+00,-8.967608e-01,-5.239249e-01,-3.163412e-01,6.535785e-01,-2.538531e-03,6.456299e-02,-2.279228e-03
2.759155e-03,-6.315157e+00,-8.642157e+00,-1.851042e+01,-6.467501e+00,8.875064e+00,3.931023e+00,-4.737813e+00,-1.878887e-01,-2.725753e+00,-8.669538e+00,-2.079317e+01,1.996670e+00,5.016622e-02,1.943459e+02,8.040652e-01,-6.311289e-05,-1.220528e-01,2.269178e-01,6.731383e-01,-2.625493e-01,-1.907906e-01,1.178448e-01,-7.231469e-02,3.033569e-01,-2.277007e-02,-4.520082e-01,-5.542202e-01,5.012085e-01,-3.898458e-03,-6.823425e-02,-2.827245e-03
2.681417e-03,-6.376690e+00,-8.302032e+00,-1.810839e+01,-6.270666e+00,8.671418e+00,3.820311e+00,-5.015642e+00,-8.563459e-03,-2.180193e+00,-9.250319e+00,-2.040219e+01,1.935988e+00,4.472651e-02,1.941658e+02,8.014337e-01,-8.222635e-05,-1.130702e-01,2.230336e-01,4.477306e-01,3.477737e-01,-4.006977e-02,-2.024824e-01,-1.020351e+00,-4.516872e-01,6.222253e-01,-2.491922e-01,-6.496086e-01,-1.451964e-01,-3.656694e-03,-8.845215e-02,-3.461939e-03
2.574554e-03,-6.443294e+00,-8.130695e+00,-1.791449e+01,-5.612091e+00,8.830913e+00,3.318464e+00,-7.095625e+00,-1.129662e+00,-8.218544e-01,-9.584352e+00,-2.174817e+01,1.142877e+00,4.200665e-02,1.940392e+02,7.971187e-01,-9.393480e-05,-9.039845e-02,2.603597e-01,4.281706e-01,7.254925e-01,3.527673e-01,-3.896745e-01,-1.518237e+00,-7.723914e-01,1.143546e+00,-2.791977e-02,-1.536995e-01,-5.487157e-01,-2.719856e-03,2.572021e-02,-3.694975e-03
2.477779e-03,-6.554801e+00,-7.964919e+00,-1.718166e+01,-4.369615e+00,9.109644e+00,2.750667e+00,-9.093444e+00,-2.136808e+00,4.815435e-01,-9.097869e+00,-2.190038e+01,5.240602e-01,3.989121e-02,1.941415e+02,7.920658e-01,-9.541439e-05,-6.563731e-02,3.639095e-01,4.183773e-01,6.693193e-01,5.768913e-01,-3.277658e-01,-1.566997e+00,-6.418468e-01,1.231196e+00,4.858837e-02,2.782101e-01,-5.368828e-01,-1.692355e-03,1.925903e-01,-2.825701e-03
2.391300e-03,-6.678094e+00,-7.508915e+00,-1.683293e+01,-3.790564e+00,1.041979e+01,2.517472e+00,-1.029010e+01,-2.985723e+00,1.661108e+00,-8.885362e+00,-2.081257e+01,-4.094438e-02,3.898459e-02,1.944867e+02,7.902743e-01,-8.865339e-05,3.962641e-02,4.095787e-01,2.916016e-01,2.223299e-01,5.963486e-01,-3.551013e-01,-1.040846e+00,3.047930e-01,6.479788e-01,-7.229910e-02,8.377022e-01,-3.662266e-01,-9.972811e-04,3.089859e-01,-7.515788e-04
2.295972e-03,-6.587476e+00,-6.793375e+00,-1.655728e+01,-3.834833e+00,1.076144e+01,2.581978e+00,-1.125339e+01,-2.289767e+00,2.734306e+00,-9.356873e+00,-1.947894e+01,-1.565159e-01,3.777577e-02,1.949050e+02,7.907274e-01,-6.531870e-05,1.763771e-01,3.412839e-01,-3.245354e-02,-3.651953e-01,3.690595e-01,-2.628686e-01,-6.162430e-01,1.121522e+00,2.822027e-01,-5.156585e-01,5.585468e-01,-1.309380e-01,-3.324270e-04,2.952271e-01,1.114070e-03
2.222190e-03,-6.228824e+00,-6.668574e+00,-1.676867e+01,-4.767832e+00,1.098676e+01,1.627302e+00,-1.121988e+01,4.707819e-01,1.291658e+00,-9.816345e+00,-1.877038e+01,-3.479683e-01,3.807797e-02,1.952024e+02,7.940300e-01,-2.341692e-05,2.265219e-01,2.824073e-02,-3.409323e-01,-6.565177e-01,-1.234441e-01,-2.587129e-01,-1.717135e-01,1.292091e+00,-1.322019e-01,-7.108806e-01,-1.770807e-01,-6.312776e-02,4.533097e-04,1.695801e-01,2.412462e-03
2.235740e-03,-5.897550e+00,-6.678669e+00,-1.737605e+01,-5.706957e+00,1.067146e+01,1.881409e+00,-1.170977e+01,1.742551e+00,2.077282e+00,-1.121067e+01,-2.012874e+01,2.288236e-02,3.868238e-02,1.952598e+02,7.957583e-01,2.378316e-05,1.379827e-01,-2.790903e-01,-4.519129e-01,-5.298977e-01,-3.934049e-01,-1.069759e-01,1.580967e-01,5.520352e-01,-1.326385e-01,-5.947316e-01,-6.556246e-01,-2.945125e-01,1.178604e-03,5.578613e-03,2.572370e-03
2.304332e-03,-5.890448e+00,-7.425064e+00,-1.812820e+01,-6.137090e+00,9.847558e+00,1.574192e+00,-1.092048e+01,1.458572e+00,1.328610e+00,-1.151287e+01,-2.137308e+01,-4.462823e-01,4.079783e-02,1.951572e+02,7.998212e-01,4.698590e-05,-5.735855e-02,-3.986542e-01,-3.015562e-01,-9.160528e-02,-5.707935e-01,1.238063e-01,4.070181e-01,-5.244449e-01,6.145670e-02,-2.383442e-01,-4.260971e-01,-6.011575e-01,1.148384e-03,-1.270096e-01,1.237869e-03
2.373817e-03,-6.066751e+00,-7.810581e+00,-1.813708e+01,-5.799693e+00,9.364014e+00,2.073653e+00,-1.061261e+01,-2.348572e-02,2.052638e+00,-1.148227e+01,-2.145572e+01,-1.579921e+00,4.230886e-02,1.949555e+02,8.006937e-01,3.639665e-05,-1.560944e-01,-2.944404e-01,-6.741504e-02,3.153370e-01,-4.440656e-01,3.166695e-01,4.109508e-01,-9.357373e-01,-1.153240e-01,3.110209e-01,2.612173e-01,-8.972021e-01,3.022060e-04,-2.001831e-01,-4.950583e-04
2.388081e-03,-6.431016e+00,-8.095889e+00,-1.789594e+01,-5.179491e+00,8.786512e+00,2.150212e+00,-9.733371e+00,-1.268424e+00,1.611264e+00,-1.087227e+01,-2.023738e+01,-2.552354e+00,4.200665e-02,1.947195e+02,7.977517e-01,6.027380e-06,-1.099034e-01,-3.642755e-02,1.404512e-01,3.485885e-01,-1.753751e-01,5.510523e-01,2.325361e-01,-8.437701e-01,5.648302e-02,4.772417e-01,6.076916e-01,-6.497489e-01,-9.368390e-04,-2.415131e-01,-1.777673e-03
2.375849e-03,-6.407738e+00,-7.815459e+00,-1.782926e+01,-4.609072e+00,8.981650e+00,3.176746e+00,-1.024856e+01,-1.572637e+00,1.359335e+00,-9.975865e+00,-1.939050e+01,-3.410092e+00,3.958900e-02,1.944777e+02,7.943178e-01,-1.465967e-05,1.294842e-02,5.341072e-02,1.915493e-01,1.643631e-01,5.132437e-02,5.094083e-01,3.014894e-01,-5.727347e-01,-5.559468e-03,6.728988e-01,2.175800e-01,-6.364040e-02,-1.722575e-03,-2.322845e-01,-1.664889e-03
2.333453e-03,-6.269472e+00,-7.604763e+00,-1.757985e+01,-4.989458e+00,9.161864e+00,3.777907e+00,-9.939820e+00,-1.985703e+00,1.957677e+00,-9.879860e+00,-1.936723e+01,-2.779942e+00,3.747356e-02,1.941886e+02,7.941208e-01,-1.945794e-05,1.015485e-01,7.168112e-02,2.118017e-01,2.344351e-02,1.089172e-01,3.240976e-01,5.079339e-01,-4.159431e-01,8.084528e-02,6.361739e-01,-2.555327e-01,4.871605e-01,-1.390149e-03,-1.912353e-01,-7.583320e-04
2.327833e-03,-6.082781e+00,-7.789091e+00,-1.733737e+01,-5.072894e+00,9.432960e+00,3.806847e+00,-9.001939e+00,-2.528520e+00,1.851634e+00,-8.613979e+00,-2.080289e+01,-1.784329e+00,3.596253e-02,1.940595e+02,7.941847e-01,-8.844747e-06,1.257979e-01,-1.866436e-03,1.944529e-01,-5.932312e-02,3.046198e-02,1.144259e-01,6.578335e-01,-3.400363e-01,7.753965e-02,6.433055e-01,-5.707561e-01,8.743697e-01,-5.439714e-04,-7.689514e-02,-8.016229e-05
2.314799e-03,-6.085752e+00,-7.750668e+00,-1.708287e+01,-4.830362e+00,9.105444e+00,3.455649e+00,-7.817014e+00,-2.870198e+00,1.769341e+00,-8.372339e+00,-2.080884e+01,-9.294328e-01,3.686915e-02,1.939724e+02,7.940266e-01,5.430076e-06,1.728495e-01,-5.040202e-02,1.832514e-01,-9.497175e-02,-1.218265e-01,2.095812e-01,2.663908e-01,-1.185047e-01,-2.198529e-03,5.387932e-01,-5.662519e-01,9.568922e-01,1.813237e-04,5.001526e-02,6.319344e-04
2.340952e-03,-5.870608e+00,-7.751839e+00,-1.710549e+01,-4.985236e+00,9.162170e+00,3.910005e+00,-8.020801e+00,-2.830571e+00,1.841201e+00,-7.513098e+00,-2.152348e+01,3.650184e-02,3.717135e-02,1.942013e+02,7.939641e-01,1.469126e-05,1.907912e-01,9.126807e-03,8.105870e-02,-2.960542e-01,-5.590925e-02,4.307326e-01,-3.383171e-01,2.611967e-01,1.675440e-01,-9.748936e-04,-1.330568e-01,8.913246e-01,1.511034e-04,1.326599e-01,1.412487e-03
2.354044e-03,-5.511311e+00,-7.875399e+00,-1.677954e+01,-5.508146e+00,8.688127e+00,4.774234e+00,-9.098435e+00,-2.427201e+00,1.951900e+00,-7.736334e+00,-2.183820e+01,1.094104e+00,3.777577e-02,1.943677e+02,7.973908e-01,2.067871e-05,1.781573e-01,1.696067e-02,-8.223381e-02,-3.486378e-01,3.831463e-02,4.580008e-01,-6.308624e-01,4.600250e-01,2.487128e-01,-5.158978e-01,2.303884e-01,6.492041e-01,-3.928676e-04,1.454346e-01,1.505375e-03
2.381667e-03,-5.416046e+00,-7.681091e+00,-1.708375e+01,-6.214273e+00,9.362072e+00,5.301218e+00,-1.005281e+01,-1.444035e+00,2.598074e+00,-8.936856e+00,-2.095350e+01,1.660525e+00,3.626473e-02,1.945252e+02,7.995650e-01,1.757743e-05,4.395752e-02,1.378460e-01,-4.385963e-01,-1.750931e-01,-2.051669e-01,2.951374e-01,-3.803997e-01,2.123653e-01,2.319832e-01,-1.045024e+00,5.990225e-01,9.423828e-03,-6.648529e-04,6.458282e-02,1.132548e-03
2.397835e-03,-5.422246e+00,-7.701238e+00,-1.750492e+01,-5.959033e+00,9.197066e+00,5.050047e+00,-9.955319e+00,-1.263341e+00,2.634468e+00,-1.023995e+01,-1.994189e+01,1.504576e+00,3.535812e-02,1.945377e+02,7.987530e-01,1.913037e-05,-6.846585e-02,2.363805e-01,-5.834200e-01,-1.352900e-01,-2.451354e-01,2.433520e-01,2.415905e-01,-1.111200e-01,-2.024965e-02,-8.658277e-01,6.515929e-01,-5.097305e-01,-4.835304e-04,-1.351929e-02,7.041693e-05
2.406943e-03,-5.695353e+00,-7.149689e+00,-1.893578e+01,-5.635258e+00,7.881866e+00,5.247786e+00,-9.494357e+00,-2.350674e+00,2.659833e+00,-1.148641e+01,-1.947652e+01,-1.216151e-01,3.505591e-02,1.944393e+02,7.989457e-01,1.374146e-05,-1.877488e-01,1.698196e-01,-3.755272e-01,-3.421988e-01,-3.970348e-01,3.315023e-01,6.441569e-01,-4.258903e-01,-5.361969e-01,-3.049638e-01,3.953629e-01,-8.204209e-01,6.044097e-05,-2.776337e-02,-4.086018e-04
2.437058e-03,-5.713987e+00,-6.959198e+00,-1.877062e+01,-6.474103e+00,8.202553e+00,6.017710e+00,-8.169711e+00,-2.529481e+00,1.819772e+00,-1.079070e+01,-1.931872e+01,-5.634785e-01,3.596253e-02,1.943431e+02,7.980525e-01,5.924166e-06,-2.668301e-01,1.257554e-01,6.712876e-02,-8.400999e-01,1.329824e-01,3.468856e-01,5.387322e-01,-3.450334e-02,-8.050337e-01,3.693623e-01,1.479088e-01,-5.252045e-01,2.417643e-04,-1.204071e-02,-8.314967e-04
2.430763e-03,-6.208920e+00,-7.203013e+00,-1.832853e+01,-7.667732e+00,7.874155e+00,6.474897e+00,-7.724833e+00,-2.940416e+00,3.244372e-01,-1.018630e+01,-1.928827e+01,-1.407552e+00,3.626473e-02,1.944836e+02,7.978722e-01,-1.380057e-05,-2.402314e-01,7.985015e-02,4.437382e-01,-9.185076e-01,5.786589e-01,1.038032e-01,2.509910e-01,4.435205e-01,-6.998850e-01,7.392944e-01,1.683235e-02,-1.917123e-02,0,-5.740357e-03,-1.247060e-03
2.415546e-03,-6.499613e+00,-7.045799e+00,-1.747290e+01,-9.143295e+00,9.865834e+00,6.170919e+00,-8.146420e+00,-1.140987e+00,-2.230022e-01,-9.043193e+00,-1.929647e+01,-4.784779e-01,3.596253e-02,1.944553e+02,7.951322e-01,-3.102501e-05,-1.351166e-01,2.985301e-01,2.919798e-01,-5.190824e-01,7.594572e-01,-1.266593e-01,-5.657763e-02,7.171623e-01,-1.224627e-01,5.937886e-01,7.164574e-03,2.939521e-01,-4.230883e-04,-8.661957e-02,-1.386583e-03
2.348696e-03,-6.503696e+00,-6.707138e+00,-1.736595e+01,-8.893200e+00,9.943520e+00,5.690197e+00,-8.251047e+00,-8.273189e-01,1.817959e-01,-8.663692e+00,-1.940348e+01,-2.599716e-01,3.505591e-02,1.943545e+02,7.941706e-01,-3.425677e-05,5.873852e-02,4.958926e-01,7.035408e-02,6.645946e-02,7.604784e-01,-1.381582e-01,2.653103e-02,7.134185e-01,4.325089e-01,3.382031e-01,2.272339e-01,4.201899e-01,-5.137503e-04,-1.696335e-01,-1.227397e-03
2.322966e-03,-6.242181e+00,-5.714485e+00,-1.779201e+01,-8.456781e+00,1.096516e+01,5.776764e+00,-8.189492e+00,-2.183318e-04,1.278780e+00,-8.583057e+00,-1.922529e+01,3.324915e-01,3.445150e-02,1.939745e+02,7.929704e-01,-2.624800e-05,1.371094e-01,4.631114e-01,-1.139860e-01,4.143716e-01,3.705468e-01,-8.848285e-03,1.831962e-01,3.278169e-01,5.472480e-01,5.740147e-02,3.433359e-01,2.080666e-01,-3.626473e-04,-1.637512e-01,-5.986512e-04
2.305769e-03,-6.043943e+00,-5.389207e+00,-1.781720e+01,-7.678691e+00,1.112689e+01,5.981184e+00,-7.570642e+00,5.629180e-02,1.736091e+00,-8.725354e+00,-1.818769e+01,2.879128e-01,3.445150e-02,1.938758e+02,7.928162e-01,-1.030504e-05,1.117745e-01,2.961138e-01,-9.276943e-02,3.207107e-01,2.528461e-01,7.863941e-02,1.979661e-01,1.823732e-01,3.565900e-01,-2.656221e-02,3.469198e-01,1.051190e-01,-1.208827e-04,-1.055984e-01,-2.863049e-04
