pcm_RMSenergy_sma,pcm_fftMag_mfcc_sma[1],pcm_fftMag_mfcc_sma[2],pcm_fftMag_mfcc_sma[3],pcm_fftMag_mfcc_sma[4],pcm_fftMag_mfcc_sma[5],pcm_fftMag_mfcc_sma[6],pcm_fftMag_mfcc_sma[7],pcm_fftMag_mfcc_sma[8],pcm_fftMag_mfcc_sma[9],pcm_fftMag_mfcc_sma[10],pcm_fftMag_mfcc_sma[11],pcm_fftMag_mfcc_sma[12],pcm_zcr_sma,F0final_sma,voicingFinalUnclipped_sma,pcm_RMSenergy_sma_de,pcm_fftMag_mfcc_sma_de[1],pcm_fftMag_mfcc_sma_de[2],pcm_fftMag_mfcc_sma_de[3],pcm_fftMag_mfcc_sma_de[4],pcm_fftMag_mfcc_sma_de[5],pcm_fftMag_mfcc_sma_de[6],pcm_fftMag_mfcc_sma_de[7],pcm_fftMag_mfcc_sma_de[8],pcm_fftMag_mfcc_sma_de[9],pcm_fftMag_mfcc_sma_de[10],pcm_fftMag_mfcc_sma_de[11],pcm_fftMag_mfcc_sma_de[12],pcm_zcr_sma_de,F0final_sma_de,voicingFinalUnclipped_sma_de
1.480632e-03,-5.681553e+00,8.942978e-01,-5.210432e-01,-6.140373e+00,-1.846478e+01,-9.271434e+00,9.138381e-01,-4.820027e+00,-7.587468e+00,9.644938e+00,3.868977e-02,2.701474e-01,2.387428e-02,0,7.340684e-01,-5.422704e-05,-1.054961e-01,7.939764e-01,4.591153e-01,5.105363e-01,7.543513e-01,5.184178e-01,-7.563217e-01,-3.412075e-02,-1.279698e-01,-1.839889e+00,-8.018209e-01,-1.390147e-01,-2.024781e-03,0,-1.166399e-02
1.397231e-03,-5.842611e+00,1.900864e+00,-1.120038e-01,-5.989357e+00,-1.804654e+01,-9.019367e+00,-7.270608e-01,-4.435563e+00,-8.481381e+00,6.834087e+00,-9.497731e-01,1.571364e-01,1.994560e-02,0,7.209913e-01,-9.912330e-05,-1.067781e-01,1.451626e+00,7.250221e-01,1.273287e+00,2.156590e+00,1.272416e+00,-1.304178e+00,-3.004345e-01,2.685791e-01,-2.714962e+00,-1.183052e+00,-5.655412e-01,-2.870958e-03,0,-2.390641e-02
1.251198e-03,-6.128504e+00,4.360897e+00,1.570014e+00,-3.663199e+00,-1.490214e+01,-6.805378e+00,-2.047321e+00,-5.182863e+00,-7.780360e+00,1.850920e+00,-3.476183e+00,-3.684205e-01,1.571472e-02,0,6.822870e-01,-1.204164e-04,-6.254568e-02,1.999646e+00,8.653439e-01,2.052413e+00,3.144208e+00,1.447501e+00,-1.556319e+00,-3.470398e-01,1.423175e+00,-2.550753e+00,-1.252050e+00,-9.011011e-01,-2.326987e-03,0,-3.139085e-02
1.099733e-03,-5.991968e+00,6.419130e+00,2.058539e+00,-1.012525e+00,-9.463151e+00,-4.142383e+00,-4.126471e+00,-6.140781e+00,-6.148126e+00,-3.286529e-02,-4.119135e+00,-2.238275e+00,1.359927e-02,0,6.404271e-01,-9.043573e-05,-6.146765e-02,1.943261e+00,4.265498e-01,1.675722e+00,2.869708e+00,8.252716e-01,-1.403085e+00,-2.266796e-01,1.962464e+00,-7.951690e-01,-2.262855e-01,-7.575992e-01,-3.324262e-04,0,-2.593110e-02
1.027299e-03,-5.919603e+00,8.633396e+00,2.720405e+00,1.633277e+00,-7.035437e+00,-4.472420e+00,-5.168051e+00,-5.702616e+00,-1.638223e+00,3.246473e-01,-4.636881e+00,-3.037653e+00,1.541251e-02,0,6.173963e-01,-2.022159e-05,-3.173161e-02,1.106343e+00,-1.841199e-01,4.857857e-01,5.845376e-01,-5.473088e-01,-1.015296e+00,2.228936e-01,1.497044e+00,9.389927e-01,7.596226e-01,3.461111e-01,2.417649e-03,0,-6.989622e-03
1.057001e-03,-6.254400e+00,9.480918e+00,1.445549e+00,-2.589873e-01,-7.631353e+00,-6.059488e+00,-6.182119e+00,-5.309084e+00,-1.740132e+00,3.621379e+00,-1.500852e+00,-2.296243e+00,1.843457e-02,0,6.237811e-01,6.822144e-05,-7.077942e-02,-3.293943e-02,-7.140310e-01,-8.228800e-01,-2.128701e+00,-1.039463e+00,-3.516009e-01,2.111325e-01,5.576462e-02,1.847973e+00,1.092903e+00,1.399469e+00,4.200665e-03,1.248489e+01,1.277121e-02
1.171456e-03,-6.155946e+00,8.361718e+00,9.559090e-01,-1.611040e+00,-1.289536e+01,-8.583369e+00,-6.095976e+00,-4.484243e+00,-2.499139e+00,4.718761e+00,-9.872118e-01,1.391119e+00,2.538531e-02,0,6.556618e-01,1.282021e-04,2.792702e-02,-1.269155e+00,-9.773335e-01,-1.277144e+00,-3.622927e+00,-6.149985e-01,2.981355e-01,2.954076e-01,-1.142726e+00,1.992801e+00,7.392356e-01,1.674194e+00,5.107283e-03,3.114532e+01,2.532751e-02
1.368762e-03,-6.227693e+00,6.390272e+00,-6.293675e-01,-3.504766e+00,-1.717669e+01,-7.284222e+00,-5.420513e+00,-5.694305e+00,-5.438845e+00,7.009943e+00,-4.794537e-01,2.544682e+00,2.961620e-02,6.242443e+01,6.851503e-01,1.468608e-04,7.118712e-02,-1.705467e+00,-7.569825e-01,-8.416445e-01,-3.453094e+00,1.787699e-01,1.010347e+00,5.888456e-01,-1.068732e+00,1.888338e+00,2.939633e-02,8.753973e-01,4.261106e-03,4.979333e+01,2.526681e-02
1.512430e-03,-5.793321e+00,3.832946e+00,-1.128804e+00,-3.129554e+00,-2.037740e+01,-6.935045e+00,-4.058177e+00,-4.032968e+00,-5.502495e+00,8.594373e+00,-1.451402e+00,2.912855e+00,3.535812e-02,1.245144e+02,7.133493e-01,1.163902e-04,8.751063e-02,-1.621834e+00,-5.213512e-01,-4.287267e-01,-1.685199e+00,4.371625e-01,1.152194e+00,1.042165e+00,-5.194606e-01,1.846268e+00,6.127595e-02,-4.933404e-01,1.420369e-03,4.979806e+01,1.767889e-02
1.620818e-03,-6.079777e+00,3.217967e+00,-1.297007e+00,-3.707952e+00,-2.115580e+01,-5.989801e+00,-2.149286e+00,-2.590494e+00,-5.582113e+00,1.112527e+01,-1.121775e+00,1.319875e+00,3.475370e-02,1.867095e+02,7.212715e-01,5.405729e-05,1.730855e-01,-1.337822e+00,-1.771285e-01,1.092556e-01,-4.015751e-01,7.980962e-02,7.205966e-01,1.278676e+00,6.482105e-01,1.002401e+00,3.723853e-01,-1.175656e+00,-1.873678e-03,3.118100e+01,9.233212e-03
1.627379e-03,-5.792351e+00,1.838700e+00,-1.317027e+00,-3.653080e+00,-1.933180e+01,-7.044767e+00,-1.970621e+00,-8.253248e-01,-5.024808e+00,1.189244e+01,-3.596715e-01,-4.631793e-01,2.991840e-02,1.868478e+02,7.259957e-01,-2.836703e-05,7.671247e-02,-9.607383e-01,2.031281e-01,2.238205e-01,6.656040e-01,-3.329499e-01,-2.283655e-01,1.264676e+00,1.526576e+00,-3.099929e-01,8.333065e-01,-1.454458e+00,-2.931400e-03,1.359695e-01,-6.326389e-03
1.581574e-03,-5.362751e+00,6.982837e-01,-1.420898e+00,-2.696725e+00,-1.970737e+01,-6.830313e+00,-2.861308e+00,-9.047482e-01,-2.436636e+00,1.037291e+01,8.366072e-01,-1.645583e+00,2.296766e-02,1.871627e+02,7.249932e-01,-1.143855e-04,-4.113698e-01,-3.262848e-01,7.944185e-01,6.476790e-01,1.924647e+00,1.004062e-01,-6.133324e-01,1.166417e+00,1.990021e+00,-2.015530e+00,7.124732e-01,-6.587723e-01,-9.972800e-04,-3.104893e+01,-6.170626e-02
1.390217e-03,-5.768272e+00,2.890957e-01,-5.121779e-02,-2.516065e+00,-1.777360e+01,-8.179539e+00,-4.843993e+00,1.447539e+00,5.576480e-01,7.420584e+00,1.735939e+00,-2.876708e+00,2.659414e-02,1.249676e+02,6.798565e-01,-1.268028e-04,-1.501240e+00,6.719944e-01,2.047338e+00,4.081504e-01,3.586217e+00,1.151374e+00,-7.815235e-01,1.008074e+00,1.782732e+00,-3.042156e+00,6.835588e-01,2.732630e-02,1.450590e-03,-4.984534e+01,-9.676971e-02
1.167472e-03,-8.148665e+00,2.361345e+00,2.042181e+00,-1.038065e+00,-1.231167e+01,-4.920384e+00,-3.779262e+00,2.105159e+00,1.576767e+00,3.283546e+00,1.392786e+00,-7.672219e-01,3.142944e-02,6.240489e+01,4.358098e-01,-8.365075e-05,-2.104283e+00,1.105582e+00,2.742622e+00,-1.533096e-01,4.424529e+00,2.025279e+00,-8.555471e-01,4.681665e-01,9.928748e-01,-3.293836e+00,6.481103e-01,6.418332e-01,1.118162e-03,-4.992930e+01,-9.896283e-02
1.200416e-03,-1.190559e+01,4.367141e+00,7.188124e+00,-2.441658e+00,-5.098565e+00,-2.242863e+00,-5.419261e+00,2.710091e+00,1.882153e+00,2.263458e-01,2.780033e+00,-7.657282e-01,3.294047e-02,0,3.867389e-01,-1.523815e-05,-1.437067e+00,7.256262e-01,2.025227e+00,-6.451963e-01,2.996606e+00,1.608351e+00,-8.275364e-01,-2.677821e-01,6.473356e-01,-2.480101e+00,4.849301e-01,6.180432e-01,-2.478090e-03,-3.123401e+01,-6.653092e-02
1.258221e-03,-1.281550e+01,4.187171e+00,8.672539e+00,-3.500477e+00,-3.922244e+00,3.277446e-01,-6.851409e+00,8.048084e-01,1.865486e+00,-2.499146e+00,3.555112e+00,5.080935e-01,2.538531e-02,0,3.767378e-01,-1.082860e-05,2.003289e-01,1.305441e-01,-5.771446e-03,-6.446157e-01,6.017258e-01,3.887137e-01,-1.664949e-01,-4.581600e-01,2.687547e-01,-8.925394e-01,-9.618019e-02,-4.664970e-01,-3.626473e-03,-1.248098e+01,-5.116404e-02
1.268652e-03,-1.062019e+01,3.004313e+00,6.759737e+00,-4.510840e+00,-6.985278e+00,-2.761845e+00,-7.445601e+00,7.588035e-01,3.649966e+00,-2.088572e+00,3.079427e+00,-4.241499e-01,1.722575e-02,0,3.767378e-01,-6.177666e-05,1.548029e+00,3.310346e-01,-2.244756e+00,6.755147e-02,-8.299760e-01,-1.661341e-01,1.513999e+00,-3.350848e-01,-1.454040e-01,2.544582e-01,-8.044826e-01,-1.186611e+00,-1.390148e-03,0,-9.652255e-02
1.079211e-03,-7.789724e+00,3.695479e+00,2.227517e+00,-3.226552e+00,-8.359683e+00,-2.717324e+00,-3.598567e+00,7.900026e-01,2.036633e+00,-2.169172e-02,7.621880e-01,-3.270496e+00,2.115443e-02,0,1.849900e-01,-8.280878e-05,1.649481e+00,1.172017e+00,-2.693297e+00,3.063472e-01,-3.812997e-01,4.121593e-02,2.371422e+00,2.767259e-01,-4.316770e-01,4.845427e-01,-9.750339e-01,-1.733348e+00,3.505591e-03,0,-7.013790e-02
9.810374e-04,-6.678337e+00,6.268160e+00,-8.131437e-01,-2.240863e+00,-7.029726e+00,-1.551000e+00,5.243127e-01,1.042070e+00,1.069559e+00,2.599096e-01,1.540817e-01,-4.809486e+00,2.810517e-02,0,0,-6.106678e-05,1.127399e+00,1.643454e+00,-2.297724e+00,-4.989300e-02,3.725905e-01,3.500574e-01,1.850494e+00,2.320238e-01,-5.755438e-01,-7.982602e-02,-8.974246e-01,-1.038122e+00,5.379269e-03,0,1.537357e-02
9.879839e-04,-6.539024e+00,8.415333e+00,-1.007505e+00,-3.103729e+00,-5.806519e+00,-7.159861e-02,1.020743e+00,2.046805e+00,9.973042e-01,-1.250674e+00,1.426151e-01,-5.965980e+00,3.747356e-02,0,2.144172e-01,-6.290595e-06,7.252704e-01,1.221959e+00,-1.599528e+00,-7.920564e-01,2.929683e-01,-1.855569e-01,2.027974e-02,3.485034e-02,-3.547702e-01,-3.860333e-01,-8.199743e-01,8.899240e-02,4.714415e-03,0,1.401235e-01
1.008931e-03,-5.608542e+00,8.861657e+00,-3.111370e+00,-4.821717e+00,-6.398907e+00,-2.334421e+00,-5.027837e-01,1.290521e+00,1.291912e+00,-1.873211e+00,-1.097910e+00,-4.267018e+00,3.596253e-02,0,4.388921e-01,1.755204e-05,6.412333e-01,4.768067e-01,-1.323366e+00,-1.264890e+00,-3.469806e-01,-6.468309e-01,-1.289191e+00,-5.737123e-01,-6.442032e-01,-6.366655e-03,-9.701220e-01,9.052486e-01,4.200664e-03,0,1.819230e-01
1.033811e-03,-4.698269e+00,8.508526e+00,-4.621007e+00,-5.896408e+00,-7.210251e+00,-3.253398e+00,-2.983620e+00,8.400288e-01,1.516056e-01,-8.852978e-01,-2.711688e+00,-3.096768e+00,4.079783e-02,0,6.661615e-01,1.937213e-05,5.723740e-01,-4.462186e-01,-1.033108e+00,-7.401754e-01,-9.394981e-01,-1.247340e+00,-1.338156e+00,-7.524413e-01,-1.078154e+00,3.915337e-01,-8.231707e-01,1.096742e+00,3.384707e-03,0,1.200976e-01
1.045884e-03,-4.392547e+00,8.605597e+00,-5.623225e+00,-7.168974e+00,-8.062762e+00,-3.194255e+00,-3.919461e+00,-1.223103e+00,-1.728608e+00,4.538844e-02,-3.269377e+00,-1.717849e+00,4.744636e-02,0,6.837428e-01,2.226238e-05,1.925300e-01,-1.190599e+00,1.803861e-02,-1.333321e-01,-1.481202e+00,-1.148525e+00,-8.419855e-02,-8.821788e-01,-1.407833e+00,8.764520e-01,-1.399937e-01,2.307187e-01,1.390148e-03,0,5.539336e-02
1.066368e-03,-4.285151e+00,6.312270e+00,-4.917116e+00,-5.630978e+00,-9.672082e+00,-5.878382e+00,-3.961697e+00,-4.585892e-01,-2.883205e+00,-2.523050e-01,-2.887505e+00,-1.756853e+00,4.865518e-02,0,6.924801e-01,3.177744e-05,-2.097313e-01,-1.830697e+00,1.108566e+00,-6.941414e-03,-2.008779e+00,-7.881963e-01,1.207603e+00,-1.134563e+00,-9.976160e-01,1.328251e+00,4.499423e-01,-8.148743e-01,-3.203385e-03,0,1.044031e-02
1.103965e-03,-4.852451e+00,4.006790e+00,-2.873123e+00,-5.621092e+00,-1.257400e+01,-6.764555e+00,-4.347377e-01,-2.471064e+00,-4.229849e+00,2.192552e+00,-1.709970e+00,-3.783382e+00,3.898459e-02,0,7.026997e-01,4.916199e-05,-5.327870e-01,-1.837575e+00,1.936196e+00,-6.618593e-01,-2.195441e+00,6.337842e-01,1.752835e+00,-1.277251e+00,-6.423650e-02,1.891659e+00,6.492690e-01,-1.526253e+00,-4.986401e-03,0,6.358892e-03
1.163658e-03,-5.516974e+00,1.654443e+00,-4.532302e-01,-6.705056e+00,-1.499853e+01,-5.409229e+00,1.312032e+00,-4.208806e+00,-3.585854e+00,4.682376e+00,-1.241680e+00,-6.138373e+00,2.901179e-02,0,7.088847e-01,6.645501e-05,-7.268904e-01,-1.081537e+00,2.075071e+00,-1.684155e+00,-1.440867e+00,2.265803e+00,1.277187e+00,-1.328272e+00,9.000572e-01,2.135098e+00,1.464911e-01,-1.309920e+00,-2.055002e-03,0,2.555704e-03
1.243049e-03,-6.440571e+00,1.746634e+00,1.825812e+00,-9.941232e+00,-1.637675e+01,-2.599105e-01,2.207848e+00,-5.734251e+00,-1.698465e+00,7.036342e+00,-8.459441e-01,-7.158352e+00,3.233605e-02,0,7.073350e-01,7.416033e-05,-7.174101e-01,-4.725454e-01,1.646757e+00,-1.679126e+00,-4.223846e-01,2.414383e+00,6.565031e-01,-4.380002e-01,1.121448e+00,1.772159e+00,-1.638752e-01,-6.534513e-01,3.384707e-03,0,-3.471911e-04
1.329101e-03,-7.125544e+00,2.034663e+00,3.108771e+00,-1.189168e+01,-1.497504e+01,2.198308e+00,1.102944e+00,-5.468356e+00,3.513896e-01,8.001288e+00,-2.587062e+00,-6.618969e+00,4.170444e-02,0,7.029409e-01,6.553405e-05,-6.237860e-01,-1.291215e-01,8.048170e-01,-7.286077e-01,3.175173e-02,9.413854e-01,8.857692e-01,7.102879e-01,3.388150e-01,1.408087e+00,-2.893490e-01,7.213669e-02,5.711695e-03,0,1.115674e-03
1.392045e-03,-7.635217e+00,1.453952e+00,3.579661e+00,-1.142341e+01,-1.469767e+01,1.503593e+00,2.952322e+00,-4.031290e+00,-5.912333e-01,9.393890e+00,-1.856655e+00,-6.810341e+00,4.956180e-02,0,7.039356e-01,3.197751e-05,-3.846765e-01,-2.335440e-01,-4.810271e-01,9.658052e-01,4.500675e-02,-1.529037e+00,1.247123e+00,2.115469e+00,-5.664690e-01,4.630563e-01,-8.334221e-02,5.346688e-01,3.142943e-03,0,3.635174e-03
1.416830e-03,-8.038581e+00,1.155176e+00,2.693930e+00,-9.607004e+00,-1.567931e+01,-1.584053e+00,5.368641e+00,-1.508847e+00,-2.445395e+00,1.054404e+01,-2.183069e+00,-5.951695e+00,4.895739e-02,0,7.161627e-01,-1.334506e-05,-1.102326e-01,-1.886260e-01,-1.715077e+00,2.085810e+00,2.478971e-01,-2.925162e+00,7.232379e-01,2.920981e+00,-4.736591e-01,-5.651600e-01,-3.712477e-01,1.101070e+00,-8.763969e-04,0,3.208763e-03
1.359072e-03,-7.907435e+00,1.018658e+00,-3.719034e-01,-6.254545e+00,-1.579958e+01,-6.013916e+00,6.310616e+00,2.863338e+00,-3.132418e+00,8.080249e+00,-1.464652e+00,-4.818645e+00,4.442430e-02,0,7.189000e-01,-6.246264e-05,1.934840e-01,8.252382e-04,-2.435466e+00,2.151921e+00,1.274080e+00,-2.668753e+00,-8.757337e-01,2.317850e+00,8.905560e-01,-1.171377e+00,-1.214005e+00,1.386396e+00,-2.236324e-03,0,-3.652459e-03
1.278862e-03,-7.540598e+00,1.309180e+00,-3.490832e+00,-4.047065e+00,-1.318460e+01,-8.668748e+00,3.039987e+00,5.689234e+00,-7.463133e-01,5.832309e+00,-4.639302e+00,-2.109466e+00,3.989121e-02,0,7.115026e-01,-9.576404e-05,4.292058e-01,3.229320e-01,-2.184109e+00,1.330513e+00,2.533893e+00,-7.443360e-01,-2.116519e+00,4.171020e-01,1.709917e+00,-9.641691e-01,-1.186342e+00,1.247900e+00,-5.137492e-04,0,-5.588793e-02
1.148716e-03,-6.916789e+00,1.381076e+00,-5.505289e+00,-3.443776e+00,-9.574620e+00,-8.297824e+00,-2.620193e-01,3.958918e+00,3.012006e+00,5.892869e+00,-6.698565e+00,-1.799475e+00,4.291327e-02,0,6.880034e-01,-9.908721e-05,4.441036e-01,7.384370e-01,-1.300675e+00,6.709337e-02,2.955699e+00,1.574977e+00,-1.916296e+00,-1.890408e+00,7.170928e-01,-2.115996e-01,3.755771e-02,9.233037e-01,1.692354e-03,0,-1.256350e-01
1.043188e-03,-6.387875e+00,2.588627e+00,-5.659921e+00,-4.359822e+00,-6.122322e+00,-4.163779e+00,-1.927637e+00,2.887360e-02,3.031979e+00,6.816882e+00,-5.497821e+00,-1.221779e+00,4.714416e-02,0,4.521714e-01,-7.574294e-05,3.835838e-01,1.113420e+00,-7.044598e-01,-1.067295e+00,2.224003e+00,3.055458e+00,-2.695633e-01,-2.978441e+00,-1.944678e+00,-5.224984e-01,2.270560e+00,7.981621e-01,2.750074e-03,0,-1.434656e-01
9.814727e-04,-6.263278e+00,4.071119e+00,-5.790736e+00,-5.762700e+00,-4.552221e+00,-3.915163e-01,-7.870543e-01,-3.758519e+00,-1.436101e+00,6.529964e+00,-8.476035e-01,-6.459699e-01,4.925959e-02,0,2.203906e-01,-2.637750e-05,3.878904e-01,1.076906e+00,-9.181069e-01,-1.789842e+00,1.009399e+00,3.011393e+00,1.039836e+00,-2.502118e+00,-3.421554e+00,-1.308836e+00,3.281132e+00,8.487829e-01,1.722574e-03,1.238819e+01,-6.569557e-02
9.837687e-04,-5.949434e+00,5.531258e+00,-6.870408e+00,-8.224076e+00,-4.575785e+00,2.655389e+00,1.954688e+00,-5.344250e+00,-8.245648e+00,2.901270e+00,3.788017e+00,1.304593e+00,5.046842e-02,0,2.279810e-01,3.158791e-05,5.775641e-01,4.527131e-01,-1.691411e+00,-2.163560e+00,-5.493102e-02,2.336102e+00,1.124486e+00,-1.091126e+00,-2.541622e+00,-1.623472e+00,2.692529e+00,3.266643e-01,-1.208816e-04,3.110652e+01,7.978003e-02
1.046538e-03,-5.196557e+00,5.294290e+00,-9.490580e+00,-1.046086e+01,-5.300894e+00,3.349557e+00,2.995997e+00,-5.865111e+00,-8.456952e+00,1.306497e+00,5.064175e+00,1.181255e+00,4.986401e-02,6.194094e+01,4.716207e-01,8.828902e-05,8.167311e-01,-2.794863e-01,-2.410859e+00,-2.064155e+00,-3.786759e-01,1.895221e+00,-3.041274e-02,1.922088e-02,2.857206e-01,-7.512187e-01,1.091975e+00,-4.871876e-01,-2.538530e-03,4.983443e+01,1.564930e-01
1.168595e-03,-4.033415e+00,4.240607e+00,-1.226706e+01,-1.282854e+01,-6.022641e+00,5.646193e+00,1.803267e+00,-4.373462e+00,-6.165707e+00,1.311256e+00,5.008936e+00,-5.020693e-01,4.623754e-02,1.245621e+02,7.254565e-01,1.205578e-04,8.311392e-01,-8.103757e-01,-2.404119e+00,-1.436422e+00,-1.068219e-01,1.735621e+00,-1.405943e+00,6.623632e-01,2.542662e+00,9.480850e-01,-2.420223e-01,-1.179510e+00,-4.623753e-03,4.981685e+01,1.353409e-01
1.330505e-03,-3.137632e+00,3.319014e+00,-1.514671e+01,-1.378124e+01,-5.722173e+00,7.589186e+00,-8.634076e-01,-4.147809e+00,-1.047469e+00,3.568878e+00,4.001812e+00,-2.178577e+00,3.868238e-02,1.868911e+02,7.541180e-01,1.054338e-04,4.970751e-01,-7.155444e-01,-1.845540e+00,-5.246577e-01,3.876944e-01,1.334725e+00,-1.804913e+00,6.963770e-01,2.747553e+00,1.824258e+00,-6.574000e-01,-1.372769e+00,-4.170445e-03,3.083533e+01,6.141753e-02
1.444574e-03,-2.823200e+00,2.467018e+00,-1.606294e+01,-1.374599e+01,-4.899255e+00,9.213679e+00,-3.145324e+00,-2.891085e+00,7.629213e-01,6.510504e+00,3.109087e+00,-2.913042e+00,3.294047e-02,1.866092e+02,7.634368e-01,1.144108e-04,-1.540482e-01,-1.932604e-01,-1.178988e+00,4.265393e-01,1.092322e+00,2.915812e-02,-9.265150e-01,1.172584e-01,1.953586e+00,2.041024e+00,-8.322245e-01,-1.281427e+00,-1.329708e-03,-5.391220e-01,2.012610e-03
1.435717e-03,-3.316289e+00,2.603362e+00,-1.682034e+01,-1.262542e+01,-3.924115e+00,8.239440e+00,-3.554274e+00,-3.124414e+00,1.816499e+00,7.828163e+00,2.727099e+00,-4.477104e+00,3.566032e-02,1.850940e+02,7.597182e-01,1.322391e-04,-7.757736e-01,3.751631e-01,-5.370663e-01,1.039628e+00,1.470355e+00,-1.303760e+00,2.781429e-01,-7.749654e-01,8.346611e-01,1.371740e+00,-7.390633e-01,-1.134774e+00,3.173165e-03,-3.154143e+01,-1.810203e-02
1.688043e-03,-4.714328e+00,3.632130e+00,-1.732518e+01,-1.127375e+01,-1.460059e+00,5.466856e+00,-1.483875e+00,-4.298867e+00,2.170239e+00,9.386733e+00,1.485171e+00,-5.759942e+00,4.110003e-02,1.227650e+02,7.327195e-01,1.063242e-04,-9.772022e-01,7.761521e-01,3.145254e-01,1.636359e+00,1.533804e+00,-1.993705e+00,6.884969e-01,-1.775745e+00,-5.102185e-02,6.395569e-01,-1.445769e-01,-9.007937e-01,5.349049e-03,-4.972063e+01,-7.499269e-02
1.869966e-03,-6.070937e+00,4.612273e+00,-1.720092e+01,-9.819222e+00,-8.999592e-02,2.943797e+00,-3.034177e-01,-7.318745e+00,2.422178e+00,8.989463e+00,1.118454e+00,-6.428995e+00,5.046843e-02,6.110604e+01,6.789665e-01,-1.235380e-05,-5.840751e-01,6.202211e-01,1.398247e+00,2.017817e+00,1.062830e+00,-1.742445e+00,-1.361569e-01,-1.865899e+00,-9.345186e-01,-5.569877e-02,6.577438e-01,-5.283489e-02,6.134785e-03,-4.929531e+01,-1.424896e-01
1.759071e-03,-6.331888e+00,5.343323e+00,-1.430002e+01,-6.967299e+00,8.527052e-01,1.892978e+00,-1.328267e+00,-9.672643e+00,2.049727e-01,9.127639e+00,3.190525e+00,-6.441064e+00,5.228166e-02,0,4.288492e-01,-1.887668e-04,5.007038e-02,-1.332316e-02,1.934951e+00,1.881935e+00,3.669181e-01,-8.927816e-01,-1.440358e+00,-1.057183e+00,-1.325924e+00,-7.501140e-01,7.840182e-01,3.864811e-01,5.439710e-03,-1.834028e+01,-1.476459e-01
1.338434e-03,-5.427885e+00,4.848872e+00,-1.134168e+01,-4.689566e+00,2.336518e-01,1.314152e+00,-4.312863e+00,-9.767020e+00,-1.873460e+00,7.679216e+00,5.163141e+00,-4.400717e+00,6.074343e-02,0,1.992055e-01,-2.412076e-04,4.513588e-01,-7.781941e-01,1.372816e+00,1.110800e+00,-1.769465e-01,-1.203393e-01,-1.438043e+00,3.702270e-01,-9.979919e-01,-1.173446e+00,-1.308746e-01,4.592769e-01,4.110002e-03,1.856079e+01,-5.974646e-02
1.009975e-03,-4.785502e+00,3.447215e+00,-1.058004e+01,-4.428904e+00,2.127078e-01,1.817771e+00,-6.680941e+00,-8.360641e+00,-2.311559e+00,6.291286e+00,3.382919e+00,-4.841675e+00,6.316108e-02,6.161667e+01,2.343707e-01,-1.650375e-04,3.909759e-01,-1.245761e+00,1.045627e-01,-1.460455e-01,-3.498192e-01,7.285394e-01,-3.991717e-01,1.087064e+00,-1.359963e-01,-1.260875e+00,-1.580594e+00,-3.170921e-01,1.390148e-03,4.927114e+01,8.618345e-02
1.038476e-03,-4.587336e+00,1.669356e+00,-1.219683e+01,-5.534422e+00,-6.547298e-01,2.379704e+00,-4.817294e+00,-6.123610e+00,-1.309516e+00,4.540407e+00,3.678843e-01,-4.932305e+00,6.557873e-02,1.231016e+02,4.774735e-01,-3.898306e-05,9.811687e-02,-1.020178e+00,-7.583460e-01,-8.827862e-01,-5.202889e-03,1.337232e+00,9.982485e-01,9.587315e-01,6.782615e-02,-9.705716e-01,-2.003252e+00,-1.132502e+00,-2.266547e-03,4.929399e+01,1.551557e-01
1.083863e-03,-4.797283e+00,7.042767e-01,-1.334964e+01,-7.275098e+00,-4.522000e-01,5.002899e+00,-3.071910e+00,-6.059027e+00,-7.569812e-01,4.392668e+00,-2.314818e+00,-7.760731e+00,5.681475e-02,1.848049e+02,7.206325e-01,2.993794e-05,-2.773724e-02,-4.097528e-01,-9.015161e-01,-8.158458e-01,5.610327e-01,1.520486e+00,1.422184e+00,2.613309e-01,-1.332687e-01,-4.859624e-01,-1.545817e+00,-8.305066e-01,-3.838018e-03,3.088696e+01,1.253495e-01
1.106575e-03,-4.931410e+00,1.119449e+00,-1.374862e+01,-7.680399e+00,5.400912e-01,6.407747e+00,-1.126136e+00,-6.124170e+00,-2.311619e+00,3.775667e+00,-2.004252e+00,-8.603698e+00,5.258386e-02,1.848758e+02,7.318530e-01,2.290524e-05,1.227808e-02,-2.641657e-02,-6.752071e-01,-6.970835e-03,9.074931e-01,9.940037e-01,6.062454e-01,-4.130382e-02,-7.403869e-01,-2.656104e-01,-6.298798e-01,-2.378516e-01,-4.019342e-03,1.243845e+01,5.386136e-02
1.125615e-03,-4.752151e+00,1.673404e+00,-1.431173e+01,-7.435144e+00,2.420460e+00,7.406182e+00,-1.415600e+00,-7.053707e+00,-2.476851e+00,4.243845e+00,-3.160099e+00,-7.158512e+00,5.046842e-02,1.851644e+02,7.339284e-01,1.964300e-05,1.184117e-01,-1.687545e-01,-5.261275e-01,9.126919e-01,8.780152e-01,-8.313718e-02,-3.521101e-01,1.887208e-01,-1.061981e+00,-4.981938e-01,-1.552813e-02,7.688132e-01,-3.052282e-03,7.227478e-02,5.786228e-03
1.132126e-03,-4.548511e+00,1.052710e+00,-1.509181e+01,-5.489254e+00,2.446406e+00,6.148081e+00,-2.614222e+00,-5.832789e+00,-4.151515e+00,3.286767e+00,-2.358875e+00,-6.422673e+00,4.865518e-02,1.851142e+02,7.401323e-01,2.222026e-05,1.238428e-01,-7.485383e-01,-2.927383e-01,1.495582e+00,7.490648e-01,-8.594572e-01,-1.356006e+00,3.770297e-01,-1.046459e+00,-7.826172e-01,-3.857430e-01,9.840358e-01,-3.112723e-03,-3.760529e-02,4.522413e-03
1.169302e-03,-4.396674e+00,-1.061262e-01,-1.530867e+01,-3.807212e+00,2.984718e+00,4.717046e+00,-4.088418e+00,-5.261113e+00,-5.146938e+00,2.146149e+00,-2.215147e+00,-5.007177e+00,4.351768e-02,1.850471e+02,7.454240e-01,2.108798e-05,7.830868e-02,-1.140510e+00,1.920336e-01,1.756457e+00,1.005327e+00,-1.171949e+00,-1.767004e+00,3.138737e-01,-5.483799e-01,-1.468559e+00,-1.171723e+00,1.124730e+00,-2.568751e-03,-1.617310e-01,3.707874e-03
1.195833e-03,-4.489934e+00,-1.733477e+00,-1.471384e+01,-2.016458e+00,4.003286e+00,3.455028e+00,-6.569759e+00,-5.135318e+00,-6.208872e+00,9.114290e-01,-4.405443e+00,-4.759186e+00,4.049562e-02,1.847464e+02,7.487173e-01,2.600485e-05,1.340067e-01,-1.068156e+00,4.756938e-01,1.780370e+00,1.471658e+00,-7.688140e-01,-1.421788e+00,1.980869e-01,4.119839e-01,-1.877384e+00,-2.042837e+00,1.339544e+00,-1.208824e-03,-1.906204e-01,2.103508e-03
1.199202e-03,-4.389896e+00,-2.636051e+00,-1.354055e+01,-3.892591e-01,6.668654e+00,2.892961e+00,-8.272852e+00,-5.833074e+00,-4.190073e+00,-1.911280e+00,-7.995428e+00,-2.366603e+00,4.170445e-02,1.845396e+02,7.481753e-01,4.328577e-05,1.912092e-01,-7.677858e-01,2.822474e-01,1.639947e+00,1.478822e+00,-4.019652e-02,-3.509749e-01,2.007067e-01,1.139910e+00,-2.321757e+00,-2.387667e+00,1.634427e+00,2.417646e-04,-1.597565e-01,2.167887e-03
1.247201e-03,-3.881866e+00,-3.023108e+00,-1.359741e+01,1.703619e+00,7.962731e+00,3.216054e+00,-7.630945e+00,-4.556374e+00,-2.570029e+00,-4.071438e+00,-9.682920e+00,-1.045238e+00,4.351768e-02,1.844148e+02,7.492742e-01,8.092950e-05,1.628830e-01,-4.232365e-01,-2.481173e-01,1.120511e+00,1.115477e+00,9.254963e-01,6.495004e-01,6.009542e-01,1.198393e+00,-2.372711e+00,-1.959189e+00,1.732969e+00,2.719846e-04,-8.553467e-02,3.793109e-03
1.360047e-03,-3.744662e+00,-3.300240e+00,-1.445565e+01,2.532484e+00,8.399108e+00,4.635551e+00,-5.312699e+00,-4.547052e+00,-1.266810e+00,-6.971204e+00,-1.151474e+01,1.307985e+00,4.321547e-02,1.844141e+02,7.559850e-01,1.073382e-04,-5.060761e-02,-3.741813e-01,-5.343816e-01,3.210879e-01,4.197136e-01,1.529555e+00,8.870958e-01,6.126359e-01,3.308013e-01,-1.952045e+00,-1.525899e+00,1.244541e+00,-3.626485e-04,-6.549225e-02,5.632782e-03
1.520058e-03,-3.998137e+00,-3.517565e+00,-1.549687e+01,2.125227e+00,8.715446e+00,7.211215e+00,-4.802334e+00,-2.773558e+00,-1.678539e+00,-8.422162e+00,-1.244173e+01,2.068365e+00,4.110003e-02,1.843815e+02,7.637780e-01,8.668974e-05,-3.101075e-01,-4.546245e-01,-2.373772e-01,-5.566015e-01,-8.994674e-03,1.410588e+00,3.227455e-01,3.065319e-01,-4.001398e-01,-1.425338e+00,-1.126868e+00,6.740377e-01,-2.115443e-04,-1.358917e-01,5.590183e-03
1.599464e-03,-4.584799e+00,-4.259729e+00,-1.526273e+01,1.005376e+00,8.390864e+00,8.543153e+00,-5.251678e+00,-3.661303e+00,-2.981811e+00,-9.496142e+00,-1.424552e+01,2.299303e+00,4.110003e-02,1.842288e+02,7.690873e-01,2.430289e-05,-3.722345e-01,-4.627908e-01,2.585496e-01,-1.050519e+00,-4.345253e-01,6.148922e-01,-1.536792e-01,6.540690e-02,-7.071853e-01,-7.379563e-01,-4.783077e-01,1.685153e-01,7.857364e-04,-3.353744e-01,2.579892e-03
1.560941e-03,-5.012335e+00,-4.816486e+00,-1.438076e+01,-3.158348e-01,7.921879e+00,8.315194e+00,-6.047728e+00,-3.466589e+00,-3.713228e+00,-9.935657e+00,-1.395187e+01,1.829291e+00,4.351768e-02,1.838280e+02,7.706739e-01,-5.357333e-05,-2.031353e-01,-2.374056e-01,5.425850e-01,-9.649758e-01,-1.001097e+00,-3.222945e-01,-1.360475e-01,-1.158495e-01,-3.293013e-01,2.573261e-02,9.194031e-02,-5.291653e-03,1.813237e-03,-6.828705e-01,-2.767974e-03
1.461120e-03,-5.098735e+00,-4.964733e+00,-1.372096e+01,-1.499579e+00,6.623264e+00,7.158022e+00,-5.458398e+00,-3.873502e+00,-3.785393e+00,-9.904239e+00,-1.315121e+01,2.270098e+00,4.593533e-02,1.830140e+02,7.654365e-01,-1.083565e-04,-1.738105e-02,5.484110e-01,5.970171e-01,-4.571459e-01,-1.474602e+00,-1.060434e+00,2.678648e-01,8.744852e-02,2.554108e-01,1.014325e+00,6.887945e-01,-4.431681e-01,2.901179e-03,-1.297048e+01,-1.306286e-02
1.321363e-03,-4.756845e+00,-4.352091e+00,-1.355483e+01,-1.447175e+00,4.593762e+00,6.292307e+00,-5.379211e+00,-3.246706e+00,-2.923254e+00,-8.089451e+00,-1.252918e+01,2.056509e+00,4.774857e-02,1.815745e+02,7.517636e-01,-1.296343e-04,5.168753e-02,1.421235e+00,8.410168e-01,3.138348e-01,-1.879624e+00,-1.492062e+00,5.064746e-01,1.412582e-01,6.169395e-01,1.743367e+00,8.713177e-01,-1.090189e+00,3.475370e-03,-3.103596e+01,-6.698529e-02
1.177471e-03,-4.799449e+00,-1.749871e+00,-1.269060e+01,-7.146833e-01,2.681916e+00,4.252425e+00,-4.246613e+00,-3.334002e+00,-2.099744e+00,-5.347619e+00,-1.151289e+01,-3.014644e-02,5.349048e-02,1.205032e+02,7.132282e-01,-1.224050e-04,-1.232886e-01,2.165686e+00,1.635579e+00,9.130117e-01,-1.875499e+00,-1.761109e+00,5.289969e-01,4.483427e-01,7.286322e-01,1.770360e+00,1.216123e+00,-1.816773e+00,2.689634e-03,-4.876989e+01,-1.384318e-01
1.054593e-03,-4.903541e+00,6.822583e-01,-1.069085e+01,8.608912e-01,4.944315e-01,2.307681e+00,-4.121248e+00,-3.030049e+00,-1.471354e+00,-3.497130e+00,-1.041445e+01,-2.471529e+00,5.711696e-02,5.990363e+01,4.618516e-01,-9.364154e-05,-3.397878e-01,2.350332e+00,2.300767e+00,1.018537e+00,-1.275006e+00,-1.611896e+00,1.598708e-01,5.068986e-01,4.991388e-01,1.044479e+00,1.453723e+00,-1.469885e+00,-6.648533e-04,-4.836522e+01,-1.998522e-01
9.824795e-04,-5.641830e+00,3.346521e+00,-6.975056e+00,1.911447e+00,-7.045681e-01,3.447896e-01,-3.442395e+00,-1.740117e+00,-8.681819e-01,-3.348600e+00,-8.127964e+00,-4.549747e+00,5.469931e-02,0,2.182336e-01,-5.971851e-05,-4.114525e-01,1.864174e+00,2.355926e+00,4.774191e-01,-5.603585e-01,-9.129764e-01,-6.560583e-02,4.099607e-01,-5.086056e-02,3.824390e-01,1.470997e+00,-5.739083e-01,-5.681475e-03,-3.009099e+01,-1.888308e-01
9.506511e-04,-6.034593e+00,4.851372e+00,-4.908768e+00,2.332447e+00,-8.802716e-02,1.866462e-01,-4.981966e+00,-1.509155e+00,-1.043341e+00,-3.866567e+00,-6.953030e+00,-3.033117e+00,4.381989e-02,0,0,-2.963669e-05,-3.853981e-01,1.385605e+00,1.650116e+00,-6.479522e-01,-1.869064e-02,8.005609e-02,-4.323018e-02,-2.932484e-02,-3.955771e-01,5.570316e-03,8.589157e-01,5.776871e-01,-6.829859e-03,-1.198073e+01,-1.141937e-01
9.308492e-04,-6.291186e+00,5.486444e+00,-3.802017e+00,9.366344e-01,1.713523e-01,7.480603e-01,-4.144283e+00,-2.044645e+00,-2.568053e+00,-3.250705e+00,-5.888613e+00,-2.618894e+00,3.173164e-02,0,0,3.410620e-07,-3.780479e-01,2.446401e-01,9.423752e-01,-8.038090e-01,-4.144564e-01,-1.519511e-02,5.703397e-01,-1.284284e-01,-1.005871e+00,-2.036984e-01,3.481497e-01,7.647136e-01,-2.145664e-03,0,-7.873106e-03
9.322252e-04,-6.505853e+00,6.540320e+00,-4.026791e+00,-1.891464e+00,-3.698190e-02,2.506326e+00,-3.986455e+00,-3.024409e+00,-2.599304e+00,-3.518226e+00,-7.239542e+00,-5.485200e-01,3.445150e-02,0,0,2.029197e-05,-4.722312e-01,-8.064332e-01,8.744675e-01,1.197323e-02,-1.234198e+00,-1.056011e+00,1.383044e+00,3.324370e-02,-1.408015e+00,-4.419227e-01,3.302694e-01,2.579661e-01,5.318827e-03,0,5.366042e-02
9.933978e-04,-7.296440e+00,3.725247e+00,-2.704168e+00,4.356543e-03,-2.802373e+00,-8.910258e-01,-1.088452e+00,-1.624632e+00,-5.119553e+00,-4.541262e+00,-6.243959e+00,-1.968478e+00,4.865518e-02,0,1.788681e-01,2.480352e-05,-4.854929e-01,-1.224361e+00,1.012577e+00,1.192926e+00,-1.434560e+00,-2.131115e+00,1.663389e+00,2.512259e-01,-1.662278e+00,-3.725701e-01,6.139942e-01,-3.873551e-01,7.827139e-03,0,5.366042e-02
1.020837e-03,-7.893122e+00,1.699805e+00,-1.085355e+00,2.858452e+00,-4.772154e+00,-4.273867e+00,4.053364e-01,-1.552943e+00,-6.807663e+00,-5.430902e+00,-5.124010e+00,-2.068495e+00,6.195225e-02,0,1.788681e-01,8.284265e-06,-2.917679e-01,-4.357505e-01,9.031601e-01,1.162313e+00,-9.234930e-01,-1.891330e+00,1.649905e+00,3.177144e-01,-1.467545e+00,7.231083e-02,1.232624e+00,-1.016114e+00,2.659413e-03,0,0
1.010561e-03,-8.025016e+00,1.784899e+00,-2.098505e-01,4.526306e+00,-4.633863e+00,-6.517417e+00,1.976767e+00,-1.524248e+00,-8.775262e+00,-4.157218e+00,-3.876409e+00,-3.795682e+00,5.711695e-02,0,1.788681e-01,-1.731740e-05,-6.001277e-02,1.383444e+00,1.420387e-01,-4.115576e-01,3.973095e-02,-1.694565e-01,8.632671e-01,3.210639e-01,-6.527842e-01,4.714855e-01,8.739071e-01,-9.877403e-01,-3.475370e-03,0,-5.366042e-02
9.650649e-04,-7.600405e+00,5.331742e+00,-7.581491e-01,1.659127e+00,-3.738702e+00,-4.137129e+00,2.730461e+00,-1.486029e+00,-8.109176e+00,-3.348694e+00,-2.260197e+00,-4.715487e+00,4.351768e-02,0,0,-2.457582e-05,-3.696651e-02,2.282204e+00,-3.404994e-01,-1.765319e+00,2.278664e-02,8.965634e-01,2.155085e-01,6.260661e-01,1.920719e-01,6.490974e-01,5.561614e-01,-8.792442e-01,-4.684194e-03,0,-5.366042e-02
9.346967e-04,-7.742863e+00,8.826499e+00,-2.157578e+00,-1.453769e+00,-3.120444e+00,-1.806677e+00,2.065321e+00,-5.276937e-02,-7.732718e+00,-3.224939e+00,-3.306330e+00,-5.583683e+00,4.049562e-02,0,0,-1.375688e-05,-1.841519e-01,2.052101e+00,-4.794900e-01,-2.083219e+00,-5.429975e-01,1.178715e+00,-6.369220e-01,8.841263e-01,8.594332e-01,5.042514e-01,1.185272e-01,-3.843164e-01,-6.950729e-04,0,-8.695275e-04
9.358898e-04,-8.219031e+00,9.590026e+00,-1.813989e+00,-2.978104e+00,-5.414930e+00,-2.146420e+00,1.438602e+00,8.416483e-01,-6.368576e+00,-2.651554e+00,-2.628242e+00,-5.570715e+00,4.684195e-02,0,0,9.733916e-06,-2.796903e-01,9.533056e-01,-1.878835e-01,-1.311923e+00,-1.002095e+00,5.622395e-01,-1.128650e+00,1.125209e+00,1.424137e+00,7.503635e-01,1.683714e-01,5.259747e-02,2.840738e-03,0,8.926097e-02
9.563643e-04,-8.636462e+00,9.916264e+00,-2.079381e+00,-3.571172e+00,-6.510737e+00,-1.619196e+00,-5.619130e-01,1.732545e+00,-5.348396e+00,-1.984531e+00,-3.099750e+00,-5.289649e+00,5.197945e-02,0,1.745204e-01,2.719841e-05,-1.665943e-01,-1.711217e-01,7.632077e-02,-6.443542e-01,-1.033711e+00,3.307022e-01,-1.091394e+00,8.080028e-01,1.607133e+00,1.239578e+00,6.351145e-01,7.750361e-01,2.508310e-03,0,1.456644e-01
1.002901e-03,-8.552056e+00,9.553388e+00,-1.736665e+00,-3.841784e+00,-7.054030e+00,-1.419672e+00,-1.599173e+00,3.247359e+00,-2.180650e+00,-2.170803e-01,-1.521629e+00,-4.599516e+00,5.197945e-02,0,3.590446e-01,3.319029e-05,-3.271427e-02,-7.643028e-01,2.165133e-01,-6.149079e-01,-8.606821e-01,7.134463e-01,-8.738867e-01,5.472540e-01,1.582327e+00,2.074732e+00,9.456956e-01,1.242978e+00,3.928673e-04,0,1.522440e-01
1.037183e-03,-8.409322e+00,7.989210e+00,-1.814636e+00,-4.243700e+00,-7.469450e+00,-5.165405e-01,-1.872764e+00,2.784389e+00,-1.791016e+00,1.755716e+00,-6.840637e-01,-2.194102e+00,5.046842e-02,0,5.487999e-01,3.354497e-05,-6.501178e-02,-1.139617e+00,6.004441e-01,-1.032873e+00,-1.188819e+00,9.138603e-01,-3.363550e-01,2.403245e-02,1.760605e+00,2.774339e+00,1.190042e+00,1.401043e+00,-2.478090e-03,0,1.063001e-01
1.061432e-03,-8.496173e+00,6.732039e+00,-8.637948e-01,-5.716379e+00,-9.238984e+00,8.694830e-01,-2.275407e+00,3.051996e+00,-2.356302e-01,5.851982e+00,8.923927e-01,-9.035973e-01,4.956180e-02,0,5.740802e-01,2.952572e-05,-2.064985e-01,-1.015673e+00,7.320436e-01,-1.442683e+00,-1.466803e+00,1.231308e+00,-6.802043e-02,-5.215062e-01,1.844748e+00,2.797202e+00,6.460310e-01,9.801509e-01,-3.686915e-03,0,5.744512e-02
1.094824e-03,-8.989463e+00,5.628853e+00,4.864043e-01,-7.798239e+00,-1.136235e+01,1.805528e+00,-1.905571e+00,1.950388e+00,2.482119e+00,8.852633e+00,1.643449e+00,-1.323920e-01,4.079783e-02,0,5.985031e-01,2.505955e-05,-2.683075e-01,-6.345856e-01,6.877804e-01,-1.487134e+00,-1.495646e+00,1.039446e+00,8.345777e-02,-1.124660e+00,2.214464e+00,2.098447e+00,-2.386690e-01,5.191566e-01,-2.931399e-03,0,2.298883e-02
1.121709e-03,-9.294478e+00,5.655201e+00,7.730325e-01,-9.277931e+00,-1.244159e+01,3.575833e+00,-1.922871e+00,1.056828e+00,4.906522e+00,1.022047e+01,5.447688e-01,-7.296168e-01,3.838018e-02,0,6.214187e-01,1.268480e-05,-1.246851e-01,-2.228812e-01,3.476250e-01,-8.050638e-01,-1.257973e+00,6.832437e-01,3.677873e-01,-1.820854e+00,1.768922e+00,9.481632e-01,-1.362487e+00,4.296211e-01,-1.511031e-03,0,1.319323e-02
1.132342e-03,-9.351707e+00,5.354701e+00,8.058526e-01,-9.898593e+00,-1.334638e+01,3.327513e+00,-1.631743e+00,-1.841326e+00,6.710228e+00,1.006371e+01,-1.703597e+00,3.146905e-01,4.140224e-02,0,6.400748e-01,-1.244537e-05,4.632101e-02,1.042320e-01,4.143760e-02,3.006991e-01,-5.002438e-01,1.011439e-01,3.954995e-01,-1.776295e+00,8.591070e-01,-1.575089e-01,-1.461350e+00,6.970237e-01,-1.722575e-03,0,-3.859850e-02
1.106096e-03,-8.938477e+00,5.754709e+00,7.146060e-01,-8.691521e+00,-1.453684e+01,3.524709e+00,-5.733843e-01,-4.156415e+00,6.494926e+00,9.987262e+00,-4.246520e+00,1.020967e+00,4.170444e-02,0,6.192605e-01,-3.658801e-05,-1.137463e-01,1.853507e-01,2.964023e-02,1.648411e+00,5.545813e-01,-5.744804e-01,3.303475e-01,-1.174968e+00,-9.533534e-02,-1.151728e+00,-5.484851e-01,9.563124e-01,-3.686914e-03,0,-1.100057e-01
1.040403e-03,-8.935859e+00,6.100259e+00,7.228056e-01,-6.587949e+00,-1.281595e+01,2.336809e+00,-6.028165e-01,-4.324463e+00,5.983452e+00,8.181693e+00,-3.267658e+00,2.477435e+00,3.052282e-02,0,4.065897e-01,-4.456354e-05,-6.499368e-01,-2.947302e-01,-3.951632e-01,2.640267e+00,1.885172e+00,-6.835069e-01,8.192137e-01,1.748500e-01,-1.200068e+00,-1.540404e+00,1.065720e+00,7.083914e-01,-3.505590e-03,0,-1.711277e-01
9.847387e-04,-1.007113e+01,6.209175e+00,9.627572e-01,-2.691199e+00,-9.933902e+00,1.198783e+00,-7.855970e-01,-3.576445e+00,4.793233e+00,5.402835e+00,-1.415626e+00,2.970573e+00,2.538531e-02,0,1.881327e-01,-3.151668e-05,-1.219453e+00,-9.621832e-01,-6.993422e-01,2.950456e+00,2.529331e+00,-7.826561e-01,1.253966e+00,1.351106e+00,-1.609873e+00,-1.433660e+00,2.266518e+00,5.545641e-01,6.950747e-04,0,-1.645111e-01
9.702035e-04,-1.203506e+01,3.653816e+00,-1.294039e+00,3.025821e-01,-6.221986e+00,1.072942e+00,2.570432e+00,-1.257061e+00,1.560734e+00,4.653901e+00,2.209559e+00,2.881845e+00,3.203385e-02,0,0,-1.251562e-05,-1.387777e+00,-1.433357e+00,-9.724776e-01,2.361693e+00,2.422630e+00,-1.642763e-01,1.671654e+00,2.112522e+00,-1.004468e+00,-5.253829e-01,2.007910e+00,2.094328e-01,2.206105e-03,0,-1.001312e-01
9.836127e-04,-1.348614e+01,2.167015e+00,-1.773683e+00,2.615493e+00,-5.187167e+00,2.433627e-01,4.109822e+00,1.065415e+00,6.569204e-01,4.582858e+00,4.347464e+00,3.591583e+00,4.442430e-02,0,0,2.845773e-08,-1.110012e+00,-1.172137e+00,-7.381358e-01,1.401656e+00,2.060136e+00,5.423466e-01,1.480032e+00,2.066258e+00,-2.909884e-01,-2.456007e-01,9.749422e-01,4.724053e-01,1.571472e-03,0,-3.762654e-02
9.783880e-04,-1.416724e+01,9.545560e-01,-2.771362e+00,2.567168e+00,-3.076166e+00,1.993138e+00,5.307746e+00,3.917218e+00,3.029267e+00,5.964767e+00,3.890349e+00,3.214094e+00,3.203385e-02,0,0,2.800848e-06,-7.813341e-01,-4.796108e-01,-8.545525e-02,7.349677e-01,1.708635e+00,1.169605e+00,6.668936e-01,1.374059e+00,4.992114e-01,-3.244994e-01,-3.484041e-01,2.360814e-01,-6.346334e-04,0,0
9.807887e-04,-1.455510e+01,1.698123e+00,-1.989260e+00,3.184790e+00,-1.206133e+00,3.450417e+00,5.245907e+00,4.167705e+00,2.604025e+00,3.519399e+00,2.618690e+00,5.166475e+00,3.324267e-02,0,0,8.968637e-08,-4.193711e-01,8.136486e-02,3.370958e-01,3.839322e-01,1.433902e+00,1.080086e+00,5.865276e-01,4.157751e-01,-2.544350e-01,-7.874001e-01,-8.672113e-01,-9.516847e-02,1.208819e-04,0,0
9.856197e-04,-1.540725e+01,1.490209e+00,-1.613527e+00,3.692772e+00,3.306736e-01,5.317438e+00,5.336857e+00,4.062091e+00,3.083239e+00,3.563133e+00,1.331925e+00,3.274806e+00,3.445150e-02,0,0,8.153240e-06,6.003992e-01,2.094636e-01,-1.501511e-01,-2.659085e-01,4.606689e-01,-1.742173e-01,-8.362307e-02,-2.222333e-02,-8.007591e-01,-1.271148e+00,-1.458118e+00,-6.655571e-01,8.159563e-04,0,3.996336e-02
9.804453e-04,-1.496299e+01,2.306013e+00,-6.671216e-01,3.972352e+00,2.789246e-01,3.981641e+00,7.027904e+00,3.071854e+00,-6.422406e-01,1.846675e+00,1.290619e+00,3.085384e+00,4.381989e-02,0,0,4.119922e-05,1.969154e+00,-4.546233e-01,-1.596262e+00,-1.348972e+00,-2.370938e-01,-1.339311e+00,-4.161921e-01,4.529352e-01,-7.057566e-01,-1.130713e+00,-2.355346e+00,-1.199239e+00,-1.269265e-03,0,1.011601e-01
1.019326e-03,-1.096130e+01,1.697929e+00,-4.183187e+00,8.438439e-01,-1.515350e+00,8.564396e-01,3.998632e+00,4.354027e+00,6.486035e-01,4.453892e-01,-2.736203e+00,9.268538e-01,3.082502e-02,0,1.998168e-01,9.276730e-05,3.055822e+00,-1.465672e+00,-3.216030e+00,-2.236542e+00,-4.083273e-01,-1.782208e+00,-9.391114e-01,1.143623e+00,-4.188470e-01,-1.154897e+00,-3.398551e+00,-1.281322e+00,-1.087942e-03,0,1.602994e-01
1.169932e-03,-6.932305e+00,-6.788538e-01,-8.685739e+00,-2.135606e+00,-1.468590e+00,-1.015640e+00,3.834059e+00,6.286413e+00,2.925594e-01,-5.752921e-01,-7.123976e+00,3.442547e-01,2.870958e-02,0,4.058922e-01,1.290960e-04,2.760330e+00,-2.292198e+00,-3.679722e+00,-2.025875e+00,6.387290e-01,-7.970993e-01,-1.156381e+00,1.458616e+00,1.004838e-01,-5.042487e-01,-3.594895e+00,-1.481256e+00,1.118163e-03,0,1.577791e-01
1.354713e-03,-4.143480e+00,-4.345717e+00,-1.368437e+01,-4.435961e+00,-8.372058e-01,-1.094963e+00,2.238223e+00,8.172925e+00,5.216036e-01,-1.000367e+00,-1.145353e+01,-1.761238e+00,3.656694e-02,0,5.985509e-01,1.102447e-04,1.440214e+00,-2.113140e+00,-2.848215e+00,-7.280949e-01,2.071884e+00,8.076725e-01,-7.277229e-01,6.518279e-01,-5.229989e-01,-2.983993e-01,-2.357413e+00,-1.405543e+00,3.414928e-03,0,8.898994e-02
1.458232e-03,-4.570253e+00,-6.133152e+00,-1.431514e+01,-3.517119e+00,3.133497e+00,9.718451e-01,2.126201e+00,8.455484e+00,-7.632158e-02,4.830958e-02,-1.232519e+01,-2.976847e+00,4.653974e-02,0,5.895287e-01,3.446337e-05,2.922987e-01,-1.072001e+00,-1.759862e+00,6.375696e-01,3.010924e+00,1.999845e+00,-4.058286e-01,-7.894537e-01,-7.237640e-01,-3.366928e-01,-7.628174e-01,-1.316807e+00,8.461762e-04,0,2.101052e-02
1.426399e-03,-4.941259e+00,-6.140621e+00,-1.560956e+01,-2.105874e+00,6.543028e+00,3.901059e+00,1.213947e+00,6.528631e+00,-1.781950e+00,-1.358408e+00,-1.192266e+01,-4.440308e+00,3.898459e-02,0,5.529482e-01,-5.461606e-05,-3.817114e-01,2.400110e-01,-6.776806e-01,1.230834e+00,3.238182e+00,2.675168e+00,1.292861e-01,-2.085552e+00,-6.491548e-01,-6.983085e-01,3.746162e-01,-1.087672e+00,-1.601693e-03,0,-2.645062e-02
1.306405e-03,-5.071922e+00,-5.141404e+00,-1.652245e+01,-1.128015e-01,9.895913e+00,6.485575e+00,2.317055e+00,3.161291e+00,-2.174484e+00,-2.079736e+00,-1.070350e+01,-4.900244e+00,3.173164e-02,0,5.337461e-01,-1.114501e-04,-4.759602e-01,1.043203e+00,-1.751852e-02,9.869282e-01,2.323735e+00,2.561386e+00,9.271561e-02,-2.588472e+00,-9.227715e-02,-1.120723e+00,7.052906e-01,-7.914590e-01,1.813233e-04,0,-5.884280e-02
1.157546e-03,-5.801203e+00,-3.641536e+00,-1.596912e+01,1.605121e-02,1.197250e+01,9.524013e+00,2.789227e+00,3.922620e-01,-1.675089e+00,-3.427887e+00,-1.039130e+01,-6.237902e+00,3.596253e-02,0,4.941891e-01,-1.161179e-04,-6.120960e-01,1.377743e+00,1.011797e+00,2.917506e-01,9.566067e-01,2.026287e+00,-1.669136e-01,-2.017718e+00,3.625678e-01,-7.187374e-01,6.371766e-01,-6.291572e-01,6.980962e-03,0,-1.012473e-01
1.035408e-03,-6.520082e+00,-2.166681e+00,-1.422295e+01,3.565595e-01,1.203744e+01,1.096730e+01,1.802139e+00,-1.418689e+00,-5.911380e-01,-4.520565e+00,-9.564420e+00,-6.035346e+00,4.895739e-02,0,3.246943e-01,-8.273383e-05,-6.902314e-01,1.281372e+00,1.448362e+00,-8.511394e-02,-4.106687e-01,8.859442e-01,-9.035776e-01,-1.298457e+00,2.670318e-02,-2.244299e-01,4.143462e-01,-2.555417e-01,9.640376e-03,0,-1.040296e-01
9.813086e-04,-7.277659e+00,-7.392681e-01,-1.170033e+01,-8.818014e-01,1.025530e+01,1.179163e+01,6.368368e-01,-1.269966e+00,-7.607841e-01,-3.731681e+00,-9.306316e+00,-7.018543e+00,6.527652e-02,0,1.512377e-01,-4.073464e-05,-5.611459e-01,1.107851e+00,1.372404e+00,-2.437451e-02,-1.214001e+00,-4.326935e-01,-9.351997e-01,-8.032722e-01,-6.683221e-01,1.659611e-01,2.767729e-01,2.692909e-01,4.714417e-03,0,-7.578511e-02
9.808548e-04,-7.784851e+00,-1.856789e-01,-1.141504e+01,-8.944488e-02,8.701168e+00,9.781487e+00,-1.124639e+00,-2.499878e+00,-2.498120e+00,-3.049989e+00,-9.174258e+00,-5.787632e+00,6.527653e-02,0,1.850738e-01,2.018913e-05,-4.172336e-01,6.816220e-01,1.080509e+00,-3.537743e-01,-1.909975e+00,-1.803352e+00,-8.237993e-01,-4.414231e-01,-5.927723e-01,6.342434e-01,8.164603e-01,1.566268e+00,-5.560591e-03,0,5.330612e-03
9.811493e-04,-7.974548e+00,9.072170e-01,-1.051105e+01,1.171808e-01,7.570625e+00,7.953451e+00,-4.233829e-01,-3.083505e+00,-4.063209e+00,-3.333369e+00,-9.202514e+00,-5.015305e+00,5.137504e-02,0,1.850738e-01,2.913376e-04,-1.072075e-01,1.512145e-01,9.739834e-01,-1.344779e+00,-2.704342e+00,-3.416349e+00,-8.113332e-01,-1.379322e-01,3.010046e-01,1.138518e+00,1.279786e+00,3.027623e+00,-1.387126e-02,1.438034e+01,6.225184e-02
1.136433e-03,-8.257806e+00,4.181861e-01,-9.415046e+00,-1.911803e+00,3.829901e+00,3.869631e+00,-1.786748e+00,-2.719035e+00,-1.903787e+00,-1.548503e+00,-5.534019e+00,7.943746e-01,2.810517e-02,0,3.344293e-01,6.887869e-04,2.860638e-01,-3.975009e-01,1.111916e+00,-3.050836e+00,-3.609263e+00,-4.939090e+00,-1.075261e+00,4.548681e-01,1.288870e+00,2.209091e+00,4.108995e-01,3.597659e+00,-1.353884e-02,3.597181e+01,1.120773e-01
2.360207e-03,-7.577219e+00,-2.851283e-01,-7.830404e+00,-6.694518e+00,-8.307756e-01,-2.334186e+00,-3.088774e+00,-1.850049e+00,4.470725e-01,1.210165e+00,-4.727505e+00,4.828569e+00,1.450589e-02,7.190168e+01,3.878192e-01,1.051714e-03,7.120351e-01,-7.526134e-01,6.657091e-01,-4.124619e+00,-3.629212e+00,-6.081279e+00,-1.577708e+00,5.648323e-01,1.010874e+00,2.537508e+00,-2.085961e+00,2.719963e+00,-7.071625e-03,5.752757e+01,1.440696e-01
3.735260e-03,-6.553196e+00,-1.577011e+00,-7.195780e+00,-1.193778e+01,-5.144448e+00,-9.770144e+00,-5.168249e+00,-8.422654e-01,1.691088e+00,5.723698e+00,-9.357265e+00,7.278725e+00,1.601692e-02,1.439082e+02,6.440876e-01,1.051440e-03,8.936752e-01,-6.889209e-01,3.327908e-02,-3.885321e+00,-2.643982e+00,-5.712455e+00,-1.603792e+00,2.185433e-01,-3.835182e-01,1.999968e+00,-4.673173e+00,5.634139e-01,3.928674e-04,5.749078e+01,1.231557e-01
4.940304e-03,-5.266677e+00,-1.858251e+00,-8.292142e+00,-1.549292e+01,-6.088261e+00,-1.563306e+01,-6.621172e+00,-1.197728e+00,-8.062761e-01,5.718067e+00,-1.772069e+01,5.342334e+00,2.206104e-02,2.156837e+02,7.505925e-01,6.723618e-04,6.557175e-01,-5.153441e-01,-5.307922e-01,-2.695159e+00,-1.353504e+00,-4.138350e+00,-1.411929e+00,-3.810289e-01,-1.258051e+00,9.700161e-01,-4.974413e+00,-9.303625e-01,3.384709e-03,3.583086e+01,8.953945e-02
5.103583e-03,-4.944700e+00,-2.239857e+00,-9.017781e+00,-1.693920e+01,-6.761269e+00,-1.804321e+01,-8.039510e+00,-1.952479e+00,-3.194704e+00,6.197387e+00,-2.240329e+01,3.354562e+00,2.629193e-02,2.155629e+02,7.688209e-01,2.445461e-04,2.880309e-01,-3.378139e-01,-5.726871e-01,-1.152295e+00,-2.610462e-01,-2.121136e+00,-8.173409e-01,-9.206165e-01,-1.163368e+00,-1.527346e-01,-3.127384e+00,-1.519176e+00,2.357208e-03,1.414759e+01,2.898285e-02
5.037855e-03,-5.102880e+00,-2.530426e+00,-9.573364e+00,-1.766960e+01,-6.789886e+00,-1.888941e+01,-8.712787e+00,-3.200087e+00,-3.400287e+00,5.823401e+00,-2.307656e+01,2.138838e+00,2.629193e-02,2.152287e+02,7.731498e-01,-1.142874e-04,8.360839e-02,-3.744952e-01,-2.720760e-01,3.741364e-01,-1.507522e-01,-5.869552e-01,3.235035e-02,-9.454942e-01,-5.283157e-01,-3.524656e-01,-7.250433e-01,-1.237583e+00,3.626473e-04,-4.524368e-01,6.465483e-03
4.909215e-03,-5.194941e+00,-2.929993e+00,-9.418605e+00,-1.661092e+01,-6.098866e+00,-1.874765e+01,-8.209146e+00,-4.444169e+00,-2.828745e+00,4.907358e+00,-2.231625e+01,1.284592e+00,2.568752e-02,2.148737e+02,7.777231e-01,-3.799821e-04,2.342890e-01,-3.039193e-01,1.323809e-01,2.126739e+00,-4.679550e-01,8.550207e-01,8.741236e-01,-8.249550e-01,-2.206330e-01,-7.280584e-01,8.977783e-01,-1.198609e+00,-1.057722e-03,-1.333549e+00,-4.152358e-03
4.466051e-03,-4.723515e+00,-3.385659e+00,-9.452110e+00,-1.378639e+01,-7.173223e+00,-1.821561e+01,-6.374603e+00,-4.679354e+00,-3.630834e+00,4.600753e+00,-2.138943e+01,1.894043e-01,2.417649e-02,2.137661e+02,7.784688e-01,-6.123097e-04,5.023771e-01,-1.370610e-01,6.114594e-01,3.567540e+00,-1.233062e+00,2.203210e+00,9.648825e-01,-5.316058e-01,3.410315e-01,-5.647262e-01,1.699585e+00,-1.144939e+00,-1.813237e-03,-2.309062e+00,-1.119093e-02
3.489574e-03,-3.962937e+00,-3.331837e+00,-8.416504e+00,-8.247114e+00,-8.909375e+00,-1.410500e+01,-4.837984e+00,-5.337620e+00,-4.182596e+00,3.168419e+00,-1.875796e+01,-1.663768e+00,2.206104e-02,2.096264e+02,7.453997e-01,-6.388266e-04,6.032212e-01,-1.903354e-01,7.973702e-01,3.396986e+00,-1.694524e+00,3.204135e+00,1.566660e-01,-8.174338e-02,1.546520e+00,-4.182401e-01,1.974715e+00,-8.545799e-01,-1.662133e-03,-2.917037e+00,-1.256884e-02
2.686127e-03,-3.206996e+00,-3.014809e+00,-7.017118e+00,-4.013800e+00,-1.154994e+01,-1.019469e+01,-5.573955e+00,-5.411390e+00,-1.018204e+00,3.869240e+00,-1.635778e+01,-2.111678e+00,1.903898e-02,2.063070e+02,7.333569e-01,-2.748655e-04,4.307100e-01,-7.885186e-01,4.191788e-01,1.245504e+00,-1.560803e+00,3.179897e+00,-9.693216e-01,7.691444e-01,2.671249e+00,1.936315e-01,1.863563e+00,-1.163137e-01,-2.115441e-04,-2.363425e+00,-9.954512e-04
2.605045e-03,-2.937094e+00,-4.067094e+00,-6.649250e+00,-4.512281e+00,-1.238313e+01,-6.737436e+00,-7.826139e+00,-4.486867e+00,3.597538e+00,3.181915e+00,-1.495850e+01,-1.837767e+00,1.994560e-02,2.040181e+02,7.374349e-01,3.094011e-04,7.535250e-02,-1.752316e+00,-4.749932e-01,-1.751281e+00,-7.922381e-01,2.272739e+00,-1.195603e+00,1.964601e+00,2.301734e+00,8.007334e-01,1.195518e+00,2.919517e-01,2.024781e-03,-1.219476e+00,1.476615e-02
3.533988e-03,-3.082886e+00,-6.960623e+00,-8.239843e+00,-9.426283e+00,-1.324036e+01,-5.999908e+00,-9.727133e+00,-1.259009e+00,5.835346e+00,5.562163e+00,-1.397134e+01,-3.051645e-01,2.417649e-02,2.047532e+02,7.774739e-01,7.241249e-04,-2.230807e-01,-2.203240e+00,-1.212259e+00,-3.327472e+00,4.121451e-01,1.516813e+00,-4.512300e-02,2.728166e+00,5.944304e-01,7.481052e-01,4.926037e-01,2.415473e-01,3.505591e-03,-6.334335e-01,2.054351e-02
4.612649e-03,-3.648230e+00,-1.012051e+01,-1.018011e+01,-1.429728e+01,-1.202536e+01,-4.838694e+00,-8.739409e+00,2.409195e+00,3.899300e+00,6.325625e+00,-1.397359e+01,-1.107266e+00,2.961620e-02,2.043060e+02,7.971719e-01,7.753787e-04,-3.423931e-01,-1.702690e+00,-1.410552e+00,-2.802572e+00,1.543208e+00,8.239987e-01,1.814957e+00,2.145135e+00,-1.052529e+00,5.989051e-02,-2.416713e-01,-1.526587e-01,3.414930e-03,-7.411057e-01,1.731051e-02
5.302949e-03,-3.966832e+00,-1.100430e+01,-1.131298e+01,-1.575866e+01,-9.668101e+00,-3.559994e+00,-5.342935e+00,4.781409e+00,1.803067e+00,6.037911e+00,-1.438721e+01,-1.269192e+00,3.173164e-02,2.029959e+02,8.062059e-01,5.111397e-04,-2.172124e-01,-5.801339e-01,-1.403434e+00,-1.096955e+00,2.169581e+00,3.470821e-01,2.868607e+00,4.284133e-01,-1.703170e+00,-1.174977e+00,-9.975551e-01,-4.743699e-01,2.417649e-03,-1.288963e+00,8.433556e-03
5.597458e-03,-4.207087e+00,-1.055871e+01,-1.216544e+01,-1.535895e+01,-6.453218e+00,-3.837399e+00,-9.434519e-01,3.218598e+00,3.510310e-01,3.243493e+00,-1.595892e+01,-2.119046e+00,3.324267e-02,2.011912e+02,8.096214e-01,1.927168e-04,3.999720e-02,3.148999e-01,-1.439771e+00,2.668352e-01,1.892001e+00,-3.788963e-01,2.694500e+00,-1.180956e+00,-9.863482e-01,-1.571313e+00,-9.950293e-01,-2.996083e-01,1.541251e-03,-1.316161e+00,4.521352e-03
5.597283e-03,-3.889520e+00,-9.642193e+00,-1.426435e+01,-1.438022e+01,-5.178524e+00,-4.765145e+00,7.179245e-01,4.783565e-01,-9.063716e-01,1.228343e+00,-1.796645e+01,-2.171124e+00,3.445150e-02,1.998657e+02,8.134170e-01,-5.284422e-05,1.904324e-01,5.423951e-01,-1.549576e+00,4.174358e-01,1.265982e+00,-8.805869e-01,1.789554e+00,-1.777734e+00,2.708643e-01,-9.407187e-01,-3.584920e-01,-7.496166e-02,1.178603e-03,-9.231491e-01,2.993226e-03
5.429067e-03,-3.486900e+00,-9.227062e+00,-1.590328e+01,-1.365232e+01,-4.810141e+00,-6.130599e+00,1.702663e+00,-1.344056e+00,3.222785e-01,8.738460e-01,-1.715912e+01,-2.154341e+00,3.596253e-02,1.992902e+02,8.161731e-01,-2.387764e-04,1.835251e-01,5.897433e-01,-1.212120e+00,1.617327e-01,9.156622e-01,-9.230775e-01,1.054280e+00,-1.356852e+00,1.523113e+00,2.640834e-01,6.543838e-01,3.246999e-01,7.252943e-04,-2.349319e-01,1.317185e-03
5.122924e-03,-3.374763e+00,-8.958149e+00,-1.719195e+01,-1.452480e+01,-4.159728e+00,-6.816328e+00,2.281776e+00,-1.825933e+00,3.171765e+00,2.519141e+00,-1.557958e+01,-1.626353e+00,3.626473e-02,1.993306e+02,8.178962e-01,-3.733301e-04,-2.824671e-02,4.998145e-01,-3.332497e-01,1.710987e-02,1.208861e+00,-7.877296e-01,2.219122e-01,-1.103803e+00,2.106527e+00,9.770478e-01,1.137861e+00,5.653671e-01,0,2.565719e-01,-3.732103e-03
4.640755e-03,-3.546840e+00,-7.952013e+00,-1.676224e+01,-1.447800e+01,-2.384306e+00,-7.427195e+00,3.546024e+00,-2.413516e+00,5.927525e+00,3.918511e+00,-1.388044e+01,-7.679319e-01,3.596253e-02,2.002841e+02,8.139677e-01,-5.361779e-04,-2.384598e-01,8.855168e-01,6.769438e-01,5.067232e-01,1.492859e+00,-1.029045e+00,-6.687230e-01,-1.375414e+00,1.249701e+00,7.369835e-01,8.902767e-01,5.328663e-01,-3.626469e-04,-1.289628e+01,-1.420271e-02
4.124788e-03,-4.000783e+00,-7.780645e+00,-1.550111e+01,-1.388183e+01,-3.471361e-01,-8.055495e+00,9.058054e-01,-4.505931e+00,6.823641e+00,4.591249e+00,-1.391648e+01,-3.749283e-02,3.445150e-02,2.006517e+02,7.958592e-01,-6.503274e-04,-6.353105e-01,1.682983e+00,1.330238e+00,1.592176e+00,1.151304e+00,-7.697658e-01,-1.199618e+00,-1.732847e+00,3.397422e-02,-1.539044e-01,6.860275e-01,9.696253e-02,2.447870e-03,-3.310643e+01,-3.482699e-02
3.247245e-03,-4.366189e+00,-5.388231e+00,-1.336398e+01,-1.144019e+01,7.478561e-01,-1.065624e+01,-9.529662e-01,-6.881125e+00,4.744846e+00,3.522710e+00,-1.353928e+01,-2.844398e-01,3.505591e-02,1.341483e+02,7.561781e-01,-4.659071e-04,-1.426515e+00,3.083694e+00,1.257640e+00,2.582424e+00,1.706541e-01,-6.680177e-01,-5.651060e-01,-1.206600e+00,-4.039462e-01,-6.783459e-01,1.106683e+00,-2.648553e-01,1.251133e-02,-5.343534e+01,-9.162214e-02
2.568042e-03,-6.141642e+00,-1.825124e+00,-1.223989e+01,-8.082823e+00,3.071252e-02,-9.050633e+00,-1.466818e+00,-8.256364e+00,3.932976e+00,1.947520e+00,-1.232002e+01,-1.383286e+00,4.895739e-02,6.686636e+01,6.726561e-01,3.367078e-04,-2.399748e+00,4.426843e+00,5.531526e-01,2.910026e+00,-6.784689e-01,-1.079008e-01,8.026823e-01,-4.565890e-01,9.291196e-02,-5.131631e-01,1.869831e+00,-2.924923e-01,3.203385e-02,-5.354517e+01,-1.561570e-01
3.089593e-03,-9.608987e+00,4.488699e+00,-1.210466e+01,-4.465381e+00,-1.719960e+00,-1.026971e+01,1.906806e+00,-6.571299e+00,5.353126e+00,1.848646e+00,-9.145257e+00,-1.419312e+00,9.126624e-02,0,4.174585e-01,1.574720e-03,-3.171883e+00,4.511272e+00,-2.347130e-01,2.580190e+00,-6.470813e-01,8.949442e-02,1.714840e+00,5.116980e-01,7.593588e-01,-8.450030e-02,2.078835e+00,1.253497e-01,5.394379e-02,-3.351630e+01,-2.000578e-01
5.887153e-03,-1.337812e+01,9.415106e+00,-1.336501e+01,-2.819109e+00,-2.505573e+00,-8.788263e+00,3.489331e+00,-6.943789e+00,6.984061e+00,2.862466e+00,-6.764337e+00,-9.325185e-01,1.665156e-01,0,1.844340e-01,2.487714e-03,-3.028328e+00,3.501961e+00,-6.652415e-01,1.693846e+00,-1.282392e-01,-1.274003e-01,1.519977e+00,5.846110e-01,1.057955e-01,2.233260e-01,1.936873e+00,6.483383e-01,6.799637e-02,-1.337327e+01,-1.762771e-01
9.461292e-03,-1.660736e+01,1.154802e+01,-1.397498e+01,-1.171095e+00,-1.219407e+00,-1.033996e+01,5.143159e+00,-4.978922e+00,7.016098e+00,2.642735e+00,-5.922950e+00,1.169247e-01,2.459958e-01,0,0,2.317046e-03,-2.278447e+00,1.481267e+00,-7.381223e-01,6.375795e-01,1.490064e-01,1.120965e-01,6.657872e-01,4.758465e-01,-8.260084e-01,-8.909369e-03,1.616798e+00,7.170075e-01,6.436990e-02,0,-1.019351e-01
1.182076e-02,-1.778409e+01,1.215502e+01,-1.463093e+01,-1.260736e+00,-8.607597e-01,-9.652514e+00,4.514888e+00,-6.129497e+00,3.630467e+00,2.667106e+00,-4.246809e+00,1.090287e+00,3.115745e-01,0,0,1.123267e-03,-1.171206e+00,-7.674885e-03,-4.154635e-01,-5.499938e-01,4.671795e-02,-2.579071e-01,-1.177609e-01,4.974145e-01,-1.036384e+00,1.076740e-01,1.476350e+00,9.220530e-01,4.100937e-02,0,-3.688680e-02
1.170802e-02,-1.879824e+01,1.052508e+01,-1.516231e+01,-2.056670e+00,-1.797334e+00,-9.277106e+00,4.722963e+00,-4.599212e+00,2.899881e+00,1.901779e+00,-2.320029e+00,1.154323e+00,3.405863e-01,0,0,-3.244476e-04,-3.074858e-01,-7.835759e-01,1.125944e-01,-1.486743e+00,3.041490e-01,-1.807537e-01,-4.667421e-01,7.453834e-01,-5.642990e-01,3.393147e-01,1.303202e+00,9.062778e-01,2.296773e-03,0,0
1.038013e-02,-1.813872e+01,9.888202e+00,-1.484866e+01,-5.126290e+00,-1.983019e+00,-1.060922e+01,3.110624e+00,-4.646572e+00,3.860249e+00,3.771314e+00,-1.184048e+00,3.159047e+00,3.242671e-01,0,0,-1.437080e-03,3.020094e-01,-9.805398e-01,8.856095e-01,-1.474269e+00,1.249927e+00,-1.260758e-01,-3.858380e-01,1.879547e+00,2.444737e-01,6.017000e-01,8.133011e-01,1.080214e+00,-4.164400e-02,0,0
8.559371e-03,-1.796748e+01,8.763547e+00,-1.330314e+01,-6.672031e+00,8.624673e-01,-1.076537e+01,3.511581e+00,-1.993468e+00,4.079712e+00,3.787205e+00,-9.383228e-01,3.613934e+00,2.511333e-01,0,0,-1.984536e-03,1.110555e+00,-8.111736e-01,1.304346e+00,-1.003990e+00,1.670237e+00,6.588419e-01,-6.068932e-01,1.923452e+00,-1.854210e-01,5.041873e-01,2.696061e-01,3.738638e-01,-7.183439e-02,0,3.263447e-02
6.209687e-03,-1.668943e+01,8.133087e+00,-1.113247e+01,-6.324402e+00,4.058975e+00,-9.538762e+00,3.191389e+00,1.965366e+00,4.262920e+00,4.732893e+00,-8.711575e-01,5.261551e+00,1.480810e-01,0,0,-2.115489e-03,2.068783e+00,-8.996652e-01,9.861315e-01,-7.062345e-01,9.889390e-01,2.210606e+00,-1.145393e+00,1.254867e+00,-9.281713e-01,-3.006720e-01,-1.521665e-01,-1.200855e+00,-7.564219e-02,0,8.884197e-02
3.870561e-03,-1.397011e+01,7.346766e+00,-1.049867e+01,-6.477562e+00,3.532852e+00,-6.518127e+00,1.648115e+00,1.712078e+00,1.771440e+00,3.941926e+00,-1.128444e+00,1.972390e+00,6.950741e-02,0,1.631724e-01,-1.776847e-03,2.880417e+00,-1.025939e+00,1.589849e-01,-1.197201e+00,-4.368940e-01,3.452365e+00,-2.022208e+00,-9.140388e-01,-1.562748e+00,-9.772611e-01,-8.093628e-01,-2.499154e+00,-5.355093e-02,1.413649e+01,1.572807e-01
2.147087e-03,-9.793489e+00,6.098267e+00,-1.132024e+01,-8.754697e+00,1.626483e+00,-1.679815e+00,-1.684608e+00,-2.250090e-01,3.735283e-01,2.190593e+00,-1.849820e+00,-2.024455e+00,3.686914e-02,0,3.626237e-01,-1.139286e-03,2.883025e+00,-1.185295e+00,-6.054183e-01,-1.505268e+00,-1.131532e+00,3.956496e+00,-1.817531e+00,-2.814045e+00,-2.074567e+00,-1.348459e+00,-1.197764e+00,-3.170742e+00,-2.372318e-02,3.504385e+01,1.793027e-01
1.706438e-03,-7.013361e+00,4.651263e+00,-1.241433e+01,-1.144289e+01,-1.057568e-01,2.566982e+00,-4.161459e+00,-5.468475e+00,-1.789334e+00,1.720492e-01,-4.495806e+00,-5.238834e+00,3.898459e-02,7.068243e+01,6.050919e-01,-5.303883e-04,2.073828e+00,-1.047148e+00,-6.142718e-01,-8.552891e-01,-6.717576e-01,2.944138e+00,-8.398741e-01,-3.646450e+00,-2.342684e+00,-7.695264e-01,-1.311867e+00,-2.181762e+00,-3.324267e-03,5.600831e+01,1.412256e-01
1.595321e-03,-5.752674e+00,3.554361e+00,-1.320173e+01,-1.136808e+01,2.206205e-01,5.701161e+00,-2.991479e+00,-8.514585e+00,-4.329527e+00,-1.244650e-01,-5.176296e+00,-6.986544e+00,4.472651e-02,1.398780e+02,6.755540e-01,-1.747147e-04,1.160554e+00,-4.985110e-01,-3.629138e-01,2.455472e-01,-9.707111e-03,1.280039e+00,8.437037e-02,-3.289160e+00,-2.564233e+00,-3.240013e-03,-5.546837e-01,-9.906099e-01,2.508312e-03,5.572646e+01,8.196547e-02
1.494502e-03,-5.621376e+00,3.382980e+00,-1.262929e+01,-9.447318e+00,8.769958e-01,4.512075e+00,-1.897820e+00,-1.237538e+01,-7.590453e+00,1.251823e+00,-6.024543e+00,-6.455376e+00,4.895739e-02,2.101025e+02,7.128354e-01,-7.821774e-05,5.972430e-01,-1.756420e-01,-6.397066e-02,1.253058e+00,9.623259e-02,-1.646338e-01,5.041874e-01,-2.005077e+00,-2.002715e+00,4.660469e-01,4.519639e-01,-1.571900e-01,5.137514e-04,3.459484e+01,2.814010e-02
1.379481e-03,-4.686713e+00,4.239853e+00,-1.302733e+01,-8.524747e+00,1.086571e+00,3.747832e+00,-2.394576e+00,-1.321736e+01,-9.547076e+00,1.634506e+00,-3.858870e+00,-6.369234e+00,4.442430e-02,2.089222e+02,7.185793e-01,-6.468187e-06,4.652456e-01,-2.578891e-01,-2.796456e-01,1.200798e+00,-1.662767e-01,-2.130247e-01,6.498674e-01,-4.310731e-01,-1.044602e+00,4.879054e-01,8.085073e-01,-5.597549e-01,-2.296767e-03,1.369084e+01,1.392655e-02
1.423269e-03,-4.560127e+00,3.430307e+00,-1.282139e+01,-6.599264e+00,-5.756919e-02,2.720477e+00,-1.938973e+00,-1.314247e+01,-9.194134e+00,1.622798e+00,-2.894699e+00,-6.333439e+00,4.170445e-02,2.091345e+02,7.242797e-01,9.684860e-05,5.533651e-01,-6.744564e-01,-8.261140e-01,5.008508e-01,-1.476152e-01,8.471371e-01,8.714010e-01,1.047639e+00,1.578290e-01,2.909146e-01,3.406536e-01,-1.332846e+00,-3.233606e-03,-1.507935e-01,1.095536e-02
1.598596e-03,-3.957070e+00,2.241252e+00,-1.450391e+01,-6.788113e+00,-1.434808e-01,5.531836e+00,2.784342e-01,-1.028641e+01,-8.750697e+00,2.129575e+00,-2.698682e+00,-9.846287e+00,3.686914e-02,2.088162e+02,7.394646e-01,1.967194e-04,5.471021e-01,-9.779726e-01,-1.093753e+00,-6.249470e-01,7.986001e-02,1.989772e+00,4.417512e-01,1.769963e+00,9.051150e-01,1.343588e-01,-6.815114e-01,-1.486812e+00,-2.326987e-03,3.035751e-01,1.606482e-02
1.869187e-03,-3.219372e+00,1.009999e+00,-1.602157e+01,-7.811381e+00,7.539455e-01,7.855759e+00,1.122680e+00,-8.602662e+00,-7.199497e+00,2.458862e+00,-4.901369e+00,-1.138108e+01,3.656694e-02,2.094016e+02,7.571695e-01,2.260285e-04,3.489355e-01,-8.834538e-01,-6.280292e-01,-1.693313e+00,1.412123e-01,2.486957e+00,-4.418382e-01,1.743219e+00,1.489704e+00,-3.445563e-01,-1.461069e+00,-8.183957e-01,-9.368386e-04,4.533737e-01,1.684991e-02
2.140119e-03,-2.621580e+00,5.601440e-01,-1.689601e+01,-1.104342e+01,1.080114e+00,1.112905e+01,-1.716647e+00,-6.637447e+00,-6.018819e+00,1.888268e+00,-6.263092e+00,-1.127948e+01,3.535812e-02,2.103066e+02,7.824585e-01,1.586912e-04,-1.107955e-01,-6.043620e-01,5.347021e-01,-1.567428e+00,-3.047310e-01,1.594523e+00,-1.190445e+00,1.415779e+00,1.528297e+00,-8.780893e-01,-1.691980e+00,1.046095e-01,7.252954e-04,5.300690e-01,9.288537e-03
2.282650e-03,-3.483194e+00,-1.464078e-01,-1.476548e+01,-1.293817e+01,3.669477e-02,1.235665e+01,-3.150624e+00,-6.250857e+00,-3.111551e+00,2.067026e-02,-8.417839e+00,-9.708823e+00,3.777577e-02,2.106562e+02,7.870323e-01,9.829248e-06,-5.744828e-01,-1.194743e-01,1.463422e+00,-8.625793e-01,-6.420594e-01,-4.020996e-02,-9.375395e-01,1.047876e+00,1.010227e+00,-9.828790e-01,-1.277042e+00,1.335159e-01,1.843457e-03,2.098633e-01,-4.335630e-03
2.185321e-03,-4.379137e+00,-2.023544e-01,-1.245844e+01,-1.206186e+01,-1.308510e+00,1.125401e+01,-3.537137e+00,-4.383414e+00,-3.153188e+00,-1.041776e+00,-9.400345e+00,-1.015937e+01,3.989121e-02,2.108392e+02,7.709759e-01,-1.445832e-04,-9.011383e-01,5.195124e-01,1.794563e+00,6.387777e-01,-3.765748e-01,-2.003381e+00,-3.735663e-01,6.253580e-01,6.299210e-01,-5.548497e-01,-3.730780e-01,-8.710213e-02,4.623753e-03,-1.412273e+01,-3.025935e-02
1.895732e-03,-5.213007e+00,7.938764e-01,-1.092324e+01,-1.161506e+01,-1.262040e+00,7.592233e+00,-2.654773e+00,-4.490299e+00,-3.581177e+00,-9.905108e-01,-9.717952e+00,-1.127355e+01,4.351768e-02,2.101846e+02,7.412327e-01,-1.145705e-04,-1.438191e+00,1.198458e+00,1.255227e+00,1.748509e+00,3.718671e-01,-3.188571e+00,2.045019e-01,-1.136996e-01,3.192392e-01,2.144568e-01,8.382264e-01,1.869798e-01,1.511031e-02,-3.529065e+01,-8.825774e-02
1.610661e-03,-6.262365e+00,2.687564e+00,-9.844311e+00,-8.511091e+00,-1.533933e-01,3.494356e+00,-3.832404e+00,-4.390936e+00,-2.634401e+00,-3.803903e-01,-7.478426e+00,-1.093262e+01,5.560592e-02,1.399288e+02,6.540616e-01,2.963873e-04,-2.441967e+00,1.649529e+00,5.243881e-01,2.268113e+00,1.303495e+00,-3.167167e+00,6.917045e-01,-8.272784e-01,7.440673e-01,7.013530e-01,1.847697e+00,1.684188e+00,3.478393e-02,-5.622048e+01,-1.540343e-01
1.997127e-03,-9.732536e+00,4.400925e+00,-9.796414e+00,-5.971012e+00,1.318472e+00,2.936180e-01,-1.980481e+00,-6.815594e+00,-1.774748e+00,7.622615e-01,-5.187666e+00,-8.387297e+00,1.054699e-01,6.965821e+01,4.042008e-01,1.023816e-03,-3.363651e+00,1.762079e+00,-3.413869e-01,2.126700e+00,1.329891e+00,-2.501542e+00,1.527432e+00,-6.915317e-01,1.388521e+00,1.137884e+00,2.370200e+00,3.245251e+00,5.491085e-02,-5.602979e+01,-1.967207e-01
3.616560e-03,-1.432921e+01,6.241768e+00,-1.039991e+01,-3.543318e+00,3.918711e+00,-9.325214e-01,-4.157608e-01,-7.357159e+00,-3.360660e-01,1.588603e+00,-2.427000e+00,-3.181552e+00,1.828347e-01,0,1.693201e-01,1.805380e-03,-3.573359e+00,1.515952e+00,-6.579787e-01,1.464774e+00,7.877551e-01,-1.265924e+00,2.331738e+00,-7.477794e-02,1.950876e+00,1.229180e+00,1.986469e+00,3.710535e+00,6.210335e-02,-3.495157e+01,-1.712324e-01
6.011862e-03,-1.799784e+01,7.827171e+00,-1.235237e+01,-3.465449e+00,3.351366e+00,-2.702036e+00,3.274066e+00,-6.464846e+00,2.212259e+00,3.714413e+00,-3.926655e-01,1.077170e+00,2.544575e-01,0,0,2.108253e-03,-2.700775e+00,1.089088e+00,-4.150780e-01,1.066809e+00,-2.993567e-02,4.160488e-02,2.319951e+00,3.871411e-01,2.118441e+00,6.944038e-01,1.183052e+00,3.033144e+00,5.324871e-02,-1.393164e+01,-9.777217e-02
8.630193e-03,-1.999651e+01,8.554200e+00,-1.185623e+01,-2.440001e+00,2.768935e+00,-1.337439e+00,5.199012e+00,-4.940199e+00,5.126476e+00,4.289432e+00,5.641921e-02,2.887819e+00,2.916289e-01,0,0,1.737884e-03,-1.436063e+00,4.749723e-01,4.145536e-01,8.517491e-01,-9.101607e-01,9.294444e-01,1.112740e+00,-2.585245e-01,1.152591e+00,-3.703156e-01,3.745273e-01,1.515280e+00,3.916592e-02,0,-3.386403e-02
1.003158e-02,-2.040276e+01,8.690147e+00,-1.114365e+01,-1.188627e+00,1.743681e+00,7.041014e-01,6.811888e+00,-6.088368e+00,6.086187e+00,2.883866e+00,-5.141141e-01,3.743739e+00,3.173164e-01,0,0,8.788357e-04,-3.323845e-01,-7.224026e-02,1.091842e+00,8.484999e-01,-1.457589e+00,4.376083e-01,-6.110811e-01,-1.538463e+00,-5.233933e-01,-1.313986e+00,-1.175209e-01,5.146741e-01,2.937444e-02,0,0
1.029612e-02,-2.030707e+01,8.185142e+00,-8.931508e+00,-4.229834e-01,1.717493e-01,2.011632e+00,3.379027e+00,-8.838020e+00,3.489923e+00,1.522982e-01,-4.936395e-01,3.061565e+00,3.472348e-01,0,0,-3.693346e-05,2.296438e-01,-6.240985e-01,9.811503e-01,6.738701e-01,-1.981652e+00,-1.032743e+00,-1.857130e+00,-1.675451e+00,-1.543430e+00,-1.337307e+00,-1.757395e-01,-4.936061e-01,2.405562e-02,0,0
9.573077e-03,-1.950449e+01,7.650499e+00,-8.355521e+00,-2.314584e-01,-2.637985e+00,-2.188530e+00,1.128653e+00,-1.220825e+01,4.135692e-01,-7.869482e-01,-7.052408e-01,3.563667e+00,3.735267e-01,0,0,-6.202211e-04,3.719753e-01,-7.802751e-01,4.653985e-01,8.468486e-01,-1.795659e+00,-2.063396e+00,-1.740091e+00,-6.072674e-01,-1.376002e+00,-4.728747e-01,-8.190992e-02,-8.090891e-01,1.453612e-02,0,0
8.674775e-03,-1.929743e+01,5.953532e+00,-8.344538e+00,4.507654e-01,-4.948489e+00,-5.054838e+00,-1.245022e+00,-1.025751e+01,2.456351e-01,-5.616956e-01,-7.267151e-01,5.098245e-01,3.838018e-01,0,0,-8.914342e-04,3.822725e-01,-5.144506e-01,-3.171517e-01,1.339980e+00,-8.848227e-01,-1.615068e+00,-8.578951e-01,1.136376e+00,-4.647821e-01,1.628044e-01,8.616353e-02,-2.396335e-01,5.439728e-04,0,0
7.741143e-03,-1.904770e+01,5.904577e+00,-9.110142e+00,2.608741e+00,-4.674496e+00,-6.079645e+00,4.234598e-01,-8.414958e+00,8.283213e-01,8.764893e-01,-8.071259e-01,9.741640e-01,3.717135e-01,0,0,-9.029232e-04,2.367851e-01,-3.439417e-02,-6.159219e-01,1.737380e+00,2.642801e-01,-8.075748e-02,-9.177391e-02,2.536509e+00,3.431979e-01,3.123342e-01,4.504326e-01,7.030307e-01,-1.532185e-02,0,0
6.754917e-03,-1.862409e+01,6.485850e+00,-1.013996e+01,4.856817e+00,-3.234109e+00,-4.118150e+00,-5.578519e-01,-5.052784e+00,9.586371e-01,1.346015e-01,-1.187928e-02,3.158149e+00,3.508613e-01,0,0,-8.452541e-04,2.232908e-01,1.963417e-01,-1.018472e+00,1.184980e+00,6.597891e-01,1.174031e+00,3.236820e-01,2.782156e+00,4.102418e-01,1.054622e-01,5.337986e-01,1.643240e+00,-2.499246e-02,0,0
6.018390e-03,-1.865723e+01,7.212369e+00,-1.053742e+01,6.252416e+00,-2.173774e+00,-3.060661e+00,3.261977e-01,-2.128067e+00,1.773058e+00,4.265742e-01,1.189504e+00,5.754658e+00,3.133877e-01,0,0,-8.443933e-04,2.495911e-01,-2.690529e-01,-8.964565e-01,-2.403079e-01,9.557950e-02,1.787462e+00,4.354160e-01,3.106714e+00,3.879870e-01,-4.508521e-02,7.298988e-01,1.272262e+00,-2.943488e-02,0,0
5.309881e-03,-1.837621e+01,6.281344e+00,-1.272326e+01,4.553828e+00,-2.899904e+00,-6.941757e-01,4.220187e-01,5.098205e-01,1.824476e+00,1.905730e-01,9.439631e-01,6.335776e+00,2.880024e-01,0,0,-9.419302e-04,1.208109e+00,-9.268062e-01,-9.324350e-01,-2.164859e+00,-6.478890e-01,1.553381e+00,-3.028628e-02,2.071604e+00,2.125454e-03,-2.075135e-01,-4.484468e-01,-1.794176e-01,-3.324268e-02,0,4.530246e-02
4.241695e-03,-1.792369e+01,4.661565e+00,-1.230077e+01,1.558696e+00,-4.363700e+00,1.145680e+00,2.110604e+00,4.337307e+00,2.335337e+00,6.230776e-01,2.364447e+00,5.746660e+00,2.559686e-01,0,0,-9.148692e-04,2.723798e+00,-1.746614e+00,-1.029237e+00,-3.771852e+00,-6.938031e-01,1.018348e+00,-1.307680e+00,6.326941e-01,-4.370335e-01,-6.295416e-01,-2.381685e+00,-1.583801e+00,-4.137201e-02,1.438628e+01,1.189534e-01
2.933614e-03,-1.295031e+01,3.127221e+00,-1.392045e+01,-3.620620e+00,-5.378591e+00,1.545584e+00,-1.601487e+00,2.072551e+00,6.881248e-01,-1.001217e+00,-2.841584e+00,2.265060e+00,2.133575e-01,0,2.265123e-01,-5.363873e-04,4.007736e+00,-2.464807e+00,-1.350638e+00,-4.552690e+00,3.228230e-01,3.744440e-01,-2.612800e+00,-1.027130e+00,-3.381020e-01,-6.385423e-01,-4.466186e+00,-2.599820e+00,-5.213055e-02,3.592903e+01,1.985995e-01
2.632178e-03,-7.751183e+00,5.636215e-02,-1.508501e+01,-8.519623e+00,-4.403447e+00,9.111984e-01,-5.200451e+00,2.540384e-01,1.560661e-01,-2.125239e+00,-8.826149e+00,-1.289883e-01,1.438501e-01,7.193142e+01,4.815107e-01,1.303721e-04,3.980061e+00,-3.071721e+00,-1.830230e+00,-4.478373e+00,1.367993e+00,6.697515e-02,-2.978259e+00,-1.614748e+00,2.436742e-01,-3.397533e-01,-5.237064e+00,-2.323151e+00,-5.463886e-02,5.722405e+01,2.129364e-01
3.432703e-03,-3.423786e+00,-3.740088e+00,-1.808433e+01,-1.317046e+01,-1.265916e+00,1.295285e+00,-8.986455e+00,-2.584194e+00,1.223601e+00,-1.627980e+00,-1.579167e+01,-3.725501e+00,8.340888e-02,1.436794e+02,7.522419e-01,6.695756e-04,2.542831e+00,-3.029171e+00,-1.660353e+00,-3.142486e+00,1.790898e+00,2.677687e-01,-1.798191e+00,-4.917389e-01,1.205299e+00,3.031019e-01,-3.797829e+00,-1.375744e+00,-4.430341e-02,5.656024e+01,1.514547e-01
4.644011e-03,-2.786652e+00,-7.263384e+00,-1.936999e+01,-1.605825e+01,4.199296e-01,1.605705e+00,-9.088206e+00,-1.408062e+00,3.285969e+00,-7.623076e-01,-1.734583e+01,-2.873814e+00,4.774857e-02,2.142805e+02,8.018169e-01,7.347026e-04,1.186505e+00,-2.230271e+00,-1.300184e+00,-1.338796e+00,1.046181e+00,3.829359e-01,-4.386101e-01,6.903457e-01,1.468245e+00,4.323503e-01,-1.856213e+00,-7.369386e-01,-2.520399e-02,3.414879e+01,7.660998e-02
5.275575e-03,-2.718425e+00,-8.358763e+00,-2.007973e+01,-1.556374e+01,1.164211e+00,2.537174e+00,-8.648562e+00,4.449071e-01,5.149668e+00,-1.671734e-01,-1.757089e+01,-3.241250e+00,3.989121e-02,2.116266e+02,8.236327e-01,4.070931e-04,4.155446e-01,-1.150115e+00,-6.478767e-01,2.684675e-01,-1.767659e-01,1.035757e-01,7.598075e-01,1.344217e+00,1.148134e+00,3.583667e-01,-2.893469e-01,-3.397178e-01,-1.000302e-02,1.204388e+01,1.791489e-02
5.384255e-03,-2.171338e+00,-8.785656e+00,-2.058823e+01,-1.401696e+01,-3.876056e-01,2.204934e+00,-7.562448e+00,2.191216e+00,5.534256e+00,-6.938906e-01,-1.721760e+01,-4.055807e+00,3.958900e-02,2.087018e+02,8.288652e-01,-5.572247e-05,3.740819e-01,-2.968914e-01,-2.645268e-01,9.454752e-01,-8.657684e-01,-6.522303e-01,9.844981e-01,7.887511e-01,7.479481e-01,2.907377e-01,1.552427e-01,-4.684466e-01,-3.082502e-03,-2.209749e+00,4.948658e-03
5.098046e-03,-1.653720e+00,-8.729527e+00,-2.071459e+01,-1.284877e+01,-1.745978e+00,1.513550e+00,-5.950296e+00,2.337251e+00,5.840126e+00,1.296449e-01,-1.730252e+01,-4.833093e+00,3.747356e-02,2.066882e+02,8.282922e-01,-4.212864e-04,3.026349e-01,2.655753e-01,2.159617e-01,6.091283e-01,-1.070899e+00,-1.651086e+00,4.121134e-01,-1.396074e-01,7.606171e-01,7.187318e-01,1.474216e-01,-2.483735e-01,-2.598972e-03,-1.644916e+00,-2.377367e-03
4.454163e-03,-1.448594e+00,-8.562459e+00,-2.037519e+01,-1.268836e+01,-2.453818e+00,-1.143634e+00,-5.514849e+00,1.589522e+00,6.680481e+00,5.429717e-01,-1.670381e+01,-4.420125e+00,3.354488e-02,2.057010e+02,8.242305e-01,-6.711038e-04,1.827637e-02,1.047793e+00,7.592014e-01,4.391034e-01,-9.470566e-01,-2.212047e+00,-5.462345e-01,-1.271195e+00,7.208895e-01,1.428627e+00,1.224958e-01,2.270067e-01,-2.689634e-03,-1.232175e+00,-9.195054e-03
3.634189e-03,-1.566622e+00,-7.142485e+00,-1.910644e+01,-1.318240e+01,-3.157177e+00,-4.043974e+00,-7.611795e+00,4.771765e-02,8.379641e+00,2.808055e+00,-1.709068e+01,-4.300958e+00,2.991840e-02,2.049025e+02,8.140633e-01,-7.829705e-04,-3.527515e-01,2.101414e+00,1.371840e+00,8.139277e-01,-7.641426e-01,-1.668390e+00,-8.134209e-01,-1.736397e+00,8.196755e-02,1.006799e+00,2.647457e-02,2.937004e-01,-3.022062e-04,-1.453568e+01,-2.154998e-02
2.760665e-03,-2.123505e+00,-4.340214e+00,-1.759630e+01,-1.165463e+01,-4.417289e+00,-6.076540e+00,-9.462872e+00,-3.019994e+00,7.868946e+00,5.110039e+00,-1.671104e+01,-3.186841e+00,2.991840e-02,2.034338e+02,7.900044e-01,-7.533253e-04,-8.370887e-01,2.928993e+00,1.784880e+00,1.505714e+00,-6.376921e-01,-5.719328e-02,3.828423e-01,-1.112695e+00,-1.187423e+00,-3.388875e-01,7.465820e-02,1.366857e-01,3.686915e-03,-3.469233e+01,-3.505757e-02
2.029943e-03,-3.080022e+00,-3.335791e-01,-1.524484e+01,-9.295992e+00,-4.584956e+00,-4.361947e+00,-8.043389e+00,-4.039977e+00,5.655731e+00,2.880106e+00,-1.716652e+01,-3.981233e+00,3.777577e-02,1.351434e+02,7.376553e-01,-5.843819e-04,-1.402503e+00,2.512971e+00,1.702163e+00,1.960322e+00,-5.004148e-01,1.639104e+00,2.391699e+00,2.925651e-01,-1.689552e+00,-1.291160e+00,1.111124e+00,1.789199e-01,8.582653e-03,-5.461198e+01,-4.458108e-02
1.489660e-03,-4.877338e+00,2.678054e+00,-1.338159e+01,-7.102993e+00,-4.928389e+00,-1.270614e+00,-3.384840e+00,-1.930107e+00,2.105318e+00,-1.187492e+00,-1.629259e+01,-3.896559e+00,4.805077e-02,6.711887e+01,6.871466e-01,-3.028742e-04,-1.818919e+00,1.391344e+00,1.118568e+00,1.577383e+00,-2.670694e-01,2.109325e+00,3.281902e+00,1.936005e+00,-1.027992e+00,-6.598194e-01,2.384828e+00,3.248497e-01,1.148383e-02,-5.420110e+01,-8.307109e-02
1.347783e-03,-7.202219e+00,1.913239e+00,-1.270298e+01,-5.656607e+00,-5.403702e+00,1.748582e+00,1.307687e+00,9.655997e-01,2.813696e+00,-4.989824e-01,-1.174428e+01,-3.051500e+00,6.376549e-02,0,6.425868e-01,7.620980e-05,-2.106760e+00,2.405924e-01,-1.875362e-02,7.919871e-01,-3.260873e-01,9.628158e-01,2.266819e+00,2.149878e+00,7.387949e-01,1.533282e+00,3.731055e+00,4.746203e-01,1.362949e-02,-3.374058e+01,-1.326483e-01
1.587374e-03,-9.157003e+00,1.493099e+00,-1.327439e+01,-5.587406e+00,-5.343263e+00,1.414823e+00,2.271103e+00,4.157241e+00,4.150005e+00,3.500486e+00,-7.498026e+00,-2.027459e+00,7.434270e-02,0,4.221833e-01,4.427512e-04,-1.823925e+00,3.734224e-01,-7.608887e-01,1.782258e-01,2.036471e-02,-2.977965e-01,2.442191e-01,1.258082e+00,1.373923e+00,1.897857e+00,3.487675e+00,-1.376272e-01,1.269266e-02,-1.342377e+01,-1.809984e-01
2.362135e-03,-1.147399e+01,1.461860e+00,-1.539221e+01,-6.093850e+00,-6.007955e+00,-8.905859e-01,4.627316e-01,3.665739e+00,8.327362e+00,8.202527e+00,-2.908535e+00,-2.542681e+00,9.277727e-02,0,2.068955e-01,5.590076e-04,-7.081213e-01,6.211561e-01,-1.045923e+00,-4.767138e-01,3.203773e-01,-1.170365e+00,-1.733553e+00,-3.763416e-01,1.035381e+00,5.836297e-01,1.347269e+00,-7.750556e-01,7.162285e-03,1.392307e+01,-1.199298e-01
3.196239e-03,-1.186108e+01,4.770855e+00,-1.584142e+01,-5.993243e+00,-4.524438e+00,-1.440012e+00,-1.741267e+00,3.010234e+00,6.218099e+00,3.951041e+00,-3.272087e+00,-4.839104e+00,9.700817e-02,0,0,4.677018e-04,9.196646e-01,-1.873961e-01,-8.398957e-01,-9.593887e-01,7.089714e-01,-8.593594e-01,-2.364449e+00,-1.564208e+00,7.028546e-02,-1.222256e+00,-1.530248e+00,-7.994301e-01,-3.112722e-03,3.475079e+01,2.513655e-02
3.338387e-03,-9.390789e+00,3.380141e+00,-1.664908e+01,-7.837257e+00,-4.211228e+00,-2.675824e+00,-5.353892e+00,-3.426045e-01,6.956553e+00,2.193889e+00,-7.120906e+00,-5.520956e+00,8.824418e-02,6.961537e+01,2.540295e-01,2.983978e-04,2.341015e+00,-1.996696e+00,-5.284808e-01,-1.636597e+00,1.111518e+00,-2.525674e-01,-2.121089e+00,-1.303250e+00,-3.022450e-01,-1.652340e+00,-3.924943e+00,-5.976520e-02,-1.375038e-02,5.540582e+01,1.707269e-01
3.437757e-03,-5.600279e+00,-4.030217e-01,-1.684543e+01,-9.512646e+00,-2.696769e+00,-1.989355e+00,-6.642828e+00,-1.659626e+00,5.186837e+00,3.935255e-01,-1.304308e+01,-4.535472e+00,6.104564e-02,1.389463e+02,5.242991e-01,3.475908e-04,2.414957e+00,-3.675374e+00,-5.350920e-01,-1.715280e+00,1.437758e+00,5.939027e-01,-1.161902e+00,-3.303017e-01,2.538543e-01,-6.646930e-01,-3.989735e+00,6.065434e-01,-1.701420e-02,5.495299e+01,2.183388e-01
3.733366e-03,-2.899308e+00,-5.934683e+00,-1.753261e+01,-1.251713e+01,-1.364201e+00,-1.878752e+00,-7.691932e+00,-5.155798e-01,7.331769e+00,1.719586e+00,-1.764776e+01,-2.993323e+00,4.200665e-02,2.075560e+02,7.983802e-01,5.268223e-04,1.434281e+00,-3.571453e+00,-5.182545e-01,-8.389209e-01,2.220573e+00,1.696899e+00,-1.043971e-01,9.246141e-01,2.481005e-01,-3.981330e-01,-2.761643e+00,5.663550e-01,-1.299486e-02,3.352960e+01,1.439254e-01
4.736704e-03,-3.032033e+00,-8.948605e+00,-1.807512e+01,-1.222970e+01,1.240838e+00,1.130965e+00,-6.381758e+00,1.445213e+00,7.299763e+00,8.647272e-01,-1.795734e+01,-3.070203e+00,3.505591e-02,2.057947e+02,8.195186e-01,5.747058e-04,2.609638e-01,-2.528289e+00,-6.069202e-01,3.020230e-01,2.741851e+00,2.150042e+00,1.649084e-01,1.173275e+00,2.222118e-01,-6.134732e-01,-1.044646e+00,2.682756e-01,-5.530373e-03,1.227359e+01,6.348024e-02
5.323025e-03,-3.503509e+00,-1.020433e+01,-1.862551e+01,-1.067333e+01,4.922836e+00,4.248513e+00,-6.006413e+00,2.728046e+00,7.140593e+00,-3.237690e-02,-1.847199e+01,-3.421815e+00,3.626473e-02,2.038392e+02,8.260468e-01,3.832523e-04,-4.394501e-01,-1.284469e+00,-5.077330e-01,1.007709e+00,2.629196e+00,2.337656e+00,-1.973862e-01,6.978797e-01,-6.057953e-01,-1.263806e+00,-2.550549e-01,7.426615e-02,-1.027502e-03,-1.697304e+00,6.635845e-03
5.516456e-03,-3.993360e+00,-1.090965e+01,-1.933358e+01,-8.924431e+00,7.868965e+00,5.697220e+00,-6.661047e+00,2.584935e+00,6.393484e+00,-1.797859e+00,-1.785419e+01,-2.979848e+00,3.626473e-02,2.021726e+02,8.278670e-01,-4.748050e-05,-3.991095e-01,-5.242511e-01,-3.002415e-02,7.175158e-01,1.722047e+00,1.989301e+00,-1.159648e+00,2.602985e-01,-3.726651e-01,-1.577617e+00,-1.901884e-01,1.552006e-01,2.417646e-04,-1.569881e+00,4.408359e-05
5.259751e-03,-4.615895e+00,-1.137651e+01,-1.944204e+01,-9.131224e+00,8.467715e+00,7.526400e+00,-8.539219e+00,2.403958e+00,4.755932e+00,-3.268150e+00,-1.897460e+01,-2.667170e+00,3.626473e-02,2.008805e+02,8.273852e-01,-4.963769e-04,-1.883961e-01,5.272204e-01,8.410431e-01,5.001394e-01,2.247718e-01,1.377207e+00,-1.421151e+00,-2.231069e-01,-2.787151e-02,-1.438413e+00,-2.545218e-01,-1.572534e-01,4.835300e-04,-1.512462e+00,-9.003746e-03
4.530939e-03,-4.471387e+00,-1.098377e+01,-1.781697e+01,-9.413180e+00,8.078631e+00,9.438527e+00,-1.091360e+01,2.908749e+00,6.628767e+00,-5.405473e+00,-1.865697e+01,-2.671522e+00,3.626473e-02,1.994246e+02,8.190698e-01,-8.414696e-04,4.447065e-02,1.839439e+00,1.809475e+00,6.450239e-01,-1.136533e+00,-1.457874e-01,-7.993881e-01,-7.442073e-01,-3.502555e-02,-5.356789e-01,-1.468433e-01,-9.792808e-01,9.670596e-04,-1.089505e+00,-1.784155e-02
3.333899e-03,-4.206475e+00,-7.531166e+00,-1.517860e+01,-7.928261e+00,5.941862e+00,9.263893e+00,-1.098589e+01,1.450604e+00,6.883593e+00,-5.420637e+00,-1.934321e+01,-4.362245e+00,3.868238e-02,1.976509e+02,7.854266e-01,-9.620593e-04,1.052126e-01,3.051504e+00,2.417000e+00,1.163041e+00,-2.108839e+00,-2.162916e+00,2.755854e-01,-1.702962e+00,-7.474158e-01,8.558295e-01,4.710686e-01,-1.739459e+00,7.252946e-04,-3.510742e-01,-2.405351e-02
2.272034e-03,-3.975716e+00,-3.635121e+00,-1.241793e+01,-6.300793e+00,3.449225e+00,4.099537e+00,-9.434651e+00,-6.594245e-01,5.154525e+00,-3.400010e+00,-1.840410e+01,-7.028715e+00,3.989121e-02,1.983399e+02,7.596385e-01,-7.961910e-04,-9.524260e-02,3.328933e+00,2.304000e+00,1.169726e+00,-2.313279e+00,-3.608352e+00,8.825645e-01,-2.480288e+00,-1.886362e+00,2.196014e+00,1.134412e+00,-1.869960e+00,-1.027501e-03,7.039459e-01,-2.229748e-02
1.578907e-03,-4.337667e+00,2.066880e-01,-1.005657e+01,-4.872211e+00,2.382258e-01,-6.186857e-01,-7.900765e+00,-4.326766e+00,1.755974e+00,8.265655e-03,-1.674570e+01,-9.185870e+00,3.807797e-02,1.996675e+02,7.368333e-01,-4.856832e-04,-3.217570e-01,2.689573e+00,1.922656e+00,7.642135e-01,-1.955040e+00,-3.509928e+00,6.161616e-01,-2.220032e+00,-1.412017e+00,2.176520e+00,1.861562e+00,-9.240505e-01,-3.384708e-03,1.155623e+00,-1.660705e-02
1.427480e-03,-4.882004e+00,1.791965e+00,-8.857991e+00,-5.092573e+00,-6.359449e-01,-3.661945e+00,-8.043337e+00,-6.604006e+00,-2.392345e-01,2.860144e+00,-1.428367e+01,-9.609509e+00,3.142944e-02,2.019360e+02,7.318791e-01,-2.204958e-04,-4.272479e-01,1.931730e+00,1.441706e+00,2.246328e-01,-1.843161e+00,-2.382456e+00,2.860135e-01,-9.484848e-01,-3.277588e-01,1.013054e+00,1.835011e+00,3.020787e-01,-3.747356e-03,7.714691e-01,-1.256543e-02
1.327760e-03,-5.362116e+00,3.203157e+00,-7.345287e+00,-4.711303e+00,-1.790753e+00,-4.405007e+00,-8.600739e+00,-6.677268e+00,2.520387e+00,2.331884e+00,-1.209562e+01,-7.692101e+00,2.598973e-02,2.016309e+02,7.162711e-01,-7.226359e-05,-2.929486e-01,1.254725e+00,9.620575e-01,-2.646045e-01,-2.046297e+00,-1.401736e+00,2.938406e-01,8.595123e-01,8.701445e-01,-4.428053e-01,1.314478e+00,9.934756e-01,-1.752795e-03,3.703003e-02,-7.803923e-03
1.295128e-03,-5.599731e+00,4.525293e+00,-6.565037e+00,-5.258083e+00,-4.752092e+00,-5.919580e+00,-7.654596e+00,-4.226598e+00,3.133525e+00,5.034492e-01,-1.155409e+01,-6.265206e+00,2.719855e-02,2.012155e+02,7.070925e-01,-2.983408e-05,-7.415543e-02,9.599730e-01,4.270157e-01,-8.203892e-01,-2.165391e+00,-6.406859e-01,6.886521e-01,1.600965e+00,8.012372e-01,-8.527955e-01,3.220771e-01,5.609379e-01,1.269266e-03,-5.905701e-01,-3.266030e-03
1.283764e-03,-5.443547e+00,5.113647e+00,-6.392756e+00,-6.112479e+00,-7.935184e+00,-6.498549e+00,-6.625932e+00,-1.217909e+00,4.420317e+00,-1.027413e+00,-1.153810e+01,-5.890644e+00,3.142944e-02,2.002129e+02,7.102070e-01,-9.902741e-06,9.914384e-02,5.649608e-01,-2.003488e-01,-1.133539e+00,-1.396626e+00,-3.128951e-01,7.671028e-01,9.663025e-01,-1.387343e-01,-4.078934e-01,-4.541946e-01,-3.897882e-02,2.478090e-03,-6.897675e-01,1.705241e-03
1.300308e-03,-5.212066e+00,5.636585e+00,-7.199178e+00,-8.493931e+00,-8.390687e+00,-5.818603e+00,-5.587480e+00,-1.328859e+00,2.816986e+00,2.758157e-01,-1.295205e+01,-7.705547e+00,3.505591e-02,1.996922e+02,7.185810e-01,2.587470e-06,1.435322e-01,-2.118915e-01,-6.876231e-01,-6.099483e-01,6.012201e-03,-2.603273e-01,2.842686e-01,4.168882e-02,-5.097855e-01,6.483031e-03,-7.436559e-01,-4.522701e-01,7.857360e-04,-4.739639e-01,2.983660e-03
1.275657e-03,-5.060230e+00,5.472315e+00,-8.029961e+00,-8.761076e+00,-6.954587e+00,-6.019971e+00,-5.798784e+00,-3.294624e+00,1.984985e+00,4.062341e-01,-1.366761e+01,-7.166824e+00,3.445150e-02,1.989437e+02,7.190531e-01,2.578010e-05,1.026452e-01,-1.129253e+00,-1.096089e+00,1.691410e-01,9.759378e-01,4.895334e-02,1.893353e-02,-4.419440e-01,-3.812594e-01,1.516379e-02,-6.760171e-01,-3.361475e-01,-6.648535e-04,-2.106186e-01,2.922744e-03
1.312120e-03,-5.073729e+00,3.286502e+00,-9.184550e+00,-6.983526e+00,-5.212330e+00,-7.460506e+00,-6.646828e+00,-2.979796e+00,1.802264e+00,-1.809595e-01,-1.420761e+01,-7.888466e+00,2.961620e-02,1.994803e+02,7.175878e-01,6.000135e-05,6.259785e-02,-1.719649e+00,-1.469239e+00,5.692822e-01,1.325022e+00,1.046076e+00,-4.282043e-01,-1.727858e-01,4.889648e-01,-1.730808e-01,-2.565077e-01,-2.600161e-01,-1.208825e-04,-1.645203e-02,5.265606e-03
1.406759e-03,-4.999489e+00,6.424223e-01,-1.088051e+01,-6.021976e+00,-4.644674e+00,-5.432831e+00,-6.001591e+00,-2.602161e+00,3.021382e+00,-7.232069e-01,-1.429040e+01,-7.479922e+00,3.082502e-02,1.992658e+02,7.253173e-01,8.304221e-05,1.090977e-01,-1.518548e+00,-1.667952e+00,-5.421763e-02,1.316727e+00,2.664660e+00,-3.736173e-01,1.406608e-01,8.045403e-01,1.539464e-01,2.609978e-02,-3.951018e-01,2.357208e-03,1.269226e-02,1.044017e-02
1.534763e-03,-4.929447e+00,-5.467131e-01,-1.312010e+01,-7.017069e+00,-2.920535e+00,-8.817946e-01,-7.627098e+00,-2.539020e+00,4.743612e+00,-2.486801e-02,-1.392319e+01,-8.849079e+00,3.626473e-02,1.994489e+02,7.417769e-01,7.354693e-05,1.533394e-01,-6.774777e-01,-1.407335e+00,-8.440471e-01,1.446946e+00,3.092852e+00,-2.644272e-01,3.183589e-01,4.597455e-01,4.022668e-01,2.983130e-01,-2.630664e-01,3.263826e-03,6.430054e-03,1.247209e-02
1.579546e-03,-4.586882e+00,-2.038177e-01,-1.440195e+01,-9.015392e+00,-1.516849e+00,4.013973e+00,-7.176735e+00,-2.811708e+00,4.537012e+00,1.097921e+00,-1.367932e+01,-8.662026e+00,4.291327e-02,1.990229e+02,7.591594e-01,4.286041e-05,1.067866e-01,-1.377160e-01,-6.233764e-01,-6.834822e-01,1.425262e+00,1.467139e+00,3.154815e-01,1.017317e+00,-5.079427e-01,3.321489e-01,3.350581e-01,-1.048170e-01,8.461770e-04,2.860931e-01,8.615201e-03
1.593461e-03,-4.513336e+00,3.222331e-01,-1.446051e+01,-9.707053e+00,4.584867e-01,3.280350e+00,-7.381392e+00,-1.283228e+00,3.343176e+00,9.198110e-01,-1.302158e+01,-8.612746e+00,3.989121e-02,1.996339e+02,7.630272e-01,2.188650e-05,-1.578345e-01,-5.226666e-02,5.383118e-01,2.362923e-01,7.599798e-01,-1.126082e+00,1.619820e+00,2.029602e+00,-1.608175e+00,-2.460299e-02,1.719522e-01,6.200265e-01,-2.175884e-03,6.492111e-01,5.887806e-04
1.591712e-03,-4.673612e+00,-4.806307e-01,-1.332719e+01,-8.094396e+00,7.921236e-01,-1.782075e-01,-4.547037e+00,1.856529e+00,1.181886e+00,4.651980e-01,-1.306591e+01,-8.122173e+00,3.324267e-02,2.006038e+02,7.577682e-01,3.142556e-05,-5.283325e-01,-3.462454e-01,1.763115e+00,1.317171e+00,-6.542853e-01,-2.785848e+00,2.477622e+00,2.343919e+00,-2.718301e+00,-2.071997e-02,3.715078e-01,7.903758e-01,-2.115443e-03,1.121507e+00,-6.745994e-03
1.638113e-03,-5.675255e+00,-6.696399e-01,-1.096592e+01,-6.296106e+00,-2.751223e-01,-4.416112e+00,-8.428472e-01,5.274870e+00,-1.619700e+00,1.684783e-01,-1.337014e+01,-6.018873e+00,3.022061e-02,2.019045e+02,7.454164e-01,5.599301e-05,-7.909752e-01,-3.533638e-01,2.963185e+00,1.335806e+00,-2.407856e+00,-2.246230e+00,2.824836e+00,1.423051e+00,-3.143542e+00,6.295974e-01,5.156406e-01,6.348405e-01,2.326987e-03,1.370281e+00,-9.852445e-03
1.714348e-03,-6.647585e+00,-1.439108e+00,-7.333672e+00,-4.135010e+00,-4.421470e+00,-6.067033e+00,1.942101e+00,5.628836e+00,-6.573055e+00,1.369987e+00,-1.164751e+01,-6.007084e+00,3.717135e-02,2.034951e+02,7.342348e-01,9.397305e-05,-8.229071e-01,1.013617e-01,3.685380e+00,4.454937e-02,-3.372143e+00,-6.213580e-01,1.693659e+00,-4.352417e-01,-2.679235e+00,1.094202e+00,7.264839e-01,-1.544901e-01,8.582653e-03,1.491022e+00,-9.900004e-03
1.812108e-03,-7.481225e+00,-9.653475e-01,-2.641342e+00,-5.007717e+00,-8.973994e+00,-5.006385e+00,3.498221e+00,3.945872e+00,-8.497062e+00,3.615403e+00,-1.115258e+01,-6.496089e+00,4.956180e-02,2.050396e+02,7.255316e-01,9.668730e-05,-6.122646e-01,7.340556e-01,3.621070e+00,-1.561702e+00,-3.002259e+00,7.537810e-01,-2.761766e-01,-2.047662e+00,-1.414063e+00,7.172467e-01,3.012970e-01,-5.894988e-01,1.127229e-02,1.541560e+00,-7.601279e-03
1.974580e-03,-7.885162e+00,1.740316e-01,9.374253e-01,-8.515843e+00,-1.171915e+01,-2.989861e+00,1.750722e+00,3.448199e-01,-8.775609e+00,4.212745e+00,-1.054227e+01,-8.656016e+00,6.648535e-02,2.064913e+02,7.182105e-01,8.057126e-05,-3.467876e-01,1.158046e+00,2.861305e+00,-2.603709e+00,-1.435511e+00,6.039885e-01,-2.201048e+00,-2.919371e+00,-6.108769e-01,-2.790633e-01,-7.003651e-02,-3.595584e-01,7.132063e-03,1.742238e+00,-4.554719e-03
1.991433e-03,-8.117789e+00,2.194068e+00,3.003884e+00,-1.191420e+01,-1.163758e+01,-2.185793e+00,-2.128041e+00,-2.321433e+00,-7.588737e+00,2.333332e+00,-1.241627e+01,-7.641901e+00,7.192505e-02,2.081142e+02,7.154222e-01,6.154417e-05,-5.135875e-02,9.961855e-01,1.748847e+00,-2.024898e+00,-2.050848e-01,-5.938569e-01,-3.279214e+00,-3.112219e+00,-8.062136e-01,-7.052915e-01,2.178571e-01,3.275461e-01,-2.236325e-03,2.153761e+00,1.506925e-04
2.027542e-03,-8.063241e+00,2.771412e+00,4.150239e+00,-1.370031e+01,-1.026724e+01,-4.457386e+00,-6.250008e+00,-5.834364e+00,-1.008160e+01,6.157060e-01,-1.136585e+01,-7.231970e+00,6.165004e-02,2.106690e+02,7.165160e-01,1.096320e-04,1.964295e-01,4.238290e-01,6.367402e-01,-4.533690e-01,-1.524198e-01,-2.082376e+00,-2.758086e+00,-2.559826e+00,-1.040663e+00,2.899998e-01,1.062091e+00,1.236696e+00,-1.133273e-02,2.503133e+00,5.882436e-03
2.093348e-03,-7.648980e+00,2.716890e+00,4.496485e+00,-1.253997e+01,-1.072538e+01,-7.241907e+00,-8.897483e+00,-8.525629e+00,-1.187513e+01,1.887465e+00,-9.651508e+00,-5.570381e+00,4.079783e-02,2.137196e+02,7.271324e-01,2.381485e-04,4.017604e-01,-3.978438e-01,-5.881747e-01,7.168663e-01,-9.797283e-01,-2.978602e+00,-1.155730e+00,-1.111650e+00,-6.202413e-01,1.744489e+00,1.889295e+00,1.827006e+00,-1.372015e-02,2.424979e+00,1.105167e-02
2.471782e-03,-7.137419e+00,2.031766e+00,3.374826e+00,-1.046980e+01,-1.293735e+01,-1.087368e+01,-8.654985e+00,-9.352213e+00,-1.183573e+01,5.885677e+00,-6.614195e+00,-3.508296e+00,2.538531e-02,2.162043e+02,7.417676e-01,3.416108e-04,4.643138e-01,-1.078619e+00,-1.650848e+00,1.016744e+00,-1.610389e+00,-2.874834e+00,5.569000e-01,1.295663e+00,7.569350e-01,2.116413e+00,1.322982e+00,2.586444e+00,-9.307948e-03,1.953973e+00,1.421462e-02
2.960055e-03,-6.571898e+00,5.746725e-01,4.507164e-01,-9.945122e+00,-1.520116e+01,-1.387066e+01,-6.704199e+00,-6.120759e+00,-9.812881e+00,8.420790e+00,-5.345623e+00,-3.687067e-01,2.145663e-02,2.174714e+02,7.580547e-01,3.597299e-04,4.278780e-01,-1.677733e+00,-2.389912e+00,5.726460e-01,-1.188669e+00,-2.137268e+00,1.843153e+00,3.460020e+00,1.712196e+00,7.422639e-01,-1.579628e-01,2.548415e+00,-2.296767e-03,1.509802e+00,1.466659e-02
3.302242e-03,-6.280213e+00,-1.550576e+00,-2.081117e+00,-9.914020e+00,-1.608129e+01,-1.551718e+01,-4.562150e+00,-5.584844e-01,-7.328052e+00,7.931110e+00,-6.903883e+00,3.099413e+00,2.478090e-02,2.185629e+02,7.721279e-01,3.163861e-04,3.492312e-01,-1.979188e+00,-2.691403e+00,1.944770e-01,8.110581e-02,-6.767127e-01,2.098636e+00,4.257507e+00,2.408710e+00,-1.046034e+00,-2.254552e+00,1.674467e+00,2.387428e-03,1.466292e+00,1.415620e-02
3.476768e-03,-5.938193e+00,-3.880605e+00,-4.725101e+00,-9.954631e+00,-1.509675e+01,-1.560649e+01,-1.728135e+00,4.377606e+00,-5.567993e+00,4.576069e+00,-1.029648e+01,3.867841e+00,2.961620e-02,2.200893e+02,7.852852e-01,3.452313e-04,3.144740e-01,-1.970736e+00,-2.817476e+00,-1.866902e-01,1.616718e+00,6.905800e-01,1.770692e+00,2.889806e+00,2.691689e+00,-1.326399e+00,-3.338769e+00,-3.609071e-01,3.445150e-03,1.757285e+00,1.262724e-02
3.795356e-03,-5.708116e+00,-5.636533e+00,-7.494282e+00,-9.492662e+00,-1.258403e+01,-1.338933e+01,-6.498361e-01,6.686141e+00,-1.914622e+00,2.577867e+00,-1.541153e+01,2.745768e+00,3.324267e-02,2.222268e+02,7.989333e-01,5.230008e-04,3.976170e-01,-1.722158e+00,-3.061503e+00,-8.993767e-01,3.060361e+00,2.037358e+00,9.902965e-01,4.094731e-01,2.787838e+00,8.975196e-02,-2.985234e+00,-2.176689e+00,2.719855e-03,2.087874e+00,1.130805e-02
4.439654e-03,-5.285576e+00,-7.236027e+00,-1.093008e+01,-1.108925e+01,-8.866204e+00,-1.148168e+01,1.931038e-01,4.705958e+00,9.388494e-01,4.465415e+00,-1.778565e+01,-1.996420e+00,3.445150e-02,2.244259e+02,8.077882e-01,7.566707e-04,4.961282e-01,-1.397781e+00,-3.194255e+00,-1.629731e+00,3.995553e+00,2.924342e+00,3.302018e-01,-1.879105e+00,2.249999e+00,2.000249e+00,-1.257300e+00,-2.905156e+00,1.843457e-03,2.284541e+00,1.001751e-02
5.435803e-03,-4.618436e+00,-8.483658e+00,-1.428614e+01,-1.384359e+01,-3.894759e+00,-7.392798e+00,-5.712861e-01,1.324705e+00,3.357719e+00,8.435197e+00,-1.808547e+01,-4.851902e+00,3.596253e-02,2.268340e+02,8.174167e-01,8.670379e-04,6.230573e-01,-9.712836e-01,-3.053777e+00,-2.026642e+00,4.224314e+00,3.493323e+00,1.504316e-01,-2.954534e+00,1.052066e+00,2.563231e+00,7.255360e-01,-2.446636e+00,9.670593e-04,2.456229e+00,9.253323e-03
6.439898e-03,-4.002392e+00,-9.445949e+00,-1.730045e+01,-1.592782e+01,5.363830e-01,-3.983050e+00,-1.164007e-01,-2.337202e+00,3.045833e+00,1.164865e+01,-1.524601e+01,-6.859106e+00,3.747356e-02,2.292084e+02,8.261310e-01,7.652041e-04,6.167814e-01,-4.806157e-01,-2.447807e+00,-1.800242e+00,3.486467e+00,3.759280e+00,7.898533e-02,-2.789921e+00,-6.875880e-02,1.518922e+00,1.325257e+00,-1.440406e+00,7.450581e-10,2.776770e+00,8.345348e-03
7.130424e-03,-3.234422e+00,-9.387990e+00,-1.957798e+01,-1.720658e+01,3.836248e+00,3.279713e-01,2.570742e-01,-4.564951e+00,2.292214e+00,1.180241e+01,-1.305367e+01,-7.056068e+00,3.656694e-02,2.321167e+02,8.360285e-01,4.804543e-04,5.420075e-01,-4.239779e-02,-1.618468e+00,-1.355277e+00,2.020220e+00,3.268949e+00,2.926828e-02,-2.171134e+00,-1.013392e+00,3.266325e-02,9.080209e-01,-1.195903e+00,-1.118161e-03,3.275644e+00,6.478423e-03
7.418364e-03,-2.893677e+00,-9.186939e+00,-2.052320e+01,-1.840896e+01,4.700628e+00,3.454334e+00,1.738503e-01,-6.298817e+00,1.127808e+00,1.037642e+01,-1.367526e+01,-8.096366e+00,3.414929e-02,2.356684e+02,8.402090e-01,1.726008e-04,3.874767e-01,1.106509e-01,-8.474207e-01,-1.034971e+00,4.963650e-01,2.494578e+00,-4.322948e-01,-1.425550e+00,-1.159842e+00,-7.428390e-01,-2.451477e-02,-1.282392e+00,-1.420368e-03,3.833296e+00,4.595375e-03
7.348841e-03,-2.462756e+00,-8.825151e+00,-2.076711e+01,-1.937941e+01,4.124220e+00,5.233255e+00,-5.700701e-01,-7.550157e+00,-7.502292e-01,9.234626e+00,-1.433074e+01,-1.021279e+01,3.203385e-02,2.399822e+02,8.427698e-01,-5.153367e-05,2.277602e-01,-1.478548e-02,-3.215706e-01,-6.825680e-01,-6.366063e-01,1.219332e+00,-7.546778e-01,-8.354292e-01,-9.154889e-01,-6.270294e-01,-3.329250e-01,-1.221427e+00,-8.159563e-04,4.163545e+00,2.596766e-03
7.193694e-03,-2.450841e+00,-9.174113e+00,-2.094299e+01,-2.001627e+01,2.874222e+00,6.037199e+00,-1.864303e+00,-7.972351e+00,-1.232155e+00,9.218343e+00,-1.473005e+01,-1.169271e+01,3.263826e-02,2.444422e+02,8.457373e-01,-1.928937e-04,1.468835e-01,-9.137268e-02,-3.428745e-02,-2.174339e-02,-1.074940e+00,2.733607e-01,-8.039425e-01,-2.016820e-01,-5.360654e-02,-3.636730e-01,-2.726877e-01,-3.117784e-01,6.044023e-05,4.192275e+00,1.560450e-03
6.985091e-03,-2.317039e+00,-9.468330e+00,-2.097594e+01,-1.981577e+01,1.566420e+00,5.133201e+00,-2.497238e+00,-7.905331e+00,-1.105250e+00,9.246299e+00,-1.419090e+01,-1.136504e+01,3.324267e-02,2.485475e+02,8.462482e-01,-2.702297e-04,1.158042e-01,-8.653088e-02,2.585346e-01,5.906876e-01,-1.277956e+00,-3.256337e-01,-4.680551e-01,4.385200e-01,8.907261e-01,-4.796687e-01,-3.181983e-01,1.157248e+00,4.230879e-04,3.921361e+00,4.333854e-04
6.635771e-03,-2.232118e+00,-9.322213e+00,-2.059022e+01,-1.829950e+01,6.048295e-01,4.871165e+00,-2.882278e+00,-7.129641e+00,1.037285e+00,8.552220e+00,-1.510862e+01,-9.079133e+00,3.384708e-02,2.523471e+02,8.462721e-01,-3.572068e-04,1.761581e-01,1.657297e-01,5.015909e-01,1.100281e+00,-1.584282e+00,-5.118652e-01,-2.700986e-01,1.036805e+00,1.486361e+00,-9.225788e-01,-3.693504e-01,2.022681e+00,2.115440e-04,3.613072e+00,-6.213009e-04
6.276654e-03,-1.993097e+00,-9.183756e+00,-1.965082e+01,-1.728435e+01,-1.130864e+00,4.188104e+00,-2.401358e+00,-5.778912e+00,2.568681e+00,7.169343e+00,-1.573244e+01,-5.733331e+00,3.354488e-02,2.556366e+02,8.446693e-01,-4.294979e-04,1.076863e-01,4.127430e-01,5.223362e-01,1.149463e+00,-1.855239e+00,-4.751394e-01,-1.355565e-01,1.338924e+00,1.435963e+00,-1.290696e+00,-5.268779e-01,2.019697e+00,3.022104e-05,3.481464e+00,-1.354647e-03
5.761878e-03,-1.732021e+00,-8.487752e+00,-1.909759e+01,-1.578057e+01,-3.698549e+00,3.950422e+00,-3.262736e+00,-3.851535e+00,4.362682e+00,5.643927e+00,-1.580603e+01,-4.395154e+00,3.354488e-02,2.589630e+02,8.434202e-01,-4.813402e-04,-5.930611e-02,6.141572e-01,2.600334e-01,9.972447e-01,-2.033779e+00,-4.995700e-01,-2.980345e-01,6.348042e-01,6.711996e-01,-1.192632e+00,-5.055480e-01,1.351272e+00,6.044134e-05,3.514525e+00,-2.099478e-03
5.274548e-03,-2.028656e+00,-7.821846e+00,-1.911057e+01,-1.532792e+01,-5.558085e+00,3.217876e+00,-2.984792e+00,-2.849763e+00,4.411866e+00,4.246967e+00,-1.647658e+01,-3.608541e+00,3.354488e-02,2.626469e+02,8.409009e-01,-5.410479e-04,-2.025037e-01,7.585301e-01,-1.275692e-02,9.896207e-01,-1.845157e+00,-6.527383e-01,-2.332154e-01,-6.667057e-01,-2.398145e-01,-7.421349e-01,-5.322281e-01,4.830143e-01,5.439703e-04,3.693942e+00,-3.595501e-03
4.730123e-03,-2.510869e+00,-6.932382e+00,-1.956017e+01,-1.429149e+01,-7.350455e+00,2.858429e+00,-4.080734e+00,-5.420194e+00,3.471691e+00,4.050246e+00,-1.726429e+01,-3.385169e+00,3.414929e-02,2.664146e+02,8.376589e-01,-6.535078e-04,-3.600257e-01,9.425081e-01,4.171526e-01,1.045773e+00,-1.360042e+00,-7.096492e-01,1.493253e-01,-1.488641e+00,-1.029386e+00,-4.344010e-02,-4.484177e-03,-3.162938e-01,2.357207e-03,-1.472554e+01,-1.488929e-02
4.087292e-03,-2.616192e+00,-6.168790e+00,-1.948331e+01,-1.308079e+01,-8.530694e+00,1.470409e+00,-3.158436e+00,-8.328111e+00,1.815105e+00,4.255509e+00,-1.766445e+01,-3.823252e+00,3.596253e-02,2.703805e+02,8.295725e-01,-7.560417e-04,-9.623528e-01,1.198238e+00,1.534567e+00,8.211423e-01,-6.776735e-01,-4.466289e-01,4.576959e-01,-1.206052e+00,-7.744912e-01,3.057618e-02,1.305563e+00,-4.746789e-01,6.497431e-03,-4.274323e+01,-3.470546e-02
3.087967e-03,-3.238382e+00,-4.601739e+00,-1.682546e+01,-1.167527e+01,-9.012456e+00,1.275909e+00,-2.429288e+00,-8.555568e+00,5.141323e-01,5.422455e+00,-1.523452e+01,-5.869268e+00,4.412209e-02,1.814685e+02,7.746379e-01,-7.666361e-04,-1.558609e+00,1.196511e+00,2.771566e+00,5.758862e-01,3.685029e-01,3.340204e-01,3.190441e-01,-2.321749e-02,-1.073316e-01,-8.539669e-01,2.498845e+00,-5.267050e-02,9.519493e-03,-7.118058e+01,-5.400604e-02
2.315417e-03,-6.476663e+00,-2.995977e+00,-1.280509e+01,-1.253032e+01,-8.115452e+00,1.775991e+00,-1.522036e+00,-7.312336e+00,2.018190e+00,3.713743e+00,-1.096365e+01,-4.739887e+00,6.104564e-02,9.140377e+01,6.988841e-01,-5.973805e-04,-1.914389e+00,1.046269e+00,3.387346e+00,2.985310e-01,1.297178e+00,1.263597e+00,-7.925314e-01,4.132093e-01,7.046580e-01,-2.092310e+00,2.623889e+00,7.536707e-01,9.096405e-03,-7.222295e+01,-5.626018e-02
1.782880e-03,-8.373679e+00,-2.536233e+00,-9.041453e+00,-1.168729e+01,-5.715561e+00,4.375740e+00,-3.303714e+00,-6.044169e+00,2.833491e+00,5.129464e-02,-8.120465e+00,-3.190205e+00,6.920520e-02,0,6.329729e-01,-3.435315e-04,-1.424449e+00,6.026047e-01,2.965462e+00,6.257581e-01,1.653372e+00,8.186840e-01,-2.245371e+00,9.014770e-01,6.793648e-01,-3.250319e+00,1.017533e+00,8.694229e-01,2.598973e-03,-4.543408e+01,-3.409793e-02
1.752933e-03,-9.620486e+00,-1.970200e+00,-6.438587e+00,-1.158213e+01,-3.693250e+00,6.238481e+00,-6.683880e+00,-7.517764e+00,4.178715e+00,-3.520459e+00,-8.102033e+00,-1.394431e+00,6.890299e-02,0,6.191041e-01,-1.771196e-04,-4.526588e-01,4.289683e-01,1.890826e+00,1.340378e+00,1.189007e+00,-1.012969e+00,-3.050600e+00,1.292534e+00,-4.349630e-02,-2.863915e+00,-5.183040e-01,6.292896e-02,-4.381990e-03,-1.828075e+01,-8.529115e-03
1.651552e-03,-8.788715e+00,-2.101604e+00,-5.181398e+00,-9.020580e+00,-2.956699e+00,3.138084e+00,-1.107522e+01,-3.945469e+00,2.830693e+00,-7.212036e+00,-1.157766e+01,-3.194881e+00,5.318828e-02,0,6.440383e-01,-1.167241e-04,1.101742e-02,3.941044e-01,4.570746e-01,1.645397e+00,4.736356e-01,-2.832593e+00,-2.377610e+00,2.177554e+00,-1.633340e-01,-8.255761e-01,-8.347195e-01,-4.012945e-01,-6.285888e-03,0,-6.114721e-04
1.495483e-03,-8.532439e+00,-1.068451e+00,-5.280986e+00,-7.161788e+00,-3.549850e+00,-2.670028e+00,-1.288928e+01,-1.899014e+00,1.802107e+00,-6.974164e+00,-1.182657e+01,-4.422904e+00,4.714415e-02,0,6.507058e-01,-1.528032e-04,1.795416e-01,4.751101e-01,-8.916451e-01,1.258882e+00,-2.282363e-01,-2.698651e+00,-1.470592e-01,2.371239e+00,1.388870e-01,1.860868e+00,3.864107e-02,-3.333776e-01,-1.420369e-03,0,-7.935071e-03
1.327984e-03,-8.862616e+00,-1.016586e+00,-7.334881e+00,-5.670477e+00,-3.419083e+00,-5.332973e+00,-1.208906e+01,2.034225e+00,3.205125e+00,-2.349734e+00,-1.043179e+01,-3.682441e+00,4.865518e-02,0,6.141147e-01,-1.464369e-04,-2.251595e-01,5.757970e-01,-1.573202e+00,8.901139e-02,-2.624733e-01,-6.413500e-01,2.208061e+00,1.790739e+00,1.171499e+00,3.694467e+00,1.092065e+00,8.129930e-01,5.923239e-03,0,-2.313737e-02
1.150701e-03,-8.685828e+00,-1.371588e-01,-9.820071e+00,-6.962765e+00,-4.603239e+00,-3.019245e+00,-6.912256e+00,1.348587e+00,4.685935e+00,3.352732e+00,-8.481763e+00,-2.817539e+00,6.406769e-02,0,5.943906e-01,-1.093222e-04,-4.341410e-01,5.128974e-01,-1.527501e+00,-9.806738e-01,-2.540053e-01,1.293984e+00,3.565565e+00,1.192279e+00,1.094269e+00,2.816744e+00,1.271120e+00,1.562240e+00,9.338169e-03,0,-2.488442e-02
1.091758e-03,-9.837818e+00,3.117354e-01,-1.077787e+01,-8.675035e+00,-3.742371e+00,1.059429e-01,-3.023429e+00,3.384425e+00,7.246275e+00,6.096849e+00,-7.789743e+00,6.740141e-02,7.434270e-02,0,5.565090e-01,-6.070978e-05,-5.494541e-01,4.217263e-01,-8.858382e-01,-9.424206e-01,-3.604545e-02,1.938978e+00,3.579659e+00,7.320638e-01,3.608544e-01,3.406646e-01,7.715589e-01,9.459980e-01,8.703535e-03,0,-2.324214e-02
1.066985e-03,-1.021554e+01,8.318761e-01,-1.119700e+01,-1.056288e+01,-4.658233e+00,1.080436e+00,4.057287e-01,3.387280e+00,5.252877e+00,2.886266e+00,-6.791996e+00,1.513378e+00,8.099124e-02,0,5.550866e-01,-2.518010e-05,-6.591169e-01,2.339685e-01,-3.194427e-01,-4.420330e-01,2.546457e-01,1.470663e+00,2.759517e+00,8.928684e-01,-8.018268e-01,-1.907976e+00,4.159122e-01,2.795906e-02,6.376550e-03,0,-5.425077e-02
1.066293e-03,-1.084503e+01,6.075282e-01,-1.107561e+01,-8.582523e+00,-3.571814e+00,2.312077e+00,2.150241e+00,4.675197e+00,4.725925e+00,-4.131775e-01,-7.418881e+00,-1.117909e+00,8.371109e-02,0,5.175560e-01,-1.614444e-05,-5.652872e-01,2.154900e-01,-8.371325e-02,1.722548e-01,4.153565e-01,7.555233e-01,1.640650e+00,3.931103e-01,-1.359279e+00,-2.182250e+00,8.485117e-02,-1.080084e+00,2.719855e-03,0,-9.851850e-02
1.037533e-03,-1.147781e+01,8.847873e-01,-1.126841e+01,-9.219186e+00,-3.415289e+00,3.231004e+00,4.298495e+00,5.167543e+00,1.936975e+00,-2.932137e+00,-6.587633e+00,-2.085089e+00,9.126624e-02,0,3.426132e-01,-1.316436e-05,-5.095442e-01,2.936042e-01,8.272667e-02,4.443740e-01,7.805883e-01,3.258908e-01,4.112613e-01,-1.846972e-02,-9.376596e-01,-5.453023e-01,2.833703e-01,-7.114673e-01,-4.261106e-03,0,-1.457576e-01
1.025762e-03,-1.203312e+01,1.362730e+00,-1.116073e+01,-8.485606e+00,-2.287060e+00,2.808275e+00,3.233438e+00,4.459845e+00,2.107830e+00,-1.905199e+00,-7.467669e+00,-3.533785e+00,8.280447e-02,0,1.701532e-01,-7.460534e-06,-3.928059e-01,4.139344e-01,3.920121e-01,6.761325e-01,7.879937e-01,1.714505e-01,-3.699216e-01,-6.337081e-01,-8.004460e-02,1.170523e+00,6.082296e-01,3.008094e-02,-1.266243e-02,0,-1.377725e-01
1.021429e-03,-1.216922e+01,1.922296e+00,-1.074081e+01,-8.389466e+00,-1.397668e+00,2.461791e+00,1.920437e+00,3.402608e+00,1.873627e+00,9.057650e-01,-5.350750e+00,-8.360209e-01,6.013902e-02,0,0,6.779702e-06,-2.358404e-01,3.011069e-01,4.854437e-01,1.207650e+00,5.832035e-01,3.523943e-01,-2.533713e-01,-8.065562e-01,6.719606e-01,1.640153e+00,5.725895e-01,5.944586e-01,-1.622847e-02,0,-8.553796e-02
1.037043e-03,-1.246335e+01,2.158446e+00,-9.379352e+00,-5.616721e+00,-6.406556e-01,3.553936e+00,1.489662e+00,2.389124e+00,4.357377e+00,3.520486e+00,-4.996174e+00,-1.592038e+00,3.596253e-02,0,0,1.196641e-05,-1.922548e-01,-8.353034e-02,8.127642e-02,1.013034e+00,5.819545e-02,6.429535e-01,9.299387e-01,-2.431059e-01,8.373647e-01,1.392054e+00,7.592801e-01,1.220146e+00,-1.118163e-02,0,-3.403064e-02
1.065791e-03,-1.244189e+01,1.992464e+00,-9.731883e+00,-4.615378e+00,-1.322474e+00,4.620146e+00,3.903526e+00,2.170122e+00,4.172005e+00,2.555784e+00,-4.960433e+00,-8.366895e-02,3.354488e-02,0,0,1.774991e-05,-1.831163e-01,-6.598763e-01,-7.754135e-01,6.836730e-01,-5.172517e-02,-4.847553e-02,1.104039e+00,5.304705e-01,1.200540e+00,1.058668e+00,4.355820e-01,1.490094e+00,-3.445149e-03,0,0
1.063413e-03,-1.285806e+01,9.099944e-01,-1.125881e+01,-5.307478e+00,-2.033680e+00,4.943865e+00,6.891586e+00,3.860558e+00,5.145464e+00,4.230062e+00,-3.866427e+00,2.190770e+00,4.019341e-02,0,0,5.467299e-05,-1.326462e-01,-1.598467e+00,-1.767125e+00,6.683679e-02,3.776236e-01,-1.741095e+00,-5.603824e-02,1.044559e+00,1.597735e+00,1.013328e+00,3.895325e-01,1.763758e+00,2.961621e-03,0,3.892987e-02
1.096993e-03,-1.288745e+01,-7.528598e-01,-1.367815e+01,-5.125723e+00,-9.597822e-01,1.524448e+00,4.739669e+00,5.319243e+00,7.482284e+00,5.844316e+00,-3.737715e+00,4.723046e+00,4.079783e-02,0,0,1.093739e-04,1.297447e-01,-2.317738e+00,-2.106856e+00,5.011457e-01,1.585706e+00,-3.183979e+00,-2.157654e+00,6.211525e-01,1.797768e+00,5.123583e-01,-1.634753e-01,1.115932e+00,6.920519e-03,0,9.765374e-02
1.294806e-03,-1.290381e+01,-4.461226e+00,-1.624184e+01,-5.027364e+00,1.066117e+00,-3.603689e+00,7.913990e-01,6.037359e+00,1.069091e+01,6.942857e+00,-3.659871e+00,4.823393e+00,4.714416e-02,0,1.946493e-01,1.434867e-04,3.656828e-01,-2.257386e+00,-1.748870e+00,9.506561e-01,1.892743e+00,-3.174421e+00,-2.701630e+00,7.107663e-02,9.167986e-01,-7.716315e-01,-6.671224e-01,3.748327e-01,1.362949e-02,0,1.559611e-01
1.496964e-03,-1.177030e+01,-6.910614e+00,-1.777464e+01,-2.249707e+00,5.056156e+00,-7.025973e+00,-3.834648e+00,4.187484e+00,1.038812e+01,3.761178e+00,-5.881087e+00,4.179677e+00,6.467211e-02,0,3.909440e-01,9.142286e-05,1.813436e-01,-1.071072e+00,-4.114372e-01,1.092372e+00,1.116555e+00,-1.792283e+00,-1.418633e+00,-7.101741e-02,-4.276567e-01,-1.691361e+00,-5.142798e-01,2.012812e-01,2.269568e-02,0,1.169052e-01
1.580862e-03,-1.158822e+01,-7.298058e+00,-1.795491e+01,-1.992206e+00,4.422064e+00,-6.653028e+00,-2.329407e+00,4.781821e+00,8.276538e+00,1.413474e+00,-6.130352e+00,4.336618e+00,9.640375e-02,0,5.843334e-01,-1.386029e-05,-1.655157e-01,8.085957e-01,1.244877e+00,7.690967e-01,-6.262836e-01,-5.432100e-01,3.558818e-01,4.663839e-02,-1.718631e+00,-1.681157e+00,-1.831178e-01,1.470102e-01,2.801451e-02,0,-3.779948e-04
1.411080e-03,-1.263852e+01,-4.689806e+00,-1.487880e+01,-1.181443e+00,2.945021e+00,-5.912298e+00,-7.930906e-01,5.591925e+00,6.551187e+00,1.522029e-01,-5.073873e+00,5.972840e+00,1.296464e-01,0,3.896841e-01,-8.841889e-05,-4.341169e-01,1.865169e+00,2.353698e+00,-6.334524e-02,-2.212882e+00,-1.142960e-01,1.286751e+00,-1.398103e-01,-2.265174e+00,-8.739824e-01,3.804576e-01,-7.466993e-02,2.469024e-02,0,-1.172832e-01
1.268447e-03,-1.329727e+01,-1.528652e+00,-1.146538e+01,-1.716013e+00,-1.009734e+00,-6.876577e+00,1.050029e+00,5.568331e+00,4.016226e+00,3.415589e-01,-4.979067e+00,4.661863e+00,1.547295e-01,0,1.933894e-01,-9.756330e-05,-3.214353e-01,1.695387e+00,2.527385e+00,2.606210e-02,-2.012595e+00,-1.643057e-02,6.963661e-01,-5.562150e-01,-1.884712e+00,-2.922896e-01,6.011480e-01,-2.548630e-01,1.520097e-02,0,-1.558351e-01
1.211077e-03,-1.308635e+01,-4.694742e-01,-9.250922e+00,-2.704530e+00,-3.292355e+00,-7.485678e+00,9.093866e-01,3.095178e+00,1.192407e+00,-7.277621e-02,-4.554442e+00,3.643705e+00,1.589604e-01,0,0,-6.116786e-05,-2.618009e-01,6.685921e-01,1.614234e+00,4.587641e-02,-9.379570e-01,3.082385e-01,-4.074299e-01,-1.883052e-01,-3.180126e-01,9.024274e-02,1.173997e+00,1.331023e-01,3.566036e-03,0,-9.727575e-02
1.193047e-03,-1.297148e+01,-9.312889e-01,-8.131925e+00,-1.100352e+00,-2.522222e+00,-5.948491e+00,3.011846e-01,3.249120e+00,1.532369e+00,6.451586e-02,-3.384328e+00,4.226870e+00,1.577516e-01,0,0,-4.522516e-05,-4.810294e-01,-2.958398e-01,5.032636e-01,5.754374e-01,9.162973e-01,1.046495e+00,-1.053616e+00,7.976516e-01,1.456072e+00,2.851631e-01,1.966199e+00,1.129569e+00,-3.414929e-03,0,-3.867787e-02
1.142941e-03,-1.411042e+01,-1.645527e+00,-8.474358e+00,-1.259891e+00,-9.885203e-01,-4.835148e+00,-2.455818e+00,5.810005e+00,6.203053e+00,7.419381e-01,-1.259565e-03,6.855848e+00,1.459656e-01,0,0,-4.665835e-05,-6.503559e-01,-5.854814e-01,-3.915750e-01,7.134646e-01,1.838606e+00,1.411128e+00,-8.021358e-01,1.752349e+00,2.212205e+00,5.408105e-01,2.289405e+00,1.465278e+00,-6.618316e-03,0,0
1.076389e-03,-1.519038e+01,-2.419824e+00,-9.337342e+00,4.388553e-01,2.419835e+00,-2.969369e+00,-2.535446e+00,8.199176e+00,8.791265e+00,1.360017e+00,2.575336e+00,8.703636e+00,1.441523e-01,0,0,-4.768409e-05,-5.411142e-01,-5.183550e-01,-7.815474e-01,6.194116e-01,1.835340e+00,1.403377e+00,1.227720e-01,1.544794e+00,1.277374e+00,4.342350e-01,2.043643e+00,1.149595e+00,-6.769422e-03,0,0
1.036114e-03,-1.522868e+01,-2.652614e+00,-1.060609e+01,9.318972e-02,3.429646e+00,-1.919599e+00,-1.682977e+00,9.381894e+00,8.623982e+00,1.983525e+00,3.912753e+00,8.731711e+00,1.326685e-01,0,0,-3.381512e-05,-1.942537e-01,-3.347683e-01,-6.635330e-01,6.041422e-01,1.289339e+00,1.147153e+00,9.032954e-01,7.742245e-01,-1.071045e-01,2.000799e-01,1.205782e+00,4.695401e-01,-4.442432e-03,0,0
1.008040e-03,-1.511792e+01,-3.019521e+00,-1.097380e+01,1.320165e+00,4.445394e+00,-3.893798e-01,5.286241e-01,9.187143e+00,6.708775e+00,1.614897e+00,4.876879e+00,9.036911e+00,1.305530e-01,0,0,-1.647723e-05,2.556820e-02,-1.566300e-01,-3.640614e-01,2.989596e-01,5.066863e-01,6.690197e-01,8.339742e-01,1.781184e-01,-6.080186e-01,1.411324e-02,5.567210e-01,9.717493e-02,-2.931400e-03,0,0
