pcm_RMSenergy_sma,pcm_fftMag_mfcc_sma[1],pcm_fftMag_mfcc_sma[2],pcm_fftMag_mfcc_sma[3],pcm_fftMag_mfcc_sma[4],pcm_fftMag_mfcc_sma[5],pcm_fftMag_mfcc_sma[6],pcm_fftMag_mfcc_sma[7],pcm_fftMag_mfcc_sma[8],pcm_fftMag_mfcc_sma[9],pcm_fftMag_mfcc_sma[10],pcm_fftMag_mfcc_sma[11],pcm_fftMag_mfcc_sma[12],pcm_zcr_sma,F0final_sma,voicingFinalUnclipped_sma,pcm_RMSenergy_sma_de,pcm_fftMag_mfcc_sma_de[1],pcm_fftMag_mfcc_sma_de[2],pcm_fftMag_mfcc_sma_de[3],pcm_fftMag_mfcc_sma_de[4],pcm_fftMag_mfcc_sma_de[5],pcm_fftMag_mfcc_sma_de[6],pcm_fftMag_mfcc_sma_de[7],pcm_fftMag_mfcc_sma_de[8],pcm_fftMag_mfcc_sma_de[9],pcm_fftMag_mfcc_sma_de[10],pcm_fftMag_mfcc_sma_de[11],pcm_fftMag_mfcc_sma_de[12],pcm_zcr_sma_de,F0final_sma_de,voicingFinalUnclipped_sma_de
3.747929e-03,-8.262236e+00,-2.010398e+00,-2.879645e+00,-1.160910e+01,-1.811565e+01,-4.025861e+00,2.536754e+00,-4.440967e+00,-5.073795e+00,1.058414e+01,-1.198950e+01,1.032389e+00,4.895739e-02,5.700061e+02,7.711176e-01,5.020078e-05,-1.301918e-01,-7.262161e-02,-7.388516e-02,2.515448e-01,-2.529774e-02,2.497131e-01,3.296362e-01,-1.939159e-02,-3.142858e-02,-6.324939e-02,-8.537664e-02,-3.159783e-02,5.137514e-04,7.891846e-03,1.401484e-04
3.853164e-03,-8.544128e+00,-2.065808e+00,-3.004119e+00,-1.091383e+01,-1.794922e+01,-3.569304e+00,3.349305e+00,-4.428073e+00,-4.994005e+00,1.062204e+01,-1.195534e+01,1.186089e+00,4.986401e-02,5.699848e+02,7.716353e-01,7.741959e-05,-1.513917e-01,-2.347257e-01,-6.820454e-02,2.189409e-01,-1.456135e-01,2.481509e-01,3.284093e-01,6.658783e-02,-7.823119e-02,-1.395187e-01,-1.672445e-01,-1.410161e-01,8.763988e-04,3.209839e-02,3.173828e-04
3.946315e-03,-8.772248e+00,-2.345800e+00,-3.186834e+00,-1.069902e+01,-1.832536e+01,-3.005574e+00,3.778660e+00,-4.544372e+00,-5.270833e+00,1.024894e+01,-1.243346e+01,7.975501e-01,5.107284e-02,5.700562e+02,7.715595e-01,9.896492e-05,-1.342021e-01,-3.616632e-01,-7.669766e-02,1.929474e-03,-4.052214e-01,3.050492e-01,-5.672839e-02,1.024913e-01,-2.262302e-01,-2.594814e-01,-1.843749e-01,-3.461852e-01,4.835304e-04,2.200317e-01,7.899523e-04
4.035834e-03,-8.764188e+00,-3.016325e+00,-3.067074e+00,-1.096944e+01,-1.873887e+01,-3.295250e+00,3.557848e+00,-4.056325e+00,-5.366432e+00,1.005414e+01,-1.260374e+01,4.447279e-01,5.228166e-02,5.701415e+02,7.724836e-01,8.726046e-05,-2.931347e-02,-4.608262e-01,-7.144239e-02,-2.905960e-01,-5.210522e-01,1.262420e-01,-5.428653e-01,9.828873e-02,-3.102895e-01,-4.319686e-01,1.869888e-02,-5.552704e-01,-1.178605e-03,3.882934e-01,1.690674e-03
4.151419e-03,-8.823216e+00,-3.343456e+00,-3.231656e+00,-1.157165e+01,-1.974693e+01,-2.637642e+00,2.148841e+00,-4.114384e+00,-6.018733e+00,9.570681e+00,-1.258717e+01,-3.278567e-01,5.016622e-02,5.710279e+02,7.746432e-01,6.154766e-05,5.112171e-02,-4.626745e-01,-9.535551e-02,-2.938940e-01,-5.814915e-01,-4.552078e-03,-6.735433e-01,-9.623041e-02,-2.071982e-01,-4.141355e-01,2.139306e-01,-4.874090e-01,-3.203386e-03,4.221008e-01,2.846289e-03
4.186915e-03,-8.665212e+00,-3.871112e+00,-3.338920e+00,-1.193049e+01,-1.984369e+01,-3.122060e+00,1.449888e+00,-4.151623e+00,-6.171503e+00,8.801329e+00,-1.178499e+01,-1.027560e+00,4.442430e-02,5.714404e+02,7.785468e-01,5.152635e-06,9.739180e-02,-3.160434e-01,-1.114270e-01,-7.245807e-02,-4.291256e-01,-2.418319e-01,-2.620329e-01,-1.802186e-01,1.296487e-02,-2.347852e-01,2.975951e-01,-2.611180e-01,-4.865519e-03,7.164307e-02,3.187013e-03
4.178513e-03,-8.566128e+00,-4.231780e+00,-3.527689e+00,-1.168796e+01,-2.068040e+01,-3.114930e+00,1.464923e+00,-4.977875e+00,-5.904289e+00,8.804673e+00,-1.177319e+01,-9.033510e-01,3.898459e-02,5.715173e+02,7.827594e-01,-5.231649e-05,5.602198e-02,-7.658811e-02,1.159575e-02,1.040967e-01,-2.875031e-01,-3.316715e-01,2.676454e-01,-6.588712e-02,2.091627e-01,2.800422e-01,3.069726e-01,1.196981e-02,-4.956180e-03,-5.882874e-01,2.712816e-03
4.048050e-03,-8.405773e+00,-4.152380e+00,-3.476192e+00,-1.127357e+01,-2.041776e+01,-4.265766e+00,2.589642e+00,-4.525673e+00,-5.358829e+00,9.263223e+00,-1.152276e+01,-5.731151e-01,3.354488e-02,5.702551e+02,7.843606e-01,-8.783331e-05,-5.014009e-02,2.592773e-01,1.865796e-01,7.372904e-02,-2.253132e-02,-1.823088e-01,6.187715e-01,1.184193e-01,2.761919e-01,8.296628e-01,3.372520e-01,1.120807e-01,-4.079781e-03,-1.168054e+00,1.642549e-03
3.959269e-03,-8.672826e+00,-3.585762e+00,-3.105041e+00,-1.137962e+01,-2.089742e+01,-3.724147e+00,2.917191e+00,-4.256795e+00,-5.379256e+00,1.073994e+01,-1.118342e+01,-4.952302e-01,3.082502e-02,5.686791e+02,7.853004e-01,-1.150506e-04,-9.084368e-02,4.241920e-01,3.639953e-01,-1.245076e-01,1.850353e-01,3.450627e-02,5.779244e-01,1.907361e-01,2.832386e-01,9.533054e-01,5.684797e-01,6.633975e-02,-2.961620e-03,-1.436755e+00,3.748655e-04
3.857370e-03,-8.862563e+00,-2.897734e+00,-2.617346e+00,-1.171602e+01,-1.984784e+01,-3.728995e+00,3.817612e+00,-3.920067e+00,-5.053060e+00,1.198201e+01,-1.039361e+01,-6.712173e-01,2.810517e-02,5.670192e+02,7.854890e-01,-1.273361e-04,-2.477245e-02,3.616976e-01,4.777643e-01,-2.345794e-01,2.854525e-01,1.157959e-01,4.261898e-01,-9.196291e-02,4.803284e-01,7.373183e-01,7.088277e-01,1.677119e-01,-1.903899e-03,-1.115301e+00,-5.579471e-04
3.698600e-03,-8.791951e+00,-2.738143e+00,-2.137136e+00,-1.208928e+01,-2.004019e+01,-3.210784e+00,3.740561e+00,-4.326998e+00,-4.640981e+00,1.221181e+01,-9.495361e+00,-5.226012e-01,2.689634e-02,5.659514e+02,7.840695e-01,-1.379565e-04,1.204441e-01,1.556600e-01,4.990035e-01,-1.862595e-01,3.268770e-01,-1.426282e-01,2.275646e-01,-2.092699e-01,5.929426e-01,3.250094e-01,6.950610e-01,3.176125e-01,-1.057721e-03,-4.899658e-01,-1.629782e-03
3.541704e-03,-8.470073e+00,-2.767701e+00,-1.571324e+00,-1.209164e+01,-1.941911e+01,-3.943467e+00,4.308907e+00,-4.950386e+00,-3.326325e+00,1.221388e+01,-8.822651e+00,2.791299e-01,2.598973e-02,5.660424e+02,7.821863e-01,-1.361629e-04,2.010279e-01,-3.435383e-02,4.382701e-01,-1.698637e-01,2.622705e-01,-3.631893e-01,-4.172542e-02,-3.427249e-01,5.102435e-01,8.319750e-02,4.609354e-01,2.850102e-01,-2.115438e-04,6.975708e-02,-1.689309e-03
3.427319e-03,-8.266850e+00,-2.872479e+00,-1.133035e+00,-1.212311e+01,-1.947739e+01,-4.330051e+00,3.809366e+00,-4.787985e+00,-3.277910e+00,1.224905e+01,-8.493599e+00,6.176587e-01,2.659414e-02,5.667177e+02,7.788029e-01,-1.067496e-04,1.632344e-01,-5.999877e-02,2.863762e-01,-1.433851e-01,3.611254e-01,-4.079947e-01,-1.148625e-01,-1.741293e-01,1.708790e-01,3.164700e-01,5.452328e-02,2.335708e-01,1.813235e-04,2.124573e-01,-4.945159e-04
3.312196e-03,-8.119974e+00,-3.002336e+00,-9.280457e-01,-1.254842e+01,-1.881788e+01,-4.985308e+00,3.574582e+00,-5.403198e+00,-3.183378e+00,1.237937e+01,-8.589813e+00,1.837035e-01,2.719855e-02,5.669849e+02,7.796758e-01,-9.432761e-05,9.497814e-02,-4.490900e-02,7.673480e-02,-2.000429e-01,2.406885e-01,-1.714202e-01,-1.711358e-01,-7.693438e-02,-2.308824e-01,3.646863e-01,-1.637380e-01,7.190890e-02,1.208819e-04,-1.570129e-01,5.532742e-04
3.279606e-03,-8.150828e+00,-2.920820e+00,-1.026894e+00,-1.257782e+01,-1.853517e+01,-4.729837e+00,3.533410e+00,-4.971239e+00,-3.858060e+00,1.371141e+01,-9.339164e+00,6.929662e-01,2.719855e-02,5.665425e+02,7.828522e-01,-8.581930e-05,1.294432e-02,-3.097749e-03,-9.911244e-02,-2.158455e-01,2.249027e-01,4.846468e-02,-1.092500e-01,2.116351e-02,-3.656569e-01,4.623710e-01,-2.521773e-01,1.168891e-01,-3.324270e-04,-6.551514e-01,5.945921e-04
3.143923e-03,-8.053193e+00,-2.968076e+00,-1.240720e+00,-1.286450e+01,-1.868678e+01,-4.600676e+00,3.591206e+00,-5.243431e+00,-4.190662e+00,1.330613e+01,-9.218558e+00,6.010206e-01,2.629193e-02,5.653450e+02,7.829280e-01,-8.942022e-05,-2.979136e-02,-3.156776e-02,-1.059491e-01,-1.798382e-01,5.531197e-02,1.996765e-01,-2.339078e-01,2.146947e-01,-3.174608e-01,8.519554e-02,3.419218e-02,1.855997e-02,-4.835302e-04,-9.048279e-01,-7.824659e-04
3.082359e-03,-8.235519e+00,-2.905097e+00,-1.472260e+00,-1.304429e+01,-1.841843e+01,-4.280044e+00,3.254804e+00,-4.762051e+00,-4.602552e+00,1.409753e+01,-9.440113e+00,9.934456e-01,2.538531e-02,5.642619e+02,7.801497e-01,-8.458411e-05,-6.318770e-02,-4.175021e-02,2.152386e-02,-1.051222e-01,-1.094898e-01,3.341587e-01,-4.657645e-01,3.730592e-01,-5.746169e-02,-3.376822e-01,4.914705e-01,-3.561335e-01,-3.626473e-04,-6.517395e-01,-1.694715e-03
2.963718e-03,-8.226585e+00,-3.168036e+00,-1.235108e+00,-1.321437e+01,-1.859970e+01,-4.211822e+00,2.544346e+00,-4.434318e+00,-4.398435e+00,1.261229e+01,-8.368378e+00,1.262636e-01,2.568752e-02,5.636010e+02,7.771147e-01,-5.563272e-05,-6.792555e-02,-1.329660e-03,2.088134e-01,1.027777e-01,-1.766182e-01,4.139700e-01,-3.752835e-01,5.043286e-01,3.636422e-01,-5.779020e-01,8.164028e-01,-6.416286e-01,-9.066220e-05,-9.141235e-02,-8.110345e-04
2.946788e-03,-8.380071e+00,-3.029591e+00,-9.220803e-01,-1.292849e+01,-1.912617e+01,-3.253471e+00,1.728017e+00,-3.510499e+00,-4.041481e+00,1.236992e+01,-7.306901e+00,-8.503227e-01,2.568752e-02,5.641558e+02,7.772853e-01,-2.214736e-05,-8.198204e-02,1.026936e-01,2.818870e-01,2.231346e-01,-1.266685e-01,3.770997e-01,4.362762e-02,4.080852e-01,7.173995e-01,-6.269666e-01,8.298001e-01,-8.530937e-01,1.813237e-04,4.974976e-01,7.134319e-04
2.933545e-03,-8.320545e+00,-2.912477e+00,-4.717429e-01,-1.240851e+01,-1.921601e+01,-3.044112e+00,2.478181e+00,-3.347564e+00,-2.652987e+00,1.128043e+01,-6.203150e+00,-1.685238e+00,2.568752e-02,5.649410e+02,7.803051e-01,1.978499e-05,-8.863115e-02,1.688194e-01,2.696789e-01,1.458054e-01,3.365704e-01,1.555674e-02,8.319044e-01,5.965362e-02,9.036867e-01,-1.886655e-01,2.998424e-01,-5.782622e-01,3.022063e-04,8.015564e-01,2.132159e-03
2.986709e-03,-8.598450e+00,-2.519408e+00,-4.445076e-01,-1.233155e+01,-1.874362e+01,-2.978400e+00,3.506024e+00,-3.265002e+00,-1.888279e+00,1.162863e+01,-6.373726e+00,-2.366272e+00,2.629193e-02,5.660794e+02,7.821217e-01,3.686007e-05,-1.091071e-01,1.283889e-01,1.421607e-01,-1.145884e-01,7.214323e-01,-5.117630e-01,1.308197e+00,-2.480886e-01,7.318556e-01,-3.977881e-02,-3.631961e-01,-4.228465e-01,3.626475e-04,8.318787e-01,2.637065e-03
3.042682e-03,-8.560552e+00,-2.579030e+00,-1.255004e-01,-1.278382e+01,-1.710812e+01,-4.271574e+00,5.814865e+00,-4.258799e+00,-9.566028e-01,1.203961e+01,-7.335753e+00,-2.007073e+00,2.689634e-02,5.666470e+02,7.853573e-01,3.662922e-05,-1.074936e-01,3.351817e-02,-4.504669e-03,-3.268131e-01,8.115336e-01,-7.184892e-01,1.081703e+00,-2.778024e-01,3.034416e-01,7.721376e-02,-8.493414e-01,-3.114854e-01,1.813238e-04,7.188781e-01,2.344865e-03
3.076520e-03,-8.805603e+00,-2.554370e+00,-3.843983e-01,-1.331378e+01,-1.657295e+01,-5.198555e+00,6.600658e+00,-4.295325e+00,-1.230395e+00,1.179144e+01,-8.556581e+00,-2.803638e+00,2.689634e-02,5.674622e+02,7.879445e-01,1.234391e-05,-8.794908e-02,-3.322892e-02,-3.934749e-02,-4.376021e-01,5.886294e-01,-7.147300e-01,5.140404e-01,1.758284e-02,-1.005464e-01,-1.500262e-01,-7.905700e-01,-3.880569e-01,-6.044116e-05,6.433228e-01,2.499008e-03
3.071786e-03,-8.754436e+00,-2.727406e+00,-5.243209e-01,-1.355146e+01,-1.624367e+01,-5.526481e+00,6.339380e+00,-4.221414e+00,-1.464721e+00,1.158509e+01,-9.358430e+00,-3.023982e+00,2.629193e-02,5.678440e+02,7.891180e-01,-8.248887e-06,-7.633390e-02,-2.356010e-02,4.776238e-02,-5.107962e-01,2.343187e-01,-3.987212e-01,-7.563686e-02,3.572500e-01,-3.709279e-01,-1.831951e-01,-4.101100e-01,-4.442212e-01,5.587936e-10,7.024170e-01,2.532864e-03
3.033876e-03,-8.941253e+00,-2.611365e+00,-4.418348e-01,-1.413574e+01,-1.623269e+01,-5.924596e+00,5.813969e+00,-3.195780e+00,-2.136952e+00,1.110576e+01,-9.315238e+00,-3.798102e+00,2.629193e-02,5.686975e+02,7.927364e-01,-2.136927e-05,1.981840e-02,-1.056585e-02,2.119112e-01,-5.585673e-01,9.591103e-02,-2.618288e-01,-4.005609e-02,2.458162e-01,-1.925269e-01,-6.514683e-02,-9.361343e-02,-1.870941e-01,2.719857e-04,7.568115e-01,2.950519e-03
3.022759e-03,-8.874396e+00,-2.668333e+00,1.420297e-01,-1.492682e+01,-1.610665e+01,-5.902159e+00,5.830025e+00,-3.022321e+00,-2.357964e+00,1.146648e+01,-9.006974e+00,-3.730947e+00,2.719855e-02,5.695414e+02,7.956257e-01,-2.910819e-05,9.977017e-02,-4.791319e-02,2.753976e-01,-4.740486e-01,-4.081993e-02,-1.511869e-01,1.223504e-01,1.115670e-01,9.208661e-02,1.152427e-01,-6.796627e-02,6.110220e-02,5.741917e-04,8.182190e-01,3.057855e-03
2.994186e-03,-8.646531e+00,-2.636736e+00,3.419826e-01,-1.541894e+01,-1.616191e+01,-6.319860e+00,6.655056e+00,-3.665791e+00,-1.746408e+00,1.152501e+01,-9.200376e+00,-3.385626e+00,2.780296e-02,5.703975e+02,7.994432e-01,-5.235269e-05,2.305907e-01,-7.966523e-02,2.488343e-01,-7.688113e-02,-1.305649e-01,1.095455e-01,1.913779e-01,7.928338e-02,4.361533e-01,2.593663e-01,7.535229e-02,2.588418e-01,5.439710e-04,5.224732e-01,2.161986e-03
2.946090e-03,-8.402946e+00,-2.954286e+00,4.607585e-01,-1.528011e+01,-1.648317e+01,-6.084784e+00,6.530589e+00,-3.428574e+00,-1.199560e+00,1.195168e+01,-9.755692e+00,-2.924709e+00,2.840737e-02,5.710851e+02,8.010538e-01,-1.081413e-04,2.676360e-01,-5.288325e-02,1.398280e-01,4.072182e-01,-8.317451e-02,3.278766e-01,2.645397e-02,3.323866e-01,5.643837e-01,5.782089e-02,4.547145e-01,7.505083e-02,2.417650e-04,-8.630371e-03,1.617372e-04
2.810448e-03,-8.024024e+00,-2.866714e+00,6.429722e-01,-1.434350e+01,-1.669726e+01,-5.285556e+00,6.420577e+00,-2.596237e+00,-5.353879e-01,1.215999e+01,-8.564117e+00,-2.907012e+00,2.840737e-02,5.705380e+02,8.008322e-01,-1.998549e-04,3.121423e-01,1.262771e-01,-1.570554e-01,1.168768e+00,1.945396e-01,6.711165e-01,-2.843173e-01,4.628477e-01,8.327411e-01,-4.157144e-01,1.087192e+00,-3.026309e-01,3.324268e-04,-9.646851e-01,-5.845219e-03
2.573923e-03,-7.847470e+00,-2.817760e+00,6.906750e-01,-1.342845e+01,-1.625484e+01,-4.779928e+00,6.079535e+00,-1.895165e+00,-1.415554e-01,1.143809e+01,-7.051531e+00,-3.595000e+00,2.810517e-02,5.694280e+02,7.957399e-01,-3.082011e-04,3.521872e-01,3.826201e-01,-6.260192e-01,1.991274e+00,9.020545e-01,1.081429e+00,-6.629277e-01,4.365318e-01,8.252720e-01,-9.211475e-01,1.355267e+00,-8.356360e-01,9.670600e-04,-3.927162e+01,-1.459320e-02
2.180996e-03,-7.363558e+00,-2.073614e+00,-5.582528e-01,-1.050093e+01,-1.530337e+01,-3.616706e+00,5.458996e+00,-2.118257e+00,1.888296e+00,9.703231e+00,-5.116497e+00,-4.563635e+00,2.961620e-02,5.664026e+02,7.728741e-01,-3.774671e-04,3.857570e-01,6.805523e-01,-1.139261e+00,2.893530e+00,1.572583e+00,1.399829e+00,-1.147312e+00,4.419425e-01,3.771412e-01,-1.126537e+00,1.118113e+00,-1.387832e+00,3.656694e-03,-9.584276e+01,-2.248411e-02
1.719810e-03,-6.972244e+00,-1.437736e+00,-2.068725e+00,-7.245021e+00,-1.266984e+01,-1.512065e+00,3.696740e+00,-1.484905e+00,1.714958e+00,8.574320e+00,-4.703167e+00,-6.274578e+00,3.263826e-02,3.767947e+02,7.420669e-01,-3.653706e-04,3.367363e-01,1.039684e+00,-1.162202e+00,3.156478e+00,2.080542e+00,1.228866e+00,-1.472929e+00,5.348274e-01,-5.586239e-01,-8.942097e-01,7.730309e-01,-1.480020e+00,6.376548e-03,-1.517618e+02,-2.505573e-02
1.350168e-03,-6.532852e+00,-1.539647e-01,-3.673634e+00,-2.967564e+00,-1.062685e+01,7.965714e-02,1.875414e+00,-5.916544e-01,4.220614e-01,7.959188e+00,-4.147735e+00,-8.506383e+00,4.442430e-02,1.876409e+02,7.152482e-01,-2.649652e-04,1.524229e-01,1.375180e+00,-7.709556e-01,2.431520e+00,1.892220e+00,2.258798e-01,-1.492139e+00,1.693808e-01,-1.364114e+00,-7.677788e-01,2.730713e-01,-1.108367e+00,7.192505e-03,-1.509600e+02,-2.066347e-02
1.162483e-03,-6.579141e+00,1.420833e+00,-3.562644e+00,-1.412741e+00,-8.190396e+00,-4.837810e-01,5.066819e-01,1.567042e-02,-2.201557e+00,7.839064e+00,-3.670757e+00,-9.023725e+00,5.258386e-02,0,6.992742e-01,-1.403923e-04,-3.485813e-02,1.508583e+00,-2.841538e-01,1.210760e+00,1.225540e+00,-9.564018e-01,-1.099322e+00,-6.135501e-01,-1.270028e+00,-9.947577e-01,-2.715511e-02,-1.753840e-01,4.261105e-03,-9.412302e+01,-1.338941e-02
1.134833e-03,-6.797995e+00,3.372999e+00,-3.666071e+00,-1.259472e+00,-8.081988e+00,-3.001449e+00,-4.066698e-01,-2.021640e+00,-2.974016e+00,6.231965e+00,-4.267345e+00,-8.730897e+00,5.560592e-02,0,6.909531e-01,-4.484534e-05,-8.694029e-02,1.202683e+00,-2.044861e-01,-4.745271e-02,6.234117e-01,-1.561851e+00,-7.699437e-01,-1.454132e+00,-7.667075e-01,-9.719771e-01,-4.425335e-01,2.896422e-01,-4.835300e-04,-2.465599e+01,-5.545306e-03
1.125516e-03,-7.013963e+00,4.341698e+00,-3.493276e+00,-2.045267e+00,-7.814569e+00,-4.753521e+00,-6.588269e-01,-3.837662e+00,-2.937142e+00,4.464143e+00,-4.779138e+00,-7.039240e+00,4.835298e-02,0,6.872674e-01,6.682892e-06,5.701299e-02,4.932633e-01,-5.851450e-01,-2.844569e-01,1.556580e-01,-1.585519e+00,-3.618898e-01,-1.745259e+00,-2.010154e-01,-2.729643e-01,-5.692459e-01,4.999981e-02,-1.813237e-03,3.214527e+01,1.793152e-03
1.144425e-03,-6.750143e+00,4.399021e+00,-4.730749e+00,-2.888564e+00,-7.697702e+00,-5.594727e+00,-1.391550e+00,-5.935648e+00,-3.043684e+00,4.786763e+00,-5.806212e+00,-8.050414e+00,4.412209e-02,6.436094e+01,6.935251e-01,2.838612e-05,2.142114e-01,-1.863608e-01,-9.497024e-01,-1.539875e-01,1.760398e-01,-1.516455e+00,-1.246102e-01,-1.699933e+00,9.834623e-03,1.044021e+00,-6.456628e-01,-6.664616e-01,1.420369e-03,5.140090e+01,7.301086e-03
1.191102e-03,-6.318002e+00,3.374139e+00,-5.956030e+00,-2.020479e+00,-7.604249e+00,-7.114739e+00,-8.103273e-01,-6.753618e+00,-3.171801e+00,7.196844e+00,-5.747553e+00,-9.113967e+00,4.925959e-02,1.285459e+02,7.069540e-01,3.736103e-05,2.582080e-01,-5.366620e-01,-1.011978e+00,2.953054e-01,5.023561e-02,-1.620070e+00,-2.364454e-01,-1.550651e+00,2.807020e-01,1.496338e+00,-5.334077e-01,-1.124863e+00,6.285888e-03,5.130645e+01,9.826953e-03
1.243971e-03,-6.074918e+00,2.924974e+00,-7.183206e+00,-2.041803e+00,-7.306949e+00,-9.403113e+00,-9.539706e-01,-9.063327e+00,-2.807513e+00,1.008572e+01,-7.011451e+00,-1.102584e+01,6.225446e-02,1.927316e+02,7.176152e-01,2.907519e-05,8.971830e-02,-4.484251e-01,-4.649946e-01,4.474821e-01,1.141214e-03,-1.497932e+00,-7.497510e-01,-1.259027e+00,6.873605e-01,1.027461e+00,-4.273153e-01,-9.592695e-01,7.766698e-03,3.189590e+01,7.572645e-03
1.262548e-03,-6.060535e+00,2.395411e+00,-7.326936e+00,-9.921204e-01,-7.758768e+00,-1.094968e+01,-2.059843e+00,-1.002708e+01,-1.651717e+00,9.296357e+00,-6.843557e+00,-1.117584e+01,7.071623e-02,1.923469e+02,7.243571e-01,8.723209e-06,-8.668371e-02,-1.635956e-01,1.735668e-01,3.713349e-01,8.649836e-02,-9.486760e-01,-1.658424e+00,-4.972252e-01,8.054875e-01,3.673267e-02,-1.421534e-01,-5.865406e-01,3.838018e-03,1.247020e+01,2.904636e-03
1.254078e-03,-6.430285e+00,2.646259e+00,-6.370269e+00,-1.165333e+00,-7.614737e+00,-1.116692e+01,-4.515547e+00,-1.059406e+01,-3.669230e-01,8.874312e+00,-7.394787e+00,-1.181582e+01,7.222726e-02,1.919399e+02,7.226868e-01,-1.246805e-05,-1.606881e-01,1.197376e-02,6.731617e-01,4.432719e-01,3.787922e-01,-2.035117e-01,-2.027350e+00,5.046172e-01,5.395125e-01,-3.322854e-01,3.825285e-01,5.363197e-02,-1.994561e-03,-5.067719e-01,-7.632494e-04
1.229665e-03,-6.573738e+00,2.695518e+00,-5.494665e+00,-6.020399e-01,-7.017864e+00,-1.097622e+01,-7.321657e+00,-8.474380e+00,-3.646584e-01,7.986210e+00,-6.266653e+00,-1.165168e+01,6.346328e-02,1.912927e+02,7.189414e-01,-2.376300e-05,-9.795789e-02,1.065885e-01,6.125692e-01,3.714158e-01,7.440766e-01,2.980455e-01,-1.798513e+00,9.087042e-01,-8.749387e-02,-1.633024e-02,4.663824e-01,6.047351e-01,-5.923241e-03,-5.213287e-01,-2.477699e-03
1.198073e-03,-6.621758e+00,2.834789e+00,-4.733533e+00,-2.048391e-02,-5.783440e+00,-1.040740e+01,-8.459816e+00,-7.316589e+00,-7.534799e-01,9.079365e+00,-5.387261e+00,-1.051976e+01,5.590813e-02,1.907248e+02,7.165068e-01,-2.199567e-05,-3.894806e-04,-2.163577e-02,2.478347e-01,4.703010e-01,7.459126e-01,4.971225e-01,-8.450535e-01,5.987672e-01,-5.544186e-01,1.245364e-01,4.978719e-01,1.134528e+00,-6.678755e-03,-4.542435e-01,-1.950604e-03
1.171736e-03,-6.454588e+00,2.834088e+00,-5.082458e+00,2.925340e-01,-4.954034e+00,-9.839208e+00,-9.080275e+00,-7.122289e+00,-1.895908e+00,9.112180e+00,-5.515408e+00,-8.800198e+00,4.925959e-02,1.903478e+02,7.150586e-01,-1.383127e-05,-1.923127e-02,-1.354057e-01,-7.713719e-02,1.981440e-01,4.315108e-01,7.709413e-01,5.403008e-02,-2.975331e-01,-6.680815e-01,2.377167e-02,1.619096e-02,9.819555e-01,-4.684193e-03,-3.266892e-01,-1.442456e-03
1.173064e-03,-6.491807e+00,2.468796e+00,-5.337199e+00,7.388850e-01,-4.917089e+00,-9.249812e+00,-7.861505e+00,-8.276265e+00,-2.373391e+00,8.934010e+00,-5.281050e+00,-7.568924e+00,4.593533e-02,1.901411e+02,7.148752e-01,-4.919665e-06,-1.489017e-01,-3.033838e-01,-2.626364e-01,-1.690671e-01,1.402117e-01,8.494520e-01,4.947333e-01,-1.053572e+00,-4.270605e-01,-5.677880e-01,-1.414378e-01,5.824236e-01,-2.115442e-03,-2.468567e-01,-1.443267e-03
1.173013e-03,-6.734869e+00,2.201487e+00,-5.578518e+00,8.995811e-03,-5.293485e+00,-7.700304e+00,-7.350662e+00,-9.482207e+00,-2.895110e+00,8.177746e+00,-6.238803e+00,-8.217321e+00,4.502871e-02,1.899511e+02,7.125449e-01,3.356836e-07,-2.846359e-01,-3.720523e-01,-1.698730e-01,-3.415850e-01,2.625600e-01,8.996767e-01,5.940510e-01,-1.275814e+00,-1.014310e-01,-7.961993e-01,-7.059083e-02,2.904815e-01,1.420371e-03,-1.284336e+01,-2.428842e-03
1.172836e-03,-7.226125e+00,1.634171e+00,-5.798686e+00,-7.240503e-01,-4.912656e+00,-7.229594e+00,-6.850956e+00,-1.140449e+01,-2.389182e+00,6.707642e+00,-5.732752e+00,-7.899084e+00,4.744636e-02,1.896889e+02,7.105473e-01,4.458241e-06,-3.544765e-01,-3.640077e-01,-7.351933e-02,-2.176877e-01,7.404105e-01,6.105193e-01,3.278767e-01,-9.042681e-01,-1.910639e-01,-8.897260e-01,4.094286e-02,5.331365e-01,5.288607e-03,-3.175988e+01,-4.166049e-03
1.173528e-03,-7.510609e+00,1.391139e+00,-5.701080e+00,-6.839234e-01,-3.643450e+00,-6.350934e+00,-6.615294e+00,-1.193725e+01,-2.395168e+00,6.244367e+00,-5.642511e+00,-7.182710e+00,5.560593e-02,1.263571e+02,7.050783e-01,4.546030e-06,-2.743917e-01,-4.067636e-01,6.763811e-02,4.247894e-01,1.168975e+00,2.455402e-01,3.006113e-01,-8.495732e-02,-4.913459e-01,-9.985645e-01,3.184792e-01,9.882755e-01,7.343608e-03,-5.064524e+01,-4.802197e-03
1.195097e-03,-7.876319e+00,1.053931e+00,-5.643514e+00,-3.093739e-03,-2.040054e+00,-6.871901e+00,-6.589806e+00,-1.157009e+01,-3.578682e+00,5.452069e+00,-5.374482e+00,-5.420547e+00,6.708976e-02,6.313869e+01,6.977782e-01,-3.042503e-06,-1.235535e-01,-3.176234e-01,9.980831e-02,8.659378e-01,1.170135e+00,2.070511e-01,1.799700e-01,6.789047e-01,-7.326667e-01,-8.612105e-01,2.839811e-01,7.521487e-01,6.044120e-03,-5.057349e+01,-4.058826e-03
1.184612e-03,-7.781731e+00,4.577886e-01,-5.317913e+00,1.772464e+00,-8.849092e-01,-6.651449e+00,-5.978180e+00,-9.824195e+00,-4.757090e+00,3.812710e+00,-4.825542e+00,-4.515213e+00,7.192505e-02,0,6.949185e-01,-1.234744e-05,-2.871475e-02,-2.527015e-01,3.923197e-02,8.724601e-01,8.020535e-01,6.098337e-02,1.813391e-01,7.855346e-01,-3.815817e-01,-7.008864e-01,7.964210e-02,2.066835e-01,1.752793e-03,-3.158530e+01,-1.646560e-03
1.152081e-03,-7.708332e+00,5.127294e-01,-5.491228e+00,2.377445e+00,-4.412510e-01,-6.044080e+00,-6.269663e+00,-9.066490e+00,-4.871554e+00,3.617418e+00,-4.721331e+00,-5.472089e+00,6.950740e-02,0,6.953331e-01,-1.611391e-05,3.176165e-02,-2.626413e-02,-9.829665e-03,4.601682e-01,4.905728e-01,-6.170564e-02,1.971571e-01,5.020195e-01,4.124248e-01,-7.013547e-02,-2.270911e-01,-4.171968e-01,-1.722575e-03,-1.262774e+01,5.599260e-04
1.133299e-03,-7.738176e+00,3.982324e-01,-5.581064e+00,2.488107e+00,-4.325848e-01,-6.459927e+00,-5.868670e+00,-9.261371e+00,-3.656640e+00,3.657261e+00,-5.570876e+00,-6.123521e+00,6.316108e-02,0,6.980681e-01,-4.746124e-06,-2.984204e-02,9.430512e-02,6.567459e-02,-1.480621e-02,2.731680e-01,-2.862195e-01,-9.985352e-03,1.611114e-01,1.114346e+00,2.135280e-01,-5.187825e-01,-3.546676e-01,-3.142942e-03,0,7.369995e-04
1.140184e-03,-7.739288e+00,9.523887e-01,-5.561087e+00,1.939926e+00,1.866481e-01,-7.276190e+00,-5.658775e+00,-9.341401e+00,-2.066783e+00,5.179116e+00,-6.137270e+00,-6.702377e+00,6.285887e-02,0,6.990030e-01,6.547000e-06,9.400368e-03,1.934616e-01,7.531156e-02,2.101897e-02,2.652406e-01,-3.264282e-01,-2.236652e-02,4.921376e-01,1.037400e+00,1.259468e-01,-5.561477e-01,2.976746e-01,-3.324265e-03,0,-3.932238e-04
1.166830e-03,-7.915462e+00,7.094846e-01,-4.954610e+00,1.917193e+00,1.669815e-01,-7.466492e+00,-6.333551e+00,-8.881183e+00,-5.877441e-01,4.099501e+00,-6.711485e+00,-5.673407e+00,5.953461e-02,0,6.967685e-01,1.053318e-05,5.674005e-02,3.280048e-01,-3.916631e-02,3.102663e-01,1.394314e-01,3.109741e-03,-8.368445e-03,1.158308e+00,3.398771e-01,-2.235284e-01,-4.843488e-01,8.972359e-01,-3.535811e-03,0,-2.434826e-03
1.168051e-03,-7.572687e+00,1.324412e+00,-5.427896e+00,2.767997e+00,5.851687e-01,-7.172939e+00,-6.149055e+00,-6.795896e+00,-1.218999e+00,4.026032e+00,-6.931765e+00,-4.208774e+00,5.469931e-02,0,6.940168e-01,2.146722e-06,1.039912e-01,3.558707e-01,-1.710363e-01,3.965973e-01,-1.608452e-02,1.731873e-01,2.842380e-01,1.466802e+00,-4.718612e-01,-5.951641e-01,-5.254356e-01,1.255095e+00,-2.689634e-03,0,-4.072928e-03
1.172032e-03,-7.537777e+00,1.852245e+00,-5.843491e+00,3.625403e+00,6.531192e-02,-6.496004e+00,-5.665372e+00,-4.742585e+00,-2.381146e+00,3.116161e+00,-7.595373e+00,-2.884144e+00,4.956180e-02,0,6.883871e-01,-6.555207e-06,6.675243e-02,3.936689e-01,-3.795824e-02,1.549893e-01,-2.750374e-01,4.548594e-01,4.818845e-01,1.015337e+00,-1.472820e-01,-6.112353e-01,-5.598524e-01,1.049573e+00,-1.299486e-03,0,-5.256510e-03
1.148317e-03,-7.408175e+00,2.160362e+00,-5.971828e+00,3.068807e+00,1.570603e-01,-6.895498e+00,-4.571674e+00,-4.076687e+00,-3.529387e+00,2.694965e+00,-8.322505e+00,-1.821536e+00,5.439710e-02,0,6.828291e-01,-1.193051e-05,-9.975524e-02,1.489651e-01,4.327968e-01,-2.564251e-01,-7.225811e-01,5.856782e-01,2.195808e-01,7.753706e-03,4.958574e-01,-7.887939e-01,-6.275327e-01,6.093495e-01,-6.648533e-04,0,-6.462044e-03
1.143921e-03,-7.663956e+00,2.259854e+00,-4.872436e+00,2.541734e+00,-9.941514e-01,-5.330915e+00,-4.712819e+00,-5.164100e+00,-1.689601e-01,1.708858e+00,-8.815377e+00,-1.619163e+00,5.318828e-02,0,6.760798e-01,-8.610880e-06,-2.417366e-01,2.440344e-02,6.977233e-01,-4.941221e-01,-1.068904e+00,4.543234e-01,-2.723725e-01,-5.709572e-01,1.047808e+00,-8.704718e-01,-7.811608e-01,1.563009e-01,-2.296767e-03,0,-7.836163e-03
1.122453e-03,-8.008373e+00,1.865432e+00,-3.749440e+00,2.027706e+00,-2.498005e+00,-4.827093e+00,-5.527428e+00,-6.546370e+00,1.541946e-01,7.857136e-01,-9.459426e+00,-1.794516e+00,4.956180e-02,0,6.678602e-01,2.102484e-06,-2.985349e-01,-8.178799e-02,6.144468e-01,-3.891124e-01,-1.197211e+00,-2.826867e-01,-5.098679e-01,-4.891815e-01,5.372910e-01,-8.056602e-01,-9.643706e-01,-3.266278e-01,-3.263827e-03,0,-1.190375e-02
1.141909e-03,-8.446361e+00,2.121727e+00,-3.466069e+00,1.675343e+00,-3.951676e+00,-5.258590e+00,-6.549358e+00,-6.362530e+00,1.016102e+00,-2.815720e-01,-1.093272e+01,-2.116149e+00,4.049562e-02,0,6.566907e-01,8.565548e-06,-1.762141e-01,-6.075295e-02,2.555307e-01,-2.003758e-01,-7.899257e-01,-1.200734e+00,-4.531960e-01,3.728928e-02,-1.230493e-01,-4.626627e-01,-9.782585e-01,-6.635403e-01,-1.511034e-04,0,-1.869447e-02
1.159835e-03,-8.509647e+00,1.820486e+00,-3.602778e+00,1.556440e+00,-4.350234e+00,-8.345094e+00,-6.202744e+00,-5.923380e+00,-1.435463e+00,-3.381210e-01,-1.208569e+01,-3.206182e+00,4.442430e-02,0,6.330048e-01,8.462730e-06,3.070183e-02,9.116670e-02,-8.285141e-03,2.031593e-01,-3.103663e-01,-1.314735e+00,-2.007126e-01,4.465891e-01,-3.623570e-02,-1.088888e-02,-5.730918e-01,-7.345734e-01,5.439711e-03,0,-2.599678e-02
1.168058e-03,-8.294390e+00,1.978563e+00,-3.668113e+00,1.775488e+00,-4.017665e+00,-9.575583e+00,-6.641140e+00,-5.289149e+00,1.062218e-02,-4.253854e-02,-1.239354e+01,-4.231032e+00,5.500151e-02,0,6.000351e-01,-6.254215e-06,2.042902e-01,2.391273e-01,-1.508237e-01,4.390592e-01,1.444271e-01,-8.492494e-01,-1.703913e-01,6.565548e-01,2.249070e-01,1.393392e-01,1.989895e-01,-6.754327e-01,9.519494e-03,0,-2.857685e-02
1.151693e-03,-7.930850e+00,2.392848e+00,-3.689843e+00,2.993429e+00,-4.016842e+00,-9.242271e+00,-6.485100e+00,-4.850115e+00,4.757560e-01,6.117525e-01,-1.159447e+01,-4.409941e+00,6.950741e-02,0,5.662041e-01,-1.666584e-05,2.972098e-01,4.591855e-01,-1.985729e-01,3.923301e-01,4.243475e-01,1.909056e-02,-2.150596e-01,8.836172e-01,5.342423e-01,9.688699e-02,6.883944e-01,-2.182004e-01,8.159567e-03,0,-2.532372e-02
1.114709e-03,-7.714308e+00,3.031182e+00,-4.176654e+00,3.152145e+00,-3.396236e+00,-9.056248e+00,-7.260137e+00,-3.616388e+00,1.185027e+00,-5.981286e-02,-1.018338e+01,-4.891432e+00,7.555153e-02,0,5.472068e-01,-2.322544e-05,2.308994e-01,5.119876e-01,-1.611199e-01,2.310660e-02,6.869234e-01,3.919057e-01,-1.504421e-01,1.128226e+00,2.264292e-02,-1.600875e-01,8.523968e-01,1.520265e-01,3.686915e-03,0,-1.854293e-02
1.103180e-03,-7.313639e+00,3.590103e+00,-4.341372e+00,2.829763e+00,-2.539211e+00,-8.509309e+00,-6.968544e+00,-2.341674e+00,6.485454e-01,1.549511e-01,-9.748797e+00,-3.966984e+00,7.494712e-02,0,5.328004e-01,-2.118020e-05,9.983744e-02,3.947440e-01,4.425573e-02,-4.028539e-01,7.891633e-01,7.176303e-01,-2.298832e-02,1.092501e+00,-3.134835e-01,-2.818963e-01,5.149659e-01,3.943932e-01,-7.252954e-04,0,-1.308930e-02
1.076187e-03,-7.448498e+00,3.939873e+00,-4.147948e+00,1.972855e+00,-1.321864e+00,-7.982536e+00,-7.151629e+00,-9.022388e-01,3.744208e-02,-6.145751e-01,-9.054393e+00,-3.692378e+00,7.071623e-02,0,5.240223e-01,-1.302714e-05,-6.443906e-02,2.020406e-01,2.699440e-01,-5.972101e-01,5.233687e-01,1.042150e+00,2.368197e-01,7.103926e-01,-4.901758e-01,-3.514645e-01,1.215387e-01,5.692680e-01,-3.928681e-03,0,-9.223914e-03
1.065053e-03,-7.564568e+00,3.912223e+00,-3.482918e+00,1.568805e+00,-1.108212e+00,-6.190976e+00,-6.654295e+00,-7.446856e-01,-5.178690e-01,-5.203478e-01,-9.584136e+00,-3.037502e+00,6.829859e-02,0,5.123499e-01,-5.150435e-06,-1.477829e-01,1.109225e-01,1.757659e-01,-3.909118e-01,8.418677e-02,7.786776e-01,3.989935e-01,2.445188e-01,-2.864376e-01,-4.070007e-01,-1.355560e-01,4.560462e-01,-7.132065e-03,0,-4.296952e-03
1.068637e-03,-7.911039e+00,3.880326e+00,-3.256161e+00,7.965729e-01,-1.494893e+00,-5.004664e+00,-6.233162e+00,-8.629196e-01,-6.826441e-01,-1.479486e+00,-9.658013e+00,-2.509833e+00,5.923240e-02,0,5.113125e-01,4.374119e-06,-1.269757e-01,1.315780e-01,3.353043e-02,-3.801750e-02,-3.369148e-01,2.328550e-01,5.917792e-01,1.664081e-01,-2.819032e-01,-2.106586e-01,-3.965158e-02,2.796276e-01,-1.012391e-02,0,-3.249174e-03
1.081203e-03,-7.821283e+00,4.174489e+00,-3.908436e+00,1.463345e+00,-2.031763e+00,-6.104857e+00,-5.432809e+00,-1.138740e+00,-4.235996e-01,-1.447597e+00,-1.012477e+01,-2.278025e+00,4.502871e-02,0,5.176705e-01,7.203443e-06,-9.970240e-02,2.597499e-01,-9.716938e-02,2.482674e-01,-3.740138e-01,-3.847790e-01,4.864098e-01,3.886652e-01,-3.500069e-01,-6.142342e-02,4.617362e-01,-5.437770e-02,-1.090964e-02,0,-4.457575e-03
1.089982e-03,-7.955019e+00,4.466630e+00,-3.767537e+00,1.835497e+00,-2.544663e+00,-6.861320e+00,-4.803476e+00,1.268286e-01,-1.419209e+00,-1.204243e+00,-8.982335e+00,-2.673979e+00,3.173164e-02,0,5.051161e-01,6.725581e-06,-5.239778e-02,2.314555e-01,9.660742e-02,2.972731e-01,-1.249759e-01,-3.960220e-01,5.344396e-01,4.024236e-01,-5.078649e-01,3.942816e-01,9.515144e-01,-3.621912e-01,-6.950741e-03,0,-7.180616e-03
1.090398e-03,-8.041090e+00,4.917820e+00,-3.713077e+00,2.290680e+00,-2.453396e+00,-7.186543e+00,-4.937089e+00,7.037663e-01,-1.899621e+00,-9.650862e-01,-7.613294e+00,-3.227318e+00,2.750075e-02,0,4.931602e-01,6.433262e-06,-1.306239e-01,1.219306e-01,2.924277e-01,-1.597164e-02,1.441421e-01,-5.514932e-02,2.708868e-01,-4.077055e-02,-6.969314e-01,5.303451e-01,1.002644e+00,-3.454672e-01,6.346327e-04,0,1.488337e-03
1.097668e-03,-8.063125e+00,4.665937e+00,-2.870804e+00,1.869271e+00,-1.908956e+00,-6.443931e+00,-3.808824e+00,2.279453e-01,-2.483958e+00,2.506668e-01,-6.156178e+00,-3.846143e+00,3.324267e-02,0,4.876646e-01,-3.200374e-07,-2.125199e-01,1.084990e-01,2.928648e-01,-2.070405e-01,4.592542e-01,1.118670e-01,3.809528e-02,-6.842666e-01,-9.615463e-01,3.953145e-01,8.790838e-01,1.020707e-01,7.857360e-03,0,1.823611e-02
1.109527e-03,-8.420349e+00,4.684489e+00,-2.894664e+00,1.366600e+00,-1.628905e+00,-6.589298e+00,-4.575701e+00,-1.393151e+00,-3.375882e+00,4.766730e-01,-6.524625e+00,-3.419279e+00,4.744636e-02,0,5.338380e-01,-3.904127e-06,-3.299879e-01,2.025002e-01,3.187943e-01,-2.762783e-01,3.021527e-01,2.560583e-01,-3.051405e-01,-7.391189e-01,-1.457000e+00,-2.272046e-01,6.699227e-01,7.139249e-01,9.187067e-03,0,2.986782e-02
1.078818e-03,-8.827989e+00,5.125790e+00,-2.712420e+00,1.262335e+00,-6.606369e-01,-6.600607e+00,-4.793694e+00,-2.246046e+00,-5.488810e+00,5.144985e-02,-5.131251e+00,-2.067645e+00,6.104564e-02,0,5.759578e-01,-5.606516e-06,-3.393482e-01,5.165359e-01,3.659821e-01,-1.659030e-01,1.943882e-01,3.761818e-01,-3.422232e-01,-4.145730e-01,-1.401644e+00,-1.035236e+00,7.867981e-01,1.378049e+00,4.653974e-03,0,2.705460e-02
1.080302e-03,-9.308598e+00,5.700395e+00,-2.198298e+00,1.212757e+00,-1.566792e+00,-5.827913e+00,-5.970357e+00,-1.754833e+00,-7.682198e+00,-2.001501e+00,-4.776144e+00,-5.469425e-01,5.953461e-02,0,5.983527e-01,7.945811e-07,-2.092609e-01,6.578580e-01,5.812154e-01,-1.975758e-01,3.831618e-02,6.231238e-01,-2.832842e-03,-2.081791e-02,-9.358772e-01,-1.627367e+00,7.514407e-01,1.597410e+00,-1.057722e-03,0,1.185495e-02
1.084247e-03,-9.315742e+00,6.740664e+00,-1.389076e+00,1.116678e+00,-9.680716e-01,-4.943715e+00,-4.822612e+00,-1.664079e+00,-7.339022e+00,-3.686425e+00,-3.096428e+00,1.607935e+00,5.046842e-02,0,5.906802e-01,5.297421e-06,-6.684408e-02,6.077372e-01,5.581286e-01,-4.417349e-01,1.698205e-01,3.972839e-01,1.765938e-01,-2.098179e-01,-2.839341e-01,-1.577690e+00,1.288230e-01,1.348518e+00,-3.626485e-04,0,1.555044e-03
1.110785e-03,-9.222777e+00,7.166342e+00,-6.502584e-01,4.515493e-01,-1.283607e+00,-4.302125e+00,-4.575406e+00,-1.788224e+00,-7.130162e+00,-5.791222e+00,-3.784833e+00,2.729980e+00,4.744636e-02,0,5.857515e-01,3.070256e-06,3.850384e-02,3.504442e-01,2.696893e-01,-4.403138e-01,2.774614e-01,-1.220222e-01,1.785368e-01,-5.928072e-01,-9.469853e-02,-1.116889e+00,-6.763546e-01,5.839590e-01,7.827138e-03,0,-1.806736e-04
1.090064e-03,-9.205119e+00,7.431503e+00,-6.957962e-01,-5.657362e-01,4.687342e-02,-5.377081e+00,-4.608200e+00,-3.278440e+00,-7.184498e+00,-5.942138e+00,-4.982791e+00,3.036483e+00,6.527652e-02,0,5.900336e-01,-2.254651e-06,7.127266e-02,1.582527e-02,-1.746647e-01,-1.691192e-01,-1.321370e-01,-6.861377e-01,-5.364256e-02,-4.418710e-01,-1.734874e-01,-7.080702e-01,-1.322996e+00,-6.542808e-01,1.447567e-02,0,3.569871e-03
1.092745e-03,-9.171390e+00,7.107197e+00,-1.196491e+00,-1.476056e-01,-6.869569e-01,-6.221341e+00,-5.184879e+00,-3.911689e+00,-8.232952e+00,-6.458092e+00,-7.214736e+00,1.658578e+00,9.126624e-02,0,5.977727e-01,-8.184614e-06,9.526215e-02,-4.715757e-02,-2.880054e-01,2.478102e-01,-4.284016e-01,-5.288147e-01,1.481762e-01,1.243787e-01,-1.132571e-01,-3.002242e-01,-9.869596e-01,-1.098090e+00,1.166516e-02,0,2.733803e-03
1.081994e-03,-8.985072e+00,6.849363e+00,-1.989284e+00,5.706590e-01,-1.927082e+00,-7.414795e+00,-4.786088e+00,-2.811701e+00,-7.655064e+00,-6.893341e+00,-7.996457e+00,-1.127768e+00,1.009368e-01,0,6.025190e-01,-7.081684e-06,8.314323e-02,1.213048e-01,-2.058493e-01,4.497774e-01,-5.155542e-01,3.420299e-01,4.525325e-01,4.454900e-01,2.120226e-01,-3.619342e-02,-2.274267e-01,-7.854740e-01,-1.299486e-03,0,-3.116560e-03
1.073897e-03,-8.856490e+00,7.221624e+00,-1.443542e+00,1.122403e+00,-2.438637e+00,-5.927342e+00,-3.745581e+00,-1.399700e+00,-7.461164e+00,-6.816741e+00,-7.212799e+00,-6.783437e-01,8.794197e-02,0,5.931779e-01,-9.076949e-06,-2.848854e-02,4.391703e-01,7.911219e-02,5.406642e-01,-1.694582e-01,9.421532e-01,8.338577e-01,2.126419e-01,4.145700e-01,4.525666e-02,2.760274e-01,2.475771e-01,-1.365972e-02,0,-1.104387e-02
1.064080e-03,-8.946853e+00,7.980814e+00,-1.601518e+00,1.048146e+00,-1.655057e+00,-3.813931e+00,-3.065187e+00,-2.306984e+00,-6.510279e+00,-5.943780e+00,-6.120893e+00,2.775739e-01,6.044122e-02,0,5.767482e-01,-4.559255e-06,-1.567280e-01,5.272717e-01,2.084055e-01,7.062896e-01,1.071626e-01,1.211037e+00,9.191605e-01,-3.483862e-01,1.982117e-01,-1.058491e-01,3.177499e-01,9.597787e-01,-1.631913e-02,0,-1.592349e-02
1.056318e-03,-9.332942e+00,8.737323e+00,-9.948131e-01,2.316972e+00,-1.670260e+00,-3.311007e+00,-1.876042e+00,-3.100838e+00,-6.732494e+00,-6.706589e+00,-6.772380e+00,2.193792e+00,4.321547e-02,0,5.554387e-01,-9.238720e-08,-2.339748e-01,4.009301e-01,3.354903e-01,6.898617e-01,1.296606e-01,8.695595e-01,5.785257e-01,-2.467892e-01,-1.859617e-02,-4.031625e-01,-5.864997e-02,7.618870e-01,-1.003324e-02,0,-1.702565e-02
1.067987e-03,-9.530486e+00,8.727872e+00,-1.171620e+00,3.504822e+00,-1.775458e+00,-2.667780e+00,-1.125055e+00,-3.703063e+00,-7.028341e+00,-7.477663e+00,-6.627916e+00,2.235057e+00,4.170444e-02,0,5.417711e-01,2.270367e-06,-2.063726e-01,1.563183e-01,3.886214e-01,3.261183e-01,2.780151e-01,9.060892e-01,-9.716630e-02,3.286440e-01,-3.294579e-01,5.921679e-02,-1.759751e-01,1.050474e-01,-6.950743e-04,0,-1.583335e-02
1.071481e-03,-9.734548e+00,8.852745e+00,1.896155e-02,3.343373e+00,-1.730134e+00,-2.152621e+00,-1.823018e+00,-1.935606e+00,-7.295115e+00,-8.065613e+00,-7.252537e+00,2.152350e+00,4.714415e-02,0,5.255381e-01,-3.140699e-06,-1.250017e-01,1.302052e-02,4.471276e-01,-2.645468e-01,4.479218e-01,1.114528e+00,-7.827684e-01,9.150656e-01,-6.939597e-02,8.144575e-01,-4.742611e-01,-6.933666e-01,4.472650e-03,0,-4.669394e-02
1.067850e-03,-9.777913e+00,8.704694e+00,-1.652978e-01,2.165538e+00,-2.350448e-01,1.373213e-01,-3.577530e+00,-1.246379e+00,-7.876259e+00,-4.968184e+00,-6.760690e+00,8.235323e-01,5.500151e-02,0,5.125317e-01,-1.758749e-05,-7.491378e-02,-1.012341e-01,2.199976e-01,-5.406122e-01,5.164512e-01,1.177639e+00,-5.316005e-01,1.108398e+00,7.816882e-02,1.054277e+00,-5.542730e-01,-9.538065e-01,6.497431e-03,0,-9.385741e-02
1.040683e-03,-9.834237e+00,8.814014e+00,7.376634e-01,1.663880e+00,-2.008576e-01,8.590835e-01,-4.563647e+00,2.461484e-01,-6.655515e+00,-3.889040e+00,-9.077299e+00,-5.672786e-01,5.893019e-02,0,3.365887e-01,-2.420463e-05,-1.550297e-01,-2.531864e-01,6.392656e-02,-2.918964e-01,3.309091e-01,8.832587e-01,6.617621e-01,7.280331e-01,2.964193e-01,6.485962e-01,-6.749473e-01,-9.712409e-01,5.862800e-03,0,-1.396649e-01
9.954487e-04,-9.855210e+00,8.241067e+00,-4.309830e-01,1.641508e+00,4.215984e-02,1.714563e+00,-2.412744e+00,7.480490e-01,-6.957296e+00,-4.294563e+00,-8.486900e+00,-1.174161e+00,6.829858e-02,0,1.669588e-01,-2.023724e-05,-3.523281e-01,-3.704901e-01,3.929878e-02,1.005879e-01,3.489049e-01,6.055332e-01,1.701166e+00,-4.331300e-02,3.495154e-01,-2.189003e-01,-4.073837e-01,-8.339821e-01,2.236325e-03,0,-1.361652e-01
9.866584e-04,-1.047105e+01,7.818626e+00,4.714370e-01,2.145905e+00,-2.141912e-01,1.475052e+00,9.033990e-01,7.073451e-01,-6.272499e+00,-5.159443e+00,-9.764169e+00,-1.705008e+00,6.980962e-02,0,0,-1.543108e-06,-6.266474e-01,-3.346210e-01,1.840930e-01,6.151407e-01,8.676937e-01,8.328886e-01,1.719532e+00,-9.024957e-01,-2.860398e-02,-3.363400e-01,3.293587e-01,-6.792539e-01,-5.772137e-03,0,-8.401363e-02
9.936759e-04,-1.122115e+01,7.349937e+00,1.643093e-01,2.427465e+00,1.516146e+00,2.857003e+00,2.194776e+00,-1.693543e+00,-6.320190e+00,-5.427485e+00,-8.454174e+00,-2.777514e+00,6.074343e-02,0,0,1.274347e-05,-7.927994e-01,-1.916876e-01,4.154317e-01,8.479753e-01,1.438060e+00,1.185412e+00,6.803373e-01,-1.485785e+00,-1.823158e-01,-2.504785e-01,6.849747e-01,-6.091630e-01,-1.296464e-02,0,-3.339176e-02
1.033854e-03,-1.228450e+01,7.586474e+00,1.360482e+00,4.346605e+00,3.400618e+00,4.452306e+00,1.730251e+00,-3.045535e+00,-7.117088e+00,-5.004280e+00,-7.446869e+00,-3.161872e+00,3.384708e-02,0,0,1.145385e-05,-8.188092e-01,-1.478453e-01,2.958604e-01,8.292691e-01,1.764800e+00,1.561276e+00,-3.212747e-01,-1.829240e+00,-4.693688e-01,-1.005802e-01,1.386982e+00,-5.548571e-01,-1.009369e-02,0,0
1.035568e-03,-1.291248e+01,7.398705e+00,1.201653e+00,4.781034e+00,5.425055e+00,6.152996e+00,5.755170e-01,-4.804438e+00,-7.446581e+00,-5.624537e+00,-6.220677e+00,-3.491544e+00,2.145663e-02,0,0,3.177091e-06,-7.459509e-01,-1.667373e-01,2.764539e-01,3.334838e-01,1.162442e+00,1.021815e+00,-4.388214e-01,-8.645507e-01,-2.147064e-01,-9.368563e-02,1.127419e+00,-5.507457e-01,1.420369e-03,0,0
1.022981e-03,-1.371943e+01,7.055016e+00,1.432067e+00,5.115466e+00,6.655353e+00,7.633438e+00,1.066551e-01,-6.883408e+00,-8.056148e+00,-5.563818e+00,-3.946009e+00,-4.122278e+00,3.898459e-02,0,0,-7.985637e-06,-6.579920e-01,-2.248813e-01,-1.527791e-02,-1.966617e-01,3.276846e-01,-3.806462e-02,-1.001357e-01,3.428939e-01,4.331880e-01,5.816687e-01,9.413177e-01,-4.793552e-01,9.217286e-03,0,0
1.014997e-03,-1.423344e+01,6.781980e+00,1.510787e+00,3.710453e+00,5.700991e+00,6.375513e+00,8.124672e-01,-4.097360e+00,-6.924192e+00,-5.616144e+00,-4.567511e+00,-5.051039e+00,6.527652e-02,0,0,-1.947989e-06,-7.477951e-01,-1.390396e-01,-1.528437e-01,-2.364117e-01,-4.369646e-01,-1.315166e+00,2.525950e-01,2.224023e+00,9.172668e-01,1.172496e+00,7.313735e-01,-5.822077e-02,3.475370e-03,0,0
1.004211e-03,-1.491398e+01,6.770430e+00,1.129526e+00,3.898587e+00,4.901073e+00,4.150725e+00,1.111098e+00,-1.684604e+00,-5.212343e+00,-2.100133e+00,-3.566863e+00,-4.778901e+00,5.802357e-02,0,0,-2.310332e-06,-8.880933e-01,-2.573110e-01,-4.415898e-01,-2.368778e-01,-4.148437e-01,-1.471150e+00,6.546156e-01,3.318790e+00,1.536249e+00,1.942425e+00,9.226693e-01,5.177737e-01,-7.464491e-03,0,0
1.035214e-03,-1.605418e+01,6.845800e+00,5.887049e-01,4.207415e+00,4.117372e+00,1.318521e+00,1.336271e+00,3.716278e+00,-4.282149e+00,-1.493897e+00,-2.753382e+00,-3.454336e+00,2.931399e-02,0,0,-3.469607e-06,-1.048490e+00,-4.191278e-01,-5.487117e-01,-1.905251e-01,2.512317e-01,-4.859739e-01,7.503578e-01,3.107795e+00,1.576135e+00,2.084527e+00,1.464061e+00,1.012988e+00,-1.024479e-02,0,0
1.001322e-03,-1.724953e+01,5.736551e+00,-3.148411e-01,3.682595e+00,5.372944e+00,2.806183e+00,3.117831e+00,5.803723e+00,-1.695923e+00,2.087184e+00,-2.397268e-01,-2.331761e+00,1.964340e-02,0,0,-9.110139e-06,-8.623427e-01,-7.526042e-01,-6.821205e-01,-7.924230e-01,4.983432e-01,4.457735e-01,6.411545e-01,2.089528e+00,1.273152e+00,1.836843e+00,1.330926e+00,1.310173e+00,-6.950738e-04,0,0
9.990941e-04,-1.830812e+01,5.203280e+00,-5.105886e-01,2.865824e+00,6.721214e+00,4.617914e+00,3.560889e+00,7.697450e+00,-8.017250e-01,2.712833e+00,1.089224e+00,-1.209671e+00,3.324267e-02,0,0,-1.302701e-05,-4.788693e-01,-8.081505e-01,-4.678255e-01,-8.909820e-01,3.761202e-01,4.133253e-01,-1.062381e-01,3.758192e-03,3.615237e-01,1.477507e+00,8.075687e-01,1.473909e+00,1.326685e-02,0,0
9.767200e-04,-1.809872e+01,3.828669e+00,-1.731430e+00,6.072676e-01,6.090868e+00,4.729896e+00,3.204561e+00,6.772449e+00,-5.867926e-01,4.980719e+00,1.166462e+00,6.496320e-01,5.258386e-02,0,0,-2.759299e-06,-1.156466e-01,-5.717185e-01,1.418458e-02,-6.522230e-01,-2.569249e-01,-2.692145e-01,-9.329472e-01,-1.374360e+00,-7.073306e-01,2.302179e-01,-9.555653e-02,1.316516e+00,2.339075e-02,0,0
9.823794e-04,-1.802392e+01,3.758989e+00,-1.042128e+00,1.290169e+00,5.639011e+00,2.423291e+00,7.617157e-01,3.250706e+00,-3.029096e+00,4.446870e+00,5.813662e-01,2.424510e+00,7.917800e-02,0,0,1.872377e-06,1.704426e-02,-1.772192e-01,5.878925e-01,-1.092764e-01,-7.566258e-01,-3.320888e-01,-9.610122e-01,-2.145117e+00,-1.126897e+00,-5.570552e-01,-3.928424e-01,7.311950e-01,2.435781e-02,0,0
9.958824e-04,-1.796986e+01,3.600105e+00,2.185146e-02,1.209308e+00,4.629421e+00,2.557422e+00,-1.473174e-01,1.155295e+00,-4.118890e+00,2.371255e+00,-4.635804e-01,2.433729e+00,1.136295e-01,0,0,4.483433e-06,-5.203171e-02,5.652473e-02,6.121174e-01,-3.552890e-03,-1.176073e+00,2.025506e-01,-5.455903e-01,-1.956702e+00,-4.695019e-01,-1.193275e+00,-1.555412e-01,2.224122e-02,1.438501e-02,0,0
9.988748e-04,-1.828733e+01,4.431467e+00,1.552233e+00,2.018421e+00,3.668808e+00,4.043707e+00,4.317671e-01,-2.195585e-01,-4.670160e+00,1.232289e+00,-5.996664e-02,1.554255e+00,1.245089e-01,0,0,2.700475e-06,-1.220219e-01,-4.451103e-02,7.735679e-02,-4.127144e-01,-1.494553e+00,5.301296e-01,3.477958e-01,-6.530215e-01,7.864228e-01,-6.396387e-01,4.412136e-01,2.118866e-01,1.480809e-03,0,0
9.908895e-04,-1.822718e+01,3.775053e+00,3.197646e-02,2.253768e-01,1.195606e+00,4.932440e+00,6.415840e-01,-1.275928e+00,-2.113770e+00,6.216322e-01,7.094221e-01,1.195966e+00,1.018435e-01,0,0,3.949494e-06,-1.730507e-01,-1.880114e-01,-5.645505e-01,-4.768419e-01,-1.183133e+00,1.571174e-01,7.809362e-01,7.659475e-01,1.764663e+00,-6.941033e-03,6.087433e-01,6.913221e-01,-7.736477e-03,0,0
9.983783e-04,-1.850537e+01,3.448959e+00,-6.604065e-01,-2.814379e-01,-1.168461e-01,3.886430e+00,2.106244e+00,1.201210e+00,-9.954134e-02,2.123488e+00,2.200933e+00,4.102825e+00,9.247506e-02,0,0,1.033124e-05,-1.974163e-01,-1.546339e-01,-6.546260e-01,-2.437719e-01,-5.391190e-01,-4.113433e-01,9.252766e-01,1.928242e+00,1.267525e+00,1.086696e-02,3.773057e-01,1.196091e+00,-7.494712e-03,0,0
1.015878e-03,-1.872609e+01,3.151301e+00,-1.694582e+00,-2.497172e-02,6.065806e-01,3.421647e+00,2.920125e+00,4.274649e+00,2.419116e+00,1.890950e+00,1.449686e+00,4.616055e+00,9.096404e-02,0,0,1.299005e-05,-3.346786e-01,-5.348377e-02,-2.716264e-01,4.297665e-01,4.244849e-01,-3.028638e-01,9.424416e-01,1.988619e+00,-1.217606e-01,-4.683883e-01,-1.058042e-01,7.707190e-01,-1.021457e-02,0,0
1.038037e-03,-1.902496e+01,3.970173e+00,-8.576179e-01,9.247360e-01,1.267726e+00,2.742387e+00,3.918880e+00,6.646366e+00,-5.989755e-01,6.519652e-01,1.456430e+00,5.824666e+00,9.247506e-02,0,0,9.227520e-06,-3.527226e-01,6.024814e-03,-1.355633e-01,5.605544e-01,7.675099e-01,-3.309853e-02,7.303244e-01,1.152993e+00,-8.931808e-01,-6.021306e-01,-6.966085e-01,-5.659223e-02,-1.798126e-02,0,0
1.036011e-03,-1.964078e+01,3.247027e+00,-1.227550e+00,1.771122e+00,2.625744e+00,3.990143e+00,4.447474e+00,5.944592e+00,-2.472856e+00,-9.845479e-01,5.526530e-01,4.188641e+00,5.077063e-02,0,0,4.963740e-06,-2.749910e-01,-1.132700e-02,-1.112055e-01,4.524744e-01,5.679456e-01,1.873254e-01,4.606820e-01,3.884198e-01,-4.224474e-01,3.800564e-01,-4.982857e-01,-7.341715e-01,-2.190994e-02,0,0
1.034450e-03,-1.981164e+01,3.431220e+00,-1.571739e+00,1.623287e+00,2.711122e+00,3.436689e+00,4.994192e+00,6.131207e+00,-2.119460e+00,5.505843e-01,-8.335929e-01,4.033571e+00,2.266546e-02,0,0,3.393518e-06,-8.641396e-02,-6.871493e-02,-3.532563e-01,3.702936e-01,4.057275e-01,3.223562e-01,1.456268e-01,-2.945086e-01,7.456058e-01,1.271369e+00,-1.462861e-01,-9.669672e-01,-8.461771e-03,0,0
1.042490e-03,-1.970770e+01,3.364143e+00,-1.893548e+00,1.888124e+00,2.724611e+00,4.011123e+00,4.685879e+00,6.474327e+00,1.067121e+00,3.841923e+00,1.032689e-01,1.840745e+00,1.631913e-02,0,0,4.965998e-06,7.089958e-02,9.043994e-02,-3.889584e-01,3.740547e-01,3.023206e-01,3.030794e-01,9.594788e-02,-7.741922e-01,9.250261e-01,1.468126e+00,4.842495e-01,-4.932842e-01,2.514355e-02,0,0
1.051764e-03,-1.942356e+01,3.568041e+00,-2.290900e+00,2.717703e+00,3.246930e+00,4.343678e+00,4.527811e+00,4.908955e+00,1.359065e+00,4.595574e+00,9.496911e-01,2.163778e+00,6.739196e-02,0,0,5.666178e-06,5.440082e-02,1.836509e-01,-3.406413e-01,3.812495e-01,4.414727e-01,3.156320e-01,-8.618689e-02,-1.337866e+00,2.529226e-01,4.600464e-01,1.498253e-01,-1.619597e-01,5.252342e-02,0,0
1.052183e-03,-1.948032e+01,3.630817e+00,-2.812761e+00,3.094188e+00,3.869443e+00,5.052045e+00,5.160404e+00,2.684756e+00,4.130120e-01,4.333585e+00,2.082259e+00,2.657116e+00,1.541251e-01,0,0,1.733052e-06,5.936527e-02,3.849107e-01,-2.540651e-01,-1.636758e-01,2.295471e-01,-1.230161e-01,-2.309727e-01,-9.419094e-01,2.069876e-02,-1.900864e-01,-8.869537e-01,-9.851913e-02,5.400423e-02,0,0
1.057934e-03,-1.965333e+01,4.216137e+00,-2.815339e+00,2.926503e+00,4.346069e+00,4.494389e+00,4.325995e+00,1.336663e+00,-5.277924e-01,2.604985e+00,-1.073961e+00,2.815587e+00,2.163796e-01,0,0,-1.821318e-06,1.663969e-01,3.652661e-01,-1.069135e-01,-6.715032e-01,-9.958401e-02,-5.882205e-01,-5.342059e-01,3.787285e-01,5.724833e-01,3.845041e-02,-1.198900e+00,-3.691689e-01,1.894832e-02,0,0
1.048071e-03,-1.929600e+01,4.964648e+00,-2.901654e+00,9.653454e-01,3.322777e+00,3.320688e+00,3.631924e+00,3.550925e+00,2.114043e+00,3.886786e+00,-3.319674e+00,1.022245e+00,2.118465e-01,0,0,-1.872727e-06,2.238161e-01,2.137808e-01,1.851321e-01,-6.655872e-01,-2.976766e-01,-1.114484e+00,-6.057137e-01,1.279496e+00,1.090304e+00,3.349248e-01,-2.477989e-01,-3.268115e-01,-2.051979e-02,0,0
1.044714e-03,-1.868374e+01,4.727456e+00,-2.781021e+00,4.246084e-01,3.022343e+00,2.268255e+00,2.621022e+00,6.369513e+00,3.370966e+00,5.011226e+00,-2.343843e+00,1.135369e+00,1.332729e-01,0,0,2.058141e-06,1.408527e-01,-1.150411e-01,2.021461e-01,-2.053158e-01,-2.761148e-01,-1.159972e+00,-7.076191e-01,1.147457e+00,9.204149e-01,2.731273e-01,1.455606e+00,-1.768625e-02,-3.031128e-02,0,0
1.049430e-03,-1.884603e+01,4.444062e+00,-1.904260e+00,1.017199e+00,3.042923e+00,5.926939e-01,2.984322e+00,6.565811e+00,3.915153e+00,4.805089e+00,1.478205e+00,1.863168e+00,9.307948e-02,0,0,6.872136e-06,1.851294e-01,-2.959891e-01,5.903735e-02,2.853268e-01,-5.003101e-01,-1.236872e+00,-8.320376e-01,-4.910717e-02,-1.674407e-01,-7.873982e-01,1.899528e+00,-2.945685e-02,-5.318827e-03,0,0
1.067545e-03,-1.917405e+01,3.901225e+00,-2.303306e+00,1.873997e+00,3.105422e+00,5.852310e-02,1.111701e+00,5.566508e+00,3.173727e+00,3.511470e+00,3.805131e+00,2.306694e+00,1.242067e-01,0,0,1.675597e-05,9.305058e-01,-4.167213e-01,-4.304078e-01,2.180990e-01,-1.039912e+00,-1.265980e+00,-9.502404e-01,-9.076777e-01,-6.551493e-01,-1.415084e+00,6.889170e-01,-6.926480e-01,2.000604e-02,0,3.018247e-02
1.071016e-03,-1.812520e+01,3.897818e+00,-2.845325e+00,1.667285e+00,7.796869e-01,-1.758806e+00,2.263962e-01,3.706892e+00,1.375459e+00,6.996732e-01,3.103481e+00,2.892978e-01,1.897854e-01,0,0,2.672535e-05,1.994867e+00,-4.500994e-01,-8.297065e-01,-4.155138e-01,-1.935843e+00,-1.682863e+00,-5.804161e-01,-7.459174e-01,-1.260145e+00,-1.616523e+00,-4.212843e-01,-1.010634e+00,1.000302e-02,0,4.527370e-02
1.117701e-03,-1.439163e+01,2.916971e+00,-4.462528e+00,1.190061e+00,-1.045597e+00,-2.885895e+00,-7.512178e-01,3.260584e+00,1.365066e+00,-1.148862e-02,2.881047e-01,-1.540936e+00,1.849501e-01,0,1.509123e-01,2.835880e-05,1.903130e+00,-3.457367e-01,-6.015515e-01,-5.853928e-01,-1.566426e+00,-1.125192e+00,-2.372140e-03,-3.917270e-01,-1.004338e+00,-8.052279e-01,-4.523457e-01,-3.723182e-01,-2.487156e-02,0,4.527370e-02
1.157979e-03,-1.126291e+01,2.685692e+00,-4.973182e+00,-7.184017e-01,-4.560785e+00,-6.349409e+00,1.013700e+00,3.989186e+00,-1.481243e+00,-1.516047e+00,1.130296e+00,-1.266188e+00,1.127229e-01,0,1.509123e-01,1.066329e-05,4.201161e-01,-2.004185e-01,-1.152035e-01,-4.730908e-01,-5.314831e-01,1.885526e-01,4.064200e-01,1.707657e-01,-5.722465e-01,4.929464e-01,6.812943e-01,1.265979e+00,-5.104261e-02,0,0
1.165858e-03,-1.308954e+01,2.778605e+00,-4.247135e+00,1.398765e-01,-2.056470e+00,-3.272135e+00,7.061881e-01,3.466726e+00,-4.196113e-01,5.931899e-01,2.529994e+00,1.222846e+00,3.838018e-02,0,1.509123e-01,-2.542140e-05,-1.519386e+00,1.403311e-01,4.590106e-01,2.469324e-01,8.204848e-01,1.443373e+00,5.338519e-01,-1.876655e-01,3.445518e-01,2.066332e+00,1.669437e+00,2.333504e+00,-4.161378e-02,0,-4.527370e-02
1.100254e-03,-1.667566e+01,2.964908e+00,-3.529039e+00,-1.730771e-01,-1.372292e+00,-6.229225e-01,1.529793e+00,4.457650e+00,-5.934348e-01,2.862066e+00,5.389007e+00,5.237304e+00,7.857359e-03,0,0,-4.511578e-05,-2.170051e+00,2.648702e-01,6.334958e-01,7.604977e-01,1.744803e+00,1.620263e+00,7.899699e-02,-7.639070e-01,8.918368e-01,2.409479e+00,1.576313e+00,2.302112e+00,-4.774857e-03,0,-4.527370e-02
1.019456e-03,-1.928219e+01,3.479018e+00,-2.889546e+00,2.152060e+00,1.462581e+00,1.467727e+00,1.659995e+00,2.088025e+00,2.643921e+00,8.131115e+00,6.505933e+00,6.874839e+00,2.931399e-02,0,0,-3.839568e-05,-1.422544e+00,3.348304e-01,4.605052e-01,5.688834e-01,1.795775e+00,4.560220e-01,-2.238127e-01,-9.751478e-01,3.323743e-01,1.364365e+00,9.728225e-01,9.146038e-01,2.934421e-02,0,-3.018247e-02
1.005601e-03,-1.901684e+01,3.659836e+00,-2.484497e+00,2.077995e+00,2.403704e+00,-6.180223e-01,9.317816e-01,8.590013e-01,1.446175e+00,6.762386e+00,7.023893e+00,7.418373e+00,9.338168e-02,0,0,-8.220761e-06,-5.535465e-01,1.868210e-01,4.150956e-01,1.603362e-01,2.001117e+00,4.462396e-01,-2.121773e-01,-8.994021e-01,-7.819036e-01,-5.484416e-01,1.011733e-01,-5.412567e-01,3.831973e-02,0,0
1.021206e-03,-1.903167e+01,4.105293e+00,-2.466880e+00,1.858757e+00,5.034408e+00,-9.944752e-01,-1.138694e-01,3.903106e-01,2.224557e-01,5.464853e+00,6.576664e+00,4.705330e+00,1.423391e-01,0,0,1.260228e-05,-1.333261e-01,-2.130260e-01,3.304974e-01,-2.535522e-01,1.310133e+00,7.872914e-01,3.598083e-01,-8.531453e-02,-1.778399e+00,-2.117421e+00,-6.537176e-01,-1.472583e+00,1.583560e-02,0,0
1.058275e-03,-1.956865e+01,3.585876e+00,-1.664894e+00,7.752554e-01,6.847381e+00,2.839376e+00,1.355839e+00,8.094962e-01,-3.292220e+00,1.452989e+00,5.859508e+00,3.615775e+00,1.429435e-01,0,0,8.168640e-05,-1.744232e-01,-4.939038e-01,2.340424e-01,5.073817e-02,4.496659e-01,1.884148e+00,1.228737e+00,1.797808e-01,-1.359396e+00,-1.536005e+00,-1.166652e+00,-1.506767e+00,-1.529163e-02,0,0
1.056131e-03,-1.967291e+01,2.450868e+00,-1.646861e+00,1.535669e+00,5.791409e+00,3.675485e+00,3.247008e+00,1.686205e+00,-3.878875e+00,1.987096e-01,3.819537e+00,1.413224e+00,8.371109e-02,0,0,3.058857e-04,2.159069e-01,-3.063875e-01,-1.921416e-02,2.589807e-01,-1.247687e+00,1.397259e+00,1.445340e+00,4.230363e-01,-3.847331e-01,-6.815950e-01,-1.745479e+00,-7.740946e-01,-2.762164e-02,0,0
1.396570e-03,-1.956833e+01,2.017529e+00,-1.724295e+00,2.493230e+00,4.273533e+00,6.467739e+00,5.395027e+00,1.109958e+00,-3.300140e+00,1.715433e+00,2.569198e+00,1.530591e+00,4.623753e-02,0,0,4.035688e-04,1.227989e+00,2.973292e-01,-2.881533e-01,5.155962e-02,-2.183330e+00,-1.166680e-01,7.488638e-01,3.060395e-01,5.618924e-01,4.517082e-01,-2.304705e+00,-3.258543e-01,-1.151405e-02,0,3.296156e-02
2.381487e-03,-1.795230e+01,3.357529e+00,-2.533251e+00,2.294673e+00,8.289846e-02,4.177638e+00,5.093238e+00,2.355261e+00,-1.697250e+00,1.925656e+00,-5.055737e-01,1.877449e+00,5.258386e-02,0,0,3.104193e-04,1.935466e+00,8.982680e-01,-1.851700e-01,-3.711398e-01,-2.128063e+00,-1.581874e+00,-5.283746e-01,-4.357419e-02,6.481804e-01,-1.360976e-01,-2.729268e+00,-2.558564e-01,1.320641e-02,0,4.944234e-02
2.413441e-03,-1.428901e+01,4.619192e+00,-2.662466e+00,6.535513e-01,-1.215013e+00,2.004960e+00,4.177042e+00,2.005166e+00,-1.573571e+00,2.848057e+00,-3.501460e+00,1.754391e+00,1.009368e-01,0,1.648078e-01,-6.720831e-05,1.542758e+00,7.530140e-01,1.647042e-01,-2.880709e-01,-9.460670e-01,-2.073797e+00,-9.435054e-01,-4.006042e-02,4.678690e-01,-9.804722e-01,-2.219465e+00,-4.915467e-01,2.088244e-02,0,4.944234e-02
2.099792e-03,-1.263524e+01,5.641377e+00,-2.103625e+00,5.998092e-01,-2.104633e+00,-2.002494e+00,1.214128e+00,1.020730e+00,-1.501258e+00,-1.048090e+00,-6.791475e+00,2.204180e-02,1.223935e-01,0,1.648078e-01,-3.319661e-04,-1.947360e-01,7.003474e-02,2.440266e-01,1.171155e-01,5.662168e-01,-6.898078e-01,-3.456103e-01,8.794145e-02,4.345751e-01,-1.129898e+00,-1.051194e-01,-5.974624e-01,4.865519e-03,0,0
1.201376e-03,-1.451307e+01,4.640675e+00,-1.115586e+00,1.900308e+00,6.369640e-01,-8.111792e-01,2.617056e+00,1.576921e+00,-1.058791e+00,-1.700054e+00,-5.385176e+00,5.607605e-04,1.157449e-01,0,1.648078e-01,-9.903871e-05,-2.090485e+00,-7.481894e-01,-6.429343e-01,-3.819289e-01,1.447903e+00,4.914021e-01,4.635847e-01,8.167928e-01,6.772870e-01,-2.752486e-01,2.188835e+00,-1.386504e-01,-1.151405e-02,0,-4.944234e-02
1.327689e-03,-1.881395e+01,3.696961e+00,-2.086558e+00,2.256873e+00,1.987994e+00,2.136668e+00,4.145180e+00,3.009091e+00,2.182355e-01,-1.449779e+00,-8.931319e-02,-2.329480e-01,6.950741e-02,0,0,6.549117e-04,-2.910169e+00,-8.345772e-01,-1.995770e+00,-1.961306e+00,1.995022e+00,8.592081e-01,3.381701e-01,1.185781e+00,8.138244e-01,1.205958e+00,3.282055e+00,1.848355e-01,-7.494708e-03,0,-4.944234e-02
2.304299e-03,-2.165209e+01,1.850453e+00,-5.885672e+00,-2.084625e+00,3.978188e+00,2.392389e+00,5.029439e+00,5.094949e+00,9.531177e-01,1.672658e+00,4.091631e+00,1.188633e+00,6.980962e-02,0,0,1.589919e-03,-2.786433e+00,-1.645097e-01,-2.699930e+00,-3.365443e+00,1.678155e+00,2.830886e-02,-4.243272e-01,1.455614e+00,9.515038e-01,1.984456e+00,2.643515e+00,1.489481e-01,1.598670e-02,0,-3.296156e-02
4.822889e-03,-2.361658e+01,2.863602e+00,-9.697431e+00,-7.214254e+00,6.199865e+00,6.917624e-01,1.698786e+00,5.190621e+00,1.561910e+00,3.295342e+00,4.880395e+00,3.521828e-01,1.078876e-01,0,0,1.785326e-03,-1.978301e+00,6.330898e-01,-1.798997e+00,-2.996962e+00,1.125388e+00,-3.479661e-01,-4.387029e-01,1.708460e+00,9.218395e-01,1.670536e+00,9.203418e-01,2.560357e-01,3.828951e-02,0,0
7.403373e-03,-2.604392e+01,4.234806e+00,-1.080980e+01,-1.019134e+01,6.921801e+00,5.281790e-02,1.718617e+00,7.764227e+00,3.026891e+00,5.849667e+00,5.347547e+00,4.527357e-01,1.764884e-01,0,0,9.168714e-04,-3.779053e-01,7.050083e-01,2.031960e-01,-1.272473e+00,-3.656447e-01,-2.596044e-01,4.596913e-03,1.043634e+00,-1.856411e-02,2.870992e-01,-6.807029e-01,1.365759e-01,3.354488e-02,0,0
7.704780e-03,-2.650954e+01,5.670233e+00,-8.619477e+00,-8.674577e+00,6.143127e+00,1.566623e+00,3.607077e+00,1.021675e+01,3.790547e+00,4.814397e+00,3.884438e+00,1.415179e+00,2.076156e-01,0,0,-5.302506e-04,1.969500e+00,-3.749734e-01,1.603540e+00,3.237258e-01,-1.683122e+00,-2.090184e-01,9.795585e-01,-2.465364e-01,-1.855843e+00,-1.289974e+00,-2.572851e+00,1.086504e-01,6.799635e-03,0,4.037993e-02
5.447710e-03,-2.209513e+01,3.972178e+00,-5.408668e+00,-7.716830e+00,2.178333e+00,6.569369e-01,4.098279e+00,7.800055e+00,-2.540213e-01,2.348627e+00,1.186096e+00,1.340014e+00,1.876700e-01,0,0,-1.422443e-03,4.144293e+00,-1.767086e+00,1.594599e+00,9.451662e-01,-1.967911e+00,-2.840454e-01,1.521987e+00,-1.590152e+00,-3.308147e+00,-2.491407e+00,-4.520125e+00,-5.881808e-01,-2.550619e-02,1.362482e+01,1.097278e-01
3.149468e-03,-1.574347e+01,1.120049e+00,-4.380297e+00,-6.832881e+00,1.559892e-01,-6.553891e-01,5.406747e+00,3.940025e+00,-6.076849e+00,-1.404007e+00,-5.903131e+00,4.517955e-01,1.362949e-01,0,2.018997e-01,-1.229080e-03,4.709651e+00,-2.684066e+00,3.052507e-01,6.956229e-01,-1.242812e+00,-7.226189e-01,2.017604e+00,-1.450737e+00,-2.918424e+00,-2.104639e+00,-5.312052e+00,-1.084143e+00,-4.143246e-02,3.401063e+01,1.850693e-01
2.568816e-03,-1.070549e+01,-2.325534e+00,-4.956393e+00,-6.386359e+00,7.581393e-02,-2.564031e-01,8.428718e+00,2.951832e+00,-8.580146e+00,-3.498168e+00,-1.235929e+01,-2.006477e+00,8.461771e-02,6.812411e+01,4.476893e-01,-4.362265e-04,3.564773e+00,-2.766374e+00,-9.124169e-01,4.004213e-01,-5.452109e-01,-6.929675e-01,1.878853e+00,-1.242277e-01,-8.517767e-01,-9.379060e-01,-4.322937e+00,-8.046467e-01,-3.762466e-02,5.406349e+01,2.015532e-01
2.998827e-03,-8.656109e+00,-4.601242e+00,-7.319361e+00,-5.861698e+00,9.803247e-01,-1.589802e+00,1.152988e+01,5.387179e+00,-6.638513e+00,-2.785398e+00,-1.590313e+01,-2.332290e+00,5.197945e-02,1.359911e+02,7.015020e-01,1.434225e-04,1.977729e+00,-2.333809e+00,-1.292352e+00,6.115751e-02,-1.001429e+00,-1.059925e+00,4.756798e-01,6.504825e-01,7.957274e-01,5.979940e-01,-2.109912e+00,5.695410e-02,-2.375340e-02,5.319605e+01,1.454165e-01
3.341898e-03,-7.814951e+00,-6.999046e+00,-8.501221e+00,-6.200315e+00,-9.598892e-01,-2.340695e+00,1.043098e+01,6.455339e+00,-4.232073e+00,-1.650208e+00,-1.542859e+01,-1.291176e+00,4.170444e-02,2.023219e+02,7.579646e-01,2.303575e-04,9.268337e-01,-1.720487e+00,-1.056495e+00,-6.271429e-02,-1.898014e+00,-1.072045e+00,-1.682469e+00,5.501636e-01,9.727961e-01,1.177552e+00,-2.705638e-01,4.695347e-01,-1.103052e-02,3.158000e+01,7.404065e-02
3.480039e-03,-7.300095e+00,-8.212239e+00,-9.069642e+00,-6.620116e+00,-4.333305e+00,-4.912867e+00,6.784015e+00,5.440684e+00,-4.272249e+00,6.619822e-01,-1.491805e+01,3.789155e-01,3.898459e-02,1.988813e+02,7.738445e-01,9.111490e-05,5.823707e-01,-8.596801e-01,-7.123715e-01,1.753648e-01,-2.106490e+00,-6.209180e-01,-2.948722e+00,2.212563e-02,8.502851e-01,6.326466e-01,4.575019e-01,8.867364e-02,-4.865518e-03,1.030346e+01,1.891384e-02
3.479997e-03,-6.749325e+00,-9.122470e+00,-9.363730e+00,-6.320721e+00,-6.757444e+00,-3.955093e+00,2.389305e+00,5.675897e+00,-4.899298e+00,6.658991e-01,-1.420465e+01,-1.014406e+00,3.596253e-02,1.945790e+02,7.817213e-01,-7.194788e-05,6.167608e-01,6.329183e-02,-5.787228e-01,7.550820e-01,-1.493722e+00,2.798352e-01,-2.786503e+00,-3.015671e-02,1.519831e+00,-3.348487e-01,5.465897e-01,-6.757855e-01,-4.049562e-03,-3.296068e+00,4.920674e-03
3.385352e-03,-6.277069e+00,-7.837931e+00,-1.044996e+01,-4.924671e+00,-6.653346e+00,-3.887193e+00,8.071070e-01,5.887528e+00,-2.053475e+00,-7.802191e-01,-1.422758e+01,-2.027307e+00,3.052282e-02,1.913798e+02,7.841929e-01,-2.580463e-04,6.508335e-01,9.280480e-01,-1.978967e-01,1.299664e+00,-3.578644e-01,1.065282e+00,-1.965999e+00,-2.134876e-01,2.761352e+00,-1.045919e+00,5.930308e-01,-9.509851e-01,-3.989120e-03,-2.733600e+00,-9.881526e-03
3.029503e-03,-5.242661e+00,-6.869741e+00,-1.070467e+01,-3.272628e+00,-7.268480e+00,-1.454356e+00,-5.130817e-01,6.081133e+00,2.257696e+00,-2.603351e+00,-1.304087e+01,-3.466992e+00,2.568752e-02,1.895923e+02,7.773938e-01,-4.320784e-04,5.435241e-01,1.948277e+00,7.104716e-01,1.319883e+00,3.729754e-01,4.809024e-01,-1.393615e+00,-4.356232e-01,2.946145e+00,-7.338037e-01,5.349518e-01,-9.178345e-01,-2.508310e-03,-1.871050e+00,-2.453768e-02
2.415055e-03,-4.799260e+00,-4.698364e+00,-9.388654e+00,-1.645844e+00,-5.867109e+00,-8.368270e-01,-1.594788e+00,4.170628e+00,5.956012e+00,-2.932989e+00,-1.253478e+01,-3.149717e+00,2.417649e-02,1.877067e+02,7.266006e-01,-5.260176e-04,2.910742e-01,2.434457e+00,1.433749e+00,1.021181e+00,9.178566e-01,-7.034639e-01,-1.468153e+00,-9.430957e-01,1.633686e+00,1.369714e-01,7.548051e-01,-9.874414e-01,1.511037e-04,-1.064473e+00,-3.165270e-02
1.804753e-03,-4.770608e+00,-9.508657e-01,-6.342027e+00,-1.360719e+00,-5.285685e+00,-3.075764e+00,-3.377823e+00,4.356231e+00,5.826681e+00,-1.926734e+00,-1.237630e+01,-5.042373e+00,2.659414e-02,1.870603e+02,6.878290e-01,-4.308169e-04,-2.304907e-02,2.280914e+00,1.023100e+00,5.258609e-01,1.234367e+00,-2.011508e+00,-1.249485e+00,-1.083482e+00,5.456136e-01,1.148987e+00,5.095045e-01,-8.989107e-01,1.994561e-03,-2.621765e-02,-1.900827e-02
1.367639e-03,-5.057724e+00,1.374915e+00,-5.462543e+00,-7.747207e-01,-3.055460e+00,-6.593808e+00,-5.101286e+00,2.034501e+00,4.330462e+00,-4.336701e-01,-1.078585e+01,-6.176823e+00,3.082502e-02,1.873235e+02,6.707118e-01,-1.809902e-04,-6.036077e-02,6.778566e-01,-5.460659e-01,8.324246e-02,8.105791e-01,-1.532351e+00,-8.146433e-01,-9.822649e-01,5.149158e-01,1.499287e+00,-2.218037e-01,-7.257068e-01,2.085222e-03,1.155408e+00,6.655103e-03
1.399126e-03,-5.228674e+00,1.498191e+00,-7.552228e+00,-1.078885e+00,-2.502470e+00,-8.633405e+00,-5.007256e+00,1.731788e+00,5.798540e+00,1.891924e+00,-1.136782e+01,-6.447993e+00,3.233605e-02,1.896528e+02,7.102969e-01,1.172485e-04,1.095759e-01,-1.154023e+00,-2.281896e+00,-4.873364e-01,4.095136e-01,-1.189601e-01,1.569691e-01,-8.400860e-01,1.226840e+00,1.263098e+00,-1.758674e+00,-8.275180e-02,6.950734e-04,2.088263e+00,2.556902e-02
1.712918e-03,-4.872031e+00,-2.533609e+00,-1.151388e+01,-1.370549e+00,-3.205821e+00,-5.719762e+00,-4.853288e+00,5.715252e-01,8.544662e+00,2.654119e+00,-1.414804e+01,-6.075441e+00,3.173164e-02,1.921874e+02,7.486422e-01,3.534434e-04,2.768089e-01,-2.107272e+00,-2.850819e+00,-1.192552e+00,1.015340e-01,1.165467e+00,9.047788e-01,-2.071629e-01,9.003574e-01,6.676382e-01,-3.015645e+00,1.680089e-01,-6.346332e-04,2.593558e+00,3.095874e-02
2.218356e-03,-4.315575e+00,-4.766717e+00,-1.472583e+01,-3.499487e+00,-3.162937e+00,-4.107587e+00,-2.716976e+00,8.872893e-01,9.853779e+00,2.844862e+00,-1.948857e+01,-5.506823e+00,2.961620e-02,1.950696e+02,7.767089e-01,4.442826e-04,2.730717e-01,-1.751663e+00,-2.204788e+00,-1.950635e+00,7.910389e-01,1.372220e+00,1.052349e+00,-4.067673e-02,-3.980906e-01,2.355896e-01,-2.953029e+00,6.076745e-01,-1.178604e-03,2.551051e+00,2.212257e-02
2.725241e-03,-4.130229e+00,-6.028993e+00,-1.612983e+01,-5.527182e+00,-2.217556e+00,-3.029382e+00,-1.722532e+00,1.420935e+00,6.804630e+00,2.428052e+00,-2.180370e+01,-5.807364e+00,2.901179e-02,1.975829e+02,7.922994e-01,4.258630e-04,3.528237e-02,-5.475289e-01,-1.128391e+00,-2.462821e+00,1.613169e+00,7.231354e-01,6.694515e-01,1.570782e-01,-1.532781e+00,2.580563e-01,-1.683196e+00,1.037064e+00,-1.087942e-03,2.359313e+00,1.296827e-02
3.114378e-03,-4.234217e+00,-5.512434e+00,-1.626819e+01,-8.753744e+00,9.585924e-01,-3.117493e+00,-1.310888e+00,1.103699e+00,4.678102e+00,3.182905e+00,-2.230514e+01,-3.543659e+00,2.780296e-02,1.997104e+02,7.990811e-01,3.546367e-04,-1.755956e-01,2.004627e-01,-4.885853e-01,-2.356528e+00,1.761168e+00,5.649185e-01,-1.969056e-01,-7.336728e-02,-1.453456e+00,6.384270e-01,-1.886782e-01,1.586563e+00,-6.648538e-04,2.169432e+00,6.415808e-03
3.394222e-03,-4.736298e+00,-4.898395e+00,-1.638466e+01,-1.105753e+01,2.799261e+00,-2.599133e+00,-2.209075e+00,1.248711e+00,3.468596e+00,3.775379e+00,-2.115574e+01,-1.871704e+00,2.719855e-02,2.016636e+02,8.022974e-01,3.084499e-04,-1.897106e-01,4.695024e-01,-5.099564e-01,-1.823592e+00,1.041484e+00,3.392986e-01,-7.197870e-01,-1.880320e-01,-8.102978e-01,1.334421e+00,6.250111e-01,1.693404e+00,-3.626473e-04,2.119089e+00,3.242111e-03
3.657049e-03,-4.890518e+00,-4.329703e+00,-1.704135e+01,-1.251695e+01,3.134494e+00,-1.498119e+00,-3.458233e+00,6.065649e-01,4.254517e+00,5.363333e+00,-2.075594e+01,4.581629e-01,2.719855e-02,2.038764e+02,8.037890e-01,2.852309e-04,-1.043708e-01,2.907791e-01,-8.685999e-01,-7.388514e-01,-3.916937e-01,-2.072255e-01,-9.394102e-01,-2.499005e-01,-6.263984e-01,1.948399e+00,9.129950e-01,9.488406e-01,2.719859e-04,2.075868e+00,2.211046e-03
3.996155e-03,-4.750631e+00,-4.272847e+00,-1.829304e+01,-1.276354e+01,1.901912e+00,-2.142576e+00,-4.247795e+00,7.293423e-01,2.964933e+00,8.009945e+00,-1.945324e+01,6.587445e-01,2.750076e-02,2.060953e+02,8.061561e-01,1.965077e-04,7.370119e-02,-1.755535e-01,-7.068604e-01,4.709952e-01,-1.741371e+00,-1.290529e+00,-5.702829e-01,-6.770602e-01,-5.135299e-01,2.082372e+00,1.132549e+00,-1.143348e-01,1.450590e-03,1.750702e+00,8.773744e-04
4.239566e-03,-4.748904e+00,-4.371313e+00,-1.965700e+01,-1.159499e+01,-5.512013e-01,-4.381899e+00,-4.988579e+00,1.138810e-01,1.797942e+00,1.080762e+01,-1.859141e+01,-6.468038e-02,2.901179e-02,2.078739e+02,8.082070e-01,-6.304342e-05,-5.885039e-02,-3.334084e-01,4.185127e-01,1.724407e+00,-2.321935e+00,-2.080057e+00,5.662904e-02,-1.135034e+00,-2.855311e-01,1.170885e+00,1.776099e+00,-1.386820e+00,3.263827e-03,2.903046e-01,-9.644806e-03
4.085502e-03,-4.438599e+00,-5.755357e+00,-1.861113e+01,-9.163528e+00,-4.064744e+00,-7.609885e+00,-4.295317e+00,-1.890248e+00,2.129235e+00,1.146510e+01,-1.657526e+01,-2.181956e+00,3.354488e-02,2.084184e+02,8.044752e-01,-3.290509e-04,-6.461320e-01,1.388421e-01,2.482960e+00,1.809739e+00,-2.012733e+00,-1.988216e+00,3.261254e-01,-1.422518e+00,1.038572e+00,-7.718962e-01,2.508674e+00,-1.941210e+00,4.412209e-03,-1.078056e+00,-2.464842e-02
3.297159e-03,-5.340786e+00,-5.255490e+00,-1.478974e+01,-5.694925e+00,-5.491853e+00,-9.164748e+00,-3.151326e+00,-3.758812e+00,3.244711e+00,9.490184e+00,-1.331444e+01,-5.055588e+00,4.049562e-02,2.041664e+02,7.564054e-01,-4.607400e-04,-1.170879e+00,9.389213e-01,4.112425e+00,1.176816e+00,-1.330939e+00,-1.261061e+00,3.005229e-01,-9.518074e-01,1.998859e+00,-2.368401e+00,2.774008e+00,-1.386569e+00,3.384709e-03,-1.459790e+00,-3.270876e-02
2.822104e-03,-7.685350e+00,-3.136548e+00,-8.311867e+00,-6.664879e+00,-5.691428e+00,-9.692234e+00,-3.535794e+00,-4.446901e+00,7.434408e+00,4.809180e+00,-9.548357e+00,-6.551851e+00,4.381989e-02,2.025588e+02,7.088149e-01,-3.304159e-04,-1.320230e+00,1.560701e+00,4.218168e+00,8.684206e-02,-1.370441e+00,-6.355506e-01,-6.018715e-02,9.096708e-02,1.740023e+00,-3.140928e+00,2.179878e+00,1.369652e-01,-2.719861e-04,1.938812e-01,-2.296484e-02
2.567565e-03,-8.979926e+00,-9.861112e-01,-4.244509e+00,-6.960242e+00,-6.392555e+00,-9.646029e+00,-3.865726e+00,-3.366830e+00,9.139652e+00,2.293568e+00,-8.234822e+00,-4.812581e+00,4.079783e-02,2.035048e+02,6.924934e-01,-1.252732e-04,-6.235683e-01,1.213784e+00,3.064460e+00,-2.267971e-01,-2.084815e+00,-3.366623e-01,7.853591e-02,6.678635e-01,-2.040565e-01,-2.541261e+00,1.254937e+00,1.757651e+00,-4.140224e-03,2.722383e+00,-3.055036e-04
2.798219e-03,-9.220177e+00,-8.654400e-02,-2.792907e+00,-8.096660e+00,-1.046660e+01,-1.054700e+01,-4.239053e+00,-1.631404e+00,7.881879e+00,-6.412344e-01,-8.215677e+00,-1.618634e+00,3.203385e-02,2.097186e+02,7.216070e-01,-1.496263e-05,4.648471e-02,6.689395e-01,1.750154e+00,1.988940e-02,-2.313602e+00,-8.465862e-02,3.092142e-01,1.883623e-01,-3.051137e+00,-1.486192e+00,7.749304e-01,2.059610e+00,-5.802358e-03,3.915845e+00,1.358959e-02
2.682735e-03,-7.691214e+00,-7.115717e-01,-2.226918e+00,-6.113020e+00,-1.352834e+01,-1.042068e+01,-2.407017e+00,-1.827242e+00,2.000692e+00,-4.909161e-01,-7.706091e+00,1.266057e+00,2.568752e-02,2.141984e+02,7.484818e-01,5.727482e-05,2.548729e-01,1.630415e-01,1.521606e+00,-2.299332e-01,-1.555763e+00,1.216568e-01,6.169336e-02,-1.088092e+00,-4.634677e+00,-2.659910e-01,7.728039e-01,1.511611e+00,-4.895739e-03,1.827913e+01,1.701545e-02
2.689706e-03,-8.097282e+00,7.087936e-02,-5.698921e-01,-6.989043e+00,-1.369154e+01,-9.728203e+00,-2.719077e+00,-4.274883e+00,-4.251799e+00,-1.229539e+00,-5.938071e+00,7.068780e-01,2.236325e-02,2.167912e+02,7.487686e-01,1.484046e-04,1.196149e-01,-6.963424e-02,1.918529e+00,-9.390023e-01,-2.439568e-01,4.440830e-01,-5.405158e-01,-2.272047e+00,-4.501910e+00,1.203228e+00,6.897875e-01,1.120916e+00,-2.810517e-03,3.865071e+01,1.396527e-02
2.908196e-03,-8.267009e+00,-2.496153e-01,2.252015e+00,-8.663716e+00,-1.255889e+01,-9.447143e+00,-4.317247e+00,-7.485552e+00,-7.966894e+00,1.257765e+00,-5.509606e+00,1.582719e+00,2.115443e-02,2.913641e+02,7.639899e-01,3.530710e-04,-3.787098e-02,-3.168972e-01,2.187102e+00,-2.238835e+00,3.824960e-01,4.104186e-01,-8.615677e-01,-2.467300e+00,-2.761549e+00,2.078329e+00,4.287604e-01,1.290232e+00,-1.299486e-03,5.903118e+01,1.379684e-02
3.427512e-03,-8.334205e+00,-6.656934e-01,4.560269e+00,-1.151632e+01,-1.217110e+01,-8.813350e+00,-5.986517e+00,-1.016248e+01,-9.643879e+00,4.500567e+00,-5.864983e+00,3.827617e+00,2.024781e-02,3.643893e+02,7.836793e-01,5.424474e-04,1.386398e-01,-6.383332e-01,1.725839e+00,-2.963635e+00,2.621884e-01,2.729363e-01,-1.847534e-02,-1.719082e+00,-8.802589e-01,2.462270e+00,-3.870020e-02,1.577211e+00,1.511037e-04,5.728178e+01,1.259484e-02
4.079187e-03,-7.762108e+00,-1.927771e+00,6.143509e+00,-1.504355e+01,-1.237608e+01,-8.826012e+00,-5.081136e+00,-1.121994e+01,-9.111015e+00,7.035676e+00,-5.598834e+00,6.156847e+00,2.024781e-02,4.355552e+02,8.000106e-01,6.043616e-04,2.088219e-01,-7.483968e-01,9.262545e-01,-3.119934e+00,-2.870712e-02,-5.892945e-03,1.383793e+00,-3.476651e-01,5.907668e-01,1.662022e+00,-2.588743e-01,7.722071e-01,1.903899e-03,1.962406e+01,4.539371e-03
4.816447e-03,-7.656534e+00,-2.281708e+00,6.113556e+00,-1.861730e+01,-1.247201e+01,-8.674087e+00,-2.429509e+00,-1.100310e+01,-8.081033e+00,8.192857e+00,-6.086958e+00,6.305869e+00,2.357208e-02,4.311045e+02,7.937325e-01,5.180109e-04,2.079294e-01,-7.284577e-01,1.288091e-01,-2.454377e+00,-3.175717e-01,-2.679051e-01,2.296639e+00,1.143498e+00,1.422348e+00,6.691977e-01,-5.060697e-01,-4.852131e-01,3.354488e-03,-2.422382e+01,-2.822828e-03
5.235536e-03,-7.561735e+00,-3.183592e+00,6.106644e+00,-2.071290e+01,-1.255198e+01,-9.546239e+00,8.232145e-01,-8.803571e+00,-5.794483e+00,7.721732e+00,-6.692990e+00,4.204629e+00,2.901179e-02,3.561268e+02,7.816601e-01,3.601508e-04,9.878226e-02,-7.218149e-01,-5.205343e-01,-1.231246e+00,-4.174844e-01,-3.362881e-01,2.197281e+00,1.979920e+00,1.789143e+00,-7.779479e-02,-6.681761e-01,-1.420505e+00,2.961619e-03,-5.947260e+01,-5.229539e-03
5.439392e-03,-7.394744e+00,-3.680072e+00,5.222747e+00,-2.095354e+01,-1.367102e+01,-9.792762e+00,2.544502e+00,-5.653180e+00,-4.190404e+00,7.503528e+00,-7.848253e+00,2.377661e+00,3.263826e-02,2.829844e+02,7.787404e-01,2.470505e-04,3.957253e-02,-9.692179e-01,-1.051904e+00,-8.200054e-02,-4.048702e-01,-2.965535e-01,1.518648e+00,2.035449e+00,1.733021e+00,-2.938075e-01,-7.008415e-01,-1.503095e+00,3.928673e-04,-5.820897e+01,-2.272135e-03
5.568468e-03,-7.399091e+00,-4.837664e+00,3.986242e+00,-2.003166e+01,-1.386400e+01,-9.948114e+00,3.418264e+00,-3.995302e+00,-2.110615e+00,6.991366e+00,-8.059067e+00,1.018429e+00,3.052282e-02,2.122523e+02,7.813590e-01,1.959657e-04,-2.597094e-02,-1.161101e+00,-1.416619e+00,6.018158e-01,-3.149633e-02,-1.434176e-01,1.110152e+00,1.603427e+00,1.484438e+00,-2.881269e-01,-8.678631e-01,-7.106884e-01,-2.598973e-03,-3.611274e+01,6.321609e-04
5.885234e-03,-7.539993e+00,-6.300762e+00,1.914235e+00,-1.936792e+01,-1.384035e+01,-9.955916e+00,3.866205e+00,-3.229988e+00,-1.257860e+00,7.089002e+00,-8.908127e+00,3.834948e-01,2.478090e-02,2.119970e+02,7.825224e-01,-6.773509e-07,3.251462e-02,-1.033202e+00,-1.653979e+00,8.923655e-01,5.024177e-01,1.936905e-01,9.391161e-01,1.311546e+00,8.283194e-01,-4.335341e-01,-1.051486e+00,-1.057970e-01,-3.838018e-03,-1.464496e+01,5.147636e-04
5.992444e-03,-7.618965e+00,-7.678749e+00,6.778040e-01,-1.849663e+01,-1.262479e+01,-1.018175e+01,5.713123e+00,-1.998032e+00,1.614327e-01,6.488360e+00,-1.050237e+01,1.648270e+00,1.994560e-02,2.110568e+02,7.829300e-01,-3.671107e-04,1.681258e-01,-4.347237e-01,-1.841244e+00,1.165673e+00,9.497565e-01,6.440192e-01,5.646526e-01,1.607346e+00,-6.480163e-02,-8.216488e-01,-1.258397e+00,1.033698e-02,-2.719855e-03,-5.239090e-01,-1.154864e-03
5.224017e-03,-7.122234e+00,-7.425541e+00,-1.392926e+00,-1.725923e+01,-1.177853e+01,-8.707492e+00,6.092653e+00,-9.408363e-02,-1.184832e+00,5.587361e+00,-1.188403e+01,1.533755e+00,1.873678e-02,2.103573e+02,7.805287e-01,-7.534213e-04,1.381672e-01,2.259390e-01,-1.598812e+00,1.214464e+00,1.059712e+00,1.559091e+00,-2.451966e-01,1.519830e+00,-9.999353e-01,-1.234675e+00,-1.014271e+00,-8.813259e-01,6.044153e-05,-4.117737e-01,-5.783641e-03
4.063523e-03,-6.767342e+00,-6.448893e+00,-3.566400e+00,-1.525765e+01,-1.014613e+01,-7.352231e+00,5.128303e+00,2.473478e+00,-2.471138e+00,3.633943e+00,-1.286310e+01,4.949838e-01,1.994560e-02,2.104526e+02,7.765815e-01,-8.719077e-04,-1.060218e-01,3.887497e-01,-9.814314e-01,9.573547e-01,1.054649e+00,2.935474e+00,-4.516148e-01,5.780563e-01,-1.511025e+00,-1.203020e+00,-6.053611e-01,-2.061936e+00,3.717136e-03,-3.838806e-01,-1.062257e-02
3.082587e-03,-7.274969e+00,-5.785995e+00,-3.957723e+00,-1.491509e+01,-9.781119e+00,-3.575221e+00,2.932632e+00,2.133405e+00,-4.941252e+00,2.342835e+00,-1.279912e+01,-3.446491e+00,2.508311e-02,2.102402e+02,7.567784e-01,-6.739533e-04,-6.310357e-01,2.824628e-01,2.868986e-03,3.146261e-01,7.105722e-01,3.777260e+00,4.923418e-01,-6.503565e-01,-1.189369e+00,-1.010638e+00,-1.435239e-01,-2.419833e+00,7.948022e-03,-1.446451e+01,-1.768044e-02
2.703620e-03,-8.072707e+00,-6.554774e+00,-2.946954e+00,-1.488192e+01,-8.350255e+00,1.929488e+00,5.035059e+00,-2.214953e-01,-5.515483e+00,2.095522e+00,-1.307163e+01,-6.171285e+00,3.535812e-02,2.091960e+02,7.416922e-01,-2.870447e-04,-1.347091e+00,6.318365e-01,6.991675e-01,3.924847e-03,1.292569e-01,3.558874e+00,1.862550e+00,-9.738146e-01,-5.668176e-01,-7.648057e-01,2.194198e-01,-1.537345e+00,1.411303e-02,-3.545333e+01,-2.534022e-02
2.534203e-03,-9.624730e+00,-5.960287e+00,-1.688304e+00,-1.587396e+01,-9.123606e+00,5.537949e+00,8.600984e+00,-1.998380e+00,-5.609506e+00,1.303380e+00,-1.249738e+01,-7.232275e+00,5.077063e-02,1.386631e+02,7.095711e-01,2.865970e-04,-2.333481e+00,1.630415e+00,8.741742e-01,3.293150e-01,-1.064867e-01,1.908551e+00,2.016703e+00,6.979947e-02,2.964064e-01,-7.351300e-01,1.263441e+00,1.664685e-01,2.278634e-02,-5.607019e+01,-7.241459e-02
2.902492e-03,-1.232792e+01,-3.202565e+00,-1.205272e+00,-1.475859e+01,-9.828599e+00,5.885553e+00,1.160688e+01,-3.297025e-01,-4.971098e+00,3.296417e-01,-1.191687e+01,-5.298850e+00,7.766697e-02,6.897449e+01,6.734840e-01,1.096731e-03,-3.525723e+00,2.559420e+00,7.655501e-01,8.297962e-01,-4.434238e-01,1.088871e-01,5.196196e-01,1.174922e+00,9.369871e-01,-2.440300e-01,2.757735e+00,1.583186e+00,3.269870e-02,-5.570550e+01,-1.352694e-01
4.416136e-03,-1.681477e+01,6.899771e-01,-4.576934e-01,-1.333018e+01,-9.574381e+00,3.989503e+00,9.730237e+00,2.536506e+00,-3.731412e+00,-4.498754e-01,-7.059294e+00,-3.050367e+00,1.178604e-01,0,4.288096e-01,2.081413e-03,-4.269034e+00,2.812978e+00,6.726762e-01,1.016248e+00,-4.405552e-01,-1.081538e+00,-1.303851e+00,1.532714e+00,1.465349e+00,6.038222e-01,4.205488e+00,2.388498e+00,3.977033e-02,-3.463006e+01,-1.409529e-01
7.246309e-03,-2.210630e+01,2.917193e+00,2.654908e-01,-1.200483e+01,-1.034199e+01,3.248146e+00,7.068531e+00,3.385670e+00,-1.769595e+00,1.752000e+00,-2.002000e+00,-3.463080e-01,1.653067e-01,0,2.057263e-01,2.935898e-03,-4.186589e+00,2.531241e+00,8.375775e-01,4.581897e-01,-8.133636e-01,-1.104567e+00,-2.184439e+00,8.562185e-01,1.601449e+00,8.543499e-01,4.480693e+00,2.387481e+00,3.967966e-02,-1.379490e+01,-1.059720e-01
1.076936e-02,-2.608071e+01,5.044727e+00,9.396958e-01,-1.216959e+01,-1.106969e+01,1.448963e+00,4.350905e+00,3.807505e+00,1.164857e-01,3.611312e+00,3.572622e+00,2.233944e+00,2.058024e-01,0,2.386858e-01,2.933546e-03,-3.130662e+00,2.334186e+00,9.896073e-01,3.290291e-02,-8.411165e-01,-3.252715e-01,-1.659276e+00,1.089785e-01,1.632776e+00,2.635206e-01,3.170572e+00,1.538554e+00,3.115745e-02,0,-3.472881e-02
1.440537e-02,-2.862789e+01,7.276264e+00,2.283921e+00,-1.304793e+01,-1.314776e+01,1.632988e+00,3.374352e+00,3.315891e+00,1.112198e+00,2.570798e+00,5.170642e+00,3.996401e+00,2.320943e-01,0,2.386858e-01,1.879624e-03,-1.646657e+00,2.065772e+00,7.639247e-01,-1.307142e-01,-3.371763e-02,6.242619e-01,-1.090162e+00,-2.370750e-01,1.451859e+00,-5.220940e-01,1.423747e+00,2.386321e-01,1.716530e-02,0,-4.114525e-02
1.550433e-02,-2.920728e+01,1.018137e+01,3.481128e+00,-1.264412e+01,-1.237708e+01,3.170725e+00,3.280949e+00,3.116288e+00,2.991570e+00,4.583285e-01,5.207245e+00,2.471049e+00,2.402539e-01,0,2.386858e-01,2.652740e-04,-4.754768e-01,1.313101e+00,6.594472e-02,-6.280508e-02,7.689255e-01,8.581581e-01,-8.642029e-01,-1.119221e-01,1.635837e+00,-7.470620e-02,-2.818003e-02,-8.591853e-01,2.719852e-03,0,-7.160573e-02
1.427694e-02,-2.877630e+01,1.067773e+01,2.814398e+00,-1.242114e+01,-9.856881e+00,5.508574e+00,2.152699e+00,2.545903e+00,4.052156e+00,7.180219e-01,4.299423e+00,7.282998e-01,2.339075e-01,0,0,-1.075852e-03,2.159531e-01,3.653688e-01,-7.726120e-01,-1.242098e-01,1.348686e+00,-7.388362e-02,-1.144652e+00,6.796209e-01,1.604026e+00,9.990236e-01,-1.867333e-01,-1.022712e+00,-6.165005e-03,0,-7.160573e-02
1.215994e-02,-2.838389e+01,9.909499e+00,1.004181e+00,-1.279702e+01,-8.870502e+00,3.801960e+00,6.407169e-01,3.632888e+00,6.825693e+00,4.164169e+00,3.867332e+00,-4.279326e-01,2.184950e-01,0,0,-1.269938e-03,2.545065e-01,-3.971907e-01,-1.268752e+00,-2.276671e-01,1.220772e+00,-1.082836e+00,-1.006833e+00,1.006564e+00,1.114186e+00,1.422231e+00,-3.247333e-02,-8.077897e-01,-7.676034e-03,0,-4.773716e-02
1.069830e-02,-2.795982e+01,9.239045e+00,-3.406657e-01,-1.359253e+01,-8.157622e+00,9.479520e-01,-1.028791e+00,6.455695e+00,7.215266e+00,5.712995e+00,4.906933e+00,3.323332e-01,2.121487e-01,0,0,-6.421576e-04,-2.433605e-02,-3.669821e-01,-8.561181e-01,-1.811920e-01,1.256866e+00,-1.357125e+00,-5.851640e-01,7.239378e-01,6.992531e-02,1.413951e-01,7.819819e-03,-5.658282e-01,-2.750073e-03,0,5.165307e-02
1.094396e-02,-2.834299e+01,8.914762e+00,-1.285098e+00,-1.319676e+01,-7.122847e+00,3.685363e-02,-1.624738e-01,6.194211e+00,6.980944e+00,5.071998e+00,4.741124e+00,-1.369917e+00,2.127531e-01,0,0,-1.086974e-05,-2.376654e-01,-2.404636e-01,-2.781172e-01,-7.136393e-02,1.816715e+00,-2.177514e-01,-6.776254e-02,-2.920853e-01,-1.483811e+00,-1.721738e+00,-3.680580e-01,-5.613778e-01,2.175885e-03,0,7.747960e-02
1.167414e-02,-2.891843e+01,9.340188e+00,-3.215528e-01,-1.312723e+01,-4.446379e+00,6.055027e-01,-3.715259e-01,4.884930e+00,4.324157e+00,9.710825e-01,3.901626e+00,-1.629849e+00,2.230281e-01,0,2.582653e-01,-2.213965e-04,-2.593250e-02,-4.651449e-01,1.145434e-01,1.234818e-01,1.869340e+00,7.771342e-01,2.456962e-01,-8.152088e-01,-1.996499e+00,-2.053635e+00,-5.974129e-01,-3.491679e-01,1.722574e-03,0,7.747960e-02
1.161767e-02,-2.909291e+01,8.656610e+00,-3.959616e-01,-1.338649e+01,-1.642548e+00,2.884428e+00,-2.672819e-02,2.957844e+00,8.521939e-01,-2.073564e+00,2.529695e+00,-2.253731e+00,2.239347e-01,0,2.582653e-01,-1.372765e-03,1.376611e+00,-9.421499e-01,2.860002e-01,3.877541e-01,1.050852e+00,7.373269e-01,4.633549e-01,-6.945769e-01,-2.049553e+00,-1.118508e+00,-7.997533e-01,-1.544425e-01,-7.615595e-03,0,3.687577e-02
9.254466e-03,-2.771452e+01,7.042397e+00,-2.125170e-01,-1.288026e+01,-1.551073e+00,3.409836e+00,1.318175e-01,3.997834e+00,2.971457e-01,-9.824014e-01,3.025583e+00,-9.715992e-01,2.151707e-01,0,2.582653e-01,-2.410877e-03,3.414319e+00,-1.510367e+00,-1.471063e-01,6.859733e-01,-5.701653e-01,-3.734832e-01,4.684049e-01,-3.268544e-01,-1.517423e+00,4.539561e-01,-1.119406e+00,-1.788657e-01,-2.254457e-02,0,2.313788e-02
5.289974e-03,-2.206188e+01,5.352908e+00,9.038472e-02,-1.138147e+01,-3.316240e+00,2.321321e+00,1.902629e+00,3.164875e+00,-1.253317e+00,4.561977e-01,1.180379e+00,-2.471254e+00,1.786038e-01,0,1.843788e-01,-2.554093e-03,5.151576e+00,-1.886455e+00,-5.497353e-01,1.158678e+00,-1.829262e+00,-1.845286e+00,-7.776224e-02,-2.305340e-01,-1.185608e+00,8.286897e-01,-1.684172e+00,-1.094301e-01,-3.608341e-02,1.424840e+01,9.464125e-02
2.783606e-03,-1.536235e+01,3.440203e+00,-1.300258e+00,-1.069987e+01,-6.460360e+00,-9.803600e-01,1.005821e+00,3.147142e+00,-2.210204e+00,1.975982e+00,-1.020745e+00,-2.415416e+00,1.329707e-01,0,4.108980e-01,-1.734619e-03,5.339585e+00,-2.211743e+00,-1.329187e+00,1.341195e+00,-2.049301e+00,-2.647808e+00,-9.531663e-01,-1.303888e-01,-7.311165e-01,5.175496e-01,-2.202626e+00,3.746976e-02,-4.155334e-02,3.513384e+01,1.400314e-01
2.082640e-03,-9.511117e+00,1.025432e+00,-2.600768e+00,-8.683289e+00,-8.334214e+00,-4.146906e+00,-8.525409e-01,2.230520e+00,-3.822169e+00,5.906922e-01,-3.868004e+00,-2.078973e+00,8.461770e-02,7.124199e+01,6.551552e-01,-6.739500e-04,3.955817e+00,-2.307487e+00,-1.916606e+00,1.429823e+00,-1.386664e+00,-2.775074e+00,-1.632840e+00,-1.266859e-02,7.506462e-01,5.328506e-01,-1.989727e+00,1.545119e-01,-3.626473e-02,5.547666e+01,1.450167e-01
2.185039e-03,-7.291982e+00,-1.852579e+00,-5.512877e+00,-7.523378e+00,-9.288591e+00,-6.595088e+00,-3.256429e+00,3.813068e+00,-2.074011e+00,1.538099e+00,-5.463356e+00,-9.803910e-01,5.439710e-02,1.400482e+02,7.230342e-01,-1.135246e-04,2.216557e+00,-1.786276e+00,-2.167247e+00,8.006264e-01,-3.244068e-01,-2.124615e+00,-1.991899e+00,-7.813239e-02,2.263280e+00,5.875580e-01,-1.662078e+00,-5.547622e-01,-2.529465e-02,5.404343e+01,8.052745e-02
2.219507e-03,-6.317982e+00,-3.538134e+00,-7.386333e+00,-5.820604e+00,-8.835445e+00,-8.746683e+00,-4.130448e+00,2.768569e+00,2.431817e+00,3.339392e+00,-6.546950e+00,-2.416207e+00,3.656694e-02,2.073592e+02,7.533942e-01,-3.250236e-05,9.184361e-01,-7.251664e-01,-2.211336e+00,-3.380113e-01,5.020673e-01,-1.123070e+00,-2.173413e+00,-5.499721e-01,3.035356e+00,1.064971e+00,-6.404166e-01,-1.148037e+00,-1.356905e-02,3.152848e+01,2.401955e-02
2.147549e-03,-5.876135e+00,-3.209394e+00,-9.743711e+00,-8.128081e+00,-7.831778e+00,-9.303546e+00,-7.314720e+00,2.487456e+00,5.979205e+00,3.539422e+00,-7.991664e+00,-5.020610e+00,3.052282e-02,2.021586e+02,7.644158e-01,-1.360458e-04,2.841557e-01,6.478812e-01,-1.312797e+00,-1.078498e+00,8.870628e-01,3.542024e-01,-2.244713e+00,-1.457684e+00,1.730160e+00,7.390229e-01,7.256973e-01,-1.371204e+00,-5.983681e-03,-2.858975e+00,3.265142e-04
1.938873e-03,-5.626860e+00,-1.921993e+00,-1.154203e+01,-1.007099e+01,-6.552284e+00,-8.408028e+00,-9.690461e+00,1.434654e-01,7.328005e+00,4.914887e+00,-5.805933e+00,-5.799049e+00,2.870958e-02,1.978292e+02,7.545622e-01,-2.169243e-04,-1.131251e-01,1.707170e+00,7.392168e-02,-7.668311e-01,8.117937e-01,1.341883e+00,-1.707548e+00,-2.408133e+00,-6.177896e-01,5.377253e-01,2.129384e+00,-5.963699e-01,-2.024781e-03,-3.574047e+01,-1.667379e-02
1.645127e-03,-6.216765e+00,5.787563e-01,-9.999015e+00,-1.079068e+01,-5.994858e+00,-4.993403e+00,-1.169999e+01,-2.162800e+00,4.128696e+00,4.445466e+00,-2.205378e+00,-6.144989e+00,2.840737e-02,1.305183e+02,7.240828e-01,-2.299359e-04,-3.585210e-01,2.185673e+00,1.609657e+00,6.732336e-01,4.138335e-01,1.525491e+00,-5.396598e-01,-2.546741e+00,-2.422905e+00,3.671331e-02,2.718561e+00,1.032724e-01,-8.461775e-04,-5.376694e+01,-2.674416e-02
1.386097e-03,-6.713293e+00,3.103643e+00,-6.889073e+00,-8.323462e+00,-5.694937e+00,-4.192338e+00,-1.047555e+01,-6.946968e+00,2.681234e-01,5.574997e+00,1.206825e+00,-4.835867e+00,2.750076e-02,6.447695e+01,6.901917e-01,-1.776310e-04,-4.351319e-01,2.087898e+00,2.219700e+00,1.862990e+00,2.688511e-01,1.091960e+00,4.175653e-01,-1.999591e+00,-2.481319e+00,-5.922378e-01,1.746932e+00,7.494871e-01,-4.533099e-04,-5.261768e+01,-2.908503e-02
1.274258e-03,-7.125524e+00,5.206154e+00,-4.021905e+00,-5.635679e+00,-6.191284e+00,-3.783937e+00,-9.620473e+00,-6.701032e+00,-2.605382e+00,3.392934e+00,2.094763e+00,-4.985839e+00,2.689634e-02,0,6.628802e-01,-1.059313e-04,-3.187274e-01,1.540226e+00,1.797845e+00,1.957411e+00,2.957862e-01,5.958264e-01,1.144520e+00,-7.939646e-01,-1.283621e+00,-1.207158e+00,2.420390e-01,8.530909e-01,2.719848e-04,-3.255136e+01,-2.517653e-02
1.236152e-03,-7.348140e+00,6.203798e+00,-3.432084e+00,-3.333543e+00,-5.109816e+00,-3.552959e+00,-8.642391e+00,-7.585374e+00,-1.711552e+00,2.479964e+00,7.786590e-01,-2.631188e+00,2.719855e-02,0,6.397383e-01,-6.087251e-05,-2.573922e-01,1.017798e+00,1.291438e+00,1.303747e+00,4.565307e-01,5.731575e-01,1.103834e+00,1.885366e-01,-8.411829e-02,-1.155978e+00,-1.109963e+00,6.200969e-01,9.066183e-04,-1.289539e+01,-1.974745e-02
1.190443e-03,-7.492979e+00,6.729809e+00,-2.738285e+00,-3.498582e+00,-4.808487e+00,-2.333960e+00,-6.893968e+00,-5.813420e+00,-1.299571e+00,-4.280897e-02,-7.811000e-01,-2.981874e+00,2.991840e-02,0,6.234269e-01,-4.814336e-05,-2.033511e-01,4.304985e-01,1.101649e+00,7.775518e-01,4.466681e-01,3.027568e-01,8.763781e-01,4.224908e-01,7.874380e-02,-1.544379e-01,-1.466137e+00,-4.160047e-02,1.843458e-03,0,-1.352075e-02
1.123642e-03,-7.816527e+00,7.430807e+00,-1.073695e+00,-2.873276e+00,-4.103682e+00,-2.051539e+00,-6.319635e+00,-6.448091e+00,-8.053736e-01,1.512978e+00,-2.905057e+00,-2.737365e+00,3.052282e-02,0,6.111812e-01,-3.565318e-05,-1.550557e-01,9.801431e-02,1.068982e+00,9.115278e-01,3.487448e-01,-2.078296e-01,3.065437e-01,6.324031e-01,-3.423980e-01,6.811017e-01,-1.299934e+00,-8.542631e-01,2.750076e-03,0,-8.246052e-03
1.089796e-03,-7.908086e+00,6.745142e+00,3.071459e-01,-1.978053e+00,-4.461010e+00,-3.020864e+00,-6.399961e+00,-5.157220e+00,-2.664752e+00,3.104238e+00,-3.394064e+00,-5.140753e+00,3.445150e-02,0,6.095551e-01,-9.303342e-06,3.085751e-02,-1.748261e-01,4.913473e-01,1.142214e+00,3.066972e-01,-6.530180e-01,9.381022e-02,4.033841e-01,-4.175285e-01,7.292360e-01,-9.770158e-01,-8.270859e-01,4.140223e-03,0,-3.583592e-03
1.108210e-03,-7.915865e+00,6.686203e+00,3.901083e-01,4.638319e-01,-3.539830e+00,-4.248655e+00,-7.356676e+00,-4.751459e+00,-2.740951e+00,4.311949e+00,-4.414531e+00,-5.823064e+00,3.868238e-02,0,6.054440e-01,2.168433e-05,1.586106e-01,-9.232597e-02,-6.421775e-02,8.302439e-01,-2.244608e-02,-6.517866e-01,5.182275e-01,5.949135e-01,-3.136494e-01,-3.199539e-01,-6.182013e-01,-5.185366e-02,3.686915e-03,0,4.757881e-04
1.151642e-03,-7.289022e+00,6.227980e+00,-1.013451e+00,5.439312e-01,-3.556927e+00,-4.500492e+00,-5.906396e+00,-4.644815e+00,-2.419424e+00,2.203885e+00,-4.911442e+00,-5.574454e+00,4.653974e-02,0,6.083775e-01,3.089611e-05,1.387481e-01,2.205797e-01,-1.316179e-01,2.037216e-01,-3.371192e-01,-5.467963e-01,9.717945e-01,7.543663e-01,-2.598065e-01,-1.210978e+00,-1.634247e-01,1.122632e+00,1.752795e-03,0,2.223653e-03
1.201140e-03,-7.333006e+00,7.227758e+00,-7.344858e-01,1.695096e-02,-4.667953e+00,-4.570658e+00,-3.975280e+00,-3.729726e+00,-2.496284e+00,3.633842e-01,-5.237374e+00,-2.779783e+00,4.291327e-02,0,6.141489e-01,2.219707e-05,-7.112265e-03,2.326571e-01,3.695966e-01,-3.302142e-01,-8.258095e-01,-4.584716e-01,8.555292e-01,4.473110e-01,-9.831319e-01,-1.049330e+00,6.196035e-01,1.328089e+00,-1.813237e-04,0,5.176216e-03
1.197812e-03,-7.505775e+00,7.577263e+00,2.113532e-01,-7.360051e-01,-5.582545e+00,-5.593844e+00,-3.231686e+00,-1.896255e+00,-4.086118e+00,-9.763693e-01,-3.799766e+00,-1.049236e+00,4.110003e-02,0,6.163208e-01,2.507353e-05,-7.926650e-02,-6.023588e-02,8.704082e-01,-4.460922e-01,-1.092890e+00,-5.103552e-01,1.632199e-01,-2.482190e-01,-1.813634e+00,4.769959e-01,9.900208e-01,9.312621e-01,-6.044116e-04,0,8.223737e-03
1.196111e-03,-7.843050e+00,7.174847e+00,1.625690e+00,-5.472712e-01,-6.656069e+00,-5.994337e+00,-4.416385e+00,-3.889184e+00,-6.823264e+00,6.554292e-01,-1.872351e+00,-1.445230e+00,4.049562e-02,0,6.273534e-01,9.827012e-05,9.170175e-02,-7.233366e-01,8.437027e-01,-8.807270e-01,-1.602395e+00,-2.020622e-01,-3.166817e-01,-1.580468e+00,-2.162127e+00,2.063561e+00,7.012081e-01,5.212361e-01,1.813244e-04,1.355718e+01,1.609557e-02
1.279525e-03,-7.430333e+00,5.953256e+00,2.158502e+00,-1.404419e+00,-8.027320e+00,-6.340428e+00,-4.869744e+00,-5.806181e+00,-9.324105e+00,4.442842e+00,-1.643849e+00,-1.585420e+00,4.472651e-02,0,6.428940e-01,2.272639e-04,2.597435e-01,-1.295642e+00,3.919495e-01,-1.571263e+00,-2.300179e+00,-2.078915e-03,-5.172815e-02,-2.040051e+00,-1.659514e+00,2.771188e+00,-2.915674e-01,9.034700e-01,-5.137492e-04,3.379670e+01,2.509713e-02
1.651634e-03,-6.912219e+00,4.423079e+00,2.510453e+00,-4.052477e+00,-1.145754e+01,-5.207677e+00,-4.739660e+00,-9.677100e+00,-1.068792e+01,7.971583e+00,-2.809292e+00,9.448934e-02,4.200665e-02,6.778592e+01,6.813402e-01,3.294848e-04,3.075805e-01,-1.715961e+00,-3.024501e-01,-2.139694e+00,-2.593557e+00,-2.045934e-01,4.794640e-01,-9.529728e-01,-3.217966e-01,1.855811e+00,-1.258866e+00,1.110922e+00,-1.903899e-03,5.390632e+01,3.079814e-02
2.106369e-03,-6.672473e+00,2.474936e+00,1.728719e+00,-6.839718e+00,-1.468270e+01,-5.997569e+00,-3.328690e+00,-9.202553e+00,-1.045136e+01,9.221492e+00,-4.789133e+00,2.698255e+00,3.777577e-02,1.350905e+02,7.148131e-01,3.292192e-04,2.224699e-01,-2.015348e+00,-1.096194e+00,-1.896467e+00,-2.075604e+00,-6.520668e-01,9.535817e-01,9.947910e-01,1.404017e+00,4.646675e-01,-1.636355e+00,8.334138e-01,-2.750076e-03,5.352962e+01,2.997842e-02
2.430112e-03,-6.684077e+00,3.342027e-01,3.283309e-01,-8.528092e+00,-1.629616e+01,-7.188734e+00,-2.789593e+00,-6.955862e+00,-7.868619e+00,7.545158e+00,-6.594040e+00,1.967543e+00,3.445150e-02,2.019863e+02,7.453845e-01,2.480316e-04,3.280944e-01,-2.112796e+00,-1.831769e+00,-8.910676e-01,-4.749619e-01,-1.042783e+00,1.297880e+00,3.538524e+00,3.005897e+00,-3.743355e-01,-1.338798e+00,3.406689e-01,-2.659415e-03,3.278419e+01,2.230991e-02
2.536382e-03,-6.432054e+00,-2.079047e+00,-2.231406e+00,-8.648946e+00,-1.598603e+01,-8.610233e+00,-1.076870e+00,-2.192845e+00,-3.713674e+00,6.979392e+00,-7.933248e+00,1.645122e+00,3.475371e-02,2.005479e+02,7.607639e-01,1.665588e-04,6.952065e-01,-1.988899e+00,-2.390553e+00,1.573763e-01,1.135991e+00,-7.610283e-01,1.487075e+00,4.977897e+00,3.886185e+00,-4.397646e-01,-7.872420e-01,5.186478e-02,-2.780297e-03,1.213904e+01,1.496913e-02
2.676786e-03,-5.391956e+00,-3.863911e+00,-4.668328e+00,-7.603201e+00,-1.318069e+01,-9.115258e+00,6.238312e-01,4.510664e+00,9.727150e-01,7.220955e+00,-7.931225e+00,2.324400e+00,3.022061e-02,1.989781e+02,7.699143e-01,8.413025e-05,9.861338e-01,-1.536659e+00,-2.740275e+00,7.882072e-01,2.358022e+00,-1.619739e-02,1.392285e+00,4.875861e+00,3.827433e+00,-9.521408e-02,-3.799784e-01,-1.387020e-01,-3.354488e-03,-1.629613e+00,8.211034e-03
2.815827e-03,-3.842501e+00,-5.370502e+00,-7.725716e+00,-6.515282e+00,-1.056049e+01,-8.839448e+00,2.399975e+00,9.953668e+00,4.558898e+00,7.184770e+00,-8.056750e+00,2.779150e+00,2.598973e-02,1.972898e+02,7.773938e-01,-4.973554e-05,8.091260e-01,-6.954211e-01,-2.509738e+00,9.524691e-01,2.946919e+00,8.630556e-01,4.237631e-01,2.969765e+00,2.866341e+00,-2.596813e-01,-4.037706e-01,-1.206010e+00,-3.294047e-03,-1.640477e+00,2.398562e-03
2.711041e-03,-3.048184e+00,-5.703364e+00,-1.062589e+01,-5.653889e+00,-7.218820e+00,-7.155113e+00,2.433409e+00,1.135019e+01,7.132259e+00,6.966399e+00,-8.432181e+00,7.070190e-01,2.206104e-02,1.954673e+02,7.781247e-01,-2.256967e-04,2.588206e-01,3.858391e-01,-1.869820e+00,8.275989e-01,2.883467e+00,1.159792e+00,-7.837495e-01,-1.489401e-02,1.374235e+00,-3.103143e-01,-4.720219e-01,-2.394329e+00,-1.752795e-03,-1.281555e+00,-3.378910e-03
2.270577e-03,-3.558310e+00,-4.636426e+00,-1.180132e+01,-4.861257e+00,-4.232367e+00,-5.275028e+00,1.371568e-01,9.236217e+00,7.538258e+00,5.808263e+00,-9.701623e+00,-3.576236e+00,2.236325e-02,1.941010e+02,7.686515e-01,-3.355907e-04,-1.723517e-01,1.297073e+00,-8.297473e-01,7.471152e-01,2.310773e+00,9.768194e-01,-1.546638e+00,-2.115573e+00,-6.700511e-02,-2.172833e-01,-2.672710e-02,-3.018606e+00,-4.835298e-04,-4.249893e-01,-7.355213e-03
1.820927e-03,-4.239949e+00,-2.301753e+00,-1.197963e+01,-4.292219e+00,-1.927411e+00,-5.098507e+00,-2.163507e+00,4.794920e+00,6.354210e+00,6.357637e+00,-9.468898e+00,-6.469549e+00,2.326987e-02,1.941648e+02,7.573909e-01,-3.009592e-04,-1.393751e-01,1.618679e+00,-1.249123e-01,7.992227e-01,1.089918e+00,4.580168e-01,-1.079174e+00,-2.911589e+00,-8.638697e-01,-1.420445e-01,6.617392e-01,-2.623239e+00,1.813235e-04,5.520248e-01,-6.739765e-03
1.582930e-03,-4.108377e+00,-5.859405e-01,-1.119758e+01,-3.460541e+00,-1.652328e+00,-4.983654e+00,-3.034758e+00,2.653437e+00,4.612897e+00,6.402734e+00,-7.672028e+00,-8.725595e+00,2.296766e-02,1.958161e+02,7.509847e-01,-1.694960e-04,1.338037e-01,1.106680e+00,2.185717e-02,9.285671e-01,1.782646e-01,2.364665e-01,-2.211994e-01,-2.110960e+00,-7.075254e-01,-4.770680e-01,8.153048e-01,-1.666301e+00,1.813237e-04,1.157657e+00,-2.630460e-03
1.550068e-03,-3.470026e+00,3.647900e-01,-1.155232e+01,-2.358133e+00,-3.059251e+00,-5.010716e+00,-1.376504e+00,8.363279e-02,4.275591e+00,5.958941e+00,-6.138283e+00,-9.834498e+00,2.266546e-02,1.973699e+02,7.532594e-01,-4.834683e-05,1.965254e-01,2.055978e-01,-1.379969e-01,8.555905e-01,-1.100554e-01,1.628345e-01,3.490616e-01,-3.714337e-01,2.035246e-02,-1.647997e+00,-1.629999e-01,-4.900136e-01,1.087942e-03,1.188049e+00,1.352036e-03
1.558526e-03,-3.274253e+00,-4.362971e-01,-1.190569e+01,-1.185464e+00,-2.775124e+00,-4.136591e+00,-1.362342e+00,1.037058e+00,5.039940e+00,3.622272e+00,-7.290407e+00,-1.022527e+01,2.357208e-02,1.982867e+02,7.575650e-01,3.028299e-05,-1.676311e-01,-6.641945e-01,6.155720e-02,4.584627e-01,-2.252230e-01,-8.107972e-02,8.870584e-01,1.433388e+00,2.183649e-01,-2.765934e+00,-1.324243e+00,1.070488e+00,3.596253e-03,9.378540e-01,2.329534e-03
1.591395e-03,-3.674384e+00,-1.348586e+00,-1.231556e+01,-1.151805e+00,-1.916290e+00,-4.707867e+00,-1.254408e+00,3.745941e+00,6.242451e+00,-4.921147e-01,-1.047471e+01,-8.169782e+00,2.840737e-02,1.988698e+02,7.608609e-01,8.325864e-05,-7.478170e-01,-1.097157e+00,1.226582e+00,-6.215510e-01,-8.663985e-01,-1.484783e-01,1.721862e+00,2.414077e+00,-5.787854e-01,-2.906438e+00,-1.661068e+00,2.312413e+00,5.862799e-03,7.279053e-01,-4.456937e-04
1.713682e-03,-4.844354e+00,-3.050225e+00,-1.050817e+01,-1.771391e+00,-3.349923e+00,-5.540477e+00,1.339486e+00,7.989223e+00,4.721292e+00,-4.201410e+00,-1.212503e+01,-4.205513e+00,3.807797e-02,1.997554e+02,7.588316e-01,1.239486e-04,-1.198930e+00,-9.284774e-01,2.618984e+00,-2.043992e+00,-2.330695e+00,1.685433e-01,2.703626e+00,1.578855e+00,-2.079885e+00,-1.719902e+00,-9.640118e-01,2.569371e+00,6.225445e-03,5.700043e-01,-3.427595e-03
1.888784e-03,-6.424061e+00,-3.814031e+00,-6.118162e+00,-5.172925e+00,-7.103844e+00,-5.051164e+00,5.881895e+00,8.677937e+00,1.540988e+00,-4.661407e+00,-1.202631e+01,-1.282309e+00,4.472650e-02,2.002750e+02,7.503976e-01,1.190504e-04,-1.222059e+00,-4.209205e-01,3.265200e+00,-3.228949e+00,-3.281226e+00,1.032374e+00,2.523548e+00,-2.248966e-01,-3.015803e+00,4.925499e-02,1.407102e-01,1.322571e+00,2.901179e-03,3.568192e-01,-4.669511e-03
2.029575e-03,-7.894065e+00,-3.845961e+00,-1.909467e+00,-9.394863e+00,-1.183482e+01,-3.122226e+00,8.587639e+00,6.465334e+00,-3.008756e+00,-2.892590e+00,-1.133466e+01,-8.221467e-01,4.653974e-02,2.004341e+02,7.456587e-01,6.263721e-05,-8.382714e-01,2.842581e-01,2.405843e+00,-3.221196e+00,-3.023694e+00,1.674972e+00,1.079126e+00,-1.667704e+00,-2.413436e+00,1.041700e+00,9.602684e-01,-3.811908e-01,-1.692353e-03,1.245438e-01,-3.294945e-03
2.028701e-03,-8.259825e+00,-3.055320e+00,-2.889155e-01,-1.348481e+01,-1.407997e+01,-7.551211e-01,7.739254e+00,3.383403e+00,-4.971539e+00,-9.002495e-01,-1.016634e+01,-3.248611e+00,3.868238e-02,2.003145e+02,7.440998e-01,-2.519335e-05,-2.971821e-01,8.659130e-01,7.901120e-01,-1.879250e+00,-1.839100e+00,1.582048e+00,-5.118162e-01,-1.893923e+00,-8.710588e-01,1.171704e+00,1.592012e+00,-1.406902e+00,-4.895738e-03,-5.231781e-02,-3.005683e-03
1.956909e-03,-8.117829e+00,-2.008291e+00,-1.393584e+00,-1.372143e+01,-1.498033e+01,6.863618e-01,5.806435e+00,2.297972e+00,-4.089625e+00,-8.734865e-01,-8.253674e+00,-5.128316e+00,3.263826e-02,2.003584e+02,7.455058e-01,-1.128768e-04,1.274872e-01,1.395665e+00,-4.398572e-01,-1.302555e-01,-3.183748e-01,6.264108e-01,-1.864146e+00,-1.688755e+00,8.428776e-01,9.558671e-01,1.482558e+00,-1.298027e+00,-5.016622e-03,-1.344055e+01,-6.919312e-03
1.799150e-03,-7.798090e+00,-4.033011e-01,-2.425544e+00,-1.240589e+01,-1.472659e+01,9.547829e-01,4.713416e+00,1.292002e+00,-2.273871e+00,1.875617e-01,-5.606745e+00,-6.163733e+00,2.719855e-02,2.000513e+02,7.354457e-01,-1.739408e-04,3.908447e-01,1.978303e+00,-7.898228e-01,1.328451e+00,8.293215e-01,-6.502889e-01,-2.639811e+00,-1.564402e+00,1.467811e+00,4.184038e-01,6.385037e-01,-5.630130e-01,-2.598973e-03,-3.344019e+01,-1.329449e-02
1.579966e-03,-7.487497e+00,1.806353e+00,-3.040439e+00,-1.058560e+01,-1.310339e+01,-8.451235e-01,7.798287e-01,-9.327433e-01,-1.432017e-01,1.342839e+00,-6.201672e+00,-5.854721e+00,2.719855e-02,1.333630e+02,7.153892e-01,-1.899062e-04,4.465204e-01,2.250206e+00,-5.112396e-01,1.978381e+00,1.545516e+00,-1.318228e+00,-2.906307e+00,-1.762550e+00,1.009071e+00,-1.805158e-01,-4.141021e-01,-5.358486e-02,-9.670604e-04,-5.341567e+01,-1.882045e-02
1.347468e-03,-6.620768e+00,4.928875e+00,-3.414602e+00,-8.410472e+00,-1.087183e+01,-3.240823e+00,-2.946497e+00,-2.823251e+00,3.943042e-01,8.360656e-02,-7.999822e+00,-5.700474e+00,2.840737e-02,6.661132e+01,6.926856e-01,-1.554887e-04,4.043252e-01,2.131359e+00,-2.051632e-01,2.119606e+00,1.826122e+00,-7.918736e-01,-1.835297e+00,-1.578394e+00,1.402337e-01,-8.928537e-01,-8.404999e-01,1.429563e-01,-3.022060e-04,-5.334655e+01,-2.265360e-02
1.233219e-03,-6.473888e+00,6.576649e+00,-3.455253e+00,-5.827234e+00,-9.180123e+00,-3.806978e+00,-4.895144e+00,-4.457149e+00,-3.783561e-01,-1.724088e+00,-9.127645e+00,-5.627870e+00,2.719855e-02,0,6.727836e-01,-9.923576e-05,4.730644e-02,1.532708e+00,2.103443e-01,1.963020e+00,1.739743e+00,6.206492e-01,1.993411e-01,-9.108815e-01,-7.282488e-01,-9.586762e-01,1.729010e-01,1.830533e-01,-1.480810e-03,-3.333372e+01,-3.620010e-02
1.195080e-03,-6.283268e+00,7.868347e+00,-3.243953e+00,-4.187049e+00,-7.557612e+00,-1.523658e+00,-1.625584e+00,-4.837763e+00,-1.455125e+00,-2.743243e+00,-8.346257e+00,-5.562376e+00,2.568752e-02,0,6.434805e-01,-5.175934e-05,-4.875143e-01,8.655599e-01,5.887339e-01,1.601892e+00,1.696549e+00,1.620293e+00,1.647638e+00,2.164082e-01,-6.129951e-01,-8.731858e-02,1.532224e+00,2.394876e-02,-2.417649e-03,-1.332226e+01,-8.209458e-02
1.159982e-03,-7.419714e+00,8.000156e+00,-2.074042e+00,-2.882210e+00,-6.061787e+00,1.399540e+00,1.116078e+00,-4.479895e+00,-2.859731e+00,-2.037117e+00,-5.163949e+00,-5.008503e+00,2.115443e-02,0,5.589913e-01,-3.127270e-05,-1.015785e+00,2.539292e-01,7.493709e-01,1.157555e+00,1.433121e+00,1.295328e+00,1.525385e+00,1.326882e+00,-1.560267e-01,7.608364e-01,2.181279e+00,-3.384412e-01,-1.662133e-03,0,-1.370301e-01
1.125290e-03,-8.585426e+00,8.544921e+00,-1.161538e+00,-1.873524e+00,-3.948256e+00,2.257385e+00,2.286080e+00,-1.729837e+00,-1.429984e+00,-1.964719e-01,-2.320552e+00,-5.890413e+00,1.934119e-02,0,3.391089e-01,-2.091113e-05,-1.322150e+00,-3.321804e-01,4.828999e-01,8.106753e-01,7.295458e-01,-2.349803e-01,2.607706e-01,1.557233e+00,6.572778e-01,1.323289e+00,1.359917e+00,-7.437100e-01,3.052282e-03,0,-1.706133e-01
1.111751e-03,-1.040173e+01,7.508008e+00,-7.496063e-01,-1.196223e+00,-3.819196e+00,7.791398e-01,7.759490e-01,6.232989e-01,-1.171060e+00,8.067088e-01,-1.234101e+00,-7.156058e+00,2.206104e-02,0,1.398189e-01,-1.268128e-05,-1.178259e+00,-7.516143e-01,4.560030e-02,3.974269e-01,-5.932684e-02,-1.671442e+00,-2.961919e-01,1.205105e+00,9.877075e-01,1.230383e+00,-1.670554e-01,-8.240525e-01,1.202780e-02,0,-1.457091e-01
1.114640e-03,-1.140301e+01,6.453519e+00,-1.491671e+00,-9.766669e-01,-5.031178e+00,-2.388359e+00,-1.516667e-01,3.968033e-01,9.869280e-01,2.451288e+00,-3.511597e+00,-8.207150e+00,4.049562e-02,0,0,9.630481e-06,-9.143925e-01,-8.857193e-01,-7.537856e-01,2.481897e-01,-5.541941e-01,-1.631513e+00,-4.431176e-01,5.815716e-01,9.853463e-01,1.146046e+00,-9.017813e-01,-2.302832e-01,2.251435e-02,0,-8.180366e-02
1.101900e-03,-1.190222e+01,5.287786e+00,-1.680974e+00,-1.343505e+00,-5.816959e+00,-4.634798e+00,8.539919e-01,4.823079e-01,8.703507e-01,2.790916e+00,-5.403704e+00,-7.970398e+00,7.071623e-02,0,0,2.769703e-04,-7.058256e-01,-4.223948e-01,-1.998785e+00,3.337896e-01,-5.464441e-01,-2.147927e-01,-4.179016e-01,4.739037e-01,7.425922e-01,1.226656e+00,1.945968e-02,6.973757e-01,3.221517e-02,0,-2.796377e-02
1.178368e-03,-1.240715e+01,5.226436e+00,-4.464782e+00,-5.589350e-01,-5.720344e+00,-3.193210e+00,3.147085e-02,1.248516e+00,2.476042e+00,4.541656e+00,-4.744657e+00,-6.634659e+00,1.075854e-01,0,0,5.788837e-04,-8.420886e-01,2.328732e-01,-2.939370e+00,4.555430e-01,-6.503197e-01,1.191802e+00,-1.289612e+00,3.638173e-01,-1.032131e-01,7.993730e-01,1.415986e+00,1.375573e+00,3.726201e-02,0,0
2.464738e-03,-1.342879e+01,6.009576e+00,-9.256976e+00,2.638592e-01,-6.206833e+00,1.076016e-01,-1.405128e+00,2.566961e+00,1.797344e+00,5.894805e+00,-5.202727e-01,-4.455424e+00,1.495920e-01,0,0,6.648783e-04,-3.594655e-01,6.119460e-01,-2.687867e+00,2.937959e-01,-1.089624e+00,9.052446e-01,-1.798825e+00,-4.371840e-02,-7.683819e-01,3.463206e-02,1.665448e+00,1.773453e+00,3.148987e-02,0,3.819154e-02
3.327640e-03,-1.485017e+01,7.256990e+00,-1.240052e+01,4.973663e-01,-8.087840e+00,1.199453e+00,-5.470168e+00,1.173563e+00,7.365386e-03,4.896208e+00,1.126616e+00,-3.086771e+00,1.873678e-01,0,0,3.016956e-04,6.895798e-01,-4.700689e-02,-1.003763e+00,-5.241542e-01,-1.522874e+00,-6.781650e-01,-1.010724e+00,-2.810219e-01,-1.229865e+00,-6.048249e-01,1.860974e-01,1.790843e+00,1.027500e-02,1.310539e+01,1.058563e-01
3.351656e-03,-1.247803e+01,7.332239e+00,-1.115244e+01,-4.026760e-01,-1.008133e+01,-2.304906e+00,-5.389315e+00,3.011923e-01,-1.737220e+00,2.786800e+00,-1.209879e-02,-8.770795e-01,1.882744e-01,0,1.909577e-01,-2.873857e-04,2.043683e+00,-1.350476e+00,4.991284e-01,-1.310985e+00,-1.275868e+00,-1.790725e+00,3.911888e-01,4.240342e-02,-3.821561e-01,-3.980377e-01,-1.931663e+00,1.772364e+00,-1.915987e-02,3.292850e+01,1.806232e-01
2.243387e-03,-9.434625e+00,4.330070e+00,-8.535864e+00,-2.846438e+00,-1.139747e+01,-5.377781e+00,-3.030057e+00,9.762912e-01,-1.906000e+00,3.071534e+00,-4.068257e+00,5.303846e-01,1.396192e-01,6.552694e+01,4.338028e-01,-5.137101e-04,2.525870e+00,-2.585063e+00,6.120031e-01,-1.512148e+00,-2.678405e-01,-1.223984e+00,1.580567e+00,6.764514e-01,5.551940e-01,1.727665e-01,-2.956038e+00,1.557880e+00,-4.055606e-02,5.302737e+01,1.990843e-01
1.569936e-03,-5.918150e+00,7.206562e-01,-8.693662e+00,-4.619163e+00,-1.093136e+01,-5.557407e+00,-6.692389e-01,2.877614e+00,8.432466e-01,4.816954e+00,-7.581150e+00,2.597820e+00,7.766697e-02,1.318790e+02,6.862147e-01,-4.061629e-04,1.808856e+00,-2.727341e+00,-2.758590e-01,-1.113416e+00,1.303692e+00,3.307042e-01,1.393211e+00,5.040839e-01,9.058288e-01,2.504538e-01,-2.788229e+00,8.612744e-01,-4.134179e-02,5.357781e+01,1.435458e-01
1.649950e-03,-5.500758e+00,-2.362535e+00,-1.056989e+01,-4.955132e+00,-9.002029e+00,-3.294215e+00,7.262939e-02,3.267609e+00,1.493102e+00,4.744964e+00,-9.869048e+00,2.965179e+00,3.989121e-02,1.991973e+02,7.477929e-01,-1.447729e-04,7.876661e-01,-1.662872e+00,-8.503498e-01,-3.830603e-01,2.537618e+00,1.504243e+00,8.228277e-01,-6.568830e-02,2.944785e-01,-6.027669e-01,-1.686451e+00,-1.202604e-01,-2.614083e-02,2.075245e+01,6.474010e-02
1.617560e-03,-5.400686e+00,-2.958164e+00,-1.151472e+01,-4.915411e+00,-4.760589e+00,-1.693168e+00,2.539472e-02,1.675953e+00,1.092373e+00,3.202354e+00,-1.105285e+01,2.211896e+00,3.142944e-02,2.010538e+02,7.516916e-01,-5.727869e-05,-2.139223e-01,-3.638026e-01,-4.410609e-01,8.326230e-02,3.101620e+00,2.045890e+00,7.244260e-01,5.570283e-02,-8.647386e-01,-1.582499e+00,-7.504421e-01,-1.192262e+00,-8.703535e-03,-1.934867e+01,-4.197383e-03
1.495710e-03,-5.755026e+00,-2.144878e+00,-1.137708e+01,-4.613616e+00,-1.794761e+00,2.113160e-01,7.367648e-01,1.248680e+00,-5.581706e-01,8.649996e-01,-1.076466e+01,1.220448e-01,3.203385e-02,1.347018e+02,7.247649e-01,-1.008273e-04,-6.238154e-01,5.186720e-01,2.971193e-01,2.933903e-01,2.733242e+00,2.161982e+00,1.027672e+00,1.213443e+00,-1.387205e+00,-2.186494e+00,-2.887510e-01,-1.682382e+00,1.873678e-03,-5.320650e+01,-3.015142e-02
1.360662e-03,-6.860628e+00,-1.207185e+00,-1.049537e+01,-4.373609e+00,9.731056e-01,2.919276e+00,2.620824e+00,4.165593e+00,-2.454810e+00,-1.155558e+00,-1.088555e+01,-1.941924e+00,3.807797e-02,6.738346e+01,6.767418e-01,-9.602749e-05,-8.051062e-01,5.097572e-01,6.328692e-01,4.467508e-01,1.835020e+00,2.076127e+00,1.328476e+00,2.420815e+00,-1.512080e+00,-2.220009e+00,-3.609870e-01,-1.476186e+00,5.258386e-03,-5.368095e+01,-3.665609e-02
1.274262e-03,-7.889864e+00,-6.446645e-01,-9.593972e+00,-3.759081e+00,1.797335e+00,5.209473e+00,3.913274e+00,8.090006e+00,-3.669330e+00,-4.008552e+00,-1.139645e+01,-3.369819e+00,4.593533e-02,0,6.345107e-01,-6.076421e-05,-6.705714e-01,2.018486e-01,5.523745e-01,4.274068e-01,1.047181e+00,1.522326e+00,1.114421e+00,2.441515e+00,-1.116619e+00,-1.695718e+00,-5.210789e-01,-8.571476e-01,5.016622e-03,-3.367870e+01,-2.856569e-02
1.248147e-03,-8.358798e+00,-1.159485e+00,-9.241931e+00,-3.108924e+00,2.618463e+00,6.188390e+00,5.079521e+00,1.035937e+01,-4.912447e+00,-5.460914e+00,-1.254189e+01,-3.423103e+00,5.077063e-02,0,6.135382e-01,-2.511457e-05,-3.465275e-01,-4.194222e-02,2.858923e-01,3.179527e-01,4.111844e-01,7.517146e-01,6.083641e-01,1.465691e+00,-6.158393e-01,-1.006307e+00,-4.458106e-01,-3.015643e-01,3.022061e-03,-1.347669e+01,-1.473796e-02
