pcm_RMSenergy_sma,pcm_fftMag_mfcc_sma[1],pcm_fftMag_mfcc_sma[2],pcm_fftMag_mfcc_sma[3],pcm_fftMag_mfcc_sma[4],pcm_fftMag_mfcc_sma[5],pcm_fftMag_mfcc_sma[6],pcm_fftMag_mfcc_sma[7],pcm_fftMag_mfcc_sma[8],pcm_fftMag_mfcc_sma[9],pcm_fftMag_mfcc_sma[10],pcm_fftMag_mfcc_sma[11],pcm_fftMag_mfcc_sma[12],pcm_zcr_sma,F0final_sma,voicingFinalUnclipped_sma,pcm_RMSenergy_sma_de,pcm_fftMag_mfcc_sma_de[1],pcm_fftMag_mfcc_sma_de[2],pcm_fftMag_mfcc_sma_de[3],pcm_fftMag_mfcc_sma_de[4],pcm_fftMag_mfcc_sma_de[5],pcm_fftMag_mfcc_sma_de[6],pcm_fftMag_mfcc_sma_de[7],pcm_fftMag_mfcc_sma_de[8],pcm_fftMag_mfcc_sma_de[9],pcm_fftMag_mfcc_sma_de[10],pcm_fftMag_mfcc_sma_de[11],pcm_fftMag_mfcc_sma_de[12],pcm_zcr_sma_de,F0final_sma_de,voicingFinalUnclipped_sma_de
1.177411e-02,-6.754032e+00,-2.000565e+01,-1.850739e+01,-6.872523e+00,7.282549e+00,3.727563e+00,-9.750258e+00,-1.945446e+00,-2.832731e+00,-4.042626e+00,-1.575655e+01,-7.923503e-01,4.805077e-02,3.732400e+02,7.510033e-01,-8.787671e-05,1.419999e-01,2.032801e-01,2.644709e-01,-3.085716e-01,8.244529e-02,1.790100e-01,6.005727e-01,9.251870e-02,8.842187e-02,-7.942025e-02,-7.284684e-01,-1.788921e-01,-6.346330e-04,-4.053070e-01,3.114420e-03
1.174949e-02,-6.562590e+00,-1.985431e+01,-1.798406e+01,-7.446607e+00,7.650726e+00,3.864882e+00,-8.595225e+00,-2.038437e+00,-2.845669e+00,-3.955802e+00,-1.724346e+01,-8.775595e-01,4.714416e-02,3.724423e+02,7.577073e-01,-2.601570e-04,2.513679e-01,3.990299e-01,4.078590e-01,-7.831489e-01,-1.293180e-01,6.084064e-01,1.031436e+00,1.263982e-01,5.848927e-02,5.912209e-02,-9.457704e-01,-4.409623e-01,-1.178604e-03,-9.602966e-01,3.093201e-03
1.134703e-02,-6.139753e+00,-1.906492e+01,-1.744669e+01,-8.128339e+00,7.510687e+00,4.553953e+00,-7.324912e+00,-1.436357e+00,-2.384152e+00,-4.483139e+00,-1.865544e+01,-1.644206e+00,4.533092e-02,3.716123e+02,7.632234e-01,-5.163166e-04,4.705713e-01,8.338720e-01,3.692446e-01,-1.401351e+00,-4.501900e-01,1.193435e+00,1.356572e+00,-5.605239e-02,2.974084e-01,7.233986e-01,-3.461786e-01,-8.951346e-01,-1.752796e-03,-9.761676e+00,6.830001e-03
1.068686e-02,-5.804331e+00,-1.848086e+01,-1.699844e+01,-1.016036e+01,6.521890e+00,6.356400e+00,-5.805752e+00,-1.568000e+00,-2.764573e+00,-3.526759e+00,-1.903596e+01,-2.571234e+00,4.351768e-02,3.692523e+02,7.603592e-01,-9.418119e-04,6.900266e-01,1.508588e+00,1.152071e-01,-1.885422e+00,-1.053056e+00,1.194077e+00,1.227412e+00,-6.160209e-01,6.345409e-01,1.765056e+00,9.158268e-01,-9.920887e-01,-2.115443e-03,-2.292271e+01,9.234577e-03
9.723839e-03,-4.780304e+00,-1.652301e+01,-1.715397e+01,-1.252240e+01,5.596017e+00,8.448977e+00,-4.362136e+00,-2.460927e+00,-1.386236e+00,-6.401547e-01,-1.659119e+01,-4.421186e+00,4.110003e-02,3.260266e+02,7.838273e-01,-1.448864e-03,8.195891e-01,2.243995e+00,-4.471569e-02,-1.725912e+00,-1.518103e+00,3.033322e-01,4.253952e-01,-1.386621e+00,8.533405e-01,2.235543e+00,1.740983e+00,-5.967532e-01,-2.538531e-03,-3.615066e+01,9.174049e-03
7.852026e-03,-3.792181e+00,-1.358232e+01,-1.755438e+01,-1.467669e+01,3.342784e+00,7.887754e+00,-3.939554e+00,-4.606257e+00,-1.719224e-01,2.947984e+00,-1.369645e+01,-4.449513e+00,3.868238e-02,2.806216e+02,7.935782e-01,-1.893467e-03,8.517261e-01,2.900024e+00,1.597595e-01,-5.303202e-01,-1.623424e+00,-1.389447e+00,-7.865358e-01,-1.736926e+00,4.600975e-01,1.545164e+00,2.082525e+00,4.439620e-01,-3.082502e-03,-3.585592e+01,-1.373357e-03
5.520132e-03,-3.047883e+00,-1.029421e+01,-1.739230e+01,-1.449974e+01,1.509727e+00,5.304937e+00,-6.131035e+00,-6.850333e+00,5.862252e-01,3.457203e+00,-1.262029e+01,-3.688833e+00,3.505591e-02,2.351744e+02,7.924841e-01,-1.947591e-03,5.964897e-01,3.008522e+00,6.176189e-01,1.179363e+00,-1.438617e+00,-2.659520e+00,-1.916245e+00,-1.728329e+00,-3.915772e-01,-2.707837e-01,1.300430e+00,1.050747e+00,-3.656694e-03,-2.394434e+01,-1.686184e-02
3.321378e-03,-2.411912e+00,-7.095144e+00,-1.608048e+01,-1.182329e+01,4.479160e-01,9.811845e-01,-8.853982e+00,-8.057926e+00,-1.450317e+00,2.150382e+00,-1.060879e+01,-7.176000e-01,3.112723e-02,2.353989e+02,7.491640e-01,-1.541007e-03,2.443039e-01,2.772570e+00,1.015182e+00,2.313594e+00,-1.097066e+00,-2.816868e+00,-1.912529e+00,-1.624054e+00,-1.088641e+00,-1.774980e+00,5.248939e-01,7.365322e-01,-3.505591e-03,-2.633265e+01,-2.497866e-02
2.251209e-03,-2.487990e+00,-4.723988e+00,-1.480283e+01,-8.052283e+00,-1.496345e-01,-1.395340e+00,-1.148615e+01,-9.376738e+00,-2.704925e+00,-1.595272e+00,-1.163287e+01,-1.033408e+00,2.659414e-02,2.289162e+02,7.217252e-01,-9.388210e-04,-8.861542e-04,2.355256e+00,1.106614e+00,2.285968e+00,-9.263819e-01,-1.757530e+00,-9.962856e-01,-1.555148e+00,-7.201405e-01,-1.939630e+00,-5.167754e-01,-2.440126e-01,-2.568752e-03,-4.104915e+01,-2.629101e-02
1.781455e-03,-2.850608e+00,-2.504583e+00,-1.377321e+01,-6.332444e+00,-1.312867e+00,-2.846448e+00,-1.082464e+01,-1.146333e+01,-3.969554e+00,-3.400680e+00,-1.156568e+01,-2.094564e+00,2.538531e-02,1.520874e+02,7.040644e-01,-4.248804e-04,-4.529404e-03,1.981762e+00,9.720853e-01,1.606758e+00,-4.472672e-01,-3.647267e-01,4.600083e-01,-1.162918e+00,1.001650e-01,-1.059648e+00,-8.352109e-01,-8.044497e-01,-1.057721e-03,-6.281297e+01,-1.988059e-02
1.595989e-03,-2.832966e+00,-8.132122e-01,-1.301286e+01,-5.815323e+00,-2.241791e+00,-1.568896e+00,-1.012713e+01,-1.292338e+01,-1.754858e+00,-3.465417e+00,-1.472571e+01,-4.220414e+00,2.508311e-02,7.158435e+01,6.835789e-01,-1.689824e-04,1.826373e-01,1.595836e+00,7.411730e-01,8.171751e-01,2.241586e-01,3.288969e-01,1.117921e+00,-1.942292e-01,5.908223e-01,-1.508119e-02,-4.332661e-01,-5.860996e-01,-3.022062e-04,-6.099198e+01,-1.422968e-02
1.524586e-03,-2.262071e+00,8.582759e-01,-1.211504e+01,-4.907985e+00,-7.423419e-01,-7.556713e-01,-7.233449e+00,-1.209920e+01,-1.424525e+00,-2.212784e+00,-1.323842e+01,-3.146345e+00,2.659414e-02,0,6.688342e-01,-6.580436e-05,2.377164e-01,1.018564e+00,4.834242e-01,7.274323e-01,7.937640e-01,1.800710e-01,8.473305e-01,7.388456e-01,3.429724e-01,-1.553669e-01,4.020962e-01,-1.464682e-01,-1.208823e-04,-3.757592e+01,-5.523622e-03
1.534731e-03,-1.869072e+00,1.573765e+00,-1.192605e+01,-4.678637e+00,6.858959e-01,-7.962437e-01,-7.692144e+00,-1.002995e+01,-1.023327e+00,-2.264626e+00,-1.296283e+01,-3.438016e+00,2.447869e-02,0,6.681919e-01,-3.074829e-05,4.773264e-02,4.056744e-01,2.498709e-01,6.740534e-01,9.012291e-01,-5.272940e-01,1.914248e-01,1.057518e+00,-7.093135e-01,-4.070507e-01,1.471837e+00,4.969556e-02,1.511030e-04,-1.431687e+01,3.709906e-03
1.483062e-03,-2.143973e+00,1.394748e+00,-1.189949e+01,-3.263625e+00,1.192109e+00,-2.332419e+00,-7.805485e+00,-9.215812e+00,-2.620457e+00,-4.777909e+00,-1.043664e+01,-3.218105e+00,2.508311e-02,0,6.841398e-01,-3.606485e-05,-2.221221e-01,4.108333e-02,6.387158e-02,3.602089e-01,2.258438e-01,-7.907952e-01,-1.745987e-01,8.119897e-01,-1.049538e+00,-1.594139e-01,1.595658e+00,-1.900323e-01,7.555157e-04,0,7.510513e-03
1.463009e-03,-2.653352e+00,9.469236e-01,-1.187128e+01,-3.267236e+00,1.297129e+00,-3.416992e+00,-8.883990e+00,-9.077477e+00,-4.703460e+00,-4.218108e+00,-8.767419e+00,-3.936056e+00,2.659414e-02,0,6.944757e-01,-4.793000e-05,-3.421925e-01,1.036419e-01,-1.766951e-01,-1.831551e-01,-5.148315e-01,-3.990819e-01,3.563436e-01,5.931904e-01,-1.165262e+00,8.285415e-01,1.575162e+00,-3.013494e-02,1.934120e-03,0,-9.172201e-04
1.380123e-03,-2.980542e+00,1.377113e+00,-1.182306e+01,-3.812641e+00,8.126012e-02,-3.399273e+00,-7.510519e+00,-8.515485e+00,-4.832151e+00,-2.033113e+00,-7.357841e+00,-3.847486e+00,2.931399e-02,0,6.932449e-01,-4.819597e-05,-3.065120e-01,3.119190e-01,-4.352427e-01,-1.064291e+00,-1.158235e+00,1.615089e-01,6.770229e-01,8.640628e-01,4.936302e-02,1.898339e+00,5.501571e-01,-1.868057e-01,2.417649e-03,0,-1.310704e-02
1.346550e-03,-3.161750e+00,2.100792e+00,-1.284774e+01,-5.319904e+00,-1.332837e+00,-2.258226e+00,-6.057909e+00,-7.414160e+00,-5.743790e+00,5.056832e-01,-6.626427e+00,-3.273999e+00,3.203385e-02,0,6.590532e-01,-3.673993e-05,-2.355297e-01,4.606450e-01,-6.673586e-01,-1.630554e+00,-1.378724e+00,4.605451e-01,6.996710e-01,1.390636e+00,1.546469e+00,1.998439e+00,5.748860e-01,4.928989e-01,2.870958e-03,0,-2.156160e-02
1.300312e-03,-3.422333e+00,2.377409e+00,-1.358747e+01,-7.558744e+00,-3.284084e+00,-2.104257e+00,-5.833411e+00,-5.727156e+00,-1.853477e+00,2.351892e+00,-8.756352e+00,-4.483161e+00,3.445150e-02,0,6.363158e-01,8.611591e-06,-1.456598e-01,3.309687e-01,-9.513858e-01,-2.321996e+00,-1.065425e+00,5.243172e-01,-2.223892e-01,1.263911e+00,2.553422e+00,1.769933e+00,9.974901e-01,1.088590e+00,1.903898e-03,0,-1.440921e-02
1.319215e-03,-3.610104e+00,2.750001e+00,-1.432587e+01,-9.546955e+00,-3.913817e+00,-1.761775e+00,-6.224189e+00,-3.518461e+00,1.539551e+00,3.581585e+00,-5.193734e+00,-1.153724e+00,3.838018e-02,0,6.151322e-01,7.891982e-05,-1.145186e-02,1.732920e-01,-9.944420e-01,-2.857817e+00,-7.944229e-01,7.521794e-01,-6.977820e-01,7.304648e-01,2.468176e+00,1.488639e+00,2.257954e+00,1.826794e+00,6.044060e-05,0,1.729327e-03
1.436848e-03,-3.484664e+00,2.707352e+00,-1.584093e+01,-1.330910e+01,-3.955377e+00,-1.025913e+00,-8.539325e+00,-4.143777e+00,4.293291e+00,5.278602e+00,-3.086738e+00,5.353256e-01,3.566032e-02,0,6.431593e-01,1.835048e-04,1.990380e-01,-6.526697e-02,-1.020668e+00,-3.319318e+00,-5.619075e-01,1.407236e+00,-6.789318e-01,-4.195224e-01,6.788825e-01,1.126148e+00,2.521486e+00,1.662705e+00,-1.934119e-03,0,1.246475e-02
1.672881e-03,-3.187844e+00,2.802280e+00,-1.669323e+01,-1.673381e+01,-4.969305e+00,9.634984e-01,-8.193862e+00,-4.553525e+00,3.523704e+00,6.485525e+00,1.828534e+00,3.350727e+00,3.173164e-02,0,6.642781e-01,2.913198e-04,3.012112e-01,-3.976859e-01,-7.886624e-01,-3.440578e+00,-5.701317e-01,1.561958e+00,-6.640530e-03,-9.076163e-01,-7.179822e-01,5.186789e-01,1.205394e+00,3.189817e-01,-2.447870e-03,0,1.325990e-02
2.041003e-03,-2.638273e+00,2.024935e+00,-1.750714e+01,-2.056190e+01,-5.565878e+00,3.569284e+00,-8.243234e+00,-7.307236e+00,5.488586e-01,6.530660e+00,3.399407e-01,1.578137e+00,2.810517e-02,0,6.740666e-01,3.838004e-04,3.095591e-01,-6.913404e-01,-4.033833e-01,-3.144255e+00,-1.837413e-01,1.586053e+00,5.005959e-01,-1.050219e+00,-1.684445e+00,1.102882e-01,-5.134982e-01,-6.641394e-01,-1.027501e-03,1.383651e+01,9.235573e-03
2.473737e-03,-2.527243e+00,1.102780e+00,-1.743608e+01,-2.312345e+01,-5.959225e+00,3.750418e+00,-6.405437e+00,-6.474813e+00,-1.781438e-01,5.548950e+00,-8.801029e-01,-8.022165e-02,2.991840e-02,0,6.659780e-01,4.350301e-04,2.568007e-01,-8.654454e-01,-5.302029e-02,-2.453287e+00,3.477405e-01,1.365950e+00,4.696596e-01,-8.280400e-01,-1.508139e+00,-1.718939e-01,-1.718631e+00,-1.332463e+00,2.719862e-04,3.421456e+01,1.563386e-02
2.955422e-03,-2.267169e+00,1.004005e-01,-1.748642e+01,-2.583556e+01,-4.379123e+00,5.510891e+00,-6.930558e+00,-8.434229e+00,-2.278010e+00,6.298330e+00,-4.299910e+00,-1.069897e+00,3.142944e-02,6.918255e+01,6.884872e-01,3.994093e-04,2.361044e-01,-6.275107e-01,1.682795e-01,-1.233468e+00,5.515705e-01,1.297086e+00,2.542815e-01,-2.278008e-01,-1.119748e+00,-1.427122e-01,-1.036936e+00,-1.119372e+00,3.928678e-04,5.422425e+01,2.925913e-02
3.390822e-03,-2.089393e+00,-5.626796e-01,-1.696869e+01,-2.636342e+01,-3.823980e+00,6.822443e+00,-6.501902e+00,-8.130229e+00,-2.603559e+00,5.742220e+00,-4.444693e+00,-1.987568e+00,3.142944e-02,1.364815e+02,7.352371e-01,2.553361e-04,2.659957e-01,-2.442283e-01,7.232876e-02,2.838612e-02,3.584581e-01,9.693359e-01,-8.415671e-02,2.440713e-01,-7.588316e-01,-4.539399e-01,1.377882e-01,-8.549762e-01,-6.950742e-04,5.317960e+01,3.480194e-02
3.579507e-03,-1.676677e+00,-2.798886e-01,-1.689944e+01,-2.510925e+01,-3.875648e+00,8.518701e+00,-6.923594e+00,-7.618532e+00,-3.837175e+00,5.720464e+00,-3.062444e+00,-3.065049e+00,2.931399e-02,2.028805e+02,7.857327e-01,-2.458673e-05,2.132251e-01,2.270975e-01,1.209663e-01,1.573840e+00,7.404725e-02,-2.577631e-01,-1.754360e-02,8.240134e-01,-2.059443e-01,-6.293772e-01,9.294710e-01,-6.744441e-01,-6.346327e-04,3.134145e+01,2.338357e-02
3.438375e-03,-1.492511e+00,7.178321e-02,-1.736793e+01,-2.334467e+01,-4.418672e+00,7.093193e+00,-6.829703e+00,-5.662305e+00,-3.192720e+00,3.568184e+00,-8.098946e-01,-3.357527e+00,2.750076e-02,1.990490e+02,7.913650e-01,-3.386461e-04,3.473111e-02,7.987261e-01,6.900865e-01,2.909551e+00,1.894762e-01,-1.547085e+00,1.618022e-01,7.171899e-01,-2.049975e-02,-6.485078e-01,4.223762e-01,-5.136423e-01,2.115449e-04,-2.482333e+00,-4.267693e-05
2.808712e-03,-1.499484e+00,9.186568e-01,-1.668197e+01,-1.947573e+01,-3.711541e+00,4.086700e+00,-6.854375e+00,-5.548124e+00,-3.013151e+00,4.238462e+00,-1.469954e+00,-3.757138e+00,3.022061e-02,1.946060e+02,7.773411e-01,-5.531370e-04,-2.017288e-01,1.281487e+00,1.510130e+00,3.952704e+00,3.426073e-01,-2.371901e+00,8.344845e-01,3.395983e-01,2.528931e-01,-6.751477e-01,-5.836831e-01,-4.884302e-01,8.763984e-04,-3.508909e+01,-2.663931e-02
2.082989e-03,-2.004333e+00,2.831678e+00,-1.362699e+01,-1.463242e+01,-2.958653e+00,1.303020e+00,-5.727500e+00,-5.579484e+00,-3.118069e+00,3.240682e+00,-3.129057e+00,-4.209735e+00,3.203385e-02,1.282071e+02,7.392195e-01,-5.684849e-04,-4.377299e-01,1.633086e+00,2.085077e+00,4.174731e+00,4.065396e-01,-1.975850e+00,1.475270e+00,9.104194e-02,3.365117e-01,-5.858620e-01,-1.364371e+00,-8.480881e-01,3.022060e-04,-5.298481e+01,-4.026772e-02
1.491515e-03,-2.429409e+00,4.747600e+00,-1.121926e+01,-9.701856e+00,-2.892621e+00,-4.457187e-01,-3.302273e+00,-5.961952e+00,-2.610034e+00,2.508477e+00,-4.821279e+00,-5.081096e+00,3.142944e-02,6.285598e+01,6.786090e-01,-4.092369e-04,-6.026162e-01,1.677203e+00,1.976928e+00,3.521152e+00,3.856223e-01,-1.311435e+00,1.226586e+00,-6.443252e-02,5.072197e-01,-7.715169e-01,-1.243781e+00,-9.174432e-01,-1.208825e-03,-5.174191e+01,-4.073077e-02
1.254549e-03,-3.216198e+00,6.322742e+00,-9.673898e+00,-7.357951e+00,-2.795434e+00,-5.198455e-01,-1.229405e+00,-5.000182e+00,-1.711720e+00,1.503867e+00,-5.956085e+00,-6.935988e+00,2.840737e-02,0,6.393924e-01,-2.169925e-04,-7.991746e-01,1.431566e+00,1.705474e+00,2.356077e+00,2.238052e-01,-7.613157e-01,-4.036455e-02,-2.815221e-01,1.519826e-01,-4.956147e-01,-9.578379e-01,-9.459349e-01,-1.934119e-03,-3.192701e+01,-2.513206e-02
1.176747e-03,-3.906633e+00,7.559141e+00,-8.773869e+00,-5.507210e+00,-1.865039e+00,-1.559042e+00,-2.970494e+00,-6.159937e+00,-1.180227e+00,1.249285e+00,-6.275347e+00,-6.981228e+00,2.598973e-02,0,6.236008e-01,-7.625624e-05,-9.660112e-01,1.078512e+00,1.579183e+00,1.635529e+00,4.802336e-01,-7.002309e-01,-1.875155e+00,-7.222332e-01,-4.167326e-01,-5.898896e-01,-4.474538e-01,-3.521318e-01,-2.387428e-03,-1.257120e+01,-9.337628e-03
1.155410e-03,-5.261594e+00,8.583735e+00,-6.322310e+00,-4.949362e+00,-2.353418e+00,-1.946897e+00,-6.095212e+00,-6.888101e+00,-3.073060e+00,1.392204e+00,-7.191212e+00,-7.989344e+00,2.508311e-02,0,6.410633e-01,1.693958e-05,-9.961046e-01,4.731527e-01,1.501699e+00,1.486205e+00,4.397160e-01,-4.978983e-01,-2.280542e+00,-1.062805e+00,-1.028264e+00,-8.183302e-01,-3.099945e-01,7.477273e-01,-2.296766e-03,0,-5.931860e-03
1.159803e-03,-6.236767e+00,9.009662e+00,-4.999134e+00,-2.728503e+00,-7.124612e-01,-3.233348e+00,-1.024514e+01,-8.629158e+00,-4.013027e+00,-3.851393e-01,-6.440985e+00,-6.315077e+00,2.115443e-02,0,6.310854e-01,1.146804e-04,-7.740946e-01,-2.949829e-01,1.318178e+00,1.886230e+00,2.401823e-01,-3.177298e-01,-1.235083e+00,-1.079149e+00,-1.319440e+00,-9.014633e-01,-2.887649e-02,1.837709e+00,-1.601693e-03,0,-1.143006e-02
1.347719e-03,-7.031654e+00,7.963245e+00,-4.052770e+00,-1.316278e+00,-1.173143e+00,-2.172184e+00,-8.994790e+00,-9.079597e+00,-5.436641e+00,-1.770572e+00,-7.423239e+00,-3.530427e+00,1.934119e-02,0,6.059908e-01,1.596116e-04,-3.065809e-01,-9.853109e-01,9.741892e-01,1.888473e+00,-6.731662e-01,-5.700877e-01,3.226749e-01,-6.092470e-01,-1.499806e+00,-3.509232e-01,4.018734e-01,2.391218e+00,-4.533093e-04,0,-1.026731e-02
1.653995e-03,-6.892076e+00,6.394472e+00,-3.317750e+00,2.107395e+00,-1.254264e+00,-3.035048e+00,-7.696119e+00,-1.045993e+01,-6.595636e+00,-1.676643e+00,-6.303716e+00,-2.214130e-02,2.085222e-02,0,5.839867e-01,1.539421e-04,1.653934e-01,-1.448719e+00,8.821405e-01,8.141919e-01,-2.403145e+00,-1.057966e+00,1.284806e+00,-2.937603e-03,-1.574249e+00,1.174421e+00,5.168539e-01,1.948189e+00,9.066183e-04,1.353952e+01,8.494997e-03
1.706372e-03,-6.466844e+00,4.964776e+00,-2.292056e+00,2.075053e+00,-5.448347e+00,-4.896485e+00,-5.756351e+00,-9.018949e+00,-9.280785e+00,2.833398e-01,-5.250479e+00,8.202800e-01,2.296766e-02,0,6.132761e-01,1.377839e-04,4.827018e-01,-1.651967e+00,5.875427e-01,-1.156409e+00,-3.988478e+00,-1.543123e+00,1.318376e+00,5.605518e-01,-1.171108e+00,2.205404e+00,3.670245e-01,1.434754e+00,8.461768e-04,3.377982e+01,3.267578e-02
1.750187e-03,-5.692205e+00,3.265301e+00,-1.468789e+00,-3.532090e-01,-1.059058e+01,-7.161026e+00,-5.440333e+00,-8.674170e+00,-9.962200e+00,4.460008e+00,-4.943095e+00,1.250515e+00,2.387428e-02,6.769759e+01,6.699178e-01,1.842282e-04,4.906591e-01,-1.844973e+00,2.753838e-01,-3.220486e+00,-4.855711e+00,-1.088598e+00,1.560242e+00,9.893306e-01,-2.924248e-01,2.097158e+00,-2.585289e-01,1.279067e+00,2.719853e-04,5.375679e+01,4.510874e-02
1.988542e-03,-5.218081e+00,1.267997e+00,-2.039537e+00,-5.868021e+00,-1.644737e+01,-7.824810e+00,-3.530802e+00,-7.169720e+00,-9.608901e+00,6.188124e+00,-6.268427e+00,3.007014e+00,2.206104e-02,1.350503e+02,7.264042e-01,2.918100e-04,3.507635e-01,-2.029369e+00,-1.064055e-01,-3.855111e+00,-4.069503e+00,-3.514160e-01,2.015484e+00,1.272329e+00,8.877840e-01,1.191094e+00,-6.918179e-01,1.356967e+00,3.022062e-04,5.324399e+01,3.920059e-02
2.434051e-03,-5.063162e+00,-9.820045e-01,-2.067090e+00,-1.002350e+01,-2.003331e+01,-7.013874e+00,-1.007681e+00,-6.437894e+00,-7.893702e+00,5.856754e+00,-7.087387e+00,5.279827e+00,2.266546e-02,2.012588e+02,7.529663e-01,3.625530e-04,1.764523e-01,-2.038248e+00,-3.818118e-01,-3.168144e+00,-2.508466e+00,4.555210e-01,2.358508e+00,1.919419e+00,1.666807e+00,-3.776741e-02,-7.560589e-01,7.502092e-01,1.390148e-03,3.234547e+01,2.595815e-02
2.823490e-03,-5.027548e+00,-3.058416e+00,-2.524933e+00,-1.236536e+01,-2.107450e+01,-6.727141e+00,2.104745e+00,-3.775440e+00,-5.876114e+00,5.540436e+00,-7.637423e+00,5.590459e+00,2.508311e-02,1.994393e+02,7.677547e-01,4.006046e-04,3.477297e-02,-1.921080e+00,-6.054057e-01,-1.849199e+00,-4.699812e-01,5.878742e-01,2.452508e+00,2.390578e+00,1.960948e+00,-5.980415e-01,-9.872530e-01,-2.452050e-01,2.296767e-03,1.174963e+01,1.413366e-02
3.145478e-03,-4.905210e+00,-4.762730e+00,-3.135150e+00,-1.294526e+01,-2.081935e+01,-5.432255e+00,3.534432e+00,-7.742147e-01,-3.494560e+00,4.595015e+00,-8.038892e+00,3.709838e+00,2.931399e-02,1.972304e+02,7.790332e-01,3.819993e-04,-5.580840e-02,-1.712270e+00,-1.022718e+00,-8.713629e-01,1.230290e+00,4.544112e-01,2.042985e+00,2.733815e+00,1.804652e+00,-1.228265e+00,-1.399259e+00,-1.070870e+00,1.843457e-03,-1.729982e+00,8.814138e-03
3.635852e-03,-5.123192e+00,-6.447042e+00,-4.532536e+00,-1.365313e+01,-1.840426e+01,-5.676248e+00,6.460680e+00,1.951329e+00,-2.003732e+00,3.828786e+00,-1.072894e+01,2.565983e+00,3.022061e-02,1.958127e+02,7.840390e-01,2.817486e-04,-1.114439e-01,-1.377382e+00,-1.372167e+00,-1.100756e-01,2.616081e+00,1.471200e-01,1.206033e+00,2.503652e+00,1.450175e+00,-1.879870e+00,-2.019746e+00,-1.217341e+00,3.626469e-04,-1.516495e+00,5.780119e-03
3.937867e-03,-5.294382e+00,-7.849040e+00,-6.176878e+00,-1.373642e+01,-1.521698e+01,-5.267264e+00,7.029278e+00,4.367798e+00,-8.066316e-01,5.712524e-01,-1.253792e+01,1.437717e+00,2.931399e-02,1.944222e+02,7.888949e-01,5.937007e-05,1.896591e-02,-7.762847e-01,-1.532207e+00,6.280516e-01,3.324658e+00,-2.212504e-01,-1.616809e-01,1.732373e+00,1.254146e+00,-1.891549e+00,-2.176730e+00,-9.814050e-01,-8.763977e-04,-1.247699e+00,2.912968e-03
3.836039e-03,-5.390181e+00,-8.402172e+00,-7.864902e+00,-1.252015e+01,-1.079528e+01,-6.074036e+00,6.387487e+00,6.171814e+00,3.079492e-02,-1.847031e+00,-1.548664e+01,6.398147e-01,2.689634e-02,1.932609e+02,7.917245e-01,-2.351050e-04,2.281944e-01,1.326406e-01,-1.491045e+00,1.321676e+00,3.218796e+00,-2.014505e-01,-1.782038e+00,4.756096e-01,1.460062e+00,-1.125055e+00,-1.726988e+00,-1.153604e+00,-1.118163e-03,-1.017308e+00,1.045465e-04
3.342235e-03,-4.676886e+00,-7.666588e+00,-9.130002e+00,-1.037149e+01,-8.000550e+00,-6.339613e+00,2.762624e+00,5.777409e+00,1.758907e+00,-2.024820e+00,-1.654369e+01,-2.341025e-01,2.659414e-02,1.922678e+02,7.897553e-01,-4.369233e-04,3.893160e-01,8.453935e-01,-1.328624e+00,1.654281e+00,2.603393e+00,1.319733e-01,-2.472168e+00,-8.835480e-01,1.856726e+00,-5.966695e-02,-9.685010e-01,-1.638058e+00,-7.555149e-04,-4.047669e-01,-2.442855e-03
2.758142e-03,-4.290968e+00,-5.875065e+00,-1.051120e+01,-8.727219e+00,-5.918494e+00,-6.147326e+00,-3.161845e-01,3.624571e+00,4.013810e+00,-4.984542e-01,-1.736099e+01,-2.366126e+00,2.598973e-02,1.918034e+02,7.841315e-01,-4.400371e-04,4.079918e-01,1.071532e+00,-1.313145e+00,1.624570e+00,1.632551e+00,8.117762e-01,-2.277265e+00,-1.332703e+00,2.027712e+00,4.370242e-01,-1.787403e-01,-2.159921e+00,-1.813237e-04,5.446426e-01,-2.637106e-03
2.292198e-03,-3.897408e+00,-4.885626e+00,-1.149685e+01,-7.361484e+00,-4.638407e+00,-4.570753e+00,-1.979728e+00,1.223680e+00,6.485493e+00,-4.013708e-01,-1.644325e+01,-5.249604e+00,2.598972e-02,1.931272e+02,7.804771e-01,-2.720029e-04,3.244396e-01,6.234011e-01,-1.390620e+00,1.231058e+00,1.021435e+00,1.155680e+00,-1.185554e+00,-5.573839e-01,1.827888e+00,-1.707034e-01,-1.424660e-01,-2.054523e+00,9.066146e-05,1.544444e+00,-3.106594e-05
2.160872e-03,-3.739961e+00,-4.434992e+00,-1.324720e+01,-5.902303e+00,-4.313593e+00,-2.899586e+00,-2.627661e+00,1.785164e+00,7.806061e+00,-4.736345e-01,-1.643056e+01,-7.652042e+00,2.629193e-02,1.955544e+02,7.831781e-01,-7.247370e-05,2.394513e-01,-7.645988e-03,-1.269988e+00,8.347657e-01,7.086803e-01,8.874337e-01,-1.396214e-01,6.511198e-01,1.216591e+00,-1.295742e+00,-4.128346e-01,-9.044092e-01,5.741915e-04,2.088725e+00,3.179294e-03
2.280856e-03,-3.330192e+00,-5.269619e+00,-1.471510e+01,-5.628657e+00,-3.695823e+00,-2.185081e+00,-2.009408e+00,3.910193e+00,9.002219e+00,-2.890747e+00,-1.772124e+01,-7.863760e+00,2.689634e-02,1.981144e+02,7.900767e-01,6.592099e-05,9.157138e-02,-5.863405e-01,-6.388180e-01,4.685550e-01,3.834522e-01,4.949889e-01,7.659026e-01,1.192830e+00,3.655148e-03,-2.566385e+00,-5.783111e-01,1.079293e+00,1.178604e-03,1.909570e+00,3.948349e-03
2.401445e-03,-3.377320e+00,-5.721298e+00,-1.525202e+01,-5.419804e+00,-2.846384e+00,-2.902993e+00,-9.994515e-01,5.536913e+00,8.838402e+00,-5.732477e+00,-1.878617e+01,-5.581095e+00,2.840737e-02,1.997534e+02,7.952282e-01,1.011881e-04,-1.188009e-01,-7.837197e-01,5.200335e-01,3.378473e-01,-4.896592e-01,2.768669e-01,1.803103e+00,6.737682e-01,-1.457319e+00,-3.089858e+00,3.424448e-01,2.523935e+00,2.024781e-03,1.226085e+00,1.413268e-03
2.501516e-03,-3.620872e+00,-7.174175e+00,-1.368853e+01,-5.259959e+00,-3.454750e+00,-2.094105e+00,1.035680e+00,5.311954e+00,5.987598e+00,-1.060388e+01,-1.815700e+01,-8.886116e-01,3.082502e-02,2.005756e+02,7.941938e-01,9.163209e-05,-3.505250e-01,-6.318648e-01,1.891284e+00,1.578835e-01,-1.991731e+00,8.449138e-01,2.614466e+00,-2.558066e-01,-2.667297e+00,-2.009949e+00,1.646255e+00,2.529201e+00,2.659414e-03,4.125046e-01,-2.537751e-03
2.556482e-03,-4.188625e+00,-7.401312e+00,-1.116032e+01,-4.397416e+00,-6.882426e+00,-1.560740e+00,4.865308e+00,4.453125e+00,2.026778e+00,-1.206636e+01,-1.450046e+01,1.480061e+00,3.445150e-02,2.004543e+02,7.881859e-01,7.284778e-05,-5.003877e-01,-2.109703e-01,2.842818e+00,-5.410331e-01,-3.128764e+00,1.500955e+00,3.038058e+00,-1.045702e+00,-2.865042e+00,9.883356e-02,2.345582e+00,1.057159e+00,2.750076e-03,-2.482727e-01,-5.207384e-03
2.661498e-03,-4.677164e+00,-7.588936e+00,-7.304528e+00,-5.350433e+00,-1.163646e+01,1.368361e+00,8.130542e+00,3.173054e+00,-9.284534e-01,-9.773552e+00,-1.163282e+01,1.251666e+00,3.717135e-02,1.998265e+02,7.809091e-01,5.061703e-05,-6.038651e-01,3.270915e-01,3.173098e+00,-1.503603e+00,-3.075360e+00,1.868408e+00,2.596582e+00,-1.395991e+00,-2.057851e+00,2.298985e+00,1.754237e+00,-6.171852e-01,1.843458e-03,-4.781418e-01,-7.114691e-03
2.685693e-03,-5.351112e+00,-6.568769e+00,-4.229928e+00,-8.079732e+00,-1.439935e+01,2.870548e+00,1.064340e+01,1.377853e+00,-2.028785e+00,-5.653471e+00,-1.032035e+01,-1.365438e+00,3.898459e-02,1.988865e+02,7.758336e-01,1.423128e-05,-6.566439e-01,6.342807e-01,2.645679e+00,-2.310867e+00,-1.959006e+00,1.793167e+00,1.553957e+00,-1.466427e+00,-8.887067e-01,2.990306e+00,3.193676e-01,-1.458283e+00,2.417646e-04,-2.837479e-01,-7.947403e-03
2.689996e-03,-6.058954e+00,-5.954989e+00,-1.288236e+00,-1.093682e+01,-1.507309e+01,5.032291e+00,1.112954e+01,-1.303674e-01,-2.273873e+00,-2.315397e+00,-1.147587e+01,-2.551789e+00,3.777577e-02,1.989688e+02,7.647965e-01,-2.911948e-05,-7.286276e-01,7.466737e-01,1.629879e+00,-2.302063e+00,-8.028963e-01,1.384646e+00,3.293634e-01,-1.127649e+00,1.950124e-01,2.549663e+00,-7.811791e-01,-1.736425e+00,-1.390149e-03,1.675980e-01,-7.406431e-03
2.613389e-03,-6.780950e+00,-5.046882e+00,-9.400666e-01,-1.315856e+01,-1.495914e+01,5.573131e+00,1.113559e+01,-1.227299e+00,-1.744046e+00,-8.439092e-01,-1.298210e+01,-3.909625e+00,3.535811e-02,1.994644e+02,7.565052e-01,-4.679987e-05,-7.023746e-01,5.503394e-01,8.329361e-01,-1.796001e+00,-1.858642e-01,1.173383e+00,-8.068091e-01,-5.158507e-01,9.455978e-01,1.920117e+00,-9.548281e-01,-1.572911e+00,-1.783017e-03,5.530807e-01,-5.970949e-03
2.552052e-03,-7.605383e+00,-4.616511e+00,-8.000655e-01,-1.432134e+01,-1.537104e+01,6.940300e+00,9.531265e+00,-1.162613e+00,-9.576079e-02,5.699821e-01,-1.420785e+01,-6.158364e+00,3.203385e-02,2.003755e+02,7.535412e-01,-3.648680e-05,-6.441759e-01,4.820228e-01,4.538826e-01,-1.207330e+00,1.611683e-01,6.871281e-01,-1.402736e+00,1.444561e-02,1.338966e+00,1.593985e+00,-3.032168e-01,-1.219455e+00,-1.813240e-04,5.616196e-01,-4.131436e-03
2.520666e-03,-8.089770e+00,-4.486311e+00,-3.093330e-01,-1.536747e+01,-1.517969e+01,7.783456e+00,7.408498e+00,-6.852770e-01,1.610148e+00,2.504426e+00,-1.372851e+01,-7.426707e+00,3.294047e-02,2.009485e+02,7.516065e-01,-1.277507e-05,-4.964728e-01,5.534542e-01,7.521848e-01,-7.714130e-01,5.376228e-01,1.321238e-01,-1.265087e+00,8.077787e-02,1.310064e+00,1.536035e+00,6.364385e-01,-2.521629e-01,2.780298e-03,3.820267e-01,-5.026841e-03
2.553924e-03,-8.625423e+00,-3.825160e+00,6.658106e-01,-1.586901e+01,-1.415697e+01,7.362769e+00,5.979411e+00,-3.291505e-01,2.743860e+00,3.980360e+00,-1.261875e+01,-6.890521e+00,3.807797e-02,2.010348e+02,7.465886e-01,-3.411456e-05,-3.077808e-01,7.874490e-01,7.459905e-01,-4.192145e-01,6.736034e-01,-6.623036e-01,-5.923606e-01,-2.087927e-01,3.584194e-01,1.142683e+00,1.171350e+00,8.458832e-01,5.318829e-03,7.176666e-02,-6.107545e-03
2.548578e-03,-8.753294e+00,-2.675287e+00,2.087919e+00,-1.624179e+01,-1.287806e+01,6.022516e+00,6.586082e+00,-1.240141e+00,3.386462e+00,5.131077e+00,-1.059445e+01,-4.804361e+00,4.623754e-02,2.010449e+02,7.348472e-01,-1.217470e-04,-9.072409e-02,9.342041e-01,4.159615e-01,1.617220e-01,3.371139e-01,-1.005673e+00,4.423809e-02,-5.289878e-01,-8.614429e-01,3.697791e-01,1.091635e+00,1.334272e+00,6.225446e-03,-1.660873e-01,-7.128936e-03
2.367523e-03,-8.812526e+00,-1.584778e+00,1.731261e+00,-1.598026e+01,-1.315384e+01,4.509253e+00,6.980670e+00,-1.929144e+00,8.081791e-01,4.970069e+00,-9.918125e+00,-3.240121e+00,5.197945e-02,2.006862e+02,7.313831e-01,-2.471974e-04,2.040840e-01,1.154969e+00,-1.233180e-01,1.438682e+00,-2.366461e-01,-1.196867e+00,1.067657e-01,-6.018497e-01,-1.773574e+00,-5.309126e-01,3.266476e-01,1.033212e+00,4.170443e-03,-1.362940e+01,-1.105179e-02
2.005131e-03,-8.449840e+00,-9.354818e-01,1.237749e+00,-1.450324e+01,-1.399569e+01,4.181850e+00,7.129059e+00,-2.530219e+00,-1.729226e+00,3.858466e+00,-9.620641e+00,-2.580547e+00,5.711696e-02,2.002924e+02,7.235646e-01,-3.337979e-04,3.772512e-01,1.444319e+00,-6.251622e-01,2.843793e+00,-2.443345e-01,-1.261415e+00,-3.669657e-01,-5.178203e-01,-1.571193e+00,-1.239881e+00,-5.991414e-01,6.355083e-02,9.066053e-05,-3.365009e+01,-1.621156e-02
1.589660e-03,-7.756731e+00,1.079780e+00,4.743057e-01,-9.544873e+00,-1.478139e+01,2.298765e+00,6.241751e+00,-2.693360e+00,-3.566168e+00,1.962103e+00,-1.147242e+01,-2.836369e+00,5.349048e-02,1.332641e+02,6.969710e-01,-3.228367e-04,4.326769e-01,1.855878e+00,-6.989353e-01,3.610461e+00,4.708697e-01,-1.407359e+00,-6.944929e-01,-5.699671e-01,-6.002764e-01,-1.260363e+00,-7.328747e-01,-4.241296e-01,-4.140224e-03,-5.351592e+01,-2.551924e-02
1.268520e-03,-7.394936e+00,3.214029e+00,-4.094141e-01,-5.240512e+00,-1.328596e+01,8.206870e-01,5.120714e+00,-3.447135e+00,-2.282332e+00,4.356543e-01,-1.281301e+01,-4.688483e+00,4.593533e-02,6.650557e+01,6.709955e-01,-2.338952e-04,1.625903e-01,1.965538e+00,-4.995877e-01,3.267461e+00,1.302822e+00,-1.331304e+00,-1.010140e+00,-4.376743e-01,-1.056752e-01,-1.044683e+00,1.659452e-01,-1.213017e-01,-6.195225e-03,-5.338489e+01,-3.456832e-02
1.121645e-03,-7.176593e+00,5.619855e+00,-9.398344e-01,-2.559314e+00,-1.115436e+01,-8.469605e-01,4.512378e+00,-4.320522e+00,-1.916650e+00,3.796618e-01,-1.198631e+01,-4.306801e+00,3.686915e-02,0,6.300715e-01,-1.288304e-04,-3.257831e-01,1.603058e+00,6.503390e-02,2.237051e+00,1.717474e+00,-1.100496e+00,-9.743451e-01,6.254196e-04,2.299345e-01,-8.378550e-01,1.332408e+00,5.815753e-01,-5.137503e-03,-3.330337e+01,-4.263765e-02
1.069663e-03,-7.926957e+00,6.622169e+00,-5.531188e-01,-1.658720e+00,-9.295093e+00,-9.018090e-01,2.943043e+00,-3.905010e+00,-3.082361e+00,-5.737303e-01,-8.533967e+00,-2.451839e+00,3.445150e-02,0,5.841728e-01,-5.435799e-05,-8.471048e-01,9.742678e-01,4.487568e-01,1.277413e+00,1.484755e+00,-7.070192e-01,-7.698525e-01,8.004630e-01,2.533667e-01,-5.168183e-01,1.883049e+00,8.566931e-01,-2.085222e-03,-1.330111e+01,-7.835300e-02
1.044937e-03,-9.119636e+00,7.390996e+00,8.713276e-01,-1.505144e-01,-8.189452e+00,-2.342467e+00,2.458861e+00,-2.461296e+00,-2.016481e+00,-1.722480e+00,-6.949900e+00,-1.046814e+00,3.354488e-02,0,5.271941e-01,-2.133126e-05,-1.338579e+00,1.279650e-01,1.965518e-01,4.887237e-01,1.089211e+00,-2.794991e-01,1.610372e-02,1.872455e+00,1.159226e+00,-1.627660e-01,1.139246e+00,-3.152690e-01,2.810516e-03,0,-1.192279e-01
1.035084e-03,-1.065894e+01,7.199797e+00,9.287891e-01,-5.784528e-02,-7.344638e+00,-1.966656e+00,2.298210e+00,-3.744325e-01,-9.655831e-01,-1.097366e+00,-5.915973e+00,-2.035010e+00,3.717135e-02,0,3.306692e-01,-6.393006e-06,-1.435477e+00,-4.911136e-01,-5.180041e-01,-1.567925e-01,7.089268e-01,3.251245e-01,8.564998e-01,2.550830e+00,1.528598e+00,4.889853e-01,2.555134e-01,-1.511457e+00,8.552432e-03,0,-1.534856e-01
1.032278e-03,-1.250350e+01,5.970867e+00,-6.980290e-01,-9.161327e-01,-6.683530e+00,-1.712032e+00,4.915313e+00,3.276463e+00,2.821094e+00,-1.723501e-01,-7.599081e+00,-6.091560e+00,4.956180e-02,0,1.606838e-01,1.535311e-04,-1.458182e+00,-9.212404e-01,-1.840032e+00,-4.711806e-01,7.651873e-01,4.984611e-01,6.948599e-01,2.944883e+00,1.289779e+00,6.290000e-01,5.032330e-01,-1.656758e+00,1.559383e-02,0,-1.385057e-01
1.044027e-03,-1.341241e+01,4.876666e+00,-2.358461e+00,-2.059873e+00,-6.503419e+00,4.085965e-01,5.997315e+00,5.980260e+00,2.141840e+00,1.096131e+00,-6.931810e+00,-7.486750e+00,6.920519e-02,0,0,4.422878e-04,-1.223551e+00,-7.576571e-01,-2.849046e+00,-6.671362e-02,1.071373e+00,2.070068e-01,-2.820206e-03,2.335061e+00,6.651555e-01,2.895500e-01,1.542944e+00,-4.393944e-01,2.018737e-02,0,-8.220222e-02
1.808121e-03,-1.503381e+01,3.946360e+00,-6.685206e+00,-1.505404e+00,-4.784125e+00,-1.037788e+00,4.083608e+00,9.085774e+00,2.878703e+00,3.257709e-01,-3.925817e+00,-6.604734e+00,9.549713e-02,0,0,5.911418e-04,-4.181965e-01,-3.029588e-01,-3.153125e+00,3.058403e-01,8.835715e-01,-7.511370e-01,-1.759657e+00,6.829346e-01,-2.022622e-01,-1.956484e-01,2.250534e+00,1.523638e+00,1.849501e-02,0,6.313986e-03
2.858602e-03,-1.551153e+01,4.423765e+00,-1.032285e+01,-9.677776e-02,-2.937475e+00,-1.268744e+00,2.699961e+00,8.396215e+00,2.331390e+00,1.013232e-01,-3.788447e-02,-3.975395e+00,1.151405e-01,0,0,4.235682e-04,8.551553e-01,-2.275399e-01,-2.192656e+00,1.703552e-01,-9.046960e-02,-1.883397e+00,-2.679677e+00,-8.504896e-01,-1.172507e-01,-2.824656e-01,1.045010e+00,2.825312e+00,5.681477e-03,1.316930e+01,1.057019e-01
3.080700e-03,-1.354492e+01,4.682523e+00,-1.248146e+01,-3.684787e-01,-4.048645e+00,-4.629047e+00,-2.234295e+00,5.483158e+00,1.715008e+00,-6.531883e-01,2.066272e-01,-2.290452e-01,1.190692e-01,0,1.922538e-01,-4.497510e-05,2.268543e+00,-7.882725e-01,-5.862435e-01,-9.301721e-01,-1.642177e+00,-2.655154e+00,-3.061595e+00,-1.856899e+00,-1.095469e-01,-2.424243e-02,-1.184543e+00,3.263863e+00,-1.229979e-02,3.291906e+01,1.810295e-01
2.525579e-03,-9.881080e+00,3.370885e+00,-1.042362e+01,-1.776559e+00,-7.323508e+00,-7.212757e+00,-4.242117e+00,3.529120e+00,2.137434e+00,1.732829e-01,-3.772983e+00,3.451965e+00,8.582654e-02,6.584649e+01,4.323826e-01,-3.395153e-04,2.629296e+00,-1.748630e+00,2.613968e-01,-1.909443e+00,-2.496886e+00,-3.039193e+00,-2.442134e+00,-1.244036e+00,5.782226e-01,2.135447e-01,-2.744959e+00,2.671057e+00,-2.481112e-02,5.257158e+01,2.009053e-01
1.749757e-03,-6.506324e+00,5.314371e-01,-9.566041e+00,-5.316373e+00,-1.080200e+01,-1.134155e+01,-7.753330e+00,2.234829e+00,2.427946e+00,1.685789e-01,-7.980985e+00,6.000903e+00,4.865519e-02,1.316720e+02,6.889560e-01,-3.075352e-04,2.014381e+00,-2.055863e+00,1.161139e-01,-2.088911e+00,-1.921011e+00,-2.359232e+00,-1.517027e+00,-3.492143e-01,1.286212e+00,1.715252e-01,-2.971867e+00,1.044765e+00,-2.390451e-02,5.230518e+01,1.484779e-01
1.826496e-03,-5.884348e+00,-2.243840e+00,-1.047358e+01,-7.170048e+00,-1.204523e+01,-1.310846e+01,-6.751192e+00,3.800198e+00,4.866034e+00,7.581633e-01,-9.668875e+00,6.264918e+00,2.629193e-02,1.970219e+02,7.561755e-01,-1.256035e-04,1.154514e+00,-1.383155e+00,-6.240214e-01,-1.558134e+00,-2.676391e-01,-9.966761e-01,-1.547192e+00,-2.704864e-01,1.811775e+00,3.982796e-01,-2.024247e+00,-1.004032e+00,-1.269266e-02,3.197716e+01,7.470266e-02
1.892565e-03,-5.471376e+00,-2.789431e+00,-1.187591e+01,-8.116290e+00,-1.129284e+01,-1.347736e+01,-8.564893e+00,3.601547e+00,6.781766e+00,-8.800244e-02,-1.170476e+01,3.588306e+00,2.931399e-02,1.959382e+02,7.727467e-01,-3.271421e-05,5.665771e-01,9.208909e-02,-4.628400e-01,-5.473348e-01,1.254419e+00,8.229910e-01,-1.573815e+00,-1.281979e+00,1.323001e+00,9.729992e-01,-5.203754e-01,-2.765434e+00,-2.870959e-03,-1.026804e+00,9.037817e-03
1.826157e-03,-4.625984e+00,-1.884455e+00,-1.238879e+01,-8.167274e+00,-8.416282e+00,-1.112824e+01,-1.157230e+01,1.493330e+00,9.019401e+00,2.292972e+00,-1.203233e+01,-3.618986e-01,3.203385e-02,1.935992e+02,7.640005e-01,-1.308782e-04,3.318409e-01,1.706629e+00,6.114206e-01,2.546776e-01,1.857426e+00,2.136851e+00,-9.705717e-01,-2.743981e+00,-4.333117e-01,9.637142e-01,8.084162e-01,-3.009095e+00,2.870958e-03,-3.347595e+01,-2.182616e-02
1.586356e-03,-4.302621e+00,8.121901e-01,-1.092263e+01,-7.554434e+00,-6.344373e+00,-8.216709e+00,-1.321185e+01,-3.021633e+00,6.966265e+00,4.266171e+00,-9.401134e+00,-4.512859e+00,3.142944e-02,1.282493e+02,7.302325e-01,-2.021541e-04,-2.033034e-01,2.694260e+00,1.972130e+00,9.675795e-01,1.231967e+00,2.398452e+00,1.158338e+00,-2.373307e+00,-2.092000e+00,7.926486e-02,1.722657e+00,-1.717300e+00,6.920520e-03,-5.219890e+01,-4.433092e-02
1.325210e-03,-4.809521e+00,4.488493e+00,-7.893111e+00,-6.177588e+00,-5.232330e+00,-5.054528e+00,-9.280570e+00,-6.608114e+00,2.607226e+00,3.399647e+00,-6.778607e+00,-4.729974e+00,3.958900e-02,6.348655e+01,6.683018e-01,-1.973288e-04,-8.918808e-01,2.906990e+00,2.729970e+00,1.378952e+00,4.664125e-01,1.218562e+00,2.883061e+00,-5.598627e-01,-2.631466e+00,-1.563527e+00,1.497083e+00,7.639031e-02,1.217891e-02,-5.154478e+01,-5.636100e-02
1.132268e-03,-6.396124e+00,7.495397e+00,-4.263098e+00,-4.273235e+00,-6.724981e+00,-4.521948e+00,-3.919065e+00,-4.214264e+00,-4.721458e-01,-2.450161e-01,-5.718336e+00,-2.814158e+00,6.013902e-02,0,5.989415e-01,-1.331648e-04,-1.325429e+00,2.202378e+00,2.591090e+00,1.566793e+00,-1.733009e-01,-4.271932e-01,2.826039e+00,1.360682e+00,-1.542459e+00,-2.233525e+00,7.884048e-01,1.042672e+00,1.356905e-02,-3.199852e+01,-5.134694e-02
1.066557e-03,-8.038636e+00,9.308890e+00,-2.068706e+00,-2.913111e+00,-5.893916e+00,-6.882808e+00,-1.803384e+00,-7.096686e-01,-4.187250e-01,-3.269068e+00,-6.388312e+00,-8.292976e-01,7.857359e-02,0,5.478410e-01,-6.563046e-05,-1.312812e+00,1.196612e+00,1.833813e+00,1.226789e+00,-2.593052e-01,-1.498471e+00,1.179239e+00,1.692501e+00,-6.910733e-01,-1.790760e+00,4.918013e-01,6.271390e-01,6.678754e-03,-1.269731e+01,-3.636105e-02
1.049858e-03,-9.315209e+00,9.413880e+00,-8.793858e-01,-1.352709e+00,-6.880085e+00,-9.438535e+00,-2.820252e+00,8.325564e-01,7.669453e-01,-3.567094e+00,-5.654258e+00,-1.249836e+00,7.978240e-02,0,5.337282e-01,-2.446065e-05,-9.023471e-01,4.192293e-01,9.004558e-01,5.769022e-01,-7.151089e-02,-1.090083e+00,-9.707813e-02,6.609500e-01,-8.842533e-03,-4.975662e-01,3.844454e-01,-1.492183e-01,-3.475371e-03,0,-5.376242e-02
1.038263e-03,-9.914041e+00,9.512310e+00,-4.159038e-01,-1.503903e+00,-6.451304e+00,-1.008859e+01,-3.933783e+00,-6.690205e-01,-1.467686e+00,-3.893112e+00,-4.351639e+00,-2.376440e+00,6.316108e-02,0,5.191032e-01,-6.904826e-06,-3.958457e-01,-3.354313e-01,6.863505e-03,7.111050e-02,2.547340e-01,2.066027e-01,-5.180930e-01,-2.073282e-01,1.978587e-01,6.706120e-01,5.663892e-01,-4.383770e-01,-7.766697e-03,0,-6.716428e-02
1.024112e-03,-9.970158e+00,9.489834e+00,-5.872204e-01,-2.093328e+00,-6.803841e+00,-8.369472e+00,-3.339256e+00,-9.298379e-01,8.122127e-03,-2.420825e+00,-4.814445e+00,-2.786678e+00,5.046842e-02,0,3.444983e-01,6.426312e-06,2.320599e-01,-6.658311e-01,-9.290182e-01,-5.722040e-01,4.920340e-01,1.232157e+00,-3.829753e-01,-4.949699e-01,3.685078e-01,1.189913e+00,4.595028e-01,2.007837e-01,-4.744634e-03,0,-5.640293e-02
1.044906e-03,-9.690391e+00,7.593757e+00,-2.180471e+00,-2.187249e+00,-4.658368e+00,-6.384326e+00,-4.134347e+00,-8.651126e-01,9.499800e-01,-4.891432e-01,-3.976273e+00,-2.252761e+00,5.439710e-02,0,3.066346e-01,3.907629e-05,8.999091e-01,-8.004154e-01,-1.872026e+00,-1.423863e+00,3.930186e-01,1.632850e+00,-2.946171e-01,-5.935392e-01,-2.029673e-01,1.027436e+00,9.056975e-01,1.242701e+00,-9.972788e-04,1.294441e+01,1.690033e-02
1.078668e-03,-8.266735e+00,7.044001e+00,-4.642193e+00,-3.872057e+00,-5.316383e+00,-5.129883e+00,-4.634846e+00,-1.544247e+00,1.400651e+00,6.804886e-01,-3.544428e+00,-3.077566e-01,6.044122e-02,0,3.579479e-01,8.113524e-05,1.471249e+00,-3.772782e-01,-2.563542e+00,-2.691881e+00,9.600115e-02,1.364518e+00,-2.485018e-01,-1.182073e+00,-2.115146e+00,2.375433e-01,1.326220e+00,1.914840e+00,-3.203384e-03,3.261658e+01,1.008092e-01
1.206366e-03,-6.266206e+00,6.733149e+00,-7.748548e+00,-7.733852e+00,-5.229940e+00,-3.544132e+00,-4.759073e+00,-3.329512e+00,-3.178787e+00,-3.065916e-01,-4.581608e-01,2.597605e+00,5.318828e-02,6.472207e+01,5.968800e-01,1.187073e-04,1.606481e+00,2.109427e-01,-2.802013e+00,-3.590579e+00,3.338990e-02,1.204430e+00,-2.138384e-01,-2.265562e+00,-3.179768e+00,9.643769e-03,1.304780e+00,1.772438e+00,-8.763978e-03,5.260101e+01,1.210706e-01
1.349058e-03,-4.326004e+00,8.033747e+00,-1.062089e+01,-1.277943e+01,-6.038049e+00,-2.966980e+00,-4.269403e+00,-5.608002e+00,-8.503224e+00,-1.324385e+00,5.760001e-02,4.362338e+00,3.505591e-02,1.307219e+02,7.034214e-01,1.327347e-04,1.247291e+00,1.517413e-01,-2.503228e+00,-3.196725e+00,1.922353e-01,1.168130e+00,-6.947228e-01,-3.336257e+00,-2.733391e+00,6.313590e-01,4.676960e-01,6.742358e-01,-1.018435e-02,5.327387e+01,9.373426e-02
1.503247e-03,-3.628351e+00,8.153598e+00,-1.320118e+01,-1.568646e+01,-4.130585e+00,-1.443626e+00,-5.386261e+00,-1.016104e+01,-9.996921e+00,5.615122e-01,7.466121e-01,4.274380e+00,2.326987e-02,1.976441e+02,7.392508e-01,1.160227e-04,6.575950e-01,-2.981262e-01,-1.705538e+00,-1.600943e+00,5.830608e-02,1.052043e+00,-1.192803e+00,-3.772609e+00,-4.052135e-01,1.800205e+00,-8.367738e-01,-8.035126e-01,-5.711696e-03,3.416606e+01,3.629073e-02
1.593901e-03,-3.349209e+00,7.092483e+00,-1.443202e+01,-1.587938e+01,-4.904884e+00,-3.394875e-01,-7.794866e+00,-1.480977e+01,-8.857238e+00,3.403232e+00,-1.808334e+00,2.225035e+00,2.447869e-02,1.999083e+02,7.554337e-01,4.879822e-05,1.449103e-02,-7.994401e-01,-4.415264e-01,5.486236e-01,9.506702e-02,7.181656e-01,-1.271942e+00,-2.763882e+00,1.678401e+00,2.117019e+00,-1.124581e+00,-1.522347e+00,3.263826e-03,9.945084e-01,-8.140636e-03
1.664058e-03,-3.466628e+00,5.713150e+00,-1.437068e+01,-1.418859e+01,-5.504992e+00,4.023371e-01,-8.960358e+00,-1.759167e+01,-5.027848e+00,6.330624e+00,-3.709063e+00,-3.513066e-01,2.991840e-02,2.009591e+02,7.523275e-01,-4.701326e-05,-7.498003e-01,-4.475845e-01,1.237172e+00,2.369759e+00,2.425416e-01,-1.256150e-01,-3.243199e-01,-2.813791e-01,2.345122e+00,6.932397e-01,-9.495975e-01,-1.291353e+00,1.069810e-02,-3.270584e+01,-7.756258e-02
1.512644e-03,-4.334410e+00,5.256770e+00,-1.224378e+01,-1.078524e+01,-4.875511e+00,-2.991334e-01,-8.842063e+00,-1.571210e+01,-2.595756e+00,6.376156e+00,-3.337466e+00,-9.365559e-01,4.805077e-02,1.340369e+02,6.561799e-01,-1.280910e-04,-1.585241e+00,-3.760580e-01,2.656695e+00,3.744272e+00,6.465924e-01,-5.157713e-01,1.494250e+00,2.260870e+00,1.706544e+00,-8.789390e-01,-1.040182e-01,-2.675539e-01,1.474766e-02,-5.337252e+01,-1.206766e-01
1.308810e-03,-6.884752e+00,6.833532e+00,-8.109441e+00,-6.384731e+00,-2.932564e+00,-2.091878e+00,-6.484262e+00,-1.111677e+01,-1.402053e+00,2.541249e+00,-3.236810e+00,-6.015887e-01,6.497432e-02,6.705059e+01,4.010649e-01,-8.335694e-05,-1.905806e+00,-1.332339e+00,3.272691e+00,3.979786e+00,-3.008745e-01,-6.075898e-01,2.378506e+00,3.171837e+00,6.041319e-01,-1.851327e+00,-1.496000e-01,6.957496e-01,1.220913e-02,-5.359551e+01,-1.036945e-01
1.131070e-03,-9.566354e+00,4.652002e+00,-4.279158e+00,-1.059954e+00,-2.958136e+00,-1.671237e+00,-1.561664e+00,-6.742868e+00,-2.137416e+00,9.032242e-01,-2.564552e+00,1.012406e+00,8.068904e-02,0,3.276819e-01,7.347258e-05,-1.227257e+00,-3.010336e+00,2.501448e+00,2.966010e+00,-2.094735e+00,-5.173348e-01,1.865114e+00,2.637237e+00,8.416163e-01,-1.377308e+00,-5.706191e-01,1.537013e+00,4.170444e-03,-2.049256e+01,-3.705943e-03
1.438060e-03,-1.037969e+01,-6.461594e-01,-1.989532e+00,8.476912e-01,-7.968052e+00,-1.949560e+00,-7.080261e-01,-6.217102e+00,-2.236358e+00,-1.895457e-01,-4.843520e+00,2.152960e+00,7.464490e-02,0,3.981040e-01,2.561367e-04,-6.019878e-03,-3.931236e+00,1.065560e+00,7.283152e-01,-3.770763e+00,-7.734894e-01,-2.447172e-01,1.957401e+00,1.596643e+00,-7.502503e-01,-9.969686e-01,1.857718e+00,-5.530372e-03,1.904997e+01,9.328473e-02
1.815381e-03,-8.723228e+00,-6.055067e+00,-2.796492e+00,4.285952e-01,-1.283144e+01,-2.956966e+00,-2.404612e+00,-4.975749e+00,2.029478e+00,8.550112e-01,-5.387207e+00,5.371233e+00,6.406770e-02,6.509940e+01,6.391307e-01,3.138199e-04,8.860876e-01,-2.922632e+00,-2.058524e-01,-1.432368e+00,-3.683485e+00,-1.273324e+00,-1.907375e+00,2.224190e+00,2.028828e+00,-3.738700e-01,-9.873274e-01,1.473886e+00,-1.190692e-02,5.183340e+01,1.141234e-01
2.247338e-03,-7.336415e+00,-7.469112e+00,-3.522976e+00,-3.487429e+00,-1.684972e+01,-5.316460e+00,-7.286375e+00,-2.213327e+00,4.497715e+00,-1.185897e+00,-6.810325e+00,6.507587e+00,4.563312e-02,1.297507e+02,7.117642e-01,2.203999e-04,9.062061e-01,-1.228057e+00,-6.461937e-01,-2.488217e+00,-1.990421e+00,-1.316806e+00,-1.523366e+00,2.756085e+00,9.937579e-01,2.040399e-01,-2.306496e-01,1.674228e-01,-1.166516e-02,5.158995e+01,8.157030e-02
2.295531e-03,-6.657552e+00,-6.549683e+00,-4.541698e+00,-6.054234e+00,-1.693472e+01,-6.354406e+00,-7.809366e+00,2.376194e+00,4.639689e+00,-4.679504e-01,-6.517786e+00,6.204521e+00,3.566032e-02,1.942916e+02,7.414686e-01,8.313353e-05,5.260258e-01,6.941037e-02,-4.134945e-01,-2.511097e+00,-2.784113e-01,-1.164482e+00,-5.372705e-02,2.143696e+00,-6.199729e-01,8.769015e-01,2.518704e-01,-1.503443e+00,-7.857359e-03,3.178523e+01,2.974667e-02
2.299985e-03,-6.881494e+00,-6.539135e+00,-4.347898e+00,-8.351978e+00,-1.586852e+01,-6.834871e+00,-5.622477e+00,3.887353e+00,1.427326e+00,1.492135e+00,-5.431479e+00,2.573430e+00,3.052282e-02,1.933537e+02,7.547865e-01,1.649838e-07,9.560738e-02,5.143966e-01,-9.743738e-02,-1.824986e+00,7.264062e-01,-7.803214e-01,1.094781e+00,7.858863e-01,-1.181282e+00,1.631410e+00,5.885352e-01,-2.327265e+00,-2.931398e-03,1.200354e+01,1.221654e-02
2.204725e-03,-6.320559e+00,-6.173004e+00,-4.451503e+00,-9.694615e+00,-1.471410e+01,-8.020171e+00,-3.505196e+00,2.692392e+00,4.648079e-01,3.900503e+00,-4.817278e+00,-1.789057e-01,3.233606e-02,1.922241e+02,7.663528e-01,-1.910138e-05,-1.652539e-01,5.120770e-01,-1.664114e-03,-1.142092e+00,6.260158e-01,-5.442373e-01,6.709729e-01,-5.318731e-01,-1.003231e+00,1.202084e+00,2.423041e-01,-1.951825e+00,-7.555144e-04,-1.310428e+00,2.734297e-03
2.293566e-03,-7.026875e+00,-5.085469e+00,-4.055260e+00,-1.079216e+01,-1.432800e+01,-8.385184e+00,-3.964556e+00,1.558005e+00,6.787465e-01,4.786927e+00,-4.717903e+00,-1.937025e+00,3.263826e-02,1.908022e+02,7.604048e-01,-7.550337e-05,-2.787457e-01,7.785295e-01,-7.051287e-02,-1.950518e-01,4.884591e-01,-4.808103e-01,-5.048460e-01,-9.069782e-01,-4.606647e-01,1.707623e-01,-3.569564e-01,-6.318790e-01,-7.555159e-04,-1.745483e+00,-9.083283e-03
2.203234e-03,-7.411131e+00,-4.716131e+00,-4.696337e+00,-1.054460e+01,-1.457490e+01,-8.300436e+00,-5.283462e+00,8.815022e-01,-2.177000e-03,3.895073e+00,-5.663053e+00,-1.299378e+00,3.082502e-02,1.890152e+02,7.523310e-01,-1.546868e-04,-3.817337e-01,1.269446e+00,-4.059405e-02,9.477047e-01,5.588959e-01,-4.584126e-01,-1.782723e+00,-1.651242e+00,-3.816142e-01,-8.317686e-01,-5.964192e-01,5.637053e-01,-1.783017e-03,-1.514526e+00,-2.203229e-02
1.923214e-03,-7.729936e+00,-3.374923e+00,-4.578045e+00,-8.902245e+00,-1.349582e+01,-9.098790e+00,-7.257574e+00,2.579063e-01,-6.425045e-01,2.348661e+00,-6.793373e+00,-2.572807e-02,2.750075e-02,1.862307e+02,7.163810e-01,-2.217493e-04,-1.745240e-01,1.856970e+00,2.824402e-01,1.601684e+00,8.650841e-01,-6.833038e-01,-2.669734e+00,-2.482423e+00,-3.849552e-01,-1.244916e+00,-6.358139e-01,1.403241e+00,-2.296767e-03,-5.732712e-01,-2.536886e-02
1.616467e-03,-7.877697e+00,-6.810455e-01,-4.393081e+00,-5.901052e+00,-1.233571e+01,-9.955431e+00,-1.077230e+01,-4.913766e+00,-7.826378e-01,9.607930e-01,-6.761639e+00,1.683972e+00,2.598972e-02,1.869372e+02,6.782033e-01,-1.825991e-04,-3.234940e-02,2.295689e+00,7.546394e-01,1.288271e+00,1.060595e+00,-6.408384e-01,-3.132342e+00,-3.212060e+00,-2.009914e-01,-1.185264e+00,-3.604634e-01,1.813356e+00,-2.024781e-03,8.474625e-01,-1.714307e-02
1.478202e-03,-7.666212e+00,2.181836e+00,-2.794687e+00,-5.105518e+00,-1.112218e+01,-1.097421e+01,-1.456880e+01,-7.956476e+00,-8.557992e-01,2.948821e-02,-7.347679e+00,3.587504e+00,2.357208e-02,1.889749e+02,6.706243e-01,-9.714349e-05,1.850498e-01,1.773023e+00,1.052496e+00,4.014501e-01,9.384612e-01,-4.550338e-01,-2.258479e+00,-2.573740e+00,-5.541401e-01,-9.855734e-01,-2.999858e-01,1.991310e+00,-1.662133e-03,1.588326e+00,1.266968e-03
1.512744e-03,-7.604741e+00,3.983937e+00,-1.814819e+00,-6.001610e+00,-1.045875e+01,-1.056692e+01,-1.728956e+01,-1.107161e+01,-9.004865e-01,-8.716596e-01,-7.188217e+00,5.960785e+00,2.266546e-02,1.918804e+02,6.894940e-01,3.735186e-07,2.758876e-01,7.403910e-01,7.900423e-01,-7.571780e-01,5.328171e-01,-4.430873e-01,-3.163777e-01,-8.353962e-01,-9.203087e-01,-2.098438e-01,-3.107439e-01,1.313768e+00,-5.741917e-04,-1.165715e+01,1.035072e-02
1.489358e-03,-6.941165e+00,3.157701e+00,-6.046975e-01,-6.844715e+00,-9.741999e+00,-1.106821e+01,-1.529134e+01,-9.531877e+00,-3.354280e+00,-1.662980e+00,-8.080013e+00,7.792416e+00,2.085222e-02,1.917007e+02,7.170705e-01,8.193617e-05,2.768455e-01,-5.965452e-01,-9.842535e-02,-1.390916e+00,-2.369741e-01,-5.520135e-01,2.048255e+00,8.489863e-01,-9.013332e-01,8.454580e-01,-7.774782e-03,2.873297e-01,1.208824e-03,-3.152501e+01,6.283164e-03
1.612757e-03,-6.860782e+00,2.532977e+00,-1.537865e+00,-8.817344e+00,-1.036172e+01,-1.212386e+01,-1.199292e+01,-8.303047e+00,-4.134941e+00,7.578080e-01,-7.949192e+00,6.150354e+00,2.447869e-02,1.272885e+02,7.067338e-01,1.699302e-04,2.788335e-01,-1.756131e+00,-1.124109e+00,-1.840869e+00,-1.076702e+00,-5.937072e-01,3.702461e+00,2.441121e+00,-2.715248e-01,1.886788e+00,2.220340e-01,-8.741862e-01,3.022061e-03,-3.864248e+01,2.057958e-03
1.837877e-03,-6.653964e+00,-7.540989e-02,-3.425291e+00,-1.065223e+01,-1.235557e+01,-1.295580e+01,-6.975845e+00,-5.095824e+00,-3.745238e+00,3.442044e+00,-7.006066e+00,4.929368e+00,2.870958e-02,6.364575e+01,6.934202e-01,2.390028e-04,2.521110e-01,-2.496511e+00,-1.581206e+00,-1.683489e+00,-1.632976e+00,2.716441e-01,3.878586e+00,2.727359e+00,6.418549e-01,2.044030e+00,5.314887e-01,-1.325740e+00,3.354487e-03,-1.977519e+01,5.250925e-03
2.188136e-03,-6.354174e+00,-3.180161e+00,-6.025069e+00,-1.330220e+01,-1.453548e+01,-1.259166e+01,-2.934999e+00,-1.084027e+00,-2.062632e+00,6.009766e+00,-6.615021e+00,3.021378e+00,3.384708e-02,6.269551e+01,7.116089e-01,2.369778e-04,2.289976e-01,-2.539232e+00,-1.121934e+00,-1.126885e+00,-1.507670e+00,1.497177e+00,2.948521e+00,2.323485e+00,6.704882e-01,1.329732e+00,3.619469e-01,-1.200107e+00,2.115443e-03,1.821724e+01,1.734672e-02
2.396683e-03,-5.933915e+00,-6.468287e+00,-6.267126e+00,-1.301974e+01,-1.582000e+01,-9.476094e+00,-4.273725e-01,4.954059e-01,-1.181160e+00,5.931194e+00,-6.089655e+00,2.728205e+00,3.294047e-02,1.251213e+02,7.408876e-01,1.695901e-04,4.532118e-02,-1.755814e+00,-2.535457e-01,-6.041968e-01,-9.723343e-01,2.257146e+00,1.496846e+00,1.018977e+00,3.019590e-01,7.382783e-01,-1.894555e-02,-9.228568e-01,8.159567e-04,3.731973e+01,2.071865e-02
2.518243e-03,-6.075819e+00,-6.966743e+00,-5.726617e+00,-1.326802e+01,-1.616785e+01,-6.377831e+00,-5.245549e-01,5.187616e-01,-2.064539e+00,6.161891e+00,-6.597662e+00,1.250403e+00,3.294047e-02,1.876370e+02,7.697337e-01,8.043183e-05,-2.394834e-01,-7.850602e-01,3.164648e-01,-1.436110e-01,-4.392358e-01,2.032926e+00,4.636031e-01,-2.678144e-01,-1.639014e-01,3.513587e-01,-2.935367e-01,-5.572473e-01,7.555161e-04,3.138397e+01,1.372768e-02
2.520774e-03,-6.566535e+00,-6.961187e+00,-4.842245e+00,-1.369030e+01,-1.640105e+01,-4.776989e+00,-6.968349e-01,-8.023331e-01,-2.234490e+00,7.057373e+00,-7.109473e+00,1.200572e+00,3.324267e-02,1.877737e+02,7.679511e-01,3.951592e-05,-4.333801e-01,-1.436575e-01,3.429525e-01,-1.425880e-01,-1.764311e-01,1.047845e+00,2.160879e-01,-7.449287e-01,-1.695133e-01,5.722375e-01,-5.186599e-01,-3.891990e-01,2.024781e-03,1.278631e+01,4.897571e-03
2.528249e-03,-7.235281e+00,-6.859013e+00,-5.155185e+00,-1.368497e+01,-1.644113e+01,-4.776587e+00,-4.822527e-01,-1.774229e+00,-2.355474e+00,7.203470e+00,-7.572795e+00,9.989582e-01,3.747356e-02,1.882892e+02,7.667155e-01,2.746640e-05,-4.059740e-01,-1.458631e-01,1.924078e-01,-8.527975e-02,-1.898859e-01,1.075411e-01,4.855920e-01,-8.619633e-01,1.028654e-01,4.327818e-01,-3.657404e-01,-2.266427e-01,2.750076e-03,3.539703e-01,-5.630493e-04
2.589259e-03,-7.521084e+00,-7.240440e+00,-4.838079e+00,-1.352420e+01,-1.656551e+01,-5.037493e+00,6.319160e-01,-2.082742e+00,-1.883259e+00,8.271592e+00,-8.195389e+00,9.079323e-01,4.079783e-02,1.887267e+02,7.668845e-01,3.688175e-05,-3.126291e-01,-1.793985e-01,1.044613e-01,-1.364831e-01,-2.592432e-01,-1.981349e-01,7.633837e-01,-6.475015e-01,1.449343e-01,1.445262e-01,-8.455763e-02,-4.803685e-01,2.175884e-03,2.700028e-01,-3.128230e-04
2.621332e-03,-7.628414e+00,-7.556432e+00,-4.766661e+00,-1.377747e+01,-1.703505e+01,-5.709873e+00,1.239030e+00,-3.150850e+00,-1.725827e+00,7.718691e+00,-7.883406e+00,2.635090e-01,4.291327e-02,1.889303e+02,7.674517e-01,2.289279e-05,-2.389141e-01,-1.693879e-01,2.472279e-01,-2.660993e-01,-2.549238e-01,-1.021153e-01,7.490112e-01,-4.605955e-01,5.342238e-02,-4.154623e-01,2.524995e-01,-8.106208e-01,-6.044246e-05,7.174072e-02,-3.772795e-04
2.658641e-03,-7.933115e+00,-7.509470e+00,-4.514201e+00,-1.432647e+01,-1.740030e+01,-5.301021e+00,2.259443e+00,-3.351530e+00,-1.824642e+00,7.522394e+00,-7.376956e+00,-8.335457e-01,4.140224e-02,1.888031e+02,7.660189e-01,-5.508540e-06,-2.422242e-01,7.617550e-02,2.892436e-01,-1.997414e-01,-1.300135e-01,2.203958e-01,4.986833e-01,-1.268250e-01,-2.640077e-01,-9.061645e-01,2.855539e-01,-1.019624e+00,-1.934119e-03,1.243227e+01,-9.793758e-04
2.608022e-03,-8.223836e+00,-7.571437e+00,-4.080985e+00,-1.461433e+01,-1.729835e+01,-5.155399e+00,2.449039e+00,-3.442813e+00,-2.117671e+00,5.500757e+00,-6.719514e+00,-2.183407e+00,3.686914e-02,1.886097e+02,7.652619e-01,-2.297037e-05,-2.138337e-01,3.375533e-01,4.279197e-01,8.142853e-03,5.656242e-02,4.260584e-01,2.415573e-01,2.502369e-01,-4.296662e-01,-7.714047e-01,-4.653015e-02,-8.320118e-01,-2.115443e-03,3.114142e+01,-1.814794e-03
2.568371e-03,-8.434494e+00,-6.852060e+00,-3.734699e+00,-1.410448e+01,-1.708393e+01,-4.212751e+00,2.520328e+00,-2.570886e+00,-3.007375e+00,4.849736e+00,-7.349565e+00,-2.966732e+00,3.414929e-02,2.510484e+02,7.630825e-01,-2.766682e-05,-1.370749e-01,5.528268e-01,3.705550e-01,2.060038e-01,2.098568e-01,2.438556e-01,8.720143e-02,1.444053e-01,-4.214180e-01,-3.768353e-01,-3.838015e-01,-2.627459e-01,2.719857e-04,4.995783e+01,-2.847064e-03
2.551615e-03,-8.446893e+00,-6.197371e+00,-3.016813e+00,-1.384775e+01,-1.691043e+01,-4.123716e+00,2.316374e+00,-2.289988e+00,-3.282791e+00,5.197996e+00,-8.129752e+00,-2.829957e+00,3.596253e-02,3.135148e+02,7.598459e-01,-1.609048e-05,-4.580011e-02,6.411878e-01,2.455534e-01,2.104115e-01,3.494636e-01,1.037413e-01,8.696385e-02,-2.257491e-01,-7.709286e-02,2.421345e-01,-5.844201e-01,4.533035e-01,3.686915e-03,4.988464e+01,-4.606378e-03
2.548510e-03,-8.506961e+00,-5.432369e+00,-3.193512e+00,-1.367974e+01,-1.654498e+01,-4.597584e+00,2.761783e+00,-3.205916e+00,-3.349172e+00,5.789598e+00,-8.590844e+00,-1.824000e+00,4.321547e-02,3.761397e+02,7.544916e-01,-1.151552e-05,-9.335423e-03,5.668301e-01,2.044920e-01,-6.665401e-02,4.706627e-01,1.321316e-02,-2.486799e-02,-7.416522e-01,4.170446e-01,4.380580e-01,-5.253012e-01,8.085155e-01,5.953459e-03,3.093184e+01,-7.594245e-03
2.537501e-03,-8.416603e+00,-5.075344e+00,-3.123812e+00,-1.377464e+01,-1.582051e+01,-4.444276e+00,2.763131e+00,-4.254043e+00,-2.332237e+00,6.241499e+00,-9.020975e+00,-4.882549e-01,5.077063e-02,3.754872e+02,7.465255e-01,-8.014962e-07,-1.069876e-01,5.568878e-01,1.659732e-01,-3.664422e-01,3.792811e-01,1.851394e-01,-3.001396e-01,-8.760027e-01,7.214708e-01,5.203055e-01,-3.842197e-01,5.490143e-01,5.862798e-03,2.429893e+01,-8.315826e-03
2.517851e-03,-8.496316e+00,-4.578923e+00,-2.658740e+00,-1.447430e+01,-1.527557e+01,-3.986405e+00,2.172609e+00,-5.297119e+00,-1.397429e+00,6.518275e+00,-9.530459e+00,-9.500507e-02,5.651254e-02,3.747214e+02,7.317715e-01,1.859036e-05,-2.244378e-01,6.334303e-01,3.333791e-01,-4.946775e-01,-2.935381e-02,3.176295e-01,-6.343431e-01,-4.765302e-01,8.340145e-01,6.909967e-01,-9.859104e-02,-1.241146e-02,3.022060e-03,3.017843e+01,-6.177110e-03
2.562937e-03,-8.987153e+00,-3.839655e+00,-2.454333e+00,-1.528268e+01,-1.564872e+01,-3.503609e+00,1.110262e+00,-5.624400e+00,-6.513082e-01,7.435185e+00,-9.581043e+00,-9.493830e-01,5.862798e-02,4.357186e+02,7.296268e-01,4.219641e-05,-3.429222e-01,6.819302e-01,3.346703e-01,-4.368404e-01,-6.714404e-01,2.762980e-01,-8.965628e-01,-1.239741e-01,5.091811e-01,7.988009e-01,2.931436e-01,-4.650129e-01,-1.420369e-03,4.881348e+01,-4.304707e-04
2.628744e-03,-9.343875e+00,-2.883062e+00,-1.861356e+00,-1.539911e+01,-1.677765e+01,-3.479770e+00,4.165013e-01,-4.903389e+00,-1.956352e-02,8.647738e+00,-8.803765e+00,-1.655494e+00,5.439709e-02,4.969162e+02,7.320554e-01,5.412141e-05,-3.076181e-01,6.194633e-01,4.269866e-01,-3.226313e-01,-1.154058e+00,1.982348e-01,-1.113065e+00,1.013551e-02,-5.600979e-02,1.066889e+00,5.820656e-01,-5.844871e-01,-5.862798e-03,4.896082e+01,3.823930e-03
2.693036e-03,-9.707435e+00,-2.513623e+00,-1.849153e+00,-1.549644e+01,-1.842667e+01,-3.316104e+00,-8.416290e-01,-5.070779e+00,-4.752640e-01,9.170772e+00,-7.918604e+00,-2.033075e+00,4.472650e-02,5.584572e+02,7.442312e-01,3.750718e-05,-1.851492e-01,4.930326e-01,6.788468e-01,-2.848245e-01,-1.163209e+00,1.622019e-01,-1.181774e+00,-4.277236e-01,-3.421277e-01,1.058699e+00,6.538335e-01,-2.999656e-01,-7.766696e-03,3.056651e+01,2.247649e-03
2.723409e-03,-9.674266e+00,-2.144622e+00,-8.263971e-01,-1.598058e+01,-1.965689e+01,-3.088984e+00,-2.416769e+00,-5.523252e+00,-1.765500e+00,1.098492e+01,-7.451351e+00,-2.475595e+00,3.414929e-02,5.581562e+02,7.435889e-01,1.146155e-05,-1.820226e-01,5.746738e-01,8.605954e-01,-3.629029e-01,-6.449080e-01,-3.851774e-02,-1.099814e+00,-1.101143e+00,-3.051923e-01,8.260176e-01,3.186112e-01,1.326870e-01,-6.013901e-03,-1.969360e-01,-3.035194e-03
2.703141e-03,-9.747704e+00,-1.743712e+00,4.224216e-01,-1.641607e+01,-2.002515e+01,-2.887993e+00,-3.381971e+00,-7.453086e+00,-1.488978e+00,1.156009e+01,-6.988083e+00,-2.039160e+00,2.991840e-02,5.579311e+02,7.350983e-01,-1.339584e-05,-2.620823e-01,9.327129e-01,9.629528e-01,-3.232423e-01,1.882397e-01,-1.646650e-01,-8.605887e-01,-1.417181e+00,2.761830e-01,3.703860e-01,-1.756191e-01,8.279200e-01,-2.055001e-03,-3.086444e+01,-7.550961e-03
2.680999e-03,-1.023385e+01,-3.946484e-01,1.305834e+00,-1.675381e+01,-1.920295e+01,-3.886415e+00,-3.812397e+00,-9.217949e+00,-1.038668e+00,1.158317e+01,-7.675970e+00,-9.890161e-01,3.173164e-02,4.961945e+02,7.214459e-01,-3.801859e-05,-3.306995e-01,1.247506e+00,7.788488e-01,-4.935888e-01,9.155124e-01,-2.836494e-01,-8.613269e-01,-1.174757e+00,5.836610e-01,-3.079940e-01,-5.729614e-01,1.193555e+00,9.972805e-04,-4.896164e+01,-6.223559e-03
2.647262e-03,-1.073805e+01,1.274955e+00,1.899495e+00,-1.672603e+01,-1.771245e+01,-3.740713e+00,-4.446759e+00,-1.030934e+01,5.422348e-01,1.072358e+01,-8.684390e+00,1.363235e+00,3.566032e-02,4.351159e+02,7.175480e-01,-5.347047e-05,-2.500292e-01,1.346214e+00,5.781850e-01,-7.601963e-01,1.135974e+00,-1.164683e-01,-1.308365e+00,-3.322893e-01,2.399222e-01,-5.474638e-01,-8.810349e-01,1.086741e+00,1.541252e-03,-4.840228e+01,-2.290166e-03
2.561255e-03,-1.083259e+01,2.583576e+00,2.329309e+00,-1.829354e+01,-1.623568e+01,-4.080870e+00,-6.191010e+00,-9.968913e+00,1.371983e-01,9.863208e+00,-9.468004e+00,1.790981e+00,3.626473e-02,3.747556e+02,7.212463e-01,-8.098653e-05,4.185724e-02,1.057391e+00,5.865633e-01,-9.158551e-01,1.026070e+00,2.480484e-01,-1.694367e+00,4.226441e-01,-2.280432e-01,-5.922376e-01,-4.971791e-01,4.443938e-01,3.928680e-04,-2.953448e+01,-1.625121e-04
2.495660e-03,-1.069848e+01,3.498247e+00,2.801609e+00,-1.944718e+01,-1.582891e+01,-3.373107e+00,-8.734491e+00,-8.739051e+00,-8.773003e-01,9.682748e+00,-1.049724e+01,2.004545e+00,3.535812e-02,3.766391e+02,7.237473e-01,-1.076105e-04,2.530174e-01,8.440752e-01,5.422363e-01,-6.155426e-01,9.061112e-01,5.316474e-01,-1.729250e+00,7.927464e-01,-6.535426e-01,-4.860856e-01,1.566745e-01,-3.199360e-01,-7.857364e-04,-1.101920e+01,-1.575804e-03
2.351867e-03,-1.004435e+01,3.780660e+00,3.787595e+00,-1.997251e+01,-1.501437e+01,-2.829976e+00,-1.014037e+01,-7.889872e+00,-1.469116e+00,9.142397e+00,-9.255441e+00,9.122984e-01,3.384708e-02,3.777605e+02,7.175336e-01,-1.388484e-04,2.982376e-01,7.851806e-01,5.187248e-01,3.218834e-01,1.161424e+00,6.174590e-01,-1.248964e+00,8.180996e-01,-6.696717e-01,-6.341198e-01,9.199029e-01,-3.671575e-01,-7.857356e-04,8.980865e-01,-3.137380e-03
2.213903e-03,-9.867084e+00,4.896789e+00,3.881535e+00,-1.896426e+01,-1.379255e+01,-1.707924e+00,-1.111833e+01,-7.385127e+00,-1.922321e+00,8.653557e+00,-8.007299e+00,2.028970e-01,3.294047e-02,3.785175e+02,7.115253e-01,-1.629335e-04,1.667913e-01,8.627440e-01,4.440823e-01,1.059660e+00,1.383252e+00,3.247922e-01,-5.436667e-01,5.929353e-01,-1.063688e+00,-1.079491e+00,1.323927e+00,-1.375085e-01,-1.511022e-04,2.500275e-01,-2.746576e-03
2.007892e-03,-9.757100e+00,5.810208e+00,4.382971e+00,-1.692558e+01,-1.144674e+01,-1.826167e+00,-1.124391e+01,-6.555377e+00,-2.688650e+00,7.207204e+00,-6.113460e+00,8.560171e-01,3.354488e-02,3.783069e+02,7.116704e-01,-1.504424e-04,-8.780041e-02,8.683203e-01,3.083581e-01,1.462441e+00,1.319184e+00,-1.868998e-02,-1.402924e-01,2.785558e-01,-1.457913e+00,-1.282403e+00,9.548216e-01,2.724183e-01,5.439721e-04,-3.486176e-01,-1.468110e-03
1.852981e-03,-1.000815e+01,6.797193e+00,4.724332e+00,-1.567235e+01,-1.069646e+01,-2.251050e+00,-1.090105e+01,-6.441621e+00,-5.585974e+00,5.252888e+00,-5.448595e+00,1.345143e+00,3.475371e-02,3.776161e+02,7.129460e-01,-1.245321e-04,-1.912231e-01,7.161344e-01,1.962548e-01,1.020592e+00,1.023072e+00,-1.601676e-01,9.430504e-02,-2.216121e-01,-1.458629e+00,-1.221727e+00,4.241482e-01,1.620373e-01,9.972804e-04,-2.579218e+01,-2.619666e-03
1.780116e-03,-1.041282e+01,7.172060e+00,4.907986e+00,-1.430626e+01,-9.966484e+00,-2.651862e+00,-1.095047e+01,-6.968845e+00,-6.926853e+00,4.430717e+00,-5.760685e+00,1.703267e+00,3.566032e-02,3.764681e+02,7.094827e-01,-9.142417e-05,-1.869067e-01,5.629896e-01,-1.407408e-01,5.095576e-01,8.185083e-01,-5.096889e-03,-1.876774e-02,-3.172816e-01,-7.215051e-01,-1.076313e+00,2.845850e-02,-1.777381e-01,9.368379e-04,-6.336675e+01,-6.926584e-03
1.705130e-03,-1.049534e+01,7.796535e+00,4.600301e+00,-1.517096e+01,-9.417315e+00,-2.095914e+00,-1.079353e+01,-8.286453e+00,-7.096363e+00,3.933167e+00,-6.062946e+00,5.894586e-01,3.686915e-02,2.504760e+02,6.995208e-01,-8.134524e-05,-3.486080e-02,3.156697e-01,-2.733073e-01,2.040441e-01,8.045419e-01,1.630479e-02,2.151651e-02,-5.181098e-02,2.489899e-01,-1.165079e+00,2.209929e-01,-2.942511e-01,8.159552e-04,-1.006657e+02,-1.006378e-02
1.624696e-03,-1.044804e+01,8.125484e+00,3.741283e+00,-1.462849e+01,-7.993775e+00,-1.929219e+00,-1.139151e+01,-7.219369e+00,-5.540981e+00,2.485499e+00,-5.663992e+00,3.451687e-01,3.717135e-02,1.250432e+02,6.837501e-01,-7.490937e-05,9.578981e-02,1.545308e-01,-1.946638e-01,2.493326e-01,4.911688e-01,-1.676520e-01,2.742167e-01,3.454242e-01,5.028479e-01,-1.080307e+00,7.625321e-01,-2.613645e-01,-3.725290e-10,-1.003412e+02,-1.022601e-02
1.523965e-03,-1.016485e+01,7.898829e+00,3.941148e+00,-1.449101e+01,-7.660109e+00,-2.530848e+00,-1.057295e+01,-6.575414e+00,-5.033960e+00,4.000988e-01,-4.391977e+00,5.529364e-01,3.807797e-02,0,6.754934e-01,-5.363671e-05,5.424776e-02,7.998300e-02,2.464468e-02,4.069950e-01,-4.360719e-02,-6.360514e-01,6.422650e-01,3.276094e-01,3.205776e-04,-7.334493e-01,1.134419e+00,-1.032064e-01,-1.239045e-03,-6.259951e+01,-6.969237e-03
1.496152e-03,-1.009912e+01,7.893567e+00,4.264244e+00,-1.339957e+01,-8.389243e+00,-3.272655e+00,-9.689673e+00,-6.097244e+00,-5.443815e+00,7.957160e-01,-2.783509e+00,4.147051e-01,3.505591e-02,0,6.703663e-01,-2.447662e-05,-1.644402e-02,2.319661e-01,2.415868e-01,1.740387e-01,-6.538791e-01,-8.622643e-01,8.652767e-01,-3.074455e-02,-8.211428e-01,4.274596e-02,9.424360e-01,-9.485948e-02,-2.145663e-03,-2.500864e+01,-2.933055e-03
1.501219e-03,-1.039856e+01,8.312409e+00,4.462044e+00,-1.375045e+01,-9.437617e+00,-4.604453e+00,-8.433122e+00,-7.209469e+00,-7.143343e+00,1.110813e+00,-1.831090e+00,3.865838e-02,3.173164e-02,0,6.713665e-01,-6.571994e-07,-8.024607e-02,3.682512e-01,2.714243e-01,-5.946875e-02,-7.682737e-01,-8.826278e-01,5.547959e-01,-1.246693e-01,-9.610273e-01,3.725721e-01,2.496971e-01,-1.123529e-01,-2.055002e-03,0,4.074037e-04
1.513686e-03,-1.041340e+01,9.078525e+00,4.688768e+00,-1.412858e+01,-1.037442e+01,-5.203739e+00,-8.135041e+00,-7.056065e+00,-8.592004e+00,2.343872e+00,-2.232255e+00,1.280103e-01,2.961620e-02,0,6.711483e-01,3.730168e-06,2.738867e-02,2.121380e-01,2.811047e-01,-3.035902e-01,-4.933655e-01,-5.545431e-01,-2.831793e-02,-7.508878e-02,-4.191553e-01,3.595266e-01,-5.953668e-01,1.257925e-02,-6.044119e-04,0,3.471083e-03
1.511912e-03,-1.040893e+01,9.147606e+00,5.086007e+00,-1.442385e+01,-1.050889e+01,-5.978445e+00,-8.576283e+00,-6.719350e+00,-8.265002e+00,1.488881e+00,-3.419118e+00,1.345192e-01,3.052282e-02,0,6.771395e-01,6.898527e-06,1.236943e-01,-1.322492e-01,1.843833e-01,-2.149765e-01,-8.779478e-02,-1.545811e-01,-5.562040e-01,9.330068e-02,2.163623e-01,2.924446e-01,-8.963095e-01,7.359050e-02,6.044118e-04,0,4.014653e-03
1.509457e-03,-9.956988e+00,8.536658e+00,5.357786e+00,-1.458082e+01,-1.032043e+01,-5.358375e+00,-9.759683e+00,-6.717747e+00,-6.978762e+00,2.404315e+00,-4.966330e+00,4.296709e-01,3.263826e-02,0,6.848353e-01,1.293852e-05,1.354684e-01,-4.523135e-01,-9.596553e-02,-1.008226e-01,1.376566e-01,1.820488e-01,-8.017570e-01,-5.256510e-03,5.056657e-01,5.019271e-02,-5.122857e-01,6.525286e-02,9.368390e-04,0,3.533113e-03
1.537826e-03,-1.000830e+01,7.922097e+00,5.049452e+00,-1.459921e+01,-9.903583e+00,-5.300040e+00,-1.040182e+01,-6.912125e+00,-6.868153e+00,2.542814e+00,-4.945600e+00,2.557806e-01,3.324267e-02,0,6.845962e-01,2.274474e-05,2.660942e-02,-3.710751e-01,-3.929252e-01,-6.968470e-02,7.206078e-02,2.687682e-01,-6.204630e-01,-1.066858e-01,3.279927e-01,-1.473556e-01,2.998929e-02,3.538070e-02,4.533097e-04,0,1.061070e-03
1.565422e-03,-9.936379e+00,7.429712e+00,4.227218e+00,-1.454501e+01,-9.988788e+00,-4.632698e+00,-1.123106e+01,-6.985960e+00,-6.762100e+00,2.067869e+00,-4.030443e+00,3.936439e-01,3.294047e-02,0,6.850855e-01,2.576649e-05,-9.916630e-02,-1.305254e-01,-4.810327e-01,-7.968998e-02,-5.166035e-02,1.131023e-01,-1.966058e-01,-2.303337e-01,4.325195e-01,-5.401661e-01,4.418726e-01,-3.012592e-02,-4.230883e-04,0,-1.413894e-03
1.597653e-03,-1.028619e+01,7.845704e+00,3.686665e+00,-1.479018e+01,-1.031441e+01,-4.997443e+00,-1.094291e+01,-7.118673e+00,-6.733369e+00,9.203260e-01,-3.737115e+00,3.294362e-01,3.263826e-02,0,6.823197e-01,1.440459e-05,-7.751636e-02,1.589576e-01,-2.916176e-01,-1.545948e-01,-8.514528e-02,-6.781483e-03,3.089069e-01,-2.462367e-01,9.008657e-01,-5.744546e-01,2.242188e-01,-7.870258e-02,-7.555144e-04,0,-4.162687e-03
1.608375e-03,-1.031387e+01,7.922228e+00,3.634016e+00,-1.488378e+01,-1.037332e+01,-4.944162e+00,-1.047217e+01,-7.766141e+00,-4.883556e+00,5.147287e-01,-3.361209e+00,2.422135e-01,3.082502e-02,0,6.789041e-01,-6.008800e-06,-2.491684e-02,2.184344e-01,-4.553754e-02,9.410515e-02,-1.447998e-01,1.100373e-02,4.577886e-01,1.572776e-01,1.447049e+00,-5.527397e-01,-2.908432e-01,-1.463884e-01,-9.368396e-04,0,-7.989598e-03
1.588372e-03,-1.020713e+01,8.470627e+00,3.887965e+00,-1.520280e+01,-1.013704e+01,-5.178215e+00,-9.236732e+00,-7.753217e+00,-3.303097e+00,4.471114e-01,-4.159123e+00,-6.201710e-02,3.052282e-02,0,6.668735e-01,-3.214014e-05,7.915401e-02,8.391075e-02,3.902273e-02,3.867330e-01,-2.462516e-01,3.692364e-01,3.353762e-01,6.139421e-01,1.655465e+00,-5.245121e-01,-5.966501e-01,-2.283110e-01,-8.159578e-04,0,-9.472472e-03
1.540018e-03,-1.010049e+01,8.209422e+00,3.898880e+00,-1.386818e+01,-1.080147e+01,-4.487293e+00,-9.795203e+00,-5.882300e+00,-1.241993e+00,-4.592215e-01,-5.273655e+00,-1.425715e-01,2.931399e-02,0,6.528606e-01,-4.953628e-05,5.718279e-02,-9.158735e-02,7.063522e-02,6.115894e-01,-3.822731e-01,4.033945e-01,1.923358e-01,9.309174e-01,1.406570e+00,-6.155087e-01,-9.388579e-01,-1.207371e-01,-7.857364e-04,0,-9.000766e-03
1.471131e-03,-9.997110e+00,8.121660e+00,3.749346e+00,-1.336432e+01,-1.133159e+01,-3.379695e+00,-9.604511e+00,-4.990883e+00,-2.768243e-01,-1.215259e+00,-5.764143e+00,-6.197261e-01,2.931399e-02,0,6.479791e-01,-5.425843e-05,6.413412e-02,-3.147633e-01,9.771483e-02,4.578174e-01,-2.252109e-01,2.580698e-01,3.361827e-01,6.334695e-01,9.112689e-01,-3.338706e-01,-9.029573e-01,-9.125841e-02,-7.857358e-04,0,-5.413222e-03
1.419315e-03,-1.013297e+01,7.638774e+00,4.056501e+00,-1.274508e+01,-1.168741e+01,-3.826449e+00,-9.326598e+00,-4.492722e+00,6.361569e-01,-1.731629e+00,-7.252989e+00,-8.261719e-02,2.750076e-02,0,6.433474e-01,-3.985376e-05,2.970533e-02,-3.409597e-01,7.444308e-02,4.874325e-02,1.077015e-01,-2.678931e-02,4.978037e-01,-3.750277e-03,3.265674e-01,1.613823e-01,-8.580211e-01,-9.748571e-02,-7.252941e-04,0,-1.920116e-03
1.377432e-03,-9.870223e+00,7.182134e+00,4.297729e+00,-1.347526e+01,-1.082013e+01,-4.218288e+00,-7.790121e+00,-5.280659e+00,3.141727e-01,-5.860375e-01,-7.684243e+00,-5.482863e-01,2.750076e-02,0,6.445640e-01,-1.997156e-05,-1.072779e-02,-3.770038e-01,-6.566606e-02,-8.246441e-02,2.632124e-01,-7.244253e-02,2.698866e-01,-2.508510e-01,-1.712476e-01,5.340334e-01,-4.935516e-01,-2.565353e-01,-8.763975e-04,0,-6.605804e-04
1.387599e-03,-1.001541e+01,6.974387e+00,3.996904e+00,-1.356899e+01,-1.051870e+01,-4.201943e+00,-8.213380e+00,-5.756163e+00,9.534520e-02,3.307915e-02,-8.603711e+00,-6.657199e-01,2.659414e-02,0,6.449676e-01,-2.416794e-06,-9.779377e-02,-1.607924e-01,-2.682950e-01,-5.412340e-02,1.326346e-01,3.006586e-01,-2.026308e-01,-2.317208e-01,-2.165082e-01,5.447518e-01,3.533898e-02,-3.882639e-01,-1.178604e-03,0,-5.360484e-04
1.387131e-03,-1.010953e+01,6.568835e+00,3.450814e+00,-1.336468e+01,-1.059989e+01,-3.554161e+00,-8.811687e+00,-5.613417e+00,-8.626563e-01,5.725532e-01,-7.556539e+00,-1.610851e+00,2.538531e-02,0,6.438661e-01,7.715716e-06,-1.857835e-01,4.255638e-02,-2.878898e-01,3.130388e-02,-3.017987e-01,3.154069e-01,-4.747987e-01,-6.375685e-02,1.274346e-01,-1.495511e-02,2.822170e-01,-1.908451e-01,-1.359928e-03,0,-1.722538e-03
1.402381e-03,-1.050229e+01,7.141462e+00,3.138483e+00,-1.307098e+01,-1.113436e+01,-2.655220e+00,-9.828969e+00,-5.484947e+00,1.420301e-01,4.128342e-01,-7.140146e+00,-1.492654e+00,2.266546e-02,0,6.410161e-01,1.488914e-05,-1.202217e-01,1.707551e-01,-1.069128e-01,-7.638254e-02,-4.557689e-01,3.088737e-01,-3.726767e-01,-9.207287e-02,5.222273e-01,-3.883762e-01,4.556656e-01,2.721358e-01,6.950742e-04,0,-3.093123e-04
1.408619e-03,-1.055570e+01,7.311378e+00,3.287490e+00,-1.356775e+01,-1.202129e+01,-3.414615e+00,-9.356319e+00,-5.735052e+00,9.280031e-01,-8.506906e-01,-7.004941e+00,-1.089044e+00,2.266546e-02,0,6.379270e-01,2.468369e-05,3.653612e-02,6.138058e-02,2.208489e-01,-1.221356e-01,-4.987348e-01,3.121336e-01,-1.492898e-01,-2.082276e-02,5.223844e-01,-3.571081e-01,4.065786e-01,9.258140e-01,4.140223e-03,0,2.838826e-03
1.451301e-03,-1.039343e+01,7.456891e+00,3.544003e+00,-1.384937e+01,-1.208684e+01,-2.727348e+00,-9.804447e+00,-6.155710e+00,1.811152e+00,-1.197180e+00,-6.601182e+00,4.340558e-01,3.142944e-02,0,6.463906e-01,3.432064e-05,1.505980e-01,-1.585607e-01,3.487688e-01,-6.425200e-02,-3.633997e-01,4.498070e-01,1.239881e-01,1.381294e-01,-2.501357e-01,7.177492e-02,5.720807e-01,1.306653e+00,7.343609e-03,0,6.851411e-03
1.486090e-03,-9.981275e+00,6.718023e+00,4.352299e+00,-1.358617e+01,-1.261732e+01,-1.957429e+00,-9.570397e+00,-5.382149e+00,9.147048e-01,-4.079804e-01,-5.793128e+00,2.054864e+00,4.170444e-02,0,6.553730e-01,3.518082e-05,1.170605e-01,-2.994545e-01,2.091802e-01,6.312094e-02,-1.892572e-01,4.764478e-01,6.521549e-02,1.671448e-01,-9.188179e-01,3.661017e-01,5.765247e-01,1.144095e+00,6.316108e-03,0,9.730339e-03
1.535249e-03,-1.003651e+01,6.645336e+00,4.349923e+00,-1.338303e+01,-1.265334e+01,-1.134778e+00,-9.101990e+00,-4.970751e+00,-1.101999e+00,5.503537e-01,-4.885649e+00,3.468658e+00,4.986401e-02,0,6.665502e-01,2.531609e-05,-3.306923e-02,-3.174621e-01,-7.456253e-02,-7.999001e-02,-1.453230e-01,-1.489903e-01,1.019709e-01,-2.430679e-01,-1.205088e+00,7.313037e-02,3.911447e-01,4.671322e-01,1.601693e-03,0,9.414989e-03
1.542549e-03,-1.014886e+01,6.219883e+00,3.930431e+00,-1.348531e+01,-1.268433e+01,-1.828661e+00,-9.381471e+00,-5.491807e+00,-2.209511e+00,1.060513e-01,-4.980084e+00,3.114129e+00,4.502871e-02,0,6.764989e-01,1.188709e-05,-1.347464e-01,-2.504835e-01,-2.363981e-01,-1.867305e-01,5.749159e-02,-7.877315e-01,-1.643340e-01,-5.991842e-01,-5.340682e-01,-2.644261e-01,2.467251e-02,-3.756532e-01,-3.566032e-03,0,7.080722e-03
1.549651e-03,-1.047498e+01,6.118650e+00,3.382124e+00,-1.429975e+01,-1.277995e+01,-3.536683e+00,-9.389056e+00,-7.316221e+00,-2.652182e+00,-1.088544e+00,-5.051981e+00,2.240084e+00,3.777577e-02,0,6.829026e-01,2.391066e-06,-1.063057e-01,-1.747733e-01,-7.747255e-02,-2.535222e-01,3.353567e-02,-7.710329e-01,-1.682758e-02,-6.089374e-01,1.592276e-01,-1.653776e-01,-1.193407e-01,-7.255845e-01,-5.802358e-03,0,2.806121e-03
1.538324e-03,-1.043577e+01,5.728949e+00,3.654208e+00,-1.406146e+01,-1.226656e+01,-4.695135e+00,-1.024853e+01,-7.205335e+00,-9.805447e-01,-9.106618e-01,-5.586599e+00,7.908850e-01,2.991840e-02,0,6.826004e-01,1.036818e-06,-1.370239e-03,-2.357111e-02,1.444764e-01,-1.770430e-01,6.642275e-02,-3.042049e-01,5.227855e-01,-3.457059e-01,5.033107e-01,2.228841e-01,2.660785e-02,-4.879296e-01,-4.502872e-03,0,-1.000375e-03
1.549317e-03,-1.042458e+01,6.016937e+00,4.100671e+00,-1.436257e+01,-1.269455e+01,-3.556706e+00,-8.752596e+00,-7.158674e+00,-9.203444e-01,2.318223e-01,-5.179095e+00,1.002358e+00,2.840737e-02,0,6.775300e-01,-1.073931e-06,1.001410e-01,-3.334427e-03,1.959054e-01,-5.104847e-02,-2.863484e-02,2.103943e-01,9.600552e-01,-8.724599e-02,4.232984e-01,4.456878e-01,4.054756e-02,-4.863054e-02,-2.206105e-03,0,-1.915348e-03
1.547900e-03,-1.018091e+01,6.152884e+00,4.293539e+00,-1.433911e+01,-1.239492e+01,-3.339674e+00,-7.085773e+00,-7.299110e+00,-5.588766e-01,5.602890e-01,-4.783488e+00,1.293344e+00,2.719855e-02,0,6.741833e-01,-1.591165e-06,4.305620e-02,-7.952595e-03,9.335756e-03,-1.922636e-02,-2.429780e-01,2.452284e-01,1.196195e+00,-2.007923e-01,1.864016e-01,2.161736e-01,-1.087978e-01,2.719257e-01,9.066165e-05,0,-1.737034e-03
1.539493e-03,-1.010171e+01,5.890010e+00,4.041986e+00,-1.441616e+01,-1.285895e+01,-3.162442e+00,-6.170161e+00,-7.705563e+00,-7.465240e-01,4.044198e-01,-5.250799e+00,1.745702e+00,2.810517e-02,0,6.775344e-01,3.368850e-06,-1.378052e-01,-5.006871e-02,-1.936649e-01,2.022446e-01,-3.852673e-01,8.759809e-02,6.941513e-01,-1.272351e-01,3.459826e-01,7.155410e-02,-5.131358e-01,2.531398e-01,1.239045e-03,0,-1.728666e-03
1.535280e-03,-1.038193e+01,5.752649e+00,3.730230e+00,-1.413080e+01,-1.339925e+01,-3.666124e+00,-5.558777e+00,-7.935852e+00,-1.354471e-01,8.390740e-02,-6.094736e+00,1.778841e+00,3.052282e-02,0,6.739131e-01,9.811204e-06,-2.885651e-01,5.784474e-02,-2.081535e-01,1.548113e-01,-4.344865e-01,3.251055e-01,2.665500e-01,2.078328e-02,3.812872e-01,3.020316e-01,-7.482430e-01,9.086841e-02,2.055002e-03,0,-4.344666e-03
1.572471e-03,-1.101310e+01,5.966711e+00,3.414002e+00,-1.345551e+01,-1.411872e+01,-2.955490e+00,-6.045338e+00,-7.476479e+00,5.978539e-01,8.277836e-01,-7.089149e+00,2.025308e+00,3.294047e-02,0,6.690218e-01,1.686097e-05,-2.723650e-01,2.146018e-01,-9.666300e-02,-1.093051e-01,-2.823993e-01,5.591327e-01,4.842057e-02,7.942867e-02,2.736437e-01,6.220082e-01,-5.955091e-01,-1.057994e-01,1.178604e-03,0,-5.878484e-03
1.580467e-03,-1.116804e+01,6.403758e+00,3.566764e+00,-1.404539e+01,-1.393746e+01,-1.817622e+00,-5.815435e+00,-7.309736e+00,6.753705e-01,1.858765e+00,-7.605527e+00,1.607883e+00,3.505591e-02,0,6.567163e-01,8.477713e-06,-6.876974e-02,2.283765e-01,-5.255294e-02,-5.188316e-01,-4.062557e-02,6.415721e-01,1.300764e-03,-1.127739e-01,-1.333094e-03,7.201102e-01,-2.648202e-01,-2.810964e-01,-6.648537e-04,0,-3.128076e-03
1.601204e-03,-1.107048e+01,6.637465e+00,3.640404e+00,-1.500539e+01,-1.400184e+01,-1.291029e+00,-5.799729e+00,-7.621478e+00,2.162858e-01,2.627032e+00,-7.472949e+00,1.302184e+00,3.173164e-02,0,6.567404e-01,-6.853696e-06,1.613880e-01,3.949418e-02,-7.250719e-02,-5.293103e-01,6.502686e-02,4.269714e-01,-8.835483e-02,-3.350390e-01,-7.181740e-02,2.832214e-01,1.729585e-01,-3.470787e-01,-2.115443e-03,0,1.946902e-03
1.563302e-03,-1.069709e+01,6.559155e+00,3.354264e+00,-1.595001e+01,-1.366082e+01,-1.290494e+00,-5.675077e+00,-8.427222e+00,4.867147e-02,2.784834e+00,-7.226938e+00,7.349215e-01,2.780296e-02,0,6.644134e-01,-2.449775e-05,2.757062e-01,-1.608265e-01,-1.417931e-01,-3.449764e-02,9.463854e-02,1.065473e-01,-2.887158e-01,-1.605196e-01,-1.305624e-02,-1.336322e-01,4.015487e-01,-2.773514e-01,-2.085222e-03,0,4.957235e-03
1.546786e-03,-1.044164e+01,6.086483e+00,3.157716e+00,-1.514975e+01,-1.393191e+01,-1.084197e+00,-6.557291e+00,-8.592931e+00,5.521164e-01,1.780856e+00,-6.413652e+00,7.263954e-01,2.598973e-02,0,6.749077e-01,-4.005511e-05,3.166850e-01,-3.010758e-01,-7.480476e-02,4.479483e-01,1.461258e-01,-7.601194e-02,-3.619819e-01,1.673800e-01,-1.620258e-01,-3.159733e-01,3.754581e-01,-1.086697e-01,-6.950736e-04,0,3.709435e-03
1.485188e-03,-1.010393e+01,5.875116e+00,3.099142e+00,-1.414570e+01,-1.349923e+01,-1.388302e+00,-6.880233e+00,-7.626608e+00,4.421739e-01,1.613692e+00,-6.127432e+00,5.090205e-01,2.750075e-02,0,6.724188e-01,-4.031751e-05,2.472886e-01,-3.159649e-01,1.056450e-01,5.904815e-01,2.057949e-01,-4.575747e-01,-2.290362e-01,3.985597e-01,-6.102434e-01,-1.652539e-01,3.052791e-01,1.881971e-01,-3.626475e-04,0,9.266257e-04
1.439986e-03,-9.783631e+00,5.474105e+00,3.393941e+00,-1.366781e+01,-1.335200e+01,-1.622185e+00,-7.007061e+00,-7.184885e+00,-7.905945e-01,1.632737e+00,-6.145411e+00,8.717864e-01,2.840737e-02,0,6.712849e-01,-3.970696e-05,1.703957e-01,-3.317022e-01,2.095834e-01,3.171317e-01,4.374792e-01,-7.294252e-01,-9.351730e-03,1.116392e-01,-9.665211e-01,3.362168e-01,2.142886e-01,4.662556e-01,-8.763978e-04,0,3.759503e-04
1.415114e-03,-9.789650e+00,5.285519e+00,3.764377e+00,-1.373857e+01,-1.292180e+01,-3.309374e+00,-6.595374e+00,-7.138447e+00,-2.331190e+00,2.032624e+00,-5.834663e+00,1.603211e+00,2.478090e-02,0,6.708580e-01,-2.270608e-05,-2.740908e-02,-3.354495e-01,1.096321e-01,-5.728207e-02,4.306287e-01,-7.180418e-01,-2.155414e-01,-6.927558e-01,-8.049459e-01,7.798735e-01,3.666894e-01,3.257803e-01,-1.208824e-03,0,2.951133e-03
1.383288e-03,-9.746799e+00,4.722771e+00,3.873015e+00,-1.376765e+01,-1.203323e+01,-3.770787e+00,-6.746479e+00,-8.278815e+00,-2.893807e+00,3.252474e+00,-5.488594e+00,2.510578e+00,2.296766e-02,0,6.775679e-01,-1.710111e-05,-1.828502e-01,-2.173790e-01,-8.969176e-02,-1.637048e-01,2.445346e-01,-3.311394e-01,-3.600664e-01,-1.352693e+00,-1.959045e-01,1.207316e+00,4.406841e-01,-1.017741e-01,6.044116e-05,0,4.263729e-03
1.400007e-03,-1.025939e+01,4.573535e+00,3.407765e+00,-1.438219e+01,-1.200547e+01,-3.904210e+00,-8.088231e+00,-1.054342e+01,-2.530950e+00,4.703191e+00,-4.622394e+00,1.318526e+00,2.417649e-02,0,6.840329e-01,-1.694610e-05,-2.363483e-01,-1.109548e-01,-1.945346e-01,6.318092e-03,-1.780172e-01,2.062108e-01,-5.859293e-01,-1.515840e+00,1.883941e-01,1.218839e+00,3.714444e-01,-7.336053e-01,1.994560e-03,0,2.563512e-03
1.362034e-03,-1.046301e+01,4.743202e+00,3.123788e+00,-1.416452e+01,-1.258749e+01,-2.980464e+00,-8.060964e+00,-1.224586e+01,-1.670237e+00,6.334034e+00,-4.548125e+00,5.052583e-01,2.901179e-02,0,6.860160e-01,-2.019661e-05,-2.182897e-01,1.623369e-01,-9.332657e-04,2.751855e-01,-4.458074e-01,2.754202e-01,-1.712464e-01,-8.982683e-01,-3.893757e-03,7.543408e-01,6.443977e-03,-6.920065e-01,2.870958e-03,0,-6.009078e-03
1.341011e-03,-1.061329e+01,4.720529e+00,3.166317e+00,-1.350854e+01,-1.353475e+01,-2.673481e+00,-8.867778e+00,-1.273413e+01,-2.001004e+00,6.586038e+00,-4.447675e+00,-1.062156e+00,3.173164e-02,0,6.794515e-01,-2.303241e-05,-7.422857e-02,3.906597e-01,2.094082e-01,3.515911e-01,-3.322198e-01,1.348856e-02,2.154588e-01,-3.043149e-01,-4.612828e-01,2.282603e-01,-6.002685e-01,-2.932512e-01,2.810517e-03,0,-1.602553e-02
1.311803e-03,-1.066130e+01,5.460958e+00,3.989073e+00,-1.282855e+01,-1.349763e+01,-3.009050e+00,-7.212938e+00,-1.167480e+01,-3.178248e+00,6.082755e+00,-5.543733e+00,2.408860e-01,3.354488e-02,0,6.498132e-01,-1.834731e-05,5.821352e-02,8.607264e-01,4.948781e-01,1.068115e-05,-1.583962e-01,-4.863633e-01,3.442644e-01,4.129887e-02,-4.956664e-01,-2.599106e-01,-1.006054e+00,1.150615e-01,3.384709e-03,0,-2.568262e-02
1.309960e-03,-1.053139e+01,6.167956e+00,4.022163e+00,-1.329222e+01,-1.321150e+01,-3.822474e+00,-7.434950e+00,-1.235052e+01,-4.083358e+00,5.970132e+00,-7.125932e+00,-1.554386e-02,3.596253e-02,0,6.220067e-01,-2.829295e-05,2.652212e-01,1.148080e+00,3.887469e-01,3.841381e-02,1.804099e-01,-4.760581e-01,2.589032e-01,1.664103e-01,-3.858092e-02,-3.910731e-01,-8.388996e-01,3.379757e-01,7.917801e-03,0,-3.868067e-02
1.285823e-03,-1.021289e+01,8.323120e+00,5.170255e+00,-1.427263e+01,-1.354109e+01,-4.837784e+00,-7.056056e+00,-1.223117e+01,-3.107392e+00,5.342434e+00,-8.239266e+00,5.572599e-01,4.381989e-02,0,5.863253e-01,-4.595474e-05,3.083975e-01,1.213262e+00,1.355617e-01,8.382000e-01,7.157119e-01,-2.388303e-01,-9.037133e-02,5.392724e-01,4.069940e-01,-6.731972e-01,2.129093e-01,1.680023e-01,1.269266e-02,0,-7.680062e-02
1.212536e-03,-9.511382e+00,9.029850e+00,4.519461e+00,-1.259443e+01,-1.261097e+01,-4.139405e+00,-7.651703e+00,-1.162389e+01,-2.229337e+00,5.000833e+00,-7.294406e+00,4.695357e-01,6.618314e-02,0,5.177920e-01,-5.973370e-05,2.001520e-01,8.875543e-01,-7.937355e-02,2.015778e+00,1.130656e+00,-1.579231e-01,1.050549e-01,1.109426e+00,7.313932e-01,-7.630475e-01,1.511870e+00,9.412427e-02,1.498942e-02,0,-1.243570e-01
1.130741e-03,-9.629315e+00,1.009632e+01,4.418232e+00,-8.986440e+00,-1.021933e+01,-4.044736e+00,-7.556418e+00,-9.341758e+00,-2.070288e+00,3.201418e+00,-4.394949e+00,8.383577e-01,8.189785e-02,0,3.179174e-01,-5.690089e-05,-2.992542e-01,1.228566e-01,-3.163569e-01,3.239291e+00,1.736966e+00,-3.892802e-01,6.128111e-01,1.470182e+00,4.964361e-01,-4.156669e-01,2.310192e+00,2.465406e-01,1.211846e-02,0,-1.556017e-01
1.088833e-03,-9.822417e+00,9.719127e+00,4.001307e+00,-5.856428e+00,-9.219105e+00,-5.008614e+00,-6.659494e+00,-8.248097e+00,-9.449446e-01,3.225403e+00,-1.488741e+00,3.145286e-01,9.187066e-02,0,1.344256e-01,-3.998681e-05,-7.976314e-01,-4.719130e-01,-2.916804e-01,3.227179e+00,1.591467e+00,-6.985174e-01,7.805065e-01,1.305653e+00,4.096691e-02,-2.339312e-01,1.741611e+00,8.264780e-01,7.373828e-03,0,-1.353502e-01
1.063170e-03,-1.155365e+01,8.592765e+00,3.847548e+00,-1.445181e+00,-6.552198e+00,-6.349580e+00,-4.488104e+00,-6.568156e+00,-1.267408e+00,4.151815e+00,4.088624e-01,1.867467e+00,9.156845e-02,0,0,-2.043234e-05,-1.021379e+00,-9.934406e-01,-6.564463e-01,2.626667e+00,1.368151e+00,-6.553004e-01,3.411069e-01,4.700100e-01,-1.175146e+00,9.723587e-02,5.704136e-01,1.409583e+00,7.464491e-03,0,-7.702605e-02
1.046387e-03,-1.253737e+01,7.422063e+00,3.346401e+00,-2.291676e-01,-6.487206e+00,-6.479570e+00,-5.283327e+00,-6.482428e+00,-2.425943e+00,3.355979e+00,-9.882545e-01,4.087371e+00,9.821699e-02,0,0,-1.009711e-05,-7.442757e-01,-7.379994e-01,-8.904012e-01,1.213251e+00,6.919225e-01,-4.737007e-01,-7.697839e-01,-1.774854e-01,-1.684585e+00,-7.603431e-03,-7.994848e-01,9.474114e-01,1.012390e-02,0,-2.688513e-02
1.049802e-03,-1.337873e+01,6.277649e+00,1.463454e+00,1.333264e+00,-4.744529e+00,-6.585760e+00,-6.538967e+00,-7.874542e+00,-7.205519e+00,3.622309e+00,-1.793125e+00,5.999852e+00,1.160471e-01,0,0,-5.122297e-06,-2.537585e-01,-2.894691e-01,-8.091122e-01,-2.700344e-01,-1.549168e-01,-2.849123e-01,-1.239822e+00,-4.255468e-01,-1.284151e+00,-2.700758e-03,-1.127900e+00,-1.646305e-01,1.517075e-02,0,0
1.045031e-03,-1.263125e+01,7.186687e+00,7.413478e-01,-1.179397e+00,-6.663326e+00,-7.259027e+00,-9.482983e+00,-8.482331e+00,-6.398813e+00,3.452138e+00,-4.385171e+00,2.985392e+00,1.302508e-01,0,0,-4.281756e-06,-2.299076e-01,3.959842e-02,-6.237962e-01,-6.543480e-01,-1.391760e-01,1.742899e-01,-2.034169e-01,2.942704e-01,-3.476705e-02,9.660890e-02,-5.311791e-01,-8.912315e-01,1.665156e-02,0,0
1.038237e-03,-1.277550e+01,7.263107e+00,1.104513e+00,-2.320238e+00,-7.238721e+00,-7.384413e+00,-8.587386e+00,-7.695938e+00,-5.701727e+00,4.090231e+00,-3.532181e+00,1.595304e+00,1.514053e-01,0,0,-5.674444e-06,-4.604236e-01,-3.734193e-02,-7.223445e-02,-1.892817e-01,6.262626e-02,7.818133e-01,9.641457e-01,1.096881e+00,1.155307e+00,-2.798660e-01,4.411439e-01,-6.928051e-01,1.514053e-02,0,0
1.030761e-03,-1.398853e+01,7.127326e+00,4.068901e-01,-1.674157e+00,-5.935989e+00,-5.208794e+00,-5.276202e+00,-5.100378e+00,-3.351674e+00,3.605062e+00,-2.774622e+00,1.833488e+00,1.637957e-01,0,0,-4.679360e-06,-7.972647e-01,-4.098011e-01,-3.177973e-02,7.922845e-01,1.052092e+00,1.473616e+00,1.565927e+00,1.213461e+00,1.449906e+00,8.032975e-02,1.319365e+00,2.485048e-01,1.208825e-02,0,0
1.028565e-03,-1.500221e+01,6.120620e+00,1.269511e+00,6.342354e-01,-4.795066e+00,-3.701810e+00,-3.821629e+00,-4.081114e+00,-2.952551e+00,2.146517e+00,-3.926797e-01,3.111778e+00,1.749773e-01,0,0,-8.324057e-06,-7.575967e-01,-6.193488e-01,5.111441e-02,8.695489e-01,1.101157e+00,1.566273e+00,7.494612e-01,1.117984e+00,1.659673e+00,1.257394e-01,1.317509e+00,2.938927e-01,6.044122e-03,0,0
1.026470e-03,-1.550422e+01,5.708926e+00,4.999505e-01,1.304789e+00,-2.624694e+00,-1.732251e+00,-4.036224e+00,-4.222439e+00,-5.238703e-01,4.825644e+00,6.419022e-01,3.469679e+00,1.789060e-01,0,0,-9.073701e-06,-6.615240e-01,-7.861975e-01,-4.275571e-02,9.590647e-02,9.166368e-01,1.069689e+00,1.841180e-01,1.017540e+00,1.286404e+00,5.002155e-01,1.143980e+00,3.846555e-01,1.118164e-03,0,0
9.987620e-04,-1.580564e+01,4.875564e+00,1.313555e+00,5.380340e-01,-3.388582e+00,-1.291319e+00,-5.460069e+00,-2.544990e+00,1.182738e+00,4.108637e+00,1.347102e+00,2.246671e+00,1.740707e-01,0,0,-7.543014e-06,-4.902502e-01,-5.604633e-01,-3.901941e-01,-6.130607e-01,3.309171e-01,6.787014e-02,4.526851e-01,1.410255e+00,3.848538e-01,3.526568e-02,5.549181e-01,2.625766e-02,-4.230888e-03,0,0
1.000294e-03,-1.689444e+01,3.818867e+00,1.710893e-01,-1.146523e+00,-2.056047e+00,-1.065593e+00,-3.536392e+00,-7.807415e-01,1.012703e+00,5.125080e+00,2.075385e+00,4.189319e+00,1.698398e-01,0,0,-4.204479e-06,-6.945829e-02,1.565232e-01,-2.001653e-01,-5.478604e-01,-3.172781e-01,-1.295659e+00,8.048279e-01,1.407427e+00,-6.547070e-01,-5.455295e-01,-5.109177e-02,-2.874022e-01,-1.257178e-02,0,0
1.003938e-03,-1.675836e+01,4.263333e+00,-5.170293e-01,-1.205412e+00,-3.424804e+00,-3.695788e+00,-1.808120e+00,1.249310e+00,-1.796569e+00,2.173128e+00,1.665169e+00,2.883247e+00,1.583560e-01,0,0,-3.557443e-06,5.052724e-01,1.120752e+00,-5.065022e-02,2.017383e-01,-5.006660e-01,-1.715510e+00,5.992268e-01,5.756773e-01,-1.039802e+00,-7.356405e-01,-9.263843e-01,-7.791299e-01,-2.508311e-02,0,0
1.002860e-03,-1.537515e+01,6.797657e+00,4.144164e-01,-5.627908e-01,-4.192974e+00,-7.008309e+00,-1.838059e+00,9.175473e-01,-2.307752e+00,3.065751e+00,2.274096e-01,1.714380e+00,1.239045e-01,0,0,-4.899793e-06,9.663383e-01,1.643251e+00,5.715150e-01,9.808310e-01,-2.892706e-01,-1.073227e+00,-6.106265e-02,-1.824953e-01,-3.588793e-01,-8.642693e-01,-1.473704e+00,-1.227245e+00,-3.816864e-02,0,0
9.796919e-04,-1.403892e+01,8.989928e+00,9.386406e-01,1.254859e+00,-4.823449e+00,-6.897509e+00,-3.313102e+00,-5.157476e-01,-2.356043e+00,1.460099e+00,-2.360832e+00,-4.115084e-01,7.162284e-02,0,0,-2.734363e-06,7.168320e-01,1.151860e+00,6.676838e-01,1.271247e+00,8.403815e-01,6.089898e-01,-3.219818e-01,-6.917296e-01,3.492475e-01,-9.919215e-01,-1.689752e+00,-5.566406e-01,-4.110003e-02,0,0
9.879180e-04,-1.342246e+01,9.671824e+00,2.300829e+00,2.527496e+00,-2.803078e+00,-4.830866e+00,-3.089215e+00,-8.106889e-01,-5.019566e-01,1.160248e+00,-3.280135e+00,-2.995282e-01,2.236325e-02,0,0,5.393755e-06,1.154144e-01,7.750483e-02,3.683191e-01,1.038910e+00,1.740801e+00,1.725031e+00,-7.076993e-02,-5.894629e-01,1.883251e-01,-1.581228e+00,-1.142188e+00,2.565034e-01,-2.964642e-02,0,0
9.977367e-04,-1.415054e+01,8.585551e+00,1.878183e+00,3.605679e+00,8.215559e-02,-1.739560e+00,-2.792451e+00,-1.345220e+00,-9.532288e-01,-1.833728e+00,-5.029817e+00,1.106998e+00,3.626473e-03,0,0,1.237406e-05,-5.671057e-01,-8.650872e-01,2.310491e-02,4.560675e-01,1.817771e+00,1.871867e+00,4.401309e-01,-4.929362e-01,-2.993062e-01,-1.408999e+00,-3.594750e-01,8.586991e-01,-1.148383e-02,0,0
1.020806e-03,-1.474227e+01,7.387370e+00,1.786241e+00,3.456351e+00,2.058227e+00,-9.621304e-01,-2.452234e+00,-1.615031e+00,-2.067533e+00,-3.193475e+00,-4.149039e+00,2.237644e+00,9.670596e-03,0,0,1.079412e-05,-9.360385e-01,-1.242965e+00,-3.800194e-01,5.753563e-02,1.256669e+00,1.437885e+00,6.502970e-01,-9.257575e-01,-1.219626e+00,-1.102010e+00,1.966145e-01,9.729943e-01,2.417649e-03,0,0
1.025118e-03,-1.621454e+01,5.806719e+00,1.311459e+00,3.070769e+00,1.834754e+00,5.274566e-01,-1.430937e+00,-2.578258e+00,-3.069786e+00,-3.408036e+00,-3.723756e+00,2.613401e+00,2.055001e-02,0,0,5.946751e-06,-9.238967e-01,-1.079818e+00,-4.483326e-01,-1.133480e-01,6.873990e-01,8.853952e-01,6.630021e-01,-7.624029e-01,-1.195359e+00,1.827826e-01,1.478450e+00,7.561601e-01,5.500151e-03,0,0
1.028198e-03,-1.707065e+01,4.846416e+00,6.840939e-01,3.082629e+00,2.603970e+00,1.225048e+00,-5.184860e-01,-4.822958e+00,-5.541809e+00,-3.562649e+00,-2.950093e+00,3.812242e+00,2.598973e-02,0,0,-4.650047e-06,-7.229149e-01,-7.633566e-01,-6.514999e-01,-9.995337e-02,5.881360e-01,6.335543e-01,5.613637e-01,-3.300590e-01,-8.767098e-01,1.025608e+00,1.875862e+00,4.965335e-01,6.406769e-03,0,0
1.023775e-03,-1.760583e+01,4.456936e+00,1.875936e-01,3.225799e+00,3.246279e+00,1.593826e+00,-4.443143e-01,-3.553271e+00,-5.192886e+00,-7.352279e-01,1.762959e+00,4.100500e+00,2.296766e-02,0,0,-8.713570e-06,-4.397453e-01,-4.064780e-01,-8.332148e-01,-1.099775e-01,8.245182e-01,3.029253e-01,5.008180e-01,7.151843e-01,2.108280e-01,1.580122e+00,2.226605e+00,2.516174e-01,1.408280e-02,0,0
9.982277e-04,-1.766120e+01,4.245478e+00,-9.093258e-01,2.879069e+00,4.293145e+00,1.672457e+00,-1.387271e-01,-2.777819e+00,-5.389532e+00,5.981613e-01,2.486913e+00,3.976763e+00,4.049562e-02,0,0,-7.947022e-06,-2.991239e-01,-1.647386e-01,-8.553759e-01,-2.734960e-01,5.752346e-01,1.669939e-01,7.712880e-01,1.610586e+00,1.503696e+00,1.249182e+00,7.572137e-01,-4.059139e-01,2.644303e-02,0,0
9.965353e-04,-1.811800e+01,4.074798e+00,-2.057904e+00,2.622662e+00,5.112758e+00,1.818378e+00,8.832731e-01,-2.490537e-02,-2.091784e+00,2.412168e+00,4.690769e+00,3.789228e+00,8.371109e-02,0,0,3.901473e-06,-1.391273e-01,-1.157563e-01,-7.486126e-01,-3.200776e-01,3.680677e-01,2.076889e-01,8.101907e-01,1.404868e+00,1.836358e+00,5.651893e-01,-7.930598e-01,-7.571471e-01,2.535509e-02,0,0
1.002082e-03,-1.831019e+01,4.213792e+00,-2.470036e+00,2.016718e+00,4.546904e+00,1.947742e+00,2.674160e+00,1.465788e+00,4.261220e-01,1.109561e+00,-6.279290e-01,1.938308e+00,1.278332e-01,0,0,1.578172e-05,9.982719e-02,-3.554657e-01,-7.060722e-01,-3.774774e-01,6.272836e-02,4.059464e-01,4.802569e-01,4.928646e-01,1.224835e+00,4.613121e-01,-1.058364e+00,-8.728062e-01,5.621034e-03,0,0
1.041355e-03,-1.797697e+01,3.893998e+00,-2.775114e+00,2.056587e+00,4.959738e+00,2.494628e+00,2.200196e+00,1.349267e+00,1.081077e+00,1.835019e+00,-6.449185e-01,1.333991e+00,1.060743e-01,0,0,1.684388e-05,2.567856e-01,-5.143057e-01,-4.024048e-01,-2.562580e-01,-2.368778e-01,6.607148e-01,5.332198e-02,-6.001807e-01,8.146195e-02,3.825460e-01,-2.362120e-01,-1.680710e-01,-2.221215e-02,0,0
1.054727e-03,-1.723258e+01,2.558550e+00,-4.081082e+00,1.274720e+00,4.683296e+00,3.364064e+00,1.604096e+00,-1.000582e+00,-8.517875e-01,3.193296e+00,-1.370647e-01,8.403502e-01,5.741916e-02,0,0,9.666861e-06,8.347855e-02,-6.174948e-01,-1.072629e-01,3.537451e-02,-3.368131e-01,8.319629e-01,-4.269245e-02,-6.035148e-01,-8.223750e-02,6.198112e-01,1.166350e+00,7.841425e-01,-3.514657e-02,0,0
1.054433e-03,-1.737288e+01,2.330891e+00,-3.264405e+00,1.712371e+00,3.860172e+00,4.413791e+00,1.684915e+00,-1.792624e+00,-1.045520e+00,3.283030e+00,3.264277e+00,3.497852e+00,7.857359e-03,0,0,7.379160e-06,-6.742897e-02,-2.899173e-01,2.517408e-01,-9.203774e-02,-7.122453e-01,7.294434e-01,3.251119e-01,4.085789e-01,8.544625e-01,4.039156e-01,1.066841e+00,9.383703e-01,-2.659414e-02,0,0
1.043878e-03,-1.819485e+01,1.907872e+00,-2.761705e+00,2.365699e+00,3.412621e+00,5.147974e+00,2.718338e+00,1.915995e-02,1.078233e+00,3.484611e+00,3.249224e+00,4.777091e+00,1.208824e-03,0,0,3.225711e-05,3.084063e-01,-1.570314e-01,-1.695334e-01,-6.927471e-01,-7.830257e-01,-5.475092e-03,3.963969e-01,1.360165e+00,1.882993e+00,6.443118e-01,3.549525e-01,4.159826e-01,-1.154427e-02,0,3.429560e-02
1.083675e-03,-1.783298e+01,2.769751e+00,-2.176099e+00,1.050909e+00,2.033849e+00,5.249890e+00,3.268634e+00,2.882291e+00,4.388380e+00,3.708939e+00,2.996142e+00,4.057473e+00,1.208824e-03,0,0,6.104527e-05,1.565441e+00,-2.239021e-02,-1.173811e+00,-1.514096e+00,-4.720300e-01,-1.158343e+00,-1.657432e-01,1.041693e+00,1.864244e+00,5.823166e-01,-1.015508e+00,-8.955752e-01,4.230885e-04,0,8.914889e-02
1.201391e-03,-1.546049e+01,1.553963e+00,-5.472902e+00,-1.858285e+00,1.681329e+00,2.918639e+00,2.794221e+00,3.462788e+00,5.846228e+00,6.201900e+00,1.771765e+00,2.640453e+00,3.022061e-03,0,1.714780e-01,8.378095e-05,2.876482e+00,-6.708064e-02,-1.917290e+00,-1.788554e+00,-5.147610e-01,-2.449958e+00,-9.125527e-01,-4.901503e-01,1.041496e+00,3.127082e-01,-2.065850e+00,-1.773937e+00,3.868238e-03,0,1.526139e-01
1.280902e-03,-1.091285e+01,2.395894e+00,-7.777863e+00,-3.746119e+00,2.365669e+00,-2.632554e-01,8.182575e-01,1.694027e+00,5.891701e+00,4.835968e+00,-1.074535e+00,8.829435e-02,9.066183e-03,0,3.600055e-01,7.594973e-05,3.344676e+00,-2.211196e-01,-1.779827e+00,-9.504409e-01,-8.907537e-01,-3.023453e+00,-1.463784e+00,-1.888372e+00,-3.084134e-01,-1.162189e-01,-2.815810e+00,-2.262353e+00,7.101843e-03,0,1.683832e-01
1.364169e-03,-7.272501e+00,1.759397e+00,-9.547275e+00,-4.178557e+00,6.729066e-01,-4.345245e+00,-6.192377e-01,-1.837459e+00,5.534054e+00,4.484638e+00,-5.044690e+00,-2.108004e+00,1.662134e-02,0,5.830669e-01,5.488954e-05,2.375084e+00,-1.143841e-01,-5.649454e-01,4.902729e-01,-1.570515e+00,-2.648692e+00,-1.027306e+00,-1.758402e+00,-1.407401e+00,-3.519668e-01,-2.218465e+00,-1.801961e+00,9.700815e-03,0,8.283485e-02
1.382035e-03,-5.203596e+00,1.561436e+00,-9.038051e+00,-2.541159e+00,-1.915708e+00,-6.235434e+00,-2.343556e+00,-3.909444e+00,3.002400e+00,3.986476e+00,-7.674683e+00,-4.880064e+00,2.991840e-02,0,6.361217e-01,5.859898e-05,1.146654e+00,-4.166393e-01,1.835631e-01,1.378430e+00,-2.098700e+00,-1.090177e+00,-3.247411e-01,-7.701026e-01,-1.646165e+00,4.912654e-01,-8.376949e-01,-1.077983e+00,9.761257e-03,0,4.558402e-03
1.425273e-03,-6.439697e+00,1.399272e+00,-7.667535e+00,-9.399891e-03,-4.030556e+00,-7.338730e+00,-7.614028e-01,-2.527486e+00,2.538735e-01,4.866813e+00,-6.020487e+00,-3.885174e+00,4.110003e-02,0,4.475942e-01,1.166708e-04,5.726699e-01,-6.753474e-01,7.678046e-02,1.333683e+00,-1.864406e+00,5.636564e-01,2.795336e-01,8.991332e-02,-1.230055e+00,1.321588e+00,3.496530e-01,-5.311135e-01,5.983681e-03,1.293065e+01,-3.820186e-02
1.543345e-03,-5.595978e+00,4.927602e-01,-7.799917e+00,1.061453e+00,-5.776101e+00,-4.217399e+00,-7.343655e-01,-1.811473e+00,3.009680e-01,7.101208e+00,-4.775111e+00,-4.413037e+00,4.563312e-02,0,4.505338e-01,2.375596e-04,9.075818e-01,-1.551493e+00,-1.154422e+00,7.628073e-02,-2.016878e+00,1.545046e+00,1.834745e-01,-4.406162e-01,-7.557797e-02,2.247989e+00,3.417610e-01,-2.812259e-01,-5.439703e-04,3.228206e+01,2.669804e-02
1.866867e-03,-4.212961e+00,-1.083003e+00,-9.782439e+00,6.885509e-01,-6.718927e+00,-2.535980e+00,-2.616491e-02,-2.436878e+00,7.344930e-01,9.535213e+00,-4.746211e+00,-4.997085e+00,3.868238e-02,6.465326e+01,4.848515e-01,3.554659e-04,1.329224e+00,-2.201898e+00,-2.268801e+00,-1.332861e+00,-2.075505e+00,1.605176e+00,-5.086666e-01,-1.199311e+00,4.556449e-01,2.391387e+00,-4.072008e-01,-5.092446e-01,-5.046842e-03,5.153370e+01,9.901363e-02
2.349035e-03,-1.779055e+00,-4.954891e+00,-1.375271e+01,-2.508731e+00,-1.065591e+01,-9.115787e-01,-1.793802e+00,-6.157829e+00,2.384200e+00,1.289222e+01,-6.603016e+00,-5.730237e+00,2.840737e-02,1.290837e+02,7.509832e-01,3.777872e-04,9.655415e-01,-2.049720e+00,-2.596864e+00,-2.301265e+00,-2.010124e+00,1.268389e+00,-1.095820e+00,-1.778101e+00,3.186984e-01,1.622398e+00,-7.931004e-01,-2.629333e-01,-4.865518e-03,5.124855e+01,1.006232e-01
2.799757e-03,-1.702038e+00,-6.886395e+00,-1.603515e+01,-4.888612e+00,-1.196817e+01,-9.657614e-01,-2.775017e+00,-6.350861e+00,1.490482e+00,1.392824e+01,-7.142539e+00,-5.772797e+00,2.447869e-02,1.931267e+02,7.924376e-01,2.456462e-04,4.415798e-01,-9.018285e-01,-2.011536e+00,-2.543745e+00,-1.353567e+00,1.089825e+00,-1.404717e+00,-1.786711e+00,-1.582064e-01,7.223700e-01,-2.173163e-01,-4.409819e-02,-1.269266e-03,3.142385e+01,6.630886e-02
2.965837e-03,-2.023732e+00,-6.854144e+00,-1.765788e+01,-7.656291e+00,-1.320210e+01,1.339437e+00,-4.839041e+00,-8.744987e+00,1.516466e+00,1.301668e+01,-7.542449e+00,-5.339847e+00,2.840737e-02,1.920060e+02,7.998569e-01,-2.779968e-05,-9.037288e-02,1.044294e+00,-6.696564e-01,-1.970219e+00,9.408446e-02,6.800843e-01,-1.052025e+00,-1.443988e+00,-8.841504e-01,-2.665692e-01,1.010800e+00,2.185370e-01,1.813237e-03,-8.446029e-01,6.063104e-04
2.786698e-03,-1.882723e+00,-4.642519e+00,-1.788753e+01,-9.456393e+00,-1.221367e+01,1.787636e+00,-5.527130e+00,-1.007685e+01,3.773282e-01,1.308483e+01,-5.363076e+00,-5.412771e+00,3.233605e-02,1.903113e+02,7.919590e-01,-3.116356e-04,-2.938131e-01,2.644890e+00,9.415180e-01,-8.554994e-01,1.439951e+00,-5.561670e-02,-3.511161e-01,-9.547844e-01,-1.449670e+00,-1.099134e+00,1.868944e+00,1.981899e-01,2.326987e-03,-3.265196e+01,-2.710669e-02
2.216566e-03,-2.140577e+00,-8.553567e-01,-1.617480e+01,-1.007594e+01,-1.006274e+01,1.112145e+00,-5.677869e+00,-1.151477e+01,-1.479975e+00,1.198108e+01,-2.438746e+00,-4.817565e+00,3.354488e-02,1.262683e+02,7.542541e-01,-4.693097e-04,-6.749130e-01,3.481788e+00,2.662605e+00,6.296116e-01,2.148075e+00,-1.197269e+00,4.674876e-01,4.763541e-01,-1.795256e+00,-1.920679e+00,2.087567e+00,1.991153e-02,2.236325e-03,-5.115877e+01,-4.939965e-02
1.616214e-03,-3.112681e+00,3.338664e+00,-1.206910e+01,-7.956287e+00,-6.338100e+00,-1.130199e+00,-4.111184e+00,-9.739891e+00,-4.259649e+00,8.950377e+00,-3.496717e-01,-5.042988e+00,3.354488e-02,6.273570e+01,6.797056e-01,-4.421071e-04,-1.076460e+00,3.409690e+00,3.508033e+00,2.025679e+00,2.177177e+00,-1.532490e+00,1.061399e+00,1.874257e+00,-1.141775e+00,-2.428370e+00,1.187266e+00,-1.836691e-02,1.934119e-03,-5.068910e+01,-6.301995e-02
1.204530e-03,-4.783318e+00,6.564207e+00,-7.254074e+00,-5.258286e+00,-5.399509e+00,-3.187990e+00,-3.209576e+00,-6.531698e+00,-5.141328e+00,5.480513e+00,3.886831e-01,-5.425181e+00,3.898459e-02,0,6.089854e-01,-2.839937e-04,-1.135268e+00,2.567084e+00,3.296450e+00,2.505160e+00,1.679527e+00,-8.992809e-01,1.157578e+00,2.538385e+00,1.336795e-01,-1.874920e+00,5.659035e-03,-1.542519e-01,3.324263e-04,-3.152724e+01,-5.851891e-02
1.082180e-03,-5.943652e+00,8.696153e+00,-4.807730e+00,-1.736825e+00,-3.659398e+00,-3.724746e+00,-1.454280e+00,-3.197104e+00,-3.500873e+00,4.193264e+00,-8.404604e-01,-5.200798e+00,3.928680e-02,0,5.494936e-01,-1.269691e-04,-8.574448e-01,1.516656e+00,2.002416e+00,1.913096e+00,1.431858e+00,1.324393e-01,7.440990e-01,2.072914e+00,1.548865e+00,-6.138762e-01,-7.309421e-01,6.907067e-02,-3.324268e-03,-1.254714e+01,-4.109285e-02
1.063615e-03,-6.401431e+00,9.301318e+00,-3.323232e+00,-6.598685e-01,-3.004458e+00,-2.086987e+00,-1.218433e+00,-2.094238e+00,-1.190966e+00,4.985038e+00,-2.165056e+00,-5.509920e+00,3.233605e-02,0,5.267655e-01,-3.262968e-05,-6.120677e-01,5.372060e-01,9.700343e-01,8.020420e-01,1.328372e+00,8.157228e-01,5.033609e-01,1.393898e+00,1.909517e+00,2.573752e-02,-7.974179e-01,-1.694713e-02,-6.436990e-03,0,-2.729785e-02
1.051826e-03,-6.590848e+00,9.553390e+00,-4.022439e+00,-6.900136e-01,-3.763348e-01,-1.018504e+00,-1.386261e+00,-1.594052e+00,1.509495e+00,6.128733e+00,-2.727513e+00,-4.655265e+00,2.024781e-02,0,5.153512e-01,-5.940464e-06,-5.531710e-01,3.276692e-02,4.853689e-01,-3.794687e-01,4.552743e-01,6.103271e-01,3.705691e-01,5.527834e-01,1.060970e+00,1.057104e-01,-1.821857e-01,-2.038782e-01,-5.409490e-03,0,-1.580000e-02
1.056558e-03,-7.520058e+00,8.821618e+00,-2.796548e+00,-1.771481e+00,-3.991795e-01,-4.624967e-01,-7.267815e-01,-3.637313e-01,1.901072e+00,4.641466e+00,-2.654881e+00,-5.782683e+00,1.631913e-02,0,4.895673e-01,-1.051184e-06,-5.475441e-01,-3.407593e-02,4.708278e-01,-5.248757e-01,-4.708102e-01,-8.008283e-02,3.829177e-01,1.126040e-01,-1.353670e-01,-2.549872e-01,1.245678e-01,-4.968697e-01,-1.148383e-03,0,-1.245792e-02
1.056006e-03,-8.150193e+00,9.099837e+00,-2.644228e+00,-3.078363e+00,-2.685666e+00,-1.485355e+00,1.527398e-01,-1.298440e+00,2.579606e-01,4.893602e+00,-1.506477e+00,-6.083807e+00,2.024781e-02,0,4.890927e-01,-5.896436e-06,-3.629758e-01,2.024653e-01,5.416662e-01,-4.606573e-01,-1.404253e+00,-7.860457e-01,-2.197632e-01,-3.713513e-01,-6.574663e-01,-6.305618e-01,2.690421e-01,-4.575370e-01,3.263827e-03,0,-3.764039e-02
1.056269e-03,-8.359479e+00,9.357715e+00,-1.658198e+00,-2.090072e+00,-4.203844e+00,-2.253975e+00,-7.334455e-02,-1.679024e+00,-1.242033e+00,4.327668e+00,-2.152735e+00,-7.279997e+00,2.659414e-02,0,4.776052e-01,-1.205130e-05,-1.564145e-02,4.377148e-01,2.449180e-01,-1.988632e-01,-6.999469e-01,-9.824471e-01,-1.162542e+00,-1.508877e-01,-1.065680e-01,-9.400113e-01,-2.391479e-02,2.859624e-01,5.409490e-03,0,-4.336258e-02
1.022489e-03,-7.986017e+00,1.029767e+01,-1.883282e+00,-2.834005e+00,-5.495268e+00,-4.052993e+00,-2.811795e+00,-2.793162e+00,-2.062840e-01,3.132823e+00,-1.633375e+00,-6.194293e+00,3.142944e-02,0,3.331304e-01,-1.318878e-05,2.107513e-01,3.468456e-01,2.106528e-01,-3.061416e-01,-5.268805e-02,-5.826604e-01,-1.469075e+00,2.850732e-01,1.589880e-01,-1.315956e+00,-8.325002e-02,9.131069e-01,6.316109e-03,0,-3.299941e-02
1.013060e-03,-7.680353e+00,1.041128e+01,-1.952431e+00,-2.887976e+00,-2.494113e+00,-4.090913e+00,-5.057224e+00,-3.708083e-01,1.600354e+00,8.217993e-01,-2.711005e+00,-4.297628e+00,3.777577e-02,0,3.507356e-01,-1.399918e-06,3.551556e-01,-9.372787e-02,6.563902e-03,-2.210659e-01,4.884795e-01,-4.069073e-01,-1.353125e+00,6.240903e-01,-2.104082e-01,-8.636216e-01,-1.653617e-01,1.180645e+00,5.772137e-03,0,3.032006e-02
1.011666e-03,-7.435999e+00,1.030728e+01,-1.443848e+00,-4.210119e+00,-3.803972e+00,-3.480188e+00,-4.700693e+00,-5.271814e-01,-3.682928e-01,6.675521e-02,-1.643592e+00,-3.009457e+00,4.623754e-02,0,3.875305e-01,3.225629e-05,5.140108e-01,-1.126109e+00,-1.989049e-01,6.556138e-01,1.195373e-01,-1.365621e+00,-1.310711e+00,4.829184e-01,-1.111860e+00,-5.726348e-01,-1.404335e-01,1.253586e+00,2.719855e-03,1.234610e+01,8.851226e-02
1.054681e-03,-6.858710e+00,8.884267e+00,-1.845096e+00,-2.507345e+00,-2.607094e+00,-4.574914e+00,-5.894522e+00,3.084370e-01,-2.213070e+00,1.542593e+00,-2.974435e+00,-2.969190e+00,4.805077e-02,0,6.020054e-01,8.313709e-05,7.313420e-01,-2.091420e+00,-5.352941e-01,1.599734e+00,-7.991036e-01,-2.926413e+00,-1.392065e+00,-3.460981e-01,-1.305555e+00,-2.270378e-01,-1.567792e-02,1.461954e+00,-2.931400e-03,3.101620e+01,9.428388e-02
1.162960e-03,-5.826785e+00,5.430626e+00,-2.931474e+00,2.537485e-01,-4.841091e+00,-1.063910e+01,-8.946701e+00,-7.181928e-01,-3.858871e+00,-9.074799e-02,-2.203827e+00,-5.905797e-01,3.989121e-02,6.173048e+01,6.500568e-01,1.325636e-04,8.404499e-01,-2.479785e+00,-5.829571e-01,1.893950e+00,-1.552191e+00,-3.704573e+00,-1.299131e+00,-1.097890e+00,-5.213612e-01,-1.502614e-01,-2.627739e-01,1.885135e+00,-7.615595e-03,4.962750e+01,7.391284e-02
1.353099e-03,-4.828250e+00,2.392508e+00,-3.885088e+00,2.878762e+00,-5.971072e+00,-1.514352e+01,-9.894547e+00,-2.005793e+00,-3.182132e+00,-2.346381e-01,-2.509277e+00,1.802706e+00,2.629193e-02,1.242158e+02,6.908918e-01,1.522809e-04,6.484662e-01,-1.658479e+00,-9.266105e-02,4.873779e-01,-2.152749e+00,-2.421741e+00,-4.861115e-01,-1.500261e+00,3.775901e-01,2.365761e-01,-1.577689e-01,1.883154e+00,-8.129345e-03,4.960499e+01,2.773791e-02
1.525275e-03,-4.248980e+00,1.154239e+00,-3.338638e+00,2.566581e+00,-9.882939e+00,-1.671875e+01,-9.196338e+00,-4.859516e+00,-2.490568e+00,2.040640e-01,-3.190040e+00,4.030268e+00,1.903898e-02,1.860296e+02,7.126515e-01,1.589192e-04,3.284499e-01,-6.837931e-01,2.309493e-01,-2.036094e+00,-1.767713e+00,-2.054366e-01,-4.070864e-02,-8.441502e-01,1.114776e+00,7.389070e-01,-1.553811e-01,9.908549e-01,-4.714416e-03,3.160507e+01,5.951583e-03
1.634927e-03,-4.405282e+00,2.730066e+00,-2.104820e+00,-1.226871e+00,-1.084991e+01,-1.364380e+01,-8.200261e+00,-5.122206e+00,-1.009271e+00,2.578068e+00,-3.270173e+00,4.136155e+00,1.783016e-02,1.858754e+02,7.093976e-01,1.838225e-04,9.073186e-02,-5.473086e-01,-2.618190e-01,-3.896535e+00,-1.396185e+00,1.310699e+00,4.272055e-01,5.103398e-01,1.184106e+00,9.558960e-01,1.791048e-01,1.802471e-01,-5.137503e-04,1.297674e+01,-5.681181e-03
1.816642e-03,-4.396019e+00,1.842881e+00,-2.666862e+00,-7.873908e+00,-1.124023e+01,-1.241615e+01,-9.997387e+00,-3.380737e+00,6.285806e-01,2.197434e+00,-2.600285e+00,3.196970e+00,2.055001e-02,1.889260e+02,6.705618e-01,2.073493e-04,-1.495185e-02,-1.384155e+00,-1.216808e+00,-4.015217e+00,-9.311906e-01,1.806096e+00,1.272991e+00,1.719167e+00,8.364208e-01,1.058334e+00,1.742491e-01,-4.025212e-01,1.903899e-03,2.451126e-01,-4.236543e-03
2.126528e-03,-4.301071e+00,-6.883566e-01,-5.530071e+00,-1.138367e+01,-1.227335e+01,-1.074133e+01,-7.357995e+00,-1.934838e-01,1.178821e+00,3.548156e+00,-1.908630e+00,3.120590e+00,2.296766e-02,1.876512e+02,6.835307e-01,1.895351e-04,-8.119760e-02,-2.153643e+00,-1.721484e+00,-2.297405e+00,-9.120771e-01,1.888920e+00,2.667177e+00,1.781347e+00,2.557851e-01,1.006767e+00,-3.160525e-01,-2.766759e-01,2.417649e-03,-1.271039e+00,1.164503e-02
2.316222e-03,-4.375844e+00,-4.057326e+00,-7.710051e+00,-1.243110e+01,-1.382717e+01,-9.139504e+00,-3.252517e+00,1.271956e+00,5.974903e-01,5.010690e+00,-2.999566e+00,2.525444e+00,2.598973e-02,1.863672e+02,7.044022e-01,1.110106e-04,-3.012849e-01,-1.844014e+00,-1.073973e+00,-4.059867e-01,-5.356321e-01,2.059115e+00,3.475171e+00,6.917543e-01,-4.848078e-01,9.184598e-01,-9.126381e-01,2.808862e-02,2.598973e-03,-2.413756e+00,2.267582e-02
2.332813e-03,-4.821357e+00,-5.088043e+00,-8.190643e+00,-1.043530e+01,-1.411683e+01,-5.837513e+00,1.763188e+00,1.458180e+00,2.852001e-01,6.205275e+00,-4.650795e+00,3.088538e+00,2.719855e-02,1.807996e+02,7.507026e-01,2.765469e-05,-5.060540e-01,-9.680683e-01,1.466210e-01,3.609640e-01,-4.467163e-02,1.710912e+00,2.895148e+00,-7.502502e-01,-1.024091e+00,4.506029e-01,-1.132843e+00,1.617987e-01,3.989120e-03,-2.111969e+00,1.651416e-02
2.268553e-03,-5.642301e+00,-5.177345e+00,-6.706439e+00,-1.037803e+01,-1.299666e+01,-4.572480e+00,2.817878e+00,-7.477975e-01,-1.348647e+00,5.461174e+00,-5.792393e+00,3.353439e+00,3.142944e-02,1.802831e+02,7.503550e-01,-2.995692e-06,-5.967013e-01,-1.237595e-01,9.195808e-01,2.117880e-01,3.394311e-01,9.174902e-01,1.672683e+00,-1.517367e+00,-1.421551e+00,1.148129e-01,-9.395229e-01,2.647043e-01,5.832578e-03,-1.278487e+00,5.958140e-03
2.288636e-03,-6.198112e+00,-4.968688e+00,-5.298771e+00,-1.060539e+01,-1.291197e+01,-4.470279e+00,4.082546e+00,-2.934858e+00,-2.968568e+00,5.575929e+00,-6.176431e+00,3.515586e+00,4.019341e-02,1.801335e+02,7.431251e-01,1.221127e-06,-4.897614e-01,1.468455e-01,1.100582e+00,-2.890333e-01,3.245417e-01,6.887045e-02,5.852037e-01,-1.428931e+00,-1.616245e+00,-5.015969e-02,-4.904416e-01,1.781137e-01,6.980960e-03,-7.185058e-02,-4.640144e-03
2.323332e-03,-6.670973e+00,-4.735801e+00,-4.558082e+00,-1.128712e+01,-1.273245e+01,-5.235671e+00,3.951219e+00,-4.118358e+00,-4.883382e+00,5.899428e+00,-6.934363e+00,3.635442e+00,4.865518e-02,1.803079e+02,7.379816e-01,1.088458e-05,-2.784770e-01,1.599615e-01,7.425908e-01,-2.916309e-01,1.026608e-01,-1.869459e-01,2.649305e-01,-7.573133e-01,-1.242010e+00,7.077718e-02,-1.834838e-01,1.291851e-01,5.741915e-03,5.841217e-02,-4.276955e-03
2.311529e-03,-6.755828e+00,-4.574588e+00,-3.761914e+00,-1.142592e+01,-1.262622e+01,-5.161566e+00,4.122535e+00,-4.001195e+00,-6.028655e+00,5.735350e+00,-6.532018e+00,3.838105e+00,5.349048e-02,1.804279e+02,7.336885e-01,3.398373e-06,-1.200287e-01,9.494133e-02,3.869883e-01,-1.779860e-01,6.777134e-02,-1.308468e-01,2.512953e-02,-2.015512e-01,-7.265446e-01,1.547627e-02,-3.088293e-02,8.477018e-02,3.142943e-03,7.089539e-02,-2.316630e-03
