pcm_RMSenergy_sma,pcm_fftMag_mfcc_sma[1],pcm_fftMag_mfcc_sma[2],pcm_fftMag_mfcc_sma[3],pcm_fftMag_mfcc_sma[4],pcm_fftMag_mfcc_sma[5],pcm_fftMag_mfcc_sma[6],pcm_fftMag_mfcc_sma[7],pcm_fftMag_mfcc_sma[8],pcm_fftMag_mfcc_sma[9],pcm_fftMag_mfcc_sma[10],pcm_fftMag_mfcc_sma[11],pcm_fftMag_mfcc_sma[12],pcm_zcr_sma,F0final_sma,voicingFinalUnclipped_sma,pcm_RMSenergy_sma_de,pcm_fftMag_mfcc_sma_de[1],pcm_fftMag_mfcc_sma_de[2],pcm_fftMag_mfcc_sma_de[3],pcm_fftMag_mfcc_sma_de[4],pcm_fftMag_mfcc_sma_de[5],pcm_fftMag_mfcc_sma_de[6],pcm_fftMag_mfcc_sma_de[7],pcm_fftMag_mfcc_sma_de[8],pcm_fftMag_mfcc_sma_de[9],pcm_fftMag_mfcc_sma_de[10],pcm_fftMag_mfcc_sma_de[11],pcm_fftMag_mfcc_sma_de[12],pcm_zcr_sma_de,F0final_sma_de,voicingFinalUnclipped_sma_de
4.503563e-03,-4.773229e+00,-1.100088e+01,-2.164005e+01,-5.865899e+00,1.029770e+01,1.073661e+01,-2.330603e+00,-7.127777e+00,-3.599696e+00,-6.988430e-01,-1.526814e+01,1.426600e+00,4.412209e-02,1.866671e+02,8.207147e-01,-5.096518e-05,-7.195397e-02,4.530621e-03,-2.301510e-01,-2.570238e-02,4.145630e-01,-1.719141e-01,5.370240e-02,4.658799e-01,3.044636e-01,-4.142389e-01,1.308563e-01,-2.761606e-01,0,2.264099e-02,-8.525610e-04
4.447836e-03,-4.745872e+00,-1.105552e+01,-2.203124e+01,-6.047141e+00,1.121092e+01,1.078649e+01,-2.469074e+00,-6.408587e+00,-2.528063e+00,-1.755558e+00,-1.506298e+01,1.006737e+00,4.412209e-02,1.867250e+02,8.197024e-01,-1.015012e-04,-1.715551e-01,-1.986170e-02,-3.119747e-01,9.213018e-03,4.087938e-01,-4.394442e-01,8.084752e-02,6.162392e-01,5.105450e-02,-7.264060e-01,2.558918e-02,-4.848282e-01,-1.208819e-04,8.007507e-02,-1.357955e-03
4.276601e-03,-5.146677e+00,-1.095091e+01,-2.259521e+01,-5.903790e+00,1.191390e+01,9.852099e+00,-1.992855e+00,-5.157973e+00,-2.613195e+00,-2.241680e+00,-1.471643e+01,2.557277e-01,4.412209e-02,1.867514e+02,8.169580e-01,-1.296085e-04,-2.883815e-01,4.603662e-02,-1.375751e-01,1.354199e-01,4.754986e-01,-5.021661e-01,9.821272e-03,9.390287e-01,-4.044712e-01,-4.248273e-01,-1.161050e-01,-4.293419e-01,-3.022049e-04,1.149902e-01,-1.548183e-03
4.109538e-03,-5.444281e+00,-1.112518e+01,-2.272235e+01,-5.800888e+00,1.153356e+01,8.981644e+00,-2.095239e+00,-5.031483e+00,-3.837674e+00,-3.559454e+00,-1.541604e+01,-4.121058e-01,4.351768e-02,1.870253e+02,8.158032e-01,-1.037144e-04,-2.897147e-01,6.388054e-02,2.295759e-01,4.578271e-02,5.444969e-01,-2.897554e-01,-2.684099e-01,8.697199e-01,-6.184281e-01,2.042720e-02,-3.980010e-01,-1.432203e-01,-5.439691e-04,1.372925e-01,-9.446561e-04
4.024670e-03,-5.865932e+00,-1.073587e+01,-2.198238e+01,-5.311925e+00,1.251387e+01,9.128201e+00,-2.468414e+00,-3.121185e+00,-4.967247e+00,-1.921031e+00,-1.567213e+01,-1.068838e-02,4.291327e-02,1.870919e+02,8.149233e-01,-4.300992e-05,-1.559122e-01,-3.905544e-02,4.887339e-01,-1.681252e-01,5.447369e-01,1.357696e-01,-7.421476e-01,6.569073e-01,-3.581249e-01,4.520366e-02,-4.620891e-01,-4.407723e-02,-5.741898e-04,1.170410e-01,1.118183e-05
4.055229e-03,-5.834818e+00,-1.084364e+01,-2.118978e+01,-6.114159e+00,1.363342e+01,9.699660e+00,-3.573344e+00,-3.078382e+00,-4.443178e+00,-1.813746e+00,-1.657514e+01,4.238438e-01,4.200665e-02,1.872412e+02,8.159965e-01,3.836770e-06,-1.571517e-02,-1.577226e-01,4.660112e-01,-3.921985e-01,4.613234e-01,1.373129e-01,-7.556567e-01,3.018909e-01,1.219473e-01,-2.078585e-01,-2.771680e-01,-4.364860e-02,-2.719849e-04,3.023834e-02,6.225824e-04
4.088705e-03,-5.730970e+00,-1.128696e+01,-2.091782e+01,-6.587780e+00,1.358766e+01,1.017194e+01,-4.964540e+00,-2.849987e+00,-4.101068e+00,-2.888516e+00,-1.644733e+01,-3.826333e-01,4.200665e-02,1.872286e+02,8.169172e-01,8.077453e-06,9.542628e-02,-2.244446e-01,2.811331e-01,-3.560840e-01,6.491747e-02,2.203798e-02,-5.198294e-01,1.822259e-02,3.613691e-01,-6.443677e-01,-3.212471e-02,-2.277244e-01,3.022049e-04,-8.093414e-02,5.636692e-04
4.096704e-03,-5.590338e+00,-1.163824e+01,-2.092457e+01,-7.123953e+00,1.330328e+01,9.146339e+00,-4.625459e+00,-3.657628e+00,-3.661027e+00,-4.115005e+00,-1.641428e+01,-4.443763e-01,4.261106e-02,1.871082e+02,8.179192e-01,-3.595096e-05,1.230078e-02,1.429663e-02,1.033245e-01,-3.651275e-02,-6.937609e-02,-2.122053e-01,-8.807087e-03,8.013556e-02,4.000967e-01,-2.870736e-01,1.257743e-01,4.123008e-02,7.555142e-04,-2.558227e-01,-6.615222e-04
4.044320e-03,-5.511041e+00,-1.146079e+01,-2.070932e+01,-6.587448e+00,1.300352e+01,9.515052e+00,-4.541503e+00,-2.740449e+00,-3.551476e+00,-3.992241e+00,-1.591318e+01,-7.152002e-01,4.412209e-02,1.867537e+02,8.167803e-01,-7.678920e-05,-1.296984e-01,3.397380e-01,8.785553e-02,1.693025e-01,8.087854e-02,-2.956741e-01,1.476203e-01,2.624246e-01,3.877310e-01,3.132567e-01,4.566841e-02,4.126002e-01,6.950729e-04,-4.158249e-01,-2.417302e-03
3.897668e-03,-5.883278e+00,-1.068524e+01,-2.077741e+01,-6.296889e+00,1.357861e+01,8.967077e+00,-3.828898e+00,-2.732473e+00,-2.717490e+00,-2.697252e+00,-1.621334e+01,7.962777e-01,4.472651e-02,1.861995e+02,8.127573e-01,-8.536786e-05,-2.437637e-01,4.929357e-01,8.331108e-02,2.560250e-01,1.130630e-01,-3.889533e-01,-2.481384e-01,4.190079e-01,2.369511e-01,6.795686e-01,-3.245915e-01,6.349322e-01,9.066202e-05,-5.238281e-01,-3.384650e-03
3.804278e-03,-6.232992e+00,-1.006477e+01,-2.055212e+01,-6.154800e+00,1.385439e+01,8.783199e+00,-4.624720e+00,-2.000442e+00,-2.634182e+00,-2.031109e+00,-1.631946e+01,1.060041e+00,4.442430e-02,1.856038e+02,8.074117e-01,-5.867095e-05,-2.135308e-01,4.066199e-01,2.096220e-01,1.493938e-01,-4.152851e-02,-5.288520e-01,-5.232512e-01,4.254195e-01,3.570271e-01,4.900463e-01,-6.180727e-01,4.311572e-01,-3.626469e-04,-5.446243e-01,-2.805418e-03
3.789886e-03,-6.448181e+00,-9.871574e+00,-2.058661e+01,-6.060153e+00,1.344316e+01,7.567499e+00,-5.824543e+00,-1.932592e+00,-2.934919e+00,-1.697727e+00,-1.783410e+01,1.842664e+00,4.291327e-02,1.850640e+02,8.056803e-01,-2.283773e-05,-8.573880e-02,2.448076e-01,3.441448e-01,6.518950e-02,-2.968192e-01,-3.182151e-01,-8.448339e-01,4.982368e-01,5.604568e-01,1.150906e-01,-8.934076e-01,3.581808e-02,-6.044097e-05,-4.862854e-01,-1.212400e-03
3.804856e-03,-6.296244e+00,-9.834519e+00,-1.975661e+01,-5.958847e+00,1.286360e+01,7.570581e+00,-6.159936e+00,-1.013292e+00,-1.657627e+00,-2.041772e+00,-1.819316e+01,9.173923e-01,4.321547e-02,1.845984e+02,8.062918e-01,-2.191840e-05,3.882966e-02,1.825695e-01,4.027452e-01,-8.910532e-02,-1.840235e-01,-6.968923e-02,-7.050000e-01,3.922432e-01,7.822577e-01,-9.571159e-03,-7.833115e-01,-2.069167e-01,8.159570e-04,-3.702438e-01,-2.038002e-04
3.783190e-03,-6.280346e+00,-9.576324e+00,-1.945444e+01,-6.068918e+00,1.258991e+01,7.982311e+00,-7.285459e+00,-7.348636e-01,-4.034839e-01,-2.116468e+00,-1.974352e+01,1.046692e+00,4.502871e-02,1.842708e+02,8.072553e-01,-5.536275e-05,1.746710e-01,2.613245e-01,2.394241e-01,-1.781012e-01,1.962018e-01,2.887489e-01,-2.995546e-01,9.388109e-02,9.578060e-01,5.789713e-02,-1.056372e-01,-2.724630e-01,1.390148e-03,-1.909210e-01,-4.528463e-04
3.698034e-03,-6.122761e+00,-9.299548e+00,-1.910448e+01,-6.595944e+00,1.336090e+01,8.227347e+00,-7.419261e+00,-6.380902e-01,1.138930e-02,-1.869594e+00,-1.928130e+01,4.234434e-01,4.744636e-02,1.841492e+02,8.056052e-01,-1.009892e-04,2.255504e-01,2.508524e-01,-2.535280e-01,-3.345925e-01,3.793567e-01,2.890778e-01,3.575301e-02,-5.174698e-01,5.363280e-01,2.493386e-01,4.981895e-01,-3.630493e-01,9.972807e-04,1.806152e-01,-1.142120e-03
3.566483e-03,-5.661568e+00,-8.832438e+00,-1.971555e+01,-6.632110e+00,1.417552e+01,8.682860e+00,-6.692654e+00,-1.650787e+00,1.019604e+00,-1.494330e+00,-1.781822e+01,7.273235e-01,4.774857e-02,1.843340e+02,8.037593e-01,-1.453176e-04,1.483621e-01,8.712845e-02,-7.365150e-01,-4.424357e-01,1.027158e-01,1.838619e-01,5.467526e-01,-1.094942e+00,2.824650e-01,2.232758e-01,1.177136e+00,-5.340752e-01,3.022063e-04,5.998459e-01,-1.759535e-03
3.408263e-03,-5.477881e+00,-8.952201e+00,-2.089369e+01,-7.350214e+00,1.396757e+01,8.665695e+00,-6.277574e+00,-3.142679e+00,3.124693e-01,-1.106147e+00,-1.666487e+01,-7.381696e-01,4.684195e-02,1.854699e+02,8.023291e-01,-2.214734e-04,-1.632124e-01,3.444862e-03,-9.847410e-01,-4.912859e-01,-4.880745e-01,-9.460411e-02,6.524736e-01,-1.346779e+00,-4.214316e-01,2.564230e-01,1.383195e+00,-6.280295e-01,6.346330e-04,6.924408e-01,-5.319840e-03
3.201487e-03,-5.860976e+00,-9.314356e+00,-2.224241e+01,-7.903961e+00,1.280015e+01,8.682446e+00,-5.122540e+00,-4.957277e+00,8.583012e-01,-1.381812e+00,-1.516606e+01,-1.042877e+00,4.684195e-02,1.866097e+02,8.000956e-01,-3.240662e-04,-4.463163e-01,1.134875e-01,-8.110849e-01,-3.953276e-01,-8.719695e-01,-4.477627e-01,4.425224e-01,-1.130567e+00,-9.088619e-01,3.232983e-02,1.515928e+00,-7.289448e-01,2.055002e-03,-1.196866e+01,-1.561344e-02
2.773165e-03,-6.839119e+00,-9.041365e+00,-2.276476e+01,-8.416448e+00,1.160822e+01,7.754534e+00,-4.941950e+00,-5.718740e+00,-2.015117e+00,-6.437383e-01,-1.369141e+01,-1.831604e+00,5.107283e-02,1.864735e+02,7.808378e-01,-4.100729e-04,-6.952305e-01,5.017962e-01,-5.669193e-01,-4.946270e-02,-8.168461e-01,-4.346623e-01,3.624249e-01,-4.706066e-01,-8.117923e-01,-2.330944e-01,1.671067e+00,-4.281194e-01,4.533092e-03,-3.107180e+01,-2.154857e-02
2.263701e-03,-7.212530e+00,-8.220418e+00,-2.283545e+01,-8.075631e+00,1.099535e+01,6.899628e+00,-5.147853e+00,-6.015591e+00,-2.360913e+00,-1.563886e+00,-1.172531e+01,-2.370683e+00,5.590813e-02,1.239889e+02,7.364378e-01,-4.288289e-04,-1.032719e+00,9.288584e-01,8.242397e-02,2.836981e-01,-4.725518e-01,1.807062e-01,9.604186e-01,4.109269e-01,4.359842e-02,1.149280e-01,2.068116e+00,7.012254e-01,6.467211e-03,-4.982716e+01,-2.762120e-02
1.826792e-03,-8.278256e+00,-6.990189e+00,-2.343177e+01,-7.511692e+00,1.078574e+01,7.383793e+00,-4.452793e+00,-4.966555e+00,-2.136885e+00,-2.180582e+00,-1.002991e+01,-2.214864e+00,6.497432e-02,6.142131e+01,7.264152e-01,-3.657480e-04,-1.567747e+00,1.052739e+00,8.526890e-01,6.773165e-01,-3.213654e-01,1.021681e+00,2.238487e+00,1.599068e+00,1.507011e+00,7.853973e-01,2.416224e+00,1.698457e+00,6.406771e-03,-4.969359e+01,-6.758746e-02
1.530529e-03,-1.030500e+01,-5.695652e+00,-2.149678e+01,-6.937849e+00,1.084863e+01,9.771348e+00,-5.650256e-01,-3.278735e+00,1.137177e+00,-3.875017e-02,-6.656231e+00,2.654879e+00,7.222726e-02,0,6.892009e-01,-2.811662e-04,-1.933640e+00,1.202013e+00,1.818109e+00,9.547760e-01,-6.403860e-01,1.652811e+00,3.398577e+00,2.444005e+00,1.716408e+00,1.490412e+00,2.716265e+00,1.876899e+00,3.233604e-03,-3.093991e+01,-1.310407e-01
1.311011e-03,-1.313162e+01,-5.040051e+00,-1.917064e+01,-5.598756e+00,1.007475e+01,1.142708e+01,3.959069e+00,9.081707e-01,3.770890e+00,2.520680e+00,-4.144826e+00,4.147901e+00,7.494712e-02,0,4.665190e-01,-1.620675e-04,-1.310519e+00,9.282692e-01,1.814470e+00,1.079975e+00,-6.012233e-01,1.289571e+00,2.225833e+00,1.756787e+00,6.799085e-01,1.014376e+00,1.850490e+00,2.357666e-01,-1.359928e-03,-1.228426e+01,-1.504056e-01
1.115761e-03,-1.445405e+01,-3.185421e+00,-1.587547e+01,-4.258219e+00,8.148918e+00,1.314204e+01,7.639102e+00,3.267072e+00,3.267242e+00,3.537542e+00,-1.086525e+00,3.832429e+00,6.708975e-02,0,2.111825e-01,-4.342730e-05,4.431725e-02,5.834891e-01,8.055359e-01,8.217800e-01,6.816111e-02,6.271302e-01,-2.505688e-01,-1.823577e-01,-1.267253e+00,-9.735028e-02,2.884121e-01,-1.749428e+00,-3.596253e-03,0,-8.234749e-02
1.223838e-03,-1.275633e+01,-3.603958e+00,-1.717008e+01,-3.451632e+00,9.129478e+00,1.214630e+01,2.574307e+00,5.444775e-01,1.976253e-01,1.103153e+00,-3.562313e+00,-1.624805e+00,6.074343e-02,0,2.133963e-01,1.136431e-04,1.626348e+00,-1.575874e-01,-5.473202e-01,2.754752e-01,1.229873e+00,7.844763e-02,-2.520056e+00,-2.286216e+00,-2.031286e+00,-5.096000e-01,-1.201754e+00,-2.261573e+00,-2.568752e-03,1.171773e+01,5.429012e-02
1.356979e-03,-1.027106e+01,-3.496253e+00,-1.846938e+01,-3.902511e+00,1.166207e+01,1.254739e+01,-1.125488e+00,-4.008677e+00,-3.412455e+00,1.832622e-01,-5.505427e+00,-3.205907e+00,6.134784e-02,0,4.040248e-01,3.270573e-04,2.225754e+00,-1.180612e+00,-1.455431e+00,-2.645622e-01,1.588705e+00,-2.895624e-01,-2.713650e+00,-2.663778e+00,-1.456357e+00,-1.427758e-01,-2.399305e+00,-1.366787e+00,-6.648522e-04,3.061546e+01,1.373485e-01
1.758617e-03,-7.091366e+00,-5.672572e+00,-2.061029e+01,-4.399235e+00,1.446754e+01,1.211664e+01,-4.258917e+00,-6.885035e+00,-3.045692e+00,1.649820e+00,-7.944145e+00,-3.640796e+00,6.497432e-02,5.858863e+01,6.415484e-01,5.084899e-04,1.934022e+00,-1.984497e+00,-1.185029e+00,-2.999427e-01,4.744950e-01,-4.839478e-01,-9.650398e-01,-1.554199e+00,-4.501177e-01,4.200943e-01,-2.105719e+00,2.717737e-01,-1.299487e-03,5.026132e+01,1.347660e-01
2.483658e-03,-6.157758e+00,-8.054173e+00,-2.143252e+01,-5.107229e+00,1.342341e+01,1.170906e+01,-2.512540e+00,-6.337061e+00,-2.392882e+00,2.550330e+00,-1.089213e+01,-1.993512e+00,6.165005e-02,1.237830e+02,6.838489e-01,5.415889e-04,1.181287e+00,-2.292226e+00,-6.210745e-01,1.811624e-01,-6.228388e-01,-1.098638e+00,1.905289e-01,-4.792369e-01,8.159916e-02,1.756008e-01,-1.965585e+00,7.248043e-01,-3.263827e-03,5.204345e+01,7.592277e-02
3.202949e-03,-5.142871e+00,-1.124749e+01,-2.161366e+01,-4.348986e+00,1.062128e+01,1.014573e+01,-1.557367e+00,-6.062325e+00,-2.562749e+00,2.020091e+00,-1.139756e+01,-8.721344e-01,5.409490e-02,1.894151e+02,7.473145e-01,3.231466e-04,4.528581e-01,-1.521542e+00,2.787464e-01,6.669963e-01,-1.241809e+00,-1.245823e+00,4.483115e-01,-2.213396e-01,7.317152e-02,-4.012423e-01,-1.416311e+00,4.674021e-01,-3.838018e-03,3.441097e+01,2.420757e-02
3.342758e-03,-5.338872e+00,-1.216992e+01,-2.107307e+01,-3.021823e+00,1.047100e+01,8.039653e+00,-1.523619e+00,-6.816217e+00,-3.245930e+00,8.761309e-01,-1.360664e+01,-9.662166e-01,5.046842e-02,1.948040e+02,7.307556e-01,-2.915747e-05,1.443861e-01,-2.004312e-01,7.258160e-01,7.305050e-01,-6.872226e-01,-1.138983e+00,-2.147195e-01,-3.662002e-01,4.487556e-01,-6.827065e-01,-1.231406e+00,1.774612e-02,-2.024781e-03,1.490739e+01,1.211628e-02
2.944800e-03,-5.236518e+00,-1.122240e+01,-1.939628e+01,-2.106956e+00,9.734703e+00,7.722231e+00,-2.511820e+00,-7.752155e+00,-2.253311e+00,4.807083e-01,-1.366844e+01,-1.817433e+00,5.137504e-02,1.951330e+02,7.391329e-01,-2.987401e-04,-1.413675e-01,1.146755e+00,8.266239e-01,6.268916e-02,-2.739216e-01,-9.741095e-01,-8.490074e-01,-8.684454e-02,9.849488e-01,-9.033085e-01,-1.286072e+00,-1.052325e-01,-7.252943e-04,1.752853e+00,9.240979e-03
2.466945e-03,-5.389004e+00,-9.068870e+00,-1.891213e+01,-2.575719e+00,1.043059e+01,7.225892e+00,-3.108910e+00,-7.323147e+00,-3.038234e-01,-9.351146e-02,-1.591372e+01,-1.432132e+00,5.288607e-02,1.954610e+02,7.485211e-01,-3.910048e-04,-2.265027e-01,1.869984e+00,7.678684e-01,-6.984044e-01,-5.016381e-01,-1.194880e+00,-1.089327e+00,7.037849e-01,1.666887e+00,-9.269611e-01,-1.104186e+00,-3.439842e-01,-1.239045e-03,1.043243e+00,1.126577e-02
2.147155e-03,-5.824643e+00,-7.064236e+00,-1.856101e+01,-4.258593e+00,9.271885e+00,5.682064e+00,-5.009758e+00,-6.243083e+00,8.909410e-01,-2.011630e+00,-1.667438e+01,-1.165339e+00,4.925960e-02,1.978509e+02,7.846367e-01,-3.726766e-04,-5.022105e-01,2.225238e+00,9.610504e-01,-8.976756e-01,-1.039006e+00,-1.548531e+00,-1.013791e+00,1.358083e+00,1.920850e+00,-5.510062e-01,-6.597232e-01,-1.066754e+00,-1.118164e-03,-1.216635e+01,-8.527929e-03
1.786557e-03,-6.177324e+00,-4.899088e+00,-1.765136e+01,-5.438027e+00,8.194223e+00,3.085339e+00,-5.721283e+00,-4.051829e+00,3.516379e+00,-2.512506e+00,-1.762461e+01,-3.012185e+00,4.533092e-02,1.986613e+02,7.643326e-01,-3.311732e-04,-8.203702e-01,2.177520e+00,1.656523e+00,-3.554432e-01,-1.602721e+00,-1.160510e+00,-4.577119e-01,1.477274e+00,1.297667e+00,-2.614791e-02,6.796509e-01,-1.697980e+00,4.381988e-03,-3.234043e+01,-7.300769e-02
1.421611e-03,-7.353411e+00,-2.181108e+00,-1.522141e+01,-5.164180e+00,5.657852e+00,2.049853e+00,-6.274588e+00,-2.597399e+00,5.440839e+00,-1.064826e+00,-1.611162e+01,-6.361178e+00,4.956180e-02,1.327011e+02,6.885875e-01,-2.740463e-04,-1.341281e+00,1.813148e+00,1.976944e+00,3.420216e-01,-1.604229e+00,-1.545663e-01,5.399352e-01,1.206124e+00,-8.633652e-02,2.609102e-01,2.116904e+00,-1.262062e+00,1.592626e-02,-5.280293e+01,-1.526624e-01
1.173850e-03,-8.726471e+00,-6.228365e-01,-1.229931e+01,-3.900141e+00,4.223996e+00,3.239445e+00,-4.765055e+00,-1.759617e+00,3.909564e+00,-6.976534e-01,-1.279685e+01,-7.324111e+00,7.464491e-02,6.633374e+01,4.315073e-01,-1.779549e-04,-1.747160e+00,9.371496e-01,1.591206e+00,5.735474e-01,-1.426164e+00,5.492218e-01,1.101454e+00,3.125423e-01,-1.517818e+00,1.257804e-01,2.969726e+00,-1.442909e-03,2.852826e-02,-5.300237e+01,-2.029515e-01
1.083276e-03,-1.125647e+01,-1.366228e-01,-1.135231e+01,-3.317427e+00,3.235854e+00,4.832179e+00,-2.788197e+00,-1.358570e+00,2.626661e-01,-1.614505e+00,-8.503740e+00,-5.319685e+00,1.142339e-01,0,1.877373e-01,-7.803886e-05,-1.756739e+00,1.299288e-01,9.146388e-01,3.462299e-01,-9.179022e-01,7.218965e-01,1.386773e+00,-1.950753e-01,-1.840101e+00,3.197976e-01,2.762093e+00,1.448750e+00,2.919311e-02,-3.317360e+01,-1.808682e-01
1.065949e-03,-1.296159e+01,-1.235582e+00,-1.162988e+01,-3.493666e+00,2.274402e+00,4.440285e+00,-1.957211e+00,-3.108532e+00,-1.483625e+00,-1.608764e+00,-6.579916e+00,-3.540146e+00,1.556361e-01,0,0,-1.936685e-05,-1.363444e+00,2.982425e-02,9.706084e-01,4.599216e-01,-3.314374e-01,1.389864e-01,8.263470e-01,-4.650230e-02,-6.985565e-01,9.606526e-01,2.175473e+00,1.653245e+00,1.229979e-02,-1.326675e+01,-1.050752e-01
1.085368e-03,-1.401955e+01,-1.225091e+00,-1.098294e+01,-3.636268e+00,2.043138e+00,5.058916e+00,-7.446455e-01,-2.898318e+00,-1.063073e+00,9.897173e-01,-5.409616e+00,-1.009410e+00,1.550317e-01,0,0,-3.852311e-06,-6.540468e-01,5.994407e-01,1.521222e+00,6.219095e-01,2.257491e-01,6.433449e-02,5.657767e-01,7.152324e-01,4.380705e-01,1.371964e+00,1.782069e+00,1.089327e+00,-1.142339e-02,0,-3.754745e-02
1.075970e-03,-1.416216e+01,7.051865e-02,-7.630960e+00,-1.441113e+00,3.163167e+00,3.821009e+00,-1.655096e+00,-1.222254e+00,1.079651e+00,2.803499e+00,-3.466543e+00,-1.213024e+00,1.157449e-01,0,0,-7.722573e-06,-1.734378e-01,1.153547e+00,1.949406e+00,6.397374e-01,4.668661e-01,-1.288705e-02,3.249298e-02,1.240552e+00,6.671317e-01,9.803058e-01,1.464343e+00,2.131205e-01,-2.085222e-02,0,0
1.059004e-03,-1.392643e+01,2.207530e+00,-5.745665e+00,-1.234157e+00,3.920217e+00,5.463489e+00,-1.103707e-01,1.274453e+00,1.171381e+00,3.039183e+00,-1.150082e+00,-1.036610e+00,7.706255e-02,0,0,-1.313722e-05,1.359570e-01,9.072725e-01,1.026730e+00,-7.887524e-02,-4.461636e-02,1.106488e-01,1.784043e-01,8.457395e-01,-3.320811e-01,4.223491e-02,7.169924e-01,-3.695881e-01,-7.434269e-03,0,0
1.040518e-03,-1.387534e+01,2.815840e+00,-4.501484e+00,-1.496035e+00,3.670193e+00,4.173563e+00,-2.111883e+00,1.007841e+00,7.348067e-01,2.268032e+00,-1.387966e+00,-2.460943e+00,9.035963e-02,0,0,7.875997e-06,4.365600e-01,5.123660e-02,-9.060086e-01,-1.617390e+00,-7.236599e-01,5.907517e-02,7.730131e-01,6.326312e-01,-9.636496e-01,-3.038980e-01,-4.244822e-01,3.286398e-01,1.024479e-02,0,4.043503e-02
1.037408e-03,-1.348317e+01,1.938612e+00,-7.414022e+00,-4.003183e+00,1.566543e+00,5.435883e+00,3.757695e-01,2.153326e-01,-2.551057e+00,1.468625e+00,-2.863943e+00,-2.233392e+00,1.305530e-01,0,0,2.399670e-05,5.444791e-01,-6.284858e-01,-2.346331e+00,-2.343876e+00,-1.314341e+00,-3.203902e-01,1.737232e+00,1.056806e+00,-4.153754e-01,-8.715014e-02,-6.833301e-01,1.501805e+00,1.097008e-02,0,6.065254e-02
1.126149e-03,-1.220099e+01,4.611609e-01,-1.132683e+01,-8.143551e+00,7.217039e-01,4.130188e+00,1.966900e+00,2.470462e+00,-1.877378e+00,2.069288e+00,-4.732023e+00,1.028565e+00,1.402236e-01,0,2.021751e-01,2.732055e-05,7.295166e-01,-3.795695e-01,-2.279149e+00,-1.954404e+00,-1.166856e+00,-2.547468e-01,1.832420e+00,1.344017e+00,2.405371e-01,6.243318e-02,-3.233905e-02,2.217089e+00,-6.346326e-03,0,6.065254e-02
1.136172e-03,-1.204121e+01,2.424404e-01,-1.406465e+01,-9.629777e+00,-1.177241e+00,3.883226e+00,6.536396e+00,5.827174e+00,4.005959e-01,2.702805e+00,-2.894704e+00,4.727661e+00,1.069810e-01,0,2.021751e-01,2.112142e-05,1.071211e+00,6.331114e-01,-7.679260e-01,-8.648298e-01,-8.905497e-01,-7.546386e-01,2.401378e-01,-1.173775e-01,-1.873340e-01,-4.534135e-01,8.986780e-01,1.663905e+00,-2.215171e-02,0,4.091850e-02
1.127739e-03,-1.094874e+01,1.766078e+00,-1.257191e+01,-8.454757e+00,-7.921967e-01,3.676158e+00,3.969901e+00,4.922005e+00,4.616661e-01,1.963108e+00,-1.534281e+00,5.143979e+00,7.041403e-02,0,2.021751e-01,3.080455e-05,1.666491e+00,1.626564e+00,3.559737e-01,-5.271721e-01,-8.719096e-01,-9.285586e-01,-1.889253e+00,-2.795308e+00,-1.763122e+00,-1.127859e+00,1.010195e+00,-2.485492e-02,-2.432759e-02,0,4.595359e-02
1.142220e-03,-8.753236e+00,4.451710e+00,-1.063111e+01,-8.171729e+00,-2.129255e+00,1.889705e+00,5.749575e-01,-1.597327e+00,-4.657248e+00,-7.453529e-01,3.057587e-02,4.028424e+00,5.469931e-02,0,2.045925e-01,6.925059e-05,2.291158e+00,1.872337e+00,1.957622e-01,-1.467161e+00,-1.001587e+00,-1.160624e+00,-3.056885e+00,-4.493340e+00,-2.417440e+00,-9.586460e-01,5.671751e-01,-8.481642e-01,-1.695376e-02,0,1.165322e-01
1.277148e-03,-5.512520e+00,6.489347e+00,-1.126373e+01,-1.150844e+01,-3.161838e+00,4.841547e-01,-4.498645e+00,-7.793825e+00,-8.164067e+00,-1.845930e+00,-1.143687e+00,1.253909e+00,4.472650e-02,0,4.307344e-01,8.400263e-05,2.012113e+00,1.339617e+00,-5.998844e-01,-2.088777e+00,-1.108324e+00,-9.219959e-01,-2.007153e+00,-4.017113e+00,-1.677013e+00,2.882922e-01,6.410589e-01,-7.894503e-01,-1.121185e-02,0,1.478170e-01
1.407721e-03,-3.303528e+00,7.242491e+00,-1.373993e+01,-1.543874e+01,-5.000357e+00,-3.238912e-01,-4.513758e+00,-1.028161e+01,-7.373735e+00,-1.859066e-01,-2.541253e-01,2.431875e+00,3.505591e-02,0,6.705566e-01,5.817493e-05,1.126754e+00,5.887015e-01,-7.555135e-01,-1.226361e+00,-4.911273e-01,-3.100944e-01,-3.243372e-01,-2.000575e+00,-3.914810e-01,1.680382e+00,1.134938e+00,-2.211469e-01,-7.917800e-03,0,1.291009e-01
1.415001e-03,-3.613028e+00,7.068771e+00,-1.401692e+01,-1.526514e+01,-4.898268e+00,1.729761e-01,-3.521508e+00,-1.082142e+01,-6.565157e+00,3.124846e+00,1.813364e+00,1.995002e+00,2.417649e-02,0,7.082780e-01,-1.051172e-06,6.469598e-02,-2.987671e-03,-4.032717e-02,6.366304e-01,2.125390e-01,-8.893732e-02,7.734672e-01,-4.294307e-01,-2.343276e-01,2.402374e+00,1.266151e+00,-3.207008e-01,-3.747355e-03,0,5.500256e-02
1.364168e-03,-4.069212e+00,7.105505e+00,-1.303208e+01,-1.242518e+01,-3.716676e+00,4.948226e-01,-1.535297e+00,-1.008640e+01,-7.414108e+00,5.171171e+00,4.226742e+00,2.552144e+00,2.538531e-02,0,7.113254e-01,-4.013489e-05,-6.673230e-01,-3.779190e-01,8.245599e-01,2.304081e+00,9.292878e-01,2.022148e-01,4.590098e-01,3.364417e-01,-5.779070e-01,1.880705e+00,2.015342e-01,-1.295405e+00,3.142944e-03,0,-6.000787e-03
1.293668e-03,-4.806198e+00,6.542902e+00,-1.181929e+01,-9.832062e+00,-2.740983e+00,-3.698888e-01,-2.120540e+00,-1.003858e+01,-9.315518e+00,7.487402e+00,2.946635e+00,-4.097290e-01,3.082502e-02,0,6.853628e-01,-4.849151e-05,-1.012355e+00,-6.760643e-01,1.067790e+00,2.877204e+00,1.225371e+00,5.708607e-01,-3.496543e-01,3.210549e-01,-3.307744e-01,8.474934e-01,-1.284774e+00,-1.651812e+00,1.060744e-02,0,-6.302290e-02
1.267713e-03,-6.043558e+00,5.615831e+00,-1.071595e+01,-6.634874e+00,-1.432560e+00,9.586151e-01,-2.919193e+00,-8.990821e+00,-8.888089e+00,7.036339e+00,1.869102e-01,-2.842784e+00,4.744636e-02,0,6.520103e-01,-1.584063e-05,-1.549548e+00,-1.142530e+00,1.206374e+00,3.098350e+00,1.191311e+00,9.978331e-01,-8.386347e-01,3.043568e-01,9.363772e-01,-5.257044e-02,-1.849654e+00,-1.504895e+00,1.405258e-02,0,-1.267270e-01
1.220771e-03,-7.687630e+00,4.433287e+00,-9.836038e+00,-3.774271e+00,8.653077e-02,2.795383e+00,-4.577831e+00,-9.763936e+00,-7.482039e+00,6.429729e+00,-2.590588e+00,-3.566597e+00,6.618314e-02,0,4.228211e-01,6.955061e-05,-1.937132e+00,-1.527327e+00,1.201817e+00,3.499259e+00,9.484587e-01,7.145114e-01,-8.866833e-01,1.127424e+00,2.391026e+00,-8.015296e-01,-7.668514e-01,-3.305709e-01,1.115140e-02,0,-1.813774e-01
1.321413e-03,-1.037624e+01,2.447661e+00,-7.991836e+00,3.766887e-02,8.261213e-01,3.901352e+00,-4.499825e+00,-8.701943e+00,-3.648962e+00,5.437155e+00,-2.252916e+00,-3.393898e+00,7.796917e-02,0,2.089614e-01,1.829147e-04,-1.893160e+00,-2.005197e+00,9.237890e-01,3.195266e+00,-3.252361e-01,-8.036887e-01,7.932542e-02,2.317148e+00,2.947664e+00,-3.385525e-01,1.219722e+00,8.755396e-01,5.288607e-03,0,-1.309605e-01
1.614571e-03,-1.232552e+01,4.903531e-01,-7.172262e+00,4.327960e+00,8.719697e-01,1.731300e+00,-5.763641e+00,-4.545901e+00,2.004846e-02,4.279346e+00,3.322918e-01,-1.787026e+00,7.132064e-02,0,0,2.931810e-04,-1.690075e+00,-1.886677e+00,6.100699e-01,2.037224e+00,-1.401579e+00,-2.036777e+00,1.123723e+00,3.006226e+00,2.709039e+00,5.390021e-01,2.209111e+00,1.714787e+00,5.379268e-03,0,-4.287482e-02
1.985386e-03,-1.319041e+01,-2.438685e+00,-7.428892e+00,5.290342e+00,-3.451460e+00,-2.527787e+00,-1.929661e+00,-1.409642e-02,2.099186e+00,6.418768e+00,4.824082e+00,6.451287e-01,7.132065e-02,0,2.086185e-01,3.001397e-04,-1.470931e+00,-1.249657e+00,3.144433e-01,2.716262e-01,-1.719075e+00,-2.042180e+00,1.362739e+00,2.154688e+00,1.974313e+00,1.232513e+00,1.206489e+00,1.718868e+00,1.489876e-02,0,2.079326e-02
2.354690e-03,-1.473091e+01,-2.556926e+00,-7.067160e+00,3.785512e+00,-4.782572e+00,-4.173934e+00,-2.442983e-01,9.232715e-01,3.189082e+00,8.633933e+00,4.916469e+00,2.987826e+00,9.640375e-02,0,2.086185e-01,2.171177e-04,-1.576230e+00,-4.723894e-01,5.212869e-02,-7.375759e-01,-2.744329e-01,-7.867259e-01,1.966336e-01,5.203170e-01,1.430895e+00,9.855801e-01,-6.947380e-01,5.688530e-01,2.553641e-02,0,0
2.452052e-03,-1.652819e+01,-2.276985e+00,-6.472170e+00,1.667024e+00,-4.941982e+00,-3.356931e+00,-4.458024e-01,-6.630877e-01,4.638084e+00,9.422427e+00,1.487442e+00,2.813015e+00,1.399214e-01,0,2.086185e-01,8.134369e-05,-1.450498e+00,-4.637195e-02,-6.963143e-01,-4.201442e-01,1.758520e+00,8.461577e-01,-1.479078e+00,-3.800264e-01,8.511907e-01,-5.334939e-01,-1.661567e+00,-4.807174e-01,2.502267e-02,0,-6.258555e-02
2.466827e-03,-1.853778e+01,-1.952443e+00,-7.389979e+00,2.451740e+00,2.450665e-01,-1.787758e+00,-5.522402e+00,-1.619821e+00,5.905075e+00,7.705417e+00,-1.473078e+00,-2.670441e-02,1.647023e-01,0,0,-2.717900e-05,-9.237318e-01,-1.924954e-01,-1.722081e+00,3.917714e-01,2.687979e+00,1.190905e+00,-2.340309e+00,1.158443e-01,1.514720e-01,-1.524909e+00,-6.040508e-01,-1.091094e+00,1.299486e-02,0,-6.258555e-02
2.336036e-03,-1.853947e+01,-2.972786e+00,-1.074905e+01,3.856507e+00,2.827319e+00,5.099133e-01,-6.685997e+00,-6.426820e-01,4.997143e+00,4.215557e+00,-2.889813e-01,-2.511929e-01,1.622847e-01,0,0,-6.367962e-05,-2.179323e-01,-2.343008e-01,-2.341126e+00,6.869103e-01,2.098536e+00,6.430621e-01,-1.961015e+00,8.971803e-01,-5.477335e-01,-1.018512e+00,8.755289e-01,-9.868015e-01,1.329708e-03,0,1.462162e-03
2.276803e-03,-1.834393e+01,-3.171503e+00,-1.353912e+01,4.649628e+00,4.772674e+00,-1.528307e-01,-8.825744e+00,1.492290e+00,3.766912e+00,3.612821e+00,2.784427e+00,-9.355392e-01,1.501964e-01,0,0,-6.553787e-05,3.289700e-01,-1.370362e-01,-2.200636e+00,4.649108e-02,3.356330e-01,-4.931451e-01,-8.634474e-01,1.027983e+00,-1.033358e+00,6.022639e-01,1.557382e+00,-4.156937e-01,3.022075e-04,0,6.477879e-02
2.228666e-03,-1.771478e+01,-2.838959e+00,-1.510323e+01,4.002631e+00,3.286896e+00,-9.590839e-01,-8.599208e+00,2.266758e+00,2.968498e+00,6.376165e+00,3.736334e+00,-1.666576e+00,1.538229e-01,0,2.159293e-01,-6.204531e-05,4.095976e-01,8.448968e-02,-1.289032e+00,-5.029745e-01,-6.004673e-01,-6.787777e-01,4.319693e-01,3.028569e-01,-1.416022e+00,1.671303e+00,1.294954e+00,8.632381e-02,9.942579e-03,0,6.477879e-02
2.192823e-03,-1.730528e+01,-2.704538e+00,-1.621607e+01,2.611133e+00,1.693443e+00,-3.518985e+00,-8.883034e+00,2.065376e+00,1.752607e+00,9.636433e+00,4.301172e+00,-1.397482e+00,1.704443e-01,0,2.159293e-01,-8.174472e-05,2.376865e-01,9.778462e-02,-3.143975e-01,-6.220691e-01,-6.487073e-01,1.622614e-01,1.101003e+00,-5.575869e-01,-1.416280e+00,9.590511e-01,6.542572e-01,9.343359e-01,1.919008e-02,0,0
2.067800e-03,-1.701081e+01,-2.783820e+00,-1.585574e+01,2.360882e+00,1.364597e+00,-1.200898e+00,-4.497506e+00,5.850598e-01,-1.075812e+00,9.560266e+00,5.427416e+00,4.113973e-01,2.018737e-01,0,2.159293e-01,-9.986213e-05,1.236496e-02,2.039064e-01,6.258257e-01,-1.424072e-01,3.381566e-02,1.056347e+00,6.051096e-01,-9.917742e-01,-9.836658e-01,-4.705850e-01,2.315364e-01,1.537990e+00,2.154729e-02,0,-6.477879e-02
1.948513e-03,-1.750748e+01,-2.710150e+00,-1.473486e+01,2.360157e+00,2.490286e+00,7.793837e-01,-5.371579e+00,-4.547952e-01,-1.292330e+00,6.816027e+00,5.210172e+00,2.697154e+00,2.221215e-01,0,0,-1.081884e-04,-8.602123e-02,4.369449e-01,1.051028e+00,1.671526e-01,2.375210e-01,1.453099e+00,-2.254632e-01,-1.203664e+00,-6.373940e-02,-1.198239e+00,-3.634443e-01,1.637316e+00,1.819281e-02,0,-6.477879e-02
1.851510e-03,-1.755185e+01,-1.816621e+00,-1.271471e+01,3.416083e+00,3.057552e+00,2.173467e+00,-7.329388e+00,-1.432028e+00,-4.273627e-01,5.433443e+00,4.439516e+00,3.976056e+00,2.357208e-01,0,0,-8.993183e-05,-9.970284e-02,7.114495e-01,9.333798e-01,2.129842e-01,-4.135107e-01,6.786267e-01,-6.191094e-01,-6.725177e-01,4.994145e-01,-6.935939e-01,-4.814828e-01,1.186193e+00,1.233001e-02,0,-4.318586e-02
1.760026e-03,-1.746486e+01,-1.003413e+00,-1.253145e+01,2.919296e+00,2.034570e+00,2.059328e+00,-8.594409e+00,-2.944402e+00,1.109685e+00,5.708649e+00,2.977901e+00,5.006771e+00,2.444847e-01,0,0,-8.301028e-05,1.367722e-02,8.555861e-01,5.872463e-01,-3.048503e-02,-1.303360e+00,4.044099e-01,6.525840e-01,4.765549e-01,3.515858e-01,-1.624266e-01,-3.233380e-01,3.138161e-01,7.948023e-03,0,0
1.712384e-03,-1.753064e+01,-7.994116e-02,-1.229055e+01,3.146234e+00,-4.750983e-01,1.552263e+00,-5.981637e+00,-1.532725e+00,2.202526e-01,6.645985e+00,4.136137e+00,5.187553e+00,2.523421e-01,0,0,-6.917892e-05,1.170851e-01,6.465262e-01,2.978120e-01,-2.836280e-01,-1.763037e+00,3.960708e-01,1.505158e+00,1.730278e+00,-1.275696e-02,2.095022e-01,1.414573e-01,1.309238e-01,1.571472e-03,0,0
1.603024e-03,-1.744970e+01,6.994405e-01,-1.201070e+01,2.342657e+00,-2.260188e+00,3.112036e+00,-2.782534e+00,1.978328e+00,1.417907e-01,5.397623e+00,3.745171e+00,3.660486e+00,2.535509e-01,0,0,-6.316505e-05,2.434523e-01,3.746831e-01,2.133139e-01,-4.481063e-01,-1.300548e+00,5.012377e-01,1.161591e+00,2.208135e+00,-6.351903e-04,3.714851e-01,2.733172e-01,1.772337e-02,-5.318827e-03,0,0
1.584116e-03,-1.697400e+01,5.645835e-01,-1.148602e+01,2.286262e+00,-3.610254e+00,3.627467e+00,-2.709533e+00,4.757999e+00,-7.200321e-03,6.636467e+00,4.763167e+00,5.303818e+00,2.390450e-01,0,0,-6.624470e-05,3.642755e-01,8.808580e-02,1.288733e-01,-5.606987e-01,-3.792523e-01,3.081113e-01,1.938617e-01,1.624335e+00,3.806660e-01,3.737850e-01,3.472417e-01,5.626162e-01,-1.504986e-02,0,0
1.508334e-03,-1.652592e+01,5.477403e-01,-1.186714e+01,1.108750e+00,-2.900593e+00,3.527914e+00,-4.422505e+00,4.950910e+00,1.220236e+00,7.570834e+00,4.030972e+00,5.037256e+00,2.245391e-01,0,0,-7.524549e-05,4.074036e-01,-2.096854e-01,6.478796e-02,-2.961790e-01,7.226940e-01,-3.623556e-01,-6.092759e-01,5.139564e-01,4.273764e-01,2.570961e-01,3.788812e-01,4.057473e-01,-2.608039e-02,0,0
1.428506e-03,-1.617115e+01,4.363379e-01,-1.171796e+01,9.596933e-01,-2.051157e+00,2.884880e+00,-4.192343e+00,5.102659e+00,1.584360e+00,7.428304e+00,5.729446e+00,7.312250e+00,1.915987e-01,0,0,-9.708958e-05,6.254361e-01,5.737595e-02,5.872704e-01,1.062067e-01,1.307219e+00,-3.934484e-01,-3.086708e-01,-4.700027e-01,-4.995154e-01,-1.139553e+00,-6.755583e-01,-8.744222e-01,-3.569054e-02,0,0
1.304602e-03,-1.581411e+01,-2.848637e-01,-1.157079e+01,1.525046e+00,5.737338e-01,1.671551e+00,-5.087508e+00,4.375781e+00,1.482893e+00,6.287184e+00,5.156438e+00,4.685007e+00,1.468722e-01,0,0,-9.273846e-05,1.417619e+00,6.867677e-01,9.760464e-01,-4.667828e-02,8.986470e-01,-6.966130e-01,-3.713186e-01,-1.353831e+00,-1.573634e+00,-2.014133e+00,-2.252058e+00,-2.408702e+00,-3.955878e-02,0,4.183907e-02
1.200535e-03,-1.420273e+01,1.267765e+00,-8.697843e+00,2.609148e+00,1.188677e+00,2.588407e+00,-3.920386e+00,2.695551e+00,-2.636106e+00,1.580527e+00,8.226421e-01,1.107831e+00,9.942582e-02,0,0,-6.302112e-05,2.378129e+00,1.747172e+00,1.198008e+00,-1.364693e+00,-7.559644e-01,-1.157450e+00,-5.215529e-01,-1.995913e+00,-2.306166e+00,-2.813623e+00,-3.779713e+00,-3.248628e+00,-3.587186e-02,1.471782e+01,1.111831e-01
1.158627e-03,-1.042204e+01,3.565865e+00,-8.496969e+00,5.063121e-02,-2.727477e-02,1.930854e-01,-6.415077e+00,-6.146927e-01,-4.537702e+00,4.240545e-01,-4.775915e+00,-3.904046e+00,7.283167e-02,0,2.091954e-01,6.564474e-06,3.053537e+00,2.567248e+00,7.903565e-01,-3.289750e+00,-2.746533e+00,-1.759288e+00,-6.914728e-01,-1.925537e+00,-2.041122e+00,-2.617956e+00,-3.469234e+00,-2.038372e+00,-2.768208e-02,3.701478e+01,1.847909e-01
1.186387e-03,-6.976541e+00,7.246834e+00,-7.264836e+00,-5.126563e+00,-5.530475e+00,-2.163135e+00,-6.136323e+00,-2.381668e+00,-6.936172e+00,-3.708244e+00,-8.202945e+00,-4.636365e+00,4.925960e-02,7.358913e+01,4.513179e-01,9.933376e-05,2.724549e+00,2.425023e+00,1.860642e-01,-4.101714e+00,-3.722359e+00,-2.578179e+00,-7.477888e-01,-8.887799e-01,-1.028846e+00,-1.700577e+00,-1.817421e+00,-7.406993e-02,-1.970384e-02,5.974658e+01,1.972714e-01
1.344498e-03,-4.159520e+00,9.561844e+00,-8.335513e+00,-1.105585e+01,-9.799355e+00,-4.749117e+00,-7.436903e+00,-2.713294e+00,-6.572685e+00,-4.158211e+00,-7.676939e+00,-2.634753e+00,3.354488e-02,1.482793e+02,6.982954e-01,1.946665e-04,1.734632e+00,1.708465e+00,3.644600e-02,-3.293362e+00,-3.318995e+00,-2.350050e+00,-2.889411e-01,3.034171e-01,7.427917e-02,-1.271034e-01,-4.138330e-01,1.314819e+00,-1.320641e-02,6.080150e+01,1.386709e-01
1.604268e-03,-3.711242e+00,1.039489e+01,-7.848250e+00,-1.234618e+01,-1.253708e+01,-7.831385e+00,-7.148417e+00,-6.990485e-01,-6.762843e+00,-4.631225e+00,-6.813950e+00,1.028351e-01,2.055001e-02,2.245933e+02,7.418072e-01,2.660584e-04,8.313547e-01,5.950214e-01,-8.084011e-02,-1.708635e+00,-2.099240e+00,-1.914771e+00,-1.934708e-01,1.199868e+00,1.082163e+00,1.730295e+00,1.032782e-03,1.275687e+00,-6.618315e-03,3.977144e+01,6.931143e-02
1.923020e-03,-3.381527e+00,1.053416e+01,-8.023032e+00,-1.280637e+01,-1.311895e+01,-8.723039e+00,-7.353735e+00,6.108340e-02,-4.252971e+00,2.500275e-01,-7.539577e+00,3.004505e-01,2.115443e-02,2.285054e+02,7.573051e-01,2.905044e-04,2.764099e-01,-2.300930e-03,-6.572942e-02,-8.071157e-01,-1.297072e+00,-1.003387e+00,2.188501e-01,1.410056e+00,1.012011e+00,2.364841e+00,-4.456890e-01,4.086145e-01,-1.631913e-03,1.822434e+01,1.807605e-02
2.227418e-03,-3.208764e+00,9.735783e+00,-7.825277e+00,-1.279448e+01,-1.436688e+01,-9.750031e+00,-7.145261e+00,2.230482e+00,-2.685216e+00,2.739112e+00,-8.266461e+00,2.744662e-01,2.236325e-02,2.323333e+02,7.683701e-01,2.743538e-04,1.858109e-01,-7.404833e-02,-4.510919e-01,-8.580502e-01,-1.024320e+00,-1.160522e-01,4.036013e-01,1.410834e+00,4.787623e-01,1.961784e+00,-8.592061e-01,-3.165430e-01,1.299486e-03,3.514116e+00,9.347146e-03
2.485445e-03,-3.028709e+00,9.879894e+00,-8.675647e+00,-1.486728e+01,-1.536981e+01,-8.806731e+00,-6.344231e+00,2.872220e+00,-3.551446e+00,3.980824e+00,-9.179128e+00,-6.774957e-01,2.447869e-02,2.355310e+02,7.753941e-01,2.267004e-04,1.042414e-01,3.335552e-02,-6.779779e-01,-9.538433e-01,-1.008662e+00,1.006475e-01,8.666631e-01,1.189458e+00,-5.318934e-01,7.414733e-01,-1.137598e+00,-2.896396e-01,9.066181e-04,3.335950e+00,6.898069e-03
2.694825e-03,-2.958596e+00,1.035178e+01,-9.777402e+00,-1.560598e+01,-1.653324e+01,-8.369800e+00,-5.635162e+00,4.949554e+00,-4.719794e+00,3.312299e+00,-1.029021e+01,-9.909070e-01,2.538531e-02,2.386511e+02,7.794984e-01,1.814741e-04,4.926832e-02,1.521763e-01,-9.017702e-01,-8.107480e-01,-7.382627e-01,3.293301e-01,9.693021e-01,5.519701e-01,-8.250282e-01,3.295541e-01,-1.228777e+00,4.244886e-02,3.022067e-05,3.258894e+00,5.778813e-03
2.822818e-03,-2.985404e+00,1.039294e+01,-1.043686e+01,-1.616984e+01,-1.707907e+01,-8.909917e+00,-3.775470e+00,4.648839e+00,-5.895149e+00,3.670800e+00,-1.221569e+01,-5.150609e-01,2.417649e-02,2.420263e+02,7.862313e-01,1.524273e-04,-7.262325e-03,4.951477e-02,-9.061055e-01,-6.115653e-01,-3.432917e-01,2.888212e-01,8.219920e-01,-1.046334e-01,-7.232195e-01,3.157896e-01,-8.425425e-01,4.714594e-01,-5.741915e-04,3.308238e+00,5.135876e-03
2.966102e-03,-2.984076e+00,1.024014e+01,-1.145352e+01,-1.619694e+01,-1.720356e+01,-8.051788e+00,-3.583132e+00,4.102023e+00,-5.638505e+00,4.541893e+00,-1.289206e+01,4.054931e-01,2.266546e-02,2.453801e+02,7.918456e-01,1.399587e-04,-1.858943e-02,-1.026136e-01,-9.694824e-01,-7.644695e-01,2.177288e-01,6.434988e-01,3.576319e-01,-8.723398e-01,-5.063955e-01,4.196130e-01,1.060053e-01,4.743787e-01,-4.230883e-04,3.265359e+00,4.227871e-03
3.111943e-03,-3.052281e+00,1.018329e+01,-1.236811e+01,-1.762962e+01,-1.675111e+01,-7.521631e+00,-3.260286e+00,2.772819e+00,-6.708187e+00,4.944974e+00,-1.209091e+01,9.816015e-01,2.296766e-02,2.487077e+02,7.948999e-01,1.390676e-04,9.415235e-02,-2.633828e-01,-9.902299e-01,-1.071045e+00,8.985251e-01,1.219914e+00,-9.814970e-02,-1.158904e+00,-5.524896e-01,1.692590e-01,1.230131e+00,2.443224e-01,2.417648e-04,3.034277e+00,2.940506e-03
3.250056e-03,-3.018105e+00,9.943540e+00,-1.365919e+01,-1.869843e+01,-1.560858e+01,-5.846449e+00,-4.104595e+00,1.525866e+00,-6.845253e+00,4.773277e+00,-9.822570e+00,6.326554e-01,2.387428e-02,2.516372e+02,7.963035e-01,1.552540e-04,3.286403e-01,-4.828237e-01,-1.009763e+00,-1.287239e+00,1.341371e+00,1.630476e+00,-2.195011e-01,-1.320626e+00,-8.007350e-01,-3.376886e-01,1.742008e+00,7.969392e-03,4.835295e-04,2.705954e+00,2.922124e-03
3.376180e-03,-2.497627e+00,9.224324e+00,-1.428518e+01,-2.027431e+01,-1.338394e+01,-3.913015e+00,-4.005486e+00,1.423980e-01,-8.054224e+00,4.401404e+00,-7.599785e+00,5.929699e-01,2.478090e-02,2.540691e+02,7.987049e-01,1.678442e-04,6.060345e-01,-7.293207e-01,-9.740642e-01,-1.093570e+00,1.312827e+00,2.399604e+00,-1.155112e-01,-1.545804e+00,-8.947698e-01,-8.386939e-01,1.484013e+00,-2.056580e-01,2.115441e-04,2.407533e+00,4.054355e-03
3.610254e-03,-1.618201e+00,8.305507e+00,-1.554380e+01,-2.131079e+01,-1.218029e+01,-1.703714e+00,-4.308037e+00,-1.185895e+00,-8.969162e+00,3.125236e+00,-6.427584e+00,6.396559e-01,2.417649e-02,2.562291e+02,8.045537e-01,1.333542e-04,6.083374e-01,-7.769814e-01,-9.289384e-01,-6.520920e-01,8.767991e-01,2.777998e+00,3.376641e-01,-1.890638e+00,-1.402400e+00,-1.464106e+00,6.784629e-01,-8.083235e-01,-1.511026e-04,2.268501e+00,5.072874e-03
3.771065e-03,-7.220607e-01,7.355701e+00,-1.629613e+01,-2.179130e+01,-1.190112e+01,2.405024e+00,-3.736121e+00,-3.600321e+00,-1.012008e+01,1.575525e+00,-6.368340e+00,-5.018894e-02,2.387428e-02,2.584494e+02,8.110466e-01,-4.913379e-06,2.932686e-01,-6.502856e-01,-7.070939e-01,6.602363e-02,3.099688e-01,2.518286e+00,4.625646e-01,-2.338022e+00,-1.620537e+00,-2.301599e+00,-2.016478e-01,-1.733243e+00,-3.626469e-04,2.246988e+00,3.967500e-03
3.719385e-03,-8.642008e-01,6.992944e+00,-1.729840e+01,-2.120040e+01,-1.196599e+01,4.884521e+00,-2.550957e+00,-6.055967e+00,-1.282432e+01,-1.134316e+00,-7.045978e+00,-3.087383e+00,2.357208e-02,2.607896e+02,8.154970e-01,-2.139790e-04,-1.845980e-01,-3.584458e-01,-2.588417e-01,6.848799e-01,2.076384e-01,1.240919e+00,7.011859e-02,-2.501017e+00,-1.769165e+00,-2.812314e+00,-1.120954e+00,-2.574337e+00,-5.439710e-04,2.140530e+00,-1.167905e-03
3.297047e-03,-1.408285e+00,6.629178e+00,-1.694335e+01,-1.999939e+01,-1.194125e+01,5.384299e+00,-2.571203e+00,-9.112674e+00,-1.422933e+01,-4.976814e+00,-8.298827e+00,-6.209726e+00,2.326987e-02,2.630239e+02,8.130708e-01,-4.157631e-04,-5.945385e-01,-1.469710e-01,3.899595e-01,1.577569e+00,7.255038e-01,-9.667184e-02,-6.361412e-01,-2.339501e+00,-1.369578e+00,-3.027797e+00,-1.734917e+00,-2.424605e+00,-9.670602e-04,1.503113e+00,-1.164493e-02
2.777368e-03,-2.198079e+00,6.876540e+00,-1.651440e+01,-1.878234e+01,-1.112204e+01,3.011244e+00,-4.539903e+00,-1.093480e+01,-1.576037e+01,-7.660164e+00,-1.106711e+01,-9.152260e+00,2.175884e-02,2.646445e+02,7.977021e-01,-5.232306e-04,-8.308154e-01,4.968500e-03,1.123903e+00,2.553967e+00,1.525523e+00,-9.648361e-01,-1.074043e+00,-1.832396e+00,-6.663035e-01,-1.801482e+00,-1.534212e+00,-9.368653e-01,-1.178604e-03,-1.691772e+01,-2.429670e-02
2.163258e-03,-3.027814e+00,6.679049e+00,-1.473833e+01,-1.511248e+01,-8.695577e+00,2.858304e+00,-5.922354e+00,-1.285841e+01,-1.549995e+01,-1.030053e+01,-1.303236e+01,-9.140774e+00,1.994560e-02,2.640374e+02,7.617194e-01,-5.101745e-04,-1.101621e+00,7.836185e-02,1.483795e+00,3.115761e+00,2.118097e+00,-1.173810e+00,-6.062528e-01,-5.279174e-01,-3.972206e-02,-3.075706e-01,-2.151098e-02,1.038538e+00,-6.044118e-04,-4.409370e+01,-3.297506e-02
1.670126e-03,-4.208513e+00,6.992851e+00,-1.278140e+01,-1.087402e+01,-5.961213e+00,1.323339e+00,-6.245596e+00,-1.334508e+01,-1.552053e+01,-7.479868e+00,-1.235027e+01,-6.306185e+00,1.934119e-02,1.756942e+02,7.196892e-01,-4.078741e-04,-1.303285e+00,-8.793549e-02,1.420035e+00,2.636322e+00,1.487474e+00,-1.307849e+00,2.839129e-01,1.230100e+00,1.109126e+00,1.372272e+00,2.132069e+00,2.476709e+00,2.629193e-03,-7.062959e+01,-3.177812e-02
1.299795e-03,-5.911175e+00,6.962831e+00,-1.139087e+01,-8.374746e+00,-3.931176e+00,3.592030e-01,-4.749620e+00,-1.054712e+01,-1.454786e+01,-6.604815e+00,-7.764802e+00,-2.440074e+00,2.145663e-02,8.703055e+01,6.872019e-01,-2.582508e-04,-1.456143e+00,-3.621712e-01,9.345916e-01,1.203866e+00,1.339611e-01,-1.385779e+00,1.388286e+00,3.114567e+00,2.004552e+00,2.220218e+00,3.846086e+00,2.610031e+00,6.980962e-03,-7.037691e+01,-2.600848e-02
1.169728e-03,-7.272823e+00,6.294971e+00,-1.108796e+01,-8.969601e+00,-6.066870e+00,-2.278452e+00,-3.706705e+00,-5.939947e+00,-1.069078e+01,-2.646665e+00,-3.040545e+00,-1.190660e-01,3.414929e-02,0,6.760702e-01,-1.342796e-04,-1.549494e+00,-7.228124e-01,5.583445e-01,1.042955e-01,-8.983740e-01,-7.831689e-01,2.057216e+00,3.978797e+00,3.034997e+00,2.499936e+00,4.084310e+00,2.143688e+00,1.100030e-02,-4.384189e+01,-6.157522e-02
1.122202e-03,-8.776374e+00,5.217133e+00,-1.091209e+01,-1.004536e+01,-7.972942e+00,-2.269696e+00,-2.503689e-01,-9.881423e-01,-7.892065e+00,-1.616044e+00,1.543205e+00,8.158217e-01,4.744636e-02,0,6.534865e-01,-5.313348e-05,-1.604090e+00,-7.804989e-01,4.948238e-01,-1.095210e-01,-1.249935e+00,-3.646452e-01,1.954523e+00,3.637439e+00,3.582561e+00,3.020422e+00,2.971961e+00,1.466038e+00,1.208824e-02,-1.740611e+01,-8.617067e-02
1.087524e-03,-1.052338e+01,4.251638e+00,-1.022907e+01,-9.517240e+00,-8.432199e+00,-1.278057e+00,1.790861e+00,1.769415e+00,-3.673438e+00,2.525424e+00,3.417274e+00,2.784306e+00,6.134784e-02,0,4.286708e-01,-2.263526e-05,-1.620899e+00,-4.467231e-01,7.009915e-01,2.213691e-01,-4.497523e-01,-6.465566e-03,9.809486e-01,2.722480e+00,3.319239e+00,2.750821e+00,1.481005e+00,9.033000e-01,1.314597e-02,0,-1.272658e-01
1.075230e-03,-1.230635e+01,4.082003e+00,-9.346200e+00,-8.648532e+00,-8.998185e+00,-1.964221e+00,2.274212e+00,3.785392e+00,-1.437192e-01,5.911248e+00,3.866091e+00,3.438428e+00,6.829859e-02,0,3.800483e-01,-2.565107e-06,-1.307770e+00,1.333314e-01,1.045868e+00,3.612905e-01,5.088048e-02,-2.544883e-01,-4.242673e-01,1.480803e+00,2.480387e+00,2.029510e+00,9.980337e-02,1.772474e-01,1.495920e-02,0,-1.206262e-01
1.080038e-03,-1.361233e+01,4.628920e+00,-8.365945e+00,-8.561169e+00,-7.803010e+00,-2.463517e+00,-6.425246e-02,5.285686e+00,2.031241e+00,7.343792e+00,3.203037e+00,3.086131e+00,8.945300e-02,0,1.764605e-01,9.461842e-06,-8.086933e-01,4.664396e-01,1.138458e+00,3.354515e-01,7.388496e-01,-3.547156e-03,-1.062418e+00,2.044140e-01,1.151345e+00,8.543940e-01,-3.893304e-02,-2.458384e-01,1.347839e-02,0,-1.060929e-01
1.113120e-03,-1.377075e+01,5.695149e+00,-6.614313e+00,-8.716942e+00,-8.033134e+00,-2.949406e+00,-1.444149e+00,4.657737e+00,1.657532e+00,6.122320e+00,2.149341e+00,1.551146e+00,1.081898e-01,0,1.764605e-01,7.817684e-06,-2.533624e-01,3.991463e-01,9.634039e-01,7.141677e-01,1.247132e+00,7.308117e-01,-6.439376e-01,-9.325698e-01,7.831512e-02,-1.306295e-01,1.035511e-01,-3.761107e-01,9.791476e-03,0,-9.365571e-02
1.115889e-03,-1.383465e+01,5.777264e+00,-5.902721e+00,-7.805777e+00,-5.220477e+00,-8.031995e-01,-1.662051e+00,2.355313e+00,1.182663e+00,6.691858e+00,4.080984e+00,2.498754e+00,1.087942e-01,0,0,-6.413774e-06,7.864570e-03,-6.600427e-03,4.321947e-01,1.198035e+00,1.308131e+00,1.345665e+00,3.316705e-01,-1.279766e+00,-6.839122e-01,-5.593649e-01,2.141175e-01,-3.935729e-01,5.802358e-03,0,-5.293816e-02
1.096393e-03,-1.346200e+01,5.503563e+00,-5.760792e+00,-5.455389e+00,-4.053791e+00,8.596788e-01,-1.465770e-01,5.877293e-01,6.721452e-01,5.584068e+00,3.944873e+00,1.851563e+00,1.075854e-01,0,0,-2.016885e-05,3.905458e-02,-1.277184e-01,3.682179e-02,1.414265e+00,1.145113e+00,1.184640e+00,4.527833e-01,-1.046772e+00,-1.495516e+00,-1.306030e+00,-5.546041e-01,-6.054277e-01,6.557874e-03,0,-3.529211e-02
1.056333e-03,-1.372738e+01,4.691711e+00,-6.631732e+00,-4.201772e+00,-3.252027e+00,2.360263e+00,9.453142e-01,9.218605e-01,-8.956271e-01,4.816094e+00,3.375858e+00,9.680586e-01,1.187670e-01,0,0,-2.338428e-05,4.298210e-04,-6.645188e-02,-5.629735e-02,9.222296e-01,5.574030e-01,3.612423e-01,2.310816e-01,-9.383023e-01,-2.291286e+00,-2.245209e+00,-1.609786e+00,-1.052406e+00,9.187067e-03,0,0
1.042054e-03,-1.362910e+01,5.599333e+00,-6.065699e+00,-3.447618e+00,-3.291795e+00,1.392063e+00,-4.839152e-01,1.406019e-01,-4.780905e+00,5.300503e-01,-2.711169e-01,-7.106445e-01,1.359928e-01,0,0,-1.571564e-05,-8.242331e-02,9.720469e-02,-7.853146e-02,2.037918e-01,5.296408e-01,-3.979023e-01,-1.455464e-01,-9.995928e-01,-2.086943e+00,-2.347302e+00,-1.687764e+00,-6.790511e-01,1.021457e-02,0,0
1.026137e-03,-1.374895e+01,5.397119e+00,-6.031755e+00,-4.198514e+00,-2.814460e+00,7.368199e-01,-3.379738e-01,-2.112635e+00,-7.547239e+00,-2.007177e+00,-1.859953e+00,-1.482174e+00,1.405258e-01,0,0,-8.453499e-06,-8.517218e-02,-4.419279e-02,5.091667e-02,-1.988859e-01,4.576648e-01,-7.503504e-01,-9.639384e-02,-8.909048e-01,-6.138862e-01,-1.613069e+00,-1.345926e+00,-2.299774e-01,1.205803e-02,0,0
1.032913e-03,-1.386334e+01,5.636882e+00,-6.453438e+00,-4.438059e+00,-1.624370e+00,-3.181113e-01,-2.326649e-01,-2.892987e+00,-6.436766e+00,-2.740806e+00,-1.876043e+00,-3.185770e-01,1.477788e-01,0,0,-3.828073e-06,-2.106791e-01,-4.269986e-01,-6.344233e-02,-1.873371e-01,2.104786e-01,-6.369505e-01,1.826972e-01,-1.057706e-02,1.263991e+00,2.620836e-01,-6.059172e-01,1.516698e-01,1.559384e-02,0,0
1.018636e-03,-1.403613e+01,4.451972e+00,-6.183279e+00,-4.700981e+00,-1.797415e+00,-5.364018e-01,3.377198e-01,-2.015870e+00,-3.137128e+00,-1.613824e+00,-2.551309e+00,-3.778621e-01,1.731641e-01,0,0,-3.101165e-06,-2.386688e-01,-6.021670e-01,-9.816503e-03,2.826369e-01,-2.263673e-01,-4.741369e-01,7.304148e-02,6.235710e-01,2.146298e+00,1.823532e+00,-3.344477e-01,2.065485e-01,1.949230e-02,0,0
1.026664e-03,-1.453891e+01,3.936914e+00,-6.307148e+00,-4.133070e+00,-2.747924e+00,-1.156079e+00,9.172380e-02,3.933372e-02,-6.660033e-01,1.643792e+00,-2.955025e+00,-5.044512e-01,1.976428e-01,0,0,-8.414733e-07,-3.516061e-01,-5.011717e-01,2.625337e-02,5.852675e-01,-6.038485e-01,-6.341643e-01,7.919942e-02,5.575129e-01,1.190266e+00,2.175046e+00,6.233740e-01,5.728557e-01,1.523119e-02,0,0
1.013756e-03,-1.460450e+01,3.236269e+00,-6.153982e+00,-2.937824e+00,-3.384519e+00,-1.214881e+00,-1.349608e-01,-4.609405e-01,2.988704e-01,4.918186e+00,-2.992701e+00,-3.564939e-01,2.130553e-01,0,0,1.968304e-06,-4.239784e-01,-1.653924e-01,1.225090e-02,5.221337e-01,-5.213879e-01,-6.326111e-01,8.041432e-03,2.320412e-02,7.080865e-03,1.640936e+00,1.584894e+00,1.204247e+00,1.359926e-03,0,0
1.031146e-03,-1.533718e+01,3.738876e+00,-6.336819e+00,-2.393300e+00,-3.850061e+00,-3.149693e+00,3.996725e-01,-8.828869e-01,-2.203437e+00,4.868419e+00,1.461522e+00,2.535017e+00,2.039891e-01,0,0,3.813323e-06,-3.171345e-01,1.514280e-01,2.089448e-01,7.787051e-02,-7.901420e-02,-1.675813e-01,-5.138960e-02,-3.743829e-01,-3.507473e-01,5.902656e-01,2.157069e+00,1.206440e+00,-1.843457e-02,0,0
1.026236e-03,-1.575689e+01,3.724030e+00,-6.107189e+00,-2.960197e+00,-3.853286e+00,-2.702650e+00,2.239527e-01,-1.438739e+00,-2.333007e+00,4.978541e+00,3.164889e+00,4.123637e+00,1.767906e-01,0,0,3.521319e-06,-1.250248e-01,4.379926e-01,4.111493e-01,-4.382280e-01,3.609715e-01,5.231849e-01,-2.261616e-01,-1.702287e-01,-2.572994e-02,2.573805e-01,1.631753e+00,3.462388e-01,-3.155032e-02,0,0
1.039490e-03,-1.554839e+01,4.450173e+00,-5.285821e+00,-3.732531e+00,-2.908612e+00,-1.250101e+00,-3.446809e-01,-1.343682e+00,-1.103801e+00,4.564943e+00,4.751527e+00,3.287684e+00,1.236023e-01,0,0,-1.003651e-06,1.969999e-01,3.525287e-01,5.764095e-01,-6.283489e-01,6.707269e-01,9.109198e-01,-4.263386e-01,-4.867685e-02,5.617831e-01,2.611304e-01,4.809780e-01,-5.818523e-01,-2.759142e-02,0,0
1.027190e-03,-1.512402e+01,5.070583e+00,-4.623734e+00,-4.459349e+00,-2.050386e+00,4.512472e-01,-8.935919e-01,-1.081686e+00,-3.795969e-01,6.356827e+00,3.521063e+00,9.983664e-01,9.549713e-02,0,0,2.280460e-07,2.739477e-01,3.017841e-01,5.682544e-01,-4.816074e-01,4.401926e-01,2.206092e-01,-4.104442e-01,-7.255117e-02,3.423655e-02,-1.938818e-01,-2.143503e-01,-4.960565e-01,-8.582653e-03,0,0
1.025651e-03,-1.466861e+01,4.828242e+00,-4.196499e+00,-4.785469e+00,-1.397876e+00,-1.720426e-01,-1.173248e+00,-1.304797e+00,-3.712261e-01,5.484928e+00,3.688326e+00,1.188391e+00,1.066788e-01,0,0,4.462467e-06,6.973390e-02,-4.238238e-02,2.324885e-01,-2.496918e-01,7.326202e-02,-2.228185e-01,-2.793114e-01,-2.727790e-01,8.436680e-02,-3.553466e-01,-3.530617e-01,3.130050e-01,1.550317e-02,0,0
1.034297e-03,-1.482704e+01,5.043916e+00,-3.810578e+00,-4.841766e+00,-2.407691e+00,-2.138633e+00,-1.413985e+00,-1.820937e+00,-2.528112e+00,3.549140e+00,2.624739e+00,2.693002e+00,1.423391e-01,0,0,9.943149e-06,-2.640401e-01,-3.331944e-01,-3.615116e-01,-2.225682e-01,-2.213908e-01,-4.021305e-01,-3.203457e-01,1.700734e-01,8.408121e-01,1.325500e-01,5.341343e-01,1.077695e+00,2.964642e-02,0,0
1.058249e-03,-1.534821e+01,4.251595e+00,-4.529957e+00,-4.789782e+00,-2.363649e+00,-1.069253e+00,-1.481041e+00,-2.337952e+00,3.922901e-01,4.192053e+00,3.434381e+00,4.005392e+00,1.776972e-01,0,0,7.594831e-06,-5.908260e-01,-6.949348e-01,-9.260538e-01,-2.349975e-01,-4.318368e-01,-3.063127e-02,-3.170759e-01,8.898106e-01,1.622624e+00,1.469160e+00,1.589871e+00,1.099776e+00,3.324267e-02,0,0
1.060606e-03,-1.610442e+01,3.692934e+00,-6.264563e+00,-5.570034e+00,-2.674453e+00,-1.110800e+00,-2.341424e+00,2.852580e-01,3.442705e+00,7.666014e+00,6.318707e+00,4.978340e+00,2.082200e-01,0,0,1.023524e-06,-6.311277e-01,-1.048329e+00,-1.163615e+00,-1.125226e-01,-8.728747e-02,4.750696e-01,8.165836e-05,1.426227e+00,1.899213e+00,1.951929e+00,1.842084e+00,5.394571e-01,2.737987e-02,0,0
1.050470e-03,-1.698405e+01,2.029059e+00,-7.599775e+00,-5.596323e+00,-3.423679e+00,-8.391154e-01,-2.294908e+00,2.091158e+00,4.756486e+00,1.077229e+01,9.790698e+00,5.544601e+00,2.399517e-01,0,0,-4.640827e-06,-4.875557e-01,-8.199093e-01,-6.340680e-01,5.144097e-01,2.592857e-01,5.542563e-01,4.012964e-01,1.304938e+00,9.496983e-01,1.111314e+00,9.132417e-01,1.277289e-01,1.015412e-02,0,0
1.043304e-03,-1.716476e+01,9.135411e-01,-8.093746e+00,-5.001109e+00,-2.314113e+00,1.216461e-01,-1.006643e+00,3.095642e+00,4.785854e+00,1.001867e+01,8.657001e+00,4.620682e+00,2.481112e-01,0,0,-5.255954e-06,-2.684158e-01,-4.571303e-01,1.214590e-01,1.218973e+00,8.429242e-01,1.045656e+00,6.846960e-01,2.716785e-01,-2.103605e-01,-1.171018e-01,-4.442831e-01,-6.060561e-01,-1.214869e-02,0,0
1.043696e-03,-1.725582e+01,1.541745e+00,-6.785706e+00,-2.502196e+00,-1.247390e+00,1.085805e+00,-1.419500e-01,2.781546e+00,4.469208e+00,8.572299e+00,6.831442e+00,4.822865e+00,2.085222e-01,0,0,-8.777878e-06,-8.536186e-02,6.726503e-02,6.338074e-01,1.426655e+00,1.061561e+00,1.019587e+00,8.151759e-01,-7.443064e-02,-1.134883e+00,-7.935114e-01,-1.378065e+00,-1.088964e+00,-2.970686e-02,0,0
1.037713e-03,-1.731061e+01,1.650939e+00,-6.064303e+00,-1.022230e+00,4.520235e-01,3.155020e+00,5.577087e-03,1.298457e+00,2.534542e+00,8.180500e+00,5.576920e+00,2.308928e+00,1.631913e-01,0,0,-6.933836e-06,-1.000160e-01,2.432381e-01,7.796913e-01,1.288544e+00,7.562001e-01,8.688182e-01,7.453817e-01,-1.322574e-01,-1.385076e+00,-4.942015e-01,-1.252068e+00,-1.262632e+00,-2.741010e-02,0,0
1.009376e-03,-1.733793e+01,1.996685e+00,-5.445460e+00,-4.524859e-01,5.010574e-01,2.742132e+00,1.274862e+00,2.617598e+00,2.077275e-01,7.723814e+00,4.440412e+00,1.255661e+00,1.338773e-01,0,0,-4.962622e-06,-1.430141e-01,1.547389e-01,5.392699e-01,6.127195e-01,1.791356e-01,4.825243e-01,8.513448e-01,4.064626e-02,-8.468588e-01,-6.563271e-01,-1.285172e+00,-8.696130e-01,-6.920519e-03,0,0
1.025795e-03,-1.762379e+01,1.902262e+00,-4.865412e+00,4.167562e-01,5.926633e-01,3.637574e+00,2.011860e+00,2.516329e+00,-8.786519e-03,7.971901e+00,3.592175e+00,9.112485e-02,1.483832e-01,0,0,-1.069822e-06,-1.926195e-01,1.588640e-01,4.508830e-01,2.991965e-01,-2.583985e-01,6.996632e-02,1.437777e-01,-2.954478e-01,-2.539612e-01,-8.261495e-01,-7.878540e-01,1.110910e-01,1.991538e-02,0,0
1.024842e-03,-1.781431e+01,2.189778e+00,-4.688801e+00,-1.580910e-01,-4.220321e-01,3.257150e+00,3.111632e+00,2.375841e+00,1.506578e+00,5.394963e+00,1.397953e+00,1.583702e+00,1.813237e-01,0,0,-2.029235e-07,-1.721437e-01,7.878624e-02,2.844475e-01,-8.314530e-02,-3.317147e-01,2.768378e-01,-9.106764e-01,-1.337018e+00,-2.799016e-01,-9.897467e-01,-2.335577e-01,6.610633e-01,3.741312e-02,0,0
1.024631e-03,-1.803552e+01,2.348713e+00,-4.188217e+00,3.265555e-01,-3.784243e-01,3.247343e+00,-1.939200e-01,-5.790361e-02,6.153108e-01,5.214179e+00,3.158879e+00,2.700362e+00,2.390450e-01,0,0,7.685274e-07,-1.027952e-01,2.571945e-02,3.059950e-01,-5.661999e-02,4.478777e-02,2.060665e-01,-1.886940e+00,-1.464028e+00,-6.672080e-01,-1.241310e+00,9.744863e-02,6.272511e-01,3.874283e-02,0,0
1.008943e-03,-1.799278e+01,2.167391e+00,-4.361820e+00,-8.231120e-01,-6.719721e-01,4.321436e+00,-2.175631e+00,-2.780377e+00,-1.503829e+00,4.153942e+00,3.489271e+00,3.256358e+00,2.756120e-01,0,0,9.426044e-06,-1.468008e-01,-1.316775e-01,1.539808e-01,-5.520738e-02,1.665791e-01,2.086637e-02,-1.972841e+00,-1.628655e+00,-1.376416e+00,-1.143530e+00,-2.380187e-01,-2.018480e-02,2.849804e-02,0,0
1.037587e-03,-1.804852e+01,2.042053e+00,-3.498928e+00,4.661667e-01,9.415722e-01,4.135764e+00,-4.779210e+00,-2.225700e+00,-1.839623e+00,2.385864e+00,3.033759e+00,2.391052e+00,2.949532e-01,0,0,1.498500e-05,-1.572128e-01,-2.587144e-01,-1.898510e-01,-1.105124e-01,3.046269e-01,-3.644568e-01,-6.390820e-01,-9.831721e-01,-1.506374e+00,-1.627792e+00,-1.231828e+00,-6.874062e-01,1.338773e-02,0,0
1.065494e-03,-1.854181e+01,1.684720e+00,-4.263542e+00,-5.039335e-01,-2.491350e-01,2.917272e+00,-4.459925e+00,-4.683535e+00,-4.148037e+00,1.091470e+00,2.704192e-01,1.637433e+00,2.958598e-01,0,0,1.043581e-05,-9.123955e-02,-1.589155e-01,-5.885351e-01,-3.483179e-01,2.371279e-01,-6.584429e-01,7.922656e-01,-3.677500e-01,-1.328895e+00,-1.445449e+00,-1.392738e+00,-3.876869e-01,3.414932e-03,0,0
1.071280e-03,-1.854707e+01,1.296476e+00,-5.186611e+00,-3.855957e-01,9.332913e-01,2.127141e+00,-2.247183e+00,-4.022185e+00,-5.594454e+00,-1.393547e+00,-1.390833e+00,7.279404e-02,2.958598e-01,0,0,-6.283843e-06,1.545891e-01,-7.086813e-03,-8.487520e-01,-7.406519e-01,1.850792e-01,-7.115040e-01,1.548709e+00,4.137627e-01,-5.425569e-01,-1.028165e+00,-6.468498e-01,3.942885e-01,-4.351765e-03,0,0
1.044276e-03,-1.819971e+01,1.745602e+00,-6.460654e+00,-2.138820e+00,5.178077e-01,2.033533e+00,5.196839e-01,-3.720884e+00,-6.270890e+00,-1.183598e+00,-1.262124e+00,2.477052e+00,2.922333e-01,0,0,-2.109000e-05,2.902220e-01,2.076244e-01,-3.886153e-01,-5.678279e-01,4.533578e-01,-7.320400e-01,6.753523e-01,9.504450e-01,2.072896e-01,-2.588815e-01,4.413508e-01,8.954200e-01,-6.376552e-03,0,0
1.016777e-03,-1.744663e+01,1.976179e+00,-6.644132e+00,-2.419649e+00,1.483497e+00,1.020113e+00,4.745291e-01,-6.382114e-01,-3.490981e+00,-1.617430e+00,5.657818e-01,3.942685e+00,2.750076e-01,0,0,-2.419567e-05,1.160488e-01,4.568863e-03,1.738442e-01,-1.109094e-01,6.396877e-01,-5.627810e-01,-3.785323e-01,6.916756e-01,5.327600e-01,6.882631e-01,1.017498e+00,5.388929e-01,-5.832583e-03,0,0
9.872959e-04,-1.764092e+01,2.382991e+00,-5.477858e+00,-2.326046e+00,1.742551e+00,-1.894141e-01,-2.444020e+00,-1.623296e+00,-4.163326e+00,-9.099595e-02,1.498865e+00,4.179587e+00,2.744031e-01,0,0,-1.659363e-05,-2.982929e-01,-4.470454e-01,5.751591e-01,8.217827e-01,9.371542e-01,2.387802e-01,-1.198951e-01,6.981388e-01,3.825271e-01,7.610936e-01,4.242760e-01,-9.635174e-01,-1.511037e-03,0,0
9.787920e-04,-1.824622e+01,1.000625e+00,-4.808788e+00,-8.465298e-01,3.519358e+00,4.247103e-01,-2.657992e+00,-1.612601e+00,-3.984436e+00,1.501467e+00,2.316162e+00,1.915991e+00,2.756120e-01,0,0,-4.652550e-06,-5.202656e-01,-7.114388e-01,5.381683e-01,1.079888e+00,6.692564e-01,1.101843e+00,1.240175e+00,6.444485e-01,1.099445e-01,5.293981e-01,-7.543310e-01,-2.230268e+00,6.497431e-03,0,0
9.803004e-04,-1.929138e+01,-1.848976e-03,-4.502530e+00,1.183533e+00,4.185648e+00,3.525136e+00,1.486469e+00,2.570044e-01,-4.111526e+00,1.062421e+00,-1.593367e-02,-1.327188e+00,2.843759e-01,0,0,5.645980e-06,-3.457157e-01,-4.961930e-01,2.485953e-01,7.234033e-01,2.960335e-01,1.528519e+00,2.471473e+00,9.743801e-01,4.595387e-02,-1.364607e-01,-1.704319e+00,-2.550503e+00,1.000302e-02,0,0
9.970124e-04,-1.922273e+01,-3.885959e-01,-4.440954e+00,1.224999e+00,3.608230e+00,4.672054e+00,4.710159e+00,1.643881e+00,-2.967158e+00,4.528520e-01,-2.448474e+00,-4.455269e+00,3.025083e-01,0,0,1.143417e-05,-5.915718e-02,1.882215e-01,3.893049e-01,2.473908e-02,-1.635280e-01,1.320958e+00,1.857369e+00,4.793366e-01,2.987423e-02,-2.768604e-01,-1.448538e+00,-1.223162e+00,3.324267e-03,0,0
1.006416e-03,-1.888124e+01,5.966366e-01,-4.418798e+00,2.552057e-01,3.178282e+00,5.329509e+00,6.229271e+00,1.620363e+00,-4.442195e+00,-2.489918e-01,-4.640411e+00,-5.387297e+00,3.109701e-01,0,0,1.558969e-05,1.401865e-01,6.332247e-01,3.905176e-01,-2.603003e-01,-1.057772e-01,9.853867e-01,5.020976e-01,1.428962e-02,5.120739e-01,2.272112e-01,-1.627740e-01,5.732295e-01,-1.692354e-02,0,0
1.022905e-03,-1.874707e+01,1.642490e+00,-2.904130e+00,-2.586706e-01,3.205400e+00,6.127314e+00,4.257453e+00,1.024025e-01,-3.669730e+00,7.728718e-01,-2.614288e+00,-2.169764e+00,2.789362e-01,0,0,1.927047e-05,-1.881695e-02,6.617212e-01,2.372863e-01,1.538435e-01,1.328282e-01,6.514257e-01,-5.333233e-01,-1.471080e-01,9.252447e-01,4.872750e-01,7.310633e-01,1.485271e+00,-3.647628e-02,0,0
1.045302e-03,-1.882827e+01,2.148731e+00,-3.318354e+00,6.238664e-01,3.858177e+00,7.724439e+00,4.223310e+00,1.099192e+00,-1.199871e+00,2.038467e+00,-7.468967e-01,3.962071e-01,2.115443e-01,0,0,2.153813e-05,-1.278770e-01,4.251646e-01,1.564219e-02,4.102284e-01,-5.684230e-02,-4.089956e-02,-9.903744e-01,-2.607173e-01,1.303008e+00,2.734997e-01,8.236450e-01,1.150953e+00,-3.575098e-02,0,0
1.073921e-03,-1.934330e+01,2.143963e+00,-3.804745e+00,1.809886e+00,3.932424e+00,6.731718e+00,3.046523e+00,1.168927e+00,3.790355e-02,1.745498e+00,-7.399142e-01,7.933124e-02,1.698398e-01,0,0,1.011579e-05,-9.547253e-02,3.610375e-01,-6.819110e-02,2.806806e-01,-2.086060e-01,-8.788980e-01,-9.102975e-01,-4.553818e-01,5.948548e-01,-3.428625e-01,1.909972e-01,1.200290e-01,-8.824421e-03,0,0
1.088598e-03,-1.922251e+01,2.471723e+00,-3.890280e+00,1.272069e+00,2.530559e+00,4.822810e+00,1.882864e+00,-2.164854e-01,2.190271e-01,6.321937e-01,-1.459373e+00,-7.570801e-01,1.867634e-01,0,0,-8.172111e-06,5.754127e-02,2.500716e-01,1.926838e-01,1.322230e-02,-4.041379e-01,-1.045639e+00,-7.239493e-01,-8.912676e-01,-9.817995e-02,-2.481765e-01,6.606513e-03,-2.058769e-01,2.145663e-02,0,0
1.051836e-03,-1.902732e+01,3.286181e+00,-2.959123e+00,8.206308e-01,2.826180e+00,3.183638e+00,8.761890e-01,-1.516668e+00,-1.404905e+00,-2.383039e-01,-1.303064e+00,-9.929755e-01,2.472046e-01,0,0,-2.459696e-05,3.435665e-01,1.190725e-01,1.641828e-01,1.035852e-01,-1.240603e-01,-4.904601e-01,6.383437e-02,-5.213982e-01,9.698860e-02,5.493294e-01,3.825837e-01,1.909592e-02,2.626171e-02,0,0
1.015484e-03,-1.869856e+01,2.827980e+00,-2.777746e+00,1.184606e+00,2.390610e+00,4.270286e+00,1.688731e+00,-2.014349e+00,-9.693663e-01,1.789485e+00,-4.322894e-01,-9.702378e-02,2.801450e-01,0,0,-2.415836e-05,3.242218e-01,-3.047531e-01,-1.296086e-01,3.943061e-01,2.349240e-01,2.186810e-01,8.105184e-01,1.761138e-01,4.009740e-01,1.279258e+00,7.059812e-01,7.849227e-01,2.598979e-03,0,0
9.874934e-04,-1.788745e+01,2.561197e+00,-3.540097e+00,2.371544e+00,3.382097e+00,4.555679e+00,3.462761e+00,-5.391325e-01,1.117043e+00,3.913499e+00,6.594625e-01,-1.552173e-01,2.544576e-01,0,0,-1.060329e-05,2.305588e-01,-6.770827e-01,-4.948097e-01,2.787064e-01,2.334550e-01,6.125802e-01,8.759807e-01,6.144372e-01,9.644672e-01,1.376149e+00,1.034043e+00,1.229523e+00,-2.671502e-02,0,0
9.999778e-04,-1.817134e+01,1.310450e+00,-4.247835e+00,2.468143e+00,3.427221e+00,5.230194e+00,4.642169e+00,1.753157e-01,9.629230e-01,4.952585e+00,1.089270e+00,2.748654e+00,1.961318e-01,0,0,5.126430e-06,-9.480285e-03,-7.107908e-01,-5.262753e-01,-3.582896e-02,4.447255e-02,1.696769e-01,3.287884e-01,3.307931e-01,4.636446e-01,6.967616e-01,7.780569e-01,1.222455e+00,-3.085524e-02,0,0
1.006573e-03,-1.813813e+01,6.595332e-01,-4.698127e+00,1.572394e+00,3.475149e+00,5.766585e+00,3.779373e+00,4.606862e-01,2.451286e+00,5.060890e+00,3.106374e+00,3.731802e+00,1.556361e-01,0,0,1.423184e-05,-1.343140e-01,-4.885371e-01,-5.094139e-01,-3.960559e-01,-4.351431e-01,-1.413253e-01,-3.768041e-01,-3.740447e-01,-2.881499e-01,-4.463148e-02,3.011783e-01,4.233359e-01,-1.151406e-02,0,0
1.031577e-03,-1.862062e+01,2.248581e-01,-4.830108e+00,1.405036e+00,2.566447e+00,4.513217e+00,3.174367e+00,-8.602929e-01,6.817353e-01,4.699598e+00,2.234540e+00,4.071743e+00,1.752795e-01,0,0,1.250883e-05,-4.477920e-02,1.394689e-01,-2.650408e-01,-8.554290e-02,-6.463435e-01,-6.041857e-01,-6.558099e-01,-5.836211e-01,-5.990651e-01,-2.959023e-01,-2.619171e-01,-3.158458e-01,1.308552e-02,0,0
1.042853e-03,-1.833438e+01,6.613071e-01,-5.796031e+00,9.228182e-01,1.636769e+00,4.207541e+00,2.312642e+00,-1.891551e+00,-1.831122e-01,3.816835e+00,1.592719e+00,1.299918e+00,2.073134e-01,0,0,3.806083e-06,-1.256832e-01,3.789774e-01,-1.182030e-01,7.540919e-02,-4.161028e-01,-1.633886e-01,-1.209997e-01,1.918379e-01,-5.047712e-01,-2.128733e-01,-5.723033e-01,-4.397262e-01,2.042913e-02,0,0
1.044382e-03,-1.829711e+01,2.006907e+00,-5.024087e+00,2.365216e+00,1.114694e+00,2.988787e+00,2.096486e+00,-1.566671e+00,-7.152036e-01,4.095101e+00,5.365121e-01,2.385368e+00,2.357208e-01,0,0,-7.038587e-06,-2.052437e-01,3.239042e-01,1.275818e-01,2.923737e-01,1.735953e-01,3.971774e-01,4.692155e-01,1.017260e+00,4.168518e-01,-1.020901e-01,-2.767915e-01,-9.333690e-02,8.371109e-03,0,0
1.019201e-03,-1.892830e+01,1.663396e+00,-5.192152e+00,1.469350e+00,2.120512e+00,5.711857e+00,3.713315e+00,1.773065e+00,6.258993e-01,4.298772e+00,1.093871e+00,2.376359e+00,2.275612e-01,0,0,-1.019599e-05,-2.222714e-01,1.660608e-02,1.592586e-01,2.218894e-01,9.566466e-01,5.998155e-01,7.061065e-01,9.757679e-01,6.081972e-01,9.494154e-02,1.352336e-01,1.762354e-01,-1.139317e-02,0,0
1.008210e-03,-1.934987e+01,1.343335e+00,-4.494138e+00,2.593639e+00,3.192551e+00,5.746946e+00,4.820108e+00,2.393699e+00,2.361489e+00,3.948179e+00,1.100006e+00,3.066838e+00,2.070112e-01,0,0,-4.952855e-06,4.079437e-02,-9.506579e-02,-2.495412e-01,-6.940620e-02,1.384933e+00,6.696197e-01,4.536923e-01,-9.731974e-02,3.337147e-01,3.128474e-01,7.952873e-01,-4.911458e-02,-2.538531e-02,0,0
1.009959e-03,-1.891935e+01,1.076124e+00,-5.264712e+00,1.918054e+00,5.381073e+00,5.827539e+00,4.481364e+00,1.007104e+00,1.319527e+00,4.365004e+00,1.987140e+00,1.840360e+00,1.647023e-01,0,0,6.378675e-06,3.868271e-01,8.294139e-02,-3.125806e-01,9.996559e-02,1.466475e+00,2.245406e-01,-2.821130e-01,-9.870766e-01,-6.239219e-02,2.412927e-01,7.220191e-01,-2.196587e-01,-2.747053e-02,0,0
1.024238e-03,-1.809762e+01,1.825215e+00,-6.235513e+00,1.793833e+00,6.409079e+00,6.279045e+00,3.980923e+00,-1.670289e+00,6.065559e-01,5.626222e+00,4.066314e+00,2.407794e+00,1.402236e-01,0,0,1.269224e-05,3.880367e-01,1.625396e-01,-2.190586e-01,-1.420959e-01,1.131601e+00,4.816458e-01,-1.897919e-01,-6.240585e-01,-2.153885e-02,7.901559e-02,2.544362e-01,-3.269151e-01,-2.713810e-02,0,0
1.043080e-03,-1.762029e+01,1.837163e+00,-5.884367e+00,2.369080e+00,7.844625e+00,6.568511e+00,2.722343e+00,-1.130325e+00,1.191405e+00,4.666214e+00,3.220813e+00,1.607587e+00,1.236023e-01,0,0,1.176802e-05,5.184460e-02,1.416882e-01,1.204745e-01,-6.639896e-02,5.872048e-01,3.777944e-01,4.137363e-02,4.994937e-01,3.754437e-01,-2.281840e-01,-8.786567e-01,-5.988278e-01,-2.496222e-02,0,0
1.055111e-03,-1.805922e+01,1.775513e+00,-5.279603e+00,1.657646e+00,7.618781e+00,7.784689e+00,4.750659e+00,3.421204e-01,2.317856e+00,4.192651e+00,1.755351e+00,1.548648e+00,9.187067e-02,0,0,5.280855e-06,-3.917019e-01,-7.449450e-02,1.047684e-01,-3.005911e-01,-2.773660e-01,-8.656311e-02,4.999967e-01,1.305952e+00,3.580900e-01,-1.051198e-01,-1.312777e+00,-4.877726e-01,-2.021759e-02,0,0
1.053363e-03,-1.867933e+01,1.809415e+00,-5.140295e+00,1.654153e+00,7.712246e+00,6.963688e+00,4.303364e+00,2.498368e+00,2.341096e+00,3.940869e+00,-1.250663e+00,-7.242067e-01,6.406769e-02,0,0,1.140474e-06,-6.550795e-01,-1.863283e-01,-2.112091e-01,-5.545028e-01,-1.010636e+00,-8.245497e-01,4.161493e-01,1.305595e+00,5.167482e-02,3.874664e-01,-6.464399e-01,-5.586767e-03,-4.472652e-03,0,0
1.045501e-03,-1.952661e+01,1.466616e+00,-6.083708e+00,6.483420e-01,5.088439e+00,5.648640e+00,5.690395e+00,3.045124e+00,1.822160e+00,5.463295e+00,-2.618328e-01,1.134828e+00,6.890299e-02,0,0,1.875986e-06,-5.407280e-01,-3.406411e-01,-3.535647e-01,-4.467872e-01,-9.970486e-01,-1.265659e+00,-2.748670e-01,8.363966e-01,-4.312099e-01,4.398085e-01,-6.409335e-02,4.842789e-01,1.610758e-02,0,0
1.053587e-03,-2.016200e+01,1.059970e+00,-6.538361e+00,1.012184e-01,4.056618e+00,3.513787e+00,4.333221e+00,4.046148e+00,1.697627e+00,5.968224e+00,9.972053e-01,1.786564e+00,1.127229e-01,0,0,4.514551e-06,-2.817867e-01,-4.009716e-01,-1.917284e-01,-5.156363e-01,-5.335469e-01,-8.877052e-01,-1.033084e+00,-2.068510e-02,-4.536451e-01,3.827260e-01,1.600732e-01,8.223639e-01,2.411605e-02,0,0
1.064379e-03,-2.002152e+01,4.470304e-01,-6.348394e+00,2.001773e-01,4.461352e+00,3.181343e+00,3.361396e+00,3.750213e+00,4.835412e-01,5.378016e+00,3.109503e-01,2.714658e+00,1.480810e-01,0,0,-2.879719e-06,-5.101890e-02,-3.284444e-01,8.781181e-02,9.653020e-02,4.383199e-01,9.023903e-02,-1.300483e+00,-3.789893e-01,-1.671288e-01,-1.837834e-01,-2.491031e-01,4.441626e-01,1.441523e-02,0,0
1.066497e-03,-1.984080e+01,3.143501e-01,-5.966593e+00,-6.999471e-01,5.358055e+00,3.758811e+00,3.024448e-01,2.042397e+00,7.421802e-01,5.897139e+00,-7.366884e-01,2.597698e+00,1.450589e-01,0,0,-9.819725e-06,1.202225e-01,-2.121197e-01,8.598180e-02,4.342438e-01,5.287703e-01,8.101015e-01,-6.253599e-01,-2.871920e-01,2.937458e-01,-1.352448e-01,6.524517e-02,4.080051e-01,-9.942581e-03,0,0
1.024647e-03,-1.994230e+01,1.972037e-01,-5.930532e+00,1.531576e+00,6.629320e+00,5.977323e+00,1.203371e+00,2.152053e+00,1.464240e+00,4.579921e+00,-6.404014e-01,2.950074e+00,1.248111e-01,0,0,-1.362057e-05,1.898911e-01,1.062743e-01,4.362297e-03,6.978379e-01,4.601834e-01,9.225742e-01,8.087207e-02,5.016257e-01,5.706348e-01,-8.232979e-02,7.586859e-01,1.377432e-01,-2.783318e-02,0,0
1.024354e-03,-1.960050e+01,1.242853e-01,-6.317382e+00,1.606738e+00,5.616486e+00,6.166304e+00,2.285434e+00,3.409268e+00,2.676007e+00,5.691048e+00,1.799107e+00,3.708881e+00,7.464491e-02,0,0,-8.518715e-06,3.439127e-01,4.415399e-01,3.913822e-02,5.024959e-01,2.365007e-02,4.531236e-02,2.098892e-01,8.352581e-01,1.171867e-01,-6.922879e-02,1.072584e+00,-1.668074e-02,-2.420671e-02,0,0
1.017347e-03,-1.919222e+01,1.073434e+00,-6.151188e+00,2.536024e+00,6.633053e+00,6.590467e+00,2.774261e+00,5.574907e+00,2.369802e+00,5.069413e+00,2.836482e+00,2.847782e+00,4.412209e-02,0,0,-1.465343e-06,3.641540e-01,6.356205e-01,3.067600e-01,1.653022e-01,-1.476683e-01,-8.789932e-01,-3.898977e-01,4.695735e-01,-3.395921e-01,-1.875390e-01,5.709513e-01,-1.133967e-01,2.417650e-03,0,0
1.027554e-03,-1.849628e+01,2.083935e+00,-5.660574e+00,1.310308e+00,5.474438e+00,3.678801e+00,5.664459e-01,4.507261e+00,8.753322e-01,5.306249e+00,2.887789e+00,2.565440e+00,6.436989e-02,0,0,-2.953317e-06,2.136717e-01,4.217528e-01,5.988155e-01,2.455022e-01,-2.228790e-01,-7.982150e-01,-2.939368e-01,-1.227646e-02,-6.538072e-01,-5.977851e-01,-1.389770e-01,2.534819e-02,3.161076e-02,0,0
1.015721e-03,-1.867364e+01,2.395481e+00,-4.725136e+00,2.506302e+00,5.962002e+00,2.826109e+00,1.133767e-01,3.950924e+00,6.666165e-01,3.834625e+00,1.670014e+00,2.954811e+00,1.420369e-01,0,0,-1.031556e-07,3.158493e-02,-1.815871e-01,6.830069e-01,3.057218e-01,-6.076835e-01,-1.789479e-01,2.762802e-01,-2.186176e-01,-3.971799e-01,-9.846715e-01,-7.340163e-01,-9.355466e-02,3.889393e-02,0,0
1.010401e-03,-1.879143e+01,1.572026e+00,-4.036331e+00,2.849111e+00,4.837616e+00,4.057408e+00,2.146192e+00,4.159877e+00,2.585636e-01,3.319516e+00,1.687456e+00,3.782107e+00,1.837413e-01,0,0,-2.245896e-06,-6.907330e-02,-5.873705e-01,7.110351e-01,2.654133e-01,-5.838673e-01,6.042737e-01,6.875618e-01,-4.179304e-01,-3.984650e-01,-1.627799e+00,-1.027541e+00,-4.328433e-01,2.683591e-02,0,0
1.025408e-03,-1.888672e+01,4.214532e-01,-3.548275e+00,3.295233e+00,3.913047e+00,5.506424e+00,3.365789e+00,4.655510e+00,6.922873e-01,1.139422e+00,-2.334333e-01,1.771675e+00,1.789060e-01,0,0,4.875904e-06,-3.125477e-02,-6.439352e-01,2.753548e-01,-3.582618e-01,-7.765294e-01,-4.253993e-02,3.277654e-01,-6.815381e-01,-6.964430e-01,-1.390228e+00,-9.262918e-01,-7.319630e-01,1.692354e-02,0,0
1.011481e-03,-1.873510e+01,1.340959e-01,-2.693830e+00,2.242910e+00,3.579580e+00,5.360012e+00,2.378049e+00,2.065315e+00,-1.129828e+00,-1.485144e+00,-1.298194e+00,9.927914e-01,1.801149e-01,0,0,4.364096e-06,6.507683e-03,-2.291151e-01,-2.140151e-01,-8.509195e-01,-3.533492e-01,-8.305126e-01,-1.067096e-01,-8.978364e-01,-9.737238e-01,-6.646240e-01,-2.958142e-01,-4.481429e-01,2.429737e-02,0,0
1.039561e-03,-1.885808e+01,-1.052296e-01,-4.019613e+00,1.018093e+00,2.708373e+00,1.962108e+00,1.636276e+00,1.590514e+00,-2.121403e+00,-7.141824e-01,-1.468620e+00,6.896536e-01,2.284678e-01,0,0,1.625216e-06,-9.945869e-03,5.437341e-02,-6.692281e-01,-1.078274e+00,-1.383875e-01,-1.101655e+00,1.648022e-01,-2.063628e-01,-5.921227e-01,5.339234e-01,9.409729e-01,4.851476e-01,3.318223e-02,0,0
1.025145e-03,-1.877321e+01,6.897917e-01,-4.870738e+00,-2.669173e-01,3.673207e+00,1.677003e+00,2.477401e+00,1.203193e+00,-3.203210e+00,9.231979e-01,8.259785e-01,2.082404e+00,2.804472e-01,0,0,-3.371388e-06,-7.272206e-02,-3.122674e-02,-7.286400e-01,-8.218102e-01,1.803311e-01,-2.312615e-01,4.863297e-01,6.151772e-01,1.887662e-01,7.042402e-01,1.072770e+00,6.154789e-01,2.765185e-02,0,0
1.026702e-03,-1.891740e+01,4.154724e-01,-5.805962e+00,-8.412250e-01,3.174295e+00,1.839654e+00,4.140124e+00,4.054758e+00,-1.231635e+00,2.604868e+00,3.409345e+00,3.652607e+00,2.946509e-01,0,0,-1.035405e-05,-1.097528e-01,-3.405744e-01,-3.199104e-01,-4.594220e-01,1.663724e-01,5.421760e-01,2.361300e-01,7.934152e-01,7.140654e-01,2.395090e-01,1.465079e-01,5.022576e-01,9.307945e-03,0,0
1.001053e-03,-1.906905e+01,-2.823888e-01,-5.443855e+00,-9.364825e-01,4.248274e+00,4.264931e+00,3.557773e+00,3.909080e+00,-6.308808e-01,3.765321e-01,1.626671e+00,2.588709e+00,2.852826e-01,0,0,-1.131695e-05,-1.375269e-01,-3.737423e-01,-7.054619e-02,-3.016312e-01,1.537285e-01,6.657784e-01,-3.100488e-01,1.822516e-01,3.254781e-01,-1.565171e-01,-1.175632e+00,3.720476e-02,-4.140222e-03,0,0
9.998363e-04,-1.925892e+01,-1.322011e+00,-5.332606e+00,-9.442337e-01,3.252702e+00,3.379024e+00,2.276739e+00,4.204647e+00,1.627601e-01,7.566953e-01,-1.136427e+00,2.947789e+00,2.725899e-01,0,0,-8.494035e-06,-9.803753e-02,3.503709e-02,6.795602e-02,-4.413891e-01,1.351261e-01,9.038019e-01,-1.031739e-01,-6.451696e-01,-4.825442e-01,2.323256e-01,-1.121084e+00,2.534251e-02,-7.132062e-03,0,0
9.819930e-04,-1.929009e+01,-3.101780e-01,-5.460146e+00,-1.723569e+00,4.402647e+00,4.236210e+00,1.858850e+00,2.039507e+00,-2.273017e+00,1.064699e+00,-2.779294e+00,2.620837e+00,2.707767e-01,0,0,-2.574560e-06,-3.144455e-03,5.246589e-01,2.946610e-01,-3.218977e-01,1.535744e-01,1.437689e+00,7.497008e-01,-4.462283e-01,-7.551605e-01,1.027445e+00,1.454017e-01,4.082494e-01,-1.211846e-02,0,0
9.937618e-04,-1.929707e+01,6.045524e-01,-5.458036e+00,-2.654627e+00,3.772739e+00,6.373024e+00,4.473716e+00,1.763696e+00,-2.823288e+00,3.422413e+00,6.909370e-03,3.763256e+00,2.662436e-01,0,0,5.888159e-06,-5.009117e-02,4.910830e-01,5.506641e-01,1.292278e-01,5.699763e-02,1.744211e+00,1.072847e+00,5.918469e-02,-1.646892e-01,1.615631e+00,1.275479e+00,8.643885e-01,-3.064369e-02,0,0
9.912174e-04,-1.906570e+01,1.377624e+00,-3.907835e+00,-1.690774e+00,4.756127e+00,9.956374e+00,6.207789e+00,2.898414e+00,-2.913659e+00,4.180896e+00,1.782011e+00,4.222223e+00,2.278634e-01,0,0,1.058384e-05,-3.705788e-02,9.073003e-02,7.347263e-01,8.808755e-01,-1.905380e-01,8.743887e-01,3.682357e-01,5.298406e-01,7.894450e-01,1.303477e+00,1.307625e+00,1.271075e+00,-5.043820e-02,0,0
1.024665e-03,-1.962157e+01,2.895026e-01,-3.355441e+00,-3.144922e-01,3.360950e+00,9.239997e+00,5.466506e+00,4.071117e+00,-3.403650e-01,7.276751e+00,2.960318e+00,6.469038e+00,1.408281e-01,0,0,1.100781e-05,-8.194180e-02,-2.111197e-01,3.740755e-01,1.149651e+00,-2.396887e-01,-6.428064e-01,-9.015172e-01,-3.247504e-02,1.074810e+00,5.205488e-01,5.126080e-01,9.305054e-01,-5.001511e-02,0,0
1.019461e-03,-1.931313e+01,3.009970e-01,-2.837812e+00,1.510741e+00,3.655851e+00,7.174667e+00,3.203633e+00,3.534999e+00,4.327467e-01,5.654915e+00,2.282128e+00,7.623318e+00,8.129344e-02,0,0,9.512587e-06,8.169308e-02,-9.781311e-02,-2.257601e-01,7.654073e-01,-2.157085e-01,-1.478665e+00,-1.313901e+00,-9.747716e-01,9.244450e-01,-1.900770e-01,-3.881068e-02,-2.358580e-02,-1.849502e-02,0,0
1.034679e-03,-1.958307e+01,8.726715e-02,-4.122670e+00,1.492871e+00,3.124434e+00,4.549845e+00,1.468208e+00,1.283028e+00,8.775582e-01,5.288147e+00,2.319891e+00,6.715235e+00,8.945300e-02,0,0,-1.316774e-07,1.793993e-01,1.662448e-01,-3.987578e-01,1.881821e-01,6.838679e-03,-7.953823e-01,-7.190388e-01,-1.593018e+00,2.630545e-01,-2.289863e-01,9.556770e-03,-9.284880e-01,1.813236e-02,0,0
1.033773e-03,-1.867649e+01,9.896757e-01,-4.653021e+00,1.232581e+00,3.795842e+00,4.908126e+00,1.637431e+00,-5.813996e-01,1.099605e+00,4.224813e+00,1.908171e+00,3.981195e+00,1.610758e-01,0,0,-1.685252e-06,7.871532e-02,1.711997e-01,-3.081050e-01,-9.783609e-02,2.776681e-01,4.740308e-01,1.152789e-01,-1.539150e+00,-4.328941e-01,-5.231719e-02,3.613223e-01,-1.067677e+00,3.022061e-02,0,0
1.016850e-03,-1.904289e+01,7.763875e-01,-4.441626e+00,7.654983e-01,3.325148e+00,6.396356e+00,2.654413e+00,-1.835776e+00,6.414786e-01,6.846870e+00,3.195080e+00,3.647660e+00,1.915987e-01,0,0,-3.834919e-06,-1.552637e-01,1.300784e-01,2.707898e-01,4.087402e-01,8.090504e-01,1.379225e+00,4.179719e-01,-9.333512e-01,-1.191115e+00,-4.548678e-01,3.381941e-01,-5.400971e-01,1.314597e-02,0,0
1.019949e-03,-1.918964e+01,8.124356e-01,-4.218859e+00,1.385247e+00,4.943835e+00,8.621566e+00,3.186925e+00,-2.601351e+00,-1.613684e+00,4.613967e+00,3.651145e+00,3.818719e+00,1.813237e-01,0,0,-3.911089e-07,-3.649782e-01,-1.053276e-02,3.336721e-01,7.030926e-01,8.970545e-01,9.801760e-01,3.639928e-01,-1.877302e-02,-1.297444e+00,-7.169501e-01,-2.131856e-01,-3.613240e-01,-9.428827e-03,0,0
1.022417e-03,-2.010281e+01,8.262794e-01,-2.985802e+00,3.460239e+00,6.595689e+00,9.589252e+00,2.783321e+00,-2.373751e+00,-3.721374e+00,2.819231e+00,3.139374e+00,4.095988e+00,1.450589e-01,0,0,1.508032e-06,-2.083592e-01,-1.003561e-02,-1.091994e-01,3.834311e-01,4.212973e-01,-1.024595e-01,4.985156e-02,7.963300e-01,-2.504963e-01,-8.112968e-01,-1.365908e+00,-1.021834e+00,-5.621032e-03,0,0
1.029034e-03,-1.997142e+01,9.120659e-01,-3.712573e+00,3.400674e+00,6.645844e+00,8.212559e+00,3.392941e+00,-4.062769e-01,-3.206188e+00,2.653882e+00,8.700957e-01,1.950411e+00,1.372016e-01,0,0,1.974637e-06,4.648590e-02,-1.355456e-01,-6.151762e-01,-5.074825e-01,-8.013037e-01,-1.058177e+00,5.002990e-02,1.209809e+00,6.754796e-01,-2.337364e-01,-1.909058e+00,-1.864059e+00,1.565427e-02,0,0
1.019848e-03,-1.969379e+01,6.763942e-01,-5.240767e+00,1.674940e+00,4.580629e+00,6.088562e+00,2.800663e+00,1.048337e+00,1.852494e-01,3.770429e+00,-2.243934e+00,-5.273535e-01,1.855545e-01,0,0,5.842198e-06,3.265272e-01,-5.594050e-02,-6.789670e-01,-1.159398e+00,-1.233135e+00,-1.112350e+00,-8.651905e-02,9.148715e-01,7.184142e-01,-3.565965e-01,-1.431248e+00,-1.741945e+00,3.173164e-02,0,0
1.031107e-03,-1.916171e+01,2.096504e-01,-6.167258e+00,-2.595165e-01,1.944847e+00,5.081027e+00,3.428404e+00,1.736651e+00,-1.895973e-01,2.969687e+00,-3.202489e+00,-3.189907e+00,2.393472e-01,0,0,1.382795e-05,2.641476e-01,2.234407e-01,2.523274e-02,-9.036781e-01,-9.168116e-01,-4.630060e-01,-4.013770e-01,1.395020e-01,-5.045272e-01,-8.281555e-01,-1.865295e-01,-5.947046e-01,2.212149e-02,0,0
1.050592e-03,-1.887503e+01,8.977847e-01,-5.153294e+00,-5.066549e-01,2.780511e+00,5.593267e+00,2.332995e+00,1.129142e+00,-1.637599e+00,8.783467e-01,-1.980573e+00,-2.043576e+00,2.526443e-01,0,0,1.619492e-05,1.499899e-01,5.789926e-01,5.334272e-01,-2.428711e-01,-5.371851e-02,1.108437e-02,-4.384835e-01,-6.610010e-01,-1.659546e+00,-1.017146e+00,6.805431e-01,6.765249e-01,-7.555112e-04,0,0
1.082802e-03,-1.906007e+01,1.918574e+00,-3.630145e+00,-2.691885e-02,2.961845e+00,6.145176e+00,1.619891e+00,2.508304e-01,-4.817400e+00,-4.085422e-02,-1.942320e-01,-2.650011e-01,2.142641e-01,0,0,7.718382e-06,-1.594219e-02,6.065203e-01,5.511095e-01,5.045072e-01,1.812683e-01,-3.027015e-02,-1.258064e-01,-4.727399e-01,-1.251194e+00,-2.196137e-01,4.590475e-01,1.367493e+00,-1.501964e-02,0,0
1.074975e-03,-1.899467e+01,2.716895e+00,-3.842187e+00,3.442861e-01,3.803537e+00,5.611909e+00,1.512502e+00,-1.513758e+00,-5.798578e+00,1.899672e-01,-3.453471e-01,1.392818e+00,1.943185e-01,0,0,-4.385912e-06,-1.224562e-01,1.292327e-01,4.327600e-02,7.501641e-01,-1.131079e-01,1.213784e-02,7.606130e-01,5.889624e-01,-2.759788e-01,8.170459e-01,4.014801e-02,8.555735e-01,-1.145361e-02,0,0
1.057507e-03,-1.918160e+01,2.332696e+00,-4.067264e+00,1.837549e+00,2.339675e+00,4.920355e+00,3.209618e+00,6.944017e-01,-4.365075e+00,2.215808e+00,-1.724865e+00,1.929359e+00,1.934119e-01,0,0,-1.015635e-05,-1.921040e-01,-3.543423e-01,-3.348090e-01,4.003390e-01,-1.784119e-01,3.208722e-01,1.196017e+00,1.645137e+00,1.071552e+00,1.490781e+00,-1.720579e-01,2.365833e-01,-1.269264e-03,0,0
1.041310e-03,-1.942654e+01,1.336887e+00,-4.718355e+00,2.311932e+00,2.526057e+00,6.266367e+00,5.341196e+00,3.852168e+00,-3.243655e+00,3.835245e+00,-1.014517e+00,1.137112e+00,2.058024e-01,0,0,2.393790e-06,-1.937530e-01,-4.219057e-01,-3.363702e-01,-1.793514e-01,-7.742381e-02,4.925009e-01,4.210941e-01,1.817062e+00,1.515057e+00,1.122845e+00,2.954169e-01,-9.178601e-02,6.557876e-03,0,0
1.048853e-03,-1.980465e+01,8.368667e-01,-4.866107e+00,9.909534e-01,2.708526e+00,7.422308e+00,5.685628e+00,5.793552e+00,-7.371029e-01,5.590411e+00,-7.199365e-01,1.045768e+00,2.021759e-01,0,0,1.748276e-05,-1.152252e-01,-8.241288e-02,-3.213904e-01,-7.077602e-01,2.606787e-01,1.612605e-01,-9.948805e-01,3.998165e-01,1.333139e+00,1.023204e-01,-1.280838e-01,1.965323e-01,1.021457e-02,0,0
1.091271e-03,-1.965191e+01,1.355282e+00,-5.124617e+00,-1.291730e-01,3.231992e+00,6.823437e+00,2.379967e+00,5.021978e+00,-3.728111e-02,4.116893e+00,6.292733e-01,1.375683e+00,2.227259e-01,0,0,2.421505e-05,-5.634308e-03,3.082205e-01,-2.030973e-01,-6.237601e-01,3.939582e-01,-3.981957e-01,-1.579881e+00,-6.403027e-01,7.230862e-01,-4.897270e-01,-3.483901e-01,1.093855e+00,3.324261e-03,0,0
1.119940e-03,-1.964504e+01,1.911435e+00,-5.471085e+00,-4.806996e-01,3.290100e+00,5.448123e+00,-2.841704e-01,2.108579e+00,6.974339e-01,2.586586e+00,-3.187179e+00,2.792735e+00,2.360230e-01,0,0,1.588508e-05,1.511520e-01,4.357560e-01,-2.114406e-01,-5.790097e-01,4.858727e-01,-5.040201e-01,-7.778758e-01,-1.287444e+00,-9.336176e-03,-3.047177e-01,-6.673185e-01,1.448447e+00,-1.242067e-02,0,0
1.126841e-03,-1.953451e+01,2.340706e+00,-5.431352e+00,-7.104228e-02,4.205060e+00,5.262481e+00,4.266880e-01,2.493141e+00,-3.454932e-01,2.888522e+00,-1.522846e+00,5.732904e+00,2.055001e-01,0,0,-2.195500e-06,3.303915e-01,3.553137e-01,-8.480511e-02,-6.573099e-01,2.781478e-01,-1.805713e-01,5.673786e-01,-8.424211e-01,-2.868629e-02,1.048915e+00,3.511229e-01,1.826756e+00,-3.260804e-02,0,0
1.110493e-03,-1.910759e+01,2.522935e+00,-5.769942e+00,-1.933160e+00,4.651356e+00,5.682686e+00,2.772889e+00,6.207507e-01,-6.296778e-01,4.681007e+00,-2.980469e+00,6.109392e+00,1.486854e-01,0,0,-1.280522e-05,4.648359e-01,1.792278e-01,3.733916e-02,-4.064244e-01,2.607035e-01,2.333705e-01,1.150201e+00,-1.430374e-01,2.554038e-01,1.284965e+00,1.106669e+00,1.188210e+00,-3.886371e-02,0,0
1.085017e-03,-1.826868e+01,2.826100e+00,-5.399214e+00,-2.689492e+00,3.942104e+00,5.803299e+00,3.688331e+00,1.553787e+00,4.828433e-01,8.314258e+00,2.281533e+00,8.851132e+00,1.033545e-01,0,0,-1.458938e-05,4.258354e-01,1.985271e-01,4.231056e-01,5.467650e-01,1.943831e-01,-2.508639e-01,1.686207e-01,2.435141e-01,6.481541e-01,6.840316e-01,1.184631e+00,6.436438e-01,-3.363554e-02,0,0
1.076826e-03,-1.795378e+01,2.564877e+00,-5.300458e+00,-1.203596e+00,4.725096e+00,6.344566e+00,3.836015e+00,1.863069e+00,1.560285e+00,6.298541e+00,4.439772e-01,7.174670e+00,9.277727e-02,0,0,-1.318061e-05,1.720037e-01,9.255967e-02,7.117074e-01,1.742274e+00,4.895485e-01,-7.608774e-01,-8.107155e-01,6.026910e-01,4.435206e-01,-4.646734e-01,1.297994e+00,2.225318e-01,-2.109399e-02,0,0
1.070727e-03,-1.798224e+01,3.312371e+00,-3.550566e+00,2.298001e+00,5.140106e+00,3.677221e+00,7.382286e-01,3.089553e+00,1.800296e+00,5.499914e+00,2.688085e+00,8.418485e+00,6.527651e-02,0,0,-1.298088e-05,-8.897038e-02,-3.289096e-02,7.767919e-01,1.990401e+00,3.598507e-01,-1.102307e+00,-1.303387e+00,2.286976e-01,-2.964172e-01,-9.871725e-01,7.830850e-01,-4.045542e-01,-3.656692e-03,0,0
1.051735e-03,-1.839079e+01,2.742598e+00,-3.135729e+00,4.284464e+00,6.500098e+00,2.941338e+00,1.943632e-01,2.866323e+00,9.291990e-01,3.764812e+00,3.306224e+00,7.438375e+00,6.225446e-02,0,0,-1.630576e-05,-2.068214e-01,-3.736008e-01,1.891988e-01,9.120178e-01,-2.030051e-01,-5.066108e-01,-6.059109e-01,-8.912806e-02,-8.321499e-01,-5.715765e-01,6.494203e-01,-1.024519e+00,2.320943e-02,0,0
1.032658e-03,-1.849503e+01,2.572785e+00,-2.597619e+00,4.518482e+00,4.853857e+00,1.993378e+00,-1.007777e+00,2.195648e+00,-6.836999e-01,4.645259e+00,4.765834e+00,6.696509e+00,1.003324e-01,0,0,-1.316837e-05,-2.793444e-01,-6.489456e-01,-5.435776e-01,-4.224289e-01,-5.888543e-01,4.410380e-01,4.879672e-01,-3.092794e-01,-8.605052e-01,-6.279894e-01,-6.874474e-01,-2.009588e+00,5.346026e-02,0,0
1.014332e-03,-1.873149e+01,1.066666e+00,-4.830938e+00,2.246252e+00,3.853195e+00,4.653434e+00,1.679463e+00,1.864381e+00,-1.358466e+00,3.867985e+00,2.652204e+00,2.913061e+00,1.912965e-01,0,0,-5.193858e-06,-2.120768e-01,-6.042179e-01,-6.923820e-01,-1.209236e+00,-6.718181e-01,6.752446e-01,9.866994e-01,-4.348009e-01,-1.572388e-01,-4.686583e-01,-1.514593e+00,-2.472602e+00,6.627379e-02,0,0
1.023587e-03,-1.920861e+01,9.056084e-01,-5.420849e+00,1.204962e+00,3.519285e+00,5.026363e+00,2.435515e+00,2.044127e+00,-1.358397e+00,2.308380e+00,-4.221420e-01,6.332009e-01,2.680568e-01,0,0,1.301186e-06,-1.998276e-01,-4.424595e-01,-3.679938e-01,-1.022400e+00,3.743424e-02,8.567516e-01,9.762249e-01,-6.154757e-01,2.748759e-01,-2.665295e-01,-1.406102e+00,-2.006229e+00,5.391357e-02,0,0
1.030301e-03,-1.909438e+01,5.550963e-01,-5.186024e+00,-1.049553e-01,3.808293e+00,4.801068e+00,3.406214e+00,7.680791e-01,4.803536e-01,2.589961e+00,-1.672750e+00,-1.892980e+00,3.097613e-01,0,0,4.355947e-06,-7.133599e-02,2.399170e-02,6.138312e-01,-2.359787e-01,4.658604e-01,7.538969e-01,5.414149e-01,-7.089389e-01,4.117355e-01,3.449604e-01,-5.725459e-01,-8.397846e-01,2.058024e-02,0,0
1.031180e-03,-1.931272e+01,6.162716e-01,-4.260045e+00,5.820852e-01,5.063479e+00,6.203319e+00,3.009972e+00,-3.335792e-01,-2.287304e-01,3.951624e+00,-1.021976e-01,-9.316144e-01,3.106679e-01,0,0,-3.129011e-07,7.372990e-02,1.722720e-01,9.361172e-01,3.220264e-01,5.317629e-01,1.159430e+00,4.923048e-01,-3.130972e-01,1.690911e-01,3.512928e-01,1.353494e-01,1.568129e-01,-1.311575e-02,0,0
1.032316e-03,-1.903612e+01,1.331293e+00,-2.342184e+00,1.377797e+00,5.410400e+00,7.834441e+00,4.099308e+00,-4.914603e-01,1.353778e-01,4.771165e+00,-3.704980e-01,-5.034544e-01,2.728921e-01,0,0,-1.157471e-06,1.003691e-01,1.529772e-01,8.963947e-01,8.124644e-01,4.707064e-01,9.541817e-01,3.050859e-01,7.034803e-02,-6.354275e-02,-4.882459e-01,-9.341045e-02,4.562810e-01,-3.695980e-02,0,0
1.021015e-03,-1.886909e+01,1.378870e+00,-2.162183e+00,2.073718e+00,5.377046e+00,9.306826e+00,4.550492e+00,1.108410e+00,-3.404536e-01,2.974242e+00,-3.965213e-01,7.225026e-01,2.209127e-01,0,0,1.731725e-06,2.028885e-01,3.132197e-02,4.897233e-01,6.123552e-01,6.657815e-02,7.816263e-02,3.352934e-01,4.639099e-01,-1.619441e-01,-9.623779e-01,-3.992736e-01,1.616450e-01,-4.947114e-02,0,0
1.029596e-03,-1.881435e+01,9.386828e-01,-1.752982e+00,3.211550e+00,6.005042e+00,8.020223e+00,4.161384e+00,3.988245e-01,2.185014e-01,6.374223e-01,-1.992641e+00,-4.386335e-01,1.698398e-01,0,0,4.441093e-06,2.001534e-01,-1.086702e-02,-6.914055e-02,7.349646e-02,-4.579961e-01,-8.361918e-01,-9.976802e-02,6.358583e-01,-6.208560e-01,-8.002400e-01,4.529621e-02,5.197639e-01,-5.279541e-02,0,0
1.041198e-03,-1.840916e+01,9.691863e-01,-2.106030e+00,2.726985e+00,5.099049e+00,6.501241e+00,4.655401e+00,1.540828e+00,-1.080013e+00,1.206606e+00,-1.287494e+00,-1.558000e-01,1.148383e-01,0,0,5.967356e-06,2.061768e-01,2.232599e-01,-3.729891e-01,-6.360603e-01,-1.077864e+00,-1.377138e+00,-1.680509e-01,1.020813e+00,-3.863580e-01,-2.275201e-01,6.474274e-01,9.130962e-01,-4.536114e-02,0,0
1.044429e-03,-1.826532e+01,1.481799e+00,-2.715964e+00,1.418646e+00,3.259418e+00,5.056274e+00,3.548014e+00,2.471622e+00,-2.599123e+00,1.653783e+00,3.014695e-01,2.534517e+00,6.195225e-02,0,0,-2.010237e-06,1.694752e-01,4.535001e-01,-6.786758e-01,-1.268597e+00,-1.269120e+00,-1.393013e+00,-3.226756e-01,1.149168e+00,-7.560755e-02,1.586612e-01,1.343877e+00,9.560934e-01,-2.203083e-02,0,0
1.043435e-03,-1.811273e+01,2.223612e+00,-3.545637e+00,-2.101317e-01,1.360536e+00,3.903111e+00,4.016922e+00,5.176076e+00,-8.634315e-01,1.328461e+00,1.693561e+00,3.801409e+00,4.805077e-02,0,0,-7.123069e-06,-3.081055e-02,3.218924e-01,-7.737584e-01,-1.210007e+00,-6.703726e-01,-1.211178e+00,-4.508875e-01,3.427416e-01,9.483881e-01,2.101929e-01,1.094931e+00,2.741129e-01,1.580538e-02,0,0
1.018426e-03,-1.811519e+01,2.578971e+00,-4.426557e+00,-1.662879e+00,1.528697e+00,2.354220e+00,2.867246e+00,4.327038e+00,-2.678269e-01,1.369800e+00,3.236215e+00,2.363229e+00,9.307948e-02,0,0,-9.484485e-06,-1.829849e-01,3.369322e-02,-9.458165e-01,-8.609970e-01,1.543910e-01,-8.202165e-01,-3.915842e-01,-4.757458e-01,9.245422e-01,4.681400e-01,6.258084e-01,-9.230220e-01,4.614687e-02,0,0
1.018584e-03,-1.863828e+01,2.030063e+00,-5.119525e+00,-1.782288e+00,2.612547e+00,1.796377e+00,2.741348e+00,2.326828e+00,2.496280e+00,2.399562e+00,2.719789e+00,1.300408e+00,1.783016e-01,0,0,-9.727070e-06,-3.233730e-01,-4.573738e-01,-9.838055e-01,-1.941622e-01,4.843794e-01,-2.969825e-02,-3.866826e-01,-1.018687e+00,3.015561e-01,5.505596e-01,2.063596e-01,-9.602177e-01,4.953158e-02,0,0
1.009432e-03,-1.891747e+01,1.747040e+00,-6.658103e+00,-2.100260e+00,3.405368e+00,2.008559e+00,2.227880e+00,1.517518e+00,3.437329e-01,3.458933e+00,2.917397e+00,-8.300931e-01,2.275612e-01,0,0,-6.284436e-06,-3.177582e-01,-5.166687e-01,-6.483625e-01,2.846463e-01,4.754102e-01,7.123910e-01,-6.676302e-02,-2.305339e-01,-1.083524e-01,1.223400e-01,-1.470173e-01,-6.635445e-01,2.453914e-02,0,0
9.992968e-04,-1.932845e+01,3.527080e-01,-7.348892e+00,-9.622517e-01,2.844097e+00,3.927451e+00,2.403192e+00,1.487402e+00,3.385690e-01,3.036693e+00,2.884768e+00,5.969816e-01,2.284678e-01,0,0,-6.469852e-06,-1.617188e-01,-3.080030e-01,6.934118e-03,3.093786e-01,1.252499e-01,1.071856e+00,6.380854e-01,1.009782e+00,-2.737294e-01,-1.843691e-01,-6.981967e-02,4.817084e-01,-6.648532e-03,0,0
9.966480e-04,-1.935890e+01,8.343043e-01,-6.553686e+00,-6.496655e-01,3.789973e+00,4.850638e+00,2.702508e+00,3.594082e+00,2.692664e-01,1.662935e+00,2.418639e+00,-6.027804e-01,1.906921e-01,0,0,-2.501672e-06,-4.138909e-02,5.887281e-02,5.586295e-01,-1.047918e-01,-1.530940e-01,7.840284e-01,8.665778e-01,1.278853e+00,3.897153e-01,-3.827595e-01,-4.897257e-01,1.110770e+00,-1.526141e-02,0,0
9.926273e-04,-1.922616e+01,9.464154e-01,-5.137063e+00,-9.606929e-01,3.046494e+00,5.734618e+00,5.694460e+00,6.337457e+00,1.164866e+00,2.375715e+00,2.620070e+00,3.595294e+00,1.634935e-01,0,0,3.888516e-06,9.812164e-03,4.531928e-01,6.923425e-01,-5.556533e-01,-2.785906e-01,3.303803e-01,5.252840e-01,3.960791e-01,2.966961e-01,-2.946337e-01,-1.011440e+00,6.064602e-01,-1.118162e-03,0,0
1.000259e-03,-1.917556e+01,1.744550e+00,-4.970870e+00,-2.624999e+00,2.538700e+00,5.025117e+00,4.915135e+00,5.486757e+00,1.879161e+00,1.875624e+00,6.011176e-01,3.224602e+00,1.837413e-01,0,0,6.792788e-06,-1.964569e-03,5.662087e-01,6.470621e-01,-3.147441e-01,-2.608178e-01,-3.377450e-01,-8.893210e-01,-1.148098e+00,1.930630e-01,-2.199427e-01,-1.296795e+00,-2.496355e-01,2.466002e-02,0,0
1.016934e-03,-1.937106e+01,2.163549e+00,-4.678588e+00,-2.752852e+00,2.076781e+00,5.492113e+00,3.923299e+00,2.521460e+00,1.017103e+00,1.457179e+00,-1.263673e+00,1.715591e+00,2.263524e-01,0,0,7.735903e-06,1.865784e-01,6.394631e-01,6.725782e-01,3.936237e-01,3.789853e-01,-5.933768e-01,-1.915697e+00,-1.773445e+00,-6.064008e-01,-5.432162e-01,-1.185026e+00,-1.487701e+00,3.442128e-02,0,0
1.018459e-03,-1.929627e+01,3.056781e+00,-3.547613e+00,-1.327307e+00,2.970740e+00,3.283165e+00,-8.585157e-01,-2.384107e-01,1.308463e+00,1.022489e+00,-2.123462e+00,-9.111066e-01,2.825627e-01,0,0,-9.042560e-07,4.802662e-01,4.376281e-01,6.828301e-01,1.114293e+00,9.164566e-01,-5.465523e-01,-1.683617e+00,-8.964701e-01,-1.234767e+00,-4.135841e-01,-3.994696e-01,-1.261799e+00,2.187972e-02,0,0
1.022207e-03,-1.823291e+01,3.487615e+00,-2.485800e+00,3.585795e-01,4.725399e+00,3.638710e+00,-9.972011e-01,3.328146e-01,-1.581789e+00,8.620182e-02,-1.942770e+00,-1.775355e+00,2.861892e-01,0,0,-8.242554e-06,5.905567e-01,4.142988e-02,3.844482e-01,1.075901e+00,8.855106e-01,-1.033671e-01,-3.451151e-01,3.598852e-02,-1.374459e+00,-4.954528e-01,2.796728e-01,-5.739602e-01,2.417624e-04,0,0
9.931010e-04,-1.734331e+01,3.270658e+00,-2.653114e+00,1.390749e+00,5.796673e+00,3.219057e+00,-1.042697e+00,2.098729e+00,-2.995228e+00,4.931927e-01,-1.056682e+00,-1.338917e+00,2.632215e-01,0,0,-9.712227e-06,3.622707e-01,-3.680073e-01,-1.924503e-01,5.185259e-01,5.681136e-01,5.688465e-01,1.226390e+00,4.147325e-01,-7.663093e-01,9.677468e-02,8.995651e-01,2.432049e-01,-1.909943e-02,0,0
9.884000e-04,-1.739476e+01,2.263760e+00,-3.203597e+00,1.267624e+00,5.091368e+00,5.007331e+00,2.289814e+00,1.532833e+00,-3.703346e+00,-7.554361e-01,-3.986992e-01,-9.403041e-01,2.372318e-01,0,0,6.473425e-06,-2.710876e-02,-5.841383e-01,-7.079808e-01,-2.536970e-01,-2.355015e-01,4.216998e-01,1.500115e+00,-1.241645e-01,2.718591e-01,6.836170e-01,1.490281e+00,9.194320e-01,-2.680568e-02,0,0
9.868010e-04,-1.790399e+01,1.828672e+00,-4.150966e+00,8.108008e-01,5.628324e+00,5.443087e+00,3.629927e+00,1.235243e+00,-1.462305e+00,1.927182e+00,1.602328e+00,-1.126080e-01,2.115443e-01,0,0,2.183451e-05,-2.057098e-01,-3.818358e-01,-5.524983e-01,-4.493888e-01,-3.645015e-01,4.181161e-01,1.124731e+00,-8.157814e-01,7.521275e-01,1.323442e+00,2.041844e+00,1.338693e+00,-3.723179e-02,0,0
1.057724e-03,-1.808811e+01,1.287916e+00,-5.276777e+00,-6.199310e-01,3.632067e+00,4.635194e+00,4.167064e+00,1.437352e-01,-9.889553e-01,2.787292e+00,4.179132e+00,2.208650e+00,1.779994e-01,0,0,2.542712e-05,-1.376688e-01,1.102343e-01,1.050448e-02,-2.223174e-02,-1.702626e-01,-2.446041e-02,-1.943121e-02,-5.683227e-01,8.568563e-01,9.994618e-01,1.470105e+00,1.275529e+00,-4.856452e-02,0,0
1.067612e-03,-1.802518e+01,1.849401e+00,-4.379015e+00,8.758291e-02,4.703816e+00,5.495706e+00,3.642331e+00,-1.285629e+00,-5.917854e-01,5.339039e+00,6.863621e+00,3.780071e+00,1.066788e-01,0,0,8.635083e-06,-1.596432e-01,4.323761e-01,7.783516e-01,7.326905e-01,7.084999e-02,-1.403157e-01,-1.677849e-01,3.192551e-01,9.880196e-01,2.379962e-01,6.916668e-02,7.435566e-01,-5.028710e-02,0,0
1.075130e-03,-1.802251e+01,2.804567e+00,-3.037050e+00,1.518074e+00,4.702309e+00,4.858719e+00,2.186455e+00,-4.834445e-02,1.456761e-01,2.535944e+00,4.321178e+00,3.491000e+00,4.684195e-02,0,0,-1.065766e-05,-2.282074e-01,5.300232e-01,9.699554e-01,1.298189e+00,5.039772e-01,2.533750e-01,1.119388e-01,1.388456e+00,1.037484e+00,-5.029585e-01,-1.717571e+00,5.160570e-04,-3.705047e-02,0,0
1.021273e-03,-1.873501e+01,3.232227e+00,-1.379072e+00,3.405251e+00,5.447453e+00,4.629746e+00,3.781307e+00,2.927558e+00,2.910478e+00,3.242837e+00,1.877138e+00,2.964000e+00,2.568752e-02,0,0,-5.264278e-06,-3.400875e-01,1.298159e-01,5.766743e-01,1.067980e+00,3.483922e-01,7.580506e-01,8.645285e-01,1.572483e+00,4.789315e-01,-6.339448e-01,-2.130693e+00,-4.559506e-01,-1.568450e-02,0,0
1.027605e-03,-1.887424e+01,3.246619e+00,-1.926972e+00,4.212178e+00,5.780135e+00,6.335049e+00,4.657270e+00,4.979422e+00,2.447333e+00,1.320601e+00,-1.915483e+00,2.619266e+00,3.324267e-02,0,0,7.348962e-06,-1.074760e-01,-1.169480e-01,1.709138e-01,2.817663e-01,1.086124e-01,1.505193e+00,9.466444e-01,5.840322e-01,-1.499892e-01,-1.374960e-02,-1.342358e+00,-4.309218e-01,-4.140223e-03,0,0
1.065053e-03,-1.929975e+01,2.277454e+00,-2.050682e+00,4.080432e+00,5.906865e+00,8.547794e+00,6.729567e+00,4.062904e+00,6.520438e-01,2.776987e+00,-6.715117e-01,1.936185e+00,3.505591e-02,0,0,2.229130e-05,2.182732e-01,-1.380415e-01,-1.476218e-01,-6.013411e-01,-3.282961e-01,1.209683e+00,-1.725230e-02,-6.480673e-01,-3.404125e-01,4.118832e-01,-2.171211e-01,-4.704301e-01,-1.541252e-03,0,0
1.089985e-03,-1.827752e+01,2.697213e+00,-1.846676e+00,2.589315e+00,5.015665e+00,1.042566e+01,5.445548e+00,2.304143e+00,5.249470e-01,2.700121e+00,-1.116288e+00,1.850299e+00,2.145663e-02,0,0,1.457749e-05,3.145302e-01,-4.023075e-04,-2.484690e-01,-1.065298e+00,-5.866361e-01,-7.361870e-02,-9.234046e-01,-8.701464e-01,1.973823e-01,1.172130e+00,6.152181e-01,-4.880976e-01,4.563313e-03,0,0
1.101540e-03,-1.794200e+01,2.816722e+00,-2.157329e+00,1.209977e+00,4.188207e+00,8.632856e+00,3.300906e+00,1.024861e+00,2.169608e+00,4.612493e+00,3.919354e-01,9.963331e-01,2.387428e-02,0,0,6.670947e-07,1.778004e-01,1.414263e-01,-3.495385e-01,-5.350853e-01,-4.136215e-01,-1.186248e+00,-1.274711e+00,-2.364907e-01,3.928895e-02,7.226752e-01,4.612398e-01,-4.238291e-01,1.634935e-02,0,0
1.082249e-03,-1.798046e+01,2.974974e+00,-3.115993e+00,3.209149e-01,3.706283e+00,5.924425e+00,1.754578e+00,2.147712e+00,2.675463e+00,6.263496e+00,6.288845e-01,6.487045e-01,6.165005e-02,0,0,-9.743706e-06,-6.001339e-02,7.806902e-02,-2.687662e-01,1.984496e-01,-1.735204e-01,-1.645482e+00,-5.013837e-01,2.998227e-01,-7.244336e-01,3.197471e-01,4.618573e-01,-5.176271e-01,1.937141e-02,0,0
1.072256e-03,-1.855928e+01,2.845705e+00,-3.163716e+00,2.539206e+00,4.493448e+00,4.867170e+00,2.201496e+00,2.958667e+00,-2.267694e-01,4.608675e+00,7.621012e-01,4.178369e-01,9.670595e-02,0,0,-1.283775e-05,-3.702889e-02,8.386211e-02,-1.270893e-01,5.682228e-01,-6.248067e-02,-1.048377e+00,1.290654e-01,3.637284e-01,-1.167716e+00,-3.726774e-01,5.974610e-01,-1.505527e-01,8.371109e-03,0,0
1.055908e-03,-1.826895e+01,3.073067e+00,-2.687313e+00,2.916948e+00,3.995442e+00,4.081093e+00,3.488334e+00,2.836354e+00,-1.899032e+00,4.300766e+00,1.007915e+00,-4.485892e-01,8.189785e-02,0,0,-1.201808e-05,1.307379e-01,-1.043789e-01,-3.009614e-01,2.824323e-01,6.115413e-02,-1.699175e-01,2.655644e-01,-1.840697e-01,-7.715455e-01,-4.638411e-01,1.009457e+00,2.796145e-01,-5.862799e-03,0,0
1.050521e-03,-1.798290e+01,3.186986e+00,-3.007115e+00,2.753074e+00,3.731224e+00,4.312636e+00,3.079355e+00,2.499182e+00,-1.381726e+00,3.730471e+00,3.189725e+00,7.922167e-01,5.560592e-02,0,0,-6.346148e-06,2.196186e-01,-3.855371e-01,-6.569465e-01,-2.625092e-01,-1.857080e-02,2.009055e-01,-1.250123e-01,-5.359030e-01,3.191901e-01,-2.671669e-01,5.333387e-01,9.156862e-01,-5.681475e-03,0,0
1.033026e-03,-1.761496e+01,2.282439e+00,-4.699101e+00,1.626143e+00,4.393166e+00,5.352104e+00,2.643470e+00,1.457106e+00,-6.047863e-01,4.383392e+00,4.462359e+00,1.859587e+00,5.288607e-02,0,0,-3.639841e-06,1.258970e-01,-5.582672e-01,-9.144039e-01,-8.483217e-02,1.651057e-01,2.945653e-01,-4.053621e-01,-5.773946e-01,8.782722e-01,-4.302772e-01,-3.356456e-01,1.549850e+00,1.329706e-03,0,0
1.051967e-03,-1.778818e+01,1.313334e+00,-5.442554e+00,1.872063e+00,4.201733e+00,5.236192e+00,1.998867e+00,9.687757e-01,7.220585e-01,3.231527e+00,1.701573e+00,3.842180e+00,8.280447e-02,0,0,-2.567435e-06,-3.424492e-02,-3.766499e-01,-3.557200e-01,2.495920e-01,7.922816e-02,1.521802e-01,-9.411941e-02,-6.937183e-01,2.542639e-01,-6.213508e-01,-1.288632e+00,1.278670e+00,-7.555149e-04,0,0
1.036986e-03,-1.773682e+01,1.218557e+00,-6.041613e+00,2.933293e+00,4.585717e+00,5.092142e+00,2.001768e+00,7.145841e-01,1.440436e+00,2.398852e+00,7.376321e-02,5.775678e+00,7.494711e-02,0,0,-5.674351e-06,-1.448151e-01,3.421177e-02,4.333920e-01,2.429864e-01,-2.720332e-01,-3.938392e-01,-3.129267e-01,-8.771531e-02,-6.109901e-01,-3.918830e-01,-1.099360e+00,6.127022e-01,-1.211846e-02,0,0
1.035704e-03,-1.809319e+01,1.835677e+00,-4.114459e+00,3.347459e+00,4.031089e+00,5.203518e+00,2.929609e+00,-5.981490e-01,-1.133018e+00,1.615988e+00,-1.059138e+00,5.227523e+00,4.079783e-02,0,0,-1.067708e-05,-6.486015e-02,3.633775e-01,1.018922e+00,-1.978984e-01,-8.345150e-01,-6.933575e-01,-5.465184e-01,3.104104e-01,-1.073025e+00,-1.179151e-01,-4.738745e-01,-7.508419e-01,-1.154427e-02,0,0
1.012786e-03,-1.818653e+01,2.192326e+00,-3.196189e+00,2.103376e+00,3.118321e+00,3.399245e+00,6.134651e-01,1.801992e+00,-2.732198e+00,3.231747e+00,3.459148e-01,4.230427e+00,1.329707e-02,0,0,-9.634648e-06,-9.612465e-02,3.091356e-01,9.240379e-01,-3.697670e-01,-1.023649e+00,-1.162181e+00,-7.944365e-01,1.038089e+00,-1.639311e-01,4.552585e-01,2.497168e-01,-1.197836e+00,7.555152e-03,0,0
1.010682e-03,-1.788763e+01,2.643336e+00,-1.770658e+00,1.297529e+00,7.628555e-01,2.615853e+00,-3.957391e-02,1.977124e+00,-2.556751e+00,2.225504e+00,-8.038751e-01,8.605964e-01,5.590813e-02,0,0,-7.458998e-06,-3.882427e-02,2.514622e-01,3.338196e-01,-1.794600e-02,-4.794078e-01,-8.324382e-01,-2.761543e-01,1.087733e+00,9.128739e-01,3.490862e-01,8.147880e-01,-3.558097e-01,2.484134e-02,0,0
1.001324e-03,-1.832023e+01,2.360405e+00,-2.593324e+00,2.109423e+00,1.101588e+00,5.750701e-01,-4.858228e-01,4.617391e+00,1.332647e+00,4.370386e+00,1.194716e+00,1.969962e+00,1.051677e-01,0,0,-4.394865e-06,-1.895165e-01,1.098528e-01,-5.392094e-02,4.372227e-01,6.319383e-01,2.264667e-01,7.816998e-01,2.061435e-01,1.238761e+00,2.734570e-01,1.233879e+00,1.148907e+00,1.773950e-02,0,0
1.004140e-03,-1.822046e+01,3.008949e+00,-2.746794e+00,3.254705e+00,2.642417e+00,2.453415e+00,2.098482e+00,3.432816e+00,1.398929e+00,2.792099e+00,2.590401e+00,4.578707e+00,1.190692e-01,0,0,-1.086434e-06,-1.710472e-01,-1.220179e-03,-3.096836e-01,4.045424e-01,1.474167e+00,1.473767e+00,1.415882e+00,-1.619737e-01,6.544790e-01,-2.833831e-01,1.047143e+00,1.659580e+00,-1.054699e-02,0,0
9.940825e-04,-1.896769e+01,2.558784e+00,-2.977726e+00,3.310901e+00,5.338232e+00,4.612798e+00,3.452936e+00,2.104863e+00,1.483768e+00,4.315734e+00,4.818171e+00,8.115909e+00,7.041403e-02,0,0,-2.984074e-07,4.035492e-02,-5.841274e-02,-1.780959e-01,1.424465e-01,1.452658e+00,2.162143e+00,1.581382e+00,-1.515848e-01,1.309182e-01,-7.686461e-01,1.864976e-01,1.063195e-01,-2.840737e-02,0,0
1.008870e-03,-1.841913e+01,2.538046e+00,-3.126876e+00,2.719502e+00,6.015371e+00,7.965823e+00,5.070459e+00,2.423520e+00,6.400840e-01,8.359146e-01,2.620113e+00,6.085523e+00,2.055001e-02,0,0,-2.192077e-06,2.002831e-01,-2.101560e-01,-2.863705e-01,-2.418681e-01,7.529252e-01,1.579617e+00,1.066654e+00,7.339998e-01,-9.916072e-02,-7.250761e-01,-4.599358e-01,-1.371299e+00,-2.187972e-02,0,0
9.974670e-04,-1.801912e+01,2.303793e+00,-3.293762e+00,3.089257e+00,6.678400e+00,8.629580e+00,5.935100e+00,4.364115e+00,2.366661e+00,1.505248e+00,2.112348e+00,1.748151e+00,1.239045e-02,0,0,-6.472913e-06,3.165527e-01,-1.046843e-01,-4.607943e-01,-6.406639e-01,-9.504037e-02,4.403749e-01,2.603394e-01,9.930836e-01,-4.946368e-01,-3.555139e-01,-1.969385e-01,-1.565741e+00,7.252941e-04,0,0
9.914872e-04,-1.769333e+01,2.085664e+00,-4.020628e+00,2.156187e+00,5.736959e+00,8.343107e+00,6.190669e+00,5.973189e+00,4.616784e-01,5.719622e-01,1.643633e+00,9.060929e-01,3.868238e-02,0,0,-1.221314e-05,5.286751e-02,-1.536766e-01,-6.735194e-01,-1.107295e+00,-5.122832e-01,-3.796643e-01,-5.010440e-01,5.836475e-01,-1.046104e+00,3.153824e-01,6.697922e-01,2.216578e-02,1.692354e-02,0,0
9.704095e-04,-1.774783e+01,2.261554e+00,-4.834821e+00,3.892396e-01,5.002236e+00,6.626030e+00,4.194528e+00,5.295446e+00,-9.002134e-01,2.670141e+00,4.321718e+00,2.876919e+00,6.497432e-02,0,0,-1.024211e-05,-1.139757e-01,-1.320902e-01,-6.563677e-01,-1.273559e+00,-6.217649e-01,-4.394439e-01,-7.754294e-01,-7.314348e-03,-1.406599e+00,1.908683e-01,8.724836e-01,1.249351e+00,1.731641e-02,0,0
9.613333e-04,-1.829044e+01,1.790783e+00,-5.723943e+00,-1.466962e+00,4.292037e+00,7.069276e+00,3.435525e+00,4.876092e+00,-2.956998e+00,1.830380e+00,4.864389e+00,5.631968e+00,7.887580e-02,0,0,-6.938388e-06,-1.736836e-01,-1.060534e-01,-4.295753e-01,-9.102500e-01,-3.600045e-01,-2.104415e-01,-6.269291e-01,-2.613548e-01,-8.894137e-01,1.677075e-01,6.984182e-01,1.220680e+00,9.428831e-03,0,0
