pcm_RMSenergy_sma,pcm_fftMag_mfcc_sma[1],pcm_fftMag_mfcc_sma[2],pcm_fftMag_mfcc_sma[3],pcm_fftMag_mfcc_sma[4],pcm_fftMag_mfcc_sma[5],pcm_fftMag_mfcc_sma[6],pcm_fftMag_mfcc_sma[7],pcm_fftMag_mfcc_sma[8],pcm_fftMag_mfcc_sma[9],pcm_fftMag_mfcc_sma[10],pcm_fftMag_mfcc_sma[11],pcm_fftMag_mfcc_sma[12],pcm_zcr_sma,F0final_sma,voicingFinalUnclipped_sma,pcm_RMSenergy_sma_de,pcm_fftMag_mfcc_sma_de[1],pcm_fftMag_mfcc_sma_de[2],pcm_fftMag_mfcc_sma_de[3],pcm_fftMag_mfcc_sma_de[4],pcm_fftMag_mfcc_sma_de[5],pcm_fftMag_mfcc_sma_de[6],pcm_fftMag_mfcc_sma_de[7],pcm_fftMag_mfcc_sma_de[8],pcm_fftMag_mfcc_sma_de[9],pcm_fftMag_mfcc_sma_de[10],pcm_fftMag_mfcc_sma_de[11],pcm_fftMag_mfcc_sma_de[12],pcm_zcr_sma_de,F0final_sma_de,voicingFinalUnclipped_sma_de
1.817543e-03,-6.984970e+00,-4.417897e+00,-7.649704e+00,-6.301272e+00,-1.640421e+01,-4.680761e+00,-2.390357e+00,-1.987405e+00,6.575976e+00,-3.765685e+00,-1.011374e+01,6.105126e-01,3.414929e-02,0,7.457073e-01,-1.252312e-04,4.101748e-02,1.049739e+00,2.875149e-01,5.492291e-01,1.333883e+00,8.552133e-01,2.638791e-01,-1.105848e-01,-1.899257e-01,-3.784609e-01,-7.708731e-01,2.015692e-01,6.165004e-03,0,-2.017207e-02
1.588913e-03,-6.917912e+00,-3.263225e+00,-7.118998e+00,-5.452500e+00,-1.425349e+01,-2.391994e+00,-1.483300e+00,-2.751476e+00,7.484619e+00,-4.714498e+00,-1.234817e+01,1.190072e+00,4.684195e-02,0,7.047675e-01,-1.836999e-04,1.577130e-01,1.938814e+00,4.729001e-01,6.789404e-01,2.441122e+00,1.142241e+00,-4.435507e-02,2.951449e-01,-7.236696e-01,-8.678966e-01,-8.585110e-01,1.352999e-01,7.404050e-03,1.296258e+01,-2.674005e-02
1.305701e-03,-6.813412e+00,2.534609e-01,-6.477483e+00,-3.979512e+00,-1.081015e+01,-1.549078e+00,-1.524491e+00,-2.158293e+00,5.172026e+00,-5.183584e+00,-1.285089e+01,1.328579e+00,5.862798e-02,0,6.653168e-01,-1.518303e-04,2.002839e-01,1.816932e+00,1.745400e-01,2.874748e-01,2.969287e+00,1.275731e+00,-4.923879e-01,7.803925e-01,-1.073195e+00,-1.755385e+00,-5.200785e-01,6.438414e-02,4.351768e-03,3.253510e+01,-1.638876e-02
1.154964e-03,-6.282184e+00,2.940492e+00,-5.871315e+00,-4.067450e+00,-6.995623e+00,-5.353985e-01,-3.045066e+00,-4.262364e-01,3.659602e+00,-7.396219e+00,-1.303772e+01,9.279790e-01,5.893019e-02,6.481289e+01,6.522022e-01,-5.567493e-06,1.400919e-01,1.067394e-01,-5.641301e-01,-4.522729e-01,3.068151e+00,1.720526e+00,-1.021256e+00,1.087702e+00,-6.501457e-01,-2.839264e+00,2.549009e-02,-8.505572e-02,-2.145664e-03,5.225226e+01,9.006876e-03
1.275366e-03,-6.301414e+00,1.564907e+00,-7.400846e+00,-5.556423e+00,-5.186703e+00,7.695951e-01,-4.071414e+00,7.519382e-01,3.122510e+00,-1.120175e+01,-1.236936e+01,1.063480e+00,4.986401e-02,1.302690e+02,6.900461e-01,1.706718e-04,-7.245340e-02,-2.211587e+00,-1.342550e+00,-8.704597e-01,3.144291e+00,2.399451e+00,-1.358971e+00,6.979762e-01,-3.883763e-01,-3.520946e+00,1.046350e-01,-4.001303e-01,-6.316108e-03,5.269164e+01,2.896994e-02
1.576244e-03,-6.473451e+00,-3.385251e+00,-9.477967e+00,-6.925409e+00,-1.724458e+00,5.051298e+00,-5.316120e+00,1.231916e+00,5.258648e+00,-1.590174e+01,-1.246149e+01,8.973430e-01,4.049562e-02,1.961268e+02,7.374372e-01,2.999447e-04,-2.710899e-01,-3.510617e+00,-1.758786e+00,-5.183383e-01,3.498052e+00,2.864373e+00,-1.700142e+00,-5.147083e-02,-7.316421e-01,-2.643223e+00,-1.156068e-01,-8.047167e-01,-5.893019e-03,4.703612e+01,3.560327e-02
1.948421e-03,-7.080045e+00,-7.641602e+00,-1.138691e+01,-6.902832e+00,2.275724e+00,7.654827e+00,-7.183819e+00,5.025119e-01,2.430622e+00,-1.853555e+01,-1.261584e+01,-6.567547e-01,3.626473e-02,1.978012e+02,7.675490e-01,3.618642e-04,-2.501228e-01,-3.213827e+00,-1.657634e+00,-6.679692e-02,3.495616e+00,2.493062e+00,-2.277559e+00,-1.134251e+00,-1.330584e+00,-6.938194e-01,-6.926852e-01,-1.094726e+00,-2.901179e-03,4.804713e+01,2.955372e-02
2.318160e-03,-7.248318e+00,-1.000934e+01,-1.267222e+01,-5.985937e+00,6.763425e+00,1.034385e+01,-9.989572e+00,-5.588774e-01,3.473361e-01,-1.694543e+01,-1.349252e+01,-2.235487e+00,3.626473e-02,2.662274e+02,7.914671e-01,3.856475e-04,-9.082861e-02,-2.057027e+00,-1.509579e+00,-1.761622e-02,2.580279e+00,1.210422e+00,-2.548638e+00,-2.087979e+00,-1.469723e+00,1.343241e+00,-1.203781e+00,-8.577381e-01,1.208823e-04,5.556084e+01,2.176178e-02
2.713729e-03,-7.164595e+00,-1.119218e+01,-1.409189e+01,-6.360144e+00,8.047439e+00,1.058863e+01,-1.312248e+01,-4.023918e+00,-1.074756e+00,-1.414900e+01,-1.531727e+01,-2.843736e+00,3.747356e-02,3.354543e+02,8.107998e-01,4.075023e-04,1.157608e-01,-1.090136e+00,-1.341995e+00,-2.626345e-01,1.551287e+00,1.749547e-01,-2.155796e+00,-2.223490e+00,-3.389110e-01,2.355528e+00,-1.152277e+00,-1.755814e-01,2.115443e-03,5.601884e+01,1.723964e-02
3.121827e-03,-6.885319e+00,-1.189510e+01,-1.567337e+01,-7.284834e+00,8.291080e+00,9.636503e+00,-1.508998e+01,-6.944761e+00,-3.372762e-01,-1.137881e+01,-1.712967e+01,-2.297857e+00,4.049562e-02,4.051045e+02,8.246208e-01,4.255997e-04,1.675863e-01,-5.598556e-01,-1.098103e+00,-3.382230e-01,8.744408e-01,-2.979872e-01,-1.020453e+00,-1.631841e+00,6.762509e-01,2.164632e+00,-4.482446e-01,2.761756e-01,3.626473e-03,3.639709e+01,1.355370e-02
3.584099e-03,-6.682741e+00,-1.214940e+01,-1.659630e+01,-7.566556e+00,9.268332e+00,8.883273e+00,-1.541259e+01,-7.421997e+00,1.078373e+00,-9.541225e+00,-1.655864e+01,-1.503477e+00,4.472650e-02,4.084569e+02,8.371704e-01,4.379251e-04,1.102986e-01,-2.826319e-01,-7.192443e-01,1.056291e-01,9.426891e-01,2.533206e-01,2.701502e-01,-4.874019e-01,1.306651e+00,1.884434e+00,5.190727e-01,1.662173e-01,4.412210e-03,1.656076e+01,1.037529e-02
4.010973e-03,-6.651314e+00,-1.233001e+01,-1.691052e+01,-7.073846e+00,1.052518e+01,9.706592e+00,-1.394678e+01,-7.019043e+00,2.652026e+00,-8.426161e+00,-1.511305e+01,-1.524739e+00,5.077063e-02,4.117116e+02,8.460503e-01,4.299268e-04,5.716982e-02,-1.790553e-01,-4.052435e-01,5.159428e-01,7.162946e-01,8.237230e-01,8.948429e-01,-2.266083e-02,1.187711e+00,1.524572e+00,9.228061e-01,-5.027170e-01,4.110003e-03,3.313541e+00,7.773435e-03
4.458781e-03,-6.730105e+00,-1.238789e+01,-1.706954e+01,-5.937492e+00,1.164383e+01,1.182019e+01,-1.234333e+01,-6.423787e+00,3.963849e+00,-6.203156e+00,-1.373022e+01,-2.399208e+00,5.439710e-02,4.149546e+02,8.519614e-01,4.273571e-04,9.444670e-02,-1.370283e-01,-3.935417e-01,4.567338e-01,1.295150e-01,7.349175e-01,5.845156e-01,-1.604047e-01,5.344187e-01,1.055450e+00,3.154313e-01,-1.183430e+00,2.961620e-03,3.372833e+00,4.868728e-03
4.834120e-03,-6.575788e+00,-1.267113e+01,-1.746297e+01,-5.519652e+00,1.068480e+01,1.228666e+01,-1.215040e+01,-7.557170e+00,4.158543e+00,-5.424985e+00,-1.392986e+01,-4.363576e+00,5.621034e-02,4.184233e+02,8.560925e-01,4.136568e-04,2.737508e-01,2.547455e-03,-3.678063e-01,1.814233e-01,-2.900246e-01,2.470101e-01,-2.183715e-01,-3.111267e-01,-9.920673e-02,3.070130e-01,-4.406942e-01,-1.441622e+00,1.571472e-03,3.359958e+00,3.172928e-03
5.309311e-03,-6.248270e+00,-1.266398e+01,-1.828779e+01,-6.059984e+00,9.836097e+00,1.126783e+01,-1.338821e+01,-7.954957e+00,2.997208e+00,-5.764565e+00,-1.557308e+01,-6.001208e+00,5.681475e-02,4.219652e+02,8.564930e-01,3.798849e-04,3.884753e-01,1.310097e-01,-2.577488e-01,-2.255084e-01,-3.193183e-01,-3.052739e-01,-6.806402e-01,-2.071008e-01,-7.017676e-01,-3.469195e-01,-9.412438e-01,-1.394394e+00,8.461766e-04,3.175140e+00,1.725030e-03
5.653992e-03,-5.523477e+00,-1.217922e+01,-1.814043e+01,-6.105484e+00,9.978928e+00,1.121782e+01,-1.451620e+01,-7.809092e+00,2.639313e+00,-7.110392e+00,-1.639509e+01,-6.931850e+00,5.741916e-02,4.250061e+02,8.596492e-01,3.373756e-04,3.544072e-01,3.865824e-02,2.420406e-02,-4.037820e-01,7.538605e-03,-2.521238e-01,-4.555840e-01,1.436758e-01,-6.868339e-01,-4.951850e-01,-9.757769e-01,-1.156371e+00,4.230883e-04,2.680859e+00,1.126546e-03
5.948269e-03,-5.313884e+00,-1.197879e+01,-1.801955e+01,-6.772118e+00,1.040018e+01,1.082824e+01,-1.456363e+01,-7.333330e+00,1.214626e+00,-7.095050e+00,-1.720382e+01,-8.087039e+00,5.802357e-02,4.275389e+02,8.588082e-01,2.854682e-04,1.904606e-01,-1.586971e-01,1.990959e-01,-5.348147e-01,3.150555e-01,-2.392890e-01,2.244545e-01,3.238944e-01,-2.091058e-01,-1.209013e-01,-8.397387e-01,-6.412171e-01,2.115436e-04,1.907007e+00,6.807923e-04
6.201519e-03,-5.270945e+00,-1.282044e+01,-1.747607e+01,-7.182495e+00,1.044045e+01,1.124583e+01,-1.384061e+01,-7.149605e+00,1.615664e+00,-7.235668e+00,-1.799337e+01,-9.102517e+00,5.772137e-02,4.290407e+02,8.605676e-01,2.590308e-04,4.174552e-02,-3.185274e-01,2.167971e-01,-6.071650e-01,6.400695e-01,-4.509551e-01,6.452861e-01,3.798546e-01,4.048752e-01,1.646215e-01,-6.803452e-01,1.963472e-01,3.021993e-05,9.134521e-01,-1.367569e-04
6.462889e-03,-5.422233e+00,-1.313686e+01,-1.762449e+01,-8.195552e+00,1.118061e+01,1.005738e+01,-1.260373e+01,-6.665228e+00,2.463503e+00,-6.306433e+00,-1.897264e+01,-8.121960e+00,5.772137e-02,4.294829e+02,8.594378e-01,2.076755e-04,-4.940033e-04,-2.542488e-01,2.421432e-01,-3.878788e-01,9.693565e-01,-7.052398e-01,8.126637e-01,4.438175e-01,8.037586e-01,3.649507e-01,-4.054863e-01,1.002494e+00,-6.044134e-05,-1.219421e-01,-1.073784e-03
6.691836e-03,-5.260575e+00,-1.319282e+01,-1.725397e+01,-8.429592e+00,1.278906e+01,9.348479e+00,-1.226972e+01,-6.243870e+00,4.039250e+00,-6.681592e+00,-1.891241e+01,-5.932654e+00,5.772137e-02,4.286013e+02,8.586506e-01,1.115511e-04,-4.688935e-02,-1.449096e-01,3.194439e-01,-2.434209e-01,1.003914e+00,-8.300124e-01,5.907666e-01,4.945129e-01,6.262368e-01,2.810754e-01,-2.591618e-01,1.146760e+00,-3.022052e-04,-8.515747e-01,-3.231877e-03
6.741488e-03,-5.321539e+00,-1.306384e+01,-1.691988e+01,-8.087963e+00,1.407266e+01,8.250717e+00,-1.128576e+01,-5.567110e+00,4.021626e+00,-5.547334e+00,-1.877173e+01,-4.659499e+00,5.772137e-02,4.271489e+02,8.543978e-01,-3.376515e-05,-1.483648e-01,-1.748339e-01,3.622704e-01,-9.733906e-02,5.370370e-01,-5.815995e-01,2.092443e-01,5.723091e-01,2.483342e-01,2.510386e-02,-3.575102e-01,7.990103e-01,-1.057721e-03,-1.206763e+00,-5.515289e-03
6.619975e-03,-5.555739e+00,-1.358149e+01,-1.623115e+01,-8.453394e+00,1.401400e+01,7.999102e+00,-1.154576e+01,-5.226099e+00,3.967787e+00,-6.209840e+00,-1.938963e+01,-5.099946e+00,5.621034e-02,4.259499e+02,8.469282e-01,-1.930967e-04,-2.607961e-01,-9.402809e-02,2.064369e-01,-1.762582e-01,8.073712e-03,-4.007885e-01,1.409826e-02,8.691756e-01,1.428123e-01,-1.858104e-01,-5.921116e-01,7.989401e-01,-2.024781e-03,-1.215240e+00,-7.193053e-03
6.329994e-03,-6.016475e+00,-1.381670e+01,-1.632455e+01,-8.670346e+00,1.325333e+01,7.824068e+00,-1.191949e+01,-4.312567e+00,3.740906e+00,-6.416790e+00,-2.052157e+01,-4.543262e+00,5.318828e-02,4.247748e+02,8.377225e-01,-2.640935e-04,-2.498477e-01,-4.342194e-02,-1.762447e-02,-2.105635e-01,-2.996768e-01,-3.062128e-01,-3.674030e-03,1.324351e+00,3.669525e-01,-3.318457e-01,-5.488157e-01,1.079022e+00,-2.870959e-03,-1.136920e+00,-6.278676e-03
5.932100e-03,-6.217087e+00,-1.328654e+01,-1.651945e+01,-9.019691e+00,1.323909e+01,7.557861e+00,-1.188236e+01,-2.525263e+00,4.893672e+00,-7.175917e+00,-2.099804e+01,-1.996072e+00,4.986401e-02,4.237122e+02,8.310230e-01,-2.295087e-04,-1.547323e-01,-2.014189e-02,-2.454199e-01,-7.381163e-02,-4.328597e-01,-5.034752e-01,2.811863e-01,1.745300e+00,4.667976e-01,-1.258707e-01,-3.416511e-01,1.401489e+00,-3.203386e-03,-1.114194e+00,-2.835530e-03
5.764958e-03,-6.240103e+00,-1.342843e+01,-1.686385e+01,-8.857632e+00,1.296173e+01,6.940273e+00,-1.113583e+01,-2.957728e-01,5.393446e+00,-6.723525e+00,-2.071160e+01,-8.163264e-01,4.653974e-02,4.225831e+02,8.309570e-01,-1.271242e-04,-5.596919e-02,-1.448987e-01,-1.720179e-01,1.484909e-02,-6.344245e-01,-8.326933e-01,7.511927e-01,1.720384e+00,4.223895e-01,9.316683e-03,-2.244274e-01,1.252023e+00,-3.173164e-03,-1.146042e+00,1.421350e-03
5.754950e-03,-6.217587e+00,-1.387634e+01,-1.718860e+01,-8.728809e+00,1.199550e+01,5.923624e+00,-1.053166e+01,1.492003e+00,5.475504e+00,-6.685827e+00,-2.100287e+01,4.402949e-02,4.351768e-02,4.214747e+02,8.361333e-01,-6.171772e-05,-7.154684e-02,-2.402302e-01,-2.274914e-02,1.583968e-01,-1.278188e+00,-1.283764e+00,1.283500e+00,1.476770e+00,-1.996303e-01,1.200463e-01,-4.274099e-01,1.123074e+00,-2.901178e-03,-1.200562e+00,4.554105e-03
5.782948e-03,-6.296072e+00,-1.424629e+01,-1.685007e+01,-8.741542e+00,1.070300e+01,4.477721e+00,-8.838875e+00,2.280721e+00,5.561937e+00,-6.615252e+00,-2.164130e+01,6.968028e-01,4.049562e-02,4.201633e+02,8.422741e-01,-1.218974e-04,-8.182492e-02,-2.172451e-02,1.666082e-01,1.366231e-01,-2.038908e+00,-1.607711e+00,1.784666e+00,1.421349e+00,-6.951635e-01,6.394591e-02,-2.810082e-01,1.183816e+00,-2.326986e-03,-1.059901e+01,-1.901770e-03
5.614516e-03,-6.546837e+00,-1.407876e+01,-1.664009e+01,-8.285752e+00,7.977515e+00,2.370320e+00,-6.613333e+00,3.570341e+00,3.811275e+00,-6.629822e+00,-2.267025e+01,2.862732e+00,3.838018e-02,4.189193e+02,8.481349e-01,-2.893598e-04,-2.327919e-03,3.739299e-01,2.265665e-01,1.260712e-01,-2.948011e+00,-1.610272e+00,2.095313e+00,1.669392e+00,-8.787314e-01,7.229662e-03,3.669252e-01,1.092770e+00,-1.813237e-03,-2.911934e+01,-8.851248e-03
5.225688e-03,-6.484602e+00,-1.343584e+01,-1.630507e+01,-8.396045e+00,4.776179e+00,6.783699e-01,-4.171661e+00,5.771801e+00,2.749744e+00,-6.431798e+00,-2.128296e+01,3.693404e+00,3.747356e-02,3.708658e+02,8.154473e-01,-5.415786e-04,2.454668e-01,9.091013e-01,2.321442e-01,-3.134146e-02,-3.870719e+00,-1.508180e+00,1.526733e+00,1.691975e+00,-5.700387e-01,-2.033485e-01,1.386354e+00,4.277350e-01,-1.390148e-03,-4.981690e+01,-1.624213e-02
4.586781e-03,-6.134961e+00,-1.241191e+01,-1.632827e+01,-8.271202e+00,2.188543e-01,-2.280620e-01,-2.388703e+00,8.093422e+00,2.487944e+00,-6.741405e+00,-1.934742e+01,4.009576e+00,3.596253e-02,3.005268e+02,8.052905e-01,-7.719955e-04,5.491589e-01,1.728025e+00,4.884337e-01,1.381010e-01,-3.943066e+00,-2.005475e+00,3.269905e-01,9.340912e-01,3.165120e-01,9.142613e-02,2.386098e+00,-1.096135e+00,-1.359927e-03,-5.628695e+01,-1.527435e-02
3.588923e-03,-5.274676e+00,-1.053421e+01,-1.584526e+01,-8.905524e+00,-4.771266e+00,-1.763989e+00,-3.317526e+00,8.479055e+00,3.373409e+00,-7.576202e+00,-1.637094e+01,2.262056e+00,3.475371e-02,2.302751e+02,7.824857e-01,-8.876867e-04,6.549577e-01,2.553128e+00,1.076846e+00,5.237821e-01,-3.221597e+00,-2.955364e+00,-1.535789e+00,-1.928867e-01,4.427468e-01,6.182269e-01,2.680742e+00,-2.312452e+00,-1.329707e-03,-4.189702e+01,-1.138791e-02
2.572920e-03,-4.406006e+00,-6.889447e+00,-1.442783e+01,-7.340508e+00,-6.964091e+00,-6.435875e+00,-5.405447e+00,6.887170e+00,5.082002e+00,-5.600489e+00,-1.319576e+01,-1.902269e+00,3.294047e-02,2.077799e+02,7.882440e-01,-7.989264e-04,5.204005e-01,3.078864e+00,1.647292e+00,1.238591e+00,-1.627211e+00,-3.685944e+00,-2.743720e+00,-1.023388e+00,-1.303883e-02,1.053891e+00,2.669664e+00,-2.569760e+00,-1.027501e-03,-2.083203e+01,-1.172990e-02
1.794184e-03,-4.074292e+00,-3.431434e+00,-1.187105e+01,-6.242481e+00,-7.740336e+00,-1.099454e+01,-1.034223e+01,5.410494e+00,3.666448e+00,-3.911121e+00,-1.095508e+01,-4.912931e+00,3.233605e-02,2.077542e+02,7.670310e-01,-5.462171e-04,2.215865e-01,2.794617e+00,1.700121e+00,1.570144e+00,-1.560861e-01,-3.176136e+00,-2.824433e+00,-1.182524e+00,-1.119498e+00,4.216101e-01,1.915626e+00,-9.005359e-01,-4.533097e-04,-4.788402e+00,-1.186550e-02
1.489518e-03,-4.133150e+00,-5.689760e-01,-1.007891e+01,-3.409767e+00,-6.432665e+00,-1.404251e+01,-1.259495e+01,4.510763e+00,2.276230e+00,-3.304490e+00,-8.707029e+00,-5.251729e+00,3.203385e-02,2.076271e+02,7.543683e-01,-2.531211e-04,-1.188498e-01,1.735546e+00,1.298205e+00,9.045812e-01,4.384098e-01,-2.059087e+00,-1.229574e+00,-9.102052e-01,-1.964531e+00,-3.948824e-01,1.018159e+00,1.085079e+00,1.813240e-04,-5.018875e-01,-1.493115e-02
1.399539e-03,-4.303171e+00,2.786399e-01,-9.519115e+00,-3.020173e+00,-5.817409e+00,-1.384136e+01,-1.384494e+01,3.754639e+00,-8.211944e-01,-6.616151e+00,-9.037178e+00,-5.658944e-01,3.294047e-02,2.064095e+02,7.400961e-01,-1.767836e-06,-3.601736e-01,2.429101e-01,9.471151e-01,-6.011772e-01,-1.632678e-01,-7.475475e-01,1.279911e+00,-9.239308e-01,-1.571506e+00,-5.903847e-02,2.875886e-01,1.973668e+00,3.324270e-04,-6.639847e-01,-9.490997e-03
1.504638e-03,-4.885815e+00,-6.675287e-02,-9.112774e+00,-4.428755e+00,-5.733505e+00,-1.530790e+01,-9.801963e+00,3.164071e+00,-2.496830e+00,-6.222386e+00,-9.063916e+00,1.349606e+00,3.354488e-02,2.059428e+02,7.270557e-01,1.711526e-04,-6.435605e-01,-1.166790e+00,1.141716e+00,-2.448081e+00,-1.457239e+00,3.568098e-01,3.153409e+00,-1.017689e+00,-6.750879e-01,1.792344e+00,-5.413141e-02,1.176004e+00,5.137500e-04,-6.150192e-01,-1.532537e-03
1.777785e-03,-5.498827e+00,-2.467995e+00,-7.618545e+00,-8.738873e+00,-8.906255e+00,-1.409958e+01,-5.339173e+00,1.464185e+00,-1.804553e+00,-2.747366e+00,-9.338691e+00,1.654743e+00,3.324267e-02,2.052764e+02,7.332323e-01,2.768243e-04,-8.199911e-01,-1.855975e+00,1.544981e+00,-3.122734e+00,-2.557042e+00,1.521568e+00,3.602531e+00,-1.161549e+00,3.538696e-01,3.988338e+00,1.085281e-03,-3.896081e-01,1.178604e-03,-4.550034e-01,8.025992e-03
2.156158e-03,-6.753124e+00,-5.029610e+00,-5.320613e+00,-1.279082e+01,-1.217444e+01,-1.212934e+01,-1.080789e+00,5.675456e-01,-6.075302e-01,3.722837e+00,-8.826930e+00,-4.820300e-01,3.445150e-02,2.051185e+02,7.501375e-01,2.900033e-04,-9.248432e-01,-1.637765e+00,1.560863e+00,-2.630646e+00,-2.705134e+00,2.353577e+00,2.272419e+00,-1.438099e+00,4.407619e-01,4.294887e+00,-3.994702e-01,-1.182014e+00,1.903898e-03,-4.305710e-01,1.213146e-02
2.457900e-03,-7.469472e+00,-6.519806e+00,-3.690289e+00,-1.445281e+01,-1.538215e+01,-7.822793e+00,-1.928696e-01,-7.548444e-01,3.503402e-03,8.352929e+00,-9.150245e+00,-1.598117e+00,3.838018e-02,2.045466e+02,7.686852e-01,2.123012e-04,-8.192810e-01,-6.613654e-01,1.271637e+00,-1.386434e+00,-2.360618e+00,2.161852e+00,8.283134e-01,-1.707180e+00,-2.826076e-01,3.121471e+00,-1.084905e+00,-1.350202e+00,1.571472e-03,-4.831161e-01,8.835489e-03
2.614597e-03,-8.524709e+00,-6.229673e+00,-3.272586e+00,-1.472502e+01,-1.602123e+01,-6.678413e+00,-1.013018e+00,-2.916911e+00,-1.197049e+00,9.701900e+00,-1.115549e+01,-2.934031e+00,4.049562e-02,2.041548e+02,7.699866e-01,7.920091e-05,-4.732201e-01,3.472022e-01,7.732434e-01,-3.477916e-01,-2.134570e+00,1.502719e+00,-4.386346e-01,-2.295227e+00,-8.560120e-01,1.280153e+00,-1.613111e+00,-9.357327e-01,-6.346327e-04,-7.923126e-01,2.512836e-03
2.610072e-03,-8.709440e+00,-5.174791e+00,-2.284376e+00,-1.470395e+01,-1.878595e+01,-6.015785e+00,-1.231492e+00,-5.329485e+00,-2.922832e+00,9.870457e+00,-1.359894e+01,-3.870266e+00,3.807797e-02,2.033426e+02,7.674852e-01,-4.786884e-05,3.843079e-02,9.968670e-01,5.782236e-01,2.831479e-01,-1.959719e+00,6.816567e-01,-7.507912e-01,-2.344929e+00,-8.035133e-01,2.656400e-01,-1.382303e+00,-2.837641e-01,-3.142944e-03,-1.077373e+00,-2.395946e-03
2.476077e-03,-8.499241e+00,-3.966106e+00,-2.157352e+00,-1.440421e+01,-2.114539e+01,-5.519251e+00,-2.754651e+00,-8.621269e+00,-3.424423e+00,9.364837e+00,-1.466814e+01,-4.024619e+00,3.142944e-02,2.017590e+02,7.633017e-01,-1.373776e-04,5.453526e-01,1.168275e+00,3.364536e-01,8.828144e-01,-1.492837e+00,4.523918e-01,-6.616807e-01,-2.340996e+00,-4.850092e-02,1.375099e-01,-5.185285e-01,7.521728e-01,-4.110003e-03,-1.272804e+00,-3.945416e-03
2.287816e-03,-7.290052e+00,-2.667254e+00,-1.356787e+00,-1.319747e+01,-2.261867e+01,-4.994091e+00,-3.076009e+00,-9.627313e+00,-2.900377e+00,9.849661e+00,-1.430543e+01,-2.471644e+00,2.719855e-02,2.003577e+02,7.600479e-01,-1.913705e-04,7.312723e-01,1.058414e+00,-1.354487e-01,1.433506e+00,-3.941826e-01,2.832503e-01,-3.993968e-01,-2.329108e+00,4.152852e-01,-4.316769e-02,9.908295e-02,1.614312e+00,-2.478090e-03,-1.065372e+00,-6.139243e-03
2.088837e-03,-6.507639e+00,-1.642066e+00,-2.054112e+00,-1.106419e+01,-2.156906e+01,-4.927301e+00,-3.399162e+00,-1.247298e+01,-1.450781e+00,1.039985e+01,-1.339489e+01,1.275214e-01,2.538531e-02,1.992833e+02,7.539782e-01,-2.338893e-04,5.008627e-01,1.008455e+00,-1.953617e-01,1.909920e+00,6.809809e-01,3.683706e-01,-1.313522e-01,-2.194496e+00,3.311116e-01,-3.327935e-01,4.899811e-01,1.571520e+00,5.137507e-04,-1.390210e+01,-1.409894e-02
1.846839e-03,-6.048879e+00,-1.044742e+00,-3.013240e+00,-9.206433e+00,-2.054503e+01,-4.895509e+00,-2.906220e+00,-1.504917e+01,-1.833226e+00,9.137113e+00,-1.374015e+01,2.125223e+00,2.870958e-02,1.992536e+02,7.414507e-01,-2.651794e-04,1.467819e-02,1.152266e+00,-7.577789e-02,1.909660e+00,1.337958e+00,5.847543e-01,1.994412e-01,-1.425494e+00,-2.024648e-02,-1.410610e+00,8.105429e-01,3.538736e-01,3.686916e-03,-3.341185e+01,-2.698743e-02
1.527119e-03,-6.615514e+00,2.649117e-01,-2.305935e+00,-6.850133e+00,-1.877730e+01,-3.726690e+00,-3.496307e+00,-1.688282e+01,-2.302440e+00,8.057143e+00,-1.250088e+01,1.534547e+00,3.324267e-02,1.328005e+02,7.021056e-01,-2.577636e-04,-3.313739e-01,1.534350e+00,7.643243e-01,1.892658e+00,1.545403e+00,3.763934e-01,3.858979e-01,7.557983e-01,-1.415656e-01,-1.971355e+00,1.714457e+00,-1.057041e+00,4.805078e-03,-5.312804e+01,-3.682042e-02
1.242778e-03,-7.162724e+00,2.140587e+00,-1.609765e+00,-5.756199e+00,-1.732475e+01,-2.670625e+00,-2.030231e+00,-1.454986e+01,-2.575780e+00,3.967964e+00,-1.069972e+01,-1.405789e+00,4.170445e-02,6.653984e+01,6.510471e-01,-1.955061e-04,-4.855999e-01,1.816456e+00,1.243646e+00,1.897849e+00,1.849396e+00,6.398761e-02,3.888575e-01,2.387035e+00,3.401242e-01,-1.822433e+00,2.035711e+00,-1.878436e+00,4.170445e-03,-5.313078e+01,-3.768011e-02
1.102049e-03,-7.607586e+00,4.437022e+00,1.065772e+00,-3.326015e+00,-1.545218e+01,-4.157776e+00,-1.907667e+00,-8.943639e+00,-1.787332e+00,3.127647e+00,-6.342816e+00,-3.392176e+00,4.291327e-02,0,6.150779e-01,-9.409111e-05,-3.821690e-01,1.591742e+00,1.358355e+00,1.663007e+00,1.636057e+00,-5.449181e-01,2.493169e-02,2.495240e+00,6.609519e-01,-5.351101e-01,1.374916e+00,-1.350574e+00,1.692354e-03,-3.321409e+01,-2.301340e-02
1.081843e-03,-7.980843e+00,5.951481e+00,1.519137e+00,-1.479247e+00,-1.296061e+01,-4.360027e+00,-1.756252e+00,-7.083583e+00,-3.901590e-01,2.489695e+00,-6.640627e+00,-4.803597e+00,4.472651e-02,0,5.965640e-01,6.127625e-06,-2.028923e-01,8.648809e-01,1.109990e+00,8.606602e-01,8.025406e-01,-5.504211e-01,-6.143662e-01,4.188761e-01,7.382705e-01,1.093482e+00,2.269104e-01,-2.601146e-01,-1.239046e-03,-1.690765e-01,-1.409012e-03
1.137130e-03,-8.117300e+00,6.318176e+00,2.921391e+00,-6.735759e-01,-1.277909e+01,-5.606579e+00,-3.508638e+00,-8.139760e+00,-9.049096e-02,6.120728e+00,-7.655844e+00,-3.519420e+00,4.019341e-02,0,6.142801e-01,9.242987e-05,4.820833e-02,-3.326363e-02,4.982989e-01,-5.096551e-01,-8.330700e-01,-1.615612e-01,-1.037277e+00,-1.844425e+00,4.311356e-01,1.771460e+00,-1.021996e+00,1.136407e+00,-3.384709e-03,3.288409e+01,2.013859e-02
1.255875e-03,-7.922329e+00,5.524414e+00,3.012378e+00,-2.779118e+00,-1.464859e+01,-4.698329e+00,-4.301577e+00,-1.285742e+01,2.671515e-01,7.938835e+00,-8.908655e+00,-2.642741e+00,3.686915e-02,6.569446e+01,6.444009e-01,1.598220e-04,2.001852e-01,-7.626702e-01,7.154384e-02,-1.590371e+00,-2.137571e+00,2.471693e-01,-1.453019e+00,-2.803198e+00,-1.035600e-01,1.415567e+00,-9.698517e-01,1.756661e+00,-4.895740e-03,6.533773e+01,3.181955e-02
1.477183e-03,-7.395802e+00,4.484237e+00,2.810646e+00,-5.224355e+00,-1.877353e+01,-4.796431e+00,-5.821387e+00,-1.527885e+01,3.969038e-02,9.260375e+00,-1.031878e+01,1.209433e+00,2.991840e-02,1.315732e+02,6.918524e-01,2.045351e-04,1.212858e-01,-9.792935e-01,-4.827974e-01,-1.920034e+00,-2.306199e+00,9.742191e-01,-1.178628e+00,-2.418017e+00,-4.773418e-01,3.328846e-01,-9.447280e-01,1.735964e+00,-4.533092e-03,8.416682e+01,2.986021e-02
1.710927e-03,-7.340666e+00,3.055100e+00,1.932229e+00,-7.155713e+00,-2.065124e+01,-3.529255e+00,-7.864973e+00,-1.753003e+01,-9.730499e-01,7.997707e+00,-1.015842e+01,1.615281e+00,2.538531e-02,2.609020e+02,7.168756e-01,2.012599e-04,-1.127930e-01,-7.968014e-01,-5.330039e-01,-1.850394e+00,-1.627582e+00,1.161960e+00,-5.018295e-01,-8.560907e-01,-9.852290e-01,-2.065070e-01,-8.000458e-01,1.237742e+00,-3.324267e-03,8.287101e+01,2.049856e-02
1.932280e-03,-7.801702e+00,2.656366e+00,1.047479e+00,-8.085446e+00,-2.130876e+01,-1.320021e+00,-7.620081e+00,-1.789354e+01,-1.857099e+00,7.755714e+00,-1.175460e+01,3.031388e+00,2.326987e-02,3.232303e+02,7.273438e-01,1.605772e-04,-4.013144e-01,-3.119877e-01,-3.675480e-01,-1.657664e+00,-8.185596e-01,1.212179e+00,2.679648e-01,4.840007e-01,-9.602116e-01,-2.914875e-01,-1.168634e+00,6.278111e-01,-1.329706e-03,6.223074e+01,9.816980e-03
2.034626e-03,-8.283343e+00,2.454343e+00,1.228942e+00,-1.060054e+01,-2.151889e+01,-6.267344e-01,-5.911377e+00,-1.583053e+01,-3.710599e+00,7.658630e+00,-1.219097e+01,2.634991e+00,2.357208e-02,3.842209e+02,7.291480e-01,8.593399e-05,-4.650693e-01,1.189820e-01,-1.508618e-01,-1.496425e+00,-4.137298e-01,5.982571e-01,3.322989e-01,1.633268e+00,-7.012554e-01,3.190265e-02,-1.769735e+00,3.528851e-01,4.533095e-04,2.931662e+01,3.460795e-03
2.118219e-03,-8.931035e+00,3.224677e+00,1.324549e+00,-1.179026e+01,-2.243251e+01,-1.867956e-01,-5.458361e+00,-1.370859e+01,-3.392594e+00,7.972476e+00,-1.514567e+01,3.838634e+00,2.417649e-02,3.810675e+02,7.348011e-01,1.191746e-05,-4.232994e-01,1.821417e-01,-8.185495e-02,-9.314502e-01,-1.844511e-01,1.140440e-02,-4.076908e-01,1.593745e+00,-9.320209e-02,7.270422e-02,-1.372862e+00,-2.415891e-01,1.692354e-03,1.017492e+01,-5.053401e-04
2.047627e-03,-9.101346e+00,3.365854e+00,1.039385e+00,-1.278543e+01,-2.215802e+01,-1.104582e+00,-7.284338e+00,-1.145617e+01,-3.711580e+00,8.048840e+00,-1.731155e+01,2.976084e+00,2.719855e-02,3.785666e+02,7.304509e-01,-3.644528e-05,-3.246172e-01,9.903841e-02,-1.559305e-02,-2.123506e-01,2.858585e-01,-5.282170e-02,-8.867677e-01,1.164625e+00,5.327724e-01,1.763568e-01,-3.836080e-01,-3.727536e-01,2.508311e-03,-2.117245e+00,-4.159224e-03
1.985367e-03,-9.509198e+00,3.111319e+00,7.329827e-01,-1.165025e+01,-2.191146e+01,-1.024075e+00,-8.972054e+00,-1.211200e+01,-2.322619e+00,7.924131e+00,-1.605862e+01,1.652895e+00,2.991840e-02,3.769321e+02,7.241656e-01,-5.714273e-05,-2.608432e-01,-4.596724e-02,5.390517e-02,-2.315893e-02,8.238096e-01,3.573866e-01,-7.611306e-01,4.341299e-01,9.143485e-01,2.457536e-01,1.041367e+00,-6.790218e-01,2.478091e-03,-2.646379e+01,-9.164155e-03
1.918826e-03,-9.617348e+00,3.006214e+00,1.446760e+00,-1.173230e+01,-2.035013e+01,-4.722032e-01,-8.588368e+00,-1.080570e+01,-1.581724e+00,8.564587e+00,-1.365254e+01,1.864092e+00,3.324267e-02,3.757024e+02,7.136696e-01,-4.502434e-05,-2.290346e-01,1.758417e-01,1.339262e-01,1.133747e-02,1.295572e+00,9.739679e-01,-2.657105e-01,1.405322e-01,1.245790e+00,5.503986e-01,1.647151e+00,-3.396650e-01,2.055002e-03,-6.339935e+01,-1.256782e-02
1.896907e-03,-9.977250e+00,3.174661e+00,1.390387e+00,-1.243262e+01,-1.921741e+01,1.283948e+00,-8.611999e+00,-1.186318e+01,1.142211e-01,8.943370e+00,-1.176834e+01,9.995205e-01,3.354488e-02,2.501806e+02,6.973710e-01,-3.632491e-05,-1.441711e-01,3.340459e-01,3.802221e-02,-1.293954e-01,1.353619e+00,1.079376e+00,2.313749e-01,2.122739e-01,1.154984e+00,6.194140e-01,1.168004e+00,-1.656760e-01,1.752796e-03,-1.004621e+02,-1.379676e-02
1.866736e-03,-1.001249e+01,4.213391e+00,1.380314e+00,-1.233756e+01,-1.702718e+01,2.611247e+00,-8.792919e+00,-1.087791e+01,1.298950e+00,1.029121e+01,-1.122094e+01,1.604446e+00,3.566032e-02,1.249456e+02,6.810091e-01,-3.040357e-05,-4.699345e-02,2.016213e-01,-1.063127e-01,2.310708e-01,9.082888e-01,6.975725e-01,4.819338e-01,4.835048e-01,9.800517e-01,1.220184e-01,4.397704e-01,-1.972419e-01,1.722575e-03,-1.001585e+02,-1.102510e-02
1.829787e-03,-1.003248e+01,4.177960e+00,9.563171e-01,-1.199460e+01,-1.680483e+01,2.831083e+00,-7.712904e+00,-1.101452e+01,2.011961e+00,1.015789e+01,-1.143441e+01,9.543379e-01,3.747356e-02,0,6.715121e-01,-2.646130e-05,8.155384e-02,-1.775304e-01,-1.474123e-01,4.885770e-01,2.444475e-01,-1.275442e-02,6.943660e-01,9.523438e-01,4.780134e-01,-5.718107e-01,8.729754e-02,-6.516995e-02,1.269265e-03,-6.253068e+01,-4.829669e-03
1.800368e-03,-9.824699e+00,3.512671e+00,1.132232e+00,-1.079595e+01,-1.701497e+01,2.242092e+00,-6.628246e+00,-8.812505e+00,2.369665e+00,8.567420e+00,-1.162066e+01,9.004733e-01,3.989121e-02,0,6.714736e-01,-1.651002e-06,1.651032e-01,-4.948573e-01,-3.104541e-01,5.978465e-01,-5.519722e-01,-2.548459e-01,3.800634e-01,7.728327e-01,-3.171521e-02,-9.013560e-01,2.511337e-01,2.543314e-02,-4.533097e-04,-2.498911e+01,8.241117e-04
1.797784e-03,-9.663378e+00,2.637368e+00,7.773660e-01,-1.076054e+01,-1.800128e+01,1.404753e+00,-6.222505e+00,-8.134164e+00,1.968931e+00,6.946213e+00,-1.113200e+01,1.025657e+00,3.777576e-02,0,6.779904e-01,3.813310e-05,2.165914e-01,-3.902950e-01,-3.370977e-01,5.489849e-01,-8.316628e-01,-5.898416e-02,-7.011318e-03,4.754778e-01,-2.533282e-01,-3.662984e-01,7.921273e-01,3.958039e-01,-2.236326e-03,0,4.843241e-03
1.874482e-03,-9.371529e+00,2.509400e+00,-8.248121e-02,-9.965356e+00,-1.918882e+01,2.050181e+00,-7.637802e+00,-8.453929e+00,1.161889e+00,7.390270e+00,-1.011647e+01,1.695952e+00,3.324267e-02,0,6.818905e-01,7.774380e-05,1.610504e-01,-1.677863e-01,-2.687699e-01,1.875706e-01,-7.273415e-01,2.394754e-01,-4.623895e-02,-7.238846e-02,-4.087593e-01,5.420824e-01,9.352772e-01,3.770962e-01,-3.535812e-03,0,5.547321e-03
1.983395e-03,-9.176109e+00,2.728121e+00,-1.218150e-01,-9.664973e+00,-1.987622e+01,2.632117e+00,-7.243183e+00,-8.816419e+00,1.349208e+00,8.914970e+00,-8.225860e+00,2.535618e+00,2.961620e-02,0,6.905198e-01,7.230585e-05,1.155883e-01,-1.120761e-01,5.542718e-02,-2.239023e-01,-3.956522e-01,3.813410e-03,4.022423e-01,-1.241116e-01,-5.063509e-01,9.043417e-01,5.750793e-01,1.259744e-01,-3.535812e-03,0,4.556370e-03
2.096281e-03,-9.263082e+00,2.628364e+00,2.379727e-01,-1.040588e+01,-1.971421e+01,2.825787e+00,-6.349102e+00,-8.833320e+00,6.357300e-01,1.029345e+01,-8.397340e+00,2.030974e+00,2.629193e-02,0,6.929455e-01,2.672789e-05,5.992737e-02,-2.332746e-01,1.768745e-01,-5.484132e-01,-3.666725e-02,-6.752826e-01,7.416829e-01,-1.333580e-02,-6.492164e-01,6.662097e-01,-9.729958e-02,-7.080694e-02,-3.142944e-03,1.210316e+01,3.344059e-03
2.048414e-03,-9.139660e+00,2.017506e+00,8.942750e-01,-1.165979e+01,-1.971684e+01,1.036017e+00,-4.855644e+00,-8.565026e+00,-2.997445e-01,1.001633e+01,-9.116170e+00,1.488019e+00,2.357207e-02,0,6.952448e-01,-3.273543e-05,5.913439e-02,-4.060043e-01,-8.970995e-02,-5.594988e-01,-3.081112e-02,-1.207205e+00,4.844730e-01,-3.822269e-02,-7.080981e-01,1.841774e-02,-4.909450e-01,-2.871450e-01,-2.326987e-03,3.030765e+01,2.857625e-03
1.975612e-03,-9.090117e+00,1.698334e+00,2.938461e-01,-1.171002e+01,-1.945185e+01,-5.281816e-01,-5.123158e+00,-8.646304e+00,-1.259716e+00,1.017064e+01,-1.015782e+01,1.865717e+00,2.055001e-02,6.051580e+01,6.962483e-01,-5.921836e-05,9.072027e-02,-4.671376e-01,-3.833779e-01,-2.282923e-01,1.128056e-01,-1.191364e+00,2.754748e-01,-6.907320e-02,-3.954006e-01,-2.698388e-01,-2.312348e-01,-3.093277e-01,-6.346324e-04,4.857895e+01,3.875548e-03
1.880052e-03,-8.966920e+00,1.163114e+00,-5.983015e-01,-1.181040e+01,-2.016146e+01,-1.726925e+00,-5.433790e+00,-9.101040e+00,-1.243559e+00,9.068466e+00,-9.800346e+00,1.182521e+00,2.085222e-02,1.212804e+02,7.031565e-01,-2.057345e-05,2.128344e-02,-4.368580e-01,-3.866026e-01,7.483759e-02,2.695152e-01,-4.930421e-01,3.052790e-01,4.904127e-02,-1.240472e-01,-9.750433e-02,2.481133e-01,-3.759323e-01,1.541251e-03,4.871706e+01,3.655601e-03
1.884370e-03,-8.895850e+00,7.198720e-01,-9.326286e-01,-1.147204e+01,-1.892787e+01,-1.749560e+00,-4.682655e+00,-8.910679e+00,-8.693655e-01,9.418191e+00,-9.211426e+00,6.370848e-01,2.447869e-02,1.822546e+02,7.083673e-01,3.180711e-05,-1.183109e-02,-4.402787e-01,-1.705455e-02,1.758409e-01,3.635837e-01,1.868165e-01,6.959916e-01,3.754856e-01,2.817640e-02,2.934236e-01,3.582798e-01,-3.133489e-01,3.324267e-03,3.059128e+01,2.297312e-03
1.991168e-03,-9.130376e+00,3.224473e-01,-4.255009e-01,-1.140459e+01,-1.863125e+01,-8.185036e-01,-3.549500e+00,-8.187633e+00,-1.115156e+00,9.905032e+00,-8.348799e+00,2.226732e-01,2.931399e-02,1.827159e+02,7.074633e-01,6.961308e-05,-6.547546e-02,-3.356656e-01,1.981890e-01,3.383282e-01,1.020123e-01,5.438200e-01,7.305412e-01,6.409067e-01,-4.012518e-02,6.671339e-01,2.191444e-01,5.236590e-03,3.626473e-03,1.228965e+01,7.709086e-04
2.079090e-03,-9.067544e+00,-8.272613e-02,1.221730e-01,-1.103372e+01,-1.839903e+01,-4.830996e-02,-2.585344e+00,-7.225580e+00,-1.183036e+00,1.121947e+01,-9.092192e+00,7.788965e-01,3.294047e-02,1.827544e+02,7.055815e-01,5.828962e-05,-6.405935e-02,-2.222254e-01,1.065874e-01,2.965487e-01,-4.285166e-01,1.410770e-01,5.155076e-01,4.813972e-01,-2.243744e-01,5.956250e-01,-2.714377e-02,1.462570e-01,3.203385e-03,-8.346252e-02,1.542669e-03
2.130758e-03,-9.208450e+00,-1.139152e-01,-1.347572e-01,-1.033792e+01,-1.991582e+01,1.415501e-01,-2.829739e+00,-6.739056e+00,-1.287350e+00,1.150349e+01,-8.764241e+00,1.137798e+00,3.475370e-02,1.824787e+02,7.084040e-01,2.604006e-05,-1.728039e-02,-1.203690e-01,-5.955261e-02,1.621791e-01,-5.976151e-01,-4.775967e-01,4.815985e-01,2.242298e-02,-2.552477e-01,2.670843e-01,1.797905e-02,1.613941e-01,2.538532e-03,-3.127228e-01,3.398132e-03
2.106023e-03,-9.177110e+00,-1.730739e-01,-5.450635e-01,-1.052263e+01,-2.042817e+01,-1.524202e+00,-2.464998e+00,-7.227981e+00,-1.905140e+00,1.159708e+01,-9.139423e+00,9.108074e-01,3.777577e-02,1.819559e+02,7.156103e-01,4.822435e-06,-2.596626e-02,-1.310291e-01,-1.278276e-01,-2.438935e-01,-4.084019e-01,-8.143635e-01,4.662184e-01,-5.115888e-01,-2.451141e-01,-1.647138e-01,3.106075e-01,-2.671863e-01,2.115442e-03,-3.646744e-01,3.830320e-03
2.107902e-03,-9.161995e+00,-2.342239e-01,-3.896457e-01,-1.084924e+01,-2.060476e+01,-2.468541e+00,-1.201681e+00,-8.074317e+00,-2.030342e+00,1.105165e+01,-8.235288e+00,9.636884e-01,3.958900e-02,1.815516e+02,7.194395e-01,8.654175e-06,-1.461163e-02,-2.504300e-01,-1.726170e-02,-4.525599e-01,-4.933853e-02,-5.856934e-01,5.699145e-01,-6.392418e-01,-1.495141e-01,-2.301606e-01,3.955840e-01,-4.747775e-01,9.368390e-04,-2.171890e-01,2.551770e-03
2.114631e-03,-9.220603e+00,-6.777173e-01,-3.895205e-01,-1.199753e+01,-2.009657e+01,-2.815082e+00,-1.068281e+00,-9.115893e+00,-2.037110e+00,1.062183e+01,-7.803631e+00,-4.699801e-01,4.110003e-02,1.813946e+02,7.192153e-01,2.493577e-05,-6.837578e-02,-3.273282e-01,-3.885055e-02,-2.214207e-01,-1.536585e-01,-2.166462e-02,1.977248e-01,-3.198199e-01,-2.693680e-01,2.715664e-02,4.232846e-01,-5.459812e-01,-1.087943e-03,3.321075e-02,1.167917e-03
2.169725e-03,-9.259762e+00,-1.113744e+00,-2.988372e-01,-1.186327e+01,-2.032831e+01,-2.141477e+00,-6.785251e-01,-8.991309e+00,-1.968936e+00,1.084032e+01,-7.454217e+00,-5.456963e-01,3.777577e-02,1.816734e+02,7.193604e-01,2.006681e-05,-5.905266e-02,-2.399344e-01,-1.548353e-01,2.256148e-01,-3.643478e-01,3.984236e-01,-2.620880e-01,3.252228e-01,-4.642096e-01,3.691174e-01,1.442889e-01,-2.472146e-01,-3.082502e-03,2.466125e-01,8.747697e-04
2.199790e-03,-9.470105e+00,-1.369955e+00,-7.847205e-01,-1.112271e+01,-2.133469e+01,-1.796057e+00,-1.737952e+00,-8.368585e+00,-3.282684e+00,1.183853e+01,-7.413536e+00,-1.064406e+00,3.324267e-02,1.820610e+02,7.214895e-01,1.034781e-05,-5.359173e-03,-1.666564e-01,-9.263948e-02,4.470153e-01,-5.181097e-01,5.628716e-01,-3.000242e-01,6.164468e-01,-5.670282e-01,7.249541e-01,-9.213758e-02,1.990059e-01,-3.686914e-03,3.286728e-01,1.369190e-03
2.165656e-03,-9.332507e+00,-1.087777e+00,-9.662221e-01,-1.015857e+01,-2.180743e+01,-9.859355e-01,-2.177286e+00,-6.821857e+00,-3.728603e+00,1.228888e+01,-7.708891e+00,2.482823e-02,2.810517e-02,1.824514e+02,7.226763e-01,-4.237960e-06,3.121338e-02,-8.505277e-02,1.011066e-01,2.186363e-01,-2.820360e-01,5.459073e-01,3.171345e-02,4.987200e-01,-3.648195e-01,7.128757e-01,-1.169774e-01,3.193724e-01,-1.903899e-03,2.589889e-01,9.675265e-04
2.168404e-03,-9.211026e+00,-1.523983e+00,-5.190254e-01,-1.061480e+01,-2.194756e+01,-5.784943e-01,-1.819022e+00,-7.118385e+00,-3.992418e+00,1.352232e+01,-8.136982e+00,2.397871e-01,2.750076e-02,1.826489e+02,7.244033e-01,-5.243579e-07,2.134256e-02,-1.309127e-01,3.303293e-01,-7.559443e-02,6.023216e-02,3.550630e-01,6.637300e-01,-1.220326e-02,1.428469e-01,6.206203e-01,-1.358956e-01,3.519595e-01,9.066194e-04,1.051483e-01,-2.496779e-04
2.164228e-03,-9.233234e+00,-1.461994e+00,7.384849e-02,-1.102404e+01,-2.143206e+01,-2.072185e-02,-4.794230e-01,-7.122809e+00,-3.438166e+00,1.356281e+01,-7.677381e+00,3.990691e-01,3.112723e-02,1.826744e+02,7.227411e-01,7.436145e-07,-5.120192e-02,-7.384031e-02,3.892927e-01,-2.567455e-01,3.005928e-01,-8.794433e-02,1.015983e+00,-3.957048e-01,3.767135e-01,4.005721e-01,-7.071781e-03,1.038375e-01,2.629194e-03,-1.794128e-02,-1.435709e-03
2.197882e-03,-9.413029e+00,-1.837410e+00,3.468907e-01,-1.106795e+01,-2.122121e+01,-5.033492e-01,7.317664e-01,-8.279125e+00,-2.713668e+00,1.430467e+01,-8.108768e+00,5.082706e-01,3.626474e-02,1.824753e+02,7.202087e-01,-1.034844e-05,-7.100382e-02,8.920537e-02,1.785467e-01,-1.501448e-01,3.867081e-01,-5.234644e-01,1.079904e+00,-5.409878e-01,4.327532e-01,1.629848e-01,1.058668e-01,-7.944602e-03,1.843457e-03,-3.371124e-02,-1.400804e-03
2.154635e-03,-9.487515e+00,-1.300265e+00,5.472831e-01,-1.121572e+01,-2.066764e+01,-1.463230e+00,1.627234e+00,-8.220012e+00,-2.484411e+00,1.390057e+01,-7.758357e+00,4.097742e-01,3.686915e-02,1.824485e+02,7.175950e-01,-1.477313e-05,2.273846e-03,9.745278e-02,1.677939e-01,-2.333845e-01,4.880180e-01,-6.522560e-01,7.502462e-01,-4.190328e-01,3.305229e-01,1.713779e-01,1.571811e-01,-1.546340e-01,-3.022063e-04,5.976868e-02,-1.192212e-04
2.121459e-03,-9.438905e+00,-1.158820e+00,1.369906e-01,-1.126969e+01,-2.039622e+01,-2.474563e+00,2.527171e+00,-9.274723e+00,-2.305529e+00,1.416836e+01,-7.567160e+00,1.947116e-01,3.384708e-02,1.825933e+02,7.199723e-01,-1.717107e-05,9.029589e-02,4.443880e-02,2.375359e-01,-3.999901e-01,6.416416e-01,-3.630127e-01,1.934476e-01,-1.117424e-01,3.251896e-01,1.265287e-01,2.096893e-01,-3.040151e-01,-1.873679e-03,1.960800e-01,1.100314e-03
2.128575e-03,-9.208927e+00,-1.314025e+00,1.017768e+00,-1.209010e+01,-1.940446e+01,-2.296395e+00,2.374105e+00,-8.720174e+00,-1.989621e+00,1.448785e+01,-7.162280e+00,-2.173214e-01,3.082502e-02,1.829142e+02,7.222632e-01,-1.883388e-05,1.833724e-01,-2.081752e-01,2.841771e-01,-5.181230e-01,7.491056e-01,7.970894e-03,-5.297709e-01,2.318441e-01,3.607710e-01,7.769480e-02,9.605489e-02,-3.472963e-01,-1.722576e-03,2.422302e-01,1.442838e-03
2.125057e-03,-9.100843e+00,-1.608336e+00,1.299328e+00,-1.263071e+01,-1.864459e+01,-1.901830e+00,1.325569e+00,-8.587756e+00,-1.335115e+00,1.464367e+01,-7.358360e+00,-6.982571e-01,2.991840e-02,1.832229e+02,7.233762e-01,-3.910032e-05,2.019927e-01,-3.403921e-01,1.629337e-01,-4.990120e-01,6.155766e-01,1.334894e-03,-1.064501e+00,3.817324e-01,3.445071e-01,-3.797513e-01,1.119535e-01,-4.198559e-01,-4.835300e-04,1.778870e-01,9.754300e-04
2.058666e-03,-8.739684e+00,-2.116383e+00,1.387000e+00,-1.312583e+01,-1.779793e+01,-1.709741e+00,-4.208190e-01,-7.404274e+00,-1.165763e+00,1.405138e+01,-7.382482e+00,-8.802228e-01,3.022061e-02,1.833449e+02,7.231073e-01,-8.038918e-05,2.326008e-01,-4.040473e-01,-2.446598e-01,-7.493381e-02,4.308704e-01,-5.033706e-01,-1.008917e+00,2.521342e-01,2.991070e-01,-1.077831e+00,3.597343e-01,-6.803336e-02,1.329707e-03,-5.520783e-02,-5.734444e-04
1.960911e-03,-8.663563e+00,-2.459601e+00,7.670431e-01,-1.324688e+01,-1.812161e+01,-2.761215e+00,-1.397870e+00,-8.024011e+00,-9.949229e-01,1.248784e+01,-6.897292e+00,-1.573117e+00,3.173164e-02,1.832674e+02,7.244274e-01,-1.381730e-04,2.017103e-01,-2.058683e-01,-4.109259e-01,7.208048e-01,4.110718e-01,-1.141542e+00,-7.895370e-01,4.981156e-01,9.511895e-02,-1.693409e+00,7.282085e-01,5.323564e-01,5.046843e-03,-1.241001e+01,-9.789491e-03
1.808702e-03,-8.264564e+00,-2.908628e+00,6.061117e-02,-1.215668e+01,-1.751160e+01,-4.383556e+00,-1.308760e+00,-7.741375e+00,-6.641818e-01,1.017661e+01,-5.594142e+00,-1.200581e-01,3.656694e-02,1.826159e+02,7.188703e-01,-1.826691e-04,-8.610296e-02,5.087204e-01,-8.218530e-01,1.669830e+00,1.373084e+00,-1.293922e+00,-2.766164e-01,3.618575e-01,-2.621427e-01,-1.780882e+00,1.241153e+00,8.869673e-01,1.018435e-02,-3.072977e+01,-2.587966e-02
1.559174e-03,-8.329852e+00,-2.241555e+00,-9.210683e-02,-9.511260e+00,-1.673240e+01,-6.272633e+00,-2.178146e+00,-5.928627e+00,-1.110310e+00,8.114015e+00,-4.611487e+00,1.583442e+00,5.197945e-02,1.215373e+02,6.765472e-01,-1.906309e-04,-2.899179e-01,1.415242e+00,-1.181987e+00,2.264666e+00,2.545765e+00,-1.151159e+00,-1.882013e-01,3.000460e-01,-5.629295e-01,-1.671811e+00,1.315774e+00,1.000584e+00,1.263222e-02,-4.885896e+01,-4.190321e-02
1.346189e-03,-9.337054e+00,3.181959e-01,-2.292691e+00,-6.644489e+00,-1.162711e+01,-6.423645e+00,-1.413763e+00,-6.642679e+00,-2.418782e+00,7.333886e+00,-2.319617e+00,1.976334e+00,7.101844e-02,6.056111e+01,6.176491e-01,-1.487090e-04,-2.871305e-01,2.020334e+00,-1.360641e+00,2.000441e+00,3.077737e+00,-6.950343e-01,-2.580758e-01,-2.054777e-01,-6.864702e-01,-1.326076e+00,8.804682e-01,7.601054e-01,7.948020e-03,-4.867691e+01,-4.022924e-02
1.239013e-03,-9.576907e+00,3.003198e+00,-3.966243e+00,-4.679650e+00,-8.335032e+00,-7.496967e+00,-2.286375e+00,-7.073129e+00,-2.932270e+00,5.550148e+00,-1.955682e+00,2.381607e+00,7.766698e-02,0,5.655220e-01,-9.021065e-05,1.499956e-01,1.780540e+00,-9.002471e-01,1.082812e+00,2.392530e+00,-4.206961e-01,-5.598747e-01,-9.528289e-02,-2.601836e-01,-1.417097e+00,2.214403e-02,8.317795e-01,-2.931400e-03,-3.036357e+01,-1.721894e-02
1.225237e-03,-9.076689e+00,4.570664e+00,-4.805526e+00,-4.570284e+00,-6.321603e+00,-7.246561e+00,-2.545024e+00,-8.196513e+00,-3.185553e+00,4.828166e+00,-2.519704e+00,3.281387e+00,6.346328e-02,0,5.732368e-01,-5.694898e-05,6.123468e-01,9.770550e-01,-1.244106e-01,7.036910e-02,7.571245e-01,-2.319440e-01,-1.124933e+00,5.913743e-01,4.089137e-01,-1.513716e+00,-9.283434e-01,6.781292e-01,-1.187670e-02,-1.211222e+01,1.250292e-02
1.168597e-03,-7.710057e+00,4.534910e+00,-3.336924e+00,-5.134303e+00,-7.422502e+00,-7.964655e+00,-4.411889e+00,-5.628125e+00,-2.027843e+00,2.281387e+00,-4.400724e+00,5.089813e+00,4.110003e-02,0,6.126587e-01,-7.069018e-06,7.746519e-01,-1.962492e-01,-3.663651e-01,-6.670896e-01,7.005801e-02,1.093807e-02,-6.480086e-01,1.509948e+00,1.003827e+00,-1.339976e+00,-1.596244e+00,3.981542e-01,-1.272288e-02,0,3.116379e-02
1.096652e-03,-7.208745e+00,4.437615e+00,-3.229403e+00,-6.065318e+00,-8.297756e+00,-7.349520e+00,-5.975669e+00,-4.408309e+00,-8.264275e-01,1.399684e+00,-5.738813e+00,4.012877e+00,2.991840e-02,0,6.565953e-01,7.556026e-05,7.055172e-01,-1.464110e+00,-1.426420e+00,-8.475504e-01,1.415617e-01,3.521086e-01,2.320588e-01,2.208302e+00,9.709247e-01,-1.338593e+00,-2.143298e+00,1.068840e-01,-6.648533e-03,1.196221e+01,3.409312e-02
1.267960e-03,-6.637619e+00,2.088477e+00,-6.586130e+00,-7.267582e+00,-6.996666e+00,-7.390797e+00,-3.811095e+00,-1.417489e+00,9.073048e-01,5.645099e-01,-8.327348e+00,4.006633e+00,3.082502e-02,0,6.796617e-01,1.958673e-04,5.432697e-01,-2.655236e+00,-2.739130e+00,-5.113016e-01,9.572970e-01,1.157009e+00,1.557629e+00,2.325841e+00,3.084262e-01,-1.319205e+00,-2.390488e+00,1.579333e-01,-3.022054e-04,2.985345e+01,3.143425e-02
1.553357e-03,-6.085321e+00,-1.526671e+00,-1.031303e+01,-7.741396e+00,-5.826713e+00,-5.772947e+00,-1.685127e+00,7.396786e-01,2.014969e-01,-1.006363e+00,-1.127288e+01,4.357397e+00,3.535812e-02,5.981107e+01,7.102008e-01,2.775847e-04,4.533344e-01,-3.158238e+00,-2.917977e+00,2.127867e-01,1.253816e+00,1.810214e+00,1.848679e+00,2.044386e+00,-6.445006e-01,-1.581343e+00,-2.318897e+00,3.374664e-01,1.994560e-03,4.768455e+01,2.970992e-02
1.919582e-03,-5.555420e+00,-5.759126e+00,-1.349076e+01,-6.852771e+00,-3.871539e+00,-2.967896e+00,1.230986e+00,3.427086e+00,-9.996743e-01,-3.111612e+00,-1.358613e+01,5.707220e+00,3.686915e-02,1.193617e+02,7.430272e-01,2.708944e-04,3.687065e-01,-2.551032e+00,-2.316518e+00,8.877341e-01,9.482168e-01,1.746858e+00,1.266408e+00,1.196368e+00,-1.236282e+00,-1.491742e+00,-1.702968e+00,1.741009e-01,9.972800e-04,4.756347e+01,2.695972e-02
2.158765e-03,-5.483173e+00,-7.429775e+00,-1.436697e+01,-5.208789e+00,-3.591237e+00,-5.099010e-01,7.466859e-01,3.391333e+00,-3.095441e+00,-4.668969e+00,-1.470391e+01,4.849916e+00,3.686915e-02,1.787419e+02,7.734622e-01,2.041558e-04,2.549194e-01,-1.447295e+00,-1.676313e+00,9.301551e-01,3.262541e-01,9.727176e-01,3.768657e-01,4.747562e-01,-1.115149e+00,-9.796529e-01,-1.075004e+00,-2.788401e-02,-2.417650e-04,2.956219e+01,1.888915e-02
2.319728e-03,-5.095161e+00,-7.715130e+00,-1.614175e+01,-4.095215e+00,-3.373320e+00,-1.288027e+00,1.305040e+00,3.238527e+00,-3.625638e+00,-5.062898e+00,-1.512667e+01,4.630878e+00,3.505591e-02,1.783519e+02,7.828296e-01,1.097084e-04,2.126733e-01,-4.342754e-01,-1.154613e+00,4.545913e-01,-3.462896e-01,2.185957e-01,-2.616413e-01,-3.425513e-01,-4.358687e-01,-1.173645e-01,-6.788166e-01,-1.290305e-01,-6.648529e-04,1.169367e+01,9.550547e-03
2.374062e-03,-5.040854e+00,-7.785145e+00,-1.736910e+01,-4.469399e+00,-4.444552e+00,-1.749293e+00,1.621754e-01,3.207739e+00,-4.061264e+00,-4.928984e+00,-1.587763e+01,4.756148e+00,3.505591e-02,1.781269e+02,7.847454e-01,2.804596e-05,2.048405e-01,-7.142305e-03,-8.333746e-01,-1.808420e-01,-7.054346e-01,1.901790e-01,-7.653111e-01,-5.070754e-01,4.765931e-01,9.347413e-01,-3.710302e-01,-2.069962e-01,-6.648529e-04,-1.406067e-01,1.762104e-03
2.360475e-03,-4.713213e+00,-7.752819e+00,-1.776276e+01,-4.949510e+00,-5.176329e+00,-1.255222e+00,2.150351e-01,1.806126e+00,-2.696106e+00,-3.568427e+00,-1.639335e+01,5.108951e+00,3.445150e-02,1.781376e+02,7.851383e-01,-8.656592e-05,1.994766e-01,3.727582e-01,-8.806495e-02,-3.184261e-01,-8.615797e-01,5.328650e-01,-1.236403e+00,-8.293988e-01,1.223441e+00,1.871803e+00,2.301305e-01,-9.188480e-01,1.813237e-04,-1.804169e-01,-5.258435e-03
2.278622e-03,-4.649944e+00,-7.446642e+00,-1.772334e+01,-5.685852e+00,-6.216905e+00,4.245912e-01,-2.534868e+00,1.572156e+00,-1.177241e+00,-7.424979e-01,-1.592572e+01,3.575898e+00,3.384709e-02,1.781460e+02,7.811184e-01,-2.151981e-04,-9.738255e-02,1.345269e+00,1.352410e+00,4.222803e-02,-2.123148e-01,8.110570e-01,-1.231753e+00,-9.417621e-01,1.496697e+00,1.981612e+00,1.479420e+00,-1.506173e+00,1.480810e-03,-2.863266e-01,-3.028374e-02
1.934619e-03,-4.293233e+00,-6.020590e+00,-1.640495e+01,-5.079119e+00,-6.795042e+00,2.893555e-01,-3.528452e+00,-9.067567e-02,1.049555e+00,2.202873e+00,-1.395198e+01,6.267629e-01,3.656694e-02,1.774403e+02,7.583509e-01,-3.027745e-04,-3.290578e-01,2.060611e+00,2.435693e+00,1.851922e-01,4.285313e-01,4.364190e-01,-1.164084e+00,-9.701554e-01,1.561193e+00,1.480171e+00,2.308360e+00,-1.746732e+00,2.750075e-03,-7.714844e-03,-4.936844e-02
1.511000e-03,-5.737757e+00,-1.924912e+00,-1.128595e+01,-4.193454e+00,-4.696770e+00,1.533703e+00,-4.124847e+00,-5.526709e-01,1.549392e+00,2.093426e+00,-9.701215e+00,-5.336249e-01,4.140224e-02,1.770439e+02,6.467204e-01,-2.478811e-04,-3.100995e-01,1.923268e+00,2.705871e+00,9.743652e-02,8.124221e-01,1.502534e-02,-6.472716e-01,-9.098262e-01,1.721641e+00,1.062790e+00,2.168316e+00,-1.090472e+00,2.417649e-03,5.158722e-01,-4.761447e-02
1.230413e-03,-5.814596e+00,-2.106287e-01,-8.802989e+00,-4.769748e+00,-3.793741e+00,3.723172e-01,-4.810398e+00,-1.982237e+00,3.746541e+00,2.414465e+00,-7.963806e+00,-1.569949e+00,4.442430e-02,1.786501e+02,6.054951e-01,-5.481914e-05,1.578399e-01,5.400892e-01,1.185930e+00,-4.664963e-01,2.567622e-01,-6.022942e-01,-7.104520e-01,-5.122101e-01,2.036552e+00,1.213041e+00,6.954194e-01,-3.332696e-01,2.417654e-04,1.158417e+00,-8.382177e-03
1.391319e-03,-5.439761e+00,-7.352840e-01,-7.994967e+00,-5.353355e+00,-3.655445e+00,4.582371e-01,-5.130253e+00,-2.031194e+00,6.082469e+00,4.465658e+00,-8.078220e+00,-7.781067e-01,4.200665e-02,1.801205e+02,6.194739e-01,1.374747e-04,7.141059e-01,-1.110172e+00,-6.873070e-01,-7.398825e-01,-6.393220e-01,-1.028671e+00,-4.701034e-01,-1.169034e-01,1.898519e+00,1.505427e+00,-8.718006e-01,2.623796e-01,-1.722575e-03,1.131506e+00,3.776128e-02
1.720364e-03,-3.653032e+00,-3.914958e+00,-1.212080e+01,-6.831650e+00,-6.031893e+00,-2.184383e+00,-6.578009e+00,-1.912465e+00,8.965775e+00,7.081965e+00,-1.128638e+01,-9.173442e-01,3.747356e-02,1.816940e+02,7.300633e-01,2.156703e-04,6.733229e-01,-1.635002e+00,-1.428677e+00,-7.137476e-01,-8.258448e-01,-8.855149e-01,5.211868e-02,3.222800e-01,8.687167e-01,7.827929e-01,-1.490782e+00,1.083059e+00,-1.480810e-03,6.614304e-01,5.006202e-02
1.953398e-03,-3.248009e+00,-5.623606e+00,-1.306358e+01,-6.861916e+00,-6.774303e+00,-2.331304e+00,-5.591558e+00,-1.172074e+00,8.432371e+00,7.286808e+00,-1.239893e+01,4.519711e-01,3.626473e-02,1.811794e+02,7.732427e-01,1.518064e-04,3.163811e-01,-1.283712e+00,-1.024717e+00,-6.952679e-01,-2.499122e-01,-9.006960e-01,6.500034e-01,6.229814e-01,-4.098608e-01,-4.305297e-01,-1.079431e+00,1.707323e+00,1.450589e-03,1.972931e-01,3.580874e-02
2.027725e-03,-3.543857e+00,-5.941479e+00,-1.341207e+01,-7.584206e+00,-6.363535e+00,-2.660487e+00,-4.319151e+00,-8.003972e-01,6.915174e+00,4.917854e+00,-1.325736e+01,3.230309e+00,3.989121e-02,1.814277e+02,7.789208e-01,5.202696e-05,-3.032660e-01,-3.357429e-01,1.209652e-01,-6.044068e-01,3.682064e-01,-7.749307e-01,1.040639e+00,7.223499e-01,-1.218012e+00,-1.331595e+00,-4.928341e-02,2.226024e+00,3.535812e-03,-8.741760e-02,7.443333e-03
1.996670e-03,-3.912442e+00,-6.140581e+00,-1.247292e+01,-8.453417e+00,-4.739185e+00,-3.807191e+00,-3.009664e+00,5.276792e-01,5.058466e+00,3.395065e+00,-1.248988e+01,5.684681e+00,4.805077e-02,1.812401e+02,7.740889e-01,-2.184999e-05,-5.826025e-01,4.195753e-01,6.349492e-01,-8.115236e-01,3.989964e-01,-1.466276e+00,3.385935e-01,6.068980e-01,-1.138978e+00,-1.122057e+00,5.769669e-01,2.100433e+00,2.508310e-03,4.542389e-02,-4.575598e-03
1.958863e-03,-4.837145e+00,-5.335185e+00,-1.181131e+01,-9.057934e+00,-5.208420e+00,-5.321093e+00,-2.665761e+00,8.494083e-01,4.562667e+00,2.369861e+00,-1.148732e+01,7.596420e+00,4.925960e-02,1.812266e+02,7.668568e-01,-6.835541e-05,-6.626942e-01,1.114946e+00,9.638016e-01,-6.497420e-01,1.183442e-01,-2.246672e+00,-6.405009e-01,-7.759511e-03,-7.099344e-01,-1.559900e-01,1.176081e+00,1.687330e+00,-1.178605e-03,1.797333e-02,-1.033795e-02
1.878579e-03,-5.514378e+00,-3.828877e+00,-1.068922e+01,-1.018267e+01,-5.356879e+00,-8.332383e+00,-4.725286e+00,1.037513e+00,3.913736e+00,2.950521e+00,-1.039912e+01,8.771081e+00,4.412209e-02,1.815071e+02,7.563967e-01,-1.266866e-04,-5.425577e-01,2.025455e+00,1.439225e+00,3.857031e-02,1.481848e-02,-2.239170e+00,-1.120141e+00,-5.269386e-01,-5.186476e-01,5.131501e-01,1.390343e+00,9.366925e-01,-3.263827e-03,-1.205698e+01,-1.965756e-02
1.744993e-03,-6.056360e+00,-1.522600e+00,-9.484910e+00,-9.968289e+00,-5.462967e+00,-1.163125e+01,-6.663845e+00,-1.094112e+00,3.937867e+00,4.360175e+00,-8.422336e+00,1.012376e+01,3.596253e-02,1.813841e+02,7.360771e-01,-1.947448e-04,-3.641184e-01,2.801241e+00,1.987878e+00,1.072426e+00,2.433934e-01,-1.331020e+00,-4.999933e-01,-7.734067e-01,-4.313048e-01,6.408873e-01,1.350506e+00,-6.791458e-01,-4.533093e-04,-3.025690e+01,-7.124163e-02
1.470172e-03,-6.015624e+00,2.080404e+00,-6.439989e+00,-7.805387e+00,-4.537819e+00,-1.184796e+01,-6.611329e+00,-1.135253e+00,2.777628e+00,4.965658e+00,-7.070660e+00,9.104474e+00,3.838018e-02,1.208765e+02,6.911909e-01,-2.300072e-04,-4.480720e-01,3.055279e+00,2.378001e+00,2.325259e+00,3.702130e-01,4.377491e-01,7.411442e-01,-3.961748e-01,-5.215868e-01,-4.380100e-01,8.222405e-01,-2.548182e+00,4.170445e-03,-4.841409e+01,-1.389244e-01
1.189343e-03,-6.407115e+00,5.716379e+00,-3.996529e+00,-4.884443e+00,-4.400983e+00,-1.021840e+01,-4.222706e+00,-1.931242e+00,2.974197e+00,4.566729e+00,-6.399017e+00,4.033995e+00,4.986401e-02,6.025744e+01,4.432516e-01,-1.988018e-04,-6.902412e-01,2.632456e+00,2.132138e+00,2.621170e+00,5.048131e-01,1.568807e+00,1.244620e+00,2.624126e-01,-4.673710e-01,-1.606573e+00,2.715583e-01,-3.495714e+00,6.557873e-03,-4.836447e+01,-1.629958e-01
1.006369e-03,-7.579361e+00,7.828027e+00,-1.543404e+00,-1.098297e+00,-4.036806e+00,-6.850061e+00,-2.240134e+00,-5.247953e-01,1.787637e+00,6.571944e-01,-7.299574e+00,-9.249462e-01,5.802357e-02,0,2.081874e-01,-1.180087e-04,-8.886215e-01,1.520872e+00,1.242508e+00,2.002496e+00,4.883238e-01,1.690498e+00,8.736820e-01,5.220345e-01,-2.348895e-01,-2.172107e+00,3.008021e-01,-2.701638e+00,3.747356e-03,-3.020104e+01,-1.337833e-01
9.828861e-04,-8.725698e+00,8.765867e+00,-1.272512e+00,-2.159853e-01,-3.189408e+00,-6.286167e+00,-2.626343e+00,-8.727749e-02,2.096008e+00,-1.518456e+00,-6.950087e+00,-2.340103e+00,5.893019e-02,0,1.626001e-01,-4.215924e-05,-7.755079e-01,5.586898e-01,4.844089e-01,6.238648e-01,3.377703e-01,1.520535e+00,2.361593e-01,6.172686e-01,4.363107e-03,-1.609703e+00,2.908370e-01,-1.075835e+00,1.208823e-04,-1.205149e+01,-6.068902e-02
9.833567e-04,-9.299439e+00,8.160021e+00,-1.589459e+00,-1.271369e-01,-2.701987e+00,-5.361588e+00,-3.041100e+00,5.529368e-01,2.042275e+00,-2.852286e+00,-5.291114e+00,-1.216667e+00,5.258386e-02,0,1.626001e-01,-6.228255e-06,-5.839773e-01,-2.138309e-01,-6.267826e-02,-5.671571e-01,-1.858040e-01,1.204342e+00,2.147045e-01,5.755261e-01,3.812847e-01,-2.315455e-01,2.083434e-01,-3.744587e-01,1.541250e-03,0,-4.163748e-02
9.900525e-04,-9.424615e+00,8.343831e+00,-1.551457e+00,-2.250699e+00,-3.379541e+00,-3.359965e+00,-2.641427e+00,6.162346e-01,2.868694e+00,-1.727045e+00,-5.949062e+00,-1.199319e+00,5.318828e-02,0,1.626001e-01,4.668860e-06,-6.463615e-01,-8.814942e-01,2.176157e-02,-1.152800e+00,-2.197924e-01,1.516873e+00,4.360248e-01,8.946059e-01,2.989544e-01,5.415664e-01,3.411122e-01,-4.754136e-01,6.920519e-03,0,-4.878004e-02
9.716444e-04,-1.014979e+01,6.969891e+00,-1.717322e+00,-2.916726e+00,-4.870759e+00,-2.291455e+00,-1.159070e+00,2.001079e+00,3.307717e+00,-3.962391e-01,-6.758369e+00,-3.367632e+00,6.860078e-02,0,0,2.376159e-04,-1.466368e+00,-1.227769e+00,-2.091344e-01,-1.396781e+00,6.746207e-01,2.141336e+00,1.296185e-01,1.547183e+00,1.946190e-01,7.649575e-01,1.152591e+00,-5.012832e-01,1.381082e-02,0,-4.878004e-02
1.012087e-03,-1.153233e+01,4.953462e+00,-1.099772e+00,-4.585189e+00,-3.203984e+00,-2.368702e-01,-1.387234e+00,3.661681e+00,2.958059e+00,-3.864789e-02,-4.510898e+00,-3.641688e+00,8.552433e-02,0,0,9.835742e-04,-2.879691e+00,-8.404534e-01,-2.149693e-01,-1.614281e+00,1.803756e+00,3.040326e+00,-6.636686e-01,2.338121e+00,4.733544e-01,5.901840e-01,2.488972e+00,2.060810e-01,1.480810e-02,0,-3.252002e-02
2.160419e-03,-1.557742e+01,3.716360e+00,-2.860974e+00,-5.943798e+00,5.833381e-01,3.783545e+00,-3.020105e+00,6.766127e+00,2.970688e+00,1.283033e-01,-2.472418e-01,-2.501899e+00,1.054699e-01,0,0,1.539864e-03,-3.702660e+00,3.824162e-01,-4.738604e-02,-1.632302e+00,2.119800e+00,3.627773e+00,-1.292701e+00,2.443273e+00,5.488375e-01,1.030640e-01,2.334544e+00,8.730892e-01,1.175582e-02,0,4.855579e-02
5.313536e-03,-2.110925e+01,5.768330e+00,-2.054478e+00,-8.808570e+00,2.912189e+00,8.804164e+00,-5.029253e+00,9.924317e+00,5.403980e+00,9.616042e-01,3.240233e+00,-6.017805e-01,1.087942e-01,0,0,1.373612e-03,-2.576771e+00,1.290439e+00,4.338264e-01,-1.300067e+00,6.772317e-01,2.250362e+00,-1.506433e+00,1.361443e+00,5.807492e-01,-4.261652e-01,6.113791e-01,8.141997e-01,3.082502e-03,0,1.126359e-01
6.520238e-03,-2.387463e+01,8.474538e+00,-1.476900e+00,-8.966546e+00,2.670154e+00,1.132689e+01,-5.801566e+00,1.108613e+01,4.828944e+00,-3.810453e-01,1.038784e+00,-5.221400e-01,1.157449e-01,0,2.427790e-01,1.507970e-04,5.381060e-01,7.714719e-01,7.124649e-01,-5.212532e-01,-1.302292e+00,-3.967091e-01,-1.565497e+00,-8.013597e-01,1.136122e-02,-9.467044e-01,-1.815950e+00,7.860755e-01,-8.129343e-03,0,1.772500e-01
5.700238e-03,-2.026759e+01,9.026567e+00,3.773228e-01,-9.574149e+00,-8.612342e-01,7.243263e+00,-7.528667e+00,8.308894e+00,4.932677e+00,-1.914799e+00,-2.097015e+00,-5.605689e-01,9.579933e-02,0,4.417898e-01,-1.116513e-03,3.607608e+00,-8.144236e-01,1.221868e-01,2.132733e-01,-2.482092e+00,-2.996805e+00,-1.684313e+00,-2.389575e+00,-3.011946e-01,-1.190181e+00,-2.843721e+00,9.968265e-01,-1.828347e-02,0,1.737072e-01
2.721054e-03,-1.330773e+01,5.944601e+00,-5.145500e-01,-8.167274e+00,-4.041411e+00,2.580450e+00,-9.597884e+00,3.567040e+00,3.263146e+00,-3.167017e+00,-6.658369e+00,1.407873e+00,7.132065e-02,0,6.653550e-01,-1.418926e-03,4.536910e+00,-2.070169e+00,-4.566848e-01,4.671506e-01,-2.814264e+00,-3.685891e+00,-1.621997e+00,-2.325125e+00,-4.604249e-02,-5.418636e-01,-2.199675e+00,1.325971e+00,-2.333031e-02,0,1.108082e-01
1.630564e-03,-8.354663e+00,2.961180e+00,-1.924719e+00,-8.141839e+00,-6.142489e+00,-1.806637e+00,-1.155266e+01,1.735984e+00,4.680906e+00,-3.596315e+00,-7.129797e+00,3.417346e+00,3.958900e-02,0,6.572477e-01,-9.784958e-04,3.182651e+00,-2.073562e+00,-7.586069e-01,7.233533e-01,-2.221204e+00,-2.581085e+00,-1.021064e+00,-9.206734e-01,8.240273e-02,-1.707301e-01,-1.049539e+00,1.019722e+00,-1.873678e-02,0,5.265722e-02
1.460444e-03,-7.146540e+00,1.156387e+00,-2.609303e+00,-7.346948e+00,-8.760536e+00,-2.577610e+00,-1.189955e+01,2.746956e+00,4.724617e+00,-2.249605e+00,-7.443199e+00,4.118756e+00,2.719855e-02,0,6.890911e-01,-2.893333e-04,1.067958e+00,-9.749780e-01,-6.739557e-02,8.397284e-01,-1.778170e+00,-1.098540e+00,-6.776829e-02,4.364948e-01,2.527237e-01,4.229639e-01,-2.610519e-01,-1.292587e-01,-1.042611e-02,0,5.327391e-03
1.438064e-03,-7.434925e+00,1.052861e+00,-2.368335e+00,-6.367546e+00,-9.607693e+00,-3.083134e+00,-1.148315e+01,4.115570e+00,4.613955e+00,-3.227156e+00,-6.952297e+00,3.182597e+00,2.417649e-02,0,6.932078e-01,-7.710912e-05,-1.764361e-01,4.547101e-02,6.365499e-01,1.173556e+00,-1.397944e+00,-2.858617e-02,1.115888e+00,5.656984e-01,6.762838e-03,6.365281e-01,-3.269238e-01,-1.241628e+00,-1.299486e-03,0,-2.031505e-04
1.370637e-03,-8.427808e+00,2.023870e+00,-6.297196e-01,-4.855779e+00,-1.119966e+01,-2.274002e+00,-9.971480e+00,4.559722e+00,4.560240e+00,-1.236777e+00,-8.052378e+00,8.789540e-01,2.689634e-02,0,6.740119e-01,-5.377700e-05,-3.485321e-01,4.285713e-01,9.851836e-01,7.992523e-01,-9.093621e-01,5.378428e-01,2.117577e+00,-6.989536e-02,-4.884291e-02,4.147867e-01,-3.871150e-01,-1.654792e+00,3.626474e-03,0,-7.144260e-03
1.289921e-03,-8.596210e+00,2.754794e+00,2.682392e-01,-3.519646e+00,-1.191265e+01,-2.101372e+00,-6.937258e+00,3.658093e+00,4.796909e+00,-9.200886e-01,-8.459826e+00,-1.170892e+00,3.324267e-02,0,6.637716e-01,-2.548747e-05,-1.279304e-01,1.143202e-01,7.164658e-01,-8.903952e-02,-7.931132e-01,5.868167e-01,2.527612e+00,-5.357171e-01,-3.776134e-01,1.525679e-01,-4.977587e-01,-1.516884e+00,5.560593e-03,0,-1.411760e-03
1.265630e-03,-8.308558e+00,2.448277e+00,9.983282e-01,-4.774637e+00,-1.215487e+01,-3.792776e-01,-3.584611e+00,2.626217e+00,4.388925e+00,-1.329205e+00,-8.625010e+00,-1.978462e+00,4.079783e-02,0,6.680880e-01,3.558025e-05,7.801838e-02,-4.874924e-01,2.494356e-01,-1.073825e+00,-6.076050e-01,3.621495e-01,2.400903e+00,-2.610012e-01,-9.077606e-01,-3.155820e-01,-1.840275e-01,-8.105692e-01,4.805078e-03,0,8.568806e-03
1.363130e-03,-8.134202e+00,1.412259e+00,3.999701e-01,-6.853315e+00,-1.309565e+01,-1.096413e+00,-2.038524e+00,2.403737e+00,2.811545e+00,-2.418102e+00,-9.154775e+00,-2.973113e+00,4.502871e-02,0,6.891110e-01,9.668859e-05,-2.151403e-02,-7.442880e-01,1.195625e-01,-1.452386e+00,-5.868780e-01,6.108940e-03,1.849157e+00,3.313721e-01,-1.260039e+00,2.398815e-01,1.014810e-01,-3.651068e-01,2.478090e-03,0,1.186827e-02
1.511934e-03,-8.268720e+00,2.576757e-01,5.515931e-01,-8.558068e+00,-1.364618e+01,-9.657342e-01,-4.163331e-01,3.881894e+00,1.014119e+00,-2.065681e+00,-8.625041e+00,-2.272781e+00,4.502871e-02,0,7.041863e-01,1.239569e-04,-1.345264e-01,-5.311384e-01,2.904854e-01,-1.028636e+00,-3.994969e-01,-1.808993e-01,1.660507e+00,5.068019e-01,-1.099687e+00,1.369309e+00,3.902324e-01,2.572618e-01,9.066202e-05,3.718383e+01,8.724600e-03
1.650212e-03,-8.723699e+00,1.286550e-01,1.089419e+00,-8.889862e+00,-1.410138e+01,-1.777599e+00,7.243894e-01,4.687115e+00,1.841186e-01,6.475567e-01,-7.952406e+00,-2.849266e+00,4.351768e-02,0,7.050638e-01,1.110964e-04,-2.302472e-01,-4.793962e-02,6.152328e-01,-6.758777e-01,1.913872e-02,3.241450e-02,1.609650e+00,-2.977331e-02,-5.847147e-01,2.597190e+00,4.182515e-01,8.802866e-01,-1.087942e-03,9.267193e+01,2.409685e-03
1.741873e-03,-8.686441e+00,4.343871e-01,2.106030e+00,-8.899543e+00,-1.364949e+01,-9.431813e-01,3.336468e+00,4.018537e+00,2.042058e-01,3.984509e+00,-7.275032e+00,-7.540765e-01,4.200665e-02,1.859192e+02,7.037346e-01,8.270210e-05,-2.618013e-01,3.510001e-01,5.057094e-01,-5.584227e-01,3.705228e-01,-1.145482e-02,1.535847e+00,-8.319766e-01,-2.865799e-01,3.189222e+00,1.917363e-01,1.161371e+00,-1.511031e-03,1.478414e+02,-7.351041e-05
1.803643e-03,-9.076577e+00,1.084205e+00,2.698915e+00,-1.006197e+01,-1.299831e+01,-9.456175e-01,4.133328e+00,2.186549e+00,2.929282e-01,7.542751e+00,-7.738522e+00,6.689680e-01,4.110003e-02,3.704001e+02,7.013853e-01,5.082255e-05,-2.931467e-01,4.069528e-01,1.410983e-01,-5.649711e-01,4.201279e-01,-5.090791e-02,1.023052e+00,-1.026341e+00,-2.713117e-01,2.943300e+00,3.886313e-02,1.255891e+00,-1.420369e-03,1.469093e+02,1.379788e-04
1.848729e-03,-9.401287e+00,1.534901e+00,2.275392e+00,-1.076413e+01,-1.234511e+01,-1.438999e+00,5.558431e+00,9.722943e-01,-4.731859e-01,1.043283e+01,-7.773302e+00,1.774958e+00,3.868238e-02,5.540071e+02,7.056580e-01,2.154079e-05,-3.182657e-01,3.025280e-01,-2.723056e-01,-2.929488e-01,2.991811e-01,-2.644874e-01,3.734979e-01,-7.228785e-01,-3.795612e-01,2.241217e+00,3.719504e-01,7.408512e-01,-1.087943e-03,5.403082e+01,-7.146538e-04
1.850897e-03,-9.832009e+00,1.613162e+00,1.710230e+00,-1.078242e+01,-1.265293e+01,-1.784230e+00,4.728666e+00,1.078532e+00,-8.337439e-01,1.213989e+01,-7.508955e+00,2.165673e+00,3.807797e-02,5.505028e+02,7.047920e-01,-2.156929e-05,-1.444530e-01,6.550126e-02,-2.685798e-01,3.590697e-01,-6.773357e-02,-7.690030e-02,-4.915686e-02,-4.953588e-01,-3.049154e-01,1.146135e+00,8.327495e-01,4.375440e-01,-6.044127e-04,-5.639558e+01,-3.702414e-03
1.825950e-03,-9.900054e+00,1.682549e+00,1.238845e+00,-1.000406e+01,-1.232627e+01,-1.846312e+00,4.906288e+00,9.581532e-01,-1.130264e+00,1.289202e+01,-5.530063e+00,2.201827e+00,3.807797e-02,3.660219e+02,6.984580e-01,-8.076152e-05,1.859491e-01,-1.478118e-02,-1.074561e-01,1.033875e+00,-3.285387e-01,-5.483782e-03,-2.680238e-01,-9.269255e-01,-1.324039e-01,-1.044344e-01,8.466302e-01,3.646972e-01,-2.115447e-04,-1.476102e+02,-8.434558e-03
1.707186e-03,-9.549459e+00,1.337888e+00,1.874290e+00,-8.646653e+00,-1.334639e+01,-1.126462e+00,4.213615e+00,-2.831746e-01,-9.031097e-01,1.204383e+01,-4.696393e+00,2.643253e+00,3.838018e-02,1.824148e+02,6.864732e-01,-1.424396e-04,4.871872e-01,1.561073e-01,-6.056695e-02,1.614344e+00,-4.767200e-01,-2.567465e-01,-4.577172e-01,-1.288518e+00,-5.652672e-02,-1.402472e+00,6.525364e-01,2.425389e-02,8.461773e-04,-1.467027e+02,-1.587270e-02
1.516777e-03,-8.612817e+00,1.598632e+00,1.656082e+00,-6.662639e+00,-1.364107e+01,-1.795302e+00,4.475838e+00,-2.981480e+00,-1.100523e+00,9.958694e+00,-4.946432e+00,3.359653e+00,3.747356e-02,0,6.726446e-01,-1.823954e-04,3.950057e-01,5.203676e-01,-1.913743e-01,2.068061e+00,-1.969474e-01,-4.946159e-01,-8.229440e-01,-8.829080e-01,3.092669e-01,-1.927328e+00,5.596234e-01,-7.025220e-01,4.714416e-03,-9.144585e+01,-6.187112e-02
1.293285e-03,-8.039692e+00,2.435657e+00,1.198777e+00,-4.381414e+00,-1.437914e+01,-3.093467e+00,2.655305e+00,-3.394241e+00,-1.131248e+00,6.594196e+00,-4.538089e+00,1.708029e+00,4.261106e-02,0,6.383352e-01,-1.757853e-04,-3.046598e-01,7.707188e-01,-5.553956e-01,2.022871e+00,1.064729e+00,-5.454731e-01,-1.100969e+00,2.625454e-01,6.324986e-01,-1.580966e+00,1.331505e+00,-1.293850e+00,9.096404e-03,-3.648296e+01,-1.247027e-01
1.120923e-03,-8.679909e+00,3.735502e+00,6.197296e-01,-1.796370e+00,-1.279464e+01,-3.335889e+00,1.570723e+00,-1.900853e+00,5.301395e-01,5.980200e+00,-2.811098e+00,-8.431706e-01,5.953461e-02,0,4.131714e-01,-1.093125e-04,-1.292532e+00,2.523820e-01,-1.003783e+00,9.480728e-01,2.860468e+00,1.345062e-03,-8.937203e-01,1.170050e+00,9.704964e-01,-3.810647e-01,2.057081e+00,-1.172077e+00,1.408280e-02,0,-1.790928e-01
1.026186e-03,-1.103921e+01,4.123047e+00,-3.845123e-01,-9.654293e-01,-8.445961e+00,-3.083534e+00,1.613292e-01,4.892392e-01,1.444052e+00,6.128245e+00,8.934628e-01,-1.724586e+00,7.283167e-02,0,1.926965e-01,-3.461178e-05,-1.969520e+00,-3.108744e-01,-1.226615e+00,-4.117504e-01,3.918330e+00,1.082095e-01,-2.528620e-01,1.013245e+00,7.387275e-01,9.525601e-01,2.001942e+00,-1.626086e-03,1.692354e-02,0,-1.689842e-01
1.103764e-03,-1.357572e+01,2.016847e+00,-2.571186e+00,-3.630267e+00,-2.305319e+00,-1.793543e+00,1.254224e+00,9.270306e-01,2.464309e+00,8.286346e+00,2.623195e+00,-7.844217e-01,9.277727e-02,0,0,2.062101e-05,-1.470103e+00,-1.706509e-01,-5.164613e-01,-1.619851e+00,2.937685e+00,8.077230e-02,-4.608503e-01,-2.186944e-01,-1.359547e-01,1.012491e+00,4.402340e-01,5.802113e-01,1.665156e-02,0,-7.294433e-02
1.128806e-03,-1.543939e+01,1.740612e+00,-3.338840e+00,-5.523218e+00,-3.214606e-02,-3.323593e+00,1.549245e+00,2.580431e-01,1.595304e+00,1.020392e+01,2.754473e+00,1.670524e+00,1.106074e-01,0,0,4.613116e-05,-1.523173e-01,8.713595e-01,1.117212e+00,-1.959283e+00,2.419054e-01,-1.418825e-01,-1.502964e+00,-1.676499e+00,-9.258088e-01,5.127960e-01,-1.850147e+00,5.504597e-01,8.975519e-03,0,4.482463e-02
1.172718e-03,-1.383033e+01,4.073465e+00,-4.854127e-01,-7.616732e+00,-2.313119e+00,-2.811998e+00,-1.427487e+00,-2.878727e+00,-2.252602e-01,9.004813e+00,-1.540433e+00,3.603311e-01,1.239045e-01,0,1.447980e-01,5.408474e-05,1.244482e+00,1.887492e+00,2.593969e+00,-1.957103e+00,-2.023940e+00,4.527249e-02,-2.856750e+00,-2.411583e+00,-1.620148e+00,-7.521620e-01,-3.167102e+00,2.112030e-02,-5.560592e-03,0,1.481535e-01
1.222365e-03,-1.167349e+01,7.451536e+00,4.158663e+00,-8.768611e+00,-7.232534e+00,-3.283719e+00,-6.012634e+00,-5.990375e+00,-1.840207e+00,8.332992e+00,-6.275460e+00,4.553356e-01,1.021456e-01,0,3.444207e-01,7.370117e-05,1.658323e+00,1.725881e+00,2.751861e+00,-2.075862e+00,-2.376330e+00,2.849031e-01,-2.838670e+00,-1.961270e+00,-1.807410e+00,-1.364099e+00,-2.891604e+00,-4.027686e-01,-1.925053e-02,0,1.704281e-01
1.327408e-03,-9.236256e+00,8.598847e+00,6.649906e+00,-1.179309e+01,-8.824822e+00,-1.587117e+00,-9.248588e+00,-8.006677e+00,-3.918675e+00,5.461002e+00,-8.697349e+00,-7.122602e-02,6.920520e-02,0,5.685573e-01,5.399132e-05,1.040807e+00,1.077112e+00,1.717042e+00,-1.440288e+00,-1.277357e+00,-1.127879e-01,-1.439196e+00,-2.452949e-01,-1.524513e+00,-1.517200e+00,-1.195860e+00,-5.112959e-01,-2.417649e-02,0,1.294836e-01
1.419967e-03,-9.444815e+00,8.107327e+00,6.852807e+00,-1.381435e+01,-8.657947e+00,-2.511518e+00,-8.733556e+00,-6.984331e+00,-5.595038e+00,5.155335e+00,-8.125091e+00,-1.275403e-01,4.170445e-02,0,6.402609e-01,1.359018e-05,2.878200e-01,6.348205e-01,5.617856e-01,-5.729650e-01,-1.678835e-01,-3.554278e-01,1.732735e-01,1.061248e+00,-1.140528e+00,-1.343178e+00,7.123780e-02,-1.085397e+00,-1.786038e-02,0,6.276481e-02
1.343874e-03,-9.740640e+00,9.131127e+00,6.752724e+00,-1.229530e+01,-7.987198e+00,-3.762038e+00,-7.263008e+00,-3.608224e+00,-5.970409e+00,3.007641e+00,-6.594918e+00,-1.904710e+00,3.324267e-02,0,6.442958e-01,-3.480487e-05,-1.903409e-01,7.536011e-01,-4.613400e-03,5.842482e-01,6.480885e-02,-4.739657e-01,8.246406e-01,1.422781e+00,-2.574231e-01,-6.042958e-01,5.465221e-01,-1.537994e+00,-8.582654e-03,0,4.659086e-03
1.282083e-03,-9.982198e+00,1.035950e+01,6.916182e+00,-1.138233e+01,-8.490764e+00,-3.973398e+00,-6.139057e+00,-2.883364e+00,-6.516979e+00,2.843780e+00,-6.970486e+00,-4.054907e+00,3.082502e-02,0,6.203755e-01,-5.856873e-05,-6.651382e-02,7.417002e-01,-1.656582e-01,9.769379e-01,2.821541e-03,-2.362735e-02,3.938440e-01,4.865524e-01,6.398371e-01,-1.602728e-01,4.515706e-01,-1.617328e+00,-1.178605e-03,0,-1.240262e-02
1.222326e-03,-9.919269e+00,1.124077e+01,6.595151e+00,-1.008786e+01,-8.584370e+00,-3.226006e+00,-6.422634e+00,-2.943257e+00,-4.744820e+00,3.595301e+00,-6.542040e+00,-5.797510e+00,3.173164e-02,0,6.017954e-01,-4.149754e-05,7.329559e-02,2.998404e-01,-2.633282e-01,6.771021e-01,5.653076e-02,1.746209e-01,-3.083201e-01,-4.251230e-01,1.326142e+00,3.558211e-01,1.763861e-01,-9.729296e-01,9.972801e-04,0,-1.115409e-02
1.187897e-03,-9.688069e+00,1.076101e+01,6.103302e+00,-1.003338e+01,-8.345253e+00,-2.897671e+00,-7.184523e+00,-4.884052e+00,-3.008647e+00,4.060141e+00,-5.893676e+00,-6.267782e+00,3.656694e-02,0,5.994980e-01,-2.187383e-05,1.838234e-01,-2.566244e-01,-3.300234e-01,3.351225e-01,2.402139e-02,1.756327e-01,-5.414407e-01,-3.035436e-01,1.531318e+00,3.110326e-01,4.439673e-01,1.659131e-02,1.813237e-03,0,-4.055709e-03
1.183479e-03,-9.521226e+00,1.042957e+01,5.842523e+00,-9.584266e+00,-7.777299e+00,-3.426797e+00,-8.281876e+00,-4.733495e+00,-1.093867e+00,4.178566e+00,-6.251392e+00,-5.662920e+00,3.535812e-02,0,5.989640e-01,-1.251348e-07,1.607408e-01,-4.496283e-01,-3.775499e-01,-1.313881e-01,-3.803208e-01,3.645763e-01,-1.205319e-01,-3.305602e-03,9.721689e-01,2.290443e-01,4.600616e-01,8.363060e-01,1.964340e-03,0,-3.803611e-04
1.192137e-03,-9.262102e+00,9.481973e+00,5.642379e+00,-9.958511e+00,-8.774192e+00,-2.994839e+00,-7.916639e+00,-3.505963e+00,-6.858643e-01,4.107311e+00,-4.895974e+00,-4.039246e+00,3.807797e-02,0,6.015126e-01,1.727088e-05,9.890604e-02,-5.851198e-01,-7.149807e-01,-1.671886e-02,-1.059759e+00,4.578886e-01,7.438302e-01,4.919779e-01,6.150258e-01,4.974249e-01,1.026088e+00,1.440921e+00,1.511031e-03,0,6.837845e-05
1.219580e-03,-9.328548e+00,9.632144e+00,4.937863e+00,-1.078223e+01,-1.027150e+01,-1.354540e+00,-6.659235e+00,-3.648830e+00,-1.045367e+00,4.716938e+00,-4.740583e+00,-2.730249e+00,4.079783e-02,0,5.988863e-01,2.240118e-05,8.271456e-02,-6.652104e-01,-1.319139e+00,1.705838e-01,-1.456446e+00,2.266866e-01,1.513143e+00,6.785481e-01,6.286617e-01,1.136204e+00,1.392373e+00,1.739796e+00,5.137503e-04,0,1.633215e-03
1.256201e-03,-9.289878e+00,8.234124e+00,2.980728e+00,-9.517993e+00,-1.239694e+01,-1.644356e+00,-4.276692e+00,-2.966495e+00,4.223211e-02,6.278080e+00,-1.518641e+00,-5.295116e-01,4.140224e-02,0,5.998787e-01,1.569675e-05,5.928402e-02,-9.223675e-01,-1.846796e+00,6.024605e-01,-1.305479e+00,-2.422542e-01,2.118155e+00,1.159044e+00,9.055641e-01,1.856593e+00,1.373663e+00,1.353527e+00,-1.541251e-03,0,4.113853e-03
1.263453e-03,-9.093765e+00,7.727446e+00,5.776558e-01,-8.951606e+00,-1.324815e+01,-2.968606e+00,-2.536133e+00,-1.610488e+00,1.685393e+00,8.774203e+00,-9.781928e-01,1.281192e+00,3.626473e-02,0,6.079471e-01,-9.265658e-06,9.579849e-02,-1.283832e+00,-2.073376e+00,7.447176e-01,-6.586448e-01,2.762353e-02,2.367721e+00,1.690795e+00,7.682248e-01,1.514101e+00,4.605588e-01,3.504202e-01,-1.299487e-03,0,7.176054e-03
1.248685e-03,-9.083074e+00,5.822484e+00,-1.411500e+00,-7.861523e+00,-1.381326e+01,-3.399077e+00,6.125839e-01,1.270085e+00,2.476577e+00,1.136164e+01,9.114516e-02,7.226701e-01,3.263826e-02,0,6.175515e-01,-2.719974e-05,4.277620e-02,-1.471594e+00,-2.065029e+00,5.847560e-01,6.457205e-01,9.376577e-01,2.557287e+00,1.509281e+00,5.510966e-02,-1.295712e-01,-1.302836e+00,-7.402997e-01,1.631912e-03,0,9.389943e-03
1.177010e-03,-8.952958e+00,4.418805e+00,-3.232903e+00,-7.886880e+00,-1.285657e+01,-3.390619e-01,2.734733e+00,2.686855e+00,1.578585e+00,9.745663e+00,-3.242682e+00,-1.604238e+00,3.868238e-02,0,6.259302e-01,-2.272484e-05,1.165280e-01,-1.662490e+00,-2.043494e+00,6.467095e-01,2.136140e+00,2.191324e+00,2.321122e+00,9.435431e-01,-6.918467e-01,-2.628998e+00,-2.586491e+00,-8.258443e-01,5.197944e-03,0,1.159786e-02
1.163424e-03,-9.146400e+00,2.530474e+00,-5.439135e+00,-7.126576e+00,-9.364134e+00,1.729160e+00,5.874308e+00,2.431238e+00,3.711843e-01,5.144495e+00,-6.900578e+00,-2.788295e+00,4.835298e-02,0,6.378369e-01,4.433014e-06,2.782255e-01,-1.640026e+00,-2.221694e+00,7.610793e-01,3.630729e+00,2.399751e+00,1.551456e+00,3.929711e-01,-1.055225e+00,-4.239572e+00,-2.995768e+00,-2.406209e-01,5.077063e-03,0,1.581867e-02
1.192459e-03,-8.479462e+00,1.061001e+00,-7.625997e+00,-6.085532e+00,-4.792018e+00,5.423895e+00,6.438614e+00,2.526651e+00,-7.211447e-01,-1.262213e+00,-1.041479e+01,-1.092547e+00,5.439709e-02,0,6.557937e-01,2.979073e-05,4.007462e-01,-1.558781e+00,-2.110411e+00,1.296637e+00,4.322358e+00,2.162989e+00,7.866797e-01,2.747534e-01,-7.160534e-01,-3.938073e+00,-2.143428e+00,1.974788e-01,1.390149e-03,0,1.594031e-02
1.263125e-03,-7.928694e+00,-6.987436e-01,-1.032343e+01,-4.956800e+00,3.081059e-01,5.718200e+00,6.517921e+00,3.315042e+00,-1.649685e+00,-4.332279e+00,-1.130164e+01,-7.362804e-01,5.016622e-02,0,6.817131e-01,2.033713e-05,3.765082e-01,-1.251526e+00,-1.817256e+00,1.520820e+00,3.900912e+00,1.612121e+00,-2.412575e-01,6.319833e-03,7.878887e-03,-2.127916e+00,-1.041108e+00,-8.836468e-02,1.813244e-04,0,1.012428e-02
1.276113e-03,-7.558080e+00,-1.760493e+00,-1.134281e+01,-2.488581e+00,3.919100e+00,8.481365e+00,6.346325e+00,3.618720e+00,-9.912474e-01,-5.206316e+00,-1.175929e+01,-1.642852e+00,4.472651e-02,0,6.836936e-01,-1.190962e-05,4.874597e-02,-6.749982e-01,-1.069278e+00,1.465308e+00,2.655429e+00,1.101434e+00,-8.345457e-01,-4.860794e-01,9.501156e-01,-3.540714e-02,-9.087563e-02,-6.869728e-01,2.387427e-03,0,-3.149265e-03
1.223282e-03,-7.724550e+00,-2.316408e+00,-1.266701e+01,-1.320949e+00,5.784865e+00,8.261029e+00,4.714165e+00,1.916803e+00,5.456302e-01,-3.523031e+00,-1.143387e+01,-2.954966e+00,5.409489e-02,0,6.745083e-01,-4.629562e-05,-2.331370e-01,-1.525550e-01,-4.363856e-01,1.088222e+00,1.312721e+00,1.275372e+00,-8.600720e-01,-6.993235e-01,1.595800e+00,1.210362e+00,1.608050e-01,-8.227772e-01,5.167724e-03,0,-1.510170e-02
1.152833e-03,-8.337804e+00,-1.505157e+00,-1.180059e+01,-5.769181e-01,5.746748e+00,9.659650e+00,3.167764e+00,7.953736e-01,2.931776e+00,-1.843872e+00,-1.080305e+01,-3.418068e+00,6.436989e-02,0,6.436498e-01,-5.738273e-05,-4.680348e-01,1.962232e-01,-1.647759e-01,4.443488e-01,7.784302e-01,1.263601e+00,-3.335437e-01,-2.336428e-01,1.374500e+00,1.213274e+00,1.154970e-01,-6.238728e-01,1.692355e-03,0,-2.354427e-02
1.093287e-03,-8.704517e+00,-1.589187e+00,-1.227646e+01,-4.715212e-01,5.957887e+00,1.150592e+01,3.806843e+00,1.230098e+00,4.367802e+00,3.831037e-02,-1.097573e+01,-3.962558e+00,6.618314e-02,0,6.262265e-01,-4.976413e-05,-6.217846e-01,3.548850e-01,7.629538e-02,4.093685e-01,9.388915e-01,1.660313e+00,7.734907e-01,2.814465e-01,-4.212295e-02,-1.087377e-01,5.738211e-02,-3.169505e-01,-4.925958e-03,0,-2.964834e-02
1.054197e-03,-9.408271e+00,-1.142988e+00,-1.236197e+01,-6.915509e-01,7.724740e+00,1.317693e+01,5.132267e+00,2.793858e+00,3.970166e+00,-9.206148e-01,-1.141087e+01,-4.258420e+00,4.714416e-02,0,5.901132e-01,-3.826540e-05,-7.552241e-01,4.969583e-01,2.650325e-01,3.274879e-01,1.170469e+00,1.109572e+00,1.023984e+00,3.540298e-01,-1.623153e+00,-1.433910e+00,2.322606e-01,-1.200540e-01,-8.310668e-03,0,-6.644265e-02
1.023780e-03,-1.029824e+01,-7.230682e-01,-1.200484e+01,7.832094e-01,9.490327e+00,1.480396e+01,7.599367e+00,2.324793e+00,-1.841798e-01,-4.528348e+00,-1.084305e+01,-4.119543e+00,3.807797e-02,0,5.530348e-01,-2.909018e-05,-8.976681e-01,9.232141e-01,1.087918e+00,2.675383e-01,5.833606e-01,-7.506704e-02,3.667795e-01,-9.572055e-02,-2.043926e+00,-1.687607e+00,7.419117e-01,1.561193e-02,-1.511032e-03,0,-1.160462e-01
9.962595e-04,-1.131706e+01,5.465748e-01,-1.061124e+01,4.331559e-01,9.832873e+00,1.355849e+01,6.391421e+00,2.018175e+00,-2.907998e+00,-6.730091e+00,-9.708095e+00,-3.939846e+00,3.686914e-02,0,3.480323e-01,-2.366065e-05,-9.959013e-01,1.155062e+00,1.693388e+00,-1.980610e-01,-8.267549e-01,-1.566984e+00,-7.833644e-01,-3.401473e-01,-8.866391e-01,-2.680430e-01,9.439082e-01,1.700664e-02,1.574494e-02,0,-1.566225e-01
9.768052e-04,-1.223846e+01,2.182102e+00,-7.712238e+00,3.038169e-01,7.820623e+00,1.093980e+01,5.011163e+00,1.139337e+00,-2.412745e+00,-5.494986e+00,-8.117562e+00,-4.043785e+00,6.376549e-02,0,1.670360e-01,-1.827636e-05,-1.076352e+00,1.175909e+00,1.995960e+00,-5.747899e-01,-2.237058e+00,-2.807653e+00,-1.776787e+00,-2.658793e-01,9.463974e-01,1.721238e+00,1.573116e+00,4.144560e-01,3.626473e-02,0,-1.454102e-01
9.593809e-04,-1.341767e+01,3.179738e+00,-6.041329e+00,-1.442160e+00,4.425817e+00,7.274084e+00,2.509547e+00,1.685850e+00,6.512533e-01,-1.777511e+00,-8.054070e+00,-4.211265e+00,1.130251e-01,0,0,-1.148348e-05,-1.089276e+00,6.988958e-01,1.681462e+00,-2.299959e-01,-2.762174e+00,-2.890399e+00,-1.540342e+00,-4.828519e-01,1.083734e+00,2.328704e+00,2.062653e+00,1.036924e+00,4.789966e-02,0,-8.631006e-02
9.508371e-04,-1.462970e+01,3.839895e+00,-4.310004e+00,-1.153082e+00,1.008564e+00,3.907898e+00,6.563678e-01,1.161559e+00,2.768182e+00,1.601552e+00,-3.804480e+00,-1.911553e+00,1.813236e-01,0,0,-5.472090e-06,-9.504591e-01,1.688910e-01,9.920303e-01,3.983785e-02,-2.285815e+00,-2.191519e+00,-6.094923e-01,-6.448968e-01,1.700949e-01,1.922352e+00,2.416778e+00,1.666413e+00,4.321547e-02,0,-3.340719e-02
9.518262e-04,-1.556782e+01,3.212157e+00,-3.905050e+00,1.162591e-02,-5.719667e-01,2.622448e+00,8.671069e-01,-4.071959e-01,-7.979187e-02,1.365162e+00,-1.551369e+00,1.786567e-01,2.175884e-01,0,0,-2.598710e-06,-6.710901e-01,-2.525949e-01,4.526678e-01,3.469246e-01,-1.227504e+00,-6.598114e-01,8.493894e-01,-8.362440e-01,-9.790913e-01,5.489444e-01,2.219636e+00,1.770026e+00,2.505289e-02,0,0
9.532222e-04,-1.591568e+01,3.010348e+00,-3.820226e+00,-2.238867e-01,-1.109563e+00,2.308023e+00,2.784922e+00,-1.038625e+00,-1.196747e+00,2.545437e+00,7.149771e-01,2.093319e+00,2.275612e-01,0,0,3.232125e-05,5.509477e-01,-4.782076e-01,-3.099539e-01,-9.262784e-02,-8.470198e-01,6.417261e-01,1.678125e+00,-4.527330e-01,-1.029483e+00,-2.997659e-01,5.519328e-01,2.777162e-01,2.055003e-03,0,4.654317e-02
9.451949e-04,-1.613013e+01,2.331537e+00,-4.022879e+00,-1.721346e-01,-6.526404e-01,4.774964e+00,5.692217e+00,-1.395279e+00,-2.261739e+00,4.952680e-01,7.843813e-01,2.636430e+00,2.151707e-01,0,0,1.034997e-04,2.183331e+00,-5.604736e-01,-9.603443e-01,-9.538393e-01,-9.354380e-01,9.293408e-01,9.372524e-01,-5.817078e-01,-2.694023e-01,-5.727383e-01,-1.267523e+00,-1.838345e+00,-1.973406e-02,1.436849e+01,1.196059e-01
1.115759e-03,-1.159381e+01,1.889167e+00,-5.800859e+00,-1.524341e+00,-3.186198e+00,6.040270e+00,6.634436e+00,-6.080642e-01,-1.288259e+00,5.376703e-01,-2.212691e+00,-1.751858e+00,1.928075e-01,0,2.327159e-01,1.804125e-04,3.695155e+00,-8.131412e-01,-1.458648e+00,-1.707157e+00,-1.337812e+00,6.028705e-02,-1.064224e+00,-8.090650e-01,1.634334e-01,-7.281514e-01,-3.378994e+00,-3.598892e+00,-3.865216e-02,3.564072e+01,1.937349e-01
1.388056e-03,-6.812102e+00,9.703800e-01,-7.716455e+00,-4.107344e+00,-4.210839e+00,5.403028e+00,3.628612e+00,-3.531015e+00,-1.381048e+00,-4.946454e-01,-6.425150e+00,-7.090479e+00,1.362949e-01,7.184243e+01,4.816714e-01,2.284739e-04,3.630969e+00,-1.155023e+00,-1.221181e+00,-2.076088e+00,-1.394420e+00,-1.458362e+00,-2.654879e+00,-6.027735e-01,2.685458e-01,-2.538393e-01,-3.811820e+00,-3.511706e+00,-4.750680e-02,5.679092e+01,1.985004e-01
1.633854e-03,-2.098919e+00,-3.747796e-01,-9.266676e+00,-6.792067e+00,-6.019526e+00,2.295426e+00,-1.504395e+00,-4.016081e+00,-8.199260e-01,-6.003634e-01,-1.257523e+01,-1.103769e+01,7.373828e-02,1.422824e+02,7.278390e-01,2.229580e-04,1.857814e+00,-1.523975e+00,9.775863e-02,-1.660664e+00,-1.242365e+00,-2.067134e+00,-2.245110e+00,3.988016e-01,-2.523335e-01,-3.596150e-02,-2.755218e+00,-1.568669e+00,-4.158356e-02,5.634444e+01,1.283637e-01
1.828517e-03,-2.722730e+00,-2.311605e+00,-8.395874e+00,-7.918712e+00,-6.208077e+00,-6.444263e-01,-3.512760e+00,-2.705138e+00,-1.153176e+00,-2.049115e-01,-1.309345e+01,-1.027918e+01,3.717135e-02,2.128134e+02,7.449402e-01,2.129407e-04,-1.218216e-01,-1.354864e+00,1.638351e+00,-9.972883e-01,-1.448668e+00,-1.541107e+00,-3.100763e-01,1.498485e+00,-1.166484e+00,4.133076e-01,-1.052451e+00,-3.561487e-02,-2.302810e-02,3.475986e+01,5.283160e-02
2.010318e-03,-4.349422e+00,-4.089715e+00,-4.972356e+00,-7.921977e+00,-8.399406e+00,-1.271672e+00,-1.020430e+00,9.730055e-01,-2.663862e+00,2.129958e-01,-1.265463e+01,-8.000850e+00,3.445150e-02,2.112367e+02,7.429001e-01,1.696612e-04,-1.391843e+00,-5.507149e-01,2.658618e+00,-7.771868e-01,-1.506848e+00,5.363629e-02,1.070685e+00,1.579884e+00,-1.931491e+00,8.056117e-01,4.596837e-01,6.609918e-01,-6.406768e-03,-4.946671e-01,-1.877743e-03
2.264528e-03,-6.295958e+00,-3.946472e+00,-1.671861e+00,-8.528831e+00,-1.026424e+01,-5.189587e-01,1.836248e+00,1.466866e+00,-6.291499e+00,1.165213e+00,-1.164770e+01,-8.786971e+00,4.079783e-02,2.111646e+02,7.382989e-01,6.608621e-05,-1.282239e+00,7.484016e-01,2.180154e+00,-7.045076e-01,-1.123351e+00,9.961596e-01,5.856305e-01,4.172076e-01,-1.543766e+00,6.907665e-01,8.159311e-01,3.708267e-01,3.989122e-03,-3.554946e+01,-1.544032e-02
2.264155e-03,-7.271520e+00,-2.310920e+00,6.644066e-01,-1.037294e+01,-1.152569e+01,2.500874e+00,1.174526e+00,1.797336e+00,-7.908222e+00,2.742633e+00,-1.099968e+01,-8.478833e+00,3.989121e-02,1.406335e+02,7.217709e-01,1.183086e-04,-1.492667e+00,2.121590e+00,8.175129e-01,-5.643405e-01,4.699195e-01,5.146559e-01,-4.853656e-02,-1.002910e+00,-2.816824e-01,4.103803e-01,1.106300e+00,5.615929e-01,1.302508e-02,-5.632703e+01,-6.723224e-02
2.032030e-03,-7.672874e+00,5.410059e-01,-3.134829e-01,-1.021577e+01,-1.026169e+01,2.450098e+00,-1.682086e+00,-1.031265e+00,-6.249828e+00,1.984103e+00,-9.841270e+00,-8.186059e+00,5.439710e-02,7.036777e+01,6.783032e-01,5.587107e-04,-2.217697e+00,3.104647e+00,-5.821465e-01,2.505058e-01,2.383485e+00,-1.213299e+00,-9.716468e-02,-1.214955e+00,1.187214e+00,1.074899e-01,8.174177e-01,8.449841e-01,2.855848e-02,-5.629626e+01,-1.354737e-01
2.718110e-03,-1.112430e+01,4.274495e+00,-1.563981e+00,-9.900210e+00,-6.051081e+00,-1.829208e-01,4.960540e-01,-2.792481e+00,-4.093110e+00,1.855452e+00,-8.026347e+00,-5.493341e+00,9.277727e-02,0,4.367367e-01,1.441832e-03,-3.335624e+00,3.475348e+00,-1.384311e+00,7.554479e-01,3.785764e+00,-2.683413e+00,8.820195e-01,-4.475226e-01,9.846563e-01,3.360426e-01,5.463964e-01,5.356461e-01,4.527047e-02,-3.516348e+01,-1.918397e-01
4.831103e-03,-1.545805e+01,8.284057e+00,-3.468400e+00,-7.512667e+00,-1.084116e+00,-5.243558e+00,1.689661e+00,-2.313001e+00,-2.262985e+00,2.146253e+00,-9.047284e+00,-6.054797e+00,1.571472e-01,0,2.034476e-01,2.171885e-03,-3.580978e+00,2.815852e+00,-1.535367e+00,5.164193e-01,3.574694e+00,-2.613137e+00,4.123487e-01,7.718164e-01,-8.823057e-02,8.739346e-01,4.486808e-01,5.768151e-02,5.330916e-02,-1.407355e+01,-1.793343e-01
8.073781e-03,-2.005705e+01,1.119429e+01,-4.679692e+00,-7.947252e+00,2.814344e+00,-7.069365e+00,3.898750e+00,2.005908e-01,-4.978362e+00,4.341771e+00,-8.664696e+00,-6.866234e+00,2.148685e-01,0,0,2.069182e-03,-2.639334e+00,1.345721e+00,-1.439112e+00,-1.190909e-01,2.134727e+00,-1.388080e+00,-6.493976e-01,4.798428e-01,-1.686112e+00,5.709351e-01,8.016766e-01,3.751512e-01,4.871562e-02,0,-1.076921e-01
1.021362e-02,-2.111139e+01,1.116037e+01,-6.432465e+00,-8.610150e+00,3.179065e+00,-7.172367e+00,-1.321690e+00,1.331281e+00,-6.248354e+00,5.110617e+00,-7.278692e+00,-7.211205e+00,2.598973e-01,0,0,9.679170e-04,-1.181192e+00,-4.027116e-01,-8.747889e-01,-4.257241e-01,6.627380e-01,6.519475e-02,-1.739006e+00,-1.220708e-01,-2.202860e+00,-5.917999e-01,1.779513e+00,1.549065e+00,3.263826e-02,0,-4.068952e-02
1.037276e-02,-2.149430e+01,9.564945e+00,-7.277507e+00,-9.946923e+00,2.490963e+00,-6.158918e+00,-1.245258e+00,-2.215408e+00,-1.053098e+01,3.227946e+00,-4.902260e+00,-3.039381e+00,2.849804e-01,0,0,-6.242369e-04,3.574707e-01,-1.487086e+00,-5.861044e-03,2.603320e-01,5.445399e-02,4.462984e-01,-1.856433e+00,-3.427935e-01,-1.418128e+00,-1.681152e+00,1.920646e+00,2.330177e+00,7.676035e-03,0,0
8.521197e-03,-2.064539e+01,7.085173e+00,-6.543437e+00,-8.641452e+00,2.391265e+00,-5.372808e+00,-4.433365e+00,-1.715356e+00,-1.050097e+01,-2.558341e-01,-2.030938e+00,-2.228975e-01,2.852826e-01,0,0,-1.834853e-03,1.659014e+00,-1.891579e+00,5.788525e-01,7.034487e-01,2.615879e-02,4.482203e-01,-1.231113e+00,1.984883e-01,-6.181335e-02,-1.867309e+00,8.826052e-01,1.545112e+00,-2.323965e-02,0,4.008145e-02
5.798806e-03,-1.850270e+01,5.796459e+00,-4.653511e+00,-6.629941e+00,3.480514e+00,-5.737652e+00,-3.827576e+00,9.941419e-03,-9.942694e+00,-1.380766e+00,-1.685342e+00,1.290498e+00,2.405561e-01,0,0,-2.218584e-03,2.888999e+00,-1.871689e+00,5.201474e-01,6.645987e-01,-4.488617e-01,7.141473e-01,-1.419256e+00,5.447313e-01,1.749340e+00,-1.065953e+00,-1.143749e+00,-1.455911e-01,-5.025688e-02,1.505460e+01,1.087652e-01
3.326332e-03,-1.431212e+01,3.586711e+00,-4.850200e+00,-6.751398e+00,2.815083e+00,-5.141899e+00,-6.186096e+00,1.211048e+00,-6.851566e+00,-1.921570e+00,-4.474125e+00,-1.650582e+00,1.659112e-01,0,2.004073e-01,-1.796490e-03,3.579542e+00,-1.811291e+00,-3.188723e-01,-2.670752e-01,-1.704839e+00,1.467682e+00,-8.446119e-01,-7.536781e-01,2.357975e+00,-2.751590e-01,-3.062856e+00,-1.057025e+00,-6.143851e-02,3.746055e+01,1.836087e-01
1.877275e-03,-1.021594e+01,1.955732e+00,-5.523388e+00,-7.568957e+00,3.474490e-02,-2.703636e+00,-7.465174e+00,-9.549529e-01,-3.608990e+00,-1.268952e+00,-9.399414e+00,-3.053494e+00,9.338168e-02,7.527299e+01,4.436224e-01,-1.029875e-03,3.334662e+00,-1.652949e+00,-1.340433e+00,-7.955385e-01,-2.434978e+00,2.361085e+00,-4.399560e-01,-2.036195e+00,2.487213e+00,2.524486e-01,-3.225636e+00,-1.350976e+00,-5.240254e-02,5.946614e+01,2.005379e-01
1.499513e-03,-6.891055e+00,-5.092019e-02,-7.702859e+00,-9.507320e+00,-4.410045e+00,4.485926e-01,-6.837626e+00,-5.001299e+00,-1.877949e+00,-1.687536e+00,-1.348818e+01,-3.336025e+00,5.167725e-02,1.496662e+02,6.962323e-01,-3.631727e-04,2.357551e+00,-1.257865e+00,-2.079145e+00,-4.592901e-01,-1.881457e+00,2.231159e+00,8.977941e-01,-2.307371e+00,1.743178e+00,9.172181e-01,-1.803504e+00,-1.281505e+00,-3.242671e-02,5.831681e+01,1.449955e-01
1.562841e-03,-5.539917e+00,-6.494704e-01,-9.929344e+00,-9.229672e+00,-5.081810e+00,3.272527e+00,-5.701591e+00,-7.064862e+00,6.563624e-03,-2.355401e-01,-1.330649e+01,-4.621659e+00,3.566032e-02,2.224976e+02,7.547771e-01,-5.527620e-06,1.435779e+00,-9.386145e-01,-2.611688e+00,1.008558e-01,-3.746170e-01,1.399536e+00,1.476805e+00,-1.327933e+00,8.453525e-01,1.685936e+00,7.344866e-02,-2.184643e+00,-1.405258e-02,3.451892e+01,7.543255e-02
1.667686e-03,-4.862375e+00,-1.400015e+00,-1.304295e+01,-8.217490e+00,-4.033925e+00,3.025813e+00,-2.578917e+00,-7.270854e+00,5.654515e-02,2.147815e+00,-1.153811e+01,-7.274024e+00,3.263826e-02,2.179718e+02,7.698075e-01,1.194333e-04,8.294536e-01,-7.416666e-01,-2.412448e+00,3.324922e-01,9.219521e-01,7.820361e-01,1.424290e+00,-7.559490e-02,6.638815e-01,2.347835e+00,1.274018e+00,-2.755044e+00,-4.351768e-03,1.132105e+01,2.252332e-02
1.765550e-03,-4.051389e+00,-2.062793e+00,-1.591179e+01,-7.709593e+00,-2.026400e+00,3.005431e+00,-2.210502e+00,-6.459840e+00,-3.494744e-01,5.243051e+00,-1.000721e+01,-1.200771e+01,3.263826e-02,2.137148e+02,7.839975e-01,1.747617e-04,6.620153e-01,-7.515212e-01,-1.837588e+00,-4.551014e-01,1.123138e+00,1.070294e+00,9.507664e-01,5.610977e-01,9.916258e-01,2.053272e+00,9.952857e-01,-2.260860e+00,-1.269266e-03,-3.354469e+00,1.243033e-02
1.995324e-03,-3.488050e+00,-3.052592e+00,-1.677388e+01,-8.604899e+00,-1.327990e+00,4.492321e+00,-1.461719e+00,-5.681784e+00,1.619478e+00,7.312342e+00,-8.767735e+00,-1.341822e+01,3.142944e-02,2.106628e+02,7.942387e-01,2.203449e-04,4.828134e-01,-7.386923e-01,-9.179410e-01,-1.411734e+00,5.957812e-01,2.189791e+00,1.428196e-01,7.721350e-01,2.243110e+00,9.672829e-01,2.703974e-01,-7.423702e-01,-1.178604e-03,-2.348250e+00,9.746355e-03
2.272830e-03,-2.917003e+00,-3.580788e+00,-1.725182e+01,-1.131147e+01,-8.190860e-01,7.890741e+00,-1.506358e+00,-5.053908e+00,4.183226e+00,7.448554e+00,-9.715247e+00,-1.285386e+01,2.991840e-02,2.093797e+02,8.047132e-01,2.131202e-04,1.034511e-01,-5.590452e-01,-2.741095e-01,-2.079971e+00,1.607987e-01,2.662112e+00,-4.254556e-01,7.855931e-01,3.197930e+00,-2.778577e-01,-3.408648e-01,1.045366e+00,-1.178605e-03,-1.535765e+00,6.033504e-03
2.515770e-03,-3.015501e+00,-4.334479e+00,-1.696264e+01,-1.347522e+01,-1.658676e+00,1.153211e+01,-2.216891e+00,-4.113145e+00,9.005745e+00,5.881477e+00,-1.033210e+01,-1.056280e+01,2.810517e-02,2.083981e+02,8.081815e-01,1.242975e-04,-3.612210e-01,-1.362861e-01,-1.678968e-01,-2.169944e+00,9.110332e-02,1.515234e+00,-1.052298e+00,5.854012e-01,2.871766e+00,-8.647078e-01,-3.700598e-01,2.225873e+00,-5.741920e-04,-1.235339e+00,1.822615e-03
2.570928e-03,-3.770408e+00,-4.217076e+00,-1.718796e+01,-1.567429e+01,-1.057064e+00,1.279610e+01,-3.960195e+00,-3.316195e+00,1.194704e+01,4.569195e+00,-1.092935e+01,-8.208593e+00,2.840737e-02,2.071684e+02,8.071937e-01,5.565095e-06,-7.835311e-01,4.105383e-01,1.487465e-02,-1.809015e+00,5.597090e-01,-6.500823e-01,-1.067375e+00,3.885844e-01,1.417729e+00,-5.402192e-01,1.065698e-01,2.460789e+00,4.230887e-04,-1.337877e+00,-3.636265e-03
2.467763e-03,-4.867453e+00,-3.415878e+00,-1.764529e+01,-1.727321e+01,-7.534847e-01,9.615811e+00,-5.496290e+00,-3.623635e+00,1.209640e+01,4.428483e+00,-1.001098e+01,-4.611487e+00,2.931399e-02,2.055918e+02,8.021116e-01,-1.124027e-04,-8.229389e-01,9.785911e-01,4.642111e-01,-1.084034e+00,1.123271e+00,-2.706274e+00,-8.192097e-01,2.850659e-01,-7.181154e-01,-1.393555e-01,4.108858e-01,2.063067e+00,1.813237e-03,-1.460251e+00,-9.708583e-03
2.324660e-03,-5.908682e+00,-1.987397e+00,-1.683611e+01,-1.845756e+01,1.526863e+00,5.598480e+00,-5.203536e+00,-3.355741e+00,9.726543e+00,5.473955e+00,-9.342957e+00,-3.525573e+00,3.142944e-02,2.040935e+02,7.895668e-01,-2.067975e-04,-4.512461e-01,1.502100e+00,1.303635e+00,2.675037e-02,1.310336e+00,-3.126401e+00,-3.932461e-01,2.685148e-01,-2.081895e+00,-3.273134e-02,4.201986e-01,9.063765e-01,3.535812e-03,-1.478006e+01,-1.905745e-02
2.076891e-03,-6.061059e+00,-5.563626e-01,-1.481750e+01,-1.750375e+01,2.665713e+00,1.599550e+00,-5.691269e+00,-2.668042e+00,6.525418e+00,4.732320e+00,-9.070868e+00,-2.588974e+00,3.566032e-02,2.026343e+02,7.684520e-01,-2.802064e-04,-1.734819e-02,2.059965e+00,2.041761e+00,1.410889e+00,9.316958e-01,-1.988980e+00,-2.091616e-01,3.032921e-01,-2.649523e+00,-4.798400e-01,3.471803e-01,-4.244203e-01,5.379269e-03,-3.463494e+01,-3.415740e-02
1.732376e-03,-5.429836e+00,1.863665e+00,-1.208368e+01,-1.542527e+01,3.785017e+00,1.172220e+00,-5.828936e+00,-2.451417e+00,4.323060e+00,4.253620e+00,-9.298416e+00,-4.687968e+00,4.291327e-02,1.347468e+02,7.287362e-01,-3.100183e-04,9.889288e-02,2.379389e+00,2.192607e+00,2.402889e+00,-2.046543e-01,-4.791557e-01,1.190817e-01,3.810666e-01,-2.219392e+00,-7.173387e-01,8.850118e-01,-1.269037e+00,7.101842e-03,-5.437309e+01,-5.370762e-02
1.362873e-03,-5.193617e+00,4.958415e+00,-9.812705e+00,-1.173491e+01,2.775917e+00,1.884042e+00,-6.229398e+00,-2.559337e+00,1.550523e+00,2.639451e+00,-8.297351e+00,-6.152391e+00,5.046842e-02,6.709043e+01,6.617399e-01,-2.194834e-04,-4.849249e-01,2.145650e+00,1.869359e+00,2.605936e+00,-6.229649e-01,-2.341080e-01,8.882920e-01,9.277665e-01,-1.426891e+00,-6.307391e-01,1.433071e+00,-7.944164e-01,7.404050e-03,-5.400155e+01,-9.903298e-02
1.131577e-03,-5.847939e+00,7.152159e+00,-8.375477e+00,-9.327532e+00,4.484896e-01,3.060455e+00,-4.339062e+00,-1.504760e+00,1.117033e+00,2.933696e+00,-5.304657e+00,-8.089047e+00,5.953460e-02,0,5.743847e-01,1.127974e-05,-1.282154e+00,1.490038e+00,1.134859e+00,1.925369e+00,-3.764988e-01,-1.623431e+00,1.088657e+00,9.026572e-01,-4.125234e-01,-4.120336e-01,1.383012e+00,9.609911e-01,5.560593e-03,-3.365841e+01,-1.449278e-01
1.279874e-03,-8.276631e+00,7.527643e+00,-7.324805e+00,-7.522942e+00,1.219153e+00,-5.151076e-01,-1.994746e+00,1.497462e+00,9.939745e-01,2.238586e+00,-3.902393e+00,-4.860516e+00,6.436991e-02,0,3.504628e-01,2.141521e-04,-1.411196e+00,3.920657e-01,2.832533e-01,4.658768e-01,4.204848e-01,-3.075380e+00,4.147396e-01,-3.355531e-01,3.079400e-01,4.274025e-02,-7.456498e-02,2.806108e+00,1.934120e-03,-1.341809e+01,-1.267152e-01
1.830275e-03,-1.029910e+01,8.029240e+00,-7.653331e+00,-7.904408e+00,2.680905e+00,-5.745362e+00,-2.502976e+00,3.346984e-02,2.538717e+00,2.393884e+00,-4.580836e+00,-5.289497e-01,6.376549e-02,0,1.597356e-01,2.795031e-04,-7.212658e-01,-8.807606e-01,-1.446304e-01,-5.651830e-01,-2.173028e-01,-2.686355e+00,-8.973772e-01,-2.952698e+00,6.809943e-01,5.409170e-01,-1.679174e+00,3.085574e+00,-2.085221e-03,0,-3.261478e-02
2.084285e-03,-1.002402e+01,6.480203e+00,-8.757511e+00,-1.011709e+01,3.762134e+00,-9.089948e+00,-5.073743e+00,-5.006217e+00,2.379381e+00,3.123058e+00,-9.032086e+00,4.098100e+00,5.802357e-02,0,2.354885e-01,1.312222e-04,3.935639e-01,-2.163770e+00,8.282661e-05,-8.985075e-01,-2.367335e+00,-3.707168e-01,-1.652598e+00,-4.663220e+00,4.429125e-01,1.417693e+00,-2.109410e+00,8.680300e-01,-3.747358e-03,0,1.001314e-01
2.126887e-03,-8.580573e+00,3.272076e+00,-8.382276e+00,-1.085637e+01,-1.909515e+00,-6.083899e+00,-7.286449e+00,-1.301641e+01,3.829301e+00,5.196045e+00,-1.113568e+01,2.859516e+00,5.228166e-02,0,4.687980e-01,-1.018981e-05,1.109344e+00,-3.128371e+00,4.585452e-02,-3.408095e-01,-4.357393e+00,1.612082e+00,-1.345816e+00,-4.367970e+00,-1.568726e-01,1.699426e+00,-1.195559e+00,-1.900280e+00,-4.533092e-03,1.376221e+01,1.588544e-01
1.787678e-03,-7.168074e+00,-9.126279e-01,-6.959918e+00,-1.053950e+01,-8.322312e+00,-2.199423e+00,-7.865997e+00,-1.529370e+01,2.563245e+00,7.925972e+00,-1.117202e+01,-2.214599e+00,5.137504e-02,0,6.965888e-01,1.724985e-05,1.314268e+00,-3.018846e+00,-7.243718e-01,1.765231e-01,-4.893995e+00,2.155952e+00,-9.082724e-01,-2.676624e+00,-6.184036e-01,1.499058e+00,3.557405e-01,-3.480015e+00,-5.197946e-03,3.440518e+01,1.299869e-01
1.927629e-03,-6.180352e+00,-3.916202e+00,-8.322855e+00,-9.397252e+00,-1.306384e+01,-1.130217e+00,-7.835931e+00,-1.666264e+01,1.662422e+00,8.489558e+00,-9.488662e+00,-6.873999e+00,4.442430e-02,6.881103e+01,7.234576e-01,1.708912e-04,1.411134e+00,-2.383868e+00,-2.261863e+00,-1.352653e-01,-3.429895e+00,1.672766e+00,-7.083576e-01,-9.437674e-01,-6.710024e-01,8.199156e-01,1.206218e+00,-2.496569e+00,-6.739196e-03,5.496070e+01,7.284944e-02
2.270163e-03,-4.652788e+00,-5.019888e+00,-1.240908e+01,-9.964035e+00,-1.513068e+01,-7.870300e-01,-9.340364e+00,-1.656622e+01,3.708034e-01,8.971592e+00,-8.076892e+00,-8.435218e+00,3.596253e-02,1.376204e+02,7.580929e-01,3.169213e-04,1.312073e+00,-1.428082e+00,-3.128387e+00,-7.158930e-01,-1.617033e+00,1.732971e+00,-6.651748e-01,-6.299706e-02,-1.349331e-01,1.457088e-01,1.834663e+00,-6.119238e-01,-7.071623e-03,5.466240e+01,3.053549e-02
2.740101e-03,-2.782547e+00,-6.593632e+00,-1.696701e+01,-1.182043e+01,-1.565480e+01,1.573733e+00,-1.009105e+01,-1.709899e+01,1.570510e+00,8.772813e+00,-6.652153e+00,-6.513022e+00,2.629193e-02,2.059933e+02,8.022931e-01,2.540078e-04,9.743102e-01,-6.667094e-01,-2.585615e+00,-1.214222e+00,-2.090549e-02,2.099999e+00,-2.434741e-01,7.138541e-01,9.541310e-02,-2.519702e-01,2.124773e+00,9.449352e-01,-4.472650e-03,3.341970e+01,2.247592e-02
2.966049e-03,-2.306610e+00,-6.714324e+00,-1.827978e+01,-1.290737e+01,-1.511200e+01,5.113454e+00,-1.006431e+01,-1.539051e+01,1.934535e+00,8.512889e+00,-3.416961e+00,-5.454707e+00,2.508310e-02,2.047208e+02,8.098485e-01,7.018594e-05,3.665358e-01,-1.865625e-03,-1.370999e+00,-1.227795e+00,1.018156e+00,1.587895e+00,5.664235e-01,1.203060e+00,-2.095153e-01,-5.491782e-01,1.930643e+00,1.376760e+00,-6.648527e-04,1.211037e+01,1.037343e-02
2.849725e-03,-2.481890e+00,-6.402531e+00,-1.831558e+01,-1.399669e+01,-1.317771e+01,6.419535e+00,-8.691329e+00,-1.368122e+01,1.357621e+00,7.459059e+00,-1.194765e+00,-3.639579e+00,2.750076e-02,2.023593e+02,8.099594e-01,-1.053374e-04,-1.492329e-01,6.815270e-01,-3.266521e-01,-1.040756e+00,1.584739e+00,2.436578e-01,1.291152e+00,1.331214e+00,-7.758748e-01,-5.798029e-01,9.170521e-01,1.243858e+00,2.206106e-03,-1.920261e+00,1.901984e-04
2.566281e-03,-2.970438e+00,-5.124767e+00,-1.858979e+01,-1.501488e+01,-1.127845e+01,4.729545e+00,-7.208109e+00,-1.225980e+01,-5.703291e-01,6.882578e+00,-1.152372e+00,-2.988138e+00,3.203385e-02,1.999892e+02,8.061269e-01,-1.074722e-04,-2.030665e-01,7.337357e-01,-1.556278e-01,-1.060019e+00,1.769391e+00,-8.912985e-01,1.461434e+00,1.011323e+00,-7.688204e-01,-5.074467e-01,-6.535216e-01,6.741427e-01,2.266547e-03,-1.445685e+00,-7.076919e-04
2.413298e-03,-3.196797e+00,-3.980776e+00,-1.844526e+01,-1.597046e+01,-9.647880e+00,2.983977e+00,-5.063396e+00,-1.200827e+01,-1.056432e+00,6.688954e+00,-3.199187e+00,-1.527018e+00,3.384709e-02,1.987578e+02,8.051049e-01,7.617718e-05,-8.986094e-02,2.480755e-01,-2.555881e-01,-1.113850e+00,1.753454e+00,-8.332912e-01,1.257005e+00,9.319484e-01,-1.262146e-01,-3.336751e-01,-1.760756e+00,-6.073623e-02,6.044116e-04,-4.391632e-01,1.060921e-03
2.646901e-03,-2.964488e+00,-4.256524e+00,-1.899307e+01,-1.722058e+01,-8.029956e+00,2.374741e+00,-4.571106e+00,-1.117037e+01,-7.025397e-01,6.360708e+00,-5.682358e+00,-3.140274e+00,3.324267e-02,1.992932e+02,8.087373e-01,3.197267e-04,-5.700658e-02,-6.664344e-01,-5.464554e-01,-9.870869e-01,1.579643e+00,-2.460828e-01,6.603751e-01,1.168865e+00,5.931090e-01,-3.030317e-01,-2.358014e+00,-6.007358e-01,-1.178604e-03,4.242371e-01,3.586280e-03
3.190301e-03,-2.934170e+00,-5.596275e+00,-1.939188e+01,-1.846309e+01,-6.034683e+00,3.430481e+00,-3.724807e+00,-9.566197e+00,7.926538e-01,6.051618e+00,-7.733551e+00,-3.867192e+00,2.991840e-02,2.005115e+02,8.139588e-01,4.569755e-04,-1.950106e-01,-1.298666e+00,-7.250748e-01,-5.221783e-01,1.434201e+00,-2.365246e-02,2.324421e-01,1.626644e+00,9.780865e-01,-1.782150e-01,-2.405039e+00,-5.616039e-01,-1.843458e-03,6.882294e-01,4.625547e-03
3.776413e-03,-3.386785e+00,-7.649189e+00,-2.084876e+01,-1.870400e+01,-5.186831e+00,3.275879e+00,-4.575529e+00,-7.636513e+00,1.470673e+00,5.686087e+00,-1.067526e+01,-4.821730e+00,2.810517e-02,2.012336e+02,8.196313e-01,3.967647e-04,-3.913938e-01,-1.302248e+00,-6.661674e-01,1.352663e-01,1.022561e+00,-3.299657e-01,6.538580e-02,1.674381e+00,1.040883e+00,-1.034958e-01,-2.508337e+00,1.615369e-01,-1.480811e-03,3.740143e-01,3.548998e-03
4.133420e-03,-3.960702e+00,-8.777775e+00,-2.114280e+01,-1.783964e+01,-3.898438e+00,2.415146e+00,-3.898974e+00,-5.641977e+00,2.747394e+00,6.135189e+00,-1.272793e+01,-3.494310e+00,2.719855e-02,2.012287e+02,8.227856e-01,1.617102e-04,-4.083267e-01,-6.847910e-01,-3.287663e-01,5.235890e-01,4.599152e-01,-7.612035e-01,-2.648547e-01,1.410610e+00,1.089209e+00,-1.070123e-02,-2.313701e+00,8.442653e-01,-6.346332e-04,-6.240997e-02,5.977690e-04
4.159166e-03,-4.408191e+00,-9.177012e+00,-2.144845e+01,-1.685597e+01,-3.985274e+00,1.232580e+00,-4.157094e+00,-4.760572e+00,3.524506e+00,5.801443e+00,-1.572685e+01,-2.519030e+00,2.719855e-02,2.008046e+02,8.220689e-01,-1.714156e-04,-1.956638e-01,3.550282e-01,2.125202e-01,6.303612e-01,-3.208220e-01,-1.242105e+00,-7.558745e-01,5.840316e-01,8.911434e-01,3.396088e-01,-1.777472e+00,1.199322e+00,6.648533e-04,-4.938431e-01,-6.299639e-03
3.807476e-03,-4.465100e+00,-8.256318e+00,-2.073586e+01,-1.676916e+01,-4.335886e+00,6.461129e-01,-5.258297e+00,-3.951118e+00,5.211781e+00,5.940434e+00,-1.677626e+01,-7.972153e-01,2.719855e-02,2.004139e+02,8.157289e-01,-4.991298e-04,4.371228e-02,1.682161e+00,1.149284e+00,9.298998e-01,-8.901771e-01,-1.496600e+00,-1.156304e+00,-2.958617e-01,7.902966e-02,2.510210e-01,-7.577525e-01,3.996103e-01,2.115443e-03,-1.393411e+01,-1.967455e-02
3.082307e-03,-4.112905e+00,-6.134777e+00,-1.998962e+01,-1.608743e+01,-6.572217e+00,-2.050131e+00,-7.675240e+00,-5.561784e+00,4.694197e+00,7.481509e+00,-1.753846e+01,-1.736645e-01,3.142944e-02,1.991718e+02,7.916615e-01,-6.946401e-04,1.054541e-01,3.032342e+00,2.436013e+00,1.505062e+00,-9.414682e-01,-1.604223e+00,-6.606330e-01,-4.768689e-01,-4.407740e-01,-1.728968e-01,5.576191e-01,-9.164225e-01,2.780296e-03,-3.381762e+01,-3.315731e-02
2.176200e-03,-3.889784e+00,-1.888088e+00,-1.612579e+01,-1.357441e+01,-7.055852e+00,-3.426498e+00,-7.921422e+00,-6.720680e+00,2.557696e+00,6.550261e+00,-1.561089e+01,-2.668941e+00,3.566032e-02,1.323746e+02,7.396166e-01,-6.891696e-04,-9.711361e-02,3.804745e+00,3.538440e+00,1.905465e+00,-5.806091e-01,-9.910208e-01,2.722010e-01,1.605148e-02,-7.686286e-01,-1.222319e+00,1.221268e+00,-2.156726e+00,1.571472e-03,-5.342635e+01,-4.153969e-02
1.501603e-03,-4.168579e+00,2.800584e+00,-1.157343e+01,-1.092803e+01,-7.332632e+00,-4.752228e+00,-6.128696e+00,-5.760136e+00,2.647678e+00,4.632046e+00,-1.352144e+01,-6.165280e+00,3.686914e-02,6.573616e+01,6.943385e-01,-4.994901e-04,-4.987681e-01,3.514754e+00,3.614188e+00,1.748248e+00,3.770294e-02,-1.160526e-03,1.047426e+00,8.838371e-01,-8.609913e-02,-1.773649e+00,1.732826e+00,-2.031947e+00,6.950740e-04,-5.307182e+01,-4.531871e-02
1.151980e-03,-4.922831e+00,6.299725e+00,-7.251762e+00,-9.821530e+00,-6.858724e+00,-2.957943e+00,-4.670564e+00,-3.771685e+00,2.391897e+00,1.253571e+00,-1.267843e+01,-8.585036e+00,3.233605e-02,0,6.566920e-01,-2.124932e-04,-9.768864e-01,2.023489e+00,2.159661e+00,1.412367e+00,1.956930e-01,3.302175e-01,8.382975e-01,8.374122e-01,4.143239e-01,-8.949405e-01,1.742751e+00,-5.970838e-01,1.843458e-03,-3.304855e+01,-4.732786e-02
1.096967e-03,-6.090222e+00,7.345085e+00,-6.355694e+00,-9.222634e+00,-6.482267e+00,-2.290211e+00,-4.063540e+00,-2.617096e+00,4.346601e+00,1.261610e+00,-1.034056e+01,-7.375354e+00,3.656694e-02,0,6.065302e-01,7.068829e-05,-8.011218e-01,-1.025496e-01,-3.047733e-02,9.055880e-01,2.595649e-01,3.300042e-02,7.908878e-02,5.221470e-01,1.107509e+00,5.396590e-01,1.415745e+00,1.229068e+00,3.626474e-03,7.630768e-02,-3.277230e-02
1.316052e-03,-7.813394e+00,5.957108e+00,-7.936352e+00,-7.365282e+00,-6.502570e+00,-3.006418e+00,-4.762513e+00,-4.105138e+00,3.779855e+00,3.760777e+00,-8.487576e+00,-5.049323e+00,4.502871e-02,0,5.468814e-01,3.692359e-04,-9.713268e-03,-2.259290e+00,-2.216914e+00,2.422368e-01,7.821941e-02,-5.104133e-01,-2.696834e-01,8.671455e-01,2.009074e+00,1.502590e+00,3.172031e-01,2.405775e+00,3.022061e-03,3.304536e+01,2.967489e-03
1.773008e-03,-6.728906e+00,2.459144e+00,-1.138352e+01,-7.628220e+00,-6.212884e+00,-4.562988e+00,-5.687278e+00,-2.982674e+00,7.491244e+00,6.076738e+00,-8.538144e+00,-1.787797e+00,4.865518e-02,6.611770e+01,5.853823e-01,6.018087e-04,1.101238e+00,-3.584469e+00,-3.316163e+00,-8.598997e-01,-2.442312e-02,-3.432083e-01,4.499669e-02,1.672956e+00,2.287230e+00,6.735598e-01,-1.547100e+00,2.452129e+00,-8.461777e-04,5.271384e+01,5.019396e-02
2.660138e-03,-4.652055e+00,-2.553757e+00,-1.582242e+01,-9.407554e+00,-6.602318e+00,-4.373621e+00,-5.207112e+00,7.468317e-01,1.086495e+01,6.358958e+00,-1.199362e+01,6.500613e-01,4.140224e-02,1.321680e+02,6.821034e-01,7.296345e-04,1.503786e+00,-3.674160e+00,-3.210680e+00,-1.631858e+00,-1.178980e-03,4.102217e-01,9.134890e-01,2.443927e+00,1.946527e+00,-7.240648e-01,-2.592459e+00,1.877221e+00,-3.807797e-03,5.245115e+01,7.326783e-02
3.433967e-03,-2.164702e+00,-6.321826e+00,-1.899348e+01,-1.250100e+01,-6.554508e+00,-3.322652e+00,-3.616257e+00,3.321699e+00,1.224021e+01,3.330318e+00,-1.632304e+01,2.035599e+00,3.414929e-02,1.974852e+02,7.898890e-01,6.575381e-04,8.314610e-01,-2.694539e+00,-2.061547e+00,-1.616897e+00,4.451504e-02,9.914793e-01,1.210094e+00,1.826574e+00,4.849182e-01,-1.477987e+00,-2.490347e+00,8.263646e-01,-3.535811e-03,3.234547e+01,5.882756e-02
4.133746e-03,-2.576567e+00,-8.023208e+00,-2.018477e+01,-1.308818e+01,-6.337653e+00,-1.575478e+00,-1.230579e+00,4.962311e+00,1.113801e+01,1.513662e+00,-1.755743e+01,2.425082e+00,3.324267e-02,1.965720e+02,8.109671e-01,3.782595e-04,3.083587e-03,-1.318810e+00,-5.560217e-01,-1.308664e+00,3.629109e-01,9.808248e-01,6.475264e-01,5.057753e-01,-4.440364e-01,-7.690807e-01,-1.326613e+00,-1.393631e-01,-7.555146e-04,1.246238e+01,2.839364e-02
4.323896e-03,-3.609345e+00,-8.278827e+00,-1.951007e+01,-1.387239e+01,-6.122642e+00,-1.004663e+00,-1.625072e+00,4.042457e+00,9.779305e+00,1.109453e+00,-1.820798e+01,1.456515e+00,3.505591e-02,1.956430e+02,8.150882e-01,-3.832793e-05,-4.899219e-01,2.481461e-02,5.799692e-01,-7.688484e-01,4.325036e-01,3.295330e-01,-5.122674e-01,-1.053294e+00,-8.977427e-01,7.395270e-01,2.106133e-01,-1.199850e+00,2.024781e-03,-6.608597e-01,-4.150987e-04
4.106472e-03,-3.914316e+00,-8.169307e+00,-1.834423e+01,-1.526518e+01,-5.003697e+00,-6.284916e-01,-2.965072e+00,2.915329e+00,9.875216e+00,3.623987e+00,-1.768422e+01,2.427878e-01,3.717135e-02,1.954010e+02,8.114720e-01,-4.985876e-04,-3.319170e-01,1.590984e+00,1.474366e+00,1.065601e-01,1.834228e-01,-7.469592e-01,-1.371787e+00,-2.075602e+00,-1.140575e+00,1.100117e+00,1.266804e+00,-2.070499e+00,4.110003e-03,-1.347303e+01,-1.946385e-02
3.255964e-03,-3.945437e+00,-6.124704e+00,-1.701390e+01,-1.525674e+01,-5.058968e+00,-2.148480e+00,-5.310347e+00,-9.212782e-01,8.382889e+00,5.972791e+00,-1.520657e+01,-2.872504e+00,4.230886e-02,1.947664e+02,7.875611e-01,-7.829603e-04,-2.227153e-01,3.022955e+00,2.097876e+00,1.683070e+00,5.044298e-02,-9.913990e-01,-9.722821e-01,-1.778111e+00,-1.758486e+00,7.910540e-02,2.531316e+00,-2.380982e+00,4.744636e-03,-3.279021e+01,-3.670264e-02
2.174773e-03,-4.068106e+00,-1.145350e+00,-1.406103e+01,-1.186320e+01,-5.952376e+00,-4.738366e+00,-6.246876e+00,-2.933829e+00,6.133340e+00,4.582577e+00,-1.272411e+01,-5.762906e+00,5.016622e-02,1.296451e+02,7.274114e-01,-7.969205e-04,-4.237028e-01,3.830364e+00,2.745469e+00,3.005192e+00,-7.775149e-02,-7.060618e-01,-1.216112e-01,-5.886804e-01,-1.983391e+00,-1.332286e+00,2.804204e+00,-2.171901e+00,4.200665e-03,-5.209985e+01,-4.952993e-02
1.374944e-03,-4.646027e+00,3.323972e+00,-1.116229e+01,-7.158026e+00,-5.396088e+00,-3.906721e+00,-4.845581e+00,-1.923518e+00,2.857814e+00,1.025685e+00,-8.031450e+00,-7.445547e+00,5.228166e-02,6.456988e+01,6.736053e-01,-5.571418e-04,-7.049837e-01,3.155017e+00,2.917106e+00,2.984491e+00,1.435424e-01,2.293386e-01,5.739118e-01,5.736489e-01,-1.289854e+00,-1.743354e+00,2.224365e+00,-8.878614e-01,2.175884e-03,-5.191780e+01,-8.624311e-02
1.062380e-03,-5.682535e+00,6.258176e+00,-7.542692e+00,-4.288574e+00,-5.223895e+00,-3.279680e+00,-3.805511e+00,4.730467e-01,2.720799e+00,-5.638895e-01,-7.250759e+00,-8.330194e+00,5.318828e-02,0,6.208003e-01,-2.656355e-04,-8.117660e-01,1.824680e+00,2.395290e+00,1.677787e+00,5.187692e-02,8.237756e-01,6.507170e-01,6.789953e-01,-3.055201e-01,-8.532427e-01,8.990391e-01,8.980942e-02,2.357207e-03,-3.238602e+01,-9.139855e-02
1.026451e-03,-6.663141e+00,5.948617e+00,-5.687542e+00,-4.121600e+00,-4.705497e+00,-1.731129e+00,-3.661470e+00,2.435284e-01,3.639888e+00,-1.707455e-01,-6.821428e+00,-6.028167e+00,5.167725e-02,0,4.096512e-01,-7.300099e-05,-6.058909e-01,7.961462e-01,1.527252e+00,5.947370e-02,-3.878314e-01,4.064105e-01,8.803617e-01,3.431750e-01,2.600872e-01,-2.846904e-01,-5.601360e-01,5.118783e-01,3.989120e-03,-1.291398e+01,-7.454289e-02
1.020842e-03,-7.118379e+00,6.665726e+00,-4.821952e+00,-4.992486e+00,-6.038287e+00,-1.707284e+00,-3.585346e+00,-6.223761e-01,4.214703e+00,9.145786e-01,-8.833926e+00,-6.022548e+00,6.225446e-02,0,4.023957e-01,-2.307480e-06,-2.473542e-01,4.112597e-01,6.066136e-01,-8.698775e-01,-6.727971e-01,-2.356151e-01,1.003127e+00,4.115118e-01,1.306815e-01,-2.315373e-01,-7.130306e-01,3.042807e-01,4.986399e-03,0,-2.079678e-03
1.030708e-03,-6.957559e+00,7.100928e+00,-4.886400e+00,-6.508702e+00,-6.928049e+00,-2.660867e+00,-5.538551e-01,3.400684e-01,3.411298e+00,-1.137001e+00,-1.004055e+01,-6.039978e+00,6.769416e-02,0,4.100931e-01,7.149146e-06,8.827781e-03,4.268859e-01,2.983887e-01,-9.836597e-01,-8.315159e-01,-1.106221e+00,6.817301e-01,1.031538e+00,1.953388e-01,-3.514282e-01,-3.903288e-01,-1.051348e-01,3.384707e-03,0,5.962126e-02
1.048714e-03,-6.772097e+00,7.738319e+00,-4.910195e+00,-7.444410e+00,-7.476604e+00,-3.992887e+00,-3.436811e-01,2.482336e+00,3.488501e+00,-1.238448e+00,-9.206352e+00,-6.802885e+00,7.011181e-02,0,6.101809e-01,5.633011e-06,3.073759e-02,1.895224e-01,2.850568e-01,-5.680799e-01,-5.053305e-01,-1.199911e+00,-4.054849e-01,1.229139e+00,4.996742e-01,-2.438502e-01,4.677730e-01,1.374252e-01,-2.417654e-04,0,5.895075e-02
1.048261e-03,-6.792143e+00,7.546749e+00,-4.151477e+00,-7.813936e+00,-8.143917e+00,-6.119431e+00,-1.873652e+00,3.848863e+00,4.979683e+00,-8.513729e-01,-8.586859e+00,-6.163673e+00,6.467211e-02,0,6.038648e-01,1.056038e-06,-4.549818e-02,2.311063e-02,3.390605e-01,-1.078990e-01,-2.538313e-01,-8.618042e-01,-1.340722e+00,8.144293e-01,7.475547e-01,2.169991e-01,7.621729e-01,3.062116e-01,-1.783016e-03,0,3.704237e-02
1.040230e-03,-7.047399e+00,7.390427e+00,-3.764130e+00,-7.180268e+00,-7.957005e+00,-5.977554e+00,-4.952872e+00,3.768922e+00,5.928881e+00,-4.474866e-01,-7.221905e+00,-5.273575e+00,6.255666e-02,0,6.002636e-01,-2.499926e-06,-8.058596e-02,-8.521066e-02,2.679478e-01,1.161952e-01,-7.738890e-02,-3.827459e-01,-1.229760e+00,2.493231e-01,5.829958e-01,1.985809e-01,5.333847e-01,3.948718e-01,-1.722574e-03,0,-2.343589e-03
