pcm_RMSenergy_sma,pcm_fftMag_mfcc_sma[1],pcm_fftMag_mfcc_sma[2],pcm_fftMag_mfcc_sma[3],pcm_fftMag_mfcc_sma[4],pcm_fftMag_mfcc_sma[5],pcm_fftMag_mfcc_sma[6],pcm_fftMag_mfcc_sma[7],pcm_fftMag_mfcc_sma[8],pcm_fftMag_mfcc_sma[9],pcm_fftMag_mfcc_sma[10],pcm_fftMag_mfcc_sma[11],pcm_fftMag_mfcc_sma[12],pcm_zcr_sma,F0final_sma,voicingFinalUnclipped_sma,pcm_RMSenergy_sma_de,pcm_fftMag_mfcc_sma_de[1],pcm_fftMag_mfcc_sma_de[2],pcm_fftMag_mfcc_sma_de[3],pcm_fftMag_mfcc_sma_de[4],pcm_fftMag_mfcc_sma_de[5],pcm_fftMag_mfcc_sma_de[6],pcm_fftMag_mfcc_sma_de[7],pcm_fftMag_mfcc_sma_de[8],pcm_fftMag_mfcc_sma_de[9],pcm_fftMag_mfcc_sma_de[10],pcm_fftMag_mfcc_sma_de[11],pcm_fftMag_mfcc_sma_de[12],pcm_zcr_sma_de,F0final_sma_de,voicingFinalUnclipped_sma_de
2.057083e-03,-1.431419e+00,4.520951e+00,-1.536717e+00,-5.420595e+00,-1.696521e+01,6.469702e-01,-3.686597e+00,-1.243589e+01,3.838005e+00,4.626960e+00,3.597308e-01,-2.425730e+00,1.964340e-02,0,7.051244e-01,-6.320146e-05,-2.629057e-01,2.381811e-01,1.468079e-01,3.650400e-01,-1.551762e-02,1.425364e-01,2.226024e-01,-5.549873e-01,-6.449882e-01,-3.103724e-01,-4.402271e-01,-3.627898e-01,1.662134e-03,0,-7.054007e-03
1.945803e-03,-1.929498e+00,4.835842e+00,-1.009323e+00,-4.979837e+00,-1.701769e+01,3.944592e-01,-3.244773e+00,-1.347822e+01,2.567497e+00,4.212095e+00,-6.059162e-01,-3.415674e+00,2.296766e-02,0,6.897498e-01,-9.316792e-05,-4.161033e-01,5.125579e-01,8.123676e-02,5.245550e-01,1.963631e-01,2.834832e-01,3.998087e-01,-9.393085e-01,-9.686053e-01,-5.907118e-01,-5.786045e-01,-1.860624e-01,1.692354e-03,0,-1.025587e-02
1.796715e-03,-2.496908e+00,5.554411e+00,-1.066374e+00,-3.815774e+00,-1.701657e+01,1.485907e+00,-2.794497e+00,-1.468966e+01,1.248318e+00,3.282531e+00,-1.358581e+00,-3.744706e+00,2.629193e-02,0,6.775417e-01,-9.459110e-05,-5.649958e-01,6.566386e-01,3.563223e-02,6.451912e-01,2.796708e-01,6.030117e-01,5.713434e-01,-9.022512e-01,-6.896513e-01,-7.787575e-01,-5.293739e-01,2.194567e-01,7.857354e-04,0,-1.094885e-02
1.721427e-03,-2.979191e+00,6.567011e+00,-1.365704e+00,-3.600230e+00,-1.595772e+01,1.644918e+00,-2.133603e+00,-1.600555e+01,2.898221e-01,2.345616e+00,-1.674136e+00,-2.696553e+00,2.478090e-02,0,6.676365e-01,-5.740800e-05,-5.756057e-01,5.477955e-01,1.321141e-01,3.754432e-01,-4.231644e-03,4.842028e-01,7.922722e-01,-3.115986e-01,9.810142e-02,-7.316208e-01,-1.259267e-01,7.649601e-01,-6.648535e-04,0,-7.529932e-03
1.696315e-03,-3.731552e+00,6.938560e+00,-1.180365e+00,-2.884442e+00,-1.609684e+01,3.036799e+00,-1.385465e+00,-1.568348e+01,1.528586e+00,1.666412e+00,-1.753029e+00,-1.688006e+00,2.266546e-02,0,6.614369e-01,-2.049850e-05,-4.581394e-01,3.082321e-01,4.822119e-01,4.577856e-02,-6.488837e-01,-7.498596e-02,7.945175e-01,3.253717e-01,1.015261e+00,-4.285703e-01,2.138337e-01,7.760722e-01,-5.137501e-04,0,-3.968292e-03
1.708963e-03,-4.190205e+00,6.882745e+00,-2.917572e-01,-3.568287e+00,-1.749871e+01,2.040027e+00,1.207177e-02,-1.453930e+01,2.917870e+00,1.362051e+00,-1.038326e+00,-6.192235e-01,2.145663e-02,0,6.601526e-01,-9.995140e-06,-2.769539e-01,1.003645e-01,7.053079e-01,-2.480551e-01,-1.369771e+00,-5.916344e-01,7.492992e-01,9.564089e-01,1.533856e+00,-2.020239e-02,6.062452e-01,8.061508e-01,8.159570e-04,0,1.370966e-03
1.700455e-03,-4.182099e+00,6.937705e+00,8.077116e-01,-3.602853e+00,-1.949049e+01,9.134229e-01,1.052529e-01,-1.379593e+01,5.010599e+00,1.631462e+00,-6.073175e-01,-9.030098e-01,2.538531e-02,0,6.614422e-01,-1.451100e-05,-5.269308e-02,8.589411e-02,5.533080e-01,-4.116837e-01,-1.293610e+00,-7.912127e-01,4.082243e-01,7.845581e-01,1.541953e+00,3.985170e-01,4.846033e-01,6.205157e-01,1.692354e-03,0,3.612167e-03
1.669381e-03,-4.138687e+00,7.069261e+00,1.166797e+00,-4.481300e+00,-2.110975e+01,-2.515658e-01,8.675337e-01,-1.216728e+01,6.218094e+00,2.262079e+00,7.842348e-01,9.417027e-01,2.750076e-02,0,6.744886e-01,-1.432827e-05,-1.342649e-02,9.322906e-02,3.186007e-01,-1.834307e-01,-8.529717e-01,-4.756730e-01,7.056522e-02,5.483257e-01,1.089802e+00,4.478571e-01,-2.215540e-02,5.831028e-01,1.299486e-03,0,3.041512e-03
1.643551e-03,-4.020776e+00,7.274773e+00,8.568980e-01,-4.486354e+00,-2.075937e+01,2.265322e-01,2.279259e-01,-1.294670e+01,7.588240e+00,3.208983e+00,-2.412927e-01,6.341091e-01,2.810517e-02,0,6.723297e-01,4.766812e-06,-4.149504e-02,1.595730e-01,2.887410e-01,-6.391497e-02,-3.265398e-01,-2.950902e-01,-1.348180e-01,1.415282e-01,4.201220e-01,2.723444e-01,-8.153534e-01,2.338135e-01,-4.533088e-04,0,2.033025e-03
1.665773e-03,-4.337998e+00,7.180357e+00,1.276653e+00,-4.043689e+00,-2.112913e+01,5.107403e-03,3.035613e-01,-1.222229e+01,7.078058e+00,2.812575e+00,-1.332116e+00,1.527731e+00,2.659414e-02,0,6.699164e-01,4.240768e-05,-7.117548e-02,2.605215e-01,5.713573e-01,8.002377e-02,-2.514237e-01,-3.380532e-01,-2.196348e-01,-2.157743e-01,8.811407e-02,6.620865e-02,-1.222404e+00,-3.640714e-01,-1.722575e-03,0,9.887933e-04
1.726093e-03,-4.289918e+00,7.680022e+00,2.196489e+00,-4.141233e+00,-2.111350e+01,-6.903648e-01,-2.868508e-01,-1.306078e+01,6.681227e+00,2.717936e+00,-3.625910e+00,-2.695646e-02,2.357208e-02,0,6.738935e-01,6.211086e-05,-7.523036e-02,3.972234e-01,8.473665e-01,1.007426e-01,-1.772606e-01,-2.219114e-01,-9.563556e-02,-6.194295e-01,-1.645384e-01,-1.277825e-01,-7.824321e-01,-7.475206e-01,-2.417649e-03,0,9.819925e-04
1.840149e-03,-4.359993e+00,8.169244e+00,3.353788e+00,-4.253742e+00,-2.218980e+01,-1.483383e+00,2.674808e-02,-1.318911e+01,7.112171e+00,2.838646e+00,-3.635476e+00,-5.481218e-01,2.115443e-02,0,6.786507e-01,3.936817e-05,-1.188755e-03,3.806508e-01,7.152489e-01,2.221592e-01,3.873932e-01,5.084149e-01,1.482129e-01,-1.254169e+00,-2.558357e-01,-4.673595e-02,-1.535878e-01,-1.201224e+00,-2.780296e-03,0,-3.551942e-03
1.866918e-03,-4.385931e+00,8.766446e+00,4.055163e+00,-3.877615e+00,-2.111533e+01,-1.387796e-01,-1.118453e-01,-1.556044e+01,6.748492e+00,2.557035e+00,-3.001773e+00,-2.065567e+00,1.873678e-02,0,6.728725e-01,-3.155093e-05,1.274187e-01,2.840958e-02,3.097872e-01,5.277670e-01,1.141239e+00,1.586690e+00,4.690775e-01,-1.321448e+00,-7.082614e-01,-5.124872e-02,1.547488e-01,-1.101690e+00,-3.142944e-03,0,-9.761304e-03
1.792202e-03,-4.295936e+00,8.540399e+00,3.923561e+00,-3.064702e+00,-1.919125e+01,2.271389e+00,9.571230e-01,-1.724330e+01,5.765247e+00,2.659346e+00,-2.412123e+00,-3.459082e+00,1.511031e-02,0,6.526672e-01,-1.119826e-04,3.220519e-01,-3.697090e-01,-1.973281e-01,5.837019e-01,1.935324e+00,2.110385e+00,6.414777e-01,-9.568299e-01,-1.239797e+00,2.887801e-01,-2.683265e-01,-7.607633e-01,-3.022061e-03,0,-1.106296e-02
1.592312e-03,-3.684854e+00,7.636492e+00,3.460538e+00,-2.096918e+00,-1.690659e+01,5.365701e+00,1.593349e+00,-1.764093e+01,3.813382e+00,2.551342e+00,-3.463842e+00,-4.079925e+00,1.087942e-02,0,6.380787e-01,-1.360681e-04,5.463502e-01,-5.500863e-01,-5.144570e-01,3.666371e-01,1.743702e+00,1.746278e+00,3.640560e-01,-2.180523e-01,-1.398769e+00,6.103882e-01,-6.719589e-01,5.135019e-02,-1.964340e-03,0,-5.291796e-03
1.417539e-03,-3.100272e+00,6.885676e+00,2.664460e+00,-2.225581e+00,-1.461755e+01,6.316301e+00,2.381539e+00,-1.693302e+01,2.380743e+00,4.285393e+00,-4.746074e+00,-3.344760e+00,9.972801e-03,0,6.407328e-01,-8.761910e-05,5.726874e-01,-1.791195e-01,-3.900171e-01,-5.000269e-02,9.076727e-01,2.599271e-01,-2.982345e-01,1.919500e-01,-1.101614e+00,8.584728e-01,-6.035658e-01,8.381075e-01,1.813236e-04,0,4.686880e-03
1.373908e-03,-2.252011e+00,6.843376e+00,2.112428e+00,-2.463990e+00,-1.468367e+01,6.570152e+00,9.962266e-01,-1.680584e+01,1.446899e+00,4.795953e+00,-5.194592e+00,-1.865978e+00,1.148383e-02,0,6.523807e-01,-1.085911e-06,4.608223e-01,2.537558e-01,-1.099874e-01,-3.195828e-01,-1.785154e-01,-1.302924e+00,-7.176759e-01,4.046955e-02,-6.727245e-01,6.745228e-01,-7.263603e-02,1.110952e+00,2.447870e-03,0,1.090127e-02
1.463308e-03,-2.148920e+00,8.041359e+00,2.647530e+00,-3.131180e+00,-1.576435e+01,2.968799e+00,-2.354883e-01,-1.670110e+01,1.440420e+00,5.829405e+00,-4.564577e+00,-3.755185e-01,1.571472e-02,0,6.689506e-01,4.147809e-05,2.780061e-01,4.789248e-01,2.955300e-01,-1.856862e-01,-1.022110e+00,-2.244077e+00,-1.036103e+00,3.300104e-01,7.405096e-03,-8.897905e-02,3.444664e-01,5.966971e-01,3.294046e-03,0,1.099660e-02
1.563998e-03,-1.856419e+00,8.327430e+00,2.919066e+00,-3.242033e+00,-1.722577e+01,5.248298e-01,-6.865161e-01,-1.755454e+01,9.199206e-01,5.151950e+00,-3.917771e+00,-9.783785e-03,2.024781e-02,0,6.784762e-01,4.571991e-06,6.509559e-02,4.092409e-01,4.254544e-01,4.751003e-02,-9.128014e-01,-1.908126e+00,-7.364255e-01,7.570683e-01,5.789598e-01,-8.027331e-01,8.211355e-02,-4.004727e-01,2.568752e-03,0,6.475109e-03
1.529885e-03,-1.908038e+00,8.538273e+00,3.738791e+00,-2.764991e+00,-1.845705e+01,-1.881425e+00,-1.957603e+00,-1.490862e+01,2.681257e+00,3.662499e+00,-3.662152e+00,-1.289371e+00,2.206104e-02,0,6.826680e-01,-6.403368e-05,-8.997166e-02,2.084288e-01,2.969720e-01,1.789785e-01,-4.724741e-01,-6.316740e-01,-2.706370e-01,1.140446e+00,7.116108e-01,-1.137338e+00,-3.127152e-01,-1.099222e+00,3.928678e-04,0,-3.757238e-04
1.363480e-03,-2.046974e+00,8.641124e+00,3.694070e+00,-2.409534e+00,-1.790132e+01,-5.453628e-01,-1.824843e+00,-1.391674e+01,3.721280e+00,1.865741e+00,-5.235237e+00,-3.411415e+00,2.115443e-02,0,6.778975e-01,-9.814971e-05,-2.739226e-01,2.865172e-01,1.759306e-01,-4.598167e-02,2.107077e-01,2.731618e-01,1.301135e-01,1.194216e+00,3.857431e-01,-1.001611e+00,-6.236912e-01,-7.495100e-01,-1.571472e-03,0,-4.944438e-03
1.243398e-03,-2.503501e+00,8.926656e+00,3.744889e+00,-2.652536e+00,-1.778894e+01,3.455253e-01,-1.019510e+00,-1.281777e+01,3.597795e+00,1.785819e+00,-5.469420e+00,-4.170812e+00,1.722575e-02,0,6.673613e-01,-6.456322e-05,-2.661738e-01,3.357135e-01,4.538951e-02,-4.758462e-01,4.335518e-01,7.728946e-01,1.441296e-01,7.273759e-01,-1.552372e-01,-9.940332e-01,-3.268695e-01,4.927458e-01,-2.447869e-03,0,-5.944150e-03
1.216492e-03,-2.928300e+00,9.565825e+00,3.795671e+00,-3.528168e+00,-1.650629e+01,7.771633e-01,-5.049949e-01,-1.262888e+01,2.390368e+00,1.082238e+00,-6.132593e+00,-2.316613e+00,1.480810e-02,0,6.614074e-01,-3.446033e-06,-9.436800e-02,3.025993e-01,-7.064114e-02,-6.792583e-01,2.652153e-01,5.058590e-01,-1.541064e-01,5.449678e-01,5.420282e-02,-1.097806e+00,1.510184e-01,1.932608e+00,-2.115443e-03,0,-3.185731e-03
1.280563e-03,-2.798244e+00,9.754490e+00,3.914938e+00,-4.584905e+00,-1.698681e+01,1.321785e+00,-1.896879e+00,-1.191566e+01,2.570527e+00,-9.159155e-01,-4.847822e+00,6.269572e-01,1.299486e-02,0,6.611924e-01,2.912425e-05,1.577560e-01,6.699800e-02,-1.701362e-01,-4.240517e-01,1.031311e-01,1.647198e-01,-2.594601e-01,3.510522e-01,5.142000e-01,-9.940017e-01,5.029949e-01,2.294007e+00,-4.533093e-04,0,-2.672613e-04
1.327668e-03,-2.371443e+00,9.740203e+00,3.255839e+00,-4.839642e+00,-1.697631e+01,1.495803e+00,-2.156691e+00,-1.164295e+01,4.505928e+00,-2.272422e+00,-4.790944e+00,3.852739e+00,1.269266e-02,0,6.650533e-01,1.726102e-05,2.149965e-01,-2.433963e-01,-1.807719e-01,3.158579e-02,2.109657e-01,6.843869e-02,6.780840e-02,2.817231e-01,5.111357e-01,-1.814530e-01,5.290079e-01,1.384869e+00,1.450589e-03,0,2.902329e-04
1.333432e-03,-1.993149e+00,9.174457e+00,3.164124e+00,-4.117058e+00,-1.703828e+01,8.098046e-01,-1.490963e+00,-1.155547e+01,5.111014e+00,-1.506860e+00,-3.625270e+00,4.214548e+00,1.601692e-02,0,6.642020e-01,-1.788897e-05,1.144957e-01,-3.730633e-01,-9.651861e-02,3.315691e-01,7.278939e-01,1.440051e-01,3.826945e-01,3.281569e-01,-3.328547e-01,6.662428e-01,4.830084e-01,-1.570703e-01,2.901179e-03,0,-9.103835e-04
1.276363e-03,-2.255865e+00,8.638860e+00,3.267218e+00,-3.604163e+00,-1.542573e+01,1.375347e+00,-3.689113e-01,-1.140036e+01,3.675802e+00,4.704449e-01,-4.098829e+00,2.813935e+00,2.055001e-02,0,6.613537e-01,-3.881911e-05,2.719765e-02,-2.949392e-01,-1.454288e-01,2.976661e-01,9.647544e-01,6.315487e-01,2.360950e-01,1.670161e-01,-1.166393e+00,7.938984e-01,3.025319e-01,-1.400616e+00,2.508311e-03,0,-1.628631e-03
1.216770e-03,-2.283555e+00,8.439845e+00,3.426656e+00,-3.544799e+00,-1.412263e+01,2.102038e+00,-8.772964e-01,-1.039618e+01,1.321316e+00,1.043865e+00,-2.778837e+00,3.610076e-01,2.357208e-02,0,6.584902e-01,-3.678856e-05,3.566444e-02,-3.335238e-02,-3.484742e-01,2.335542e-01,9.059478e-01,6.204556e-01,-9.007955e-02,1.322385e-01,-1.321392e+00,7.460929e-02,3.858996e-01,-1.756165e+00,3.324270e-04,0,-9.217680e-04
1.191903e-03,-2.090252e+00,8.632812e+00,2.397429e+00,-3.637441e+00,-1.361036e+01,4.007430e+00,-1.283049e+00,-1.138752e+01,5.688123e-01,4.217077e-01,-3.701501e+00,-1.223574e+00,2.145663e-02,0,6.597660e-01,-2.574347e-05,5.487863e-02,1.814034e-01,-5.412610e-01,5.266892e-01,7.631837e-01,5.803909e-01,-3.851266e-01,-6.672392e-02,-7.116352e-01,-1.084219e+00,-1.260732e-02,-1.542621e+00,-2.024781e-03,0,-1.282144e-03
1.191719e-03,-1.897634e+00,9.010718e+00,1.856647e+00,-2.932648e+00,-1.341622e+01,2.596041e+00,-1.484292e+00,-1.090070e+01,5.754862e-02,-1.109445e+00,-1.894436e+00,-2.547522e+00,1.722575e-02,0,6.603870e-01,-1.667091e-05,-1.441809e-01,3.344569e-01,-4.125111e-01,6.508251e-01,8.506644e-01,4.851310e-01,-2.316773e-01,-1.401480e-01,-9.007525e-02,-1.555000e+00,-8.819810e-01,-1.168717e+00,-3.022062e-03,0,-3.731906e-03
1.160171e-03,-2.174433e+00,9.260440e+00,1.345918e+00,-1.276792e+00,-1.196301e+01,4.030300e+00,-1.991047e+00,-1.148172e+01,7.495099e-01,-3.873997e+00,-4.604066e+00,-3.444907e+00,1.359927e-02,0,6.539946e-01,-1.447113e-05,-2.702015e-01,3.466825e-01,-1.588357e-01,2.606119e-01,8.733767e-01,4.079671e-01,-1.008801e-01,-1.105800e-01,1.084071e-01,-1.007663e+00,-1.822369e+00,-5.180734e-01,-1.450590e-03,0,-5.068749e-03
1.149282e-03,-2.962369e+00,9.798316e+00,1.889856e+00,-1.470997e+00,-1.069298e+01,4.516258e+00,-1.681684e+00,-1.104982e+01,7.805912e-01,-4.583281e+00,-6.737460e+00,-4.371910e+00,1.239045e-02,0,6.427164e-01,-1.467092e-05,-2.515393e-01,1.686201e-01,9.494437e-02,-5.856929e-01,3.223003e-01,1.382394e-01,1.057167e-01,-4.779511e-02,-2.058173e-02,-4.422665e-05,-2.469994e+00,5.330955e-01,1.813237e-03,0,-3.337455e-03
1.140766e-03,-2.908892e+00,9.972426e+00,1.586647e+00,-3.065207e+00,-1.060509e+01,5.087156e+00,-1.688753e+00,-1.186586e+01,7.493265e-01,-2.879691e+00,-1.039184e+01,-2.901747e+00,1.662134e-02,0,6.432576e-01,-1.768931e-05,-1.141410e-02,-1.090346e-01,-6.785166e-03,-1.247773e+00,-2.779581e-01,-8.431138e-01,3.607175e-02,5.599464e-01,-3.799053e-01,8.734367e-01,-1.620511e+00,1.212225e+00,4.925960e-03,0,1.385558e-03
1.128067e-03,-2.788100e+00,9.497826e+00,2.211004e+00,-4.966905e+00,-1.248368e+01,2.758810e+00,-1.106855e+00,-1.094760e+01,-4.526838e-02,-1.606819e+00,-1.135052e+01,-1.536247e-01,2.478090e-02,0,6.490682e-01,-3.134516e-05,1.381712e-01,-3.764063e-01,-2.890856e-01,-1.067710e+00,-2.776988e-01,-1.426982e+00,-4.344738e-01,1.618709e+00,-5.669985e-01,4.501152e-01,-5.955369e-01,1.399192e+00,6.195226e-03,0,-3.952593e-02
1.082332e-03,-2.318637e+00,8.865512e+00,1.151417e+00,-5.767703e+00,-1.245746e+01,6.934547e-01,-2.098102e+00,-8.733095e+00,-7.370871e-01,-9.950445e-01,-1.040009e+01,5.070751e-01,3.203385e-02,0,6.577465e-01,-4.164966e-05,7.341711e-02,-4.093815e-01,-5.544102e-01,-5.416356e-01,5.069722e-01,-1.606755e+00,-9.550581e-01,2.834949e+00,-1.787029e-01,-9.152659e-02,3.254304e-01,5.332853e-01,4.895739e-03,0,-1.060855e-01
1.021773e-03,-2.566640e+00,8.469742e+00,6.620422e-01,-5.458298e+00,-1.115530e+01,-4.217994e-01,-3.649379e+00,-4.522655e+00,-1.311195e+00,-3.275028e+00,-9.711018e+00,9.196417e-01,3.566032e-02,0,4.378423e-01,-4.164012e-05,-3.041086e-02,-3.538121e-01,-6.940687e-01,3.942842e-02,1.428688e+00,-1.053907e+00,-9.083391e-01,3.006291e+00,3.003750e-01,-4.772852e-01,-3.709088e-02,-2.687389e-01,2.357208e-03,0,-1.737440e-01
9.856647e-04,-2.652537e+00,8.439561e+00,-4.109230e-01,-5.527689e+00,-8.734426e+00,-1.356313e+00,-5.192782e+00,-9.035954e-01,4.887754e-01,-2.503219e+00,-9.584435e+00,-7.719536e-01,3.566032e-02,0,2.184430e-01,-2.508339e-05,-5.179994e-02,-6.016503e-01,-3.074823e-01,8.634477e-01,1.095974e+00,-1.146216e+00,7.765400e-02,2.336245e+00,4.956436e-01,-3.133534e-01,-4.673055e-01,-4.963641e-01,1.511034e-04,0,-1.323539e-01
9.681999e-04,-2.773205e+00,7.941741e+00,-4.781688e-01,-4.889770e+00,-7.201753e+00,-1.485840e+00,-4.101211e+00,1.691024e-01,8.436754e-01,-3.239158e+00,-1.194380e+01,-8.578048e-01,3.475370e-02,0,0,6.185845e-07,2.019291e-01,-7.946881e-01,-1.548784e-01,1.531027e+00,4.733399e-01,-1.590268e+00,7.900981e-01,1.128109e+00,3.596450e-01,-1.662561e-01,-3.837641e-01,-4.715562e-01,-7.857364e-04,0,-8.759469e-04
9.837014e-04,-2.474354e+00,6.121261e+00,1.841115e-01,-1.734728e+00,-8.954356e+00,-4.505603e+00,-1.483916e+00,6.022517e-01,6.636959e-01,-2.579747e+00,-1.162022e+01,-1.086022e+00,3.324267e-02,0,2.148983e-01,2.277797e-05,4.449662e-01,-8.036839e-01,-3.362358e-02,1.953343e+00,-3.557211e-01,-2.081601e+00,6.429712e-01,4.911567e-01,-8.561946e-02,-1.819161e-01,2.380448e-01,-4.292874e-02,-6.044123e-04,0,1.315382e-01
1.025848e-03,-1.646085e+00,5.655451e+00,-4.098673e-01,3.003581e-01,-8.678632e+00,-6.798492e+00,-1.553321e+00,3.649656e-01,3.995700e-01,-4.068045e+00,-1.061194e+01,-1.281105e+00,3.294047e-02,0,4.352349e-01,3.618819e-05,6.184189e-01,-2.550564e-01,-2.489945e-01,1.302174e+00,-2.905966e-01,-1.820903e+00,-5.634586e-01,3.307655e-01,1.626195e-01,1.722125e-01,8.405948e-01,-3.021307e-01,-3.928680e-04,0,1.776679e-01
1.070731e-03,-9.912656e-01,5.564286e+00,-6.131917e-01,1.643962e+00,-9.774591e+00,-9.107994e+00,-3.251871e+00,1.454257e+00,2.827308e-01,-2.998356e+00,-9.060141e+00,-7.749471e-01,3.354488e-02,0,6.585166e-01,3.226381e-05,5.402271e-01,2.700828e-01,-3.952405e-01,4.815465e-01,4.418926e-02,-7.555169e-01,-1.380813e+00,1.786210e-01,2.990582e-01,7.685469e-01,6.477369e-01,-7.480284e-01,-1.178604e-03,0,1.135697e-01
1.105626e-03,-4.226551e-01,6.944946e+00,-1.324490e+00,-6.824740e-02,-8.244618e+00,-8.289160e+00,-6.034526e+00,1.396927e+00,1.847256e+00,-2.168791e+00,-9.020870e+00,-2.523996e+00,3.263826e-02,0,6.665302e-01,1.697101e-05,2.777287e-01,2.644214e-01,-1.484789e-01,2.599012e-01,7.162151e-02,1.600394e-02,-1.114338e+00,-2.315933e-01,6.968212e-01,1.181856e+00,2.753888e-01,-1.075259e+00,-2.840738e-03,0,4.615738e-02
1.105131e-03,-3.849336e-01,6.826928e+00,-1.334780e+00,8.573068e-01,-8.950417e+00,-7.537854e+00,-6.147378e+00,9.793760e-01,1.435144e+00,3.133609e-01,-9.177075e+00,-4.204719e+00,2.750076e-02,0,6.670993e-01,1.532317e-06,2.783849e-02,-6.141090e-02,-4.587146e-02,5.730526e-01,3.395861e-01,3.604602e-01,-3.620918e-01,-8.197501e-01,6.382302e-01,8.688667e-01,2.502842e-02,-1.115216e+00,-4.291327e-03,0,-4.563332e-04
1.093502e-03,-5.606077e-01,6.346237e+00,-7.914676e-01,1.993192e+00,-8.732612e+00,-7.503542e+00,-5.677258e+00,-5.555607e-01,3.307469e+00,1.853784e-01,-9.176533e+00,-4.942514e+00,2.175884e-02,0,6.617305e-01,-6.943766e-06,-2.008985e-01,-3.649427e-01,2.942467e-02,7.316862e-01,3.106498e-01,2.334477e-01,3.301435e-01,-1.020230e+00,2.985748e-01,3.718992e-01,9.119320e-02,-4.293296e-01,-3.777576e-03,0,-2.656770e-03
1.084454e-03,-7.830968e-01,5.556586e+00,-1.109060e+00,3.478505e+00,-7.832664e+00,-7.698502e+00,-5.240964e+00,-1.668250e+00,2.743775e+00,1.688933e-01,-8.857167e+00,-5.141769e+00,1.752795e-02,0,6.586348e-01,-1.137942e-05,-2.017926e-01,-1.843363e-01,-3.151982e-01,-4.798718e-02,8.539808e-01,3.508882e-01,1.500282e-01,-5.943788e-01,1.458962e-02,-2.659275e-02,3.261755e-01,1.615516e-01,-1.148383e-03,0,-1.616901e-03
1.081246e-03,-1.228066e+00,5.755404e+00,-1.290226e+00,2.279584e+00,-7.250246e+00,-7.041597e+00,-4.837016e+00,-2.380411e+00,2.685814e+00,-2.370609e-01,-8.724858e+00,-4.202118e+00,1.873678e-02,0,6.574786e-01,-2.034481e-05,-1.135863e-01,5.683889e-02,-7.140792e-01,-9.686577e-01,9.032756e-01,7.051986e-01,5.500984e-02,5.619321e-02,-4.212571e-01,8.026379e-02,5.111765e-01,6.156436e-01,1.964340e-03,0,-4.383061e-02
1.054362e-03,-1.060168e+00,6.200663e+00,-2.661391e+00,4.741746e-01,-5.421696e+00,-6.014385e+00,-5.817358e+00,-1.080093e+00,1.818920e+00,3.916168e-01,-7.772035e+00,-3.767158e+00,2.326987e-02,0,6.611407e-01,-3.387548e-05,-4.682158e-02,1.343456e-01,-7.127335e-01,-1.550981e+00,7.414708e-01,1.116578e+00,-8.072467e-02,5.593358e-01,-2.239895e-01,3.324371e-01,6.602483e-01,3.818027e-01,4.079782e-03,0,-1.090273e-01
1.006824e-03,-9.900036e-01,6.308393e+00,-3.585698e+00,-1.347931e+00,-5.421718e+00,-4.819607e+00,-5.114012e+00,-5.686733e-01,1.663612e+00,4.753356e-01,-7.163216e+00,-2.551602e+00,2.870958e-02,0,4.413245e-01,-3.899905e-05,-9.958899e-02,-4.950628e-02,-5.514543e-01,-1.391094e+00,3.133125e-01,1.455585e+00,3.122737e-01,8.457967e-01,1.250352e-01,5.490306e-01,7.114993e-01,1.350869e-01,3.747357e-03,0,-1.754523e-01
9.522876e-04,-1.136236e+00,5.951819e+00,-3.524992e+00,-2.462643e+00,-5.039574e+00,-3.226605e+00,-5.506090e+00,2.225598e-01,2.134929e+00,1.474881e+00,-6.336747e+00,-4.058014e+00,3.294047e-02,0,2.215751e-01,-3.356495e-05,-3.421266e-01,-1.660387e-01,-1.727592e-01,-9.418637e-01,-4.135513e-03,1.694206e+00,1.013590e+00,1.009995e+00,5.694916e-01,8.668675e-01,6.678647e-01,-1.397862e-02,2.206105e-03,0,-1.763606e-01
9.372879e-04,-1.687977e+00,5.632294e+00,-3.615698e+00,-3.207478e+00,-5.874744e+00,-1.157564e+00,-3.431282e+00,1.197246e+00,3.152985e+00,1.966460e+00,-5.885006e+00,-3.381256e+00,3.263826e-02,0,0,-2.301543e-05,-5.153108e-01,-9.562860e-02,-1.806336e-01,-4.284363e-01,1.700571e-01,1.414813e+00,1.671558e+00,1.258078e+00,6.932872e-01,1.199337e+00,9.357796e-01,4.519545e-01,2.236325e-03,0,-1.104224e-01
9.213057e-04,-2.421814e+00,5.708519e+00,-3.510187e+00,-3.305370e+00,-5.215860e+00,6.256226e-01,-1.590775e+00,3.086922e+00,3.921691e+00,3.980392e+00,-5.071817e+00,-3.422224e+00,3.233605e-02,0,0,-1.099930e-05,-4.139627e-01,1.055573e-01,-4.122748e-01,-1.616759e-01,1.389063e-01,9.098875e-01,1.840736e+00,6.474437e-01,-2.156975e-01,1.278645e+00,1.581214e+00,1.088441e+00,4.502871e-03,0,-4.431503e-02
9.072381e-04,-2.923768e+00,5.951900e+00,-4.496268e+00,-3.068749e+00,-4.483290e+00,3.283449e-01,1.286120e+00,4.289536e+00,4.236666e+00,5.219265e+00,-3.116783e+00,-6.097243e-01,4.019341e-02,0,0,1.953932e-06,-9.529674e-02,1.903379e-01,-6.602849e-01,-1.217929e-01,1.177036e-01,4.933225e-01,1.148891e+00,-4.220898e-01,-1.317943e+00,9.878439e-01,1.884453e+00,1.229131e+00,6.890299e-03,0,4.426914e-02
9.123160e-04,-2.588153e+00,6.319803e+00,-5.146080e+00,-3.340387e+00,-5.040770e+00,5.798779e-01,1.338890e+00,1.913633e+00,5.146009e-01,6.241703e+00,1.852114e-01,-1.574278e-03,5.167725e-02,0,0,2.035156e-05,2.872608e-01,1.316612e-01,-1.010930e+00,-5.445780e-01,1.767631e-02,8.182122e-01,4.385660e-01,-1.603823e+00,-2.160202e+00,1.759556e-01,1.648518e+00,1.124927e+00,4.684196e-03,0,1.114812e-01
9.515525e-04,-2.081291e+00,6.278342e+00,-6.099176e+00,-3.798934e+00,-5.373771e+00,1.331921e+00,8.483424e-01,-3.265582e-01,-1.733183e+00,5.775024e+00,9.087446e-01,1.054077e+00,5.741916e-02,0,2.213457e-01,3.047869e-05,4.367641e-01,-5.236673e-02,-1.140756e+00,-1.043798e+00,2.840232e-01,1.765133e+00,7.502144e-02,-1.757890e+00,-1.919991e+00,-6.378893e-01,8.488040e-01,6.083348e-01,-2.508311e-03,0,1.786619e-01
1.000906e-03,-1.406749e+00,6.203604e+00,-7.763383e+00,-5.663167e+00,-4.682238e+00,4.214896e+00,8.209435e-01,-2.624147e+00,-3.894396e+00,4.582291e+00,1.158009e+00,1.370510e+00,4.714416e-02,0,4.467330e-01,2.588663e-05,3.333356e-01,-1.209433e-01,-1.264731e+00,-1.454881e+00,8.829001e-01,2.274396e+00,4.543599e-01,-7.104390e-01,-9.446620e-01,-1.293937e+00,-1.536440e-01,1.603279e-01,-8.673316e-03,0,1.345792e-01
1.015336e-03,-1.330650e+00,5.748166e+00,-8.891399e+00,-7.126350e+00,-3.242440e+00,7.336501e+00,1.920200e+00,-2.231022e+00,-3.158789e+00,2.859524e+00,6.408378e-01,1.745907e+00,2.991840e-02,0,6.699431e-01,1.025258e-05,1.116251e-01,1.673050e-02,-9.235409e-01,-1.283460e+00,8.452505e-01,1.719511e+00,6.566287e-01,8.027781e-01,-9.474640e-02,-1.622416e+00,-1.138296e+00,-4.569528e-01,-9.640375e-03,0,5.593300e-04
1.009857e-03,-1.296796e+00,5.980175e+00,-1.007362e+01,-8.951083e+00,-1.691935e+00,8.949571e+00,3.074760e+00,-6.863298e-01,-3.495906e+00,1.229767e+00,-4.490551e-01,4.541496e-01,2.206104e-02,0,4.485974e-01,-8.509576e-06,-1.689336e-01,2.088663e-01,-1.852741e-01,-4.090248e-01,4.313104e-01,-3.416939e-02,3.511047e-01,2.028120e+00,9.077125e-01,-1.345401e+00,-2.249528e+00,-1.085983e+00,-4.925960e-03,0,-1.340199e-01
9.983400e-04,-1.578142e+00,6.473709e+00,-9.561761e+00,-8.572278e+00,-2.642670e+00,7.562140e+00,3.004578e+00,2.718424e+00,-2.406160e+00,-6.607926e-01,-3.979204e+00,-7.725070e-01,2.175884e-02,0,2.232101e-01,-2.062158e-05,-4.362378e-01,4.175377e-01,7.555727e-01,4.824424e-01,-3.780387e-01,-1.699027e+00,-2.083257e-01,1.905697e+00,1.204427e+00,-8.447285e-01,-2.573261e+00,-1.497252e+00,2.719857e-04,0,-1.788484e-01
9.668567e-04,-2.127671e+00,6.885164e+00,-8.354573e+00,-6.985327e+00,-2.825571e+00,3.931229e+00,2.034278e+00,5.041728e+00,2.678520e-01,-3.845545e-01,-7.779613e+00,-2.800196e+00,2.659414e-02,0,0,-2.531368e-05,-6.069457e-01,4.668226e-01,1.560302e+00,9.976813e-01,-9.448872e-01,-2.113149e+00,-5.236484e-01,8.054783e-01,1.068378e+00,-4.910725e-01,-1.824336e+00,-1.509832e+00,2.659414e-03,0,-1.120405e-01
9.337287e-04,-3.096401e+00,7.383359e+00,-5.973061e+00,-5.697016e+00,-4.565815e+00,1.350536e+00,1.398813e+00,4.433433e+00,9.814677e-01,-5.569570e-01,-8.560190e+00,-4.113182e+00,2.901179e-02,0,0,-2.173831e-05,-5.534274e-01,6.267290e-01,1.635506e+00,6.401621e-01,-1.088326e+00,-1.365586e+00,-1.361755e-01,-9.272603e-01,2.278671e-03,-5.352648e-01,-4.652998e-01,-1.440265e+00,2.629194e-03,0,-4.464202e-02
9.155944e-04,-3.572394e+00,7.859462e+00,-4.066465e+00,-5.400308e+00,-5.454798e+00,1.489629e+00,1.259400e+00,2.483557e+00,1.521690e-01,-1.277513e+00,-7.280243e+00,-5.424673e+00,3.173164e-02,0,0,-1.211545e-05,-2.369865e-01,8.038942e-01,1.113382e+00,5.728345e-02,-9.445146e-01,-3.329328e-01,2.907160e-02,-1.925336e+00,-8.083383e-01,-1.027938e+00,5.816208e-01,-8.115621e-01,7.555157e-04,0,0
9.152796e-04,-3.622917e+00,9.120205e+00,-3.528283e+00,-6.163977e+00,-6.769687e+00,1.955011e+00,2.711139e+00,-6.387917e-01,-2.336925e+00,-2.890637e+00,-6.555388e+00,-6.661595e+00,3.233606e-02,0,0,-6.420404e-06,6.657410e-02,7.419047e-01,4.569373e-01,-1.380413e-01,-4.331950e-01,7.303033e-02,-1.992184e-01,-2.170571e+00,-1.020062e+00,-9.703432e-01,6.780393e-01,-2.141495e-02,-6.044116e-05,0,0
9.155040e-04,-3.049346e+00,1.003621e+01,-4.010053e+00,-6.465429e+00,-6.446208e+00,1.964328e+00,1.523473e+00,-2.048838e+00,-2.114643e+00,-4.357404e+00,-5.873911e+00,-5.583799e+00,2.870958e-02,0,0,-6.083888e-06,1.653143e-01,3.605534e-01,2.950358e-02,1.959874e-01,2.952552e-01,7.392184e-02,-9.559920e-01,-1.964213e+00,-9.672082e-01,-2.188404e-01,8.927070e-01,6.135714e-01,7.555148e-04,0,0
9.016719e-04,-3.025055e+00,1.000451e+01,-3.716580e+00,-5.854661e+00,-6.236085e+00,1.478338e+00,2.706847e-01,-4.153224e+00,-2.985438e+00,-3.868728e+00,-5.873160e+00,-4.140693e+00,3.022061e-02,0,0,-4.187762e-06,1.296181e-01,-1.264382e-01,-1.429892e-01,6.915925e-01,9.082949e-01,-1.301420e-03,-1.360245e+00,-1.412056e+00,-7.036093e-01,7.210401e-01,1.128388e+00,9.981103e-01,2.780296e-03,0,0
8.919788e-04,-3.044754e+00,9.220078e+00,-3.824798e+00,-4.575029e+00,-4.245323e+00,2.097574e+00,-2.300332e+00,-5.580292e+00,-4.359615e+00,-1.882670e+00,-3.157822e+00,-3.617267e+00,3.656694e-02,0,0,2.850546e-07,1.095573e-01,-2.674788e-01,-2.850267e-01,6.084535e-01,1.033286e+00,-6.217020e-02,-8.966390e-01,-8.138976e-01,-5.829726e-01,1.096936e+00,1.060494e+00,7.674477e-01,3.384708e-03,0,0
9.061033e-04,-2.977123e+00,8.896081e+00,-4.335856e+00,-3.651215e+00,-3.328655e+00,1.881881e+00,-2.178181e+00,-5.933346e+00,-4.732485e+00,-5.228035e-01,-2.271493e+00,-2.654310e+00,4.230886e-02,0,0,7.758732e-06,1.502697e-01,-1.581210e-01,-4.170842e-01,5.519176e-02,6.205977e-01,-1.806985e-01,-1.241539e-01,3.630117e-01,-2.712274e-02,5.553132e-01,3.255054e-01,4.738077e-01,1.752796e-03,0,0
9.147135e-04,-2.525526e+00,9.253032e+00,-5.125548e+00,-4.524885e+00,-2.733492e+00,1.451706e+00,-1.735289e+00,-5.228264e+00,-4.155982e+00,-5.456886e-01,-2.372275e+00,-2.489753e+00,3.958900e-02,0,0,5.484559e-06,8.445354e-02,-1.489793e-01,-3.007634e-01,-4.667335e-01,3.308652e-02,-2.979330e-01,6.813931e-01,1.036449e+00,2.251898e-01,5.796136e-02,-8.264118e-01,-2.500489e-01,4.230883e-04,0,0
9.290982e-04,-2.533321e+00,9.197426e+00,-5.151626e+00,-5.603775e+00,-3.889013e+00,8.977797e-01,-6.326068e-01,-2.514179e+00,-3.222868e+00,-1.760652e+00,-4.638406e+00,-2.335412e+00,3.747356e-02,0,0,-2.593943e-06,-7.550988e-02,-3.728676e-01,-2.016342e-01,-3.925444e-01,-1.410822e-01,-6.955552e-02,4.419560e-01,1.104253e+00,3.294490e-01,-1.612664e-01,-1.231817e+00,-9.966081e-01,8.159563e-04,0,0
9.079042e-04,-2.844387e+00,8.324509e+00,-4.920731e+00,-5.932416e+00,-3.799712e+00,1.099960e+00,3.338460e-01,-2.107630e+00,-3.988475e+00,-9.739387e-01,-6.106424e+00,-5.026960e+00,4.110003e-02,0,0,-1.329012e-05,-2.581870e-01,-5.816926e-01,-1.156776e-01,1.897166e-01,-2.146735e-01,9.955535e-02,-5.916527e-02,8.226399e-01,6.306794e-01,-1.555014e-01,-8.106879e-01,-1.024406e+00,3.112723e-03,0,0
8.965383e-04,-3.195241e+00,7.496005e+00,-5.446436e+00,-4.910171e+00,-3.500956e+00,1.709976e+00,-1.002968e+00,-1.972396e+00,-3.168994e+00,-1.115010e+00,-6.563505e+00,-6.368747e+00,4.563312e-02,0,0,-1.712214e-05,-4.108076e-01,-4.305601e-01,-1.224445e-01,6.711911e-01,-1.187956e-01,8.336421e-02,-4.742959e-01,7.497330e-01,1.295320e+00,1.122427e-03,4.031022e-01,-3.909355e-01,4.079782e-03,0,0
8.645428e-04,-3.485500e+00,7.195280e+00,-5.556531e+00,-3.923104e+00,-4.000887e+00,1.543384e+00,-1.845934e+00,-1.385956e+00,-1.029522e+00,-1.646017e+00,-5.463165e+00,-5.595113e+00,5.107283e-02,0,0,-1.227082e-05,-5.407678e-01,-1.734848e-02,1.301686e-01,8.582392e-01,-5.091861e-01,-3.397044e-01,-7.659782e-02,1.284616e+00,1.734368e+00,1.857256e-01,1.571972e+00,7.809742e-01,3.807798e-03,0,0
8.651681e-04,-4.266802e+00,7.609240e+00,-5.445948e+00,-3.252475e+00,-4.382403e+00,1.092888e+00,-1.914196e+00,8.736489e-01,1.774254e+00,-1.419001e+00,-2.944525e+00,-4.006013e+00,5.288607e-02,0,0,-6.821210e-06,-6.507296e-01,3.904329e-01,6.245841e-01,6.459616e-01,-5.901285e-01,-8.096838e-01,4.465963e-01,8.898194e-01,9.869249e-01,4.190165e-01,1.851707e+00,1.328139e+00,2.175884e-03,0,0
8.622352e-04,-5.012445e+00,8.181149e+00,-4.270132e+00,-2.470069e+00,-5.904919e+00,-2.900182e-01,4.064709e-01,2.892428e+00,2.211743e+00,1.066844e-01,-5.605479e-02,-2.303457e+00,5.651255e-02,0,0,6.167742e-07,-5.575432e-01,6.213322e-01,1.085682e+00,5.480349e-01,-6.495268e-01,-1.026729e+00,1.829482e-01,-3.022743e-01,-7.001420e-01,3.401020e-01,1.182691e+00,1.118005e+00,-1.178604e-03,0,0
8.635861e-04,-5.685417e+00,8.955235e+00,-2.966716e+00,-2.406881e+00,-5.499583e+00,-1.421742e+00,1.038109e-01,3.375092e-01,1.449986e-01,1.037213e-01,-8.524974e-03,-1.373881e+00,5.379269e-02,0,0,2.957607e-06,-2.734530e-01,7.564428e-01,1.521056e+00,2.145033e-01,-4.445065e-01,-9.460082e-01,-9.415207e-01,-1.696252e+00,-1.989923e+00,-4.955078e-02,-1.859354e-01,6.549783e-01,-4.200665e-03,0,0
8.684177e-04,-5.563909e+00,9.628943e+00,-1.367740e+00,-1.605727e+00,-6.689931e+00,-2.332944e+00,-1.940197e+00,-2.629257e+00,-3.715605e+00,-7.068676e-01,-1.017712e+00,-1.321153e+00,4.472650e-02,0,0,7.412222e-06,6.514764e-02,8.693663e-01,1.470618e+00,6.643605e-02,-1.285495e-01,-5.953770e-01,-1.807511e+00,-1.672781e+00,-1.683200e+00,-2.789806e-01,-1.269391e+00,-9.759282e-02,-6.134785e-03,0,0
8.768649e-04,-5.358335e+00,1.066756e+01,7.081358e-01,-2.612129e+00,-6.212429e+00,-2.615690e+00,-5.448466e+00,-4.846771e+00,-5.211689e+00,-1.259979e+00,-3.393373e+00,-1.222273e+00,3.777577e-02,0,0,6.897061e-06,2.564012e-01,7.086189e-01,1.026419e+00,-8.423624e-02,1.427037e-01,-1.078772e-01,-1.299936e+00,-3.192467e-01,-5.763879e-02,-2.416566e-01,-1.787359e+00,-7.207733e-01,-3.142943e-03,0,0
8.926569e-04,-4.850248e+00,1.167182e+01,1.245531e+00,-2.035264e+00,-6.191244e+00,-2.669929e+00,-5.854948e+00,-2.879337e+00,-3.525913e+00,-6.063682e-01,-4.710585e+00,-2.867224e+00,3.384708e-02,0,0,4.227739e-06,1.760419e-01,3.875287e-01,1.663833e-01,-9.348543e-02,3.625841e-01,4.599009e-01,2.465722e-01,1.046966e+00,1.370474e+00,-5.222672e-01,-1.537924e+00,-1.031414e+00,2.266546e-03,0,0
8.859518e-04,-4.760241e+00,1.147689e+01,8.587458e-01,-2.613293e+00,-5.035408e+00,-1.792635e+00,-4.438491e+00,-1.133684e+00,-2.380411e-01,-1.154811e+00,-7.098885e+00,-4.204711e+00,4.351768e-02,0,0,-3.252796e-06,2.931738e-02,-1.180279e-01,-5.475318e-01,4.090273e-02,3.556280e-02,6.979082e-01,1.450022e+00,1.470104e+00,1.690638e+00,-4.989189e-01,-7.509190e-01,-9.970734e-01,6.346328e-03,0,0
8.850130e-04,-4.982747e+00,1.116192e+01,-6.111279e-01,-2.072572e+00,-5.465521e+00,-4.449666e-01,-1.212323e+00,7.490309e-01,6.499381e-01,-3.370788e+00,-6.854578e+00,-4.987006e+00,5.318828e-02,0,0,-1.198438e-05,-1.205819e-01,-2.971004e-01,-6.655009e-01,-1.810908e-02,-5.390546e-01,8.892956e-01,1.401121e+00,8.581789e-01,9.463808e-01,-1.410669e-01,7.906260e-02,-1.857120e-01,6.890300e-03,0,0
8.644229e-04,-5.145499e+00,1.033237e+01,-1.101194e+00,-2.388962e+00,-6.397476e+00,-2.386298e-01,-5.196685e-01,6.895650e-01,1.153575e+00,-2.372364e+00,-6.075972e+00,-5.147749e+00,5.983681e-02,0,0,-1.593622e-05,-8.418484e-02,-1.376449e-01,-5.355408e-01,1.394256e-01,-8.246752e-01,3.734894e-01,4.789118e-01,4.815471e-01,3.662244e-01,8.325300e-01,8.725146e-01,4.418605e-01,3.958900e-03,0,0
8.434995e-04,-5.260528e+00,1.075858e+01,-1.102004e+00,-2.237975e+00,-8.205482e+00,9.995465e-01,-8.087524e-01,4.999326e-01,5.101828e-01,-7.029266e-01,-4.826728e+00,-3.324265e+00,6.013902e-02,0,0,-1.516108e-05,3.152342e-02,4.733372e-02,-3.263302e-01,-1.380609e-02,-4.454924e-01,3.968202e-02,-4.134907e-01,4.026943e-01,1.520675e-02,1.355644e+00,9.880573e-01,9.269403e-01,6.044127e-04,0,0
8.270274e-04,-5.042274e+00,1.099034e+01,-1.573520e+00,-1.833464e+00,-7.788803e+00,-6.474447e-01,-2.245718e+00,1.398601e+00,1.662959e+00,1.673908e+00,-3.750236e+00,-2.826779e+00,5.983681e-02,0,0,-6.789830e-06,6.437063e-02,-1.449966e-03,-2.577001e-01,-8.063535e-02,3.914579e-01,-4.044203e-02,-6.404102e-01,8.761753e-01,-2.801549e-01,8.284281e-01,9.511606e-01,5.556350e-01,-2.568751e-03,0,0
8.279053e-04,-4.876742e+00,1.106960e+01,-2.006615e+00,-2.419352e+00,-6.997320e+00,-4.214901e-02,-2.416752e+00,2.407984e+00,4.712798e-01,1.384295e+00,-3.077159e+00,-1.512790e+00,5.621034e-02,0,0,-1.253909e-07,-2.807570e-02,-3.165354e-01,2.855561e-02,-2.649615e-01,9.837893e-01,3.205597e-02,-5.389569e-01,1.213420e+00,-6.021490e-01,-3.150672e-03,6.563807e-01,-3.203943e-01,-5.621033e-03,0,0
8.382708e-04,-5.015539e+00,1.016961e+01,-1.937389e+00,-2.701450e+00,-5.044268e+00,8.000779e-02,-2.917720e+00,4.116416e+00,-2.277484e-01,7.261658e-01,-2.194954e+00,-3.275312e+00,4.895739e-02,0,0,2.953672e-06,-2.675903e-01,-3.096208e-01,5.676670e-01,-2.690198e-01,7.986981e-01,3.922576e-01,-1.661094e-01,1.001542e+00,-1.001225e+00,-3.751043e-01,3.976595e-01,-1.023307e+00,-7.857359e-03,0,0
8.372508e-04,-5.414274e+00,9.586268e+00,-7.772920e-01,-3.128789e+00,-4.658803e+00,7.961001e-01,-3.167536e+00,5.208126e+00,-1.555209e+00,-2.448087e-01,-2.322466e+00,-4.701971e+00,3.747356e-02,0,0,-1.353270e-07,-3.863991e-01,-3.773689e-03,9.751613e-01,-9.262421e-02,1.834626e-02,1.502027e-01,9.791060e-02,4.331615e-01,-5.119177e-01,-3.065199e-01,1.689304e-01,-1.120827e+00,-7.524933e-03,0,0
8.371230e-04,-6.111460e+00,1.018390e+01,6.501533e-01,-2.823844e+00,-4.964571e+00,8.947186e-01,-2.700873e+00,5.006242e+00,-2.329925e+00,6.129389e-01,-2.139285e+00,-6.348724e+00,2.991840e-02,0,0,-2.212427e-06,-3.292587e-01,3.740508e-01,9.000670e-01,2.461975e-01,-7.156209e-01,-2.565545e-01,3.655718e-01,-4.836328e-01,6.695271e-02,-2.306505e-01,-1.192485e-01,-4.913329e-01,-4.986401e-03,0,0
8.278026e-04,-6.260777e+00,1.104359e+01,1.575420e+00,-2.821276e+00,-6.945437e+00,3.015089e-01,-2.035623e+00,4.128879e+00,-1.037220e+00,-9.169094e-02,-2.260341e+00,-5.580219e+00,2.810517e-02,0,0,-3.528508e-06,-1.557301e-01,3.124942e-01,3.539658e-01,5.307134e-01,-9.677210e-01,-7.932945e-01,4.323253e-01,-9.749692e-01,1.032173e+00,-6.196891e-01,-3.979111e-01,2.035305e-01,-3.626468e-04,0,0
8.319328e-04,-6.238581e+00,1.131120e+01,1.386590e+00,-1.624219e+00,-7.479056e+00,-9.554694e-01,-1.655817e+00,2.237875e+00,-1.519790e-01,-5.036457e-01,-2.822259e+00,-5.292852e+00,2.870958e-02,0,0,-4.427746e-06,-4.032693e-02,7.471037e-02,-1.843161e-01,4.603661e-01,-7.636951e-01,-1.159807e+00,3.464285e-01,-8.884880e-01,1.302159e+00,-1.290887e+00,-8.350506e-01,8.273093e-01,4.986402e-03,0,0
8.222034e-04,-6.129364e+00,1.058509e+01,6.243185e-01,-1.075034e+00,-8.240166e+00,-2.245279e+00,-1.528437e+00,1.717463e+00,2.516684e+00,-2.784962e+00,-3.970535e+00,-4.212254e+00,3.626474e-02,0,0,-5.182688e-06,-4.469204e-02,-1.823688e-01,-4.001772e-01,2.805649e-01,-1.930878e-01,-6.906268e-01,1.745484e-01,-6.835011e-01,1.160921e+00,-9.573525e-01,-7.610464e-01,6.867707e-01,9.398611e-03,0,0
8.177839e-04,-6.378801e+00,1.078670e+01,2.041234e-01,-1.395134e+00,-8.135682e+00,-3.630924e+00,-1.222323e+00,1.769510e+00,2.403916e+00,-4.494860e+00,-5.459442e+00,-2.896161e+00,5.077063e-02,0,0,-1.151778e-06,-6.528349e-02,-1.695778e-01,-3.204495e-01,-4.119605e-02,1.426437e-01,-1.157172e-01,1.989491e-02,-3.396142e-01,8.082503e-01,-4.996656e-01,-4.805546e-01,4.809948e-01,1.081898e-02,0,0
8.089636e-04,-6.414127e+00,1.039399e+01,1.657677e-01,-1.532994e+00,-7.582563e+00,-1.813898e+00,-1.379628e+00,9.455559e-01,3.489439e+00,-2.882847e+00,-4.746982e+00,-3.344711e+00,6.406770e-02,0,0,6.916380e-06,2.209902e-03,-2.003832e-02,-1.538100e-01,-4.736630e-02,5.077158e-01,3.001967e-01,-2.099442e-01,-4.246094e-01,5.138587e-01,5.206364e-01,-7.608638e-02,-4.669948e-02,6.467208e-03,0,0
8.327938e-04,-6.422617e+00,1.055886e+01,1.361837e-02,-1.601220e+00,-7.094639e+00,-1.749746e+00,-1.630747e+00,9.257576e-01,3.402895e+00,-2.953032e+00,-4.836808e+00,-3.321650e+00,6.890299e-02,0,0,1.240909e-05,1.538503e-01,4.942322e-02,3.015985e-02,4.187733e-02,4.338350e-01,1.946080e-01,-1.997431e-01,-3.237471e-01,5.624832e-01,6.042265e-01,-1.298888e-01,-1.961620e-01,3.021918e-05,0,0
8.492803e-04,-6.096406e+00,1.059882e+01,-4.947900e-02,-1.208823e+00,-6.222108e+00,-1.684884e+00,-2.373945e+00,1.629241e-02,4.586488e+00,-9.526941e-01,-4.662283e+00,-4.233007e+00,5.953460e-02,0,0,1.146606e-05,2.202124e-01,2.192929e-01,2.741024e-01,4.913066e-02,3.233945e-01,-3.963884e-01,-7.451809e-03,6.408973e-02,-3.013568e-02,5.778955e-01,-2.796849e-01,-4.064913e-01,-4.170444e-03,0,0
8.596710e-04,-5.768410e+00,1.093140e+01,4.625460e-01,-1.347833e+00,-6.646734e+00,-2.722391e+00,-1.723880e+00,6.154060e-01,4.667808e+00,-2.438804e+00,-6.151235e+00,-3.432823e+00,5.318828e-02,0,0,3.183645e-06,1.763318e-01,2.289579e-01,5.544068e-01,1.605936e-01,2.949748e-02,-7.930194e-01,1.495483e-01,8.814754e-01,-5.160687e-01,8.749955e-01,-1.437423e-01,-6.040263e-01,-4.653973e-03,0,0
8.528553e-04,-5.640169e+00,1.130418e+01,1.311816e+00,-1.414034e+00,-6.189543e+00,-3.309517e+00,-1.370321e+00,1.421180e+00,2.706304e+00,-2.504834e-01,-5.488193e+00,-5.321581e+00,5.107284e-02,0,0,-1.771504e-06,7.149539e-02,3.072663e-01,5.359187e-01,-3.534836e-02,-4.726648e-02,-9.101513e-01,-2.798568e-02,1.600533e+00,-7.669433e-01,6.204402e-01,-1.155748e-02,-4.053825e-01,-3.414928e-03,0,0
8.469246e-04,-5.769077e+00,1.135097e+01,2.105005e+00,-6.956461e-01,-6.963434e+00,-4.902526e+00,-1.384818e+00,4.630691e+00,1.762643e+00,1.070841e+00,-5.142564e+00,-5.797494e+00,4.986401e-02,0,0,-3.385078e-06,9.673071e-02,2.911559e-01,1.950397e-01,-2.779359e-01,2.262384e-01,-4.541531e-01,-4.955450e-01,1.553242e+00,-4.376273e-01,2.197785e-01,3.737405e-01,2.028799e-03,-2.568753e-03,0,0
8.467960e-04,-5.738596e+00,1.192537e+01,1.808885e+00,-1.711658e+00,-6.300091e+00,-5.145574e+00,-2.683405e+00,6.011316e+00,2.204354e+00,3.946846e-01,-5.224406e+00,-5.077584e+00,4.412209e-02,0,0,9.398616e-07,2.233948e-01,2.564185e-01,-4.089871e-01,-5.611373e-01,6.037008e-01,1.616046e-01,-5.253172e-01,7.562633e-01,-1.061381e-02,-9.763132e-01,4.865937e-01,6.661666e-01,-1.813238e-03,0,0
8.457752e-04,-5.235543e+00,1.207659e+01,1.189210e+00,-2.588701e+00,-5.460268e+00,-4.075128e+00,-3.545063e+00,6.086550e+00,2.730647e+00,-1.662495e+00,-4.414426e+00,-3.544678e+00,4.381989e-02,0,0,2.509635e-06,2.712080e-01,2.616287e-01,-7.664542e-01,-5.588866e-01,8.735417e-01,8.997478e-01,4.798162e-02,-5.593802e-01,-4.891142e-01,-1.292062e+00,7.605422e-01,6.137398e-01,7.555149e-04,0,0
8.581293e-04,-4.789962e+00,1.222346e+01,-2.752220e-01,-3.273193e+00,-3.922622e+00,-2.915194e+00,-2.916785e+00,4.474567e+00,2.169234e+00,-3.765382e+00,-3.419294e+00,-3.117156e+00,4.502871e-02,0,0,2.282806e-06,2.199039e-01,7.936144e-02,-6.496946e-01,7.990374e-02,5.917189e-01,1.001954e+00,7.982439e-01,-1.048851e+00,-1.201066e+00,-8.578126e-01,5.961548e-01,5.146629e-01,3.173165e-03,0,0
8.538061e-04,-4.887354e+00,1.251006e+01,-6.852126e-01,-2.709311e+00,-3.784460e+00,-1.518977e+00,-1.028220e+00,2.602165e+00,-6.653676e-01,-3.309437e+00,-2.242409e+00,-3.709009e+00,5.318828e-02,0,0,2.652005e-06,1.436586e-01,4.195642e-02,-2.302320e-01,6.906191e-01,3.634726e-01,9.090552e-01,6.311114e-01,-1.256051e+00,-1.612514e+00,-6.497200e-02,7.149792e-02,5.166317e-01,4.291327e-03,0,0
8.541946e-04,-4.813171e+00,1.210544e+01,-5.023768e-01,-1.251834e+00,-4.179400e+00,-1.413881e+00,4.939355e-02,2.509254e+00,-2.102966e+00,-3.070908e+00,-3.329641e+00,-2.422103e+00,5.530372e-02,0,0,5.089742e-06,1.825750e-01,-3.546734e-02,1.702897e-01,1.031756e+00,1.766917e-01,2.539572e-01,-3.629587e-01,-8.573344e-01,-1.010473e+00,2.498351e-01,-7.623097e-01,6.263931e-01,3.656695e-03,0,0
8.610026e-04,-4.505645e+00,1.234539e+01,1.516269e-01,-1.462845e-01,-3.514516e+00,-2.805079e-01,-1.872595e+00,7.889532e-01,-3.195822e+00,-2.334592e+00,-4.101763e+00,-1.309046e+00,6.013902e-02,0,0,1.251875e-05,3.493872e-01,1.893940e-02,1.642063e-01,9.414586e-01,1.383453e-01,-5.677565e-01,-1.159119e+00,-6.641616e-01,1.642460e-01,-2.005906e-01,-1.163968e+00,6.066597e-01,7.555149e-04,0,0
8.799798e-04,-4.067942e+00,1.212847e+01,1.578068e-01,6.040752e-01,-3.174135e+00,-2.264642e+00,-4.309391e+00,1.094501e+00,-1.617904e+00,-3.003628e+00,-6.301165e+00,-1.185172e+00,5.983681e-02,0,0,1.379573e-05,5.345131e-01,7.541704e-02,-5.081692e-02,5.293912e-01,-1.365633e-01,-1.117977e+00,-1.137048e+00,-3.265075e-01,1.162361e+00,-7.209457e-01,-8.631369e-01,1.943718e-02,-2.659414e-03,0,0
9.035073e-04,-3.513033e+00,1.259325e+01,-1.942729e-01,1.070027e+00,-3.595366e+00,-3.932379e+00,-4.644423e+00,-1.126691e-02,-8.666869e-02,-4.346029e+00,-6.576487e+00,-1.294176e+00,5.469931e-02,0,0,1.258293e-05,6.928976e-01,-2.169685e-02,-2.538840e-01,1.089314e-01,-6.838168e-01,-1.194965e+00,-1.681705e-01,9.129691e-03,1.483749e+00,-5.337739e-01,-3.567481e-01,-6.146175e-01,-6.225445e-03,0,0
9.019210e-04,-2.636912e+00,1.235860e+01,-5.835115e-01,7.869658e-01,-4.821792e+00,-5.177829e+00,-4.249932e+00,1.276827e+00,2.154264e+00,-5.669918e+00,-6.407963e+00,-2.332352e+00,4.472650e-02,0,0,1.031102e-05,7.383350e-01,-8.546734e-03,-1.521686e-01,-3.244157e-01,-9.475733e-01,-5.754830e-01,6.346306e-01,7.671854e-02,1.123165e+00,9.842110e-03,4.450359e-02,-1.067181e+00,-7.615593e-03,0,0
9.129466e-04,-1.756672e+00,1.212184e+01,-7.471339e-01,3.069272e-01,-6.109772e+00,-4.798741e+00,-2.743177e+00,7.434387e-01,2.336840e+00,-3.670317e+00,-5.832104e+00,-3.808543e+00,3.656694e-02,0,0,1.381016e-05,6.105105e-01,-2.486906e-02,1.841036e-01,-6.432449e-01,-9.457211e-01,-2.159251e-01,7.415122e-01,2.746127e-01,5.367946e-01,3.596638e-01,-8.010521e-02,-1.062288e+00,-7.857358e-03,0,0
9.268151e-04,-1.254447e+00,1.232144e+01,-3.266058e-01,-6.364533e-01,-6.654799e+00,-4.708877e+00,-2.086860e+00,1.100740e+00,2.786169e+00,-3.292274e+00,-6.450839e+00,-5.263896e+00,3.082502e-02,0,0,1.658525e-05,3.155060e-01,1.708678e-01,5.132146e-01,-5.821242e-01,-6.729462e-01,-2.262053e-02,7.022008e-01,2.841146e-01,-2.123376e-01,3.760925e-01,3.684130e-02,-6.081659e-01,-7.464491e-03,0,0
9.601110e-04,-1.151712e+00,1.248748e+01,5.977923e-01,-1.434488e+00,-7.407468e+00,-5.246481e+00,-2.018397e+00,1.449840e+00,2.281352e+00,-3.736532e+00,-6.955575e+00,-5.139843e+00,2.236325e-02,0,0,1.141433e-05,-5.568137e-02,2.604275e-01,6.254819e-01,-1.253865e-01,-5.905924e-01,1.221705e-03,5.970352e-01,6.992089e-01,-4.116696e-01,-4.127002e-03,2.826770e-01,-6.463408e-02,-5.862799e-03,0,0
9.612651e-04,-1.361862e+00,1.303011e+01,1.310098e+00,-1.252948e+00,-7.537674e+00,-5.067062e+00,-1.101317e+00,2.344199e+00,1.120320e+00,-3.756348e+00,-5.662021e+00,-4.707531e+00,1.450589e-02,0,0,7.306575e-07,-3.578280e-01,2.667726e-01,5.305440e-01,6.279882e-01,-3.143984e-01,-5.715198e-02,3.854622e-01,6.704739e-01,-4.671903e-01,-9.578719e-02,7.523363e-01,5.456879e-01,-1.178604e-03,0,0
9.527933e-04,-1.981372e+00,1.306964e+01,1.561924e+00,-1.175817e-02,-8.621296e+00,-4.613540e+00,-2.507726e-01,3.617754e+00,1.111416e+00,-3.458915e+00,-4.813128e+00,-4.409896e+00,1.541251e-02,0,0,-8.584850e-06,-4.554754e-01,3.087228e-01,3.932259e-01,1.173082e+00,1.837900e-01,-1.896832e-01,-1.620445e-01,2.056770e-01,1.489558e-01,-1.507728e-01,6.294154e-01,9.129543e-01,4.714414e-03,0,0
9.341273e-04,-2.628757e+00,1.336422e+01,1.844048e+00,1.792123e+00,-7.619877e+00,-5.311107e+00,-1.043362e+00,3.369153e+00,1.035186e+00,-3.910019e+00,-3.760381e+00,-2.900429e+00,2.840737e-02,0,0,-1.211564e-05,-4.087964e-01,3.062418e-01,4.088592e-01,1.092640e+00,1.076424e+00,8.165641e-02,-9.878895e-01,-6.463057e-01,1.067204e-01,-2.445301e-01,1.633336e-01,1.476562e+00,6.467211e-03,0,0
9.307556e-04,-2.795642e+00,1.386404e+01,2.296947e+00,2.908385e+00,-6.447417e+00,-6.072875e+00,-2.857598e+00,1.965748e+00,3.068698e+00,-4.413561e+00,-4.759319e+00,-1.478623e+00,3.898459e-02,0,0,-1.326241e-05,-4.866703e-01,1.916830e-01,6.323935e-01,1.058501e+00,1.720360e+00,6.004474e-01,-1.011054e+00,-1.157270e+00,-2.365012e-01,1.532943e-01,1.034196e-01,1.475614e+00,3.928679e-03,0,0
9.117057e-04,-2.998709e+00,1.416412e+01,2.986882e+00,2.750182e+00,-3.242495e+00,-3.929113e+00,-4.737352e+00,-6.132654e-02,6.752812e-01,-4.501675e+00,-4.872258e+00,1.209643e+00,3.505591e-02,0,0,2.315093e-06,-1.262347e+00,-7.172630e-01,4.367163e-01,9.702317e-01,2.117053e+00,1.426928e+00,-9.905696e-02,-1.055024e+00,-7.157184e-01,1.247054e+00,7.708794e-01,1.205298e+00,6.044123e-04,0,0
8.976921e-04,-4.229747e+00,1.362810e+01,4.152474e+00,4.801717e+00,-2.208188e+00,-2.302301e+00,-3.459048e+00,-4.533571e-01,1.088620e-01,-2.396615e+00,-3.740092e+00,9.131364e-01,3.173164e-02,0,0,1.284685e-05,-2.231246e+00,-1.808576e+00,1.380011e-01,1.059340e+00,1.807604e+00,1.690903e+00,8.890570e-01,-3.449161e-01,-4.861389e-01,2.468814e+00,1.927707e+00,6.296582e-01,4.653974e-03,0,0
9.622345e-04,-8.223439e+00,9.895876e+00,3.099866e+00,5.696616e+00,8.457734e-01,-6.175506e-02,-1.237921e+00,-6.964149e-01,-1.063488e+00,1.316780e+00,-4.155978e-01,1.930183e+00,3.505591e-02,0,0,1.557891e-05,-2.753593e+00,-2.634985e+00,-7.882606e-01,4.305974e-01,8.545693e-01,1.512375e+00,1.511690e+00,2.955251e-01,2.192344e-01,2.879883e+00,2.002299e+00,-1.487644e-01,1.508009e-02,0,0
9.697255e-04,-1.133951e+01,6.955284e+00,2.930461e+00,6.731867e+00,5.464683e-01,4.479636e-01,-1.620280e-01,5.587115e-01,1.507389e+00,5.021284e+00,2.650888e+00,1.309398e+00,6.225446e-02,0,0,2.534268e-06,-2.094453e+00,-2.747888e+00,-1.418329e+00,-9.859115e-01,1.380005e-02,1.196470e+00,7.855095e-01,7.635025e-01,-1.923904e-01,1.690522e+00,8.499975e-01,-5.801489e-01,2.517377e-02,0,0
9.535836e-04,-1.321179e+01,4.325607e+00,-3.434141e-01,3.938094e+00,-3.469763e-01,2.257628e+00,1.172589e+00,9.102647e-01,1.072190e+00,6.188789e+00,1.943749e+00,2.676899e-01,9.519493e-02,0,0,4.717079e-06,-8.926331e-01,-1.721127e+00,-1.734013e+00,-2.728501e+00,-3.792762e-01,3.586306e-01,2.991598e-01,9.282454e-01,-9.634646e-01,3.039690e-01,-4.274549e-01,-8.105145e-01,2.792385e-02,0,0
9.146889e-04,-1.220784e+01,2.673796e+00,-1.217530e+00,7.514194e-01,-1.542813e+00,2.520355e+00,-7.367558e-01,2.560816e+00,-1.920929e+00,3.619992e+00,-6.697774e-01,-1.156361e+00,1.275310e-01,0,0,4.345686e-05,-3.440188e-01,-6.226260e-01,-1.132556e+00,-3.755079e+00,3.820864e-01,-6.675107e-01,-7.632065e-02,5.922253e-01,-1.837227e+00,-6.282942e-01,-9.411559e-01,-3.482838e-01,2.082200e-02,0,0
1.013338e-03,-1.225244e+01,3.430987e+00,-3.496205e+00,-4.955666e+00,-5.967140e-03,6.952021e-01,5.452414e-01,2.943760e+00,-4.166652e+00,3.537271e+00,-8.925397e-01,-8.895094e-01,1.420369e-01,0,0,6.736293e-05,-7.363577e-02,8.324755e-01,5.101280e-01,-3.204184e+00,8.507546e-01,-1.952271e+00,-3.139403e-01,4.176489e-01,-1.634456e+00,-7.737988e-01,-4.481052e-02,4.904094e-01,6.799635e-03,0,0
1.157132e-03,-1.353928e+01,4.289464e+00,-1.155925e+00,-7.596647e+00,2.286396e+00,-2.108377e+00,-2.299573e-01,2.503090e+00,-5.059324e+00,3.205572e+00,-6.367475e-01,1.465785e-01,1.429435e-01,0,0,7.523248e-05,5.249802e-01,1.490182e+00,1.428692e+00,-1.853825e+00,-9.157135e-02,-2.608597e+00,-1.421213e-01,3.413628e-01,-9.753450e-01,-5.114900e-01,6.476805e-01,7.908821e-01,-9.368389e-03,0,4.464352e-02
1.169176e-03,-1.291425e+01,7.680151e+00,2.176423e+00,-7.908793e+00,1.992192e+00,-5.189362e+00,-6.505114e-01,3.027372e+00,-5.530893e+00,2.527004e+00,1.703181e+00,2.068267e+00,1.214869e-01,0,0,9.807900e-05,2.152175e+00,1.064343e+00,1.450209e+00,-7.580093e-01,-2.131236e+00,-2.288344e+00,8.013964e-02,5.535666e-01,-2.973360e-01,-5.436922e-01,4.987442e-01,6.705508e-01,-2.296766e-02,1.049073e+01,1.142522e-01
1.212932e-03,-9.252030e+00,8.000127e+00,3.089614e+00,-7.041140e+00,-2.999749e+00,-7.580348e+00,-8.494861e-01,4.225824e+00,-6.115534e+00,1.567675e+00,1.270764e+00,1.319161e+00,9.096404e-02,0,2.232176e-01,1.690679e-04,3.539847e+00,-3.846335e-02,-1.844190e-01,-8.268217e-01,-3.840817e+00,-1.291960e+00,1.179456e+00,1.137473e+00,5.964822e-01,-5.359821e-01,-5.589323e-01,9.670396e-02,-2.870958e-02,2.610460e+01,1.866288e-01
1.475833e-03,-3.635190e+00,6.897369e+00,1.632069e+00,-9.023465e+00,-8.019073e+00,-8.010533e+00,1.255704e+00,4.850226e+00,-5.125227e+00,1.637758e+00,6.474255e-01,1.876954e+00,5.318828e-02,5.245364e+01,4.596525e-01,3.099102e-04,3.560764e+00,-1.626531e+00,-1.904956e+00,-1.250984e+00,-3.280772e+00,1.742611e-01,1.787905e+00,1.387450e+00,1.842996e+00,-9.335586e-01,-2.125434e+00,-4.902681e-01,-2.472046e-02,4.184925e+01,1.944851e-01
1.849144e-03,-4.795737e-01,4.488537e+00,-1.805842e+00,-1.117342e+01,-1.191206e+01,-7.157589e+00,4.714216e+00,7.279026e+00,-2.279746e+00,9.702849e-01,-2.903531e+00,7.257550e-01,3.354488e-02,1.042962e+02,7.033177e-01,4.540426e-04,2.377347e+00,-2.434812e+00,-3.150605e+00,-1.001076e+00,-1.004046e+00,1.836775e+00,1.547912e+00,1.197264e+00,2.590882e+00,-1.998540e+00,-2.624938e+00,-9.189690e-01,-1.492898e-02,4.192168e+01,1.333492e-01
2.400622e-03,5.033379e-01,1.303290e+00,-4.900629e+00,-1.209757e+01,-9.955517e+00,-4.529436e+00,5.507163e+00,8.438020e+00,1.766193e+00,-1.842093e+00,-6.836843e+00,-8.637051e-02,2.659414e-02,1.570982e+02,7.323753e-01,6.510303e-04,1.017535e+00,-2.883392e+00,-3.859617e+00,7.558441e-02,1.344257e+00,3.325091e+00,1.143513e-01,2.833526e-01,2.670117e+00,-2.967141e+00,-2.308177e+00,-1.002923e+00,-4.200665e-03,2.640316e+01,6.753065e-02
3.020751e-03,5.654383e-01,-1.376894e+00,-9.397060e+00,-1.050946e+01,-7.051757e+00,-1.370222e-01,4.764344e+00,8.418246e+00,3.393166e+00,-6.685100e+00,-8.111792e+00,-2.294022e+00,2.961620e-02,1.572861e+02,7.536023e-01,9.105351e-04,3.571270e-01,-2.822968e+00,-3.903498e+00,1.242344e+00,2.962111e+00,4.191758e+00,-1.487261e+00,-1.360309e+00,1.668050e+00,-3.406769e+00,-1.051503e+00,-3.347109e-01,1.480810e-03,1.076370e+01,2.020900e-02
4.145181e-03,9.299808e-01,-4.586874e+00,-1.387041e+01,-8.977521e+00,-3.727938e+00,5.104637e+00,1.802396e+00,5.697379e+00,5.388899e+00,-9.370252e+00,-8.289327e+00,-1.627771e+00,3.414929e-02,1.579744e+02,7.721634e-01,1.168782e-03,1.396280e-01,-2.353828e+00,-3.628019e+00,1.813300e+00,3.285875e+00,4.058570e+00,-1.997868e+00,-2.511454e+00,4.139443e-01,-2.711409e+00,-3.247820e-01,5.063322e-01,3.173164e-03,1.776108e-01,1.505069e-02
5.529539e-03,1.092740e+00,-6.681219e+00,-1.683845e+01,-6.521727e+00,-2.152907e-01,8.984165e+00,-8.697069e-01,1.847803e+00,4.249153e+00,-1.229948e+01,-7.434803e+00,-1.770992e-01,3.717135e-02,1.576765e+02,7.844687e-01,1.255245e-03,1.004674e-01,-1.590096e+00,-2.850431e+00,1.556981e+00,3.189888e+00,3.264458e+00,-1.580070e+00,-2.822072e+00,-2.750711e-01,-1.761337e+00,-1.524371e-01,8.586870e-01,1.843457e-03,1.593643e-01,1.041886e-02
6.990138e-03,9.378271e-01,-7.813688e+00,-1.932003e+01,-5.024943e+00,3.055623e+00,1.120282e+01,-1.665151e+00,-8.340309e-01,3.407921e+00,-1.259195e+01,-8.799248e+00,1.386829e+00,3.868238e-02,1.577910e+02,7.921956e-01,9.781799e-04,8.287362e-02,-5.784087e-01,-1.971747e+00,8.065637e-01,2.450117e+00,2.313663e+00,-4.072380e-01,-2.181392e+00,-5.633963e-01,-5.463020e-01,-3.510454e-01,4.949993e-01,-1.813240e-04,1.802353e-01,5.657149e-03
7.874495e-03,1.063852e+00,-7.713966e+00,-2.092440e+01,-4.700846e+00,5.505905e+00,1.313617e+01,-1.402236e+00,-2.426406e+00,3.008300e+00,-1.388094e+01,-8.619017e+00,4.921136e-01,3.656694e-02,1.581747e+02,7.956805e-01,3.522967e-04,3.266328e-01,1.898637e-01,-8.989983e-01,-5.133264e-01,1.092082e+00,1.281135e+00,3.178879e-01,-8.824695e-01,1.869304e-02,1.197219e+00,-4.043227e-01,2.851745e-01,-1.601692e-03,2.619492e-01,1.133519e-03
7.863603e-03,1.358793e+00,-6.962543e+00,-2.168616e+01,-5.855143e+00,5.662048e+00,1.459695e+01,3.247062e-02,-3.072478e+00,3.192344e+00,-1.131103e+01,-9.452447e+00,5.126198e-01,3.354488e-02,1.586265e+02,7.948432e-01,-5.020143e-04,5.392078e-01,7.518967e-01,3.620518e-01,-1.261247e+00,-3.868156e-01,-5.042422e-01,4.923779e-01,1.489743e-02,2.854151e-01,2.854799e+00,-1.417208e-02,4.388306e-01,-2.175884e-03,1.703110e-01,-8.699196e-03
6.854291e-03,2.515421e+00,-6.157472e+00,-2.015037e+01,-8.673259e+00,3.941905e+00,1.369278e+01,-1.290782e-01,-1.445321e+00,4.450407e+00,-6.953844e+00,-9.129817e+00,1.685878e+00,3.173164e-02,1.585685e+02,7.888125e-01,-1.223389e-03,3.390033e-01,9.572843e-01,1.533123e+00,-8.890181e-01,-9.466440e-01,-2.029020e+00,1.922768e-01,6.498526e-01,3.462043e-02,3.614108e+00,2.539160e-01,4.311160e-01,-2.085221e-03,1.982880e-02,-2.104874e-02
4.990169e-03,2.908081e+00,-4.832451e+00,-1.789679e+01,-9.344972e+00,1.903544e+00,8.403309e+00,1.601603e-01,-1.250086e+00,4.113944e+00,-1.781497e+00,-8.614708e+00,2.984100e+00,3.022061e-02,1.584457e+02,7.521337e-01,-1.540732e-03,-1.652234e-01,9.269025e-01,1.977234e+00,4.378639e-01,-2.823805e-01,-2.919550e+00,-2.246197e-01,6.220025e-01,-8.234030e-01,2.733351e+00,5.691386e-01,1.341837e-01,-2.810517e-03,-2.163544e-02,-2.848094e-02
3.194266e-03,1.984224e+00,-3.992590e+00,-1.515348e+01,-7.401022e+00,2.651937e+00,6.087892e+00,-5.046966e-01,-8.833810e-02,2.720602e+00,-5.751652e-01,-7.768306e+00,1.411953e+00,2.780296e-02,1.583642e+02,7.117916e-01,-1.338787e-03,-8.551577e-01,6.015073e-01,1.255589e+00,1.277233e+00,6.024724e-01,-2.275467e+00,-2.032844e-01,3.902684e-01,-1.167798e+00,1.640083e+00,8.730783e-01,-3.344498e-01,-3.958900e-03,1.927338e-02,-2.318057e-02
1.989956e-03,7.982742e-01,-3.410472e+00,-1.429844e+01,-4.301941e+00,4.895130e+00,3.801640e+00,-9.028186e-01,-6.409566e-01,-5.976892e-02,-8.336186e-01,-7.287509e+00,1.320501e+00,2.145663e-02,1.586205e+02,6.909490e-01,-8.335393e-04,-1.075760e+00,2.565077e-01,3.055353e-02,8.263483e-01,6.172692e-01,-8.375297e-01,-3.048432e-01,4.570512e-01,-2.352856e-01,1.111030e+00,1.199270e+00,-1.991904e-01,-4.533092e-03,3.451538e-02,-8.056050e-03
1.660464e-03,-7.054642e-01,-3.860925e+00,-1.567160e+01,-4.808607e+00,5.458475e+00,4.616273e+00,-6.140105e-01,2.014564e-01,6.982749e-01,7.726302e-01,-5.428025e+00,8.454289e-01,1.631913e-02,1.585775e+02,7.035019e-01,-3.847039e-04,-1.015706e+00,1.484528e-01,-7.705577e-01,-1.760526e-01,-1.976218e-01,-4.505706e-02,-1.200426e-01,7.581221e-01,1.191005e+00,1.312441e+00,1.464298e+00,-3.952210e-02,-3.414930e-03,2.445679e-02,1.480228e-03
1.589374e-03,-1.125875e+00,-3.615745e+00,-1.748496e+01,-6.509438e+00,3.586621e+00,4.951470e+00,-1.309399e+00,8.902723e-01,3.948679e+00,3.099756e+00,-3.788501e+00,2.271410e+00,1.329707e-02,1.585116e+02,7.159982e-01,-1.417189e-04,-8.042188e-01,1.663498e-01,-6.454846e-01,-6.797630e-01,-8.892038e-01,6.096951e-01,2.629009e-01,1.213517e+00,1.736052e+00,1.007404e+00,1.363231e+00,-2.892751e-01,-4.533091e-04,5.464172e-03,2.978605e-03
1.471038e-03,-2.132230e+00,-3.147690e+00,-1.741301e+01,-7.177536e+00,2.318082e+00,5.287692e+00,-9.016197e-01,2.936658e+00,6.671404e+00,4.020355e+00,-2.196321e+00,7.388881e-01,1.480810e-02,1.585410e+02,7.066681e-01,-8.048389e-05,-5.203980e-01,1.237973e-01,-8.070908e-02,-4.766700e-01,-8.658250e-01,5.062944e-01,3.845559e-01,8.468502e-01,5.696676e-01,7.905619e-02,1.113043e+00,-2.416917e-01,2.901179e-03,6.528473e-02,9.714663e-04
1.376075e-03,-2.509437e+00,-2.935341e+00,-1.665516e+01,-6.516291e+00,2.019307e+00,6.514406e+00,5.554906e-01,4.059028e+00,5.633928e+00,2.579540e+00,-2.087205e+00,-7.260382e-02,1.994560e-02,1.586661e+02,7.042589e-01,-2.945989e-05,-3.625461e-01,-1.760612e-01,-2.122887e-01,-6.656576e-01,-5.701045e-01,8.999298e-01,6.709899e-01,4.619075e-02,-7.225853e-01,-4.911823e-01,1.244928e+00,2.161414e-01,4.653974e-03,5.981903e-02,4.280031e-03
1.364694e-03,-2.615673e+00,-3.582141e+00,-1.649004e+01,-7.188530e+00,1.913007e+00,6.366277e+00,3.763245e-01,2.851330e+00,2.703989e+00,1.428019e+00,-7.134573e-01,8.089773e-01,2.750076e-02,1.588267e+02,7.142289e-01,4.064564e-05,-1.760965e-01,-3.271319e-01,-8.701817e-01,-1.015393e+00,-1.910878e-01,1.420356e+00,5.100763e-01,-7.966570e-01,-1.276357e+00,-4.134342e-01,1.157851e+00,1.096083e+00,3.263826e-03,7.354736e-03,8.707064e-03
1.495247e-03,-2.696884e+00,-4.278825e+00,-1.900789e+01,-9.832230e+00,9.386363e-01,8.911826e+00,1.406579e+00,1.163890e+00,2.319460e+00,1.940013e+00,1.694706e+00,3.317073e+00,3.022061e-02,1.586679e+02,7.336180e-01,7.484716e-05,-1.658764e-01,-1.239774e-01,-9.773704e-01,-9.175478e-01,2.875915e-01,1.597337e+00,8.063817e-01,-4.529734e-01,-4.972655e-01,7.738801e-02,5.959596e-01,9.937018e-01,-4.533097e-04,-1.063670e+01,5.536401e-03
1.614680e-03,-2.918988e+00,-4.111607e+00,-2.058755e+01,-1.059653e+01,1.902978e+00,1.119076e+01,1.223218e+00,4.009418e-01,1.946855e+00,2.272948e+00,1.701978e+00,4.524464e+00,2.598973e-02,1.585768e+02,7.355239e-01,5.448352e-05,5.711181e-02,5.262313e-01,1.536326e-01,7.985754e-02,6.011559e-01,1.166939e+00,1.227545e+00,3.278040e-01,3.521886e-01,2.208363e-01,-8.163652e-01,-1.149437e-01,-3.475371e-03,-2.651485e+01,-5.078929e-03
1.625317e-03,-3.187161e+00,-3.290495e+00,-1.949326e+01,-9.400028e+00,3.462279e+00,1.208885e+01,4.163952e+00,3.019355e+00,3.526167e+00,2.544016e+00,-3.151252e-01,3.038162e+00,1.843457e-02,1.056075e+02,7.212934e-01,6.219163e-06,5.341658e-01,1.162279e+00,2.136519e+00,1.149447e+00,-3.490118e-02,-6.277898e-01,8.427971e-01,7.958159e-01,8.474828e-01,-4.631057e-01,-1.779562e+00,-9.795062e-01,-4.140224e-03,-4.231300e+01,-1.486490e-02
1.572076e-03,-2.084976e+00,-1.445149e+00,-1.547919e+01,-7.005343e+00,3.656965e+00,1.061246e+01,5.135362e+00,3.562618e+00,3.861578e+00,2.230199e+00,-3.790368e+00,3.737142e-01,1.601692e-02,5.278261e+01,6.949965e-01,-1.225800e-05,1.045606e+00,1.482266e+00,3.281229e+00,1.198242e+00,-1.609823e+00,-2.088320e+00,-4.021552e-01,2.214337e-01,1.059082e+00,-1.338424e+00,-1.573758e+00,-9.034263e-01,-2.145663e-03,-4.227612e+01,-1.555974e-02
1.547644e-03,-4.430612e-01,1.993417e-01,-1.087947e+01,-5.880590e+00,-1.128632e-01,6.062029e+00,3.664492e+00,3.562132e+00,5.599512e+00,-3.541414e-01,-4.456930e+00,4.949168e-01,1.450589e-02,0,6.795571e-01,2.081564e-05,1.223829e+00,1.176439e+00,3.169879e+00,6.503644e-01,-3.297007e+00,-2.977162e+00,-2.294680e+00,-3.798521e-01,7.428106e-01,-2.041760e+00,-3.595299e-02,5.610868e-02,2.417652e-04,-1.688059e+01,-7.615244e-03
1.592227e-03,9.369919e-01,1.554807e+00,-8.488301e+00,-6.365042e+00,-4.358568e+00,3.762572e+00,-5.378281e-01,1.236721e+00,6.205593e+00,-2.970096e+00,-4.095912e+00,1.278955e+00,1.722575e-02,0,6.785933e-01,7.159438e-05,9.200312e-01,5.320821e-01,2.096528e+00,2.355140e-01,-3.792090e+00,-2.946826e+00,-2.879882e+00,3.711750e-02,1.925199e-01,-2.070523e+00,1.589838e+00,5.628624e-01,1.541252e-03,1.329770e+01,3.227472e-03
1.719321e-03,1.421001e+00,1.091723e+00,-7.139307e+00,-6.468357e+00,-9.014988e+00,6.279842e-01,-4.472853e+00,2.283042e+00,6.068213e+00,-5.064637e+00,-3.421181e-01,2.866085e+00,1.903898e-02,4.759587e+01,6.914188e-01,1.125130e-04,4.866017e-01,9.753372e-02,7.515222e-01,3.673938e-01,-2.993538e+00,-2.639217e+00,-2.001975e+00,1.043190e+00,-6.206838e-01,-1.204966e+00,2.275688e+00,4.473647e-01,1.511031e-03,3.815241e+01,9.040612e-03
1.844210e-03,1.583149e+00,7.690704e-01,-6.866638e+00,-5.533890e+00,-1.085242e+01,-1.404648e+00,-5.195376e+00,4.387750e+00,4.589827e+00,-5.767166e+00,2.101416e+00,2.002442e+00,2.145663e-02,9.547317e+01,7.052031e-01,1.090931e-04,1.689353e-01,5.050291e-02,-1.045671e-01,6.520555e-01,-1.661015e+00,-2.292776e+00,-1.224846e-01,2.009261e+00,-1.018112e+00,1.139946e-02,1.758360e+00,1.742367e-01,2.719855e-04,2.862888e+01,7.979495e-03
1.984218e-03,1.666869e+00,1.079878e+00,-7.932690e+00,-4.459197e+00,-1.183363e+01,-4.550448e+00,-4.016610e+00,7.202568e+00,3.303976e+00,-4.980435e+00,3.822845e+00,2.369997e+00,1.994560e-02,1.430255e+02,7.114553e-01,5.577350e-05,7.274418e-02,2.857653e-01,-3.665515e-01,7.293651e-01,-4.468776e-01,-1.498782e+00,1.495924e+00,1.859101e+00,-1.046442e+00,8.854005e-01,-7.189715e-02,3.962379e-01,-8.159565e-04,-1.307373e-02,9.489119e-04
2.005243e-03,1.658735e+00,1.813244e+00,-8.614445e+00,-4.109344e+00,-1.125432e+01,-5.112090e+00,-1.378373e+00,8.823261e+00,2.497152e+00,-2.955199e+00,2.613405e+00,2.398183e+00,1.813237e-02,9.542959e+01,7.084725e-01,-4.682662e-05,2.830577e-03,3.368797e-01,5.308146e-02,8.936696e-01,4.094386e-01,-7.120911e-01,1.927458e+00,1.027657e+00,-8.608944e-01,9.559420e-01,-1.744561e+00,6.299514e-01,-8.763977e-04,-2.864195e+01,-1.247395e-02
1.917671e-03,1.746929e+00,1.998463e+00,-8.098161e+00,-3.533804e+00,-1.104842e+01,-5.012204e+00,1.098266e+00,9.360792e+00,1.882342e+00,-2.043617e+00,-9.575982e-01,4.649404e+00,1.662134e-02,4.755229e+01,6.945286e-01,-1.678799e-04,-1.366531e-01,4.423707e-01,5.651741e-01,1.288449e+00,1.540339e+00,1.002803e-01,1.087990e+00,-1.915604e-01,-7.418461e-01,1.529769e-01,-2.629109e+00,3.971350e-01,5.439710e-04,-3.814805e+01,-2.434589e-02
1.643350e-03,1.557271e+00,1.994176e+00,-6.518496e+00,-1.528238e+00,-9.197829e+00,-4.734226e+00,1.884477e+00,8.446921e+00,9.961720e-01,-2.455864e+00,-4.231167e+00,4.012496e+00,1.873678e-02,0,6.512967e-01,-2.378970e-04,-3.170528e-01,7.047838e-01,4.622479e-01,1.607193e+00,2.360479e+00,3.295926e-01,-4.457399e-01,-1.076901e+00,-3.979236e-01,-7.409698e-01,-1.764133e+00,-5.907836e-02,1.964340e-03,-2.384115e+01,-3.164344e-02
1.325765e-03,1.034335e+00,3.201265e+00,-6.154794e+00,6.924947e-01,-5.160182e+00,-4.237978e+00,-2.080839e-01,6.432936e+00,3.452355e-01,-4.465218e+00,-5.900414e+00,3.548515e+00,2.236325e-02,0,6.183138e-01,-2.304615e-04,-5.625763e-01,7.816594e-01,-1.047111e-01,1.076821e+00,2.572970e+00,5.682336e-01,-1.641814e+00,-1.536205e+00,1.152060e-01,-9.661704e-01,1.620983e-01,-1.127340e-01,3.233605e-03,-9.510458e+00,-6.626524e-02
1.111712e-03,4.297680e-01,4.735762e+00,-7.274889e+00,1.813473e+00,-2.396052e+00,-3.851239e+00,-2.953897e+00,4.902684e+00,1.276087e+00,-5.449248e+00,-3.735854e+00,2.653235e+00,2.508311e-02,0,5.883628e-01,-1.549177e-04,-8.753605e-01,2.478999e-01,-6.874021e-01,-9.363654e-02,1.524559e+00,4.925218e-01,-1.848103e+00,-1.295796e+00,4.782638e-01,-2.611063e-01,1.935852e+00,9.561289e-01,4.170444e-03,0,-1.135174e-01
1.031183e-03,-5.022006e-01,4.535967e+00,-8.243520e+00,1.794453e-01,-1.584462e+00,-2.612529e+00,-4.691619e+00,3.451887e+00,2.318415e+00,-5.377778e+00,-3.947634e-01,4.765364e+00,2.961620e-02,0,3.946694e-01,-7.802268e-05,-1.089469e+00,-6.574994e-01,-7.243271e-01,-1.176488e+00,7.423566e-02,4.189317e-01,-1.117351e+00,-9.670901e-01,2.881399e-01,6.682285e-01,2.801838e+00,1.608260e+00,4.653974e-03,0,-1.629458e-01
1.016053e-03,-2.051263e+00,2.566325e+00,-8.911143e+00,-1.739896e+00,-3.362895e+00,-3.084342e+00,-5.114272e+00,3.458468e+00,2.400901e+00,-3.305116e+00,2.695266e+00,8.184715e+00,3.596253e-02,0,1.955322e-01,-2.704426e-05,-1.083911e+00,-1.106574e+00,-5.546363e-01,-1.614914e+00,-9.191667e-01,6.906164e-02,-2.500532e-01,-4.749508e-01,-2.305030e-01,1.344988e+00,2.769120e+00,1.733474e+00,2.024781e-03,0,-1.206563e-01
9.834809e-04,-3.172492e+00,9.984870e-01,-8.958302e+00,-3.413260e+00,-4.305582e+00,-2.526769e+00,-4.714651e+00,2.319594e+00,1.223528e+00,-2.196142e+00,4.893219e+00,8.824077e+00,4.019341e-02,0,0,-3.307825e-06,-7.080675e-01,-7.313699e-01,-3.796694e-01,-1.224698e+00,-1.011498e+00,3.094621e-02,3.562596e-01,-2.712717e-01,-5.146640e-01,1.658016e+00,1.998425e+00,6.158495e-01,-3.626473e-03,0,-7.671571e-03
1.000342e-03,-3.654644e+00,9.716308e-01,-9.690679e+00,-4.464745e+00,-5.631326e+00,-3.548811e+00,-4.192647e+00,3.094077e+00,6.710154e-01,-3.151271e-01,7.465752e+00,9.291251e+00,2.991840e-02,0,1.824162e-01,8.192519e-06,-3.023358e-01,-7.397293e-02,-3.574478e-01,-8.713233e-01,-4.567394e-01,5.226243e-01,4.106870e-01,-1.435215e-01,-2.970100e-01,2.038897e+00,1.235165e+00,-3.681726e-01,-9.035963e-03,0,1.065514e-01
1.022499e-03,-3.240848e+00,1.676465e+00,-9.752099e+00,-4.581623e+00,-5.507739e+00,-2.225564e+00,-3.371134e+00,2.277724e+00,6.100378e-01,1.417306e+00,7.212118e+00,7.291344e+00,1.450589e-02,0,3.628695e-01,9.025016e-06,-1.359215e-01,1.605399e-01,-4.262863e-01,-6.134104e-01,7.343902e-02,6.462216e-01,1.908906e-01,-1.609330e-02,2.961829e-01,2.167025e+00,-3.527904e-02,-7.575520e-01,-8.733756e-03,0,1.093315e-01
1.037506e-03,-3.528764e+00,1.857471e+00,-1.030148e+01,-5.512331e+00,-5.045514e+00,-6.218233e-01,-3.732596e+00,2.761795e+00,1.222596e+00,5.082645e+00,7.711641e+00,7.110219e+00,3.626473e-03,0,5.468544e-01,-8.139270e-06,-1.140286e-01,5.969372e-02,-4.179378e-01,-3.893413e-01,5.749129e-01,5.449489e-01,2.439451e-01,1.289337e-01,8.279006e-01,1.552004e+00,-8.276095e-01,-6.059388e-01,-1.873678e-03,0,4.706144e-04
1.010024e-03,-3.915039e+00,1.358266e+00,-1.078433e+01,-5.956519e+00,-4.231293e+00,-7.591544e-01,-3.990224e+00,2.405268e+00,2.428652e+00,5.940099e+00,4.593879e+00,6.126833e+00,9.670596e-03,0,3.644382e-01,-2.011253e-05,-3.746543e-02,-5.348945e-03,-4.157386e-01,2.146357e-01,7.689390e-01,-4.325555e-02,5.300525e-01,3.673127e-01,7.393717e-01,4.152556e-01,-1.623633e+00,-2.312950e-01,6.104563e-03,0,-7.113166e-02
9.658830e-04,-3.887691e+00,1.429199e+00,-1.126425e+01,-5.724003e+00,-3.394984e+00,-1.557271e+00,-2.663377e+00,3.674973e+00,3.901212e+00,5.183495e+00,4.636823e+00,6.843812e+00,2.296766e-02,0,1.839849e-01,3.576127e-05,4.390338e-01,-9.926520e-02,-5.266018e-01,1.216196e+00,1.258507e+00,2.765465e-01,1.238819e+00,-1.851785e-02,4.322906e-01,-1.089348e+00,-2.385646e+00,-6.760368e-01,9.821698e-03,0,-4.487274e-02
9.577482e-04,-3.248711e+00,1.863856e+00,-1.134941e+01,-3.402609e+00,-2.488308e+00,-1.974117e+00,-1.255481e+00,3.657699e+00,2.967588e+00,3.443159e+00,6.313629e-01,6.268072e+00,3.535811e-02,0,1.886459e-01,2.374100e-04,9.427236e-01,-5.002033e-01,-1.113592e+00,1.672143e+00,1.726338e+00,1.528724e+00,1.201881e+00,-3.884534e-01,2.737207e-01,-2.550272e+00,-2.807959e+00,-1.188733e+00,7.071623e-03,9.781488e+00,7.862995e-02
1.242450e-03,-1.666759e+00,1.108350e+00,-1.265195e+01,-7.083084e-01,3.755268e-01,1.368391e+00,1.094128e+00,2.042991e+00,3.114581e+00,8.843760e-01,-2.235330e+00,3.659415e+00,3.989121e-02,0,4.103869e-01,5.352040e-04,1.265837e+00,-1.281251e+00,-1.879116e+00,1.119071e+00,2.304327e+00,2.758090e+00,4.748507e-01,-6.398041e-01,8.299600e-01,-3.882114e+00,-3.354256e+00,-1.401139e+00,2.236326e-03,2.387090e+01,1.497577e-01
2.058790e-03,-3.118874e-01,-9.823255e-01,-1.565844e+01,-1.036507e-01,2.515140e+00,5.421634e+00,1.404267e-01,1.278993e+00,4.190570e+00,-4.661701e+00,-6.009838e+00,1.775369e+00,3.656694e-02,4.890744e+01,6.443869e-01,7.647908e-04,1.146567e+00,-1.803720e+00,-2.336996e+00,-1.211135e-01,2.323410e+00,2.939670e+00,-4.575728e-01,2.936677e-02,1.226332e+00,-4.279430e+00,-2.642686e+00,-6.985139e-01,-1.420368e-03,3.756139e+01,1.384562e-01
3.091382e-03,9.730828e-01,-3.553967e+00,-1.850532e+01,-1.778126e+00,5.624925e+00,8.535304e+00,-9.870768e-01,1.665306e+00,7.439520e+00,-1.017464e+01,-8.813855e+00,2.084467e+00,3.354488e-02,9.490078e+01,7.049029e-01,7.417457e-04,7.244766e-01,-1.581825e+00,-2.049949e+00,-1.049981e+00,1.627970e+00,2.019260e+00,-1.186798e+00,6.570165e-01,1.132983e+00,-3.512510e+00,-2.021839e+00,4.436933e-01,-1.964340e-03,3.649628e+01,7.697344e-02
3.857236e-03,1.164201e+00,-4.823586e+00,-2.010770e+01,-3.473267e+00,6.504041e+00,9.140777e+00,-2.502743e+00,3.993375e+00,6.936779e+00,-1.242448e+01,-9.292804e+00,3.562977e+00,3.142944e-02,1.403566e+02,7.336688e-01,4.641042e-04,2.872208e-01,-8.556185e-01,-1.383471e+00,-1.076694e+00,9.828553e-01,9.629852e-01,-1.048717e+00,7.507259e-01,6.687421e-01,-1.900007e+00,-1.186925e+00,7.362794e-01,-3.928680e-04,2.159598e+01,2.568642e-02
4.051955e-03,1.217580e+00,-4.880143e+00,-2.067707e+01,-4.273408e+00,6.520926e+00,9.605122e+00,-3.518276e+00,3.970882e+00,7.406393e+00,-1.279678e+01,-1.070304e+01,4.984078e+00,3.263826e-02,1.367568e+02,7.506132e-01,1.168527e-04,-1.369079e-02,-1.150369e-01,-6.101907e-01,-6.496817e-01,1.320943e-01,6.513664e-01,-6.472629e-01,3.686725e-01,2.179554e-01,-7.025183e-01,-9.348509e-01,3.181396e-01,7.252946e-04,7.709002e+00,1.034755e-02
3.899024e-03,1.001968e+00,-4.597330e+00,-2.148992e+01,-4.239480e+00,6.981416e+00,9.701652e+00,-3.837559e+00,3.879833e+00,7.550845e+00,-1.285067e+01,-1.099987e+01,4.006960e+00,3.505591e-02,1.359593e+02,7.499639e-01,-1.413914e-04,-5.679371e-02,2.946742e-01,6.944942e-02,-4.411245e-01,-3.572794e-01,4.155673e-01,2.052798e-01,1.893349e-01,3.466920e-01,-9.256210e-02,-9.804524e-01,-8.282291e-01,5.137511e-04,-1.108223e+00,1.872158e-03
3.654752e-03,9.857453e-01,-4.242279e+00,-2.086517e+01,-4.643428e+00,6.046709e+00,1.151170e+01,-3.555983e+00,3.565439e+00,8.222264e+00,-1.347414e+01,-1.263458e+01,3.453173e+00,3.535812e-02,1.356444e+02,7.484931e-01,-2.807622e-04,-4.552453e-02,5.267711e-01,8.301436e-01,-5.426064e-01,-1.194930e+00,-6.089163e-01,1.112550e+00,7.979395e-01,3.029836e-01,8.651220e-01,-6.524562e-01,-1.874386e+00,-9.670593e-04,-3.759857e-01,-3.301925e-03
3.348881e-03,9.961497e-01,-3.669147e+00,-1.966641e+01,-5.493880e+00,4.954752e+00,1.026532e+01,-1.457490e+00,5.142771e+00,8.262303e+00,-1.254861e+01,-1.322930e+01,1.872840e-01,3.263826e-02,1.353717e+02,7.440896e-01,-3.985356e-04,-2.198454e-02,7.946080e-01,1.626528e+00,-5.411962e-01,-2.087106e+00,-2.388987e+00,1.146673e+00,1.230189e+00,7.244138e-01,2.311819e+00,1.183102e-01,-2.291687e+00,-2.145664e-03,-9.233261e+00,-7.327080e-03
2.923216e-03,9.928663e-01,-2.710379e+00,-1.743810e+01,-6.359240e+00,1.559608e+00,6.278704e+00,8.544394e-01,7.329111e+00,8.565581e+00,-8.622201e+00,-1.285061e+01,-2.478013e+00,2.901179e-02,1.351707e+02,7.370407e-01,-4.989046e-04,-1.128989e-01,1.048091e+00,1.900527e+00,-1.806870e-01,-2.568840e+00,-3.995986e+00,2.974875e-01,8.624926e-01,5.457070e-01,3.674485e+00,1.345078e+00,-1.643833e+00,-1.601693e-03,-2.266407e+01,-1.295311e-02
2.272114e-03,8.884850e-01,-1.390240e+00,-1.507081e+01,-6.087555e+00,-1.210565e+00,3.732152e-01,-3.094050e-01,8.148942e+00,1.100126e+01,-3.717542e+00,-1.030030e+01,-4.485880e+00,2.750076e-02,9.002987e+01,7.190548e-01,-5.221564e-04,-1.623176e-01,1.217749e+00,1.638882e+00,2.953800e-01,-2.449083e+00,-3.784726e+00,-1.134523e+00,-4.803568e-01,6.630325e-03,3.903830e+00,2.451797e+00,-1.009376e-01,-3.022104e-05,-3.609191e+01,-1.569166e-02
1.698613e-03,4.750831e-01,-1.412788e-01,-1.366033e+01,-5.250025e+00,-3.714832e+00,-3.522177e+00,-2.642588e+00,6.374816e+00,9.581324e+00,4.827470e-01,-7.373685e+00,-2.429411e+00,2.991840e-02,4.499495e+01,6.962450e-01,-4.141589e-04,-1.044813e-01,1.091364e+00,7.680993e-01,4.986967e-01,-1.650082e+00,-2.106749e+00,-1.875123e+00,-1.743809e+00,-9.386727e-01,2.790076e+00,2.876125e+00,1.238321e+00,1.057721e-03,-3.603713e+01,-1.429808e-02
1.350401e-03,4.434534e-01,1.135047e+00,-1.336088e+01,-4.571587e+00,-4.653444e+00,-3.757866e+00,-5.381590e+00,3.218135e+00,7.787584e+00,2.418066e+00,-3.708775e+00,-3.417052e-01,3.203385e-02,0,6.860291e-01,-2.221206e-04,6.370305e-02,8.070989e-01,6.117153e-03,1.017644e-01,-9.127197e-01,-4.097479e-01,-1.354311e+00,-1.896953e+00,-1.547567e+00,1.343655e+00,2.517439e+00,1.558324e+00,9.972804e-04,-2.250547e+01,-8.458668e-03
1.313278e-03,6.929756e-01,1.483797e+00,-1.445257e+01,-4.623741e+00,-4.969361e+00,-2.189501e+00,-5.985085e+00,1.075467e+00,5.479053e+00,2.260373e+00,-1.765749e+00,1.641504e+00,3.203385e-02,0,6.820631e-01,-6.817257e-05,1.707999e-01,3.671175e-01,-2.288879e-01,-3.284305e-01,-4.046687e-01,-2.586382e-02,-4.577079e-01,-1.005538e+00,-9.714895e-01,1.010773e-01,1.888870e+00,1.080978e+00,3.725290e-10,-8.998989e+00,-2.546477e-03
1.354179e-03,1.098054e+00,1.832717e+00,-1.464410e+01,-5.891876e+00,-5.146899e+00,-2.341862e+00,-5.409710e+00,1.313854e+00,5.314553e+00,2.111922e+00,-5.170764e-01,1.270281e+00,3.142944e-02,0,6.838524e-01,1.985719e-05,1.523145e-01,-1.070994e-01,-4.876862e-02,-5.506417e-01,-1.317789e-01,-7.083324e-01,5.261328e-01,4.775681e-01,-1.288702e-01,-2.311931e-01,4.894732e-01,3.718206e-01,-6.044125e-04,8.958016e+00,2.285069e-03
1.355861e-03,1.001783e+00,1.345474e+00,-1.416316e+01,-6.232033e+00,-5.491447e+00,-4.359498e+00,-4.917068e+00,2.299265e+00,5.960392e+00,1.141205e+00,4.748154e-01,2.169485e+00,3.022061e-02,0,6.846010e-01,8.204001e-05,3.007016e-02,-6.660387e-01,9.290504e-02,-2.980261e-01,6.563558e-02,-7.726766e-01,1.393234e+00,1.256915e+00,7.762359e-01,-2.363699e-01,-1.349021e+00,-5.364029e-01,-3.324265e-04,2.239989e+01,7.602143e-03
1.428396e-03,1.050622e+00,6.687115e-01,-1.374943e+01,-6.520649e+00,-5.051295e+00,-6.214529e+00,-3.284935e+00,4.994076e+00,6.902564e+00,1.821684e+00,-2.381691e+00,1.253407e+00,2.991840e-02,4.479008e+01,6.961855e-01,1.942356e-04,-5.164142e-02,-1.355186e+00,-2.852074e-01,-3.122182e-02,2.251465e-01,6.528199e-01,2.075895e+00,9.863780e-01,9.673090e-01,-6.131269e-01,-3.308487e+00,-9.891936e-01,6.950738e-04,3.588473e+01,1.187931e-02
1.686370e-03,8.670422e-01,-1.264394e+00,-1.443538e+01,-5.799484e+00,-4.688985e+00,-4.116550e+00,-8.130058e-02,5.519933e+00,8.566228e+00,1.223642e+00,-7.578547e+00,-1.032074e+00,3.112723e-02,8.960443e+01,7.139072e-01,3.320468e-04,-6.205921e-02,-1.896857e+00,-7.998306e-01,1.337405e-01,4.217623e-01,2.549121e+00,2.536946e+00,-3.899415e-01,4.436516e-01,-1.209298e+00,-4.305030e+00,-8.911604e-01,1.843457e-03,3.594975e+01,1.387821e-02
2.160102e-03,9.072171e-01,-3.638281e+00,-1.593403e+01,-6.264259e+00,-4.422398e+00,8.007633e-01,2.551884e+00,4.635410e+00,8.848180e+00,-9.949307e-01,-1.303283e+01,-2.074907e+00,3.445150e-02,1.346214e+02,7.285958e-01,4.187326e-04,-2.176306e-02,-2.244710e+00,-1.126239e+00,5.692661e-01,6.382891e-01,3.472230e+00,1.992934e+00,-2.234526e+00,-4.795623e-01,-1.969248e+00,-3.391382e+00,-4.305995e-02,2.115443e-03,2.252864e+01,1.184904e-02
2.650241e-03,7.631891e-01,-5.985313e+00,-1.707001e+01,-5.691526e+00,-3.697084e+00,4.878464e+00,4.849252e+00,5.288911e-01,7.205842e+00,-3.496980e+00,-1.572477e+01,-6.221594e-01,3.717135e-02,1.348331e+02,7.377869e-01,4.019923e-04,8.671582e-03,-2.083035e+00,-9.995483e-01,1.214374e+00,1.133907e+00,2.890735e+00,8.821142e-01,-3.426818e+00,-1.530755e+00,-1.716102e+00,-1.776230e+00,6.649579e-01,1.329707e-03,9.043085e+00,7.626057e-03
3.040123e-03,9.937336e-01,-8.194381e+00,-1.806331e+01,-3.728298e+00,-2.355799e+00,6.649113e+00,4.214460e+00,-3.683034e+00,5.184945e+00,-5.664247e+00,-1.526549e+01,8.331501e-01,3.747356e-02,1.348190e+02,7.434909e-01,3.007933e-04,-3.195125e-02,-1.597719e+00,-6.698776e-01,1.903549e+00,1.628044e+00,1.935431e+00,-1.163656e-01,-3.386333e+00,-2.233845e+00,-9.291863e-01,-2.448387e-01,4.842504e-01,2.115440e-04,3.042602e-03,4.031837e-03
3.256321e-03,8.671419e-01,-9.401516e+00,-1.836848e+01,-9.955969e-01,-5.275003e-02,7.412949e+00,3.497983e+00,-7.454936e+00,2.744071e+00,-5.022211e+00,-1.534336e+01,8.386872e-01,3.626473e-02,1.347211e+02,7.445900e-01,1.652251e-04,-1.118172e-01,-8.755857e-01,-3.564301e-01,1.629697e+00,1.966339e+00,1.375066e+00,-6.546048e-01,-2.145990e+00,-2.471375e+00,1.857550e-01,5.059462e-01,-4.137715e-01,-4.533093e-04,-2.897034e-02,1.729375e-03
3.361029e-03,6.954845e-01,-9.918775e+00,-1.863418e+01,9.055205e-01,1.895658e+00,9.210673e+00,2.645690e+00,-8.304344e+00,-9.015831e-02,-4.878247e+00,-1.444772e+01,-3.840786e-01,3.596253e-02,1.346926e+02,7.453535e-01,4.668955e-05,-1.229513e-01,-1.825338e-01,-2.037815e-01,6.696140e-01,1.827076e+00,1.313969e+00,-3.912344e-01,-6.340293e-01,-2.333326e+00,1.144065e+00,5.680043e-01,-1.408464e+00,-1.813237e-04,-3.441620e-02,9.524226e-04
3.315914e-03,3.532275e-01,-9.501045e+00,-1.856673e+01,1.400522e-01,4.008882e+00,1.047301e+01,2.360613e+00,-7.890403e+00,-2.513480e+00,-2.961205e+00,-1.360392e+01,-2.082402e+00,3.566032e-02,1.347514e+02,7.455025e-01,-1.366015e-05,-1.020430e-01,3.056847e-01,-2.958950e-01,-4.366863e-01,1.291274e+00,1.195303e+00,-2.050281e-02,2.616600e-01,-1.653914e+00,1.341467e+00,7.261766e-01,-1.930983e+00,8.159574e-04,-1.069061e-01,1.190776e-03
3.243774e-03,6.359341e-01,-9.057285e+00,-1.898310e+01,-9.480527e-01,4.748764e+00,1.168893e+01,2.826973e+00,-6.635447e+00,-3.852910e+00,-9.744250e-01,-1.329519e+01,-4.748626e+00,3.686915e-02,1.346318e+02,7.477967e-01,-1.252722e-05,-6.794157e-02,5.840045e-01,-3.851212e-01,-9.491709e-01,7.523609e-01,1.149131e+00,2.354933e-01,5.475575e-01,-9.117573e-01,1.103147e+00,5.911948e-01,-1.574360e+00,1.692355e-03,-2.290146e-01,8.875489e-04
3.246648e-03,3.867022e-01,-8.303837e+00,-1.967350e+01,-2.252242e+00,4.977069e+00,1.215034e+01,3.304827e+00,-6.981084e+00,-3.644122e+00,-2.667892e-01,-1.228875e+01,-6.633953e+00,3.989121e-02,1.342170e+02,7.493222e-01,3.121316e-05,-1.009725e-01,5.956274e-01,-4.321526e-01,-7.683577e-01,7.670320e-01,1.327613e+00,4.059679e-01,7.282252e-01,-3.255768e-01,2.069711e-02,3.557864e-01,-7.023610e-01,1.994560e-03,-4.026901e-01,3.309250e-05
3.333026e-03,3.390392e-01,-7.597356e+00,-2.000640e+01,-2.644187e+00,5.173369e+00,1.411766e+01,3.351049e+00,-6.021216e+00,-4.083624e+00,-7.097185e-01,-1.214934e+01,-5.980105e+00,4.230886e-02,1.338148e+02,7.478814e-01,3.308153e-05,-1.405931e-01,5.397123e-01,-2.987457e-01,-6.095719e-01,8.867499e-01,1.588569e+00,5.371284e-01,9.241332e-01,1.654774e-01,-7.611958e-01,8.094387e-02,2.278585e-01,1.087942e-03,-5.518692e-01,-1.534510e-03
3.427354e-03,-3.187691e-03,-7.252872e+00,-2.021584e+01,-2.853669e+00,7.631739e+00,1.589671e+01,4.128414e+00,-4.556393e+00,-4.026007e+00,-2.990072e+00,-1.239792e+01,-4.978468e+00,4.291327e-02,1.331464e+02,7.456257e-01,-4.130984e-05,8.567868e-03,5.448570e-01,-1.513046e-01,-8.208185e-01,7.374405e-01,1.361595e+00,6.006657e-01,1.075302e+00,5.995085e-01,-7.609872e-01,-1.896206e-01,6.500299e-01,-5.741917e-04,-6.603897e-01,-2.829713e-03
3.318829e-03,1.279135e-01,-6.884206e+00,-2.020566e+01,-3.695199e+00,7.855179e+00,1.775858e+01,5.100822e+00,-3.227127e+00,-2.834580e+00,-3.418762e+00,-1.283589e+01,-4.437077e+00,4.079783e-02,1.324077e+02,7.419724e-01,-1.887435e-04,2.345489e-01,8.047455e-01,-2.626934e-02,-1.321634e+00,-6.238242e-01,1.466226e-01,1.606732e-01,8.685654e-01,1.540024e+00,6.350096e-02,1.239715e-01,3.294017e-01,-1.359928e-03,-6.572281e-01,-4.032004e-03
3.047197e-03,5.351044e-01,-5.936127e+00,-2.033040e+01,-5.830828e+00,7.323367e+00,1.713785e+01,5.433270e+00,-3.001617e+00,-1.271102e+00,-2.717203e+00,-1.289357e+01,-4.155318e+00,3.777577e-02,1.316186e+02,7.381281e-01,-3.470545e-04,4.339066e-01,1.306426e+00,3.259617e-01,-1.691524e+00,-2.205420e+00,-1.677942e+00,-1.016900e+00,8.877375e-01,2.130515e+00,9.701346e-01,5.146573e-01,3.199353e-01,-5.137511e-04,-9.246244e+00,-7.668721e-03
2.579387e-03,1.242638e+00,-4.232002e+00,-2.008047e+01,-7.763775e+00,2.208434e+00,1.423021e+01,3.501987e+00,-2.455776e+00,2.239043e+00,-5.286484e-01,-1.128165e+01,-4.744671e+00,3.807797e-02,1.312925e+02,7.314701e-01,-4.565556e-04,1.453525e-01,1.682211e+00,1.045415e+00,-9.571856e-01,-2.793520e+00,-3.192256e+00,-1.847549e+00,1.056092e+00,2.146076e+00,6.958135e-01,3.886083e-01,3.451413e-01,1.601692e-03,-2.213509e+01,-1.431519e-02
2.061802e-03,1.608983e+00,-2.046846e+00,-1.864862e+01,-9.277000e+00,-5.719903e-01,9.271189e+00,-1.566710e-01,-5.033803e-01,4.089756e+00,4.155431e-01,-1.060175e+01,-3.224994e+00,4.170444e-02,8.747278e+01,7.125332e-01,-4.732552e-04,-4.522055e-01,1.569062e+00,1.746116e+00,3.337415e-01,-2.065938e+00,-3.145042e+00,-1.533465e+00,1.104299e+00,1.173716e+00,-1.113149e-01,2.030543e-01,8.546883e-01,2.689635e-03,-3.507246e+01,-2.310908e-02
1.528748e-03,3.177367e-01,-4.177911e-01,-1.581947e+01,-6.758041e+00,-2.164741e+00,5.730637e+00,-1.341954e+00,8.042136e-01,5.215372e+00,-1.506068e+00,-1.203876e+01,-3.176532e+00,4.684195e-02,4.380513e+01,6.831939e-01,-3.810618e-04,-1.017786e+00,8.420105e-01,1.916126e+00,1.747783e+00,-1.013048e-01,-1.561963e+00,-1.655681e-01,3.510508e-01,-4.054197e-01,-1.044366e+00,1.710161e-01,9.831427e-01,1.662134e-03,-3.500579e+01,-2.635121e-02
1.206240e-03,-1.263472e+00,2.078076e-03,-1.373032e+01,-4.664988e+00,-8.197333e-01,5.662426e+00,1.879150e-01,8.898823e-01,3.109313e+00,-2.785068e+00,-1.149975e+01,-6.659463e-01,4.684195e-02,0,6.467208e-01,-2.255820e-04,-9.807225e-01,5.130490e-02,1.205703e+00,2.251404e+00,1.399975e+00,5.388207e-01,8.256583e-01,-5.674511e-01,-1.521996e+00,-1.160738e+00,1.094628e+00,6.571873e-01,-5.439717e-04,-2.187507e+01,-2.111078e-02
1.101859e-03,-2.410063e+00,-1.046411e+00,-1.295899e+01,-1.330867e+00,1.825782e+00,8.224774e+00,2.501854e+00,-1.397154e+00,7.021659e-01,-4.150174e+00,-9.977571e+00,-1.108482e+00,4.381989e-02,0,6.326203e-01,-7.154157e-05,-3.698146e-01,-1.121544e-01,2.233960e-01,1.492831e+00,2.068579e+00,1.450940e+00,6.435465e-01,-1.378134e+00,-1.990471e+00,-8.542960e-01,1.840832e+00,6.297633e-01,-2.266547e-03,-8.761026e+00,-1.022525e-02
1.147337e-03,-1.930730e+00,-1.476011e+00,-1.405035e+01,-7.335661e-01,4.432621e+00,1.071822e+01,2.049717e+00,-2.239952e+00,-1.263619e+00,-4.066092e+00,-6.159202e+00,-9.730824e-01,4.049562e-02,0,6.322662e-01,9.776512e-06,2.276637e-01,4.051700e-01,-3.771563e-01,2.891180e-01,1.432544e+00,1.083286e+00,-1.038395e-01,-1.801787e+00,-1.738702e+00,-1.842604e-01,1.770322e+00,3.742486e-01,-2.810518e-03,0,-5.197942e-04
1.200492e-03,-1.197707e+00,-2.395185e-01,-1.454248e+01,-1.259598e+00,5.551979e+00,1.045744e+01,9.448776e-01,-4.521539e+00,-2.550520e+00,-5.137036e+00,-5.504870e+00,1.258527e-01,3.868238e-02,0,6.392950e-01,1.697806e-05,3.885356e-01,1.015673e+00,-4.243803e-01,-8.597201e-01,4.472428e-01,-8.361168e-02,-3.244778e-01,-1.888326e+00,-7.802204e-01,7.163728e-01,7.335659e-01,3.876142e-01,-3.173164e-03,0,4.581213e-04
1.205806e-03,-7.313316e-01,1.624482e+00,-1.482436e+01,-3.255032e+00,4.479890e+00,9.962524e+00,4.472055e-01,-6.556859e+00,-3.957856e+00,-3.212939e+00,-4.884485e+00,5.881295e-01,3.535811e-02,0,6.407845e-01,-8.756248e-06,1.375739e-01,1.023069e+00,-2.350719e-01,-1.188067e+00,-2.908145e-01,-9.214097e-01,-2.144749e-02,-1.353886e+00,7.711707e-01,1.479310e+00,-3.465457e-01,-2.087332e-01,-2.870958e-03,0,-6.220937e-04
1.157515e-03,-1.067084e+00,2.481708e+00,-1.469389e+01,-4.368734e+00,4.038362e+00,8.184566e+00,1.680720e+00,-8.680332e+00,-1.851817e+00,-9.948857e-01,-6.947099e+00,4.898294e-02,3.052282e-02,0,6.306517e-01,-2.190759e-05,-9.590931e-02,4.849277e-01,-1.474310e-01,-1.104013e+00,-5.048767e-01,-1.367611e+00,1.622839e-01,3.347809e-01,2.093155e+00,1.692903e+00,-6.516927e-01,-9.327269e-01,-1.480810e-03,0,1.296997e-03
1.125044e-03,-1.308172e+00,2.278722e+00,-1.515000e+01,-5.119332e+00,3.735357e+00,7.247612e+00,1.574558e+00,-6.929985e+00,2.242884e+00,1.259385e+00,-7.170816e+00,-1.978314e+00,3.022061e-02,0,6.334773e-01,-6.399117e-06,1.851535e-03,-6.093494e-02,-1.038688e-01,-8.107595e-01,-8.725289e-01,-1.234017e+00,-2.513426e-01,1.711089e+00,2.407153e+00,1.445363e+00,-1.327247e-01,-7.573392e-01,6.346341e-04,0,8.630723e-03
1.131335e-03,-1.388834e+00,1.858000e+00,-1.511681e+01,-5.847513e+00,3.399861e+00,4.976843e+00,1.192621e+00,-2.661072e+00,4.814885e+00,1.091316e+00,-7.620168e+00,-3.254560e+00,3.384708e-02,0,6.494336e-01,1.924110e-05,2.640166e-01,-2.180360e-01,-3.363962e-02,-6.728674e-01,-1.270589e+00,-8.128812e-01,-8.913628e-01,1.980804e+00,1.339626e+00,1.165381e+00,1.121701e+00,1.675302e-01,1.390149e-03,0,1.617632e-02
1.186900e-03,-5.611990e-01,1.631661e+00,-1.513224e+01,-6.569440e+00,4.364955e-01,5.396299e+00,-5.654578e-01,-1.011042e+00,4.744556e+00,2.970773e+00,-5.211574e+00,-1.546795e+00,3.686915e-02,0,6.745472e-01,3.003946e-05,4.771422e-01,8.424113e-02,5.146379e-02,-5.430893e-01,-1.371504e+00,-2.433930e-01,-1.056682e+00,5.692898e-01,-9.059582e-02,1.369745e+00,2.167633e+00,1.116533e+00,-9.066202e-05,0,1.525247e-02
1.222792e-03,-1.204872e-01,1.715058e+00,-1.487096e+01,-7.008017e+00,-6.651545e-01,5.045816e+00,-1.706086e+00,-1.735782e+00,3.595477e+00,3.976323e+00,-2.318216e+00,6.708745e-01,3.414929e-02,0,6.909984e-01,1.571737e-05,4.129379e-01,5.615529e-01,1.559094e-01,-3.328513e-01,-7.617844e-01,8.206177e-02,-1.149356e+00,-1.143398e+00,-1.022433e+00,1.337570e+00,3.046128e+00,1.402525e+00,-1.390148e-03,0,8.990151e-03
1.229513e-03,4.433657e-01,2.771399e+00,-1.501560e+01,-7.254527e+00,-1.089654e+00,5.996161e+00,-2.259497e+00,-4.546181e+00,2.399608e+00,6.665609e+00,1.016374e+00,1.641632e+00,2.961620e-02,0,6.889573e-01,-1.807834e-05,1.110523e-01,9.044895e-01,4.936696e-01,7.732444e-02,1.646663e-01,-2.731991e-03,-1.008899e+00,-1.906232e+00,-1.420503e+00,8.789922e-01,2.768215e+00,5.230514e-01,-7.252952e-04,0,-1.197815e-03
1.188615e-03,1.735735e-01,4.095895e+00,-1.439558e+01,-7.169226e+00,3.540145e-01,5.087221e+00,-3.707142e+00,-6.610490e+00,8.751917e-01,5.931750e+00,4.496496e+00,2.163853e+00,3.052282e-02,0,6.871793e-01,-4.837524e-05,-1.478646e-01,9.653187e-01,9.004732e-01,2.819892e-01,2.970230e-01,-2.285575e-01,-7.138170e-01,-1.211546e+00,-1.306539e+00,1.783895e-02,1.686263e+00,-3.209058e-01,2.780296e-03,0,-5.172769e-02
1.113597e-03,-1.529681e-01,4.963690e+00,-1.290158e+01,-6.102213e+00,7.502422e-01,5.361937e+00,-4.609425e+00,-8.104846e+00,-9.978151e-01,6.388021e+00,5.222145e+00,3.219724e-01,3.505591e-02,0,6.704677e-01,-6.732831e-05,-4.343440e-01,6.771103e-01,1.172813e+00,4.533384e-01,-3.103510e-02,-5.585877e-01,2.177575e-01,3.667859e-01,-9.301343e-01,-7.230401e-01,-1.074402e-01,-6.174246e-01,6.618315e-03,0,-1.194918e-01
1.038874e-03,-5.616434e-01,5.445506e+00,-1.142561e+01,-6.174227e+00,-9.998798e-02,4.220141e+00,-4.100207e+00,-6.014179e+00,-1.238508e+00,4.204312e+00,4.010214e+00,-2.738248e-01,4.533092e-02,0,4.416047e-01,-6.990913e-05,-7.101106e-01,2.216260e-01,1.068573e+00,3.681417e-01,-6.630804e-01,-6.108073e-01,1.527070e+00,1.663234e+00,-2.496887e-01,-6.996934e-01,-1.494370e+00,-3.038083e-01,7.524933e-03,0,-1.830541e-01
9.677419e-04,-1.360746e+00,5.482145e+00,-1.063653e+01,-5.485334e+00,-1.017829e+00,3.636762e+00,-9.741769e-01,-3.010407e+00,-1.194213e+00,3.914127e+00,7.223139e-01,-2.266524e-01,5.530372e-02,0,2.142854e-01,-6.047195e-05,-1.084949e+00,-3.929528e-01,5.784733e-01,3.390786e-01,-6.988474e-01,-5.473670e-01,1.889538e+00,2.291052e+00,7.830917e-01,-5.477209e-01,-1.882971e+00,5.307450e-01,6.285887e-03,0,-1.782540e-01
9.119971e-04,-2.773091e+00,4.944798e+00,-1.018524e+01,-5.636958e+00,-2.077352e+00,2.895772e+00,2.110584e+00,-8.415387e-01,-2.750526e-01,3.670230e+00,-7.254372e-01,9.191244e-01,5.802358e-02,0,0,-4.282882e-05,-1.353748e+00,-8.736211e-01,4.280186e-03,3.047149e-01,-1.138159e-01,7.845493e-02,1.516982e+00,2.081338e+00,1.267325e+00,-4.185478e-01,-1.018407e+00,9.386746e-01,2.538532e-03,0,-1.097495e-01
8.746756e-04,-4.471989e+00,3.249280e+00,-1.062940e+01,-4.675455e+00,-1.755312e+00,3.287286e+00,1.732869e+00,7.640964e-01,2.435916e+00,3.916457e+00,-1.824886e+00,2.379223e+00,6.013902e-02,0,0,-2.468791e-05,-1.301342e+00,-1.126042e+00,-2.672106e-01,2.982770e-01,8.495083e-01,5.369967e-01,1.698898e-01,1.355491e+00,9.500341e-01,-9.196356e-01,2.716797e-02,1.071023e+00,-1.571473e-03,0,-4.285708e-02
8.712630e-04,-5.774763e+00,2.193833e+00,-1.140777e+01,-5.055592e+00,-3.003255e-01,4.787154e+00,2.131181e+00,2.505260e+00,3.283051e+00,2.110408e+00,1.917801e-01,3.116610e+00,5.560593e-02,0,0,-1.002013e-05,-9.923061e-01,-1.083060e+00,-2.571802e-01,4.277274e-01,1.296214e+00,7.024528e-01,-9.123588e-01,2.466810e-01,-1.334469e-01,-1.119627e+00,5.302390e-01,1.036873e+00,-4.049563e-03,0,0
8.646694e-04,-6.366622e+00,1.227419e+00,-1.136132e+01,-4.284632e+00,2.341199e+00,5.376055e+00,-1.350268e-01,2.093648e+00,1.776906e+00,9.586032e-02,3.995451e-01,4.029722e+00,4.865518e-02,0,0,-2.197438e-06,-6.174154e-01,-7.789124e-01,-4.558372e-02,2.062357e-01,9.218804e-01,3.079219e-01,-1.392501e+00,-8.189887e-01,-9.086080e-01,-9.548864e-01,1.001088e-01,8.987538e-01,-4.049562e-03,0,0
8.668996e-04,-6.787304e+00,5.404291e-01,-1.110519e+01,-3.693733e+00,2.355464e+00,5.363651e+00,-1.517262e+00,-2.729091e-01,-6.127823e-01,-1.760761e-02,8.135421e-01,5.278240e+00,4.351768e-02,0,0,-1.613109e-06,-3.354012e-01,-5.139376e-01,-1.533608e-01,1.768756e-01,1.318468e-01,3.731074e-02,-1.216977e+00,-1.327247e+00,-5.619088e-01,-2.796310e-01,-8.618376e-01,5.862278e-01,-2.719868e-04,0,0
8.658702e-04,-7.052795e+00,1.814201e-01,-1.100861e+01,-4.325206e+00,1.526194e+00,4.538647e+00,-3.405413e+00,-1.941763e+00,-1.592078e-01,2.060330e-01,-1.635223e+00,5.792177e+00,4.593533e-02,0,0,-3.497011e-06,-2.920229e-01,-2.471049e-01,-1.987717e-01,3.719887e-01,-7.034771e-02,9.038749e-02,-1.686734e-01,-8.752011e-01,1.083940e-01,1.092686e-01,-1.423138e+00,-2.324798e-01,1.813237e-03,0,0
8.625971e-04,-7.108683e+00,1.471440e-01,-1.235093e+01,-4.150927e+00,7.664111e-01,5.392412e+00,-2.318508e+00,-2.113271e+00,1.441563e+00,6.571661e-01,-3.100023e+00,5.166522e+00,5.560592e-02,0,0,-9.875750e-06,-2.346884e-01,2.371051e-02,9.862270e-02,8.658494e-01,5.371416e-01,1.313201e-01,6.214629e-01,1.189325e-01,4.202852e-01,3.304840e-01,-1.252236e+00,-1.534296e+00,1.359928e-03,0,0
8.493356e-04,-7.666048e+00,1.885365e-01,-1.173230e+01,-2.196091e+00,2.783987e+00,5.813612e+00,-5.777708e-01,-1.362177e+00,1.291703e+00,3.048166e-01,-4.759362e+00,2.923182e+00,5.167725e-02,0,0,-6.887084e-06,1.092407e-01,4.764756e-01,8.162209e-01,9.221454e-01,4.341974e-01,-3.937389e-01,9.245312e-01,1.082600e+00,3.230602e-01,5.401075e-01,-4.699756e-01,-2.246208e+00,-9.972795e-04,0,0
8.257881e-04,-7.654120e+00,6.554235e-01,-1.025023e+01,-4.290430e-01,4.412276e+00,5.382769e+00,1.762315e-01,3.196049e-02,7.631884e-01,1.585421e+00,-3.885570e+00,-9.587417e-01,4.744636e-02,0,0,3.189101e-05,9.763082e-01,8.742849e-01,1.182244e+00,2.125840e-01,-9.729429e-01,-1.482922e+00,4.928358e-01,1.687476e+00,5.653841e-01,1.654309e-01,6.329883e-01,-1.771039e+00,-3.566031e-03,0,4.277309e-02
8.498392e-04,-6.233873e+00,2.309658e+00,-7.977856e+00,-1.575421e+00,1.874249e+00,2.574774e+00,-3.012650e-02,2.398623e+00,1.795280e+00,2.442443e+00,-3.592328e+00,-2.376229e+00,4.502871e-02,0,0,7.873931e-05,1.906630e+00,1.006818e+00,1.010310e+00,-6.042460e-01,-3.191086e+00,-2.351518e+00,3.191986e-02,1.547511e+00,9.301688e-01,-1.768550e-01,1.363280e+00,-5.940922e-01,-4.986401e-03,0,1.070875e-01
1.021800e-03,-2.943229e+00,3.458008e+00,-8.316933e+00,-3.398341e+00,-3.643435e+00,-4.027777e-01,-1.281515e-01,4.443711e+00,4.016695e+00,4.155070e-01,-5.185983e-01,-1.038965e+00,4.110003e-02,0,2.138655e-01,1.056474e-04,2.181509e+00,6.950984e-01,6.876820e-01,-7.651900e-01,-4.120891e+00,-2.658720e+00,-2.754815e-01,9.095351e-01,6.690282e-01,-7.560973e-01,1.168769e+00,5.489330e-01,-6.829859e-03,0,1.722381e-01
1.145026e-03,-4.883420e-01,3.821335e+00,-7.647398e+00,-3.732671e+00,-9.143589e+00,-3.051204e+00,-2.659800e-01,4.169504e+00,4.315794e+00,5.498489e-03,3.735498e-01,-7.167181e-03,2.991840e-02,0,4.285046e-01,7.103737e-05,1.468123e+00,3.997528e-01,7.193042e-01,-3.723942e-01,-3.026035e+00,-2.207500e+00,-3.061228e-01,-1.834079e-01,-1.959845e-01,-5.025516e-01,4.883471e-01,7.122668e-01,-6.678755e-03,0,1.746018e-01
1.206432e-03,3.806584e-01,3.375077e+00,-6.977046e+00,-3.176368e+00,-1.068326e+01,-5.097843e+00,-1.083249e+00,3.694196e+00,2.848073e+00,-9.765937e-01,-2.466218e-02,6.013921e-01,2.085222e-02,0,6.469384e-01,7.873587e-06,4.323142e-01,3.390841e-01,8.393047e-01,-1.945599e-01,-1.092433e+00,-1.585534e+00,-3.733714e-01,-8.058687e-01,-9.527069e-01,1.597892e-02,-3.778996e-01,5.464183e-01,-3.898460e-03,0,1.138449e-01
1.112710e-03,-5.552034e-01,4.349888e+00,-5.051279e+00,-3.548379e+00,-9.736014e+00,-6.115196e+00,-1.083192e+00,1.856342e+00,1.399669e+00,6.257356e-01,-1.397561e+00,3.649260e-01,2.175884e-02,0,6.564727e-01,-2.816794e-05,-2.443281e-01,3.982300e-01,4.402479e-01,-1.914015e-01,2.423133e-01,-8.415645e-01,-2.518177e-01,-9.187381e-01,-8.127276e-01,-2.647781e-03,-2.495949e-01,2.903735e-01,6.044123e-04,0,5.168263e-02
1.077326e-03,-7.482274e-01,4.889152e+00,-5.418469e+00,-4.463287e+00,-8.809389e+00,-6.798452e+00,-1.586403e+00,1.570949e+00,7.112224e-01,1.852830e-01,-1.522541e+00,1.507079e+00,2.568752e-02,0,6.691059e-01,-2.612922e-05,-2.977863e-01,5.053867e-01,-1.024102e-01,-1.961877e-01,3.107452e-01,-2.240675e-01,-2.753428e-01,-6.027324e-01,-4.620422e-02,-2.695195e-01,3.567856e-01,-2.620640e-02,3.354488e-03,0,7.493019e-03
1.068739e-03,-1.145540e+00,5.055447e+00,-6.225447e+00,-4.046219e+00,-8.868958e+00,-6.408722e+00,-1.273492e+00,6.374372e-01,1.320581e+00,-5.886788e-01,-1.254854e-01,9.918565e-01,3.052282e-02,0,6.758339e-01,2.740964e-06,-3.216758e-02,3.804801e-01,-5.341406e-01,8.678841e-03,-3.445698e-01,8.865313e-02,-4.219331e-01,7.022548e-03,6.170667e-01,-8.705615e-01,5.705856e-01,-3.567840e-01,3.294047e-03,0,3.547406e-03
1.097771e-03,-8.131049e-01,5.549231e+00,-6.902012e+00,-3.908386e+00,-9.563063e+00,-6.071417e+00,-2.364813e+00,1.289986e+00,2.656596e+00,-1.716984e+00,1.123228e+00,1.568948e-01,3.324267e-02,0,6.747229e-01,8.771696e-06,-1.161341e-02,4.135125e-01,-7.523251e-02,2.444369e-01,-9.192566e-01,-3.554921e-02,-5.905621e-01,6.924859e-01,1.007880e+00,-6.476694e-01,3.590094e-01,-2.743846e-01,1.722575e-03,0,-6.542182e-03
1.116193e-03,-6.836025e-01,5.922249e+00,-6.980210e+00,-3.782435e+00,-1.108203e+01,-6.035448e+00,-2.803652e+00,2.031936e+00,3.512316e+00,-2.775939e+00,1.324826e-01,-7.439019e-01,3.445150e-02,0,6.714013e-01,-9.742798e-06,-3.136097e-01,4.221763e-01,3.898592e-01,1.759289e-01,-5.483470e-01,-2.196484e-02,-1.750580e-01,1.326452e+00,6.946974e-01,-2.350760e-01,2.763080e-01,5.403926e-01,1.722574e-03,0,-5.551337e-02
1.097458e-03,-1.037263e+00,6.523314e+00,-5.417250e+00,-3.372994e+00,-1.229914e+01,-7.162836e+00,-3.774133e+00,4.336129e+00,4.654753e+00,-1.959434e+00,1.435224e-01,1.003036e+00,3.233605e-02,0,6.386114e-01,7.251313e-06,-1.177235e+00,6.308981e-01,4.595937e-01,6.938681e-01,4.536256e-01,1.204598e-01,3.349245e-01,1.064509e+00,6.938727e-01,3.981771e-01,9.884337e-01,1.498982e+00,6.195226e-03,0,-1.219780e-01
1.020182e-03,-2.601509e+00,6.679287e+00,-5.018532e+00,-3.434271e+00,-1.024266e+01,-5.972837e+00,-1.444121e+00,5.746624e+00,3.794989e+00,-1.642833e+00,1.745907e+00,3.270749e+00,3.958900e-02,0,4.163228e-01,1.053449e-04,-2.137896e+00,9.861460e-01,-1.321557e-01,1.365724e+00,1.495745e+00,8.338610e-01,5.331336e-01,-6.636357e-03,2.470290e-01,6.158413e-01,1.874350e+00,1.558216e+00,1.320641e-02,0,-1.789042e-01
1.182033e-03,-5.740328e+00,8.325202e+00,-5.584883e+00,-6.131279e-01,-7.714620e+00,-5.500423e+00,-1.369956e+00,4.755187e+00,5.984623e+00,-2.926508e-01,5.258684e+00,5.644477e+00,6.165005e-02,0,1.923720e-01,2.513279e-04,-2.683997e+00,1.237290e+00,-1.003833e+00,1.854701e+00,1.428943e+00,1.051019e+00,7.121138e-02,-1.620042e+00,-1.648451e-01,3.327937e-01,2.166171e+00,5.432660e-01,1.755818e-02,0,-1.693546e-01
1.600630e-03,-9.021549e+00,9.952035e+00,-7.557172e+00,1.666249e+00,-5.895561e+00,-2.697349e+00,-1.340072e+00,1.789225e+00,4.082526e+00,-5.301237e-01,6.946650e+00,4.726458e+00,8.582654e-02,0,0,3.137019e-04,-2.323456e+00,1.208798e+00,-1.393884e+00,1.479059e+00,3.873758e-01,4.682311e-01,-1.000106e+00,-2.270121e+00,-8.795103e-01,-5.311316e-01,1.774752e+00,-6.902534e-01,1.375038e-02,0,-1.025018e-01
2.063874e-03,-1.124723e+01,1.107339e+01,-9.167096e+00,3.350250e+00,-7.327969e+00,-3.545483e+00,-3.470101e+00,-1.785384e+00,3.686759e+00,-8.518205e-01,8.374005e+00,2.991511e+00,9.700816e-02,0,0,2.033478e-04,-1.386059e+00,7.164585e-01,-1.086783e+00,5.456190e-01,-4.937424e-01,-5.347289e-01,-1.443229e+00,-1.698323e+00,-1.607917e+00,-1.346804e+00,1.165570e+00,-1.270451e+00,2.598972e-03,0,-3.847440e-02
2.147771e-03,-1.146534e+01,1.134918e+01,-1.019685e+01,1.979333e+00,-8.499103e+00,-4.609151e+00,-5.394577e+00,-2.333696e+00,5.463697e-01,-4.018906e+00,9.062009e+00,1.145965e+00,9.066183e-02,0,0,-1.132253e-05,-4.680817e-01,1.682146e-01,-2.889368e-01,-2.448772e-01,-6.340665e-01,-1.229371e+00,-1.344761e+00,-6.073217e-01,-1.726704e+00,-1.406299e+00,3.850869e-01,-5.885321e-01,-6.285888e-03,0,0
1.925202e-03,-1.144873e+01,1.120892e+01,-9.698961e+00,1.958425e+00,-8.881561e+00,-7.218166e+00,-6.558847e+00,-1.674966e+00,-2.868821e-01,-5.282279e+00,1.002886e+01,1.082469e+00,7.222726e-02,0,0,-1.983031e-04,2.922869e-02,-5.550599e-01,3.821413e-01,-8.734722e-01,-1.532454e-01,-6.895846e-01,-1.895413e-01,-7.576238e-02,-2.038789e+00,-6.133691e-01,-5.441329e-01,2.527173e-01,-6.920519e-03,0,0
1.613353e-03,-1.126121e+01,1.072534e+01,-8.735924e+00,1.137776e+00,-8.289097e+00,-7.007864e+00,-6.519505e+00,-1.302593e+00,-2.564173e+00,-5.346388e+00,8.044660e+00,2.738318e+00,6.678755e-02,0,0,-2.584746e-04,3.321861e-01,-1.296803e+00,5.806023e-01,-1.337816e+00,1.381488e-01,2.574630e-01,9.434690e-01,-3.101805e-01,-1.701855e+00,5.774606e-01,-1.223982e+00,9.450735e-01,6.346330e-04,0,3.405761e-02
1.339567e-03,-1.120315e+01,8.610009e+00,-7.986851e+00,-5.963319e-01,-8.199199e+00,-5.794050e+00,-3.855344e+00,-2.679747e+00,-4.951914e+00,-3.254925e+00,6.162015e+00,3.458921e+00,7.434271e-02,0,0,-2.284145e-04,6.958957e-01,-1.743540e+00,4.535740e-01,-1.717193e+00,2.290286e-01,1.085369e+00,1.481457e+00,-4.035136e-01,-1.564351e+00,1.029646e+00,-1.423001e+00,8.020515e-01,7.434270e-03,0,5.108642e-02
1.148215e-03,-9.927196e+00,6.164623e+00,-8.149890e+00,-3.432368e+00,-8.149540e+00,-4.033895e+00,-2.028983e+00,-3.382208e+00,-5.630392e+00,-2.145280e+00,4.875517e+00,4.683107e+00,9.277727e-02,0,1.702881e-01,-1.546945e-04,1.100179e+00,-1.359844e+00,9.122496e-01,-1.228118e+00,-2.085226e-01,1.045114e+00,1.375270e+00,3.808745e-01,-4.271543e-01,1.062016e+00,-1.141138e+00,-7.213140e-02,5.288606e-03,0,8.151583e-02
1.015698e-03,-8.636257e+00,4.771582e+00,-7.724108e+00,-4.342467e+00,-7.806197e+00,-3.278306e+00,-1.396821e+00,-2.652726e+00,-6.575529e+00,-1.734602e+00,4.498422e+00,4.120333e+00,9.640375e-02,0,1.702881e-01,-4.038627e-05,1.528488e+00,-5.347171e-01,1.153985e+00,-7.512861e-01,-7.901391e-01,9.689298e-01,1.243517e+00,1.851709e+00,7.500279e-01,5.151516e-01,-4.123298e-01,-1.268177e+00,-4.744637e-03,0,8.640917e-02
1.001815e-03,-7.043758e+00,5.845335e+00,-4.306047e+00,-3.129746e+00,-9.528211e+00,-3.040164e+00,-8.724155e-01,5.882692e-01,-3.888138e+00,-7.964673e-01,3.170768e+00,2.046956e+00,8.220006e-02,0,3.224351e-01,1.043232e-04,1.772187e+00,-1.468355e-01,1.030284e+00,-5.197879e-01,-1.425953e+00,8.529911e-01,1.374402e+00,3.439877e+00,1.863888e+00,-1.641434e-01,3.816906e-01,-2.495198e+00,-1.553339e-02,9.075574e+00,1.028301e-01
1.210836e-03,-5.002431e+00,6.096068e+00,-4.138845e+00,-4.504074e+00,-1.146056e+01,-1.446267e+00,1.783959e+00,4.593561e+00,-2.072902e+00,-1.353573e+00,4.952741e+00,-1.563890e+00,5.590813e-02,0,3.559724e-01,2.360222e-04,1.886748e+00,-7.593320e-01,-1.417817e-01,-6.644042e-01,-1.320953e+00,8.214861e-01,1.697131e+00,4.045479e+00,2.069638e+00,-7.982327e-01,5.632607e-01,-2.724107e+00,-1.864612e-02,2.278521e+01,1.288184e-01
1.572262e-03,-2.883173e+00,4.768202e+00,-4.791101e+00,-5.950504e+00,-1.345212e+01,-6.849585e-01,3.252636e+00,1.019403e+01,1.437734e+00,-3.156511e+00,6.556810e+00,-4.950771e+00,3.535812e-02,4.537787e+01,5.915965e-01,2.829328e-04,1.645323e+00,-1.789076e+00,-1.327894e+00,-4.541222e-01,-4.136859e-01,3.620579e-01,1.381253e+00,3.247586e+00,1.520249e+00,-1.120375e+00,-4.225697e-01,-1.839534e+00,-1.338773e-02,3.647874e+01,1.107743e-01
1.910586e-03,-1.282809e+00,1.513488e+00,-8.190490e+00,-6.254109e+00,-1.244901e+01,-3.484780e-01,5.026308e+00,1.277178e+01,1.109728e+00,-4.545743e+00,5.621704e+00,-6.001337e+00,2.659414e-02,9.123709e+01,6.797996e-01,2.016832e-04,1.279433e+00,-2.153450e+00,-1.466797e+00,7.521288e-01,4.920650e-01,-9.070568e-01,3.498453e-01,1.208904e+00,1.202600e+00,-4.597787e-01,-2.581599e+00,-4.750043e-01,-5.318828e-03,2.741918e+01,8.184817e-02
2.066605e-03,-6.769530e-01,-8.087568e-01,-8.919696e+00,-4.525340e+00,-1.110242e+01,-1.778769e+00,4.412675e+00,1.273709e+01,2.121795e+00,-4.802258e+00,7.234380e-01,-4.931991e+00,2.991840e-02,1.367751e+02,7.143931e-01,2.811687e-05,8.001876e-01,-1.295949e+00,-7.432815e-01,1.652731e+00,1.418406e+00,-1.924332e+00,-1.111266e+00,-9.198674e-01,9.368448e-01,5.283576e-01,-3.861482e+00,2.337168e-01,-6.648542e-04,4.805527e-02,1.956294e-02
1.972080e-03,2.916238e-01,-1.882705e+00,-9.408532e+00,-1.456012e+00,-1.017509e+01,-5.434645e+00,2.953166e+00,9.366554e+00,3.598067e+00,-2.829594e+00,-5.038568e+00,-3.948301e+00,3.203385e-02,9.139728e+01,7.038149e-01,-1.555397e-04,4.119263e-01,3.208200e-01,3.237034e-01,1.763174e+00,1.796428e+00,-2.302307e+00,-2.239894e+00,-1.918944e+00,8.043740e-01,1.215865e+00,-2.881172e+00,-2.030024e-01,-1.208825e-04,-2.737113e+01,-1.019140e-02
1.682099e-03,3.305486e-01,-1.344633e-02,-7.898488e+00,-8.589852e-02,-7.497051e+00,-7.763537e+00,-1.267126e+00,7.297312e+00,4.877789e+00,-1.372798e+00,-7.420464e+00,-4.808704e+00,2.931399e-02,4.553805e+01,6.774035e-01,-2.631338e-04,-3.116137e-02,1.603484e+00,9.203189e-01,1.164766e+00,2.004862e+00,-1.219741e+00,-2.329316e+00,-1.715938e+00,-3.231931e-02,1.254287e+00,-6.021137e-01,-9.773781e-01,-1.118162e-03,-3.649476e+01,-2.166734e-02
1.325140e-03,2.730719e-01,2.719933e+00,-7.082577e+00,3.420402e-01,-5.269546e+00,-8.867629e+00,-3.333261e+00,5.896951e+00,3.753601e+00,-1.811482e-01,-4.712204e+00,-7.077991e+00,2.629193e-02,0,6.473374e-01,-2.536636e-04,-4.432136e-01,1.854429e+00,1.079773e+00,4.572232e-01,1.564695e+00,2.983532e-01,-1.295829e+00,-1.006724e+00,-9.691523e-01,6.235598e-01,1.479722e+00,-8.416324e-01,-5.741909e-04,-2.283326e+01,-6.100255e-02
1.074406e-03,-8.234839e-01,4.907342e+00,-5.481079e+00,3.994646e-01,-3.530876e+00,-6.160983e+00,-4.090693e+00,5.892197e+00,1.882431e+00,1.449550e-01,-2.450312e+00,-8.254036e+00,2.719855e-02,0,6.342952e-01,-1.670336e-04,-6.660997e-01,1.134136e+00,9.815073e-01,1.196002e-01,4.898474e-01,8.542942e-01,5.523903e-02,-4.639494e-01,-1.452863e+00,3.748433e-02,1.491111e+00,2.636759e-01,1.541252e-03,-9.107611e+00,-7.555161e-02
1.007609e-03,-1.347428e+00,4.929045e+00,-5.218373e+00,5.874231e-01,-4.334702e+00,-4.744156e+00,-2.114193e+00,5.035490e+00,2.499840e-01,-4.706713e-01,-1.250332e-01,-6.433797e+00,3.022061e-02,0,4.203564e-01,-7.380485e-05,-6.062944e-01,5.415179e-01,8.674992e-01,-7.327815e-02,-5.213343e-01,4.067357e-01,7.074447e-01,-2.062616e-01,-1.363181e+00,-2.145616e-01,6.620687e-01,1.566393e+00,2.538532e-03,0,-1.113569e-01
1.005697e-03,-2.189700e+00,4.552676e+00,-3.923053e+00,3.894110e-01,-5.515236e+00,-5.553802e+00,-1.600464e+00,5.408295e+00,-6.347204e-01,-1.040615e+00,-2.258496e+00,-3.812422e+00,3.505591e-02,0,4.131360e-01,-1.600366e-05,-3.023421e-01,2.783358e-01,4.701101e-01,-8.380436e-02,-8.182243e-01,-2.488981e-01,7.118564e-01,-4.244470e-01,-9.475101e-01,-2.033610e-01,-8.087385e-03,1.986760e+00,2.417649e-03,0,-1.085549e-01
9.904703e-04,-2.075292e+00,5.604855e+00,-3.524094e+00,-1.932383e-02,-6.884037e+00,-7.137541e+00,-1.041152e+00,5.107594e+00,-1.803728e+00,-6.611710e-01,-1.497768e+00,-1.466834e+00,3.505591e-02,0,2.011324e-01,-7.765566e-06,-3.373746e-02,3.802261e-01,-4.233570e-02,1.299621e-01,-1.118863e-01,3.210659e-01,1.577812e-01,-7.474423e-01,-5.722090e-01,9.531571e-02,-3.001789e-01,1.304735e+00,1.752794e-03,0,-1.052716e-01
1.002957e-03,-1.971263e+00,5.961116e+00,-3.977668e+00,2.838162e-01,-6.347331e+00,-6.208781e+00,-1.067932e+00,3.733910e+00,-1.828264e+00,-7.766001e-01,-1.804381e+00,-8.037158e-01,3.686914e-02,0,2.011324e-01,-1.166530e-05,1.232118e-01,1.625198e-01,-6.430413e-01,3.764347e-01,9.503425e-01,1.629417e+00,-2.109587e-02,-1.430879e+00,-5.168495e-01,-1.232566e-02,4.118722e-02,1.623854e-01,9.670593e-04,0,-1.027404e-01
9.701508e-04,-1.625334e+00,6.125955e+00,-5.402744e+00,1.290031e+00,-4.478086e+00,-2.811338e+00,-1.591553e+00,2.135471e+00,-2.014289e+00,-1.261001e-01,-1.852985e+00,-1.414476e+00,3.807797e-02,0,0,-1.535449e-05,1.311493e-01,-9.726062e-02,-8.731822e-01,7.451570e-03,1.495574e+00,2.027420e+00,-9.791563e-02,-1.360424e+00,-5.169770e-01,-2.223295e-01,8.943444e-02,-4.684325e-01,7.555153e-04,0,-6.033972e-02
9.575298e-04,-1.798620e+00,5.104725e+00,-6.198935e+00,1.616907e+00,-1.966498e+00,4.301831e-01,-1.430743e+00,-2.600381e-01,-3.113687e+00,-1.369779e+00,-1.874952e+00,-3.026674e+00,3.838018e-02,0,0,-1.774736e-05,-4.585455e-02,-9.610243e-02,-7.077309e-01,-5.499414e-01,1.222293e+00,1.060260e+00,1.035041e-01,-5.432577e-01,-7.686462e-02,-4.594645e-02,5.436299e-01,-2.600289e-01,-3.626466e-04,0,-4.022648e-02
9.364116e-04,-1.505867e+00,5.546748e+00,-6.779372e+00,-6.486115e-01,-1.596581e+00,-3.199234e-01,-1.349324e+00,3.024500e-01,-3.745901e+00,-1.476229e+00,-1.015311e+00,-2.697517e+00,3.807797e-02,0,0,-1.085135e-05,-3.030617e-01,6.864047e-02,-2.629324e-01,-9.905233e-01,2.726434e-01,-6.680409e-01,3.250867e-01,1.164907e+00,1.083802e+00,3.668943e-01,8.446932e-01,8.285009e-01,-4.533086e-04,0,0
9.310900e-04,-2.260269e+00,5.770208e+00,-6.828009e+00,-1.496570e+00,-1.676616e+00,-2.153190e+00,-6.715260e-01,1.934132e+00,-1.346781e+00,-3.312677e-01,4.949313e-01,-1.462340e+00,3.505591e-02,0,0,-4.365470e-06,-3.866867e-01,1.171120e-01,2.062275e-01,-5.660657e-01,-8.048328e-01,-1.484682e+00,1.130528e-01,2.215929e+00,2.106557e+00,8.959824e-01,6.292803e-01,1.660885e+00,3.725290e-10,0,0
9.291139e-04,-2.909818e+00,6.136416e+00,-6.402869e+00,-2.105847e+00,-3.259810e+00,-4.859856e+00,-3.457279e-01,6.862920e+00,2.521270e+00,1.189116e+00,1.185539e+00,1.945861e+00,3.747356e-02,0,0,8.954451e-06,-3.437384e-01,-2.652786e-01,1.217860e+00,3.907444e-01,-1.726138e+00,-7.770674e-01,-4.400752e-02,1.224650e+00,2.314263e+00,4.502323e-01,-5.759443e-01,1.826226e+00,8.461766e-04,0,3.325355e-02
9.393513e-04,-3.030078e+00,5.395451e+00,-5.356049e+00,-4.848033e-01,-5.159048e+00,-4.723263e+00,-1.367277e+00,7.539369e+00,4.285515e+00,1.777461e+00,1.710246e-01,2.956062e+00,3.868238e-02,0,0,2.154445e-05,-3.586807e-01,-5.328019e-01,2.154968e+00,5.329965e-01,-1.997840e+00,1.090943e+00,-6.940007e-03,-1.025359e+00,1.311526e+00,-4.486059e-01,-2.069739e+00,1.150111e+00,2.780295e-03,0,8.071955e-02
9.770532e-04,-2.839654e+00,4.407733e+00,-1.426054e+00,7.992275e-01,-8.486053e+00,-2.920223e+00,-1.221486e+00,3.623082e+00,5.009266e+00,-2.794317e-01,-3.733079e+00,4.224410e+00,4.049562e-02,0,1.662677e-01,3.106245e-05,-9.366735e-01,-4.813080e-01,2.401333e+00,-3.236447e-01,-1.541032e+00,2.510421e+00,2.940983e-01,-2.585754e+00,1.819544e-01,-1.275952e+00,-2.892591e+00,2.433628e-01,3.294046e-03,0,1.319344e-01
1.014843e-03,-4.088754e+00,3.970540e+00,1.458424e+00,-2.841244e-01,-9.052693e+00,2.331710e+00,-2.683468e-01,-1.572744e+00,3.966850e+00,-1.840023e+00,-7.394455e+00,3.148943e+00,4.744636e-02,0,3.204639e-01,3.555261e-05,-1.635936e+00,9.541450e-02,1.407303e+00,-1.795783e+00,-6.295688e-01,2.136602e+00,9.720348e-01,-1.566662e+00,-5.736941e-01,-1.167346e+00,-2.172474e+00,-3.941702e-01,1.148383e-03,0,1.319141e-01
1.046680e-03,-7.063848e+00,4.442331e+00,2.196560e+00,-3.824410e+00,-9.018149e+00,4.164764e+00,5.752983e-01,-1.509794e+00,3.590374e+00,-3.381902e+00,-9.494678e+00,3.066234e+00,4.956180e-02,0,4.994402e-01,4.847571e-05,-2.123872e+00,6.741633e-01,-7.550730e-01,-2.422386e+00,3.525425e-01,4.437558e-01,1.573159e+00,8.326095e-01,-8.391875e-01,-1.934031e-01,-8.298811e-01,-1.042153e+00,-3.112722e-03,0,8.672830e-02
1.082301e-03,-9.097661e+00,5.855224e+00,-1.308420e-01,-7.151898e+00,-8.040844e+00,2.417254e+00,2.594504e+00,2.272498e+00,2.126491e+00,-2.508036e+00,-7.810547e+00,1.564298e+00,3.989121e-02,0,4.929843e-01,6.175693e-05,-1.928996e+00,8.416875e-01,-2.213660e+00,-1.880790e+00,6.237125e-01,-1.500027e+00,1.892026e+00,2.221418e+00,-9.495543e-01,8.468322e-01,5.139024e-01,-1.395430e+00,-5.167724e-03,0,4.262650e-03
1.185703e-03,-1.095456e+01,6.836208e+00,-4.406785e+00,-7.878818e+00,-7.229266e+00,-7.442166e-01,5.212883e+00,5.863508e+00,1.733508e+00,-9.124405e-01,-7.674438e+00,-1.940302e-01,2.870958e-02,0,5.136490e-01,6.244909e-05,-1.299414e+00,5.815710e-01,-2.610761e+00,-1.116139e+00,6.297416e-01,-2.293422e+00,1.231305e+00,1.834720e+00,-1.126176e+00,1.136573e+00,8.939375e-01,-1.653746e+00,-3.626466e-04,0,-8.074703e-02
1.254116e-03,-1.178838e+01,6.982039e+00,-6.308205e+00,-7.660872e+00,-6.828573e+00,-2.713937e+00,6.872992e+00,5.847693e+00,1.475119e-01,1.159407e+00,-5.735064e+00,-2.198075e+00,3.203385e-02,0,3.346727e-01,4.184349e-05,-5.537016e-01,-8.368464e-02,-2.019570e+00,-6.557648e-01,7.792770e-01,-2.286091e+00,-3.512854e-01,-7.885642e-02,-1.025819e+00,4.170980e-01,4.240658e-01,-8.503298e-01,8.522213e-03,0,-9.762055e-02
1.273018e-03,-1.221556e+01,6.786779e+00,-7.768566e+00,-9.150617e+00,-6.475577e+00,-4.736749e+00,4.592582e+00,5.876209e+00,-1.051015e+00,4.672398e-01,-6.062733e+00,-3.321307e+00,5.167725e-02,0,1.748608e-01,-1.443352e-06,1.087637e-01,-4.974989e-01,-7.923712e-01,-2.824009e-01,1.050123e+00,-1.646309e+00,-1.322635e+00,-1.305157e+00,-6.288680e-01,-5.713258e-01,-3.746166e-02,1.465334e-01,1.308553e-02,0,-8.391437e-02
1.247860e-03,-1.123567e+01,5.461515e+00,-8.547804e+00,-9.794823e+00,-4.521304e+00,-7.016933e+00,1.148228e+00,1.871866e+00,-1.610344e+00,-1.112387e+00,-6.496071e+00,-1.123712e+00,7.101844e-02,0,1.742757e-01,-3.581246e-05,3.526503e-01,-7.041858e-01,-3.871679e-01,2.521969e-01,1.528039e+00,-8.039392e-01,-8.760478e-01,-1.069077e+00,1.716036e-03,-9.300427e-01,9.394025e-03,1.161747e+00,8.038685e-03,0,1.096416e-03
1.181614e-03,-1.068710e+01,5.108975e+00,-7.248842e+00,-8.223847e+00,-3.132285e+00,-6.824265e+00,1.462091e+00,1.325639e+00,-5.319039e-01,-2.633172e+00,-7.481243e+00,1.455387e-03,7.464492e-02,0,1.742757e-01,-6.325382e-05,2.833592e-01,-6.493537e-01,3.633081e-01,1.001081e+00,1.305005e+00,-4.392700e-02,3.691178e-01,5.484530e-01,4.600879e-01,-4.608080e-01,6.838682e-01,1.196237e+00,-4.895738e-03,0,1.487933e-02
1.120756e-03,-1.078936e+01,4.300012e+00,-8.503906e+00,-6.863272e+00,-8.600256e-01,-5.689875e+00,4.057999e+00,2.777594e+00,-1.034634e-01,-1.940600e+00,-4.978838e+00,1.949279e+00,6.074343e-02,0,3.404473e-01,-6.690835e-05,2.087083e-01,-6.236938e-01,2.399114e-01,9.564718e-01,7.974066e-01,4.280004e-01,1.026307e+00,2.553039e+00,9.597567e-01,4.274512e-01,1.365074e+00,1.009284e+00,-1.644001e-02,0,-2.431212e-03
1.020301e-03,-1.102192e+01,4.120762e+00,-5.973974e+00,-5.610987e+00,-1.781188e+00,-5.619913e+00,4.983286e+00,8.165610e+00,4.959848e-01,-1.422694e+00,-3.402008e+00,1.123384e+00,3.233606e-02,0,1.661717e-01,-5.726817e-05,3.585842e-01,-7.674227e-01,6.907602e-02,5.122814e-01,2.618164e-01,5.522161e-01,3.485801e-01,3.050931e+00,1.375415e+00,9.862553e-01,1.446166e+00,1.156931e+00,-1.976428e-02,0,-5.228271e-02
9.939750e-04,-1.002472e+01,2.837153e+00,-7.985681e+00,-6.318894e+00,-1.209819e+00,-5.479107e+00,4.519166e+00,1.121707e+01,2.674495e+00,4.196298e-01,-1.710321e+00,3.361741e+00,9.972801e-03,0,1.661717e-01,-4.260765e-05,7.578670e-01,-3.564440e-01,2.597709e-01,1.349032e-01,-9.105883e-02,6.664402e-01,-7.061753e-01,2.032733e+00,1.770918e+00,1.221230e+00,7.139447e-01,8.978798e-01,-1.423391e-02,0,-8.470663e-02
9.586636e-04,-9.276496e+00,2.003291e+00,-7.162574e+00,-5.934629e+00,-1.648306e+00,-4.168568e+00,2.974407e+00,1.236055e+01,4.956192e+00,1.117989e+00,-1.884672e+00,5.079879e+00,1.208824e-03,0,0,-3.968785e-06,1.324143e+00,1.154615e-01,3.493156e-02,-1.310748e-01,-1.058816e-01,4.475248e-01,-1.389104e+00,1.720138e-01,1.465216e+00,7.850887e-01,1.863094e-01,6.291692e-01,-4.170445e-03,0,-5.130122e-03
9.385366e-04,-7.872736e+00,3.576527e+00,-6.610752e+00,-6.026935e+00,-1.381761e+00,-3.083346e+00,1.531561e+00,1.084379e+01,6.521025e+00,2.895206e+00,-2.167783e+00,4.460430e+00,5.137504e-03,0,0,6.238976e-05,1.899643e+00,6.700786e-01,1.182488e-01,-1.587487e-01,-3.645589e-01,-5.063094e-01,-1.638710e+00,-1.005909e+00,5.752362e-01,5.835138e-02,-3.660636e-01,-4.088098e-01,3.807797e-03,9.109568e+00,8.104058e-02
1.028177e-03,-5.477192e+00,4.328382e+00,-6.486781e+00,-6.412341e+00,-2.224625e+00,-4.580169e+00,-4.684298e-01,9.212323e+00,5.898800e+00,1.264962e+00,-2.241730e+00,3.719886e+00,1.390148e-02,0,2.236069e-01,1.389394e-04,2.360896e+00,5.598012e-01,-1.074343e+00,-2.209700e-01,-3.252342e-01,-1.994975e+00,-1.646489e+00,-9.736007e-01,-1.704703e-01,-6.632463e-01,-1.434227e-01,-8.012655e-01,6.950740e-03,2.259001e+01,1.853040e-01
1.271167e-03,-2.426153e+00,5.025000e+00,-7.732334e+00,-6.873782e+00,-2.744454e+00,-7.804854e+00,-1.952965e+00,7.761646e+00,5.079372e+00,6.379002e-01,-3.362109e+00,1.997689e+00,2.266546e-02,4.554784e+01,4.595711e-01,1.727056e-04,2.173509e+00,3.180780e-02,-1.852607e+00,-5.435114e-02,-2.137157e-01,-2.487769e+00,-1.754438e+00,-1.852304e-01,-3.411491e-01,-9.970497e-01,8.859746e-02,-8.179024e-01,5.500151e-03,3.592180e+01,1.893565e-01
1.487045e-03,-1.953076e-01,4.078061e+00,-1.197350e+01,-6.616056e+00,-2.593131e+00,-1.178269e+01,-3.515775e+00,9.033620e+00,4.824667e+00,-1.069589e+00,-2.004622e+00,2.304922e+00,2.719855e-02,9.017615e+01,6.967344e-01,1.274356e-04,1.451347e+00,-1.703055e-01,-1.990514e+00,1.058220e-01,1.634446e-01,-1.549615e+00,-1.702290e+00,2.894073e-01,2.664957e-02,-6.684726e-01,2.318004e-01,-9.665974e-01,2.326987e-03,3.547475e+01,1.221189e-01
1.572630e-03,3.538658e-01,3.860727e+00,-1.313043e+01,-6.196833e+00,-2.266086e+00,-1.192093e+01,-5.716954e+00,1.000699e+01,5.352346e+00,-9.227667e-01,-1.843350e+00,1.078400e+00,2.598972e-02,1.345209e+02,7.102190e-01,2.917147e-05,5.325900e-01,-4.172381e-01,-9.759678e-01,5.576237e-01,-1.191039e-01,2.443408e-01,-8.337964e-01,1.494004e-01,1.793498e-01,-1.966090e-01,7.199349e-01,-9.088331e-01,-3.324268e-04,1.281333e+01,4.011709e-02
1.514623e-03,3.895359e-01,4.058991e+00,-1.374030e+01,-6.221705e+00,-1.646586e+00,-1.027021e+01,-7.097884e+00,9.536690e+00,5.895561e+00,-1.297068e+00,-1.842108e+00,-6.534567e-01,2.387428e-02,1.328872e+02,7.088774e-01,-2.194496e-05,-2.546718e-01,-4.846142e-01,6.719685e-01,7.773174e-01,-5.933301e-01,1.748981e+00,5.388125e-01,-4.948671e-01,1.686285e-01,6.351935e-01,1.015757e+00,-9.831156e-01,-5.741911e-04,-1.387860e+01,-2.245746e-02
1.403236e-03,-5.562460e-02,2.948344e+00,-1.172877e+01,-4.282838e+00,-3.813246e+00,-7.339392e+00,-4.330893e+00,8.257113e+00,5.440674e+00,-2.314052e-01,1.563077e-01,-1.067287e+00,2.266546e-02,8.825893e+01,6.540851e-01,-1.448259e-05,-4.168840e-01,-6.753705e-01,1.286374e+00,7.382280e-01,-1.049280e+00,1.699518e+00,1.143438e+00,-5.103886e-01,3.415762e-01,8.199468e-01,1.119481e+00,-3.859176e-01,1.420369e-03,-2.728640e+01,-2.907591e-02
1.462018e-03,-1.263921e+00,2.111181e+00,-9.314487e+00,-3.686466e+00,-4.786201e+00,-5.328557e+00,-1.514743e+00,7.434221e+00,5.623645e+00,1.760697e+00,2.074332e+00,-1.537812e+00,2.598973e-02,4.391414e+01,6.125141e-01,3.180873e-05,-1.762336e-01,-6.841186e-01,1.042714e+00,-2.051566e-01,-5.726613e-01,1.201180e+00,2.026179e-01,7.277832e-02,8.815660e-01,5.019398e-01,3.549884e-01,2.256307e-01,3.535811e-03,-1.416276e+01,-1.247854e-02
1.526520e-03,-9.038257e-01,1.457780e+00,-8.911466e+00,-3.773313e+00,-5.942677e+00,-5.894167e+00,-2.791332e+00,8.506278e+00,7.196185e+00,1.648085e+00,1.795835e+00,-4.090106e-01,3.203385e-02,4.257547e+01,6.130211e-01,4.723465e-05,3.741473e-01,-4.534071e-01,-1.397579e-01,-1.366420e+00,4.730095e-01,6.026155e-01,-1.514965e+00,7.053365e-01,1.619676e+00,-4.086195e-01,-1.130854e+00,3.612332e-01,5.016622e-03,1.176704e+01,1.489638e-02
1.612024e-03,-6.753143e-02,1.383680e+00,-9.935384e+00,-7.502251e+00,-3.445178e+00,-4.986920e+00,-6.854575e+00,9.775999e+00,9.425636e+00,2.728861e-01,-8.869291e-01,1.455587e-01,3.686914e-02,8.491517e+01,6.670167e-01,1.059738e-05,7.327876e-01,-2.572945e-01,-1.041965e+00,-1.664654e+00,1.231552e+00,7.575632e-01,-1.887888e+00,6.539802e-02,1.457658e+00,-4.744508e-01,-1.981242e+00,1.521775e-02,3.928680e-03,2.464913e+01,2.653500e-02
1.564406e-03,1.216917e+00,1.045059e+00,-1.211711e+01,-9.207047e+00,-2.118710e+00,-4.497134e+00,-9.235803e+00,1.061291e+01,1.163806e+01,-1.530597e+00,-4.017331e+00,-1.028063e-01,4.230886e-02,1.265936e+02,7.013157e-01,-1.331109e-05,6.389663e-01,5.169181e-02,-1.346500e+00,-1.197555e+00,1.266300e+00,1.328829e+00,-8.679937e-01,-1.488325e+00,6.845133e-01,2.418603e-01,-1.825690e+00,-8.723719e-01,1.994561e-03,2.037278e+01,2.132469e-02
1.496062e-03,1.339645e+00,1.031069e+00,-1.292149e+01,-9.292869e+00,-5.404246e-01,-2.239258e+00,-7.731947e+00,6.707897e+00,1.069100e+01,9.777837e-01,-4.925294e+00,-1.614825e+00,4.049562e-02,1.251507e+02,7.010418e-01,-1.227969e-05,4.623874e-01,3.913769e-01,-1.349236e+00,-7.887020e-02,5.086748e-01,1.582055e+00,4.714866e-01,-2.996929e+00,-4.752678e-01,1.179350e+00,-8.969151e-01,-1.491605e+00,-1.118162e-03,7.653292e+00,8.917809e-03
1.517946e-03,1.587417e+00,1.892545e+00,-1.415091e+01,-8.865780e+00,-1.063555e+00,-6.238540e-01,-6.692615e+00,2.598706e+00,9.986070e+00,2.504937e+00,-5.313430e+00,-3.890678e+00,4.019341e-02,1.243216e+02,7.026320e-01,2.684560e-05,2.600357e-01,5.614601e-01,-1.125789e+00,3.838080e-01,-7.866281e-03,2.097923e+00,1.193328e+00,-3.308827e+00,-1.376556e+00,1.380630e+00,1.345948e-01,-1.534366e+00,-3.233605e-03,-3.965347e-01,3.973854e-03
1.573856e-03,2.059156e+00,2.916822e+00,-1.566466e+01,-8.067235e+00,-1.429381e+00,9.867147e-01,-5.768735e+00,-1.201545e+00,7.875291e+00,4.151867e+00,-4.723455e+00,-5.418530e+00,3.233605e-02,1.243176e+02,7.109476e-01,7.212775e-05,2.768813e-01,3.765858e-01,-1.071656e+00,2.435854e-01,-2.564280e-01,2.160093e+00,1.296156e+00,-2.081820e+00,-1.630355e+00,8.894340e-01,4.644331e-01,-9.777598e-01,-3.958900e-03,1.490135e-01,5.045789e-03
1.659737e-03,2.157340e+00,2.909483e+00,-1.637447e+01,-7.900823e+00,-1.713563e+00,4.379496e+00,-4.250770e+00,-1.976506e+00,6.163130e+00,3.785509e+00,-3.445276e+00,-5.872785e+00,3.022061e-02,1.250275e+02,7.162321e-01,9.613419e-05,2.261564e-01,7.278433e-02,-7.979609e-01,-3.329992e-01,-1.882031e-01,2.147290e+00,1.507537e+00,-8.734933e-01,-1.852112e+00,6.279804e-01,9.630455e-01,-1.916804e-01,-3.686915e-03,4.907997e-01,4.799044e-03
1.785805e-03,2.439090e+00,2.405529e+00,-1.716799e+01,-8.557420e+00,-1.497560e+00,6.059532e+00,-2.472090e+00,-1.413599e+00,4.450696e+00,4.784668e+00,-3.537206e+00,-5.512571e+00,2.568752e-02,1.255428e+02,7.194707e-01,1.198984e-04,-2.800080e-01,1.951723e-01,-7.551126e-01,-7.310539e-01,-3.255138e-01,1.552626e+00,1.404198e+00,-2.665571e-02,-1.333126e+00,2.332637e-02,1.560293e+00,1.406766e-01,-8.159565e-04,1.236702e-01,-9.567326e-03
1.892642e-03,2.528232e+00,2.512113e+00,-1.738905e+01,-1.028568e+01,-1.970481e+00,7.576185e+00,-8.032522e-01,-1.662733e+00,2.437806e+00,5.328438e+00,-1.091328e+00,-4.802060e+00,2.508310e-02,1.261630e+02,7.223657e-01,1.345020e-04,-9.243601e-01,2.604224e-01,-7.945865e-01,-2.076725e-01,-8.388904e-01,2.052028e-01,1.058118e+00,-4.983582e-01,-8.471624e-01,-3.553249e-01,2.328484e+00,9.784222e-02,2.085221e-03,-1.676102e-01,-2.373120e-02
2.056895e-03,4.736699e-01,4.091368e+00,-1.893293e+01,-1.053007e+01,-2.928492e+00,7.151502e+00,-4.715036e-01,-1.491710e+00,3.072322e+00,3.497034e+00,1.901038e+00,-5.250510e+00,3.082502e-02,1.243683e+02,6.600441e-01,1.131552e-04,-1.138813e+00,3.320203e-01,-6.121189e-01,6.744085e-02,-1.204797e+00,-5.594342e-01,3.397903e-01,-8.709189e-01,-3.734810e-01,-7.852800e-01,2.684638e+00,1.981053e-01,4.200665e-03,-2.312561e-01,-2.762569e-02
2.196702e-03,-1.481750e+00,3.368675e+00,-1.946494e+01,-7.952858e+00,-5.192550e+00,4.859525e+00,3.952498e-02,-4.429241e+00,2.616505e+00,2.652702e+00,5.478020e+00,-5.514605e+00,3.807797e-02,1.247767e+02,6.272894e-01,5.420141e-05,-4.530074e-01,9.750755e-02,-1.346645e-02,-3.019989e-01,-1.168023e+00,-9.503732e-01,-2.519620e-01,-1.017731e+00,-4.827137e-01,-2.917614e-01,1.758451e+00,7.690738e-01,2.387428e-03,3.667931e-01,-8.412415e-03
2.199551e-03,-1.249984e+00,3.637349e+00,-1.919065e+01,-9.386628e+00,-5.910509e+00,4.620691e+00,-1.194527e+00,-4.384939e+00,2.493941e+00,2.196136e+00,6.601308e+00,-4.165772e+00,4.019341e-02,1.250797e+02,6.288804e-01,-5.721860e-05,7.309878e-01,2.391557e-01,9.019316e-01,-1.493473e+00,-7.342107e-01,-6.148384e-01,-4.324735e-01,-3.814196e-01,-8.636840e-01,3.201874e-01,5.354153e-01,1.758305e+00,-2.024782e-03,9.064003e-01,2.065287e-02
2.092321e-03,1.125022e+00,3.226660e+00,-1.732753e+01,-1.236740e+01,-6.319589e+00,4.089725e+00,-1.701550e+00,-5.304775e+00,3.134280e-01,4.520080e+00,5.350794e+00,-1.499059e+00,3.233605e-02,1.276412e+02,6.958855e-01,-1.575004e-04,1.158008e+00,6.322495e-01,1.382720e+00,-1.775520e+00,-5.339589e-02,-3.102983e-01,-3.470327e-01,4.287948e-01,-6.101785e-01,3.569879e-01,-6.600081e-01,2.436235e+00,-5.288607e-03,6.675659e-01,2.913191e-02
1.822992e-03,2.825223e+00,5.358154e+00,-1.549198e+01,-1.579017e+01,-6.036026e+00,4.462211e+00,-1.763333e+00,-2.961041e+00,-9.455975e-02,4.164282e+00,4.641727e+00,1.533242e+00,2.357207e-02,1.274680e+02,7.290104e-01,-2.076408e-04,7.434831e-01,6.861723e-01,1.331872e+00,-5.215650e-01,4.364194e-01,-2.691202e-01,-8.099148e-02,8.035995e-01,7.265436e-03,-1.708774e-01,-8.424094e-01,2.349571e+00,-4.805078e-03,-8.225786e+00,1.876209e-02
1.597479e-03,2.270687e+00,5.669520e+00,-1.440067e+01,-1.362869e+01,-5.396771e+00,3.387274e+00,-1.411235e+00,-2.997216e+00,8.598630e-01,3.453568e+00,3.157770e+00,3.817062e+00,1.994560e-02,1.269204e+02,7.228839e-01,-1.893087e-04,6.854173e-02,4.983618e-01,6.160012e-01,8.736701e-01,9.184294e-01,2.537110e-01,2.643121e-01,1.059427e+00,6.999606e-01,-7.600082e-01,-6.434139e-01,1.516635e+00,-9.066180e-04,-2.143393e+01,-1.458466e-03
1.408768e-03,1.894599e+00,5.846781e+00,-1.399472e+01,-1.136381e+01,-4.189821e+00,3.626315e+00,-1.744642e+00,-1.520721e+00,2.257051e+00,1.875005e+00,3.485773e+00,4.924024e+00,2.236325e-02,8.431117e+01,7.091916e-01,-1.268248e-04,-2.628736e-01,-1.490972e-01,-1.745522e-01,1.675215e+00,1.517534e+00,9.218218e-01,9.358026e-01,9.533914e-01,8.855637e-01,-6.282669e-01,-8.414642e-01,2.462599e-01,3.626474e-03,-3.398064e+01,-1.231124e-02
1.352890e-03,1.933043e+00,5.474155e+00,-1.499615e+01,-1.021223e+01,-2.650544e+00,5.776227e+00,-3.893355e-01,-7.278023e-01,2.637426e+00,1.864677e+00,2.711702e+00,4.388726e+00,2.840737e-02,4.205000e+01,6.985025e-01,-8.700656e-05,-2.952076e-01,-2.383199e-01,-4.678083e-01,1.263875e+00,1.969444e+00,1.306930e+00,1.415404e+00,8.959844e-01,9.776710e-01,-2.456461e-01,-9.665301e-01,-8.139189e-01,5.681475e-03,-3.381520e+01,-1.663115e-02
1.311163e-03,1.679677e+00,4.710351e+00,-1.606700e+01,-9.122323e+00,1.785337e-01,7.876843e+00,2.404730e+00,6.712087e-01,3.444477e+00,1.817393e+00,6.574405e-01,2.478710e+00,3.747356e-02,0,6.796449e-01,-8.117318e-05,-6.421672e-01,-1.497475e-01,7.605629e-02,1.002254e+00,1.870663e+00,1.173217e+00,1.284676e+00,6.732215e-01,1.070673e+00,2.377040e-01,-7.549238e-01,-1.421112e+00,4.321548e-03,-2.106723e+01,-6.151343e-02
1.211249e-03,9.021102e-01,5.046135e+00,-1.570357e+01,-8.430055e+00,2.266271e+00,7.796661e+00,3.591101e+00,3.867406e-01,5.154505e+00,2.254144e+00,-2.607140e-01,9.701251e-01,4.079783e-02,0,6.545015e-01,-9.957537e-05,-1.060014e+00,1.508617e-01,1.061142e+00,9.194905e-01,9.300621e-01,4.469075e-02,3.669858e-05,3.826198e-01,9.280171e-01,6.612837e-01,1.433121e-01,-1.301038e+00,9.368394e-04,-8.409999e+00,-1.241049e-01
1.073722e-03,-8.007701e-01,5.312053e+00,-1.326073e+01,-7.243629e+00,2.705085e+00,8.482184e+00,2.688522e+00,1.288115e+00,6.351876e+00,2.868792e+00,1.197362e+00,-4.722378e-01,3.777577e-02,0,4.236250e-01,-9.149906e-05,-1.350370e+00,-9.227075e-02,1.647531e+00,1.040494e+00,-5.381956e-01,-1.140165e+00,-1.416673e+00,1.980460e-01,4.693996e-01,1.154839e+00,1.060368e+00,-4.755783e-01,-2.175884e-03,0,-1.432810e-01
9.737331e-04,-2.126804e+00,5.927612e+00,-1.109358e+01,-6.554124e+00,7.364905e-01,5.697011e+00,-5.310478e-01,8.768435e-01,5.823812e+00,4.645397e+00,3.158302e+00,-6.409891e-01,3.294047e-02,0,2.059882e-01,-4.550798e-05,-1.347664e+00,-8.563164e-01,1.159737e+00,1.050090e+00,-1.453525e+00,-2.150918e+00,-2.201646e+00,-1.447901e-02,1.691329e-01,1.228568e+00,1.127020e+00,4.421489e-01,-2.115444e-03,0,-7.873771e-02
9.724257e-04,-3.557714e+00,3.808258e+00,-1.013434e+01,-4.857820e+00,-1.747554e+00,3.225842e+00,-2.617563e+00,1.416387e+00,5.456821e+00,6.395959e+00,4.249773e+00,9.063754e-01,3.052282e-02,0,1.874968e-01,6.694713e-06,-1.159686e+00,-1.534826e+00,1.260782e-01,7.633392e-01,-1.775701e+00,-2.600487e+00,-1.810693e+00,-2.409795e-01,2.213660e-01,5.066822e-01,1.182523e+00,1.418185e+00,5.741909e-04,0,4.547710e-02
1.034357e-03,-4.457738e+00,1.516451e+00,-1.146808e+01,-4.372509e+00,-2.775034e+00,-3.297605e-01,-4.764088e+00,2.502094e-01,6.447697e+00,6.633398e+00,3.848179e+00,2.491563e+00,3.384708e-02,0,3.788770e-01,3.106867e-05,-9.584774e-01,-1.781138e+00,-6.219087e-01,3.661242e-01,-1.296240e+00,-1.708974e+00,-9.060284e-01,-6.141781e-01,1.805604e-01,-3.301806e-01,9.962988e-01,1.530073e+00,3.384707e-03,0,1.083642e-01
1.076884e-03,-5.433735e+00,-1.564945e-01,-1.244309e+01,-4.517741e+00,-4.417657e+00,-1.506867e+00,-4.248423e+00,3.965345e-01,7.146763e+00,4.408202e+00,6.765036e+00,5.052410e+00,4.019341e-02,0,5.645661e-01,1.668019e-05,-7.244291e-01,-1.119390e+00,-3.443388e-01,2.348921e-01,-4.749479e-01,-6.777737e-01,-3.664891e-01,-1.004833e+00,-4.033298e-01,-3.669095e-01,7.634540e-01,1.066906e+00,3.112723e-03,0,8.307390e-02
1.076847e-03,-5.981181e+00,-9.957010e-01,-1.304875e+01,-4.893543e+00,-4.409657e+00,-4.815057e-01,-4.245760e+00,-1.684121e+00,5.881643e+00,3.988372e+00,6.882164e+00,4.936357e+00,4.502871e-02,0,5.592747e-01,-1.030846e-05,-5.068718e-01,-3.896147e-01,3.011257e-01,4.879172e-01,4.969162e-01,4.945528e-01,8.800034e-02,-9.686788e-01,-1.112230e+00,3.202599e-01,1.417484e-01,4.040219e-01,-1.420368e-03,0,-1.556959e-02
1.034582e-03,-6.418139e+00,-5.326170e-01,-1.106570e+01,-3.422842e+00,-3.304982e+00,-8.715320e-02,-4.709172e+00,-2.640612e+00,3.723199e+00,5.883925e+00,6.550050e+00,5.018510e+00,4.049562e-02,0,5.126674e-01,-3.124830e-05,-2.764481e-01,4.799163e-01,6.563740e-01,4.679835e-01,1.072394e+00,1.172524e+00,5.884198e-01,-4.749399e-01,-1.084269e+00,9.177426e-01,-6.920009e-01,-4.244415e-01,-5.288606e-03,0,-1.071882e-01
1.003966e-03,-6.499896e+00,-2.435618e-01,-1.065115e+01,-2.480371e+00,-8.467903e-01,1.433147e+00,-4.093711e+00,-3.074612e+00,2.598329e+00,7.496836e+00,4.664414e+00,4.528622e+00,2.659414e-02,0,3.269784e-01,-3.870936e-05,3.866677e-02,9.393824e-01,3.466969e-01,-4.439926e-02,7.676774e-01,1.412946e+00,1.599931e+00,6.301239e-01,-3.487645e-01,2.310787e-01,-7.959424e-01,-3.935136e-01,-4.956179e-03,0,-1.486444e-01
9.570829e-04,-6.556618e+00,1.867018e+00,-1.036002e+01,-3.384409e+00,-8.371201e-01,3.398428e+00,-1.382348e+00,-1.282920e+00,3.367074e+00,7.242683e+00,4.413907e+00,3.134070e+00,2.296766e-02,0,1.447730e-01,1.502341e-05,7.092937e-01,8.516009e-01,-3.623885e-01,-1.015758e+00,-1.026693e-01,1.723631e+00,2.066828e+00,1.283549e+00,4.527004e-01,-1.296929e+00,-1.051942e+00,-5.506883e-01,-3.626471e-04,0,-8.949928e-02
9.220500e-04,-5.718607e+00,2.501394e+00,-1.166811e+01,-5.134756e+00,-1.805201e+00,4.840433e+00,2.090482e+00,7.876524e-01,4.315883e+00,4.464386e+00,3.970524e+00,3.911009e+00,2.901179e-02,0,0,2.486796e-04,1.531699e+00,-2.414363e-01,-1.198525e+00,-1.228239e+00,-4.354453e-01,1.765694e+00,1.419423e+00,1.504752e+00,9.601296e-01,-3.020701e+00,-1.589256e+00,-6.310443e-01,3.868239e-03,0,3.543129e-02
1.150657e-03,-3.262315e+00,2.352910e+00,-1.236916e+01,-7.174438e+00,-3.339123e+00,6.827361e+00,2.532874e+00,1.846002e+00,5.127924e+00,9.155035e-01,1.637286e+00,2.573875e+00,3.747356e-02,0,2.286602e-01,6.411661e-04,2.087180e+00,-1.995581e+00,-1.981975e+00,-1.015905e+00,9.621143e-04,1.916972e+00,-7.147175e-02,8.577963e-01,1.313548e+00,-4.322869e+00,-2.414413e+00,-1.014642e+00,3.807797e-03,0,1.562037e-01
2.150577e-03,-4.885520e-01,-1.693689e+00,-1.563920e+01,-6.726552e+00,-1.773015e+00,8.547153e+00,1.045790e+00,2.884686e+00,6.518552e+00,-4.443080e+00,-1.893554e+00,1.653498e+00,3.868238e-02,0,4.621913e-01,9.204707e-04,1.835700e+00,-3.191215e+00,-2.309562e+00,-4.292246e-01,5.987511e-01,1.525090e+00,-9.086506e-01,1.172377e-01,1.556603e+00,-4.339989e+00,-3.022382e+00,-1.361095e+00,1.601692e-03,1.040673e+01,1.896151e-01
3.548650e-03,1.264253e+00,-6.013343e+00,-1.828435e+01,-7.668034e+00,-8.484025e-01,1.112993e+01,-1.217361e+00,1.957545e+00,8.833480e+00,-9.917932e+00,-4.726122e+00,-8.103876e-01,3.717135e-02,0,6.946957e-01,8.000268e-04,9.870502e-01,-3.162027e+00,-1.851068e+00,1.619772e-01,5.843491e-01,2.521523e-01,-5.738748e-01,-3.614551e-01,1.108343e+00,-3.364106e+00,-2.767195e+00,-7.807863e-01,-5.741917e-04,2.550661e+01,1.260753e-01
4.325407e-03,1.196608e+00,-9.271552e+00,-2.025832e+01,-7.034081e+00,-5.680617e-02,1.031460e+01,-5.776532e-01,1.318069e+00,1.024612e+01,-1.181884e+01,-7.959683e+00,-1.202336e+00,3.717135e-02,5.203363e+01,7.150578e-01,2.723059e-04,2.478820e-01,-1.726795e+00,-6.584209e-01,6.621895e-01,6.878543e-03,-1.459477e+00,3.378450e-01,-1.194244e-01,-1.011542e-01,-1.499123e+00,-2.327835e+00,1.588214e-01,-1.329707e-03,4.053767e+01,6.195577e-02
4.063376e-03,8.303563e-01,-9.668295e+00,-1.931494e+01,-6.210788e+00,-1.275482e+00,7.204399e+00,4.752220e-01,8.220344e-01,8.805854e+00,-1.221715e+01,-9.165626e+00,9.786073e-02,3.535812e-02,1.015163e+02,7.326033e-01,-2.858944e-04,-1.208971e-01,-2.067559e-01,5.117405e-01,1.147945e+00,-2.879173e-01,-2.523677e+00,4.104830e-01,9.211811e-01,-1.128649e+00,1.121024e-01,-1.606108e+00,9.160663e-01,-1.390148e-03,4.023299e+01,1.561946e-02
3.254744e-03,9.678063e-01,-8.500190e+00,-1.841601e+01,-4.144228e+00,-1.525082e+00,3.212531e+00,1.888724e+00,2.855319e+00,6.026594e+00,-1.078909e+01,-1.131298e+01,1.993481e+00,3.294047e-02,1.519302e+02,7.530163e-01,-5.704949e-04,-4.599471e-02,1.001693e+00,1.216948e+00,9.555308e-01,-5.252424e-01,-2.755142e+00,-4.361082e-01,2.047611e+00,-9.570154e-01,1.148195e+00,-6.404864e-01,9.982679e-01,-1.692354e-03,2.525244e+01,8.153623e-03
2.654509e-03,7.741685e-01,-7.432804e+00,-1.664680e+01,-3.373236e+00,-1.553851e+00,2.062580e+00,-3.981346e-01,5.794825e+00,5.300001e+00,-9.872296e+00,-1.108002e+01,2.172035e+00,3.233605e-02,1.512167e+02,7.538137e-01,-5.587494e-04,1.796142e-02,1.550266e+00,1.288933e+00,7.427819e-01,-8.328270e-01,-2.527466e+00,-1.289576e+00,2.367913e+00,2.376669e-01,1.984669e+00,4.774785e-01,6.107262e-01,-1.964340e-03,1.091370e+01,-2.908909e-03
2.177366e-03,9.947286e-01,-5.380830e+00,-1.550765e+01,-3.675203e+00,-2.543834e+00,-8.902032e-01,-2.321516e+00,9.069730e+00,7.213970e+00,-7.250290e+00,-1.020492e+01,2.751917e+00,3.022061e-02,1.534456e+02,7.452207e-01,-4.100966e-04,6.125140e-02,1.788775e+00,1.182282e+00,5.189083e-01,-1.375563e+00,-2.610298e+00,-1.237363e+00,1.545354e+00,7.144795e-01,2.016638e+00,1.386854e+00,4.866615e-01,-2.055002e-03,1.108098e+00,-1.218890e-02
1.808318e-03,9.067023e-01,-3.476643e+00,-1.432445e+01,-2.731391e+00,-4.930242e+00,-3.381565e+00,-3.867539e+00,9.554391e+00,9.400500e+00,-4.063197e+00,-7.332262e+00,2.772274e+00,2.689634e-02,1.553271e+02,7.219566e-01,-2.657751e-04,6.923500e-02,1.753206e+00,1.004984e+00,4.609182e-01,-1.437650e+00,-2.420459e+00,-3.753958e-01,2.217412e-01,-1.219708e-01,1.719631e+00,1.423706e+00,5.648276e-01,-1.390148e-03,9.886338e-01,-1.266660e-02
1.627357e-03,1.207796e+00,-1.534393e+00,-1.366577e+01,-1.870609e+00,-6.714702e+00,-7.116885e+00,-2.563390e+00,8.702308e+00,7.548742e+00,-3.610445e+00,-6.252584e+00,4.126669e+00,2.538531e-02,1.554155e+02,7.080004e-01,-1.337144e-04,-5.372213e-02,1.192559e+00,9.140407e-01,1.620370e-01,-9.326165e-01,-1.459216e+00,3.081647e-01,-9.687166e-01,-1.941390e+00,8.956119e-01,9.712068e-01,6.620589e-01,9.066146e-05,1.891022e-01,-5.636632e-03
1.600638e-03,1.013810e+00,-5.899944e-01,-1.254282e+01,-1.970942e+00,-6.656666e+00,-6.926373e+00,-2.154177e+00,7.087242e+00,4.522761e+00,-3.094064e+00,-5.937656e+00,4.308797e+00,2.780296e-02,1.551749e+02,7.090909e-01,-2.313767e-05,-1.292810e-01,3.779828e-01,7.421532e-01,-3.714464e-01,-1.264226e-01,-6.594807e-01,3.952888e-01,-1.385408e+00,-2.949231e+00,6.105319e-01,1.762023e-01,6.669104e-01,9.670595e-04,-1.037949e-01,3.672242e-03
1.612633e-03,6.725643e-01,-8.613582e-01,-1.182827e+01,-3.245243e+00,-6.343704e+00,-6.413881e+00,-1.637374e+00,5.459721e+00,-5.410894e-02,-3.256797e+00,-6.046187e+00,5.293950e+00,3.022061e-02,1.544672e+02,7.234704e-01,4.993735e-05,-1.509792e-01,-4.769998e-01,5.924700e-01,-5.925733e-01,2.750777e-01,-5.431081e-01,1.921813e-01,-1.249245e+00,-2.902385e+00,8.868871e-01,-2.359156e-01,2.479629e-01,2.115447e-04,2.167465e-01,8.404875e-03
1.699991e-03,5.279134e-01,-1.923247e+00,-1.153244e+01,-3.901306e+00,-5.747854e+00,-7.030470e+00,-2.354103e+00,4.248643e+00,-1.544228e+00,-1.187361e+00,-6.554449e+00,5.523186e+00,2.931399e-02,1.552822e+02,7.325827e-01,8.558309e-05,-6.842625e-03,-9.306852e-01,2.963115e-01,-4.199042e-01,5.100801e-01,-1.263980e+00,-3.337656e-02,-8.635785e-01,-2.332327e+00,1.103312e+00,-5.605640e-01,-3.279923e-01,-1.359927e-03,6.236420e-01,7.953024e-03
1.827367e-03,6.958485e-01,-3.252766e+00,-1.120861e+01,-3.868293e+00,-5.793720e+00,-9.780376e+00,-1.502520e+00,3.875381e+00,-3.929687e+00,-1.293608e-01,-7.123766e+00,4.759289e+00,2.568752e-02,1.564456e+02,7.382788e-01,8.156814e-05,7.009449e-02,-7.479764e-01,1.436598e-01,3.860974e-02,4.422089e-01,-1.724128e+00,-2.063577e-01,-5.159432e-01,-1.217847e+00,9.662597e-01,-8.820383e-01,-1.182795e+00,-2.598973e-03,7.425613e-01,5.130088e-03
1.921187e-03,9.679543e-01,-4.047717e+00,-1.137109e+01,-3.758938e+00,-4.381258e+00,-1.156303e+01,-2.388487e+00,3.561520e+00,-5.201087e+00,8.587811e-01,-8.201687e+00,2.936166e+00,2.326987e-02,1.573039e+02,7.414518e-01,3.599728e-05,-3.018020e-02,-1.614178e-01,8.054924e-02,5.370718e-01,4.547290e-01,-1.391593e+00,-2.122083e-01,-6.253798e-01,-3.045232e-01,5.546187e-02,-1.221292e+00,-1.392655e+00,-2.719855e-03,3.647812e-01,2.747893e-03
1.909876e-03,8.030162e-01,-3.539006e+00,-1.119064e+01,-3.123378e+00,-4.815958e+00,-1.276825e+01,-2.651971e+00,3.223567e+00,-4.314912e+00,5.514302e-01,-9.632759e+00,6.734824e-01,2.024781e-02,1.571692e+02,7.446863e-01,-1.725308e-05,-2.001176e-01,4.356157e-01,2.256819e-01,7.114492e-01,3.532436e-01,-6.574644e-01,-2.710612e-01,-5.434013e-01,9.506608e-01,-9.672636e-01,-1.624270e+00,-1.160506e+00,-2.055002e-03,1.558380e-02,7.241964e-04
1.838723e-03,3.234285e-01,-2.587216e+00,-1.113868e+01,-1.588405e+00,-3.963090e+00,-1.249450e+01,-2.840420e+00,1.447652e+00,-2.874231e+00,-1.250447e+00,-1.140641e+01,6.028119e-01,1.843457e-02,1.567443e+02,7.431185e-01,-5.553234e-05,-2.945991e-01,5.944644e-01,5.161185e-01,6.379922e-01,3.031281e-01,2.270122e-01,-5.487190e-01,-2.888181e-01,1.039972e+00,-1.589300e+00,-1.230242e+00,-4.986286e-01,-9.670593e-04,-5.197296e-02,-8.240879e-04
1.782334e-03,1.752315e-02,-1.804938e+00,-1.019641e+01,-1.396314e+00,-4.236586e+00,-1.260196e+01,-2.631860e+00,2.215308e+00,-3.398108e-01,-3.911065e+00,-1.364275e+01,1.234384e-01,1.783016e-02,1.568033e+02,7.410665e-01,-4.610610e-05,-1.464823e-01,2.658227e-01,7.258633e-01,1.693567e-01,5.058761e-02,1.107998e+00,-1.132387e+00,3.803189e-01,5.232878e-01,-1.463874e+00,4.825783e-03,5.762541e-03,1.813238e-04,8.704986e-02,-1.647913e-03
1.707296e-03,-1.122949e-01,-1.942429e+00,-9.287617e+00,-1.432509e+00,-3.155303e+00,-1.051111e+01,-5.142138e+00,2.621558e+00,-1.988777e+00,-4.856470e+00,-1.234790e+01,7.180449e-01,1.964340e-02,1.572270e+02,7.391413e-01,-9.899284e-06,7.227428e-02,-1.371365e-01,9.036764e-01,-4.424577e-01,-7.484208e-01,1.648694e+00,-1.420356e+00,1.052106e+00,-2.091157e-02,-9.704530e-01,1.542048e+00,2.524305e-01,8.763980e-04,1.261078e-01,-6.187141e-04
1.745059e-03,2.884664e-01,-2.532286e+00,-8.486855e+00,-2.354542e+00,-4.966913e+00,-8.219950e+00,-7.163044e+00,4.538208e+00,-2.141201e+00,-4.964926e+00,-9.137888e+00,6.446786e-01,2.055001e-02,1.573631e+02,7.384353e-01,4.304124e-05,2.220383e-01,-3.166195e-01,8.393101e-01,-8.586885e-01,-1.609656e+00,1.949655e+00,-4.540254e-01,1.395133e+00,-2.737717e-01,-7.569863e-01,2.695714e+00,5.646802e-01,9.066185e-04,-4.352264e-02,6.546378e-04
1.807864e-03,5.493283e-01,-2.909225e+00,-7.475074e+00,-3.321579e+00,-7.340030e+00,-6.442037e+00,-7.676608e+00,5.546731e+00,-2.078094e+00,-5.575781e+00,-5.948606e+00,1.604344e+00,2.145663e-02,1.570950e+02,7.413405e-01,6.986918e-05,1.931655e-01,-2.456176e-01,8.638307e-01,-1.133850e+00,-2.041124e+00,1.644377e+00,1.275552e+00,1.510443e+00,-8.023503e-02,-9.453440e-01,2.863657e+00,4.239546e-01,3.324270e-04,-2.614853e-01,5.253434e-04
1.947256e-03,7.969032e-01,-2.904637e+00,-6.906129e+00,-4.745222e+00,-1.019250e+01,-4.888225e+00,-3.634751e+00,7.728386e+00,-1.664011e+00,-7.336340e+00,-3.363827e+00,2.503689e+00,2.145663e-02,1.566517e+02,7.432401e-01,3.960127e-05,1.047666e-01,-8.735538e-03,7.592022e-01,-7.531821e-01,-1.508695e+00,1.134511e+00,2.430768e+00,1.085152e+00,-5.453796e-01,-7.853903e-01,2.594650e+00,1.673456e-01,-1.813240e-04,-4.014313e-01,-1.583028e-03
1.955544e-03,5.993140e-01,-2.984341e+00,-5.758826e+00,-5.906419e+00,-1.074813e+01,-3.955085e+00,-5.285237e-01,8.578686e+00,-2.628547e+00,-8.397483e+00,-9.166432e-01,1.908313e+00,2.085222e-02,1.562753e+02,7.393656e-01,-3.314310e-05,6.677835e-02,2.596424e-01,5.468191e-01,5.228028e-02,-5.880688e-01,1.388064e-01,1.810179e+00,4.560310e-01,-4.630603e-01,-2.845030e-01,1.470268e+00,-2.561794e-01,-9.368394e-04,-4.889297e-01,-5.731118e-03
1.869225e-03,7.873066e-01,-2.538406e+00,-5.548968e+00,-4.828032e+00,-1.080634e+01,-3.790871e+00,1.416757e+00,8.447993e+00,-4.592873e+00,-7.481027e+00,1.319379e+00,1.329422e+00,1.994560e-02,1.557658e+02,7.315076e-01,-1.314603e-04,-7.369739e-03,6.755399e-01,4.717488e-01,1.183912e+00,2.114868e-03,-1.130288e+00,-1.546856e-02,-1.873074e-02,-2.561746e-02,4.024268e-01,2.990961e-04,-2.387807e-01,-1.420369e-03,-1.082371e+01,-1.072148e-02
1.681164e-03,8.880184e-01,-1.794128e+00,-5.419559e+00,-3.018773e+00,-9.973457e+00,-6.296682e+00,-1.151464e+00,7.467083e+00,-2.928965e+00,-6.925953e+00,-9.388693e-01,9.105811e-01,1.752795e-02,1.550932e+02,7.185511e-01,-1.818975e-04,-1.419857e-01,9.843493e-01,4.261274e-01,1.864009e+00,4.619484e-02,-1.838620e+00,-1.477350e+00,-2.160187e-02,1.085306e+00,7.305518e-01,-1.352625e+00,1.792139e-01,-1.722575e-03,-2.623987e+01,-1.301788e-02
1.427145e-03,6.157023e-01,-1.220439e-01,-4.717019e+00,-2.694837e-01,-1.056926e+01,-9.368867e+00,-3.400624e+00,8.190534e+00,-1.641889e+00,-6.059971e+00,-3.351218e+00,1.808651e+00,1.601692e-02,1.031241e+02,7.000399e-01,-1.836806e-04,-3.566491e-01,1.026237e+00,4.814227e-01,1.745024e+00,5.217419e-02,-1.673506e+00,-1.791087e+00,-5.437546e-02,1.671637e+00,7.622482e-01,-1.539325e+00,2.945742e-01,-9.972797e-04,-4.152281e+01,-1.150658e-02
1.267096e-03,-2.481210e-02,7.292247e-01,-4.044163e+00,1.134351e+00,-1.063569e+01,-1.035919e+01,-5.506584e+00,8.599406e+00,1.322491e+00,-5.455252e+00,-5.344470e+00,2.564768e+00,1.420369e-02,5.139675e+01,6.900101e-01,-1.303351e-04,-3.783640e-01,8.024521e-01,1.428723e-02,9.497977e-01,4.894792e-01,-4.420678e-01,-6.486076e-01,-5.698512e-01,1.101195e+00,4.719058e-01,-3.930153e-01,2.812365e-01,2.417650e-04,-4.133106e+01,-6.075370e-03
1.157856e-03,-5.395237e-01,1.331103e+00,-3.829553e+00,1.820526e+00,-1.021435e+01,-1.012715e+01,-5.361117e+00,7.609954e+00,1.639582e+00,-4.405137e+00,-4.174444e+00,1.975200e+00,1.662134e-02,0,6.882452e-01,-6.984604e-05,-2.277109e-01,5.262849e-01,-7.031392e-01,-2.093992e-02,1.259989e+00,6.837422e-01,5.905373e-01,-1.225989e+00,6.271251e-02,2.310147e-01,5.283018e-01,-1.228411e-02,1.269266e-03,-2.576451e+01,-1.324636e-03
1.164133e-03,-4.261889e-01,1.491558e+00,-5.791856e+00,6.852109e-01,-7.703519e+00,-8.127880e+00,-3.414255e+00,4.908117e+00,9.362731e-01,-5.393841e+00,-2.492333e+00,2.233490e+00,1.843457e-02,0,6.940716e-01,-3.580347e-05,-7.388207e-02,4.994274e-01,-1.137312e+00,-6.905388e-01,1.603511e+00,1.119894e+00,1.451169e+00,-1.001626e+00,-7.276936e-01,1.925571e-01,1.091396e+00,-2.910140e-01,9.670595e-04,-1.027935e+01,-9.839118e-04
1.129396e-03,-3.221637e-01,2.128214e+00,-7.358868e+00,-1.496134e-01,-5.735407e+00,-7.065810e+00,-1.494102e+00,3.906235e+00,-1.135218e+00,-4.935603e+00,-2.135777e+00,1.912870e+00,2.024781e-02,0,6.913860e-01,-1.893188e-05,-5.918546e-02,4.207214e-01,-1.028499e+00,-9.938638e-01,1.359605e+00,9.096099e-01,9.872610e-01,-2.833104e-02,-7.046617e-01,9.637264e-01,8.223551e-01,-5.129463e-01,1.813235e-04,0,-4.412127e-03
1.102309e-03,-5.029024e-01,2.827806e+00,-7.966063e+00,-1.333274e+00,-4.857608e+00,-6.290386e+00,-1.842468e-01,5.443138e+00,-9.285772e-01,-4.227233e+00,-9.068229e-01,1.140862e+00,1.722575e-02,0,6.835201e-01,-1.282450e-05,-5.098799e-02,2.666883e-01,-5.560716e-01,-7.482297e-01,3.549040e-01,3.228398e-01,1.240746e-02,7.652480e-01,-1.240324e-01,1.707407e+00,6.809722e-01,-1.083718e+00,1.511030e-04,0,-8.021479e-03
1.094108e-03,-7.970942e-01,2.766586e+00,-7.884946e+00,-2.139550e+00,-4.839278e+00,-6.497846e+00,-2.039816e+00,7.200788e+00,-9.513018e-01,-1.698095e-01,-8.554233e-01,-4.321830e-02,1.813237e-02,0,6.714603e-01,9.808503e-06,1.275092e-01,-1.666525e-01,-1.203749e-01,-4.010572e-01,-4.229794e-01,-7.126474e-02,-5.532947e-01,1.870658e-01,1.445599e-01,2.133044e+00,4.681339e-01,-1.332334e+00,1.511030e-03,0,-8.114981e-03
1.117654e-03,-4.436636e-01,2.505814e+00,-8.309175e+00,-2.060969e+00,-6.377064e+00,-6.797663e+00,-3.079361e+00,7.087080e+00,2.241533e-01,7.602942e-01,2.723505e-01,-2.207056e+00,2.024781e-02,0,6.639270e-01,5.064289e-05,3.163497e-01,-7.317320e-01,4.858667e-01,-1.239350e-01,-1.368368e+00,9.179692e-02,-2.058645e-01,-7.834684e-01,-4.564163e-02,1.343052e+00,1.038290e-01,-1.178664e+00,2.931399e-03,9.523281e+00,-2.353251e-03
1.170766e-03,2.857630e-01,1.455948e+00,-7.789186e+00,-1.791051e+00,-7.090576e+00,-7.168495e+00,-2.813019e+00,4.019593e+00,-9.887832e-01,3.235854e+00,-3.846945e-01,-3.074842e+00,2.629193e-02,0,6.606076e-01,1.011642e-04,2.856856e-01,-1.015658e+00,1.075421e+00,-6.112487e-01,-1.733427e+00,8.114544e-01,1.082229e+00,-1.247157e+00,-1.973750e-01,-1.570537e-01,3.471239e-02,-6.010564e-01,2.991840e-03,2.380931e+01,6.252873e-03
1.317195e-03,5.374172e-01,-1.755339e-01,-5.584610e+00,-2.127198e+00,-1.057380e+01,-5.496077e+00,-8.269680e-01,3.116394e+00,-1.138045e+00,7.851947e-01,-6.230422e-01,-3.236647e+00,2.780296e-02,4.761641e+01,6.771802e-01,1.264982e-04,-3.957025e-02,-9.317682e-01,1.540941e+00,-1.391097e+00,-1.838671e+00,1.680554e+00,1.981135e+00,-2.731367e-01,-5.571436e-01,-1.682467e+00,2.176278e-01,8.085611e-02,1.692354e-03,3.803447e+01,1.369992e-02
1.500160e-03,1.407936e-01,-9.710317e-01,-3.870125e+00,-5.162679e+00,-1.140805e+01,-3.091367e+00,2.245135e+00,2.950345e+00,-1.257078e+00,-9.675283e-01,-2.341650e-01,-2.533705e+00,2.931399e-02,9.523837e+01,6.960981e-01,1.074434e-04,-2.627532e-01,-4.454281e-01,1.232897e+00,-1.702342e+00,-1.089394e+00,1.829864e+00,1.978132e+00,1.127627e+00,-4.219871e-01,-3.033697e+00,4.839898e-01,1.900873e-01,6.044134e-05,3.784704e+01,1.467897e-02
1.585449e-03,-5.690302e-01,-9.395379e-01,-2.563999e+00,-7.330640e+00,-1.341169e+01,-4.334585e-01,4.297236e+00,6.256020e+00,-2.427417e+00,-5.550350e+00,1.285225e+00,-2.073344e+00,2.719855e-02,1.425532e+02,7.146814e-01,3.748759e-05,-3.000650e-01,5.486464e-02,5.858423e-01,-9.004818e-01,2.327455e-01,9.755734e-01,9.555507e-01,2.144335e+00,-6.287116e-01,-3.335455e+00,-3.501115e-02,3.497112e-01,-1.087941e-03,1.395853e+01,6.019449e-03
1.573856e-03,-4.747793e-01,-3.891904e-01,-3.135005e+00,-7.701038e+00,-1.111860e+01,-5.504833e-01,4.515537e+00,8.087913e+00,-2.454032e+00,-8.764858e+00,1.081121e+00,-2.706057e+00,2.689634e-02,1.417668e+02,7.152519e-01,-4.226540e-05,-1.893360e-01,3.939703e-01,-1.737899e-01,6.033620e-01,1.348001e+00,-2.966661e-01,-4.964258e-01,2.390268e+00,-2.862255e-01,-2.523978e+00,-7.545816e-01,6.005188e-01,-2.357207e-03,-1.452250e+01,-5.732983e-03
1.467784e-03,-6.551211e-01,-1.921314e-01,-3.022958e+00,-5.360427e+00,-9.554792e+00,-1.888652e+00,2.815584e+00,1.126928e+01,-3.683126e+00,-1.199341e+01,-1.455741e+00,-1.401915e+00,2.357208e-02,9.414484e+01,6.977006e-01,-9.411875e-05,-1.085216e-01,6.085044e-01,-7.549978e-01,1.878621e+00,2.022331e+00,-1.347185e+00,-1.540084e+00,1.331000e+00,3.299461e-01,-6.202184e-01,-1.306664e+00,9.381379e-01,-3.294047e-03,-3.800431e+01,-1.647613e-02
1.347665e-03,-7.628408e-01,6.251169e-01,-4.509594e+00,-3.130975e+00,-6.596489e+00,-3.847100e+00,5.038314e-01,1.239505e+01,-2.060351e+00,-1.036588e+01,-2.636590e+00,1.331750e-01,1.934119e-02,4.683003e+01,6.759236e-01,-1.037290e-04,-6.133846e-02,7.611367e-01,-1.029485e+00,2.223326e+00,1.413553e+00,-1.706845e+00,-1.730188e+00,-1.703796e-02,6.798646e-01,1.166799e+00,-1.013213e+00,8.804466e-01,-3.989120e-03,-3.776785e+01,-1.707076e-02
1.227951e-03,-9.676073e-01,1.595831e+00,-5.651693e+00,-2.225642e-01,-5.561090e+00,-5.521076e+00,-1.397332e+00,1.075745e+01,-9.745271e-01,-7.850929e+00,-3.389239e+00,1.197730e+00,1.450589e-02,0,6.519649e-01,-7.085347e-05,9.553639e-02,6.124252e-01,-1.145828e+00,1.717533e+00,5.345818e-01,-1.569673e+00,-1.260160e+00,-1.590331e+00,9.069760e-01,2.040968e+00,-7.888886e-01,3.182863e-01,-2.478090e-03,-2.351197e+01,-1.010867e-02
1.175128e-03,-6.252286e-01,2.522512e+00,-6.968063e+00,8.466603e-01,-6.047691e+00,-7.268496e+00,-2.028945e+00,8.258639e+00,-4.090085e-01,-5.002107e+00,-3.018195e+00,3.963539e-01,1.148383e-02,0,6.527659e-01,-2.770806e-05,1.943785e-01,1.064854e-01,-9.501537e-01,7.431272e-01,-3.694485e-01,-1.012513e+00,-4.200919e-01,-2.127224e+00,9.425620e-01,1.728408e+00,-8.066181e-01,-9.859414e-02,-9.313226e-11,-9.366006e+00,1.340538e-03
1.199786e-03,-2.462453e-01,1.921297e+00,-7.522862e+00,1.238420e+00,-7.156282e+00,-8.026320e+00,-2.218827e+00,5.385836e+00,2.608335e-02,-4.470462e+00,-5.209381e+00,5.792731e-02,1.511031e-02,0,6.587361e-01,1.033255e-05,2.154590e-01,-4.156428e-01,-9.497312e-01,-2.873657e-01,-1.595169e-01,-3.433116e-01,-2.281503e-01,-2.005741e+00,1.250575e+00,1.358452e+00,-7.267073e-01,-4.085575e-01,2.508311e-03,0,9.376640e-03
1.223207e-03,-1.516293e-01,9.948108e-01,-8.324779e+00,-1.458318e-01,-7.646135e+00,-7.657045e+00,-1.185881e+00,4.444738e+00,2.152154e+00,-3.414078e+00,-5.759610e+00,2.101055e-01,1.903898e-02,0,6.792407e-01,4.872899e-05,1.292193e-01,-9.469426e-01,-1.116028e+00,-8.870398e-01,5.721906e-01,7.565068e-01,-3.059936e-01,-1.290383e+00,1.397068e+00,5.594932e-01,-7.024889e-01,-5.424274e-01,3.173164e-03,0,1.116345e-02
1.255574e-03,-1.271119e-01,2.814672e-01,-9.721992e+00,-1.163147e+00,-5.559453e+00,-7.043360e+00,-2.959616e+00,2.635695e+00,3.997769e+00,-1.852685e+00,-5.652069e+00,-7.519336e-01,2.326987e-02,0,6.856107e-01,9.062434e-05,7.984911e-02,-1.140232e+00,-1.410882e+00,-1.326337e+00,1.014997e+00,1.550812e+00,-5.433635e-01,-8.229201e-02,1.145320e+00,-1.650761e-01,-5.568596e-01,-8.113512e-01,2.296766e-03,0,8.989823e-03
1.390878e-03,-3.869903e-02,-1.392286e+00,-1.144864e+01,-2.387755e+00,-3.985153e+00,-3.977443e+00,-3.188519e+00,3.181793e+00,4.590490e+00,-3.513529e+00,-6.309296e+00,-1.910853e+00,2.326987e-02,0,6.951458e-01,1.206589e-04,9.125862e-02,-1.274332e+00,-1.479550e+00,-1.241485e+00,8.537420e-01,1.976164e+00,-4.836789e-01,9.972457e-01,3.062846e-01,-1.217739e+00,-9.524759e-01,-6.570941e-01,1.752796e-03,0,3.895634e-03
1.569071e-03,9.653509e-02,-2.586317e+00,-1.301534e+01,-4.272305e+00,-3.911788e+00,-2.112064e+00,-3.934325e+00,5.605849e+00,4.533514e+00,-5.246117e+00,-7.718836e+00,-2.938349e+00,2.447869e-02,0,6.957326e-01,9.471345e-05,8.347115e-02,-8.972011e-01,-1.190862e+00,-6.981531e-01,2.261485e-01,1.513167e+00,2.796393e-01,1.668747e+00,-3.868596e-01,-1.721458e+00,-8.186533e-01,-2.457696e-01,1.903899e-03,0,2.218431e-03
1.669753e-03,1.928404e-01,-3.942956e+00,-1.407586e+01,-4.798676e+00,-4.201257e+00,-2.418749e-01,-3.116920e+00,7.945890e+00,3.415704e+00,-7.806057e+00,-9.488605e+00,-1.982157e+00,2.719855e-02,0,6.936579e-01,1.162940e-05,1.954981e-02,-2.270434e-02,-7.582593e-01,2.871926e-01,3.221089e-01,7.470120e-01,5.041245e-01,1.036000e+00,-8.866337e-01,-1.743865e+00,-1.865224e-01,2.767394e-01,2.750076e-03,0,-1.958728e-04
1.589704e-03,1.744742e-01,-2.929203e+00,-1.436269e+01,-3.448452e+00,-4.320658e+00,-1.345311e+00,-1.597218e+00,8.597383e+00,2.650864e+00,-8.313710e+00,-8.155681e+00,-1.945130e+00,3.082502e-02,0,6.974468e-01,-7.624100e-05,-1.105272e-01,7.910193e-01,-2.815555e-01,1.078830e+00,6.620535e-01,4.910367e-01,9.905890e-01,4.735189e-02,-9.236301e-01,-1.516597e+00,5.825989e-01,1.003442e+00,2.598973e-03,0,-1.033545e-03
1.438709e-03,2.008045e-02,-1.334364e+00,-1.456626e+01,-1.363719e+00,-2.170174e+00,-6.257589e-01,-1.836450e+00,6.866028e+00,1.098646e+00,-1.069906e+01,-7.023486e+00,-1.023766e+00,3.384708e-02,0,6.933094e-01,-1.259677e-04,-2.823028e-01,1.317005e+00,2.169839e-01,9.368299e-01,8.959025e-01,5.177487e-01,1.416326e+00,-6.020423e-01,-1.009524e+00,-8.164980e-01,1.078521e+00,1.253321e+00,1.964340e-03,0,-6.008685e-03
1.303388e-03,-3.697210e-01,6.448361e-02,-1.417792e+01,-5.956331e-01,-1.617062e+00,5.350618e-01,3.783839e-01,6.382539e+00,1.073892e+00,-1.138260e+01,-6.038401e+00,1.599665e+00,3.414929e-02,0,6.907392e-01,-1.288011e-04,-4.439428e-01,1.299721e+00,7.962669e-01,3.717491e-01,6.516612e-01,7.074453e-01,1.723022e+00,-5.659571e-01,-1.035919e+00,-4.191913e-02,7.912685e-01,1.062108e+00,1.118163e-03,0,-5.443297e-02
1.183072e-03,-9.465759e-01,1.145226e+00,-1.308332e+01,-1.540936e+00,-1.073543e+00,1.406682e+00,2.976909e+00,6.043100e+00,-8.434274e-01,-1.035410e+01,-5.154638e+00,2.512050e+00,3.535812e-02,0,6.669683e-01,-1.138428e-04,-5.036942e-01,1.284458e+00,1.544370e+00,-1.390520e-01,-1.039972e-01,8.070243e-02,1.815591e+00,-6.956907e-02,-7.892200e-01,9.860783e-01,5.926636e-01,-2.507024e-01,6.346330e-04,0,-1.209690e-01
1.073517e-03,-1.561912e+00,2.329604e+00,-1.112283e+01,-1.501098e+00,-1.610668e+00,1.175695e+00,4.611213e+00,6.179062e+00,-1.557695e+00,-8.695785e+00,-5.133762e+00,1.597503e+00,3.566032e-02,0,4.384525e-01,-8.845108e-05,-3.646251e-01,1.234292e+00,1.913446e+00,-1.240309e-01,-6.057314e-01,-7.165378e-01,5.114541e-01,4.251201e-01,4.054429e-01,1.512297e+00,1.438358e-01,-1.410173e+00,4.533082e-04,0,-1.833839e-01
9.844311e-04,-1.902295e+00,3.955364e+00,-8.371954e+00,-1.606246e+00,-2.693357e+00,-5.425636e-01,5.125091e+00,6.619921e+00,-1.531660e+00,-7.112076e+00,-4.512487e+00,-2.276197e+00,3.626473e-02,0,2.146079e-01,-5.994736e-05,-9.561540e-02,1.062475e+00,1.795917e+00,1.572729e-01,-9.461797e-01,-1.373234e+00,-9.102844e-01,7.820107e-01,1.746736e+00,1.686489e+00,-1.929656e-01,-1.581236e+00,8.159563e-04,0,-1.772389e-01
9.604532e-04,-1.714987e+00,4.830873e+00,-6.966374e+00,-1.183133e+00,-3.835812e+00,-2.073004e+00,1.861564e+00,8.219729e+00,3.445223e+00,-5.442132e+00,-5.640297e+00,-3.057078e+00,3.596253e-02,0,0,-2.678991e-05,1.444101e-01,7.864746e-01,9.716855e-01,2.080914e-02,-8.218817e-01,-1.347177e+00,-2.030208e+00,4.369508e-01,2.001093e+00,1.661890e+00,-9.156175e-02,-7.518488e-01,2.175884e-03,0,-1.091513e-01
9.398671e-04,-1.348115e+00,5.206969e+00,-6.181963e+00,-9.135540e-01,-4.691869e+00,-3.835137e+00,-1.996880e-01,8.932820e+00,5.388792e+00,-3.548484e+00,-5.866198e+00,-3.066837e+00,3.928680e-02,0,0,-5.269947e-06,1.937494e-01,5.200360e-01,2.309191e-01,-3.987611e-01,-4.671043e-01,-8.745510e-01,-2.315965e+00,-5.382085e-01,6.947174e-01,1.137782e+00,2.893946e-01,3.218627e-01,2.598973e-03,0,-4.292159e-02
9.618493e-04,-1.116951e+00,5.636175e+00,-7.359394e+00,-1.743398e+00,-4.720820e+00,-3.913903e+00,-2.877438e+00,7.207366e+00,4.987545e+00,-2.168130e+00,-4.914715e+00,-1.766421e+00,4.502871e-02,0,0,5.327643e-06,7.166696e-02,4.275733e-01,-9.545932e-02,-9.795614e-01,-3.639991e-01,-4.326622e-01,-1.601344e+00,-1.562768e+00,-1.315031e+00,3.860060e-01,5.776305e-01,5.169123e-01,1.934120e-03,0,0
9.573834e-04,-1.232566e+00,6.152893e+00,-7.020849e+00,-3.319919e+00,-4.586375e+00,-3.994870e+00,-4.085235e+00,4.435060e+00,1.170766e+00,-3.060166e+00,-3.428306e+00,-1.312212e+00,4.472651e-02,0,0,9.477156e-06,-8.350898e-02,2.887605e-01,5.613766e-02,-1.043959e+00,-2.266681e-01,-3.437937e-01,-8.399467e-01,-1.476366e+00,-1.834103e+00,-5.804659e-01,-2.184332e-01,2.521576e-01,-1.057722e-03,0,0
9.783333e-04,-1.414427e+00,6.495777e+00,-7.024228e+00,-4.877757e+00,-5.708555e+00,-4.156449e+00,-4.202383e+00,2.654769e+00,-1.020921e+00,-3.756261e+00,-3.971091e+00,-1.349829e+00,4.291327e-02,0,0,5.310163e-06,-1.351946e-01,6.436472e-02,5.200189e-01,-3.267152e-01,-2.005523e-01,-7.292081e-01,-4.251170e-02,-7.748566e-01,-1.516365e+00,-9.618107e-01,-1.443929e+00,-1.150685e-01,-3.928680e-03,0,0
9.790108e-04,-1.616922e+00,6.220970e+00,-6.068858e+00,-4.566169e+00,-5.331342e+00,-5.432833e+00,-3.736949e+00,3.827288e+00,-7.774891e-01,-5.656748e+00,-7.430176e+00,-2.014345e+00,3.505591e-02,0,0,1.309614e-06,-1.789938e-01,6.341362e-03,8.417913e-01,5.886959e-01,-6.013284e-02,-9.687666e-01,2.164243e-01,8.031011e-02,-6.256909e-01,-6.193673e-01,-1.949557e+00,-3.269159e-01,-5.560593e-03,0,0
9.775864e-04,-1.600746e+00,5.923960e+00,-5.235295e+00,-2.753849e+00,-5.351098e+00,-6.840961e+00,-3.264139e+00,3.636970e+00,-1.620151e+00,-5.678893e+00,-1.013343e+01,-1.990697e+00,3.022061e-02,0,0,-5.748798e-06,-1.319240e-01,1.932354e-01,8.464586e-01,1.098289e+00,2.022875e-01,-7.878610e-01,-4.982221e-02,5.761514e-02,2.201997e-01,-8.959337e-02,-1.315402e+00,-4.543100e-02,-5.409490e-03,0,0
9.643049e-04,-2.034375e+00,6.470509e+00,-3.706359e+00,-1.438394e+00,-5.065768e+00,-7.496447e+00,-3.472235e+00,4.345510e+00,-1.658074e+00,-5.195686e+00,-1.009492e+01,-2.626357e+00,2.326987e-02,0,0,-1.036489e-05,-1.816962e-01,4.179723e-01,3.883669e-01,9.107957e-01,4.048444e-01,2.080268e-01,-3.667579e-02,-1.606078e-01,9.848856e-01,-1.303408e-01,6.234283e-02,3.396834e-01,-2.840738e-03,0,0
9.569423e-04,-1.865320e+00,7.337185e+00,-3.973184e+00,-9.501988e-01,-4.829905e+00,-7.063947e+00,-4.583850e+00,2.683733e+00,5.203700e-01,-4.434758e+00,-9.215729e+00,-1.270978e+00,2.175884e-02,0,0,-1.601240e-05,-2.668896e-01,3.238230e-01,-1.708813e-01,4.509167e-01,6.969602e-01,1.388778e+00,4.760587e-01,-3.346109e-01,1.431808e+00,-4.858887e-01,8.782781e-01,9.546232e-01,1.390148e-03,0,0
9.375084e-04,-2.393116e+00,7.604219e+00,-4.758079e+00,-9.140153e-01,-3.567717e+00,-4.281206e+00,-3.260472e+00,3.500867e+00,3.076678e+00,-6.930519e+00,-7.577311e+00,-6.757877e-01,2.508310e-02,0,0,-2.096115e-05,-5.571845e-01,-1.619036e-01,-5.678299e-01,3.133518e-01,8.400114e-01,2.301404e+00,1.301136e+00,-2.442583e-01,8.122322e-01,-1.376731e-01,1.006501e+00,8.887557e-01,6.165005e-03,0,0
9.109226e-04,-2.755823e+00,6.976220e+00,-5.563841e+00,-7.614545e-01,-2.615322e+00,-1.504689e+00,-9.897275e-01,2.386237e+00,3.171515e+00,-7.240920e+00,-7.000841e+00,1.807134e+00,3.626473e-02,0,0,-5.962985e-06,-1.051485e+00,-3.879464e-01,-6.284305e-01,3.284500e-01,4.527445e-01,2.260807e+00,1.114548e+00,-1.544549e-01,-4.724652e-01,7.563180e-01,1.019283e+00,1.656440e-02,8.280449e-03,0,0
8.825090e-04,-4.375046e+00,5.841473e+00,-5.750180e+00,3.399324e-02,-1.973002e+00,1.230941e+00,1.236382e+00,3.272967e+00,1.077515e+00,-4.480971e+00,-6.169859e+00,2.783652e-01,4.684195e-02,0,0,2.424424e-05,-1.459559e+00,-2.063282e-01,-6.413509e-01,3.866792e-01,-4.295016e-01,1.307618e+00,-3.924344e-02,-2.942810e-02,-1.216722e+00,1.784071e+00,7.251111e-01,-1.193843e+00,5.953461e-03,0,0
9.546271e-04,-6.131780e+00,6.278826e+00,-6.619286e+00,2.180470e-01,-3.363540e+00,1.484015e+00,-1.259537e+00,2.025409e+00,-8.423745e-01,-1.877942e+00,-4.823040e+00,-1.665233e+00,5.228166e-02,0,0,5.617795e-05,-1.733535e+00,2.315755e-01,-4.742781e-01,3.112947e-01,-9.446662e-01,5.314663e-01,-1.402484e+00,-4.022009e-02,-1.535513e+00,1.181700e+00,8.312025e-01,-1.948309e+00,4.835296e-04,0,0
1.036877e-03,-8.002934e+00,6.921275e+00,-7.437111e+00,5.296299e-01,-5.341116e+00,7.625334e-01,-3.321785e+00,3.534141e+00,-9.999849e-01,-6.916545e-01,-5.040656e+00,-4.908818e+00,4.684195e-02,0,0,5.239772e-05,-1.558006e+00,3.620886e-01,-4.426937e-02,3.983526e-01,-8.115724e-01,3.961271e-02,-1.697249e+00,-4.660273e-01,-1.724891e+00,-9.704953e-02,5.913372e-01,-1.381251e+00,-2.931400e-03,0,0
1.114628e-03,-9.609554e+00,7.594196e+00,-7.091766e+00,5.472007e-01,-5.654596e+00,1.386846e+00,-5.723066e+00,2.054549e+00,-3.467302e+00,-3.227075e+00,-3.409430e+00,-5.340820e+00,3.868238e-02,0,0,1.023697e-05,-9.493753e-01,1.231452e-01,6.532646e-01,5.427195e-01,1.737224e-01,1.242125e-01,-7.272798e-01,-7.586375e-01,-1.649931e+00,-8.567659e-01,3.881046e-01,-1.955659e-01,-2.296767e-03,0,0
1.064497e-03,-1.042619e+01,6.994231e+00,-5.735286e+00,1.861179e+00,-4.885335e+00,1.477589e+00,-5.018098e+00,9.282600e-01,-6.234476e+00,-4.291652e+00,-3.919978e+00,-4.790094e+00,3.898459e-02,0,0,-1.295200e-05,3.360146e-01,-3.780062e-01,6.325296e-01,1.564159e-01,6.177347e-01,-1.642761e-01,8.475256e-03,-6.439103e-01,-4.372711e-01,-9.217664e-01,4.158897e-01,8.905171e-01,9.066183e-04,0,4.173180e-02
9.920021e-04,-9.667029e+00,6.858074e+00,-4.203875e+00,2.265870e+00,-2.722818e+00,1.747550e+00,-4.047780e+00,-4.648385e-01,-6.474785e+00,-4.361773e+00,-3.442855e+00,-2.702424e+00,4.472651e-02,0,0,7.562563e-05,1.837315e+00,-1.012541e+00,-4.715966e-01,-9.232816e-01,2.791717e-01,-6.377689e-01,2.785074e-01,1.145911e+00,2.178956e+00,-5.552229e-01,1.522543e-01,9.632448e-01,1.359928e-03,0,1.117288e-01
1.033430e-03,-6.294123e+00,5.399305e+00,-5.718409e+00,4.523749e-01,-3.718332e+00,-2.391989e-01,-4.117052e+00,1.574283e+00,-1.682599e+00,-4.733138e+00,-2.944495e+00,-1.775431e+00,4.835298e-02,0,2.086590e-01,2.949258e-04,3.008473e+00,-1.816367e+00,-2.609948e+00,-1.856726e+00,-3.376234e-01,-1.060538e+00,1.406695e-01,2.783424e+00,3.953077e+00,-9.901686e-01,-4.155736e-01,4.273039e-01,-1.541251e-03,0,1.800080e-01
1.508290e-03,-2.489010e+00,3.328957e+00,-9.458188e+00,-3.364805e+00,-4.842240e+00,-9.436042e-01,-4.781052e+00,7.461094e+00,5.151537e+00,-5.782446e+00,-3.135900e+00,-2.031927e+00,4.079783e-02,0,4.543144e-01,5.456324e-04,2.966155e+00,-2.640334e+00,-4.165423e+00,-1.803870e+00,-2.485569e-01,-5.651920e-01,6.072977e-01,2.915775e+00,3.882486e+00,-1.522568e+00,-1.780507e+00,1.333714e-01,-4.170445e-03,0,1.894052e-01
2.280982e-03,1.027167e+00,-3.230476e-01,-1.615787e+01,-4.607114e+00,-5.513742e+00,-2.479525e+00,-3.948114e+00,1.088241e+01,7.717749e+00,-8.532158e+00,-6.151323e+00,-2.988823e+00,3.324267e-02,0,6.728828e-01,7.436740e-04,1.938088e+00,-3.072716e+00,-4.269313e+00,-7.619197e-01,8.516277e-01,1.000541e+00,1.365906e+00,4.469579e-01,2.287002e+00,-1.540944e+00,-2.899784e+00,6.784214e-01,-3.294046e-03,1.993102e+01,1.299470e-01
3.096388e-03,1.503101e+00,-3.482421e+00,-1.981126e+01,-4.223737e+00,-3.067898e+00,4.175298e-02,-1.095760e+00,9.459970e+00,8.237473e+00,-1.007510e+01,-1.074198e+01,-1.428871e+00,3.142944e-02,0,7.149140e-01,8.117312e-04,6.373830e-01,-3.113695e+00,-2.987748e+00,3.484494e-01,2.164762e+00,2.867075e+00,1.542004e+00,-3.062147e+00,3.546529e-01,-6.801451e-01,-2.975589e+00,1.320188e+00,2.115443e-04,4.975154e+01,7.056528e-02
3.957751e-03,1.400263e+00,-6.558588e+00,-2.188844e+01,-2.927757e+00,-3.473643e-01,4.270830e+00,8.698335e-01,2.809634e+00,8.209444e+00,-1.029153e+01,-1.364038e+01,1.315148e+00,3.656694e-02,9.965508e+01,7.280943e-01,7.867363e-04,-3.235126e-01,-2.701797e+00,-1.107236e+00,7.719096e-01,2.897746e+00,3.761631e+00,8.218355e-01,-5.044377e+00,-8.789173e-01,8.386491e-01,-1.611047e+00,1.434561e+00,2.508312e-03,7.962217e+01,2.988129e-02
4.728561e-03,5.113570e-01,-9.121747e+00,-2.153164e+01,-2.462237e+00,3.398381e+00,1.001660e+01,5.199931e-01,-3.813248e+00,6.678955e+00,-8.303486e+00,-1.426932e+01,2.417025e+00,4.019341e-02,1.989302e+02,7.795351e-01,6.698411e-04,-9.267238e-01,-1.853988e+00,4.583370e-01,7.533817e-01,2.635465e+00,2.622843e+00,4.805964e-02,-4.131489e+00,-1.827343e+00,2.049197e+00,4.976793e-01,7.117572e-01,2.115443e-03,5.969719e+01,8.361506e-03
5.398577e-03,-9.452423e-02,-1.101237e+01,-2.083386e+01,-1.628316e+00,5.741850e+00,1.134121e+01,-6.468130e-01,-7.702863e+00,4.102421e+00,-5.224720e+00,-1.244289e+01,2.261035e+00,4.140224e-02,2.986458e+02,7.899787e-01,4.176186e-04,-9.772192e-01,-8.678700e-01,1.533210e+00,6.005510e-01,1.723913e+00,4.534974e-01,-8.006349e-02,-1.146136e+00,-2.184583e+00,1.967397e+00,2.515907e+00,-5.444209e-02,-1.813240e-04,1.814423e-02,-1.444802e-02
5.725181e-03,-2.383124e+00,-1.052547e+01,-1.804686e+01,-1.106549e+00,7.064822e+00,9.620779e+00,-9.713817e-02,-5.941228e+00,1.154267e+00,-2.362520e+00,-8.852324e+00,1.656972e+00,3.958900e-02,1.989906e+02,7.257794e-01,1.712290e-04,-5.392594e-01,-1.885698e-01,1.326973e+00,6.195081e-01,6.272516e-01,-1.259852e+00,2.557963e-01,1.095618e+00,-1.655392e+00,1.292459e+00,3.144134e+00,-3.140028e-01,-1.692355e-03,-4.978211e+01,-3.073477e-02
5.547534e-03,-2.038592e+00,-1.019608e+01,-1.596478e+01,-6.028458e-01,6.438982e+00,6.736225e+00,7.780817e-01,-1.857055e+00,4.887311e-02,-3.425029e+00,-3.769341e+00,1.422965e+00,3.596253e-02,9.971557e+01,6.827320e-01,-3.708941e-05,4.559112e-01,-7.901096e-02,2.046585e-03,5.176543e-01,2.590070e-02,-1.215022e+00,3.871335e-01,1.220414e+00,-7.283518e-01,9.130708e-01,2.153445e+00,-2.400976e-01,-1.420369e-03,-5.499583e+01,-1.400340e-02
5.510227e-03,-1.212906e+00,-1.047274e+01,-1.733131e+01,1.225690e-01,6.186073e+00,6.019828e+00,1.086527e+00,-1.258065e+00,4.287675e-01,-2.741036e+00,-2.885424e+00,1.266047e+00,3.445150e-02,4.948471e+01,6.794846e-01,-9.379652e-05,1.183768e+00,-3.502898e-01,-1.834333e+00,2.518468e-01,-1.702431e-01,-1.963450e-01,2.225326e-01,-4.858316e-01,3.907716e-01,1.030813e+00,2.011244e-01,-1.692157e-01,2.115447e-04,-1.057834e+01,1.529405e-02
5.320607e-03,1.599923e+00,-1.143379e+01,-2.118140e+01,3.453960e-01,6.310728e+00,7.066577e+00,6.970220e-01,-3.942374e+00,8.234120e-01,-4.701076e-01,-4.659117e+00,1.256010e+00,3.686915e-02,9.841956e+01,7.431090e-01,-8.108476e-05,1.104277e+00,-1.881355e-01,-2.460763e+00,-2.497196e-03,-5.954113e-02,5.856237e-01,3.021993e-01,-1.848843e+00,6.354747e-01,1.095485e+00,-1.364625e+00,-2.760344e-01,1.964340e-03,1.879640e+01,2.602262e-02
5.369662e-03,1.716459e+00,-1.165806e+01,-2.461022e+01,-3.214361e-01,6.277733e+00,8.473878e+00,1.056055e+00,-7.327727e+00,2.720856e+00,1.314087e+00,-7.401815e+00,8.943706e-01,4.019341e-02,1.467469e+02,7.720611e-01,-1.327939e-04,6.356500e-01,2.427364e-01,-1.775319e+00,-1.297842e-01,1.375532e-01,5.393257e-01,6.876869e-01,-1.893614e+00,3.866072e-01,1.624895e-02,-1.712437e+00,-7.917530e-01,2.236326e-03,2.344291e+01,1.841686e-02
5.212393e-03,2.018109e+00,-1.054409e+01,-2.462914e+01,-3.933292e-01,6.095446e+00,8.437319e+00,2.304315e+00,-8.066438e+00,2.080202e+00,2.483567e-02,-8.334270e+00,2.286308e-01,4.291327e-02,1.450665e+02,7.665569e-01,-2.318292e-04,-7.262055e-02,7.060243e-01,-5.957157e-01,9.975956e-02,3.816926e-01,1.613268e-01,1.030986e+00,-1.063713e+00,4.087734e-02,-1.179032e+00,-1.671630e+00,-9.957978e-01,1.329707e-03,8.317798e+00,-2.131045e-04
4.900365e-03,1.756251e+00,-9.703908e+00,-2.448404e+01,-1.569892e-01,6.981480e+00,8.031086e+00,3.721315e+00,-8.664104e+00,1.733408e+00,-2.907263e+00,-9.610031e+00,-2.179029e+00,4.261106e-02,1.433758e+02,7.598450e-01,-4.459453e-04,-2.933537e-01,8.505597e-01,3.017713e-01,1.882039e-01,5.790638e-01,1.849203e-02,7.619917e-01,-6.066780e-02,1.830497e-01,-1.543030e+00,-1.626980e+00,-8.674226e-01,0,-1.775696e+00,-9.792614e-03
4.396109e-03,1.216924e+00,-8.880744e+00,-2.422307e+01,7.619703e-01,7.867318e+00,8.094607e+00,4.519321e+00,-8.592753e+00,1.521522e+00,-4.254591e+00,-1.191316e+01,-2.186280e+00,4.230886e-02,1.416941e+02,7.481516e-01,-6.355943e-04,-4.504492e-01,7.951171e-01,7.699434e-01,7.619496e-02,3.825104e-01,4.314518e-02,2.419292e-01,8.464106e-01,7.878194e-01,-7.633778e-01,-1.348757e+00,-2.231855e-01,-7.555157e-04,-1.093332e+01,-1.473714e-02
3.548077e-03,6.502832e-01,-8.236939e+00,-2.330440e+01,4.193373e-02,8.287116e+00,8.737694e+00,3.758510e+00,-7.367908e+00,3.915444e+00,-4.261348e+00,-1.374727e+01,-2.235287e+00,4.049562e-02,1.395546e+02,7.323007e-01,-7.305295e-04,-3.976406e-01,8.815626e-01,1.389699e+00,-3.989591e-01,-8.470630e-03,1.621513e-01,-1.811947e-01,1.412356e+00,7.000386e-01,1.711365e-01,-8.025316e-01,7.245865e-01,-4.533097e-04,-2.448058e+01,-2.002485e-02
2.710565e-03,3.188473e-01,-7.301993e+00,-2.136924e+01,-1.118159e-01,7.355180e+00,8.299741e+00,3.495363e+00,-4.482482e+00,4.928281e+00,-3.115010e+00,-1.300943e+01,-8.591674e-01,4.019341e-02,9.231043e+01,7.066433e-01,-6.590592e-04,-2.507443e-01,1.058599e+00,1.745394e+00,-7.538382e-01,-3.723348e-01,-2.438246e-01,-5.590438e-01,1.396871e+00,-1.844881e-01,7.042611e-01,3.241735e-01,9.334256e-01,4.533082e-04,-3.772781e+01,-1.863798e-02
2.090489e-03,2.170861e-01,-6.085471e+00,-1.896246e+01,-1.714892e+00,7.195196e+00,8.739276e+00,3.327321e+00,-3.657461e+00,3.530222e+00,-2.621370e+00,-1.307455e+01,7.803476e-01,4.140224e-02,4.566475e+01,6.804748e-01,-4.662645e-04,-1.032559e-01,1.274121e+00,1.627810e+00,-8.705003e-01,-3.348335e-01,-2.518038e-01,-9.674293e-01,6.676677e-01,-1.263101e+00,8.079234e-01,1.259740e+00,4.589846e-01,7.555149e-04,-3.714197e+01,-1.441506e-02
1.829607e-03,1.798017e-01,-4.663486e+00,-1.766707e+01,-2.128808e+00,6.551604e+00,6.874693e+00,1.939697e+00,-3.463624e+00,7.916932e-01,-1.553275e+00,-1.062865e+01,9.730310e-01,4.412209e-02,0,6.808746e-01,-2.758127e-04,3.093168e-03,1.180893e+00,1.093659e+00,-6.103483e-01,1.183434e-02,-1.585497e-01,-1.555107e+00,1.905917e-01,-8.938637e-01,8.218740e-01,1.518781e+00,-6.815100e-01,-1.057721e-03,-2.302856e+01,-5.305129e-03
1.657233e-03,2.035262e-01,-3.185589e+00,-1.701643e+01,-3.302072e+00,7.014737e+00,8.191198e+00,-3.008030e-01,-4.538999e+00,-3.317660e-01,-1.002599e+00,-8.638959e+00,-8.564631e-01,4.230886e-02,0,6.731098e-01,-1.547118e-04,3.758745e-02,7.618043e-01,5.561193e-01,8.059251e-02,3.342949e-01,1.307083e-01,-1.451013e+00,7.830688e-01,6.355698e-02,2.611890e-01,9.528017e-01,-1.562087e+00,-4.351768e-03,-9.132950e+00,-7.884562e-04
1.548130e-03,3.410931e-01,-2.847467e+00,-1.687395e+01,-2.369967e+00,7.504581e+00,7.781031e+00,-2.466108e+00,-3.088755e+00,2.389957e+00,1.849738e-01,-7.633326e+00,-3.448312e+00,3.445150e-02,0,6.838002e-01,-9.651319e-05,5.853221e-02,2.143667e-01,5.116909e-01,8.966814e-01,7.598905e-01,2.823648e-02,-1.174697e+00,1.204691e+00,7.735519e-01,-6.763957e-01,-1.531980e-01,-1.099723e+00,-6.618313e-03,0,-1.124269e-03
1.457669e-03,3.243776e-01,-3.184459e+00,-1.657841e+01,-1.191349e+00,8.390182e+00,8.939649e+00,-1.724842e+00,7.044840e-02,3.048875e+00,-2.184549e+00,-9.808205e+00,-4.819416e+00,2.447869e-02,0,6.750697e-01,-4.359089e-05,9.549904e-02,-6.247437e-02,4.824364e-01,1.126412e+00,8.027310e-01,-3.765755e-01,-9.168965e-01,1.349242e+00,-4.410606e-02,-1.291656e+00,-8.644776e-02,-1.692746e-01,-5.500152e-03,0,-4.630148e-04
1.446824e-03,4.120370e-01,-3.592217e+00,-1.532762e+01,1.299238e+00,9.663334e+00,6.641651e+00,-3.221767e+00,2.551087e-01,2.969132e+00,-4.344278e+00,-1.081002e+01,-2.544109e+00,1.994560e-02,0,6.742733e-01,-1.305903e-05,-4.329210e-02,-5.839705e-03,5.441793e-01,8.516849e-01,8.830860e-01,-1.992668e-01,-7.655455e-01,3.360518e-01,-1.390401e+00,-1.081754e+00,7.048035e-01,4.736522e-01,-1.571471e-03,0,-3.159928e-03
1.489932e-03,6.455495e-01,-3.125586e+00,-1.537742e+01,4.953855e-01,9.949016e+00,6.878011e+00,-4.507456e+00,5.352811e-01,-8.418841e-01,-5.196253e+00,-7.482852e+00,-2.154938e+00,2.206104e-02,0,6.755581e-01,-9.410910e-06,-2.782151e-01,1.722925e-01,3.816045e-01,4.284539e-01,6.562783e-01,2.976300e-01,-3.319558e-01,-3.575061e-01,-1.793300e+00,-2.071647e-01,1.108878e+00,1.585162e-01,2.055002e-03,0,-5.370450e-03
1.466703e-03,-3.595336e-02,-2.906102e+00,-1.475356e+01,1.045089e+00,1.114059e+01,7.815516e+00,-4.902528e+00,-1.640912e+00,-2.616669e+00,-3.717946e+00,-5.271985e+00,-2.412290e+00,2.780296e-02,0,6.677564e-01,-4.756000e-05,-5.447146e-01,3.853287e-01,3.907487e-01,2.928299e-01,1.605068e-01,9.978985e-01,3.048861e-01,-5.466713e-01,-1.152392e+00,6.835703e-01,2.495176e-01,9.002114e-03,3.354488e-03,0,-1.032116e-02
1.400675e-03,-8.427026e-01,-2.666054e+00,-1.495743e+01,1.077994e+00,1.093294e+01,9.840866e+00,-2.544240e+00,-7.690719e-01,-3.124725e+00,-3.533539e+00,-7.032831e+00,-4.092744e+00,3.082502e-02,0,6.514760e-01,-9.436193e-05,-5.611892e-01,5.608277e-01,7.727762e-01,6.322021e-01,-5.836326e-01,4.139861e-01,7.711662e-01,-1.811478e-01,6.790137e-01,1.223982e+00,-1.207675e+00,3.738407e-01,1.843457e-03,0,-1.428627e-02
1.253652e-03,-1.567410e+00,-1.895340e+00,-1.358387e+01,2.472083e+00,9.973905e+00,1.014972e+01,-2.678945e+00,-1.826071e+00,-1.651409e+00,-1.757783e+00,-9.787439e+00,-1.530195e+00,3.233605e-02,0,6.347086e-01,-1.059085e-04,-2.596375e-01,8.782243e-01,1.029066e+00,4.321058e-01,-1.377319e+00,-6.521394e-01,4.155174e-01,3.501931e-01,1.553755e+00,1.210150e+00,-1.201175e+00,1.061543e+00,-8.461779e-04,0,-1.079985e-02
1.124648e-03,-1.394669e+00,-8.268283e-01,-1.209838e+01,2.942899e+00,7.614197e+00,7.780842e+00,-1.763417e+00,-2.778783e-01,2.070554e+00,-5.642533e-02,-1.126350e+01,-7.267817e-01,2.901179e-02,0,6.206507e-01,-8.987184e-05,2.400410e-03,1.059184e+00,1.167793e+00,2.934189e-01,-1.473659e+00,-1.664300e+00,-1.478633e-01,1.973878e-01,1.353807e+00,8.349511e-01,2.299953e-01,1.427605e+00,-3.022061e-03,0,-5.342388e-03
1.075174e-03,-1.058158e+00,5.654064e-01,-1.103775e+01,2.273166e+00,5.913372e+00,5.584831e+00,-3.215353e+00,-1.355434e-01,2.554464e+00,5.942466e-01,-9.162524e+00,1.212445e+00,2.447869e-02,0,6.291698e-01,-5.188652e-05,1.068860e-01,1.080288e+00,6.551374e-01,-2.781628e-01,-1.100915e+00,-1.264816e+00,-3.013454e-01,-1.996540e-01,1.980919e-01,-1.736531e-01,1.562919e+00,9.726799e-01,-4.079782e-03,0,6.150782e-04
1.040555e-03,-1.085326e+00,1.399493e+00,-1.039152e+01,2.644547e+00,5.594915e+00,3.801806e+00,-3.015352e+00,-6.273968e-01,1.541372e+00,-5.347983e-01,-6.195312e+00,1.673959e+00,1.964340e-02,0,6.275334e-01,-1.984916e-05,7.648667e-02,7.588109e-01,6.893778e-02,-6.868035e-01,-6.301141e-01,-5.140138e-02,8.292441e-02,-8.172330e-01,-8.778645e-01,-5.860384e-01,2.000607e+00,9.654173e-01,-2.417649e-03,0,1.632488e-03
1.036266e-03,-1.187651e+00,2.392938e+00,-1.116162e+01,1.230445e+00,5.478972e+00,5.815154e+00,-3.559704e+00,-2.649582e+00,-3.963585e-01,-2.386863e+00,-4.506937e+00,2.132834e+00,1.662134e-02,0,6.343426e-01,-8.335826e-06,2.478458e-02,3.870506e-01,-2.544010e-01,-9.551756e-01,-5.755536e-01,5.866054e-01,9.412037e-01,-7.325853e-01,-6.969022e-01,-3.029772e-01,1.714023e+00,6.127509e-01,1.813235e-04,0,-4.304399e-02
1.044856e-03,-9.474888e-01,2.053460e+00,-1.169176e+01,3.024228e-02,4.680827e+00,7.408674e+00,-1.176619e+00,-3.107024e+00,-8.433571e-01,-1.496063e+00,-3.588258e+00,3.640111e+00,2.085222e-02,0,6.262267e-01,-1.779152e-06,6.575187e-02,1.395677e-01,-1.872537e-01,-9.892788e-01,-8.395518e-01,2.335587e-01,8.260711e-01,2.319328e-02,-9.502731e-02,3.156864e-01,1.550764e+00,8.134144e-01,2.810517e-03,0,-6.244453e-02
1.031344e-03,-1.003154e+00,2.173676e+00,-1.165964e+01,-1.195559e+00,3.492648e+00,6.714424e+00,5.712988e-01,-2.558656e+00,2.623177e-01,-4.400071e-01,-1.895936e+00,3.293124e+00,2.478090e-02,0,4.146031e-01,-1.134956e-06,4.001032e-02,5.018766e-02,2.161268e-01,-3.764832e-01,-9.293255e-01,-1.115983e+00,1.355858e-01,8.098354e-01,8.128911e-01,6.819327e-01,1.148686e+00,2.440461e-01,3.656694e-03,0,-5.726143e-02
1.034120e-03,-8.488156e-01,2.206963e+00,-1.107878e+01,-1.088844e+00,2.390318e+00,4.519965e+00,-9.504981e-01,-5.568930e-01,7.368972e-01,7.020617e-02,2.530086e-01,5.160886e+00,2.961620e-02,0,4.251805e-01,5.487236e-06,-7.226362e-02,1.347213e-01,6.842887e-01,1.091836e-01,-9.860967e-01,-1.793218e+00,-7.368956e-01,1.116085e+00,1.538505e+00,4.635172e-01,3.634944e-01,-4.667074e-01,3.112723e-03,0,1.040470e-02
1.035959e-03,-1.036936e+00,2.567125e+00,-1.038747e+01,-9.242777e-02,1.977599e+00,1.679594e+00,-2.994836e+00,1.245297e-01,2.877970e+00,2.396666e-01,-6.841404e-01,2.592677e+00,3.052282e-02,0,4.485586e-01,1.160043e-05,-1.795180e-01,1.146324e-01,9.995540e-01,1.983111e-01,-1.015088e+00,-1.857210e+00,-4.900962e-01,1.167726e+00,1.538574e+00,4.066530e-01,-1.477750e-01,-6.720250e-01,2.387429e-03,0,7.230334e-02
1.069984e-03,-1.291916e+00,2.530342e+00,-8.906396e+00,2.459441e-02,5.078678e-01,9.599987e-01,-3.078030e+00,1.131810e+00,5.541342e+00,4.816862e-01,-2.376684e+00,1.656798e+00,3.354488e-02,0,6.612725e-01,1.761296e-05,-3.076082e-01,-1.973464e-01,1.271677e+00,-7.842211e-02,-1.393049e+00,-1.393898e+00,4.202453e-01,1.004855e+00,1.031340e+00,3.215895e-01,-2.357965e-02,-7.333349e-01,1.329707e-03,0,6.704949e-02
1.071414e-03,-1.679193e+00,2.585148e+00,-7.748058e+00,-7.607232e-01,-6.415662e-01,-7.916422e-01,-8.154162e-01,2.435622e+00,5.552967e+00,1.387518e+00,-1.319965e+00,1.685043e+00,3.475370e-02,0,6.580738e-01,1.562416e-05,-2.268935e-01,-4.270104e-01,1.180293e+00,-5.300276e-01,-1.579557e+00,-7.673004e-01,7.167393e-01,7.614925e-01,-8.884444e-02,2.604806e-01,4.212948e-01,-3.529493e-01,3.626477e-04,0,4.324863e-02
1.104457e-03,-2.065728e+00,1.211219e+00,-6.040102e+00,-1.146807e+00,-3.265343e+00,-1.213905e+00,6.101871e-02,3.311836e+00,4.556098e+00,1.104228e+00,4.530226e-01,1.948028e+00,3.414929e-02,0,6.556703e-01,9.905640e-06,-5.499009e-02,-4.207378e-01,5.663885e-01,-5.841668e-01,-1.286856e+00,-2.128122e-01,2.353293e-01,-4.034442e-02,-8.808615e-01,-7.566403e-02,2.657237e-01,-5.625789e-01,3.022067e-05,0,3.560567e-03
1.096844e-03,-1.784497e+00,1.091635e+00,-5.919154e+00,-2.156865e+00,-4.033579e+00,-1.069956e+00,-9.806635e-01,2.841979e+00,2.926370e+00,1.230799e+00,7.480621e-03,6.823151e-01,3.203385e-02,0,6.676028e-01,-1.213024e-06,1.219231e-01,-5.348836e-02,-1.769633e-01,-3.019747e-01,-2.439112e-01,3.075206e-01,-4.515652e-01,-1.100197e+00,-1.019078e+00,4.836184e-03,-6.132132e-01,-6.153082e-01,5.137500e-04,0,2.806687e-03
1.106798e-03,-1.514215e+00,1.173409e+00,-6.988905e+00,-2.198169e+00,-4.230404e+00,3.509482e-02,-1.818759e+00,7.269091e-01,2.450333e+00,1.817257e-01,-1.711788e+00,-6.547323e-01,3.505591e-02,0,6.743109e-01,-9.347650e-06,4.114182e-02,1.567608e-01,-3.650033e-01,2.295699e-01,5.209818e-01,8.861972e-01,-1.968408e-01,-1.845678e+00,-8.423896e-01,4.304609e-01,-6.593378e-01,-1.776934e-01,2.417646e-04,0,-8.533490e-03
1.064179e-03,-1.345335e+00,2.336612e+00,-8.158473e+00,-1.744916e+00,-1.378592e+00,1.214605e-01,-2.133353e+00,-1.772899e+00,1.510457e+00,1.872950e+00,-3.303626e+00,-9.011761e-02,3.686914e-02,0,6.627870e-01,3.637690e-05,-7.081116e-01,-5.266006e-01,8.328093e-01,4.645703e-01,4.453394e-01,1.649491e+00,5.093819e-01,-2.102206e+00,-1.803780e-01,1.430030e+00,3.107100e-02,7.146546e-01,-2.206105e-03,0,-2.123939e-02
1.074052e-03,-2.079600e+00,1.372535e+00,-6.745459e+00,-2.049321e-01,-1.987928e+00,2.621372e+00,-3.468407e-01,-3.609118e+00,1.052107e+00,2.935457e+00,-1.188113e+00,1.445778e+00,3.294047e-02,0,6.154108e-01,1.086304e-04,-1.992111e+00,-1.432524e+00,2.186758e+00,-2.999735e-01,-3.591221e-01,2.086441e+00,8.908328e-01,-1.595118e+00,6.839008e-01,2.194546e+00,9.578052e-01,1.924816e+00,-4.563312e-03,0,-2.420180e-02
1.295101e-03,-5.042363e+00,-1.640931e+00,-1.876831e+00,-8.306317e-01,-2.928120e+00,5.884360e+00,8.302869e-01,-5.501038e+00,2.723593e+00,7.004080e+00,-9.900180e-02,3.205333e+00,2.206104e-02,0,5.908559e-01,1.930460e-04,-3.262987e+00,-1.795486e+00,2.365989e+00,-1.682350e+00,-6.339025e-01,1.820107e+00,1.881688e-01,-1.212057e+00,1.051343e+00,1.616562e+00,8.326061e-01,2.618822e+00,8.461777e-04,0,-1.020775e-02
1.534489e-03,-9.626256e+00,-4.000440e+00,8.040636e-01,-4.155179e+00,-5.251250e+00,7.585847e+00,1.153584e+00,-5.384613e+00,5.263269e+00,8.588891e+00,1.474925e+00,7.321620e+00,1.964340e-02,0,5.892674e-01,2.431473e-04,-3.795814e+00,-5.777060e-01,6.232097e-01,-2.525219e+00,5.952876e-01,5.348172e-01,-7.612505e-01,-5.734990e-01,8.160650e-01,4.145096e-01,-3.375408e-01,2.507723e+00,1.344817e-02,0,-3.525810e-02
1.799190e-03,-1.388694e+01,-3.954330e+00,-1.032906e-01,-8.181543e+00,-2.916443e+00,6.739759e+00,-1.942721e+00,-6.945435e+00,4.661589e+00,7.129045e+00,-4.721143e-01,1.006607e+01,4.774857e-02,0,6.248199e-01,2.423321e-04,-3.079795e+00,1.472422e+00,-1.768410e+00,-1.630960e+00,1.864380e+00,-2.581529e-01,-9.580469e-01,-3.745313e-02,3.269664e-01,-6.687604e-01,-1.042990e+00,1.444127e+00,2.333031e-02,0,-9.231956e-02
2.037744e-03,-1.663638e+01,-3.592952e-01,-4.516180e+00,-9.155573e+00,9.826716e-01,4.867758e+00,-2.766589e+00,-5.754414e+00,4.163434e+00,4.945523e+00,-2.689261e+00,1.055402e+01,8.733756e-02,0,4.221383e-01,2.285229e-04,-1.556619e+00,2.682749e+00,-2.814711e+00,3.140140e-01,2.136806e+00,-7.191452e-01,-2.368252e-01,1.774584e-01,1.524174e-01,-5.689306e-02,-8.686180e-01,-1.282811e-01,1.731641e-02,0,-1.590532e-01
2.255135e-03,-1.693628e+01,3.900605e+00,-8.058761e+00,-6.485232e+00,3.276820e+00,5.952640e+00,-1.999861e+00,-5.503403e+00,4.908343e+00,5.481963e+00,-3.231858e+00,8.809770e+00,1.048655e-01,0,2.128227e-01,1.787769e-04,3.014936e-02,2.295008e+00,-2.275896e+00,1.621288e+00,7.761307e-01,-5.905631e-01,5.383654e-01,-1.990924e-01,1.140605e-01,6.187006e-01,-7.835217e-02,-1.055974e+00,4.472652e-03,0,-1.671778e-01
2.449131e-03,-1.588468e+01,5.485836e+00,-9.291757e+00,-3.433264e+00,2.336149e+00,4.383681e+00,-1.971722e-03,-5.218337e+00,5.901979e+00,9.127967e+00,-1.488292e+00,7.308364e+00,7.766698e-02,0,0,1.175871e-04,7.666491e-01,5.823398e-01,-1.184430e+00,1.141338e+00,-6.912702e-01,-8.273136e-01,6.864789e-01,-1.328450e+00,-2.083834e-01,-2.822742e-01,2.212061e-01,-1.572883e+00,1.662135e-03,0,-1.057099e-01
2.487381e-03,-1.411204e+01,4.598143e+00,-9.094983e+00,-2.936260e+00,2.874715e-01,4.028982e+00,-6.332034e-01,-8.208936e+00,4.362619e+00,8.131326e+00,-1.464360e+00,6.409029e+00,7.494712e-02,0,0,3.136879e-05,5.458000e-01,-7.707465e-01,-5.547069e-01,5.183265e-02,-9.098202e-01,-8.294705e-01,1.029474e+00,-1.701508e+00,3.226598e-01,-2.146465e+00,-1.282660e-01,-1.559231e+00,1.072832e-02,0,-4.256454e-02
2.509556e-03,-1.421525e+01,2.203635e+00,-9.920219e+00,-5.223371e+00,-9.790053e-01,1.693019e+00,-1.752313e-02,-1.104390e+01,3.394378e+00,2.209471e+00,-2.466980e+00,3.889979e+00,1.106074e-01,0,0,-1.194106e-04,8.375826e-02,-1.040703e+00,-1.347490e-01,1.055147e-01,-9.306351e-03,-3.263005e-01,1.570974e+00,-9.128030e-01,9.403127e-01,-2.953770e+00,-4.355835e-01,-1.246799e+00,1.341795e-02,0,0
2.381766e-03,-1.504199e+01,1.687973e+00,-1.051806e+01,-5.331016e+00,3.852969e-01,3.150619e+00,3.155287e+00,-1.109816e+01,7.775442e+00,-1.791112e+00,-3.383844e+00,2.722808e+00,1.420369e-01,0,0,-2.628174e-04,-7.034626e-02,-4.366777e-01,7.911698e-01,1.344216e+00,1.392914e+00,-1.359002e-01,1.997338e+00,7.352921e-01,1.016542e+00,-1.368481e+00,-2.493061e-01,-4.440320e-01,-2.055003e-03,0,0
1.904885e-03,-1.500092e+01,1.737404e+00,-9.253962e+00,-1.708313e+00,2.240705e+00,3.191360e+00,5.958655e+00,-8.337739e+00,8.897132e+00,-6.796627e-01,-2.706467e+00,2.917478e+00,1.112118e-01,0,0,-3.612466e-04,3.023582e-01,1.678766e-01,1.669797e+00,2.267971e+00,2.063453e+00,-3.732270e-01,1.080013e+00,1.808175e+00,-5.690893e-01,7.442476e-01,-2.238975e-01,5.562490e-01,-1.804171e-02,0,0
1.475630e-03,-1.407094e+01,2.647870e+00,-5.472263e+00,2.027289e+00,5.642187e+00,2.600311e+00,6.365397e+00,-5.885555e+00,6.693951e+00,2.733488e+00,-2.591147e+00,4.675119e+00,6.436990e-02,0,0,-3.309248e-04,6.012039e-01,2.190081e-01,1.713449e+00,1.489971e+00,1.346378e+00,-9.227241e-01,-3.685121e-01,1.785386e+00,-2.076122e+00,1.699610e+00,-5.161069e-01,5.773784e-01,-1.462678e-02,0,0
1.156391e-03,-1.318899e+01,2.563069e+00,-4.094135e+00,2.437330e+00,6.709814e+00,1.020385e-01,3.777485e+00,-4.609325e+00,1.089677e+00,3.668408e+00,-3.982816e+00,5.695068e+00,5.923240e-02,0,0,-2.087181e-04,9.363944e-01,2.760240e-01,9.194306e-01,-3.164623e-01,-2.969562e-01,-7.199472e-01,-1.563130e+00,1.189002e+00,-1.655294e+00,1.303441e+00,-1.028522e+00,-2.246788e-01,1.722576e-03,0,2.737373e-02
1.101389e-03,-1.294194e+01,2.370181e+00,-4.530734e+00,4.601971e-02,4.882631e+00,8.165908e-02,2.403311e+00,-4.035436e+00,1.298562e+00,4.532903e+00,-5.326204e+00,4.220905e+00,9.489272e-02,0,0,-6.264575e-05,1.632354e+00,2.747299e-01,-3.057121e-01,-2.186148e+00,-2.027875e+00,-2.613915e-01,-2.409298e+00,1.050141e+00,3.889987e-01,4.893231e-01,-1.211289e+00,-1.149894e+00,7.736477e-03,0,8.699974e-02
1.048415e-03,-1.088345e+01,3.256369e+00,-5.127573e+00,-2.299990e+00,1.135702e+00,8.509503e-01,1.240499e-01,-3.317787e+00,3.318354e+00,4.937833e+00,-6.481546e+00,2.021191e+00,1.045633e-01,0,1.368687e-01,8.765979e-05,2.508530e+00,4.490755e-01,-1.037105e+00,-3.336801e+00,-2.467029e+00,-3.499681e-01,-2.919524e+00,1.339660e+00,2.714859e+00,-6.754951e-02,-5.706533e-01,-1.376078e+00,-4.774856e-03,0,1.558229e-01
1.216389e-03,-7.061944e+00,3.674870e+00,-6.484104e+00,-6.534792e+00,-1.710131e+00,9.188973e-01,-3.854378e+00,-1.280621e+00,7.524606e+00,4.545391e+00,-7.398229e+00,7.625864e-01,8.038682e-02,0,3.665644e-01,1.899575e-04,2.993249e+00,6.956796e-02,-1.694988e+00,-3.593813e+00,-1.737933e+00,-8.094952e-01,-3.203906e+00,1.895139e+00,3.143040e+00,-6.000472e-01,1.640705e-01,-8.867500e-01,-2.033847e-02,1.025100e+01,1.855989e-01
1.537190e-03,-3.586335e+00,4.156103e+00,-8.302976e+00,-1.095627e+01,-2.328948e+00,-2.066422e+00,-7.691289e+00,7.115685e-01,1.155095e+01,3.324417e+00,-5.800070e+00,5.438359e-01,4.261106e-02,0,5.958323e-01,2.172489e-04,2.441820e+00,-5.589792e-01,-2.135396e+00,-2.480408e+00,-4.966004e-01,-1.403557e+00,-2.305986e+00,1.920313e+00,2.573474e+00,-5.243421e-01,5.728465e-01,-4.396409e-01,-2.206105e-02,2.551397e+01,1.477419e-01
1.806789e-03,-1.624249e+00,2.268154e+00,-1.141797e+01,-1.359491e+01,-2.074711e+00,-2.507131e+00,-9.708549e+00,3.425582e+00,1.289746e+01,2.339375e+00,-4.846590e+00,5.258321e-01,2.417649e-02,5.125500e+01,6.985126e-01,1.238198e-04,1.456774e+00,-8.514344e-01,-2.111342e+00,-1.385533e-01,2.247204e-01,-1.894403e+00,-1.275294e+00,1.055009e+00,1.223141e+00,-1.757516e-01,4.364424e-01,-2.951032e-01,-1.350861e-02,4.070080e+01,8.099400e-02
1.839459e-03,-1.393196e+00,1.164831e+00,-1.333762e+01,-1.117197e+01,-1.165011e+00,-4.453820e+00,-8.478795e+00,3.930679e+00,1.349929e+01,3.419131e+00,-4.893133e+00,-5.863636e-02,2.236325e-02,1.019423e+02,7.096040e-01,-1.003701e-05,6.604897e-01,-6.994979e-01,-1.401292e+00,2.121986e+00,3.788822e-01,-2.287083e+00,-9.378937e-01,-3.104841e-01,-3.497429e-02,1.237360e-01,6.928396e-03,-9.533931e-02,-4.230885e-03,3.038335e+01,2.294775e-02
1.684353e-03,-8.746451e-01,9.133341e-01,-1.452349e+01,-7.119707e+00,-1.168498e+00,-7.359419e+00,-9.837093e+00,2.384870e+00,1.266614e+01,3.619276e+00,-5.669486e+00,-4.116933e-01,2.296766e-02,1.525328e+02,7.146485e-01,-1.039493e-04,1.994329e-01,-9.717191e-03,-8.892059e-02,3.001568e+00,8.254708e-02,-2.709368e+00,-1.296902e+00,-1.509219e+00,-5.854003e-01,9.021807e-03,4.033751e-02,7.434196e-02,-6.346328e-04,-1.993515e-01,-2.273071e-03
1.548223e-03,-6.586888e-01,1.336023e+00,-1.375667e+01,-3.583937e+00,-8.876439e-01,-1.107569e+01,-1.231649e+01,-3.204958e-01,1.149174e+01,3.303147e+00,-5.353981e+00,5.359020e-01,2.206104e-02,1.012778e+02,7.025030e-01,-1.190404e-04,-3.174555e-02,3.380395e-01,1.073267e+00,2.250403e+00,-4.313879e-01,-2.270039e+00,-1.462790e+00,-1.784047e+00,-1.197934e+00,-3.947287e-01,2.963533e-01,3.235661e-01,-4.835300e-04,-3.058270e+01,-7.089776e-03
1.432661e-03,-9.943376e-01,2.133972e+00,-1.165305e+01,-2.381083e+00,-1.800659e+00,-1.274304e+01,-1.427421e+01,-1.994924e+00,1.097424e+01,2.442477e+00,-4.414479e+00,6.002727e-01,2.115443e-02,5.059050e+01,6.906977e-01,-8.746836e-05,-2.180872e-01,5.559750e-01,1.616842e+00,9.146320e-01,-1.034410e+00,-1.337367e+00,-5.352423e-01,-1.338932e+00,-1.313889e+00,-4.846163e-01,4.024053e-01,9.738477e-02,1.813237e-04,-4.063435e+01,-6.260091e-03
1.370103e-03,-1.492077e+00,2.244709e+00,-9.406506e+00,-2.289270e+00,-3.005870e+00,-1.311221e+01,-1.357419e+01,-2.799657e+00,8.355573e+00,2.033887e+00,-4.038870e+00,1.053211e+00,2.085222e-02,0,6.861305e-01,-5.410372e-05,-2.271865e-01,4.556753e-01,1.616457e+00,-1.586054e-01,-1.652369e+00,-7.251263e-02,1.276768e+00,-3.396549e-01,-1.982609e+00,-6.816304e-01,5.054213e-01,-4.836860e-01,1.239045e-03,-2.531462e+01,-1.607066e-03
1.336071e-03,-1.548387e+00,3.238866e+00,-8.614371e+00,-3.193881e+00,-5.281435e+00,-1.302800e+01,-1.188445e+01,-3.070209e+00,7.664780e+00,1.830824e+00,-4.315014e+00,-1.834242e-01,2.447869e-02,0,6.915343e-01,-2.459384e-05,-5.896342e-02,2.050888e-01,1.253254e+00,-8.287216e-01,-1.659911e+00,8.201922e-01,2.538864e+00,8.199297e-01,-2.753856e+00,-5.961315e-01,7.112492e-01,-8.036186e-01,1.843457e-03,-1.011810e+01,-4.140389e-03
1.325999e-03,-1.517597e+00,3.061952e+00,-7.193726e+00,-3.970565e+00,-7.409100e+00,-1.129578e+01,-7.127524e+00,-1.481128e+00,3.233426e+00,2.008206e-01,-2.876606e+00,-1.490679e+00,2.659414e-02,0,6.940494e-01,-5.862652e-06,1.006622e-01,-5.820603e-02,1.065655e+00,-1.043705e+00,-1.326322e+00,1.479650e+00,2.892763e+00,1.396689e+00,-2.988788e+00,5.266828e-02,1.246077e+00,-8.790678e-01,1.752796e-03,0,-8.787537e-03
1.331744e-03,-1.276395e+00,2.750794e+00,-6.493167e+00,-5.684044e+00,-7.898598e+00,-9.550290e+00,-4.803227e+00,1.445460e+00,-2.339683e-01,3.783522e-01,-1.439365e+00,-2.145875e+00,2.750076e-02,0,6.660363e-01,-1.455529e-06,2.275202e-01,-2.490822e-01,8.805630e-01,-8.697753e-01,-5.120934e-01,1.723465e+00,2.120857e+00,1.009044e+00,-2.197185e+00,1.358158e+00,1.339896e+00,-7.733804e-01,8.763982e-04,0,-1.350498e-02
1.342954e-03,-1.124762e+00,2.197715e+00,-5.138831e+00,-6.262715e+00,-8.328900e+00,-7.452809e+00,-2.650987e+00,1.925954e+00,-2.638991e+00,3.023464e+00,7.536912e-01,-2.360902e+00,2.810517e-02,0,6.549419e-01,-1.611896e-05,1.737278e-01,7.821488e-02,9.304684e-01,-1.528259e-01,-1.250791e-01,1.651674e+00,8.242213e-01,-3.506500e-01,-5.177010e-01,2.130992e+00,8.597554e-01,-6.116067e-01,4.835300e-04,0,-1.020058e-02
1.320316e-03,-6.072028e-01,2.425574e+00,-5.239004e+00,-6.396682e+00,-7.382001e+00,-6.332155e+00,-3.518436e+00,2.714697e-01,-3.849346e-01,7.210295e+00,5.693181e-01,-3.615215e+00,2.810517e-02,0,6.435632e-01,-4.383730e-05,-6.021814e-02,5.075879e-01,1.200636e+00,7.029495e-01,-5.116892e-02,1.518366e+00,1.640892e-03,-1.489823e+00,6.056830e-01,1.264020e+00,6.364188e-03,-2.316804e-01,-3.626475e-04,0,-5.192482e-03
1.251118e-03,-9.835537e-01,3.615637e+00,-3.168466e+00,-4.378376e+00,-8.292793e+00,-4.646476e+00,-3.648813e+00,-2.647383e+00,7.204041e-01,7.439808e+00,4.178296e-01,-3.814043e+00,2.870958e-02,0,6.542830e-01,-6.646572e-05,-3.840981e-01,9.747340e-01,1.445253e+00,1.130491e+00,-1.589044e-01,1.129710e+00,-6.262575e-01,-1.588179e+00,3.517913e-01,-7.310004e-01,-7.488929e-01,4.207763e-01,-1.299487e-03,0,-5.786038e-03
1.158475e-03,-1.648090e+00,4.579772e+00,-1.475171e+00,-3.111466e+00,-8.172496e+00,-3.361625e+00,-4.296110e+00,-3.716988e+00,1.114749e+00,4.490282e+00,-1.239613e+00,-2.577707e+00,2.538531e-02,0,6.404033e-01,-6.347500e-05,-4.935075e-01,9.446942e-01,1.230967e+00,1.033120e+00,-3.151100e-01,5.543229e-01,-5.784703e-01,-7.725769e-01,-2.574637e-01,-1.924901e+00,-7.840665e-01,9.277790e-01,-2.447870e-03,0,-5.828029e-03
1.091546e-03,-2.524809e+00,5.994286e+00,2.055185e-01,-2.252867e+00,-8.728175e+00,-3.289524e+00,-5.393438e+00,-4.020710e+00,-1.629877e+00,7.284686e-01,-2.086308e+00,-7.757747e-01,2.296766e-02,0,6.275916e-01,-4.945124e-05,-2.161134e-01,6.336399e-01,2.024994e-01,6.716708e-01,8.051720e-02,-2.281736e-01,-2.684200e-01,2.590685e-01,-3.828059e-01,-1.458393e+00,-5.103568e-01,6.153629e-01,-2.780296e-03,0,-4.813296e-02
1.082727e-03,-2.304112e+00,5.959720e+00,-7.711606e-01,-2.293835e+00,-8.739861e+00,-4.239017e+00,-5.538476e+00,-2.904752e+00,-4.971125e-01,9.414611e-01,-2.098946e+00,-4.954535e-01,1.873678e-02,0,6.277688e-01,-3.918933e-05,1.022039e-01,2.078200e-01,-6.443329e-01,6.129284e-01,6.612450e-01,-3.884456e-01,4.865963e-01,8.089685e-01,-1.517010e-01,-3.951511e-01,-1.239814e-01,-1.907849e-01,-2.357208e-03,0,-1.063204e-01
1.041736e-03,-1.736110e+00,6.093863e+00,-2.507974e+00,-1.428837e+00,-7.606525e+00,-5.348648e+00,-4.369730e+00,-1.758158e+00,-3.876947e-01,1.922256e+00,-1.704288e+00,-1.778355e+00,1.813237e-02,0,4.199355e-01,-3.665245e-05,2.969960e-01,-5.884562e-02,-9.074335e-01,6.707994e-01,1.331462e+00,1.440578e-01,1.042706e+00,1.084279e+00,1.498975e-01,2.537928e-01,-1.833839e-01,-1.156066e+00,-7.555157e-04,0,-1.670323e-01
9.874335e-04,-1.531420e+00,5.569084e+00,-3.340089e+00,-4.588387e-01,-5.427096e+00,-4.274291e+00,-2.374982e+00,-8.034208e-01,-2.648467e-01,1.917633e+00,-2.050530e+00,-3.030341e+00,1.601692e-02,0,2.126293e-01,-3.285614e-05,1.679056e-01,-8.820267e-02,-3.977675e-01,6.305188e-01,1.657815e+00,8.030802e-01,8.521978e-01,1.034312e+00,-3.543046e-01,-1.492633e-01,-2.229576e-01,-1.026125e+00,1.269265e-03,0,-1.675473e-01
9.559307e-04,-1.426175e+00,5.895376e+00,-3.047185e+00,1.836324e-01,-3.727247e+00,-2.551598e+00,-1.761655e+00,3.500201e-01,-9.965218e-01,1.509347e+00,-3.027435e+00,-5.288661e+00,2.055001e-02,0,0,-1.951938e-05,-9.311123e-02,-6.084514e-02,-9.148097e-02,1.611872e-01,1.343359e+00,8.937287e-01,-1.070534e-01,6.273691e-01,-2.490855e-01,-2.385184e-01,1.385362e-01,-2.387019e-01,3.807797e-03,0,-1.052500e-01
9.613493e-04,-1.619551e+00,5.617950e+00,-2.490392e+00,5.252450e-02,-2.390422e+00,-1.622141e+00,-2.581524e+00,1.212721e+00,-1.964222e+00,4.015993e-01,-2.552160e+00,-3.870924e+00,2.387428e-02,0,0,-1.136496e-05,-4.109205e-01,-9.310732e-02,-5.203353e-01,-4.463539e-01,7.488592e-01,4.572639e-01,-6.066654e-01,2.356921e-01,-1.491387e-01,1.004670e-01,5.659732e-01,9.629324e-01,7.071623e-03,0,-4.252585e-02
9.571810e-04,-2.157600e+00,5.765204e+00,-3.390227e+00,-8.785827e-01,-2.408068e+00,-2.206079e+00,-4.801726e+00,3.706160e-01,-7.834349e-01,1.487681e+00,-7.607915e-01,-2.551573e+00,3.324267e-02,0,0,-1.401185e-05,-7.233047e-01,-3.225726e-01,-1.142453e+00,-1.006976e+00,-1.097491e-01,1.723812e-01,-5.116720e-01,-1.815740e-01,3.421436e-01,6.267073e-01,6.996037e-01,1.475657e+00,9.972801e-03,0,0
9.299835e-04,-3.220310e+00,5.168633e+00,-5.770245e+00,-2.159501e+00,-2.342390e+00,-2.160730e+00,-3.888274e+00,3.647415e-01,-1.117083e+00,2.430800e+00,-3.539858e-01,4.157769e-01,4.502871e-02,0,0,-1.511017e-05,-1.054768e+00,-5.611345e-01,-1.461399e+00,-1.414491e+00,-1.125343e+00,-1.342236e-01,-1.845598e-01,3.005818e-01,6.387033e-01,9.557384e-01,5.031394e-01,1.209764e+00,1.396192e-02,0,0
9.015544e-04,-4.242320e+00,4.507171e+00,-7.119522e+00,-3.745234e+00,-4.300009e+00,-1.420397e+00,-3.666640e+00,-1.338598e-01,2.906269e-01,3.628282e+00,-6.285041e-01,-5.372791e-02,5.983681e-02,0,0,7.959747e-06,-1.451056e+00,-5.911019e-01,-8.702714e-01,-1.452281e+00,-1.498935e+00,-1.005413e-01,-4.218498e-01,7.988678e-01,5.160024e-01,2.187183e-01,4.325400e-01,3.806467e-01,1.640979e-02,0,3.522413e-02
9.136118e-04,-5.851031e+00,3.441294e+00,-7.932738e+00,-5.586605e+00,-7.071165e+00,-2.686100e+00,-4.071866e+00,2.967868e+00,6.922638e-01,4.109991e+00,-1.026071e-01,9.289737e-01,8.038682e-02,0,0,6.985085e-05,-1.981923e+00,-1.596863e-01,1.881857e-01,-1.624648e+00,-1.382247e+00,-2.232979e-01,-1.353492e+00,1.148035e+00,7.684082e-01,-3.217621e-01,7.891670e-01,-7.150390e-01,1.628891e-02,0,9.440014e-02
1.005166e-03,-8.097520e+00,3.673364e+00,-6.660337e+00,-6.426435e+00,-7.538356e+00,-2.446101e+00,-6.819179e+00,3.063392e+00,8.919037e-01,1.741678e+00,1.276219e+00,-9.049379e-01,9.761258e-02,0,1.761207e-01,1.537600e-04,-2.381557e+00,5.180609e-01,9.945079e-01,-1.606426e+00,-6.771749e-01,4.744195e-01,-1.836061e+00,4.301936e-01,4.734066e-01,-1.090915e+00,1.047474e+00,-9.164888e-01,1.178604e-02,0,1.151821e-01
1.227432e-03,-1.120232e+01,4.787105e+00,-5.058908e+00,-8.942142e+00,-7.634453e+00,-2.764368e+00,-9.079465e+00,4.506290e+00,2.424319e+00,1.765292e+00,2.639488e+00,-2.733813e+00,1.075854e-01,0,3.839404e-01,2.336035e-04,-2.395961e+00,8.857855e-01,1.524224e+00,-1.859164e+00,-3.363608e-01,1.850629e+00,-1.776063e+00,-1.201768e+00,6.950802e-01,-1.010309e+00,7.639971e-01,-7.502141e-01,4.019340e-03,0,6.234591e-02
1.513444e-03,-1.347446e+01,6.424570e+00,-3.583897e+00,-1.009960e+01,-7.404240e+00,9.908342e-01,-1.034314e+01,1.247897e+00,1.791632e+00,-6.539420e-01,3.237819e+00,-2.804778e+00,1.051677e-01,0,3.839404e-01,2.934659e-04,-2.069204e+00,6.992938e-01,1.819433e+00,-1.833732e+00,-6.924949e-01,2.637328e+00,-7.451207e-01,-1.957165e+00,5.378829e-01,-3.494686e-01,4.588845e-01,3.858943e-02,-4.230888e-03,0,-6.217341e-03
1.827490e-03,-1.514237e+01,6.494619e+00,-1.849836e+00,-1.304585e+01,-8.820027e+00,4.848577e+00,-1.119020e+01,-2.133223e+00,3.717801e+00,2.562575e-01,2.736579e+00,-1.872177e+00,9.670595e-02,0,2.078197e-01,2.756020e-04,-1.477493e+00,1.792820e-01,2.236937e+00,-1.122995e+00,-1.130927e+00,2.444061e+00,1.247925e-01,-1.796981e+00,5.641459e-01,6.096907e-01,1.670048e-01,5.031642e-01,-1.030523e-02,0,-4.525383e-02
2.172466e-03,-1.647352e+01,6.316076e+00,8.322928e-01,-1.354324e+01,-1.040804e+01,6.934066e+00,-9.489415e+00,-3.402675e+00,2.934577e+00,7.488516e-01,3.522096e+00,-1.142809e+00,8.189785e-02,0,2.330943e-01,1.505881e-04,-7.491053e-01,-3.561933e-01,2.182721e+00,-3.338435e-01,-1.689128e+00,9.191955e-01,6.887442e-01,-6.268961e-01,4.113051e-01,1.762756e+00,1.581156e-01,9.081600e-01,-1.287398e-02,0,1.169500e-02
2.275931e-03,-1.709026e+01,5.737762e+00,3.917680e+00,-1.283529e+01,-1.178719e+01,6.484321e+00,-8.882367e+00,-2.153331e+00,4.673576e+00,4.112349e+00,3.332373e+00,-1.048977e+00,6.769416e-02,0,2.330943e-01,-6.966854e-05,1.731846e-01,-7.511908e-01,1.263070e+00,5.631077e-01,-1.371132e+00,-6.318133e-01,8.915237e-01,1.727851e-01,3.314269e-01,1.940449e+00,-1.054386e-01,1.230648e+00,-1.281354e-02,0,5.330080e-02
2.042164e-03,-1.624604e+01,5.022032e+00,4.445947e+00,-1.187409e+01,-1.436630e+01,4.768940e+00,-8.053340e+00,-1.876529e+00,3.370270e+00,6.231793e+00,3.730500e+00,1.324422e+00,5.530372e-02,0,4.297781e-01,-2.647662e-04,1.172566e+00,-1.004162e+00,-9.162228e-02,5.889378e-01,-2.765692e-01,-1.355385e+00,6.949235e-01,6.851131e-01,7.385868e-01,1.779649e+00,-5.620641e-01,1.346177e+00,-1.251133e-02,0,8.189656e-02
1.544299e-03,-1.439019e+01,3.385687e+00,2.658687e+00,-1.106488e+01,-1.369656e+01,2.772074e+00,-7.450619e+00,-2.032371e+00,5.157089e+00,7.217032e+00,2.105184e+00,3.047450e+00,4.593533e-02,0,3.759818e-01,-3.154414e-04,1.840450e+00,-6.286373e-01,-7.688731e-01,4.615013e-01,1.094814e+00,-1.271874e+00,8.058590e-01,9.629171e-01,6.123322e-01,7.900901e-01,-8.782725e-01,5.732594e-01,-1.272288e-02,0,6.997628e-02
1.214451e-03,-1.196072e+01,2.471304e+00,1.003678e+00,-1.148376e+01,-1.083620e+01,2.013263e+00,-6.730671e+00,-3.759003e-02,6.385755e+00,8.094754e+00,1.325370e+00,3.539865e+00,3.022061e-02,0,5.711333e-01,-2.217604e-04,2.083010e+00,2.592434e-01,-4.210537e-01,1.919302e-01,1.672706e+00,-5.462254e-01,6.352605e-01,9.460196e-01,2.246357e-01,-4.454885e-01,-1.474998e+00,-7.091148e-01,-1.175582e-02,0,3.123530e-02
1.112581e-03,-1.003067e+01,3.869940e+00,1.794449e+00,-1.072295e+01,-8.078166e+00,1.502790e+00,-5.514406e+00,1.741784e+00,6.227495e+00,7.131319e+00,1.435752e-01,7.095985e-01,1.662134e-02,0,5.122980e-01,-8.802026e-05,1.907703e+00,1.228505e+00,3.049688e-01,1.212065e-01,9.289657e-01,-5.867817e-02,3.768970e-01,2.031841e-01,-1.255140e+00,-1.866759e+00,-1.967898e+00,-1.649123e+00,-7.887581e-03,0,2.414808e-02
1.149221e-03,-8.010747e+00,6.076122e+00,2.772797e+00,-1.108540e+01,-8.811963e+00,2.672455e+00,-5.845144e+00,9.664915e-01,3.958246e+00,4.047207e+00,-2.663684e+00,-1.052226e+00,1.118163e-02,0,5.177965e-01,-1.704813e-05,1.558828e+00,1.552869e+00,4.505867e-01,2.714055e-01,-2.092726e-01,-2.734296e-01,8.088885e-02,-5.526214e-01,-2.173735e+00,-2.932834e+00,-2.094111e+00,-1.741386e+00,-1.571473e-03,0,5.838317e-03
1.136812e-03,-6.826660e+00,7.725805e+00,3.298971e+00,-1.065803e+01,-1.006385e+01,2.149087e+00,-6.008898e+00,-1.518491e+00,9.514245e-02,-9.299055e-02,-5.739778e+00,-2.902117e+00,1.601692e-02,0,5.233907e-01,-1.536183e-05,1.198620e+00,1.151709e+00,-1.989307e-02,5.295561e-01,-6.390445e-01,-7.997186e-01,-4.335995e-01,-7.247393e-01,-2.195840e+00,-2.321934e+00,-1.450110e+00,-1.124185e+00,3.022061e-03,0,2.716777e-02
1.117095e-03,-5.768591e+00,8.307715e+00,2.504351e+00,-1.015919e+01,-1.088972e+01,3.229666e-01,-6.078981e+00,-1.170559e+00,-1.416746e+00,-2.957262e+00,-6.203506e+00,-3.361206e+00,2.266546e-02,0,5.947786e-01,5.502719e-07,7.979136e-01,2.372662e-01,-7.880039e-01,1.107112e+00,-1.500511e-03,-1.270464e+00,-5.302908e-01,-5.966604e-01,-1.745927e+00,-1.214611e+00,-2.566786e-01,-7.057906e-01,4.623753e-03,0,2.276945e-02
1.051835e-03,-5.158648e+00,8.512691e+00,1.829207e+00,-8.538277e+00,-1.023451e+01,-1.321059e+00,-7.565485e+00,-8.133864e-01,-2.064209e+00,-9.761168e-01,-5.337065e+00,-3.756835e+00,2.598973e-02,0,6.096458e-01,3.232090e-05,5.864047e-01,-5.611325e-01,-1.520247e+00,1.252950e+00,1.290274e+00,-8.982216e-01,-2.584009e-01,-5.393785e-01,-7.827940e-01,2.240032e-01,4.153639e-01,4.974148e-02,4.412209e-03,0,5.337960e-03
1.194461e-03,-4.855185e+00,6.869010e+00,-4.323398e-01,-6.609721e+00,-8.734138e+00,-1.944791e+00,-7.718304e+00,-2.369363e+00,-3.691713e+00,-1.584283e+00,-4.148433e+00,-4.153821e+00,2.931399e-02,0,5.885161e-01,4.807152e-05,3.205903e-01,-6.879449e-01,-1.570574e+00,9.003565e-01,1.796865e+00,-2.623950e-01,1.694951e-01,-6.093813e-01,-2.892367e-01,6.827062e-01,6.182244e-01,4.324788e-01,4.805078e-03,0,-5.388952e-02
1.259734e-03,-4.351340e+00,5.639495e+00,-2.833916e+00,-6.168013e+00,-4.690277e+00,-1.208142e+00,-6.481241e+00,-3.615982e+00,-2.681344e+00,3.405359e-01,-4.690495e+00,-2.257102e+00,3.475370e-02,0,5.532117e-01,8.705259e-06,2.211021e-01,-1.384510e-01,-8.410536e-01,1.291656e-02,1.173283e+00,3.110720e-02,6.734304e-01,2.625296e-01,3.094396e-01,6.649789e-01,5.057367e-01,7.104543e-01,6.376548e-03,0,-1.106396e-01
1.253503e-03,-4.569294e+00,6.304588e+00,-3.016959e+00,-6.842541e+00,-4.677512e+00,-1.045467e+00,-5.773628e+00,-2.816168e+00,-2.554362e+00,-2.020574e-01,-3.435670e+00,-1.948678e+00,4.230886e-02,0,3.535480e-01,-6.481758e-05,7.902960e-02,6.762318e-01,3.849477e-01,-6.606531e-01,-4.185808e-01,3.328443e-04,7.319422e-02,1.519816e+00,6.989741e-01,6.458681e-01,3.719090e-01,2.462142e-01,5.953460e-03,0,-1.556312e-01
1.065840e-03,-4.196083e+00,8.102647e+00,-1.083752e+00,-8.357284e+00,-6.396406e+00,-1.615185e+00,-5.170671e+00,7.226638e-01,-1.085687e+00,1.657665e+00,-3.164763e+00,-1.307135e+00,5.137504e-02,0,1.739321e-01,-8.708103e-05,-3.665123e-02,9.383715e-01,1.016249e+00,-7.668241e-01,-1.405091e+00,-2.868944e-02,-3.527363e-01,1.880696e+00,3.128836e-01,-9.895977e-02,-1.254291e-01,-1.920240e-01,4.049561e-03,0,-1.459971e-01
9.673201e-04,-4.537665e+00,9.018594e+00,6.173165e-01,-8.818351e+00,-9.973977e+00,-1.739606e+00,-8.007618e+00,3.060392e+00,-9.946713e-01,9.864932e-01,-3.051754e+00,-3.397734e+00,5.077063e-02,0,0,-6.447766e-05,-2.023182e-02,7.242005e-01,8.838293e-01,-4.241821e-01,-1.382939e+00,1.634348e-01,-5.502875e-01,1.114527e+00,3.614427e-01,-3.348697e-01,-5.280919e-01,-3.984137e-01,-6.044097e-05,0,-8.810282e-02
9.674200e-04,-4.550410e+00,8.974350e+00,4.301895e-01,-9.014229e+00,-9.067500e+00,-1.004520e+00,-7.127927e+00,2.849216e+00,-1.896771e+00,-7.485383e-01,-5.509598e+00,-2.492695e+00,5.077063e-02,0,0,-1.368835e-05,-6.487594e-02,4.530861e-01,4.330878e-01,-1.422167e-02,-7.489629e-01,8.831455e-02,-2.614645e-01,-1.846956e-01,4.331647e-01,-3.318081e-01,-4.510353e-01,-3.040612e-01,-4.230885e-03,0,-3.478641e-02
9.803246e-04,-4.493289e+00,9.489739e+00,6.452168e-01,-8.634979e+00,-1.025666e+01,-5.336256e-01,-7.546438e+00,1.693190e+00,-3.416063e-01,-6.733043e-01,-4.903712e+00,-3.347966e+00,4.230886e-02,0,0,1.486887e-05,2.310302e-01,-2.552266e-01,-5.588511e-01,4.005357e-01,8.005840e-01,3.785916e-01,-2.283890e-01,-1.275804e+00,7.558101e-01,7.881263e-01,5.437098e-01,-1.323253e-01,-5.983681e-03,0,3.899600e-02
9.908961e-04,-4.542651e+00,1.013250e+01,1.067737e+00,-8.520078e+00,-9.999878e+00,-1.776602e+00,-6.708584e+00,4.827873e-01,7.536036e-01,8.285236e-01,-4.493961e+00,-2.852324e+00,3.445150e-02,0,0,2.312522e-05,5.246811e-01,-1.069787e+00,-1.713107e+00,5.073148e-01,2.097992e+00,6.621488e-01,-9.108295e-01,-2.199873e+00,7.968116e-01,2.114948e+00,1.462703e+00,-2.339174e-01,-5.802357e-03,0,1.006353e-01
1.029926e-03,-3.386394e+00,7.163383e+00,-2.495713e+00,-7.062748e+00,-5.504868e+00,5.393937e-01,-9.359235e+00,-2.135412e+00,1.459192e+00,4.138594e+00,-8.410239e-01,-3.879545e+00,2.901179e-02,0,1.949800e-01,2.443597e-05,8.075823e-01,-1.814945e+00,-2.642090e+00,4.950850e-01,3.310365e+00,7.146547e-01,-1.262465e+00,-2.312637e+00,5.404042e-01,2.058257e+00,1.387408e+00,-3.157694e-01,-2.236325e-03,0,1.664517e-01
1.058245e-03,-2.480452e+00,4.788595e+00,-6.564880e+00,-7.263771e+00,-9.534371e-01,1.769715e+00,-1.077568e+01,-6.235851e+00,1.186888e+00,7.420254e+00,-2.274260e-01,-3.396492e+00,2.840737e-02,0,4.056865e-01,1.702079e-05,8.171710e-01,-1.675501e+00,-2.269967e+00,4.204051e-01,2.506664e+00,-2.552708e-01,-1.225624e+00,-1.138290e+00,6.440061e-01,1.006292e+00,6.210629e-01,-1.395448e-01,3.928680e-04,0,1.741427e-01
1.068830e-03,-1.486477e+00,3.086969e+00,-8.748925e+00,-6.787708e+00,1.771942e+00,1.266490e+00,-1.182522e+01,-6.510677e+00,2.143773e+00,6.322116e+00,-9.993982e-02,-4.654729e+00,3.414929e-02,0,6.294152e-01,1.921994e-06,5.017171e-01,-6.619398e-01,-5.514468e-01,4.188408e-01,4.353463e-01,-2.083405e+00,-2.084793e-01,1.123296e+00,7.078975e-01,-8.208538e-01,-5.030342e-01,5.549428e-01,1.752795e-03,0,1.172414e-01
1.056548e-03,-1.406754e+00,3.793210e+00,-7.155491e+00,-6.555573e+00,-1.104965e+00,-3.416504e+00,-1.160371e+01,-3.021031e+00,3.631344e+00,4.768223e+00,-1.759188e+00,-3.162456e+00,3.384708e-02,0,6.534957e-01,-8.674897e-06,1.360782e-01,1.669807e-01,1.005024e+00,8.521601e-01,-1.323943e+00,-2.567178e+00,6.253451e-01,2.640880e+00,3.826705e-01,-1.753318e+00,-6.639227e-01,9.289832e-01,3.324263e-04,0,8.360088e-03
1.040385e-03,-1.414658e+00,4.351377e+00,-4.957641e+00,-5.322643e+00,-3.252373e+00,-7.284523e+00,-9.987613e+00,1.873661e+00,3.776452e+00,1.360340e+00,-2.590314e+00,-1.221849e+00,3.505591e-02,0,6.572822e-01,-1.719423e-05,-1.974783e-01,8.689877e-01,1.579067e+00,1.084273e+00,-2.053482e+00,-1.489979e+00,1.444936e+00,2.318308e+00,-2.685228e-01,-1.795657e+00,-6.353124e-01,9.148588e-01,-1.027501e-03,0,-1.049787e-01
1.029093e-03,-1.835971e+00,4.991294e+00,-3.435402e+00,-3.735503e+00,-5.060995e+00,-6.790668e+00,-8.567754e+00,2.776381e+00,2.283901e+00,1.134549e+00,-2.301852e+00,-4.680163e-01,2.961620e-02,0,4.335534e-01,-2.321178e-05,-4.621306e-01,1.094994e+00,1.410802e+00,1.329508e+00,-1.091796e+00,5.293777e-01,1.385118e+00,7.429720e-01,-8.664525e-01,-1.487592e+00,-3.923878e-01,7.214711e-02,-4.533086e-04,0,-1.749781e-01
9.965863e-04,-2.259260e+00,6.832865e+00,-2.713636e+00,-2.776376e+00,-6.517454e+00,-4.496323e+00,-6.118516e+00,2.182156e+00,1.474880e+00,-8.393299e-01,-3.005170e+00,-1.427655e+00,3.112723e-02,0,2.144929e-01,-2.976141e-05,-5.824483e-01,1.217658e+00,1.050944e+00,1.356934e+00,6.767664e-02,1.624375e+00,7.223890e-01,-7.183191e-01,-9.137456e-01,-1.009200e+00,-3.097548e-01,-5.542738e-01,1.178604e-03,0,-1.748118e-01
9.623886e-04,-3.295106e+00,8.027434e+00,-1.223483e+00,-1.181165e+00,-4.931406e+00,-2.163716e+00,-6.612673e+00,5.395808e-01,4.498673e-01,-1.569902e+00,-3.513700e+00,-2.698817e+00,3.354488e-02,0,0,-3.520892e-05,-5.615600e-01,9.679213e-01,9.539986e-01,1.151119e+00,1.027101e+00,1.328226e+00,1.001664e-01,-1.097239e+00,-3.633000e-01,-4.049492e-01,8.954916e-02,-4.162228e-01,1.692355e-03,0,-1.081600e-01
9.249300e-04,-3.597332e+00,8.921597e+00,-8.088799e-01,1.848568e-01,-2.978784e+00,-1.476125e+00,-7.353208e+00,-5.995346e-01,1.247404e-01,-2.333434e+00,-3.533165e+00,-2.877817e+00,3.898459e-02,0,0,-3.350652e-05,-3.855816e-01,4.525283e-01,8.104616e-01,8.957623e-01,1.475865e+00,8.972322e-01,5.663862e-02,-9.629759e-01,4.907150e-02,6.807774e-01,4.085427e-01,-2.457488e-03,3.725290e-10,0,-4.289858e-02
8.888768e-04,-3.974735e+00,8.786534e+00,3.822126e-01,5.394759e-01,-1.694827e+00,-1.659638e+00,-7.449576e+00,-1.318969e+00,1.142470e+00,-1.431448e-01,-1.590109e+00,-1.824049e+00,3.414929e-02,0,0,-2.542510e-05,-1.988245e-01,8.453207e-02,6.679586e-01,3.011139e-01,9.854143e-01,4.543012e-01,8.893394e-01,-6.860829e-01,2.449253e-01,1.688682e+00,6.058902e-01,3.623303e-01,-9.066183e-05,0,0
8.658096e-04,-3.847354e+00,8.715957e+00,5.358239e-01,8.421149e-01,-7.564190e-01,-2.622010e-01,-5.416872e+00,-1.703448e+00,1.373936e+00,1.851179e+00,-1.924251e+00,-1.877327e+00,3.082502e-02,0,0,-1.493537e-05,-2.522771e-01,-1.823364e-01,5.157224e-01,-3.004809e-01,6.515957e-01,1.274656e-01,1.323533e+00,-6.906604e-01,-3.299935e-01,1.928454e+00,5.027375e-01,1.102737e-01,3.445148e-03,0,0
8.648233e-04,-4.164217e+00,8.552915e+00,1.443958e+00,-4.224459e-03,-1.115517e+00,-4.991721e-01,-3.134144e+00,-2.338877e+00,1.049896e+00,4.781203e+00,-1.288705e+00,-1.387411e+00,3.717135e-02,0,0,-3.386091e-06,-5.680818e-01,-3.806557e-01,-7.406212e-02,-9.075327e-01,-1.005044e-01,-6.418498e-01,7.170829e-01,-1.652946e-01,2.040048e-01,2.006012e+00,1.057597e+00,2.117721e-01,1.260199e-02,0,0
8.622799e-04,-4.763977e+00,8.126724e+00,1.238859e+00,-1.045698e+00,-1.046002e-02,-1.419030e+00,-2.893256e+00,-3.542883e+00,-1.478940e+00,4.846661e+00,-1.170179e+00,-2.544767e+00,5.469930e-02,0,0,2.676027e-06,-1.130677e+00,-6.517748e-01,-8.628322e-01,-1.471929e+00,-4.720995e-01,-1.000643e+00,-5.109006e-01,5.368458e-01,9.350702e-01,1.410009e+00,1.991565e+00,6.218432e-01,1.912965e-02,0,0
8.737112e-04,-6.356833e+00,7.177872e+00,-3.396157e-01,-3.054281e+00,-2.570328e+00,-4.290472e+00,-5.125969e+00,-1.225725e+00,3.588933e+00,8.389177e+00,3.320838e+00,-4.314686e-01,8.522213e-02,0,0,6.990211e-05,-1.814975e+00,-6.034180e-01,-1.611181e+00,-1.782398e+00,-4.764940e-01,-6.394548e-01,-1.553399e+00,1.423699e+00,1.787315e+00,6.016845e-01,2.129697e+00,9.607136e-01,2.030825e-02,0,0
8.747458e-04,-8.404429e+00,6.144604e+00,-2.886551e+00,-4.992500e+00,-2.389510e+00,-3.369766e+00,-6.975462e+00,4.242049e-01,4.779769e+00,7.097237e+00,5.728802e+00,7.539178e-01,1.024479e-01,0,0,1.736291e-04,-2.344581e+00,-2.417600e-01,-1.272396e+00,-2.164693e+00,1.179131e-01,6.571565e-01,-1.716963e+00,1.558330e+00,1.153785e+00,-7.870086e-01,1.325896e+00,7.657377e-01,1.402236e-02,0,0
1.208101e-03,-1.141887e+01,6.526885e+00,-4.549240e+00,-6.942811e+00,-2.308461e+00,-2.721078e+00,-8.860036e+00,2.796075e+00,6.857119e+00,6.664337e+00,5.910290e+00,1.766814e+00,1.148383e-01,0,0,2.298103e-04,-2.218427e+00,7.228012e-02,-5.721271e-03,-2.321222e+00,6.168205e-01,1.903669e+00,-1.233591e+00,5.360751e-01,-8.642918e-01,-2.258054e+00,-1.947649e-01,6.989162e-02,4.563310e-03,0,3.790085e-02
1.563230e-03,-1.395587e+01,7.243418e+00,-3.018308e+00,-9.924897e+00,4.481721e-01,1.082055e+00,-9.611039e+00,2.237868e+00,2.655892e+00,1.774038e+00,4.164574e+00,1.847799e-01,1.100030e-01,0,0,1.545395e-04,-1.236708e+00,6.322031e-02,1.420972e+00,-1.734341e+00,4.083190e-02,2.378992e+00,-2.496457e-01,-3.753029e-01,-2.361481e+00,-2.343971e+00,-9.189038e-01,-5.558808e-01,-5.651254e-03,0,5.685128e-02
1.678520e-03,-1.467325e+01,6.989866e+00,-3.023435e-01,-1.219419e+01,-9.050676e-01,3.001960e+00,-9.976135e+00,5.478191e-01,3.294123e-01,-2.394916e-01,3.129127e+00,2.025584e-01,1.042611e-01,0,1.895043e-01,-2.052352e-05,6.669890e-01,-3.314222e-01,1.453872e+00,-5.653421e-01,-9.560871e-01,1.784037e+00,9.581806e-01,-4.307538e-01,-2.841325e+00,-1.948895e+00,-1.374080e+00,-8.485114e-01,-1.586582e-02,0,9.949108e-02
1.412234e-03,-1.296078e+01,6.229215e+00,2.094861e+00,-1.103851e+01,-2.887048e+00,5.663676e+00,-7.665641e+00,-3.281820e-01,-3.763782e+00,-1.170701e+00,2.524864e+00,-1.243359e+00,7.948021e-02,0,1.895043e-01,-9.463080e-05,2.387394e+00,-8.424958e-01,-1.237267e-01,6.755681e-01,-1.649523e+00,-1.088138e-02,2.007130e+00,1.220423e+00,-1.565709e+00,-7.681407e-01,-1.818121e+00,-4.802877e-01,-2.148685e-02,0,1.094988e-01
1.180982e-03,-8.581467e+00,5.376875e+00,1.635340e-01,-9.212714e+00,-5.421287e+00,3.908297e+00,-5.041832e+00,1.925331e+00,-4.139671e+00,-1.607769e+00,-1.402540e-01,-1.761673e+00,5.077063e-02,0,4.027033e-01,1.013788e-05,3.298726e+00,-1.544274e+00,-2.448973e+00,8.471977e-01,-8.560692e-01,-1.687426e+00,2.183140e+00,3.297336e+00,3.169759e-01,-2.338896e-01,-2.462200e+00,-4.050907e-02,-2.018737e-02,0,1.189786e-01
1.338846e-03,-5.064786e+00,3.837435e+00,-3.869880e+00,-8.037797e+00,-5.541334e+00,5.744798e-01,-2.042541e+00,7.651225e+00,-2.938113e+00,-1.382527e+00,-3.291341e+00,-1.234543e+00,2.931399e-02,0,4.408943e-01,2.268892e-04,3.025729e+00,-2.292129e+00,-4.072504e+00,1.610001e-01,2.591133e-01,-2.568826e+00,1.486502e+00,4.151871e+00,2.034555e+00,-3.021259e-01,-2.608610e+00,5.288942e-01,-1.148383e-02,9.478385e+00,1.255215e-01
1.765904e-03,-2.127614e+00,4.643882e-01,-9.564839e+00,-9.458564e+00,-3.858271e+00,-2.890571e+00,-1.871986e+00,1.304480e+01,1.501458e+00,-1.303027e+00,-6.273771e+00,-4.394822e-03,2.840737e-02,0,6.587021e-01,3.739739e-04,2.084355e+00,-2.627312e+00,-4.220414e+00,-2.087702e-01,1.475529e+00,-2.038857e+00,6.916920e-01,3.320037e+00,2.713174e+00,-7.065663e-01,-2.248315e+00,3.391388e-01,-2.689634e-03,2.354887e+01,8.648331e-02
2.254219e-03,-1.059060e+00,-2.775186e+00,-1.340347e+01,-1.011059e+01,-2.372990e+00,-3.781019e+00,-1.818056e+00,1.487144e+01,3.588428e+00,-2.833701e+00,-7.451430e+00,5.224734e-01,3.324267e-02,4.739193e+01,6.891125e-01,3.334111e-04,1.219087e+00,-2.101250e+00,-3.065414e+00,1.393664e-01,1.767601e+00,-1.228490e+00,1.763960e-01,1.287696e+00,2.394951e+00,-1.098078e+00,-1.821778e+00,-2.015281e-01,1.662134e-03,3.766956e+01,6.427665e-02
2.593165e-03,-1.625535e-01,-4.453377e+00,-1.617174e+01,-9.220170e+00,3.721861e-01,-4.108236e+00,-1.695615e+00,1.491541e+01,6.162928e+00,-4.415013e+00,-9.301784e+00,-9.444876e-01,3.535812e-02,9.404838e+01,7.110108e-01,1.397655e-04,5.802783e-01,-7.292418e-01,-1.391909e+00,9.320801e-01,1.585582e+00,-7.902049e-01,1.079890e-01,-1.650721e-01,1.217099e+00,-7.834679e-01,-1.301910e+00,-8.821009e-01,3.324267e-04,3.758294e+01,1.883826e-02
2.592270e-03,4.811758e-02,-4.209930e+00,-1.589350e+01,-7.460162e+00,1.181441e+00,-4.959138e+00,-1.248747e+00,1.315440e+01,6.705907e+00,-5.316923e+00,-1.088622e+01,-1.772137e+00,3.414929e-02,1.413236e+02,7.361233e-01,-1.076061e-04,1.359542e-01,7.481716e-01,2.215983e-01,1.204802e+00,9.718791e-01,-9.674054e-01,-8.553482e-01,-1.077516e+00,2.976050e-01,2.225362e-01,-3.551974e-01,-8.670636e-01,-2.145664e-03,1.407013e+01,5.765867e-03
2.295705e-03,2.201892e-01,-2.464449e+00,-1.527937e+01,-6.123376e+00,2.292424e+00,-6.252536e+00,-1.616696e+00,1.307796e+01,6.028213e+00,-3.978755e+00,-1.106592e+01,-3.267594e+00,2.961620e-02,1.409488e+02,7.293881e-01,-2.808787e-04,-2.296586e-01,1.786138e+00,1.275757e+00,6.632341e-01,7.385482e-02,-1.213563e+00,-1.919706e+00,-1.677727e+00,-5.878853e-01,1.236000e+00,1.522675e+00,-3.319384e-01,-3.354488e-03,-1.410939e+01,-5.300355e-03
1.864918e-03,-5.706601e-01,-2.879222e-02,-1.274166e+01,-5.634972e+00,1.526287e+00,-7.545896e+00,-6.134257e+00,1.040258e+01,5.143811e+00,-1.939149e+00,-8.345347e+00,-2.651292e+00,2.538531e-02,9.429235e+01,7.087532e-01,-3.205718e-04,-4.972508e-01,2.021642e+00,1.799910e+00,-5.899391e-02,-5.656388e-01,-1.068657e+00,-2.648471e+00,-2.268074e+00,-1.158904e+00,1.585122e+00,3.154741e+00,3.944075e-01,-2.719855e-03,-3.765790e+01,-1.272618e-02
1.552447e-03,-1.001458e+00,2.386743e+00,-1.136887e+01,-6.816595e+00,5.690375e-01,-8.882671e+00,-8.851390e+00,7.902685e+00,4.004550e+00,7.610194e-02,-2.958848e+00,-2.164602e+00,2.296766e-02,4.701709e+01,6.981940e-01,-2.486901e-04,-4.953501e-01,1.620889e+00,1.852688e+00,-5.127791e-01,-1.040044e+00,-8.409889e-01,-2.123976e+00,-2.178553e+00,-1.414391e+00,1.132142e+00,3.448335e+00,1.178318e+00,-8.159567e-04,-3.761900e+01,-1.208161e-02
1.361040e-03,-1.827313e+00,3.472682e+00,-8.849200e+00,-7.408522e+00,-7.850593e-01,-8.987357e+00,-1.087376e+01,4.401668e+00,1.923217e+00,5.812591e-01,8.339443e-01,-3.515954e-01,2.387428e-02,0,6.880894e-01,-1.372317e-04,-1.974764e-01,8.278060e-01,1.460371e+00,-3.168125e-01,-8.890263e-01,-5.027964e-01,-5.519522e-01,-9.619249e-01,-1.133661e+00,4.513372e-01,2.596616e+00,1.573440e+00,7.555153e-04,-2.356018e+01,-9.094030e-03
1.304193e-03,-1.628235e+00,3.889258e+00,-7.962163e+00,-7.800497e+00,-1.752122e+00,-9.736751e+00,-9.866825e+00,5.185648e+00,5.665568e-01,4.217496e-01,1.586107e+00,1.474148e+00,2.629193e-02,0,6.793119e-01,-5.261800e-05,1.291992e-01,8.782165e-02,9.850365e-01,3.936161e-01,-7.547415e-01,-3.620129e-02,1.332141e+00,6.422273e-01,-5.010356e-01,-1.555789e-01,1.055736e+00,1.492299e+00,1.208824e-03,-9.403418e+00,-9.061247e-03
1.302886e-03,-1.244653e+00,3.358980e+00,-7.143164e+00,-6.727084e+00,-1.758265e+00,-9.632838e+00,-8.386300e+00,6.951477e+00,1.194504e+00,1.447129e-01,2.365257e+00,3.396531e+00,2.750076e-02,0,6.727241e-01,-4.388264e-06,3.614701e-01,-4.266465e-01,2.622407e-01,9.180652e-01,-3.366929e-01,7.469222e-01,2.819374e+00,1.672943e+00,1.585067e-01,-4.584199e-01,-2.114314e-01,6.400853e-01,5.741913e-04,0,-5.279767e-03
1.318434e-03,-6.467915e-01,2.882702e+00,-7.296710e+00,-5.189233e+00,-2.718067e+00,-8.740937e+00,-3.434414e+00,9.838917e+00,1.863728e+00,-4.835194e-01,1.554175e+00,3.422831e+00,2.719855e-02,0,6.605704e-01,1.275155e-06,3.294660e-01,-6.377051e-01,-1.537713e-01,1.323578e+00,-1.630066e-01,1.491657e+00,2.976609e+00,1.422565e+00,2.905986e-01,-7.521924e-01,-1.361011e+00,-4.823304e-01,-3.626471e-04,0,-2.388531e-03
1.331978e-03,-5.106843e-01,1.842728e+00,-7.870724e+00,-4.123828e+00,-1.985551e+00,-5.750653e+00,6.906072e-03,1.043975e+01,2.067165e+00,-1.258206e+00,-2.072469e-01,1.874490e+00,2.629193e-02,0,6.710613e-01,-2.356264e-05,2.124039e-01,-4.175607e-01,-3.529008e-01,1.333009e+00,3.370099e-01,1.494070e+00,1.349323e+00,7.394660e-01,8.398278e-02,-9.010442e-01,-2.460468e+00,-1.438339e+00,-1.541251e-03,0,-1.222265e-03
1.296023e-03,-3.478898e-01,1.458859e+00,-8.367240e+00,-2.484234e+00,-2.453512e+00,-4.219557e+00,8.196146e-01,1.055434e+01,1.583219e+00,-2.637753e+00,-3.932698e+00,-1.764829e-01,2.508311e-02,0,6.682007e-01,-5.539331e-05,9.465951e-02,1.637596e-02,3.909397e-03,1.147311e+00,5.908662e-01,7.166673e-01,-9.600834e-01,-7.679329e-02,-1.411088e-01,-6.515523e-01,-2.286412e+00,-1.559161e+00,-2.840737e-03,0,-4.892200e-03
1.196279e-03,-3.320848e-01,1.983098e+00,-8.372403e+00,-1.414540e+00,-2.054932e-01,-4.423178e+00,-3.766700e+00,1.029110e+01,1.754672e+00,-3.283391e+00,-7.193645e+00,-1.995504e+00,2.085222e-02,0,6.627976e-01,-7.202190e-05,6.049490e-02,5.331837e-01,6.189543e-01,7.526611e-01,3.176924e-01,-2.513413e-01,-2.090962e+00,-4.971505e-01,-1.866014e-01,-3.076327e-01,-1.082310e+00,-1.391779e+00,-3.898459e-03,0,-1.265475e-02
1.109318e-03,-2.627936e-01,2.894397e+00,-7.026323e+00,-8.073199e-01,-6.537650e-01,-5.821338e+00,-6.348028e+00,9.529277e+00,1.314431e+00,-2.728688e+00,-6.384687e+00,-2.437979e+00,1.571472e-02,0,6.402413e-01,-5.530692e-05,-2.707263e-02,8.619871e-01,1.080737e+00,1.153751e-01,-1.178994e-01,-5.215129e-01,-1.510337e+00,-1.080205e+00,-5.720915e-02,3.761627e-01,4.693832e-01,-9.112352e-01,-4.200665e-03,0,-1.539534e-02
1.065222e-03,-2.507578e-01,3.790877e+00,-5.446411e+00,-1.198979e+00,-1.296963e+00,-6.206469e+00,-6.864083e+00,8.466527e+00,1.268552e+00,-2.750902e+00,-4.392804e+00,-3.953658e+00,1.148383e-02,0,6.217672e-01,-2.299980e-05,-6.814481e-02,9.764229e-01,9.808406e-01,-7.365455e-02,-5.820001e-01,-5.554788e-01,-2.107267e-01,-1.613304e+00,1.905093e-01,6.428341e-01,1.272250e+00,-4.881107e-01,-2.629193e-03,0,-1.445173e-02
1.085017e-03,-5.239164e-01,4.864905e+00,-4.426553e+00,-2.015139e+00,-2.497275e+00,-5.935477e+00,-5.183377e+00,6.065594e+00,1.540233e+00,-1.023185e+00,-2.986202e+00,-3.753581e+00,8.763977e-03,0,6.117392e-01,-8.486863e-06,-1.130496e-01,1.013312e+00,3.770218e-01,-4.580758e-02,-3.348237e-01,-5.815291e-02,3.341378e-01,-2.038472e+00,1.500494e-01,8.560587e-01,6.107694e-01,-3.615335e-01,-3.324268e-04,0,-8.745695e-03
1.093430e-03,-5.422475e-01,5.879959e+00,-4.768085e+00,-1.178903e+00,-2.193739e+00,-7.143503e+00,-5.402659e+00,3.956418e+00,2.594317e+00,-9.219726e-01,-2.531636e+00,-3.778256e+00,1.118163e-02,0,6.047900e-01,-8.479459e-06,-8.480798e-02,6.231461e-01,-3.050021e-01,8.291437e-02,1.273914e-01,5.534693e-01,1.194242e-01,-1.721446e+00,-8.289637e-02,4.919712e-01,-6.509596e-01,-5.111231e-01,2.719855e-03,0,-3.401774e-03
1.052779e-03,-6.822969e-01,6.916414e+00,-5.480377e+00,-1.046396e+00,-1.879496e+00,-5.643586e+00,-5.408051e+00,1.591971e+00,1.401795e+00,6.371404e-01,-4.261425e+00,-4.333347e+00,1.420369e-02,0,6.050014e-01,-1.417914e-05,-1.738055e-02,7.280655e-02,-7.912627e-01,-1.401119e-01,6.828395e-01,1.347742e+00,-2.984136e-01,-1.054316e+00,-2.556338e-01,-4.594420e-01,-1.954420e+00,-9.160215e-01,4.381989e-03,0,1.224488e-03
1.038943e-03,-5.956075e-01,5.880853e+00,-6.444510e+00,-1.268779e+00,-9.688954e-01,-3.585068e+00,-6.154625e+00,2.096107e+00,9.232895e-01,-1.121209e+00,-7.009991e+00,-6.219391e+00,2.236325e-02,0,6.081272e-01,-2.141192e-06,2.109735e-02,-5.524138e-01,-7.615599e-01,-5.669130e-01,6.754471e-01,1.478130e+00,-5.674485e-01,-3.348718e-01,1.664638e-01,-1.082483e+00,-2.096682e+00,-7.522438e-01,3.807797e-03,0,3.516269e-03
1.041365e-03,-5.841392e-01,5.228490e+00,-7.544655e+00,-2.670760e+00,3.045011e-01,-9.759851e-01,-6.299462e+00,1.724171e+00,1.097578e+00,-3.220776e+00,-1.051913e+01,-7.113121e+00,2.508311e-02,0,6.161930e-01,3.855105e-05,7.130907e-02,-8.488709e-01,-5.473242e-01,-8.383657e-01,-2.474739e-01,4.756589e-01,7.963033e-02,1.846292e-01,8.488054e-01,-1.333426e+00,-6.969297e-01,-2.946209e-01,1.087942e-03,0,6.240517e-03
1.088431e-03,-4.858396e-01,3.961852e+00,-7.543746e+00,-3.201286e+00,9.149829e-02,-2.086652e+00,-7.794196e+00,2.215959e+00,3.578745e+00,-4.405430e+00,-9.886194e+00,-6.149588e+00,2.478090e-02,0,6.167756e-01,7.023130e-05,3.223175e-02,-7.354369e-01,-1.490064e-01,-7.836011e-01,-1.852612e+00,-5.562524e-01,1.331070e+00,4.679478e-02,9.228285e-01,-2.849232e-02,1.299787e+00,-9.634547e-02,-2.357208e-03,0,8.136314e-03
1.220790e-03,-3.806355e-01,3.631560e+00,-7.667380e+00,-4.271971e+00,-3.647062e+00,-4.014499e+00,-4.190114e+00,2.455191e+00,4.318095e+00,-4.387880e+00,-6.307971e+00,-5.841353e+00,1.843457e-02,0,6.318798e-01,9.371564e-05,-9.233097e-02,-4.673393e-01,2.101816e-01,-7.994754e-01,-3.161147e+00,-1.120104e+00,2.748738e+00,1.697289e-01,3.230202e-01,1.240142e+00,2.379516e+00,-4.234770e-01,-3.686915e-03,0,1.164333e-02
1.300387e-03,-5.362005e-01,3.002134e+00,-7.128179e+00,-4.386179e+00,-8.256174e+00,-4.847073e+00,-5.539510e-01,1.964571e+00,3.927174e+00,-6.801181e-01,-2.616637e+00,-7.337002e+00,1.390148e-02,0,6.409654e-01,8.225059e-05,-1.720114e-01,3.238647e-02,3.459679e-01,-1.071451e+00,-3.132673e+00,-9.284875e-01,3.104766e+00,7.916510e-02,-5.818129e-01,2.183830e+00,1.943767e+00,-9.902658e-01,-2.085221e-03,0,1.444055e-02
1.403965e-03,-1.020614e+00,3.371653e+00,-6.701530e+00,-6.075691e+00,-1.132740e+01,-5.196295e+00,3.824104e+00,2.698509e+00,2.538465e+00,1.117279e+00,-2.256328e+00,-8.636799e+00,1.208824e-02,0,6.623147e-01,5.090727e-05,-1.460949e-01,5.112761e-01,6.387508e-01,-1.412474e+00,-1.956516e+00,-1.064931e+00,1.651870e+00,5.855960e-01,-6.747673e-01,2.163703e+00,9.120706e-01,-1.170290e+00,1.450590e-03,0,1.338283e-02
1.408097e-03,-1.025908e+00,4.253738e+00,-6.296831e+00,-7.656681e+00,-1.173170e+01,-6.138191e+00,3.722524e+00,2.490126e+00,1.559495e+00,3.761143e+00,-2.193179e+00,-9.703195e+00,1.752795e-02,0,6.737609e-01,1.631398e-06,1.684439e-02,9.435345e-01,6.853983e-01,-1.332318e+00,-1.896141e-01,-1.467737e+00,-1.995173e-01,1.338549e+00,-4.771152e-01,8.605841e-01,2.705091e-01,-5.713932e-01,3.354488e-03,0,8.077765e-03
1.421472e-03,-8.662564e-01,5.562139e+00,-4.889300e+00,-9.699092e+00,-1.169188e+01,-8.693596e+00,1.930998e+00,5.120394e+00,2.128098e+00,4.210005e+00,-1.959347e+00,-1.050971e+01,2.387428e-02,0,6.823962e-01,-5.979068e-05,6.443518e-02,9.789442e-01,7.521336e-01,-3.052809e-01,1.215791e+00,-1.112235e+00,-1.456497e+00,1.648403e+00,-1.022321e-01,-4.491525e-01,-1.317666e-01,3.395482e-01,1.994560e-03,0,-7.902319e-03
1.299791e-03,-5.291572e-01,6.624563e+00,-4.607303e+00,-9.236070e+00,-9.022003e+00,-1.043711e+01,-6.049849e-01,7.446372e+00,1.746781e+00,2.076440e+00,-1.412582e+00,-9.257514e+00,2.478090e-02,0,6.713135e-01,-1.003369e-04,-1.560401e-01,5.763661e-01,4.394999e-01,8.530872e-01,1.853601e+00,1.198177e-01,-1.219953e+00,1.552789e+00,-1.965697e-01,-1.835691e+00,-7.766750e-01,1.434944e+00,-2.357208e-03,0,-6.117435e-02
1.159165e-03,-9.468128e-01,7.080962e+00,-3.785626e+00,-6.812401e+00,-6.603289e+00,-8.608012e+00,-1.294628e+00,8.462401e+00,1.933661e+00,-2.861320e-01,-3.305460e+00,-7.161898e+00,1.843457e-02,0,6.240268e-01,-1.113653e-04,-5.772413e-01,-3.253517e-02,5.771189e-02,1.572768e+00,1.544632e+00,1.476592e+00,-6.952094e-01,2.238143e-01,-3.283692e-01,-1.877553e+00,-1.473096e+00,1.930018e+00,-5.741916e-03,0,-1.275883e-01
1.037566e-03,-1.765830e+00,6.376157e+00,-4.651169e+00,-4.834590e+00,-5.007987e+00,-5.581894e+00,-7.644292e-01,8.583066e+00,6.738648e-01,-3.169242e+00,-5.403498e+00,-4.202378e+00,8.461771e-03,0,3.970738e-01,-7.759823e-05,-9.251277e-01,-5.497985e-01,-2.867905e-01,1.345576e+00,6.844268e-01,1.823256e+00,-1.027194e+00,-1.211046e+00,1.873213e-01,-6.324457e-01,-1.323447e+00,1.635189e+00,-6.346329e-03,0,-1.458408e-01
9.957573e-04,-3.134127e+00,5.523666e+00,-4.578807e+00,-4.035994e+00,-5.975727e+00,-3.738240e+00,-1.465327e+00,5.671118e+00,1.022710e+00,-2.554921e+00,-7.329368e+00,-3.387183e+00,3.324267e-03,0,1.815746e-01,-4.091613e-05,-9.616421e-01,-7.600385e-01,-5.390081e-01,8.822672e-01,2.411740e-01,9.357020e-01,-1.754761e+00,-2.134581e+00,4.027742e-01,3.176407e-01,-4.815835e-01,7.382592e-01,-3.989120e-03,0,-1.155121e-01
9.935033e-04,-4.061139e+00,4.654218e+00,-5.644665e+00,-3.896392e+00,-5.913650e+00,-3.755715e+00,-5.655607e+00,2.786784e+00,3.138864e+00,4.860513e-02,-6.017864e+00,-2.968928e+00,6.044122e-04,0,1.633355e-01,-2.077484e-05,-6.840160e-01,-6.732966e-01,-7.152610e-01,2.939473e-01,1.434791e-01,7.244591e-02,-2.015612e+00,-1.924428e+00,5.671532e-01,6.332617e-01,3.777155e-01,-3.821683e-01,-4.533091e-04,0,-4.857157e-02
9.766155e-04,-4.607368e+00,4.141739e+00,-5.983919e+00,-2.870164e+00,-4.944588e+00,-4.842592e+00,-7.622846e+00,6.876389e-01,2.715033e+00,-3.068520e-01,-5.406194e+00,-4.087327e+00,2.417649e-03,0,1.633355e-01,-2.712259e-05,-3.120407e-01,-4.707398e-01,-8.800451e-01,-2.225583e-01,3.828211e-01,-4.598640e-01,-1.035369e+00,-8.047754e-01,-2.448474e-01,-3.690912e-01,7.380207e-01,-5.257557e-01,2.840737e-03,0,-3.631492e-02
9.432628e-04,-4.449289e+00,3.700638e+00,-7.524918e+00,-3.947768e+00,-4.806162e+00,-4.667489e+00,-7.763731e+00,1.452666e+00,2.663469e+00,-1.126967e+00,-4.476507e+00,-5.763147e+00,6.648534e-03,0,1.633355e-01,-3.350956e-05,-2.092937e-01,-2.416326e-01,-8.187124e-01,-8.961946e-01,-2.045476e-01,-7.459773e-01,5.917068e-01,1.258945e-01,-7.758254e-01,-8.107589e-01,2.319824e-01,-2.390111e-01,5.621034e-03,0,-4.900066e-02
8.852645e-04,-4.500255e+00,3.646757e+00,-8.038906e+00,-5.123097e+00,-4.615366e+00,-5.581673e+00,-5.588110e+00,2.314300e+00,3.616971e-02,-3.812590e+00,-4.409943e+00,-4.618852e+00,1.450589e-02,0,0,-2.824985e-05,-2.969816e-01,-4.197593e-02,-4.963686e-01,-1.020602e+00,-6.953979e-01,-8.271334e-01,1.354008e+00,5.934037e-01,-4.823465e-01,-2.111454e-01,-1.698918e-01,3.602657e-01,7.343608e-03,0,-4.900066e-02
8.716309e-04,-5.161164e+00,3.693546e+00,-8.710733e+00,-7.250899e+00,-7.100999e+00,-7.116060e+00,-3.714441e+00,2.602926e+00,5.991681e-01,-2.252321e+00,-5.356078e+00,-3.898221e+00,2.266546e-02,0,0,-1.071332e-05,-4.793608e-01,6.493244e-02,1.740866e-01,-5.200887e-01,-1.042294e+00,-9.735880e-01,8.208599e-01,4.915877e-01,3.252975e-01,8.368036e-01,-1.011683e-01,5.736468e-01,5.953460e-03,0,-3.266710e-02
8.711822e-04,-5.736339e+00,3.935405e+00,-7.872854e+00,-6.321609e+00,-7.274158e+00,-7.753973e+00,-2.877451e+00,3.079528e+00,1.335451e+00,-7.999021e-01,-5.815868e+00,-3.218462e+00,3.112723e-02,0,0,2.458282e-05,-5.473512e-01,-1.314510e-01,6.048879e-01,-1.647983e-02,-6.434811e-01,2.268578e-01,4.883717e-01,1.793672e-01,1.180248e+00,1.967215e+00,8.990971e-01,6.583568e-01,1.148383e-03,0,2.990833e-02
8.967374e-04,-6.228051e+00,3.880976e+00,-6.737511e+00,-5.948956e+00,-8.688236e+00,-8.449279e+00,-5.014761e+00,3.527991e+00,3.640316e+00,1.550707e+00,-4.279386e+00,-3.595108e+00,2.810517e-02,0,0,4.489077e-05,-3.711963e-01,-2.536719e-01,9.050981e-01,4.407601e-01,1.822893e-01,1.503686e+00,8.779398e-01,-1.914078e-01,7.104983e-01,1.999673e+00,1.869014e+00,1.083864e+00,-4.623753e-03,0,7.481737e-02
9.956254e-04,-6.703568e+00,2.895787e+00,-6.001078e+00,-5.856468e+00,-7.039153e+00,-3.780775e+00,-2.496092e+00,2.748604e+00,4.416835e+00,4.121974e+00,-4.528035e-01,-1.478624e+00,1.752795e-02,0,1.495417e-01,6.661070e-05,1.789012e-01,-1.522425e-01,6.371261e-01,7.708335e-02,4.302197e-01,2.323489e+00,1.590317e+00,-9.931882e-02,-2.847457e-01,1.512441e+00,2.264958e+00,1.082734e+00,-7.192506e-03,0,1.324105e-01
1.033863e-03,-6.533531e+00,2.944996e+00,-5.121131e+00,-5.279669e+00,-6.307056e+00,-1.584231e+00,4.845786e-01,1.811349e+00,2.610967e+00,5.285109e+00,1.307461e+00,6.511822e-01,6.346328e-03,0,2.993160e-01,1.061569e-04,1.035746e+00,8.609140e-02,7.604794e-02,-2.139188e-01,2.012871e-01,1.674189e+00,1.667589e+00,9.147231e-01,-1.301920e+00,9.278810e-02,1.950367e+00,2.462558e-01,-3.928680e-03,0,1.551574e-01
1.135673e-03,-4.689093e+00,3.642183e+00,-5.495413e+00,-6.270836e+00,-6.313650e+00,4.309467e-01,2.324464e+00,3.441255e+00,4.263970e-01,4.895104e+00,2.715497e+00,7.206186e-02,6.044122e-03,0,5.123945e-01,1.572272e-04,1.588080e+00,-2.853632e-02,-6.780116e-01,-4.961759e-01,-7.933086e-01,-4.885384e-02,4.397014e-01,2.224773e+00,-1.201023e+00,-1.709937e+00,1.093631e+00,-1.215321e+00,1.511031e-03,0,1.355283e-01
1.357498e-03,-2.056560e+00,3.938235e+00,-6.610104e+00,-6.811366e+00,-8.044552e+00,-2.184195e+00,9.129046e-01,7.755281e+00,-8.740649e-01,1.628082e+00,3.888297e+00,-3.139173e+00,1.420369e-02,0,5.943604e-01,1.917938e-04,1.501485e+00,-6.743219e-01,-1.334607e+00,-5.012316e-01,-1.260770e+00,-1.246003e+00,-2.626490e-01,2.755071e+00,-7.464872e-02,-2.554949e+00,1.705008e-01,-1.667065e+00,5.379269e-03,0,9.602353e-02
1.619944e-03,-1.001652e+00,2.256486e+00,-8.646649e+00,-7.571499e+00,-1.013695e+01,-3.725062e+00,-5.117477e-01,1.090050e+01,1.542344e-01,-2.599198e+00,3.724933e+00,-5.660053e+00,2.115443e-02,0,6.796611e-01,1.366665e-04,8.797962e-01,-1.004712e+00,-1.522337e+00,-7.765637e-02,-1.162083e+00,-1.800584e+00,-8.594286e-01,2.003253e+00,1.386666e+00,-2.171502e+00,-1.109867e+00,-7.883016e-01,5.258386e-03,0,4.680366e-02
1.750696e-03,-8.698273e-01,2.662344e-01,-1.021855e+01,-7.135496e+00,-1.069926e+01,-5.736244e+00,5.894394e-01,1.185708e+01,2.373805e+00,-3.742487e+00,1.655247e+00,-4.818084e+00,2.568752e-02,0,6.958004e-01,1.972576e-05,3.239828e-01,-7.288552e-01,-1.301231e+00,-4.954123e-02,-2.392581e-01,-1.356506e+00,-1.184509e+00,4.123593e-01,2.352146e+00,-3.183223e-01,-1.693909e+00,2.812826e-01,3.022061e-03,0,1.892915e-02
1.622406e-03,-8.834783e-01,4.546217e-01,-1.130288e+01,-6.497053e+00,-1.079671e+01,-6.795950e+00,-1.810947e+00,1.140662e+01,5.735793e+00,-3.277122e+00,-1.717313e+00,-3.029990e+00,2.659414e-02,0,6.956928e-01,-1.057889e-04,7.954474e-02,-3.839988e-02,-7.415185e-01,5.329265e-02,8.339081e-01,-6.735414e-01,-1.764994e+00,-1.215941e+00,1.698317e+00,1.138440e+00,-1.135382e+00,7.550631e-01,5.741917e-04,0,-4.705872e-02
1.454896e-03,-4.957334e-01,1.194891e+00,-1.178814e+01,-7.596295e+00,-8.910960e+00,-7.431281e+00,-4.360043e+00,9.564016e+00,8.095885e+00,3.754326e-01,-1.860125e+00,-3.047791e+00,2.659414e-02,0,6.809903e-01,-1.726874e-04,-3.904703e-02,4.774333e-01,1.193817e-01,2.166203e-01,1.438218e+00,-1.706977e-02,-2.191761e+00,-2.625527e+00,8.476224e-02,1.417292e+00,3.273371e-01,6.312234e-01,-9.066187e-04,0,-1.194776e-01
1.238900e-03,-7.909755e-01,1.600158e+00,-1.156944e+01,-7.074636e+00,-6.861555e+00,-6.245251e+00,-6.861979e+00,5.967327e+00,5.784780e+00,1.034042e+00,-1.942907e-01,-2.769884e+00,2.357208e-02,0,4.517725e-01,-1.636531e-04,-1.286761e-01,5.073897e-01,9.069542e-01,7.562980e-01,1.585322e+00,5.621618e-01,-1.651324e+00,-3.555904e+00,-1.948523e+00,8.448655e-01,1.881952e+00,7.787486e-01,-1.118163e-03,0,-1.430829e-01
1.079013e-03,-1.111314e+00,2.080632e+00,-9.488355e+00,-5.763603e+00,-5.475746e+00,-6.096942e+00,-7.843848e+00,1.449095e+00,2.773123e+00,1.188389e+00,2.530421e+00,-1.792020e+00,2.266546e-02,0,2.203725e-01,-1.090981e-04,-1.906241e-01,5.706620e-01,1.262145e+00,1.196490e+00,9.161180e-01,8.323280e-01,-6.040752e-01,-3.527515e+00,-2.662799e+00,2.952154e-02,2.157473e+00,9.795460e-01,5.439706e-04,0,-7.570735e-02
9.920821e-04,-1.219069e+00,2.548700e+00,-7.918000e+00,-3.631909e+00,-4.587707e+00,-4.652310e+00,-8.325662e+00,-2.315437e+00,-1.345439e+00,5.407266e-01,5.497174e+00,2.358676e-01,2.296766e-02,0,2.105871e-01,-3.519702e-05,-1.079054e-02,7.051981e-01,8.605765e-01,6.006846e-01,2.844191e-01,1.057546e+00,5.146757e-01,-2.456239e+00,-2.079599e+00,1.323908e-02,1.660584e+00,9.362286e-01,2.568752e-03,0,5.860566e-02
1.032814e-03,-1.234807e+00,3.573931e+00,-7.303140e+00,-3.335208e+00,-5.467294e+00,-4.066111e+00,-6.648577e+00,-3.932175e+00,-1.653003e+00,7.696980e-01,6.081509e+00,3.470638e-01,2.961620e-02,0,4.230462e-01,2.455182e-05,1.997471e-01,7.632409e-01,-1.550634e-01,-4.654802e-01,-4.261742e-02,1.125332e+00,1.363662e+00,-8.391056e-01,-1.144520e+00,7.315366e-02,7.182560e-01,9.649324e-01,2.629193e-03,0,1.291687e-01
1.086014e-03,-7.831814e-01,4.379499e+00,-8.359169e+00,-5.285410e+00,-5.443685e+00,-1.972935e+00,-4.886236e+00,-3.623231e+00,-2.400151e+00,1.309583e+00,6.333084e+00,8.417165e-01,3.294047e-02,0,6.434640e-01,4.875912e-05,2.752261e-01,5.401400e-01,-8.555193e-01,-1.371146e+00,-2.656621e-01,8.980114e-01,1.811899e+00,3.012388e-01,-5.240852e-01,2.086219e-01,1.421382e-01,1.177502e+00,1.208827e-04,0,1.105908e-01
1.154806e-03,-3.305219e-01,4.981437e+00,-1.004309e+01,-7.264253e+00,-5.260844e+00,-1.809969e+00,-2.745249e+00,-2.092536e+00,-2.422120e+00,1.169729e+00,5.703746e+00,2.729717e+00,3.082502e-02,0,6.497776e-01,2.784640e-05,1.353641e-01,6.071973e-02,-8.924230e-01,-1.364058e+00,-4.070705e-01,5.403345e-01,1.559994e+00,6.689926e-01,-4.086173e-01,4.474043e-01,-2.075830e-02,1.361364e+00,-2.206104e-03,0,4.443123e-02
1.174882e-03,-2.950808e-01,4.545647e+00,-1.082562e+01,-8.523117e+00,-6.019243e+00,-1.290324e+00,-1.217829e+00,-1.729062e+00,-3.581306e+00,1.383820e+00,6.396746e+00,4.932051e+00,2.296766e-02,0,6.501755e-01,-1.068960e-05,-1.883422e-01,-4.327400e-01,-2.469509e-01,-5.655944e-01,-8.489740e-01,-3.563293e-01,7.283040e-01,7.701847e-01,2.311609e-01,6.618972e-01,-2.181662e-01,6.703656e-01,-1.208824e-03,0,-4.449673e-02
1.127612e-03,-8.020371e-01,3.794456e+00,-1.053203e+01,-8.536647e+00,-7.214868e+00,-1.705744e+00,-6.828086e-01,-1.534296e+00,-3.105512e+00,2.969601e+00,5.945887e+00,5.108714e+00,2.357208e-02,0,6.418466e-01,-4.322007e-05,-3.656145e-01,-4.425969e-01,5.163248e-01,2.857084e-01,-1.081095e+00,-1.072687e+00,-3.978344e-01,9.147779e-01,9.740656e-01,6.955088e-01,-5.465297e-01,-3.822587e-01,1.541252e-03,0,-7.061274e-02
1.046163e-03,-1.489135e+00,2.809290e+00,-9.349453e+00,-7.477186e+00,-8.711543e+00,-3.806694e+00,-2.275936e+00,-5.142736e-02,-9.026513e-01,3.719133e+00,5.121183e+00,3.004046e+00,3.052282e-02,0,4.249458e-01,-4.810098e-05,-4.371047e-01,-3.014736e-01,7.383531e-01,7.988106e-01,-6.144160e-01,-1.148563e+00,-9.149159e-01,1.252046e+00,1.695650e+00,6.671084e-01,-8.848155e-01,-1.063776e+00,1.783016e-03,0,-1.138389e-01
1.003065e-03,-1.561567e+00,3.636631e+00,-8.199548e+00,-6.358677e+00,-9.320168e+00,-5.915221e+00,-4.205367e+00,1.642537e+00,1.108880e+00,3.479617e+00,3.608879e+00,1.782426e+00,3.475371e-02,0,4.093287e-01,-2.354424e-05,-3.457864e-01,4.627750e-02,3.828591e-01,3.635156e-01,-8.018732e-02,-5.631284e-01,-8.246949e-01,1.129385e+00,1.484571e+00,5.231302e-01,-4.460609e-01,-4.600754e-01,-2.115443e-03,0,-6.846295e-02
9.966507e-04,-2.100839e+00,3.117191e+00,-8.300097e+00,-5.618049e+00,-8.038672e+00,-4.928401e+00,-4.031129e+00,2.942750e+00,2.789749e+00,4.464354e+00,3.141172e+00,1.276314e+00,2.629193e-02,0,1.972399e-01,-8.731149e-07,-3.163919e-01,2.445119e-01,-2.282877e-02,-3.185295e-01,3.451232e-01,3.658740e-01,-2.647776e-01,8.656541e-01,1.083450e+00,7.322506e-01,1.839010e-01,1.587517e-01,-5.893019e-03,0,-4.135456e-02
1.034647e-03,-2.225117e+00,3.871893e+00,-9.142410e+00,-7.648637e+00,-7.952240e+00,-3.960532e+00,-3.928687e+00,2.615541e+00,2.471144e+00,5.212641e+00,4.705587e+00,3.672203e+00,1.511031e-02,0,4.133848e-01,7.712503e-06,-3.410594e-01,4.518300e-01,-8.749447e-02,-8.916517e-01,1.411578e-01,3.350861e-01,-4.998178e-02,6.405970e-01,4.730728e-01,7.487198e-01,5.494032e-01,4.785313e-01,-4.865519e-03,0,-3.674623e-02
1.026006e-03,-2.739320e+00,3.914219e+00,-8.992166e+00,-8.424853e+00,-7.669891e+00,-2.954668e+00,-3.738164e+00,3.790340e+00,3.833466e+00,6.513874e+00,5.492334e+00,2.852917e+00,1.087942e-02,0,2.161450e-01,-3.891496e-06,-4.184971e-01,8.748581e-01,3.722988e-01,-7.263312e-01,-1.868848e-01,-3.174637e-01,7.660101e-02,5.970416e-01,2.165131e-01,6.771135e-01,8.996411e-02,-4.524992e-02,6.044121e-04,0,-5.917196e-02
1.026950e-03,-2.947624e+00,5.497267e+00,-8.290986e+00,-9.413533e+00,-8.798770e+00,-5.226657e+00,-4.601758e+00,4.421727e+00,2.952386e+00,6.198456e+00,5.180315e+00,3.386781e+00,1.813237e-02,0,2.161450e-01,-1.700505e-05,-6.397340e-01,9.370583e-01,6.314552e-01,-3.525582e-01,-4.622736e-02,-9.902803e-01,-3.967784e-02,4.282227e-01,2.883760e-01,6.125583e-01,-4.338894e-01,-3.695806e-01,5.923239e-03,0,-1.042915e-01
9.810418e-04,-3.832071e+00,6.678794e+00,-6.864316e+00,-8.367257e+00,-8.549831e+00,-5.882658e+00,-3.311588e+00,5.024866e+00,3.631694e+00,7.357014e+00,3.353629e+00,1.192775e+00,2.780296e-02,0,0,-1.503367e-05,-8.350185e-01,7.203838e-01,4.619632e-01,-1.897337e-01,3.071503e-01,-1.331067e+00,-1.014863e-01,-3.293376e-02,3.488738e-01,6.579405e-01,-6.011102e-01,3.728807e-02,7.857358e-03,0,-3.056545e-02
9.721041e-04,-4.877411e+00,7.174896e+00,-7.049059e+00,-9.440227e+00,-7.743407e+00,-7.447939e+00,-4.340364e+00,4.139392e+00,4.013910e+00,7.853863e+00,3.605493e+00,2.654371e+00,3.626473e-02,0,0,2.032698e-05,-1.262275e+00,1.234579e-02,-9.644699e-02,-2.415144e-01,8.360575e-01,-1.263152e+00,3.940415e-01,-2.079594e-01,1.596017e-01,1.478482e+00,-5.118451e-01,3.904698e-01,8.099124e-03,0,4.698328e-02
9.782607e-04,-5.949519e+00,6.677323e+00,-7.303313e+00,-9.360175e+00,-6.661821e+00,-8.499361e+00,-4.376293e+00,3.766839e+00,5.047072e+00,8.975873e+00,3.274194e+00,3.405562e+00,4.110003e-02,0,1.713902e-01,6.626999e-05,-1.554186e+00,-3.709551e-01,-4.865954e-01,-3.429495e-01,1.054384e+00,-1.262594e+00,8.381548e-01,-1.490842e-01,-7.680947e-01,1.845228e+00,-4.339791e-01,7.682444e-01,8.824418e-03,0,1.457517e-01
1.129975e-03,-8.200274e+00,5.559732e+00,-8.553722e+00,-1.012465e+01,-5.562487e+00,-1.023407e+01,-2.099199e+00,4.010943e+00,3.042705e+00,1.278143e+01,2.660807e+00,4.232737e+00,5.197945e-02,0,3.653663e-01,7.979203e-05,-1.601399e+00,-3.245974e-01,-3.781932e-01,-9.967308e-02,9.915692e-01,-9.158966e-01,1.104282e+00,4.465959e-02,-7.796368e-01,1.915872e+00,-8.148383e-01,6.627996e-02,8.703535e-03,0,1.492656e-01
1.233456e-03,-9.941570e+00,5.631601e+00,-8.544961e+00,-9.739795e+00,-4.368371e+00,-1.080256e+01,-2.413970e-01,4.343669e+00,2.768222e-01,1.411937e+01,1.656077e+00,4.244814e+00,6.406769e-02,0,5.460755e-01,3.474598e-05,-1.034015e+00,-1.997277e-01,4.928980e-02,7.293930e-02,6.081474e-01,-3.086322e-01,4.747424e-01,2.286989e-01,2.121402e-01,8.075632e-01,-7.411950e-01,-2.613873e-01,4.774856e-03,0,5.808568e-02
1.243467e-03,-1.088838e+01,6.074770e+00,-8.319201e+00,-9.748782e+00,-3.932287e+00,-1.087582e+01,-8.864002e-01,4.074275e+00,2.500851e+00,1.486148e+01,3.403597e-01,2.566144e+00,6.829858e-02,0,5.589852e-01,-3.855820e-05,-5.937662e-02,-3.008695e-01,4.254245e-01,2.071059e-01,4.892321e-02,3.146145e-01,-7.618856e-02,4.588091e-01,1.895145e+00,-4.459496e-01,-8.410761e-01,-5.055653e-01,-3.626474e-03,0,-1.877712e-02
1.095245e-03,-9.775540e+00,5.421165e+00,-7.174124e+00,-9.183411e+00,-4.436184e+00,-9.721644e+00,-2.608980e+00,4.878667e+00,6.378700e+00,1.197367e+01,7.284424e-01,2.931922e+00,5.681475e-02,0,3.650092e-01,-7.687664e-05,6.409314e-01,-6.498143e-01,6.048977e-01,2.318144e-01,-5.757279e-01,7.985934e-01,3.633613e-01,1.097168e+00,2.313382e+00,-1.100537e+00,-7.059323e-01,-4.520415e-01,-1.160471e-02,0,-9.336944e-02
1.006290e-03,-8.580173e+00,4.160603e+00,-7.112018e+00,-9.367309e+00,-5.283964e+00,-9.201453e+00,-1.296350e+00,6.037489e+00,9.467492e+00,1.162454e+01,-1.080757e+00,2.361356e+00,3.747356e-02,0,3.620138e-01,-5.011390e-05,9.516859e-01,-7.761353e-01,7.739609e-01,6.521274e-01,-5.713236e-01,1.652166e+00,1.215925e+00,1.056033e+00,6.663171e-01,-1.849316e+00,-1.074168e+00,-5.062994e-01,-1.368994e-02,0,-6.066802e-02
9.676612e-04,-7.891018e+00,3.339613e+00,-6.124064e+00,-8.771460e+00,-6.571171e+00,-7.646780e+00,1.780385e+00,8.847900e+00,8.360412e+00,1.023515e+01,-1.163027e+00,2.087001e+00,2.145663e-02,0,1.777140e-01,3.778748e-06,1.090092e+00,-6.902959e-01,4.214306e-01,1.078309e+00,-1.433299e-01,1.900068e+00,1.084012e+00,5.364653e-01,-1.287750e+00,-2.341378e+00,-1.473101e+00,-1.027099e+00,-8.824417e-03,0,-2.371627e-03
1.056689e-03,-7.072214e+00,3.234870e+00,-4.974427e+00,-6.694121e+00,-5.721411e+00,-3.652422e+00,2.998544e+00,7.369823e+00,4.841581e+00,6.484155e+00,-4.084748e+00,4.571080e-01,1.752795e-02,0,3.492927e-01,5.921469e-05,1.464700e+00,-5.956922e-01,-4.546935e-01,5.711315e-01,5.157909e-01,2.205363e+00,-4.439811e-01,-6.422290e-01,-1.947435e+00,-2.622185e+00,-1.107069e+00,-1.131898e+00,-1.208824e-03,0,6.322043e-02
1.088939e-03,-5.079061e+00,2.432552e+00,-6.135767e+00,-5.128458e+00,-4.934110e+00,-2.995818e+00,6.636338e-01,6.894827e+00,2.252907e+00,2.836966e+00,-5.135066e+00,-1.251448e+00,2.266546e-02,0,3.595116e-01,6.483970e-05,1.628832e+00,-4.004744e-01,-1.729838e+00,-1.085871e+00,7.092502e-01,1.825572e+00,-2.167899e+00,-1.357279e+00,-7.149766e-01,-1.722383e+00,-6.223824e-02,-9.193500e-01,3.868239e-03,0,1.147004e-01
1.241724e-03,-2.662649e+00,1.635673e+00,-9.379634e+00,-8.333152e+00,-3.523540e+00,-5.001180e-01,-2.957880e+00,3.802881e+00,2.784071e+00,2.212704e+00,-4.630081e+00,-1.628909e+00,3.082502e-02,0,5.872172e-01,3.515678e-05,1.220400e+00,5.170782e-02,-1.925629e+00,-2.793542e+00,1.794000e-01,1.830315e+00,-2.454731e+00,-1.211422e+00,8.588015e-01,-1.495706e-01,1.328141e+00,-4.721151e-01,4.472651e-03,0,8.548585e-02
1.199342e-03,-1.951642e+00,2.136840e+00,-1.257065e+01,-1.338130e+01,-4.123856e+00,-9.507203e-02,-6.080900e+00,3.844975e+00,5.814284e+00,3.758964e+00,-1.201551e+00,-1.466740e+00,3.414929e-02,0,6.322536e-01,-1.550047e-05,3.564420e-01,7.702109e-01,-7.220088e-01,-2.612360e+00,-3.317186e-01,1.711631e+00,-1.496446e+00,-1.252249e+00,6.585239e-01,3.619093e-01,2.064623e+00,-9.057538e-02,2.750075e-03,0,1.594009e-02
1.177271e-03,-2.533924e+00,3.641265e+00,-1.138513e+01,-1.653541e+01,-5.229538e+00,4.048782e+00,-5.902845e+00,2.837640e+00,7.354900e+00,5.275303e+00,5.892002e-01,-1.795822e+00,3.414929e-02,0,6.403509e-01,-6.750698e-05,-2.577838e-01,1.363626e+00,1.141898e+00,-2.349996e-01,-7.797780e-01,4.234466e-01,-1.039694e-01,-1.163478e+00,-1.066926e+00,5.637448e-02,1.500982e+00,-1.867509e-01,1.148382e-03,0,-1.001983e-01
1.043663e-03,-3.361213e+00,5.280810e+00,-8.743062e+00,-1.408913e+01,-5.739704e+00,3.287885e+00,-5.346113e+00,1.116205e+00,3.260112e+00,3.115213e+00,2.578408e+00,-1.620869e+00,3.475370e-02,0,4.126453e-01,-7.341336e-05,-4.099007e-01,1.436842e+00,2.244651e+00,2.175283e+00,-6.301276e-01,-8.904120e-01,9.646228e-01,-1.676057e+00,-2.549119e+00,-2.746062e-01,8.205978e-01,-2.189503e-01,9.066165e-05,0,-1.708828e-01
9.820288e-04,-3.246782e+00,6.881818e+00,-5.583935e+00,-9.154235e+00,-6.614506e+00,-7.436339e-02,-3.845120e+00,-6.501236e-01,-1.273474e+00,2.816452e+00,9.848507e-01,-2.485599e+00,3.626473e-02,0,1.960301e-01,-6.725839e-05,-3.652745e-01,1.165313e+00,2.100532e+00,3.090891e+00,-3.876078e-01,-1.990329e+00,1.398091e+00,-1.534388e+00,-2.429443e+00,4.470003e-02,4.451409e-01,-2.227135e-01,-1.087941e-03,0,-1.693347e-01
9.298965e-04,-3.644717e+00,7.700774e+00,-4.247994e+00,-6.195472e+00,-6.582010e+00,-2.485560e+00,-2.286648e+00,-2.791429e+00,-2.617127e+00,3.615358e+00,2.703612e+00,-2.216603e+00,3.354488e-02,0,0,-4.086557e-05,-3.635908e-01,7.170694e-01,1.403636e+00,2.018353e+00,-1.973332e-01,-1.224298e+00,1.424232e+00,-1.095543e+00,-7.471880e-01,7.961478e-01,6.292651e-01,-7.895782e-02,-2.568751e-03,0,-1.021321e-01
8.978629e-04,-4.218545e+00,8.257850e+00,-3.130005e+00,-5.027784e+00,-6.746424e+00,-3.016141e+00,-4.421211e-01,-2.880485e+00,-1.853696e+00,5.248731e+00,2.752303e+00,-2.611522e+00,2.931399e-02,0,0,-2.496988e-05,-3.941577e-01,3.070014e-01,6.560327e-01,6.322185e-01,-1.702113e-02,-1.453862e-01,1.019753e+00,-5.647317e-01,4.606925e-01,8.391175e-01,9.849709e-01,1.329713e-01,-2.991841e-03,0,-3.920602e-02
8.814184e-04,-4.693286e+00,8.178142e+00,-2.951846e+00,-6.060585e+00,-6.660411e+00,-1.362716e+00,7.354522e-02,-3.246331e+00,-1.857170e-01,5.879813e+00,4.841008e+00,-1.952696e+00,2.538531e-02,0,0,-1.134007e-05,-2.571879e-01,8.750276e-02,2.770455e-01,-7.630277e-02,-7.078934e-03,3.899112e-01,5.236053e-01,-1.275651e-01,6.530799e-01,5.159991e-01,6.363496e-01,1.186639e-01,-2.024781e-03,0,0
