pcm_RMSenergy_sma,pcm_fftMag_mfcc_sma[1],pcm_fftMag_mfcc_sma[2],pcm_fftMag_mfcc_sma[3],pcm_fftMag_mfcc_sma[4],pcm_fftMag_mfcc_sma[5],pcm_fftMag_mfcc_sma[6],pcm_fftMag_mfcc_sma[7],pcm_fftMag_mfcc_sma[8],pcm_fftMag_mfcc_sma[9],pcm_fftMag_mfcc_sma[10],pcm_fftMag_mfcc_sma[11],pcm_fftMag_mfcc_sma[12],pcm_zcr_sma,F0final_sma,voicingFinalUnclipped_sma,pcm_RMSenergy_sma_de,pcm_fftMag_mfcc_sma_de[1],pcm_fftMag_mfcc_sma_de[2],pcm_fftMag_mfcc_sma_de[3],pcm_fftMag_mfcc_sma_de[4],pcm_fftMag_mfcc_sma_de[5],pcm_fftMag_mfcc_sma_de[6],pcm_fftMag_mfcc_sma_de[7],pcm_fftMag_mfcc_sma_de[8],pcm_fftMag_mfcc_sma_de[9],pcm_fftMag_mfcc_sma_de[10],pcm_fftMag_mfcc_sma_de[11],pcm_fftMag_mfcc_sma_de[12],pcm_zcr_sma_de,F0final_sma_de,voicingFinalUnclipped_sma_de
1.391768e-03,-8.818944e-01,7.128271e+00,-2.185390e+00,-3.217286e+00,-1.055640e+01,-7.830060e+00,-1.005522e+01,3.986450e+00,8.448583e+00,2.637707e+00,-4.976752e+00,1.107460e-01,3.233606e-02,0,6.781020e-01,-7.887995e-05,-2.420438e-01,4.379863e-01,1.025393e+00,9.806528e-01,1.094390e+00,6.407527e-01,1.039710e+00,3.026510e-01,-2.536648e-01,8.141210e-02,6.403065e-03,-4.062085e-01,2.810516e-03,0,-5.098419e-02
1.244548e-03,-1.353082e+00,8.111704e+00,-1.191052e-02,-1.093658e+00,-8.082341e+00,-7.015820e+00,-8.237411e+00,4.242055e+00,7.650706e+00,2.789710e+00,-4.818164e+00,-4.296303e-02,3.868238e-02,0,6.623794e-01,-1.107809e-04,-3.996777e-01,4.194071e-01,1.207088e+00,1.127228e+00,1.295821e+00,8.151079e-01,1.392250e+00,7.570819e-01,-3.642344e-01,-4.688516e-02,-2.361859e-01,-4.253825e-01,4.895737e-03,0,-1.172034e-01
1.070979e-03,-1.856520e+00,8.826486e+00,1.854833e+00,6.241640e-01,-6.321472e+00,-5.033416e+00,-5.765579e+00,5.371903e+00,7.579197e+00,2.968766e+00,-5.024030e+00,-1.843442e+00,4.321547e-02,0,4.310423e-01,-1.155957e-04,-5.425009e-01,1.887673e-01,6.416692e-01,7.585532e-01,1.157040e+00,9.446043e-01,1.429232e+00,8.370733e-01,-5.799127e-01,5.874555e-02,2.807667e-01,-4.116128e-01,4.593532e-03,0,-1.802969e-01
9.982586e-04,-2.392970e+00,8.376199e+00,1.829940e+00,4.981277e-01,-6.194751e+00,-5.152842e+00,-5.238795e+00,7.079134e+00,7.062103e+00,2.237752e+00,-6.134042e+00,-1.039072e+00,5.137504e-02,0,2.156147e-01,-8.102388e-05,-7.756706e-01,-1.890729e-01,-9.193647e-02,1.798490e-01,1.016207e+00,9.238718e-01,8.774568e-01,3.228071e-01,-6.957750e-01,3.258975e-01,1.096072e+00,-1.240664e-02,1.178604e-03,0,-1.755801e-01
9.369347e-04,-3.074455e+00,7.939860e+00,1.020305e-01,-2.204125e-01,-5.714991e+00,-4.038527e+00,-4.408370e+00,6.753278e+00,5.843320e+00,3.207414e+00,-2.914979e+00,-1.449263e+00,4.895739e-02,0,0,-4.202191e-05,-1.052922e+00,-4.596036e-01,-2.802200e-01,1.267940e-01,1.011541e+00,6.468388e-01,8.079600e-01,-7.464057e-01,-6.904731e-01,1.047323e+00,1.754411e+00,3.140109e-01,-3.566032e-03,0,-1.077699e-01
9.064507e-04,-4.622468e+00,7.609652e+00,4.048085e-01,2.278752e-01,-3.304547e+00,-2.893905e+00,-4.528732e+00,5.165403e+00,5.039769e+00,4.299874e+00,-3.923284e-01,-3.020856e-01,4.170444e-02,0,0,-9.563746e-06,-9.379348e-01,-5.272663e-01,1.407428e-01,2.554975e-01,3.362204e-01,5.408596e-01,9.499412e-01,-1.685136e+00,-2.553324e-01,1.597651e+00,1.335408e+00,2.367522e-01,-6.950740e-03,0,-5.678988e-03
9.067731e-04,-6.006380e+00,6.911741e+00,1.166299e+00,1.393260e+00,-2.708868e+00,-2.928690e+00,-2.080810e+00,2.596740e+00,5.137999e+00,7.174319e+00,8.771679e-01,-6.418810e-01,3.022061e-02,0,0,3.579404e-05,-3.944809e-01,-4.877433e-01,1.463102e-01,-2.853218e-01,-1.329987e+00,-1.309862e-01,1.261163e+00,-2.426668e+00,-6.726756e-02,1.435416e+00,3.350407e-01,1.013645e-02,-6.225446e-03,0,9.792186e-02
9.655207e-04,-5.616682e+00,6.253927e+00,2.001520e+00,9.687791e-01,-6.016711e+00,-3.003463e+00,-1.652869e+00,7.317221e-01,6.138102e+00,8.242557e+00,-1.353077e+00,-2.590026e-01,2.598973e-02,0,1.872197e-01,7.788600e-05,3.850523e-01,-2.681955e-01,-6.841115e-01,-1.379505e+00,-2.957596e+00,-7.261759e-01,1.524712e+00,-2.499329e+00,-9.270334e-02,5.540105e-01,2.526179e-01,-5.828851e-01,-3.414929e-03,0,1.622206e-01
1.086370e-03,-4.549752e+00,6.179006e+00,3.522571e-02,-2.017473e+00,-1.100884e+01,-4.638679e+00,4.595159e-01,-3.163220e+00,4.957816e+00,8.413152e+00,-7.594008e-01,-1.420123e+00,2.568752e-02,0,3.959995e-01,1.145328e-04,7.735993e-01,-1.394584e-01,-1.460671e+00,-2.310163e+00,-3.132684e+00,-9.772139e-01,1.542993e+00,-1.861060e+00,-2.432085e-01,-4.595163e-01,1.003128e+00,-1.295832e+00,-1.178603e-03,0,1.720003e-01
1.206082e-03,-3.425520e+00,6.635042e+00,-2.450212e+00,-4.964285e+00,-1.394254e+01,-5.669790e+00,1.824666e+00,-4.451263e+00,4.666344e+00,6.450510e+00,1.689045e+00,-2.827391e+00,2.689634e-02,0,6.131031e-01,1.362142e-04,7.073003e-01,-4.286283e-01,-1.731099e+00,-2.146829e+00,-2.244392e+00,-8.496453e-01,1.693431e+00,-4.720071e-01,-1.431475e-01,-1.084393e+00,1.576042e+00,-1.550162e+00,-7.252948e-04,0,1.207382e-01
1.359156e-03,-3.233964e+00,6.023891e+00,-3.911192e+00,-7.191025e+00,-1.440937e+01,-6.481596e+00,3.895389e+00,-4.117066e+00,4.657835e+00,5.772761e+00,4.371745e+00,-5.836847e+00,2.387428e-02,0,6.470597e-01,1.707441e-04,5.585341e-01,-1.326726e+00,-1.447309e+00,-1.382135e+00,-1.362146e+00,-1.567212e-01,1.430125e+00,1.175543e+00,2.356914e-01,-1.380756e+00,7.050950e-01,-1.044494e+00,-1.027500e-03,0,6.098093e-02
1.510198e-03,-2.738074e+00,4.188343e+00,-4.680765e+00,-7.178592e+00,-1.553841e+01,-6.330231e+00,5.096352e+00,-1.151391e+00,5.572355e+00,4.140789e+00,3.961562e+00,-5.801448e+00,2.326987e-02,0,6.653805e-01,1.950393e-04,3.881665e-01,-2.287992e+00,-1.275257e+00,-3.981760e-01,-6.072875e-01,6.500900e-01,1.367075e+00,2.235846e+00,2.715527e-01,-1.603777e+00,-9.731652e-01,-1.006058e-01,-5.137500e-04,0,1.632619e-02
1.788032e-03,-2.100804e+00,7.687263e-01,-6.086042e+00,-7.820997e+00,-1.702164e+01,-5.092064e+00,5.974300e+00,1.064556e+00,5.683268e+00,2.664232e+00,1.629816e+00,-5.155565e+00,2.236325e-02,0,6.747654e-01,1.846174e-04,3.429275e-01,-2.749942e+00,-1.280758e+00,3.264786e-01,3.581718e-01,1.233934e+00,1.088031e+00,2.666791e+00,1.614473e-01,-2.115035e+00,-2.103152e+00,7.691584e-01,1.208824e-03,0,1.027091e-02
1.966841e-03,-2.051267e+00,-2.177336e+00,-7.739073e+00,-6.640179e+00,-1.567284e+01,-3.114105e+00,7.620583e+00,4.137156e+00,5.511391e+00,-1.410894e-02,-1.805816e+00,-3.671061e+00,2.508311e-02,0,6.808812e-01,1.345123e-04,1.613937e-01,-2.454808e+00,-1.256371e+00,4.394978e-01,1.442792e+00,1.288175e+00,7.843653e-01,2.412295e+00,-2.488537e-02,-2.440773e+00,-2.223583e+00,1.145588e+00,2.538531e-03,0,7.568383e-03
2.053922e-03,-1.862730e+00,-4.542978e+00,-8.785830e+00,-5.827838e+00,-1.255130e+01,-1.919991e+00,8.073427e+00,6.572617e+00,5.495554e+00,-2.724967e+00,-3.260326e+00,-3.056249e+00,2.901179e-02,0,6.906639e-01,4.889488e-05,6.141915e-02,-1.540653e+00,-1.125304e+00,3.624436e-01,1.987735e+00,7.991150e-01,1.537539e-01,1.742714e+00,5.897989e-02,-2.582268e+00,-1.605309e+00,1.504900e+00,3.173164e-03,0,6.457186e-03
2.049815e-03,-2.050143e+00,-5.429842e+00,-9.612723e+00,-5.977683e+00,-1.055962e+01,-1.475391e+00,7.968615e+00,8.156055e+00,5.541785e+00,-5.368475e+00,-4.711284e+00,-1.123164e+00,3.263826e-02,0,6.952732e-01,-3.007127e-05,6.337848e-02,-4.555137e-01,-8.773987e-01,-2.387443e-01,1.462863e+00,3.315108e-01,-6.543850e-01,1.001873e+00,4.002004e-01,-1.773476e+00,-1.051584e+00,1.661896e+00,2.538531e-03,0,3.328007e-03
1.991020e-03,-1.794271e+00,-5.308287e+00,-1.077574e+01,-6.340027e+00,-9.639577e+00,-1.915846e+00,6.569053e+00,7.768679e+00,5.962970e+00,-7.569926e+00,-4.943996e+00,1.094989e+00,3.445150e-02,0,6.998553e-01,-1.207017e-04,9.641390e-02,5.877430e-01,-4.390385e-01,-3.590420e-01,3.454963e-01,-1.133193e-02,-9.287241e-01,6.146117e-01,7.228300e-01,-2.123721e-01,-5.453597e-01,1.436952e+00,1.813238e-03,0,-1.749539e-03
1.847936e-03,-1.768604e+00,-4.072250e+00,-1.113111e+01,-7.577806e+00,-9.814390e+00,-1.458623e+00,5.100845e+00,8.548489e+00,7.278685e+00,-6.459012e+00,-6.221902e+00,2.562802e+00,3.505591e-02,0,6.929255e-01,-2.036643e-04,3.836018e-02,1.308256e+00,3.562655e-01,5.177803e-02,-4.893866e-01,-2.286827e-01,-1.017631e+00,5.233629e-01,7.644866e-01,1.638559e+00,2.055369e-01,5.734791e-01,1.329707e-03,0,-5.048800e-02
1.551353e-03,-1.521430e+00,-2.283060e+00,-1.022183e+01,-6.822987e+00,-1.119643e+01,-1.985034e+00,4.863692e+00,9.449459e+00,8.241254e+00,-3.241559e+00,-5.231815e+00,2.285526e+00,3.686915e-02,0,6.830900e-01,-2.471518e-04,-2.273932e-01,1.585498e+00,1.121665e+00,6.883993e-01,-9.443202e-01,-4.630635e-01,-5.494485e-01,4.203766e-01,4.590580e-01,2.777084e+00,8.929273e-01,-1.771274e-01,1.148383e-03,0,-1.198895e-01
1.251327e-03,-1.994762e+00,-4.011745e-01,-8.108352e+00,-5.477313e+00,-1.222812e+01,-2.584211e+00,3.733143e+00,9.932480e+00,8.225076e+00,6.601375e-01,-3.539690e+00,1.148962e+00,3.807797e-02,0,4.512159e-01,-2.318088e-04,-6.117153e-01,1.399626e+00,1.366193e+00,1.254254e+00,-5.373203e-01,-8.122672e-01,-2.326966e-01,1.406002e-01,1.112606e-01,2.559276e+00,1.261387e+00,-4.887333e-01,6.648533e-04,0,-1.847679e-01
1.053565e-03,-2.818157e+00,7.836647e-01,-6.678792e+00,-3.948277e+00,-1.315431e+01,-3.668370e+00,4.505661e+00,9.178566e+00,7.785065e+00,2.755922e+00,-1.820466e+00,9.162719e-01,3.868238e-02,0,2.212624e-01,-1.597255e-04,-9.841820e-01,1.031074e+00,9.815477e-01,9.463189e-01,9.091540e-02,-9.035987e-01,-1.436059e-01,5.237484e-02,-4.916286e-02,1.395862e+00,1.061746e+00,-1.483767e-01,-7.252950e-04,0,-1.817396e-01
9.377855e-04,-4.178817e+00,1.392519e+00,-6.071662e+00,-2.743891e+00,-1.152205e+01,-4.678291e+00,4.116377e+00,9.386936e+00,8.063083e+00,3.338628e+00,-1.620643e+00,8.037629e-01,3.747356e-02,0,0,-8.691208e-05,-1.108658e+00,6.483228e-01,3.506887e-01,5.459461e-01,8.421403e-01,-8.946034e-01,-3.140092e-01,2.666156e-01,-7.968788e-02,1.794566e-01,6.732409e-01,3.929105e-01,-3.052282e-03,0,-1.123694e-01
9.094962e-04,-5.350313e+00,1.975465e+00,-6.332434e+00,-3.458102e+00,-1.109489e+01,-5.455988e+00,3.954045e+00,9.984105e+00,8.076436e+00,2.398507e+00,-8.826092e-01,1.716242e+00,3.354488e-02,0,0,-3.781040e-05,-9.484081e-01,2.476117e-01,-1.178442e-01,1.051958e-01,1.139291e+00,-6.126502e-01,-1.010416e+00,3.244573e-01,-3.699403e-02,-1.795994e-01,5.360012e-01,8.752241e-01,-3.505591e-03,0,-4.425248e-02
8.888009e-04,-6.271976e+00,2.244539e+00,-6.528088e+00,-2.992669e+00,-9.047134e+00,-6.163419e+00,2.438905e+00,1.086279e+01,7.680951e+00,1.736128e+00,-6.424137e-01,2.713530e+00,2.538531e-02,0,0,-8.850586e-06,-5.973462e-01,-2.510486e-01,-4.913196e-01,-2.584859e-01,6.428574e-01,-2.350943e-01,-8.039811e-01,4.103327e-01,-2.390184e-02,3.391070e-02,5.546732e-01,1.187473e+00,-1.541252e-03,0,0
8.890054e-04,-6.513618e+00,1.595713e+00,-7.039801e+00,-3.297909e+00,-8.695315e+00,-5.989057e+00,2.923168e-01,1.006293e+01,7.791161e+00,2.659175e+00,3.704261e-01,4.337509e+00,2.719855e-02,0,0,5.944981e-06,-2.047668e-01,-8.312835e-01,-8.440102e-01,-5.592442e-01,5.415916e-02,1.595828e-01,-9.461503e-02,7.171721e-01,-9.395890e-02,5.888398e-01,7.599412e-01,1.239301e+00,8.159559e-04,0,0
9.037780e-04,-6.583895e+00,3.271522e-01,-8.174577e+00,-4.116417e+00,-9.507547e+00,-5.587228e+00,1.927336e+00,1.139919e+01,8.086211e+00,3.377848e+00,5.262060e-01,5.430494e+00,3.294047e-02,0,0,2.037323e-05,1.384970e-01,-8.144668e-01,-1.155195e+00,-8.858671e-01,-3.417505e-01,3.591699e-01,1.298686e+00,1.213952e+00,6.856589e-02,5.852571e-01,7.935356e-01,9.600378e-01,-4.835298e-04,0,0
9.317325e-04,-6.218187e+00,-1.222259e+00,-9.729240e+00,-5.692449e+00,-1.059388e+01,-4.946169e+00,3.736755e+00,1.330177e+01,7.404011e+00,4.521846e+00,2.332787e+00,6.554266e+00,3.384708e-02,0,0,2.572660e-05,2.996809e-01,-2.275670e-01,-1.056910e+00,-6.753734e-01,2.438726e-01,5.721992e-01,1.837887e+00,1.293300e+00,3.096243e-01,4.184405e-01,4.047041e-01,4.399537e-01,-5.802357e-03,0,0
9.693035e-04,-5.727207e+00,-4.188085e-01,-1.095934e+01,-6.224735e+00,-9.806602e+00,-4.889014e+00,7.210117e+00,1.531313e+01,8.217355e+00,3.731077e+00,2.344084e+00,6.405340e+00,1.964340e-02,0,0,1.823564e-05,3.122004e-01,5.646742e-01,-6.607846e-01,-7.198620e-03,1.090135e+00,6.369316e-01,7.900460e-01,6.412331e-01,1.043913e+00,2.112982e-01,-1.799752e-01,-4.705647e-01,-8.038683e-03,0,0
9.848756e-04,-5.443558e+00,8.308580e-01,-1.093197e+01,-5.620617e+00,-7.326425e+00,-3.477168e+00,6.840363e+00,1.457246e+01,9.273710e+00,4.574763e+00,1.485008e+00,6.049855e+00,4.835298e-03,0,0,3.805745e-06,6.064544e-02,7.978710e-01,-2.026491e-01,4.881307e-01,1.386420e+00,1.020267e+00,-5.062474e-01,1.299590e-01,1.379640e+00,-7.534730e-02,-7.951770e-01,-1.170409e+00,-3.233605e-03,0,0
9.683846e-04,-5.410208e+00,2.123964e+00,-1.087714e+01,-4.188326e+00,-5.690602e+00,-3.137071e+00,4.325762e+00,1.397001e+01,1.237093e+01,4.407880e+00,5.021988e-02,3.329877e+00,7.252946e-03,0,0,-1.264538e-05,-2.695507e-01,1.834977e-01,-4.214859e-03,5.476525e-01,6.393816e-01,1.202737e+00,-1.215011e+00,2.916498e-01,1.375552e+00,-4.097106e-01,-1.360417e+00,-1.547558e+00,6.557873e-03,0,0
9.512207e-04,-6.073460e+00,1.495709e+00,-1.078359e+01,-4.270000e+00,-5.719786e+00,-7.208080e-01,2.647696e+00,1.462312e+01,1.222543e+01,3.806708e+00,-4.961660e-01,2.239951e+00,2.387428e-02,0,0,-1.574270e-05,-4.817258e-01,-4.140895e-01,-5.136299e-03,6.914353e-02,-4.849574e-01,1.209098e+00,-1.915427e-01,8.028446e-01,7.317343e-01,-1.266239e+00,-1.989882e+00,-1.417670e+00,1.184648e-02,0,0
9.229041e-04,-6.760010e+00,1.662546e-01,-1.105461e+01,-4.161781e+00,-7.413014e+00,-2.535069e-01,3.231395e+00,1.674604e+01,1.361926e+01,2.066551e+00,-3.467414e+00,5.725030e-01,4.291327e-02,0,0,-1.016454e-05,-5.172940e-01,-7.223865e-01,1.940748e-01,-5.867652e-01,-1.088919e+00,1.170628e+00,9.981772e-01,3.484249e-01,-2.824014e-01,-1.179561e+00,-2.080013e+00,-6.785401e-01,7.192506e-03,0,0
9.289024e-04,-7.177286e+00,-2.607349e-01,-1.086891e+01,-5.288172e+00,-8.890006e+00,1.126540e+00,6.429832e+00,1.719866e+01,1.230822e+01,-5.857692e-01,-6.705585e+00,3.401896e-01,4.623754e-02,0,0,7.310374e-05,-4.824852e-01,-7.963201e-01,9.505124e-01,-9.499559e-01,-1.917696e-01,8.703449e-01,1.305789e+00,-1.146460e+00,-1.124958e+00,-4.148247e-01,-1.216413e+00,4.356400e-01,-3.022061e-03,0,3.862627e-02
9.287211e-04,-7.444766e+00,-6.097465e-01,-9.864101e+00,-6.613066e+00,-9.550087e+00,1.792394e+00,7.425579e+00,1.442436e+01,1.091753e+01,7.063152e-01,-7.245136e+00,8.870571e-01,3.203385e-02,0,0,2.896542e-04,-7.611572e-01,-7.545079e-01,1.499774e+00,-1.139678e+00,9.819523e-01,6.346768e-01,5.000079e-01,-2.424564e+00,-1.916595e+00,1.065032e+00,7.909871e-01,2.180596e+00,-8.884860e-03,0,5.793940e-02
1.313831e-03,-8.143508e+00,-2.097891e+00,-6.626280e+00,-7.794137e+00,-5.610097e+00,2.607966e+00,7.079546e+00,1.005166e+01,7.951504e+00,2.412703e+00,-4.689372e+00,4.260874e+00,1.420369e-02,0,1.931313e-01,3.950887e-04,-1.054253e+00,-8.547181e-01,1.490658e+00,-5.802740e-01,1.637497e+00,-1.693962e-01,-6.590806e-01,-2.053793e+00,-1.567550e+00,2.139238e+00,1.982891e+00,2.886567e+00,-5.802359e-03,0,5.793940e-02
2.178711e-03,-1.008268e+01,-2.687707e+00,-5.677055e+00,-8.607191e+00,-4.143207e+00,2.179164e+00,5.406578e+00,8.196723e+00,6.214642e+00,5.892475e+00,-5.205848e-01,9.515141e+00,1.450589e-02,0,1.931313e-01,2.962634e-04,-9.130677e-01,-3.735231e-01,5.095075e-01,-8.036900e-02,9.472325e-01,-1.148692e+00,-1.236597e+00,-4.014669e-01,-8.004753e-01,1.971030e+00,1.542527e+00,1.977622e+00,2.689634e-03,0,3.205161e-02
2.279351e-03,-1.112959e+01,-3.495345e+00,-5.509148e+00,-7.192480e+00,-3.405961e+00,8.617353e-02,4.143930e+00,1.004352e+01,6.821907e+00,7.517339e+00,-1.534079e-01,1.045898e+01,2.598973e-02,0,1.931313e-01,-6.718307e-05,-1.602821e-01,3.009009e-01,-2.426029e-01,5.648539e-01,-2.384053e-01,-1.649598e+00,-6.885608e-01,1.090727e+00,5.727097e-01,1.175680e+00,-2.250638e-01,-4.571029e-01,7.464491e-03,0,2.179098e-02
1.927278e-03,-1.051706e+01,-1.778635e+00,-7.875130e+00,-7.315740e+00,-5.915993e+00,-2.690170e+00,2.710400e+00,1.242110e+01,7.479948e+00,8.009147e+00,-1.800481e+00,7.676113e+00,3.958900e-02,0,1.602580e-01,-3.355890e-04,1.085121e+00,9.245243e-01,-1.837674e-01,8.464351e-01,-1.867437e-01,-1.661687e+00,-3.132759e-01,6.016157e-01,1.148814e+00,4.434931e-01,-1.510196e+00,-2.440052e+00,4.865518e-03,0,7.334723e-02
1.103632e-03,-8.727730e+00,-1.047922e+00,-6.740257e+00,-5.615593e+00,-5.915731e+00,-3.205359e+00,4.984831e+00,1.339311e+01,1.018240e+01,7.232765e+00,-5.174742e+00,2.894874e+00,3.898459e-02,0,3.185229e-01,-3.045395e-04,2.058740e+00,1.247016e+00,-8.820868e-02,1.059186e+00,6.153363e-01,-1.173739e+00,-7.724764e-01,-1.206071e+00,7.769061e-01,4.908379e-01,-1.367460e+00,-2.723858e+00,-6.648537e-04,0,1.072295e-01
1.088626e-03,-5.858011e+00,7.112031e-01,-5.980337e+00,-5.163459e+00,-3.822040e+00,-4.483503e+00,3.419748e+00,9.530005e+00,1.027846e+01,8.252228e+00,-5.560897e+00,1.096935e+00,3.233605e-02,0,4.971717e-01,-1.002786e-04,2.570147e+00,8.901979e-01,-6.062886e-01,1.089728e+00,1.492355e+00,-1.072458e+00,-2.135020e+00,-2.929317e+00,-1.009943e-01,1.023575e+00,-4.245490e-01,-1.977110e+00,-3.445149e-03,0,1.183200e-01
1.175980e-03,-3.165418e+00,1.494813e+00,-6.897587e+00,-2.972692e+00,-1.376256e+00,-4.885854e+00,-7.312521e-02,5.458710e+00,9.307179e+00,9.849988e+00,-5.110498e+00,1.292807e-01,2.629193e-02,0,5.608218e-01,1.384937e-04,2.502105e+00,2.841076e-01,-2.093546e+00,4.346125e-01,1.166071e+00,-1.191401e+00,-3.129218e+00,-3.058695e+00,-1.058705e+00,1.105504e+00,2.468479e-01,-1.392484e+00,-1.571471e-03,0,8.662957e-02
1.389711e-03,-4.474846e-01,1.400987e+00,-1.082791e+01,-3.188552e+00,-7.239547e-01,-7.212212e+00,-5.435720e+00,1.741713e+00,7.412586e+00,1.181841e+01,-3.955349e+00,-8.266400e-01,2.870958e-02,0,6.307089e-01,1.982107e-04,1.841507e+00,-5.735884e-01,-2.967823e+00,-4.378861e-01,1.168300e-01,-7.358876e-01,-2.437558e+00,-1.979349e+00,-1.118688e+00,6.932241e-01,5.327848e-01,-1.386460e+00,1.269266e-03,0,5.138217e-02
1.645558e-03,1.077533e+00,2.772395e-02,-1.478420e+01,-4.429985e+00,-1.634420e+00,-7.798012e+00,-6.233524e+00,1.993782e+00,6.321814e+00,1.097720e+01,-4.743277e+00,-3.105761e+00,3.294047e-02,0,6.849022e-01,2.082028e-04,1.045738e+00,-1.016833e+00,-2.824618e+00,-1.333535e+00,-5.030369e-01,2.623805e-01,-1.147475e+00,-1.151185e+00,-6.730130e-01,4.614557e-01,5.428914e-01,-1.243801e+00,2.055002e-03,0,3.294070e-02
1.844890e-03,1.228048e+00,-1.423195e+00,-1.687615e+01,-6.624243e+00,-3.108808e+00,-6.706862e+00,-5.687843e+00,1.365726e+00,6.177706e+00,1.115474e+01,-3.080584e+00,-4.217846e+00,3.535812e-02,0,6.920424e-01,1.842440e-04,2.734822e-01,-1.094081e+00,-1.827465e+00,-1.514443e+00,-6.631355e-01,1.801947e+00,4.488732e-01,-7.945897e-01,-2.458332e-01,6.936487e-01,7.566887e-01,-9.160636e-01,5.741917e-04,3.861961e+01,1.398817e-02
1.989404e-03,1.225507e+00,-2.177261e+00,-1.799656e+01,-7.922521e+00,-2.699013e+00,-3.826627e+00,-5.684439e+00,-1.092223e-01,6.559555e+00,1.248910e+01,-2.833424e+00,-4.394119e+00,3.324267e-02,0,6.948586e-01,1.827209e-04,-9.990442e-03,-8.350598e-01,-9.366030e-01,-1.381737e+00,-5.251544e-01,2.813598e+00,1.545121e+00,-9.937490e-01,-1.361692e-01,1.297697e+00,1.261433e+00,-5.442234e-01,-1.178604e-03,9.722286e+01,6.014871e-03
2.139008e-03,8.459392e-01,-2.966924e+00,-1.835905e+01,-9.014499e+00,-3.507336e+00,-1.881702e-01,-3.465897e+00,-1.179734e+00,6.064550e+00,1.453070e+01,-1.126832e+00,-4.762779e+00,3.142944e-02,1.930980e+02,6.956716e-01,1.941412e-04,-1.616553e-02,-4.579082e-01,-4.342918e-01,-1.552768e+00,-6.530557e-01,3.036534e+00,2.412897e+00,-7.192562e-01,-5.552289e-01,1.352955e+00,1.606835e+00,-3.529769e-01,-1.934120e-03,1.553350e+02,8.213413e-03
2.412104e-03,1.218635e+00,-3.375710e+00,-1.872576e+01,-1.014354e+01,-4.060928e+00,3.010632e+00,3.811073e-01,-1.702233e+00,5.697546e+00,1.577770e+01,5.870101e-01,-5.554411e+00,2.901179e-02,3.895653e+02,7.131619e-01,1.860547e-04,4.726684e-03,4.287929e-02,-2.039665e-01,-1.905293e+00,-1.070978e+00,2.175429e+00,2.307342e+00,-3.836154e-01,-8.401996e-01,6.305086e-01,1.648970e+00,-2.414179e-02,-1.571473e-03,1.544753e+02,1.043126e-02
2.604246e-03,1.150657e+00,-3.113511e+00,-1.868300e+01,-1.327757e+01,-5.693129e+00,5.057180e+00,3.343866e+00,-1.434050e+00,3.832566e+00,1.627522e+01,3.243373e+00,-5.402585e+00,2.780296e-02,5.818923e+02,7.239577e-01,1.443349e-04,4.419237e-02,5.199745e-01,-1.689114e-01,-2.234422e+00,-1.343557e+00,7.411979e-01,8.440240e-01,-1.554817e-01,-5.850731e-01,-3.596606e-01,7.461481e-01,6.916313e-01,-1.027502e-03,9.453923e+01,6.639170e-03
2.687059e-03,1.096782e+00,-1.889571e+00,-1.885442e+01,-1.531745e+01,-6.961004e+00,4.427843e+00,2.447391e+00,-1.900141e+00,3.474549e+00,1.476938e+01,3.226322e+00,-4.194925e+00,2.719855e-02,5.779794e+02,7.328718e-01,4.156842e-05,-1.152264e-02,6.556476e-01,-1.718626e-01,-1.989796e+00,-1.655592e+00,-6.401443e-01,-1.029516e+00,-1.805766e-01,-3.848593e-01,-1.093902e+00,-4.454363e-01,1.339038e+00,-4.835300e-04,-3.091583e+00,-7.501066e-04
2.723205e-03,1.127828e+00,-1.110121e+00,-1.913928e+01,-1.759966e+01,-8.775084e+00,2.809214e+00,-2.789187e-01,-1.858188e+00,4.250683e+00,1.323656e+01,1.284253e+00,-1.984365e+00,2.719855e-02,5.715871e+02,7.190125e-01,-8.103042e-05,1.498089e-02,4.582722e-01,-1.410795e-01,-1.231171e+00,-1.382318e+00,-1.245521e+00,-2.013901e+00,-4.267001e-01,-4.437767e-01,-1.476070e+00,-1.174497e+00,1.519862e+00,-9.066146e-05,-9.823544e+01,-6.281137e-03
2.560466e-03,1.172436e+00,-1.099167e+00,-1.935694e+01,-1.793148e+01,-1.079791e+01,9.338935e-01,-2.955081e+00,-2.393047e+00,3.564191e+00,1.182752e+01,-6.606115e-01,-5.683334e-01,2.689634e-02,3.792600e+02,7.118840e-01,-2.016093e-04,-4.744237e-02,6.421570e-02,8.857803e-02,-4.932699e-01,-8.768689e-01,-9.178731e-01,-1.802006e+00,-5.866846e-01,-9.563137e-01,-1.586710e+00,-8.604606e-01,1.170330e+00,4.533095e-04,-1.537471e+02,-8.458788e-03
2.262390e-03,1.187734e+00,-1.217352e+00,-1.913714e+01,-1.812641e+01,-1.068626e+01,5.765482e-01,-4.024401e+00,-3.321098e+00,1.568861e+00,1.036580e+01,-6.856455e-01,3.834309e-01,2.750076e-02,1.900748e+02,7.030459e-01,-2.651810e-04,-8.481629e-02,-1.188036e-01,3.735691e-01,3.642019e-01,-3.338041e-02,-1.577285e-01,-1.116084e+00,-8.005236e-01,-1.020529e+00,-1.767738e+00,-1.333187e-01,5.310459e-01,6.648535e-04,-1.522434e+02,-5.619592e-03
1.909420e-03,8.296168e-01,-1.514877e+00,-1.841260e+01,-1.752042e+01,-1.038976e+01,9.548100e-01,-4.689896e+00,-4.102110e+00,3.389080e-02,8.271214e+00,-9.103247e-02,4.728263e-01,2.931399e-02,0,6.985611e-01,-2.181360e-04,-7.610982e-02,5.615152e-02,5.507153e-01,7.585526e-01,6.331563e-01,4.095884e-01,-5.434221e-01,-1.232132e+00,-1.451471e-01,-1.363351e+00,3.257970e-01,2.421590e-01,4.835298e-04,-9.485948e+01,-4.271710e-03
1.722824e-03,8.751559e-01,-1.496284e+00,-1.774361e+01,-1.598418e+01,-9.146062e+00,2.010113e+00,-4.991930e+00,-5.006275e+00,9.131899e-01,6.176022e+00,3.328696e-01,1.502842e-01,2.931399e-02,0,6.975760e-01,-9.823842e-05,4.024745e-02,3.908221e-01,5.949715e-01,9.439973e-01,7.583703e-01,4.874053e-01,-1.400657e-01,-1.108921e+00,1.056360e+00,-2.722853e-01,5.924267e-01,2.293736e-01,-3.324267e-04,-3.801497e+01,-3.663129e-03
1.739570e-03,9.481761e-01,-6.789432e-01,-1.730013e+01,-1.520983e+01,-8.402229e+00,2.265053e+00,-5.188427e+00,-7.711119e+00,3.166291e+00,7.105658e+00,4.591162e-01,7.590348e-01,2.840737e-02,0,6.932604e-01,-4.905346e-06,7.350273e-02,7.328047e-01,7.621931e-01,8.850654e-01,9.147171e-01,3.056884e-03,4.479230e-01,-2.403175e-01,1.549265e+00,9.427235e-01,8.083652e-01,3.017282e-01,-6.044119e-04,0,-4.119528e-03
1.856123e-03,1.329691e+00,3.187918e-01,-1.671852e+01,-1.456172e+01,-7.888177e+00,2.358453e+00,-4.475464e+00,-7.061200e+00,5.284460e+00,9.587151e+00,2.001413e+00,1.387195e+00,2.629193e-02,0,6.873806e-01,-8.818856e-06,-1.658620e-01,7.621903e-01,7.710892e-01,8.933493e-01,1.115924e+00,5.556590e-02,9.236588e-01,1.369542e+00,1.546475e+00,1.073349e+00,1.319247e+00,5.789610e-01,1.027501e-03,0,-8.552140e-03
1.818243e-03,9.698627e-01,1.241609e+00,-1.511417e+01,-1.380632e+01,-6.445116e+00,7.959244e-01,-2.708513e+00,-4.276235e+00,5.594581e+00,1.127927e+01,3.116522e+00,1.363012e+00,2.780296e-02,0,6.830612e-01,-1.118692e-04,-6.039885e-01,6.414694e-01,1.098431e+00,1.512227e+00,1.322301e+00,5.091600e-02,1.171583e+00,2.618842e+00,1.078945e+00,2.027737e-01,1.319661e+00,8.725733e-01,3.807797e-03,0,-1.669631e-02
1.639393e-03,3.500263e-02,1.354392e+00,-1.498114e+01,-1.221918e+01,-4.545000e+00,3.022507e+00,-1.613592e+00,1.239912e-01,7.431422e+00,9.455962e+00,5.600403e+00,2.743100e+00,3.475370e-02,0,6.599149e-01,-2.018157e-04,-1.213346e+00,4.092438e-01,1.350101e+00,2.013267e+00,1.331726e+00,-4.334471e-01,1.015448e+00,2.356335e+00,6.447957e-01,-3.869770e-01,7.414545e-01,1.279160e+00,6.316108e-03,0,-2.665845e-02
1.288589e-03,-1.424422e+00,2.010604e+00,-1.267666e+01,-8.819966e+00,-3.462313e+00,2.187606e+00,-7.614499e-01,1.790495e+00,7.487534e+00,8.185121e+00,5.257926e+00,4.443948e+00,4.321547e-02,0,6.235117e-01,-1.998318e-04,-1.636624e+00,3.309581e-01,1.759863e+00,1.922880e+00,9.367149e-01,-1.350407e+00,9.312230e-01,1.440426e+00,1.112339e-01,1.744041e-01,-1.054578e-02,1.272129e+00,5.469931e-03,0,-2.590858e-02
1.111871e-03,-3.539897e+00,1.980513e+00,-1.118677e+01,-6.988560e+00,-2.720949e+00,-5.046234e-01,-3.717572e-01,1.687109e+00,7.561962e+00,9.199339e+00,4.637984e+00,6.242525e+00,5.016622e-02,0,5.838631e-01,-1.294008e-04,-1.731752e+00,3.115906e-01,1.646567e+00,8.806826e-01,5.177622e-01,-2.281818e+00,1.467237e+00,4.519317e-01,-7.931244e-01,1.097111e+00,-6.694600e-01,6.252166e-01,1.208825e-03,0,-1.175907e-02
1.082845e-03,-5.425808e+00,2.583338e+00,-8.212042e+00,-6.807236e+00,-2.673566e+00,-4.192548e+00,1.326684e+00,2.144335e+00,6.085480e+00,1.227960e+01,3.545003e+00,5.973944e+00,4.744636e-02,0,5.915442e-01,-3.280243e-05,-1.411213e+00,9.870155e-02,5.636118e-01,-6.067017e-01,8.161664e-03,-1.432553e+00,1.588062e+00,-3.693759e-03,-8.260475e-01,1.330430e+00,-4.779550e-01,-5.253376e-01,-2.840736e-03,0,9.908646e-03
1.095261e-03,-6.623064e+00,2.625977e+00,-8.980615e+00,-8.822137e+00,-2.350563e+00,-5.196508e+00,4.678524e+00,2.206730e+00,4.166827e+00,1.289428e+01,3.109565e+00,5.104186e+00,3.868238e-02,0,6.171033e-01,1.046365e-05,-9.309911e-01,-3.375394e-01,-8.045424e-01,-1.475268e+00,-7.454101e-01,-2.589648e-01,1.136268e+00,2.311715e-02,-5.428381e-01,4.758196e-02,-3.821003e-01,-1.689166e+00,-3.324267e-03,0,2.179525e-02
1.132882e-03,-6.938902e+00,2.181380e+00,-1.096168e+01,-1.093669e+01,-3.606698e+00,-2.629214e+00,4.653718e+00,1.512215e+00,5.054864e+00,1.298980e+01,3.632361e+00,2.386430e+00,3.475371e-02,0,6.564348e-01,3.338261e-05,-6.837067e-01,-7.466635e-01,-1.847127e+00,-1.216910e+00,-1.212824e+00,5.011488e-01,2.069399e-02,5.098090e-02,2.866494e-01,-1.198945e+00,-5.062462e-01,-2.232713e+00,2.478090e-03,0,-2.459511e-02
1.139171e-03,-7.438305e+00,4.937955e-01,-1.383466e+01,-1.230017e+01,-5.981434e+00,-2.581115e+00,3.646065e+00,2.118755e+00,5.363080e+00,9.082149e+00,2.683804e+00,-4.095457e-01,3.989121e-02,0,6.603940e-01,5.028184e-05,-6.666484e-01,-6.979624e-01,-1.424475e+00,-1.337641e-01,-1.071149e+00,3.855662e-01,-7.335492e-01,1.671005e-02,2.730397e-01,-1.932791e+00,-9.886580e-01,-1.987471e+00,1.175582e-02,0,-1.007899e-01
1.227803e-03,-8.436721e+00,-8.388805e-02,-1.502065e+01,-1.115277e+01,-6.922253e+00,-2.994501e+00,1.946384e+00,2.443227e+00,6.920601e+00,8.190936e+00,1.226653e+00,-2.432756e+00,5.923240e-02,0,4.469233e-01,9.453238e-05,-6.741871e-01,-8.481342e-02,-5.140519e-01,1.064562e+00,-3.744127e-01,3.799710e-02,-4.578322e-01,-5.635616e-01,-3.791725e-01,-1.473525e+00,-1.218862e+00,-9.510889e-01,1.855545e-02,0,-1.755354e-01
1.299210e-03,-9.207397e+00,2.687993e-01,-1.407351e+01,-9.382916e+00,-6.048531e+00,-3.086034e+00,2.364445e+00,1.824774e+00,4.599157e+00,5.629751e+00,-6.308709e-01,-2.423574e+00,8.522213e-02,0,2.179096e-01,1.452518e-04,-6.031965e-01,7.582174e-01,2.717805e-01,1.579426e+00,2.803223e-01,5.449110e-01,-6.526544e-02,-1.379128e+00,-7.833403e-01,-2.672301e-01,-8.521260e-01,-6.167608e-02,1.689332e-02,0,-1.767711e-01
1.525525e-03,-9.425292e+00,1.869811e+00,-1.341252e+01,-7.072504e+00,-5.445213e+00,-2.186769e+00,3.005367e+00,-1.158602e+00,3.540963e+00,7.348373e+00,-8.046135e-01,-1.362001e+00,1.048655e-01,0,0,1.990709e-04,-5.604461e-01,1.262711e+00,1.386069e-01,1.432712e+00,3.120099e-01,9.377900e-01,5.051852e-01,-1.268100e+00,-9.285247e-01,4.677074e-01,-8.062795e-02,4.910206e-01,5.197945e-03,0,-1.111756e-01
1.716569e-03,-9.960002e+00,3.308033e+00,-1.327983e+01,-6.443178e+00,-5.318342e+00,-2.604257e-01,2.790246e+00,-2.975972e+00,3.136197e+00,8.167279e+00,-5.611937e-01,-1.253304e+00,1.015413e-01,0,0,2.314134e-04,-8.056681e-01,1.270808e+00,-3.855442e-01,1.124888e+00,2.797667e-01,1.101108e+00,5.189449e-01,-4.252704e-01,-3.429835e-01,1.092530e+00,6.163071e-01,7.777874e-01,-7.615595e-03,0,-4.358193e-02
2.014478e-03,-1.086265e+01,4.710049e+00,-1.472446e+01,-5.459079e+00,-5.727298e+00,2.816452e-01,4.259410e+00,-1.496899e+00,3.009458e+00,9.260709e+00,7.886742e-01,-5.627883e-01,7.706255e-02,0,0,2.030000e-04,-1.295802e+00,7.731045e-01,-4.989432e-01,1.189090e+00,6.808299e-01,8.275293e-01,8.099815e-01,6.749719e-01,1.502882e-01,9.338642e-01,8.632275e-01,7.140648e-01,-9.791479e-03,0,0
2.211801e-03,-1.251706e+01,5.202719e+00,-1.534526e+01,-4.565189e+00,-4.508655e+00,1.185298e+00,4.332148e+00,-1.324295e-01,3.149992e+00,1.013623e+01,1.654021e+00,1.065756e+00,6.104563e-02,0,0,8.595079e-05,-1.522975e+00,-5.342774e-02,1.792717e-03,1.283269e+00,7.796620e-01,6.300369e-02,6.933627e-01,7.379732e-01,6.444120e-01,5.285013e-01,9.173458e-01,4.732963e-01,2.387430e-03,0,0
2.292909e-03,-1.462577e+01,4.787991e+00,-1.487452e+01,-2.066050e+00,-2.445907e+00,1.228016e+00,6.284323e+00,7.944857e-01,4.285507e+00,1.103322e+01,2.403916e+00,1.048793e+00,7.615594e-02,0,0,-1.149511e-04,-1.194372e+00,-7.958225e-01,1.100277e+00,9.622725e-01,3.610385e-01,-6.974410e-01,6.277297e-01,3.660404e-01,6.615407e-01,-4.349808e-01,2.091068e-01,-3.484200e-01,1.671200e-02,0,0
2.007107e-03,-1.569331e+01,3.001923e+00,-1.319583e+01,-1.723347e+00,-3.060727e+00,-4.185929e-01,5.244603e+00,-4.317985e-01,5.720232e+00,9.923532e+00,3.217915e+00,3.073866e-01,1.139317e-01,0,0,-2.818711e-04,9.816809e-02,-9.253534e-01,2.072911e+00,-3.092377e-02,-1.039502e+00,-1.754071e+00,-3.501658e-01,-1.535640e-01,-1.791847e-01,-1.416224e+00,-4.343194e-01,-6.178890e-01,1.674222e-02,0,3.722887e-02
1.542069e-03,-1.524638e+01,1.831334e+00,-1.029779e+01,-2.068638e+00,-4.646070e+00,-2.403614e+00,6.941831e+00,4.829872e-01,5.032041e+00,7.192156e+00,1.052261e+00,-1.925703e+00,1.341795e-01,0,0,-3.207198e-04,1.682417e+00,-2.331597e-01,2.742413e+00,-9.549360e-01,-2.203026e+00,-2.369620e+00,-1.779960e+00,-1.041065e+00,-1.002498e+00,-1.656045e+00,-1.262825e+00,-2.314026e-02,1.813233e-04,0,9.470270e-02
1.177865e-03,-1.171591e+01,2.054280e+00,-7.269071e+00,-4.718514e+00,-8.606083e+00,-5.769240e+00,2.252565e+00,-7.445003e-01,1.880801e+00,4.975644e+00,1.582514e-01,-5.364403e-01,1.157449e-01,0,1.861443e-01,-2.124729e-04,2.773305e+00,7.115707e-01,2.822685e+00,-1.043206e+00,-2.620090e+00,-2.578487e+00,-2.925016e+00,-1.612292e+00,-1.356719e+00,-1.037903e+00,-1.433886e+00,1.023624e+00,-2.000605e-02,0,1.551096e-01
1.103931e-03,-8.202389e+00,4.096014e+00,-4.125835e+00,-5.343146e+00,-1.068836e+01,-7.944758e+00,-1.119460e+00,-4.254487e+00,1.192733e+00,5.226935e+00,-2.380378e+00,1.355006e+00,7.615594e-02,0,3.804413e-01,-6.459979e-05,2.738971e+00,1.072474e+00,2.425631e+00,-6.803604e-01,-2.354877e+00,-2.097796e+00,-3.391731e+00,-2.540592e+00,-8.368276e-01,-2.630773e-01,-6.704656e-01,1.607914e+00,-2.771230e-02,0,1.537682e-01
1.163812e-03,-5.348785e+00,5.427437e+00,-2.168380e+00,-5.302125e+00,-1.314003e+01,-1.054046e+01,-5.349831e+00,-6.124523e+00,8.562903e-01,5.716627e+00,-2.235196e+00,3.785150e+00,4.291327e-02,0,5.853274e-01,3.779485e-05,1.603817e+00,6.383380e-01,1.676404e+00,-2.669038e-01,-1.833636e+00,-6.234168e-01,-1.754472e+00,-2.839705e+00,-1.752429e-01,1.811127e-01,-1.904717e-01,8.595921e-01,-2.224237e-02,0,9.808289e-02
1.226096e-03,-4.735091e+00,5.507127e+00,-7.199786e-01,-5.178635e+00,-1.415348e+01,-1.050698e+01,-6.215624e+00,-9.529963e+00,1.360158e+00,5.506278e+00,-1.103343e+00,3.953072e+00,3.203385e-02,0,5.692492e-01,5.880229e-05,4.009946e-01,-1.542354e-01,9.600565e-01,-3.212192e-01,-1.518762e+00,1.280015e+00,-1.559003e-01,-2.883098e+00,9.646425e-02,1.729932e-02,3.512605e-01,-7.554163e-01,-1.142339e-02,0,3.508145e-02
1.305757e-03,-5.430475e+00,4.540413e+00,-5.899777e-01,-6.135288e+00,-1.604170e+01,-7.605211e+00,-3.971715e+00,-1.230529e+01,9.208741e-01,5.741536e+00,-1.432624e+00,2.462487e+00,2.659414e-02,0,5.821548e-01,3.783510e-05,-4.346725e-01,-5.900055e-01,5.374229e-01,-4.585770e-01,-1.340470e+00,2.751850e+00,1.220288e+00,-2.383851e+00,3.690651e-01,-8.286333e-02,2.170787e-02,-2.166404e+00,-3.505591e-03,0,-7.085145e-03
1.326970e-03,-6.156571e+00,3.768349e+00,-1.147537e-01,-6.532660e+00,-1.683134e+01,-3.012304e+00,-2.588019e+00,-1.557959e+01,1.642763e+00,5.300977e+00,-1.025361e+00,-1.760744e+00,2.719855e-02,0,5.574349e-01,-4.375342e-06,-4.384475e-01,-4.722268e-01,2.752101e-01,-1.658989e-01,-1.014957e+00,2.650748e+00,1.232707e+00,-8.232962e-01,8.347769e-01,1.605299e-01,-2.556888e-01,-2.536034e+00,-3.022060e-04,0,-1.060173e-02
1.302551e-03,-6.811408e+00,3.346799e+00,2.161213e-01,-6.917997e+00,-1.850346e+01,-5.285470e-01,-1.062193e+00,-1.501896e+01,2.560313e+00,5.404961e+00,-2.165648e+00,-4.189964e+00,2.780296e-02,0,5.558088e-01,-5.024450e-05,-1.515671e-01,3.464761e-02,1.683495e-01,4.090685e-01,-2.152243e-01,1.354131e+00,7.913085e-01,6.927381e-01,1.492588e+00,6.161660e-01,-1.089797e-01,-1.378990e+00,8.159559e-04,0,-1.738231e-02
1.205823e-03,-6.236862e+00,3.742800e+00,2.530225e-01,-5.616776e+00,-1.799739e+01,-7.915773e-01,-1.506852e+00,-1.228961e+01,4.714323e+00,6.477214e+00,-2.015276e+00,-5.400876e+00,2.991840e-02,0,5.294135e-01,-7.407532e-05,4.994483e-02,3.991022e-01,4.992040e-02,8.579379e-01,9.852177e-01,9.909098e-02,3.103861e-01,1.614848e+00,1.593015e+00,1.217911e+00,2.235407e-01,2.542747e-01,6.346322e-04,0,-4.797971e-02
1.115108e-03,-6.148165e+00,4.726426e+00,6.788171e-02,-4.547888e+00,-1.653480e+01,-1.944920e+00,-5.557563e-01,-1.048659e+01,6.848032e+00,8.234247e+00,-1.482566e+00,-2.612398e+00,2.931399e-02,0,5.092539e-01,-7.521395e-05,-6.217432e-03,3.284544e-01,4.153612e-02,9.512726e-01,2.049546e+00,-1.251299e-01,-7.028647e-02,1.835208e+00,1.224628e+00,1.366947e+00,6.096177e-01,1.385416e+00,2.447870e-03,0,-9.802045e-02
1.050315e-03,-6.238468e+00,5.074047e+00,2.089681e-01,-3.428025e+00,-1.288958e+01,-1.808663e+00,-1.289307e+00,-9.771536e+00,7.463978e+00,9.975890e+00,-2.491987e-01,-1.278154e+00,2.961620e-02,0,3.408138e-01,-5.725429e-05,-3.070123e-01,-3.303103e-01,-4.608656e-02,6.113196e-01,2.160378e+00,1.478268e-01,-3.759246e-01,1.451413e+00,3.295175e-01,1.294568e+00,6.508148e-01,1.883971e+00,6.648534e-03,0,-1.408074e-01
1.004235e-03,-6.841691e+00,4.323448e+00,4.458291e-01,-3.256009e+00,-1.080963e+01,-6.456539e-01,-1.522398e+00,-7.101955e+00,7.308626e+00,1.049036e+01,-5.977948e-04,6.757542e-01,4.019341e-02,0,1.600065e-01,-3.689408e-05,-3.737239e-01,-9.662912e-01,-3.759430e-01,3.516777e-01,1.467622e+00,4.100150e-01,-3.703936e-01,1.180031e+00,-7.415040e-01,5.185508e-01,2.096502e-01,1.892944e+00,1.030523e-02,0,-1.359322e-01
9.749879e-04,-7.425160e+00,2.292738e+00,-1.663840e-01,-3.206117e+00,-1.005808e+01,-7.020765e-01,-2.903154e+00,-6.724858e+00,6.131613e+00,1.182200e+01,4.978143e-01,2.374902e+00,5.772137e-02,0,0,-2.746534e-05,-3.593675e-01,-1.130592e+00,-7.543371e-01,4.798089e-01,5.998670e-01,-3.098665e-02,-2.626761e-01,9.125670e-01,-1.357156e+00,-4.866433e-01,1.936879e-01,1.687751e+00,8.945299e-03,0,-8.416340e-02
9.683008e-04,-7.423439e+00,1.285624e+00,-1.624157e+00,-2.900454e+00,-1.061244e+01,-4.481385e-01,-1.600801e+00,-6.109773e+00,3.806695e+00,9.903947e+00,-8.078215e-01,5.025795e+00,6.678755e-02,0,0,-2.039703e-05,-7.162295e-02,-5.642122e-01,-1.058588e+00,6.553671e-01,3.393728e-01,-4.643706e-01,-4.762689e-01,2.668443e-01,-1.796143e+00,-1.461622e+00,2.485258e-01,7.992078e-01,2.991840e-03,0,-3.200129e-02
9.309549e-04,-7.744432e+00,9.399965e-01,-2.527724e+00,-1.206758e+00,-9.988843e+00,-2.062354e+00,-2.563486e+00,-5.704792e+00,2.429163e+00,7.835879e+00,1.122853e+00,4.985578e+00,6.104563e-02,0,0,-1.819391e-05,1.977663e-01,1.252280e-01,-1.030667e+00,1.013932e+00,9.092824e-01,-7.122152e-01,-8.649124e-01,-6.573296e-03,-1.455854e+00,-1.863581e+00,6.521301e-01,-2.838585e-01,-1.813236e-03,0,0
9.242664e-04,-7.040170e+00,2.178757e+00,-3.666440e+00,-9.788529e-01,-9.147388e+00,-2.287369e+00,-4.073576e+00,-6.277767e+00,1.791381e-01,5.175308e+00,9.295117e-01,3.366455e+00,5.349048e-02,0,0,-1.331182e-05,5.210894e-01,6.491929e-01,-8.120992e-01,1.059586e+00,1.663049e+00,-4.753929e-01,-1.377709e+00,-2.291521e-01,-6.907286e-01,-1.309036e+00,8.781625e-01,-1.052276e+00,-2.568751e-03,0,0
9.060356e-04,-6.627963e+00,2.472311e+00,-4.298576e+00,9.027446e-01,-6.244194e+00,-3.343537e+00,-5.991329e+00,-6.673728e+00,6.661226e-01,4.868414e+00,2.889798e+00,1.785280e+00,5.530372e-02,0,0,-1.077674e-05,6.453428e-01,7.026320e-01,-7.075324e-01,9.464954e-01,1.905557e+00,-2.112488e-01,-1.262086e+00,2.588425e-01,2.767576e-01,-5.084246e-01,4.207929e-01,-1.048568e+00,3.022179e-05,0,0
9.142014e-04,-5.376226e+00,3.765432e+00,-4.799227e+00,1.342727e+00,-4.169515e+00,-2.184511e+00,-6.775426e+00,-6.771066e+00,1.234572e+00,4.842498e+00,2.699518e+00,1.364564e+00,5.681475e-02,0,0,-1.193158e-05,4.059742e-01,4.325108e-01,-5.958136e-01,3.341872e-01,1.167193e+00,-4.544626e-01,-4.966853e-01,1.240324e+00,1.087290e+00,1.950227e-01,-1.477170e-01,-6.863996e-01,9.670608e-04,0,0
8.821037e-04,-5.349690e+00,3.659819e+00,-5.498993e+00,2.364928e+00,-2.949993e+00,-3.170027e+00,-7.522991e+00,-4.163930e+00,3.285234e+00,5.460161e+00,2.341814e+00,7.436828e-01,5.953461e-02,0,0,-1.215990e-05,-1.014187e-01,1.097571e-01,-4.226230e-01,-7.756615e-01,-1.968248e-01,-7.670104e-01,6.810231e-01,2.147933e+00,1.109375e+00,4.865230e-01,-9.208452e-01,-4.064599e-01,4.230883e-04,0,0
8.765744e-04,-5.649436e+00,3.747557e+00,-6.045300e+00,-3.900893e-02,-4.958522e+00,-4.646437e+00,-5.791172e+00,-1.331044e+00,4.306031e+00,5.854548e+00,4.649189e-01,4.552554e-01,5.621034e-02,0,0,-1.158495e-05,-6.369306e-01,-1.854463e-01,1.416278e-02,-1.353152e+00,-1.123712e+00,-1.158124e+00,1.645718e+00,2.574762e+00,8.223202e-01,3.889821e-01,-1.619231e+00,-8.323959e-01,-1.994561e-03,0,0
8.640496e-04,-6.998451e+00,3.030034e+00,-5.788655e+00,-2.284695e+00,-6.833814e+00,-5.947627e+00,-3.078341e+00,1.345923e+00,4.677266e+00,6.795004e+00,-5.971279e-01,2.076345e-01,5.772137e-02,0,0,-5.776813e-06,-8.698251e-01,-1.856474e-01,3.327242e-01,-1.183090e+00,-9.437984e-01,-5.987133e-01,1.874871e+00,2.068829e+00,2.448181e-01,-2.917320e-01,-2.035908e+00,-1.123698e+00,-1.631914e-03,0,0
8.653037e-04,-7.736498e+00,3.153093e+00,-4.583582e+00,-3.098221e+00,-7.846163e+00,-6.586330e+00,-7.691605e-01,3.347815e+00,4.650157e+00,6.119987e+00,-3.927164e+00,-2.529391e+00,4.774857e-02,0,0,-4.168437e-06,-8.161955e-01,-2.846034e-01,-5.815744e-03,-5.376874e-01,-6.808996e-02,1.707666e-01,1.122516e+00,1.241819e+00,-3.378537e-01,-9.777875e-01,-1.509896e+00,-1.148711e+00,4.563312e-03,0,0
8.588550e-04,-8.655284e+00,3.028814e+00,-4.566231e+00,-2.020914e+00,-6.225165e+00,-5.193646e+00,-6.596423e-01,3.840784e+00,4.337262e+00,3.868781e+00,-5.641684e+00,-3.382485e+00,5.560592e-02,0,0,-2.102438e-06,-6.003034e-01,-4.752120e-01,-7.379519e-01,-3.191635e-01,7.178584e-01,1.009044e+00,2.191797e-01,2.441672e-01,-5.543443e-01,-1.336765e+00,-1.147669e-01,-1.901521e-01,1.314597e-02,0,0
8.583295e-04,-8.901997e+00,2.325150e+00,-6.685590e+00,-2.859336e+00,-5.603297e+00,-4.169594e+00,-1.387942e+00,3.630619e+00,2.786764e+00,2.428722e+00,-4.562281e+00,-3.493239e+00,8.008462e-02,0,0,-3.825256e-06,-3.979788e-01,-8.703383e-01,-1.219694e+00,-5.910276e-01,6.829882e-01,1.319954e+00,-2.698099e-01,-2.974021e-01,-2.932425e-01,-5.005594e-01,1.646814e+00,7.643473e-01,1.622847e-02,0,0
8.570245e-04,-9.417219e+00,1.067945e+00,-8.427410e+00,-3.999955e+00,-4.365955e+00,-2.110772e+00,-1.673051e+00,2.425358e+00,2.837241e+00,1.956812e+00,-8.534036e-01,-2.612021e-01,1.072832e-01,0,0,-5.810667e-06,-1.494862e-01,-9.611441e-01,-9.327596e-01,-5.539273e-01,4.332390e-01,1.368783e+00,7.007265e-03,-3.325990e-01,4.578426e-01,7.642044e-01,2.184521e+00,1.128772e+00,5.258386e-03,0,0
8.470927e-04,-9.345425e+00,-2.181643e-01,-8.751462e+00,-5.063839e+00,-5.360827e+00,-1.527999e+00,-1.611506e+00,2.568517e+00,3.933955e+00,4.573175e+00,1.912767e+00,-2.682959e-01,1.030523e-01,0,0,-3.904541e-06,-5.331697e-02,-6.227340e-01,-3.212259e-01,-2.961850e-01,3.262408e-01,1.663377e+00,6.557565e-01,-2.106235e-01,8.660581e-01,1.697324e+00,1.561722e+00,6.760722e-01,-9.549715e-03,0,0
8.354201e-04,-9.181001e+00,-5.052491e-01,-8.197093e+00,-3.688299e+00,-4.180205e+00,3.294727e-01,-5.128240e-01,2.708840e+00,6.052879e+00,6.617577e+00,2.043398e+00,6.489046e-01,7.041402e-02,0,0,2.393185e-06,4.584704e-02,-9.614728e-02,-8.201905e-02,8.486681e-02,4.749037e-01,1.603770e+00,6.777880e-01,-1.036280e-01,6.003174e-01,1.802000e+00,5.841800e-01,1.893008e-01,-1.580538e-02,0,0
8.496090e-04,-9.286691e+00,-1.922647e-03,-8.406878e+00,-4.496089e+00,-4.064968e+00,2.927169e+00,1.310727e+00,2.435760e+00,5.509235e+00,8.584958e+00,1.797926e+00,-5.679309e-01,5.077063e-02,0,0,7.861277e-06,8.120728e-03,3.366244e-01,6.020165e-03,2.484374e-01,9.731783e-01,1.074108e+00,1.767142e-02,-8.539424e-01,-3.519123e-01,9.827970e-01,4.163988e-01,4.009573e-01,-8.552434e-03,0,0
8.677323e-04,-9.217351e+00,4.790882e-01,-9.009797e+00,-3.859496e+00,-2.639366e+00,3.680495e+00,2.547720e-01,1.973596e+00,5.051188e+00,8.960922e+00,2.124917e+00,8.351195e-01,5.439709e-02,0,0,7.246336e-06,6.544123e-02,3.404737e-01,-2.396431e-02,4.072141e-01,8.958306e-01,-1.826887e-01,-1.171491e+00,-1.309772e+00,-7.868095e-01,3.506904e-01,1.057277e+00,6.996111e-01,1.329707e-03,0,0
8.702429e-04,-9.286646e+00,9.727891e-01,-8.315009e+00,-3.736054e+00,-1.265355e+00,2.167031e+00,-1.906947e+00,-1.333573e+00,2.675240e+00,8.315488e+00,3.954002e+00,1.643383e+00,6.829858e-02,0,0,1.187483e-06,6.618738e-02,3.929541e-02,-2.178154e-02,7.389816e-01,9.056616e-01,-1.260741e+00,-1.733424e+00,-1.176932e+00,-5.409646e-01,5.438709e-02,1.458760e+00,6.842366e-01,4.714415e-03,0,0
8.613348e-04,-8.853817e+00,7.097632e-01,-8.362849e+00,-2.032246e+00,-1.100858e+00,-2.039021e-01,-4.761442e+00,-1.955352e+00,3.535830e+00,8.505764e+00,6.251747e+00,3.041303e+00,6.829858e-02,0,0,1.713348e-06,-7.848645e-03,-1.410387e-01,-5.794077e-02,4.513625e-01,2.448297e-01,-1.175216e+00,-9.495908e-01,-3.314144e-01,-7.246077e-02,-2.636480e-02,1.145211e+00,5.290511e-02,3.535812e-03,0,0
8.587451e-04,-9.137521e+00,7.921692e-02,-8.839260e+00,-1.714805e+00,-3.059136e-01,-1.434339e+00,-4.848286e+00,-1.484424e+00,3.562092e+00,9.084473e+00,7.028309e+00,1.750160e+00,6.739196e-02,0,0,5.149847e-06,1.883135e-02,-2.808196e-01,-2.257923e-01,8.341710e-02,-2.639475e-01,-4.848582e-01,1.925458e-01,4.919112e-01,5.760301e-01,2.075069e-01,1.670174e-01,-6.665558e-01,3.082503e-03,0,0
8.820479e-04,-9.331157e+00,2.206811e-01,-9.037375e+00,-2.613308e+00,-1.894938e+00,-3.948986e-01,-3.022512e+00,3.919495e-01,4.245458e+00,8.444606e+00,6.313818e+00,1.046256e+00,7.252946e-02,0,0,8.086075e-06,9.067259e-02,-2.212251e-01,-3.599021e-01,-6.759874e-01,-4.665113e-01,2.071818e-01,4.803514e-01,2.799342e-01,5.807421e-01,-7.277584e-02,-5.826568e-01,-7.737578e-01,5.651256e-03,0,0
8.856356e-04,-8.953819e+00,-1.867678e-01,-9.106708e+00,-3.028437e+00,-2.188053e+00,-1.617612e-01,-1.813682e+00,-4.766719e-02,5.200576e+00,9.383601e+00,4.758053e+00,-6.918724e-01,8.159565e-02,0,0,7.687229e-06,2.944283e-01,-3.806189e-01,-6.485073e-01,-9.236061e-01,-3.904115e-01,1.903257e-01,-2.594444e-01,-3.518999e-01,5.908021e-01,-3.936593e-01,-9.455341e-01,-3.234478e-01,8.461772e-03,0,0
8.883199e-04,-8.492305e+00,-2.633700e-01,-1.002864e+01,-4.755367e+00,-2.492345e+00,1.957180e-01,-3.876987e+00,-1.274059e+00,5.620298e+00,7.992321e+00,4.473590e+00,3.935307e-01,8.945301e-02,0,0,1.546921e-06,1.096370e-01,-7.070373e-01,-7.420083e-01,-8.492544e-01,-2.016736e-02,-4.375454e-01,-1.161070e+00,-5.179722e-01,-3.399210e-02,-8.064882e-01,-1.109194e+00,5.066011e-02,1.024478e-02,0,0
8.940453e-04,-8.084805e+00,-1.581852e+00,-1.158617e+01,-5.261806e+00,-1.959267e+00,-7.780190e-01,-5.718271e+00,-2.410918e+00,5.828682e+00,7.342319e+00,3.220752e+00,4.592839e-01,1.012390e-01,0,0,-4.192820e-06,-1.699200e-01,-7.865328e-01,-2.607321e-01,-4.160972e-01,-1.961123e-01,-5.192957e-01,-7.426214e-01,-1.751977e-01,-5.483259e-01,-1.232656e+00,-1.348447e+00,3.099740e-01,1.036567e-02,0,0
8.855777e-04,-9.217479e+00,-2.616963e+00,-1.150769e+01,-5.742895e+00,-2.110168e+00,-2.274497e+00,-6.875568e+00,-1.016286e+00,3.761445e+00,5.432806e+00,1.536499e+00,7.239788e-01,1.139317e-01,0,0,-1.238744e-05,-3.971614e-01,-7.531802e-01,4.294925e-01,3.403696e-01,-4.097615e-01,-3.633579e-01,1.982946e-01,7.730270e-01,-3.237636e-01,-6.249111e-01,-1.367668e+00,-1.290328e-01,5.621032e-03,0,0
8.660426e-04,-9.440832e+00,-2.942635e+00,-9.670842e+00,-4.615160e+00,-3.359703e+00,-1.523132e+00,-4.027498e+00,-1.052542e+00,3.388373e+00,4.500078e+00,-5.156344e-01,6.927733e-01,1.211846e-01,0,0,-1.633382e-05,-3.429656e-01,-2.985532e-01,8.146761e-01,6.185168e-01,-3.667023e-01,3.905954e-01,8.023955e-01,1.090124e+00,2.160434e-01,2.286411e-01,-3.590416e-01,2.058030e-01,-4.502871e-03,0,0
8.403840e-04,-9.800098e+00,-3.348880e+00,-8.838836e+00,-3.376843e+00,-3.840935e+00,-1.248515e+00,-3.730900e+00,1.911888e+00,5.221634e+00,6.288886e+00,-4.965586e-01,-3.683781e-01,1.075854e-01,0,0,-6.058812e-06,-1.545618e-01,5.141516e-02,4.442313e-01,6.152760e-01,3.408182e-02,5.107626e-01,5.112013e-01,8.078887e-01,1.094027e+00,1.228933e+00,8.216373e-01,5.802699e-01,-1.746751e-02,0,0
8.349730e-04,-9.508324e+00,-2.708660e+00,-8.847212e+00,-3.352248e+00,-2.927396e+00,6.619672e-01,-3.278628e+00,1.575616e+00,6.178804e+00,8.057485e+00,2.442072e+00,2.034477e+00,8.189785e-02,0,0,1.074250e-05,-2.026999e-01,1.088553e-01,-2.891239e-01,3.210787e-01,7.011601e-01,7.711929e-02,-4.908304e-01,6.823164e-02,1.363200e+00,1.657053e+00,1.863114e+00,1.294707e+00,-2.517377e-02,0,0
8.708184e-04,-9.956542e+00,-2.476875e+00,-9.698346e+00,-3.297971e+00,-2.155912e+00,-8.132336e-01,-4.693997e+00,1.709079e+00,7.836365e+00,9.798770e+00,4.165832e+00,2.954476e+00,4.623753e-02,0,0,2.535499e-05,-1.780374e-01,1.915625e-01,-4.431782e-01,3.168664e-01,1.189021e+00,-2.535074e-01,-8.454188e-01,-7.217358e-01,1.228297e+00,1.100608e+00,1.549696e+00,1.260535e+00,-1.906921e-02,0,0
9.045379e-04,-1.037611e+01,-2.834360e+00,-1.068671e+01,-3.049202e+00,-6.964138e-01,-1.355176e+00,-6.000102e+00,-6.099797e-01,8.897008e+00,1.103040e+01,6.468739e+00,5.504881e+00,2.598973e-02,0,0,2.282741e-05,-1.689539e-01,1.932950e-02,-3.995557e-01,4.341740e-01,1.326412e+00,-5.045359e-01,-7.610859e-01,-4.674047e-01,7.040559e-01,2.526854e-01,5.032655e-01,4.623443e-01,-6.648526e-04,0,0
9.323765e-04,-1.025639e+01,-2.328217e+00,-1.013498e+01,-1.944034e+00,9.886806e-01,-1.507480e+00,-6.597257e+00,-6.039935e-01,1.000402e+01,1.030547e+01,5.238590e+00,4.199097e+00,4.019341e-02,0,0,6.769830e-06,-1.345561e-01,-4.757795e-02,1.476130e-01,5.856284e-01,1.150973e+00,-3.592275e-01,-1.303434e-01,2.803656e-01,-4.277125e-01,-1.179109e+00,-8.238653e-01,-1.574890e-01,1.843457e-02,0,0
9.183310e-04,-1.020317e+01,-2.686342e+00,-1.062667e+01,-1.858347e+00,2.132367e+00,-1.513589e+00,-6.132427e+00,3.951284e-01,8.615258e+00,9.067561e+00,4.422020e+00,3.723888e+00,8.159565e-02,0,0,-5.543453e-06,-2.986697e-01,-2.816594e-01,2.299734e-01,5.032551e-01,6.331042e-01,-4.784583e-01,4.655014e-01,1.053167e+00,-1.088776e+00,-2.250433e+00,-1.101865e+00,1.904922e-02,2.136597e-02,0,0
8.977710e-04,-1.071579e+01,-2.788774e+00,-8.990297e+00,-9.652560e-01,2.184563e+00,-2.530165e+00,-5.279551e+00,2.608353e+00,5.838677e+00,4.884642e+00,1.069864e+00,3.057528e+00,1.106074e-01,0,0,-7.336598e-06,-4.684176e-01,-4.977303e-01,7.166930e-02,5.931341e-01,5.121433e-01,-3.278067e-01,8.731735e-01,1.136668e+00,-1.157858e+00,-2.263611e+00,-6.226356e-02,9.901015e-01,3.958900e-03,0,0
8.941234e-04,-1.163976e+01,-4.012379e+00,-1.010918e+01,-1.022316e+00,1.871166e+00,-3.236126e+00,-4.331448e+00,3.049684e+00,5.535798e+00,2.488648e+00,3.043775e+00,6.170912e+00,9.761257e-02,0,0,4.869135e-06,-3.386945e-01,-3.958859e-01,-2.307400e-01,6.482038e-01,8.090553e-01,2.098033e-02,8.532277e-01,3.715928e-01,-7.008840e-01,-1.602487e+00,1.003697e+00,1.955783e+00,-1.891810e-02,0,0
9.077974e-04,-1.188019e+01,-4.153850e+00,-1.003538e+01,6.036207e-01,3.679997e+00,-2.285245e+00,-3.131880e+00,3.752070e+00,5.754456e+00,2.276871e+00,5.616395e+00,7.926093e+00,5.197945e-02,0,0,1.238167e-05,1.851635e-02,-2.188267e-01,-3.542071e-01,7.915510e-01,1.131511e+00,3.862937e-01,5.217996e-01,-4.421592e-01,-4.580501e-01,-5.632833e-01,1.379718e+00,2.061240e+00,-3.025083e-02,0,0
9.376635e-04,-1.131444e+01,-3.983233e+00,-1.125783e+01,5.982338e-01,5.429926e+00,-1.531147e+00,-2.940125e+00,1.681234e+00,5.152949e+00,2.359014e+00,7.167242e+00,1.106852e+01,1.631913e-02,0,0,1.194720e-05,3.202351e-01,2.018161e-01,3.760388e-01,6.603063e-01,9.569923e-01,6.681699e-01,-8.292699e-03,-8.593712e-01,-6.872193e-01,-1.590626e-01,1.660185e-02,7.024833e-01,-2.320943e-02,0,0
9.379093e-04,-1.078587e+01,-3.897480e+00,-1.018701e+01,2.182225e+00,6.062737e+00,-1.451185e+00,-3.366215e+00,1.081782e+00,3.739851e+00,2.133043e+00,5.906722e+00,1.091493e+01,0,0,0,1.881330e-07,3.460464e-01,1.758897e-01,5.964115e-01,2.833931e-01,2.171690e-01,8.319632e-01,-1.128494e-01,-4.420924e-01,-3.504438e-01,-3.746790e-01,-9.655558e-01,-1.075114e+00,-8.008462e-03,0,0
9.388034e-04,-1.058574e+01,-3.131483e+00,-8.153172e+00,1.489914e+00,5.464757e+00,-3.123066e-01,-4.255744e+00,8.797225e-02,3.107003e+00,1.765249e+00,2.981621e+00,8.188912e+00,7.555153e-03,0,0,-2.151809e-06,2.345790e-01,-1.472125e-01,4.129232e-01,1.609382e-01,5.488634e-03,7.740203e-01,-1.480339e-01,4.992804e-01,7.951897e-01,-1.399610e-01,-1.225424e+00,-2.204082e+00,2.598973e-03,0,3.775387e-02
9.081681e-04,-1.051431e+01,-3.700277e+00,-8.605652e+00,1.574746e+00,4.748426e+00,1.265151e+00,-3.038317e+00,2.338239e+00,5.025209e+00,7.003586e-01,2.881426e+00,3.990330e+00,1.631913e-02,0,0,2.477045e-06,1.922046e-01,-4.054035e-01,-3.306531e-01,-1.596070e-01,1.605966e-01,6.030480e-01,5.959489e-02,1.417124e+00,2.187236e+00,2.979881e-01,-8.524190e-01,-1.879377e+00,4.200665e-03,0,5.663080e-02
9.417751e-04,-1.027733e+01,-4.817897e+00,-9.983894e+00,1.706664e+00,6.114525e+00,9.807861e-01,-3.844243e+00,3.549407e+00,8.486218e+00,2.375551e+00,2.552771e+00,3.510408e+00,2.115443e-02,0,1.887693e-01,8.893246e-06,1.031617e-01,-3.758905e-01,-6.953415e-01,-3.915381e-01,3.047431e-01,2.093163e-01,2.518961e-02,1.450637e+00,2.787468e+00,1.190933e+00,-3.358676e-01,-5.832858e-01,-3.928680e-04,0,5.663080e-02
9.488087e-04,-9.979051e+00,-5.081291e+00,-1.092491e+01,1.275814e+00,6.540836e+00,9.175081e-01,-3.273991e+00,6.436684e+00,1.198642e+01,3.317833e+00,1.859052e+00,3.857290e+00,1.420369e-02,0,1.887693e-01,5.067937e-06,7.482376e-02,3.304168e-01,-2.246734e-01,-1.112199e+00,-4.345515e-01,-1.063754e-01,-2.209498e-01,5.121943e-01,1.735544e+00,1.545627e+00,-3.348458e-01,4.063500e-01,-3.747356e-03,0,0
9.629494e-04,-1.033756e+01,-4.320428e+00,-1.047025e+01,-3.183103e-01,6.092268e+00,9.080963e-01,-4.011959e+00,5.291934e+00,1.356374e+01,6.411176e+00,1.813470e+00,5.339003e+00,6.648534e-03,0,1.887693e-01,-1.104556e-05,-8.402424e-02,9.607552e-01,4.864005e-01,-1.321710e+00,-1.373631e+00,-4.462811e-01,-1.423007e-01,-5.566399e-01,-4.421816e-02,1.165245e+00,3.137945e-02,4.514594e-01,-2.024781e-03,0,-5.663080e-02
9.229206e-04,-1.011007e+01,-2.296927e+00,-9.485841e+00,-2.973761e+00,2.586797e+00,7.696188e-01,-4.059208e+00,4.027946e+00,1.116417e+01,6.410680e+00,1.576847e+00,5.107782e+00,4.835298e-03,0,0,-2.187328e-05,-2.274076e-01,1.067930e+00,9.992597e-01,-1.023149e+00,-1.683685e+00,-6.752920e-01,-3.324993e-01,-1.723246e+00,-1.640507e+00,2.358977e-01,4.444892e-02,-1.506205e-02,6.829858e-03,0,-5.663080e-02
8.994913e-04,-1.063194e+01,-1.406303e+00,-8.271427e+00,-2.777100e+00,1.223388e+00,-1.176675e+00,-4.163137e+00,1.970576e+00,8.676255e+00,6.655352e+00,2.850770e+00,5.142459e+00,1.571472e-02,0,0,-2.330915e-05,-3.483028e-01,7.470267e-01,1.196929e+00,-4.634265e-01,-8.884934e-01,-2.433449e-01,-8.672242e-02,-1.647556e+00,-2.258501e+00,-1.016478e+00,-2.367432e-01,-9.418869e-01,1.828347e-02,0,-3.775387e-02
8.711713e-04,-1.096890e+01,-1.198701e+00,-7.028025e+00,-2.610538e+00,5.568495e-01,-1.416566e+00,-4.860898e+00,-5.188684e-01,6.227627e+00,4.375234e+00,1.562646e+00,3.880252e+00,4.381989e-02,0,0,-7.961376e-06,-3.807295e-01,6.703849e-02,7.258914e-01,-1.392372e-01,-2.410410e-01,5.495769e-01,1.799905e-01,-9.366773e-01,-1.864443e+00,-1.345003e+00,-5.587398e-01,-1.007053e+00,2.351164e-02,0,0
8.722783e-04,-1.164966e+01,-1.134408e+00,-5.714511e+00,-2.817054e+00,2.664775e+00,7.844644e-01,-4.044726e+00,-6.724382e-01,4.739502e+00,2.346508e+00,6.368545e-01,1.243334e+00,7.857358e-02,0,0,5.757227e-06,-2.071740e-01,-2.217683e-01,3.891881e-01,-7.596080e-02,-1.512421e-01,1.349649e+00,7.448429e-01,5.777961e-01,-9.849035e-01,-1.250166e+00,-6.874658e-01,-5.147828e-01,1.571472e-02,0,0
8.967203e-04,-1.150486e+01,-2.097682e+00,-7.134842e+00,-3.649969e+00,6.608994e-01,2.536934e+00,-3.218461e+00,6.660671e-01,3.810330e+00,1.840089e+00,-1.098941e-01,2.022081e+00,9.096404e-02,0,0,1.184294e-05,-3.135509e-02,-4.349049e-01,-6.005764e-03,3.590694e-01,-3.446090e-01,9.370303e-01,1.272859e+00,1.732424e+00,-6.059466e-02,-6.628238e-01,-5.019850e-01,5.514931e-01,-1.511030e-03,0,0
9.155030e-04,-1.139983e+01,-2.065654e+00,-6.272078e+00,-2.637188e+00,4.151529e-01,3.594818e+00,-1.260141e+00,4.267089e+00,4.960386e+00,1.672093e+00,2.497107e-01,3.497630e+00,7.071623e-02,0,0,5.288794e-06,1.324596e-01,-4.050821e-01,7.204018e-02,8.679194e-01,-3.084087e-01,-1.191497e-04,7.296244e-01,1.276673e+00,5.023088e-01,-5.944767e-01,-5.701858e-01,1.529660e+00,-1.353883e-02,0,0
9.087737e-04,-1.125059e+01,-2.907602e+00,-6.779270e+00,-9.051242e-01,-4.138446e-02,1.863408e+00,1.111066e-01,5.673489e+00,5.814211e+00,1.398322e+00,-7.537065e-01,5.510569e+00,4.019341e-02,0,0,4.644156e-07,1.540436e-01,-2.545868e-01,3.182535e-01,9.772743e-01,3.282138e-01,-5.451389e-01,-7.036624e-02,5.258590e-01,5.966838e-01,-1.154974e+00,-9.191648e-01,1.729897e+00,-1.069810e-02,0,0
8.926956e-04,-1.111450e+01,-2.754858e+00,-5.532096e+00,1.501206e-01,1.473873e+00,1.120631e+00,-2.061388e+00,3.207214e+00,6.249105e+00,-4.049921e-01,-1.892169e+00,7.147392e+00,3.626473e-02,0,0,1.081330e-06,-1.744089e-02,-3.127758e-01,-4.395056e-03,1.938005e-01,6.128974e-02,-5.389374e-01,-7.048169e-01,-3.663304e-01,2.723100e-01,-1.315709e+00,-8.658422e-01,1.720181e+00,3.989121e-03,0,0
9.104460e-04,-1.087731e+01,-3.026014e+00,-5.913565e+00,-1.572519e-01,1.772608e+00,1.048333e+00,-3.169669e+00,3.825300e+00,6.149390e+00,-2.896240e+00,-3.634778e+00,8.846685e+00,5.469930e-02,0,0,1.450139e-06,-2.763251e-01,-2.492635e-01,-3.273477e-01,-4.724013e-01,-8.838785e-02,4.808215e-02,-4.811862e-01,-3.625105e-01,-6.299300e-02,-1.049684e+00,4.265693e-01,1.610330e+00,1.710487e-02,0,0
9.200734e-04,-1.167368e+01,-3.570327e+00,-6.726906e+00,-2.042122e+00,-1.853947e-01,1.307669e+00,-3.143838e+00,3.359531e+00,6.154347e+00,-2.759171e+00,-2.638964e+00,1.043048e+01,8.340889e-02,0,0,9.707932e-07,-4.174436e-01,-2.663793e-01,-7.236985e-01,-6.168821e-01,-3.935864e-01,6.436948e-02,2.664830e-01,-3.205612e-01,-2.499410e-01,5.265648e-01,1.982701e+00,8.857318e-01,1.798126e-02,0,0
9.023355e-04,-1.235263e+01,-3.746186e+00,-7.818604e+00,-2.171010e+00,3.463101e-01,2.010300e+00,-1.753599e+00,3.784778e+00,5.546626e+00,-2.673008e+00,1.752538e+00,1.192068e+01,1.021457e-01,0,0,-2.918113e-06,-2.570730e-01,-2.559540e-02,-2.712680e-01,-3.941881e-02,-9.917136e-02,1.795896e-01,3.191087e-01,-6.631463e-01,-2.081861e-01,1.670525e+00,2.480482e+00,-5.483437e-02,5.772136e-03,0,0
9.016048e-04,-1.246406e+01,-3.726669e+00,-8.198070e+00,-1.927411e+00,2.190900e-01,9.614947e-01,-1.437008e+00,1.624669e+00,5.300783e+00,2.116216e+00,5.327680e+00,1.003906e+01,1.024479e-01,0,0,2.935465e-06,3.391781e-02,2.112861e-02,4.113118e-01,7.849681e-01,2.180098e-01,1.239044e-01,6.181663e-02,-6.952282e-01,5.444612e-02,1.942788e+00,1.319070e+00,-7.247373e-01,-1.242067e-02,0,0
9.050898e-04,-1.176748e+01,-3.075820e+00,-6.534323e+00,-4.117012e-01,1.074509e+00,2.119368e+00,-2.427541e+00,1.376999e+00,5.535242e+00,3.018689e+00,4.784310e+00,8.768224e+00,7.404049e-02,0,0,9.156048e-06,1.514194e-01,-2.070756e-02,9.051586e-01,1.127904e+00,5.084199e-03,-1.378746e-01,-6.203523e-02,-1.906240e-01,-8.332253e-03,9.660164e-01,-4.628994e-01,-5.488216e-01,-2.538531e-02,0,0
9.333736e-04,-1.179666e+01,-3.799866e+00,-5.312487e+00,1.003064e+00,5.405548e-01,1.872657e+00,-2.497784e+00,1.087280e+00,6.432270e+00,4.108922e+00,2.440499e+00,8.383016e+00,3.535811e-02,0,0,1.040697e-05,5.081463e-02,-1.110367e-01,8.046679e-01,1.108219e+00,-3.879977e-02,-3.335099e-01,3.326587e-01,6.799081e-01,-1.120851e-01,-5.950350e-01,-1.058434e+00,5.273787e-01,-2.248413e-02,0,0
9.322313e-04,-1.192923e+01,-3.813125e+00,-4.735602e+00,2.003271e+00,2.109987e-01,8.653463e-01,-1.533387e+00,3.100353e+00,4.939221e+00,1.160721e+00,8.816312e-01,1.000459e+01,8.763977e-03,0,0,1.013355e-05,-1.750166e-01,-1.735112e-01,5.661945e-02,7.340187e-02,-2.269582e-01,-5.680203e-01,8.338543e-01,1.461710e+00,-2.518896e-01,-1.549838e+00,-8.503272e-01,8.383663e-01,-5.802356e-03,0,0
9.400689e-04,-1.212911e+01,-3.913200e+00,-5.074090e+00,2.406196e+00,4.568464e-01,-7.904375e-02,-2.207911e-01,4.162533e+00,5.038368e+00,7.002481e-02,1.986851e+00,1.205777e+01,2.266546e-02,0,0,3.655109e-06,-1.433826e-01,-8.409829e-02,-5.439212e-01,-9.880646e-01,-9.287904e-02,-3.060857e-01,6.690525e-01,1.452002e+00,-2.992529e-01,-1.825385e+00,-3.418191e-01,4.343889e-01,1.163494e-02,0,0
9.524099e-04,-1.247634e+01,-3.886709e+00,-6.370424e+00,-7.462578e-01,-1.842765e-02,2.551163e-01,6.032342e-01,7.147924e+00,4.972744e+00,-2.711051e+00,7.594976e-01,1.112268e+01,5.137504e-02,0,0,-1.377892e-07,-5.802279e-02,-1.426551e-01,-6.973987e-01,-1.456671e+00,-1.677074e-01,-2.417823e-02,1.231269e-01,6.901854e-01,-1.693786e-01,-1.287544e+00,-3.938754e-01,-4.881482e-01,1.402236e-02,0,0
9.415598e-04,-1.224002e+01,-4.183566e+00,-7.214682e+00,-2.562494e+00,1.908728e-01,6.473438e-01,-2.208327e-01,6.323504e+00,4.919243e+00,-3.082120e+00,7.924708e-01,9.995914e+00,7.222726e-02,0,0,-9.401911e-06,1.524040e-01,-2.289538e-01,-4.223363e-01,-6.958060e-01,-1.116675e-01,-9.671967e-02,-4.124075e-01,-5.586199e-01,-5.275915e-01,-2.437958e-01,-2.279748e-01,-8.222395e-01,9.368386e-04,0,0
9.307969e-04,-1.216389e+01,-4.391218e+00,-7.152299e+00,-2.795741e+00,-4.945515e-01,3.812613e-01,-9.177318e-01,5.470794e+00,4.151890e+00,-3.700928e+00,-4.905554e-01,8.594773e+00,5.409489e-02,0,0,-1.278637e-05,3.446938e-01,-1.474947e-01,2.430812e-01,1.017532e+00,-1.127023e-01,-2.941915e-01,-5.338872e-01,-1.844589e+00,-5.955651e-01,7.494406e-01,-9.409942e-02,-4.409026e-01,-1.411303e-02,0,0
9.038658e-04,-1.152332e+01,-4.805715e+00,-6.794834e+00,-4.809237e-02,1.365706e-01,-6.257146e-01,-1.522346e+00,2.207999e+00,2.810838e+00,-6.540154e-01,1.472004e+00,9.210523e+00,2.598973e-02,0,0,-4.425284e-06,3.745085e-01,-3.417034e-02,4.966279e-01,1.903688e+00,-1.812533e-01,-2.727748e-01,-2.905163e-01,-1.693402e+00,-4.999838e-01,9.660134e-01,3.212095e-01,1.319139e-01,-1.873678e-02,0,0
9.073250e-04,-1.111122e+01,-4.313108e+00,-5.364942e+00,3.084203e+00,-5.547882e-01,-5.793121e-01,-1.415445e+00,-1.726953e-02,3.049122e+00,-1.779000e-01,-5.076591e-02,9.310863e+00,3.928680e-03,0,0,7.411494e-06,2.625657e-01,1.914878e-01,2.558727e-01,1.444697e+00,-4.978296e-01,1.033548e-01,1.987108e-01,-1.181990e+00,6.501150e-02,7.362471e-01,9.551064e-01,5.548396e-01,-9.972801e-03,0,0
9.311694e-04,-1.089381e+01,-4.393472e+00,-5.625221e+00,4.015975e+00,-6.852754e-01,-2.362437e-01,-1.424557e+00,6.005273e-01,2.970709e+00,-1.356697e-02,2.178623e+00,1.029744e+01,3.626473e-03,0,0,1.843150e-05,-2.363319e-01,4.780595e-02,-1.006402e-01,2.816435e-02,-6.997939e-01,5.131825e-01,7.115378e-01,1.028440e-01,3.372379e-01,1.127860e-01,1.422098e+00,9.647356e-01,1.511031e-03,0,0
9.542026e-04,-1.116581e+01,-3.639900e+00,-6.457742e+00,2.395712e+00,-2.572777e+00,7.033000e-01,2.692795e-02,3.645784e-01,4.397012e+00,-3.399175e-01,3.931666e+00,1.082551e+01,1.541251e-02,0,0,1.630948e-05,-5.319797e-01,-1.425248e-01,-3.303011e-01,-9.999679e-01,-5.974324e-01,2.046682e-01,6.542323e-01,7.701362e-01,2.423850e-01,4.863778e-01,1.743243e+00,7.214446e-01,8.824418e-03,0,0
9.725845e-04,-1.267768e+01,-4.903289e+00,-6.751635e+00,4.369748e-01,-2.353405e+00,1.298892e+00,1.314157e+00,2.531295e+00,3.823082e+00,-9.076853e-03,6.591278e+00,1.327688e+01,2.780296e-02,0,0,4.747772e-06,-5.137218e-01,-2.731920e-01,-2.526550e-02,-6.945037e-01,-2.213322e-01,-4.140189e-01,4.327377e-01,8.373798e-01,-6.476973e-01,5.100406e-01,5.645970e-01,-2.841382e-01,6.648534e-03,0,0
9.681648e-04,-1.287918e+01,-4.770823e+00,-6.453241e+00,-1.261369e-01,-2.707886e+00,-3.235389e-01,4.863590e-01,2.868028e+00,3.834860e+00,2.251744e+00,6.459124e+00,1.142837e+01,3.596253e-02,0,0,-5.573483e-06,-1.342117e-01,-2.042779e-01,-2.678696e-01,-3.400641e-02,2.598499e-01,-6.446300e-01,8.781503e-02,6.048535e-01,-1.289924e+00,2.173214e-01,-5.526382e-01,-1.581921e+00,-1.208827e-04,0,0
9.479271e-04,-1.260573e+01,-5.193970e+00,-5.753799e+00,1.804381e+00,-1.724382e+00,-1.792919e+00,5.094159e-01,3.535702e+00,1.329835e-02,1.240805e+00,3.737880e+00,8.575321e+00,2.659414e-02,0,0,-1.045474e-05,1.499671e-01,1.159830e-01,-7.065926e-01,3.093095e-01,4.402921e-01,-3.868664e-01,2.629833e-01,1.197775e-01,-9.641395e-01,-3.400100e-01,-1.352926e+00,-2.162106e+00,-6.346329e-03,0,0
9.386639e-04,-1.187285e+01,-4.515949e+00,-8.296008e+00,1.541976e+00,-1.588038e+00,-9.739447e-01,8.683736e-01,2.886642e+00,-1.477146e-01,1.217484e-01,2.595174e+00,5.266685e+00,1.541251e-02,0,0,-4.880101e-06,-2.704811e-03,1.393573e-01,-1.171079e+00,-2.044759e-01,6.975075e-01,4.410151e-01,3.786718e-01,-1.049333e-01,-1.729645e-01,-8.745602e-01,-1.089643e+00,-8.447872e-01,-5.288607e-03,0,0
9.350613e-04,-1.243101e+01,-4.450811e+00,-9.363214e+00,1.149465e+00,-7.118680e-01,-3.102376e-01,2.438066e+00,3.120875e+00,9.936719e-01,-6.441288e-01,1.758621e+00,5.547190e+00,6.346328e-03,0,0,3.621302e-06,-2.835503e-01,1.727225e-01,-9.968443e-01,-7.946401e-01,5.084006e-01,5.037064e-01,-2.920437e-01,-3.048636e-01,9.181572e-01,-2.426557e-01,-4.023676e-01,2.065303e-01,6.225445e-03,0,0
9.501972e-04,-1.298007e+01,-4.445616e+00,-1.050393e+01,-8.210583e-01,2.733951e-01,1.140196e+00,1.415393e+00,2.550775e+00,2.479851e+00,-1.178590e+00,2.000536e+00,8.718497e+00,1.964340e-02,0,0,6.607501e-06,-3.092996e-01,1.519932e-01,-1.093341e-01,-8.474616e-01,5.817731e-02,5.082055e-01,-9.339126e-01,-7.494954e-01,6.120089e-01,2.948551e-01,2.909893e-01,1.029975e+00,1.997582e-02,0,0
9.602670e-04,-1.346987e+01,-4.365524e+00,-9.634061e+00,-9.873018e-01,-1.130960e-01,-3.314570e-01,-1.224313e+00,2.179317e+00,3.290302e+00,6.776959e-01,2.023360e+00,7.882066e+00,5.560592e-02,0,0,4.565739e-06,-4.519243e-02,3.166173e-01,4.685425e-01,-5.589387e-01,-5.963335e-01,3.215793e-01,-1.395243e+00,-1.097183e+00,2.730979e-01,9.750522e-01,6.890242e-01,4.030827e-01,2.378362e-02,0,0
9.590986e-04,-1.289991e+01,-3.798627e+00,-8.707255e+00,-1.626948e+00,-1.596538e+00,1.577693e+00,-1.970000e+00,-3.900554e-01,1.764015e+00,9.351115e-01,3.917751e+00,9.249119e+00,9.066183e-02,0,0,-7.736729e-06,1.585864e-01,4.979911e-01,6.613528e-01,-1.641032e-01,-8.277073e-01,-2.133136e-01,-9.980239e-01,-1.017020e+00,7.105418e-02,1.026345e+00,8.849389e-01,1.637787e-01,1.157449e-02,0,0
9.534393e-04,-1.269705e+01,-3.191219e+00,-7.918839e+00,-1.242283e+00,-2.758569e+00,1.078910e+00,-2.845452e+00,-8.946235e-01,2.717079e+00,3.174281e+00,4.245134e+00,7.297292e+00,8.975521e-02,0,0,-1.646444e-05,2.363667e-01,5.114927e-01,1.849236e-01,-2.153101e-01,-4.521788e-01,-5.850762e-01,-3.246304e-01,-2.926326e-01,1.610804e-01,5.887804e-01,5.451483e-01,1.218319e-03,-6.708975e-03,0,0
9.149274e-04,-1.257355e+01,-2.542813e+00,-8.054775e+00,-1.514084e+00,-2.542405e+00,-6.315560e-01,-2.764157e+00,-9.973529e-01,3.121733e+00,2.704841e+00,5.314344e+00,9.829778e+00,6.044122e-02,0,0,-2.436507e-05,1.493127e-01,4.505031e-01,-6.580830e-02,-2.183384e-01,-2.097481e-01,-1.125529e+00,5.150237e-01,8.568467e-01,2.847737e-01,2.244441e-01,3.049212e-02,-5.058210e-01,-1.504986e-02,0,0
9.000304e-04,-1.245122e+01,-2.435967e+00,-9.035683e+00,-2.120285e+00,-1.901056e+00,-2.152213e+00,-2.450386e+00,1.019803e+00,3.416844e+00,2.736733e+00,4.050806e+00,7.597828e+00,3.717135e-02,0,0,-2.235119e-05,2.315400e-01,3.357696e-01,-1.389214e-01,-3.579556e-01,-4.304591e-01,-6.290556e-01,1.282701e+00,1.649826e+00,1.904698e-01,2.486534e-01,1.000452e-01,-7.444991e-01,-8.945302e-03,0,0
8.639777e-04,-1.227627e+01,-1.923738e+00,-8.477875e+00,-2.279639e+00,-3.074035e+00,-2.434389e+00,4.075855e-01,2.936965e+00,2.838001e+00,2.276106e+00,4.167376e+00,6.569746e+00,4.170444e-02,0,0,-1.434695e-05,3.051697e-01,4.369313e-01,5.360603e-03,-3.688585e-01,-9.940866e-01,-1.592508e-01,1.321742e+00,1.968105e+00,5.626857e-01,9.799649e-01,-1.544704e-01,-1.394397e+00,4.563312e-03,0,0
8.671582e-04,-1.168799e+01,-1.821909e+00,-8.401896e+00,-2.649284e+00,-4.645050e+00,-1.164951e+00,1.982181e+00,5.387350e+00,3.811294e+00,4.631916e+00,5.318844e+00,5.204813e+00,5.439709e-02,0,0,-7.995841e-06,2.627417e-01,6.829306e-01,2.391878e-01,-3.340676e-01,-1.040733e+00,-1.604582e-01,5.296553e-01,1.754521e+00,1.095696e+00,1.409058e+00,-3.236232e-01,-1.505440e+00,1.737685e-02,0,0
8.596287e-04,-1.142931e+01,-6.651857e-01,-8.344866e+00,-3.093877e+00,-6.140841e+00,-1.921441e+00,1.628268e+00,6.659400e+00,5.737936e+00,6.657074e+00,3.907972e+00,4.054303e+00,7.464491e-02,0,0,-2.364104e-07,2.217828e-01,7.537503e-01,1.861337e-01,-4.881645e-01,-8.202409e-01,-7.961372e-01,-9.493889e-01,1.018756e+00,1.390364e+00,1.070958e+00,-1.163334e+00,-1.857211e+00,2.762164e-02,0,0
8.622257e-04,-1.156099e+01,3.494094e-01,-7.906248e+00,-3.383504e+00,-5.571318e+00,-3.210978e+00,-4.124511e-01,7.931190e+00,7.445354e+00,7.591539e+00,2.562392e+00,1.328352e+00,1.075854e-01,0,0,-2.607703e-07,2.961588e-02,4.987970e-01,3.061169e-01,-4.354125e-01,-5.382022e-01,-1.223767e+00,-1.572566e+00,-2.434101e-02,7.841250e-01,-1.912759e-01,-1.758481e+00,-1.953816e+00,3.330311e-02,0,0
8.652619e-04,-1.123085e+01,7.593545e-01,-7.795030e+00,-4.353352e+00,-6.712105e+00,-5.392062e+00,-3.142043e+00,6.758825e+00,7.972789e+00,6.151083e+00,-2.710661e-01,-7.780789e-01,1.532185e-01,0,0,3.858737e-06,-1.310159e-01,-2.300462e-01,1.157112e-02,-4.550242e-01,-4.899844e-01,-6.233923e-01,-1.090218e+00,-6.547400e-01,1.179273e-01,-9.756376e-01,-1.417431e+00,-1.680517e+00,3.067392e-02,0,0
8.630378e-04,-1.163914e+01,-4.019411e-02,-7.146229e+00,-4.196609e+00,-7.050429e+00,-5.548477e+00,-3.495495e+00,5.215932e+00,6.614493e+00,3.928532e+00,-1.384044e+00,-2.148075e+00,1.816259e-01,0,0,4.923326e-06,-3.365791e-01,-5.587947e-01,-7.868495e-02,-2.873713e-01,-1.931997e-01,4.342021e-01,3.133482e-01,-6.609012e-01,-7.345321e-01,-8.912581e-01,-6.066269e-01,-1.067338e+00,1.489876e-02,0,0
8.785164e-04,-1.204532e+01,-1.620615e+00,-8.667020e+00,-4.962445e+00,-7.851208e+00,-3.869653e+00,-2.281298e+00,4.743329e+00,6.743004e+00,3.610390e+00,-1.205967e+00,-2.610068e+00,1.909943e-01,0,0,5.402765e-06,-3.212501e-01,-3.354037e-01,4.085903e-02,3.316708e-02,4.269966e-01,1.094760e+00,1.318290e+00,1.188739e-01,-1.018782e+00,1.382444e-01,6.524168e-01,-3.483437e-01,-5.953458e-03,0,0
8.802151e-04,-1.283665e+01,-1.254579e+00,-7.863678e+00,-4.515814e+00,-5.967765e+00,-1.801172e+00,7.239175e-01,5.634432e+00,4.387587e+00,4.405595e+00,-3.292481e-03,-3.092345e+00,1.631913e-01,0,0,1.284055e-06,-1.264534e-02,3.531274e-01,4.269772e-01,1.568851e-01,7.101287e-01,7.537211e-01,9.500967e-01,5.729339e-01,-8.210877e-01,1.120253e+00,1.271819e+00,3.162448e-01,-1.906920e-02,0,0
8.836871e-04,-1.223835e+01,-3.104715e-01,-7.232010e+00,-4.027914e+00,-5.118454e+00,-1.791914e+00,1.339702e+00,7.143944e+00,3.992334e+00,6.603774e+00,2.300642e+00,-2.047662e+00,1.326685e-01,0,0,-4.413520e-06,3.042630e-01,8.911303e-01,7.734513e-01,3.860289e-01,8.863405e-01,-9.523819e-02,-1.928786e-01,1.726986e-01,-3.339067e-01,1.613166e+00,1.287267e+00,6.356993e-01,-1.783016e-02,0,0
8.668727e-04,-1.160585e+01,1.070371e+00,-5.728848e+00,-3.879449e+00,-4.866163e+00,-2.818741e+00,-5.555114e-01,6.880293e+00,3.884390e+00,8.033104e+00,3.221748e+00,-8.480539e-01,1.154427e-01,0,0,-4.989182e-06,3.462129e-01,7.091973e-01,3.198218e-01,3.171072e-01,4.020280e-01,-8.351837e-01,-1.296804e+00,-7.509587e-01,6.333125e-01,1.385982e+00,8.802527e-01,4.391184e-01,-7.101843e-03,0,0
8.631200e-04,-1.113940e+01,1.672561e+00,-5.867178e+00,-3.350483e+00,-3.970307e+00,-3.837060e+00,-2.605977e+00,4.983891e+00,5.325069e+00,9.862465e+00,3.617848e+00,-5.537172e-01,1.257177e-01,0,0,-4.641479e-07,9.624710e-02,2.705885e-01,-2.378422e-01,2.110433e-01,1.057149e-01,-1.064163e+00,-8.935059e-01,-9.430439e-01,1.058771e+00,7.149349e-01,2.636716e-01,-1.957667e-02,6.044134e-05,0,0
8.655527e-04,-1.165506e+01,1.299891e+00,-6.946985e+00,-3.268993e+00,-4.531699e+00,-4.954518e+00,-3.787263e+00,2.959666e+00,6.887782e+00,9.706161e+00,3.739368e+00,-1.643725e+00,1.311575e-01,0,0,3.736379e-06,1.143867e-01,-5.320696e-02,-4.029086e-01,5.935388e-02,-5.667799e-01,-9.963434e-01,2.204522e-01,-2.206101e-01,5.709488e-01,-3.458103e-01,-4.770105e-01,-8.996080e-01,-1.027501e-03,0,0
8.820263e-04,-1.173251e+01,9.277114e-01,-7.812153e+00,-3.277925e+00,-4.757111e+00,-6.044840e+00,-1.511951e+00,4.389039e+00,7.784496e+00,9.341920e+00,3.360190e+00,-1.747710e+00,1.251133e-01,0,0,1.110723e-05,4.092835e-01,-1.896116e-01,-2.983078e-01,-3.350558e-01,-1.379068e+00,-5.331020e-02,1.957779e+00,4.457897e-01,-7.058708e-01,-1.528465e+00,-1.710913e+00,-1.627109e+00,-9.005742e-03,0,0
8.761014e-04,-1.073737e+01,1.176762e+00,-6.770903e+00,-3.618959e+00,-7.306660e+00,-6.696568e+00,-2.631446e-04,6.074669e+00,5.509420e+00,6.564325e+00,9.655243e-01,-4.749098e+00,1.106074e-01,0,0,2.641208e-05,9.350559e-01,-1.106980e-01,9.875774e-03,-6.248301e-01,-2.101842e+00,1.063082e+00,3.038681e+00,3.521520e-01,-2.022616e+00,-2.488231e+00,-2.749982e+00,-2.288623e+00,-1.471744e-02,0,3.535172e-02
9.133818e-04,-9.551831e+00,7.860680e-01,-7.446758e+00,-4.850780e+00,-9.478164e+00,-3.232586e+00,5.289417e+00,5.655338e+00,2.484895e+00,3.791060e+00,-3.549794e+00,-7.136575e+00,9.096404e-02,0,0,7.313458e-05,1.095687e+00,-3.020121e-01,1.260943e-02,-9.892031e-01,-2.623833e+00,1.951357e+00,3.311231e+00,-8.670231e-01,-2.204396e+00,-2.230189e+00,-2.871574e+00,-3.021971e+00,-1.647023e-02,0,9.387896e-02
9.819354e-04,-8.070123e+00,8.172223e-01,-7.080303e+00,-5.606716e+00,-1.268038e+01,-1.045236e+00,8.005455e+00,4.087276e+00,-5.754991e-01,4.043555e-02,-6.555552e+00,-1.039241e+01,7.464492e-02,0,1.767586e-01,1.403067e-04,8.645077e-01,-2.848150e-01,1.233153e-01,-1.020932e+00,-2.295273e+00,1.717199e+00,2.813109e+00,-1.373490e+00,-9.748377e-01,-1.032927e+00,-2.012530e+00,-3.021404e+00,-1.408280e-02,0,1.582351e-01
1.194782e-03,-7.587694e+00,-4.025793e-01,-7.594406e+00,-7.230062e+00,-1.518941e+01,8.862807e-01,1.104135e+01,1.047620e+00,-1.950240e-01,1.452922e+00,-7.237140e+00,-1.403591e+01,6.074343e-02,0,3.810155e-01,2.230708e-04,5.196401e-01,8.655033e-02,4.268591e-01,-1.052633e+00,-1.868955e+00,9.421812e-01,1.789817e+00,-1.365258e+00,7.566167e-01,4.460835e-01,-1.003117e+00,-2.769505e+00,-1.136295e-02,0,1.734104e-01
1.436935e-03,-7.396897e+00,3.470100e-01,-6.080503e+00,-7.533980e+00,-1.592740e+01,-1.700069e-01,1.118932e+01,1.511079e+00,1.975192e+00,2.568758e+00,-7.253451e+00,-1.640645e+01,5.530372e-02,0,6.006677e-01,2.728664e-04,1.885274e-01,6.281440e-01,4.117186e-01,-1.007381e+00,-1.249969e+00,7.904972e-01,1.626435e+00,-6.568897e-01,2.024315e+00,1.133073e+00,-6.953875e-01,-1.786059e+00,-9.791479e-03,0,1.262656e-01
1.801236e-03,-7.290244e+00,1.453926e+00,-5.812363e+00,-9.150313e+00,-1.719943e+01,1.040705e+00,1.264657e+01,1.171443e-01,4.992634e+00,4.757317e+00,-8.216430e+00,-1.797708e+01,4.381989e-02,0,6.550974e-01,2.717583e-04,1.173069e-01,1.119136e+00,2.882313e-01,-8.714964e-01,-7.834469e-01,1.000143e+00,1.452593e+00,-4.625630e-02,1.954846e+00,7.460254e-01,-5.129734e-01,-8.768549e-01,-7.736477e-03,0,6.390519e-02
2.043041e-03,-7.276211e+00,3.029690e+00,-5.912732e+00,-9.683497e+00,-1.792522e+01,2.830037e+00,1.533502e+01,1.268065e+00,6.952248e+00,4.053601e+00,-9.542845e+00,-1.735212e+01,3.414929e-02,0,6.710455e-01,2.862065e-04,1.280702e-01,1.042890e+00,-1.429278e-01,-7.587624e-01,-2.385653e-01,1.238885e+00,1.198504e+00,-1.785515e-01,1.232488e+00,6.642292e-01,-2.338743e-01,-6.508242e-01,-5.651254e-03,0,1.415359e-02
2.250521e-03,-7.061502e+00,3.851762e+00,-6.237135e+00,-1.051278e+01,-1.810774e+01,4.386973e+00,1.623146e+01,9.378454e-01,7.090677e+00,4.440628e+00,-8.657310e+00,-1.794735e+01,3.263826e-02,0,6.653525e-01,2.783074e-04,1.055359e-01,5.939069e-01,-2.966187e-01,-3.718079e-01,7.308954e-01,7.326196e-01,6.013483e-01,-3.401210e-01,2.152833e-01,6.105509e-01,2.889614e-01,-4.319761e-01,-1.964341e-03,0,1.058042e-03
2.643325e-03,-6.870916e+00,4.362542e+00,-6.582756e+00,-1.064656e+01,-1.666607e+01,4.351285e+00,1.538939e+01,2.079713e-01,7.088609e+00,6.048248e+00,-8.202382e+00,-1.967544e+01,3.263826e-02,0,6.663080e-01,2.831297e-04,4.955497e-02,9.172745e-02,-3.075717e-01,-1.548951e-01,1.289961e+00,-1.423502e-01,4.605611e-01,-7.900710e-01,-6.836500e-01,9.542712e-01,6.945677e-01,1.801682e-02,9.368386e-04,0,-2.440691e-04
2.892631e-03,-6.965211e+00,3.757035e+00,-6.960444e+00,-1.052782e+01,-1.417453e+01,3.943179e+00,1.562613e+01,-1.053414e+00,6.000870e+00,6.812747e+00,-7.441854e+00,-1.897530e+01,3.475370e-02,0,6.627564e-01,1.908510e-04,-1.495862e-02,-3.068662e-01,2.170448e-02,2.848333e-01,1.259887e+00,-1.130466e+00,1.053676e+00,-6.848273e-01,-1.561581e+00,8.299814e-01,1.143666e+00,1.133493e+00,1.783016e-03,0,5.693316e-04
3.137634e-03,-7.076581e+00,3.535691e+00,-7.088936e+00,-1.045045e+01,-1.344202e+01,2.340183e+00,1.794049e+01,-1.686660e+00,4.078902e+00,7.638897e+00,-6.677734e+00,-1.674806e+01,3.777577e-02,0,6.711233e-01,5.593449e-05,-1.347113e-02,-3.301195e-01,4.068475e-01,4.700081e-01,4.938797e-01,-1.900555e+00,1.713715e+00,4.444902e-02,-1.752914e+00,4.960076e-01,1.613050e+00,2.161130e+00,1.692353e-03,0,6.809235e-04
2.957621e-03,-7.033463e+00,2.730856e+00,-5.875523e+00,-9.186669e+00,-1.342033e+01,-2.598058e-01,2.022429e+01,-1.538975e+00,7.876244e-01,7.795210e+00,-3.701307e+00,-1.374357e+01,3.898459e-02,0,6.657916e-01,-8.289453e-05,-2.706647e-02,-1.284759e-01,9.626212e-01,8.272142e-01,3.264361e-02,-1.938551e+00,1.273941e+00,2.041941e-01,-8.922225e-01,4.479550e-01,1.859896e+00,2.498307e+00,1.148384e-03,0,-1.815122e-03
2.890502e-03,-6.904146e+00,3.225034e+00,-5.090979e+00,-8.967093e+00,-1.457378e+01,-3.049996e+00,2.165889e+01,6.729972e-01,9.306630e-01,8.037055e+00,-2.007407e+00,-1.148565e+01,3.898459e-02,0,6.681951e-01,-1.862417e-04,-1.815012e-01,1.015872e-01,1.402051e+00,1.037104e+00,2.800084e-01,-1.106101e+00,2.315054e-01,-1.536287e-01,4.197973e-01,2.537849e-01,1.662457e+00,2.273830e+00,5.741917e-04,0,-1.160887e-02
2.601724e-03,-7.186761e+00,3.269983e+00,-3.146316e+00,-7.133433e+00,-1.344543e+01,-3.054483e+00,2.013663e+01,-1.212272e+00,3.113877e+00,8.853443e+00,-4.775366e-01,-9.114970e+00,3.989121e-02,0,6.551449e-01,-1.855205e-04,-3.600636e-01,1.118392e-01,1.499325e+00,1.140895e+00,7.436031e-01,3.327773e-01,-7.095127e-01,-1.253779e+00,1.345666e+00,6.978016e-02,8.587376e-01,1.840101e+00,4.835307e-04,0,-2.046617e-02
2.384374e-03,-7.907438e+00,3.774063e+00,-1.443283e+00,-6.291550e+00,-1.202942e+01,-1.792983e+00,1.914185e+01,-2.618155e+00,5.014762e+00,8.378705e+00,2.266780e-02,-7.693207e+00,4.019341e-02,0,6.184022e-01,-1.546314e-04,-4.917161e-01,-4.106903e-01,1.225370e+00,1.060078e+00,1.125122e+00,1.258135e+00,-1.241018e+00,-1.758197e+00,8.431097e-01,-3.459203e-01,1.565155e-01,1.433908e+00,-1.511022e-04,0,-3.201132e-02
2.283082e-03,-8.332135e+00,3.015537e+00,-2.027455e-01,-4.819966e+00,-1.097449e+01,7.755737e-01,1.793525e+01,-6.162294e+00,5.473902e+00,7.973286e+00,-4.226557e-01,-6.439291e+00,4.079783e-02,0,5.883572e-01,-6.939517e-05,-3.305883e-01,-7.631508e-01,2.514773e-01,6.793853e-01,1.139259e+00,1.157281e+00,-1.462342e+00,-7.408393e-01,3.438897e-01,-7.005911e-02,-5.940642e-01,7.721370e-01,-1.329707e-03,0,-3.039820e-02
2.276666e-03,-8.790040e+00,1.298805e+00,-4.359137e-01,-4.823435e+00,-1.018364e+01,1.325651e+00,1.655449e+01,-5.642979e+00,3.966199e+00,6.747532e+00,-1.252270e+00,-5.653950e+00,3.777577e-02,0,5.415323e-01,-5.414114e-05,6.715765e-02,-5.707084e-01,-6.185148e-01,2.562667e-01,1.048697e+00,3.763496e-01,-1.632421e+00,6.963208e-01,2.480984e-04,4.065155e-01,-7.509570e-01,3.718386e-01,-2.447870e-03,0,-1.289337e-02
2.308602e-03,-8.398402e+00,6.918583e-01,-2.392614e+00,-4.470564e+00,-8.672031e+00,1.172607e+00,1.411860e+01,-3.404056e+00,5.357607e+00,9.318734e+00,-2.810389e+00,-6.273914e+00,3.445150e-02,0,5.415888e-01,-8.083794e-05,5.235618e-01,3.066719e-01,-9.606889e-01,-3.887624e-01,6.099077e-01,-3.171916e-01,-9.776183e-01,1.767566e+00,1.399482e-01,8.217537e-01,-6.061994e-01,-1.148964e-01,-3.082503e-03,0,1.381408e-02
2.100908e-03,-7.538517e+00,2.082360e+00,-3.440923e+00,-5.184917e+00,-7.937169e+00,-1.097513e-01,1.288807e+01,-5.156700e-01,5.074151e+00,9.738559e+00,-2.538251e+00,-5.916703e+00,3.112723e-02,0,5.773196e-01,-1.238021e-04,7.812172e-01,1.107473e+00,-6.082475e-01,-7.058221e-01,-7.325287e-02,-2.736786e-01,-3.140201e-02,1.448185e+00,3.879846e-01,3.183528e-01,-4.877597e-01,-2.814087e-01,-2.145664e-03,0,3.539609e-02
1.966772e-03,-6.340088e+00,4.157119e+00,-3.503686e+00,-6.583037e+00,-9.048183e+00,-9.268343e-02,1.488037e+01,1.118791e-01,5.619668e+00,1.058654e+01,-2.810663e+00,-6.882397e+00,2.870958e-02,0,6.395339e-01,-1.264375e-04,6.566046e-01,1.099278e+00,1.361081e-01,-7.353019e-01,-6.852599e-01,5.686456e-01,6.504798e-01,2.328745e-01,1.955873e-01,-1.011140e+00,-5.836473e-01,-4.359125e-01,-7.857358e-04,0,3.332592e-02
1.828571e-03,-5.913111e+00,5.103538e+00,-2.921615e+00,-7.296309e+00,-1.036183e+01,5.899029e-01,1.601660e+01,-1.600218e-01,5.775091e+00,7.705392e+00,-3.690931e+00,-6.756752e+00,2.991840e-02,0,6.695402e-01,-6.478815e-05,3.964873e-01,4.213131e-01,4.420633e-01,-9.949207e-04,-8.304238e-01,1.260134e+00,3.982234e-01,-3.312362e-01,3.993255e-01,-1.718711e+00,-8.779299e-01,-9.768610e-01,5.439708e-04,0,1.838784e-02
1.812583e-03,-5.928082e+00,4.677659e+00,-1.971727e+00,-7.091377e+00,-1.088600e+01,3.666008e+00,1.580673e+01,-2.417508e+00,5.985073e+00,5.279619e+00,-5.152285e+00,-8.033452e+00,3.112723e-02,0,6.621081e-01,-3.133116e-05,2.046716e-01,-1.660782e-01,6.464773e-01,7.414376e-01,-9.149206e-01,1.501826e+00,-1.105405e-01,-3.671911e-01,5.235619e-02,-1.933192e+00,-8.426793e-01,-1.027025e+00,8.763971e-04,0,2.126396e-03
1.854062e-03,-5.762083e+00,3.928656e+00,-1.996585e+00,-4.935721e+00,-1.117038e+01,4.311574e+00,1.441600e+01,-9.071576e-01,6.888075e+00,3.798465e+00,-5.757089e+00,-1.022548e+01,3.263826e-02,0,6.579717e-01,-1.508909e-05,2.273533e-01,-2.266379e-01,6.823926e-01,1.097587e+00,-1.185124e+00,6.774595e-01,-6.394701e-02,3.534814e-01,2.243266e-01,-9.775484e-01,-9.178866e-01,-1.004586e+00,-1.813237e-04,0,-2.973896e-03
1.797370e-03,-5.392244e+00,3.914169e+00,-7.338145e-01,-4.056142e+00,-1.321851e+01,5.555612e+00,1.512796e+01,-1.350508e+00,5.324956e+00,2.874046e+00,-5.990980e+00,-1.028316e+01,3.173164e-02,0,6.559502e-01,-3.950981e-05,3.438229e-01,1.906177e-01,6.570111e-01,7.904932e-01,-1.574453e+00,-2.964605e-01,-2.283487e-02,7.702335e-01,7.309412e-01,-2.879439e-01,-1.042481e+00,-7.079811e-02,-1.480809e-03,0,2.731323e-04
1.760732e-03,-5.044263e+00,4.352093e+00,-1.286088e-01,-3.325991e+00,-1.512119e+01,3.032398e+00,1.603625e+01,1.073886e+00,7.226782e+00,4.020437e+00,-7.861017e+00,-1.065483e+01,2.870958e-02,0,6.577497e-01,-5.187520e-05,4.410572e-01,5.097072e-01,5.865575e-01,1.738711e-01,-1.731395e+00,-1.066881e+00,-2.571014e-01,5.815358e-01,1.272597e+00,2.112215e-02,-9.869337e-01,9.730374e-01,-2.236325e-03,0,3.733534e-03
1.661699e-03,-4.567877e+00,5.419029e+00,3.793395e-01,-3.943776e+00,-1.678286e+01,2.823293e+00,1.488244e+01,4.431382e-01,9.470426e+00,3.728914e+00,-9.312726e+00,-8.172769e+00,2.568752e-02,0,6.635848e-01,-4.214991e-05,4.364670e-01,5.570792e-01,3.385676e-01,-1.574069e-01,-1.542231e+00,-1.167910e+00,-9.977980e-01,1.069950e-01,1.608382e+00,9.825890e-02,-3.153881e-01,1.233019e+00,-1.148383e-03,0,5.697978e-03
1.662521e-03,-3.968981e+00,5.724762e+00,3.796253e-01,-4.122549e+00,-1.804518e+01,3.433305e-01,1.325326e+01,1.103698e+00,1.117833e+01,3.476642e+00,-9.030885e+00,-6.415487e+00,2.447869e-02,0,6.728221e-01,-2.563791e-05,2.189044e-01,4.761071e-01,4.264959e-01,-2.433263e-01,-1.186697e+00,-6.931752e-01,-9.255516e-01,-6.437312e-01,5.547649e-01,-3.341924e-01,4.591121e-01,8.514299e-01,1.511030e-03,0,2.101970e-03
1.635726e-03,-3.747550e+00,6.013231e+00,7.049062e-01,-4.444898e+00,-1.946767e+01,1.060598e+00,1.153047e+01,-8.304396e-01,1.139109e+01,3.637238e+00,-6.982986e+00,-6.237731e+00,2.810517e-02,0,6.769039e-01,-4.527287e-06,-1.756099e-01,3.178052e-01,3.803566e-01,-1.018320e-01,-4.402409e-01,-1.305679e-01,1.217928e-02,-9.749061e-01,-6.428987e-01,-5.952405e-01,6.968395e-01,-2.549036e-01,3.777575e-03,0,-3.716439e-03
1.645529e-03,-4.359905e+00,6.435528e+00,1.841087e+00,-4.292062e+00,-1.971227e+01,4.478700e-01,1.308447e+01,-1.507982e+00,9.040273e+00,2.395313e+00,-6.730326e+00,-7.365197e+00,3.505591e-02,0,6.616000e-01,1.044081e-05,-5.339295e-01,2.610815e-01,2.421894e-01,-3.136354e-01,3.855211e-01,4.646910e-01,1.050723e+00,-9.390213e-01,-1.760567e+00,-8.611943e-01,4.131018e-01,-7.471538e-01,3.656694e-03,0,-8.022082e-03
1.647559e-03,-5.250464e+00,6.652672e+00,1.550392e+00,-4.368180e+00,-1.815052e+01,2.118184e+00,1.502773e+01,-3.125553e+00,7.324959e+00,1.293376e+00,-6.978808e+00,-8.972432e+00,3.928679e-02,0,6.506136e-01,3.061140e-05,-6.096751e-01,4.484291e-02,-2.306658e-01,-8.122896e-01,1.203766e+00,5.035352e-01,1.418368e+00,-4.295467e-01,-1.997285e+00,-6.668320e-01,-3.286638e-02,-4.746557e-01,6.950736e-04,0,-5.637580e-03
1.708809e-03,-5.887171e+00,6.710449e+00,1.167829e+00,-5.729085e+00,-1.677615e+01,2.137992e+00,1.675824e+01,-2.443852e+00,4.408557e+00,3.426019e-01,-6.967465e+00,-8.783906e+00,3.717135e-02,0,6.458568e-01,5.732716e-05,-4.056842e-01,-5.780564e-02,-7.805752e-01,-1.553753e+00,1.679868e+00,1.869928e-01,8.533695e-01,1.416574e-01,-1.284284e+00,-1.076674e-01,-1.287849e-01,6.593142e-02,-2.689634e-03,0,1.098198e-03
1.757143e-03,-6.032293e+00,6.099985e+00,-1.117941e-01,-7.787834e+00,-1.491690e+01,2.733213e+00,1.678542e+01,-2.510238e+00,3.720525e+00,1.329434e+00,-7.028749e+00,-7.901655e+00,3.052282e-02,0,6.565876e-01,8.613926e-05,-1.486946e-01,-1.037431e-01,-1.160868e+00,-1.835746e+00,1.848911e+00,-6.740360e-01,2.951429e-01,5.743556e-01,-1.962046e-01,3.071114e-01,-1.281750e-01,2.854360e-01,-4.140223e-03,0,5.914825e-03
1.877373e-03,-5.997411e+00,6.422843e+00,-1.230696e+00,-1.035100e+01,-1.292974e+01,1.075320e+00,1.647247e+01,-1.107352e+00,4.421068e+00,1.838947e+00,-7.349280e+00,-7.570928e+00,2.598973e-02,0,6.641040e-01,1.078941e-04,6.309557e-02,1.070864e-01,-1.561523e+00,-1.735064e+00,1.780043e+00,-1.233554e+00,-1.722946e-02,5.718666e-01,7.235274e-01,5.071720e-01,2.457946e-01,-1.110491e-01,-2.931400e-03,0,8.198762e-03
1.993974e-03,-5.938817e+00,6.277760e+00,-3.054687e+00,-1.123596e+01,-1.082917e+01,-7.206593e-01,1.664633e+01,-9.220245e-01,6.337680e+00,2.080760e+00,-7.428775e+00,-8.151741e+00,2.417649e-02,0,6.710641e-01,1.221744e-04,1.691307e-01,3.871283e-01,-1.793445e+00,-1.386990e+00,1.224022e+00,-1.487242e+00,-1.112598e-01,3.706385e-01,8.704929e-01,5.509900e-01,4.795080e-01,-8.098066e-01,-5.741919e-04,0,7.914049e-03
2.129864e-03,-5.618431e+00,7.156994e+00,-5.168341e+00,-1.268035e+01,-9.919799e+00,-2.302839e+00,1.674164e+01,-3.786255e-01,6.717617e+00,2.502799e+00,-5.538479e+00,-9.214108e+00,2.568752e-02,0,6.796123e-01,1.131866e-04,2.468567e-01,5.285255e-01,-1.964518e+00,-8.708307e-01,2.716377e-01,-1.095659e+00,-1.856604e-01,-5.093209e-02,6.184835e-01,8.744440e-01,5.086412e-01,-1.013668e+00,1.571471e-03,0,8.066446e-03
2.241769e-03,-5.376130e+00,7.668551e+00,-7.110195e+00,-1.355811e+01,-1.030176e+01,-3.013920e+00,1.609454e+01,-1.021409e+00,6.924715e+00,3.752458e+00,-5.536610e+00,-1.112910e+01,2.780296e-02,0,6.884037e-01,9.792703e-05,2.321522e-01,5.370952e-01,-1.737098e+00,-4.078516e-01,-6.236076e-01,-7.247555e-01,-1.085543e-01,-1.224276e-01,3.363326e-01,1.261104e+00,3.549593e-01,-9.793175e-01,2.508311e-03,0,6.951886e-03
2.319408e-03,-5.044471e+00,8.370075e+00,-9.025532e+00,-1.354407e+01,-1.183526e+01,-3.256346e+00,1.582006e+01,-1.312321e+00,7.219968e+00,5.375318e+00,-5.752157e+00,-1.115059e+01,3.203385e-02,0,6.957664e-01,6.140543e-05,1.478873e-01,2.964792e-01,-1.158459e+00,2.259671e-01,-1.206045e+00,-2.073748e-01,4.266626e-01,-4.218289e-02,5.085077e-02,1.412786e+00,2.044856e-01,-5.584625e-01,2.145664e-03,0,4.262990e-03
2.388837e-03,-5.065035e+00,8.356695e+00,-9.811580e+00,-1.284335e+01,-1.298948e+01,-3.867684e+00,1.656434e+01,-1.067315e+00,7.768167e+00,6.950022e+00,-5.547140e+00,-1.208009e+01,3.354488e-02,0,6.977465e-01,3.121341e-05,7.562494e-02,1.230997e-01,-5.613304e-01,6.956580e-01,-9.444371e-01,-2.326872e-01,8.037800e-01,5.105416e-01,-2.561831e-01,8.672200e-01,3.977588e-01,2.269812e-02,9.368390e-04,0,1.423043e-03
2.363357e-03,-5.034542e+00,8.295318e+00,-9.609944e+00,-1.190789e+01,-1.460616e+01,-2.912831e+00,1.864005e+01,-5.665870e-01,6.550145e+00,7.967949e+00,-4.510786e+00,-1.153093e+01,3.354488e-02,0,6.962559e-01,1.530598e-05,7.659388e-03,6.740952e-02,-5.715466e-02,7.638242e-01,-5.135046e-01,-8.990176e-02,9.375094e-01,7.678620e-01,-1.018572e-01,-8.052693e-02,3.593566e-01,1.661224e-01,-3.626473e-04,0,-7.095278e-04
2.375861e-03,-5.002970e+00,8.321428e+00,-9.624640e+00,-1.089791e+01,-1.363850e+01,-4.349113e+00,1.870344e+01,1.158432e+00,5.978712e+00,6.792243e+00,-4.168501e+00,-1.082544e+01,3.173164e-02,0,6.952742e-01,1.348951e-05,-4.630365e-02,5.261355e-02,1.243788e-01,6.249393e-01,-1.325794e-01,-9.754028e-02,5.407648e-01,9.417459e-01,7.222412e-01,-6.995136e-01,1.574856e-01,2.608411e-01,-8.461773e-04,0,-1.632959e-03
2.402426e-03,-5.037207e+00,8.724756e+00,-9.404775e+00,-1.069767e+01,-1.407827e+01,-3.465140e+00,1.943806e+01,1.414116e+00,7.605410e+00,5.051573e+00,-4.644693e+00,-1.094730e+01,3.112723e-02,0,6.934550e-01,-3.655907e-06,-9.737696e-02,3.274069e-02,2.098720e-01,3.471598e-01,-1.495180e-01,2.302607e-01,-6.103668e-02,2.476181e-01,1.471450e+00,-5.847168e-01,3.856244e-02,1.023550e-02,-9.670599e-04,0,-2.731931e-03
2.436750e-03,-5.295221e+00,8.405044e+00,-9.292271e+00,-1.032376e+01,-1.391632e+01,-4.079231e+00,1.886916e+01,2.651063e+00,1.085174e+01,4.910642e+00,-4.692758e+00,-1.106770e+01,3.052282e-02,0,6.909822e-01,-6.634500e-05,-6.474753e-02,-1.222146e-01,3.389891e-01,2.651021e-01,-5.160701e-01,8.021438e-01,-4.084236e-01,-1.007897e+00,1.044930e+00,1.368908e-01,-1.130710e-02,6.346788e-02,-9.066181e-04,0,-5.614662e-03
2.314633e-03,-5.375301e+00,8.417213e+00,-8.726769e+00,-1.045917e+01,-1.521484e+01,-1.896469e+00,1.825201e+01,-7.481217e-02,1.147088e+01,5.985165e+00,-4.055845e+00,-1.135862e+01,2.931399e-02,0,6.847422e-01,-1.550698e-04,5.048108e-02,-3.844774e-01,4.833341e-01,6.377293e-01,-6.951643e-01,9.526345e-01,-9.701525e-01,-2.103669e+00,-4.147487e-01,4.820529e-01,-2.812348e-01,3.292365e-01,-9.670600e-04,0,-9.694862e-03
2.088032e-03,-5.157660e+00,7.864127e+00,-8.268698e+00,-9.691653e+00,-1.565056e+01,-1.122730e+00,1.725435e+01,-3.136592e+00,9.270626e+00,7.009901e+00,-4.519460e+00,-1.030244e+01,2.810517e-02,0,6.715572e-01,-2.106587e-04,1.138183e-01,-6.690952e-01,7.844450e-01,7.889997e-01,-7.591840e-01,1.299426e+00,-1.250003e+00,-2.184376e+00,-1.653873e+00,5.651296e-01,-8.328230e-01,3.602259e-01,-9.670596e-04,0,-1.378567e-02
1.801435e-03,-4.853582e+00,7.072828e+00,-7.499891e+00,-7.825080e+00,-1.668698e+01,-1.802176e-01,1.539471e+01,-6.210403e+00,6.322224e+00,6.412209e+00,-6.137516e+00,-9.683746e+00,2.750075e-02,0,6.546931e-01,-1.931245e-04,2.215090e-02,-9.920465e-01,1.007363e+00,7.321512e-01,-6.182681e-01,1.104235e+00,-1.233597e+00,-5.479535e-01,-1.587889e+00,4.722092e-01,-6.747486e-01,2.426910e-01,-1.057721e-03,0,-1.320598e-02
1.640056e-03,-4.986989e+00,5.731761e+00,-5.983485e+00,-7.695806e+00,-1.697618e+01,1.559772e+00,1.404780e+01,-5.203023e+00,5.156704e+00,7.522768e+00,-7.816038e+00,-1.010400e+01,2.659414e-02,0,6.370783e-01,-1.154958e-04,-1.150947e-01,-1.049057e+00,1.144651e+00,-1.593595e-02,-6.406626e-01,1.071548e+00,-7.998325e-01,1.081377e+00,-3.862996e-01,7.215533e-01,2.090572e-01,-2.574711e-02,-1.118162e-03,0,-8.629942e-03
1.572999e-03,-5.349882e+00,4.523164e+00,-4.832559e+00,-7.796333e+00,-1.764337e+01,2.283454e+00,1.368730e+01,-1.781364e+00,5.588397e+00,8.089777e+00,-5.781300e+00,-1.024438e+01,2.478090e-02,0,6.359518e-01,-2.135627e-05,-1.971170e-01,-9.425592e-01,7.529380e-01,-6.115637e-01,-8.463112e-01,6.427635e-01,-8.624325e-02,1.722182e+00,7.976074e-01,9.442135e-01,1.619034e+00,1.914520e-01,-1.057721e-03,0,1.686907e-03
1.624772e-03,-5.484984e+00,3.893672e+00,-3.879106e+00,-9.785707e+00,-1.837568e+01,3.003173e+00,1.410889e+01,5.577360e-02,7.706042e+00,9.778883e+00,-3.652282e+00,-1.015086e+01,2.387428e-02,0,6.377782e-01,3.608898e-05,-7.422014e-02,-6.821896e-01,-6.393357e-02,-5.160000e-01,-7.954100e-01,-1.327329e-01,-5.164728e-02,1.080881e+00,1.263863e+00,6.835259e-01,1.800490e+00,5.464471e-01,-2.417648e-04,0,8.366627e-03
1.702296e-03,-5.590169e+00,3.279076e+00,-4.787390e+00,-9.837949e+00,-2.021878e+01,2.311900e+00,1.493294e+01,-2.288905e-01,9.035592e+00,1.000522e+01,-1.242237e-01,-8.703059e+00,2.357208e-02,0,6.627777e-01,5.880261e-05,1.102134e-01,-2.785500e-01,-9.006040e-01,2.862396e-02,-2.747265e-01,-1.009442e+00,-3.269342e-01,3.098790e-01,5.294676e-01,1.551994e-01,1.172783e+00,5.859218e-01,9.972805e-04,0,1.081404e-02
1.755852e-03,-5.237946e+00,2.942857e+00,-6.325737e+00,-9.254998e+00,-1.966552e+01,8.818852e-01,1.316674e+01,-5.748525e-01,9.752419e+00,9.982677e+00,-1.642124e+00,-8.142429e+00,2.598972e-02,0,6.654985e-01,5.527795e-05,2.477251e-01,1.030659e-01,-1.213134e+00,7.077228e-01,4.791807e-01,-1.497449e+00,-4.984402e-01,2.240847e-01,-4.364558e-01,-7.042025e-01,1.081908e-01,-3.421783e-04,2.326987e-03,0,6.264532e-03
1.801472e-03,-4.922334e+00,3.605822e+00,-8.112264e+00,-7.918568e+00,-1.837208e+01,-1.703111e+00,1.252371e+01,8.334363e-02,7.212546e+00,8.763877e+00,-9.224649e-01,-8.318988e+00,2.870958e-02,0,6.761618e-01,1.923082e-05,1.933206e-01,2.819146e-01,-6.886538e-01,1.149651e+00,1.045289e+00,-1.039206e+00,-1.738290e-01,1.400526e-01,-1.176702e+00,-1.280475e+00,-6.586632e-01,-7.337331e-01,3.112723e-03,0,-3.806674e-03
1.851574e-03,-4.580276e+00,4.245629e+00,-8.282341e+00,-7.206783e+00,-1.690312e+01,-2.476565e+00,1.282131e+01,1.020080e+00,6.435286e+00,6.878541e+00,-2.712208e+00,-1.034460e+01,3.294047e-02,0,6.624088e-01,-6.779143e-06,2.705450e-02,1.247469e-01,5.057726e-02,1.366395e+00,5.228962e-01,1.178292e-01,4.324580e-01,-4.913167e-02,-7.623941e-01,-1.315043e+00,-7.926577e-01,-1.030178e+00,2.568752e-03,0,-9.421462e-03
1.750590e-03,-4.952402e+00,4.037262e+00,-7.252357e+00,-5.113802e+00,-1.637353e+01,-1.204904e+00,1.423652e+01,-3.260938e-01,4.810648e+00,5.154912e+00,-2.882498e+00,-1.127064e+01,3.566032e-02,0,6.452892e-01,-2.156204e-05,-1.423231e-01,-1.490791e-02,4.611592e-01,1.060746e+00,1.942978e-02,1.026746e+00,6.478738e-01,-5.447853e-01,1.432857e-01,-8.249774e-01,-8.797666e-01,-4.701679e-01,9.066183e-04,0,-1.070377e-02
1.747398e-03,-5.087640e+00,3.350871e+00,-6.502804e+00,-3.825404e+00,-1.805032e+01,1.221928e+00,1.447263e+01,-6.157922e-01,7.141397e+00,5.211946e+00,-4.625396e+00,-1.181749e+01,3.535811e-02,0,6.338275e-01,-1.136622e-05,-1.372190e-01,2.133174e-01,2.791440e-01,2.994562e-01,-5.846749e-02,6.572588e-01,3.831476e-01,-5.791506e-01,4.374401e-01,1.107859e-01,-3.014825e-01,2.781257e-01,-1.631913e-03,0,-2.626783e-03
1.745750e-03,-5.380268e+00,3.978661e+00,-6.696236e+00,-4.305527e+00,-1.770134e+01,1.581375e+00,1.493742e+01,-1.822647e+00,7.575919e+00,5.472288e+00,-4.364704e+00,-9.933383e+00,3.203385e-02,0,6.369336e-01,-8.238514e-06,2.560477e-02,6.422716e-01,-1.049318e-01,-6.801855e-01,7.983675e-01,-1.971054e-01,-1.617514e-01,-2.661223e-01,5.767685e-01,5.133439e-01,-9.651139e-02,7.846402e-01,-2.931400e-03,0,4.625189e-03
1.797162e-03,-5.052438e+00,5.341516e+00,-7.164682e+00,-6.113640e+00,-1.653156e+01,-5.834103e-01,1.438660e+01,-1.127396e+00,7.239851e+00,7.273783e+00,-3.478517e+00,-9.622602e+00,2.659414e-02,0,6.534527e-01,-4.613134e-05,1.694644e-01,6.646961e-01,-2.608494e-01,-9.315063e-01,1.783084e+00,-7.416590e-01,-8.531346e-01,2.016675e-01,5.830381e-01,6.618664e-01,2.315390e-01,7.692754e-01,-2.296766e-03,0,5.557620e-03
1.684515e-03,-4.841979e+00,6.253298e+00,-7.446077e+00,-7.370612e+00,-1.314108e+01,-1.287761e+00,1.347077e+01,-1.400903e+00,7.645264e+00,6.690713e+00,-3.938494e+00,-8.444881e+00,2.538531e-02,0,6.586025e-01,-6.412809e-05,2.874685e-01,3.276257e-01,-1.807856e-01,-9.083310e-01,1.524012e+00,-2.476752e-02,-1.569428e+00,5.330030e-01,1.438173e+00,8.356020e-01,4.682367e-02,2.975512e-01,-1.208827e-04,0,3.077704e-03
1.547359e-03,-4.509462e+00,5.537033e+00,-7.432130e+00,-6.950394e+00,-1.141503e+01,-1.051799e+00,1.094027e+01,1.816736e-01,1.002192e+01,7.912065e+00,-3.680806e+00,-8.715366e+00,2.719855e-02,0,6.507812e-01,-4.479879e-05,2.217402e-01,-1.173220e-02,-1.170105e-01,-1.001245e+00,4.726332e-01,7.380934e-01,-1.842340e+00,5.986984e-01,1.793852e+00,8.202774e-01,3.874938e-01,6.874418e-02,1.601692e-03,0,-3.087342e-04
1.550011e-03,-4.214413e+00,5.519032e+00,-7.466440e+00,-8.428805e+00,-1.263954e+01,1.691731e+00,8.813437e+00,1.878334e-01,1.337575e+01,9.331157e+00,-4.029441e+00,-8.899245e+00,3.112723e-02,0,6.536579e-01,7.415702e-06,1.021321e-01,2.654815e-02,-2.557894e-01,-1.370200e+00,-8.817034e-01,3.974353e-01,-1.796714e+00,6.666746e-01,1.101296e+00,8.242332e-01,6.534145e-01,-6.842737e-02,1.480810e-03,0,-9.164214e-05
1.640420e-03,-4.257520e+00,5.649989e+00,-7.739553e+00,-1.059077e+01,-1.441916e+01,1.617311e+00,7.503567e+00,1.071728e+00,1.334387e+01,1.005495e+01,-1.495575e+00,-9.051700e+00,3.173164e-02,0,6.543813e-01,3.299105e-05,-9.267006e-02,1.129487e-01,-6.464482e-01,-1.350748e+00,-1.294589e+00,-8.016784e-01,-1.111775e+00,7.303849e-01,-2.818925e-01,3.168172e-01,8.149304e-01,2.521953e-01,2.417648e-04,0,-4.465640e-04
1.675062e-03,-4.457289e+00,6.329561e+00,-8.571313e+00,-1.240143e+01,-1.604753e+01,-6.351398e-01,6.205559e+00,1.487443e+00,1.149077e+01,9.740438e+00,-1.764037e+00,-8.618852e+00,3.052282e-02,0,6.563442e-01,8.083904e-06,-2.668842e-01,-2.666777e-01,-6.697289e-01,-4.345535e-01,-8.780233e-01,-1.967941e+00,-2.231722e-01,5.643545e-01,-1.215076e+00,-1.643457e-02,4.519089e-01,4.781947e-01,-1.027500e-03,0,-3.018272e-03
1.649788e-03,-4.851375e+00,5.696512e+00,-1.011193e+01,-1.171782e+01,-1.618398e+01,-3.896756e+00,6.685337e+00,3.183793e+00,9.554945e+00,9.291511e+00,-7.388558e-01,-7.594587e+00,2.870958e-02,0,6.472052e-01,-2.570148e-06,-2.633635e-01,-8.249267e-01,-2.369711e-01,5.964897e-01,-5.337855e-01,-1.536275e+00,4.761931e-01,-1.875188e-01,-8.322349e-01,6.808185e-03,-1.935454e-01,1.726054e-01,-1.390148e-03,0,1.371384e-04
1.585747e-03,-5.251907e+00,4.162382e+00,-9.628894e+00,-1.003804e+01,-1.614725e+01,-5.390938e+00,8.106690e+00,1.953573e+00,9.194833e+00,9.630703e+00,-2.148257e+00,-7.236828e+00,2.750076e-02,0,6.421546e-01,1.279054e-05,-1.712819e-01,-1.039120e+00,6.071471e-01,1.009461e+00,-5.402697e-01,-6.522397e-01,6.610417e-01,-1.063038e+00,-1.190882e-02,-1.114504e-01,-4.038791e-01,-1.201941e-01,-1.027501e-03,0,4.874760e-03
1.672227e-03,-5.177029e+00,2.608944e+00,-8.395618e+00,-8.790009e+00,-1.703823e+01,-3.686167e+00,8.933967e+00,-9.893147e-02,1.033066e+01,1.014386e+01,-2.271193e+00,-8.879684e+00,2.629193e-02,0,6.621618e-01,2.777416e-05,-5.792499e-02,-4.756091e-01,1.006386e+00,8.219950e-01,-7.374994e-01,-2.874720e-01,2.284561e-01,-1.770005e+00,4.079839e-01,-1.079230e-01,-7.559518e-01,-2.608930e-01,9.066183e-05,0,7.090944e-03
1.727796e-03,-5.150871e+00,2.677745e+00,-6.393735e+00,-8.818027e+00,-1.832175e+01,-4.001633e+00,8.386453e+00,-2.186385e+00,1.104337e+01,8.757012e+00,-3.017264e+00,-8.577273e+00,2.659414e-02,0,6.732397e-01,-7.903087e-07,-7.452174e-02,4.980191e-01,8.787252e-01,4.257153e-01,-5.847443e-01,-1.110206e+00,-2.322760e-02,-1.545614e+00,-3.500236e-01,-2.243690e-01,-6.077859e-01,4.819009e-01,2.085222e-03,0,-2.455509e-03
1.717635e-03,-5.191517e+00,4.060784e+00,-6.697583e+00,-8.217857e+00,-1.878422e+01,-6.028769e+00,7.687737e+00,-3.596251e+00,1.067060e+01,9.188741e+00,-4.084111e+00,-8.228829e+00,2.961620e-02,0,6.671174e-01,-4.806339e-05,-2.593651e-02,1.326211e+00,4.430818e-01,5.971508e-02,1.369255e-01,-2.417174e+00,-2.790407e-01,-9.640275e-01,-1.177165e+00,1.599330e-01,-7.199022e-01,1.424912e+00,3.626473e-03,0,-1.281750e-02
1.559092e-03,-5.617271e+00,5.926557e+00,-6.084285e+00,-8.195544e+00,-1.819797e+01,-9.770665e+00,8.613667e+00,-4.025837e+00,7.274747e+00,8.986416e+00,-4.280727e+00,-5.152751e+00,3.626473e-02,0,6.273993e-01,-7.761004e-05,1.655427e-01,1.564654e+00,3.767812e-01,1.214460e-01,9.924036e-01,-2.715170e+00,-5.991243e-01,-4.820923e-01,-1.814454e+00,8.007776e-01,-3.260678e-01,1.987034e+00,3.414929e-03,0,-1.504573e-02
1.516262e-03,-5.073512e+00,7.615595e+00,-6.334935e+00,-8.802674e+00,-1.641549e+01,-1.288752e+01,7.425156e+00,-3.999343e+00,6.329145e+00,1.082882e+01,-5.238972e+00,-3.467387e+00,3.958900e-02,0,6.209945e-01,-9.015534e-05,5.410351e-01,1.365805e+00,8.093144e-01,6.122803e-01,1.696726e+00,-1.732822e+00,-1.380697e+00,-7.164846e-02,-1.808518e+00,7.285284e-01,9.756498e-02,1.887678e+00,1.208824e-03,0,-9.540826e-03
1.440431e-03,-4.382161e+00,8.723607e+00,-4.691154e+00,-7.918388e+00,-1.454410e+01,-1.414811e+01,5.522121e+00,-4.395300e+00,4.141822e+00,1.194086e+01,-4.070173e+00,-1.022823e+00,3.868238e-02,0,6.210725e-01,-1.072502e-04,6.986230e-01,8.675717e-01,1.326886e+00,1.686106e+00,1.998960e+00,4.650026e-01,-1.959181e+00,6.109332e-01,-1.262968e+00,1.139852e-01,1.977286e-01,8.445278e-01,-7.555149e-04,0,-4.415025e-02
1.326188e-03,-3.103897e+00,9.491283e+00,-3.347577e+00,-5.295034e+00,-1.212753e+01,-1.250416e+01,2.330025e+00,-3.769761e+00,3.194468e+00,1.135416e+01,-3.701563e+00,-8.554041e-01,3.445150e-02,0,6.225767e-01,-1.399523e-04,3.800455e-01,2.204104e-01,1.544088e+00,2.080012e+00,1.636730e+00,2.378404e+00,-1.953385e+00,1.875084e+00,-5.612019e-01,-1.098152e+00,5.849533e-02,-5.979153e-02,6.044134e-05,0,-1.060787e-01
1.117878e-03,-3.108964e+00,9.326571e+00,-9.435363e-01,-1.518832e+00,-1.034715e+01,-7.637333e+00,1.365326e+00,-1.085962e+00,2.527247e+00,9.293672e+00,-4.060789e+00,-2.236104e+00,3.505591e-02,0,4.058570e-01,-1.342338e-04,-2.415080e-01,-4.582233e-01,7.855798e-01,1.174100e+00,3.862578e-01,3.173467e+00,-9.874973e-01,2.821125e+00,4.341203e-01,-1.147357e+00,1.728005e-02,-6.279227e-01,2.296767e-03,0,-1.666513e-01
9.777775e-04,-3.809882e+00,8.416165e+00,-4.883041e-01,-1.602393e+00,-1.033032e+01,-4.250885e+00,-2.633709e-01,3.721409e+00,4.330423e+00,6.661655e+00,-4.951188e+00,-3.159704e+00,4.170444e-02,0,1.982087e-01,-9.682739e-05,-8.567857e-01,-1.103595e+00,-5.577257e-01,-4.720163e-01,-1.073565e+00,2.081306e+00,-1.013724e-01,2.299505e+00,1.026868e+00,-1.222719e-01,8.781112e-01,-4.602929e-01,4.472652e-03,0,-1.651010e-01
9.434677e-04,-5.236708e+00,6.970049e+00,-2.192891e+00,-3.894210e+00,-1.351142e+01,-2.407412e+00,1.881333e+00,5.964741e+00,5.744446e+00,8.550330e+00,-3.358960e+00,-3.010286e+00,4.653974e-02,0,0,-4.185642e-05,-1.064846e+00,-1.302356e+00,-1.949607e+00,-1.753006e+00,-1.538864e+00,2.014201e-01,1.299213e-02,7.571248e-01,7.424796e-01,1.052523e+00,1.603335e+00,-3.800084e-01,4.865519e-03,0,-1.009923e-01
9.292561e-04,-6.323953e+00,5.151571e+00,-5.511528e+00,-6.467426e+00,-1.591322e+01,-4.712589e+00,1.565159e+00,4.202410e+00,6.720211e+00,1.111447e+01,3.380791e-01,-2.769777e+00,5.107284e-02,0,0,-1.554527e-05,-9.550570e-01,-1.151723e+00,-2.276524e+00,-1.548052e+00,-5.957789e-01,-1.050098e+00,-5.505999e-01,-6.657297e-01,2.365868e-01,1.068054e+00,1.629076e+00,-7.364367e-01,4.684195e-03,0,-3.964174e-02
9.328565e-04,-7.176159e+00,4.447088e+00,-8.179959e+00,-7.851343e+00,-1.525002e+01,-6.399381e+00,5.160215e-01,2.459161e+00,5.044751e+00,1.232988e+01,1.311255e+00,-4.331110e+00,5.469931e-02,0,0,-1.413800e-05,-6.560623e-01,-6.550604e-01,-1.310096e+00,-6.899768e-01,7.806998e-01,-1.315353e+00,-1.383971e+00,-8.103440e-01,-3.372033e-01,-1.087150e-01,6.882174e-01,-8.726152e-01,3.898459e-03,0,0
9.053568e-04,-7.615442e+00,3.919031e+00,-8.877389e+00,-7.364088e+00,-1.243991e+01,-7.505390e+00,-2.333715e+00,2.145550e+00,5.863205e+00,1.011215e+01,8.590834e-01,-6.181477e+00,6.104564e-02,0,0,-1.821986e-05,-3.790835e-01,-1.357749e-01,2.595746e-01,2.312700e-01,1.166096e+00,-4.371508e-01,-9.591087e-01,-3.064713e-02,-2.901370e-01,-1.040745e+00,-1.918702e-01,-5.363662e-01,4.261105e-03,0,0
8.847273e-04,-7.871275e+00,4.311018e+00,-7.060441e+00,-6.895763e+00,-1.134457e+01,-7.587779e+00,-3.089087e+00,2.941450e+00,4.486933e+00,8.507916e+00,-1.783752e-01,-5.667513e+00,6.104564e-02,0,0,-1.786741e-05,-1.601219e-01,-7.749224e-03,9.001583e-01,5.283652e-01,9.297997e-01,3.094941e-01,-1.588839e-01,2.060878e-01,-1.862539e-01,-9.864115e-01,-3.438525e-01,7.511274e-01,6.799637e-03,0,0
8.622214e-04,-7.871812e+00,4.540732e+00,-4.773414e+00,-5.788866e+00,-1.203546e+01,-6.304144e+00,-1.427830e+00,3.808029e+00,5.548435e+00,7.821725e+00,1.235434e-01,-4.783407e+00,6.920519e-02,0,0,2.324756e-05,-3.262772e-02,-3.536066e-01,-2.260785e-01,4.851807e-01,1.910011e+00,1.679873e+00,8.935221e-01,-7.706258e-01,-5.372593e-01,1.069275e-01,-2.715550e-01,1.549274e+00,8.945301e-03,0,3.688679e-02
8.650871e-04,-7.848583e+00,4.097492e+00,-5.731155e+00,-5.997128e+00,-1.080325e+01,-5.452534e+00,-7.313406e-01,2.658360e+00,4.270866e+00,8.543035e+00,-4.023759e-02,-1.274508e+00,8.461771e-02,0,0,9.191885e-05,1.963120e-01,-1.083369e+00,-2.424528e+00,4.232980e-01,4.027358e+00,2.928931e+00,8.212407e-01,-2.653270e+00,-1.045215e+00,1.525121e+00,2.469993e-02,1.655508e+00,6.648534e-03,0,9.898960e-02
1.031415e-03,-7.789927e+00,2.257761e+00,-1.067242e+01,-5.387502e+00,-3.160519e+00,-1.736466e-01,9.550229e-01,-1.566034e+00,3.284942e+00,1.062923e+01,-5.677602e-01,-6.316104e-01,9.398610e-02,0,1.844339e-01,1.251493e-04,2.638216e-01,-1.446721e+00,-3.593246e+00,6.056509e-01,5.570498e+00,2.990574e+00,-8.691590e-02,-3.654210e+00,-1.067351e+00,2.711964e+00,2.750584e-01,6.312870e-01,-2.326986e-03,0,1.208193e-01
1.259725e-03,-6.930658e+00,3.565927e-02,-1.623358e+01,-4.979955e+00,4.354745e+00,3.991626e+00,-1.743095e-01,-7.637866e+00,3.926040e-01,1.472977e+01,2.907762e-01,5.341270e-01,8.189785e-02,0,4.027310e-01,9.219017e-05,3.189052e-01,-7.742175e-01,-2.553056e+00,1.107334e+00,4.427768e+00,1.096603e+00,-1.213416e+00,-3.167937e+00,1.901453e-02,2.492196e+00,5.348901e-01,-6.512794e-01,-1.142339e-02,0,9.996825e-02
1.290649e-03,-7.011667e+00,-6.619573e-01,-1.748843e+01,-3.269198e+00,8.238034e+00,3.926647e+00,-2.140925e+00,-9.314906e+00,2.150811e+00,1.828818e+01,1.333329e+00,-2.531289e+00,5.893019e-02,0,4.027310e-01,3.564573e-05,5.645819e-01,6.952010e-01,-2.347453e-01,1.083035e+00,9.816879e-01,-2.112889e+00,-2.140408e+00,-1.555778e+00,1.750640e+00,5.801389e-01,1.780345e-01,-1.077404e+00,-1.486854e-02,0,3.886201e-02
1.196421e-03,-6.643187e+00,1.686264e+00,-1.508843e+01,-1.519612e+00,5.636316e+00,-2.019667e+00,-5.250448e+00,-9.306886e+00,4.933004e+00,1.717454e+01,1.683668e+00,-3.581065e+00,4.502871e-02,0,3.906927e-01,5.568408e-05,1.030365e+00,1.846781e+00,1.702002e+00,4.761475e-01,-2.497762e+00,-4.091334e+00,-2.313493e+00,-1.820289e-01,2.694669e+00,-2.235167e+00,-8.349872e-01,-6.382818e-01,-1.260200e-02,1.157000e+01,4.209257e-02
1.241295e-03,-5.110753e+00,4.908464e+00,-1.241872e+01,-1.702498e+00,1.107134e+00,-7.732443e+00,-7.208946e+00,-8.510411e+00,9.767941e+00,1.230754e+01,-3.740339e-01,-3.961034e+00,3.807797e-02,0,3.847632e-01,1.566753e-04,1.566293e+00,1.645631e+00,2.332937e+00,-5.637931e-01,-4.979992e+00,-4.183561e+00,-1.784952e+00,2.546543e-01,1.660433e+00,-4.237212e+00,-1.683933e+00,5.147285e-01,-8.945301e-03,2.912119e+01,8.236024e-02
1.562822e-03,-2.729290e+00,6.484356e+00,-1.025842e+01,-3.382567e+00,-4.568616e+00,-1.063550e+01,-9.207767e+00,-8.950257e+00,1.005738e+01,6.544254e+00,-3.030478e+00,-1.942410e+00,2.931399e-02,5.785001e+01,6.221778e-01,2.275302e-04,1.383588e+00,3.617961e-01,2.468461e+00,-1.249642e+00,-5.725298e+00,-2.668592e+00,-2.673795e-01,-1.181465e-01,-1.519008e-01,-3.942811e+00,-1.531535e+00,1.032119e+00,-6.799638e-03,4.692164e+01,1.001373e-01
1.890825e-03,-1.137151e+00,5.167154e+00,-8.238751e+00,-5.156685e+00,-1.155946e+01,-1.268324e+01,-9.087026e+00,-8.219949e+00,7.890785e+00,2.417263e+00,-4.729262e+00,-7.769747e-01,2.206104e-02,1.166809e+02,6.987897e-01,2.043645e-04,5.744284e-01,-6.996633e-01,2.857530e+00,-1.410708e+00,-5.222759e+00,-9.086409e-01,1.362419e+00,-1.334540e+00,-1.784367e+00,-2.158561e+00,-9.842529e-01,7.020322e-01,-4.472650e-03,4.760015e+01,8.225179e-02
2.009307e-03,-1.712048e+00,3.365899e+00,-4.836111e+00,-6.040728e+00,-1.665688e+01,-1.288723e+01,-5.648305e+00,-1.004285e+01,5.112078e+00,2.405621e+00,-3.796391e+00,-1.249952e-02,1.903898e-02,1.762677e+02,7.343661e-01,1.022642e-04,-3.790670e-01,-9.044015e-01,3.443172e+00,-1.365771e+00,-3.692430e+00,9.314622e-01,2.318834e+00,-2.474367e+00,-1.627411e+00,-1.247382e-03,-8.588902e-01,-2.186259e-01,-1.692354e-03,3.071262e+01,2.577959e-02
2.039876e-03,-2.747231e+00,2.969376e+00,-8.422273e-01,-7.426959e+00,-1.896253e+01,-1.114978e+01,-2.176580e+00,-1.463681e+01,3.318757e+00,3.584048e+00,-4.912342e+00,-1.415828e+00,2.085222e-02,1.787919e+02,7.399279e-01,-1.233621e-05,-7.807500e-01,-4.489290e-01,3.684274e+00,-1.014806e+00,-1.634403e+00,2.862337e+00,1.753711e+00,-2.750839e+00,-9.155505e-01,1.129101e+00,-1.140382e+00,-7.679184e-01,3.022067e-04,1.226973e+00,8.841812e-04
1.999618e-03,-3.819585e+00,3.061238e+00,3.259179e+00,-9.076283e+00,-1.932923e+01,-6.744919e+00,-1.068821e+00,-1.811366e+01,4.206342e+00,5.954624e+00,-7.233389e+00,-2.716112e+00,2.145663e-02,1.803577e+02,7.305067e-01,-1.118593e-04,-3.784558e-01,1.675140e-01,2.630869e+00,3.308034e-02,3.702492e-01,3.866708e+00,5.364919e-01,-1.134359e+00,-1.096584e-01,8.853836e-01,-1.408423e+00,-7.112333e-01,1.118163e-03,-2.897630e+01,-1.863048e-02
1.833989e-03,-3.987132e+00,3.074840e+00,6.134975e+00,-8.712937e+00,-1.839530e+01,-1.442711e+00,-2.608215e+00,-1.793874e+01,3.765901e+00,6.288266e+00,-8.712673e+00,-3.264760e+00,2.236325e-02,1.207709e+02,7.051403e-01,-1.842213e-04,1.866162e-01,7.502634e-01,1.015782e+00,1.104218e+00,2.164193e+00,3.177267e+00,-5.009350e-01,1.415130e+00,3.160523e-01,8.251216e-01,-5.309730e-01,1.398735e-01,6.044122e-04,-4.775446e+01,-2.599067e-02
1.552954e-03,-2.984377e+00,4.150737e+00,4.829632e+00,-5.232337e+00,-1.508925e+01,1.592776e+00,-2.750029e+00,-1.406368e+01,4.340214e+00,5.480431e+00,-8.938340e+00,-2.644200e+00,2.387428e-02,6.039676e+01,6.586075e-01,-2.023307e-04,5.129391e-01,1.326208e+00,-7.294995e-01,1.789030e+00,3.242732e+00,1.194231e+00,-7.939121e-01,3.196039e+00,2.401546e-01,9.212206e-01,4.844031e-01,5.624923e-01,-5.741922e-04,-4.814862e+01,-2.394390e-02
1.342101e-03,-2.231754e+00,6.175943e+00,3.451457e+00,-3.827840e+00,-1.026156e+01,5.677029e-01,-3.840652e+00,-9.586150e+00,4.832082e+00,7.946753e+00,-6.714732e+00,-7.524168e-01,2.266546e-02,0,6.459242e-01,-1.574784e-04,2.978999e-01,1.525242e+00,-1.271487e+00,1.343985e+00,2.881783e+00,-1.079507e+00,-5.050523e-01,3.381665e+00,8.265977e-02,1.463774e+00,1.213678e+00,2.601081e-01,-1.994561e-03,-3.019384e+01,-8.978939e-03
1.233908e-03,-2.132578e+00,8.141728e+00,9.534405e-01,-2.573683e+00,-7.182442e+00,-1.778974e+00,-4.422163e+00,-6.309762e+00,4.874024e+00,9.731483e+00,-5.810345e+00,-1.159822e+00,1.843457e-02,0,6.403952e-01,-8.906011e-05,-2.576909e-02,1.038042e+00,-1.014194e+00,6.000806e-01,1.097912e+00,-1.715080e+00,-9.559874e-02,2.672862e+00,-9.440418e-02,1.068895e+00,1.169613e+00,-6.336974e-01,-2.206105e-03,-7.792419e-01,5.984413e-03
1.206120e-03,-2.923532e+00,8.705554e+00,1.715639e+00,-3.322339e+00,-7.939791e+00,-5.154374e+00,-4.297410e+00,-4.907374e+00,3.912294e+00,1.148161e+01,-4.208280e+00,-2.706408e+00,1.511031e-02,0,6.693518e-01,-3.351973e-05,-8.911562e-03,3.356621e-01,-7.130009e-01,1.731497e-01,-6.572515e-01,-1.233226e+00,-1.342917e-01,2.005633e+00,5.503198e-01,-1.378888e-01,7.580607e-01,-1.275786e+00,-7.252945e-04,2.820378e+01,1.369212e-02
1.175644e-03,-2.767333e+00,8.076144e+00,6.265720e-01,-2.484685e+00,-1.076057e+01,-4.121583e+00,-2.999643e+00,-3.038763e+00,4.328087e+00,9.057476e+00,-4.343503e+00,-4.835691e+00,1.662134e-02,5.650055e+01,6.768158e-01,-1.411932e-06,3.214210e-01,-1.384342e-01,-6.726094e-01,-9.274201e-02,-1.200759e+00,-2.182700e-01,-8.182907e-01,1.681246e+00,1.083967e+00,-9.723560e-01,1.700671e-01,-7.307868e-01,1.269266e-03,4.493439e+01,1.553659e-02
1.203634e-03,-1.958934e+00,7.887045e+00,4.988663e-02,-3.006591e+00,-1.175875e+01,-4.427124e+00,-5.223370e+00,-1.193486e+00,7.856650e+00,7.594313e+00,-3.657849e+00,-5.293411e+00,1.994560e-02,1.127686e+02,6.961744e-01,1.864205e-06,6.246923e-01,-1.282358e-01,-8.996838e-01,-2.828806e-02,-6.316274e-01,3.858323e-01,-1.442129e+00,9.618095e-01,9.569670e-01,-1.293278e+00,-1.808753e-01,2.123602e-01,3.354487e-03,3.353613e+01,8.612627e-03
1.228091e-03,-1.007772e+00,7.858812e+00,-1.576731e+00,-3.195267e+00,-1.127676e+01,-3.233948e+00,-8.050636e+00,2.395257e-01,8.321681e+00,6.813353e+00,-5.235225e+00,-3.520255e+00,2.236325e-02,1.682877e+02,7.046669e-01,-1.647000e-05,4.186760e-01,7.617994e-02,-5.728429e-01,-8.149163e-02,-5.559387e-02,2.346155e-01,-9.322376e-01,-1.849491e-01,-2.939607e-01,-9.337336e-01,-2.775054e-01,1.087636e+00,5.862798e-03,-2.944573e-01,-5.612493e-04
1.189217e-03,-6.798511e-01,8.173041e+00,-1.681129e+00,-3.108488e+00,-1.083983e+01,-3.669029e+00,-8.982556e+00,-1.737470e+00,6.700333e+00,6.137281e+00,-4.666796e+00,-2.302325e+00,2.901179e-02,1.117871e+02,6.984894e-01,-4.346007e-05,-4.576126e-02,1.459237e-01,7.418966e-02,-1.144772e-01,-1.812135e-01,2.327280e-02,4.287255e-01,-1.207485e+00,-1.640740e+00,-8.790796e-01,-1.270981e-02,1.409024e+00,8.552433e-03,-3.383059e+01,-1.103253e-02
1.100502e-03,-1.313495e+00,8.314046e+00,-1.372135e+00,-2.841194e+00,-1.149800e+01,-3.327553e+00,-5.781238e+00,-3.691516e+00,3.436442e+00,5.117324e+00,-5.226556e+00,-8.930536e-01,4.140224e-02,5.551902e+01,6.728521e-01,-5.821866e-05,-4.955167e-01,3.742349e-01,1.028213e+00,5.792987e-02,-3.164614e-01,-2.727420e-01,1.400967e+00,-1.599697e+00,-1.850504e+00,-7.368236e-01,4.494012e-01,1.167694e+00,8.159566e-03,-4.483624e+01,-5.934443e-02
1.050128e-03,-2.034879e+00,8.389047e+00,3.185368e-01,-3.756013e+00,-1.255420e+01,-4.263958e+00,-4.214442e+00,-5.265390e+00,2.095570e+00,4.046929e+00,-3.725733e+00,4.381074e-01,5.318828e-02,0,6.569192e-01,-5.197461e-05,-6.715136e-01,4.991404e-01,1.680923e+00,8.547586e-01,3.574454e-01,6.659436e-03,1.362774e+00,-1.119051e+00,-1.514532e+00,-5.637973e-01,4.879800e-01,8.459520e-01,2.478091e-03,-2.790932e+01,-1.205182e-01
1.006542e-03,-2.807842e+00,9.621984e+00,2.564503e+00,-2.581855e+00,-1.200188e+01,-4.300194e+00,-3.429859e+00,-5.994999e+00,1.371543e+00,4.174411e+00,-3.458750e+00,9.480000e-01,5.107284e-02,0,4.287298e-01,-3.780742e-05,-5.344267e-01,5.486167e-01,1.649513e+00,1.700323e+00,1.800204e+00,5.058845e-01,7.811669e-01,-5.025485e-01,-1.033882e+00,-2.657337e-01,6.137429e-01,3.442314e-01,-5.409489e-03,-1.110380e+01,-1.784664e-01
9.763244e-04,-3.290246e+00,1.001477e+01,4.755166e+00,1.035635e+00,-8.800663e+00,-3.149411e+00,-3.344378e+00,-6.180983e+00,1.601195e-01,3.789751e+00,-3.110799e+00,1.006908e+00,3.656694e-02,0,2.179596e-01,-2.750301e-05,-3.640038e-01,3.703806e-01,9.218540e-01,2.238929e+00,2.788735e+00,1.258953e+00,6.740734e-01,5.278624e-01,-7.252573e-01,1.965177e-02,1.488431e-01,-4.150855e-01,-9.731038e-03,0,-1.742568e-01
9.483672e-04,-3.357945e+00,1.024427e+01,4.657114e+00,3.264596e+00,-4.373747e+00,-1.355403e+00,-2.310436e+00,-5.746462e+00,-7.652405e-01,3.917245e+00,-2.465308e+00,5.437033e-01,2.266546e-02,0,0,-1.440625e-05,-1.395618e-01,4.418058e-02,1.781118e-02,1.420784e+00,2.073579e+00,8.388939e-01,3.306955e-01,1.256941e+00,-2.168899e-01,2.438355e-01,-1.305289e-01,-9.924231e-01,-6.195226e-03,0,-1.075419e-01
9.417008e-04,-3.579847e+00,9.929809e+00,3.881501e+00,4.515405e+00,-2.424591e+00,5.584137e-01,-1.403786e+00,-2.750347e+00,-4.623248e-01,4.273771e+00,-3.478238e+00,-1.435172e+00,1.873678e-02,0,0,-6.919715e-06,-2.193123e-01,-2.010717e-01,-5.055279e-01,3.106337e-01,6.845176e-01,3.474182e-01,1.198565e-01,1.830330e+00,5.684634e-01,4.853752e-01,-2.563611e-01,-1.142423e+00,8.159569e-04,0,-4.359191e-02
9.518227e-04,-3.360850e+00,9.885369e+00,3.090391e+00,2.782183e+00,-4.822022e+00,-1.959637e+00,-2.746677e+00,-1.425614e+00,5.983159e-01,5.151578e+00,-3.927675e+00,-2.793076e+00,2.901179e-02,0,0,-7.895602e-06,-4.099256e-01,-4.716352e-01,-4.061623e-01,-5.121449e-01,-4.764013e-01,-4.460135e-01,-3.237079e-01,1.704870e+00,1.146298e+00,5.656158e-01,3.349720e-01,-4.769348e-01,6.406770e-03,0,0
9.399981e-04,-4.385355e+00,9.188864e+00,3.010888e+00,2.830010e+00,-5.153937e+00,-1.110203e+00,-2.526974e+00,8.102444e-01,2.320658e+00,5.599461e+00,-3.661421e+00,-3.036818e+00,3.747356e-02,0,0,8.917105e-06,-9.310748e-01,-1.151238e+00,-3.748511e-01,-1.049808e+00,-1.776492e-01,-3.476223e-01,1.955063e-01,7.736045e-01,5.262955e-01,7.780625e-01,1.054261e+00,2.899416e-01,6.044122e-03,0,3.799493e-02
9.097406e-04,-5.004819e+00,8.256562e+00,3.061609e+00,1.546569e+00,-5.391080e+00,-2.751162e+00,-3.367381e+00,9.975917e-01,3.574756e+00,6.082479e+00,-6.988573e-01,-1.040147e+00,4.533092e-02,0,0,5.166248e-05,-1.274650e+00,-1.693128e+00,-2.325867e-01,-1.022581e+00,4.757837e-01,1.335578e-01,1.468349e+00,-4.199328e-01,-8.981332e-01,1.544046e+00,1.374514e+00,4.535996e-01,2.085223e-03,0,5.699239e-02
1.007327e-03,-7.413236e+00,4.988021e+00,2.021637e+00,-1.158278e-01,-3.028308e+00,-7.839352e-01,-1.159026e-01,-9.392738e-02,6.809325e-01,7.698633e+00,1.786576e-01,-8.619277e-01,4.079783e-02,0,1.899747e-01,9.723727e-05,-1.016016e+00,-1.703229e+00,-3.157467e-01,-1.059908e+00,-7.012928e-02,-2.962926e-01,1.904359e+00,-1.942777e+00,-2.161891e+00,2.286546e+00,8.913946e-01,-1.125927e-01,-2.145664e-03,0,9.603952e-02
1.176470e-03,-8.220161e+00,3.520149e+00,2.422084e+00,-8.578011e-01,-3.505918e+00,-1.454982e+00,3.389530e+00,-3.073192e+00,-3.072487e+00,1.182222e+01,1.024856e+00,-1.612522e+00,3.777577e-02,0,1.899747e-01,1.355601e-04,-3.401616e-01,-7.900717e-01,7.063637e-02,-8.948620e-01,-1.582731e+00,-7.474874e-01,1.342479e+00,-2.902762e+00,-2.260559e+00,2.163326e+00,-4.259382e-01,-4.052529e-01,-5.137504e-03,0,9.971959e-02
1.292820e-03,-7.857763e+00,3.040927e+00,1.751917e+00,-1.267347e+00,-6.447165e+00,-3.239756e+00,3.616362e+00,-6.868250e+00,-5.165172e+00,1.416232e+01,-6.630472e-02,-3.313594e+00,3.052282e-02,0,3.852102e-01,1.382354e-04,4.894020e-01,4.591990e-01,5.944068e-01,-1.004896e+00,-3.609683e+00,-1.555565e+00,-1.136456e+00,-3.247177e+00,-8.841362e-01,5.561793e-01,-1.505048e+00,-2.634057e-01,-5.530372e-03,0,1.087081e-01
1.444795e-03,-6.483364e+00,5.279751e+00,3.549651e+00,-2.351981e+00,-1.159531e+01,-5.260688e+00,1.478882e+00,-1.012906e+01,-4.804985e+00,1.366726e+01,-2.706067e+00,-1.840579e+00,2.478090e-02,0,4.009801e-01,1.460828e-04,6.071218e-01,9.948977e-01,1.016289e+00,-1.556300e+00,-3.977914e+00,-9.953848e-01,-2.912989e+00,-2.733705e+00,2.399804e-01,-1.652254e+00,-2.226761e+00,6.548023e-03,-5.137505e-03,0,1.165028e-01
1.564342e-03,-5.834625e+00,6.404215e+00,4.429887e+00,-4.393219e+00,-1.703203e+01,-6.658908e+00,-4.842861e+00,-1.280188e+01,-2.873500e+00,9.557008e+00,-5.481121e+00,-2.064928e+00,1.964340e-02,0,6.280125e-01,1.446616e-04,4.013475e-01,1.077816e+00,1.121675e+00,-1.662329e+00,-3.110316e+00,2.471685e-02,-3.287893e+00,-1.531452e+00,9.459471e-01,-2.900006e+00,-1.697785e+00,-1.270450e-01,-3.022061e-03,0,8.135270e-02
1.771123e-03,-6.196122e+00,6.812994e+00,6.164543e+00,-7.076366e+00,-1.810306e+01,-4.722330e+00,-6.945802e+00,-1.377490e+01,-3.018421e+00,5.863609e+00,-7.401543e+00,-2.204115e+00,1.752795e-02,0,6.510876e-01,1.190949e-04,1.456835e-01,8.132674e-01,5.279001e-01,-1.238899e+00,-1.501872e+00,6.681286e-01,-2.240435e+00,-5.136849e-01,1.034891e+00,-2.764711e+00,-9.585043e-01,-6.253048e-01,-9.670595e-04,0,5.643705e-02
1.852963e-03,-5.994647e+00,7.663386e+00,6.052845e+00,-7.216801e+00,-1.874487e+01,-3.385351e+00,-8.610762e+00,-1.270259e+01,-1.328718e+00,3.564120e+00,-6.207492e+00,-3.767051e+00,1.903898e-02,0,6.669200e-01,8.189632e-05,1.898326e-01,7.745756e-01,-9.114952e-02,-4.022003e-01,-3.475546e-01,6.211170e-01,-3.659123e-01,3.259983e-02,7.851378e-01,-1.571247e+00,-5.686938e-01,-4.633343e-01,9.368394e-04,0,8.908903e-03
1.895959e-03,-5.674936e+00,8.716502e+00,5.377672e+00,-7.134688e+00,-1.824825e+01,-3.556824e+00,-7.839343e+00,-1.274713e+01,-4.029206e-01,2.840152e+00,-7.135403e+00,-4.116042e+00,2.024781e-02,0,6.637116e-01,2.510529e-05,3.607782e-01,6.383935e-01,-6.897379e-01,2.448663e-01,6.610870e-03,-9.862294e-02,6.909295e-01,2.475683e-01,8.104838e-01,-5.516073e-01,-4.951870e-01,-1.797462e-01,1.843457e-03,0,3.102011e-03
1.911406e-03,-5.146055e+00,9.325339e+00,4.367575e+00,-6.375060e+00,-1.869721e+01,-4.136076e+00,-6.225652e+00,-1.315277e+01,-2.555615e-01,3.212502e+00,-8.457660e+00,-3.425636e+00,2.296766e-02,0,6.662450e-01,-2.031649e-05,3.807078e-01,2.623476e-01,-7.104117e-01,1.810651e-01,9.222011e-02,-2.653427e-01,1.387338e+00,9.595289e-02,7.429540e-01,4.838007e-02,-6.266485e-01,1.328965e-01,1.541251e-03,0,-6.430626e-04
1.867428e-03,-4.816526e+00,9.173985e+00,3.558489e+00,-6.272906e+00,-1.809383e+01,-4.840082e+00,-4.683710e+00,-1.231197e+01,4.974192e-01,3.281382e+00,-8.752395e+00,-3.273554e+00,2.478090e-02,0,6.669351e-01,-6.215864e-05,2.459511e-01,-1.573524e-01,-6.171477e-01,4.365115e-02,4.012165e-02,-2.350235e-02,1.253019e+00,2.838701e-01,1.003017e+00,1.345258e-02,-2.880816e-01,2.089514e-01,7.555153e-04,0,-9.119511e-04
1.765646e-03,-4.520312e+00,8.746383e+00,3.410379e+00,-6.742367e+00,-1.836097e+01,-4.070436e+00,-3.251888e+00,-1.244041e+01,1.935882e+00,3.585405e+00,-8.532239e+00,-3.523813e+00,2.447869e-02,0,6.620929e-01,-7.941618e-05,8.727517e-02,-3.309888e-01,-6.195014e-01,-1.463942e-01,-1.194210e-01,2.771829e-01,4.301967e-01,1.485206e-01,1.348140e+00,-1.680947e-01,-7.249661e-02,-9.310643e-02,-2.719855e-04,0,-1.329243e-03
1.658045e-03,-4.758051e+00,8.219218e+00,2.770532e+00,-6.732779e+00,-1.821576e+01,-3.707156e+00,-3.061129e+00,-1.168396e+01,3.516443e+00,2.720963e+00,-8.538522e+00,-3.022197e+00,2.326987e-02,0,6.612279e-01,-6.266478e-05,4.754972e-02,-1.400980e-01,-6.037228e-01,-1.760590e-01,-3.494951e-01,4.070906e-01,-4.510246e-01,3.131027e-02,1.044388e+00,-7.389437e-01,-8.272438e-02,-3.083499e-01,-8.159563e-04,0,5.694926e-04
1.619016e-03,-4.738916e+00,8.147779e+00,1.664047e+00,-6.877094e+00,-1.923335e+01,-3.316625e+00,-4.885959e+00,-1.272417e+01,4.975626e+00,2.652238e+00,-8.927079e+00,-4.016847e+00,2.236325e-02,0,6.624524e-01,-2.441065e-05,1.299407e-01,1.846389e-01,-5.754925e-01,-2.795583e-01,-4.170105e-01,4.963496e-01,-1.187367e+00,4.530182e-02,5.720722e-01,-1.213445e+00,-5.167942e-02,-4.508262e-01,-8.159565e-04,0,3.410977e-03
1.627419e-03,-4.469476e+00,8.772797e+00,1.413041e+00,-7.085837e+00,-1.940512e+01,-3.181535e+00,-6.121797e+00,-1.201354e+01,4.199487e+00,5.324729e-02,-8.968596e+00,-4.568786e+00,2.175884e-02,0,6.696029e-01,6.270676e-06,2.981339e-01,4.074494e-01,-2.473342e-01,-4.645203e-01,-4.450798e-01,6.587923e-01,-1.206456e+00,2.556858e-02,7.980509e-02,-1.327837e+00,2.077949e-01,-2.523591e-01,-6.648537e-04,0,4.748464e-03
1.658906e-03,-4.014897e+00,9.392788e+00,1.211662e+00,-7.963629e+00,-1.985134e+01,-1.851498e+00,-7.658388e+00,-1.204911e+01,4.454721e+00,-1.147964e+00,-8.575599e+00,-5.004649e+00,2.115443e-02,0,6.749603e-01,1.353408e-05,3.142319e-01,2.349472e-01,-5.136360e-02,-3.037066e-01,-4.335138e-01,5.456332e-01,-7.716973e-01,1.904656e-01,8.338909e-02,-1.049793e+00,2.855376e-01,3.040870e-01,-6.044116e-05,0,4.400855e-03
1.669454e-03,-3.629392e+00,9.633961e+00,1.760053e+00,-8.512113e+00,-2.013216e+01,-1.145758e+00,-7.707195e+00,-1.189365e+01,4.175921e+00,-2.018122e+00,-7.675287e+00,-3.790091e+00,2.055001e-02,0,6.787162e-01,1.167249e-05,2.042759e-01,-1.956885e-01,1.097567e-01,-6.024537e-02,-5.059834e-01,2.798694e-01,-1.896704e-01,-1.918245e-01,-3.603106e-02,1.565352e-02,-1.324721e-01,5.946398e-01,4.533093e-04,0,2.062428e-03
1.665669e-03,-3.587799e+00,8.891932e+00,1.233723e+00,-7.682489e+00,-2.103740e+01,-1.606347e+00,-7.951746e+00,-1.183179e+01,5.404354e+00,-1.561041e+00,-8.146046e+00,-2.885760e+00,2.266546e-02,0,6.799000e-01,1.124629e-05,5.671382e-02,-5.961952e-01,5.091789e-01,1.689852e-01,-2.913624e-01,-9.929173e-02,3.476624e-01,-3.050381e-01,-7.148298e-01,8.315369e-01,-9.656096e-01,6.976904e-01,6.950740e-04,0,-5.714953e-04
1.682400e-03,-3.661645e+00,8.044782e+00,1.950794e+00,-7.527634e+00,-2.134201e+01,-1.904763e+00,-6.923470e+00,-1.308132e+01,3.544516e+00,3.380536e-01,-9.845734e+00,-2.655032e+00,2.326987e-02,0,6.774452e-01,2.858820e-05,-9.969480e-02,-7.060227e-01,8.794586e-01,3.735561e-02,-1.070625e-01,-2.941450e-01,5.542895e-01,-6.922163e-01,-1.299422e+00,1.462927e+00,-1.281205e+00,4.074717e-01,4.835295e-04,0,-2.995515e-03
1.708664e-03,-3.715201e+00,7.206401e+00,3.662186e+00,-7.610943e+00,-2.070323e+01,-1.968454e+00,-6.311939e+00,-1.298046e+01,1.196275e+00,1.831632e+00,-1.231842e+01,-2.083727e+00,2.326987e-02,0,6.727384e-01,4.642958e-05,-1.242708e-01,-5.275211e-01,1.084683e+00,-4.046737e-01,3.188437e-01,-4.581268e-01,1.779952e-01,-8.183665e-01,-1.131058e+00,1.343461e+00,-1.079393e+00,1.248674e-01,-2.417652e-04,0,-3.434282e-03
1.790898e-03,-4.064165e+00,6.946613e+00,4.943114e+00,-8.361108e+00,-2.083456e+01,-2.435429e+00,-5.755652e+00,-1.478039e+01,-2.171476e-01,3.600178e+00,-1.199512e+01,-2.153749e+00,2.266546e-02,0,6.673195e-01,4.509989e-05,-1.305275e-01,-2.977020e-01,6.840528e-01,-6.342231e-01,4.452591e-01,-8.667285e-01,-3.449600e-01,-9.575545e-01,1.840807e-01,8.921167e-01,-5.362980e-01,-1.591545e-01,-5.137503e-04,0,-2.641595e-03
1.843568e-03,-4.007893e+00,6.803411e+00,5.160976e+00,-9.289121e+00,-1.969691e+01,-3.631648e+00,-7.645679e+00,-1.507408e+01,1.629897e+00,3.525200e+00,-1.246832e+01,-2.512064e+00,2.175884e-02,0,6.677914e-01,2.705180e-05,-1.767290e-01,-4.777980e-02,2.209283e-01,-6.139336e-01,4.515015e-01,-1.065479e+00,-5.675868e-01,-8.309647e-01,1.314114e+00,7.766608e-01,-1.248346e-01,-3.866269e-01,-3.022058e-04,0,-1.691484e-03
1.840447e-03,-4.167936e+00,6.757767e+00,4.621663e+00,-9.859660e+00,-1.961887e+01,-5.406809e+00,-7.981400e+00,-1.682228e+01,4.248108e+00,3.951853e+00,-1.245228e+01,-3.236635e+00,2.145663e-02,0,6.667107e-01,-5.184824e-06,-3.529860e-01,7.986160e-02,-7.459430e-02,-1.841576e-01,3.494953e-01,-9.901909e-01,-2.440602e-01,-4.253626e-02,1.691740e+00,7.835147e-01,2.623693e-01,-1.898525e-01,3.626475e-04,0,-2.226609e-03
1.819149e-03,-4.546960e+00,7.061925e+00,4.927554e+00,-9.931334e+00,-1.905356e+01,-5.810158e+00,-8.036999e+00,-1.611434e+01,5.534218e+00,5.539099e+00,-1.271402e+01,-3.475418e+00,2.236325e-02,0,6.645854e-01,-4.092499e-05,-6.391474e-01,1.463825e-01,-3.680397e-01,4.058624e-01,2.562920e-01,-5.488753e-01,6.996472e-01,9.488769e-01,1.339081e+00,1.054230e+00,8.121502e-01,1.154547e-01,2.387428e-03,0,-6.485754e-03
1.777183e-03,-5.559561e+00,7.216664e+00,4.686854e+00,-8.960789e+00,-1.940875e+01,-6.297129e+00,-6.780293e+00,-1.447294e+01,6.289394e+00,6.510802e+00,-1.056042e+01,-2.621335e+00,2.417649e-02,0,6.577895e-01,-6.739605e-05,-7.476303e-01,1.104571e-01,-6.841766e-01,4.596964e-01,4.555977e-01,9.919114e-02,1.312346e+00,2.007683e+00,8.404434e-01,1.190516e+00,1.183604e+00,5.256933e-01,3.898458e-03,0,-1.002890e-02
1.670575e-03,-6.507818e+00,7.305875e+00,3.288182e+00,-7.709244e+00,-1.852051e+01,-5.930865e+00,-4.747996e+00,-1.150437e+01,7.304661e+00,7.516876e+00,-9.353492e+00,-2.242440e+00,3.233605e-02,0,6.398233e-01,-6.752132e-05,-5.815523e-01,2.105656e-02,-8.204432e-01,-9.847345e-02,5.278032e-01,4.796890e-01,1.459068e+00,1.764689e+00,5.926324e-01,1.235187e+00,1.181852e+00,7.224797e-01,3.656694e-03,0,-8.829540e-03
1.577754e-03,-6.925659e+00,7.188077e+00,2.020466e+00,-8.672223e+00,-1.760741e+01,-4.850500e+00,-3.064169e+00,-9.088852e+00,7.565104e+00,8.915542e+00,-8.214523e+00,-1.224658e+00,3.596253e-02,0,6.289472e-01,-2.717052e-05,-1.843047e-01,3.440881e-02,-4.384877e-01,-8.227056e-01,1.960812e-01,4.957401e-01,8.543090e-01,8.972742e-01,2.151566e-02,1.202273e+00,6.038600e-01,7.543103e-01,7.857364e-04,0,-5.845189e-04
1.581257e-03,-6.771673e+00,7.181501e+00,2.158532e+00,-1.056798e+01,-1.731522e+01,-4.135027e+00,-2.599721e+00,-9.982943e+00,7.859525e+00,1.051266e+01,-7.977711e+00,-5.613580e-01,3.475370e-02,0,6.348588e-01,3.539813e-05,2.444960e-01,1.613576e-01,1.158763e-01,-1.001045e+00,-2.184612e-01,1.924410e-02,-1.856587e-01,-5.480798e-01,-5.825988e-01,7.606457e-01,3.839603e-01,6.019681e-01,-3.082502e-03,0,9.020692e-03
1.685990e-03,-6.349157e+00,7.450895e+00,3.059240e+00,-1.164495e+01,-1.903099e+01,-4.716347e+00,-3.582886e+00,-1.074728e+01,6.119541e+00,1.102427e+01,-8.229014e+00,3.096752e-01,2.689634e-02,0,6.573491e-01,6.930656e-05,4.541566e-01,3.124686e-01,3.563218e-01,-4.939007e-01,-3.510754e-01,-5.788935e-01,-8.027061e-01,-1.515365e+00,-1.069013e+00,4.768372e-05,2.137857e-01,1.520674e-01,-4.351768e-03,0,1.141638e-02
1.793448e-03,-5.573589e+00,7.981255e+00,3.348176e+00,-1.122811e+01,-1.890103e+01,-5.901721e+00,-5.416932e+00,-1.341555e+01,5.114449e+00,1.026574e+01,-7.426445e+00,2.331734e-04,2.145663e-02,0,6.707258e-01,5.312724e-05,3.577901e-01,3.987576e-01,2.361243e-01,1.245405e-01,7.339668e-03,-6.870568e-01,-8.102142e-01,-1.618775e+00,-1.338814e+00,-8.095862e-01,3.261758e-01,-2.646066e-01,-3.022061e-03,0,4.652667e-03
1.818191e-03,-5.253918e+00,8.350544e+00,3.207253e+00,-1.081166e+01,-1.856989e+01,-6.861620e+00,-5.669094e+00,-1.494937e+01,3.592577e+00,9.039243e+00,-7.421228e+00,-7.451167e-01,2.085222e-02,0,6.680956e-01,-3.588724e-06,1.006514e-01,1.952385e-01,5.078197e-02,5.455546e-01,4.758267e-01,-3.154722e-01,-3.256518e-01,-1.169449e+00,-9.834216e-01,-1.244523e+00,-6.664548e-02,-7.518573e-01,-3.022067e-04,0,-6.000519e-03
1.780793e-03,-5.530342e+00,8.725465e+00,3.265147e+00,-1.036192e+01,-1.750907e+01,-6.497675e+00,-5.607687e+00,-1.597577e+01,2.428936e+00,7.457248e+00,-6.750725e+00,-1.356995e+00,2.266546e-02,0,6.527489e-01,-5.235786e-05,-1.860978e-01,-4.160271e-02,-8.041584e-02,1.051369e+00,2.916817e-01,1.642555e-01,-1.054652e-01,-1.379295e-01,-6.416765e-01,-1.408037e+00,-3.940806e-01,-6.429092e-01,9.972798e-04,0,-1.168488e-02
1.674374e-03,-5.867524e+00,8.054982e+00,3.354665e+00,-9.350266e+00,-1.734784e+01,-5.995731e+00,-5.115767e+00,-1.531442e+01,2.545189e+00,6.205905e+00,-8.900102e+00,-2.770997e+00,2.478090e-02,0,6.363350e-01,-6.285523e-05,-1.944757e-01,-1.511620e-01,-2.438729e-01,1.538277e+00,-9.120922e-02,4.262463e-01,-3.139888e-01,2.738070e-01,2.265515e-01,-1.240216e+00,-4.371845e-01,-2.370807e-01,3.022063e-04,0,-9.694641e-03
1.603567e-03,-6.197275e+00,7.921022e+00,2.872391e+00,-6.701962e+00,-1.805364e+01,-5.513388e+00,-6.220921e+00,-1.392268e+01,2.429760e+00,4.642221e+00,-8.657411e+00,-2.201372e+00,2.447869e-02,0,6.281817e-01,-4.494049e-05,-6.938443e-02,-2.118468e-02,-3.385994e-01,1.571974e+00,-4.845592e-01,4.572521e-01,-5.049194e-01,4.367755e-01,6.336718e-01,-9.677247e-01,-3.390997e-01,3.029522e-01,-1.299486e-03,0,-4.604042e-03
1.592528e-03,-5.892830e+00,7.996955e+00,2.184266e+00,-4.950263e+00,-1.875365e+01,-5.222533e+00,-6.932421e+00,-1.460689e+01,4.724922e+00,4.245675e+00,-8.653808e+00,-1.508331e+00,2.145663e-02,0,6.319060e-01,-2.942065e-05,4.132390e-02,3.520877e-01,3.673267e-03,9.584163e-01,-6.788031e-01,5.076357e-01,-4.624090e-02,5.466050e-01,6.464532e-01,-6.160499e-01,-3.317580e-01,3.980118e-01,-2.296766e-03,0,-2.210909e-03
1.597013e-03,-5.864611e+00,8.648555e+00,2.157350e+00,-4.702053e+00,-1.922896e+01,-4.598013e+00,-7.223958e+00,-1.414566e+01,4.507428e+00,3.598740e+00,-8.569370e+00,-4.735669e-01,1.783016e-02,0,6.319432e-01,-2.080143e-05,1.890163e-01,5.050730e-01,4.478419e-01,-1.929547e-01,-4.167393e-01,4.498349e-01,6.058005e-01,6.420202e-01,-8.267021e-03,7.248457e-02,-6.360937e-01,-9.412893e-02,-1.752796e-03,0,-1.448667e-03
1.530548e-03,-5.827236e+00,9.451654e+00,3.730551e+00,-5.558139e+00,-2.015419e+01,-3.915239e+00,-4.845453e+00,-1.246990e+01,4.738621e+00,3.647397e+00,-1.060291e+01,-1.644841e+00,1.662133e-02,0,6.233997e-01,-5.612883e-06,3.444461e-01,5.574376e-01,6.723054e-01,-8.298662e-01,-1.137993e-01,7.828040e-02,7.764018e-01,7.705566e-01,-7.246679e-01,6.193617e-01,-5.438088e-01,-1.802170e-01,-2.719857e-04,0,1.451838e-03
1.530550e-03,-5.284991e+00,9.719037e+00,4.338458e+00,-7.362797e+00,-1.943707e+01,-3.917860e+00,-4.235403e+00,-1.178107e+01,2.381576e+00,5.303783e+00,-1.086333e+01,-2.603762e+00,1.813237e-02,0,6.251915e-01,2.880299e-05,6.419421e-01,2.643878e-01,2.589343e-01,-7.104672e-01,4.298292e-01,-6.352022e-01,1.273248e-01,9.438477e-02,-8.062857e-01,1.105637e+00,-2.188484e-01,2.113123e-01,1.057722e-03,0,8.296085e-03
1.597695e-03,-4.460410e+00,1.024890e+01,4.455239e+00,-7.769222e+00,-1.921859e+01,-5.171207e+00,-4.544690e+00,-1.193640e+01,2.164509e+00,6.489962e+00,-1.022587e+01,-1.344319e+00,1.994560e-02,0,6.425410e-01,5.340020e-05,7.036699e-01,-6.486835e-02,-2.021690e-01,-1.421635e-01,9.524761e-01,-1.083580e+00,-9.549632e-01,-5.394274e-01,-5.772008e-01,6.828967e-01,4.072909e-01,9.676844e-01,1.178605e-03,0,1.301056e-02
1.707455e-03,-3.338314e+00,9.571870e+00,3.089678e+00,-7.148848e+00,-1.754762e+01,-7.146040e+00,-6.737715e+00,-1.394049e+01,1.763055e+00,7.705640e+00,-9.852132e+00,4.327335e-01,2.145663e-02,0,6.638529e-01,3.544722e-05,4.410418e-01,-3.195431e-01,-2.268594e-01,2.867559e-01,9.971887e-01,-9.349421e-01,-1.203861e+00,-8.571889e-01,-1.568922e-01,-2.408956e-01,5.789013e-01,9.157971e-01,5.137503e-04,0,1.089019e-02
1.709096e-03,-3.282225e+00,9.200896e+00,3.344096e+00,-6.375931e+00,-1.633653e+01,-7.719050e+00,-8.369113e+00,-1.408733e+01,2.161877e+00,5.860952e+00,-9.072055e+00,1.675332e+00,2.085222e-02,0,6.691217e-01,-1.933838e-05,1.106444e-01,-4.059377e-01,-2.758198e-02,1.592624e-01,8.775347e-01,-1.776959e-01,-1.015969e+00,-6.242183e-01,-6.836674e-02,-9.751040e-01,6.026562e-01,7.904513e-02,2.417646e-04,0,3.281587e-03
1.652085e-03,-3.668875e+00,8.645325e+00,3.759732e+00,-6.625662e+00,-1.589215e+01,-7.318649e+00,-8.342497e+00,-1.499155e+01,1.598431e+00,4.413810e+00,-8.545730e+00,4.653977e-01,2.024781e-02,0,6.663521e-01,-8.066994e-05,-1.095825e-01,-3.289726e-01,2.424757e-01,-1.428868e-01,3.177857e-01,7.874151e-01,-2.034068e-01,-1.268065e-01,1.544125e-02,-8.528630e-01,2.592853e-01,-8.132742e-01,5.137503e-04,0,-4.177058e-03
1.528688e-03,-3.741907e+00,8.682487e+00,3.982302e+00,-7.234502e+00,-1.565865e+01,-5.973383e+00,-8.822144e+00,-1.453196e+01,1.904987e+00,3.260357e+00,-7.865793e+00,-9.654252e-01,2.175884e-02,0,6.576993e-01,-9.786460e-05,-7.793744e-02,-3.749810e-01,3.531259e-01,-2.933626e-01,-1.039958e-01,9.541214e-01,2.216440e-01,2.140799e-01,2.510040e-02,2.523702e-01,-3.269319e-01,-1.048204e+00,9.972800e-04,0,-7.614875e-03
1.394309e-03,-3.656385e+00,8.186212e+00,3.982954e+00,-7.433996e+00,-1.629763e+01,-4.081799e+00,-7.528234e+00,-1.435220e+01,1.968706e+00,4.741623e+00,-9.158836e+00,-2.313259e+00,2.357208e-02,0,6.486788e-01,-7.452705e-05,-6.358626e-02,-5.502390e-01,5.056344e-01,-2.631430e-01,-1.055022e-01,4.552408e-01,5.264132e-01,5.222637e-01,-2.107375e-02,1.128526e+00,-8.164334e-01,-5.096464e-01,4.230888e-04,0,-7.953202e-03
1.348661e-03,-3.678157e+00,7.555548e+00,4.998115e+00,-7.438577e+00,-1.665377e+01,-4.566868e+00,-7.668025e+00,-1.333660e+01,2.102242e+00,6.958897e+00,-1.040016e+01,-2.176360e+00,2.417649e-02,0,6.398840e-01,-3.493426e-05,-9.537883e-02,-5.864177e-01,6.186861e-01,4.460616e-02,1.388463e-01,-5.846325e-01,7.365042e-01,8.029847e-01,-1.920281e-01,1.429826e+00,-7.123469e-01,-9.113880e-02,-8.461773e-04,0,-8.386296e-03
1.369463e-03,-4.018681e+00,6.457599e+00,5.779997e+00,-7.839340e+00,-1.592210e+01,-5.745702e+00,-6.287490e+00,-1.297791e+01,1.394435e+00,8.207170e+00,-1.136071e+01,-1.477367e+00,2.115443e-02,0,6.354938e-01,-3.366878e-05,-4.286439e-02,-3.324027e-01,2.843665e-01,7.208546e-01,1.115076e+00,-8.619129e-01,8.986166e-01,1.534768e+00,-6.860723e-02,9.610204e-01,3.405984e-01,3.519477e-01,-1.269266e-03,0,-4.935216e-02
1.366439e-03,-4.037653e+00,6.614704e+00,6.177210e+00,-6.808800e+00,-1.515218e+01,-8.064593e+00,-5.759995e+00,-1.120419e+01,1.231982e+00,8.676715e+00,-1.032659e+01,-1.839065e+00,1.873678e-02,0,6.223604e-01,-7.179781e-05,-2.422852e-02,3.291032e-01,-1.105437e-02,1.738710e+00,1.912856e+00,-4.204163e-01,7.733051e-01,1.899350e+00,2.120537e-01,4.909441e-01,1.390221e+00,4.213614e-01,1.329707e-03,0,-1.106045e-01
1.217076e-03,-3.690959e+00,6.994620e+00,4.815239e+00,-4.144612e+00,-1.147305e+01,-6.642500e+00,-3.989166e+00,-7.744570e+00,2.060800e+00,8.687816e+00,-7.492630e+00,-7.221677e-01,1.994560e-02,0,4.106798e-01,-1.105653e-04,-2.500355e-01,8.022217e-01,-2.637959e-01,2.226925e+00,2.247200e+00,5.723916e-01,1.878703e-01,1.969854e+00,4.926365e-01,6.390191e-01,2.175958e+00,6.380031e-01,4.895738e-03,0,-1.694079e-01
1.065866e-03,-3.963160e+00,8.932553e+00,5.425222e+00,-5.923917e-01,-9.314023e+00,-6.220551e+00,-4.950662e+00,-6.456522e+00,2.829327e+00,9.173294e+00,-5.383096e+00,-4.471528e-01,3.142944e-02,0,1.992686e-01,-1.079408e-04,-6.561857e-01,7.071402e-01,-2.929567e-01,1.753384e+00,1.688607e+00,8.700067e-01,-6.087220e-01,1.007940e+00,4.483751e-01,8.782021e-01,2.222247e+00,9.591953e-01,6.588094e-03,0,-1.655401e-01
9.669235e-04,-5.306105e+00,9.309783e+00,4.837012e+00,1.870814e-01,-7.605184e+00,-3.805765e+00,-5.752805e+00,-5.502472e+00,3.058945e+00,1.115398e+01,-2.952671e+00,1.016692e+00,3.928679e-02,0,0,-6.631396e-05,-9.427789e-01,2.929912e-01,-4.664555e-01,6.237437e-01,4.403103e-01,2.430313e-01,-1.410743e+00,-5.483451e-02,2.074670e-01,9.788253e-01,1.828445e+00,6.984848e-01,3.898459e-03,0,-1.020628e-01
9.518117e-04,-6.511009e+00,8.992824e+00,4.701540e+00,-2.077270e-01,-8.643081e+00,-5.132927e+00,-7.921785e+00,-7.285534e+00,2.974786e+00,1.183465e+01,-1.485336e+00,2.087481e+00,4.200665e-02,0,0,-3.004135e-05,-8.937994e-01,-1.925211e-01,-5.328254e-01,-3.772641e-02,-2.915920e-01,-5.911598e-01,-1.628431e+00,-4.831678e-01,1.441807e-01,6.543311e-01,1.327656e+00,3.311910e-01,1.511030e-04,0,-3.985373e-02
9.425334e-04,-7.130929e+00,8.429440e+00,2.844803e+00,-1.218225e+00,-9.606965e+00,-5.971156e+00,-9.557323e+00,-7.604237e+00,3.025406e+00,1.225127e+01,-2.992831e-01,1.502939e+00,3.414929e-02,0,0,-1.365787e-05,-5.927289e-01,-3.168344e-01,-4.037837e-01,7.043736e-02,-2.919812e-01,-9.167286e-01,-1.297289e+00,-3.548718e-01,-1.031170e-01,-4.800892e-02,6.979152e-01,-3.913810e-01,-6.044097e-05,0,0
9.278540e-04,-7.519745e+00,8.410119e+00,3.757200e+00,-7.837025e-02,-9.771092e+00,-8.093655e+00,-1.119056e+01,-7.821478e+00,3.567001e+00,1.189630e+01,-7.151122e-02,9.656789e-01,3.475370e-02,0,0,-1.431862e-05,-5.329596e-01,-4.023769e-01,-2.502325e-01,2.746972e-01,4.294406e-01,-7.274880e-02,-9.005289e-02,5.174232e-01,4.429526e-02,-6.656182e-01,9.018950e-01,-6.920614e-01,4.472650e-03,0,0
9.106130e-04,-7.765381e+00,8.016963e+00,3.290263e+00,4.745898e-01,-8.501084e+00,-6.909044e+00,-1.060486e+01,-7.008859e+00,2.247252e+00,1.088310e+01,-1.700074e-01,-3.793117e-01,4.261106e-02,0,0,5.718629e-05,-1.032544e+00,-2.954137e-01,-2.937873e-01,-4.645386e-01,1.005868e+00,7.458640e-01,6.498573e-01,8.452042e-01,2.129766e-01,-1.545242e+00,1.364240e+00,-6.637361e-01,1.353883e-02,0,0
8.961788e-04,-8.858582e+00,7.187178e+00,3.227648e+00,3.193512e-01,-7.048818e+00,-5.027727e+00,-7.848280e+00,-4.996107e+00,3.585339e+00,9.190637e+00,2.959501e+00,-4.317006e-01,6.013902e-02,0,0,2.964716e-04,-2.159005e+00,1.352984e-01,-6.069134e-01,-1.962120e+00,1.159747e+00,1.209524e+00,9.215678e-01,1.042552e+00,7.587172e-01,-2.091121e+00,2.212297e+00,-4.790942e-01,2.272590e-02,0,0
1.244302e-03,-1.162423e+01,7.563843e+00,1.640642e+00,-3.739779e+00,-5.938765e+00,-3.774799e+00,-7.979176e+00,-4.790902e+00,4.081120e+00,5.877888e+00,5.006413e+00,-1.117052e+00,8.915081e-02,0,0,5.895480e-04,-3.295402e+00,6.025456e-01,-1.265400e-01,-3.017023e+00,9.228197e-01,1.030327e+00,3.070136e-01,8.939362e-01,9.741917e-01,-2.270565e+00,2.364653e+00,-4.383779e-03,2.976730e-02,0,0
2.243367e-03,-1.638535e+01,9.313171e+00,1.547444e+00,-7.781786e+00,-5.253516e+00,-3.613155e+00,-7.895563e+00,-3.717698e+00,6.443653e+00,3.943303e+00,8.401764e+00,-1.060922e+00,1.251133e-01,0,0,7.149016e-04,-3.415052e+00,5.128172e-01,4.289197e-01,-2.890197e+00,4.710639e-01,7.887884e-01,6.237612e-02,7.613629e-01,3.725382e-01,-2.214715e+00,1.455966e+00,5.756106e-02,2.873980e-02,0,0
3.184759e-03,-2.047901e+01,9.966694e+00,3.497665e+00,-1.055996e+01,-4.784637e+00,-2.464696e+00,-9.046151e+00,-3.178383e+00,5.689053e+00,2.153943e+00,8.932128e+00,-8.661997e-02,1.589604e-01,0,0,4.397541e-04,-2.081310e+00,-3.569925e-01,7.951283e-01,-1.590437e+00,-3.426329e-01,7.490618e-01,3.915467e-01,4.974367e-01,-4.850968e-01,-1.525650e+00,5.357742e-03,8.560218e-02,1.882744e-02,0,4.255665e-02
3.500459e-03,-2.150645e+01,8.549838e+00,4.443735e+00,-1.072155e+01,-5.270563e+00,-1.738836e+00,-7.002912e+00,-1.995552e+00,4.644063e+00,-2.096693e-02,8.276473e+00,-6.591114e-01,1.689332e-01,0,0,-8.546477e-05,4.531612e-02,-1.473881e+00,-5.374743e-02,-5.392969e-01,-1.115761e+00,1.084520e+00,9.543743e-01,-1.504835e-01,-1.641116e+00,-5.329855e-01,-1.189672e+00,-1.281656e-01,1.873681e-03,0,1.017189e-01
2.814527e-03,-1.947023e+01,6.160547e+00,4.168139e+00,-1.022209e+01,-7.643405e+00,-9.666498e-01,-6.467767e+00,-3.164791e+00,2.555431e+00,2.317720e-01,5.095847e+00,-8.899464e-01,1.613781e-01,0,2.127833e-01,-4.937366e-04,1.644127e+00,-2.005841e+00,-1.124187e+00,4.459811e-01,-1.048844e+00,1.371354e+00,1.346653e+00,-4.134593e-01,-1.876320e+00,5.164026e-01,-1.598186e+00,-6.565361e-02,-1.335751e-02,0,1.576301e-01
2.001159e-03,-1.666316e+01,3.846842e+00,9.434702e-01,-1.064721e+01,-9.402936e+00,1.060421e+00,-4.412883e+00,-4.476911e+00,-1.951168e-01,2.239461e+00,4.371543e+00,-1.300087e+00,1.332729e-01,0,4.022029e-01,-5.833359e-04,2.224464e+00,-1.556423e+00,-1.165886e+00,1.180818e+00,-9.000711e-02,1.390792e+00,1.370908e+00,5.330899e-02,-1.464723e+00,6.485459e-01,-1.370494e+00,1.032077e-01,-2.121487e-02,0,1.470271e-01
1.465725e-03,-1.468002e+01,2.288985e+00,-3.731351e-01,-8.367221e+00,-7.962670e+00,2.992448e+00,-3.607903e+00,-4.005000e+00,-1.272958e+00,3.605742e+00,2.893661e+00,-9.440029e-02,1.100030e-01,0,5.870489e-01,-3.823725e-04,2.262718e+00,-5.699378e-01,-3.136998e-01,1.786462e+00,9.084469e-01,6.892741e-01,1.728901e+00,1.243993e+00,-5.047026e-01,-4.932094e-02,-1.273877e+00,-7.326863e-02,-2.266546e-02,0,8.404199e-02
1.258180e-03,-1.277924e+01,2.703502e+00,8.849400e-01,-5.744890e+00,-5.560966e+00,3.235573e+00,-1.578303e+00,-1.308903e+00,-7.653562e-01,1.534778e+00,2.525098e+00,-5.408461e-01,8.854640e-02,0,5.480027e-01,-1.535113e-04,2.433939e+00,3.785450e-01,5.233270e-01,1.642314e+00,6.918630e-01,-2.325642e-01,2.258677e+00,2.103446e+00,4.834464e-01,-3.590266e-01,-1.369322e+00,-3.194339e-01,-2.058024e-02,0,3.570859e-02
1.274154e-03,-1.009860e+01,3.882528e+00,2.628905e+00,-3.740936e+00,-5.022156e+00,1.392145e+00,7.594455e-01,1.471167e+00,3.170373e-01,3.375089e-01,-3.503155e-01,-1.635910e+00,7.041403e-02,0,5.600933e-01,5.755457e-07,2.628877e+00,7.204033e-01,2.626461e-01,7.182623e-01,-5.709141e-01,-8.821682e-01,2.376537e+00,2.151364e+00,8.530248e-01,2.639182e-01,-1.049261e+00,-5.056130e-01,-1.919009e-02,0,1.690122e-02
1.329388e-03,-6.784171e+00,4.942795e+00,2.059085e+00,-4.748780e+00,-7.413878e+00,6.977517e-01,4.696831e+00,3.302239e+00,1.427117e+00,2.078444e+00,-8.530771e-01,-2.126502e+00,5.016622e-02,0,5.942237e-01,5.872790e-05,2.364234e+00,6.000244e-01,-5.973905e-01,-2.223679e-01,-1.596265e+00,-9.704401e-01,1.707809e+00,1.798598e+00,6.025399e-01,1.050297e+00,-2.896790e-01,-2.525712e-01,-1.580538e-02,0,3.417643e-02
1.432999e-03,-4.533165e+00,4.771354e+00,3.530230e-01,-5.273964e+00,-9.890784e+00,-1.494822e-01,5.137217e+00,4.446248e+00,1.895929e+00,4.653500e+00,-6.635585e-01,-1.829638e+00,3.324267e-02,0,6.484446e-01,3.654483e-05,1.628160e+00,6.854030e-01,-7.846917e-01,-4.141498e-01,-1.694790e+00,-9.341758e-01,1.725623e-01,1.497728e+00,3.407983e-01,7.836865e-01,3.640701e-01,9.325588e-03,-1.103052e-02,0,2.989676e-02
1.472397e-03,-3.740781e+00,5.259211e+00,-9.640718e-01,-6.090215e+00,-1.110798e+01,-8.458142e-01,4.771855e+00,6.196546e+00,1.457897e+00,4.628267e+00,1.233325e+00,-1.706838e+00,2.810517e-02,0,6.747093e-01,-1.869800e-05,7.620677e-01,9.985329e-01,-1.629313e-01,2.366651e-01,-8.576728e-01,-8.461723e-01,-1.339489e+00,8.525559e-01,-1.636273e-02,6.749029e-02,3.196212e-02,-1.245961e-01,-5.530372e-03,0,1.176413e-02
1.385374e-03,-3.479491e+00,7.151335e+00,2.170243e-01,-5.140968e+00,-1.164906e+01,-2.506951e+00,1.584745e+00,7.512655e+00,2.005639e+00,2.981030e+00,4.268343e-01,-1.799114e+00,2.629193e-02,0,6.693344e-01,-7.515414e-05,2.933283e-01,1.337269e+00,6.212335e-01,7.497677e-01,-1.344296e-01,-7.202069e-01,-2.079476e+00,2.633878e-01,-1.809043e-01,-3.032992e-01,-6.861738e-01,-1.819749e-01,-1.843457e-03,0,-7.392651e-03
1.259711e-03,-3.500669e+00,8.745469e+00,1.312428e+00,-3.631953e+00,-1.082311e+01,-2.354376e+00,-2.243802e-01,6.031815e+00,1.290449e+00,3.252131e+00,-1.238463e+00,-2.764744e+00,2.598972e-02,0,6.425995e-01,-8.895949e-05,1.907046e-01,1.081646e+00,8.069929e-01,9.227830e-01,4.563702e-01,-6.633440e-01,-2.021900e+00,-5.457518e-01,-2.554643e-01,-8.059714e-02,-9.592768e-01,-1.469356e-02,-8.461773e-04,0,-1.301712e-02
1.163572e-03,-3.186579e+00,9.714568e+00,2.320941e+00,-2.754257e+00,-1.070537e+01,-2.996236e+00,-2.762046e+00,5.845552e+00,1.075132e+00,3.825072e+00,-2.858534e+00,-2.210560e+00,2.508311e-02,0,6.275362e-01,-6.358699e-05,2.028495e-01,4.476692e-01,4.009108e-01,3.413770e-01,7.110311e-01,-4.126533e-01,-1.246848e+00,-6.551841e-01,-3.525443e-01,5.743196e-02,-4.980232e-01,2.140495e-01,-9.368390e-04,0,-6.789088e-03
1.138501e-03,-2.933714e+00,9.385822e+00,2.018934e+00,-2.669656e+00,-9.297969e+00,-3.917892e+00,-3.164249e+00,4.301338e+00,6.458296e-01,3.803261e+00,-1.920375e+00,-1.574583e+00,2.447869e-02,0,6.305227e-01,-3.205065e-05,1.488926e-01,8.507919e-03,1.472805e-01,-6.035895e-02,8.989292e-01,-3.271120e-01,-6.646500e-01,-2.386345e-01,3.317605e-01,-3.759126e-01,-1.923319e-01,-8.371085e-02,-2.145663e-03,0,-4.012763e-04
1.128044e-03,-2.748721e+00,9.069505e+00,1.868325e+00,-3.915232e+00,-8.856469e+00,-3.788459e+00,-3.179564e+00,5.101973e+00,5.652273e-01,2.992625e+00,-1.722325e+00,-1.323947e+00,2.236325e-02,0,6.414273e-01,2.703466e-06,2.836223e-02,-2.348686e-01,-2.907732e-02,-1.656739e-01,9.748362e-01,-3.944249e-02,-3.313501e-01,-2.071092e-01,6.301783e-01,-5.226437e-01,-2.067376e-02,-6.935671e-01,-3.445150e-03,0,-3.434741e-03
1.117222e-03,-2.975136e+00,9.110540e+00,2.275138e+00,-3.353261e+00,-7.252909e+00,-3.593824e+00,-3.338871e+00,5.210432e+00,3.204203e+00,1.788791e+00,-2.768227e+00,-3.626605e+00,1.662134e-02,0,6.336476e-01,7.651061e-05,-1.765164e-01,-4.958960e-01,-2.142006e-01,-1.538052e-01,4.616081e-01,-5.418122e-02,-6.981658e-01,-9.599276e-01,8.365501e-01,-4.231920e-01,-1.607912e-01,-7.777479e-01,-3.294046e-03,0,-1.455304e-02
1.187729e-03,-3.024057e+00,8.677866e+00,2.047452e+00,-3.240824e+00,-6.853716e+00,-3.355482e+00,-4.331485e+00,4.355460e+00,2.946837e+00,2.219088e+00,-2.537977e+00,-4.652384e+00,1.178604e-02,0,6.088001e-01,1.345293e-04,-1.853592e-01,-9.921854e-01,-4.988894e-01,-2.366721e-01,-3.102246e-01,3.108891e-01,-3.646268e-01,-2.074683e+00,5.143094e-01,4.423448e-01,-2.901018e-02,-3.270231e-01,-2.719854e-04,0,-1.978058e-02
1.491211e-03,-3.678628e+00,7.102162e+00,8.583677e-01,-3.775885e+00,-7.991305e+00,-4.405286e+00,-6.079117e+00,-1.250429e-01,3.637775e+00,2.074069e+00,-2.316506e+00,-3.799103e+00,1.329707e-02,0,5.740711e-01,1.472928e-04,-1.770594e-02,-1.080634e+00,-5.399830e-01,-9.721022e-01,-1.175005e+00,7.457305e-01,7.079672e-01,-2.176081e+00,-1.420848e-01,1.137194e+00,-9.062994e-02,2.784517e-01,3.566032e-03,0,-9.398741e-03
1.613695e-03,-3.323771e+00,5.112767e+00,8.226317e-02,-4.887280e+00,-1.003839e+01,-1.828282e+00,-3.632575e+00,-2.603703e+00,2.919988e+00,5.061710e+00,-2.093237e+00,-2.872813e+00,2.266546e-02,0,5.723126e-01,6.614866e-05,3.284027e-01,-5.806817e-01,-1.795467e-01,-1.369830e+00,-1.839536e+00,1.526585e+00,2.533099e+00,-9.089996e-01,-3.783833e-01,1.056218e+00,-4.418200e-01,2.069194e-01,5.258386e-03,0,1.130764e-02
1.640702e-03,-2.913809e+00,5.489922e+00,5.578176e-01,-7.390543e+00,-1.153560e+01,-6.287708e-01,-1.484904e-01,-2.190394e+00,2.507203e+00,6.053448e+00,-3.443746e+00,-3.124132e+00,2.901179e-02,0,6.048976e-01,-3.836505e-05,5.663919e-01,2.684707e-01,9.812716e-02,-1.471478e+00,-1.585768e+00,1.533459e+00,3.280859e+00,4.557571e-01,-7.474067e-01,6.339646e-01,-4.878391e-01,-1.951356e-01,3.233605e-03,0,2.653343e-02
1.443727e-03,-1.764453e+00,6.580578e+00,1.299994e+00,-8.282646e+00,-1.427925e+01,2.389184e+00,5.368694e+00,8.431378e-01,1.620206e+00,5.510490e+00,-4.183456e+00,-3.955273e+00,3.022061e-02,0,6.499251e-01,-6.859921e-05,3.896415e-01,6.757290e-01,-1.859662e-02,-1.047618e+00,-1.253969e+00,9.203289e-01,2.567509e+00,5.182242e-01,-5.435128e-01,7.814308e-02,-2.243749e-01,-6.713610e-01,3.324268e-04,0,2.585042e-02
1.384370e-03,-1.626327e+00,7.710610e+00,7.401383e-01,-9.435594e+00,-1.379971e+01,1.153275e+00,5.824543e+00,4.303226e-01,5.506331e-01,5.019502e+00,-3.710592e+00,-4.233552e+00,2.568752e-02,0,6.679320e-01,-5.029216e-05,1.361167e-01,5.116858e-01,-4.934860e-01,-2.466344e-01,-5.937424e-01,-1.221748e-01,8.973451e-01,2.075178e-01,-1.603135e-01,3.472133e-01,3.426235e-01,-8.911552e-01,-1.450589e-03,0,1.643603e-02
1.398865e-03,-2.019304e+00,7.381068e+00,-1.018803e-01,-9.102844e+00,-1.517618e+01,1.882340e+00,6.218452e+00,-1.322940e+00,1.180709e+00,5.969398e+00,-3.081689e+00,-5.674908e+00,2.598973e-02,0,6.700475e-01,-2.355175e-06,-1.606841e-01,3.106657e-01,-5.360215e-01,1.397560e-01,-1.428928e-01,-1.234622e+00,-4.415252e-01,-2.450810e-01,1.781152e-01,3.989224e-01,3.283870e-01,-5.479889e-01,-1.450590e-03,0,7.748705e-03
1.411672e-03,-2.105800e+00,7.648106e+00,-1.208675e+00,-8.213616e+00,-1.405584e+01,-9.862229e-01,3.913356e+00,-6.976620e-02,1.925384e+00,7.560060e+00,-2.281512e+00,-6.720091e+00,2.387428e-02,0,6.770166e-01,-3.810646e-06,-1.047524e-01,3.897997e-01,-5.192115e-02,5.066243e-01,-1.358271e-02,-1.456107e+00,-9.015304e-01,1.419100e-01,3.527490e-01,6.642675e-02,-1.606926e-01,3.089633e-01,-1.178604e-03,0,3.105938e-03
1.418300e-03,-2.328138e+00,8.165158e+00,-4.057071e-01,-8.194855e+00,-1.486565e+01,-2.714177e+00,4.116662e+00,-1.322228e-01,1.823406e+00,6.234823e+00,-3.256061e+00,-5.451948e+00,2.387428e-02,0,6.841263e-01,-4.077738e-05,-5.590874e-02,7.388236e-01,7.405701e-01,6.891069e-01,6.337887e-01,-1.319483e+00,-9.107435e-01,3.241064e-01,2.641478e-01,-6.480005e-01,-2.554461e-01,1.415454e+00,-1.752796e-03,0,-9.437716e-03
1.355600e-03,-1.995673e+00,9.267563e+00,6.324459e-01,-7.356467e+00,-1.402289e+01,-3.829003e+00,2.367786e+00,5.445141e-01,1.993029e+00,5.218924e+00,-4.426868e+00,-2.800215e+00,2.085222e-02,0,6.764223e-01,-8.716378e-05,-2.552377e-01,7.106683e-01,1.095539e+00,1.307040e+00,1.326388e+00,-4.156569e-01,-7.479730e-01,4.080816e-02,1.673888e-01,-1.370771e+00,-1.164989e-01,1.629475e+00,-1.964340e-03,0,-6.252716e-02
1.223014e-03,-2.353912e+00,1.026546e+01,2.680410e+00,-6.085885e+00,-1.202371e+01,-3.293684e+00,2.437520e+00,-9.548347e-03,2.467625e+00,3.899964e+00,-3.286241e+00,-5.575759e-01,1.873678e-02,0,6.231560e-01,-1.205980e-04,-6.304652e-01,3.544536e-01,7.580914e-01,2.047892e+00,2.185346e+00,2.360471e-01,-5.906821e-01,4.958801e-01,9.998926e-02,-1.305904e+00,4.024317e-01,7.977005e-01,-2.538531e-03,0,-1.297551e-01
1.073496e-03,-3.369101e+00,1.015130e+01,2.725962e+00,-2.732903e+00,-8.844871e+00,-2.774754e+00,1.013062e+00,7.293741e-02,2.440219e+00,1.873635e+00,-2.848917e+00,-1.019904e+00,1.662134e-02,0,3.948659e-01,-1.168796e-04,-1.070199e+00,-3.320845e-01,9.488831e-02,1.937075e+00,2.350842e+00,6.496415e-01,-2.517974e-01,8.651083e-01,-1.704457e-02,-5.703392e-01,6.456199e-01,4.105282e-03,-1.390148e-03,0,-1.799872e-01
9.563618e-04,-4.793749e+00,9.495559e+00,2.337992e+00,-2.671776e-01,-6.527933e+00,-2.061066e+00,1.840613e+00,2.582966e+00,2.099758e+00,1.377948e+00,-2.032878e+00,-2.353601e+00,1.329707e-02,0,1.761289e-01,-7.925859e-05,-1.138658e+00,-8.125677e-01,-4.860910e-01,1.208109e+00,1.913314e+00,4.210370e-01,-2.633339e-01,1.257017e+00,-4.536917e-01,5.806730e-01,8.499714e-01,-2.924033e-01,1.752796e-03,0,-1.641178e-01
9.045280e-04,-6.126749e+00,7.992090e+00,1.278096e+00,-5.804468e-01,-5.016572e+00,-1.197105e+00,1.407252e+00,3.573798e+00,2.091740e+00,3.628236e+00,-1.825451e+00,-1.881676e+00,1.662134e-02,0,0,-3.587729e-05,-9.230129e-01,-8.246725e-01,-4.439437e-01,1.995790e-01,1.180238e+00,-2.511689e-01,-7.881795e-01,2.359943e-01,-8.557374e-01,1.066683e+00,1.252013e+00,3.105811e-01,7.283167e-03,0,-9.658606e-02
9.112054e-04,-6.668377e+00,7.282222e+00,9.738874e-01,-1.121569e+00,-4.371294e+00,-1.977324e+00,9.237554e-01,4.525104e+00,3.734061e-01,5.926029e+00,4.518826e-01,-1.588706e+00,2.750076e-02,0,0,1.722833e-05,-9.793448e-01,-3.204884e-01,-6.204233e-02,-4.410408e-01,5.842730e-01,-6.861561e-01,-1.903364e+00,-1.760664e+00,-1.442341e+00,3.898368e-01,1.256556e+00,3.136824e-01,1.103052e-02,0,-3.522578e-02
9.166877e-04,-7.046852e+00,7.134603e+00,1.188295e+00,-1.307812e+00,-4.022000e+00,-4.072469e+00,-2.469407e+00,2.818398e-01,-9.752923e-01,4.933009e+00,2.168769e+00,1.505547e-01,4.593533e-02,0,0,8.690964e-05,-1.476841e+00,3.462122e-01,3.458231e-01,-1.013427e+00,-1.031371e-01,-3.051098e-01,-2.358185e+00,-2.749035e+00,-1.105509e+00,-8.380216e-01,8.523400e-01,1.286585e-01,9.519493e-03,0,3.833615e-02
1.036424e-03,-9.230422e+00,8.321860e+00,2.072681e+00,-2.108699e+00,-4.103854e+00,-4.054164e+00,-5.737877e+00,-4.574373e+00,-3.578433e+00,2.674746e+00,2.252790e+00,-1.801304e+00,5.379269e-02,0,0,1.316897e-04,-2.111595e+00,5.401377e-01,5.062675e-01,-1.652470e+00,-6.713055e-01,6.355048e-01,-2.002648e+00,-2.287549e+00,-2.775044e-01,-1.792768e+00,-2.162964e-01,-1.676200e-01,3.475370e-03,0,5.750422e-02
1.276467e-03,-1.222993e+01,9.203332e+00,2.457815e+00,-5.154018e+00,-5.665978e+00,-1.684233e+00,-7.052859e+00,-5.621639e+00,-1.459887e+00,1.063769e+00,1.535795e+00,-1.132084e+00,5.107284e-02,0,1.916807e-01,1.215390e-04,-1.919841e+00,1.505151e-01,6.493463e-01,-1.945739e+00,-1.037993e+00,1.332596e+00,-8.316382e-01,-2.689591e-01,6.483947e-01,-1.724959e+00,-1.055502e+00,1.965792e-02,-2.659414e-03,0,9.162340e-02
1.389764e-03,-1.463481e+01,8.948546e+00,2.870465e+00,-7.460815e+00,-6.905832e+00,6.082018e-03,-6.797760e+00,-3.960899e+00,-7.718189e-01,-1.103194e+00,-3.131124e-01,-1.785487e+00,4.230885e-02,0,1.916807e-01,2.899548e-05,-4.417469e-01,-1.916591e-01,6.482199e-01,-1.306744e+00,-1.167277e+00,8.815735e-01,2.642112e-02,1.166730e+00,9.610975e-01,-1.206582e+00,-1.530310e+00,5.076514e-01,-4.472651e-03,0,8.354125e-02
1.347712e-03,-1.394386e+01,7.573835e+00,4.036135e+00,-8.360450e+00,-7.810978e+00,5.603885e-01,-6.097656e+00,-1.369692e+00,8.633745e-01,-1.802817e+00,-1.825791e+00,2.409354e-01,3.838018e-02,0,3.622766e-01,-5.018022e-05,1.362213e+00,-3.141090e-01,3.884038e-01,-3.655034e-01,-1.348456e+00,-2.417008e-01,5.882823e-01,1.254823e+00,4.544232e-01,2.444354e-01,-1.248841e+00,5.964984e-01,-3.596253e-03,0,8.249376e-02
1.145778e-03,-1.058219e+01,8.178313e+00,4.524621e+00,-7.039203e+00,-8.867737e+00,-7.686081e-01,-6.083373e+00,-8.666983e-01,6.542432e-02,-1.924872e+00,-3.717965e+00,5.044309e-02,3.777577e-02,0,3.324083e-01,-5.118700e-05,2.606564e+00,-5.185213e-02,-1.437459e-01,2.502179e-02,-1.798749e+00,-1.221628e+00,1.031259e+00,9.778584e-01,3.519232e-01,1.862454e+00,-7.010019e-01,5.689519e-01,-2.417649e-03,0,9.329635e-02
1.147559e-03,-7.445178e+00,8.017903e+00,3.572757e+00,-7.192341e+00,-1.142731e+01,-2.505392e+00,-4.468641e+00,-8.946244e-01,3.936074e-01,2.696785e+00,-3.005981e+00,9.324425e-01,3.535812e-02,0,5.337858e-01,4.989409e-06,2.500701e+00,8.400355e-02,-5.656940e-01,1.884635e-01,-2.188221e+00,-1.766555e+00,1.279342e+00,9.544794e-01,6.688882e-01,3.078591e+00,-1.143321e-01,-4.569520e-02,-2.236325e-03,0,7.650069e-02
1.233906e-03,-4.851332e+00,8.467252e+00,2.383425e+00,-7.919760e+00,-1.409141e+01,-4.569168e+00,-2.455972e+00,6.908586e-01,1.222680e+00,5.959274e+00,-3.228027e+00,7.135190e-01,3.173164e-02,0,5.724079e-01,4.797646e-05,1.609309e+00,7.186551e-02,-4.906368e-01,2.415441e-01,-1.440069e+00,-1.380903e+00,1.233705e+00,1.303182e+00,1.191046e+00,3.159011e+00,3.316254e-01,-3.002164e-01,-1.783016e-03,0,6.800272e-02
1.328596e-03,-4.305785e+00,7.849384e+00,2.278263e+00,-6.977854e+00,-1.614025e+01,-6.372108e+00,-1.514648e+00,2.623926e+00,3.629187e+00,9.648065e+00,-2.642421e+00,-3.190786e-01,3.022061e-02,0,6.247803e-01,2.075871e-05,4.504181e-01,2.810067e-01,-2.361841e-01,1.055564e+00,2.003460e-01,-6.741422e-01,9.590041e-01,1.170724e+00,1.050940e+00,1.990425e+00,4.874764e-01,-4.181668e-01,1.239046e-03,0,1.309830e-02
1.295142e-03,-4.105341e+00,8.621901e+00,2.718683e+00,-5.938726e+00,-1.371161e+01,-5.739768e+00,-1.391846e+00,3.889936e+00,4.402864e+00,1.039454e+01,-2.241618e+00,-8.248782e-01,3.142944e-02,0,6.269246e-01,-1.475716e-05,-7.180068e-01,4.466680e-01,-3.037768e-01,1.654550e+00,2.055691e+00,3.203658e-01,8.307432e-01,-5.788138e-02,2.381543e-01,8.085510e-01,1.226702e+00,1.391618e-01,7.373830e-03,0,-4.819090e-02
1.220734e-03,-5.566082e+00,9.345613e+00,2.224207e+00,-2.905040e+00,-1.061548e+01,-5.290804e+00,-2.056837e-01,3.359457e+00,4.058217e+00,1.043127e+01,-1.061803e+00,-3.891931e-01,4.170445e-02,0,5.720189e-01,2.096456e-05,-1.797448e+00,7.534374e-01,-8.229818e-01,1.822741e+00,3.082992e+00,5.783307e-01,5.988235e-01,-1.204334e+00,-1.353030e-01,1.730585e-02,2.077890e+00,8.020407e-01,1.674222e-02,0,-1.210027e-01
1.214051e-03,-7.811217e+00,9.952477e+00,8.915684e-01,-1.683418e+00,-6.575344e+00,-3.507991e+00,1.043262e+00,3.368616e-02,2.198937e+00,9.610424e+00,2.115175e+00,1.444385e+00,6.285887e-02,0,3.578341e-01,1.609929e-04,-2.608013e+00,8.972638e-01,-1.585577e+00,1.591072e+00,2.458070e+00,-4.107086e-01,2.181315e-01,-1.998331e+00,5.961497e-01,1.075630e-01,2.590349e+00,1.078893e+00,2.656392e-02,0,-1.671556e-01
1.473964e-03,-1.144009e+01,1.095128e+01,-9.230890e-01,8.195261e-03,-4.293420e+00,-4.596343e+00,2.619154e-01,-1.469620e+00,4.054636e+00,1.012665e+01,5.568632e+00,2.556493e+00,9.821699e-02,0,1.543123e-01,3.194317e-04,-2.686168e+00,7.636375e-01,-2.113980e+00,1.004511e+00,1.266933e+00,-1.547827e+00,-3.299823e-01,-1.847137e+00,1.203926e+00,-9.495087e-02,2.188219e+00,8.291100e-01,3.529767e-02,0,-1.501872e-01
1.973492e-03,-1.420840e+01,1.230538e+01,-3.635554e+00,5.600161e-01,-4.582289e+00,-8.140541e+00,-5.349886e-01,-3.687181e+00,7.385403e+00,1.108467e+01,7.394910e+00,3.096742e+00,1.359928e-01,0,0,4.111869e-04,-2.038343e+00,3.147117e-01,-2.185083e+00,3.136944e-01,-2.417394e-01,-2.338171e+00,-6.030495e-01,-1.077464e+00,1.137411e+00,-9.412317e-01,6.594585e-01,-1.262736e-02,4.128135e-02,0,-8.699805e-02
2.438172e-03,-1.579833e+01,1.198735e+01,-6.082132e+00,9.957991e-01,-5.277339e+00,-1.071367e+01,-1.066470e+00,-4.015794e+00,7.484615e+00,9.219398e+00,7.239422e+00,2.930179e+00,1.816259e-01,0,0,3.421840e-04,-9.974653e-01,-2.443739e-01,-1.834538e+00,-3.642155e-01,-8.841974e-01,-1.867147e+00,-1.126105e+00,-5.797822e-01,-1.891714e-01,-2.370696e+00,-1.057680e+00,-7.435396e-01,4.185555e-02,0,-3.086247e-02
2.787882e-03,-1.582381e+01,1.100800e+01,-7.454327e+00,-6.087474e-01,-7.292081e+00,-1.214019e+01,-1.307793e+00,-4.080545e+00,6.171002e+00,5.357893e+00,4.577072e+00,1.194405e+00,2.275612e-01,0,0,1.848754e-04,-2.466255e-01,-4.842440e-01,-9.797079e-01,-7.442922e-01,-5.732737e-01,-1.100930e+00,-1.739104e+00,-2.541699e-01,-9.577726e-01,-2.468870e+00,-1.922424e+00,-9.765501e-01,3.097613e-02,0,0
2.777689e-03,-1.561971e+01,1.037810e+01,-8.186395e+00,-1.228500e+00,-7.359511e+00,-1.193225e+01,-4.982208e+00,-4.171849e+00,3.715980e+00,1.136561e+00,1.689151e+00,-2.100369e-01,2.617105e-01,0,0,2.154096e-05,-1.567001e-02,-2.950533e-01,-6.596689e-02,-3.739735e-01,5.384994e-02,-3.564853e-01,-1.955112e+00,-5.154065e-01,-7.444741e-01,-7.392213e-01,-1.377522e+00,-7.442292e-01,7.645817e-03,0,0
2.728110e-03,-1.553084e+01,1.068879e+01,-7.481963e+00,-2.049295e+00,-6.407572e+00,-1.303590e+01,-7.272640e+00,-4.880003e+00,4.480858e+00,2.781734e+00,5.579261e-01,-2.159012e-01,2.508311e-01,0,0,-9.737413e-05,-1.186406e-01,-1.739144e-01,4.669748e-01,6.120513e-02,4.775643e-01,-6.986437e-02,-1.058047e+00,-8.829802e-01,-5.561935e-01,1.471223e+00,5.677215e-01,5.806815e-02,-1.858568e-02,0,0
2.575763e-03,-1.602316e+01,1.067169e+01,-6.398149e+00,-1.537944e-01,-5.450344e+00,-1.204824e+01,-7.859608e+00,-6.193098e+00,4.607317e+00,6.811371e+00,2.361386e+00,-8.581396e-02,2.082200e-01,0,0,-1.515447e-04,-2.425149e-01,-3.952127e-01,7.992275e-01,2.954055e-01,3.813943e-01,4.651656e-01,4.718875e-01,-1.085390e+00,-6.818169e-01,2.073386e+00,1.945349e+00,2.180680e-01,-3.427017e-02,0,0
2.401974e-03,-1.621529e+01,9.991639e+00,-6.013576e+00,-8.400747e-01,-5.858843e+00,-1.243152e+01,-5.159327e+00,-7.484822e+00,2.944366e+00,9.876605e+00,7.079562e+00,1.422635e+00,1.613781e-01,0,0,-2.170189e-04,3.259411e-02,-7.103044e-01,5.370177e-01,1.764354e-01,1.515994e-02,1.183403e+00,1.367742e+00,-9.516708e-01,-1.506539e+00,2.976677e-01,1.720836e+00,-7.135172e-02,-3.221517e-02,0,0
2.183034e-03,-1.649006e+01,8.750613e+00,-4.924450e+00,-3.560830e-01,-5.726903e+00,-9.908616e+00,-3.679427e+00,-8.296391e+00,1.075141e+00,7.956055e+00,8.155081e+00,6.103492e-02,1.350861e-01,0,0,-2.628522e-04,4.443814e-01,-1.041338e+00,4.160919e-01,1.773973e-01,9.969139e-03,1.864046e+00,1.503920e+00,-2.174817e-01,-1.371841e+00,-1.704115e+00,6.522741e-02,-5.470394e-01,-2.091266e-02,0,0
1.839380e-03,-1.513442e+01,8.097802e+00,-5.533723e+00,-1.065974e+00,-6.193492e+00,-8.188693e+00,-2.524021e+00,-8.586711e+00,-1.285752e+00,3.697730e+00,6.265261e+00,-6.460842e-01,1.263222e-01,0,0,-2.888178e-04,9.125457e-01,-1.059754e+00,1.910898e-01,5.000511e-01,-7.488775e-02,2.132434e+00,1.025023e+00,9.115365e-01,-3.693203e-01,-2.147217e+00,-1.897384e+00,-5.577375e-01,-1.365972e-02,0,0
1.542799e-03,-1.434169e+01,6.411916e+00,-4.557616e+00,8.461421e-01,-5.233174e+00,-4.849417e+00,-1.657663e+00,-6.729561e+00,-1.368295e-01,1.380234e+00,3.094674e+00,-1.786652e+00,1.211846e-01,0,0,-2.677550e-04,1.386681e+00,-6.952114e-01,2.656907e-01,5.774398e-01,-1.289757e-01,1.212750e+00,5.374132e-01,1.867479e+00,9.249588e-01,-8.489607e-01,-2.412990e+00,1.342380e-01,-1.755818e-02,0,2.478162e-02
1.278003e-03,-1.272675e+01,5.862216e+00,-5.241544e+00,1.059068e+00,-6.480147e+00,-4.298944e+00,-1.045091e+00,-3.710554e+00,1.703749e+00,2.428431e+00,1.228468e-01,-4.422093e-01,1.000302e-01,0,0,-1.809664e-04,1.956044e+00,-6.246610e-02,6.020383e-01,8.497646e-02,-7.219347e-01,-2.386377e-01,1.230800e-01,2.317458e+00,1.420444e+00,3.996386e-01,-2.020876e+00,1.618256e-01,-2.638259e-02,0,7.896258e-02
1.124947e-03,-1.076049e+01,6.392349e+00,-3.742086e+00,1.468595e+00,-6.228455e+00,-5.789742e+00,-1.731825e+00,-1.397076e+00,4.205185e+00,4.345901e+00,-8.386623e-01,6.302877e-01,6.044122e-02,0,1.239081e-01,-7.165871e-05,2.593853e+00,6.085259e-01,7.694275e-01,-9.984234e-01,-1.608342e+00,-1.660971e+00,-1.906648e-01,1.639202e+00,1.106345e+00,5.735375e-01,-9.514702e-01,-1.533050e-01,-2.928377e-02,0,1.429123e-01
1.143474e-03,-7.144800e+00,7.795255e+00,-2.931297e+00,-9.523182e-01,-9.305526e+00,-8.911719e+00,-1.871540e+00,3.343341e-01,3.645461e+00,4.213089e+00,-1.872453e+00,-1.045426e+00,2.478090e-02,0,3.328588e-01,1.928384e-05,2.685779e+00,6.182765e-01,6.657588e-01,-1.748423e+00,-1.945668e+00,-1.707035e+00,-2.144538e-01,4.039976e-01,5.202339e-01,3.364494e-02,-1.255129e-01,-7.083128e-01,-2.051979e-02,0,1.705155e-01
1.251770e-03,-4.163394e+00,8.488027e+00,-1.865602e+00,-3.140282e+00,-1.186219e+01,-1.084788e+01,-2.197763e+00,-5.559964e-01,4.424038e+00,3.355592e+00,-6.650271e-01,-2.251568e+00,1.239045e-02,0,5.481319e-01,5.087425e-05,2.163030e+00,3.642104e-01,2.455312e-01,-1.867925e+00,-1.598760e+00,-9.149891e-01,-3.840105e-01,-4.678924e-01,2.250344e-01,-3.835350e-01,1.454197e-01,-6.154462e-01,-6.497432e-03,0,1.364230e-01
1.311011e-03,-2.596399e+00,7.905760e+00,-2.850992e+00,-5.378610e+00,-1.339162e+01,-1.030505e+01,-1.884392e+00,-2.111106e+00,4.195492e+00,3.091810e+00,-5.915353e-01,-2.542845e+00,2.145663e-02,0,6.404654e-01,1.662010e-05,1.266108e+00,1.986295e-01,2.947100e-02,-9.566076e-01,-1.323431e-01,-7.592039e-02,-7.040701e-01,-3.281788e-01,-7.256436e-02,-2.293687e-01,7.051425e-02,-1.447904e-01,2.991840e-03,0,7.464168e-02
1.295550e-03,-2.219541e+00,8.158149e+00,-2.554582e+00,-5.657884e+00,-1.217921e+01,-9.668022e+00,-3.645452e+00,-2.513818e+00,5.055342e+00,2.988866e+00,-7.520227e-01,-1.698234e+00,2.961620e-02,0,6.522198e-01,-3.189081e-05,5.259029e-01,4.395600e-01,4.349211e-01,5.443119e-01,7.989248e-01,-1.726618e-02,-8.747659e-01,6.071694e-01,-5.687909e-01,4.815025e-02,-4.237982e-01,-1.375843e-01,4.170444e-03,0,1.928818e-02
1.204684e-03,-1.786188e+00,8.953341e+00,-2.439451e+00,-4.476555e+00,-9.808732e+00,-9.881252e+00,-4.668046e+00,-3.276490e-01,2.966988e+00,3.249609e+00,-1.476384e+00,-2.046046e+00,3.112723e-02,0,6.540233e-01,-6.527434e-05,-4.462687e-02,7.313336e-01,1.247116e+00,2.141079e+00,1.378094e+00,-3.322783e-01,-8.257993e-01,1.510539e+00,-8.369250e-01,-1.102958e-01,-4.244084e-01,-1.027345e-01,9.066183e-04,0,-4.611793e-02
1.145479e-03,-1.938985e+00,1.016204e+01,1.032331e-01,-8.697498e-01,-9.659011e+00,-1.114611e+01,-5.179765e+00,1.588122e+00,2.194336e+00,3.517444e+00,-2.341594e+00,-3.187889e+00,2.840737e-02,0,6.377939e-01,-7.412769e-05,-6.723453e-01,4.754936e-01,1.636830e+00,2.879992e+00,1.122657e+00,-9.688330e-02,-5.998719e-01,1.431705e+00,-4.907201e-01,7.352672e-02,3.322059e-01,6.280865e-01,-5.741913e-04,0,-1.141350e-01
1.059675e-03,-2.959811e+00,1.056048e+01,2.055679e+00,2.932719e+00,-7.761246e+00,-1.122740e+01,-5.246232e+00,3.390618e+00,1.441369e+00,2.276042e+00,-1.918792e+00,-2.311690e+00,2.659414e-02,0,4.170887e-01,-6.925377e-05,-1.363471e+00,-1.685289e-01,1.302124e+00,2.371195e+00,8.089238e-01,4.742947e-01,-4.984976e-01,9.290264e-01,1.523365e-01,4.731502e-02,1.459720e+00,1.792625e+00,7.252956e-04,0,-1.745828e-01
9.974162e-04,-4.994456e+00,9.732045e+00,3.382001e+00,5.037437e+00,-7.589672e+00,-9.479367e+00,-6.355718e+00,2.785576e+00,3.364550e+00,3.843283e+00,1.130210e+00,1.575021e+00,2.901179e-02,0,2.000123e-01,-6.063066e-05,-1.746257e+00,-8.749715e-01,1.678647e-02,7.982124e-01,3.882048e-01,8.671623e-01,-5.991530e-01,1.608974e-01,-7.952479e-02,8.242293e-02,1.767942e+00,1.928352e+00,3.807797e-03,0,-1.692677e-01
9.324466e-04,-7.075808e+00,8.325692e+00,2.431783e+00,4.425829e+00,-6.798782e+00,-8.343152e+00,-6.572557e+00,3.718756e+00,3.143563e+00,3.323264e+00,4.086313e+00,4.535624e+00,3.445150e-02,0,0,-4.049150e-05,-1.526279e+00,-1.073524e+00,-1.079416e+00,-6.506976e-01,-4.210833e-01,2.270271e-01,-7.840328e-01,-6.905130e-01,-7.936729e-01,-1.626382e-02,1.034692e+00,9.335440e-01,6.648534e-03,0,-1.034190e-01
9.059399e-04,-8.612273e+00,6.904575e+00,-8.863608e-04,2.374757e+00,-8.199219e+00,-8.252423e+00,-7.512368e+00,2.228540e+00,9.456150e-01,3.405947e+00,3.495564e+00,3.030215e+00,4.351768e-02,0,0,-2.034753e-05,-9.358299e-01,-1.149468e+00,-1.732626e+00,-1.620297e+00,-6.328654e-01,-2.883375e-01,-7.508188e-01,-1.677942e+00,-1.482096e+00,-2.323389e-01,-2.269602e-01,-3.423913e-01,7.917799e-03,0,-4.000245e-02
9.029554e-04,-8.782296e+00,6.606598e+00,-1.649957e+00,1.010571e+00,-9.561889e+00,-1.070573e+01,-8.588071e+00,2.165712e-01,-1.317527e+00,2.413391e+00,2.071989e+00,1.628434e+00,5.258386e-02,0,0,2.757104e-05,-3.533508e-01,-1.306700e+00,-1.804793e+00,-1.648442e+00,3.800068e-02,6.879260e-01,3.058820e-01,-3.002805e+00,-9.897278e-01,4.219600e-01,-8.938528e-01,-6.445556e-01,5.590812e-03,0,3.564839e-02
9.104242e-04,-8.820361e+00,4.844254e+00,-3.240257e+00,-1.356419e+00,-9.372446e+00,-9.739765e+00,-9.102056e+00,-3.853040e+00,-1.815385e+00,3.136525e+00,1.002571e+00,1.316659e+00,5.953460e-02,0,0,5.397759e-05,3.775225e-02,-1.451373e+00,-1.619415e+00,-1.424973e+00,1.213804e+00,2.275101e+00,2.349875e+00,-2.488907e+00,-2.377354e-02,6.643755e-01,-8.051136e-01,-1.475969e-01,-1.208827e-04,0,7.782581e-02
1.068060e-03,-8.738518e+00,2.822352e+00,-4.972499e+00,-1.950793e+00,-6.022165e+00,-4.159851e+00,-4.248303e+00,-8.254478e+00,-4.245755e-01,5.567775e+00,8.635457e-01,2.169624e+00,5.439710e-02,0,1.782420e-01,8.420237e-05,5.413616e-01,-1.144640e+00,-1.685468e+00,-1.028451e+00,1.816059e+00,3.445535e+00,3.911307e+00,-7.096809e-01,7.771845e-01,6.510172e-02,-7.051300e-01,-3.295048e-01,-6.285886e-03,0,1.328603e-01
1.093276e-03,-8.445401e+00,1.539831e+00,-6.436689e+00,-3.269427e+00,-3.900062e+00,-1.498591e-01,2.067122e+00,-5.980469e+00,3.802713e-01,5.150633e+00,7.421758e-02,2.021636e+00,4.200665e-02,0,3.000081e-01,1.165851e-04,1.250459e+00,-4.169647e-01,-1.668342e+00,-6.427977e-01,8.687372e-01,2.838081e+00,3.908626e+00,2.049631e+00,1.087898e+00,-1.260943e+00,-3.520575e-01,-9.379721e-01,-9.156844e-03,0,1.457591e-01
1.232542e-03,-6.262968e+00,2.535610e+00,-8.479083e+00,-3.175178e+00,-3.217788e+00,1.726992e+00,5.383874e+00,-2.268119e+00,1.470567e+00,1.731846e+00,-9.894843e-01,-3.715786e-01,2.991840e-02,0,5.142975e-01,1.653200e-04,1.782944e+00,-4.295024e-02,-1.843622e+00,-4.266168e-01,-3.948459e-01,1.564633e+00,2.188709e+00,3.609631e+00,1.015923e+00,-2.713163e+00,7.775211e-02,-1.714263e+00,-6.920520e-03,0,1.235801e-01
1.411109e-03,-3.805842e+00,2.902802e+00,-9.828675e+00,-3.958215e+00,-6.430949e+00,1.507221e+00,5.624985e+00,3.401934e+00,2.676533e+00,-1.250225e+00,1.687986e-01,-2.102600e+00,2.598973e-02,0,5.607676e-01,2.262605e-04,1.733773e+00,-4.484267e-01,-1.970959e+00,-2.933969e-01,-6.260597e-01,1.244015e+00,5.464209e-01,2.610982e+00,5.604788e-01,-2.697412e+00,5.524880e-01,-1.642253e+00,-2.689634e-03,0,9.057292e-02
1.735743e-03,-2.143576e+00,1.926116e+00,-1.249461e+01,-3.739483e+00,-6.730952e+00,2.834773e+00,4.916309e+00,5.102474e+00,3.506908e+00,-4.797610e+00,1.205016e+00,-4.339574e+00,2.780296e-02,0,6.657630e-01,1.936190e-04,1.099958e+00,-1.150247e+00,-1.766202e+00,-2.877089e-01,3.671174e-01,1.484456e+00,-2.916965e-01,6.393660e-01,-3.458506e-01,-1.838267e+00,5.435479e-01,-7.235133e-01,4.230885e-04,0,4.566914e-02
1.972977e-03,-1.836231e+00,-3.975551e-01,-1.428372e+01,-4.454259e+00,-5.273778e+00,5.516326e+00,5.033010e+00,3.389147e+00,2.164495e+00,-5.071698e+00,1.739408e+00,-4.205629e+00,2.961620e-02,0,6.771399e-01,1.206562e-04,4.943638e-01,-1.496402e+00,-1.512552e+00,-1.515995e-01,1.646619e+00,1.899754e+00,-5.767398e-01,-1.605572e+00,-9.956394e-01,-8.207873e-01,-3.989801e-01,2.012055e-01,1.329707e-03,0,2.746852e-02
1.919703e-03,-1.747984e+00,-1.565445e+00,-1.508257e+01,-4.365700e+00,-1.960786e+00,7.144718e+00,4.221380e+00,9.351054e-01,-2.667030e-03,-5.548754e+00,9.429507e-01,-2.937630e+00,3.022061e-02,0,6.844571e-01,4.365218e-05,1.959236e-01,-1.281077e+00,-1.124493e+00,1.294625e-01,2.118349e+00,1.348616e+00,-7.639661e-01,-1.870008e+00,-1.160783e+00,-1.721493e-01,-1.231730e+00,1.006278e+00,1.148384e-03,0,7.484215e-03
1.922410e-03,-1.531819e+00,-2.833430e+00,-1.609746e+01,-4.403104e+00,-5.829381e-01,8.851018e+00,3.088751e+00,-2.542243e+00,-5.468771e-01,-4.978590e+00,-1.695069e+00,-1.797544e+00,3.142944e-02,0,6.887631e-01,5.802462e-05,2.278424e-01,-8.738250e-01,-1.241988e+00,5.242425e-01,1.995800e+00,2.178356e-01,-6.718156e-01,-8.029049e-01,-4.033531e-01,-2.111900e-01,-1.824160e+00,1.109887e+00,1.450590e-03,0,5.768955e-03
1.979288e-03,-1.316164e+00,-3.261330e+00,-1.721021e+01,-3.117748e+00,1.515374e+00,7.910507e+00,2.068608e+00,-1.281870e+00,-9.413188e-01,-5.704910e+00,-3.236398e+00,-5.122252e-01,3.263826e-02,0,6.973724e-01,1.254856e-04,3.381355e-01,-5.366944e-01,-1.569918e+00,4.847951e-01,1.482322e+00,-8.780071e-01,-3.900913e-01,8.190292e-01,4.760118e-01,-1.076298e-01,-1.864231e+00,6.968114e-01,2.296766e-03,0,3.558850e-03
2.233308e-03,-9.129289e-01,-3.918737e+00,-1.942984e+01,-2.457023e+00,2.967140e+00,6.222610e+00,2.750318e+00,4.831104e-01,6.170548e-01,-6.049570e+00,-5.291721e+00,1.311023e-01,3.566032e-02,0,6.995270e-01,1.244967e-04,2.839310e-01,-2.100409e-01,-1.434062e+00,5.170388e-02,6.968175e-01,-1.287549e+00,2.248368e-01,1.974366e+00,1.218771e+00,2.292647e-02,-1.453887e+00,2.571877e-01,2.810517e-03,0,-3.564954e-04
2.391682e-03,-3.667516e-01,-3.706263e+00,-2.126597e+01,-2.914766e+00,3.675782e+00,4.068886e+00,2.440140e+00,3.517575e+00,1.795426e+00,-5.551413e+00,-6.579876e+00,-4.178967e-01,3.958900e-02,0,6.968694e-01,4.480262e-05,7.277460e-02,1.617484e-01,-8.285362e-01,-6.613256e-01,-5.702928e-01,-8.557844e-01,5.553709e-01,2.272258e+00,2.093647e+00,6.242487e-01,-7.385919e-01,-5.534542e-01,2.024780e-03,0,-5.467647e-03
2.338696e-03,-5.868707e-01,-3.661168e+00,-2.123989e+01,-4.246076e+00,1.820945e+00,4.334085e+00,4.027169e+00,4.929867e+00,4.178607e+00,-4.940706e+00,-7.292765e+00,-5.587698e-01,4.200665e-02,0,6.872322e-01,-8.632825e-05,-2.190781e-01,6.443404e-01,3.787914e-01,-9.826924e-01,-1.875622e+00,-4.999306e-01,7.585840e-01,2.169006e+00,2.651684e+00,8.251721e-01,2.453676e-01,-8.560732e-01,0,0,-8.732468e-03
2.150607e-03,-1.115320e+00,-2.581373e+00,-2.044787e+01,-5.529850e+00,-7.629921e-01,4.575847e+00,4.207036e+00,7.856042e+00,7.746137e+00,-3.138099e+00,-5.928835e+00,-2.934560e+00,3.958900e-02,0,6.761816e-01,-1.796985e-04,-3.589502e-01,1.243345e+00,1.539881e+00,-9.309357e-01,-2.713372e+00,-1.016509e+00,7.692646e-01,1.618273e+00,2.611655e+00,1.215948e+00,1.119807e+00,-8.326200e-01,-1.964340e-03,0,-9.305263e-03
1.922204e-03,-1.634035e+00,-1.259481e+00,-1.794493e+01,-6.062943e+00,-4.191582e+00,3.469476e+00,5.659790e+00,9.158907e+00,1.090012e+01,-3.130367e+00,-4.390403e+00,-2.890932e+00,3.566032e-02,0,6.662086e-01,-2.236356e-04,-1.553847e-01,1.730007e+00,2.326242e+00,-4.587983e-01,-2.562817e+00,-2.186939e+00,4.895387e-02,5.836301e-01,1.339039e+00,1.317303e+00,1.431639e+00,-8.791377e-02,-2.417649e-03,0,-9.688199e-03
1.701435e-03,-1.637920e+00,1.309618e+00,-1.521404e+01,-6.661011e+00,-6.884814e+00,-5.813546e-01,5.470152e+00,9.494419e+00,1.149294e+01,-3.768423e-01,-2.432024e+00,-3.414916e+00,3.294047e-02,0,6.608549e-01,-2.365856e-04,1.797929e-01,1.881395e+00,2.748003e+00,1.215525e-01,-1.275996e+00,-2.205087e+00,-5.815343e-01,-4.882635e-01,-8.602272e-01,1.081691e+00,9.838130e-01,5.989437e-01,-1.631912e-03,0,-1.321699e-02
1.445104e-03,-1.102494e+00,3.043373e+00,-1.222559e+01,-5.974487e+00,-7.932230e+00,-4.022008e+00,3.640380e+00,7.028830e+00,9.000401e+00,2.651803e-01,-1.882974e+00,-7.581607e-01,3.324267e-02,0,6.464546e-01,-2.168791e-04,4.339304e-01,1.630879e+00,2.578201e+00,8.313097e-01,4.093511e-01,-1.185611e+00,-1.347133e+00,-8.990566e-01,-2.208722e+00,6.760260e-01,2.644286e-01,7.719514e-01,-1.420368e-03,0,-1.702506e-02
1.206229e-03,-4.821260e-01,4.674173e+00,-9.567528e+00,-4.966315e+00,-5.272647e+00,-2.703844e+00,2.309070e+00,6.479764e+00,4.394861e+00,5.725817e-01,-2.263485e+00,-1.006227e+00,3.263826e-02,0,6.199737e-01,-1.689511e-04,3.793389e-01,1.050701e+00,1.964142e+00,1.248508e+00,1.707217e+00,5.531830e-01,-1.354553e+00,-3.859849e-01,-2.010966e+00,-3.327312e-01,-2.506710e-01,8.898543e-01,-2.629193e-03,0,-1.969042e-02
1.085412e-03,-4.228030e-02,5.212638e+00,-7.877184e+00,-2.753742e+00,-2.950910e+00,-1.397336e+00,5.046667e-01,6.170952e+00,3.405552e+00,-2.249481e-01,-3.152530e+00,-2.355197e-01,2.870958e-02,0,6.015239e-01,-1.016195e-04,2.826593e-02,5.752999e-01,1.130460e+00,1.285976e+00,1.887331e+00,1.231100e+00,-5.645424e-01,5.346676e-01,-1.087364e+00,-9.962769e-01,-1.718164e-01,1.006033e+00,-4.805078e-03,0,-1.772779e-02
1.036526e-03,-2.713325e-01,5.478491e+00,-7.567532e+00,-2.028842e+00,-8.393891e-01,8.722239e-01,2.652432e-01,7.993433e+00,4.235537e+00,-1.795434e+00,-3.050600e+00,7.730352e-01,2.206104e-02,0,5.848681e-01,-4.293176e-05,-3.439163e-01,4.257989e-02,2.369742e-01,8.148066e-01,1.225131e+00,9.489844e-01,2.539046e-01,9.362558e-01,-4.214868e-01,-1.099371e+00,6.393498e-01,1.554579e+00,-6.195226e-03,0,-1.725594e-02
1.021858e-03,-1.066561e+00,5.517713e+00,-7.573289e+00,-1.013343e+00,-7.122030e-01,3.454571e-01,1.839581e+00,8.945333e+00,3.643245e+00,-3.532196e+00,-2.348498e+00,3.382372e+00,1.450589e-02,0,5.753684e-01,-1.285449e-05,-8.331596e-01,-3.884757e-01,-3.335490e-01,-1.840113e-02,6.921071e-01,5.092408e-01,1.508491e+00,1.303067e-01,-5.242225e-01,4.408810e-01,1.271955e+00,1.232269e+00,-5.500151e-03,0,-2.162791e-02
1.023347e-03,-1.689567e+00,4.734535e+00,-8.534604e+00,-1.762482e+00,-2.663453e-01,1.169681e+00,2.911135e+00,9.773852e+00,2.168581e+00,-3.270650e+00,5.312484e-01,4.957722e+00,8.763977e-03,0,5.467717e-01,-1.571141e-07,-1.070594e+00,-7.342637e-01,-4.330100e-01,-6.568708e-01,5.632000e-01,2.494006e-02,2.152776e+00,-1.831882e+00,-4.317385e-01,2.884306e+00,1.409574e+00,4.893588e-01,-2.719854e-03,0,-2.407600e-02
1.027729e-03,-3.498961e+00,3.642238e+00,-9.061393e+00,-2.978928e+00,2.231035e-01,1.000139e+00,6.724175e+00,5.932276e+00,1.817917e+00,2.717065e+00,1.416320e+00,3.833480e+00,7.857359e-03,0,5.124325e-01,1.021111e-05,-1.015423e+00,-6.356374e-01,-2.290217e-01,-8.115489e-01,6.935499e-02,-6.270009e-01,1.527651e+00,-3.262264e+00,7.184871e-02,4.151103e+00,8.756377e-01,-6.834923e-01,1.813236e-03,0,-1.600162e-02
1.032805e-03,-4.408103e+00,2.744910e+00,-8.988530e+00,-4.330403e+00,1.508958e+00,6.695831e-01,8.586825e+00,3.405542e-01,2.989508e+00,9.501466e+00,2.114860e+00,2.994275e+00,1.178604e-02,0,4.959561e-01,3.087374e-05,-5.440868e-01,2.422066e-02,3.661857e-01,-6.435153e-01,-9.972577e-01,-1.726377e+00,-2.618187e-01,-3.271011e+00,2.650478e-01,3.218806e+00,2.259430e-01,-1.308907e+00,5.590813e-03,0,5.778336e-03
1.068185e-03,-4.784408e+00,3.334338e+00,-8.491435e+00,-3.787127e+00,-1.253080e+00,-2.539499e+00,6.639990e+00,-2.649336e+00,3.592025e+00,1.083726e+01,1.237884e+00,9.466336e-01,2.206104e-02,0,5.207681e-01,5.899190e-05,1.041956e-01,8.019586e-01,6.923072e-01,-8.490780e-01,-2.474775e+00,-2.411698e+00,-2.517637e+00,-1.232867e+00,-5.781634e-02,6.129960e-01,6.156837e-01,-1.290969e+00,6.557873e-03,0,2.964272e-02
1.157488e-03,-3.767278e+00,5.009588e+00,-6.988655e+00,-4.575959e+00,-4.514543e+00,-5.692384e+00,1.644134e+00,-2.290397e+00,2.606766e+00,8.763283e+00,1.750182e+00,-1.433896e-01,2.961620e-02,0,5.714956e-01,8.061875e-05,3.848659e-01,1.068072e+00,7.450325e-01,-1.381128e+00,-3.148241e+00,-1.863678e+00,-2.847156e+00,5.286461e-01,-2.847924e-01,-1.187917e+00,6.802143e-01,-1.040861e+00,4.653974e-03,0,3.951970e-02
1.260347e-03,-3.298395e+00,6.519692e+00,-6.599794e+00,-7.101540e+00,-9.139022e+00,-7.877367e+00,-2.392665e+00,1.083417e+00,1.720207e+00,6.151136e+00,4.677078e+00,-1.052534e+00,3.173164e-02,0,6.228763e-01,6.648064e-05,4.388752e-01,6.772903e-01,6.517059e-01,-1.640653e+00,-2.659490e+00,-3.587866e-01,-1.747771e+00,1.301518e+00,1.401956e-01,-1.748110e+00,3.942404e-01,-2.990689e-01,1.631913e-03,0,3.344152e-02
1.339817e-03,-3.226780e+00,6.492592e+00,-6.209188e+00,-9.578835e+00,-1.028928e+01,-5.979872e+00,-1.132627e+00,1.117408e+00,2.501455e+00,5.904943e+00,3.796334e+00,-1.210447e+00,3.022061e-02,0,6.425005e-01,2.677326e-05,3.147461e-01,2.312694e-02,4.296470e-01,-8.100592e-01,-1.723347e+00,8.811491e-01,-1.326324e-01,1.126258e+00,9.737551e-01,-1.422821e+00,-8.953706e-01,-3.269906e-01,-6.044116e-05,0,1.936574e-02
1.309423e-03,-2.860281e+00,5.979288e+00,-5.622639e+00,-9.488953e+00,-1.166316e+01,-4.189688e+00,-7.104815e-01,2.154350e+00,4.345658e+00,3.525880e+00,2.186010e+00,-1.518222e-02,2.991840e-02,0,6.524733e-01,-9.855244e-06,4.167094e-01,-3.761433e-01,2.349750e-01,1.906537e-01,-4.750695e-01,1.346774e+00,6.335365e-01,6.864206e-01,1.501080e+00,-9.519666e-01,-2.187383e+00,-4.478299e-01,-1.087942e-03,0,8.820730e-03
1.266816e-03,-2.412604e+00,5.395424e+00,-5.328997e+00,-7.432549e+00,-1.186921e+01,-3.130479e+00,1.398807e-01,2.805424e+00,6.162816e+00,2.961806e+00,-1.481137e+00,-2.297019e+00,3.022061e-02,0,6.535258e-01,-1.821686e-05,5.097342e-01,-4.258710e-01,-7.433844e-03,5.384268e-01,3.989506e-02,9.431711e-01,8.385559e-01,7.131246e-01,9.472801e-01,-2.846144e-01,-1.984008e+00,-7.245549e-01,-1.571472e-03,0,5.897313e-03
1.247572e-03,-1.621936e+00,5.187559e+00,-5.865015e+00,-7.221414e+00,-1.072440e+01,-2.568192e+00,1.387642e-01,3.671512e+00,7.394927e+00,2.862872e+00,-3.621104e+00,-2.748398e+00,2.629193e-02,0,6.614673e-01,1.189287e-06,4.040070e-01,-3.660683e-01,1.857214e-02,-1.432354e-01,-1.520180e-01,6.151446e-01,1.551383e+00,1.948547e-03,5.701742e-02,7.048590e-01,-1.138806e+00,-2.202195e-01,-2.115443e-03,0,4.641652e-03
1.279659e-03,-1.297282e+00,4.759101e+00,-6.125169e+00,-8.020470e+00,-1.055918e+01,-2.074764e+00,2.635530e+00,3.924451e+00,5.713221e+00,4.813375e+00,-3.220151e+00,-3.466614e+00,2.417649e-02,0,6.674900e-01,1.393271e-05,1.764659e-01,-2.640727e-01,2.181083e-01,-8.359030e-01,-8.618878e-01,3.175370e-01,1.942656e+00,-6.046638e-01,-6.518747e-01,1.322533e+00,1.921518e-01,6.713791e-01,-1.783017e-03,0,3.515679e-03
1.308948e-03,-1.397907e+00,4.467108e+00,-5.131692e+00,-9.911169e+00,-1.307827e+01,-1.641822e+00,5.798611e+00,1.604580e+00,4.855543e+00,6.124390e+00,-2.638513e+00,-5.314822e-01,2.236325e-02,0,6.686994e-01,1.295842e-06,-5.541948e-02,-9.669552e-02,3.695917e-01,-6.396399e-01,-1.477236e+00,-1.125911e-01,1.442809e+00,-9.918295e-01,-7.596091e-01,1.448522e+00,7.669672e-01,7.526395e-01,-6.950742e-04,0,2.355635e-04
1.305791e-03,-1.642289e+00,4.435286e+00,-4.605117e+00,-1.026719e+01,-1.500172e+01,-2.005979e+00,7.023237e+00,8.155708e-01,4.173134e+00,7.943714e+00,-1.011674e+00,-4.858053e-02,2.326987e-02,0,6.674882e-01,-3.247638e-05,-2.179362e-01,1.429312e-01,1.955102e-01,1.801709e-01,-8.541993e-01,-5.188061e-01,-3.448007e-01,-8.611531e-01,-3.156629e-01,6.098084e-01,5.417951e-01,5.488103e-01,1.178604e-03,0,-5.652350e-03
1.240985e-03,-1.726530e+00,4.865989e+00,-4.777083e+00,-9.296255e+00,-1.588932e+01,-3.165540e+00,5.158955e+00,2.668046e-01,4.366925e+00,8.540315e+00,-8.905067e-01,-6.942170e-01,2.326987e-02,0,6.626461e-01,-6.183206e-05,-3.739743e-01,3.073161e-01,1.587501e-01,1.174053e+00,2.552884e-01,-1.006427e+00,-1.858741e+00,-1.737487e-01,-4.156104e-01,-3.699521e-01,6.919094e-01,4.448956e-01,3.414929e-03,0,-1.358932e-02
1.151259e-03,-2.222651e+00,5.274317e+00,-5.324923e+00,-7.427072e+00,-1.342465e+01,-3.906936e+00,1.231354e+00,2.875723e-01,4.379216e+00,6.654455e+00,-1.385179e+00,-6.411950e-01,2.961620e-02,0,6.422549e-01,-6.829342e-05,-4.644839e-01,3.386654e-01,5.481102e-01,1.414653e+00,5.884310e-01,-9.954101e-01,-2.071263e+00,-5.124745e-02,-4.744698e-01,-7.863675e-01,5.923492e-01,8.144065e-01,4.321548e-03,0,-1.789945e-02
1.077054e-03,-2.977597e+00,5.584173e+00,-3.978039e+00,-5.460960e+00,-1.259036e+01,-5.723480e+00,-5.991543e-01,9.998352e-01,2.674450e+00,4.919259e+00,1.007786e+00,1.989303e+00,3.626473e-02,0,6.133695e-01,-4.908914e-05,-3.201353e-01,3.205605e-01,8.224327e-01,1.108127e+00,2.755662e-01,-7.480658e-01,-1.064579e+00,-2.466074e-01,-7.113735e-01,2.748895e-02,4.365777e-01,6.454479e-01,3.112723e-03,0,-1.374063e-02
1.046289e-03,-3.339175e+00,5.769521e+00,-2.264088e+00,-5.111571e+00,-1.370904e+01,-5.704060e+00,-4.540229e-01,1.928182e-01,2.647022e+00,5.822405e+00,1.000926e+00,2.681692e+00,3.838018e-02,0,6.026292e-01,-2.559169e-05,-4.156840e-02,5.291669e-01,7.977841e-01,6.155747e-01,-2.804197e-01,-3.591422e-01,-1.317016e-01,-6.109003e-01,-3.515062e-01,9.208239e-01,-5.434965e-01,-4.437537e-01,1.813240e-04,0,-2.425545e-03
1.048023e-03,-2.768945e+00,6.221189e+00,-2.195337e+00,-4.913373e+00,-1.436929e+01,-6.007308e+00,6.787476e-01,-9.188554e-01,1.676154e+00,9.093784e+00,9.932979e-02,8.715792e-01,3.445150e-02,0,6.137558e-01,-1.080044e-05,1.880529e-01,8.164975e-01,3.052297e-01,3.317987e-01,2.075272e-02,3.094144e-01,-4.143959e-02,-9.159889e-01,8.737733e-02,7.698416e-01,-1.372307e+00,-1.673614e+00,-2.145663e-03,0,5.150700e-03
1.037816e-03,-2.534820e+00,7.601643e+00,-2.227353e+00,-4.622993e+00,-1.393728e+01,-5.560733e+00,-6.610489e-02,-1.807584e+00,3.120832e+00,9.171311e+00,-3.648434e+00,-2.301101e+00,3.142944e-02,0,6.299341e-01,-1.027549e-05,1.668810e-01,9.655920e-01,1.445673e-01,5.780646e-01,6.898543e-01,3.557592e-01,-8.374459e-01,-4.947581e-01,2.607721e-01,-4.596066e-01,-9.124632e-01,-1.733035e+00,-2.840738e-03,0,-3.633185e-02
1.027289e-03,-2.439510e+00,8.750600e+00,-2.470257e+00,-4.046256e+00,-1.237247e+01,-4.248071e+00,-1.000311e+00,-2.579908e+00,2.874431e+00,7.094013e+00,-3.529069e+00,-3.887370e+00,2.901179e-02,0,6.254705e-01,-1.388406e-05,2.756488e-02,7.446024e-01,4.162600e-01,9.109832e-01,9.149497e-01,4.293619e-01,-1.447043e+00,-1.159045e-01,6.118174e-02,-1.641475e+00,9.119963e-03,-1.225105e+00,-2.931400e-03,0,-1.033503e-01
1.005279e-03,-2.669487e+00,9.332776e+00,-1.403791e+00,-2.654806e+00,-1.125818e+01,-4.804882e+00,-3.801723e+00,-1.450446e+00,3.351744e+00,4.524257e+00,-1.747191e+00,-3.604008e+00,2.689634e-02,0,4.151125e-01,-1.024125e-05,2.673120e-02,1.476893e-01,5.507792e-01,1.214190e+00,6.608585e-01,-5.032473e-02,-1.441159e+00,2.652039e-01,-2.549036e-01,-1.930563e+00,5.960639e-01,-2.358864e-01,-2.326987e-03,0,-1.264687e-01
9.948714e-04,-2.563787e+00,9.078635e+00,-5.258182e-01,-1.342550e+00,-1.113409e+01,-4.238424e+00,-4.688658e+00,-1.676947e+00,1.866607e+00,3.209937e+00,-8.056917e-01,-4.602490e+00,2.206104e-02,0,2.044149e-01,-2.974481e-06,7.566679e-02,-1.429140e-01,5.353943e-01,8.180242e-01,1.729154e-01,-3.320211e-01,-7.467724e-01,5.034134e-01,-1.283459e-01,-1.503724e+00,-2.131720e-01,1.003449e-01,-1.208825e-03,0,-6.248097e-02
1.002818e-03,-2.339026e+00,8.176072e+00,-4.456773e-01,9.610523e-02,-1.125218e+01,-5.817181e+00,-5.427724e+00,-9.330450e-01,2.350227e+00,1.460535e+00,-2.029803e+00,-3.122973e+00,2.326987e-02,0,2.081183e-01,7.927441e-06,1.632545e-01,-1.336064e-01,1.461730e-01,3.640845e-02,-2.274970e-01,-6.486896e-01,4.121220e-02,6.950590e-01,2.250784e-01,-9.050393e-01,-1.155389e+00,2.335373e-01,3.928682e-04,0,6.459709e-02
1.013647e-03,-2.226407e+00,8.614382e+00,-2.723424e-01,-1.331591e+00,-1.151089e+01,-5.402027e+00,-3.921172e+00,-3.215419e-01,2.733460e+00,1.107252e+00,-4.453623e+00,-3.626163e+00,2.478090e-02,0,4.165628e-01,1.608937e-05,1.591980e-01,2.354202e-01,-6.671909e-02,-6.031834e-01,-1.496087e-01,-1.166472e+00,1.093491e-01,1.117510e+00,7.638471e-01,-5.291736e-01,-1.389935e+00,2.285115e-01,1.087942e-03,0,1.293449e-01
1.035529e-03,-2.021904e+00,8.896871e+00,-7.996637e-01,-2.478244e+00,-1.220726e+01,-7.466528e+00,-3.979404e+00,1.347146e+00,4.043709e+00,1.050403e+00,-5.700171e+00,-2.924485e+00,2.750076e-02,0,6.320240e-01,1.583154e-05,1.532100e-01,3.941256e-01,-2.343755e-01,-7.250980e-01,2.753740e-01,-1.144310e+00,-5.070255e-01,7.995361e-01,7.666112e-01,7.028342e-02,-5.905367e-01,-7.643001e-02,2.417650e-04,0,1.106842e-01
1.058963e-03,-1.926357e+00,9.895337e+00,-6.824204e-01,-3.071292e+00,-1.140460e+01,-9.246110e+00,-4.866072e+00,2.770507e+00,4.839101e+00,7.691352e-01,-5.920181e+00,-3.559177e+00,2.538531e-02,0,6.391866e-01,9.319081e-06,1.721878e-01,1.867874e-01,-3.467254e-01,-2.859755e-01,7.100932e-01,-8.682928e-01,-1.292985e+00,2.388874e-01,4.394016e-01,4.250768e-01,5.122094e-01,2.526024e-01,-9.066146e-05,0,4.895611e-02
1.059318e-03,-1.723000e+00,9.506223e+00,-1.412516e+00,-2.659534e+00,-9.928458e+00,-9.616692e+00,-7.490402e+00,1.518611e+00,5.130462e+00,1.981011e+00,-4.249207e+00,-3.538616e+00,2.417649e-02,0,6.502275e-01,-1.564692e-06,1.887722e-01,-4.700937e-02,-5.041963e-01,-1.407745e-01,9.824885e-01,1.648682e-01,-9.466997e-01,-7.688237e-01,-5.146605e-01,1.029833e+00,1.277601e+00,7.348596e-01,1.027501e-03,0,5.369389e-03
1.048348e-03,-1.514920e+00,9.243643e+00,-1.699544e+00,-2.670823e+00,-9.099831e+00,-8.668409e+00,-8.630597e+00,7.871628e-01,4.387092e+00,2.767332e+00,-2.618057e+00,-2.056085e+00,2.598973e-02,0,6.522416e-01,-4.941178e-06,2.140135e-01,-4.387941e-02,-6.799529e-01,-2.419864e-01,6.667408e-01,1.004363e+00,3.441701e-02,-1.015432e+00,-1.444907e+00,9.496077e-01,1.828807e+00,1.604456e+00,4.140223e-03,0,9.084940e-05
1.033013e-03,-1.283762e+00,8.987671e+00,-2.812083e+00,-3.382351e+00,-8.447204e+00,-6.931037e+00,-6.830640e+00,-1.505300e+00,1.696411e+00,5.200469e+00,-9.632277e-01,-1.732588e-03,3.233605e-02,0,6.523435e-01,-4.441012e-06,1.003927e-01,3.242421e-01,-6.346399e-01,-5.209452e-01,4.283737e-01,1.371556e+00,1.466786e+00,-4.788257e-01,-1.826558e+00,2.226240e-01,1.781069e+00,2.166978e+00,6.013901e-03,0,-7.065648e-03
1.047410e-03,-1.075909e+00,9.935216e+00,-3.382401e+00,-3.919816e+00,-8.811519e+00,-5.567121e+00,-5.023868e+00,-7.946992e-01,-6.684095e-01,3.907444e+00,1.580864e+00,2.694661e+00,4.200665e-02,0,6.385828e-01,-5.999755e-06,-1.398279e-01,5.018406e-01,-4.163176e-01,-2.861632e-01,8.232355e-01,1.634794e+00,2.305477e+00,8.271691e-01,-1.004897e+00,-6.051043e-01,1.153702e+00,1.586803e+00,4.533091e-03,0,-5.224059e-02
1.037582e-03,-1.440543e+00,1.078165e+01,-3.744286e+00,-4.639763e+00,-7.930746e+00,-4.309555e+00,-1.959839e+00,-8.458662e-02,-1.474578e+00,2.524075e+00,2.556675e+00,4.920900e+00,4.623753e-02,0,6.217287e-01,-1.029826e-05,-3.767312e-01,3.004405e-01,1.758288e-01,2.700713e-01,1.204673e+00,1.310961e+00,2.053421e+00,2.289782e+00,7.100784e-01,-1.215111e+00,-1.955209e-01,5.843394e-01,-8.159559e-04,0,-7.408547e-02
1.016064e-03,-2.135669e+00,1.085586e+01,-3.315030e+00,-3.472933e+00,-5.241882e+00,-1.805182e+00,4.613891e-01,4.212652e+00,9.481027e-01,1.080007e+00,1.390499e+00,3.416615e+00,4.170444e-02,0,4.063461e-01,-1.105631e-06,-3.389692e-01,-1.298412e-01,6.812379e-01,9.025729e-01,1.558292e+00,8.004157e-01,1.278294e+00,2.613550e+00,1.860803e+00,-5.432562e-01,-1.413743e+00,-5.972226e-01,-6.920519e-03,0,-7.596713e-02
9.971941e-04,-2.637538e+00,1.002955e+01,-1.966625e+00,-2.255436e+00,-4.208658e+00,-2.257204e+00,6.938334e-01,7.439934e+00,4.438547e+00,5.386340e-01,-1.845650e+00,2.558988e+00,2.840737e-02,0,3.980345e-01,1.980714e-05,-5.456154e-02,-6.478551e-01,9.528233e-01,1.317425e+00,1.306585e+00,2.005167e-01,-2.098136e-01,1.546079e+00,1.229773e+00,-9.977520e-03,-1.476250e+00,-8.030340e-01,-1.003324e-02,0,-1.866125e-02
1.062075e-03,-2.172258e+00,9.662057e+00,-8.650425e-01,-5.991152e-01,-2.881101e+00,-2.591218e+00,4.076449e-02,8.510789e+00,5.679044e+00,2.183883e+00,-3.286688e+00,8.895041e-01,1.631913e-02,0,3.705943e-01,4.092305e-05,3.288331e-01,-8.226241e-01,8.128300e-01,1.376434e+00,9.356457e-01,1.057942e-01,-9.338691e-01,-8.069448e-01,-8.323439e-01,-1.405369e-01,-5.323491e-01,-4.062804e-01,-7.222726e-03,0,3.931301e-02
1.113612e-03,-1.695056e+00,8.139272e+00,-2.051634e-01,5.104542e-01,-2.578210e+00,-2.913954e+00,-2.798595e+00,5.496741e+00,2.308815e+00,1.922249e+00,-2.485981e+00,2.169285e+00,8.763977e-03,0,5.462983e-01,2.587836e-05,3.241834e-01,-7.247772e-01,3.077278e-01,1.261988e+00,1.069832e+00,8.756348e-01,-1.052463e+00,-2.569733e+00,-2.101254e+00,-6.285763e-01,4.756527e-01,-2.431114e-01,-5.741912e-04,0,7.331240e-03
1.162471e-03,-9.627442e-01,7.687878e+00,-1.316111e-01,2.026292e+00,-1.378878e+00,-9.478362e-01,-2.461742e+00,1.149524e+00,-2.148751e+00,-3.144846e-01,-9.510803e-01,1.580064e+00,1.541251e-02,0,5.287792e-01,-1.395806e-05,-7.996789e-02,-4.529446e-01,-1.801765e-01,9.682608e-01,1.174136e+00,1.393316e+00,-8.169077e-01,-2.876967e+00,-1.421623e+00,-6.213242e-01,5.943974e-01,-3.588785e-01,6.799638e-03,0,-5.721005e-02
1.076388e-03,-1.621378e+00,7.392756e+00,-7.947016e-01,2.741802e+00,3.893885e-01,1.299279e+00,-3.317226e+00,-1.728098e+00,-2.153824e+00,-1.355064e+00,-6.351902e-01,9.981506e-01,2.598973e-02,0,3.555982e-01,-5.635726e-05,-7.281970e-01,-2.016378e-01,-6.628259e-01,3.432499e-01,8.988897e-01,1.136980e+00,-3.662140e-01,-1.204094e+00,1.167686e+00,1.066851e+00,3.705015e-01,-4.902057e-01,1.054699e-02,0,-1.441482e-01
1.010897e-03,-2.608936e+00,7.770592e+00,-1.471156e+00,3.126515e+00,1.505780e+00,2.268747e+00,-3.784458e+00,-2.261626e+00,8.022502e-01,7.159193e-01,-1.240097e+00,-3.193212e-01,4.170444e-02,0,1.798941e-01,-7.269953e-05,-1.313940e+00,-4.999603e-01,-7.724963e-01,-3.844483e-01,5.838580e-02,2.197934e-01,-1.891474e-01,8.371297e-01,3.133833e+00,2.889597e+00,3.668188e-01,-1.054655e-01,7.978240e-03,0,-1.413157e-01
9.076126e-04,-4.512945e+00,7.089725e+00,-2.849520e+00,1.676592e+00,4.739097e-01,1.162653e+00,-3.968307e+00,1.181848e+00,6.671745e+00,6.741304e+00,-4.889657e-01,6.679492e-01,4.835298e-02,0,0,-5.444961e-05,-1.454075e+00,-7.704194e-01,-7.055438e-01,-1.012227e+00,-9.708263e-01,-9.430275e-01,1.568249e-01,2.488296e+00,3.513756e+00,2.990989e+00,5.954205e-01,6.741656e-01,1.450589e-03,0,-8.910905e-02
8.833609e-04,-6.086662e+00,5.339592e+00,-2.966683e+00,6.366552e-01,-1.129209e+00,2.194434e-01,-3.081939e+00,3.880199e+00,9.107632e+00,1.008532e+01,8.099015e-01,1.217838e+00,4.412209e-02,0,0,-1.636394e-05,-1.075787e+00,-6.170976e-01,-2.248621e-01,-6.102761e-01,-1.076116e+00,-1.310410e+00,4.852170e-01,2.486748e+00,1.849444e+00,1.042320e+00,6.432135e-01,8.044363e-01,-7.071623e-03,0,-1.147520e-02
8.679084e-04,-7.152892e+00,4.756159e+00,-3.574657e+00,-1.074404e+00,-3.147249e+00,-2.391206e+00,-2.884361e+00,7.642470e+00,1.126227e+01,8.915184e+00,1.316913e+00,3.600399e+00,3.203385e-02,0,0,5.157596e-05,-1.116006e-01,3.390578e-01,5.340599e-01,5.704172e-01,-2.943674e-01,-7.653845e-01,7.902201e-01,1.194195e+00,-4.864690e-01,-1.434775e+00,3.193767e-01,1.616052e-01,-1.003324e-02,0,5.726026e-02
9.489295e-04,-6.667900e+00,5.851887e+00,-2.232898e+00,1.450633e+00,-2.064222e+00,-2.506373e+00,-1.900346e+00,6.941803e+00,7.754210e+00,4.840581e+00,1.073031e+00,2.236635e+00,1.450589e-02,0,1.225181e-01,7.168755e-05,5.231505e-01,1.137639e+00,9.637707e-01,1.462940e+00,5.125434e-01,-5.343699e-03,8.883837e-01,-2.452933e-01,-1.873163e+00,-2.032524e+00,2.810512e-02,-8.055258e-01,-4.502870e-03,0,6.751268e-02
1.132708e-03,-4.780329e+00,8.528867e+00,-5.461138e-01,4.121689e+00,-5.304210e-01,-1.301361e+00,-6.080022e-01,5.622023e+00,4.916111e+00,2.189799e+00,9.763529e-01,9.665765e-01,1.299486e-02,0,2.250423e-01,4.787648e-05,3.585909e-01,7.523388e-01,8.406767e-01,1.599094e+00,6.115702e-01,1.009258e-01,-4.527564e-02,-1.427340e+00,-1.986781e+00,-8.537380e-01,-3.311335e-01,-1.553541e+00,7.464492e-03,0,3.075724e-02
1.109399e-03,-4.657191e+00,9.141434e+00,3.378986e-01,5.353308e+00,1.250937e-01,-3.521977e-01,2.218001e-01,3.663957e+00,2.914893e+00,3.285392e+00,1.120707e+00,-1.492880e+00,3.112723e-02,0,2.250423e-01,-3.481278e-05,-6.087862e-01,-4.591142e-01,1.634262e-01,6.530579e-01,-2.596372e-01,-6.908641e-01,-1.349831e+00,-1.545140e+00,-5.627369e-01,7.599044e-01,-6.770496e-01,-1.439669e+00,1.501964e-02,0,-3.675544e-02
1.027056e-03,-6.365292e+00,6.873080e+00,-6.566715e-01,4.969730e+00,-1.184055e+00,-2.963665e+00,-4.171813e+00,2.144692e+00,3.748017e+00,5.424089e+00,-3.625926e-01,-2.302548e+00,6.104564e-02,0,1.025241e-01,-8.314092e-05,-1.375899e+00,-1.395733e+00,-3.177257e-01,-7.791996e-04,-1.221349e+00,-1.656378e+00,-2.045730e+00,-1.132336e+00,4.541772e-01,1.227761e+00,-2.901890e-01,-7.064642e-01,9.731037e-03,0,-6.751268e-02
8.276916e-04,-8.919350e+00,4.384209e+00,-1.360488e+00,4.291902e+00,-3.035591e+00,-5.129541e+00,-6.867596e+00,9.547691e-01,5.524572e+00,7.022958e+00,-1.642744e+00,-3.327147e+00,6.557872e-02,0,0,-1.945755e-05,-1.305194e+00,-1.935052e+00,2.534260e-02,3.535780e-01,-8.080934e-01,-1.935605e+00,-4.976543e-01,-1.703425e-01,2.700224e-02,1.735405e+00,-7.994719e-02,4.021412e-02,-3.294047e-03,0,-9.102434e-03
8.578571e-04,-9.528744e+00,3.928816e+00,-1.285549e+00,4.648496e+00,-5.056823e+00,-7.194578e+00,-7.291954e+00,1.314937e+00,5.882158e+00,6.459819e+00,9.071339e-01,-1.648611e+00,4.442430e-02,0,0,6.770172e-05,-4.511929e-01,-1.968159e+00,3.233061e-01,4.753127e-01,-5.042213e-02,-1.635651e+00,2.413550e+00,1.070158e+00,-1.378202e+00,2.182026e+00,2.059635e-01,3.720177e-01,-1.223935e-02,0,7.890139e-02
1.096711e-03,-9.601436e+00,9.383060e-01,7.790504e-01,7.281815e+00,-1.978990e+00,-7.914766e+00,-7.064007e-01,3.227121e+00,1.982834e+00,1.144455e+01,8.610805e-02,-1.618778e+00,2.296766e-02,0,2.307922e-01,1.615392e-04,8.399264e-01,-1.963271e+00,-4.503641e-01,-3.130525e-01,6.610253e-01,-1.106743e+00,3.753063e+00,1.633402e+00,-2.013262e+00,2.926777e+00,-5.546352e-01,6.420135e-03,-1.066787e-02,0,1.554778e-01
1.231055e-03,-8.280213e+00,-1.244766e+00,-1.099100e-01,5.851337e+00,-1.964466e+00,-9.749306e+00,4.815341e+00,6.359306e+00,-1.372125e+00,1.412342e+01,-1.972013e-01,-1.296644e+00,2.115443e-02,0,3.816350e-01,1.508955e-04,1.895872e+00,-1.261266e+00,-2.306614e+00,-2.503408e+00,7.344152e-02,-5.832229e-02,2.734516e+00,1.251561e+00,-7.749110e-01,2.043636e+00,-1.055284e+00,-8.716756e-01,-4.019341e-03,0,1.488500e-01
1.448788e-03,-5.343983e+00,-2.845358e+00,-4.200128e+00,2.125219e+00,-1.276643e+00,-9.385890e+00,5.844072e+00,6.599592e+00,-9.145966e-01,1.782504e+01,-3.863753e+00,-3.471030e+00,2.387428e-02,0,5.865716e-01,1.157885e-04,2.439349e+00,6.432510e-03,-4.035669e+00,-4.298430e+00,-1.055022e+00,1.271619e+00,-9.171952e-02,1.874309e-01,1.218513e+00,-2.501855e-01,-6.880274e-01,-1.740396e+00,3.324265e-04,0,1.036954e-01
1.436296e-03,-2.178111e+00,-4.856803e-01,-1.032903e+01,-5.290248e+00,-5.040789e+00,-6.750628e+00,3.105390e+00,5.886508e+00,3.456318e+00,1.348775e+01,-2.394355e+00,-5.080863e+00,2.387428e-02,0,5.663602e-01,8.831422e-05,1.983196e+00,5.557185e-01,-3.944717e+00,-4.054048e+00,-1.332576e+00,2.567327e+00,-1.587796e+00,-6.819229e-01,2.360904e+00,-1.713432e+00,-4.694539e-01,-2.381878e+00,1.450589e-03,0,6.816600e-02
1.573033e-03,-4.557414e-01,5.909258e-01,-1.428973e+01,-8.639545e+00,-5.715940e+00,-3.056009e+00,-3.100225e-01,4.400675e+00,5.661176e+00,1.051146e+01,-2.255452e+00,-8.428651e+00,2.326987e-02,0,6.569064e-01,5.403852e-05,1.042575e+00,5.439934e-01,-2.389885e+00,-2.411544e+00,-1.186990e+00,2.817157e+00,-1.155359e+00,-6.304543e-01,2.237948e+00,-1.807473e+00,-5.060795e-01,-2.186426e+00,1.934119e-03,0,3.342577e-02
1.610504e-03,-8.083529e-01,-1.843153e-01,-1.478869e+01,-9.036517e+00,-6.407700e+00,-7.761089e-02,-4.658921e-02,4.049150e+00,7.144510e+00,9.213054e+00,-3.348621e+00,-1.072722e+01,2.870958e-02,0,6.872976e-01,4.706960e-05,2.472229e-01,-1.799203e-01,-7.285369e-01,-4.012702e-01,-4.679900e-01,2.313199e+00,4.227709e-01,-4.517126e-01,1.505810e+00,6.178112e-02,-1.479964e+00,-1.266714e+00,2.598973e-03,0,2.510376e-02
1.631877e-03,-8.159894e-01,-2.760736e-01,-1.391972e+01,-8.059367e+00,-6.528136e+00,1.363388e+00,1.643268e+00,4.365999e+00,8.431049e+00,1.092503e+01,-5.917017e+00,-1.157998e+01,3.112723e-02,0,6.932318e-01,6.876723e-06,2.120687e-02,-1.694886e-01,1.085195e-01,2.204902e-01,-1.831419e-01,1.585189e+00,1.589057e+00,-5.161091e-01,3.946412e-01,7.164341e-01,-1.556001e+00,1.596260e-03,2.115442e-03,0,-1.849234e-04
1.642222e-03,-7.618719e-01,-9.517819e-01,-1.415672e+01,-7.586689e+00,-6.974641e+00,2.605667e+00,4.242599e+00,3.645283e+00,9.600430e+00,1.358988e+01,-7.963394e+00,-9.838765e+00,3.294047e-02,0,6.737164e-01,-2.472615e-05,1.160149e-01,1.727803e-01,-4.534798e-02,-2.190084e-02,3.977177e-01,1.179207e+00,1.561962e+00,-8.269240e-01,-6.644458e-01,-1.244468e-01,-5.903651e-01,1.135469e+00,4.230879e-04,0,-8.602673e-03
1.591558e-03,-3.729476e-01,1.272162e-01,-1.406312e+01,-8.262009e+00,-6.348179e+00,3.528299e+00,5.490667e+00,2.022064e+00,6.406422e+00,1.190522e+01,-7.728069e+00,-8.864899e+00,3.173164e-02,0,6.627724e-01,-7.605939e-05,3.768634e-02,3.946942e-01,-2.164741e-01,-1.267559e-01,8.456995e-01,8.763634e-01,1.019426e+00,-8.156080e-01,-1.408843e+00,-1.481032e+00,8.843964e-01,1.621972e+00,-3.626473e-04,0,-1.061534e-02
1.507033e-03,-4.497994e-01,4.779415e-01,-1.494373e+01,-9.044701e+00,-4.509089e+00,4.735971e+00,5.839520e+00,1.086498e+00,4.834595e+00,8.100725e+00,-5.394920e+00,-6.407419e+00,3.052282e-02,0,6.595139e-01,-1.243408e-04,-1.573437e-01,6.530961e-01,1.977606e-01,3.721830e-01,1.019899e+00,5.506095e-01,-5.372333e-03,-7.323739e-01,-1.242433e+00,-1.878776e+00,1.744811e+00,1.573498e+00,1.208825e-03,0,-1.103032e-02
1.319174e-03,-7.835940e-01,9.825358e-01,-1.460859e+01,-7.964140e+00,-3.532414e+00,4.680054e+00,5.941938e+00,1.567351e+00,3.769754e+00,6.264446e+00,-2.779272e+00,-5.185793e+00,3.052282e-02,0,6.472563e-01,-1.463283e-04,-5.392923e-01,4.792510e-01,8.310760e-01,1.203289e+00,9.566730e-01,6.060608e-01,-6.445028e-01,-1.070766e+00,-5.617080e-01,-7.929277e-01,1.738203e+00,1.539133e+00,4.593534e-03,0,-5.326031e-02
1.156710e-03,-1.343267e+00,1.886039e+00,-1.289518e+01,-5.874708e+00,-3.283029e+00,4.782837e+00,3.990102e+00,2.107695e-01,4.706598e+00,7.016383e+00,-1.713739e+00,-3.810828e+00,3.958900e-02,0,6.263228e-01,-1.333006e-04,-9.495907e-01,2.037368e-01,1.223111e+00,1.472531e+00,6.454118e-01,1.019096e+00,-9.342500e-01,-1.845031e+00,-6.288073e-01,1.946472e-01,1.329552e+00,1.476644e+00,7.887580e-03,0,-1.146317e-01
1.035078e-03,-2.622675e+00,1.819422e+00,-1.093201e+01,-3.830558e+00,-2.177844e+00,6.535170e+00,3.192862e+00,-2.893902e+00,3.661880e+00,8.482753e+00,-8.776429e-01,-2.467529e+00,5.016622e-02,0,4.130664e-01,-9.492647e-05,-1.205824e+00,-2.410619e-01,1.012866e+00,1.325215e+00,8.323988e-01,1.322867e+00,-7.431930e-01,-1.550558e+00,-8.554600e-01,3.165341e-03,1.120617e+00,1.601242e+00,7.615595e-03,0,-1.717385e-01
9.825783e-04,-4.278212e+00,1.078182e+00,-1.066646e+01,-3.748837e+00,-1.959316e+00,8.903893e+00,2.542808e+00,-5.908029e+00,1.744495e+00,7.964808e+00,3.020233e-01,-3.833303e-01,6.013902e-02,0,2.034503e-01,-5.733212e-05,-1.219833e+00,-4.258776e-01,4.404985e-01,7.166899e-01,1.020290e+00,1.339910e+00,-1.397447e-01,4.292976e-01,-6.187812e-01,-4.650750e-01,8.565248e-01,1.091551e+00,2.810517e-03,0,-1.665712e-01
9.316076e-04,-5.345239e+00,1.811548e-01,-1.065862e+01,-2.401000e+00,-3.227699e-02,9.233863e+00,2.949620e+00,-3.126040e+00,9.735053e-01,5.806060e+00,1.815930e+00,1.106666e+00,5.832578e-02,0,0,-3.326524e-05,-8.578119e-01,-3.886002e-02,2.529814e-01,5.262362e-01,1.371131e+00,4.619220e-01,-1.532294e-01,2.591706e+00,5.293335e-01,-1.143888e+00,2.708823e-01,5.338311e-01,-4.261106e-03,0,-1.029583e-01
9.217841e-04,-6.081149e+00,5.757847e-01,-1.082939e+01,-3.006037e+00,7.456349e-01,1.013304e+01,3.412999e+00,2.473326e+00,2.956879e+00,6.029354e+00,1.222098e+00,-1.401724e-01,4.956180e-02,0,0,-1.766920e-05,-4.722950e-01,6.053343e-01,5.498610e-01,3.878668e-01,1.489560e+00,-4.961089e-01,1.226425e-01,3.594533e+00,1.122954e+00,-1.069771e+00,2.730284e-01,1.958928e-01,-1.033545e-02,0,-4.069006e-02
8.991487e-04,-6.010267e+00,1.876321e+00,-9.585644e+00,-1.570777e+00,3.325334e+00,8.230206e+00,1.991619e+00,5.873949e+00,5.702356e+00,3.731040e+00,1.673128e-02,8.004808e-02,3.414929e-02,0,0,-9.258499e-06,-1.945177e-01,7.945468e-01,6.608003e-01,8.049731e-02,9.546732e-01,-1.383815e+00,2.489198e-01,2.705833e+00,6.890667e-01,-7.195871e-01,5.223109e-01,3.086489e-01,-1.196736e-02,0,0
9.104617e-04,-6.307173e+00,3.257271e+00,-8.453644e+00,-2.224614e+00,3.809677e+00,6.925176e+00,3.635021e+00,7.564642e+00,4.994838e+00,3.653465e+00,2.566765e+00,1.109443e+00,2.055001e-02,0,0,-6.068055e-06,-8.833027e-02,5.483694e-01,7.291741e-01,-1.877989e-01,4.501716e-02,-1.805128e+00,6.671612e-01,1.518865e+00,-5.560461e-01,-6.059491e-01,9.380001e-01,3.832928e-01,-8.522213e-03,0,0
8.909763e-04,-6.204815e+00,2.813146e+00,-8.542490e+00,-2.389225e+00,3.209068e+00,3.918721e+00,4.083209e+00,7.857470e+00,3.399859e+00,3.396069e+00,3.755151e+00,2.025103e+00,1.299486e-02,0,0,-2.870231e-06,-1.744769e-01,8.902778e-02,2.358471e-01,-5.810233e-01,-9.197053e-01,-1.210186e+00,9.466904e-01,6.751922e-01,-1.079358e+00,-2.151121e-01,5.172274e-01,-2.555081e-01,-7.857367e-04,0,0
8.955300e-04,-6.425526e+00,2.849219e+00,-7.705095e+00,-3.535807e+00,1.028854e+00,3.263144e+00,5.703011e+00,9.075889e+00,1.327897e+00,3.167094e+00,4.042889e+00,8.037640e-01,1.752795e-02,0,0,-4.134263e-06,-3.183998e-01,-8.283167e-02,-1.615788e-01,-3.253269e-01,-1.502983e+00,-3.412364e-01,5.592026e-01,2.361832e-01,-5.675397e-02,-9.349167e-02,-6.108872e-01,-7.733085e-01,6.044122e-03,0,0
8.922634e-04,-6.823475e+00,2.525486e+00,-8.780683e+00,-3.820297e+00,1.172193e-01,4.010291e+00,5.691076e+00,8.494287e+00,2.139035e+00,2.898665e+00,1.864806e+00,-1.044653e+00,3.173164e-02,0,0,-1.472654e-08,-4.285931e-01,8.423392e-02,-4.134471e-01,-2.110937e-01,-1.418180e+00,3.645110e-01,3.669012e-01,-2.359005e-01,7.465632e-01,3.294516e-01,-1.054119e+00,-1.075196e+00,7.222726e-03,0,0
8.891469e-04,-7.589842e+00,2.986943e+00,-9.142442e+00,-3.135713e+00,-2.159316e+00,5.173210e+00,5.627100e+00,8.427150e+00,5.341480e+00,3.434709e+00,4.575016e-01,-1.222221e+00,4.140224e-02,0,0,-1.311413e-06,-4.435871e-01,-1.658075e-02,-3.939091e-01,-3.233550e-02,-1.234772e+00,5.241170e-02,-2.788598e-01,-8.111874e-01,1.209255e+00,8.018330e-01,-1.054930e+00,-9.627347e-01,1.148384e-03,0,0
8.940943e-04,-7.765623e+00,3.165454e+00,-9.891052e+00,-3.644741e+00,-2.287747e+00,4.786243e+00,5.955670e+00,7.002337e+00,5.125884e+00,4.909520e+00,2.772480e-01,-2.337883e+00,3.717135e-02,0,0,2.162153e-06,-3.165150e-01,-1.025322e-01,1.114390e-01,3.795636e-02,-5.892707e-01,-7.138296e-01,-7.130102e-01,-8.004463e-01,5.573958e-01,7.914348e-01,-4.125957e-01,-9.930286e-01,-6.557872e-03,0,0
8.880575e-04,-8.172387e+00,2.446332e+00,-9.119455e+00,-3.785262e+00,-3.942522e+00,3.137226e+00,4.176415e+00,5.765926e+00,5.880748e+00,6.170832e+00,-4.379841e-01,-3.363294e+00,2.055002e-02,0,0,2.514955e-06,-2.954075e-01,-1.473259e-01,6.443213e-01,2.072689e-01,-1.222936e-01,-1.398309e+00,-1.302936e+00,-3.168458e-01,5.733768e-01,7.345310e-01,2.796920e-01,-6.450776e-01,-7.676036e-03,0,0
9.036188e-04,-8.114778e+00,2.283130e+00,-8.234981e+00,-3.305740e+00,-1.937531e+00,1.459135e+00,2.851368e+00,5.822667e+00,4.656380e+00,5.487778e+00,2.495705e-01,-4.939260e+00,9.368389e-03,0,0,-4.789734e-07,-3.371140e-01,-1.751440e-01,7.891412e-01,7.022396e-01,2.774085e-01,-1.131842e+00,-1.379863e+00,1.645463e-01,8.853342e-01,6.030983e-01,6.578964e-01,-2.763348e-02,1.813236e-03,0,0
8.969594e-04,-8.892303e+00,2.691475e+00,-6.748871e+00,-2.268869e+00,-2.945892e+00,-1.547801e-01,6.645730e-01,7.432756e+00,8.443116e+00,6.818235e+00,1.869801e+00,-3.146921e+00,1.692354e-02,0,0,-5.030073e-07,-3.593121e-01,-7.169370e-02,6.710521e-01,8.261118e-01,5.441075e-01,-5.046195e-01,-8.881229e-01,-7.983761e-02,7.787533e-01,4.805667e-01,8.968464e-01,6.028631e-01,1.589604e-02,0,0
8.872485e-04,-9.091235e+00,2.167162e+00,-7.130639e+00,-8.917399e-01,-1.399019e+00,7.730363e-01,8.122773e-01,6.991654e+00,8.271371e+00,7.601309e+00,2.412838e+00,-2.584237e+00,4.805077e-02,0,0,-7.470197e-07,-4.213924e-01,-2.569194e-01,2.385915e-01,6.076218e-01,4.659808e-01,3.508025e-01,-7.015375e-02,-5.776768e-01,1.994702e-01,3.544197e-01,-2.170268e-02,6.594011e-01,2.142641e-02,0,0
8.937276e-04,-9.480719e+00,2.145847e+00,-6.316366e+00,-8.617034e-01,-1.491241e+00,9.571773e-01,7.553458e-01,4.782245e+00,7.967020e+00,7.516900e+00,2.964614e+00,-1.526490e+00,8.068904e-02,0,0,1.611467e-06,-2.315655e-01,-2.518185e-01,-7.150078e-02,1.356472e-01,4.369983e-01,6.736593e-01,4.128195e-01,-7.637969e-01,-7.655350e-01,-4.062589e-01,-7.919466e-01,5.515116e-01,1.169538e-02,0,0
9.014996e-04,-9.927531e+00,1.271347e+00,-7.258276e+00,-9.712144e-01,-3.349525e-01,2.657169e+00,2.455213e+00,4.259538e+00,5.891779e+00,6.910544e+00,-4.063497e-01,-2.452470e+00,8.461771e-02,0,0,-2.843601e-06,-1.282396e-02,-2.268650e-01,-3.754869e-01,-1.384786e-01,8.255944e-02,6.047271e-01,3.991995e-01,-3.790666e-01,-8.139321e-01,-6.816787e-01,-1.205319e+00,2.948870e-01,-7.555154e-03,0,0
8.978912e-04,-9.631982e+00,1.880290e+00,-7.042556e+00,-1.550895e+00,-1.292934e+00,2.271450e+00,1.907203e+00,4.979829e+00,5.805237e+00,5.132323e+00,-6.803386e-01,-4.552469e-01,5.711696e-02,0,0,-8.234405e-06,3.528268e-01,-3.580136e-01,-7.433244e-01,1.470333e-01,2.435191e-01,6.878487e-01,-1.342590e-01,-3.372176e-01,-6.367412e-01,-7.461232e-01,-5.491175e-01,-2.754339e-02,-2.154730e-02,0,0
8.709487e-04,-9.079723e+00,1.165615e+00,-8.644978e+00,-1.239537e+00,-1.085376e+00,3.139536e+00,2.232346e+00,4.997529e+00,5.282602e+00,5.385204e+00,-1.791281e+00,-1.645424e+00,2.206104e-02,0,0,-8.502038e-06,3.491066e-01,-4.804753e-01,-8.463856e-01,1.114147e-01,5.902025e-01,7.092060e-01,-4.664233e-01,-6.728089e-01,-2.133098e-01,-8.915333e-02,4.661220e-01,-3.629426e-01,-1.997582e-02,0,0
8.678311e-04,-8.140489e+00,4.086451e-01,-9.339637e+00,7.624388e-03,1.015662e-01,4.155237e+00,1.954841e-01,2.727161e+00,5.087903e+00,4.548954e+00,9.114923e-01,-2.067730e+00,4.230885e-03,0,0,-2.782041e-06,9.235124e-02,-4.984775e-01,-7.786500e-01,1.516170e-01,1.026242e+00,8.897587e-01,-5.703958e-01,-1.186313e+00,-9.598341e-02,5.358015e-01,7.912860e-01,-6.388740e-01,-6.588093e-03,0,0
8.740195e-04,-8.927745e+00,-3.952074e-01,-1.034166e+01,-1.193401e+00,1.918810e+00,5.261305e+00,9.789557e-01,2.021828e+00,5.183897e+00,6.756462e+00,1.128345e+00,-3.460941e+00,1.118163e-02,0,0,2.184522e-06,-2.540258e-01,-3.222782e-01,-7.281405e-01,-3.209726e-01,1.191534e+00,6.735011e-01,-6.921942e-01,-1.189795e+00,1.023068e-02,8.000766e-01,7.181212e-01,-2.909326e-01,7.132065e-03,0,0
8.824456e-04,-9.246215e+00,1.683135e-01,-1.008746e+01,-8.158783e-01,2.336181e+00,5.659359e+00,-3.180812e-01,5.361155e-01,5.374672e+00,7.125701e+00,1.816278e+00,-2.741858e+00,2.961620e-02,0,0,1.797429e-06,-4.453256e-01,-2.623124e-01,-7.387525e-01,-4.120428e-01,1.178474e+00,7.425159e-01,-9.612574e-02,-3.743297e-01,-2.929311e-02,6.727920e-01,4.707825e-02,1.334936e-01,1.051677e-02,0,0
8.745641e-04,-9.796989e+00,-3.256100e-01,-1.191177e+01,-2.432648e+00,3.754989e+00,5.754981e+00,-9.718418e-01,1.440767e-01,5.190371e+00,8.097213e+00,1.346932e+00,-2.763023e+00,4.502871e-02,0,0,3.808958e-06,-4.440754e-01,-4.128792e-01,-6.467679e-01,-1.383854e-01,7.538422e-01,4.777738e-01,1.650018e-01,3.302101e-01,5.478101e-02,1.528499e-01,2.326589e-01,1.101523e+00,3.082502e-03,0,0
8.765459e-04,-9.932494e+00,-9.377158e-01,-1.224835e+01,-1.432966e+00,5.075847e+00,7.620979e+00,6.902542e-01,1.794388e+00,4.938200e+00,7.242538e+00,1.037590e+00,-1.749221e+00,3.989121e-02,0,0,3.621419e-06,-4.123754e-01,-5.042909e-01,-1.822462e-01,2.581628e-01,3.874529e-01,-5.800438e-03,5.606887e-01,8.499733e-01,2.711139e-01,-2.543064e-01,3.741746e-01,1.491337e+00,-7.071623e-03,0,0
8.960141e-04,-1.080498e+01,-1.906589e+00,-1.249506e+01,-1.576784e+00,4.318188e+00,6.669364e+00,1.299797e+00,3.043742e+00,5.676038e+00,7.462293e+00,2.680983e+00,1.550356e+00,2.145663e-02,0,0,2.809690e-06,-2.833624e-01,-1.474107e-01,7.567856e-01,8.508320e-01,-5.020692e-01,-1.241921e+00,1.736753e-01,5.941918e-01,6.903731e-01,-6.174078e-01,5.427702e-01,1.530248e+00,-1.239045e-02,0,0
8.898277e-04,-1.080410e+01,-1.562652e+00,-1.070705e+01,4.700339e-02,3.991846e+00,5.173165e+00,1.349543e+00,3.336149e+00,6.487408e+00,6.171629e+00,3.020126e+00,2.558136e+00,6.044122e-03,0,0,-5.708879e-06,-1.900364e-01,-1.046774e-02,1.210814e+00,9.046654e-01,-5.929661e-01,-1.703360e+00,-2.506208e-01,1.858409e-01,6.196246e-01,-6.235349e-01,2.830959e-02,5.576538e-01,-8.673316e-03,0,0
8.819716e-04,-1.077800e+01,-7.501955e-01,-8.898489e+00,1.081527e+00,1.786643e+00,7.692804e-01,-4.331096e-01,2.344156e+00,7.867632e+00,5.545628e+00,3.069515e+00,2.734538e+00,0,0,0,-9.721914e-06,-1.671078e-01,-7.216170e-02,1.399130e+00,8.670667e-01,-5.288499e-01,-1.560604e+00,-8.138951e-02,6.902115e-01,3.647746e-01,-8.367003e-01,-1.106901e+00,-2.856836e-01,2.659413e-03,0,0
8.550228e-04,-1.089617e+01,-1.568251e+00,-7.992566e+00,1.761205e+00,3.376789e+00,2.054220e+00,3.036038e-01,3.073386e+00,6.940526e+00,5.083196e+00,9.848720e-01,4.469573e-01,7.252946e-03,0,0,-1.039391e-06,-3.703508e-01,-5.145822e-01,9.452612e-01,2.665327e-01,-7.339326e-02,-9.946521e-01,2.834846e-01,1.082655e+00,3.731775e-02,-3.436828e-01,-1.892200e+00,-4.242548e-01,1.453611e-02,0,0
8.648070e-04,-1.159449e+01,-2.264598e+00,-6.856650e+00,1.901448e+00,1.981467e+00,4.258188e-01,1.415819e+00,6.626181e+00,7.273352e+00,3.823008e+00,-1.835893e+00,1.177527e+00,3.414929e-02,0,0,9.917911e-06,-5.718926e-01,-8.398140e-01,3.980051e-01,-1.611507e-01,4.770954e-01,-5.219625e-01,2.962739e-01,1.240228e+00,2.062750e-02,-1.839824e-01,-1.948052e+00,-3.313459e-02,1.740707e-02,0,0
8.932130e-04,-1.224761e+01,-3.378362e+00,-7.001661e+00,9.697065e-01,3.527468e+00,3.716353e-01,1.842502e+00,6.608412e+00,6.971137e+00,5.314525e+00,-3.988170e+00,1.215367e+00,6.165005e-02,0,0,1.779331e-05,-6.129057e-01,-7.517446e-01,8.360519e-02,-2.704353e-01,5.815866e-01,-4.051036e-01,-1.698733e-01,5.539038e-01,2.935352e-01,1.725584e-01,-8.134871e-01,9.605309e-01,7.706256e-03,0,0
9.124660e-04,-1.296174e+01,-4.044210e+00,-7.403916e+00,6.715233e-01,4.096781e+00,-9.992401e-01,2.788112e-01,6.777784e+00,7.955465e+00,4.510052e+00,-4.184224e+00,2.184660e+00,5.983680e-02,0,0,1.285216e-05,-4.178964e-01,-5.449402e-01,-9.026651e-02,5.557386e-02,8.024498e-01,5.069796e-01,-2.787016e-01,1.218558e-01,5.381631e-01,-2.788948e-01,2.563412e-01,1.212412e+00,-7.283167e-03,0,0
9.201598e-04,-1.327707e+01,-4.437168e+00,-7.300907e+00,1.023991e+00,5.227065e+00,7.412310e-01,2.274135e-02,5.767104e+00,8.067146e+00,5.602467e+00,-1.908398e+00,4.746045e+00,3.294047e-02,0,0,7.990346e-06,-1.847490e-01,-1.666957e-01,2.686187e-01,4.542053e-01,-2.715054e-02,6.690378e-01,-6.377437e-02,2.738005e-01,6.072612e-01,-1.196251e+00,7.582330e-01,1.631367e+00,-1.057721e-02,0,0
9.155944e-04,-1.316924e+01,-4.459896e+00,-7.158360e+00,2.152175e+00,5.143918e+00,2.775919e+00,9.321911e-01,7.656115e+00,9.416162e+00,2.284563e+00,-1.594073e+00,5.474246e+00,1.208824e-02,0,0,1.150021e-05,-5.850468e-02,-8.061552e-03,3.456132e-01,2.514369e-01,-7.986360e-01,5.778230e-01,6.805762e-01,1.697606e-01,3.385587e-01,-1.864815e+00,5.906111e-01,1.397963e+00,3.475372e-03,0,0
9.316006e-04,-1.306761e+01,-4.003997e+00,-5.781345e+00,2.500407e+00,2.868147e+00,1.829245e+00,1.196940e+00,7.538249e+00,9.277094e+00,4.460129e-01,-1.492080e+00,7.727412e+00,3.263826e-02,0,0,1.695474e-05,-9.053431e-02,1.361275e-03,1.737567e-01,-6.297041e-02,-1.401924e+00,-8.256936e-01,8.218689e-01,-2.959276e-01,-3.866100e-01,-2.195525e+00,3.043655e-01,8.564497e-01,2.145663e-02,0,0
9.642467e-04,-1.335900e+01,-4.301103e+00,-6.435631e+00,1.190500e+00,1.283060e+00,1.345868e+00,3.094593e+00,6.741014e+00,9.043284e+00,-2.235798e+00,-1.439327e+00,7.683790e+00,7.736477e-02,0,0,1.829433e-05,-1.316284e-01,4.373789e-02,-1.442326e-01,-3.044892e-01,-1.039311e+00,-1.430356e+00,1.002204e+00,-1.066394e+00,-9.557365e-01,-1.061542e+00,2.816813e-01,4.814264e-01,2.550619e-02,0,0
9.806074e-04,-1.363486e+01,-4.509758e+00,-6.793488e+00,1.189977e+00,1.478718e-01,-2.672212e+00,3.050885e+00,4.745016e+00,6.320535e+00,-3.114978e+00,-4.639439e-01,7.923521e+00,1.075854e-01,0,0,7.085921e-06,-7.465811e-02,2.081783e-02,-3.514014e-01,-1.268637e-01,-2.051619e-01,-1.220256e+00,9.794602e-01,-9.131152e-01,-8.638517e-01,-4.303361e-02,-5.102230e-02,-4.213147e-02,7.555152e-03,0,0
9.825627e-04,-1.354375e+01,-3.988326e+00,-7.373451e+00,1.284944e+00,1.307500e+00,-2.125132e+00,5.016237e+00,3.720762e+00,6.115759e+00,-1.242653e+00,-6.997350e-01,7.783323e+00,1.021457e-01,0,0,-7.120456e-06,1.909733e-02,-4.654231e-02,-1.317339e-01,1.721735e-01,2.187670e-01,-3.919103e-01,6.584587e-01,-5.802350e-01,-8.971899e-01,5.293610e-01,-1.909831e-01,2.023089e-01,-1.462678e-02,0,0
9.578722e-04,-1.334852e+01,-4.056297e+00,-7.069442e+00,1.818866e+00,1.830117e+00,-2.536537e+00,5.133419e+00,4.482800e+00,6.421598e+00,-2.657274e-01,-2.116988e+00,7.466988e+00,5.802357e-02,0,0,-1.592926e-05,1.205472e-01,-3.014595e-01,-2.606216e-01,-8.899324e-02,8.413830e-02,1.779266e-01,2.446693e-01,-5.559466e-02,-7.602040e-01,5.661093e-01,2.258522e-01,5.769957e-01,-2.272590e-02,0,0
9.400120e-04,-1.340668e+01,-4.760545e+00,-6.956323e+00,1.736923e+00,1.535772e+00,-6.815206e-01,5.345619e+00,3.970947e+00,4.506803e+00,-1.013618e+00,-1.567721e+00,8.923601e+00,2.901179e-02,0,0,-1.891924e-05,2.004172e-01,-5.031828e-01,-2.970918e-01,-9.506933e-02,-7.153090e-01,-2.693778e-01,-4.272441e-01,1.617390e-01,-9.252645e-01,3.059080e-01,8.804892e-01,5.331283e-01,-1.229979e-02,0,0
9.222364e-04,-1.310066e+01,-5.630946e+00,-8.305160e+00,5.190213e-01,4.544270e-01,-2.504384e+00,4.109540e+00,4.341949e+00,3.323993e+00,-3.989491e-01,1.099310e+00,1.023836e+01,3.052282e-02,0,0,-1.366177e-05,4.022449e-01,-1.126160e-01,-3.343015e-02,1.898431e-01,-6.644529e-01,4.173126e-02,-4.776726e-01,3.433549e-01,-2.517319e-01,4.423179e-01,1.186086e+00,3.246613e-01,3.686914e-03,0,0
9.057844e-04,-1.266560e+01,-5.716915e+00,-8.241052e+00,1.459520e+00,-1.581200e+00,-3.488097e+00,3.391956e+00,4.599882e+00,3.038239e+00,3.534976e-01,2.094562e+00,9.063278e+00,5.439709e-02,0,0,-1.028004e-05,5.990329e-01,7.547582e-01,9.704113e-01,1.176947e+00,1.268734e-01,2.026103e-01,-4.868289e-01,4.910319e-01,4.085933e-01,2.889479e-01,5.351233e-01,-5.127409e-01,1.142339e-02,0,0
9.066772e-04,-1.170784e+01,-4.141192e+00,-6.594229e+00,2.906783e+00,6.633902e-02,-9.245922e-01,3.721888e+00,5.885108e+00,5.897221e+00,1.262304e+00,1.982301e+00,9.020456e+00,6.376549e-02,0,0,-4.159764e-06,5.767597e-01,1.382280e+00,1.497915e+00,1.518036e+00,1.052568e+00,8.189648e-01,-2.708651e-01,-1.475168e-01,4.629150e-01,-2.614146e-01,-1.572728e-01,-8.559278e-01,1.087942e-02,0,0
8.963914e-04,-1.110793e+01,-1.731631e+00,-2.959732e+00,6.427779e+00,2.364184e+00,-4.583652e-01,3.105301e+00,5.654528e+00,5.263155e+00,-3.995051e-01,6.664003e-01,6.968849e+00,6.950740e-02,0,0,-2.963498e-06,3.653948e-01,1.327114e+00,8.881790e-01,7.489220e-01,1.314612e+00,5.623311e-01,-5.676299e-01,-1.055461e+00,-2.656002e-02,-7.291001e-01,-2.887070e-01,-5.036606e-01,8.733758e-03,0,0
9.061340e-04,-1.099569e+01,-7.121885e-01,-3.456245e+00,5.625073e+00,3.744576e+00,7.557412e-02,2.898543e+00,3.077042e+00,4.526110e+00,-1.329521e+00,1.027027e+00,7.005936e+00,7.736477e-02,0,0,-3.752747e-06,1.277361e-01,5.160806e-01,-5.687721e-01,-6.658587e-01,4.185244e-01,2.414869e-01,-5.234789e-01,-1.698824e+00,-1.591710e-01,-8.057891e-01,-5.382212e-01,-1.954845e-01,9.670597e-03,0,0
8.912385e-04,-1.119469e+01,-7.958465e-01,-5.369149e+00,3.844985e+00,3.152741e+00,-1.176525e+00,9.654791e-01,7.266097e-01,3.590995e+00,-1.996091e+00,1.128664e+00,7.552235e+00,9.126624e-02,0,0,-8.158211e-06,-1.360282e-01,-3.081706e-01,-1.260512e+00,-1.443373e+00,-2.575619e-01,2.641394e-02,-7.362139e-01,-1.075011e+00,3.100614e-01,-2.679327e-01,-7.665199e-01,2.380238e-01,1.471744e-02,0,0
8.904899e-04,-1.102577e+01,-2.028681e+00,-8.233381e+00,8.688862e-01,1.764682e+00,6.419219e-01,2.174404e+00,-1.450539e-01,5.937446e+00,-1.968349e+00,-9.399368e-01,7.751340e+00,1.012390e-01,0,0,-1.489624e-05,-3.250675e-01,-5.336927e-01,-7.768934e-01,-9.662704e-01,-5.546967e-01,-5.234686e-01,-9.135793e-01,3.604856e-01,5.449945e-01,8.097450e-02,-9.027074e-01,-2.465357e-01,2.000604e-02,0,0
8.634224e-04,-1.177303e+01,-2.614238e+00,-6.873726e+00,1.589008e+00,2.066321e+00,-6.094694e-01,-2.136989e-01,1.890522e+00,6.107794e+00,-1.419755e+00,-2.182718e+00,7.786266e+00,1.311574e-01,0,0,-1.863057e-05,-4.659691e-01,-2.866538e-01,2.208372e-01,7.871898e-02,-6.458803e-01,-1.115992e+00,-8.334658e-01,1.394966e+00,1.588499e-01,6.534721e-01,-3.054052e-01,-8.990850e-01,1.825325e-02,0,0
8.455609e-04,-1.233186e+01,-2.471456e+00,-6.588423e+00,1.921709e+00,1.514303e+00,-2.825296e+00,-1.079765e+00,4.297514e+00,5.992683e+00,-1.212816e+00,-1.830819e+00,5.656242e+00,1.574494e-01,0,0,-1.624544e-05,-5.496467e-01,5.008955e-02,5.234823e-01,7.812234e-01,-4.394908e-01,-1.191666e+00,-7.251940e-01,1.312490e+00,-4.343926e-01,1.407444e+00,1.180537e+00,-8.723895e-01,9.579936e-03,0,0
8.205501e-04,-1.287149e+01,-2.007728e+00,-5.087442e+00,3.712168e+00,4.852970e-02,-5.022875e+00,-1.574765e+00,5.480154e+00,4.357625e+00,8.935037e-01,4.707916e-02,4.104359e+00,1.544273e-01,0,0,-1.008674e-05,-4.406085e-01,7.590251e-02,2.929297e-02,4.632106e-01,-6.038064e-01,-3.867097e-01,-8.683924e-02,2.170044e-01,-5.747398e-01,2.072051e+00,1.727738e+00,-9.339851e-01,4.230916e-04,0,0
8.306988e-04,-1.322477e+01,-2.081488e+00,-6.509112e+00,3.713423e+00,5.761241e-01,-3.109708e+00,-7.710328e-01,4.622582e+00,4.640567e+00,3.912245e+00,3.847852e+00,5.230346e+00,1.375038e-01,0,0,-5.144451e-06,-3.617503e-01,-1.523182e-01,-6.204111e-01,-2.892808e-01,-9.752575e-02,4.265215e-01,1.418683e-01,-6.987125e-01,-4.835783e-01,1.800421e+00,1.051993e+00,-4.874291e-01,-6.950706e-04,0,0
8.204198e-04,-1.352962e+01,-2.429709e+00,-6.766917e+00,3.009204e+00,-4.836221e-01,-2.400812e+00,-8.022614e-01,2.813010e+00,3.910153e+00,6.377969e+00,3.616639e+00,3.329288e+00,1.432457e-01,0,0,-3.695086e-06,-1.554792e-01,-5.236898e-02,-7.340035e-01,-8.023261e-01,3.057497e-01,5.495455e-01,6.473335e-01,-5.829706e-01,-5.891628e-01,3.974946e-01,-4.368311e-01,-8.729675e-01,2.206105e-03,0,0
8.199038e-04,-1.381155e+01,-3.022056e+00,-8.850741e+00,8.267870e-01,1.292750e+00,-2.003720e+00,-7.566757e-01,2.137523e+00,3.798527e+00,5.047055e+00,1.644364e+00,3.606632e+00,1.595648e-01,0,0,-4.964828e-06,-8.830500e-02,1.875114e-01,-1.985769e-02,-5.220484e-01,7.975322e-01,3.469211e-01,7.249466e-01,-7.442190e-02,-7.949556e-01,-7.268126e-01,-1.272261e+00,-9.924648e-01,-1.118165e-03,0,0
8.074722e-04,-1.335550e+01,-1.799289e+00,-7.586645e+00,1.143856e+00,1.218966e+00,-2.828141e+00,1.654724e+00,3.807830e+00,1.832831e+00,2.313571e+00,-1.035332e+00,5.513788e-01,1.544273e-01,0,0,1.710828e-06,-8.845558e-02,3.017840e-01,6.762537e-01,6.096895e-02,7.483169e-01,2.397609e-01,4.693049e-01,7.303438e-01,-7.057161e-01,-1.009442e+00,-6.260213e-01,-5.959722e-01,-1.015413e-02,0,0
8.123484e-04,-1.375336e+01,-1.459142e+00,-6.198536e+00,2.035856e+00,3.712491e+00,-1.161437e+00,1.625207e+00,3.753062e+00,1.704450e+00,2.310381e+00,-1.874661e-01,1.656977e+00,1.263222e-01,0,0,1.078284e-05,-1.509384e-01,1.311133e-01,9.400963e-01,4.182536e-01,4.042417e-01,1.360104e-01,-6.625153e-01,4.582292e-01,-2.600582e-01,-4.748700e-01,1.585793e-01,-5.208811e-01,-1.915987e-02,0,0
8.327516e-04,-1.400099e+01,-1.702247e+00,-4.711751e+00,2.709515e+00,2.048092e+00,-1.623149e+00,3.533219e-01,5.656960e+00,1.428611e+00,2.699098e+00,1.402448e+00,1.324255e+00,1.090964e-01,0,0,1.399539e-05,-1.294041e-01,-1.339150e-01,2.117301e-01,2.853632e-03,-2.520892e-01,3.729620e-02,-1.516950e+00,-1.046505e-01,4.220749e-01,1.550394e-01,5.046751e-01,-2.236230e-01,-1.849501e-02,0,0
8.611783e-04,-1.424350e+01,-2.415011e+00,-5.587707e+00,2.135226e+00,2.899395e+00,-1.926164e+00,-3.418551e+00,3.504105e+00,2.700347e+00,2.479942e+00,1.218370e+00,6.157892e-01,8.643094e-02,0,0,5.558441e-06,-7.976999e-02,-4.199830e-02,-1.817650e-01,-1.437868e-01,-4.585357e-01,4.903643e-01,-1.244970e+00,-7.957410e-01,4.708180e-01,6.252797e-02,-1.595643e-01,-7.858948e-01,-1.281354e-02,0,0
8.530342e-04,-1.375745e+01,-1.990929e+00,-6.833409e+00,1.108439e+00,3.650676e-01,-2.259297e+00,-3.408148e+00,3.409056e+00,3.445257e+00,3.003988e+00,7.851256e-01,-4.614258e-02,8.189785e-02,0,0,-9.976834e-06,-1.242673e-01,8.005108e-02,-1.531753e-01,-2.363324e-03,-1.099410e-01,1.361704e+00,-3.350388e-01,-1.126864e+00,1.677885e-01,-7.676458e-03,-5.458193e-01,-5.982924e-01,-6.195226e-03,0,0
8.299993e-04,-1.427398e+01,-1.524792e+00,-6.046532e+00,2.117459e+00,2.261325e+00,1.608458e+00,-2.718907e+00,8.983093e-01,3.050217e+00,2.470576e+00,-6.766265e-01,-1.587298e+00,7.585374e-02,0,0,-1.449445e-05,-1.497127e-01,1.872559e-01,5.714692e-01,1.016474e+00,5.289177e-01,1.501784e+00,2.553460e-01,-7.984208e-01,-6.527883e-01,-4.142574e-01,-4.629285e-01,-4.971598e-02,-5.711695e-03,0,0
7.984569e-04,-1.460709e+01,-1.747101e+00,-5.248214e+00,2.706581e+00,1.817422e+00,3.418058e+00,-1.671694e+00,1.325535e+00,2.092619e+00,2.665399e+00,-3.791505e-01,-5.656634e-01,8.340888e-02,0,0,8.098024e-07,-1.524436e-01,1.992644e-01,9.968942e-01,1.746521e+00,9.606401e-01,5.586923e-01,2.755009e-01,-6.255247e-01,-9.027035e-01,-6.496874e-01,-1.994795e-01,6.187956e-01,-1.226957e-02,0,0
8.159947e-04,-1.456724e+01,-1.600646e+00,-3.522958e+00,6.418527e+00,4.817806e+00,2.744078e+00,-3.010048e+00,5.537611e-01,1.127246e-01,5.779496e-01,-5.141347e-01,6.269698e-01,5.711696e-02,0,0,1.644204e-05,1.233671e-01,4.372619e-01,8.798712e-01,1.655065e+00,1.568192e-01,-1.214943e+00,6.878607e-01,2.696656e-01,-7.232502e-01,-5.325280e-01,1.899235e-01,1.292477e+00,-1.943185e-02,0,0
8.640855e-04,-1.437304e+01,-9.566804e-01,-3.110725e+00,7.690510e+00,3.890027e+00,-3.364551e-02,-1.885072e+00,4.537069e-01,4.004858e-01,7.018638e-01,-2.935180e-01,1.940701e+00,2.991840e-02,0,0,2.203850e-05,2.513570e-01,4.752006e-01,5.241333e-01,6.149899e-01,-8.070441e-01,-1.632437e+00,1.320300e+00,6.551353e-01,-4.872455e-02,-4.325221e-02,3.809637e-01,1.265242e+00,-1.622847e-02,0,0
8.793952e-04,-1.377417e+01,2.663074e-01,-2.715920e+00,7.900822e+00,2.009118e+00,-2.740405e+00,8.270857e-01,2.682552e+00,2.800322e-01,7.897027e-01,2.301747e-01,3.621904e+00,5.439710e-03,0,0,6.893906e-06,1.728241e-01,2.328902e-01,2.231102e-02,-8.963072e-01,-1.470327e+00,-1.233728e+00,1.301669e+00,9.881042e-01,1.902221e-01,4.271956e-01,9.408711e-01,1.050584e+00,1.329706e-03,0,0
8.769492e-04,-1.374684e+01,-3.045746e-01,-3.031067e+00,5.040383e+00,-8.134544e-01,-2.001886e+00,3.011241e+00,3.536817e+00,1.765342e+00,2.343261e+00,1.153514e+00,4.263078e+00,2.810517e-02,0,0,-1.106601e-05,1.790085e-02,-1.026406e-01,-2.156081e-01,-1.530374e+00,-6.652241e-01,-6.061292e-03,3.432766e-01,6.053723e-01,8.978036e-02,3.855956e-01,1.251455e+00,2.641614e-01,1.716531e-02,0,0
8.440324e-04,-1.401622e+01,-7.622479e-01,-3.451232e+00,3.262054e+00,-1.820894e-01,-2.440443e+00,1.050139e+00,3.952727e+00,3.814068e-01,1.893229e+00,3.466705e+00,4.718700e+00,6.467211e-02,0,0,-1.506502e-05,-1.836390e-01,-2.032797e-01,-8.402057e-02,-1.128812e+00,4.246145e-01,7.139698e-01,-2.804182e-01,4.368280e-01,1.235533e-01,3.095593e-01,1.110869e+00,-6.037700e-01,1.716531e-02,0,0
8.264369e-04,-1.416251e+01,-9.556059e-01,-3.821110e+00,2.358022e+00,1.659511e+00,-2.139329e-01,-2.802160e-01,2.845481e+00,7.987004e-01,2.078079e+00,4.345491e+00,2.713110e+00,8.612873e-02,0,0,-1.005811e-05,-1.177303e-01,1.160052e-01,2.107427e-01,-8.861375e-03,8.827542e-01,7.830221e-01,1.473134e-01,5.403634e-01,3.726072e-01,-2.030916e-01,3.085183e-01,-8.228732e-01,-8.461777e-04,0,0
8.293263e-04,-1.448453e+01,-4.245754e-01,-2.741002e+00,3.597941e+00,2.895708e+00,-6.453285e-02,1.070723e+00,5.212360e+00,1.381120e+00,2.470090e+00,4.188533e+00,1.378038e+00,6.225445e-02,0,0,-1.723529e-08,5.633831e-02,4.220063e-01,5.577921e-01,6.147875e-01,2.375879e-01,8.084031e-01,8.632663e-01,6.785242e-02,1.193724e+00,3.905928e-02,-5.957507e-01,-3.911644e-01,-1.843457e-02,0,0
8.340117e-04,-1.410134e+01,1.066152e-01,-2.332468e+00,4.828133e+00,2.061418e+00,7.252691e-01,3.737516e+00,5.608818e+00,3.128522e+00,1.039373e+00,2.335191e+00,1.819043e+00,2.508310e-02,0,0,5.137560e-06,3.260038e-01,6.562741e-01,5.039622e-01,7.742235e-01,-2.643070e-01,3.582006e-01,4.511393e-01,-4.600634e-01,1.424543e+00,-7.930557e-02,-1.145689e+00,1.272727e-01,-2.169840e-02,0,0
8.401588e-04,-1.376511e+01,8.166730e-01,-1.406592e+00,5.100936e+00,8.048967e-01,1.131971e+00,3.357604e+00,2.910321e+00,5.185117e+00,2.607878e+00,1.493101e+00,3.209911e+00,3.022061e-03,0,0,2.091558e-06,5.487920e-01,6.357037e-01,1.948221e-01,5.396025e-01,-4.627835e-02,3.107809e-01,-7.424979e-01,-5.100541e-01,1.517991e+00,4.658048e-01,-8.242327e-01,4.672480e-03,-9.338168e-03,0,0
8.467084e-04,-1.289220e+01,1.705140e+00,-1.968504e+00,5.477642e+00,1.383381e+00,9.788180e-01,8.320398e-01,1.696183e+00,6.019414e+00,1.612656e+00,-3.523691e-02,2.433537e+00,7.252946e-03,0,0,3.286870e-07,4.647748e-01,5.155053e-01,3.307657e-02,6.058933e-01,7.232784e-01,6.685323e-02,-1.183091e+00,6.611707e-01,1.036679e+00,1.105749e+00,5.821428e-02,-4.895991e-01,5.469931e-03,0,0
8.334357e-04,-1.234514e+01,1.954681e+00,-1.948873e+00,5.971199e+00,3.003335e+00,1.362597e+00,-1.189029e+00,4.618407e+00,7.525630e+00,4.512472e+00,1.252584e+00,1.094154e+00,2.447869e-02,0,0,-2.205954e-06,2.693505e-01,2.020805e-01,-7.646368e-02,6.352858e-01,9.074338e-01,-5.519819e-02,-6.075497e-01,1.797158e+00,1.232660e-01,1.002329e+00,1.003931e+00,-6.399816e-01,9.731037e-03,0,0
8.390167e-04,-1.248745e+01,2.115138e+00,-1.895945e+00,7.422468e+00,4.578591e+00,9.442225e-01,9.537617e-02,8.060628e+00,7.141662e+00,5.615823e+00,2.746521e+00,4.289267e-01,4.170444e-02,0,0,1.693255e-06,-1.074878e-01,-1.642338e-01,-2.209760e-01,3.525937e-01,1.733607e-01,-3.384126e-01,1.129212e-01,1.815170e+00,-3.874393e-01,7.304713e-01,1.387029e+00,-2.097922e-01,3.112723e-03,0,0
8.329749e-04,-1.262074e+01,1.622077e+00,-1.825190e+00,7.304952e+00,3.744461e+00,8.732782e-01,6.881876e-01,8.713891e+00,5.240324e+00,5.617939e+00,5.121877e+00,1.012308e+00,3.445150e-02,0,0,4.232512e-06,-2.715235e-01,-3.128258e-01,-4.859835e-01,-1.923175e-01,-7.027451e-01,-4.799260e-01,3.147421e-01,9.690697e-01,-5.979723e-01,-2.232189e-01,8.345159e-01,2.430558e-01,-3.717135e-03,0,0
8.554051e-04,-1.329184e+01,1.050273e+00,-3.135226e+00,6.573734e+00,1.879622e+00,-4.685853e-01,4.580378e-01,8.724293e+00,5.224871e+00,4.712279e+00,4.965264e+00,1.425498e+00,1.783016e-02,0,0,1.156726e-06,-3.598968e-01,-3.153720e-01,-6.174775e-01,-8.952454e-01,-1.012172e+00,-1.312623e-01,2.610821e-01,3.296438e-01,2.891831e-02,-7.206438e-02,-5.084672e-02,3.578560e-01,-6.346321e-04,0,0
8.464041e-04,-1.330056e+01,9.229839e-01,-3.759150e+00,5.433979e+00,8.390939e-01,-3.306293e-01,2.033512e-01,9.131923e+00,5.494164e+00,3.848150e+00,4.315792e+00,1.811147e+00,1.783016e-02,0,0,-2.286257e-06,-2.300436e-01,-3.143419e-02,-3.280269e-01,-1.169876e+00,-6.610648e-01,5.474872e-01,9.388488e-01,-1.878359e-01,3.629819e-01,5.524639e-01,-6.391150e-01,1.989650e-02,9.066183e-03,0,0
8.380857e-04,-1.394702e+01,8.878241e-01,-4.016352e+00,3.881728e+00,9.704158e-01,8.898649e-01,1.643205e+00,9.499831e+00,7.159334e+00,6.140396e+00,2.895330e+00,1.818787e+00,4.684195e-02,0,0,-4.329951e-06,-1.162109e-01,5.836665e-02,7.719161e-02,-1.115357e+00,-1.370979e-01,9.537460e-01,9.374799e-01,-1.330898e+00,-2.424535e-01,1.078864e+00,-4.683851e-01,-1.527053e-01,1.078876e-02,0,0
8.302033e-04,-1.344336e+01,1.546131e+00,-3.024761e+00,2.801575e+00,8.937397e-01,2.931489e+00,4.789848e+00,7.386942e+00,6.088002e+00,7.666200e+00,2.961269e+00,9.151462e-01,6.527652e-02,0,0,1.991668e-06,-9.560070e-02,-5.404663e-02,1.457934e-01,-5.166690e-01,3.341101e-01,9.272757e-01,5.050011e-01,-2.305451e+00,-7.795761e-01,9.493635e-01,-6.688826e-02,-1.666700e-01,8.461770e-04,0,0
8.418557e-04,-1.380149e+01,1.030533e+00,-3.116462e+00,2.313151e+00,1.166809e+00,2.669085e+00,2.852189e+00,2.942291e+00,3.715684e+00,8.197576e+00,3.300600e+00,1.109972e+00,4.805077e-02,0,0,4.955608e-06,-7.185898e-02,-1.416417e-01,-9.939568e-02,1.505340e-01,6.592306e-01,7.251865e-01,-4.856994e-01,-2.663470e+00,-9.243423e-01,4.372444e-01,7.022987e-02,-1.067317e-01,-1.036567e-02,0,0
8.544775e-04,-1.385133e+01,5.813963e-01,-3.480129e+00,3.634922e+00,2.411448e+00,3.416139e+00,2.123865e+00,8.834384e-01,3.318108e+00,7.566377e+00,3.778716e+00,1.332204e+00,2.145663e-02,0,0,5.802000e-06,-1.300335e-01,-9.109999e-02,-4.154165e-01,3.148449e-01,7.097095e-01,4.315713e-01,-1.145043e+00,-1.698512e+00,-4.422812e-01,-1.616449e-02,-1.107687e-01,-2.451324e-01,-7.283167e-03,0,0
8.507267e-04,-1.410233e+01,6.619825e-01,-4.285647e+00,4.217724e+00,3.507715e+00,4.273473e+00,5.476995e-01,-5.657660e-01,3.922569e+00,8.376530e+00,2.837756e+00,1.076600e+00,1.692354e-02,0,0,2.072263e-06,-1.177951e-01,2.306187e-01,-2.463260e-01,2.143204e-01,2.528707e-01,-4.923501e-02,-5.648167e-01,-2.578557e-01,6.160956e-02,-4.566465e-01,-4.207177e-01,-3.938328e-01,5.862798e-03,0,0
8.547778e-04,-1.394311e+01,1.274906e+00,-4.517251e+00,3.423513e+00,3.271834e+00,4.287152e+00,2.168794e-01,6.484100e-01,3.773153e+00,7.495901e+00,2.638847e+00,-2.938295e-01,4.442430e-02,0,0,-7.144874e-07,-1.068360e-01,2.355738e-01,5.275540e-02,-7.743175e-02,-1.597477e-01,-9.700392e-01,-5.746320e-01,5.143975e-01,-2.108741e-03,-1.002464e+00,-6.162388e-01,-5.782215e-02,1.087942e-02,0,0
8.520668e-04,-1.434458e+01,1.836872e+00,-3.829531e+00,3.490457e+00,2.000970e+00,1.987404e+00,9.815983e-01,1.770527e+00,3.796209e+00,5.949581e+00,1.766946e+00,-4.617508e-02,6.588093e-02,0,0,5.482498e-06,-2.156952e-01,-2.140797e-02,2.299041e-01,1.571746e-01,2.201109e-02,-1.379679e+00,-4.649507e-01,5.753546e-01,-1.295386e-01,-1.290553e+00,-8.727313e-01,5.518747e-01,2.206105e-03,0,0
8.502349e-04,-1.426439e+01,1.171821e+00,-3.444410e+00,3.611397e+00,2.366081e+00,-2.910224e-01,-9.662449e-01,2.287280e+00,3.370744e+00,3.767530e+00,1.232927e+00,1.604481e+00,5.137504e-02,0,0,9.869586e-06,-4.282805e-01,-4.561458e-01,1.139102e-01,3.867941e-01,7.160800e-01,-7.894486e-01,-7.929471e-01,4.890460e-02,5.391018e-02,-7.562598e-01,-1.171610e+00,1.100317e+00,-1.254155e-02,0,0
8.804106e-04,-1.502017e+01,6.064852e-01,-3.672547e+00,4.909655e+00,4.070647e+00,-3.358335e-01,-1.185492e+00,1.491572e+00,3.476081e+00,3.787952e+00,-8.229403e-01,2.886818e+00,2.447869e-02,0,0,2.559044e-05,-6.083328e-01,-4.699828e-01,-2.828407e-01,5.475030e-02,1.113575e+00,2.752438e-01,-7.527922e-01,-2.416281e-01,3.979508e-01,3.364262e-01,-8.734576e-01,8.615471e-01,-1.444545e-02,0,0
8.899539e-04,-1.574672e+01,-3.906299e-01,-4.026192e+00,4.647884e+00,5.817396e+00,1.501527e+00,-2.664311e+00,1.032410e+00,4.202768e+00,4.795416e+00,-1.924260e+00,3.741259e+00,2.417649e-03,0,0,2.444720e-05,-2.572629e-01,-3.188557e-03,-3.839803e-01,-3.896910e-01,7.124028e-01,7.770654e-01,-6.861379e-02,1.896944e-01,9.127347e-01,9.862612e-01,-4.161312e-01,2.568745e-01,-2.810518e-03,0,0
9.601596e-04,-1.664507e+01,2.681831e-01,-4.952843e+00,3.245965e+00,5.843188e+00,2.467348e+00,-1.933329e+00,1.189821e+00,5.369951e+00,7.117769e+00,-1.021749e+00,3.193171e+00,1.813237e-02,0,0,2.459290e-05,1.149179e+00,7.450293e-01,-5.957681e-01,-1.414726e+00,-9.305663e-01,4.640853e-02,5.043041e-01,1.023466e+00,9.944149e-01,5.866163e-01,-1.983859e-01,-6.262230e-01,1.051677e-02,0,3.973363e-02
9.325964e-04,-1.473825e+01,1.325029e+00,-4.724164e+00,2.494787e+00,5.041825e+00,2.192714e+00,-9.353951e-01,3.386627e+00,6.987483e+00,7.033928e+00,-7.483245e-01,2.735677e+00,4.049562e-02,0,0,1.623191e-04,3.065846e+00,1.069821e+00,-7.733036e-01,-2.385240e+00,-3.371072e+00,-1.011625e+00,1.066374e+00,1.297323e+00,6.379519e-01,-2.607298e-01,-8.526443e-01,-1.323535e+00,1.432457e-02,1.220653e+01,1.084978e-01
9.820538e-04,-9.778509e+00,3.473802e+00,-6.302402e+00,-1.087429e+00,-1.943995e-01,-4.493842e-01,4.715705e-01,5.431791e+00,7.055798e+00,5.601778e+00,-2.402838e+00,2.584943e-01,5.802357e-02,0,1.986682e-01,3.817909e-04,4.161414e+00,5.745036e-01,-9.031172e-01,-3.198968e+00,-5.539725e+00,-1.723585e+00,1.238370e+00,5.414039e-01,3.895167e-01,-9.031901e-01,-1.827003e+00,-1.792653e+00,5.469931e-03,2.951324e+01,1.812504e-01
1.690602e-03,-3.850773e+00,3.355665e+00,-7.217930e+00,-5.111620e+00,-8.019170e+00,-2.098232e+00,1.465109e+00,5.398042e+00,6.549604e+00,4.249763e+00,-5.496937e+00,-1.409075e+00,5.409490e-02,6.103265e+01,4.431547e-01,6.227631e-04,3.542658e+00,-3.848111e-01,-8.347288e-01,-3.260384e+00,-6.431444e+00,-1.708577e+00,1.163175e+00,-1.190043e+00,2.251305e-01,-5.352083e-01,-1.684463e+00,-1.909557e+00,-4.533092e-03,4.617436e+01,1.963041e-01
2.490111e-03,-1.281744e+00,2.125383e+00,-8.221545e+00,-8.945670e+00,-1.532494e+01,-4.005102e+00,3.058271e+00,2.891133e+00,7.536474e+00,3.993901e+00,-7.782457e+00,-3.697716e+00,3.868238e-02,1.170499e+02,6.846747e-01,6.269572e-04,1.599425e+00,-1.194013e+00,-3.371539e-02,-2.137899e+00,-5.118150e+00,-1.177348e+00,9.026230e-01,-2.376062e+00,1.585319e-01,-1.098069e-01,-7.834948e-01,-1.346239e+00,-9.368389e-03,4.458636e+01,1.389306e-01
3.292383e-03,-1.273339e+00,7.518331e-02,-7.938236e+00,-9.878011e+00,-1.955012e+01,-4.572313e+00,3.587128e+00,-1.293261e+00,7.872797e+00,5.161825e+00,-6.480830e+00,-4.834002e+00,2.750076e-02,1.723468e+02,7.385173e-01,4.099480e-04,-1.499079e-01,-1.151261e+00,5.513998e-01,-1.008593e+00,-2.886164e+00,-6.075819e-01,4.660697e-01,-2.306559e+00,-1.026564e-01,3.332796e-01,2.574838e-01,-5.976116e-01,-7.041403e-03,2.641409e+01,6.840377e-02
3.315949e-03,-3.070103e+00,-8.560217e-01,-6.110826e+00,-9.393730e+00,-2.001967e+01,-5.099083e+00,3.923676e+00,-3.102865e+00,7.186861e+00,4.596712e+00,-5.828365e+00,-4.760239e+00,2.447869e-02,1.672747e+02,7.456400e-01,1.839634e-04,-8.710123e-01,-7.253275e-01,8.306965e-01,-4.737417e-01,-8.422081e-01,-2.598906e-01,7.523117e-02,-1.278735e+00,-6.234528e-01,4.871593e-01,5.851458e-01,4.153334e-01,-2.810517e-03,1.023332e+01,1.614149e-02
3.327423e-03,-3.706133e+00,-9.099358e-01,-5.516291e+00,-9.930556e+00,-2.010263e+01,-4.589151e+00,3.362755e+00,-3.137755e+00,6.211128e+00,5.614756e+00,-5.186564e+00,-3.865872e+00,2.598973e-02,1.679907e+02,7.546909e-01,7.614992e-05,-8.329336e-01,-1.478097e-01,5.620332e-01,-8.146577e-01,1.458410e-01,-4.212670e-01,-1.991150e-02,-7.931483e-02,-6.780418e-01,6.877956e-01,3.637847e-01,1.069150e+00,-5.137505e-04,3.500458e-01,5.701321e-03
3.392408e-03,-4.420409e+00,-1.008695e+00,-5.279035e+00,-1.128811e+01,-1.925973e+01,-5.296136e+00,3.546613e+00,-2.580293e+00,5.250044e+00,6.203232e+00,-5.503861e+00,-2.105114e+00,2.538531e-02,1.703946e+02,7.572954e-01,1.606247e-04,-3.317965e-01,2.710637e-02,3.612595e-01,-1.363968e+00,2.553783e-01,-9.780286e-01,-1.348434e-01,4.135729e-01,-5.077944e-01,1.003662e+00,2.605912e-01,1.800128e+00,-3.928678e-04,7.765660e+00,1.286787e-03
3.634903e-03,-4.762854e+00,-5.875289e-01,-5.543966e+00,-1.300411e+01,-1.920089e+01,-6.580122e+00,3.676102e+00,-1.951121e+00,5.450996e+00,7.797543e+00,-4.824158e+00,-8.158128e-01,2.447869e-02,1.725372e+02,7.611962e-01,2.137252e-04,5.988612e-02,-2.466697e-03,7.115436e-01,-1.397052e+00,1.469295e-01,-1.657276e+00,-8.664074e-01,2.232850e-01,-3.933399e-01,8.342317e-01,4.307508e-01,2.394136e+00,-6.950738e-04,1.665287e+01,-5.138719e-03
3.965333e-03,-4.200725e+00,-8.816933e-01,-4.290691e+00,-1.467679e+01,-1.919365e+01,-8.993741e+00,3.092785e+00,-1.628318e+00,5.027955e+00,8.523627e+00,-4.706612e+00,2.715370e+00,2.326987e-02,2.038298e+02,7.488213e-01,1.591027e-04,5.099355e-01,-9.924871e-03,1.379141e+00,-8.808737e-01,-2.087681e-01,-1.835931e+00,-1.678822e+00,-8.335928e-02,-4.874136e-01,3.218353e-01,7.473728e-01,2.789665e+00,-4.533086e-04,2.514966e+01,-1.128988e-02
4.109587e-03,-3.516544e+00,-9.857700e-01,-2.452745e+00,-1.522147e+01,-1.940102e+01,-1.102673e+01,-7.423680e-01,-2.497318e+00,4.355474e+00,8.625717e+00,-3.431434e+00,5.694568e+00,2.357208e-02,2.345374e+02,7.332343e-01,8.422508e-06,7.130615e-01,4.734391e-02,1.845329e+00,-8.664083e-02,-5.067377e-01,-1.461248e+00,-2.007180e+00,-3.042483e-01,-6.922843e-01,-4.053007e-01,9.511126e-01,2.512803e+00,-1.511026e-04,2.478893e+01,-1.289195e-02
3.950580e-03,-2.493886e+00,-8.591986e-01,7.105788e-02,-1.458379e+01,-2.020350e+01,-1.225249e+01,-2.638261e+00,-2.723991e+00,3.360738e+00,7.398322e+00,-2.463359e+00,8.588021e+00,2.357208e-02,2.651427e+02,7.148269e-01,-1.366191e-04,6.489015e-01,2.746161e-01,1.729211e+00,4.887401e-01,-7.703902e-01,-6.631317e-01,-1.255128e+00,-1.752225e-01,-5.672377e-01,-7.135837e-01,8.982841e-01,1.480374e+00,6.044134e-05,1.558789e+01,-9.452725e-03
3.684392e-03,-2.050967e+00,-3.620567e-01,1.501802e+00,-1.348381e+01,-2.122965e+01,-1.225699e+01,-3.494276e+00,-2.924526e+00,2.823183e+00,6.333692e+00,-1.190221e+00,8.811873e+00,2.357208e-02,2.658253e+02,7.137336e-01,-1.685248e-04,4.459955e-01,3.369331e-01,1.196871e+00,5.720976e-01,-7.388312e-01,-7.768641e-02,-1.297706e-01,8.461480e-02,-3.197951e-01,-6.344592e-01,5.318835e-01,5.698598e-01,0,6.415823e+00,-4.737156e-03
3.494835e-03,-1.689006e+00,1.795307e-01,2.378093e+00,-1.310192e+01,-2.213129e+01,-1.169427e+01,-1.806901e+00,-2.290826e+00,2.957911e+00,6.101721e+00,-1.335797e+00,8.558585e+00,2.357208e-02,2.661253e+02,7.113080e-01,-1.101046e-04,1.971720e-01,2.619046e-01,5.490361e-01,3.345643e-01,-4.757202e-01,1.679153e-01,3.350095e-01,1.500029e-01,-6.709256e-02,-2.825171e-01,2.109546e-01,-3.121605e-02,0,2.265015e-01,-9.463370e-04
