pcm_RMSenergy_sma,pcm_fftMag_mfcc_sma[1],pcm_fftMag_mfcc_sma[2],pcm_fftMag_mfcc_sma[3],pcm_fftMag_mfcc_sma[4],pcm_fftMag_mfcc_sma[5],pcm_fftMag_mfcc_sma[6],pcm_fftMag_mfcc_sma[7],pcm_fftMag_mfcc_sma[8],pcm_fftMag_mfcc_sma[9],pcm_fftMag_mfcc_sma[10],pcm_fftMag_mfcc_sma[11],pcm_fftMag_mfcc_sma[12],pcm_zcr_sma,F0final_sma,voicingFinalUnclipped_sma,pcm_RMSenergy_sma_de,pcm_fftMag_mfcc_sma_de[1],pcm_fftMag_mfcc_sma_de[2],pcm_fftMag_mfcc_sma_de[3],pcm_fftMag_mfcc_sma_de[4],pcm_fftMag_mfcc_sma_de[5],pcm_fftMag_mfcc_sma_de[6],pcm_fftMag_mfcc_sma_de[7],pcm_fftMag_mfcc_sma_de[8],pcm_fftMag_mfcc_sma_de[9],pcm_fftMag_mfcc_sma_de[10],pcm_fftMag_mfcc_sma_de[11],pcm_fftMag_mfcc_sma_de[12],pcm_zcr_sma_de,F0final_sma_de,voicingFinalUnclipped_sma_de
5.137680e-03,-2.087171e+01,-4.611976e+00,-5.091522e+00,2.637505e+00,-9.541672e+00,-8.792380e+00,5.291525e+00,2.199933e+00,4.508533e-01,6.749182e+00,5.252718e-01,-9.551823e-01,3.245693e-01,0,0,-5.502431e-04,1.915108e+00,8.552176e-01,4.371825e-01,-6.019852e-01,6.186231e-01,-1.059240e+00,-5.798712e-02,-1.950541e-01,-1.935036e+00,1.241000e-01,-1.278001e+00,-3.694881e-01,-3.883348e-02,1.309412e+01,4.727048e-02
4.032500e-03,-1.819308e+01,-2.453331e+00,-3.946531e+00,2.145539e+00,-7.666109e+00,-9.469550e+00,5.301394e+00,9.689000e-01,-2.325993e+00,6.204455e+00,-2.018389e+00,-1.947755e+00,2.595951e-01,0,0,-6.194947e-04,3.571340e+00,7.433597e-01,4.331196e-01,-1.052109e+00,5.473903e-01,-2.438243e+00,-3.810419e-01,1.479438e-01,-4.652748e+00,6.586449e-01,-2.426832e+00,-4.834085e-01,-6.415836e-02,3.287166e+01,1.219542e-01
2.939055e-03,-1.263549e+01,-1.415211e+00,-3.478106e+00,-1.264382e-01,-7.386337e+00,-1.375000e+01,4.996655e+00,1.840179e+00,-7.835904e+00,7.642046e+00,-4.592905e+00,-2.306336e+00,1.628891e-01,6.547062e+01,2.363524e-01,-1.593624e-04,4.262145e+00,-3.046109e-01,1.771820e-01,-1.519361e+00,-4.651766e-01,-3.901845e+00,-7.150986e-01,1.208934e+00,-6.595340e+00,1.918950e+00,-3.073780e+00,-2.069582e-01,-7.219703e-02,5.269793e+01,1.994013e-01
3.139519e-03,-7.133124e+00,-2.493560e+00,-3.732632e+00,-1.241069e+00,-7.882388e+00,-1.850479e+01,3.533751e+00,3.119529e+00,-1.866951e+01,9.595975e+00,-9.049801e+00,-2.696647e+00,8.461770e-02,1.316230e+02,4.915947e-01,8.629445e-04,3.093112e+00,-1.627569e+00,4.605055e-03,-1.501017e+00,-1.740198e+00,-4.297511e+00,-5.279721e-01,2.331185e+00,-6.699917e+00,3.115261e+00,-2.797711e+00,3.393778e-01,-5.258387e-02,5.276877e+01,2.063733e-01
4.787358e-03,-5.090963e+00,-6.114916e+00,-4.312562e+00,-3.265995e+00,-1.175942e+01,-2.378399e+01,2.599854e+00,7.169290e+00,-2.435409e+01,1.464817e+01,-1.132792e+01,-1.615527e+00,5.107284e-02,1.976781e+02,7.512092e-01,1.676391e-03,1.148952e+00,-2.084632e+00,2.497924e-01,-1.214914e+00,-2.220112e+00,-3.436804e+00,3.514158e-01,2.376295e+00,-5.020846e+00,3.176063e+00,-1.839560e+00,6.430191e-01,-2.326987e-02,3.286301e+01,1.371062e-01
7.423071e-03,-6.499783e+00,-8.241323e+00,-3.506277e+00,-3.789768e+00,-1.418056e+01,-2.594011e+01,3.859934e+00,9.960271e+00,-2.756648e+01,1.827769e+01,-1.263943e+01,-5.962704e-01,5.258386e-02,1.977401e+02,7.744382e-01,1.790854e-03,-2.365412e-01,-1.674837e+00,5.854494e-01,-1.078504e+00,-1.937200e+00,-2.242562e+00,1.592331e+00,1.580014e+00,-2.423944e+00,2.384595e+00,-3.529663e-01,7.440796e-01,-2.236325e-03,1.268863e+01,6.134287e-02
9.179235e-03,-7.207396e+00,-8.964488e+00,-2.342321e+00,-4.926656e+00,-1.533781e+01,-2.721635e+01,6.590642e+00,1.030128e+01,-2.849164e+01,1.918150e+01,-1.199589e+01,-1.414291e-01,6.255666e-02,1.967272e+02,7.804616e-01,1.115520e-03,-2.877724e-01,-9.406322e-01,5.120440e-01,-5.009454e-01,-1.085332e+00,-9.905173e-01,1.827352e+00,3.535987e-01,-9.707262e-01,8.715437e-01,6.453263e-01,2.995507e-01,4.714415e-03,-7.442032e-01,8.582276e-03
9.897850e-03,-7.257614e+00,-9.442960e+00,-1.790505e+00,-5.803259e+00,-1.577919e+01,-2.800141e+01,9.500010e+00,9.453603e+00,-2.872045e+01,1.925229e+01,-1.048065e+01,2.867016e-01,6.769416e-02,1.955416e+02,7.836828e-01,-3.108196e-06,4.702479e-01,-5.491522e-01,-2.681344e-01,1.857845e-01,-5.710548e-01,-6.289495e-01,9.022585e-01,-6.180243e-01,-1.582251e-01,-2.516369e-01,9.167202e-01,-3.690205e-01,2.085222e-03,-7.150406e-01,4.407919e-03
9.127567e-03,-6.150910e+00,-1.021726e+01,-2.610228e+00,-4.763977e+00,-1.638676e+01,-2.770592e+01,8.916575e+00,9.190618e+00,-2.863074e+01,1.851860e+01,-9.180682e+00,-5.592597e-01,6.708976e-02,1.950563e+02,7.894983e-01,-1.039297e-03,1.061997e+00,-6.929521e-02,-1.036054e+00,1.119264e+00,-6.113157e-02,-2.251692e-01,-4.654868e-01,-1.548529e+00,7.742516e-01,-8.160383e-01,3.752551e-01,-7.703024e-01,-3.535811e-03,-4.100586e-01,2.016646e-03
7.433364e-03,-4.676786e+00,-1.036070e+01,-4.712996e+00,-2.942185e+00,-1.651136e+01,-2.884007e+01,7.208260e+00,7.425481e+00,-2.828806e+01,1.735096e+01,-9.463435e+00,-2.232458e+00,6.074343e-02,1.950003e+02,7.919595e-01,-1.741484e-03,1.329641e+00,7.232216e-01,-1.308560e+00,1.786584e+00,6.764380e-01,2.435455e-01,-1.503271e+00,-2.852196e+00,1.849143e+00,-1.620866e+00,-2.009378e-01,-1.085117e+00,-8.461771e-03,1.155808e-01,-1.659018e-03
5.214993e-03,-3.187826e+00,-8.852095e+00,-6.061348e+00,-7.608733e-01,-1.527738e+01,-2.792287e+01,5.409084e+00,3.572695e+00,-2.483658e+01,1.605197e+01,-1.062822e+01,-2.733361e+00,4.835298e-02,1.949475e+02,7.864065e-01,-1.866067e-03,1.087326e+00,1.587458e+00,-1.031958e+00,1.891604e+00,1.228745e+00,6.123207e-01,-1.718517e+00,-4.011159e+00,2.794894e+00,-2.373521e+00,-4.315931e-01,-9.183656e-01,-1.081898e-02,1.357487e+00,-7.129288e-03
3.146717e-03,-2.090948e+00,-6.509434e+00,-6.607744e+00,1.128110e+00,-1.295169e+01,-2.667521e+01,3.737403e+00,-1.998419e+00,-2.137181e+01,1.238127e+01,-1.076157e+01,-4.051832e+00,3.475370e-02,1.961739e+02,7.769336e-01,-1.450281e-03,6.519356e-01,1.919749e+00,-7.045709e-01,1.592285e+00,8.017362e-01,5.342556e-01,-1.315782e+00,-3.472926e+00,2.196451e+00,-2.611026e+00,9.113083e-02,-7.857093e-01,-9.972801e-03,3.531249e+00,-8.079642e-03
1.940556e-03,-2.007197e+00,-4.205602e+00,-6.822641e+00,2.658895e+00,-1.202287e+01,-2.572675e+01,2.059420e+00,-6.153226e+00,-1.811440e+01,9.135838e+00,-1.068958e+01,-4.241400e+00,2.598973e-02,2.012570e+02,7.613648e-01,-7.482137e-04,2.708574e-01,1.400567e+00,-7.541122e-01,9.168031e-01,-8.834524e-01,-1.310543e-01,-2.454621e-01,-1.863135e+00,1.427294e-01,-1.684336e+00,3.656037e-01,-5.888910e-01,-6.104563e-03,6.121932e+00,-3.757513e-03
1.819178e-03,-2.007423e+00,-3.085197e+00,-7.855204e+00,3.309354e+00,-1.412993e+01,-2.726685e+01,2.304180e+00,-5.076189e+00,-2.066690e+01,7.753899e+00,-8.977100e+00,-5.406985e+00,2.206104e-02,2.095018e+02,7.640821e-01,-9.034065e-05,1.638156e-01,4.123797e-01,-6.990200e-01,2.600936e-01,-2.761972e+00,-1.787382e-01,1.133548e+00,2.136300e-02,-1.802019e+00,3.011224e-01,1.427853e-01,-3.500917e-01,-1.390148e-03,7.755281e+00,4.609871e-03
2.137695e-03,-1.875302e+00,-3.561380e+00,-9.208179e+00,2.732520e+00,-1.910552e+01,-2.828232e+01,4.898385e+00,-4.204093e+00,-2.447539e+01,9.943974e+00,-9.692435e+00,-5.000240e+00,2.417649e-02,2.188932e+02,7.740447e-01,2.915460e-04,1.923672e-01,-4.964762e-01,-4.875115e-01,-8.419935e-02,-3.769851e+00,6.514567e-01,1.826071e+00,6.936554e-01,-2.644400e+00,1.992730e+00,-4.064301e-01,-4.858159e-01,3.022062e-03,7.721167e+00,1.131236e-02
2.596444e-03,-1.337817e+00,-4.769647e+00,-8.910075e+00,2.391765e+00,-2.322022e+01,-2.629112e+01,7.985662e+00,-2.866171e+00,-2.720141e+01,1.348281e+01,-1.054622e+01,-5.422871e+00,2.870958e-02,2.261322e+02,7.936430e-01,3.755681e-04,1.070004e-01,-6.580456e-01,4.513960e-02,-1.467156e-01,-3.134714e+00,1.999143e+00,1.515887e+00,5.045871e-01,-1.887980e+00,2.798494e+00,-5.504912e-01,-8.767003e-01,5.772137e-03,6.423717e+00,1.132728e-02
3.009652e-03,-1.380164e+00,-5.845758e+00,-8.732763e+00,2.696692e+00,-2.632699e+01,-2.295734e+01,8.349035e+00,-3.789958e+00,-2.806914e+01,1.623503e+01,-1.193717e+01,-6.662537e+00,3.777577e-02,2.315476e+02,8.031461e-01,2.630483e-04,-1.643665e-01,-8.572698e-02,2.565145e-01,-3.076867e-01,-1.451265e+00,2.522979e+00,1.718693e-01,5.544084e-01,-1.256995e+00,2.224606e+00,2.289697e-01,-1.861719e+00,5.953460e-03,4.747624e+00,7.407463e-03
3.261040e-03,-1.719990e+00,-5.233236e+00,-7.867214e+00,2.593690e+00,-2.619277e+01,-1.993363e+01,8.158290e+00,-2.760320e+00,-2.830992e+01,1.860084e+01,-1.060719e+01,-8.959338e+00,4.412209e-02,2.352932e+02,8.061678e-01,4.370564e-05,-4.342813e-01,8.317275e-01,-4.276877e-02,-6.366769e-01,2.128994e-01,2.188011e+00,-1.129644e+00,9.072697e-01,-8.684856e-01,1.171680e+00,1.122079e+00,-2.641730e+00,3.445149e-03,3.449881e+00,1.196253e-03
3.120638e-03,-2.506048e+00,-3.758220e+00,-8.447038e+00,1.093124e+00,-2.487557e+01,-1.884617e+01,5.671418e+00,-1.484975e+00,-3.020611e+01,1.850799e+01,-8.517101e+00,-1.254060e+01,4.623753e-02,2.380508e+02,8.048196e-01,-1.881395e-04,-5.818505e-01,1.495446e+00,-4.862163e-01,-1.026338e+00,1.446330e+00,1.361302e+00,-1.838544e+00,1.260225e+00,-3.164993e-01,-1.187635e-01,1.679541e+00,-2.585449e+00,-7.252946e-04,2.337854e+00,-3.629392e-03
2.759480e-03,-2.946281e+00,-1.654779e+00,-9.266782e+00,1.016508e-02,-2.288143e+01,-1.740664e+01,3.676250e+00,5.176864e-01,-3.047535e+01,1.820473e+01,-6.645856e+00,-1.569249e+01,4.170444e-02,2.401300e+02,7.987875e-01,-3.800756e-04,-4.322533e-01,1.664152e+00,-7.278466e-01,-8.764170e-01,1.999784e+00,9.162064e-01,-2.021004e+00,9.582399e-01,1.330284e+00,-1.170952e+00,1.493850e+00,-1.336543e+00,-4.049561e-03,-1.465079e+01,-5.839037e-02
2.319735e-03,-3.676271e+00,-1.577580e-01,-1.046406e+01,-1.143235e+00,-2.075101e+01,-1.741432e+01,1.397335e+00,8.721614e-01,-2.856892e+01,1.583927e+01,-5.520133e+00,-1.622321e+01,3.535812e-02,2.408185e+02,7.886893e-01,-4.875980e-04,3.602924e-02,1.430766e+00,-2.992779e-01,-3.030789e-01,2.400487e+00,6.067562e-01,-1.693657e+00,2.918628e-01,3.371497e+00,-2.017471e+00,1.237020e+00,3.552918e-01,-5.228166e-03,-3.953778e+01,-1.368526e-01
1.761114e-03,-3.296145e+00,1.287292e+00,-1.049794e+01,-6.702150e-01,-1.825613e+01,-1.606852e+01,1.903102e-01,8.523107e-01,-2.247709e+01,1.408044e+01,-4.636420e+00,-1.380075e+01,2.931399e-02,1.606555e+02,5.222811e-01,-5.237161e-04,5.467322e-01,1.011222e+00,3.127931e-01,1.708601e-01,2.586554e+00,3.173451e-01,-1.477550e+00,-4.050484e-01,4.909635e+00,-2.436484e+00,1.322105e+00,1.631976e+00,-4.351768e-03,-6.409792e+01,-2.127455e-01
1.181832e-03,-2.150970e+00,1.924577e+00,-9.327850e+00,-8.208016e-02,-1.518579e+01,-1.648145e+01,-1.053896e+00,-1.929734e-01,-1.734775e+01,1.048278e+01,-3.336720e+00,-1.171001e+01,2.629193e-02,8.009922e+01,2.588099e-01,-4.652753e-04,8.430783e-01,6.513535e-01,1.187699e+00,4.332604e-01,2.305312e+00,2.630682e-01,-9.462461e-01,-5.955044e-01,4.854706e+00,-2.593135e+00,1.401505e+00,1.794359e+00,-2.598973e-03,-6.422925e+01,-2.099660e-01
7.098506e-04,-9.752705e-01,2.360164e+00,-8.270922e+00,3.338883e-01,-1.273127e+01,-1.628635e+01,-2.485885e+00,-9.749880e-01,-1.153776e+01,8.700557e+00,-1.127037e+00,-9.789207e+00,2.447869e-02,0,0,-3.295506e-04,5.011814e-01,4.610962e-01,1.663478e+00,4.566535e-01,1.589211e+00,1.713430e-01,-4.197251e-01,3.769345e-02,3.908491e+00,-2.491994e+00,1.390705e+00,1.799464e+00,-1.239045e-03,-4.014101e+01,-1.303372e-01
5.189894e-04,-6.213169e-01,2.562574e+00,-5.639072e+00,5.210156e-01,-1.198687e+01,-1.599006e+01,-1.995799e+00,-1.191711e+00,-9.765061e+00,5.563532e+00,-2.673022e-01,-9.257185e+00,2.478090e-02,0,0,-1.817108e-04,-2.850955e-02,6.066779e-01,1.973965e+00,5.629139e-01,9.152767e-01,8.959190e-01,-1.430005e-02,3.587087e-01,2.652983e+00,-2.038100e+00,7.361948e-01,1.575045e+00,-6.044116e-05,-1.601984e+01,-5.176198e-02
4.447816e-04,-1.555065e+00,3.273775e+00,-4.024937e+00,1.311505e+00,-1.190953e+01,-1.545750e+01,-1.437364e+00,1.540147e+00,-6.725984e+00,4.080091e+00,7.823954e-01,-6.029842e+00,2.387428e-02,0,0,-6.733664e-05,-7.983101e-01,1.054709e+00,1.943789e+00,7.552017e-01,5.361122e-01,1.424702e+00,2.230836e-01,1.983158e-01,1.084027e+00,-1.886712e+00,-2.136182e-01,1.423042e+00,6.950738e-04,0,0
4.058120e-04,-2.003621e+00,4.501161e+00,-1.581018e+00,2.243681e+00,-1.102027e+01,-1.241628e+01,-1.649657e+00,3.430025e-01,-6.488728e+00,2.602515e+00,-6.104614e-01,-5.714470e+00,2.629193e-02,0,0,6.291355e-05,-1.438108e+00,1.420352e+00,1.214579e+00,5.997272e-01,3.916276e-01,1.611980e+00,2.235319e-01,-5.599309e-01,1.829219e-01,-1.090823e+00,-6.375397e-01,1.270197e+00,1.359927e-03,0,3.329491e-02
4.297561e-04,-4.275669e+00,6.664416e+00,-5.810030e-01,3.248564e+00,-1.053401e+01,-1.094973e+01,-1.543538e+00,-7.507659e-01,-7.755793e+00,7.475059e-01,-2.023548e+00,-4.445355e+00,2.719855e-02,0,0,1.808387e-04,-1.478888e+00,1.236506e+00,7.339990e-03,1.800724e-01,-4.403992e-01,1.020514e+00,7.968248e-01,-1.412397e+00,-1.199284e+00,1.876201e-01,-1.227198e+00,1.097501e+00,1.571471e-03,1.272061e+01,9.694257e-02
8.410699e-04,-6.451556e+00,7.969015e+00,-1.288145e+00,2.551122e+00,-1.071650e+01,-1.018404e+01,-8.250520e-01,-2.845909e+00,-8.335547e+00,1.775709e+00,-2.052029e+00,-3.698444e+00,2.991840e-02,0,1.664746e-01,3.075594e-04,-8.256878e-01,2.043462e-01,-1.314260e+00,-2.000814e-01,-1.968740e+00,-1.617127e-02,1.781134e+00,-1.612712e+00,-2.183441e+00,3.085034e+00,-1.113822e+00,1.269231e+00,1.541252e-03,3.155513e+01,1.709882e-01
1.131346e-03,-6.725538e+00,7.722378e+00,-4.134674e+00,2.058146e+00,-1.426342e+01,-1.147105e+01,2.134458e+00,-3.927380e+00,-1.179900e+01,5.431594e+00,-4.632813e+00,-1.550353e+00,2.991840e-02,6.360303e+01,4.014756e-01,3.638050e-04,4.250375e-01,-1.138014e+00,-1.633529e+00,-2.996308e-01,-3.269288e+00,-3.703188e-01,2.948644e+00,-2.187584e+00,-3.270060e+00,5.792716e+00,-1.485947e+00,9.034020e-01,2.085223e-03,5.013723e+01,1.966115e-01
1.592814e-03,-4.907125e+00,4.993911e+00,-6.375482e+00,1.838483e+00,-1.899927e+01,-1.223648e+01,5.417016e+00,-6.132248e+00,-1.538433e+01,1.568564e+01,-4.874938e+00,-8.158138e-01,3.263826e-02,1.259741e+02,6.542035e-01,3.052046e-04,1.079357e+00,-1.940817e+00,-1.037317e+00,-1.058426e-01,-3.560653e+00,-2.903408e-01,3.799110e+00,-2.198584e+00,-3.451175e+00,6.497875e+00,-1.643214e+00,3.176054e-01,2.266546e-03,4.937284e+01,1.517594e-01
1.872909e-03,-2.922697e+00,2.461899e+00,-6.204981e+00,2.106730e+00,-2.273907e+01,-1.177511e+01,1.007865e+01,-1.004552e+01,-2.058170e+01,2.275612e+01,-8.041827e+00,-1.369660e+00,3.626473e-02,1.876991e+02,7.391930e-01,1.895891e-04,9.723959e-01,-1.764607e+00,-3.654389e-01,4.329343e-02,-2.333086e+00,4.245621e-01,3.393022e+00,-1.278098e+00,-2.061203e+00,4.400563e+00,-1.437801e+00,-2.567509e-01,1.027501e-03,2.972530e+01,8.105244e-02
1.996312e-03,-2.956192e+00,8.951696e-01,-5.439574e+00,1.997617e+00,-2.428194e+01,-1.148372e+01,1.419840e+01,-1.077976e+01,-2.120007e+01,2.560282e+01,-8.563594e+00,-2.200763e+00,3.807797e-02,1.848162e+02,7.564127e-01,-2.917114e-05,5.244441e-01,-8.084576e-01,-4.257842e-01,9.145663e-02,-3.919434e-01,1.161463e+00,1.991620e+00,9.112776e-01,-1.566719e-01,5.720543e-01,-1.210341e+00,-6.277065e-01,-1.722575e-03,1.052763e+01,2.115509e-02
1.877543e-03,-2.839025e+00,9.487154e-01,-6.429822e+00,2.195046e+00,-2.328751e+01,-9.724618e+00,1.470887e+01,-7.994112e+00,-1.919714e+01,2.247582e+01,-9.977491e+00,-2.141632e+00,3.233606e-02,1.828085e+02,7.556332e-01,-1.984684e-04,4.119446e-01,1.784400e-01,-7.008688e-01,-7.916067e-02,1.605880e+00,1.246073e+00,-3.062189e-01,3.040573e+00,1.540396e+00,-2.199185e+00,-7.884898e-01,-7.704598e-01,-4.351768e-03,-1.384818e+01,-4.839632e-02
1.444641e-03,-2.326740e+00,1.708215e+00,-8.391982e+00,2.251608e+00,-2.068476e+01,-7.454407e+00,1.306000e+01,-2.601563e+00,-1.685997e+01,1.868606e+01,-9.958813e+00,-3.568360e+00,2.598973e-02,1.810576e+02,7.517589e-01,-2.948608e-04,7.649875e-01,9.116141e-01,-5.009122e-01,-7.371376e-01,3.508067e+00,4.596038e-01,-2.065914e+00,3.611272e+00,2.228107e+00,-3.382507e+00,-8.424870e-01,-1.044738e+00,-5.469931e-03,-3.121553e+01,-1.273741e-01
1.156402e-03,-1.177700e+00,2.947576e+00,-8.233121e+00,1.583931e+00,-1.650826e+01,-7.559399e+00,9.116756e+00,1.068250e+00,-1.504977e+01,1.521857e+01,-1.128667e+01,-4.538160e+00,2.055001e-02,1.203375e+02,4.995383e-01,-2.854289e-04,1.062415e+00,1.323419e+00,2.917580e-01,-1.603653e+00,4.654956e+00,-1.004972e+00,-2.817253e+00,2.619696e+00,2.377782e+00,-3.335577e+00,-5.965551e-01,-1.094373e+00,-4.623754e-03,-4.867006e+01,-2.015435e-01
8.825781e-04,3.808264e-02,4.453809e+00,-7.042486e+00,-1.382513e+00,-1.013123e+01,-1.026831e+01,6.664893e+00,2.745416e+00,-1.213322e+01,1.231891e+01,-1.212144e+01,-6.226191e+00,1.662134e-02,5.997401e+01,2.475898e-01,-1.878325e-04,1.097943e+00,1.368272e+00,8.164929e-01,-1.991829e+00,4.617980e+00,-2.015449e+00,-2.809346e+00,1.576515e+00,2.332637e+00,-3.087016e+00,-3.263445e-02,-8.862932e-01,-3.082503e-03,-4.824527e+01,-2.003056e-01
7.314305e-04,1.290639e+00,6.193015e+00,-5.645781e+00,-4.006160e+00,-5.289498e+00,-1.334253e+01,3.820164e+00,2.430877e+00,-9.671601e+00,8.981511e+00,-1.187895e+01,-6.284581e+00,1.390148e-02,0,0,-1.017967e-04,8.386267e-01,1.225288e+00,5.998777e-01,-1.587203e+00,3.176395e+00,-1.974255e+00,-2.134483e+00,9.522955e-01,1.983060e+00,-2.473524e+00,8.343147e-01,-7.532327e-01,-9.368389e-04,-3.006490e+01,-1.246666e-01
7.179644e-04,1.928803e+00,6.926857e+00,-5.603188e+00,-4.912489e+00,-3.204239e+00,-1.464009e+01,1.661567e+00,4.599697e+00,-7.885873e+00,6.369517e+00,-9.825842e+00,-7.126616e+00,1.390148e-02,0,0,-3.271980e-05,4.718575e-01,9.314469e-01,1.989812e-01,-6.542242e-01,1.043548e+00,-1.053986e+00,-1.612326e+00,7.731941e-01,1.544721e+00,-1.534310e+00,7.262848e-01,-3.997591e-01,8.159564e-04,-1.199480e+01,-4.951796e-02
7.297252e-04,2.070073e+00,7.837490e+00,-5.953381e+00,-4.587095e+00,-4.089773e+00,-1.524478e+01,9.460050e-01,4.902586e+00,-7.258145e+00,5.825650e+00,-8.262893e+00,-7.854111e+00,1.722575e-02,0,0,-1.175295e-05,4.990710e-02,7.024111e-01,2.414474e-02,6.520882e-02,-4.423482e-01,1.766911e-01,-8.984750e-01,5.615806e-01,1.501535e+00,-5.322044e-01,3.179254e-02,-2.774440e-01,1.601693e-03,0,0
7.198317e-04,2.007653e+00,8.288806e+00,-5.893779e+00,-4.363167e+00,-5.513350e+00,-1.458711e+01,4.034046e-02,5.375532e+00,-5.616343e+00,6.225292e+00,-1.029805e+01,-7.440221e+00,1.903898e-02,0,0,-2.626937e-05,-2.476386e-01,4.906803e-01,2.260210e-01,3.707355e-01,-9.940332e-01,1.068458e+00,-1.846424e-01,2.419937e-01,1.694417e+00,3.383365e-01,-6.036575e-01,-3.850045e-02,1.299486e-03,0,0
6.717321e-04,1.500750e+00,9.024096e+00,-5.379761e+00,-3.954777e+00,-6.346684e+00,-1.248556e+01,1.384025e-01,4.850863e+00,-3.298690e+00,6.392601e+00,-1.148389e+01,-7.514998e+00,1.934119e-02,0,0,-1.352231e-05,-9.728209e-01,2.176111e-01,5.724171e-01,1.002890e+00,-1.116862e+00,1.739722e+00,5.201129e-02,1.533077e-01,1.982916e+00,5.515622e-01,3.161135e-02,-3.714895e-02,5.137503e-04,0,0
6.156142e-04,9.752715e-01,8.786956e+00,-4.759893e+00,-3.374971e+00,-7.045949e+00,-1.067741e+01,1.142156e+00,5.835527e+00,-1.393515e+00,7.777723e+00,-1.123363e+01,-7.488675e+00,1.934119e-02,0,0,9.236282e-05,-1.640463e+00,-1.719315e-01,4.849674e-01,1.704203e+00,-1.423468e+00,1.601612e+00,5.955260e-02,-1.257135e-01,1.589164e+00,4.354380e-01,1.248335e+00,1.214865e-01,-9.066183e-05,0,4.305043e-02
7.142224e-04,-2.277840e+00,8.676471e+00,-3.658239e+00,-6.674179e-02,-8.907784e+00,-8.501023e+00,6.551536e-01,5.439127e+00,5.450205e-01,7.807245e+00,-7.637043e+00,-8.015629e+00,1.964340e-02,0,0,3.190002e-04,-1.704335e+00,-1.080310e+00,-9.036708e-02,1.944186e+00,-1.994349e+00,4.619215e-01,-2.511607e-01,-4.106276e-01,4.421705e-01,1.890326e-01,1.149685e+00,1.308768e+00,-1.511032e-04,1.181747e+01,1.152192e-01
1.160401e-03,-4.305365e+00,7.602961e+00,-4.329703e+00,2.213833e+00,-1.135014e+01,-8.571319e+00,7.972797e-02,4.452832e+00,4.076245e-01,7.695160e+00,-5.979796e+00,-6.582473e+00,1.843457e-02,0,2.152522e-01,6.219575e-04,-8.300775e-01,-2.216609e+00,-9.285632e-01,1.067025e+00,-2.350662e+00,-1.506879e+00,4.157710e-02,-4.799221e-01,-1.453446e+00,2.734423e-03,3.277847e-01,2.530392e+00,4.230885e-04,2.968793e+01,1.925062e-01
1.994340e-03,-4.380609e+00,4.214541e+00,-6.046691e+00,2.971753e+00,-1.416633e+01,-1.122900e+01,-5.861866e-01,3.489073e+00,-1.988407e+00,7.379046e+00,-8.362382e+00,-1.424258e+00,1.903898e-02,5.908735e+01,4.684697e-01,8.414931e-04,4.856785e-01,-3.200355e+00,-1.563503e+00,-3.979909e-01,-2.274583e+00,-3.429642e+00,8.123684e-01,4.359982e-01,-3.624115e+00,3.889503e-01,-4.118497e-01,3.188881e+00,2.266546e-03,4.773711e+01,2.063762e-01
3.085343e-03,-2.123732e+00,-6.512475e-02,-8.208483e+00,4.409090e-01,-1.616998e+01,-1.684782e+01,1.970712e+00,4.410944e+00,-7.394030e+00,8.005495e+00,-9.232039e+00,1.867599e+00,2.175884e-02,1.188960e+02,7.282960e-01,8.421261e-04,9.545745e-01,-3.244080e+00,-1.410277e+00,-1.065328e+00,-2.044255e+00,-3.672126e+00,1.287030e+00,1.357442e+00,-4.781505e+00,5.135332e-01,5.364431e-01,2.127548e+00,4.412209e-03,4.814999e+01,1.444887e-01
3.959217e-03,-9.402639e-01,-3.491261e+00,-9.536365e+00,-1.170234e+00,-1.787078e+01,-2.151099e+01,3.771503e+00,7.640062e+00,-1.367473e+01,9.596829e+00,-8.070170e+00,3.703742e+00,2.931399e-02,1.792376e+02,7.753593e-01,6.121537e-04,7.499623e-01,-2.556240e+00,-6.612943e-01,-8.451924e-01,-1.502230e+00,-2.544844e+00,1.275722e+00,1.717477e+00,-4.827910e+00,7.187325e-01,1.612446e+00,4.099365e-01,5.046843e-03,3.065679e+01,6.922685e-02
4.388593e-03,-1.252665e+00,-4.764541e+00,-9.636253e+00,-1.041812e+00,-1.971919e+01,-2.179096e+01,4.336031e+00,9.164548e+00,-1.765674e+01,9.153934e+00,-3.443686e+00,1.491265e+00,3.535812e-02,1.806749e+02,7.842507e-01,2.608882e-04,4.342297e-02,-1.805405e+00,7.723339e-01,-5.844666e-01,-6.085835e-01,-8.930462e-01,9.308731e-01,3.264796e-01,-2.828429e+00,6.086097e-01,1.086689e+00,-4.650799e-01,3.233606e-03,1.282165e+01,1.157451e-02
4.403483e-03,-1.066331e+00,-6.216951e+00,-8.639277e+00,-5.128486e-01,-1.990288e+01,-2.148165e+01,4.609766e+00,9.699655e+00,-2.099660e+01,1.039849e+01,-3.194329e+00,8.135918e-01,3.747356e-02,1.814819e+02,7.866266e-01,-1.496489e-04,-3.060187e-01,-1.134385e+00,2.153514e+00,-1.116243e+00,9.957880e-01,-2.079887e-02,8.443692e-01,-1.573292e+00,-5.047199e-01,5.927142e-01,-6.121705e-01,-6.289760e-01,-9.066165e-05,4.218872e-01,-5.067176e-03
4.167651e-03,-1.843584e+00,-7.729308e+00,-4.795357e+00,-2.810117e+00,-1.819685e+01,-2.132771e+01,6.205946e+00,5.013546e+00,-1.787523e+01,1.064771e+01,-6.236517e+00,9.872746e-01,3.384708e-02,1.818821e+02,7.805349e-01,-4.815702e-04,-5.902011e-01,-1.608367e-01,3.364337e+00,-2.097039e+00,2.443741e+00,1.177805e-01,9.785542e-01,-3.291101e+00,1.086172e+00,7.588041e-01,-2.542565e+00,-2.521485e-01,-2.296767e-03,1.152705e+01,-1.416641e-02
3.321443e-03,-2.174898e+00,-7.680805e+00,-1.189245e+00,-5.867294e+00,-1.365301e+01,-2.184660e+01,7.058392e+00,1.849105e+00,-1.608908e+01,1.181351e+01,-9.734608e+00,8.108572e-01,2.961620e-02,1.807434e+02,7.518814e-01,-6.451386e-04,-8.894283e-01,1.249376e+00,3.728509e+00,-2.463282e+00,2.966179e+00,3.407135e-01,7.762187e-01,-3.982506e+00,1.123369e+00,9.272758e-01,-2.598362e+00,-5.374757e-01,-1.390148e-03,2.883426e+01,-1.842974e-02
2.521762e-03,-3.649387e+00,-4.836797e+00,3.460415e+00,-8.849784e+00,-1.062542e+01,-2.101958e+01,8.004489e+00,-3.365683e+00,-1.467964e+01,1.224044e+01,-1.288637e+01,2.318894e-01,2.780296e-02,2.386794e+02,7.307913e-01,-4.957117e-04,-1.328220e+00,2.660349e+00,3.220810e+00,-1.874521e+00,2.404509e+00,4.435492e-01,3.366264e-01,-3.564098e+00,-1.020859e-01,1.280647e+00,-1.638121e+00,-1.020064e+00,2.085223e-03,4.695551e+01,-1.494044e-02
2.000735e-03,-4.610571e+00,-1.416325e+00,5.875385e+00,-9.809427e+00,-8.857700e+00,-1.993215e+01,7.591588e+00,-6.023260e+00,-1.697756e+01,1.423850e+01,-1.286121e+01,-1.496094e+00,3.354488e-02,2.972545e+02,7.193497e-01,-1.848992e-04,-1.703292e+00,2.749379e+00,2.265773e+00,-9.294902e-01,1.246749e+00,8.123177e-01,-9.289900e-01,-2.360861e+00,-1.566178e-01,7.559953e-01,1.169330e-01,-1.078186e+00,4.593533e-03,4.827517e+01,-1.119881e-02
2.349447e-03,-7.266848e+00,2.440196e+00,7.776379e+00,-1.021165e+01,-8.571961e+00,-2.006719e+01,7.622480e+00,-8.870759e+00,-1.794142e+01,1.583845e+01,-1.286382e+01,-2.959568e+00,4.230886e-02,3.584041e+02,7.220986e-01,1.725294e-04,-1.375396e+00,1.309340e+00,7.203740e-01,1.616136e-01,4.631167e-02,6.061472e-01,-1.952446e+00,1.264010e-01,-2.965537e-01,-6.418554e-01,1.838853e+00,-3.395203e-01,3.777577e-03,3.279192e+01,-6.075299e-03
2.483104e-03,-8.882629e+00,2.427593e+00,7.981636e+00,-9.833810e+00,-8.445992e+00,-1.826121e+01,2.604447e+00,-7.202663e+00,-1.524127e+01,1.379448e+01,-9.161220e+00,-2.984342e+00,4.533092e-02,3.622569e+02,7.002336e-01,5.654758e-04,-5.374420e-01,-9.244782e-01,-6.311676e-01,1.120594e+00,-1.349588e+00,2.756218e-01,-2.169437e+00,2.308490e+00,-9.979643e-01,-2.018680e+00,2.418996e+00,9.957720e-01,2.719857e-04,1.719716e+01,4.040331e-03
3.143224e-03,-8.390336e+00,-2.120576e-01,6.009160e+00,-8.029525e+00,-1.059972e+01,-1.882432e+01,7.358292e-01,-2.143976e+00,-1.703055e+01,9.253177e+00,-5.542100e+00,-7.215880e-01,4.079783e-02,3.701378e+02,7.099728e-01,9.867700e-04,5.870462e-01,-2.637031e+00,-1.808424e+00,1.958118e+00,-2.448857e+00,-7.272537e-01,-8.181122e-01,3.381210e+00,-3.180557e+00,-1.787677e+00,1.936790e+00,1.742844e+00,-2.417649e-03,6.385590e+00,1.969605e-02
4.431225e-03,-6.736037e+00,-4.712589e+00,3.603157e+00,-5.297522e+00,-1.459176e+01,-1.917548e+01,1.877255e-01,2.155800e+00,-2.242282e+01,7.437739e+00,-4.427090e+00,2.363776e+00,3.566032e-02,3.773735e+02,7.456142e-01,1.206369e-03,1.079035e+00,-2.646224e+00,-2.130147e+00,2.540546e+00,-2.817513e+00,-1.758484e+00,9.522047e-01,2.621102e+00,-5.162593e+00,1.529480e-01,4.220676e-01,1.312576e+00,-2.689635e-03,5.501504e+00,3.053432e-02
6.309236e-03,-5.404913e+00,-7.174867e+00,9.234996e-01,-2.689206e+00,-1.774336e+01,-2.324632e+01,4.740280e+00,3.356061e+00,-3.025343e+01,1.007844e+01,-5.546932e+00,3.080591e+00,3.505591e-02,3.827737e+02,7.978885e-01,7.575211e-04,1.065137e+00,-1.619332e+00,-1.725483e+00,2.728089e+00,-1.692091e+00,-1.733887e+00,9.846176e-01,1.024495e+00,-4.448627e+00,1.492220e+00,-1.368733e-01,-4.928451e-02,-2.206105e-03,-9.311908e+00,2.251686e-02
6.931944e-03,-4.980165e+00,-7.322125e+00,-1.262660e-01,1.987624e-01,-1.896173e+01,-2.484262e+01,5.363245e+00,3.152826e+00,-3.444280e+01,1.414659e+01,-7.048466e+00,1.677450e+00,3.475370e-02,3.834464e+02,8.089474e-01,-2.380428e-04,1.098526e+00,-2.676710e-01,-1.408949e+00,2.264841e+00,1.755981e-01,-8.832954e-01,-1.833252e-01,-4.859924e-01,-1.646526e+00,1.031996e+00,3.290542e-01,-1.463094e+00,-2.538532e-03,-2.999670e+01,5.306536e-03
5.680470e-03,-3.942586e+00,-7.003948e+00,-7.535440e-01,2.862779e+00,-1.687519e+01,-2.466018e+01,3.071157e+00,2.479986e+00,-3.326369e+01,1.335985e+01,-4.915779e+00,-6.248473e-01,3.022061e-02,3.205418e+02,7.908905e-01,-1.220250e-03,1.288054e+00,5.745347e-01,-1.387366e+00,1.342504e+00,1.588468e+00,8.987347e-01,-1.466538e+00,-1.609819e+00,1.707070e+00,-7.949165e-01,1.189319e+00,-1.973263e+00,-3.173164e-03,-4.987329e+01,-9.495521e-03
3.555394e-03,-1.974571e+00,-6.136404e+00,-2.603065e+00,3.250688e+00,-1.414786e+01,-2.288503e+01,1.056607e-01,1.638751e-01,-2.915032e+01,1.095701e+01,-3.097395e+00,-3.098976e+00,2.538531e-02,2.585060e+02,7.756459e-01,-1.518255e-03,1.384378e+00,1.047541e+00,-1.624753e+00,-6.885614e-02,2.037425e+00,1.923236e+00,-1.110880e+00,-2.287428e+00,3.702393e+00,-2.279403e+00,1.364279e+00,-1.626979e+00,-2.991840e-03,-6.295353e+01,-6.151782e-02
1.896263e-03,-4.674386e-01,-4.895054e+00,-4.774932e+00,2.497352e+00,-1.220796e+01,-1.973145e+01,3.638164e-02,-3.198558e+00,-2.436432e+01,7.698648e+00,-1.575872e+00,-4.397510e+00,2.387428e-02,1.958775e+02,7.670617e-01,-1.165855e-03,1.011186e+00,1.326092e+00,-1.433943e+00,-1.148990e+00,1.423574e+00,2.666192e+00,-1.992747e-01,-2.061739e+00,3.639695e+00,-2.294771e+00,8.480150e-01,-8.707467e-01,-2.236325e-03,-6.380942e+01,-1.330162e-01
1.232775e-03,2.041487e-01,-3.138866e+00,-6.239336e+00,3.719540e-02,-1.110822e+01,-1.769081e+01,1.326234e+00,-5.445044e+00,-2.038052e+01,5.580176e+00,-1.897026e+00,-4.571116e+00,2.296766e-02,1.310110e+02,5.132727e-01,-6.097048e-04,4.108795e-01,1.473317e+00,-7.423958e-01,-1.633540e+00,7.761379e-01,2.651455e+00,-1.058999e-01,-1.178408e+00,2.661733e+00,-1.616986e+00,2.469258e-01,-1.829421e-01,-1.692354e-03,-6.476472e+01,-2.061357e-01
1.012504e-03,2.398493e-02,-1.872257e+00,-6.105124e+00,-1.275425e+00,-1.127713e+01,-1.392633e+01,1.464497e+00,-5.024250e+00,-1.945012e+01,4.574413e+00,-1.275888e+00,-4.242511e+00,2.024781e-02,6.524220e+01,2.569959e-01,-2.094141e-04,-2.400477e-02,1.439531e+00,-1.660316e-01,-1.682706e+00,2.435754e-01,1.710315e+00,-1.128026e+00,4.617872e-02,1.314839e+00,-5.683910e-01,-5.484156e-01,1.900034e-02,-8.461773e-04,-3.852795e+01,-1.541634e-01
9.487497e-04,-1.658853e-01,-2.812192e-01,-5.649948e+00,-3.030622e+00,-1.073258e+01,-1.253031e+01,-1.137897e+00,-4.815321e+00,-1.829876e+01,4.434201e+00,-2.012758e+00,-4.091186e+00,1.873678e-02,0,0,-1.720195e-05,-2.252491e-01,9.748424e-01,1.243970e-01,-1.381462e+00,-3.899818e-01,9.342527e-02,-1.833156e+00,8.848497e-01,-7.934227e-02,1.248956e-01,-1.107536e+00,-3.069844e-01,1.299486e-03,2.250571e+00,-1.286101e-03
9.912053e-04,-4.024454e-01,8.737785e-01,-5.899784e+00,-4.382270e+00,-1.117790e+01,-1.376012e+01,-4.371684e+00,-3.282526e+00,-1.883101e+01,5.429681e+00,-4.260084e+00,-4.542473e+00,2.175884e-02,6.874318e+01,2.528811e-01,1.359393e-04,-5.262250e-01,2.596138e-01,4.169035e-01,-1.126665e+00,-1.070546e+00,-1.716594e+00,-1.099437e+00,1.348368e+00,-1.874338e+00,1.223909e+00,-1.617326e+00,-1.148964e+00,4.442430e-03,4.386458e+01,1.521901e-01
1.157415e-03,-7.088817e-01,3.623284e-01,-5.720020e+00,-5.316690e+00,-1.310775e+01,-1.730679e+01,-4.921456e+00,-1.891657e+00,-2.108679e+01,5.777020e+00,-5.942608e+00,-5.956057e+00,2.870958e-02,1.405133e+02,5.088996e-01,3.456355e-04,-1.109979e+00,-5.658295e-01,1.129059e+00,-8.754330e-01,-1.701752e+00,-2.270042e+00,1.001353e+00,1.241843e+00,-3.923960e+00,2.817286e+00,-1.740932e+00,-1.886949e+00,7.252948e-03,5.868160e+01,2.040949e-01
1.587868e-03,-2.335642e+00,-8.959615e-01,-3.985570e+00,-5.765715e+00,-1.544228e+01,-2.012106e+01,-2.140911e+00,2.557608e-01,-2.742779e+01,1.002255e+01,-7.397591e+00,-9.054894e+00,3.747356e-02,2.143085e+02,7.634966e-01,5.484853e-04,-1.761046e+00,-7.877828e-01,1.801569e+00,-7.914120e-01,-1.761251e+00,-1.794302e+00,3.131640e+00,1.842600e-01,-4.774294e+00,4.354329e+00,-2.082545e+00,-1.984296e+00,8.733758e-03,3.918167e+01,1.277110e-01
2.378596e-03,-4.749184e+00,-2.225497e+00,-9.617580e-01,-6.716064e+00,-1.710915e+01,-2.070005e+01,2.753480e+00,-3.752495e-01,-3.362017e+01,1.622420e+01,-9.148665e+00,-1.126972e+01,4.714416e-02,2.206254e+02,7.651668e-01,6.247327e-04,-2.129959e+00,-2.793528e-01,1.777627e+00,-5.995069e-01,-1.400561e+00,-8.342211e-01,4.021312e+00,-1.397926e+00,-3.427776e+00,4.546606e+00,-2.472165e+00,-1.028507e+00,8.159565e-03,1.814656e+01,5.005481e-02
3.123041e-03,-7.187523e+00,-1.771223e+00,7.289290e-01,-7.639643e+00,-1.798345e+01,-2.103500e+01,7.449051e+00,-3.119430e+00,-3.643579e+01,2.197774e+01,-1.306978e+01,-1.180712e+01,5.621034e-02,2.245955e+02,7.633023e-01,4.699527e-04,-2.037425e+00,7.736542e-01,9.914438e-01,2.236094e-01,-1.314047e+00,-1.611767e-01,3.479683e+00,-2.707962e+00,-4.213829e-02,2.225779e+00,-1.822625e+00,-5.474930e-02,7.222726e-03,-1.210547e+01,-7.377505e-03
3.513491e-03,-8.932736e+00,-5.968047e-01,8.108642e-01,-7.377260e+00,-1.883997e+01,-2.102093e+01,1.039012e+01,-7.193693e+00,-3.372167e+01,2.253246e+01,-1.546734e+01,-9.722481e+00,6.013902e-02,2.261026e+02,7.592708e-01,3.192434e-04,-2.000913e+00,2.392953e+00,-1.417403e-01,1.541625e+00,-9.892948e-01,4.008512e-01,1.829068e+00,-2.590734e+00,3.633500e+00,-1.469417e+00,1.366705e-01,4.113232e-01,1.106074e-02,-3.641993e+01,-6.132727e-02
3.370184e-03,-1.043099e+01,2.157964e+00,8.533764e-02,-4.317070e+00,-2.114711e+01,-2.076650e+01,1.143919e+01,-9.874825e+00,-2.758773e+01,1.799731e+01,-1.335138e+01,-1.010226e+01,6.708976e-02,1.510425e+02,7.295570e-01,3.503862e-04,-2.468241e+00,3.670710e+00,-5.781851e-01,2.949434e+00,4.414349e-02,1.303061e+00,-3.918382e-01,-1.171936e+00,6.273020e+00,-4.337900e+00,2.629793e+00,7.646263e-01,2.447869e-02,-5.999915e+01,-1.360797e-01
3.851242e-03,-1.313202e+01,7.774677e+00,-1.348664e+00,-6.692252e-01,-2.047379e+01,-1.883004e+01,9.903752e+00,-9.951221e+00,-1.987670e+01,1.086733e+01,-8.324512e+00,-1.006553e+01,9.700816e-02,7.530221e+01,4.754031e-01,8.769289e-04,-3.301769e+00,4.246720e+00,-5.743926e-01,3.197844e+00,1.363832e+00,2.359162e+00,-2.430904e+00,4.738729e-01,6.639660e+00,-4.575959e+00,4.348809e+00,1.480788e+00,4.375944e-02,-6.032477e+01,-2.023261e-01
4.706097e-03,-1.742909e+01,1.239659e+01,-1.082232e+00,3.753507e+00,-1.694582e+01,-1.561514e+01,5.733044e+00,-7.600348e+00,-1.199317e+01,6.120804e+00,-3.492228e+00,-7.812464e+00,1.601692e-01,0,2.248376e-01,1.526980e-03,-3.847930e+00,3.294065e+00,-2.147095e-01,2.374401e+00,2.847505e+00,3.147914e+00,-3.274855e+00,1.266101e+00,5.030375e+00,-2.879902e+00,4.121793e+00,2.650731e+00,5.723783e-02,-3.773872e+01,-1.934517e-01
7.230179e-03,-2.194254e+01,1.551748e+01,-1.477314e+00,4.576669e+00,-1.412145e+01,-1.180080e+01,1.088671e+00,-5.961566e+00,-8.320649e+00,5.590916e+00,1.347131e+00,-3.463441e+00,2.323965e-01,0,0,1.899432e-03,-3.341469e+00,1.395116e+00,-4.173383e-01,1.017098e+00,2.744092e+00,3.258062e+00,-1.960653e+00,1.394421e+00,2.151950e+00,-1.370780e+00,2.901309e+00,2.812672e+00,5.509217e-02,-1.506044e+01,-1.175644e-01
9.315617e-03,-2.526538e+01,1.475688e+01,-9.238849e-01,4.931985e+00,-1.008576e+01,-8.541549e+00,-5.275483e-01,-5.539146e+00,-8.213878e+00,6.236009e+00,2.421766e+00,-1.496496e-01,2.855848e-01,0,0,1.641987e-03,-2.008448e+00,-2.312466e-01,-9.405748e-01,4.922014e-01,2.164691e+00,2.889185e+00,4.736925e-01,1.008849e+00,-4.849613e-01,-1.330044e+00,1.157979e+00,2.058883e+00,4.037474e-02,0,-4.496752e-02
1.104364e-02,-2.592121e+01,1.357011e+01,-3.514529e+00,3.827028e+00,-1.018336e+01,-6.076523e+00,3.230783e+00,-4.009717e+00,-1.100659e+01,3.955821e+00,3.225037e+00,1.664218e-01,3.097613e-01,0,0,8.013331e-04,-4.094393e-01,-9.694362e-01,-1.305000e+00,1.082531e+00,9.058558e-01,1.893870e+00,2.213407e+00,1.418975e+00,-1.439652e+00,-2.046383e+00,-4.137340e-01,7.205073e-01,2.432759e-02,0,0
1.100930e-02,-2.548199e+01,1.221404e+01,-4.766499e+00,6.589334e+00,-8.091409e+00,-4.031353e+00,7.030450e+00,-3.532027e+00,-1.307501e+01,2.881312e-01,1.358713e+00,6.670195e-01,3.233605e-01,0,0,9.811576e-06,6.519750e-01,-5.419375e-01,-8.131388e-01,1.902048e+00,1.874977e-01,6.502774e-01,1.709443e+00,1.204174e+00,-1.236129e+00,-2.490416e+00,-1.173338e+00,-5.043000e-01,1.426412e-02,0,0
1.039000e-02,-2.388143e+01,1.194172e+01,-6.081006e+00,9.160649e+00,-1.058935e+01,-4.586552e+00,8.376708e+00,1.297513e-01,-1.308834e+01,-1.667059e+00,-1.900127e-01,-2.692387e-01,3.351466e-01,0,0,-3.022386e-04,8.719174e-01,3.648324e-01,2.582971e-01,1.827601e+00,4.273110e-01,-3.184828e-01,-5.388489e-02,8.367740e-01,-6.484575e-01,-1.791268e+00,-1.327380e+00,-1.297662e+00,9.459054e-03,0,0
9.691495e-03,-2.302540e+01,1.286139e+01,-3.706341e+00,1.177541e+01,-8.945277e+00,-6.035147e+00,5.446706e+00,-1.588009e+00,-1.335365e+01,-3.404630e+00,-1.737400e+00,-2.453320e+00,3.442127e-01,0,0,3.030899e-04,2.862263e-01,1.008719e+00,7.983602e-01,5.183582e-01,7.042704e-01,-8.776613e-01,-1.274850e+00,-4.523373e-02,-6.732782e-01,-6.748534e-01,-1.639280e-01,-1.410262e+00,4.714417e-03,0,0
1.019135e-02,-2.278992e+01,1.507060e+01,-2.753123e+00,1.037199e+01,-7.619874e+00,-6.667040e+00,3.753231e+00,-7.978559e-01,-1.410956e+01,-3.154140e+00,-1.863807e+00,-4.761717e+00,3.466304e-01,0,0,1.479772e-03,-7.418644e-01,1.070340e+00,7.953845e-01,-8.386475e-01,1.344913e+00,-6.420804e-01,-1.306684e+00,-7.387769e-01,-7.096350e-01,4.936396e-01,7.022238e-01,-8.498179e-01,-2.296767e-03,0,0
1.262407e-02,-2.459661e+01,1.569320e+01,-2.438639e+00,8.575454e+00,-6.054793e+00,-7.379416e+00,2.967940e+00,-3.294393e+00,-1.593079e+01,-2.342596e+00,1.375970e+00,-4.138053e+00,3.411907e-01,0,0,2.292180e-03,-1.587847e+00,3.367230e-01,6.048268e-01,-1.476007e+00,7.332081e-01,-2.498185e-01,2.330668e-02,-3.763708e-01,-4.257213e-01,1.060659e+00,9.052307e-01,2.953833e-01,-9.398609e-03,0,0
1.632257e-02,-2.680515e+01,1.587752e+01,-2.737934e+00,6.567392e+00,-5.310024e+00,-7.124819e+00,3.082670e+00,-2.710942e+00,-1.534795e+01,2.701222e-01,1.764421e+00,-3.675961e+00,3.251738e-01,0,0,2.110297e-03,-1.964203e+00,-6.886180e-01,1.105063e+00,-9.594290e-01,1.804678e-01,6.010924e-02,1.508806e+00,-7.904787e-02,1.720546e-01,7.968081e-01,4.256424e-01,1.079741e+00,-1.529163e-02,0,0
1.808678e-02,-2.895702e+01,1.414154e+01,-6.898009e-01,6.297680e+00,-6.434162e+00,-7.055350e+00,5.898520e+00,-2.513320e+00,-1.486306e+01,1.865345e-01,9.746389e-01,-1.519281e+00,3.079480e-01,0,0,6.959271e-04,-1.606579e+00,-1.261038e+00,1.808988e+00,-2.666750e-01,-3.653463e-01,-3.616219e-01,2.906447e+00,3.900031e-01,-1.847177e-01,-2.734090e-02,-4.643605e-01,1.043683e+00,-2.033847e-02,0,0
1.801148e-02,-3.043073e+01,1.240334e+01,1.897774e+00,6.713735e+00,-6.527851e+00,-6.528527e+00,9.831970e+00,-1.583632e+00,-1.378315e+01,-4.346637e-01,4.650712e-01,-6.723965e-01,2.867936e-01,0,0,-1.364665e-03,-9.701252e-02,-1.542140e+00,1.622949e+00,-4.999255e-01,-1.324478e+00,-1.678540e+00,2.646723e+00,-5.529474e-01,-8.847393e-01,-7.956122e-02,-7.318342e-01,1.185026e-01,-2.892113e-02,0,0
1.525926e-02,-3.081671e+01,1.112510e+01,4.288445e+00,7.168907e+00,-7.272611e+00,-9.485672e+00,1.412553e+01,-1.908032e+00,-1.763678e+01,-2.126907e+00,-2.961572e-01,-4.214226e-01,2.586884e-01,0,0,-2.905293e-03,2.070413e+00,-1.921853e+00,7.396764e-01,-1.879672e+00,-2.516586e+00,-2.876092e+00,8.522741e-01,-1.613357e+00,-1.917804e+00,1.722029e+00,-1.487478e+00,-1.549986e+00,-4.230886e-02,3.484828e+01,5.304444e-02
1.091301e-02,-2.636036e+01,9.675042e+00,2.887690e+00,3.632151e+00,-1.151319e+01,-1.430236e+01,1.220278e+01,-5.778323e+00,-1.838478e+01,1.029037e+00,-1.259352e+00,-3.632377e+00,2.051979e-01,0,0,-3.430106e-03,4.107002e+00,-2.761565e+00,-4.612036e-01,-3.550093e+00,-4.167745e+00,-3.066665e+00,-1.355114e+00,-2.237590e+00,-1.928056e+00,4.541403e+00,-2.080912e+00,-2.725125e+00,-5.240254e-02,8.723563e+01,1.355191e-01
7.109554e-03,-2.064014e+01,5.896425e+00,2.513623e+00,-1.559886e+00,-1.652443e+01,-1.754889e+01,8.974484e+00,-8.482758e+00,-2.215126e+01,8.064831e+00,-5.600538e+00,-7.789221e+00,1.372016e-01,1.742414e+02,2.652222e-01,-2.637062e-03,4.670104e+00,-3.730313e+00,-1.268301e+00,-3.801254e+00,-4.551586e+00,-1.828148e+00,-2.497477e+00,-1.328555e+00,-9.744747e-01,6.207724e+00,-2.085558e+00,-2.898105e+00,-5.203988e-02,1.398229e+02,2.201934e-01
4.935801e-03,-1.498401e+01,1.209848e+00,4.791671e-01,-6.672331e+00,-2.274067e+01,-1.783024e+01,5.631924e+00,-9.484220e+00,-2.116619e+01,1.717648e+01,-7.287301e+00,-1.061412e+01,8.552433e-02,3.490575e+02,5.449843e-01,-1.401186e-03,3.701098e+00,-3.863319e+00,-1.748911e+00,-2.444729e+00,-3.169878e+00,-8.182772e-01,-2.193956e+00,7.121593e-01,-1.047476e-01,5.169467e+00,-1.478585e+00,-1.705859e+00,-3.919613e-02,1.400838e+02,2.253061e-01
5.062553e-03,-1.315437e+01,-3.293864e+00,-8.487971e-01,-6.685120e+00,-2.441680e+01,-1.686247e+01,4.923572e+00,-6.697857e+00,-2.111845e+01,2.083799e+01,-7.709975e+00,-1.142108e+01,5.832578e-02,5.245857e+02,8.284749e-01,-3.567149e-04,2.420825e+00,-3.178715e+00,-2.542199e+00,-9.345003e-01,-7.112625e-01,-9.681435e-01,-1.732248e+00,2.653702e+00,9.132269e-01,2.872166e+00,-5.431322e-01,2.981520e-02,-2.363252e-02,8.796495e+01,1.456188e-01
4.930580e-03,-1.159776e+01,-5.046411e+00,-4.175654e+00,-6.028877e+00,-2.341639e+01,-1.873695e+01,3.258457e+00,-3.109977e+00,-1.942493e+01,2.048979e+01,-7.597558e+00,-1.034574e+01,4.865518e-02,5.252470e+02,8.449042e-01,2.997780e-04,1.433490e+00,-2.225722e+00,-3.057814e+00,-4.857161e-01,2.466619e+00,-1.955601e+00,-1.401928e+00,4.150805e+00,8.361257e-01,9.108852e-01,-4.286012e-01,1.152714e+00,-1.266244e-02,3.588602e+01,5.949782e-02
5.328590e-03,-1.022914e+01,-6.869020e+00,-7.869961e+00,-6.554115e+00,-1.974288e+01,-2.193625e+01,1.499978e+00,1.598632e+00,-1.845576e+01,2.076900e+01,-8.161071e+00,-7.774335e+00,3.747356e-02,5.259714e+02,8.433560e-01,4.876917e-04,1.159961e+00,-1.450879e+00,-3.238642e+00,-1.223232e+00,4.787577e+00,-2.176259e+00,-1.163834e+00,4.283974e+00,9.367992e-01,3.518787e-01,-8.693487e-01,1.293629e+00,-6.497432e-03,-7.509540e+00,-8.241212e-03
6.301673e-03,-9.279176e+00,-8.131184e+00,-1.129932e+01,-9.166414e+00,-1.274453e+01,-2.507135e+01,3.340801e-01,7.121564e+00,-1.831691e+01,2.176540e+01,-9.204759e+00,-6.673924e+00,3.263826e-02,5.277947e+02,8.350329e-01,4.225724e-04,8.715109e-01,-1.212479e+00,-2.761219e+00,-1.936361e+00,5.583521e+00,-7.102493e-01,-8.690858e-01,3.033376e+00,7.106218e-01,-3.720818e-01,-1.568135e+00,4.312103e-01,-2.357208e-03,-2.949068e+01,-1.536833e-02
6.815465e-03,-8.513853e+00,-9.005874e+00,-1.348017e+01,-1.123251e+01,-5.814843e+00,-2.457657e+01,5.665923e-01,9.606243e+00,-1.698846e+01,2.195958e+01,-1.125312e+01,-6.788841e+00,3.384708e-02,4.857641e+02,7.922046e-01,7.826024e-05,6.744396e-01,-1.001386e+00,-1.898852e+00,-2.221153e+00,4.868604e+00,1.499656e+00,-6.041635e-01,7.776968e-01,8.200949e-01,-1.468615e+00,-2.145320e+00,-6.086254e-01,1.269266e-03,-5.661718e+01,-1.324602e-02
6.300005e-03,-8.097844e+00,-1.004038e+01,-1.517664e+01,-1.337148e+01,-2.462799e+00,-2.096804e+01,-6.202791e-01,8.053097e+00,-1.660547e+01,1.803410e+01,-1.389221e+01,-8.682439e+00,3.868238e-02,3.978972e+02,7.936383e-01,-1.993533e-04,6.174755e-01,-8.234366e-01,-1.231163e+00,-2.135911e+00,3.260369e+00,3.449111e+00,-8.024479e-01,-1.166218e+00,8.097585e-01,-2.379921e+00,-2.312023e+00,-1.000824e+00,2.508312e-03,-7.090999e+01,1.290345e-03
5.720725e-03,-7.447605e+00,-1.092135e+01,-1.542556e+01,-1.555734e+01,-5.407262e-01,-1.648963e+01,-1.043660e+00,5.021350e+00,-1.521100e+01,1.529158e+01,-1.654394e+01,-9.813205e+00,4.079783e-02,3.078343e+02,7.978231e-01,-9.630089e-05,6.569525e-01,-6.173645e-01,-9.100097e-01,-2.040588e+00,2.012024e+00,4.253488e+00,-8.437300e-01,-1.962215e+00,2.776762e-01,-2.342774e+00,-2.100854e+00,-1.053235e+00,1.511032e-03,-5.847248e+01,1.462526e-02
5.852276e-03,-6.724922e+00,-1.129063e+01,-1.648244e+01,-1.768355e+01,9.202543e-01,-1.186927e+01,-2.873033e+00,3.582923e+00,-1.515685e+01,1.319979e+01,-1.811946e+01,-1.016586e+01,4.170445e-02,2.622097e+02,8.386753e-01,2.211947e-04,7.887591e-01,-2.720090e-01,-7.380559e-01,-1.577950e+00,1.371036e+00,4.409783e+00,-4.551754e-01,-1.535703e+00,-3.795899e-01,-1.575229e+00,-1.650101e+00,-8.116356e-01,-2.719849e-04,-3.230211e+01,1.503215e-02
6.557825e-03,-5.915552e+00,-1.146757e+01,-1.737732e+01,-1.927942e+01,2.553752e+00,-7.858515e+00,-2.525681e+00,2.030255e+00,-1.632439e+01,1.266286e+01,-1.964376e+01,-1.131330e+01,3.989121e-02,2.612455e+02,8.428124e-01,3.961173e-04,1.033915e+00,1.014107e-01,-7.687677e-01,-8.649559e-01,6.403456e-01,4.053983e+00,3.790676e-01,-1.001024e+00,-1.036380e+00,-7.693313e-01,-1.124054e+00,-7.653104e-01,-1.420369e-03,-1.057477e+01,1.085290e-02
6.987429e-03,-4.920075e+00,-1.112731e+01,-1.789104e+01,-1.940020e+01,2.845141e+00,-3.234683e+00,-2.155146e+00,1.870131e+00,-1.794672e+01,1.147231e+01,-2.059281e+01,-1.199057e+01,3.777577e-02,2.596811e+02,8.463044e-01,3.210572e-04,1.318781e+00,3.009533e-01,-8.127323e-01,-4.910698e-02,1.370754e-02,2.915562e+00,1.442429e+00,-1.051017e+00,-7.867451e-01,-1.364189e-01,-8.171778e-01,-5.380217e-01,-1.873678e-03,-2.625671e+00,2.639377e-03
7.133735e-03,-3.180452e+00,-1.049596e+01,-1.856510e+01,-1.902380e+01,1.698558e+00,-5.370013e-01,4.927342e-01,8.726242e-01,-1.899796e+01,1.230867e+01,-2.092754e+01,-1.272740e+01,3.566032e-02,2.562247e+02,8.482731e-01,1.959626e-04,1.386383e+00,1.162953e-01,-9.140953e-01,4.635777e-01,-4.330781e-01,1.321695e+00,1.940882e+00,-1.460054e+00,-2.463093e-02,-6.839571e-02,-5.158913e-01,6.840744e-02,-1.601693e-03,-3.896144e+00,1.443970e-03
7.169607e-03,-1.498566e+00,-1.027167e+01,-1.995222e+01,-1.805689e+01,1.416389e+00,-9.522185e-01,2.829902e+00,-1.093347e+00,-1.775378e+01,1.269480e+01,-2.156346e+01,-1.214892e+01,3.445150e-02,2.515917e+02,8.491418e-01,1.638031e-04,1.075513e+00,-2.875645e-01,-7.702926e-01,8.518423e-01,-4.966215e-01,9.299855e-02,1.903281e+00,-2.104649e+00,1.061959e+00,-2.117306e-01,-1.486366e-01,8.395333e-01,-1.239046e-03,-4.943452e+00,4.450381e-04
7.446548e-03,-6.943893e-01,-1.131392e+01,-2.091721e+01,-1.763318e+01,1.102738e+00,-2.391273e+00,4.686205e+00,-3.788278e+00,-1.654402e+01,1.170964e+01,-2.173789e+01,-1.089209e+01,3.354488e-02,2.458094e+02,8.486135e-01,1.941157e-04,4.968105e-01,-4.081059e-01,-2.460175e-01,1.115736e+00,-3.559227e-01,-8.276970e-02,1.282792e+00,-1.661424e+00,1.614254e+00,-1.495997e-01,4.002073e-01,1.616606e+00,-9.066187e-04,-5.697162e+00,-1.933283e-03
7.650038e-03,-7.855437e-01,-1.215616e+01,-2.056645e+01,-1.583630e+01,6.599440e-01,-1.842554e+00,5.264526e+00,-6.322662e+00,-1.386390e+01,1.071317e+01,-2.093081e+01,-8.710558e+00,3.263826e-02,2.401715e+02,8.483594e-01,1.408199e-04,-2.865889e-02,-1.601953e-02,2.460476e-01,8.141972e-01,-2.512666e-01,-1.417279e-01,7.058169e-01,-4.456402e-01,9.541335e-01,6.623389e-01,7.987818e-01,1.775457e+00,-8.763980e-04,-6.333984e+00,-5.109316e-03
7.864098e-03,-1.052911e+00,-1.159424e+01,-1.948807e+01,-1.455542e+01,2.971670e-01,-5.056821e-01,5.689383e+00,-4.819839e+00,-1.287164e+01,1.255148e+01,-1.924283e+01,-6.363556e+00,3.203385e-02,2.334491e+02,8.389979e-01,-4.208908e-05,-3.191080e-01,7.978715e-01,2.900562e-01,-5.688763e-02,2.207494e-01,-5.153702e-01,2.549903e-01,1.174390e+00,-3.175631e-01,1.683808e+00,1.074853e+00,1.448870e+00,-8.461772e-04,-7.115720e+00,-8.922219e-03
7.664931e-03,-1.462600e+00,-1.021161e+01,-1.943655e+01,-1.552479e+01,5.628412e-01,-2.603654e+00,5.857398e+00,-2.805767e+00,-1.481931e+01,1.558557e+01,-1.881709e+01,-5.535903e+00,3.082502e-02,2.261020e+02,8.284031e-01,-2.975684e-04,-2.960078e-01,1.449790e+00,-2.159153e-01,-1.248740e+00,8.921928e-01,-1.145778e+00,-1.922531e-01,2.194159e+00,-1.329679e+00,1.885502e+00,1.478799e+00,9.801337e-01,-4.835298e-04,-7.905670e+00,-1.065565e-02
7.228656e-03,-1.951401e+00,-8.296836e+00,-2.003188e+01,-1.807337e+01,2.255036e+00,-4.587574e+00,5.664721e+00,3.252263e-01,-1.765413e+01,1.769248e+01,-1.742049e+01,-5.235067e+00,3.022061e-02,2.172655e+02,8.139806e-01,-5.848678e-04,6.433968e-02,1.701047e+00,-6.631405e-01,-1.504446e+00,1.319614e+00,-5.989934e-01,-9.240105e-01,1.831981e+00,-1.253300e+00,1.197911e+00,2.370077e+00,8.313524e-01,3.928671e-04,-8.432573e+00,-9.694720e-03
6.479917e-03,-1.816337e+00,-6.555908e+00,-2.137412e+01,-2.032102e+01,4.141974e+00,-5.530500e+00,4.315592e+00,2.075599e+00,-1.812105e+01,1.757018e+01,-1.444799e+01,-4.374134e+00,3.112723e-02,2.087349e+02,8.075898e-01,-7.832706e-04,5.480244e-01,1.478059e+00,-6.353390e-01,-7.664452e-01,9.046125e-01,7.368588e-01,-1.473653e+00,9.169106e-01,-2.207437e-01,9.461556e-02,3.022175e+00,1.235221e+00,1.511030e-03,-8.494726e+00,-7.001466e-03
5.532267e-03,-5.543434e-01,-4.916856e+00,-2.183499e+01,-1.967953e+01,5.105670e+00,-2.037226e+00,1.840233e+00,1.899381e+00,-1.748726e+01,1.754873e+01,-9.576992e+00,-2.787679e+00,3.384708e-02,1.999697e+02,8.009309e-01,-9.073982e-04,9.624453e-01,9.713743e-01,4.864197e-02,8.249321e-02,-2.440445e-02,1.905262e+00,-1.577885e+00,-2.431917e-01,6.458746e-01,-8.753387e-01,3.272750e+00,1.091624e+00,1.813237e-03,-8.017197e+00,-5.133325e-03
4.596774e-03,5.789934e-01,-4.511301e+00,-2.171169e+01,-1.855393e+01,3.660587e+00,-1.945338e-01,4.013766e-01,9.917083e-01,-1.600646e+01,1.613053e+01,-7.627961e+00,-5.834932e-01,3.656694e-02,1.922762e+02,7.999206e-01,-9.223948e-04,1.007606e+00,4.472326e-01,8.517525e-01,5.897062e-01,-7.314243e-01,2.019298e+00,-1.180933e+00,-8.250870e-01,1.549234e+00,-1.500145e+00,2.916676e+00,9.166552e-02,1.239045e-03,-7.213811e+00,-4.428500e-03
3.633237e-03,1.663160e+00,-4.462268e+00,-1.961989e+01,-1.854445e+01,2.373708e+00,2.270753e+00,-2.675973e-01,-3.487867e-01,-1.548205e+01,1.403562e+01,-4.466754e+00,-1.672269e+00,3.656694e-02,1.854089e+02,7.921486e-01,-8.715449e-04,8.662866e-01,2.291974e-01,1.039366e+00,8.748621e-01,-4.890703e-01,8.206822e-01,-1.028522e+00,-7.325442e-01,2.690311e+00,-1.896691e+00,2.187947e+00,-1.370955e+00,6.044209e-05,-6.066625e+00,-5.285186e-03
2.817458e-03,2.112942e+00,-4.547039e+00,-1.822291e+01,-1.794003e+01,1.850834e+00,2.412001e+00,-5.351594e-01,-9.257517e-01,-1.137748e+01,1.182601e+01,-2.419724e+00,-4.473511e+00,3.596253e-02,1.799462e+02,7.898385e-01,-7.959207e-04,5.731146e-01,5.026659e-01,1.095009e+00,1.831378e+00,5.830891e-02,-6.816964e-01,-9.122265e-01,-4.672084e-01,3.769797e+00,-1.430036e+00,1.498451e+00,-2.066900e+00,-8.763972e-04,-1.624681e+01,-5.756098e-02
2.064200e-03,3.010115e+00,-3.753000e+00,-1.838255e+01,-1.561217e+01,3.565195e+00,7.629176e-01,-2.834107e+00,-8.046100e-01,-6.350197e+00,1.021753e+01,-1.241377e+00,-7.697445e+00,3.445150e-02,1.758016e+02,7.795460e-01,-6.647987e-04,2.289824e-01,1.050104e+00,9.475077e-01,2.680370e+00,1.323414e-01,-1.757778e+00,-8.296436e-01,-3.645261e-01,4.099300e+00,-8.620715e-01,7.984686e-01,-1.433056e+00,-1.541251e-03,-3.199607e+01,-1.344389e-01
1.401688e-03,2.771089e+00,-2.352605e+00,-1.685532e+01,-1.086318e+01,3.356387e+00,-2.849098e+00,-2.876501e+00,-1.116422e+00,-1.723398e+00,1.088939e+01,-1.748395e+00,-7.905407e+00,3.324267e-02,1.158458e+02,5.184169e-01,-5.091653e-04,-9.166236e-02,1.521601e+00,1.303911e+00,2.847564e+00,-6.320740e-01,-1.732692e+00,-2.423054e-01,-6.331580e-01,2.498905e+00,-4.748020e-01,5.934387e-01,-6.467380e-02,-2.357208e-03,-4.782154e+01,-2.103558e-01
1.017128e-03,2.478999e+00,-3.089677e-01,-1.556614e+01,-8.681024e+00,2.282638e+00,-3.887585e+00,-3.245145e+00,-2.076082e+00,1.874045e-01,1.019357e+01,-8.100756e-01,-7.121600e+00,3.022061e-02,5.747869e+01,2.556647e-01,-3.185596e-04,-3.011132e-01,1.476146e+00,1.434920e+00,2.050884e+00,-1.399371e+00,-9.378037e-01,4.777884e-01,-9.632775e-01,3.521736e-01,-3.065914e-01,7.774547e-01,9.201293e-01,-2.931400e-03,-4.674491e+01,-2.077509e-01
7.951673e-04,1.920188e+00,1.338951e+00,-1.311156e+01,-7.167787e+00,-6.682574e-01,-3.926207e+00,-1.541168e+00,-3.455806e+00,-2.151762e+00,9.463981e+00,3.318189e-01,-5.084803e+00,2.629193e-02,0,0,-1.649224e-04,-2.800843e-01,1.153698e+00,1.099155e+00,1.363440e+00,-1.541668e+00,-5.691024e-01,6.374422e-01,-4.696990e-01,-1.298340e+00,-3.415384e-01,7.962087e-01,8.353842e-01,-2.750076e-03,-2.891703e+01,-1.292499e-01
7.746623e-04,1.929999e+00,1.781948e+00,-1.307983e+01,-7.205451e+00,-1.419338e+00,-3.387547e+00,-1.112832e+00,-4.451305e+00,-4.375147e+00,9.397277e+00,1.605790e+00,-4.507101e+00,2.326987e-02,0,0,-4.486019e-05,-1.925121e-01,1.802192e-01,6.654819e-01,1.184068e+00,-1.228953e+00,-1.198657e+00,9.494770e-01,9.299253e-01,-1.521235e+00,7.861443e-02,5.109712e-01,-1.837468e-02,-1.601692e-03,-8.007858e-01,-1.170161e-03
6.983085e-04,1.645167e+00,2.370428e+00,-1.260270e+01,-4.783769e+00,-2.500964e+00,-5.944630e+00,-7.554461e-01,-2.277305e+00,-5.933824e+00,9.579846e+00,1.024716e+00,-5.035736e+00,2.296766e-02,0,0,5.889706e-05,-1.690452e-01,-7.635539e-01,4.902948e-01,1.105695e+00,-1.040194e+00,-2.260427e+00,1.333697e+00,2.513519e+00,-8.248879e-01,4.531903e-01,-3.791354e-02,-5.073754e-01,-3.022060e-04,2.665597e+01,1.250458e-01
8.412561e-04,1.653949e+00,7.639011e-02,-1.249316e+01,-3.952690e+00,-2.945775e+00,-8.871659e+00,1.109379e+00,1.984295e+00,-5.527738e+00,1.052871e+01,1.398332e+00,-7.238007e+00,2.387428e-02,5.347477e+01,2.498139e-01,1.470308e-04,-2.736374e-01,-1.507253e+00,8.169276e-01,1.020315e+00,-1.603710e+00,-3.193600e+00,2.464839e+00,3.314273e+00,-3.328088e-01,9.669272e-01,-8.389755e-01,7.866545e-02,2.719857e-04,4.252166e+01,2.001290e-01
1.056356e-03,1.212987e+00,-1.626039e+00,-1.095342e+01,-3.265694e+00,-5.106009e+00,-1.248629e+01,4.016211e+00,5.893991e+00,-5.699905e+00,1.116422e+01,2.459803e-01,-6.256227e+00,2.447869e-02,1.065425e+02,5.003221e-01,2.078682e-04,-4.288921e-01,-1.491925e+00,1.140723e+00,4.322668e-01,-2.032436e+00,-3.331863e+00,3.188336e+00,2.155182e+00,-1.050312e-01,1.429312e+00,-1.372585e+00,1.242333e+00,0,4.236596e+01,2.002903e-01
1.330793e-03,7.779017e-01,-3.756085e+00,-9.819833e+00,-2.862913e+00,-8.135367e+00,-1.608472e+01,8.825532e+00,8.034412e+00,-6.156151e+00,1.343973e+01,-2.199720e+00,-3.503528e+00,2.387428e-02,1.593371e+02,7.504840e-01,1.797933e-04,-4.670029e-01,-5.762243e-01,1.130083e+00,1.474010e-01,-1.912491e+00,-3.058074e+00,2.634372e+00,3.001475e-01,-6.976309e-02,1.470873e+00,-1.865483e+00,1.962743e+00,-3.324267e-04,2.641039e+01,1.247531e-01
1.492881e-03,-6.127006e-02,-3.172957e+00,-8.235747e+00,-3.167324e+00,-1.006835e+01,-1.899741e+01,1.132816e+01,5.473548e+00,-6.144773e+00,1.527090e+01,-4.039183e+00,-6.913080e-01,2.296766e-02,1.588986e+02,7.511165e-01,8.004209e-05,-1.955217e-01,4.137890e-01,6.134318e-01,2.579614e-01,-1.024850e+00,-1.906965e+00,6.085027e-01,-1.566598e+00,3.747175e-01,9.632553e-01,-1.721073e+00,1.629911e+00,-3.324268e-04,1.089173e+01,4.819055e-02
1.521960e-03,-4.393692e-02,-2.031272e+00,-8.201583e+00,-3.264870e+00,-1.002706e+01,-2.090647e+01,1.062526e+01,3.695253e+00,-5.654119e+00,1.582973e+01,-5.786502e+00,-2.067488e-01,2.296766e-02,1.593486e+02,7.481824e-01,-7.125728e-05,1.121570e-01,1.288299e+00,2.612268e-01,7.606535e-01,-8.400135e-02,-7.660065e-02,-1.785479e+00,-2.230335e+00,7.089310e-01,-1.644337e-01,-1.169455e+00,2.886258e-01,6.346324e-04,-1.006594e+01,-5.257000e-02
1.360983e-03,6.462981e-01,-4.195001e-01,-8.695382e+00,-1.774908e+00,-9.284410e+00,-1.961024e+01,6.158859e+00,2.305828e-01,-4.077333e+00,1.478549e+01,-6.565994e+00,2.449366e-01,2.326987e-02,1.609953e+02,7.424257e-01,-2.003686e-04,3.988167e-01,1.766111e+00,1.691965e-01,1.333347e+00,3.943991e-01,2.032461e+00,-3.490735e+00,-2.008886e+00,1.026975e+00,-1.147630e+00,-2.296650e-01,-1.297902e+00,1.722575e-03,-2.603042e+01,-1.269625e-01
1.040456e-03,9.849029e-01,1.308683e+00,-8.283881e+00,2.441463e-01,-8.947343e+00,-1.616131e+01,2.482786e+00,-4.957795e-01,-3.645216e+00,1.286026e+01,-6.783587e+00,-2.528522e+00,2.689634e-02,1.079590e+02,4.919794e-01,-2.533192e-04,3.679552e-01,2.063489e+00,6.078211e-01,1.283062e+00,4.987206e-01,3.167493e+00,-3.791567e+00,-1.444477e+00,1.084764e+00,-1.487343e+00,8.395060e-01,-2.486995e+00,2.387428e-03,-4.252513e+01,-1.994385e-01
7.317904e-04,1.418393e+00,3.987622e+00,-7.348616e+00,1.744903e+00,-8.636210e+00,-1.120769e+01,-2.054278e+00,-2.475367e+00,-2.014351e+00,1.101748e+01,-4.688965e+00,-6.019929e+00,2.961620e-02,5.444132e+01,2.444053e-01,-2.129366e-04,2.504228e-01,2.092929e+00,9.138120e-01,4.789272e-01,6.894053e-01,3.164843e+00,-3.212433e+00,-9.248670e-01,1.175766e+00,-1.658376e+00,1.378525e+00,-2.338881e+00,1.752796e-03,-4.299497e+01,-1.976831e-01
5.699598e-04,1.409791e+00,6.082612e+00,-5.835861e+00,1.390533e+00,-7.857557e+00,-9.270274e+00,-4.226004e+00,-2.174156e+00,-1.261788e+00,1.027702e+01,-2.527487e+00,-9.509292e+00,3.173164e-02,0,0,-1.199903e-04,-4.135400e-02,1.656657e+00,8.381642e-01,-3.080988e-01,8.052595e-01,2.128792e+00,-1.823850e+00,-6.586384e-01,9.348794e-01,-1.517068e+00,1.051983e+00,-1.088441e+00,1.208827e-04,-2.703593e+01,-1.228364e-01
5.315477e-04,1.685968e+00,7.658183e+00,-5.350332e+00,4.653430e-02,-6.382276e+00,-7.231539e+00,-6.548912e+00,-3.554564e+00,6.097851e-01,7.785230e+00,-1.801418e+00,-7.959081e+00,2.961620e-02,0,0,-5.394267e-06,-6.400747e-01,7.175458e-01,4.026937e-01,-8.641203e-01,7.752842e-01,7.567660e-01,1.899382e-01,-4.358812e-01,8.945854e-02,-1.246517e+00,-2.064157e-03,5.855388e-01,-1.571472e-03,5.019432e-01,-4.947531e-03
5.406254e-04,6.443457e-01,7.756687e+00,-5.092202e+00,-4.471632e-01,-6.048012e+00,-7.505423e+00,-4.389145e+00,-3.249373e+00,-2.828871e-01,6.891049e+00,-2.967443e+00,-7.001152e+00,2.750076e-02,0,0,1.323766e-04,-9.837252e-01,-3.619517e-01,-6.635337e-01,-8.596681e-01,2.504655e-01,-6.935259e-01,1.666678e+00,-8.499245e-02,-6.311638e-01,-3.953374e-01,-1.244318e+00,1.476983e+00,-2.568752e-03,2.898893e+01,1.164738e-01
7.194863e-04,-1.399257e+00,6.738313e+00,-5.706976e+00,-1.656850e+00,-5.664562e+00,-8.306283e+00,-1.023016e+00,-4.117165e+00,-2.056509e+00,6.477885e+00,-4.479308e+00,-4.346305e+00,2.387428e-02,5.695103e+01,2.196676e-01,3.735771e-04,-8.634378e-01,-1.686929e+00,-1.942445e+00,-1.245593e+00,-1.175682e-01,-2.335341e+00,2.269799e+00,1.198259e+00,-1.361911e+00,1.165742e+00,-2.443722e+00,1.665147e+00,-2.145664e-03,4.705225e+01,1.941400e-01
1.137874e-03,-1.966222e+00,4.732788e+00,-8.975207e+00,-2.056116e+00,-6.964087e+00,-1.220053e+01,1.344439e+00,-2.317818e+00,-3.084460e+00,8.954006e+00,-7.410133e+00,-3.930765e+00,2.175884e-02,1.164691e+02,4.725351e-01,6.568994e-04,-1.978494e-01,-2.818920e+00,-3.006418e+00,-1.983054e+00,-1.914365e-01,-2.845544e+00,2.000577e+00,2.555408e+00,-1.628401e+00,2.390613e+00,-3.221026e+00,1.524990e+00,-6.950740e-04,4.827172e+01,2.075531e-01
2.100809e-03,-1.325937e+00,7.354900e-01,-1.312106e+01,-5.376955e+00,-6.512080e+00,-1.656069e+01,1.933289e+00,1.970956e+00,-4.798985e+00,1.258246e+01,-1.179868e+01,-1.168540e+00,2.175884e-02,1.770267e+02,7.344325e-01,8.453274e-04,1.958433e-01,-3.506311e+00,-2.922673e+00,-2.337804e+00,-1.698096e-01,-2.264006e+00,2.184414e+00,3.300147e+00,-2.424522e+00,3.009888e+00,-3.441081e+00,8.092214e-01,1.480810e-03,3.184962e+01,1.457001e-01
3.134461e-03,-3.815611e-01,-3.336501e+00,-1.641725e+01,-8.502379e+00,-6.581436e+00,-1.760594e+01,4.135587e+00,6.483606e+00,-7.053654e+00,1.579183e+01,-1.541288e+01,-9.650820e-01,2.508311e-02,1.813208e+02,7.803831e-01,8.111683e-04,-7.939530e-03,-3.430949e+00,-1.691770e+00,-2.128965e+00,-3.505821e-02,-5.122692e-01,2.921465e+00,2.368218e+00,-3.243982e+00,2.400201e+00,-2.805841e+00,-2.757082e-02,2.961620e-03,1.463906e+01,7.174422e-02
3.947829e-03,-1.212371e+00,-6.758598e+00,-1.659932e+01,-1.012274e+01,-6.704936e+00,-1.692361e+01,8.503480e+00,7.982858e+00,-1.219452e+01,1.810842e+01,-1.768334e+01,-1.783040e+00,2.961620e-02,1.837733e+02,7.942441e-01,5.584195e-04,-2.801312e-01,-2.650705e+00,-2.496426e-01,-1.211029e+00,6.074161e-02,8.497976e-01,3.269990e+00,3.224095e-01,-3.171963e+00,1.429440e+00,-2.081499e+00,-1.083083e+00,3.294047e-03,2.929866e+00,1.602585e-02
4.270205e-03,-2.062703e+00,-8.674914e+00,-1.569492e+01,-1.032805e+01,-7.042950e+00,-1.458042e+01,1.266667e+01,6.517323e+00,-1.560660e+01,1.819204e+01,-1.849701e+01,-3.761369e+00,3.263826e-02,1.862911e+02,8.013504e-01,2.535037e-04,-2.958841e-01,-1.689623e+00,5.573832e-01,-8.717613e-01,8.381904e-01,1.219230e+00,2.304751e+00,-1.672980e+00,-1.876041e+00,4.120621e-01,-1.424654e+00,-1.590118e+00,2.478090e-03,2.847093e+00,6.517905e-03
4.325035e-03,-1.886022e+00,-9.848826e+00,-1.473043e+01,-1.051927e+01,-5.977615e+00,-1.382446e+01,1.401770e+01,3.566145e+00,-1.638232e+01,1.852956e+01,-2.066411e+01,-5.185810e+00,3.445150e-02,1.891908e+02,8.040780e-01,9.803148e-06,6.686697e-02,-5.571455e-01,4.835701e-02,-1.008613e+00,1.887410e+00,9.525510e-01,3.975741e-01,-2.737240e+00,2.803966e-01,-1.568308e-01,-9.784977e-01,-1.725177e+00,1.208824e-03,3.221918e+00,3.193575e-03
4.213377e-03,-1.524156e+00,-1.023950e+01,-1.456478e+01,-1.266292e+01,-2.754144e+00,-1.305937e+01,1.290223e+01,3.270651e-01,-1.433996e+01,1.764157e+01,-2.104577e+01,-7.214287e+00,3.505591e-02,1.928475e+02,8.080556e-01,-1.564527e-04,4.136288e-01,5.796930e-01,-1.169862e+00,-1.150142e+00,2.610579e+00,3.293559e-01,-1.517738e+00,-2.741065e+00,1.713977e+00,-2.771257e-01,-3.766281e-01,-1.593934e+00,-7.450581e-10,3.627589e+00,5.858183e-04
4.025259e-03,-1.147310e+00,-8.762032e+00,-1.692261e+01,-1.399836e+01,5.877132e-01,-1.292138e+01,1.037357e+01,-2.608214e+00,-1.142586e+01,1.759950e+01,-2.130145e+01,-8.682467e+00,3.445150e-02,1.966047e+02,8.068593e-01,-3.330037e-04,6.037263e-01,1.618177e+00,-2.022771e+00,-6.824228e-01,2.191445e+00,1.154917e-01,-2.726108e+00,-1.983055e+00,1.819210e+00,-1.889488e-01,5.748243e-01,-1.036170e+00,-1.329707e-03,4.092906e+00,-3.991806e-03
3.637829e-03,-3.639154e-01,-6.319847e+00,-2.044814e+01,-1.433921e+01,2.727282e+00,-1.338518e+01,6.900044e+00,-4.100821e+00,-9.514950e+00,1.727144e+01,-2.006149e+01,-9.982711e+00,3.263826e-02,2.007221e+02,8.028889e-01,-5.440310e-04,6.766955e-01,2.170348e+00,-1.459222e+00,3.033332e-01,6.181065e-01,-2.175867e-01,-3.149729e+00,-9.840377e-01,1.027049e+00,-7.876221e-01,1.609129e+00,-3.237895e-01,-2.296767e-03,4.443091e+00,-9.596366e-03
2.947790e-03,5.524889e-01,-3.717770e+00,-2.190261e+01,-1.309324e+01,2.238897e+00,-1.308410e+01,3.388255e+00,-4.135186e+00,-9.698779e+00,1.776988e+01,-1.828213e+01,-8.982446e+00,2.901179e-02,2.057180e+02,7.867024e-01,-7.151005e-04,5.338448e-01,2.071487e+00,4.818733e-01,1.082433e+00,-6.875902e-01,-9.377070e-02,-3.062299e+00,-5.998645e-01,-1.183255e-01,-1.918802e+00,2.397835e+00,2.752270e-01,-2.689634e-03,-9.893712e+00,-6.349016e-02
2.031957e-03,1.009422e+00,-1.909892e+00,-1.937089e+01,-1.159882e+01,-4.892029e-01,-1.406594e+01,6.462443e-01,-3.829638e+00,-1.006825e+01,1.361827e+01,-1.450978e+01,-8.683245e+00,2.629193e-02,2.105063e+02,7.701523e-01,-7.042874e-04,2.103948e-01,1.612523e+00,2.146288e+00,1.159187e+00,-1.200125e+00,-1.171788e-01,-2.917804e+00,-1.032153e+00,-8.438381e-01,-2.914707e+00,2.428118e+00,3.721793e-01,-2.055002e-03,-3.216764e+01,-1.384189e-01
1.252693e-03,8.352458e-01,-6.095756e-01,-1.505187e+01,-9.956394e+00,-1.241995e+00,-1.304985e+01,-1.811028e+00,-5.743128e+00,-1.174084e+01,9.832074e+00,-1.208812e+01,-7.956065e+00,2.417649e-02,1.422441e+02,5.057768e-01,-5.066039e-04,2.790366e-02,1.019568e+00,2.356384e+00,8.748523e-01,-6.267872e-01,9.752741e-02,-2.546382e+00,-1.780566e+00,-7.602935e-01,-2.716013e+00,2.057212e+00,3.091454e-01,-7.555151e-04,-3.970613e+01,-1.576693e-01
9.639405e-04,5.466799e-01,1.886695e-01,-1.314207e+01,-1.011170e+01,-1.532897e+00,-1.398819e+01,-5.089335e+00,-8.457616e+00,-1.271311e+01,6.666805e+00,-1.101790e+01,-8.635005e+00,2.478090e-02,7.162090e+01,2.512573e-01,-2.164292e-04,-1.015942e-01,1.751655e-01,1.464618e+00,5.776924e-01,-2.312992e-01,3.226500e-01,-2.260544e+00,-1.896775e+00,-4.265381e-01,-1.075284e+00,1.392433e+00,2.930601e-01,7.857358e-04,-1.769882e+01,-7.461425e-02
9.487784e-04,9.233783e-01,3.307896e-01,-1.323509e+01,-9.462536e+00,-3.731922e-01,-1.263533e+01,-6.475864e+00,-1.072403e+01,-1.217782e+01,7.665543e+00,-9.742012e+00,-7.460839e+00,2.598973e-02,7.663004e+01,2.578035e-01,5.525059e-05,-2.401853e-01,-9.528004e-01,5.490309e-01,7.125715e-01,-3.460364e-01,3.604017e-01,-1.582536e+00,-8.769787e-01,4.986086e-02,6.811192e-01,8.141646e-01,5.265927e-01,2.085222e-03,2.692179e+01,8.373530e-02
1.101768e-03,4.573849e-01,-1.504247e+00,-1.295619e+01,-8.957288e+00,-2.080100e+00,-1.265995e+01,-8.324058e+00,-1.082307e+01,-1.198245e+01,9.325113e+00,-8.720668e+00,-7.465557e+00,2.931399e-02,1.548192e+02,5.210677e-01,2.814104e-04,-6.150177e-01,-2.120292e+00,1.574328e-01,9.037405e-01,-8.601440e-01,5.412647e-01,-9.731014e-01,6.762741e-01,-9.933672e-02,1.805527e+00,-6.767567e-01,5.167646e-01,2.689635e-03,4.985465e+01,1.636938e-01
1.460032e-03,-3.210330e-01,-4.527119e+00,-1.239966e+01,-6.970741e+00,-2.698576e+00,-1.191197e+01,-8.106348e+00,-8.945296e+00,-1.185686e+01,1.190852e+01,-9.165915e+00,-5.907825e+00,3.233605e-02,2.352539e+02,7.895482e-01,5.335510e-04,-1.153029e+00,-2.852495e+00,-1.184212e-01,5.432354e-01,-1.233076e+00,-1.405776e-01,-4.879769e-01,2.289351e+00,-8.496442e-01,1.611741e+00,-2.958665e+00,6.987558e-02,2.931400e-03,4.291218e+01,1.400076e-01
2.115366e-03,-1.906203e+00,-7.983836e+00,-1.277262e+01,-6.838892e+00,-4.670926e+00,-1.164355e+01,-9.139600e+00,-5.965611e+00,-1.337027e+01,1.357296e+01,-1.468973e+01,-6.827689e+00,3.505591e-02,2.415822e+02,8.038540e-01,8.212637e-04,-1.549530e+00,-2.693027e+00,-6.046534e-02,-4.475832e-03,-1.202998e+00,-6.882436e-01,7.753170e-01,3.398125e+00,-1.600205e+00,7.560331e-01,-4.854764e+00,9.270253e-02,3.022062e-03,2.082364e+01,6.349116e-02
3.109734e-03,-3.659974e+00,-1.069189e+01,-1.391898e+01,-7.805557e+00,-5.243160e+00,-1.384642e+01,-8.507977e+00,-1.705998e+00,-1.573213e+01,1.360033e+01,-2.155081e+01,-7.430395e+00,3.777577e-02,2.478095e+02,8.164482e-01,1.140023e-03,-1.847704e+00,-2.080390e+00,7.451552e-01,-7.481717e-01,-1.453523e+00,-1.233728e+00,2.247537e+00,3.503116e+00,-2.543120e+00,-4.662409e-01,-4.951532e+00,3.736372e-01,3.324268e-03,5.185618e+00,1.028683e-02
4.383235e-03,-5.620796e+00,-1.188699e+01,-1.249885e+01,-8.562259e+00,-6.822797e+00,-1.513394e+01,-4.246658e+00,2.547910e+00,-1.804584e+01,1.225937e+01,-2.680204e+01,-6.240759e+00,4.170445e-02,2.526597e+02,8.250735e-01,1.425861e-03,-1.870249e+00,-1.129250e+00,2.188660e+00,-1.147682e+00,-1.710277e+00,-9.118889e-01,4.217114e+00,2.651533e+00,-2.789084e+00,-1.375013e+00,-2.949478e+00,1.460055e+00,3.384708e-03,3.881955e+00,6.632906e-03
6.026213e-03,-7.702258e+00,-1.297749e+01,-8.810765e+00,-9.849916e+00,-8.890254e+00,-1.633541e+01,6.848661e-01,4.313524e+00,-2.223467e+01,1.023410e+01,-2.786742e+01,-4.333104e+00,4.563312e-02,2.556433e+02,8.303726e-01,1.540908e-03,-1.654005e+00,-3.370341e-01,3.231250e+00,-1.292556e+00,-2.129333e+00,-2.472988e-01,4.880188e+00,1.267002e+00,-2.398154e+00,-1.637291e+00,-8.667215e-01,2.014526e+00,3.233605e-03,2.304068e+00,2.908057e-03
7.786430e-03,-9.236304e+00,-1.248729e+01,-4.383433e+00,-1.155512e+01,-1.139876e+01,-1.495850e+01,7.349551e+00,4.282292e+00,-2.406442e+01,8.381005e+00,-2.627881e+01,-1.076059e+00,4.805077e-02,2.570751e+02,8.300564e-01,1.363041e-03,-1.301652e+00,2.383909e-01,3.121820e+00,-8.118148e-01,-2.393960e+00,-1.799898e-02,3.980652e+00,1.743725e-01,-1.176443e+00,-1.416309e+00,-1.885199e-01,1.667772e+00,2.991840e-03,8.547257e-01,-6.141007e-04
9.112678e-03,-1.012225e+01,-1.207692e+01,-1.820441e+00,-1.277190e+01,-1.360184e+01,-1.517063e+01,1.009486e+01,3.761820e+00,-2.471361e+01,7.353056e+00,-2.614603e+01,5.988312e-02,5.077063e-02,2.571221e+02,8.284970e-01,7.768021e-04,-8.509830e-01,6.998304e-01,2.083500e+00,3.206698e-01,-2.691520e+00,-1.185776e-01,2.165389e+00,-3.505166e-01,3.824232e-01,-9.651200e-01,-9.961205e-01,7.953283e-01,2.296767e-03,-1.781342e-01,-3.374827e-03
9.655207e-03,-1.091906e+01,-1.114533e+01,-3.849139e-01,-1.116034e+01,-1.643681e+01,-1.580633e+01,1.095160e+01,3.695625e+00,-2.268859e+01,6.618352e+00,-2.860534e+01,-9.839161e-02,5.409489e-02,2.561939e+02,8.229408e-01,-4.949458e-05,-4.884490e-01,8.465260e-01,6.007524e-01,1.507590e+00,-2.857219e+00,-3.409661e-01,-6.856994e-02,-1.019024e+00,8.289989e-01,-7.217095e-01,-1.913591e+00,-5.091907e-01,9.368397e-04,-7.978989e-01,-4.403329e-03
8.975835e-03,-1.111579e+01,-1.014932e+01,-3.925228e-01,-8.443958e+00,-1.982883e+01,-1.650439e+01,9.710786e+00,2.854275e+00,-2.101048e+01,6.289830e+00,-3.168476e+01,-8.452958e-01,5.409490e-02,2.551932e+02,8.170562e-01,-8.893585e-04,2.451992e-02,9.621742e-01,-6.667207e-01,2.220525e+00,-2.411077e+00,1.847663e-01,-1.143992e+00,-1.882231e+00,5.723381e-01,-5.795467e-01,-1.490212e+00,-1.091746e+00,-1.087942e-03,-1.212206e+00,-4.652095e-03
7.607379e-03,-1.118178e+01,-9.218455e+00,-2.093630e+00,-6.181145e+00,-2.257137e+01,-1.599646e+01,7.198738e+00,-3.590581e-01,-2.177099e+01,5.304071e+00,-3.307740e+01,-3.169422e+00,5.107284e-02,2.540500e+02,8.137601e-01,-1.460032e-03,6.297690e-01,8.939885e-01,-1.460882e+00,2.363672e+00,-1.378063e+00,8.386895e-01,-1.366554e+00,-2.658545e+00,2.516617e-01,-7.588084e-01,1.067677e-02,-1.496845e+00,-3.324267e-03,-1.865184e+00,-6.081301e-03
5.689800e-03,-9.868289e+00,-8.229480e+00,-4.299686e+00,-4.158876e+00,-2.258995e+01,-1.415174e+01,6.251332e+00,-3.621995e+00,-2.231071e+01,5.112463e+00,-3.136106e+01,-3.863331e+00,4.684195e-02,2.521330e+02,8.098269e-01,-1.616395e-03,1.011405e+00,1.034942e+00,-1.510039e+00,2.451752e+00,1.914085e-01,1.434445e+00,-7.185560e-01,-2.737445e+00,1.053392e+00,-1.212454e+00,1.695790e+00,-1.316273e+00,-5.046842e-03,-1.876197e+01,-1.433132e-02
3.998065e-03,-8.393969e+00,-7.635302e+00,-5.735743e+00,-1.484517e+00,-2.194656e+01,-1.278920e+01,5.848563e+00,-6.358963e+00,-2.078016e+01,3.412993e+00,-2.871380e+01,-6.073601e+00,4.110003e-02,2.483981e+02,7.961490e-01,-1.329228e-03,6.759416e-01,1.925986e+00,-1.146457e+00,2.914464e+00,1.944641e+00,1.811782e+00,2.381840e-02,-2.062300e+00,2.146905e+00,-2.102402e+00,2.860289e+00,-3.980582e-01,-2.750076e-03,-4.337984e+01,-7.105693e-02
2.698518e-03,-7.452673e+00,-5.766183e+00,-6.121660e+00,1.466487e+00,-1.918419e+01,-1.093579e+01,6.793093e+00,-7.832998e+00,-1.623893e+01,1.173098e+00,-2.538761e+01,-5.974573e+00,3.384709e-02,1.642093e+02,7.542052e-01,-6.364001e-04,-6.068261e-01,3.177093e+00,-5.736873e-01,3.399173e+00,3.471713e+00,2.118423e+00,3.803222e-01,-9.197157e-01,2.836864e+00,-2.529274e+00,3.937588e+00,8.310968e-01,9.761259e-03,-6.715514e+01,-1.468903e-01
2.456880e-03,-9.009875e+00,-8.201733e-01,-6.914931e+00,5.578491e+00,-1.455104e+01,-8.545522e+00,7.046949e+00,-8.565060e+00,-1.407236e+01,-3.238259e+00,-2.176267e+01,-4.104092e+00,4.381989e-02,8.111265e+01,4.862863e-01,1.916841e-04,-1.950185e+00,4.123692e+00,-5.170019e-01,3.298361e+00,3.969983e+00,2.071984e+00,4.003838e-01,5.255873e-01,2.654263e+00,-1.794115e+00,4.682171e+00,1.743503e+00,3.408885e-02,-6.610054e+01,-2.116197e-01
3.278391e-03,-1.259447e+01,4.248421e+00,-6.578529e+00,9.305486e+00,-8.929144e+00,-5.681464e+00,7.553750e+00,-7.117525e+00,-1.148029e+01,-4.208280e+00,-1.514869e+01,-6.926014e-01,9.428831e-02,0,2.303066e-01,8.988354e-04,-2.701731e+00,3.624341e+00,-7.372962e-01,2.267276e+00,2.787749e+00,1.073298e+00,2.511640e-02,1.568783e+00,2.003144e+00,-2.220673e-01,4.743688e+00,1.185080e+00,5.865820e-02,-4.095313e+01,-1.994697e-01
4.666549e-03,-1.557399e+01,7.975854e+00,-8.092318e+00,1.108779e+01,-7.224171e+00,-5.056448e+00,7.470153e+00,-4.088762e+00,-9.888165e+00,-2.866891e+00,-1.042241e+01,2.930641e-03,1.813237e-01,0,0,1.130154e-03,-2.382646e+00,2.104483e+00,-1.098282e+00,5.837520e-01,6.476581e-01,-1.024126e-01,-4.844085e-01,1.768516e+00,1.146175e+00,1.213696e+00,4.034157e+00,1.707344e-02,6.911454e-02,-1.622253e+01,-1.202879e-01
6.087861e-03,-1.767927e+01,7.957508e+00,-9.219447e+00,1.004822e+01,-8.908879e+00,-7.313839e+00,6.707073e+00,-2.227233e+00,-8.315309e+00,-1.229222e-01,-7.339304e+00,-2.102685e+00,2.583862e-01,0,0,9.755999e-04,-1.892493e+00,3.921014e-01,-1.301179e+00,-6.450009e-01,-9.007338e-01,-7.805191e-01,-6.925895e-01,1.281859e+00,1.379653e-01,1.270711e+00,2.685155e+00,-6.737083e-01,5.859776e-02,0,-4.606133e-02
6.702915e-03,-1.838070e+01,7.847697e+00,-1.108588e+01,8.125886e+00,-1.132288e+01,-8.241397e+00,5.048245e+00,-2.167626e+00,-9.923981e+00,7.875404e-01,-5.496583e+00,-3.313683e+00,3.073436e-01,0,0,6.151813e-04,-1.571553e+00,-5.443395e-01,-8.274884e-01,-8.793709e-01,-8.968924e-01,-4.529420e-01,-4.038529e-01,7.859051e-01,1.156969e-02,7.397967e-01,1.689526e+00,-1.801064e-01,3.789664e-02,0,0
7.138208e-03,-2.065358e+01,6.273007e+00,-1.158764e+01,7.561432e+00,-1.138346e+01,-7.991584e+00,5.301756e+00,-1.668797e+00,-1.077256e+01,3.180597e-01,-4.185826e+00,-2.402836e+00,3.242671e-01,0,0,3.515566e-04,-1.534925e+00,-7.134288e-01,-5.691091e-01,-4.655215e-01,-3.161988e-01,9.304070e-02,4.885753e-01,6.186091e-01,6.120860e-01,1.612123e-01,5.421507e-01,1.523345e-01,2.009671e-02,0,0
7.217282e-03,-2.194461e+01,6.096407e+00,-1.104566e+01,7.934326e+00,-1.047134e+01,-6.982285e+00,6.153547e+00,-4.384551e-01,-8.601691e+00,6.116015e-01,-3.551520e+00,-7.475258e-01,3.378664e-01,0,0,3.348452e-04,-1.422403e+00,-4.218601e-01,-3.189995e-01,-2.057624e-02,4.375946e-01,4.307196e-01,1.402228e+00,6.312082e-01,1.614266e+00,2.272683e-01,1.838014e-01,1.351629e-01,9.972808e-03,0,0
7.588461e-03,-2.357195e+01,5.266009e+00,-1.208510e+01,7.816389e+00,-1.091564e+01,-7.478191e+00,8.597299e+00,1.226584e-03,-5.916023e+00,7.711088e-01,-5.601082e+00,-2.624091e+00,3.436083e-01,0,0,4.079426e-04,-1.107404e+00,-5.905666e-02,-8.280852e-01,-1.280945e-01,7.593960e-01,4.520484e-01,1.552973e+00,4.523426e-01,1.749768e+00,3.187206e-01,-5.072212e-03,-2.019262e-03,5.500156e-03,0,0
8.152015e-03,-2.403353e+01,6.241895e+00,-1.243215e+01,7.895526e+00,-9.368817e+00,-6.344495e+00,1.041161e+01,1.534039e-01,-4.280918e+00,1.697357e+00,-3.869947e+00,-2.527241e+00,3.475370e-01,0,0,4.660418e-04,-8.362869e-01,1.914544e-01,-1.238662e+00,-2.583362e-01,1.508347e+00,3.233424e-01,9.348442e-01,5.154020e-01,1.237267e+00,2.402904e-01,3.527611e-01,5.357336e-01,1.057720e-03,0,0
8.710555e-03,-2.514613e+01,5.904980e+00,-1.503483e+01,6.940360e+00,-8.137740e+00,-6.050237e+00,1.093759e+01,2.969868e-01,-4.184104e+00,1.368785e+00,-4.051973e+00,-1.523075e+00,3.469326e-01,0,0,2.203735e-04,-4.871277e-01,1.201722e-01,-1.185190e+00,-2.059400e-01,2.232979e+00,-1.214587e-01,8.105230e-02,3.337893e-01,5.451999e-01,-1.245305e-01,3.843122e-01,1.314146e+00,-5.983687e-03,0,0
8.986444e-03,-2.533895e+01,6.734194e+00,-1.576411e+01,7.080660e+00,-4.318562e+00,-6.079550e+00,9.657624e+00,1.990675e+00,-3.281314e+00,1.514216e+00,-2.562269e+00,1.380634e+00,3.414929e-01,0,0,-4.502367e-04,6.916571e-01,-1.809297e-02,-5.908332e-01,-6.124802e-01,2.211203e+00,-1.700460e+00,-8.654364e-01,-3.769485e-02,3.166114e-01,1.876315e-01,-2.980420e-01,8.803298e-01,-2.181929e-02,0,3.976923e-02
8.273114e-03,-2.535488e+01,5.620720e+00,-1.634507e+01,7.194122e+00,-2.275873e+00,-8.217957e+00,9.379555e+00,7.515375e-01,-3.689826e+00,2.400271e-01,-4.333361e+00,1.992700e+00,3.167120e-01,0,0,-1.179151e-03,2.839459e+00,-7.394060e-01,1.606748e-01,-1.839822e+00,1.827624e+00,-3.151538e+00,-2.130043e+00,-2.784823e-01,2.715073e-01,1.592972e+00,-1.491504e+00,-1.601368e-01,-4.536114e-02,1.346851e+01,1.076682e-01
6.119552e-03,-2.047088e+01,6.293560e+00,-1.473119e+01,4.706244e+00,-1.243734e+00,-1.376293e+01,6.863448e+00,-2.623457e-01,-2.945000e+00,3.199894e+00,-5.219463e+00,1.165202e-01,2.535509e-01,0,1.988461e-01,-1.557988e-03,5.031677e+00,-1.874844e+00,2.518647e-01,-3.693135e+00,8.493964e-01,-3.893058e+00,-3.821178e+00,6.048078e-02,1.240192e-01,3.549557e+00,-2.937019e+00,-1.631949e+00,-6.693865e-02,3.314492e+01,1.836311e-01
4.248247e-03,-1.338287e+01,2.428267e+00,-1.474791e+01,-1.071543e+00,-5.370353e-01,-1.796624e+01,1.684460e+00,3.108565e-02,-2.994725e+00,8.490804e+00,-1.018090e+01,-1.691702e+00,1.640979e-01,6.734255e+01,4.389181e-01,-1.234785e-03,5.817139e+00,-2.932445e+00,-2.842403e-01,-4.628748e+00,5.225109e-01,-2.785813e+00,-4.610085e+00,1.110617e+00,-1.286496e-01,4.918542e+00,-2.845193e+00,-2.032423e+00,-7.204594e-02,5.204532e+01,2.032242e-01
3.208936e-03,-6.166565e+00,-1.043799e+00,-1.530337e+01,-7.252182e+00,-9.409986e-01,-2.067070e+01,-5.600716e+00,2.653305e+00,-3.008768e+00,1.513661e+01,-1.432360e+01,-4.936912e+00,8.310667e-02,1.320533e+02,6.986964e-01,-5.300430e-04,4.528863e+00,-3.146741e+00,-1.253752e+00,-4.072463e+00,4.694234e-01,-8.429376e-01,-3.418032e+00,1.624392e+00,-7.699794e-01,4.166396e+00,-1.164692e+00,-1.515586e+00,-5.696585e-02,5.016717e+01,1.514430e-01
3.554497e-03,-3.421336e+00,-5.372823e+00,-1.748018e+01,-9.970405e+00,1.853137e-01,-1.869314e+01,-7.438789e+00,4.846797e+00,-4.301190e+00,1.886438e+01,-1.400726e+01,-5.642698e+00,4.170445e-02,1.941999e+02,7.661960e-01,-3.218308e-05,2.631422e+00,-1.702954e+00,-1.738022e+00,-2.836280e+00,6.567378e-01,5.865528e-01,-9.519307e-01,1.195157e+00,-1.082448e+00,2.325476e+00,1.753638e+00,-3.623922e-01,-3.257782e-02,2.848616e+01,8.132660e-02
3.816212e-03,-2.807328e+00,-5.539602e+00,-1.963381e+01,-1.120664e+01,7.422081e-01,-1.761417e+01,-5.665088e+00,5.451757e+00,-6.141665e+00,1.884509e+01,-9.129745e+00,-5.485912e+00,2.991841e-02,1.874072e+02,7.924223e-01,8.736597e-05,1.191426e+00,-4.628911e-02,-1.656449e+00,-2.183613e+00,8.794438e-01,1.471008e+00,1.235007e+00,-6.492729e-02,-1.152979e+00,2.119417e-01,3.418879e+00,9.236315e-01,-1.281354e-02,8.059446e+00,2.307491e-02
3.783694e-03,-1.905383e+00,-3.838601e+00,-2.127280e+01,-1.327571e+01,1.905050e+00,-1.656174e+01,-3.043008e+00,4.607645e+00,-6.840518e+00,1.826394e+01,-4.009634e+00,-3.229162e+00,2.780296e-02,1.820964e+02,7.986882e-01,-1.091332e-04,8.499616e-01,1.392799e+00,-9.520988e-01,-2.247582e+00,6.873967e-01,1.801163e+00,1.797643e+00,-1.313928e+00,-6.397468e-01,-8.077871e-01,2.998882e+00,1.519202e+00,-3.656695e-03,-4.529256e+00,6.639826e-03
3.531167e-03,-9.674107e-01,-2.042355e+00,-2.168930e+01,-1.651759e+01,2.596352e+00,-1.438136e+01,-1.623572e+00,2.448244e+00,-7.503997e+00,1.649654e+01,-2.228016e+00,-1.525522e+00,2.598972e-02,1.784023e+02,7.978249e-01,-2.812073e-04,8.767209e-01,1.649406e+00,-1.944927e-01,-2.179614e+00,3.846399e-01,1.790795e+00,1.321045e+00,-1.808088e+00,-7.617827e-02,-1.006026e+00,1.233258e+00,1.447084e+00,-8.461779e-04,-3.182779e+00,3.874302e-05
3.151353e-03,-9.148697e-02,-1.574530e-01,-2.121293e+01,-1.855284e+01,2.695225e+00,-1.130373e+01,-4.713337e-01,-2.210878e-01,-6.818758e+00,1.599972e+01,-2.463712e+00,-2.688519e-02,2.538531e-02,1.760561e+02,7.966938e-01,-3.781378e-04,8.823536e-01,1.299828e+00,4.749649e-01,-1.419415e+00,-1.436049e-01,1.436521e+00,2.991837e-01,-1.273116e+00,8.634038e-02,-1.236350e+00,1.876261e-02,4.236000e-01,1.511032e-04,-2.004208e+00,-2.635729e-03
2.726346e-03,6.693285e-01,8.668548e-01,-2.063621e+01,-1.946615e+01,2.270320e+00,-1.128920e+01,-3.457008e-01,-1.174314e+00,-6.533436e+00,1.494707e+01,-3.736413e+00,1.483698e-01,2.689634e-02,1.745134e+02,7.936132e-01,-4.290768e-04,8.229901e-01,7.493944e-01,7.429180e-01,-1.470329e-01,-2.155865e-01,1.116752e+00,-6.042417e-01,6.603698e-02,2.340092e-01,-1.628267e+00,-7.429348e-01,-1.055195e+00,8.159569e-04,-1.230058e+00,-6.151849e-03
2.295416e-03,1.688016e+00,1.205936e+00,-1.942452e+01,-1.889851e+01,1.350041e+00,-1.092521e+01,-2.186025e+00,5.334576e-02,-6.894096e+00,1.285693e+01,-3.161623e+00,-1.948109e+00,2.810517e-02,1.740198e+02,7.876154e-01,-4.563228e-04,5.847554e-01,2.978650e-01,8.622915e-01,1.228600e+00,-1.214359e-02,1.540872e+00,-1.445098e+00,8.231162e-01,5.786093e-01,-1.846538e+00,-6.993040e-01,-2.558369e+00,7.857362e-04,-1.225300e+01,-5.981135e-02
1.813752e-03,2.257788e+00,1.022922e+00,-1.886892e+01,-1.707992e+01,2.191011e+00,-8.986861e+00,-3.787435e+00,2.641212e+00,-6.296282e+00,9.926599e+00,-5.593735e+00,-5.840888e+00,2.870958e-02,1.732701e+02,7.716048e-01,-4.479612e-04,1.547852e-01,3.141667e-01,8.447946e-01,2.316156e+00,5.837244e-01,2.583598e+00,-1.476960e+00,3.979005e-01,1.289139e+00,-1.196619e+00,-7.413290e-01,-3.062466e+00,2.719857e-04,-2.927262e+01,-1.367887e-01
1.326036e-03,2.038060e+00,1.253839e+00,-1.778512e+01,-1.360295e+01,2.674162e+00,-4.750542e+00,-5.975956e+00,1.986730e+00,-4.044288e+00,9.277263e+00,-5.031572e+00,-9.824101e+00,2.840737e-02,1.154127e+02,5.086412e-01,-3.950896e-04,-3.209960e-01,5.595812e-01,9.251665e-01,2.840529e+00,6.317374e-01,2.697526e+00,-9.820498e-01,-8.555819e-01,1.630591e+00,-2.326942e-01,-5.705985e-01,-2.387217e+00,6.044134e-05,-4.638559e+01,-2.097679e-01
9.712293e-04,1.268232e+00,2.413737e+00,-1.723194e+01,-1.053315e+01,4.526882e+00,-1.458545e+00,-5.835533e+00,-1.515039e-01,-1.512643e+00,1.075381e+01,-6.508083e+00,-1.122597e+01,2.810517e-02,5.745385e+01,2.491567e-01,-2.950392e-04,-5.589525e-01,9.234996e-01,1.163941e+00,2.600577e+00,1.780801e-01,1.529461e+00,-3.797912e-01,-1.367250e+00,1.310300e+00,6.421471e-03,-2.646174e-01,-8.465846e-01,-3.022067e-05,-4.619530e+01,-2.051851e-01
7.412296e-04,5.778138e-01,3.308434e+00,-1.561718e+01,-7.969251e+00,3.340793e+00,-1.201739e+00,-6.072225e+00,-2.828206e+00,-1.132959e+00,1.127985e+01,-5.557441e+00,-1.119165e+01,2.870958e-02,0,0,-1.857159e-04,-5.179952e-01,9.680117e-01,1.462018e+00,1.790973e+00,-8.084291e-01,-1.020889e-01,2.652156e-01,-5.239000e-01,4.508969e-01,-7.645636e-01,-1.011863e-01,6.905160e-01,-3.022067e-05,-2.882793e+01,-1.266439e-01
6.309592e-04,1.931487e-01,4.613122e+00,-1.413319e+01,-6.893884e+00,2.748096e+00,-3.113958e+00,-5.638256e+00,-1.787568e+00,-1.200448e+00,8.957410e+00,-6.653887e+00,-9.390035e+00,2.840737e-02,0,0,-9.953517e-05,-2.860724e-01,7.187634e-01,1.523812e+00,9.417099e-01,-1.585723e+00,-1.025858e+00,3.614990e-01,4.969486e-01,-2.532457e-01,-1.490220e+00,5.079989e-01,1.541361e+00,3.022056e-04,-1.149077e+01,-4.983133e-02
5.675918e-04,-1.437390e-02,4.994205e+00,-1.202441e+01,-6.467717e+00,-4.785909e-01,-4.433280e+00,-4.748517e+00,1.852614e-01,-1.945901e+00,6.352644e+00,-5.464602e+00,-7.289487e+00,2.810517e-02,0,0,-1.936195e-05,-1.352699e-02,-1.559898e-01,9.306961e-01,2.557507e-01,-1.082402e+00,-6.819832e-01,1.997396e-01,1.071821e+00,-2.591053e-01,-1.641843e+00,1.261073e-01,1.207140e+00,1.178603e-03,0,0
5.603723e-04,1.339636e-01,5.164669e+00,-1.140926e+01,-6.575367e+00,-1.492041e+00,-4.972063e+00,-4.689892e+00,8.265054e-01,-2.372400e+00,5.766314e+00,-4.014509e+00,-5.470244e+00,2.991840e-02,0,0,7.877605e-05,2.574119e-01,-1.407373e+00,-1.979811e-01,7.223978e-02,-1.049345e-01,-1.200593e-01,-3.215258e-01,1.066256e+00,2.958130e-01,-1.278029e+00,-6.248320e-01,-5.510240e-02,2.266545e-03,1.130030e+01,5.205621e-02
6.797133e-04,5.397714e-01,2.252712e+00,-1.232566e+01,-6.849756e+00,4.885451e-02,-3.682602e+00,-5.547709e+00,1.223863e+00,-1.842509e+00,4.666189e+00,-6.246594e+00,-7.115849e+00,3.384708e-02,0,0,2.098112e-04,4.843202e-01,-2.643486e+00,-1.104102e+00,-2.995625e-02,1.000539e+00,1.307016e-01,-6.635295e-01,1.439865e+00,1.065378e+00,-9.629388e-01,-1.578949e+00,-1.610954e+00,2.508311e-03,2.830206e+01,1.309233e-01
9.687787e-04,1.203136e+00,-1.052996e+00,-1.497247e+01,-6.341666e+00,1.959701e+00,-4.089593e+00,-6.846289e+00,3.024413e+00,2.269207e-01,3.410492e+00,-9.387051e+00,-9.752366e+00,3.686914e-02,5.650151e+01,2.602811e-01,3.381266e-04,5.881394e-01,-3.060857e+00,-1.226239e+00,-3.924854e-01,8.160629e-01,2.577183e-01,-4.302854e-01,2.074775e+00,1.233473e+00,-4.994513e-01,-1.378951e+00,-2.418960e+00,1.359928e-03,4.534214e+01,2.104907e-01
1.412445e-03,1.872641e+00,-5.114397e+00,-1.576332e+01,-6.734349e+00,2.798235e+00,-4.221007e+00,-6.987966e+00,6.285633e+00,2.081327e+00,2.715861e+00,-1.067307e+01,-1.320320e+01,3.717135e-02,1.132596e+02,5.244760e-01,4.209404e-04,5.391185e-01,-2.397909e+00,-8.057981e-01,-1.110947e+00,1.808274e-01,5.671889e-01,-3.863587e-02,2.200196e+00,5.577140e-01,3.656900e-01,-9.649448e-02,-2.087788e+00,-3.626466e-04,4.544754e+01,2.124131e-01
1.884640e-03,2.408226e+00,-6.456060e+00,-1.582163e+01,-8.595498e+00,1.213584e+00,-3.414269e+00,-6.121191e+00,8.669497e+00,1.833046e+00,4.244221e+00,-8.696025e+00,-1.452137e+01,3.505591e-02,1.700809e+02,7.902156e-01,4.420606e-04,3.276213e-01,-1.242341e+00,-4.349228e-01,-2.036143e+00,1.333599e-02,1.089303e+00,4.175196e-01,1.443228e+00,-7.208984e-01,1.398219e+00,6.376091e-01,-9.768323e-01,-1.511030e-03,2.855438e+01,1.352584e-01
2.326485e-03,2.632819e+00,-7.035300e+00,-1.593007e+01,-1.127757e+01,1.326050e+00,-1.184320e+00,-6.103437e+00,9.402301e+00,1.429985e-01,6.077775e+00,-7.074579e+00,-1.517029e+01,3.294047e-02,1.704480e+02,7.970984e-01,4.265677e-04,4.509609e-02,-1.361556e-01,-5.801740e-01,-2.465654e+00,2.045652e-01,1.310497e+00,9.665045e-01,-6.229906e-02,-1.803094e+00,1.963846e+00,4.698263e-01,5.844089e-01,-1.631913e-03,1.159919e+01,5.671867e-02
2.722062e-03,2.461153e+00,-6.304247e+00,-1.706370e+01,-1.425077e+01,2.762473e+00,-1.614221e-01,-5.200955e+00,8.682217e+00,-2.408407e+00,8.720628e+00,-7.998252e+00,-1.365298e+01,3.142944e-02,1.706792e+02,8.002618e-01,4.015207e-04,-2.374414e-01,2.872272e-01,-7.121559e-01,-2.371109e+00,6.170913e-01,9.981285e-01,1.873665e+00,-1.677310e+00,-2.181484e+00,2.038921e+00,-4.268532e-01,1.831360e+00,-9.972801e-04,2.918228e-01,3.684390e-03
3.126572e-03,2.071658e+00,-5.871081e+00,-1.804315e+01,-1.623498e+01,3.046617e+00,7.050548e-01,-2.615561e+00,5.967778e+00,-4.813415e+00,1.029689e+01,-8.672829e+00,-1.071535e+01,3.082502e-02,1.709564e+02,8.030462e-01,3.689049e-04,-4.151812e-01,3.786021e-01,-6.590641e-01,-1.981196e+00,5.688925e-01,4.776269e-01,2.914355e+00,-2.840464e+00,-1.784230e+00,1.642002e+00,-8.807837e-01,2.536801e+00,-3.928680e-04,2.615967e-01,2.689630e-03
3.492200e-03,1.501599e+00,-5.602034e+00,-1.832587e+01,-1.797234e+01,3.438757e+00,6.316866e-01,1.503196e+00,2.000209e+00,-6.596165e+00,1.232927e+01,-1.003117e+01,-7.592041e+00,3.112723e-02,1.712858e+02,8.056636e-01,3.107935e-04,-3.910679e-01,1.474618e-01,-4.253122e-01,-1.493058e+00,3.222542e-01,1.911953e-01,3.227276e+00,-3.054510e+00,-1.108957e+00,9.953890e-01,-7.229424e-01,2.286528e+00,3.022049e-05,1.605225e-01,2.387196e-03
3.785941e-03,1.036690e+00,-5.493396e+00,-1.859431e+01,-1.932277e+01,3.832371e+00,8.072608e-01,5.116260e+00,-1.459017e+00,-6.684272e+00,1.248346e+01,-1.046204e+01,-5.516754e+00,3.112723e-02,1.714527e+02,8.078457e-01,2.169418e-04,-1.506767e-01,-7.339053e-02,-3.499061e-01,-1.099948e+00,1.643173e-01,1.660587e-01,2.507122e+00,-2.327213e+00,-4.274114e-01,2.051012e-01,-4.856513e-01,1.515046e+00,9.066165e-05,-5.787964e-02,1.901120e-03
3.946345e-03,1.023298e+00,-5.755781e+00,-1.891469e+01,-2.017217e+01,3.980867e+00,7.434513e-01,7.069513e+00,-2.876936e+00,-7.017762e+00,1.260429e+01,-1.071836e+01,-4.819641e+00,3.142944e-02,1.712337e+02,8.097981e-01,9.843821e-05,1.903708e-01,-1.510149e-01,-4.121517e-01,-6.425695e-01,-3.525229e-01,7.580618e-01,1.305050e+00,-1.367979e+00,1.525076e-01,-6.395294e-01,-7.900067e-02,7.905635e-01,0,-3.336395e-01,1.555824e-03
3.984208e-03,1.557425e+00,-6.161160e+00,-1.949827e+01,-2.063481e+01,3.597148e+00,1.479466e+00,7.136889e+00,-3.229717e+00,-6.739674e+00,1.118489e+01,-1.075749e+01,-4.526320e+00,3.112723e-02,1.706931e+02,8.104846e-01,-3.009357e-05,4.288429e-01,7.770252e-03,-4.823803e-01,-1.032223e-01,-1.044497e+00,1.433738e+00,5.932518e-01,-1.037905e+00,4.293594e-01,-8.292143e-01,-5.879784e-03,2.677728e-01,-9.066165e-05,-5.483688e-01,8.975983e-04
3.885257e-03,2.193085e+00,-6.023226e+00,-1.993464e+01,-2.052917e+01,1.793754e+00,4.085893e+00,7.018133e+00,-3.954336e+00,-5.805926e+00,9.780911e+00,-1.027845e+01,-4.134441e+00,3.112723e-02,1.699974e+02,8.121232e-01,-1.411991e-04,4.043902e-01,2.968790e-01,-4.208403e-01,3.291441e-01,-1.427054e+00,1.853667e+00,6.559237e-01,-1.187560e+00,5.688582e-01,-5.706140e-01,-1.266403e-01,4.507269e-01,-2.115445e-04,-6.769363e-01,-7.098913e-06
3.666017e-03,2.596010e+00,-5.320822e+00,-2.049623e+01,-1.966038e+01,-2.965581e-01,6.304729e+00,8.108210e+00,-6.109845e+00,-5.143393e+00,9.749078e+00,-1.071140e+01,-4.520490e+00,3.082502e-02,1.693289e+02,8.111711e-01,-1.955122e-04,2.392347e-01,4.717465e-01,-2.640398e-01,5.396591e-01,-1.215984e+00,1.645171e+00,1.331622e+00,-1.460889e+00,2.638632e-01,7.860184e-02,-3.701725e-01,9.603361e-01,-2.417650e-04,-7.772110e-01,-1.031601e-03
3.399445e-03,2.525956e+00,-4.691555e+00,-2.051991e+01,-1.901366e+01,-1.207549e+00,7.599153e+00,9.863471e+00,-7.374671e+00,-4.971611e+00,1.046912e+01,-1.137461e+01,-2.568921e+00,3.052282e-02,1.685311e+02,8.094193e-01,-1.757511e-04,5.821092e-02,3.907253e-01,-9.234238e-02,2.258751e-01,-4.402083e-01,9.879719e-01,1.588071e+00,-9.655033e-01,-2.930879e-01,3.409142e-01,-3.900358e-01,1.476823e+00,-3.022063e-04,-8.961136e-01,-1.709044e-03
3.249553e-03,2.587163e+00,-4.468263e+00,-2.052584e+01,-1.869427e+01,-9.821227e-01,7.948692e+00,1.237233e+01,-8.823994e+00,-5.837515e+00,1.123379e+01,-1.206027e+01,-5.073990e-01,3.022061e-02,1.675402e+02,8.066785e-01,-1.027890e-04,2.358165e-02,2.200682e-01,-1.754017e-02,-2.009724e-01,-1.810325e-02,6.979970e-01,1.294507e+00,4.857936e-02,-6.901664e-01,2.987613e-01,1.954975e-02,1.169667e+00,-3.022066e-04,-1.001814e+00,-1.427859e-03
3.214733e-03,2.488564e+00,-4.495879e+00,-2.038155e+01,-1.988285e+01,-6.450546e-02,8.203771e+00,1.282643e+01,-7.424778e+00,-6.924304e+00,1.074313e+01,-1.155419e+01,1.243130e+00,2.991840e-02,1.664112e+02,8.058243e-01,-4.457147e-05,1.293318e-02,1.474749e-01,-4.273987e-03,-4.902802e-01,-3.755838e-01,6.533630e-01,8.146669e-01,7.939013e-01,-6.764406e-01,1.951759e-01,4.078658e-01,-6.203847e-02,-3.022063e-04,-1.030077e+00,-1.113975e-03
3.244428e-03,2.732615e+00,-4.318319e+00,-2.065311e+01,-2.023065e+01,-9.585963e-01,9.492406e+00,1.309927e+01,-5.841894e+00,-7.617878e+00,1.110588e+01,-1.052386e+01,-5.781813e-01,2.961620e-02,1.653798e+02,8.058293e-01,-5.489611e-05,3.201461e-02,2.021309e-01,1.460972e-01,-2.916836e-01,-1.172845e+00,9.955772e-01,2.405830e-01,8.307343e-01,-8.179455e-02,3.388076e-01,5.849159e-01,-1.113107e+00,-2.417654e-04,-9.763687e-01,-9.831905e-04
3.179150e-03,2.517896e+00,-4.029152e+00,-2.047764e+01,-2.069687e+01,-3.097232e+00,1.009411e+01,1.357334e+01,-4.896214e+00,-7.463632e+00,1.150895e+01,-1.010348e+01,-2.843722e+00,2.931399e-02,1.644609e+02,8.042741e-01,-8.140293e-05,2.034841e-02,2.017531e-01,3.929068e-01,3.645001e-02,-1.790026e+00,1.048240e+00,2.608685e-01,-1.300419e-01,5.441025e-01,6.061370e-01,3.057069e-01,-1.192690e+00,-9.066202e-05,-8.153152e-01,-1.396191e-03
2.992864e-03,2.732570e+00,-3.690972e+00,-1.974731e+01,-1.974567e+01,-5.329985e+00,1.198141e+01,1.320179e+01,-5.934605e+00,-5.976824e+00,1.254492e+01,-9.861043e+00,-4.029508e+00,2.931399e-02,1.636335e+02,8.025377e-01,-1.012468e-04,-3.639181e-02,1.365170e-01,5.885428e-01,2.061466e-01,-1.731772e+00,9.227859e-01,1.362858e-01,-9.522275e-01,9.554430e-01,6.598770e-01,-3.764057e-03,-1.978140e-01,9.066202e-05,-6.410019e-01,-1.544315e-03
2.933501e-03,2.590328e+00,-3.800787e+00,-1.886992e+01,-1.994309e+01,-6.828941e+00,1.220047e+01,1.407951e+01,-8.028632e+00,-5.024319e+00,1.305429e+01,-1.035706e+01,-2.994660e+00,2.961620e-02,1.632078e+02,8.004891e-01,-8.753382e-05,-9.752705e-02,8.233862e-02,5.357145e-01,2.057234e-01,-1.128823e+00,5.372725e-01,2.478865e-01,-1.294045e+00,1.003656e+00,4.953005e-01,-1.535091e-01,1.077831e+00,1.208827e-04,-5.188110e-01,-1.163757e-03
2.861019e-03,2.514440e+00,-3.749917e+00,-1.851426e+01,-1.957681e+01,-7.751604e+00,1.305316e+01,1.352761e+01,-9.036822e+00,-4.060320e+00,1.363260e+01,-1.041589e+01,-1.491782e+00,2.991840e-02,1.628013e+02,8.000002e-01,-7.394203e-05,-2.238751e-01,8.347511e-02,3.049480e-01,-3.835335e-02,-3.144755e-01,-2.793787e-01,6.533022e-01,-1.207233e+00,1.054664e+00,8.006048e-02,-1.706925e-01,1.941604e+00,1.208823e-04,-5.396439e-01,-1.137912e-03
2.807404e-03,2.139326e+00,-3.587987e+00,-1.841560e+01,-1.975268e+01,-7.530539e+00,1.224460e+01,1.464986e+01,-9.815330e+00,-3.403602e+00,1.344162e+01,-1.059361e+01,1.276568e+00,2.961620e-02,1.622829e+02,7.997240e-01,-6.800997e-05,-2.737132e-01,6.493654e-02,-3.664093e-02,-1.559778e-01,4.136420e-01,-6.773213e-01,4.115098e-01,-8.065476e-01,1.048439e+00,-4.742375e-01,2.820186e-01,2.210446e+00,2.417652e-04,-8.128784e-01,-1.634699e-03
2.686202e-03,1.838696e+00,-3.379997e+00,-1.844973e+01,-2.003264e+01,-6.551564e+00,1.056245e+01,1.618313e+01,-1.107742e+01,-1.513863e+00,1.275156e+01,-1.059623e+01,3.542898e+00,2.991840e-02,1.613977e+02,7.972307e-01,-2.030244e-05,-2.382804e-01,-1.189853e-01,-4.139603e-01,-6.256283e-01,8.298002e-01,-9.594225e-01,3.847772e-01,-2.924213e-01,7.330486e-01,-8.693633e-01,8.168436e-01,1.777036e+00,6.044131e-04,2.824790e+00,-5.703521e-03
2.680860e-03,1.559634e+00,-3.661064e+00,-1.908539e+01,-2.049506e+01,-5.360751e+00,1.005922e+01,1.480930e+01,-1.104107e+01,-1.055350e+00,1.112363e+01,-8.856795e+00,5.540232e+00,3.082502e-02,1.598452e+02,7.937004e-01,-3.259345e-05,-2.402807e-01,-3.760493e-01,-7.110321e-01,-6.295053e-01,5.722674e-01,-7.389356e-01,-5.102919e-01,6.346475e-01,3.679386e-01,-8.322111e-01,1.390168e+00,1.895840e-01,9.670604e-04,9.787756e+00,-1.149660e-02
2.822779e-03,1.612883e+00,-4.308304e+00,-2.024916e+01,-2.233376e+01,-4.687497e+00,9.348736e+00,1.537178e+01,-9.886059e+00,-1.569203e+00,1.044477e+01,-7.200077e+00,5.261569e+00,3.233606e-02,1.781441e+02,7.744944e-01,-1.248856e-04,-4.731706e-01,-6.429340e-01,-9.320315e-01,-4.083183e-01,-7.170916e-02,-5.439898e-01,-6.784250e-01,1.529202e+00,9.457216e-02,-2.371447e-01,1.570107e+00,-1.746973e+00,7.857369e-04,2.529677e+01,-1.486087e-02
2.576148e-03,1.050829e+00,-5.004080e+00,-2.107104e+01,-2.174965e+01,-5.601235e+00,9.156778e+00,1.250408e+01,-7.237774e+00,-1.536240e+00,1.043395e+01,-5.340845e+00,1.365152e+00,3.324267e-02,2.028485e+02,7.536092e-01,-2.969782e-04,-1.070757e+00,-8.522199e-01,-9.175526e-01,9.182568e-02,-6.441801e-01,-6.227074e-01,-6.827068e-02,1.580354e+00,1.708064e-01,6.151469e-01,1.413099e+00,-2.860149e+00,8.763977e-04,3.797551e+01,-1.149317e-02
2.114130e-03,-2.727546e-01,-5.923159e+00,-2.211706e+01,-2.144694e+01,-6.789867e+00,8.293719e+00,1.394361e+01,-5.333059e+00,-8.005576e-01,1.191067e+01,-4.503672e+00,-3.104427e+00,3.263826e-02,2.663799e+02,7.429719e-01,-4.420911e-04,-1.615805e+00,-7.992236e-01,-7.056007e-01,7.241684e-01,-5.129887e-01,-1.658902e-01,7.585142e-01,1.330533e+00,2.101106e-01,1.214167e+00,1.920943e+00,-2.245585e+00,1.148383e-03,2.012348e+01,-5.331985e-02
1.550293e-03,-2.851333e+00,-7.114737e+00,-2.273920e+01,-2.047934e+01,-7.530466e+00,7.473188e+00,1.518203e+01,-5.415800e+00,-5.856410e-01,1.346641e+01,-3.139506e+00,-4.577514e+00,3.505591e-02,3.056049e+02,7.519958e-01,-4.491193e-04,-1.695811e+00,-5.668370e-01,-2.223112e-01,8.444048e-01,-1.212633e-01,-2.192245e-01,1.392888e+00,1.242972e+00,-8.940163e-02,1.121529e+00,2.802211e+00,-6.049846e-01,1.903898e-03,-2.221731e+01,-1.228538e-01
1.125251e-03,-4.515062e+00,-7.249094e+00,-2.294308e+01,-1.934807e+01,-6.287825e+00,9.361080e+00,1.782537e+01,-4.144383e+00,-9.939490e-01,1.499938e+01,1.303966e+00,-2.995025e+00,3.717135e-02,2.273834e+02,5.087019e-01,-3.871189e-04,-1.214247e+00,-1.027732e-02,4.182816e-01,1.195975e+00,3.079093e-01,-1.814909e-01,-1.507432e-01,1.341200e+00,-9.801513e-02,3.642082e-01,3.518871e+00,7.624389e-01,2.055001e-03,-7.271045e+01,-1.981464e-01
8.249914e-04,-5.307073e+00,-7.175297e+00,-2.176958e+01,-1.857706e+01,-6.458572e+00,7.526976e+00,1.752764e+01,-1.617251e+00,-1.886552e+00,1.449724e+01,5.766391e+00,-1.714472e+00,4.049562e-02,1.112602e+02,2.564753e-01,-2.776526e-04,-5.308859e-01,5.621406e-01,8.382799e-01,1.443776e+00,1.963540e-01,-4.628155e-01,-1.572884e+00,1.464947e+00,-4.269322e-01,-1.011550e+00,2.799660e+00,1.024403e+00,1.631913e-03,-8.385931e+01,-2.012693e-01
5.411863e-04,-5.116121e+00,-5.944265e+00,-2.051046e+01,-1.641820e+01,-5.786268e+00,7.359371e+00,1.201709e+01,-5.263343e-01,-6.401777e-01,1.321630e+01,8.637736e+00,-7.237530e-01,4.019341e-02,0,0,-1.803314e-04,-2.397054e-01,1.034971e+00,8.096727e-01,1.759886e+00,2.021136e-01,-3.335562e-01,-2.386660e+00,8.824385e-01,-4.859172e-01,-2.259762e+00,8.701442e-01,1.055451e+00,8.461770e-04,-5.660270e+01,-1.273879e-01
4.540625e-04,-5.205233e+00,-4.956448e+00,-1.976411e+01,-1.472540e+01,-6.799474e+00,6.159965e+00,1.022174e+01,9.990969e-02,-2.897187e+00,9.300202e+00,7.191912e+00,-5.911356e-01,4.170444e-02,0,0,-9.937539e-05,-3.470770e-01,1.274332e+00,4.481438e-01,1.743429e+00,3.684681e-01,5.435753e-01,-1.205624e+00,1.042939e+00,-4.550852e-01,-3.044999e+00,-1.020862e+00,8.308605e-01,1.208827e-04,-2.225205e+01,-5.129505e-02
4.090584e-04,-5.764509e+00,-3.183664e+00,-1.989746e+01,-1.247448e+01,-5.106806e+00,8.376804e+00,9.545018e+00,-5.907713e-01,-2.918218e+00,6.299091e+00,4.941926e+00,1.720563e+00,4.079783e-02,0,0,-6.267425e-06,-2.619286e-01,9.480480e-01,-2.060413e-02,9.990481e-01,7.891273e-03,-1.167386e-01,1.207562e-01,1.008883e+00,7.662765e-02,-2.023915e+00,-2.471380e+00,2.830158e-01,-9.066165e-05,0,0
3.941784e-04,-6.718264e+00,-2.183938e+00,-1.983537e+01,-1.183178e+01,-4.955963e+00,9.736135e+00,1.273556e+01,3.629662e+00,-3.022958e+00,2.730853e+00,2.509984e+00,1.217673e+00,4.079783e-02,0,0,1.407805e-04,3.311526e-01,2.912893e-01,-5.383465e-01,4.560747e-02,-5.466315e-01,-1.611633e+00,3.726146e-01,2.480645e-01,8.042544e-01,5.768811e-01,-2.792533e+00,-6.789675e-01,-6.044060e-05,0,4.803281e-02
5.397911e-04,-5.669248e+00,-2.590280e+00,-2.057786e+01,-1.286977e+01,-6.668567e+00,4.987593e+00,1.136397e+01,2.753203e+00,-1.941540e-01,6.381395e+00,-1.378199e+00,-2.130780e-01,4.019341e-02,0,0,3.420845e-04,1.356331e+00,-2.604117e-01,-9.770445e-01,-8.870097e-01,-1.133298e+00,-3.886134e+00,1.727689e-01,-1.519197e+00,4.149440e-01,3.552415e+00,-2.280640e+00,-1.506991e+00,-2.719853e-04,1.032726e+01,1.214293e-01
1.092598e-03,-3.597100e+00,-3.796693e+00,-2.211565e+01,-1.429971e+01,-8.751751e+00,-2.035934e-01,1.117534e+01,-3.317547e-01,-2.379468e-01,1.214346e+01,-3.610689e+00,-3.019152e+00,4.170445e-02,0,2.401641e-01,4.856051e-04,1.972559e+00,-1.619747e-01,-1.055489e+00,-1.382152e+00,-6.104953e-01,-4.397700e+00,-4.555917e-01,-3.157286e+00,-3.591892e-01,4.669477e+00,-1.094276e+00,-9.885624e-01,-1.450589e-03,2.670440e+01,1.971274e-01
1.770271e-03,-5.434338e-01,-3.679345e+00,-2.364254e+01,-1.567556e+01,-8.875402e+00,-6.084001e+00,1.118897e+01,-6.206049e+00,-2.236003e+00,1.935487e+01,-3.400938e+00,-3.695977e+00,3.898459e-02,5.163632e+01,4.870643e-01,4.520370e-04,1.618560e+00,3.514519e-01,-3.250948e-01,-1.338620e+00,4.208293e-01,-3.079238e+00,-6.766859e-01,-2.725458e+00,-1.574778e+00,3.130860e+00,-2.888997e-02,4.678934e-02,-2.991841e-03,4.389984e+01,2.029803e-01
2.206964e-03,5.816260e-01,-2.449279e+00,-2.358047e+01,-1.733965e+01,-6.905022e+00,-6.716568e+00,1.054510e+01,-7.677143e+00,-3.797979e+00,1.959150e+01,-1.950028e+00,-1.983690e+00,3.414929e-02,1.077038e+02,7.421048e-01,2.795625e-04,7.529474e-01,7.437767e-01,5.166878e-01,-1.091567e+00,1.289276e+00,-1.656870e+00,-1.522857e+00,-1.075171e+00,-1.763572e+00,6.007671e-01,-9.417112e-02,1.002353e+00,-3.656695e-03,4.592778e+01,1.359363e-01
2.242793e-03,3.341905e-01,-1.506728e+00,-2.147092e+01,-1.804290e+01,-5.487785e+00,-7.152112e+00,8.295661e+00,-7.201391e+00,-6.288029e+00,1.831167e+01,-2.352979e+00,-4.968627e-01,2.901179e-02,1.656473e+02,7.639311e-01,1.353555e-04,-1.131658e-01,6.974977e-01,9.105972e-01,-7.390764e-01,1.726785e+00,-4.691046e-01,-1.998623e+00,4.146848e-01,-1.583045e+00,-1.024459e+00,-6.563470e-01,8.944862e-01,-2.508312e-03,3.124490e+01,6.500091e-02
2.254150e-03,-2.711757e-01,-1.164118e+00,-2.061802e+01,-1.857388e+01,-3.999178e+00,-7.953889e+00,5.007711e+00,-5.209941e+00,-7.029795e+00,1.566889e+01,-4.605524e+00,3.930548e-01,2.840737e-02,1.726334e+02,7.814124e-01,1.081601e-04,-3.294125e-01,5.101785e-01,4.619249e-01,-3.695330e-01,1.689493e+00,-2.266693e-01,-1.764881e+00,5.825790e-01,-1.321510e+00,-6.541355e-01,-1.161731e+00,-1.560465e-01,-6.346332e-04,1.472847e+01,1.375746e-02
2.423456e-03,-6.828617e-01,-8.344366e-01,-2.057078e+01,-1.875383e+01,-1.694398e+00,-7.810863e+00,3.964546e+00,-5.366227e+00,-8.535321e+00,1.619388e+01,-5.354925e+00,-4.119187e-01,2.931399e-02,1.753961e+02,7.924150e-01,1.703099e-04,-1.784463e-01,2.916622e-01,-1.734302e-01,-1.947975e-01,1.312757e+00,2.211998e-01,-7.182169e-01,-4.143042e-02,-1.273709e+00,6.072129e-01,-9.964012e-01,-1.436539e+00,7.252952e-04,2.617972e+00,8.676874e-03
2.657433e-03,-5.569107e-01,-2.345322e-01,-2.172091e+01,-1.883185e+01,-3.542495e-01,-7.520538e+00,3.886248e+00,-5.681830e+00,-9.281882e+00,1.737972e+01,-6.257711e+00,-2.806394e+00,3.082502e-02,1.764718e+02,7.966501e-01,2.237491e-04,-2.935760e-02,4.349625e-02,-4.040676e-01,1.983013e-02,5.720984e-01,6.432372e-01,2.671627e-01,-5.694745e-01,-1.543003e+00,1.754161e+00,-5.493220e-01,-2.244007e+00,8.763986e-04,9.803573e-01,4.691160e-03
2.892701e-03,-4.151736e-01,-5.132098e-01,-2.178662e+01,-1.888790e+01,-7.464623e-01,-6.262788e+00,5.265308e+00,-7.172598e+00,-1.153053e+01,2.049232e+01,-6.508892e+00,-6.079833e+00,3.142944e-02,1.768179e+02,7.996966e-01,2.458065e-04,1.178670e-03,-2.429483e-01,-2.373667e-01,1.746111e-01,-1.462107e-01,8.644785e-01,5.128065e-01,-2.589493e-01,-1.426597e+00,1.952749e+00,-4.017955e-01,-1.950225e+00,5.741922e-04,2.429489e-01,2.599907e-03
3.138273e-03,-5.518078e-01,-1.107250e+00,-2.203043e+01,-1.840769e+01,-1.612654e+00,-5.511741e+00,5.693143e+00,-7.154128e+00,-1.324721e+01,2.229047e+01,-6.775151e+00,-7.993025e+00,3.173164e-02,1.768243e+02,8.012274e-01,2.395107e-04,-1.291270e-01,-4.730052e-01,7.993202e-02,3.457085e-01,-4.652822e-01,9.657041e-01,-1.986613e-02,4.886039e-01,-1.140998e+00,1.513902e+00,-2.524849e-01,-1.055574e+00,2.115443e-04,-1.903152e-01,1.692206e-03
3.412069e-03,-6.795198e-01,-1.612819e+00,-2.160285e+01,-1.809285e+01,-1.796250e+00,-4.492869e+00,5.625131e+00,-5.924824e+00,-1.368564e+01,2.350224e+01,-7.105183e+00,-7.569729e+00,3.173164e-02,1.764346e+02,8.031259e-01,1.877886e-04,-2.735333e-01,-5.250049e-01,2.814789e-01,3.548216e-01,-2.388138e-01,7.367207e-01,-9.836710e-01,1.321751e+00,-4.316267e-01,3.310924e-01,-2.017954e-01,-1.273017e-01,6.044134e-05,-5.459793e-01,6.188154e-04
3.595303e-03,-1.070373e+00,-2.049753e+00,-2.141314e+01,-1.750083e+01,-2.155767e+00,-3.576977e+00,3.607006e+00,-3.862698e+00,-1.390932e+01,2.344427e+01,-7.221990e+00,-7.339315e+00,3.173164e-02,1.757119e+02,8.033965e-01,7.101258e-05,-3.539971e-01,-5.155719e-01,5.831394e-01,2.253283e-01,-8.124273e-02,3.802532e-01,-1.707041e+00,1.648844e+00,2.476694e-01,-7.680922e-01,-1.374686e-01,2.263463e-01,-6.044134e-05,-8.850525e-01,-6.123364e-04
3.603129e-03,-1.523558e+00,-2.666983e+00,-2.068787e+01,-1.756722e+01,-1.668975e+00,-3.546567e+00,1.390022e+00,-2.209559e+00,-1.335761e+01,2.157088e+01,-7.294449e+00,-7.043196e+00,3.173164e-02,1.746442e+02,8.017061e-01,-6.566020e-05,-3.294081e-01,-5.470837e-01,8.244768e-01,1.297091e-01,-1.297432e-01,5.074172e-02,-2.061307e+00,1.450528e+00,1.011457e+00,-1.729109e+00,-1.573601e-01,1.610515e-01,-1.511034e-04,-1.072533e+00,-1.639527e-03
3.397806e-03,-1.899774e+00,-3.158028e+00,-1.957223e+01,-1.754386e+01,-2.082505e+00,-4.083626e+00,-7.245060e-01,-7.675406e-01,-1.217288e+01,1.941569e+01,-7.367861e+00,-7.124560e+00,3.142944e-02,1.732942e+02,7.988756e-01,-1.291820e-04,-1.844574e-01,-5.498635e-01,8.428658e-01,2.776720e-01,-4.881998e-01,1.925754e-01,-1.965266e+00,1.190045e+00,1.583293e+00,-1.836492e+00,-2.006416e-01,-2.364111e-03,-2.417650e-04,-1.024992e+00,-1.542652e-03
3.182516e-03,-1.911860e+00,-3.794101e+00,-1.840092e+01,-1.742279e+01,-2.481597e+00,-3.985836e+00,-2.515650e+00,-2.197632e-01,-9.496575e+00,1.687099e+01,-7.819048e+00,-6.871849e+00,3.112723e-02,1.722808e+02,7.971887e-01,-8.718902e-05,-1.259198e-02,-5.059682e-01,5.336801e-01,4.962366e-01,-8.840662e-01,5.340647e-01,-1.580435e+00,9.376281e-01,1.785370e+00,-1.448179e+00,-2.076271e-01,-2.027306e-01,-2.417648e-04,-7.431229e-01,-6.311834e-04
3.159699e-03,-1.798509e+00,-4.235512e+00,-1.834229e+01,-1.618469e+01,-4.190454e+00,-2.394465e+00,-4.266488e+00,1.092628e+00,-7.923366e+00,1.661176e+01,-7.962898e+00,-7.436809e+00,3.082502e-02,1.717687e+02,7.979420e-01,2.252806e-05,7.891440e-02,-4.655816e-01,1.839869e-01,5.353659e-01,-9.484107e-01,6.102138e-01,-8.448683e-01,6.720291e-01,1.569950e+00,-8.196830e-01,-3.697886e-01,-1.881061e-01,-1.511028e-04,-3.741089e-01,3.172398e-04
3.286237e-03,-1.637150e+00,-4.658082e+00,-1.863444e+01,-1.576563e+01,-5.035331e+00,-1.720824e+00,-4.741162e+00,1.548498e+00,-6.555513e+00,1.573196e+01,-8.035066e+00,-7.900724e+00,3.082502e-02,1.716914e+02,7.990170e-01,9.580133e-05,8.867328e-02,-3.375747e-01,8.559246e-02,2.982566e-01,-7.791229e-01,3.021506e-01,-3.844927e-02,2.877065e-01,1.214428e+00,-4.711026e-01,-5.349051e-01,-1.254344e-01,-6.044097e-05,-1.435379e-01,6.150365e-04
3.458586e-03,-1.642557e+00,-5.053945e+00,-1.853553e+01,-1.569561e+01,-5.547691e+00,-2.165063e+00,-3.836091e+00,1.708475e+00,-5.793660e+00,1.588679e+01,-9.108795e+00,-7.550653e+00,3.082502e-02,1.717183e+02,7.995476e-01,9.035526e-05,1.404685e-01,-2.732207e-01,3.415914e-01,-5.390940e-02,-3.734055e-01,-9.761773e-02,3.253210e-01,-1.870216e-01,1.124674e+00,-4.085618e-01,-7.377341e-01,-7.527347e-02,0,-1.002731e-01,4.315257e-04
3.512080e-03,-1.546469e+00,-5.072757e+00,-1.787634e+01,-1.617605e+01,-5.698593e+00,-2.589784e+00,-2.923094e+00,9.108459e-01,-4.489289e+00,1.487796e+01,-9.920626e+00,-7.442099e+00,3.082502e-02,1.715883e+02,7.994611e-01,2.978875e-05,1.816554e-01,-9.674440e-02,4.754673e-01,3.478212e-02,-3.209198e-01,-9.710474e-02,-9.210505e-02,-2.780931e-01,1.045254e+00,-2.394276e-01,-7.289094e-01,-2.744007e-01,0,-2.114380e-01,2.399921e-04
3.498554e-03,-1.141507e+00,-5.394278e+00,-1.701338e+01,-1.624902e+01,-5.725851e+00,-2.448074e+00,-3.548917e+00,4.763459e-01,-3.333109e+00,1.499595e+01,-1.070879e+01,-8.042489e+00,3.082502e-02,1.713189e+02,7.998776e-01,-2.595144e-05,1.851766e-01,1.149141e-01,3.155783e-01,2.890247e-01,-4.215249e-01,-3.143318e-02,-8.227686e-01,-1.780645e-01,1.102514e+00,-4.556360e-02,-6.609284e-01,-3.625824e-01,0,-3.170029e-01,1.099944e-04
3.415196e-03,-9.793982e-01,-4.971637e+00,-1.701818e+01,-1.531501e+01,-6.550850e+00,-2.064842e+00,-5.345274e+00,7.740964e-01,-2.559518e+00,1.498024e+01,-1.087962e+01,-9.026810e+00,3.082502e-02,1.708339e+02,8.000520e-01,-2.909487e-05,1.427449e-01,2.268379e-01,-8.251248e-02,5.778135e-01,-6.345749e-01,-1.200688e-02,-1.466614e+00,1.895168e-01,1.062499e+00,1.421389e-01,-5.715714e-01,-3.202012e-01,-6.044172e-05,-3.044662e-01,1.702428e-04
3.377270e-03,-1.000209e+00,-4.529934e+00,-1.738672e+01,-1.468101e+01,-7.229187e+00,-2.584700e+00,-6.738844e+00,8.865268e-01,-1.245978e+00,1.560783e+01,-1.193394e+01,-8.571210e+00,3.082502e-02,1.705105e+02,7.998021e-01,1.963153e-05,8.728508e-02,2.544856e-01,-3.569786e-01,6.868201e-01,-6.947930e-01,8.132377e-02,-1.624742e+00,4.925233e-01,1.097028e+00,1.071659e-01,-4.700791e-01,-2.181727e-01,-9.066220e-05,3.684857e+00,-3.866410e-03
3.427247e-03,-9.033939e-01,-4.370739e+00,-1.810223e+01,-1.407099e+01,-8.119800e+00,-2.581506e+00,-8.661201e+00,1.653340e+00,-2.203596e-01,1.528271e+01,-1.216591e+01,-8.778745e+00,3.052282e-02,1.704701e+02,8.003500e-01,9.138752e-05,1.444106e-01,-5.784669e-02,-1.600243e-01,5.026278e-01,-3.649986e-01,2.096274e-01,-1.305983e+00,5.348256e-01,1.002291e+00,1.279142e-01,-2.664641e-01,-3.799619e-01,-9.066202e-05,1.718117e+01,-5.125737e-03
3.590686e-03,-7.430839e-01,-4.422298e+00,-1.825625e+01,-1.343693e+01,-8.415341e+00,-1.783123e+00,-1.001466e+01,2.499341e+00,9.824528e-01,1.538055e+01,-1.241604e+01,-9.257385e+00,3.052282e-02,1.899250e+02,7.803965e-01,1.385876e-04,1.069164e-01,-2.294548e-01,-1.539307e-02,4.623209e-01,1.485949e-02,2.991590e-01,-6.606134e-01,2.536461e-01,7.191101e-01,2.209812e-01,-1.886227e-01,-4.905562e-01,1.813231e-04,3.435425e+01,-4.109549e-03
3.765426e-03,-3.859080e-01,-5.314689e+00,-1.738354e+01,-1.342391e+01,-7.782766e+00,-1.417494e+00,-1.023728e+01,2.641818e+00,1.337722e+00,1.573346e+01,-1.197089e+01,-1.058353e+01,3.052282e-02,2.470325e+02,7.841261e-01,1.312155e-04,4.873371e-03,-2.404640e-01,3.330040e-03,4.331965e-01,2.678673e-01,1.303211e-01,5.314302e-02,-2.967086e-01,4.568782e-01,3.510896e-01,-3.686821e-01,-3.680212e-01,4.835295e-04,4.557226e+01,2.867103e-03
3.901118e-03,-7.243703e-01,-5.205234e+00,-1.782303e+01,-1.269294e+01,-7.323406e+00,-1.670910e+00,-9.253872e+00,1.660518e+00,1.570532e+00,1.648736e+01,-1.297456e+01,-1.012160e+01,3.173164e-02,3.040005e+02,7.873663e-01,7.863820e-05,-1.285049e-01,-1.016669e-01,-2.480591e-01,5.782426e-01,1.516156e-02,-4.321915e-02,4.905802e-01,-8.092505e-01,2.710933e-01,2.777795e-01,-6.119745e-01,-6.595945e-02,5.439704e-04,3.955563e+01,9.297317e-03
3.928109e-03,-8.883839e-01,-5.181592e+00,-1.830219e+01,-1.227700e+01,-7.326431e+00,-1.986006e+00,-8.775882e+00,5.892081e-01,1.769992e+00,1.648475e+01,-1.373005e+01,-1.018674e+01,3.233605e-02,3.412937e+02,8.112006e-01,2.723401e-05,-2.120108e-01,6.268930e-02,-4.888420e-01,7.114978e-01,-3.071953e-01,-5.356098e-02,7.713952e-01,-1.245910e+00,4.570324e-01,8.405018e-02,-4.854304e-01,1.337280e-01,4.230890e-04,2.216637e+01,8.102608e-03
3.902536e-03,-1.134370e+00,-4.997181e+00,-1.903722e+01,-1.111917e+01,-8.567701e+00,-1.714963e+00,-8.292462e+00,-5.206062e-01,2.121784e+00,1.639380e+01,-1.459633e+01,-9.785576e+00,3.233605e-02,3.405726e+02,8.133458e-01,2.418871e-05,-2.823555e-01,3.094888e-02,-5.237716e-01,6.976050e-01,-1.058435e-03,2.102426e-01,1.342297e+00,-1.391728e+00,5.676058e-01,-7.062961e-01,6.951591e-01,3.070579e-01,6.044246e-05,-9.035645e-02,-1.001710e-03
3.900887e-03,-1.240962e+00,-5.105268e+00,-1.922066e+01,-1.065330e+01,-8.696595e+00,-1.663273e+00,-6.861008e+00,-2.497172e+00,3.347257e+00,1.620049e+01,-1.358716e+01,-1.008290e+01,3.233606e-02,3.395783e+02,8.116494e-01,6.592092e-05,-4.472365e-01,-9.949808e-02,-4.397728e-01,6.949977e-01,7.813509e-01,1.647539e-01,1.913067e+00,-8.175911e-01,6.507656e-01,-1.450670e+00,1.967380e+00,6.072617e-01,1.511037e-04,-3.363198e+01,-1.891408e-02
4.035673e-03,-1.959859e+00,-5.088651e+00,-1.998266e+01,-1.001677e+01,-6.643616e+00,-7.810645e-01,-3.499824e+00,-3.754932e+00,3.619928e+00,1.309801e+01,-9.570217e+00,-8.638229e+00,3.203385e-02,3.044065e+02,7.821334e-01,1.008433e-04,-4.567246e-01,-2.093132e-01,-3.802256e-01,4.441369e-01,1.396888e+00,7.589650e-03,1.986994e+00,-1.350632e-01,4.971274e-01,-1.571135e+00,2.046542e+00,8.052742e-01,3.324270e-04,-4.508536e+01,-2.344286e-02
4.191145e-03,-2.711822e+00,-5.633347e+00,-2.002834e+01,-9.353216e+00,-4.381719e+00,-1.629186e+00,-1.606869e+00,-1.881585e+00,4.274747e+00,1.087929e+01,-6.406212e+00,-7.724110e+00,3.324267e-02,1.912169e+02,7.322364e-01,1.018471e-04,-2.521772e-01,-2.734857e-01,-3.250462e-01,1.988909e-01,9.359165e-01,-1.689717e-01,1.417715e+00,4.357838e-01,3.831158e-01,-4.647059e-01,5.500126e-01,6.404915e-01,5.137495e-04,-3.513475e+01,-1.320103e-02
4.261624e-03,-2.682564e+00,-5.779708e+00,-2.053451e+01,-9.548533e+00,-3.740702e+00,-1.694058e+00,-9.845636e-01,-1.503716e+00,4.143676e+00,1.119872e+01,-7.954092e+00,-6.938601e+00,3.354488e-02,1.893265e+02,7.358380e-01,7.199543e-05,1.687437e-01,-1.919832e-01,-3.262878e-01,-1.477994e-01,-1.572918e-01,1.626160e-01,6.546036e-01,1.316430e-01,4.506458e-01,1.358918e+00,-1.535699e+00,5.225987e-02,2.115436e-04,8.496819e+00,1.156927e-02
4.297147e-03,-2.140496e+00,-6.127168e+00,-2.056996e+01,-9.892964e+00,-5.468470e+00,-2.051634e+00,-1.030064e+00,-1.443861e+00,5.000962e+00,1.482661e+01,-1.164516e+01,-7.730258e+00,3.414929e-02,2.214445e+02,7.687919e-01,3.177626e-05,4.043384e-01,-9.616103e-02,-2.840885e-01,-2.209575e-01,-1.076337e+00,9.465858e-01,2.149379e-01,-1.491647e-01,2.396313e-01,2.245340e+00,-2.272486e+00,-3.960697e-01,-3.928680e-04,4.214028e+01,2.656687e-02
4.342649e-03,-1.401803e+00,-5.801657e+00,-2.134328e+01,-1.048589e+01,-6.886700e+00,2.432396e-01,-5.152080e-01,-3.315579e+00,5.510050e+00,1.791894e+01,-1.462924e+01,-8.373856e+00,3.263826e-02,3.317767e+02,8.217020e-01,-2.733539e-05,3.981474e-01,-6.865592e-02,-1.172428e-02,-3.835468e-02,-1.306255e+00,1.319556e+00,-8.145643e-02,-2.109151e-02,1.261238e-01,1.872223e+00,-1.569950e+00,-6.010708e-01,-6.044127e-04,3.903685e+01,2.195003e-02
4.309514e-03,-1.330510e+00,-6.103178e+00,-2.104439e+01,-9.989326e+00,-8.190406e+00,2.135094e+00,-7.668570e-01,-1.721477e+00,4.789717e+00,1.874588e+01,-1.443107e+01,-8.986831e+00,3.173164e-02,3.306931e+02,8.221388e-01,-8.436032e-05,2.426745e-01,6.602649e-02,1.408112e-01,1.730372e-01,-1.095655e+00,1.159226e+00,-3.211291e-01,3.032976e-01,-2.412095e-01,7.052609e-01,-5.208062e-01,-3.863302e-01,-3.324267e-04,2.141819e+01,9.012217e-03
4.118763e-03,-1.096819e+00,-6.134983e+00,-2.035591e+01,-9.692126e+00,-8.911006e+00,2.810360e+00,-1.523449e+00,-1.470366e+00,4.879918e+00,1.860020e+01,-1.441089e+01,-9.315669e+00,3.173164e-02,3.298865e+02,8.189147e-01,-8.795988e-05,1.489822e-01,9.781585e-02,2.559811e-01,2.386161e-01,-8.074587e-01,3.763935e-01,-4.189014e-01,3.988347e-01,-1.802299e-01,-2.036448e-01,1.328098e-01,-1.723907e-01,2.417650e-04,-4.622162e-01,-1.932865e-03
3.987288e-03,-1.079615e+00,-5.630373e+00,-2.035959e+01,-9.424660e+00,-9.934593e+00,2.460938e+00,-2.131589e+00,-8.499799e-01,4.109981e+00,1.801228e+01,-1.435836e+01,-9.191003e+00,3.294047e-02,3.294806e+02,8.152466e-01,-2.257689e-05,9.703683e-02,1.640690e-01,4.915714e-02,1.062822e-02,-4.306524e-01,-2.257644e-01,-3.392654e-01,-9.341179e-02,6.489978e-02,-4.935928e-01,7.089452e-02,1.227301e-01,2.115440e-04,1.167572e-01,-1.161397e-03
4.063962e-03,-7.823398e-01,-5.548980e+00,-2.040578e+01,-9.575142e+00,-1.005190e+01,1.962285e+00,-1.927349e+00,-1.757154e+00,4.948769e+00,1.726752e+01,-1.400154e+01,-9.133723e+00,3.324267e-02,3.300719e+02,8.154837e-01,5.295849e-05,8.051097e-03,3.535543e-02,-1.022106e-01,-1.937490e-01,-3.541632e-02,-4.524464e-01,-2.500005e-01,-3.420533e-01,2.247872e-01,-3.800243e-01,-1.414462e-01,4.181170e-01,-3.324267e-04,5.779236e-01,4.625857e-04
4.224030e-03,-1.002566e+00,-5.575834e+00,-2.077367e+01,-9.994677e+00,-9.773221e+00,1.430309e+00,-2.261234e+00,-2.045141e+00,5.079791e+00,1.694426e+01,-1.428127e+01,-8.464153e+00,3.203385e-02,3.311842e+02,8.180473e-01,6.917906e-05,-9.780384e-02,-7.617798e-02,-9.980373e-02,-3.467950e-01,3.800074e-01,-4.393439e-01,-2.314591e-01,-3.913923e-01,4.299316e-01,-1.210741e-01,-3.663518e-01,6.065842e-01,-9.368394e-04,6.531922e-01,1.451343e-03
4.265185e-03,-1.095088e+00,-5.985475e+00,-2.065993e+01,-1.037586e+01,-9.168774e+00,1.063442e+00,-2.708630e+00,-2.583051e+00,5.518949e+00,1.723409e+01,-1.515666e+01,-7.588509e+00,3.052282e-02,3.319243e+02,8.198273e-01,2.085576e-05,-1.691680e-01,-7.660107e-02,-5.527763e-02,-3.837854e-01,4.225609e-01,-2.578367e-01,-1.367037e-01,-8.113170e-02,3.480383e-01,1.455330e-01,-5.454656e-01,6.049309e-01,-9.670599e-04,2.170471e-01,7.911921e-04
4.232572e-03,-1.412260e+00,-5.793015e+00,-2.073153e+01,-1.075827e+01,-8.476119e+00,7.136396e-01,-2.898245e+00,-2.393992e+00,5.974549e+00,1.742362e+01,-1.561256e+01,-6.930689e+00,2.961620e-02,3.318204e+02,8.203316e-01,-3.531808e-05,-1.083427e-01,1.437006e-02,-1.486855e-02,-3.807225e-01,2.307251e-01,-5.589122e-02,2.829746e-01,8.173529e-02,5.063409e-01,8.686218e-02,-3.781848e-01,3.471119e-01,-5.137501e-04,-4.423523e-01,-7.562578e-04
4.163970e-03,-1.423333e+00,-5.823395e+00,-2.070323e+01,-1.111227e+01,-8.587646e+00,1.031436e+00,-2.292362e+00,-1.988387e+00,6.241581e+00,1.775550e+01,-1.606322e+01,-6.875801e+00,2.961620e-02,3.308391e+02,8.182976e-01,-5.612411e-05,-2.546202e-02,1.557294e-01,-6.499138e-02,-3.277774e-01,-1.563334e-01,1.620927e-01,7.172137e-01,3.105540e-01,3.667611e-01,-1.451107e-01,7.230625e-02,-1.237726e-03,-9.066165e-05,-9.943268e-01,-2.440184e-03
4.098047e-03,-1.380157e+00,-5.585024e+00,-2.082636e+01,-1.153009e+01,-8.910159e+00,1.166856e+00,-1.054495e+00,-1.933797e+00,7.250179e+00,1.711786e+01,-1.571891e+01,-7.084948e+00,2.991840e-02,3.295150e+02,8.150309e-01,-4.343144e-05,8.671518e-02,1.557860e-01,-4.988079e-02,-2.283071e-01,-4.075614e-01,2.412641e-01,9.104206e-01,2.879640e-01,1.290496e-01,-2.753136e-01,4.857867e-01,-2.632921e-01,9.066202e-05,-1.177631e+00,-3.483635e-03
4.051827e-03,-1.238450e+00,-5.310823e+00,-2.093747e+01,-1.162884e+01,-9.733420e+00,1.647298e+00,-4.443579e-02,-1.260379e+00,6.714939e+00,1.666142e+01,-1.474196e+01,-7.517568e+00,2.991840e-02,3.281053e+02,8.102767e-01,-3.082198e-05,9.804541e-02,1.829288e-01,-6.494598e-02,-9.850464e-02,-4.750582e-01,2.052410e-01,6.323213e-01,1.745117e-01,-3.588222e-01,-2.403265e-01,6.781061e-01,-3.658088e-01,0,-1.063397e+00,-4.098952e-03
4.071486e-03,-1.071126e+00,-5.270371e+00,-2.086382e+01,-1.164152e+01,-9.941039e+00,1.612029e+00,5.298951e-01,-1.318177e+00,6.383118e+00,1.659410e+01,-1.384426e+01,-7.926266e+00,2.991840e-02,3.272991e+02,8.069238e-01,-6.279004e-05,6.158292e-03,1.828640e-01,-1.235905e-02,-2.019253e-02,-3.075542e-01,9.463350e-02,3.242286e-01,-2.649753e-02,-7.868213e-01,-7.167836e-02,4.489044e-01,-1.331631e-01,-1.511034e-04,-1.173300e+01,-4.562229e-03
4.023140e-03,-1.087622e+00,-5.066078e+00,-2.100923e+01,-1.154908e+01,-1.044750e+01,1.835055e+00,7.704931e-02,-1.423639e+00,4.881001e+00,1.681575e+01,-1.361002e+01,-8.284186e+00,2.961620e-02,3.266301e+02,8.018563e-01,-1.511795e-04,-1.774013e-01,2.225339e-01,4.865646e-02,7.422447e-04,-1.156326e-01,-9.057587e-02,3.893912e-01,-3.453787e-01,-9.820988e-01,-2.794018e-02,-1.056557e-02,2.796137e-01,-2.417650e-04,-2.799844e+01,-4.870939e-03
3.798440e-03,-1.424780e+00,-4.793077e+00,-2.085227e+01,-1.167093e+01,-1.009089e+01,1.546145e+00,5.059063e-01,-1.984655e+00,4.233042e+00,1.668231e+01,-1.404036e+01,-7.367455e+00,2.931399e-02,2.715877e+02,7.964299e-01,-2.361499e-04,-3.281873e-01,1.160993e-01,1.972679e-01,4.374514e-02,6.040573e-02,-2.814582e-01,8.615419e-01,-5.072833e-01,-1.091421e+00,-2.861990e-01,-1.696094e-01,4.113224e-01,-3.022058e-04,-4.446171e+01,-4.546189e-03
3.432453e-03,-1.948629e+00,-4.436801e+00,-2.069996e+01,-1.161043e+01,-1.023666e+01,1.227360e+00,1.914515e+00,-2.654033e+00,2.879483e+00,1.647761e+01,-1.469674e+01,-6.398905e+00,2.901179e-02,2.159688e+02,7.911690e-01,-2.195338e-04,-2.763032e-01,-1.084475e-01,2.986179e-01,2.202124e-01,-1.868966e-01,-2.719222e-01,1.444974e+00,-5.593926e-01,-1.014843e+00,-4.926759e-01,-7.175779e-02,8.361568e-02,-2.417643e-04,-4.459413e+01,-3.120232e-03
3.186081e-03,-2.281558e+00,-5.004513e+00,-2.003212e+01,-1.139212e+01,-9.744431e+00,5.085855e-01,3.918872e+00,-3.239396e+00,1.926771e+00,1.533217e+01,-1.414895e+01,-6.812294e+00,2.870958e-02,1.603212e+02,7.895365e-01,-9.337475e-05,2.720404e-02,-2.950989e-01,2.947662e-01,2.235983e-01,-5.805416e-01,-1.735983e-01,1.601954e+00,-3.545600e-01,-7.911111e-01,-6.979022e-01,3.508147e-01,-6.485292e-01,-3.022049e-05,-2.823452e+01,-1.144564e-03
3.231651e-03,-2.040748e+00,-5.502597e+00,-1.992622e+01,-1.058742e+01,-1.155521e+01,9.942231e-01,5.595438e+00,-3.593231e+00,9.599227e-01,1.502744e+01,-1.391451e+01,-8.143688e+00,2.870958e-02,1.592927e+02,7.897019e-01,5.026839e-05,3.550834e-01,-2.696276e-01,1.908422e-01,7.868824e-02,-9.374282e-01,4.017345e-02,1.396825e+00,-2.433530e-01,-3.679995e-01,-5.574978e-01,6.024253e-01,-1.057399e+00,3.626473e-04,-1.163884e+01,3.441215e-04
3.431967e-03,-1.242700e+00,-5.735673e+00,-1.976531e+01,-1.106445e+01,-1.233432e+01,7.947223e-01,6.675214e+00,-3.287856e+00,1.237267e+00,1.391788e+01,-1.267740e+01,-9.737709e+00,2.931399e-02,1.587532e+02,7.914407e-01,1.005808e-04,4.767798e-01,-6.915979e-02,7.196160e-02,-4.689569e-02,-8.991691e-01,1.081704e-01,1.070013e+00,-3.045537e-01,-8.743363e-03,-2.112009e-01,4.395395e-01,-7.740780e-01,7.857360e-04,-4.486008e-01,6.125569e-04
3.560851e-03,-6.926413e-01,-5.419359e+00,-1.987915e+01,-1.138082e+01,-1.362885e+01,1.285159e+00,7.520470e+00,-3.846568e+00,1.384237e+00,1.439727e+01,-1.242038e+01,-1.022319e+01,3.052282e-02,1.585586e+02,7.919375e-01,5.384479e-05,3.023325e-01,4.350033e-02,4.015408e-02,-2.853508e-02,-3.163319e-01,1.449602e-01,6.666326e-01,-5.085317e-01,1.376401e-01,1.192570e-01,1.801075e-01,-1.877146e-01,7.252948e-04,-2.258148e-01,-4.953742e-05
3.524384e-03,-5.717125e-01,-5.391931e+00,-1.969584e+01,-1.122990e+01,-1.320346e+01,9.039693e-01,8.306423e+00,-4.635496e+00,1.670897e+00,1.459125e+01,-1.269832e+01,-9.642933e+00,3.173164e-02,1.584452e+02,7.914815e-01,-2.206943e-05,4.212012e-02,-2.487526e-02,1.154676e-01,1.349256e-01,2.826237e-01,2.807378e-02,4.741974e-01,-5.563850e-01,5.003836e-02,4.296612e-01,-1.127349e-01,2.634938e-01,1.813238e-04,-1.915649e-01,-8.014917e-04
3.454666e-03,-8.645799e-01,-5.456967e+00,-1.976019e+01,-1.064737e+01,-1.270230e+01,1.664401e+00,8.112996e+00,-5.462070e+00,1.431308e+00,1.528704e+01,-1.300352e+01,-9.129649e+00,3.112723e-02,1.583176e+02,7.894338e-01,-6.876265e-05,-6.232324e-02,-1.760718e-01,2.541714e-01,-3.336287e-02,8.525020e-01,-2.638293e-01,3.735679e-01,-3.124285e-01,-2.615565e-02,4.963337e-01,1.022797e-02,2.528681e-01,-6.044125e-04,-2.722488e-01,-1.015103e-03
3.374713e-03,-9.461303e-01,-5.841246e+00,-1.924746e+01,-1.075655e+01,-1.138448e+01,7.454705e-01,8.749938e+00,-5.262030e+00,1.463923e+00,1.562130e+01,-1.294951e+01,-8.967010e+00,2.991840e-02,1.579159e+02,7.886851e-01,-8.474877e-05,-4.667729e-03,-1.997767e-01,3.098358e-01,-3.555005e-01,9.289188e-01,-5.969924e-01,5.205287e-01,-1.868210e-02,-5.879589e-02,5.425175e-01,2.697818e-01,1.341152e-02,-9.972805e-04,-3.623871e-01,-6.827414e-04
3.291874e-03,-8.170485e-01,-6.075060e+00,-1.883249e+01,-1.178431e+01,-1.027583e+01,4.526192e-02,9.166552e+00,-5.095444e+00,1.356946e+00,1.636391e+01,-1.224365e+01,-9.296811e+00,2.840737e-02,1.574621e+02,7.882602e-01,-8.193862e-05,7.328125e-02,-5.518436e-03,2.435848e-01,-6.058205e-01,6.996349e-01,-8.129746e-01,8.301708e-01,3.222793e-01,-1.022098e-01,5.178286e-01,3.216541e-01,-2.577324e-02,-7.857360e-04,-4.006531e-01,-4.904389e-04
3.182037e-03,-6.188168e-01,-6.081768e+00,-1.861051e+01,-1.243893e+01,-9.772099e+00,-1.271423e+00,1.038229e+01,-4.912220e+00,1.414098e+00,1.676540e+01,-1.172934e+01,-9.492294e+00,2.810517e-02,1.570610e+02,7.886546e-01,-6.170598e-05,1.948832e-02,2.493400e-01,5.416946e-02,-7.033780e-01,2.156416e-01,-4.894535e-01,7.582641e-01,5.391127e-01,-2.709299e-01,4.027250e-01,9.426908e-02,1.776979e-01,-3.928680e-04,-3.536499e-01,-7.128000e-04
3.141311e-03,-6.618304e-01,-5.364298e+00,-1.886073e+01,-1.283528e+01,-1.001032e+01,-1.392025e+00,1.144767e+01,-4.025579e+00,9.451717e-01,1.730413e+01,-1.200533e+01,-8.995873e+00,2.810517e-02,1.567417e+02,7.869968e-01,-3.597741e-05,-1.114538e-01,4.093727e-01,-1.599926e-01,-6.040493e-01,-2.243435e-01,-9.397112e-02,4.224514e-01,7.485571e-01,-3.658206e-01,3.985138e-02,-4.152408e-01,6.749040e-01,0,-3.162491e-01,-9.342789e-04
3.141464e-03,-9.262978e-01,-4.949927e+00,-1.896249e+01,-1.374795e+01,-1.043903e+01,-9.831536e-01,1.140070e+01,-3.101399e+00,3.151608e-01,1.716482e+01,-1.259732e+01,-8.228990e+00,2.810517e-02,1.565078e+02,7.857528e-01,-2.794801e-05,-1.756888e-01,3.963507e-01,-2.571630e-01,-5.200890e-01,-3.017616e-01,2.912219e-01,-3.017507e-01,5.606949e-01,-1.345724e-01,-4.170795e-01,-7.588355e-01,1.044598e+00,9.066202e-05,-3.155060e-01,-9.870350e-04
3.132273e-03,-1.220577e+00,-4.594118e+00,-1.945646e+01,-1.415005e+01,-1.106408e+01,-5.687286e-01,1.076960e+01,-2.258069e+00,7.731178e-02,1.636346e+01,-1.388586e+01,-6.553943e+00,2.840737e-02,1.561574e+02,7.850397e-01,-5.982574e-05,-1.816031e-01,3.100390e-01,-2.937996e-01,-2.541180e-01,-3.488884e-02,2.120493e-01,-9.089006e-01,2.961252e-02,2.797856e-01,-7.790346e-01,-7.228719e-01,1.018346e+00,9.066202e-05,-3.845383e-01,-9.507358e-04
3.046816e-03,-1.217888e+00,-4.485105e+00,-1.959846e+01,-1.438199e+01,-1.075402e+01,-2.269625e-01,9.212570e+00,-2.992500e+00,1.175166e+00,1.515034e+01,-1.458325e+01,-5.490269e+00,2.840737e-02,1.557757e+02,7.846979e-01,-1.135244e-04,-1.391362e-01,2.704841e-01,-2.107914e-01,6.561498e-02,2.892397e-01,-5.905427e-02,-9.837080e-01,-6.813253e-01,5.290835e-01,-7.985648e-01,-3.236404e-01,7.208020e-01,0,-5.048264e-01,-1.317155e-03
2.889507e-03,-1.424051e+00,-4.046514e+00,-2.001174e+01,-1.378885e+01,-1.002726e+01,-7.098740e-01,7.997235e+00,-3.931966e+00,1.914097e+00,1.441620e+01,-1.462672e+01,-5.273503e+00,2.840737e-02,1.551851e+02,7.827706e-01,-1.428454e-04,-1.228146e-01,2.343636e-01,-1.110199e-01,1.008079e-01,4.193711e-01,-3.326415e-01,-6.814042e-01,-9.799517e-01,2.020442e-01,-5.301439e-01,2.546092e-01,3.800233e-01,-9.066202e-05,-5.940002e-01,-1.704258e-03
2.695225e-03,-1.520242e+00,-3.871308e+00,-1.973881e+01,-1.360047e+01,-9.511237e+00,-1.207852e+00,7.868342e+00,-5.671076e+00,2.042186e+00,1.414563e+01,-1.384509e+01,-5.265200e+00,2.810517e-02,1.544698e+02,7.803016e-01,-1.203682e-04,-7.108907e-02,1.654228e-01,-6.460419e-02,-1.229086e-01,2.780357e-01,-6.488053e-01,-7.210784e-02,-8.421131e-01,-1.761947e-01,-9.892883e-02,5.537199e-01,2.868072e-01,-1.511034e-04,-6.131363e-01,-1.378763e-03
2.593841e-03,-1.683473e+00,-3.729198e+00,-1.994139e+01,-1.403677e+01,-9.588622e+00,-1.741491e+00,8.034698e+00,-5.818539e+00,6.540232e-01,1.421510e+01,-1.298190e+01,-4.766361e+00,2.810517e-02,1.538403e+02,7.787166e-01,-6.475439e-05,6.242819e-02,1.026129e-01,-7.073250e-02,-3.581573e-01,8.212586e-02,-8.314792e-01,2.792107e-01,-4.095084e-01,-1.540031e-01,2.772355e-01,5.915912e-01,4.874507e-01,-2.115447e-04,-5.245560e-01,-5.874812e-04
2.592807e-03,-1.443622e+00,-3.816648e+00,-1.995666e+01,-1.487257e+01,-9.583167e+00,-2.955180e+00,8.833300e+00,-6.259779e+00,9.242298e-01,1.475625e+01,-1.263706e+01,-4.309803e+00,2.780296e-02,1.533824e+02,7.798311e-01,-1.745035e-05,1.913553e-01,1.436969e-01,-7.242127e-02,-5.186677e-01,9.891872e-02,-9.752111e-01,3.567231e-01,-3.766732e-02,2.764121e-01,4.112633e-01,5.164376e-01,7.106601e-01,-1.813237e-04,-3.899994e-01,3.333151e-04
2.616944e-03,-1.150220e+00,-3.560780e+00,-2.025648e+01,-1.494359e+01,-9.580670e+00,-3.993606e+00,8.910810e+00,-5.685156e+00,1.703060e+00,1.549707e+01,-1.227278e+01,-3.313947e+00,2.750075e-02,1.531061e+02,7.800684e-01,-3.761845e-06,3.182963e-01,2.675084e-01,8.918075e-02,-6.032465e-01,2.746860e-01,-7.566622e-01,3.403059e-01,3.965788e-02,7.302939e-01,2.812700e-01,4.866956e-01,1.011821e+00,-1.511032e-04,-2.678513e-01,4.897118e-04
2.596422e-03,-8.300920e-01,-3.237033e+00,-1.994337e+01,-1.574040e+01,-9.020619e+00,-4.957851e+00,9.213902e+00,-5.926104e+00,2.899728e+00,1.556096e+01,-1.161746e+01,-2.438106e+00,2.750076e-02,1.528870e+02,7.812923e-01,-1.108369e-05,3.763846e-01,3.622137e-01,2.914516e-01,-8.350341e-01,5.054059e-01,-1.702764e-01,1.152925e-01,1.496534e-01,6.076461e-01,-6.592083e-03,7.014176e-01,9.959415e-01,-6.044134e-05,-1.855225e-01,2.333283e-04
2.573224e-03,-3.987567e-01,-2.681463e+00,-1.950213e+01,-1.661909e+01,-8.496466e+00,-4.523467e+00,9.545926e+00,-5.787087e+00,3.317744e+00,1.521909e+01,-1.105822e+01,-6.431059e-01,2.750075e-02,1.527488e+02,7.804346e-01,-7.677498e-06,4.327188e-01,3.541384e-01,3.588486e-01,-9.064809e-01,5.462255e-01,4.314117e-01,-4.209776e-02,2.204599e-02,4.000084e-01,-1.128563e-01,9.171487e-01,6.704476e-01,1.862645e-10,-1.449585e-01,1.035750e-04
2.559249e-03,6.256929e-02,-2.445238e+00,-1.887657e+01,-1.821000e+01,-7.598240e+00,-3.541631e+00,9.092204e+00,-5.460547e+00,3.155118e+00,1.486227e+01,-9.737258e+00,-6.655166e-01,2.750075e-02,1.526334e+02,7.808146e-01,3.169524e-06,4.909484e-01,3.043528e-01,1.324020e-01,-5.202072e-01,3.709336e-01,8.979243e-01,-4.507095e-01,4.833746e-03,1.038248e-01,1.703029e-01,1.445666e+00,2.278400e-02,-1.862645e-10,-1.347977e-01,-5.338788e-05
2.597143e-03,5.670431e-01,-2.185985e+00,-1.899563e+01,-1.824120e+01,-7.560732e+00,-2.544657e+00,8.761169e+00,-5.807705e+00,3.575406e+00,1.528213e+01,-8.627140e+00,-8.480042e-01,2.750076e-02,1.525081e+02,7.808251e-01,-8.360808e-06,5.362036e-01,2.765594e-01,-1.047745e-01,8.905602e-02,1.180808e-01,9.113523e-01,-9.236879e-01,-3.359266e-01,6.052685e-02,5.786275e-01,2.025578e+00,-4.270945e-01,0,3.219992e+00,-3.801411e-03
2.600311e-03,1.141750e+00,-1.963008e+00,-1.953461e+01,-1.753038e+01,-7.633818e+00,-1.457635e+00,7.352732e+00,-5.891626e+00,3.290021e+00,1.638096e+01,-5.604674e+00,-2.221737e+00,2.750075e-02,1.523333e+02,7.808301e-01,-8.193056e-05,5.148305e-01,4.321410e-01,-1.155487e-01,7.181528e-01,-1.055174e-02,5.157582e-01,-1.329874e+00,-7.434996e-01,-1.629404e-01,9.426051e-01,2.517008e+00,-4.135214e-01,-1.208825e-04,4.951261e+00,-6.832159e-03
2.510889e-03,1.742671e+00,-1.539781e+00,-1.969699e+01,-1.651361e+01,-7.888273e+00,-1.008704e+00,5.797223e+00,-7.251180e+00,3.552927e+00,1.735289e+01,-2.996620e+00,-2.000468e+00,2.750075e-02,1.689988e+02,7.614198e-01,-2.201887e-04,4.223370e-01,6.807123e-01,4.445694e-01,9.671341e-01,1.602183e-01,-2.388800e-01,-1.534409e+00,-1.139357e+00,-4.175520e-01,5.418968e-01,2.573964e+00,-8.354972e-02,-3.626471e-04,5.057991e+00,-9.203464e-03
2.192723e-03,2.048908e+00,-6.076348e-01,-1.910364e+01,-1.548302e+01,-7.487228e+00,-1.730817e+00,3.924806e+00,-8.456307e+00,2.351656e+00,1.853992e+01,3.252260e-02,-2.156892e+00,2.689634e-02,1.691443e+02,7.563565e-01,-3.595424e-04,2.358971e-01,1.066064e+00,1.319917e+00,1.054596e+00,3.437606e-01,-9.812695e-01,-1.220120e+00,-1.355562e+00,-7.585446e-01,-5.696520e-01,1.873757e+00,6.032149e-01,9.066258e-05,-1.005035e+01,-5.636220e-02
1.699994e-03,2.225149e+00,5.398899e-01,-1.698827e+01,-1.442920e+01,-6.832936e+00,-3.602465e+00,2.803086e+00,-1.022215e+01,1.956829e+00,1.691213e+01,1.424081e+00,-1.298176e+00,2.598973e-02,1.693925e+02,7.470446e-01,-4.343751e-04,-3.738313e-02,1.379643e+00,2.131766e+00,1.301026e+00,5.159882e-01,-1.226093e+00,-6.353093e-01,-7.799830e-01,-9.867136e-01,-1.879032e+00,7.091619e-01,6.175626e-01,1.329708e-03,-3.032879e+01,-1.271913e-01
1.208047e-03,2.079996e+00,2.327478e+00,-1.428938e+01,-1.329961e+01,-6.442684e+00,-5.067101e+00,2.749199e+00,-1.118395e+01,2.953472e-01,1.375307e+01,1.553762e+00,4.431914e-01,2.870958e-02,1.018847e+02,5.062067e-01,-4.038749e-04,-3.927750e-01,1.624423e+00,2.459631e+00,1.583295e+00,5.549879e-01,-9.381828e-01,-4.094767e-03,2.985269e-01,-7.650374e-01,-2.762451e+00,-6.475223e-01,1.910882e-01,2.719855e-03,-4.566965e+01,-2.009219e-01
8.313519e-04,1.540211e+00,3.890877e+00,-1.144529e+01,-1.110019e+01,-5.830604e+00,-5.471029e+00,3.208480e+00,-9.787272e+00,-3.524868e-01,1.035115e+01,-2.114300e-01,-2.126965e-01,3.324267e-02,5.098462e+01,2.505383e-01,-2.985683e-04,-6.654054e-01,1.696815e+00,2.085140e+00,1.703594e+00,7.038217e-01,-5.515337e-01,3.659954e-02,1.537975e+00,-3.859565e-01,-2.578123e+00,-1.341721e+00,-8.770148e-01,3.354487e-03,-4.406698e+01,-2.000296e-01
6.076692e-04,4.275023e-01,5.838989e+00,-9.576976e+00,-9.231055e+00,-5.213455e+00,-5.487450e+00,3.701636e+00,-7.181112e+00,-3.188730e-01,8.008152e+00,-2.387333e+00,-1.744190e+00,3.686915e-02,0,0,-1.752947e-04,-6.957471e-01,1.513080e+00,1.347467e+00,1.547362e+00,6.215928e-01,-4.727990e-01,-2.147008e-01,1.924091e+00,2.921590e-01,-1.958172e+00,-1.092713e+00,-1.409174e+00,2.357208e-03,-2.547541e+01,-1.262952e-01
5.073406e-04,-2.756310e-01,7.268209e+00,-8.918775e+00,-7.945508e+00,-3.928442e+00,-6.149960e+00,2.509866e+00,-4.533696e+00,3.341564e-01,6.893978e+00,-3.313978e+00,-4.589559e+00,3.868238e-02,0,0,-7.869954e-05,-4.335118e-01,1.238812e+00,5.943602e-01,1.026769e+00,4.145715e-01,-7.565011e-01,-6.228176e-01,1.582357e+00,7.300383e-01,-1.618834e+00,-2.174261e-01,-9.617262e-01,1.239045e-03,-1.019692e+01,-5.010767e-02
4.935788e-04,-4.908185e-01,8.204212e+00,-8.815304e+00,-7.140139e+00,-4.285801e+00,-7.091630e+00,2.025002e+00,-4.190289e+00,1.412821e+00,5.690800e+00,-2.358526e+00,-4.414245e+00,3.777577e-02,0,0,-2.575889e-05,-1.426425e-01,8.429060e-01,2.300871e-01,6.730142e-01,-8.946767e-02,-1.002758e+00,-6.864628e-01,1.094684e+00,9.004162e-01,-1.722746e+00,4.684499e-01,-9.142430e-02,-1.511026e-04,0,0
4.948994e-04,-1.681882e-01,8.902324e+00,-8.854321e+00,-7.011805e+00,-4.221573e+00,-8.451444e+00,9.327092e-01,-3.370900e+00,2.431858e+00,3.415656e+00,-1.312964e+00,-3.686300e+00,3.898459e-02,0,0,-7.258536e-06,-5.412766e-02,5.884269e-01,2.855089e-01,3.317005e-01,-3.128652e-01,-9.123030e-01,-6.935784e-01,8.593826e-01,6.853655e-01,-1.969848e+00,7.920441e-01,7.579498e-01,-8.461770e-04,0,0
4.850953e-04,-3.394319e-01,9.236462e+00,-8.458767e+00,-6.332836e+00,-5.514227e+00,-9.350495e+00,1.057900e+00,-2.289089e+00,3.134357e+00,1.133583e+00,-1.045591e+00,-2.652941e+00,3.596253e-02,0,0,-6.032034e-06,-1.080142e-01,3.644247e-01,5.506212e-01,1.626717e-01,-1.385429e-01,-7.012904e-01,-5.438082e-01,6.530685e-01,9.926663e-02,-1.709636e+00,8.583514e-01,1.162298e+00,-9.670593e-04,0,0
4.752897e-04,-6.219626e-01,9.694219e+00,-7.669498e+00,-6.690657e+00,-4.878555e+00,-9.582042e+00,-4.744752e-01,-1.187383e+00,2.900216e+00,-6.766540e-01,-1.022561e-02,-1.680462e+00,3.535812e-02,0,0,-5.402815e-06,-1.762517e-01,2.080177e-01,6.994417e-01,6.583252e-02,2.324522e-01,-4.293799e-01,-3.714671e-01,2.272915e-01,-3.777078e-01,-7.135527e-01,9.651936e-01,9.912035e-01,-9.670596e-04,0,0
4.732235e-04,-8.040022e-01,9.630388e+00,-6.654610e+00,-6.487354e+00,-4.650025e+00,-1.003278e+01,9.553035e-03,-2.016705e+00,1.674975e+00,-8.112257e-01,1.281861e+00,3.943283e-01,3.475371e-02,0,0,-2.086698e-06,-1.211593e-01,9.957037e-02,7.002393e-01,-9.512806e-03,4.737330e-01,-3.216278e-01,-4.617963e-01,-3.585986e-02,-2.162454e-01,2.756552e-01,7.955276e-01,4.332736e-01,-3.626473e-04,0,0
4.738212e-04,-8.171617e-01,9.745449e+00,-6.259192e+00,-6.605383e+00,-3.491413e+00,-1.025720e+01,-4.004526e-01,-2.370635e+00,1.273010e+00,8.202968e-01,2.349277e+00,-2.539176e-01,3.475370e-02,0,0,-1.499735e-06,-9.664203e-02,3.911114e-02,4.633427e-01,2.212055e-01,1.958062e-01,-3.332810e-01,-5.158387e-01,-5.990541e-03,3.131787e-01,8.832713e-01,5.625852e-01,-4.420107e-01,-9.066202e-05,0,0
4.753961e-04,-8.476290e-01,9.708698e+00,-5.662724e+00,-6.423037e+00,-3.839133e+00,-1.062106e+01,-1.288093e+00,-1.876762e+00,2.866733e+00,1.763384e+00,1.752295e+00,-1.199845e+00,3.445150e-02,0,0,-5.234126e-06,-1.922372e-01,5.923567e-02,2.376795e-01,5.476357e-01,1.076934e-01,-1.948113e-01,-8.736364e-01,-8.866625e-02,7.346985e-01,1.078273e+00,4.256353e-01,-1.005133e+00,1.601692e-03,0,0
4.667047e-04,-1.083359e+00,9.850619e+00,-5.848728e+00,-5.616788e+00,-4.304970e+00,-1.095431e+01,-2.404846e+00,-1.287307e+00,3.870231e+00,2.452398e+00,2.567483e+00,-3.093429e+00,3.505591e-02,0,0,-1.166888e-05,-2.709918e-01,9.662056e-03,9.519496e-02,1.013039e+00,3.257663e-01,7.181120e-02,-6.883555e-01,-8.611155e-01,3.013007e-01,8.059063e-01,5.495364e-01,-5.712836e-01,3.112722e-03,0,0
4.506111e-04,-1.632090e+00,9.873981e+00,-5.671444e+00,-4.243473e+00,-3.704780e+00,-1.065828e+01,-3.356432e+00,-3.001700e+00,4.049857e+00,3.764087e+00,3.300935e+00,-3.211579e+00,4.261106e-02,0,0,-1.559438e-05,-2.813661e-01,1.100159e-03,3.516893e-02,1.004114e+00,8.117067e-01,6.760795e-01,-3.273527e-01,-1.568001e+00,-4.200307e-01,4.083841e-01,4.041620e-01,-1.352411e-01,4.200664e-03,0,0
4.278693e-04,-1.779890e+00,9.711118e+00,-5.778857e+00,-2.629971e+00,-1.929759e+00,-9.879529e+00,-2.808061e+00,-6.113743e+00,2.187951e+00,3.849477e+00,4.322640e+00,-2.104469e+00,4.623753e-02,0,0,-1.391245e-05,-1.445558e-01,-3.726397e-02,1.260189e-01,6.539232e-01,8.736858e-01,8.579537e-01,2.753878e-01,-1.526949e+00,-7.271107e-01,-3.090124e-01,-2.421190e-01,4.323444e-01,3.626473e-03,0,0
4.168419e-04,-1.906194e+00,9.783950e+00,-5.521815e+00,-2.895874e+00,-9.682054e-01,-7.778049e+00,-2.723249e+00,-7.303549e+00,1.607719e+00,3.106765e+00,2.895527e+00,-2.370530e+00,4.986401e-02,0,0,-9.352729e-06,-3.507134e-02,1.123466e-01,2.669474e-01,-2.406304e-02,2.555541e-01,4.858564e-01,6.810141e-01,-2.610070e-01,-4.665224e-01,-1.059415e+00,-9.266729e-01,5.973255e-01,1.843457e-03,0,0
4.140271e-04,-1.669086e+00,9.709315e+00,-5.293448e+00,-3.020972e+00,-1.304828e+00,-8.104660e+00,-1.344499e+00,-6.771128e+00,1.455746e+00,1.235997e+00,1.559592e+00,-1.352231e+00,4.956180e-02,0,0,-3.950379e-06,-6.031735e-02,1.864512e-01,5.361605e-01,-3.598512e-01,-5.877706e-01,-4.148940e-01,6.714598e-01,9.708460e-01,1.986154e-01,-1.020784e+00,-1.275850e+00,5.309242e-01,2.115455e-04,0,0
4.107686e-04,-1.862848e+00,1.043662e+01,-4.579411e+00,-4.168288e+00,-2.739475e+00,-9.116437e+00,-6.831427e-01,-3.978043e+00,2.083348e+00,-2.262483e-01,4.909416e-02,-6.010705e-01,5.016622e-02,0,0,-1.687388e-06,-1.633001e-01,1.688669e-01,6.137441e-01,-3.101076e-01,-9.731218e-01,-1.097283e+00,5.898470e-01,1.549713e+00,2.752701e-01,-8.865385e-01,-7.825797e-01,5.337963e-01,-2.175884e-03,0,0
4.111540e-04,-2.103150e+00,1.031704e+01,-3.569256e+00,-3.793020e+00,-3.982978e+00,-1.128481e+01,-4.708152e-01,-2.922266e+00,2.943214e+00,4.120612e-01,-6.333959e-01,-3.345773e-01,4.714416e-02,0,0,-9.314506e-07,-2.688848e-01,3.612366e-02,4.229901e-01,-2.066755e-01,-7.826530e-01,-1.003519e+00,2.815103e-01,1.026824e+00,1.468621e-01,-4.049371e-01,-9.585310e-02,6.056432e-02,-3.898458e-03,0,0
4.098415e-04,-2.505663e+00,1.032442e+01,-3.315190e+00,-4.060388e+00,-4.494740e+00,-1.167439e+01,-2.108561e-01,-1.479413e+00,2.240336e+00,-9.139597e-01,7.912246e-02,-2.103759e-01,4.019341e-02,0,0,-2.155182e-06,-2.102523e-01,-1.381792e-01,8.264565e-02,-1.011721e-01,-3.943151e-01,-4.419082e-01,1.670232e-01,-9.647749e-02,-3.019359e-01,-2.470054e-01,3.340446e-01,2.043803e-02,-4.774857e-03,0,0
4.098334e-04,-2.692103e+00,9.946031e+00,-3.810608e+00,-4.108299e+00,-4.340460e+00,-1.184328e+01,-1.730904e-01,-2.886321e+00,2.111563e+00,-4.448327e-01,1.065312e+00,-1.244757e+00,3.505591e-02,0,0,-6.471583e-06,-6.164961e-02,-2.469816e-02,-1.580443e-01,-1.692354e-01,-3.521911e-01,3.804312e-01,-4.795871e-02,-7.875390e-01,-6.191121e-01,-1.176161e-01,2.001512e-01,-7.494282e-02,-4.049562e-03,0,0
4.006530e-04,-2.619633e+00,9.931225e+00,-4.045507e+00,-4.516509e+00,-4.532309e+00,-1.104674e+01,3.110831e-03,-4.478403e+00,9.894937e-01,-1.032828e+00,8.699634e-01,-4.379056e-02,3.233605e-02,0,0,-1.024803e-05,7.629728e-02,5.148897e-02,-3.208876e-03,7.098112e-02,-7.278453e-01,6.554197e-01,-3.730766e-01,-7.969174e-01,-3.527089e-01,7.040785e-02,-4.547292e-01,-2.138360e-01,-2.478090e-03,0,0
3.833904e-04,-2.354413e+00,1.039015e+01,-3.994319e+00,-4.411137e+00,-5.725149e+00,-9.696475e+00,-8.175922e-01,-5.360466e+00,4.730742e-01,-1.165851e-01,-2.806040e-02,-7.925841e-01,3.082502e-02,0,0,-1.125507e-05,1.238981e-01,8.034096e-02,2.514462e-01,3.623795e-01,-1.012013e+00,6.384145e-01,-8.536209e-01,3.343336e-01,-2.631692e-01,-1.310657e-01,-7.539633e-01,-5.744190e-01,-1.692354e-03,0,0
3.718229e-04,-2.293021e+00,1.035981e+01,-3.239379e+00,-3.554064e+00,-7.441622e+00,-9.470695e+00,-1.753988e+00,-4.226927e+00,1.296036e+00,-7.260442e-01,-1.647837e+00,-1.505642e+00,2.991840e-02,0,0,-7.366701e-06,6.377077e-02,-7.397537e-02,5.071616e-01,5.449916e-01,-9.131058e-01,3.009586e-01,-1.259019e+00,1.175983e+00,8.961359e-03,-2.388851e-01,-6.560655e-01,-7.941742e-01,-2.417650e-04,0,0
3.679731e-04,-2.235918e+00,1.013344e+01,-2.956441e+00,-2.777624e+00,-7.945867e+00,-9.439227e+00,-3.562646e+00,-1.340391e+00,6.424455e-01,-1.253553e+00,-1.445604e+00,-3.385926e+00,2.780296e-02,0,0,-5.648471e-07,7.195177e-02,-2.789405e-01,4.236993e-01,3.429847e-01,-2.988614e-01,4.367312e-01,-1.412589e+00,1.180136e+00,-2.441565e-01,-1.862793e-01,-4.032131e-01,-5.901859e-01,2.508311e-03,0,0
3.715281e-04,-2.360026e+00,9.689700e+00,-2.028638e+00,-2.608307e+00,-7.987478e+00,-9.670573e+00,-4.919458e+00,-6.085256e-01,9.496148e-01,-1.658770e+00,-1.701592e+00,-2.717991e+00,3.263826e-02,0,0,3.552469e-06,8.997282e-02,-3.088871e-01,2.039621e-01,3.619888e-01,3.824894e-01,4.883240e-01,-1.228577e+00,3.692553e-01,-2.533425e-01,1.937740e-01,1.771835e-02,-3.146270e-01,4.865520e-03,0,0
3.807135e-04,-1.961151e+00,9.330500e+00,-2.481193e+00,-3.169091e+00,-6.946528e+00,-7.412880e+00,-6.297801e+00,-1.268988e+00,-5.744977e-01,-5.816191e-01,-2.017248e+00,-3.137340e+00,4.200665e-02,0,0,4.008858e-06,7.440667e-02,-3.345668e-01,1.046469e-01,7.048385e-01,6.748611e-01,1.727270e-01,-1.027234e+00,-2.158393e-01,1.367641e-01,3.893085e-01,-1.718486e-01,-5.653946e-02,4.895740e-03,0,0
3.832150e-04,-1.980541e+00,9.216845e+00,-2.457192e+00,-1.548386e+00,-6.028845e+00,-8.042249e+00,-6.529294e+00,-2.416352e+00,6.377949e-01,-9.314096e-02,-1.273423e+00,-3.203071e+00,4.714416e-02,0,0,7.643597e-07,-4.487723e-02,-2.200593e-01,2.844277e-01,1.262577e+00,5.092973e-01,-6.230826e-01,-7.507313e-01,2.508256e-01,4.144994e-01,2.011456e-01,-3.454368e-01,-2.799664e-01,6.044127e-04,0,0
3.821740e-04,-2.053628e+00,8.697038e+00,-2.218929e+00,2.166077e-01,-5.550878e+00,-9.389754e+00,-7.893898e+00,-1.515674e+00,1.482176e+00,-8.982468e-02,-2.518931e+00,-3.426083e+00,4.502871e-02,0,0,-3.573080e-06,-2.130196e-01,-1.087178e-01,6.349109e-01,1.482821e+00,1.325953e-01,-1.204459e+00,-5.907936e-01,8.108310e-01,2.748433e-01,1.731384e-01,-6.510217e-01,-4.861756e-01,-3.838019e-03,0,0
3.746197e-04,-2.538174e+00,8.906135e+00,-7.376315e-01,2.011731e+00,-6.138817e+00,-1.179755e+01,-7.875067e+00,7.689452e-01,1.993775e+00,-8.989388e-01,-3.177935e+00,-3.973451e+00,3.414929e-02,0,0,-5.333318e-06,-3.373550e-01,-4.520950e-02,8.634683e-01,1.390728e+00,2.292991e-02,-8.632576e-01,-3.666411e-01,6.754494e-01,-2.011992e-01,2.845312e-01,-6.861812e-01,-9.694106e-01,-5.379270e-03,0,0
3.671458e-04,-2.747432e+00,8.942266e+00,-1.664184e-01,2.464954e+00,-6.228565e+00,-1.155752e+01,-8.578883e+00,1.192518e+00,1.217286e-01,6.869718e-01,-4.320101e+00,-5.183028e+00,2.931399e-02,0,0,-6.326597e-06,-5.537742e-01,-1.316500e-02,7.926084e-01,1.484744e+00,6.634578e-01,7.535820e-02,1.481323e-01,-4.470140e-01,-7.650387e-01,3.261769e-01,-2.074743e-01,-7.814352e-01,-2.055002e-03,0,0
3.640625e-04,-3.320414e+00,8.868183e+00,8.338946e-01,4.281081e+00,-5.575352e+00,-1.127465e+01,-8.020007e+00,-3.932013e-01,3.120227e-01,9.411168e-01,-3.803744e+00,-7.171651e+00,2.810517e-02,0,0,-7.150736e-06,-6.686195e-01,-1.831525e-01,3.429643e-01,1.267866e+00,1.540885e+00,1.130621e+00,7.554746e-01,-9.920038e-01,-7.570106e-01,-9.062223e-02,-1.556557e-01,-1.799515e-01,3.445150e-03,0,0
3.558196e-04,-4.431379e+00,8.650188e+00,9.583500e-01,6.505655e+00,-2.515321e+00,-9.274412e+00,-7.080766e+00,-3.169671e+00,-1.502142e+00,6.210321e-01,-3.243398e+00,-5.734159e+00,3.777577e-02,0,0,-8.291745e-06,-8.313044e-01,-2.205743e-01,5.506646e-02,8.176371e-01,2.170272e+00,1.611047e+00,1.511689e+00,-1.341648e-01,-7.850946e-01,-9.004298e-01,4.724381e-02,6.144183e-01,6.497432e-03,0,0
3.445291e-04,-5.039298e+00,8.136411e+00,4.148058e-01,6.330711e+00,-2.910117e-01,-7.285999e+00,-4.846753e+00,-2.009979e+00,-9.793431e-01,-1.319080e+00,-4.494565e+00,-4.597643e+00,4.714416e-02,0,0,-8.680892e-06,-8.462685e-01,-2.607926e-01,-2.355640e-01,5.769753e-02,1.884339e+00,1.977166e+00,2.079909e+00,1.277297e+00,-8.039260e-01,-9.595889e-01,2.124329e-01,9.094374e-01,6.890300e-03,0,0
3.354537e-04,-6.044512e+00,8.205280e+00,3.184582e-01,5.528324e+00,1.980626e+00,-5.496617e+00,-2.607067e+00,1.330083e+00,-3.158061e+00,-2.685079e+00,-3.738472e+00,-3.397940e+00,5.228166e-02,0,0,-6.463466e-06,-1.039490e+00,-2.314190e-01,9.339173e-02,-3.361434e-01,7.342168e-01,2.150763e+00,2.185646e+00,1.938239e+00,-1.170570e-01,-6.378044e-01,4.904595e-01,4.907138e-01,6.739195e-03,0,0
3.308410e-04,-6.745189e+00,7.786674e+00,-2.397960e-02,5.058234e+00,1.598367e+00,-3.277718e+00,1.426868e-01,3.743407e+00,-2.879647e+00,-2.203772e+00,-2.494043e+00,-3.792574e+00,5.530372e-02,0,0,-3.714400e-06,-1.242131e+00,-2.248022e-01,4.666224e-01,-2.658449e-01,-4.157327e-01,2.466449e+00,1.887056e+00,1.071564e+00,7.311705e-01,1.001675e-01,5.214165e-01,6.291275e-02,8.461771e-03,0,0
3.303463e-04,-8.775882e+00,7.667962e+00,1.644701e+00,5.461176e+00,2.110732e-01,-5.247402e-01,1.352743e+00,3.644832e+00,-1.137275e+00,-2.125644e+00,-1.791361e+00,-3.683124e+00,6.739196e-02,0,0,-1.932320e-06,-1.238884e+00,-2.778430e-01,7.434604e-01,-2.645220e-01,-1.215122e+00,2.304392e+00,1.175243e+00,1.121907e-01,1.907346e+00,3.723630e-01,-1.401408e-01,-3.277788e-01,1.051677e-02,0,0
3.285109e-04,-9.884268e+00,7.281059e+00,2.084796e+00,5.035061e+00,-1.484899e+00,2.560309e+00,2.608622e+00,2.190467e+00,1.666116e+00,-1.097960e+00,-2.861037e+00,-4.140487e+00,8.189785e-02,0,0,-1.115663e-06,-9.741915e-01,-2.034692e-01,7.347375e-01,-2.925743e-01,-1.106786e+00,1.639917e+00,4.470425e-01,-3.129126e-01,1.921394e+00,2.404680e-01,-5.987589e-01,-3.320361e-01,9.670595e-03,0,0
3.269572e-04,-1.066939e+01,7.068873e+00,2.981372e+00,4.217300e+00,-2.553351e+00,3.106330e+00,2.036180e+00,2.667507e+00,4.105790e+00,-1.376170e+00,-4.255679e+00,-4.862878e+00,9.156845e-02,0,0,-8.331874e-07,-4.572144e-01,-1.410364e-01,3.569917e-01,-3.305512e-01,-6.597301e-01,7.808162e-01,7.944338e-02,-1.477611e-01,1.292580e+00,1.220739e-01,-6.323276e-01,-3.081898e-01,5.802357e-03,0,0
