pcm_RMSenergy_sma,pcm_fftMag_mfcc_sma[1],pcm_fftMag_mfcc_sma[2],pcm_fftMag_mfcc_sma[3],pcm_fftMag_mfcc_sma[4],pcm_fftMag_mfcc_sma[5],pcm_fftMag_mfcc_sma[6],pcm_fftMag_mfcc_sma[7],pcm_fftMag_mfcc_sma[8],pcm_fftMag_mfcc_sma[9],pcm_fftMag_mfcc_sma[10],pcm_fftMag_mfcc_sma[11],pcm_fftMag_mfcc_sma[12],pcm_zcr_sma,F0final_sma,voicingFinalUnclipped_sma,pcm_RMSenergy_sma_de,pcm_fftMag_mfcc_sma_de[1],pcm_fftMag_mfcc_sma_de[2],pcm_fftMag_mfcc_sma_de[3],pcm_fftMag_mfcc_sma_de[4],pcm_fftMag_mfcc_sma_de[5],pcm_fftMag_mfcc_sma_de[6],pcm_fftMag_mfcc_sma_de[7],pcm_fftMag_mfcc_sma_de[8],pcm_fftMag_mfcc_sma_de[9],pcm_fftMag_mfcc_sma_de[10],pcm_fftMag_mfcc_sma_de[11],pcm_fftMag_mfcc_sma_de[12],pcm_zcr_sma_de,F0final_sma_de,voicingFinalUnclipped_sma_de
1.356222e-02,-3.615204e+00,-1.604123e+01,-1.457239e+01,-1.334984e+01,7.638100e+00,5.127542e+00,5.467253e+00,-5.172502e+00,-1.418401e+01,3.679288e+00,-1.867042e+01,7.242231e+00,4.351768e-02,2.705402e+02,7.510832e-01,1.454673e-04,-4.041959e-01,1.859904e-01,-1.175169e-01,7.610750e-02,-2.913930e-01,6.356726e-02,3.807573e-01,-1.117371e+00,9.648266e-02,-2.866031e-01,1.030952e-01,-4.964247e-02,2.115440e-04,-1.920134e+01,1.860743e-02
1.390412e-02,-4.437485e+00,-1.548070e+01,-1.465445e+01,-1.308381e+01,7.175301e+00,5.415883e+00,6.696485e+00,-6.579651e+00,-1.364849e+01,3.139691e+00,-1.817608e+01,7.474768e+00,4.381989e-02,2.317482e+02,7.868689e-01,1.583448e-04,-4.229959e-01,3.444395e-02,-1.890958e-01,5.233774e-02,-2.060676e-01,5.808544e-03,1.125049e-01,-2.157203e+00,2.702522e-02,-2.347126e-01,8.739586e-02,-2.910942e-01,3.928684e-04,-2.237649e+01,2.348077e-02
1.411860e-02,-5.225043e+00,-1.539155e+01,-1.511894e+01,-1.310232e+01,6.412534e+00,5.301208e+00,6.756424e+00,-1.005578e+01,-1.396936e+01,2.516070e+00,-1.840212e+01,6.877750e+00,4.442430e-02,1.939295e+02,8.262275e-01,1.862434e-04,-1.322839e-01,-2.584209e-01,-1.797203e-01,8.308830e-02,1.441614e-01,1.172867e-01,-5.288831e-01,-2.666929e+00,-3.573855e-01,1.080846e-01,-6.439552e-02,-5.736845e-01,4.835300e-04,-1.768907e+01,2.141037e-02
1.407575e-02,-4.925264e+00,-1.619386e+01,-1.524459e+01,-1.321191e+01,7.220544e+00,5.069752e+00,5.385192e+00,-1.351688e+01,-1.415621e+01,3.087333e+00,-1.836760e+01,5.969000e+00,4.502871e-02,1.969631e+02,8.309149e-01,2.083363e-04,3.687507e-01,-5.414319e-01,-2.154636e-03,2.453504e-01,7.489005e-01,3.999498e-01,-1.308437e+00,-2.026583e+00,-8.797989e-01,7.160660e-01,-2.121058e-01,-5.955342e-01,3.928680e-04,-5.473732e+00,1.119867e-02
1.440762e-02,-4.032734e+00,-1.697676e+01,-1.517592e+01,-1.287035e+01,8.336285e+00,5.887041e+00,3.478484e+00,-1.503854e+01,-1.571708e+01,4.245890e+00,-1.889664e+01,5.126692e+00,4.533092e-02,1.994874e+02,8.361120e-01,2.582618e-04,6.682612e-01,-5.727127e-01,1.065426e-02,5.378052e-01,8.286369e-01,6.758693e-01,-1.673022e+00,-7.790796e-01,-1.144550e+00,1.161688e+00,-2.232088e-01,-6.114451e-01,2.719857e-04,2.310584e+00,3.646046e-03
1.480129e-02,-3.189886e+00,-1.739526e+01,-1.463673e+01,-1.197305e+01,9.957928e+00,7.122715e+00,1.793268e+00,-1.422119e+01,-1.717362e+01,5.855112e+00,-1.898935e+01,5.372626e+00,4.533092e-02,2.016006e+02,8.379200e-01,2.472463e-04,5.757269e-01,-4.167708e-01,-1.514621e-01,9.532945e-01,3.450966e-02,8.329151e-01,-1.422516e+00,5.694113e-02,-7.971522e-01,1.120307e+00,-1.491018e-01,-6.355536e-01,2.115447e-04,1.792648e+00,2.923030e-03
1.504714e-02,-2.751426e+00,-1.765441e+01,-1.536959e+01,-1.103273e+01,9.187027e+00,7.654073e+00,1.872754e-01,-1.359902e+01,-1.818340e+01,6.940622e+00,-1.920728e+01,4.118712e+00,4.563312e-02,2.031637e+02,8.409552e-01,1.495822e-04,4.045030e-01,-3.830240e-01,-3.423817e-01,1.033971e+00,-9.794901e-01,5.457617e-01,-8.742908e-01,2.318914e-01,-1.010155e-01,9.190335e-01,-7.339134e-02,-7.394438e-01,1.813244e-04,1.182425e+00,2.457947e-03
1.499222e-02,-2.687284e+00,-1.793889e+01,-1.590506e+01,-9.364253e+00,6.967721e+00,8.350811e+00,-8.178560e-02,-1.395193e+01,-1.690881e+01,7.341502e+00,-1.895779e+01,3.295223e+00,4.593533e-02,2.040882e+02,8.431085e-01,1.291419e-04,3.039706e-01,-4.048920e-01,-4.963180e-01,9.079946e-01,-1.632127e+00,1.937588e-01,-1.965762e-01,1.636217e-01,3.378616e-01,7.445447e-01,-1.058239e-01,-7.680324e-01,9.066202e-05,4.258164e-01,1.829732e-03
1.506007e-02,-2.261520e+00,-1.862007e+01,-1.625366e+01,-9.004889e+00,4.933937e+00,8.001801e+00,4.455693e-02,-1.401371e+01,-1.635456e+01,8.097862e+00,-1.927938e+01,2.468175e+00,4.593533e-02,2.041557e+02,8.458075e-01,1.498390e-04,3.262606e-01,-3.720902e-01,-4.660445e-01,5.016026e-01,-1.265327e+00,-4.692581e-01,4.353544e-01,5.056323e-01,1.724567e-02,7.574022e-01,-1.593229e-01,-4.141077e-01,-9.066239e-05,-4.104752e-01,6.252527e-04
1.544054e-02,-1.914986e+00,-1.893689e+01,-1.667629e+01,-8.446991e+00,3.923839e+00,7.917645e+00,8.817461e-01,-1.319574e+01,-1.639874e+01,8.999215e+00,-1.948242e+01,2.357732e+00,4.563312e-02,2.032336e+02,8.446425e-01,1.582781e-04,3.831020e-01,-2.096706e-01,-6.463076e-01,2.628437e-01,-6.749557e-01,-1.218225e+00,1.052076e+00,1.150752e+00,-7.818645e-01,8.918552e-01,-9.376983e-02,-2.209736e-01,-2.417654e-04,-1.213837e+00,-7.024169e-04
1.557218e-02,-1.506272e+00,-1.901586e+01,-1.731420e+01,-8.983344e+00,4.382333e+00,5.524366e+00,1.882281e+00,-1.144895e+01,-1.835221e+01,9.898776e+00,-1.974158e+01,2.516918e+00,4.533092e-02,2.015386e+02,8.433145e-01,-5.779089e-05,3.638847e-01,-1.216812e-02,-7.820727e-01,2.727472e-01,-2.347029e-01,-2.030141e+00,1.851079e+00,1.764021e+00,-1.210571e+00,9.660755e-01,1.654243e-02,-2.867084e-01,-6.044123e-04,-1.824690e+00,-2.217329e-03
1.552756e-02,-1.149398e+00,-1.878934e+01,-1.860633e+01,-8.060807e+00,3.868745e+00,3.498403e+00,4.259733e+00,-9.480546e+00,-1.981931e+01,1.090032e+01,-1.919554e+01,2.165983e+00,4.502871e-02,1.993276e+02,8.408429e-01,-6.451426e-04,4.181577e-01,-9.712219e-04,-4.945706e-01,-1.482405e-01,-4.633247e-01,-2.923688e+00,2.118939e+00,2.411587e+00,-8.103313e-01,1.022924e+00,5.721016e-02,-9.133372e-01,-1.239045e-03,-2.207779e+00,-4.537797e-03
1.472760e-02,-8.248899e-01,-1.875468e+01,-1.919901e+01,-7.834245e+00,3.787970e+00,6.071464e-02,7.610958e+00,-7.051202e+00,-2.069713e+01,1.197769e+01,-1.934011e+01,1.130508e+00,4.321547e-02,1.969853e+02,8.366206e-01,-1.578851e-03,4.491160e-01,1.193079e-01,9.013067e-01,-1.017443e+00,-1.315697e+00,-3.112666e+00,1.587127e+00,2.412449e+00,4.506866e-01,1.191318e+00,7.160126e-01,-1.533058e+00,-2.145662e-03,-2.448395e+00,-1.075048e-02
1.263711e-02,-1.648883e-01,-1.907233e+01,-1.820674e+01,-9.762743e+00,1.904398e+00,-3.968968e+00,8.612102e+00,-3.336677e+00,-1.927793e+01,1.307438e+01,-1.939710e+01,-1.515749e+00,4.049562e-02,1.944714e+02,8.253004e-01,-2.439476e-03,3.690313e-01,6.164921e-01,3.007554e+00,-2.218462e+00,-2.296724e+00,-2.826698e+00,1.467242e-02,1.634197e+00,1.286443e+00,1.557665e+00,2.072989e+00,-1.973476e+00,-2.810516e-03,-2.542000e+00,-1.742265e-02
9.123143e-03,2.470535e-01,-1.827782e+01,-1.300746e+01,-1.321959e+01,-1.213981e+00,-6.305280e+00,7.641735e+00,-2.458644e+00,-1.636947e+01,1.476834e+01,-1.606074e+01,-3.307508e+00,3.686915e-02,1.917247e+02,7.973333e-01,-2.733616e-03,1.382987e-01,1.511342e+00,4.664635e+00,-2.643597e+00,-2.730008e+00,-1.727375e+00,-1.508431e+00,-5.840511e-02,1.021736e+00,2.319214e+00,3.616774e+00,-1.606562e+00,-2.870958e-03,-1.485914e+01,-2.144433e-02
6.132407e-03,1.597872e-01,-1.594531e+01,-6.664336e+00,-1.646045e+01,-5.113901e+00,-7.452089e+00,4.317707e+00,-3.605843e+00,-1.555093e+01,1.729332e+01,-1.047028e+01,-5.482389e+00,3.414929e-02,1.892479e+02,7.733733e-01,-2.222707e-03,-2.514323e-01,2.432016e+00,4.737598e+00,-2.056934e+00,-2.164459e+00,-1.057062e+00,-1.892809e+00,-1.175007e+00,-4.884445e-01,2.740373e+00,3.556375e+00,-6.034689e-01,-2.296767e-03,-3.305694e+01,-1.958461e-02
4.311880e-03,-2.957341e-01,-1.276148e+01,-1.647035e+00,-1.770338e+01,-6.352919e+00,-6.834598e+00,2.216000e+00,-7.208645e+00,-1.745196e+01,2.146428e+01,-5.719656e+00,-4.918983e+00,3.203385e-02,1.253014e+02,7.553625e-01,-1.268550e-03,-6.948041e-01,2.756281e+00,3.023394e+00,-6.223680e-01,-8.693011e-01,-1.694558e+00,-1.576855e+00,-8.103415e-01,-1.211462e+00,1.723342e+00,1.923106e+00,9.200048e-01,-1.601693e-03,-5.102989e+01,-1.644489e-02
3.929208e-03,-1.150656e+00,-9.670425e+00,-1.989654e-01,-1.780552e+01,-6.348430e+00,-8.989620e+00,1.860922e+00,-6.836709e+00,-2.117891e+01,2.342827e+01,-6.785769e+00,-3.727356e+00,3.142944e-02,6.239834e+01,7.483627e-01,-2.563606e-04,-1.000240e+00,2.377236e+00,7.006984e-01,7.133519e-01,3.672457e-02,-3.321078e+00,-8.859493e-01,1.481895e+00,-5.925833e-01,-3.048260e-01,1.769614e-02,2.738979e+00,-1.269266e-03,-1.617895e+01,-1.161382e-02
3.881992e-03,-2.571746e+00,-7.633862e+00,-1.123180e+00,-1.565889e+01,-4.943222e+00,-1.400930e+01,9.858535e-01,-4.894918e+00,-1.961279e+01,2.031757e+01,-8.287461e+00,4.149996e-01,3.022061e-02,0,7.276142e-01,6.323061e-04,-1.064039e+00,1.535757e+00,-1.131408e+00,1.365577e+00,1.545560e-01,-4.898025e+00,-5.117847e-01,4.234656e+00,5.882137e-01,-2.390714e+00,-3.071879e-01,3.872436e+00,-1.178603e-03,5.394603e+01,-4.424977e-03
5.065548e-03,-3.703407e+00,-6.622941e+00,-3.422771e+00,-1.391593e+01,-5.635127e+00,-2.047013e+01,5.030331e-01,2.646767e+00,-1.743343e+01,1.634255e+01,-9.097894e+00,5.545513e+00,2.870958e-02,1.710038e+02,7.291784e-01,1.260889e-03,-7.771323e-01,7.206170e-01,-1.655802e+00,1.173952e+00,-2.423850e-01,-5.038357e+00,1.239261e-01,5.595970e+00,7.618791e-01,-2.550307e+00,7.208586e-01,4.184596e+00,-1.178604e-03,1.235477e+02,5.756223e-03
6.905240e-03,-4.339554e+00,-6.606438e+00,-5.692174e+00,-1.282028e+01,-5.936791e+00,-2.558447e+01,3.360212e-01,9.222898e+00,-1.638363e+01,1.305357e+01,-6.099534e+00,9.806764e+00,2.750076e-02,3.407288e+02,7.428298e-01,1.475800e-03,-3.568193e-01,2.242518e-01,-8.175723e-01,3.209569e-01,-7.621986e-01,-3.906700e+00,1.108549e+00,4.769662e+00,-7.655462e-01,-1.017731e+00,1.438866e+00,3.279450e+00,-9.670602e-04,1.353977e+02,1.370055e-02
8.722031e-03,-4.152413e+00,-6.581052e+00,-6.193477e+00,-1.335506e+01,-7.063570e+00,-2.839382e+01,2.805469e+00,1.408423e+01,-1.898409e+01,1.430873e+01,-4.275440e+00,1.249975e+01,2.689634e-02,5.097724e+02,7.695360e-01,1.046765e-03,-4.614811e-02,1.084550e-01,6.539655e-01,-2.983082e-01,-7.554802e-01,-2.518841e+00,1.634252e+00,1.988258e+00,-1.880475e+00,8.831217e-01,1.123167e+00,1.947184e+00,-4.230892e-04,8.414238e+01,1.024645e-02
9.432752e-03,-4.131340e+00,-6.533546e+00,-3.825689e+00,-1.433454e+01,-8.039992e+00,-2.958096e+01,5.377380e+00,1.323466e+01,-2.266519e+01,1.624582e+01,-3.504358e+00,1.333513e+01,2.629193e-02,5.076042e+02,7.759381e-01,1.795591e-04,5.465345e-02,4.333743e-01,2.081094e+00,-8.457079e-01,-7.959570e-01,-8.125496e-01,1.448391e+00,-4.987938e-01,-2.170664e+00,1.758271e+00,-6.210362e-01,6.241497e-01,9.368384e-04,3.393725e+01,-1.021729e-02
9.035618e-03,-4.038255e+00,-6.117111e+00,-1.086187e+00,-1.465034e+01,-8.360927e+00,-3.106609e+01,6.153612e+00,1.058218e+01,-2.369503e+01,1.916203e+01,-4.779645e+00,1.351725e+01,2.719855e-02,5.082780e+02,7.638565e-01,-7.067956e-04,-1.511369e-01,9.821334e-01,2.959626e+00,-7.433797e-01,-4.679891e-01,1.481657e+00,1.482430e-01,-2.520877e+00,-2.095644e+00,1.280654e+00,-2.361971e+00,-8.721431e-01,3.052282e-03,-1.087712e+01,-2.575502e-02
7.646242e-03,-4.123366e+00,-4.671537e+00,2.159652e+00,-1.640119e+01,-9.267898e+00,-2.831108e+01,5.903905e+00,8.479957e+00,-2.488148e+01,1.941828e+01,-8.952612e+00,1.241876e+01,3.203385e-02,5.111623e+02,6.945831e-01,-1.185981e-03,-5.645856e-01,1.729225e+00,3.224064e+00,-2.995621e-01,-2.659077e-01,4.156385e+00,-9.063141e-01,-3.532651e+00,-2.207063e+00,2.388809e-01,-3.141322e+00,-2.379905e+00,5.137505e-03,-2.831036e+01,-2.694582e-02
6.081307e-03,-4.912084e+00,-2.601390e+00,5.611980e+00,-1.603864e+01,-8.789563e+00,-2.162048e+01,3.283421e+00,3.857196e+00,-2.835416e+01,1.912578e+01,-1.336117e+01,8.597217e+00,3.928680e-02,4.536078e+02,6.814384e-01,-1.161359e-03,-9.767111e-01,2.036762e+00,3.272549e+00,4.839018e-01,5.815611e-02,6.195575e+00,-1.568411e+00,-4.302342e+00,-2.717613e+00,-3.216400e-01,-2.696666e+00,-3.479153e+00,5.923240e-03,-4.720046e+01,-7.539856e-03
4.980004e-03,-6.517353e+00,3.547169e-01,8.945550e+00,-1.513820e+01,-9.155212e+00,-1.352184e+01,2.280905e+00,-1.066109e+00,-3.137094e+01,1.745836e+01,-1.492021e+01,3.895622e+00,4.593533e-02,3.933875e+02,6.824180e-01,-9.414913e-04,-1.035693e+00,1.762805e+00,2.710132e+00,1.356450e+00,5.291117e-01,5.998252e+00,-1.533685e+00,-4.381007e+00,-1.489920e+00,-3.130756e-01,-1.200546e+00,-3.418587e+00,4.079782e-03,-7.050056e+01,6.776673e-03
4.561944e-03,-7.724817e+00,1.553571e+00,1.188361e+01,-1.286232e+01,-8.126489e+00,-7.482834e+00,1.230572e-01,-6.156504e+00,-3.403836e+01,1.853379e+01,-1.527918e+01,3.830557e-01,4.986401e-02,3.311630e+02,7.322397e-01,-8.118680e-04,-7.622472e-01,9.081556e-01,1.305084e+00,1.766089e+00,6.963933e-01,4.013602e+00,-6.189456e-01,-3.154341e+00,1.638954e+00,-1.108055e+00,4.231444e-01,-1.914484e+00,5.439699e-04,-8.613145e+01,-4.791892e-03
3.698467e-03,-7.895463e+00,2.065006e+00,1.257450e+01,-1.120709e+01,-6.953876e+00,-5.388641e+00,-1.843399e-01,-8.418230e+00,-2.948898e+01,1.814889e+01,-1.399633e+01,-5.670987e-01,4.714415e-02,2.198818e+02,7.030658e-01,-6.885367e-04,-5.232972e-01,2.205589e-02,-2.374807e-01,2.267211e+00,4.160320e-01,1.106702e+00,6.999871e-01,-1.532300e+00,4.732726e+00,-2.674253e+00,1.764432e+00,-2.442968e-03,-2.659414e-03,-1.008235e+02,-2.191409e-02
2.662736e-03,-8.034266e+00,1.084243e+00,1.032292e+01,-9.173751e+00,-6.408265e+00,-5.619061e+00,1.421316e+00,-8.238448e+00,-2.110037e+01,1.324023e+01,-1.170738e+01,1.256158e+00,4.140224e-02,1.097033e+02,6.471550e-01,-3.723106e-04,-3.704627e-01,-2.110510e-01,-1.212613e+00,2.197453e+00,-8.960556e-01,-1.058205e+00,2.392113e+00,-4.208516e-01,5.284166e+00,-3.284214e+00,1.792451e+00,7.761671e-01,-2.840737e-03,-8.822078e+01,-2.853421e-02
2.486924e-03,-8.979115e+00,6.996601e-01,8.538490e+00,-5.646431e+00,-7.934165e+00,-8.920215e+00,5.131711e+00,-7.686637e+00,-1.417630e+01,6.733872e+00,-7.883944e+00,3.446857e+00,3.686915e-02,0,6.153899e-01,2.049847e-04,-2.554335e-01,1.045567e-01,-7.951773e-01,1.637624e+00,-2.456360e+00,-1.713657e+00,3.054507e+00,-4.501359e-01,2.423034e+00,-1.524158e+00,2.616978e-01,3.715138e-01,-4.835282e-04,-5.494669e+01,-7.656866e-03
3.306163e-03,-9.035304e+00,1.180988e+00,7.838549e+00,-4.655389e+00,-1.211662e+01,-1.100807e+01,9.425597e+00,-8.626558e+00,-1.527387e+01,7.820235e+00,-9.373122e+00,2.256913e+00,4.079783e-02,0,6.334066e-01,5.463171e-04,1.349012e-01,6.205665e-01,2.625629e-01,1.855697e-01,-3.126380e+00,-1.303891e+00,2.542534e+00,-8.212377e-01,-1.026835e+00,1.604223e+00,-1.660131e+00,-8.174475e-01,1.903899e-03,-2.194067e+01,1.391177e-02
4.401677e-03,-8.672111e+00,2.539417e+00,9.840797e+00,-5.278152e+00,-1.638150e+01,-1.126242e+01,1.108606e+01,-1.047485e+01,-2.028706e+01,1.323811e+01,-1.385498e+01,7.900922e-01,4.502871e-02,0,6.716557e-01,3.851010e-04,5.857176e-01,4.628190e-01,8.859757e-01,-1.174320e+00,-2.025294e+00,-7.508240e-01,1.188897e+00,-2.637759e-01,-2.232499e+00,2.730013e+00,-2.090897e+00,-1.121213e+00,1.692354e-03,0,1.793388e-02
4.436945e-03,-7.513261e+00,3.267197e+00,1.098459e+01,-8.430042e+00,-1.781650e+01,-1.096741e+01,1.115681e+01,-1.095053e+01,-2.317917e+01,1.800923e+01,-1.702252e+01,-1.502698e+00,4.684195e-02,0,6.885810e-01,-1.928831e-04,1.084097e+00,-1.389425e-01,4.345266e-01,-1.406380e+00,7.468413e-01,-3.555628e-01,-3.380156e-01,1.154193e+00,-7.770300e-01,1.113262e+00,-3.305849e-01,-5.810874e-01,-1.178604e-03,0,3.493756e-03
3.847038e-03,-6.811548e+00,1.970651e+00,1.139535e+01,-9.630704e+00,-1.521070e+01,-1.269466e+01,1.021059e+01,-7.843532e+00,-2.138615e+01,1.528944e+01,-1.451373e+01,-2.794003e-01,4.230886e-02,0,6.774721e-01,-6.945951e-04,1.434226e+00,-3.526007e-01,-1.214671e+00,-9.377014e-01,3.850620e+00,-9.143392e-01,-7.081034e-01,2.669320e+00,1.046562e+00,-8.615400e-01,1.290735e+00,5.545515e-02,-4.261107e-03,0,-7.392758e-03
2.619067e-03,-4.545102e+00,7.706592e-01,9.233906e+00,-9.511015e+00,-8.967817e+00,-1.206976e+01,8.173252e+00,-4.171257e+00,-1.860948e+01,1.236088e+01,-1.069667e+01,-1.137772e-01,3.626473e-02,0,6.479672e-01,-8.429997e-04,1.564115e+00,2.406335e-01,-2.842451e+00,3.296797e-01,5.207009e+00,-1.488131e+00,-4.725593e-01,2.918596e+00,1.652237e+00,-1.440273e+00,1.611684e+00,2.667799e-01,-5.741917e-03,1.135364e+01,-5.364793e-03
1.837640e-03,-2.985061e+00,2.024682e+00,4.642782e+00,-9.426172e+00,-1.552742e+00,-1.528294e+01,9.037318e+00,-5.178916e-01,-1.733910e+01,1.175458e+01,-1.056422e+01,3.729076e-01,2.901179e-02,0,6.549988e-01,-6.671891e-04,1.362337e+00,1.052858e+00,-3.632039e+00,1.448046e+00,4.405726e+00,-1.908115e+00,8.549022e-03,1.851231e+00,8.044584e-01,-3.772303e-01,3.813319e-01,-8.951546e-02,-5.016622e-03,2.840695e+01,1.034790e-02
1.226646e-03,-1.605928e+00,4.443349e+00,1.486158e-01,-6.883910e+00,1.389566e+00,-1.711393e+01,9.380651e+00,-2.037033e-02,-1.694151e+01,1.257530e+01,-1.093885e+01,-4.949524e-01,2.478090e-02,5.676822e+01,6.729937e-01,-3.780973e-04,1.010455e+00,1.188478e+00,-3.231216e+00,2.456696e+00,1.732117e+00,-1.317323e+00,-1.039733e-01,1.203963e-01,6.544991e-02,-5.371676e-02,-7.208729e-03,-9.322129e-02,-3.747356e-03,3.409520e+01,-2.636318e-02
1.207303e-03,-1.469449e+00,5.398594e+00,-2.222197e+00,-3.704028e+00,1.639242e+00,-1.971315e+01,9.649636e+00,-6.628223e-01,-1.819784e+01,1.329608e+01,-1.248598e+01,-5.363899e-01,2.296766e-02,1.136507e+02,7.166983e-01,-1.836043e-04,8.986006e-01,6.322612e-01,-2.174628e+00,2.850712e+00,-8.179035e-01,2.967691e-01,-8.965439e-01,-1.282188e+00,2.635727e-01,-6.793354e-01,7.065544e-01,-9.053872e-02,-2.659413e-03,2.834555e+01,-5.123489e-02
1.043749e-03,-2.506300e-01,5.026094e+00,-3.489682e+00,-8.860695e-02,-1.903224e+00,-1.644127e+01,7.347227e+00,-3.496810e+00,-1.785286e+01,1.132155e+01,-9.771835e+00,-1.252348e-01,2.055001e-02,1.136507e+02,4.853015e-01,-6.232568e-05,9.977638e-01,2.797037e-01,-1.465836e+00,2.195276e+00,-2.008782e+00,1.194918e+00,-1.250901e+00,-1.748054e+00,9.040481e-01,-1.422824e+00,1.719719e+00,-2.289399e-01,-2.387428e-03,1.115681e+01,-5.742680e-02
1.011068e-03,8.302932e-01,4.894616e+00,-4.411210e+00,1.429735e+00,-3.995866e+00,-1.413542e+01,5.571311e+00,-5.190612e+00,-1.556556e+01,8.984779e+00,-7.614960e+00,-2.646447e-01,1.783016e-02,1.132865e+02,4.926704e-01,-4.728187e-05,1.163637e+00,2.579357e-01,-9.910666e-01,1.186661e+00,-2.054061e+00,1.350466e+00,-1.250817e+00,-1.471818e+00,1.712817e+00,-1.559978e+00,2.368004e+00,-9.161528e-01,-1.662134e-03,-2.748962e-01,-4.250773e-02
1.013135e-03,2.233020e+00,6.093857e+00,-6.086056e+00,1.525586e+00,-5.836792e+00,-1.392820e+01,5.165307e+00,-6.496745e+00,-1.373741e+01,7.616825e+00,-4.775766e+00,-1.775525e+00,1.541251e-02,1.127343e+02,4.978736e-01,-3.539097e-05,9.009607e-01,4.708304e-01,-4.558231e-01,1.219666e-01,-9.525135e-01,4.464516e-01,-8.642550e-01,-3.992323e-01,2.109378e+00,-1.021279e+00,1.936053e+00,-1.373441e+00,0,-1.151930e+01,-4.672048e-02
9.862003e-04,3.106913e+00,6.154392e+00,-5.879344e+00,1.422181e+00,-6.664278e+00,-1.421736e+01,4.486514e+00,-6.521947e+00,-1.169148e+01,7.348551e+00,-3.143993e+00,-4.292009e+00,1.722575e-02,1.127343e+02,4.978736e-01,-6.441715e-05,3.724508e-01,4.376613e-01,2.221639e-01,-2.920518e-01,-5.098057e-02,6.574238e-01,-7.887207e-01,7.921628e-01,2.111239e+00,-3.398430e-01,1.516760e+00,-1.289670e+00,1.813236e-03,-2.829771e+01,-1.234117e-01
8.792275e-04,3.115864e+00,6.750359e+00,-5.034731e+00,5.250031e-01,-5.331585e+00,-1.416805e+01,3.568351e+00,-4.827304e+00,-9.243007e+00,7.033264e+00,-2.327054e+00,-4.978756e+00,2.085222e-02,5.633025e+01,2.490975e-01,-9.333929e-05,-3.536616e-01,3.689536e-01,8.427984e-01,-1.220425e-01,4.256401e-01,1.428183e+00,-6.857294e-01,1.725239e+00,1.935540e+00,1.586755e-01,6.864811e-01,-4.028768e-01,2.145663e-03,-3.382030e+01,-1.493621e-01
7.559357e-04,2.251125e+00,6.754671e+00,-3.826052e+00,4.697682e-01,-4.503372e+00,-1.072838e+01,2.426185e+00,-2.064518e+00,-7.256570e+00,7.577345e+00,-1.255514e+00,-5.111377e+00,2.417649e-02,0,0,-9.390158e-05,-7.891101e-01,4.337255e-01,5.922350e-01,1.539962e-01,2.961253e-01,2.347205e+00,-1.713218e-01,1.848317e+00,1.342491e+00,6.283673e-01,3.776413e-01,2.988014e-01,7.857358e-04,-2.817989e+01,-1.244845e-01
6.615710e-04,8.926053e-01,7.638485e+00,-2.898709e+00,1.391580e+00,-4.789045e+00,-8.531777e+00,2.766824e+00,-9.926584e-02,-6.277168e+00,8.295806e+00,-2.287600e+00,-3.380224e+00,2.266546e-02,0,0,-7.101290e-05,-6.295105e-01,3.098874e-01,7.244889e-02,4.416835e-01,-1.243705e-01,2.443464e+00,2.297759e-01,8.131942e-01,5.245100e-01,3.160610e-01,1.841859e-01,4.746346e-01,-1.239045e-03,-1.126605e+01,-4.981951e-02
6.255206e-04,2.729912e-01,7.878956e+00,-3.986179e+00,1.758873e+00,-5.454922e+00,-5.299465e+00,4.030668e+00,3.556171e-01,-6.461945e+00,9.859117e+00,-1.275513e+00,-3.597268e+00,2.024781e-02,0,0,1.333193e-04,-2.264808e-02,-6.617806e-01,-1.398256e+00,-1.904581e-01,3.794287e-01,9.087700e-01,9.588680e-01,-3.193337e-01,-8.051543e-02,5.048253e-01,2.750050e-01,4.899994e-01,-2.357207e-03,0,4.569481e-02
5.893705e-04,9.573781e-01,7.737653e+00,-4.592423e+00,2.088868e+00,-5.477663e+00,-4.665185e+00,3.914989e+00,-1.971401e+00,-7.017769e+00,7.472683e+00,-1.396125e+00,-3.362637e+00,1.662134e-02,0,0,1.083416e-03,4.595651e-01,-2.659053e+00,-2.862030e+00,-1.327615e+00,1.367093e+00,-1.170641e+00,1.965880e+00,-7.630326e-01,-8.394392e-01,1.061863e+00,-3.300763e-01,5.999784e-01,-1.631913e-03,2.485599e+01,1.182050e-01
1.458632e-03,2.105498e+00,3.396184e+00,-9.970475e+00,-8.311661e-01,-2.261920e+00,-8.117829e+00,6.646443e+00,-2.725119e+00,-7.288847e+00,1.051303e+01,-3.262269e-01,-2.670174e+00,1.541251e-02,0,2.284741e-01,2.692462e-03,1.934449e-01,-4.717040e+00,-3.764360e+00,-2.568700e+00,2.154614e+00,-3.576855e+00,3.259186e+00,1.338824e-01,-1.272253e+00,2.076112e+00,-2.396227e+00,9.106548e-01,5.741915e-04,6.216170e+01,1.970592e-01
5.662093e-03,2.274177e+00,-3.415395e+00,-1.421671e+01,-3.951475e+00,4.499213e-01,-1.297580e+01,1.128834e+01,-2.374061e+00,-1.006091e+01,1.327816e+01,-4.412624e+00,-8.438793e-01,1.692354e-02,1.242800e+02,4.767882e-01,4.255767e-03,-6.109518e-01,-5.585900e+00,-3.400344e+00,-3.151582e+00,2.107553e+00,-4.376331e+00,4.034228e+00,9.187139e-01,-1.190355e+00,2.334352e+00,-4.750499e+00,4.797818e-01,3.414929e-03,9.962208e+01,2.109985e-01
1.155147e-02,5.818160e-01,-1.012972e+01,-1.799583e+01,-8.064456e+00,2.354355e+00,-1.902843e+01,1.663993e+01,1.226359e+00,-1.130164e+01,1.733694e+01,-1.174840e+01,-3.033728e-01,2.296766e-02,2.486685e+02,7.469020e-01,4.451805e-03,-1.260723e+00,-4.501930e+00,-1.679836e+00,-2.663621e+00,1.268742e+00,-3.946355e+00,3.349016e+00,7.077258e-01,-2.829188e-01,6.573866e-01,-5.938376e+00,-5.177590e-01,4.865519e-03,1.001051e+02,1.512421e-01
1.682179e-02,-1.335540e+00,-1.342889e+01,-1.758146e+01,-1.005240e+01,2.751967e+00,-2.109154e+01,1.908939e+01,6.464295e-01,-1.096315e+01,1.573249e+01,-1.943754e+01,-2.147129e+00,2.991840e-02,3.737761e+02,7.957785e-01,2.926724e-03,-1.269720e+00,-2.672320e+00,1.071548e-03,-1.981119e+00,4.133267e-01,-2.721255e+00,1.806090e+00,-4.872496e-01,1.288958e+00,-9.990886e-01,-4.611471e+00,-1.614752e+00,4.351769e-03,6.325489e+01,7.800352e-02
1.813781e-02,-2.393260e+00,-1.410672e+01,-1.668728e+01,-1.109881e+01,2.930769e+00,-2.379173e+01,1.949100e+01,-6.967351e-01,-8.252324e+00,1.257280e+01,-2.250566e+01,-4.607344e+00,3.324267e-02,3.757772e+02,8.251896e-01,5.528573e-04,-7.368668e-01,-1.109573e+00,1.592225e+00,-1.111931e+00,-3.242137e-01,-1.117679e+00,2.002264e-01,-1.742516e+00,2.149262e+00,-1.865108e+00,-1.607422e+00,-2.541928e+00,2.659414e-03,2.579853e+01,1.638868e-02
1.700254e-02,-2.586886e+00,-1.478850e+01,-1.486563e+01,-1.233989e+01,2.228348e+00,-2.420042e+01,1.889325e+01,-3.848761e+00,-5.140779e+00,1.066479e+01,-2.209135e+01,-6.765652e+00,3.354488e-02,3.770001e+02,8.276620e-01,-1.676675e-03,-4.828614e-01,3.795014e-01,1.916746e+00,4.381134e-01,-1.252423e+00,1.045044e+00,-9.450032e-01,-1.937698e+00,1.820180e+00,-1.016939e+00,1.529836e+00,-2.352916e+00,3.142944e-03,-2.477440e+01,-7.646662e-03
1.422538e-02,-2.476845e+00,-1.499778e+01,-1.139262e+01,-1.248036e+01,9.950962e-01,-2.306239e+01,1.773913e+01,-5.238625e+00,-3.466513e+00,1.054525e+01,-1.845860e+01,-1.070375e+01,3.445150e-02,3.760492e+02,8.129037e-01,-2.288145e-03,-1.186525e+00,2.580332e+00,1.507136e+00,2.536870e+00,-1.998426e+00,3.735614e+00,-1.408722e+00,-1.145038e+00,1.067478e+00,1.553152e-01,3.508216e+00,-1.513334e+00,9.851919e-03,-6.304731e+01,-7.321496e-02
1.039463e-02,-3.708055e+00,-1.108585e+01,-1.064506e+01,-7.171055e+00,-2.542310e+00,-1.623099e+01,1.524031e+01,-6.771114e+00,-4.255154e+00,1.166157e+01,-1.381188e+01,-1.086351e+01,4.502871e-02,2.497681e+02,7.636881e-01,-8.995611e-04,-2.618116e+00,4.919143e+00,2.093506e-02,4.758031e+00,-2.237620e+00,6.017630e+00,-1.282603e+00,1.168097e+00,7.814773e-01,6.018146e-01,4.210157e+00,9.166946e-02,2.441825e-02,-1.005893e+02,-1.520107e-01
1.000104e-02,-7.765299e+00,-3.056375e+00,-1.126188e+01,-9.988837e-01,-4.676030e+00,-9.098379e+00,1.427386e+01,-4.960747e+00,-3.357747e+00,1.285099e+01,-9.104304e+00,-1.012509e+01,7.676035e-02,1.241566e+02,4.911017e-01,1.892275e-03,-4.051032e+00,5.775339e+00,-1.448138e+00,4.877301e+00,-1.667116e+00,6.569673e+00,-7.770335e-01,3.508296e+00,1.241868e+00,9.128256e-02,3.522815e+00,1.932956e+00,4.188576e-02,-1.001866e+02,-2.160986e-01
1.461691e-02,-1.303324e+01,3.836515e+00,-1.482633e+01,5.709520e+00,-6.124191e+00,-1.094277e+00,1.421286e+01,1.852787e+00,-1.287776e+00,1.252099e+01,-5.717710e+00,-6.596636e+00,1.344817e-01,0,2.285096e-01,4.908804e-03,-4.642880e+00,4.282821e+00,-2.148593e+00,2.900078e+00,-6.623592e-01,4.787822e+00,-2.527336e-01,4.874467e+00,1.296738e+00,-8.406146e-01,2.342229e+00,2.618515e+00,5.521306e-02,-6.236929e+01,-2.018478e-01
2.157561e-02,-1.806941e+01,6.417728e+00,-1.654268e+01,5.465857e+00,-5.549544e+00,2.217617e+00,1.436768e+01,7.990907e+00,1.259136e+00,1.057195e+01,-4.891615e+00,-3.172405e+00,1.991538e-01,0,0,5.322861e-03,-4.047048e+00,1.914989e+00,-1.889387e+00,2.996745e-01,-8.883786e-02,2.197988e+00,-3.942338e-01,3.731946e+00,2.394693e-01,-1.380602e+00,1.063504e+00,2.226489e+00,5.678453e-02,-2.483133e+01,-1.210713e-01
2.915136e-02,-2.177040e+01,5.591197e+00,-1.874763e+01,4.096966e+00,-5.417349e+00,2.050120e+00,1.392973e+01,1.112540e+01,-7.990742e-02,8.598016e+00,-4.207082e+00,-1.247273e+00,2.598973e-01,0,0,3.905499e-03,-2.959579e+00,6.401529e-01,-7.348509e-01,-1.023522e+00,1.498492e-01,-6.759144e-01,-1.117933e+00,1.320189e+00,-5.333852e-01,-1.315685e+00,2.950073e-01,1.184021e+00,4.681172e-02,0,-4.570192e-02
2.934812e-02,-2.363196e+01,5.641230e+00,-1.874817e+01,1.305766e+00,-5.473640e+00,3.193634e-01,1.244426e+01,9.062678e+00,-2.764335e+00,7.909463e+00,-4.542097e+00,-1.667327e+00,2.979752e-01,0,0,1.086098e-03,-1.734730e+00,7.423166e-01,5.641810e-01,-4.284586e-01,-2.943625e-02,-1.871283e+00,-2.069028e+00,-1.342132e+00,-6.032296e-01,-7.393206e-01,3.707375e-01,6.437476e-01,3.100634e-02,0,0
3.025815e-02,-2.504986e+01,7.425529e+00,-1.739784e+01,2.671953e+00,-5.412897e+00,-3.524722e+00,9.584908e+00,7.917845e+00,-1.942966e+00,7.273813e+00,-4.417432e+00,-1.429069e+00,3.191296e-01,0,0,-1.430979e-03,-8.649870e-01,1.271311e+00,1.508183e+00,5.342811e-01,-1.880717e-01,-1.869749e+00,-2.064070e+00,-2.692626e+00,3.540077e-01,-7.003942e-01,3.664919e-01,1.111967e+00,1.517074e-02,0,0
2.645271e-02,-2.510333e+01,9.212145e+00,-1.439667e+01,4.036070e+00,-5.698951e+00,-4.351380e+00,6.194949e+00,2.884024e+00,-8.254821e-01,7.537450e+00,-2.932752e+00,1.372303e-01,3.245693e-01,0,0,-3.301667e-03,-8.949928e-02,7.980361e-01,1.383975e+00,8.252953e-01,-3.696963e-01,-5.839416e-01,-9.322197e-01,-2.695731e+00,5.836662e-01,-8.976063e-01,3.122994e-01,1.275398e+00,-3.021955e-05,0,0
2.344417e-02,-2.535965e+01,1.016230e+01,-1.338246e+01,5.403219e+00,-6.245052e+00,-4.963253e+00,6.734035e+00,7.515966e-01,7.207046e-01,5.282052e+00,-3.179295e+00,3.410281e+00,3.224539e-01,0,0,-5.260230e-03,8.516209e-01,-4.552024e-01,4.134867e-01,-1.946555e-01,-1.185647e-01,1.054582e+00,7.246902e-01,-1.943612e+00,2.021021e-01,-8.289407e-01,-4.752241e-01,4.470479e-01,-1.813236e-02,0,0
1.624678e-02,-2.392456e+01,8.263027e+00,-1.383598e+01,4.066609e+00,-6.906044e+00,-1.881079e+00,9.208597e+00,-8.328509e-01,-1.177840e+00,4.417313e+00,-3.599669e+00,2.289988e+00,2.961620e-01,0,0,-5.852415e-03,1.613195e+00,-1.584767e+00,-7.647418e-01,-1.566124e+00,3.324426e-01,1.680005e+00,1.066298e+00,-4.271461e-01,3.513866e-01,-4.536023e-01,-1.416380e+00,-1.163177e+00,-3.463281e-02,0,0
9.059969e-03,-2.138114e+01,5.624076e+00,-1.561075e+01,1.683406e+00,-5.402174e+00,5.130368e-01,1.170153e+01,5.822380e-02,-7.562773e-01,4.689178e+00,-6.460094e+00,-2.702082e-01,2.426715e-01,0,0,-5.366749e-03,2.010736e+00,-1.983916e+00,-1.020719e+00,-2.476051e+00,8.470527e-01,1.564789e+00,2.715611e-01,7.183363e-01,1.034049e+00,3.666231e-01,-2.042281e+00,-2.280222e+00,-4.010275e-02,0,0
4.382737e-03,-1.902661e+01,3.557419e+00,-1.710623e+01,-1.934641e+00,-4.458178e+00,1.310502e+00,9.042687e+00,1.094979e+00,1.669942e+00,5.565876e+00,-8.374253e+00,-3.838409e+00,1.912965e-01,0,0,-3.418247e-03,1.517150e+00,-1.649167e+00,-2.697794e-01,-2.540266e+00,8.178873e-01,1.954945e-01,-4.975160e-01,1.643361e+00,1.738788e+00,6.269587e-01,-1.955717e+00,-1.510771e+00,-2.713811e-02,0,0
2.542447e-03,-1.775494e+01,2.595520e+00,-1.685092e+01,-3.976410e+00,-3.233722e+00,1.264901e+00,8.174796e+00,3.379363e+00,4.467057e+00,6.540886e+00,-1.100341e+01,-4.926630e+00,1.743729e-01,0,0,-1.319176e-03,4.699507e-01,-1.233353e+00,1.304726e+00,-1.899509e+00,2.123833e-01,-7.143062e-01,-2.583737e-01,1.538668e+00,4.731271e-01,8.310078e-01,-1.086964e+00,5.026522e-01,-4.502873e-03,0,0
2.414302e-03,-1.815191e+01,1.531471e+00,-1.456479e+01,-5.804813e+00,-3.900833e+00,-1.279538e+00,8.484386e+00,5.723386e+00,4.904435e+00,6.626253e+00,-1.110660e+01,-2.935654e+00,1.946207e-01,0,0,4.841092e-05,-1.164852e-01,-6.482924e-01,2.732272e+00,-1.034128e+00,-4.658936e-01,-1.568614e+00,2.978229e-01,3.839156e-01,-1.561097e+00,9.542013e-01,-3.114777e-02,2.283231e+00,8.582650e-03,0,0
3.448306e-03,-1.946874e+01,4.702852e-01,-1.035784e+01,-5.879055e+00,-4.618929e+00,-1.763475e+00,1.068882e+01,5.437359e+00,-7.888000e-03,8.314029e+00,-1.052874e+01,1.791675e+00,2.184950e-01,0,0,5.995824e-04,6.015770e-01,-1.686117e-01,2.910411e+00,-7.093811e-01,-6.207294e-01,-2.265668e+00,1.012100e-01,-1.479303e+00,-3.263081e+00,1.685477e+00,5.533915e-01,2.120551e+00,-5.439743e-04,0,4.336124e-02
4.171862e-03,-1.875214e+01,1.378574e+00,-6.691415e+00,-6.153961e+00,-6.095042e+00,-5.018379e+00,9.274792e+00,1.985559e+00,-3.898069e+00,9.450311e+00,-8.767325e+00,4.218596e+00,2.121487e-01,0,0,5.915998e-04,2.371139e+00,1.056452e-01,1.983120e+00,-1.054448e+00,1.936341e-01,-3.028815e+00,-6.739748e-01,-3.067982e+00,-3.626003e+00,2.916366e+00,5.760155e-02,4.622196e-01,-2.592928e-02,1.232992e+01,1.145885e-01
4.661579e-03,-1.444694e+01,1.828910e+00,-6.235555e+00,-7.348742e+00,-5.240264e+00,-8.194017e+00,8.285644e+00,-2.148238e+00,-7.447096e+00,1.355624e+01,-9.406086e+00,2.099001e+00,1.628891e-01,0,2.168062e-01,2.953119e-04,3.972917e+00,-2.317324e-01,4.074370e-01,-2.056757e+00,1.118586e+00,-3.581444e+00,-1.324036e+00,-3.486778e+00,-2.700490e+00,3.820013e+00,-6.977822e-01,-1.379930e+00,-4.729525e-02,3.049747e+01,1.902445e-01
4.765665e-03,-8.807113e+00,1.380384e+00,-6.710330e+00,-1.034221e+01,-2.621995e+00,-1.320834e+01,6.316099e+00,-5.823725e+00,-9.505978e+00,1.858698e+01,-1.137992e+01,-7.782194e-01,9.277728e-02,6.164959e+01,4.645393e-01,-3.613332e-05,4.221979e+00,-6.927488e-01,-6.145324e-01,-2.313617e+00,1.423860e+00,-2.862967e+00,-1.504972e+00,-2.872829e+00,-1.515066e+00,3.504027e+00,-1.183085e+00,-2.007448e+00,-5.013599e-02,4.815160e+01,2.012694e-01
4.627964e-03,-4.576665e+00,-6.892818e-01,-8.311196e+00,-1.406872e+01,-7.625220e-01,-1.557571e+01,5.547983e+00,-8.091887e+00,-1.070639e+01,2.284576e+01,-1.271135e+01,-2.609569e+00,4.170444e-02,1.216626e+02,7.189527e-01,-4.641598e-04,3.346680e+00,-4.840434e-01,-7.115737e-01,-1.323061e+00,5.001420e-01,-1.185625e+00,-1.829678e+00,-1.818534e+00,-4.941234e-01,1.710891e+00,-7.668517e-01,-1.796542e+00,-3.553944e-02,4.680193e+01,1.369405e-01
4.008003e-03,-2.577384e+00,-8.260733e-01,-8.726256e+00,-1.436206e+01,-1.214615e+00,-1.564237e+01,3.118760e+00,-9.406763e+00,-9.843753e+00,2.232569e+01,-1.303012e+01,-3.464360e+00,2.206104e-02,1.799267e+02,7.552736e-01,-8.066626e-04,2.135382e+00,2.807054e-01,-8.083925e-02,4.846668e-01,-5.614902e-01,1.045932e+00,-1.819950e+00,-7.622703e-01,-1.550936e-01,-8.130636e-01,-2.876174e-01,-1.480264e+00,-1.698399e-02,1.596256e+01,1.115663e-02
2.719611e-03,-8.284049e-01,5.119224e-01,-8.785460e+00,-1.195412e+01,-3.443244e+00,-1.290513e+01,7.359222e-01,-9.449388e+00,-9.748825e+00,2.024134e+01,-1.241525e+01,-5.540637e+00,2.055001e-02,1.748711e+02,7.561415e-01,-9.531019e-04,1.282817e+00,1.244525e+00,7.255867e-01,2.209732e+00,-9.512827e-01,2.741345e+00,-1.728217e+00,-2.150624e-01,-1.915289e-01,-2.699301e+00,2.448159e-01,-1.262468e+00,-5.621033e-03,-1.952058e+01,-1.194249e-01
1.686528e-03,-4.333798e-03,2.183309e+00,-6.877394e+00,-8.976172e+00,-4.089085e+00,-9.313972e+00,-3.776209e-01,-8.956326e+00,-1.076023e+01,1.582387e+01,-1.296606e+01,-6.714004e+00,1.843457e-02,1.148581e+02,5.017281e-01,-8.368117e-04,8.208938e-01,1.710331e+00,1.086971e+00,2.810517e+00,-7.964109e-01,3.438374e+00,-1.225416e+00,-1.702700e-02,-2.569265e-02,-3.289761e+00,9.737323e-01,-9.469288e-01,-1.903898e-03,-4.781306e+01,-2.018088e-01
1.023191e-03,5.508969e-01,4.028650e+00,-5.607694e+00,-5.713001e+00,-4.081700e+00,-5.033185e+00,-1.344912e+00,-9.392418e+00,-1.120579e+01,1.260016e+01,-1.151930e+01,-7.297089e+00,1.541251e-02,5.659396e+01,2.486009e-01,-5.276108e-04,5.295607e-01,1.822174e+00,8.254808e-01,2.445880e+00,-3.698902e-01,2.906013e+00,-8.779476e-01,1.353012e-01,9.129670e-01,-2.412943e+00,1.686196e+00,-6.467285e-01,-1.178604e-03,-4.646003e+01,-2.014011e-01
6.721546e-04,8.374346e-01,5.967220e+00,-4.880285e+00,-3.430035e+00,-4.877441e+00,-2.386466e+00,-1.967902e+00,-9.520383e+00,-9.243731e+00,9.697469e+00,-8.609426e+00,-7.320778e+00,1.511031e-02,0,0,-2.610274e-04,-3.476539e-02,1.689738e+00,7.384800e-01,1.327381e+00,-1.310414e-01,1.514925e+00,-5.478514e-01,1.020694e+00,1.956215e+00,-1.393925e+00,2.089387e+00,-5.751695e-01,8.159564e-04,-2.863102e+01,-1.252057e-01
5.887436e-04,1.398514e+00,7.730838e+00,-5.656610e+00,-2.497792e+00,-4.898517e+00,-1.838815e+00,-2.858676e+00,-8.490853e+00,-5.942237e+00,1.123982e+01,-6.162581e+00,-8.470893e+00,1.631913e-02,0,0,-3.490353e-05,-9.499739e-01,1.218359e+00,1.121277e+00,1.092457e-01,3.134499e-01,-2.608186e-01,-4.786246e-01,1.800199e+00,2.192535e+00,-1.068204e+00,1.638339e+00,-4.333296e-02,2.508310e-03,-4.853935e-01,-8.858937e-03
5.986146e-04,-6.019695e-01,8.780906e+00,-3.160536e+00,-3.946873e+00,-4.335884e+00,-3.336531e+00,-2.359996e+00,-4.303636e+00,-3.610928e+00,9.534416e+00,-5.197483e+00,-9.002950e+00,2.206104e-02,0,0,1.791055e-04,-1.630676e+00,2.045820e-01,1.655012e+00,-8.887310e-01,5.458382e-01,-1.983153e+00,-3.306428e-01,1.995304e+00,1.802553e+00,-1.538579e+00,7.558757e-01,9.057062e-01,3.173164e-03,2.748384e+01,1.092653e-01
8.854438e-04,-3.479270e+00,8.713601e+00,-8.611825e-01,-4.908353e+00,-2.785229e+00,-5.862246e+00,-3.541988e+00,-2.999798e+00,-3.059521e+00,7.340669e+00,-5.033579e+00,-6.672668e+00,2.447869e-02,5.416700e+01,2.043063e-01,4.699956e-04,-1.472750e+00,-1.365829e+00,1.678157e+00,-1.390909e+00,-7.143044e-03,-3.473184e+00,4.101014e-02,1.484869e+00,7.499875e-01,-1.353472e+00,-2.513864e-01,2.267102e+00,2.115443e-03,4.464111e+01,1.832122e-01
1.419332e-03,-4.877052e+00,6.498748e+00,9.970607e-01,-6.668409e+00,-3.204894e+00,-1.029052e+01,-3.279460e+00,-2.289390e+00,-1.672323e+00,3.954149e+00,-5.394549e+00,-3.691360e+00,2.689634e-02,1.103357e+02,4.441732e-01,8.598912e-04,-3.810017e-01,-2.803466e+00,9.920008e-01,-1.869992e+00,-9.111832e-01,-4.551587e+00,5.669311e-01,1.455443e+00,-3.470495e-01,6.006275e-01,-1.120102e+00,3.053766e+00,2.417650e-04,4.566739e+01,1.973116e-01
2.528363e-03,-3.827695e+00,2.042774e+00,6.553786e-01,-8.091569e+00,-5.499727e+00,-1.572774e+01,-2.193893e+00,-2.073632e+00,-3.161603e+00,7.262594e+00,-7.320980e+00,2.088189e-01,2.447869e-02,1.680377e+02,6.939744e-01,1.220990e-03,3.915116e-01,-3.227196e+00,3.265728e-01,-2.262491e+00,-1.716275e+00,-4.828184e+00,1.150059e+00,2.249197e+00,-1.870687e+00,3.035037e+00,-1.518741e+00,3.154382e+00,-7.252950e-04,2.972075e+01,1.397741e-01
4.076611e-03,-2.332766e+00,-1.901014e+00,1.041188e+00,-1.170523e+01,-7.534551e+00,-2.116171e+01,-1.993878e-01,2.510497e+00,-5.295135e+00,1.257659e+01,-9.654294e+00,2.825139e+00,2.326987e-02,1.714016e+02,7.417240e-01,1.317206e-03,3.631990e-01,-2.267310e+00,-1.482551e-01,-2.027374e+00,-1.874171e+00,-3.907476e+00,9.977593e-01,2.919289e+00,-3.228842e+00,4.422067e+00,-1.341903e+00,3.089113e+00,-9.066181e-04,1.272463e+01,6.843577e-02
5.661756e-03,-2.793855e+00,-3.222497e+00,7.496181e-01,-1.370240e+01,-9.201774e+00,-2.456757e+01,6.682687e-01,5.846246e+00,-1.060155e+01,1.820463e+01,-1.049741e+01,5.840994e+00,2.266546e-02,1.722378e+02,7.544014e-01,9.523195e-04,-1.337566e-01,-7.371292e-01,-4.300759e-01,-9.602722e-01,-1.828888e+00,-2.421522e+00,8.725576e-01,2.394991e+00,-3.404188e+00,3.296352e+00,-4.010026e-01,2.480684e+00,6.044116e-05,9.651428e-01,1.438814e-02
6.438663e-03,-3.577976e+00,-2.205164e+00,2.086656e-01,-1.399986e+01,-1.072473e+01,-2.540798e+01,2.782561e-01,8.347117e+00,-1.409656e+01,2.059346e+01,-1.051585e+01,8.938119e+00,2.326987e-02,1.718588e+02,7.561386e-01,3.345491e-04,-3.215876e-01,9.219800e-02,-5.270785e-01,3.003567e-01,-1.683923e+00,-1.138606e+00,8.742269e-01,9.201841e-01,-2.875370e+00,1.276649e+00,4.523163e-01,1.612985e+00,1.178604e-03,5.358780e-01,3.308016e-03
6.108935e-03,-3.873873e+00,-1.490797e+00,-1.078740e+00,-1.174561e+01,-1.304908e+01,-2.571222e+01,1.930073e+00,6.983015e+00,-1.578183e+01,1.973592e+01,-8.895215e+00,9.555749e+00,2.478090e-02,1.726348e+02,7.587078e-01,-2.640656e-04,-1.141248e-01,1.807043e-01,5.375741e-01,4.615404e-01,-1.344661e+00,-2.725321e-01,9.412956e-01,-5.750257e-01,-1.927844e+00,-3.113666e-01,3.823122e-01,2.865155e-01,2.115444e-03,5.888382e-01,-3.074700e-03
5.525768e-03,-3.400695e+00,-2.305874e+00,-6.800261e-01,-1.118184e+01,-1.403051e+01,-2.628242e+01,3.540845e+00,6.543034e+00,-1.708184e+01,1.819419e+01,-8.193811e+00,9.032687e+00,2.810517e-02,1.738825e+02,7.561109e-01,-5.111644e-04,-4.592297e-02,1.609151e-01,2.166975e+00,-7.837435e-01,-4.012166e-01,9.890909e-01,4.449154e-01,-2.272106e+00,-1.309387e+00,-4.117510e-01,-1.095626e+00,-1.000545e+00,2.357207e-03,7.205063e-01,-9.274239e-03
4.797876e-03,-3.453120e+00,-2.268621e+00,3.881834e+00,-1.280371e+01,-1.427219e+01,-2.549301e+01,3.743452e+00,3.873159e+00,-1.874813e+01,1.784743e+01,-9.746871e+00,7.226288e+00,3.082502e-02,1.741702e+02,7.390418e-01,-4.234579e-04,-3.159804e-01,5.025526e-01,3.776131e+00,-2.370867e+00,7.102197e-01,2.609123e+00,-6.599389e-01,-3.649511e+00,-9.283892e-01,2.317760e-01,-2.938181e+00,-1.363468e+00,1.903899e-03,1.262470e+01,-1.184158e-02
4.538370e-03,-4.017968e+00,-1.011676e+00,8.563254e+00,-1.738953e+01,-1.211926e+01,-2.057213e+01,1.596143e+00,-1.458483e+00,-1.916035e+01,1.947895e+01,-1.556815e+01,5.100123e+00,3.203385e-02,1.746936e+02,7.196004e-01,-1.693181e-04,-6.324686e-01,7.725071e-01,3.725566e+00,-3.131999e+00,1.623858e+00,3.794791e+00,-1.367471e+00,-4.789781e+00,-3.151587e-01,5.668497e-01,-3.737466e+00,-1.058411e+00,1.178604e-03,3.098705e+01,-7.625657e-03
4.485344e-03,-5.145138e+00,3.748677e-01,1.318028e+01,-2.049610e+01,-1.045361e+01,-1.552175e+01,-3.972704e-01,-7.263783e+00,-1.938453e+01,2.025242e+01,-1.989895e+01,4.704693e+00,3.233606e-02,2.353527e+02,7.177551e-01,7.163989e-05,-6.629816e-01,4.314081e-01,2.313449e+00,-2.765489e+00,1.918914e+00,3.312238e+00,-1.217312e+00,-4.329483e+00,1.958435e-01,1.578129e-01,-2.844943e+00,-7.279720e-02,3.022056e-04,4.982928e+01,1.590091e-03
4.835443e-03,-5.717029e+00,2.349171e-01,1.329858e+01,-2.299564e+01,-7.820513e+00,-1.229409e+01,-1.226151e+00,-1.183740e+01,-1.833944e+01,1.982595e+01,-2.180511e+01,5.001431e+00,3.324267e-02,2.982265e+02,7.286260e-01,1.239445e-04,-3.722612e-01,-9.645511e-02,7.079460e-01,-1.839882e+00,1.642034e+00,1.830876e+00,-8.853242e-01,-3.170125e+00,5.523142e-01,-3.669788e-01,-1.186820e+00,7.874578e-01,-1.208825e-03,5.093997e+01,7.250356e-03
5.007539e-03,-5.918498e+00,-7.348771e-01,1.308141e+01,-2.382810e+01,-6.826988e+00,-1.307084e+01,-9.319615e-01,-1.258480e+01,-1.817937e+01,1.846300e+01,-2.085311e+01,6.911648e+00,3.173164e-02,3.615501e+02,7.424795e-01,2.988232e-05,8.360548e-02,-2.600329e-01,-5.844027e-01,-1.060917e+00,1.169242e+00,5.192992e-01,-9.640099e-01,-2.077932e+00,1.093283e+00,-5.128897e-01,-1.550974e-01,1.296551e+00,-2.810518e-03,3.400770e+01,7.307351e-03
4.896995e-03,-5.492594e+00,-9.390796e-01,1.215242e+01,-2.492294e+01,-5.722397e+00,-1.264321e+01,-2.563133e+00,-1.464860e+01,-1.700135e+01,1.853876e+01,-2.102517e+01,7.933935e+00,2.629193e-02,3.662948e+02,7.434900e-01,-1.648777e-04,3.858102e-01,1.967982e-02,-9.887313e-01,-2.838768e-01,4.290189e-01,8.333530e-02,-1.860428e+00,-1.450203e+00,1.428794e+00,-2.473015e-01,-9.438439e-02,1.435447e+00,-3.414929e-03,1.722698e+01,3.368914e-03
4.603980e-03,-4.839328e+00,-3.382984e-01,1.083135e+01,-2.483703e+01,-5.656457e+00,-1.275069e+01,-4.548829e+00,-1.624784e+01,-1.458715e+01,1.833156e+01,-2.106440e+01,9.721196e+00,2.175884e-02,3.713570e+02,7.468598e-01,-2.077644e-04,3.508965e-01,2.576612e-01,-1.032518e+00,1.045042e-01,8.957677e-02,1.216450e-02,-2.765406e+00,-1.317264e+00,1.871591e+00,9.175872e-03,-5.529066e-01,1.286263e+00,-2.024780e-03,6.858747e+00,1.746893e-04
4.212834e-03,-4.327563e+00,1.350269e-01,9.479961e+00,-2.391055e+01,-6.260684e+00,-1.203749e+01,-8.719856e+00,-1.725689e+01,-1.299157e+01,1.865516e+01,-2.217138e+01,1.077389e+01,2.115443e-02,3.794579e+02,7.432804e-01,-8.694362e-05,-9.942641e-02,-3.742557e-02,-8.469432e-01,5.572373e-01,-3.006585e-01,-7.240065e-01,-2.832938e+00,-5.645529e-01,1.590033e+00,-3.853996e-01,7.793312e-02,3.405914e-01,1.813235e-04,8.686743e+00,-9.996950e-04
4.310797e-03,-4.746531e+00,1.637554e-02,9.255054e+00,-2.381178e+01,-6.109961e+00,-1.331288e+01,-1.168063e+01,-1.786697e+01,-1.082630e+01,1.845068e+01,-2.304454e+01,1.192299e+01,2.417649e-02,3.892623e+02,7.434578e-01,3.234012e-04,-5.787130e-01,-9.901130e-01,-1.524795e+00,6.175014e-01,-2.044477e-01,-1.856598e+00,-1.714095e+00,9.494488e-01,1.351152e+00,-1.139044e+00,1.399368e+00,-1.654834e+00,1.511030e-03,-3.563544e+00,-2.741087e-03
4.608868e-03,-6.036125e+00,-1.303544e+00,8.705848e+00,-2.264939e+01,-6.998938e+00,-1.598215e+01,-1.316192e+01,-1.666180e+01,-1.093161e+01,1.655221e+01,-1.964544e+01,8.535997e+00,2.598972e-02,4.007758e+02,7.401926e-01,1.097698e-03,-5.339664e-01,-2.534857e+00,-2.912866e+00,6.372423e-01,4.928435e-01,-2.801193e+00,1.346699e+00,3.146809e+00,1.172444e+00,-1.862575e+00,2.319757e+00,-3.661462e+00,1.722575e-03,-2.411733e+01,8.859396e-04
6.022969e-03,-6.878612e+00,-4.569578e+00,3.594432e+00,-2.238011e+01,-6.309569e+00,-2.006136e+01,-1.089827e+01,-1.179814e+01,-8.861371e+00,1.368782e+01,-1.533053e+01,2.565974e+00,2.689634e-02,3.428803e+02,7.346983e-01,2.088493e-03,6.080146e-02,-4.250770e+00,-4.571851e+00,8.123673e-01,1.524837e+00,-2.371096e+00,4.685547e+00,4.707679e+00,8.787729e-01,-2.074180e+00,1.397894e+00,-4.184438e+00,1.752795e-03,-4.587434e+01,9.282065e-03
8.845241e-03,-5.931354e+00,-1.024628e+01,-2.254058e+00,-2.144018e+01,-3.696662e+00,-2.266921e+01,-2.377543e+00,-4.557261e+00,-8.111821e+00,1.172371e+01,-1.442960e+01,-2.854911e+00,2.840737e-02,2.820622e+02,7.520898e-01,2.955895e-03,6.679241e-01,-5.232525e+00,-4.773948e+00,1.152232e+00,2.394596e+00,-4.691635e-01,6.674518e+00,4.356735e+00,4.221650e-01,-1.926503e+00,-8.379422e-01,-2.362654e+00,2.659414e-03,-4.796959e+01,2.169308e-02
1.263508e-02,-4.494909e+00,-1.676611e+01,-8.124248e+00,-2.035455e+01,-1.369160e-01,-2.182482e+01,6.354916e+00,-3.808476e-01,-7.842337e+00,1.049403e+01,-1.866299e+01,-3.303752e+00,3.173164e-02,2.192474e+02,7.839195e-01,3.257228e-03,5.631270e-01,-4.950782e+00,-3.394842e+00,1.689860e+00,2.111947e+00,1.962933e+00,5.716701e+00,2.216571e+00,-4.463906e-01,-1.978836e+00,-2.108708e+00,-1.501418e-01,3.445151e-03,-2.893744e+01,2.787343e-02
1.608229e-02,-3.888356e+00,-2.136791e+01,-9.304553e+00,-1.790101e+01,1.887715e+00,-1.744623e+01,1.158407e+01,-5.867686e-01,-9.330307e+00,8.516590e+00,-2.216892e+01,-3.424101e-01,3.686915e-02,2.227444e+02,8.240474e-01,2.715971e-03,2.076250e-01,-3.491110e+00,-1.850423e+00,1.850193e+00,1.150204e+00,3.160449e+00,2.995434e+00,-1.106785e-01,-3.714868e-01,-2.264008e+00,-1.519136e+00,9.452890e-01,3.354489e-03,-9.000308e+00,2.312592e-02
1.869059e-02,-5.084476e+00,-2.376267e+01,-9.854530e+00,-1.570039e+01,1.457977e+00,-1.285818e+01,1.070442e+01,-2.700534e+00,-1.048408e+01,5.397204e+00,-2.200441e+01,5.590144e-01,3.989121e-02,2.278520e+02,8.380867e-01,1.027267e-03,3.361350e-01,-1.562847e+00,-4.685034e-01,1.532873e+00,1.144904e-01,2.939231e+00,8.951120e-01,-1.121859e+00,6.633369e-01,-1.858204e+00,6.629984e-01,1.160378e-01,1.813237e-03,4.613818e+00,9.747053e-03
1.939734e-02,-4.598445e+00,-2.420355e+01,-1.064103e+01,-1.451629e+01,1.256913e+00,-1.135029e+01,1.042487e+01,-3.950811e+00,-8.648383e+00,2.952088e+00,-2.035457e+01,-5.984906e-02,4.110003e-02,2.327584e+02,8.406358e-01,-1.563660e-03,1.047974e+00,6.546211e-01,-1.825412e-01,1.656368e+00,-5.045840e-01,1.640099e+00,-4.800394e-01,-1.005753e+00,1.522459e+00,-9.417518e-01,2.239006e+00,-8.550032e-01,4.230879e-04,4.050321e+00,-1.002609e-02
1.611389e-02,-2.459189e+00,-2.316252e+01,-9.798526e+00,-1.438254e+01,7.509373e-01,-1.017664e+01,1.141008e+01,-4.308123e+00,-4.866615e+00,3.985260e+00,-1.625518e+01,-2.864844e+00,3.868238e-02,2.373095e+02,8.243605e-01,-3.977808e-03,1.595370e+00,2.520220e+00,7.209339e-02,2.024167e+00,-3.569552e-01,1.117806e+00,-1.222039e+00,-4.978874e-01,1.525165e+00,5.815039e-01,2.765026e+00,-1.545658e+00,3.928673e-04,2.544692e+00,-2.466264e-02
9.552338e-03,3.886819e-02,-1.839488e+01,-1.024526e+01,-1.027809e+01,-2.816846e-01,-1.058651e+01,8.831051e+00,-4.811737e+00,-4.526746e+00,4.513803e+00,-1.384851e+01,-2.905497e+00,3.958900e-02,2.382673e+02,7.807800e-01,-4.842970e-03,1.148855e+00,3.399788e+00,-2.744477e-01,2.549668e+00,-1.755787e-01,1.304520e+00,-2.069577e+00,3.079481e-02,3.659050e-01,1.153456e+00,1.761706e+00,-1.926320e+00,1.239045e-03,3.788681e-01,-2.736859e-02
3.724044e-03,5.737150e-01,-1.406591e+01,-9.691948e+00,-7.698660e+00,4.424995e-01,-7.651044e+00,5.391142e+00,-4.759508e+00,-4.919073e+00,7.523866e+00,-1.143231e+01,-5.746454e+00,4.261106e-02,2.378210e+02,7.447014e-01,-3.806997e-03,1.995430e-01,2.858139e+00,-8.696062e-01,2.309942e+00,-3.242430e-01,1.226613e+00,-1.949519e+00,7.441937e-01,2.186614e-01,1.255596e+00,7.694917e-01,-2.003467e+00,1.601692e-03,-1.671114e+01,-6.729150e-02
1.377411e-03,-3.706212e-01,-1.175291e+01,-1.206656e+01,-5.109886e+00,5.332382e-01,-6.090485e+00,3.086454e+00,-3.571144e+00,-6.792629e+00,6.950064e+00,-1.395747e+01,-8.250644e+00,4.533092e-02,2.343969e+02,7.436225e-01,-1.952562e-03,-6.326823e-01,1.173083e+00,-1.271407e+00,1.389730e+00,-1.094867e+00,4.063487e-01,-1.381999e+00,1.556285e+00,1.385094e+00,7.144877e-01,1.316956e-01,-1.144725e+00,8.461770e-04,-4.046997e+01,-1.274306e-01
1.166365e-03,-1.256729e+00,-1.219281e+01,-1.323591e+01,-5.416933e+00,-1.277739e+00,-6.291586e+00,4.534777e+00,-1.207451e+00,-2.640367e+00,9.045112e+00,-1.235324e+01,-1.020961e+01,4.381989e-02,1.556889e+02,5.064818e-01,-6.031541e-04,-8.993317e-01,-1.182401e-01,-1.429714e+00,7.303333e-01,-1.987592e+00,-1.356901e+00,-1.367592e+00,1.697242e+00,2.410382e+00,3.389702e-01,6.546680e-01,9.813113e-01,4.533090e-04,-6.330555e+01,-1.970288e-01
1.068365e-03,-2.209321e+00,-1.346601e+01,-1.483032e+01,-4.470306e+00,-4.895902e+00,-9.234493e+00,2.349238e+00,1.193658e+00,1.259372e+00,7.325619e+00,-1.272957e+01,-6.397547e+00,4.321547e-02,7.698344e+01,2.627370e-01,-1.415976e-04,-8.564166e-01,-7.133172e-01,-1.326596e+00,9.833188e-02,-1.703764e+00,-1.498573e+00,-1.751783e+00,1.075590e+00,2.472180e+00,5.759306e-02,1.463181e+00,2.511760e+00,7.555157e-04,-6.244828e+01,-1.993727e-01
8.627968e-04,-3.003593e+00,-1.380056e+01,-1.545864e+01,-4.366783e+00,-6.780890e+00,-1.286354e+01,-1.078207e+00,1.344302e+00,3.106836e+00,9.030940e+00,-8.772921e+00,-1.766446e+00,4.593533e-02,0,0,-1.036504e-04,-7.070605e-01,-4.944190e-01,-1.521416e+00,-2.912025e-01,-8.065958e-01,-5.404739e-01,-2.070456e+00,4.222253e-01,8.368370e-01,-2.354478e-01,1.604163e+00,2.596730e+00,1.087943e-03,-3.883613e+01,-1.275701e-01
8.212067e-04,-3.779272e+00,-1.451562e+01,-1.758817e+01,-5.143301e+00,-5.234005e+00,-1.029737e+01,-2.865968e+00,5.309319e-01,2.694670e+00,7.245115e+00,-8.431727e+00,8.657650e-02,4.805077e-02,0,0,-8.341328e-05,-5.691798e-01,6.879549e-02,-1.329282e+00,-3.271026e-01,2.294751e-01,7.073489e-01,-9.463703e-01,6.612953e-01,-1.673587e-01,-2.159335e-01,1.433887e+00,9.421036e-01,7.555153e-04,-1.539669e+01,-5.254740e-02
7.716921e-04,-4.007057e+00,-1.414010e+01,-1.946406e+01,-6.536448e+00,-5.141666e+00,-8.462517e+00,-3.209899e+00,1.235039e+00,8.261697e-01,7.908124e+00,-6.481341e+00,-4.680201e-01,4.684195e-02,0,0,-6.592927e-05,-4.806913e-01,6.083032e-01,-5.926291e-01,2.654199e-01,3.714458e-01,1.275359e+00,6.650319e-01,1.483490e+00,-5.223292e-01,-4.188552e-01,6.049651e-01,-3.548935e-01,8.159559e-04,0,0
6.968512e-04,-4.553488e+00,-1.295226e+01,-1.947402e+01,-5.020987e+00,-4.568138e+00,-7.898263e+00,-1.316767e+00,4.554766e+00,1.562912e+00,6.807359e+00,-6.705921e+00,-2.336242e+00,4.653974e-02,0,0,-6.965087e-05,-6.030596e-01,1.401214e+00,7.729608e-01,1.001599e+00,6.966473e-01,9.604862e-01,2.220438e+00,1.779606e+00,-5.835984e-01,-1.755626e-01,4.513135e-02,-6.833800e-01,6.950729e-04,0,0
5.953282e-04,-5.019942e+00,-1.154072e+01,-1.747886e+01,-3.100841e+00,-5.256594e+00,-7.686306e+00,1.472352e+00,6.749834e+00,1.061069e+00,7.155542e+00,-6.610998e+00,-2.329504e+00,5.077063e-02,0,0,-5.212758e-05,-6.846991e-01,1.798101e+00,2.368648e+00,1.306321e+00,1.184873e+00,1.536476e+00,2.899436e+00,9.933161e-01,-1.124115e+00,-3.672570e-01,-4.227510e-01,-1.876409e-01,-1.813248e-04,0,0
5.611342e-04,-6.288128e+00,-8.809241e+00,-1.471597e+01,-1.853110e+00,-1.693305e+00,-5.883046e+00,5.895094e+00,6.671562e+00,-3.407720e-01,6.743594e+00,-8.141242e+00,-2.399582e+00,4.956180e-02,0,0,2.094300e-04,-6.601346e-01,1.836282e+00,4.311671e+00,-4.135922e-02,1.955611e-01,1.366779e+00,1.903755e+00,-1.510033e+00,-3.146520e+00,3.931349e-01,-1.004240e+00,2.670135e-01,-2.024781e-03,0,4.670786e-02
5.789127e-04,-6.563232e+00,-7.221105e+00,-9.999844e+00,-1.588783e+00,-6.547161e-01,-1.787743e+00,7.681352e+00,5.143221e+00,-3.842562e+00,6.103722e+00,-7.877436e+00,-1.374555e+00,4.442430e-02,0,0,1.147333e-03,-8.508662e-01,1.470061e+00,6.036352e+00,-1.997491e+00,-2.120348e+00,2.491353e-01,3.891119e-01,-4.191367e+00,-4.844403e+00,1.832632e+00,-2.147793e+00,3.414808e-01,-5.137500e-04,3.450893e+01,1.221366e-01
1.752209e-03,-7.082516e+00,-5.930660e+00,-1.655173e+00,-5.983812e+00,-5.891271e+00,-4.013650e+00,5.097508e+00,-2.192093e+00,-1.171787e+01,9.298944e+00,-1.109390e+01,-1.478649e+00,3.958900e-02,0,2.335393e-01,2.668477e-03,-1.311921e+00,1.076951e+00,6.522651e+00,-4.124108e+00,-4.565164e+00,-1.699030e+00,-8.763644e-01,-6.749388e+00,-5.501687e+00,3.518270e+00,-3.751297e+00,6.724029e-01,6.134785e-03,8.652900e+01,2.048201e-01
5.736455e-03,-8.877079e+00,-5.629712e+00,6.172498e+00,-1.102294e+01,-1.375935e+01,-7.375328e+00,3.816705e+00,-9.775173e+00,-1.747240e+01,1.504103e+01,-1.587363e+01,-1.082566e+00,5.318828e-02,1.725447e+02,4.939136e-01,4.135198e-03,-2.079513e+00,1.150867e+00,4.985696e+00,-4.809394e+00,-4.332390e+00,-2.810464e+00,-6.841856e-01,-7.342263e+00,-3.684152e+00,4.137220e+00,-4.759638e+00,1.026510e+00,1.456633e-02,1.390152e+02,2.205664e-01
1.132475e-02,-1.169081e+01,-4.220184e+00,9.811115e+00,-1.775657e+01,-1.796680e+01,-1.158440e+01,3.445597e+00,-1.961618e+01,-2.103429e+01,1.986629e+01,-2.289963e+01,8.164385e-01,7.585374e-02,3.463727e+02,7.771435e-01,4.563262e-03,-2.323673e+00,1.307638e+00,2.340070e+00,-3.872818e+00,-2.179972e+00,-2.093939e+00,6.478586e-02,-6.125869e+00,-6.762010e-01,2.752489e+00,-4.084209e+00,1.279699e+00,1.976428e-02,1.402968e+02,1.587177e-01
1.646863e-02,-1.465665e+01,-2.322009e+00,9.195490e+00,-1.974938e+01,-1.627890e+01,-1.205469e+01,5.086380e+00,-2.285605e+01,-1.760511e+01,2.150615e+01,-2.577277e+01,2.610453e+00,9.912360e-02,5.218898e+02,8.310297e-01,3.728719e-03,-1.946373e+00,1.274797e+00,3.538527e-01,-2.433796e+00,-3.882440e-01,-1.151137e+00,2.755244e-01,-4.384599e+00,1.417559e+00,7.251724e-01,-2.588294e+00,9.300032e-01,1.840435e-02,8.998686e+01,8.158618e-02
1.920243e-02,-1.581110e+01,-1.046321e+00,8.533683e+00,-2.098469e+01,-1.553136e+01,-1.214367e+01,4.786600e+00,-2.628100e+01,-1.503252e+01,1.982882e+01,-2.656538e+01,3.073337e+00,1.154427e-01,5.268112e+02,8.585696e-01,2.268516e-03,-1.165320e+00,8.420178e-01,-2.963540e-01,-1.069414e+00,-6.832085e-02,-2.647353e-01,1.669303e-01,-2.523715e+00,2.027478e+00,-7.519470e-01,-7.989458e-01,2.731521e-01,1.399214e-02,3.914228e+01,1.951188e-02
2.044121e-02,-1.654880e+01,-8.426568e-01,8.580478e+00,-2.157787e+01,-1.691830e+01,-1.285138e+01,4.523825e+00,-2.836576e+01,-1.338549e+01,1.868562e+01,-2.698223e+01,2.439000e+00,1.254155e-01,5.322597e+02,8.611314e-01,8.231158e-04,-3.553558e-01,3.097190e-01,-8.940601e-02,-5.766529e-01,-5.388900e-01,5.721741e-02,-4.621983e-02,-1.407522e+00,1.240974e+00,-1.103855e+00,1.454891e-01,-8.561404e-02,8.733758e-03,4.662122e+00,5.182320e-03
2.068104e-02,-1.657133e+01,-7.497712e-01,8.636851e+00,-2.218939e+01,-1.798871e+01,-1.250974e+01,4.561526e+00,-2.947990e+01,-1.300671e+01,1.751682e+01,-2.628963e+01,2.267925e+00,1.326685e-01,5.368991e+02,8.596520e-01,-2.522320e-04,1.506130e-01,8.353859e-03,9.140778e-02,-1.766109e-01,-3.621693e-01,5.194058e-01,1.659722e-01,-8.469105e-02,8.315914e-01,-5.538210e-01,7.048775e-01,1.722245e-02,4.321548e-03,3.762640e+00,-1.015908e-03
1.984490e-02,-1.605331e+01,-9.216886e-01,8.696876e+00,-2.203029e+01,-1.774467e+01,-1.158557e+01,4.967818e+00,-2.829421e+01,-1.241315e+01,1.714288e+01,-2.518320e+01,2.585089e+00,1.341795e-01,5.401565e+02,8.564001e-01,-1.160622e-03,4.507060e-01,-2.067933e-01,-5.898762e-02,4.162197e-02,1.184284e-01,6.313734e-01,9.276438e-03,7.471403e-01,5.009305e-01,-2.288099e-01,7.643185e-01,7.994928e-02,4.230887e-04,2.455231e+00,-2.429211e-03
1.823942e-02,-1.530577e+01,-9.650356e-01,8.932523e+00,-2.164153e+01,-1.692901e+01,-1.017954e+01,5.394464e+00,-2.674023e+01,-1.136073e+01,1.783109e+01,-2.394051e+01,3.086405e+00,1.326685e-01,5.416760e+02,8.558557e-01,-1.901240e-03,5.169947e-01,-2.953836e-01,-2.739648e-01,4.379965e-01,2.663946e-01,2.985596e-01,-2.185480e-01,1.092915e+00,2.981167e-01,-5.053520e-03,7.110527e-01,-1.684903e-01,-3.868239e-03,1.078046e+00,-3.397071e-03
1.585891e-02,-1.492805e+01,-1.768991e+00,8.137704e+00,-2.164369e+01,-1.685600e+01,-1.085961e+01,4.153738e+00,-2.599990e+01,-1.170383e+01,1.738444e+01,-2.433519e+01,2.429507e+00,1.275310e-01,5.421474e+02,8.508835e-01,-2.363461e-03,5.401982e-01,-3.395739e-01,-5.115948e-01,7.856283e-01,-1.270081e-01,-1.225270e-01,-4.443227e-01,7.732374e-01,-3.265587e-01,9.611702e-02,4.931755e-01,-5.337975e-01,-8.008463e-03,-1.846130e-01,-4.452938e-03
1.316784e-02,-1.454899e+01,-1.803038e+00,7.546613e+00,-2.019271e+01,-1.710107e+01,-1.137992e+01,3.875826e+00,-2.516248e+01,-1.187079e+01,1.737077e+01,-2.315837e+01,1.503265e+00,1.166516e-01,5.412939e+02,8.454250e-01,-2.555466e-03,5.999648e-01,-2.188386e-01,-8.232969e-01,1.658309e+00,-8.634306e-01,-1.524646e-01,-3.572973e-01,7.484654e-01,-1.134337e+00,2.641498e-01,7.000748e-01,-6.857916e-01,-1.281354e-02,-1.221790e+00,-6.679154e-03
1.056339e-02,-1.373071e+01,-2.200557e+00,6.831856e+00,-1.882656e+01,-1.829368e+01,-1.159801e+01,3.505524e+00,-2.521689e+01,-1.379091e+01,1.785362e+01,-2.310839e+01,7.076715e-01,1.021457e-01,5.394245e+02,8.393508e-01,-2.584952e-03,9.599773e-01,9.759613e-02,-1.226384e+00,2.789849e+00,-1.521251e+00,4.444808e-01,-2.874966e-02,1.188922e+00,-1.398885e+00,5.305555e-01,1.307774e+00,-5.038341e-01,-1.701420e-02,-3.745428e+01,-1.420953e-02
8.109848e-03,-1.290462e+01,-1.843446e+00,5.468962e+00,-1.475855e+01,-2.052733e+01,-1.057266e+01,3.932085e+00,-2.338941e+01,-1.598887e+01,1.891725e+01,-2.105353e+01,5.183647e-01,8.129344e-02,5.369285e+02,8.282263e-01,-2.543217e-03,1.431847e+00,5.972099e-01,-1.581504e+00,3.426519e+00,-1.534436e+00,8.112270e-01,-5.645020e-01,1.751941e+00,-7.205064e-01,1.014629e-01,1.802179e+00,-7.214974e-01,-1.840435e-02,-9.086897e+01,-2.758928e-02
5.463144e-03,-1.095035e+01,-1.260807e+00,3.044608e+00,-1.041152e+01,-2.274913e+01,-9.040832e+00,3.981860e+00,-2.094182e+01,-1.663921e+01,1.926398e+01,-1.884874e+01,4.027868e-01,6.013902e-02,3.570587e+02,7.884352e-01,-2.357655e-03,1.778881e+00,1.085523e+00,-1.210132e+00,3.251876e+00,-4.440510e-01,7.799866e-01,-1.239370e+00,2.076962e+00,1.122102e+00,-1.009638e+00,1.881506e+00,-7.880079e-01,-1.553339e-02,-1.437646e+02,-8.478178e-02
3.001874e-03,-8.779939e+00,7.131362e-01,1.532715e+00,-7.267638e+00,-2.254553e+01,-8.602373e+00,8.151477e-01,-1.854031e+01,-1.404918e+01,1.717291e+01,-1.627730e+01,-1.951780e+00,4.563312e-02,1.781320e+02,7.329363e-01,-1.884930e-03,1.609920e+00,1.134988e+00,-2.951801e-01,1.883664e+00,1.274057e+00,5.019251e-01,-1.634511e+00,1.717931e+00,2.804044e+00,-2.205653e+00,1.215082e+00,-8.384715e-01,-8.068902e-03,-1.430916e+02,-1.534452e-01
1.329103e-03,-6.898645e+00,1.948766e+00,2.749319e+00,-6.312632e+00,-1.950484e+01,-8.683227e+00,-1.132855e+00,-1.725663e+01,-9.150253e+00,1.367760e+01,-1.608898e+01,-1.997296e+00,4.230886e-02,0,4.630868e-01,-1.182586e-03,1.899407e-01,8.156400e-01,3.653118e-01,5.305379e-01,2.161152e+00,2.111619e-01,-7.405518e-01,1.923602e+00,3.414748e+00,-2.577152e+00,1.312888e+00,1.760025e-01,1.087941e-03,-8.922493e+01,-2.086132e-01
7.522170e-04,-6.880869e+00,2.226711e+00,4.140707e+00,-7.389678e+00,-1.577919e+01,-8.241839e+00,-1.683113e+00,-1.664235e+01,-5.713130e+00,1.068217e+01,-1.635800e+01,-2.473952e+00,4.986401e-02,0,2.236745e-01,-5.191690e-04,-1.439478e+00,5.168737e-01,9.469672e-02,-2.239856e-01,1.763007e+00,4.454876e-01,8.716044e-01,2.233792e+00,2.617965e+00,-1.635956e+00,1.952872e+00,1.222609e+00,1.142339e-02,-3.562639e+01,-1.928959e-01
6.750438e-04,-1.095018e+01,2.060606e+00,3.567171e+00,-7.697810e+00,-1.532654e+01,-8.165289e+00,1.528231e+00,-1.227280e+01,-3.733489e+00,9.623586e+00,-1.224395e+01,1.543885e+00,6.346328e-02,0,0,-1.293824e-05,-2.810841e+00,4.437222e-01,-1.135475e+00,1.303830e-01,4.917881e-01,6.098346e-01,1.153032e+00,2.632998e+00,1.682850e+00,-2.333535e-01,3.007454e+00,1.586302e+00,2.484134e-02,0,-1.149848e-01
7.330584e-04,-1.395156e+01,3.241585e+00,1.597272e+00,-7.694977e+00,-1.581964e+01,-6.633904e+00,3.842627e+00,-9.863271e+00,-3.667735e+00,1.102014e+01,-8.435456e+00,2.390675e+00,9.217286e-02,0,0,4.210864e-04,-2.986516e+00,2.840319e-01,-2.248785e+00,1.151759e+00,-1.025505e-02,1.006798e+00,5.788785e-01,2.473556e+00,1.018456e+00,6.799731e-01,3.034486e+00,9.631619e-01,4.282261e-02,0,-4.473489e-02
1.273992e-03,-1.741751e+01,3.659940e+00,-1.656340e+00,-5.508068e+00,-1.702567e+01,-6.438021e+00,1.869434e+00,-7.481179e+00,-1.758703e+00,1.234185e+01,-5.012983e+00,3.501900e+00,1.453611e-01,0,0,1.050831e-03,-2.509556e+00,4.088590e-02,-2.684819e+00,2.205657e+00,5.833669e-01,1.473950e+00,-2.529855e-01,1.885444e+00,2.760243e-01,3.091631e-02,1.893078e+00,-1.911203e-01,6.095498e-02,0,0
2.558175e-03,-1.857979e+01,2.847203e+00,-4.491466e+00,-2.725752e+00,-1.498090e+01,-4.071481e+00,1.040679e+00,-6.670376e+00,-1.608245e+00,1.272291e+01,-4.801051e+00,1.362851e+00,2.230281e-01,0,0,1.929849e-03,-2.196624e+00,-6.735511e-02,-2.403162e+00,2.863923e+00,1.265074e+00,1.838874e+00,3.166997e-01,1.317878e+00,-7.292159e-01,-1.279186e+00,1.013363e+00,-4.615898e-01,6.851012e-02,0,0
5.016642e-03,-2.118385e+01,2.462226e+00,-6.812554e+00,8.458629e-01,-1.282908e+01,-2.076751e+00,1.664278e+00,-4.442025e+00,-3.383113e+00,8.926784e+00,-4.595759e+00,1.102196e+00,3.028105e-01,0,0,3.118067e-03,-1.943853e+00,3.320558e-01,-2.284192e+00,2.583638e+00,1.282033e+00,1.846984e+00,1.899917e+00,9.073499e-01,-1.860762e+00,-2.464261e+00,-5.352056e-02,-3.859369e-01,5.959504e-02,0,0
8.510980e-03,-2.305151e+01,3.503666e+00,-7.840433e+00,3.447674e+00,-1.159257e+01,3.798318e-01,5.528703e+00,-4.793458e+00,-6.501609e+00,6.331742e+00,-3.577254e+00,1.282578e+00,3.559988e-01,0,0,4.389641e-03,-1.803022e+00,1.058648e+00,-2.343693e+00,2.268862e+00,5.081961e-01,1.277220e+00,2.621642e+00,6.826214e-01,-1.893793e+00,-2.132062e+00,1.512980e-02,7.560188e-02,3.762466e-02,0,0
1.388792e-02,-2.490091e+01,4.991987e+00,-1.140282e+01,4.323410e+00,-1.230967e+01,5.712413e-01,9.125005e+00,-3.882888e+00,-8.615829e+00,3.216130e+00,-5.892485e+00,1.612352e+00,3.768510e-01,0,0,5.294578e-03,-1.444246e+00,1.448167e+00,-2.504002e+00,1.627676e+00,2.417939e-01,4.831216e-01,2.096981e+00,6.731383e-01,-1.410376e+00,-8.882359e-01,-6.003261e-03,-9.183361e-02,1.402237e-02,0,0
2.007074e-02,-2.573636e+01,6.875561e+00,-1.391480e+01,6.879783e+00,-1.269962e+01,9.906200e-01,1.041853e+01,-3.536838e+00,-8.460851e+00,4.917921e+00,-4.077039e+00,1.485782e+00,3.741312e-01,0,0,5.126816e-03,-1.183541e+00,1.528181e+00,-2.124342e+00,1.372790e+00,9.257638e-01,-1.617137e-01,5.499561e-01,6.906496e-01,-6.296263e-01,3.022475e-02,3.078053e-01,-1.502742e-01,-2.145660e-03,0,0
2.570965e-02,-2.706265e+01,8.017112e+00,-1.629538e+01,7.268188e+00,-1.106658e+01,3.346239e-02,9.704270e+00,-1.704644e+00,-9.455371e+00,5.192515e+00,-4.375883e+00,5.414258e-01,3.638562e-01,0,0,3.689877e-03,-1.000720e+00,1.107919e+00,-1.200168e+00,7.092725e-01,1.673328e+00,-6.477407e-01,-8.321913e-01,2.572710e-01,-1.232201e-01,6.169424e-02,8.595080e-01,-2.499706e-01,-8.884856e-03,0,0
2.823419e-02,-2.788834e+01,9.632007e+00,-1.601586e+01,8.839232e+00,-7.585295e+00,-1.598472e-01,7.988851e+00,-2.429333e+00,-9.229970e+00,5.494673e+00,-2.796529e+00,1.066670e+00,3.517679e-01,0,0,1.523367e-03,-1.010444e+00,3.470321e-01,-1.538286e-01,-3.113899e-01,1.673623e+00,-4.767860e-01,-9.820491e-01,-2.728740e-01,3.394509e-01,-1.014966e+00,8.830503e-01,7.690785e-02,-9.640371e-03,0,0
2.825558e-02,-2.882852e+01,9.153358e+00,-1.635313e+01,6.890048e+00,-6.500195e+00,-2.092229e+00,6.178886e+00,-3.150286e+00,-8.847370e+00,3.236225e+00,-2.235200e+00,5.720554e-01,3.436083e-01,0,0,-3.601836e-04,-8.509180e-01,-6.121728e-01,7.302964e-01,-9.728443e-01,6.653668e-01,-3.513164e-02,8.636904e-03,-2.248184e-01,7.050579e-01,-1.272266e+00,1.162102e+00,4.683506e-01,-9.066179e-03,0,0
2.641461e-02,-2.990565e+01,8.042598e+00,-1.465507e+01,5.511904e+00,-6.614701e+00,-3.304642e-01,7.270973e+00,-4.178387e+00,-7.067596e+00,8.212358e-01,-7.321289e-01,1.855006e+00,3.360532e-01,0,0,-1.651824e-03,-7.301885e-01,-1.346762e+00,8.941025e-01,-1.574792e+00,-7.301660e-02,2.536753e-01,1.683391e+00,6.659518e-01,9.460026e-01,-8.084607e-01,9.006712e-01,5.005428e-01,-9.579927e-03,0,0
2.481852e-02,-3.030858e+01,5.750952e+00,-1.332429e+01,4.067631e+00,-8.225044e+00,-5.688735e-02,1.010639e+01,-1.954209e+00,-7.011268e+00,1.167905e+00,4.024276e-01,2.489011e+00,3.263826e-01,0,0,-2.805080e-03,4.219004e-01,-7.187918e-01,9.566154e-01,-1.555578e+00,-1.364765e-01,-4.984208e-01,2.057175e+00,7.874700e-01,5.307103e-01,-2.673405e-01,-4.758885e-02,5.114191e-01,-1.716531e-02,0,0
2.169360e-02,-3.079926e+01,4.599397e+00,-1.305977e+01,2.376479e+00,-7.087954e+00,9.085885e-02,1.444205e+01,3.023878e-01,-5.418008e+00,2.486530e+00,3.880134e-01,2.610907e+00,3.124811e-01,0,0,-4.102432e-03,2.675897e+00,2.898296e-01,6.606873e-01,-1.705733e+00,1.258774e-01,-2.767291e+00,5.635331e-01,2.461703e-01,2.625275e-02,4.745058e-02,-1.597090e+00,3.555203e-01,-3.396798e-02,0,4.496962e-02
1.659069e-02,-2.627222e+01,7.281000e+00,-1.236770e+01,6.798699e-01,-6.945951e+00,-4.794994e+00,1.287922e+01,-1.453323e+00,-7.018612e+00,1.066876e+00,-3.033215e+00,2.751201e+00,2.695678e-01,0,0,-4.989526e-03,5.228189e+00,4.761364e-01,5.620623e-01,-1.905854e+00,2.330582e-01,-4.961082e+00,-1.956081e+00,-3.169139e-01,-6.355540e-01,-2.544639e-02,-3.035117e+00,4.124416e-01,-5.614990e-02,1.245754e+01,1.181220e-01
1.001637e-02,-1.854435e+01,8.726722e+00,-1.182993e+01,-1.322882e+00,-6.624860e+00,-1.179786e+01,8.702226e+00,-3.197978e+00,-6.932661e+00,1.109004e+00,-6.999760e+00,3.501513e+00,1.946207e-01,0,2.248481e-01,-4.467439e-03,6.642551e+00,-1.199182e+00,1.372048e-01,-1.914136e+00,-2.475531e-01,-5.908693e+00,-3.343993e+00,8.123663e-01,-7.407248e-01,8.231872e-01,-3.159919e+00,1.243471e-01,-6.962829e-02,3.077076e+01,1.952515e-01
5.709511e-03,-1.029509e+01,6.067972e+00,-1.112890e+01,-3.611961e+00,-7.291300e+00,-1.891794e+01,3.195904e+00,-1.788596e+00,-9.431712e+00,1.729437e+00,-1.107927e+01,4.105916e+00,1.045633e-01,6.228772e+01,4.781860e-01,-2.860784e-03,5.971375e+00,-3.190311e+00,-7.762138e-01,-1.493421e+00,-5.823513e-01,-4.402961e+00,-2.320265e+00,2.277317e+00,-9.663181e-02,1.981819e+00,-1.594595e+00,-6.641505e-01,-6.373527e-02,4.859857e+01,2.038525e-01
4.796996e-03,-5.575060e+00,-7.900011e-01,-1.299314e+01,-5.048284e+00,-8.153045e+00,-2.239114e+01,2.563748e+00,4.531856e+00,-7.915082e+00,6.271185e+00,-1.138855e+01,2.555285e+00,4.684195e-02,1.227100e+02,7.371643e-01,-1.339401e-03,4.173296e+00,-2.932638e+00,-1.395618e+00,-3.531133e-01,-6.833199e-01,-1.368637e+00,-7.604400e-01,2.131400e+00,7.944461e-01,2.118232e+00,3.767524e-01,-1.524397e+00,-4.261106e-02,3.580505e+01,1.276087e-01
4.896455e-03,-2.899984e+00,-3.912195e+00,-1.566716e+01,-4.924531e+00,-9.093616e+00,-2.151316e+01,4.347134e+00,6.068345e+00,-7.010561e+00,8.394879e+00,-8.811791e+00,-9.643785e-02,2.478090e-02,1.816379e+02,7.631044e-01,-8.554668e-04,2.175748e+00,-4.373830e-01,-1.085636e+00,1.057370e+00,-5.144809e-01,1.403143e+00,3.045551e-01,6.909419e-01,1.736220e+00,1.115012e+00,1.450213e+00,-1.684207e+00,-1.873678e-02,-1.007935e+00,-5.019546e-03
3.725889e-03,-1.375421e+00,-9.463840e-01,-1.653889e+01,-2.432163e+00,-9.140302e+00,-1.734344e+01,4.324411e+00,3.530549e+00,-4.171006e+00,8.367444e+00,-6.249737e+00,-2.019295e+00,2.145663e-02,1.193502e+02,7.204325e-01,-1.095278e-03,5.859209e-01,2.360445e+00,2.676130e-01,1.879581e+00,-9.222374e-02,3.350984e+00,-1.584168e-01,-9.591019e-01,1.815881e+00,-6.660089e-01,1.460045e+00,-1.403398e+00,-3.263825e-03,-3.681298e+01,-1.354647e-01
1.967730e-03,-1.516172e+00,3.959249e+00,-1.478421e+01,3.668305e-01,-9.370076e+00,-1.442608e+01,3.838348e+00,2.166767e+00,-2.622652e+00,6.256369e+00,-6.397614e+00,-2.027828e+00,2.357208e-02,5.892793e+01,4.614542e-01,-1.151027e-03,-6.371936e-01,2.939730e+00,1.313645e+00,1.758775e+00,-6.849203e-02,3.415167e+00,-9.523994e-01,-6.255063e-01,2.036270e+00,-1.399852e+00,9.272364e-01,-9.001408e-01,5.258387e-03,-4.826259e+01,-2.035975e-01
7.849677e-04,-3.337361e+00,7.076503e+00,-1.209656e+01,1.703938e+00,-8.475933e+00,-9.179758e+00,2.026057e+00,1.687135e+00,-1.029629e+00,4.010396e+00,-5.295418e+00,-3.496011e+00,3.112723e-02,0,2.106660e-01,-7.741835e-04,-1.296137e+00,1.672237e+00,1.067097e+00,7.156447e-01,2.659950e-02,2.491717e+00,-1.487813e+00,2.888922e-01,2.152138e+00,-1.366520e+00,4.748071e-01,-6.495117e-01,8.612875e-03,-2.976283e+01,-1.902319e-01
6.117803e-04,-5.104982e+00,6.775011e+00,-1.132010e+01,1.801294e+00,-9.768260e+00,-8.519164e+00,7.343139e-01,3.862520e+00,1.600102e+00,3.574143e+00,-4.652769e+00,-3.858784e+00,4.623754e-02,0,0,-3.207643e-04,-1.260964e+00,2.755197e-01,2.165060e-01,-3.711662e-01,-5.107716e-01,6.747178e-01,-1.880218e+00,7.475990e-01,2.298815e+00,-6.240993e-01,2.608735e-01,-1.030463e-01,7.524932e-03,-1.178559e+01,-1.133574e-01
5.329468e-04,-6.061700e+00,6.006918e+00,-1.293545e+01,4.288286e-01,-8.808212e+00,-7.838304e+00,-1.562636e+00,4.127134e+00,4.478306e+00,2.875957e+00,-4.748124e+00,-4.351375e+00,5.318828e-02,0,0,-7.647015e-05,-8.733226e-01,-3.969433e-01,-2.603599e-01,-8.586490e-01,-7.996674e-01,-1.117526e+00,-1.744545e+00,7.918111e-01,1.939649e+00,1.268105e-01,7.355504e-02,9.485884e-01,8.159563e-04,0,-4.213320e-02
4.899192e-04,-6.458824e+00,5.871640e+00,-1.328223e+01,-8.514459e-01,-1.175779e+01,-1.172321e+01,-3.768394e+00,4.684763e+00,6.117456e+00,3.703093e+00,-5.366893e+00,-2.115377e+00,5.016622e-02,0,0,-4.349559e-05,-6.142194e-01,-6.555046e-01,7.653008e-02,-4.535484e-01,-3.797301e-01,-1.587215e+00,-1.409081e+00,4.235167e-01,9.285828e-01,4.214367e-01,9.156777e-01,2.066044e+00,-6.890300e-03,0,0
4.635475e-04,-7.027053e+00,5.543472e+00,-1.241729e+01,-1.262937e+00,-1.147950e+01,-1.316536e+01,-4.445314e+00,5.235069e+00,6.409939e+00,4.579974e+00,-4.570581e+00,3.752276e-01,3.324267e-02,0,0,-2.704495e-05,-7.173478e-01,-1.024794e+00,9.615952e-01,4.037183e-01,5.017425e-01,-2.471814e-01,-5.030572e-01,1.629682e-01,-9.445357e-02,4.520132e-01,1.869977e+00,2.729568e+00,-9.066184e-03,0,0
4.290020e-04,-7.693403e+00,3.729210e+00,-1.119653e+01,3.794349e-01,-1.033127e+01,-1.379171e+01,-4.869750e+00,5.426136e+00,5.277200e+00,4.829318e+00,-1.631515e-01,4.108135e+00,2.175884e-02,0,0,6.228197e-06,-2.351891e-01,-1.154949e+00,1.038443e+00,2.758136e-01,1.647311e+00,1.923768e+00,7.542450e-01,-6.522695e-01,-2.070634e+00,3.609917e-01,2.245892e+00,1.967716e+00,-4.623753e-03,0,0
4.281807e-04,-9.031150e+00,1.954163e+00,-9.170325e+00,1.831980e+00,-7.012764e+00,-8.039964e+00,-3.527244e+00,4.571288e+00,4.426166e+00,4.572910e+00,1.999891e+00,6.184710e+00,2.206104e-02,0,0,1.924749e-04,9.155397e-01,-8.595070e-01,3.651980e-01,-1.371457e+00,1.849406e+00,2.599075e+00,1.963768e+00,-1.264964e+00,-5.253050e+00,1.591178e+00,1.530533e+00,6.950741e-01,1.269266e-03,1.377768e+01,4.706321e-02
5.387436e-04,-6.632721e+00,1.891550e+00,-9.713502e+00,-1.019836e+00,-5.754607e+00,-4.667074e+00,-4.562035e-01,1.755306e+00,-3.243826e+00,5.511583e+00,2.577333e+00,4.818464e+00,3.263826e-02,0,0,4.604423e-04,2.349389e+00,-4.146980e-01,-9.496883e-01,-3.381079e+00,1.801664e+00,9.014069e-01,2.417222e+00,-1.545093e+00,-8.224464e+00,3.237494e+00,3.692808e-01,-7.039872e-01,2.780296e-03,3.340166e+01,1.229652e-01
1.371051e-03,-2.979696e+00,2.164768e+00,-1.133282e+01,-7.420588e+00,-4.520800e+00,-4.732304e+00,3.166751e+00,7.456627e-01,-1.559480e+01,1.219473e+01,1.711843e+00,3.495434e+00,3.414929e-02,6.888840e+01,2.353160e-01,6.906415e-04,2.924425e+00,-4.570090e-01,-2.023426e+00,-4.010123e+00,1.681274e+00,-2.430701e+00,1.956976e+00,-1.615073e+00,-8.982528e+00,4.548566e+00,-1.932402e-01,-1.199385e+00,-5.587936e-10,5.253257e+01,2.019458e-01
2.259778e-03,1.027815e+00,1.550418e+00,-1.486373e+01,-1.189968e+01,-2.568930e+00,-1.093850e+01,3.869365e+00,-3.865155e-01,-2.583464e+01,1.720588e+01,1.827277e+00,1.932837e+00,2.961620e-02,1.325641e+02,4.971679e-01,6.542351e-04,2.034842e+00,-7.584136e-01,-1.930597e+00,-2.554482e+00,1.560242e+00,-4.543614e+00,7.603194e-01,-1.788640e+00,-5.847249e+00,3.891302e+00,-6.326272e-01,-1.268718e+00,-2.629194e-03,5.103160e+01,2.101304e-01
3.020871e-03,1.760705e+00,-1.603160e-01,-1.671234e+01,-1.277871e+01,-1.992346e-01,-1.705775e+01,4.094853e+00,-2.433167e+00,-2.919107e+01,2.146859e+01,1.408718e+00,1.630598e+00,2.357207e-02,1.963808e+02,7.611449e-01,3.765533e-04,6.452646e-01,-7.972907e-01,-9.466691e-01,-3.180653e-01,7.947863e-01,-4.863980e+00,-3.469674e-01,-2.102580e+00,-1.571055e+00,1.778563e+00,-1.707185e+00,-9.743923e-01,-2.478090e-03,3.048972e+01,1.390393e-01
2.985009e-03,1.171290e+00,-7.379761e-01,-1.667673e+01,-1.111318e+01,-1.141801e-01,-2.122242e+01,2.881342e+00,-5.598482e+00,-2.568194e+01,2.033116e+01,-4.342408e-01,-5.927110e-01,2.478090e-02,1.914118e+02,7.877373e-01,1.063042e-04,-5.568863e-01,-5.671625e-01,6.011550e-01,1.306746e+00,-6.101303e-01,-3.523888e+00,-8.344256e-01,-1.901169e+00,1.501423e+00,-4.733620e-01,-3.238141e+00,1.223774e-01,-1.631913e-03,1.153337e+01,5.885353e-02
2.891202e-03,1.748893e-01,-6.774888e-01,-1.515967e+01,-9.404161e+00,-1.774244e+00,-2.391025e+01,1.925925e+00,-7.161253e+00,-2.352643e+01,1.952490e+01,-5.693322e+00,-1.137540e-01,2.417649e-02,1.919131e+02,7.852278e-01,2.099245e-05,-1.081800e+00,-2.994505e-01,1.862313e+00,2.031845e+00,-1.893049e+00,-2.374435e+00,-4.261963e-01,-1.483922e+00,1.924034e+00,-2.016719e+00,-4.343443e+00,1.674362e+00,-1.329706e-03,-5.585678e-01,6.887019e-04
2.856134e-03,-9.637087e-01,-1.026808e+00,-1.263429e+01,-7.053223e+00,-4.832077e+00,-2.513170e+01,7.817015e-01,-7.528316e+00,-2.115985e+01,1.581091e+01,-1.081241e+01,3.416900e+00,2.115443e-02,1.924648e+02,7.793941e-01,1.352289e-04,-1.299367e+00,-2.491301e-01,2.877405e+00,2.057536e+00,-2.389012e+00,-1.637175e+00,8.292346e-01,-1.346499e+00,7.630888e-01,-2.260665e+00,-4.135635e+00,2.905553e+00,-1.450589e-03,6.963654e-01,-8.323538e-03
3.190271e-03,-2.580794e+00,-1.513152e+00,-9.421997e+00,-4.649466e+00,-7.305531e+00,-2.697529e+01,3.013692e+00,-8.887860e+00,-2.183194e+01,1.364512e+01,-1.511942e+01,7.997601e+00,1.873678e-02,1.930615e+02,7.687600e-01,2.312126e-04,-1.702976e+00,2.927226e-01,3.407415e+00,2.047688e+00,-2.535396e+00,-8.669239e-01,2.210261e+00,-1.811345e+00,1.700565e-01,-2.192045e+00,-2.414541e+00,2.319034e+00,1.662134e-03,-1.220695e+01,-1.591493e-02
3.511620e-03,-3.947702e+00,-1.565795e+00,-5.158535e+00,-3.202851e+00,-9.293598e+00,-2.787578e+01,6.483632e+00,-1.146768e+01,-2.271374e+01,1.196773e+01,-1.639937e+01,9.879376e+00,2.024781e-02,1.943194e+02,7.543535e-01,3.850848e-04,-2.435256e+00,1.798196e+00,3.176287e+00,2.111705e+00,-2.045959e+00,6.436342e-01,2.503183e+00,-1.602710e+00,3.955727e-01,-1.866421e+00,5.550440e-01,2.511750e-01,1.254155e-02,-3.171700e+01,-6.755765e-02
3.719523e-03,-6.847995e+00,1.055618e+00,-1.860468e+00,-1.090908e+00,-1.222047e+01,-2.687283e+01,1.012626e+01,-1.424830e+01,-2.189920e+01,1.048627e+01,-1.497254e+01,8.250178e+00,3.294047e-02,1.299511e+02,7.181735e-01,8.107649e-04,-3.520853e+00,3.458319e+00,2.058389e+00,2.351102e+00,-1.136713e+00,2.843618e+00,1.132599e+00,-3.400740e-01,2.098112e+00,-2.018200e+00,4.149517e+00,-1.584025e+00,3.242671e-02,-5.150074e+01,-1.381048e-01
4.516932e-03,-1.100639e+01,6.679786e+00,-5.336210e-01,1.726024e+00,-1.260440e+01,-2.196476e+01,9.741330e+00,-1.286165e+01,-1.914836e+01,8.058234e+00,-8.110622e+00,4.546486e+00,7.676035e-02,6.543501e+01,4.668992e-01,1.520440e-03,-4.524841e+00,3.975825e+00,2.761266e-01,2.386396e+00,4.282475e-02,4.432719e+00,-8.036307e-01,1.590052e+00,3.188000e+00,-1.699707e+00,6.276664e+00,-1.986978e+00,5.590813e-02,-5.185900e+01,-2.004917e-01
6.741439e-03,-1.665571e+01,1.165565e+01,-1.442511e+00,4.641605e+00,-1.133369e+01,-1.571271e+01,7.047837e+00,-9.891245e+00,-1.312407e+01,5.508868e+00,1.483797e+00,2.743922e+00,1.526141e-01,0,2.219632e-01,2.220048e-03,-4.687018e+00,2.673253e+00,-1.025596e+00,1.756737e+00,6.688267e-01,4.836526e+00,-1.736841e+00,2.917928e+00,2.988126e+00,-6.739948e-01,5.981899e+00,-6.954224e-01,6.968872e-02,-3.253371e+01,-1.903246e-01
9.602861e-03,-2.166805e+01,1.301331e+01,-3.986881e+00,5.862875e+00,-9.522861e+00,-1.129224e+01,4.004692e+00,-5.695940e+00,-1.116130e+01,5.957891e+00,6.755781e+00,2.697616e+00,2.399517e-01,0,0,2.491620e-03,-3.955693e+00,5.881869e-01,-1.612571e+00,6.944763e-01,2.179661e-02,3.534841e+00,-1.285789e+00,2.764911e+00,1.600222e+00,4.057898e-01,3.045326e+00,9.504563e-01,6.512541e-02,-1.308700e+01,-1.155762e-01
1.227680e-02,-2.495226e+01,1.125512e+01,-5.261819e+00,5.624350e+00,-1.041710e+01,-8.026459e+00,4.310376e+00,-3.241509e+00,-1.095210e+01,8.166465e+00,7.503752e+00,5.697502e+00,2.997884e-01,0,0,2.194013e-03,-2.596040e+00,-8.024578e-01,-1.268197e+00,-2.228158e-01,-8.577338e-01,1.885974e+00,-4.822193e-01,1.560711e+00,-7.428551e-03,1.069039e+00,3.814580e-01,1.949799e+00,4.533091e-02,0,-4.439265e-02
1.420735e-02,-2.663658e+01,9.820988e+00,-6.686822e+00,4.707033e+00,-1.295372e+01,-8.133680e+00,4.681116e+00,-2.361958e+00,-1.223323e+01,8.758385e+00,4.106031e+00,7.821978e+00,3.288002e-01,0,0,1.951306e-03,-1.311712e+00,-9.398764e-01,-9.151700e-01,-6.168841e-01,-1.352000e+00,6.091734e-01,-1.303544e-01,1.032315e-01,-2.035173e-01,6.220533e-01,-8.032340e-01,1.730449e+00,2.290722e-02,0,0
1.540925e-02,-2.715165e+01,9.239525e+00,-6.433527e+00,4.105446e+00,-1.390693e+01,-7.862118e+00,4.298528e+00,-3.754681e+00,-1.262525e+01,9.453817e+00,4.715962e+00,9.930737e+00,3.348444e-01,0,0,2.169281e-03,-6.159798e-01,-5.445377e-01,-5.858456e-01,-4.106866e-01,-1.047446e+00,1.595327e-01,-3.667928e-01,-7.405087e-01,-2.379362e-01,3.131418e-02,-5.332270e-01,9.432203e-01,8.371115e-03,0,0
1.779316e-02,-2.712691e+01,9.321727e+00,-7.976878e+00,3.537906e+00,-1.453794e+01,-8.328540e+00,3.358844e+00,-4.923196e+00,-1.134231e+01,8.424481e+00,4.133506e+00,9.233243e+00,3.369598e-01,0,0,2.863957e-03,-4.461994e-01,-2.703142e-01,-3.396106e-01,-6.729431e-02,-4.713055e-01,8.819113e-01,-3.030096e-01,-4.852343e-01,-1.344070e-01,-6.142313e-01,-2.327586e-01,4.757474e-01,3.596258e-03,0,0
2.133030e-02,-2.778699e+01,8.782059e+00,-7.546020e+00,4.155481e+00,-1.486222e+01,-7.131365e+00,3.137548e+00,-5.663433e+00,-1.258724e+01,8.489987e+00,4.823880e+00,9.707971e+00,3.375642e-01,0,0,3.064782e-03,-4.676821e-01,-2.265003e-01,-3.349503e-01,3.225873e-01,-2.161656e-01,1.310914e+00,6.093759e-02,9.030902e-02,5.006027e-03,-1.334111e+00,-4.143315e-01,4.755670e-01,4.110008e-03,0,0
2.556661e-02,-2.854991e+01,8.698150e+00,-7.828629e+00,4.345544e+00,-1.483260e+01,-4.089500e+00,3.746558e+00,-3.833753e+00,-1.292427e+01,6.169143e+00,2.888279e+00,1.031210e+01,3.454216e-01,0,0,1.851651e-03,-4.128782e-01,-1.840496e-01,-4.461426e-01,3.479248e-01,-1.445968e-01,1.147313e+00,7.397825e-01,3.076943e-01,2.996608e-01,-2.012342e+00,-6.549878e-02,7.025284e-01,2.870959e-03,0,0
2.684644e-02,-2.877856e+01,8.418812e+00,-8.182403e+00,5.314564e+00,-1.484043e+01,-3.427067e+00,4.409359e+00,-3.847857e+00,-1.180924e+01,3.910931e+00,3.266918e+00,1.176915e+01,3.511635e-01,0,0,-5.636662e-04,5.241985e-02,2.561697e-01,-6.975704e-01,4.131722e-02,-1.868627e-01,-5.184466e-01,1.345312e+00,-5.885015e-01,1.668408e-01,-2.809475e+00,4.671879e-01,-2.362665e-01,-6.195226e-03,0,0
2.429335e-02,-2.869552e+01,8.583102e+00,-9.889400e+00,4.697989e+00,-1.527182e+01,-4.444124e+00,6.421851e+00,-4.292513e+00,-1.023301e+01,6.522995e-01,4.584493e+00,1.171530e+01,3.445150e-01,0,0,-3.335942e-03,1.127033e+00,6.290992e-01,-1.961948e-01,-5.058575e-01,-7.299047e-01,-2.487562e+00,1.724998e+00,-2.470803e+00,-5.173683e-01,-2.409919e+00,6.718424e-01,-1.957103e+00,-2.556664e-02,0,0
1.914860e-02,-2.745209e+01,1.012043e+01,-1.000349e+01,4.185845e+00,-1.557692e+01,-9.546287e+00,8.526464e+00,-8.376560e+00,-1.309867e+01,-2.798964e+00,6.311712e+00,7.825038e+00,3.070414e-01,0,0,-5.017427e-03,2.643772e+00,4.199840e-01,8.348595e-01,-1.168183e+00,-1.633868e+00,-3.324883e+00,1.959848e+00,-4.001374e+00,-1.554913e+00,-8.118250e-01,-7.483099e-01,-3.960824e+00,-4.916894e-02,1.604680e+01,4.956772e-02
1.273582e-02,-2.357798e+01,1.099284e+01,-7.899061e+00,2.380616e+00,-1.811388e+01,-1.346770e+01,1.031300e+01,-1.392342e+01,-1.486640e+01,-2.525502e+00,4.725094e+00,2.498639e+00,2.396494e-01,0,0,-5.148660e-03,3.999425e+00,-4.607801e-01,1.748767e+00,-1.598581e+00,-2.552610e+00,-2.806438e+00,1.954917e+00,-4.561700e+00,-1.324135e+00,1.958966e+00,-2.895418e+00,-4.703403e+00,-6.364461e-02,4.027970e+01,1.248714e-01
7.538066e-03,-1.811847e+01,9.313865e+00,-5.003274e+00,6.323367e-01,-2.158874e+01,-1.553969e+01,1.226303e+01,-1.903928e+01,-1.726711e+01,1.440707e+00,-5.449317e-01,-3.426642e+00,1.577516e-01,8.023402e+01,2.478386e-01,-3.910546e-03,3.910222e+00,-1.476857e+00,1.931344e+00,-1.710675e+00,-2.951209e+00,-1.374341e+00,1.663069e+00,-3.452003e+00,-5.613641e-01,3.790061e+00,-4.246007e+00,-3.768058e+00,-6.041100e-02,6.452837e+01,1.971708e-01
4.355314e-03,-1.336520e+01,6.682485e+00,-3.645671e+00,-1.518161e+00,-2.502896e+01,-1.547961e+01,1.432816e+01,-2.176965e+01,-1.476946e+01,8.327296e+00,-6.464277e+00,-6.175879e+00,1.009368e-01,1.612815e+02,5.004376e-01,-2.055823e-03,2.293598e+00,-1.204592e+00,1.441989e+00,-1.237327e+00,-1.995762e+00,-6.446667e-01,6.540532e-01,-1.489433e+00,1.830320e-01,2.921874e+00,-3.642542e+00,-1.980814e+00,-3.825929e-02,4.853012e+01,1.463389e-01
3.786129e-03,-1.300737e+01,4.891322e+00,-2.473462e+00,-2.418141e+00,-2.687543e+01,-1.541204e+01,1.483423e+01,-2.171346e+01,-1.595396e+01,1.072494e+01,-9.323640e+00,-6.677994e+00,7.434271e-02,2.420011e+02,7.356350e-01,-3.012905e-04,-1.305041e-01,4.621795e-01,9.406031e-01,-1.374993e-01,-1.977629e-01,-1.301117e-02,-8.839302e-01,9.329435e-01,7.779027e-01,-7.333662e-02,-1.493900e+00,-2.835726e-01,-5.621034e-03,1.456787e-01,-3.792369e-03
4.332671e-03,-1.466554e+01,7.181147e+00,-1.954021e+00,-2.280781e+00,-2.544935e+01,-1.675486e+01,1.229766e+01,-2.003349e+01,-1.460782e+01,7.441750e+00,-9.098263e+00,-5.779757e+00,9.005741e-02,1.617671e+02,4.877963e-01,1.078413e-03,-2.256948e+00,2.070018e+00,4.156923e-01,1.271924e+00,1.871558e+00,7.470989e-01,-2.389307e+00,2.396614e+00,1.060684e+00,-2.546271e+00,9.793663e-01,8.577935e-01,2.765186e-02,-4.838445e+01,-1.501313e-01
6.042935e-03,-1.812082e+01,1.137543e+01,-1.146084e+00,3.261501e-01,-2.236736e+01,-1.496712e+01,8.858624e+00,-1.524264e+01,-1.345842e+01,1.516797e+00,-6.697437e+00,-5.042566e+00,1.350861e-01,8.071961e+01,2.351974e-01,1.963102e-03,-3.230743e+00,2.367962e+00,-3.060128e-01,2.184866e+00,3.090748e+00,1.975315e+00,-2.899097e+00,3.066619e+00,1.775498e+00,-2.324600e+00,2.648961e+00,1.639556e+00,5.194923e-02,-6.457693e+01,-1.959066e-01
8.618974e-03,-2.209321e+01,1.379052e+01,-2.230899e+00,3.469316e+00,-1.792520e+01,-1.196657e+01,5.369422e+00,-1.302199e+01,-1.071381e+01,2.000146e-01,-2.880547e+00,-2.704625e+00,2.088244e-01,0,0,2.483576e-03,-3.320617e+00,7.471315e-01,-1.155061e+00,2.168797e+00,3.044511e+00,2.650139e+00,-2.347581e+00,2.568449e+00,1.519250e+00,-9.790055e-02,3.301512e+00,2.692077e+00,5.893020e-02,-4.042538e+01,-1.210790e-01
1.145849e-02,-2.544725e+01,1.342644e+01,-3.865087e+00,5.631140e+00,-1.518376e+01,-7.929607e+00,3.802865e+00,-9.886112e+00,-9.023471e+00,2.722813e+00,8.123057e-01,-1.778062e-02,2.747054e-01,0,0,2.507949e-03,-2.473012e+00,-1.073947e+00,-1.667077e+00,1.232912e+00,2.270264e+00,2.369702e+00,-1.097417e+00,1.701375e+00,9.998668e-01,1.964901e+00,2.641149e+00,3.007696e+00,5.001511e-02,-1.614392e+01,-4.703948e-02
1.404278e-02,-2.760541e+01,9.891298e+00,-6.369822e+00,5.910709e+00,-1.381860e+01,-7.022927e+00,3.087633e+00,-9.869514e+00,-9.229039e+00,6.349239e+00,3.654428e+00,5.168238e+00,3.148988e-01,0,0,2.155724e-03,-1.305430e+00,-2.042067e+00,-1.832027e+00,7.778339e-02,1.379114e+00,2.105330e+00,4.847045e-01,1.068136e+00,2.737835e-01,2.057812e+00,1.349758e+00,2.614496e+00,3.179208e-02,0,0
1.587078e-02,-2.772978e+01,7.955309e+00,-7.412006e+00,5.270015e+00,-1.306935e+01,-5.590435e+00,4.512432e+00,-8.312004e+00,-9.201468e+00,8.266692e+00,3.240822e+00,6.059481e+00,3.321245e-01,0,0,1.570411e-03,-3.740963e-01,-1.986325e+00,-1.865162e+00,-5.991797e-01,1.130003e+00,2.123854e+00,1.674204e+00,8.389508e-01,2.964816e-01,8.789805e-01,-5.481040e-01,1.034241e+00,1.619825e-02,0,0
1.719145e-02,-2.747910e+01,6.315756e+00,-9.617574e+00,4.038795e+00,-1.208684e+01,-2.609510e+00,7.438161e+00,-8.468364e+00,-9.255894e+00,7.717135e+00,2.653985e+00,7.329224e+00,3.390752e-01,0,0,6.630659e-04,1.006943e-01,-1.477989e+00,-1.751747e+00,-8.051636e-01,1.011868e+00,2.605103e+00,1.923270e+00,1.360405e+00,6.254115e-01,-2.414825e-01,-1.219355e+00,-4.318445e-01,6.829864e-03,0,0
1.773621e-02,-2.738089e+01,5.282589e+00,-1.156702e+01,3.571199e+00,-1.039962e+01,4.829549e-01,9.998621e+00,-6.391933e+00,-7.527636e+00,6.433767e+00,-1.427993e+00,4.072930e+00,3.436083e-01,0,0,-4.685262e-04,8.287468e-02,-1.437552e+00,-1.606264e+00,-5.865840e-01,1.113055e+00,2.682516e+00,9.499189e-01,1.590688e+00,1.165746e+00,-1.132959e-01,-3.595723e-01,-4.924994e-01,2.840745e-03,0,0
1.642539e-02,-2.727639e+01,3.837713e+00,-1.305105e+01,2.734299e+00,-1.009412e+01,2.965895e+00,9.960889e+00,-4.027524e+00,-6.938898e+00,6.058289e+00,-1.079389e-01,4.002291e+00,3.433062e-01,0,0,-1.642552e-03,1.225723e-01,-1.355495e+00,-7.423557e-01,1.247834e-01,6.622235e-01,2.303231e+00,-5.432736e-01,1.640311e+00,1.763759e+00,4.351660e-01,1.077271e+00,4.735442e-01,1.450589e-03,0,0
1.391118e-02,-2.741676e+01,2.006568e+00,-1.372659e+01,2.989343e+00,-8.500436e+00,5.034442e+00,8.000663e+00,-2.578984e+00,-4.531236e+00,8.529635e+00,2.823922e+00,5.260450e+00,3.442128e-01,0,0,-2.350838e-03,2.749146e-01,-1.065027e+00,3.695602e-01,9.738206e-01,3.425449e-01,1.933261e+00,-1.724996e+00,4.872559e-01,1.563097e+00,3.422527e-01,1.550493e+00,1.512096e+00,1.722574e-03,0,0
1.089120e-02,-2.684830e+01,1.176292e+00,-1.224957e+01,4.953640e+00,-9.725317e+00,6.630899e+00,5.720772e+00,-2.173286e+00,-1.935299e+00,8.845031e+00,5.914382e+00,9.103185e+00,3.460260e-01,0,0,-2.540933e-03,7.700838e-01,-2.297075e-01,1.712974e+00,1.593782e+00,1.543122e-01,1.245894e+00,-1.693461e+00,-2.408401e-01,5.149584e-01,-9.200522e-01,-1.934199e-01,6.603813e-01,3.082496e-03,0,0
8.749115e-03,-2.622036e+01,1.288165e+00,-1.011996e+01,7.330631e+00,-8.871300e+00,8.316760e+00,3.493701e+00,-4.882773e+00,-2.213950e+00,6.751659e+00,3.313312e+00,9.082963e+00,3.508613e-01,0,0,-2.442775e-03,1.354277e+00,6.705935e-01,2.319583e+00,8.407782e-01,-5.710630e-02,2.536585e-01,-9.219437e-01,-1.047267e-01,-1.169039e+00,-2.112037e+00,-2.175508e+00,-9.941696e-01,1.964346e-03,0,0
6.301759e-03,-2.402417e+01,3.048378e+00,-6.289494e+00,8.532567e+00,-9.137126e+00,7.554205e+00,3.747065e+00,-4.079830e+00,-5.522749e+00,2.347017e+00,-1.319733e+00,5.392941e+00,3.553944e-01,0,0,-2.265945e-03,2.016373e+00,8.872563e-01,1.733842e+00,-6.869841e-01,8.390427e-03,-8.870065e-01,1.000849e-01,1.339276e+00,-1.986335e+00,-2.167759e+00,-3.070444e+00,-2.326345e+00,-7.404044e-03,0,0
3.992021e-03,-2.205744e+01,4.423493e+00,-5.108710e+00,5.403770e+00,-9.080063e+00,5.841082e+00,4.377798e+00,-2.149346e+00,-8.582706e+00,1.218459e+00,-4.436561e+00,2.144724e+00,3.493503e-01,0,0,-1.948031e-03,2.253309e+00,3.301949e-01,7.343587e-01,-1.828661e+00,9.109030e-02,-1.229069e+00,4.362334e-01,2.185801e+00,-1.698231e+00,-1.053250e+00,-1.685678e+00,-1.559182e+00,-2.287700e-02,0,0
1.940021e-03,-1.884789e+01,4.044909e+00,-6.085985e+00,2.482150e+00,-9.578983e+00,3.433706e+00,5.779148e+00,3.156382e+00,-8.682594e+00,7.728361e-01,-5.562903e+00,9.405818e-01,3.097613e-01,0,0,-1.399383e-03,1.957608e+00,-7.257284e-01,-2.538623e-01,-1.778096e+00,4.415679e-01,-5.345298e-01,-2.690326e-01,1.284641e+00,-2.256479e-02,1.323363e+00,4.316751e-01,-5.134363e-01,-3.831974e-02,0,0
1.189828e-03,-1.754196e+01,2.440873e+00,-6.549923e+00,1.212535e+00,-8.194920e+00,4.231663e+00,4.658827e+00,2.428124e+00,-9.125184e+00,2.272500e+00,-2.993495e+00,3.513233e+00,2.592928e-01,0,0,-8.077264e-04,1.200986e+00,-1.253250e+00,-4.361580e-01,-5.336727e-01,1.154414e+00,1.195425e-01,-1.154492e+00,-7.693326e-02,1.974629e+00,2.399704e+00,1.820381e+00,4.979534e-01,-4.182534e-02,0,0
7.059426e-04,-1.649387e+01,4.110452e-01,-6.838198e+00,1.737704e+00,-7.371858e+00,5.686265e+00,2.261388e+00,5.463743e-02,-5.364334e+00,8.436809e+00,1.171097e-01,2.141505e+00,2.088244e-01,0,0,-3.495954e-04,3.365978e-01,-8.446860e-01,-2.527593e-01,4.154411e-01,1.278776e+00,-2.936317e-01,-1.762171e+00,-7.902189e-01,3.033409e+00,2.541893e+00,2.014241e+00,4.362363e-01,-3.563010e-02,0,0
5.704278e-04,-1.722952e+01,-2.582546e-02,-6.913393e+00,3.107630e+00,-4.411556e+00,5.312515e+00,3.642193e-01,-9.831400e-01,-3.686905e-01,9.384995e+00,1.825338e+00,4.034029e+00,1.906921e-01,0,0,-1.673784e-04,2.245197e-02,-1.662685e-02,1.333876e-02,9.754489e-01,1.050760e+00,-1.417423e+00,-1.488353e+00,1.180120e-01,2.692935e+00,6.890173e-01,1.129158e+00,1.693738e-01,-2.695679e-02,0,0
5.017442e-04,-1.732112e+01,1.054829e+00,-7.168046e+00,3.611808e+00,-5.076786e+00,1.425121e+00,-8.844040e-01,9.109197e-01,2.106204e+00,9.926053e+00,2.098885e+00,2.861365e+00,1.659112e-01,0,0,-5.563708e-05,2.102886e-01,2.933834e-02,4.098732e-01,4.991940e-01,1.200598e-01,-2.352340e+00,-4.953140e-01,4.900417e-01,7.545006e-01,-8.950104e-01,2.923683e-01,1.917481e-01,-2.272590e-02,0,0
4.550353e-04,-1.701607e+01,2.035847e+00,-6.318305e+00,5.152728e+00,-4.088657e+00,-7.248800e-01,-1.210040e+00,2.590043e+00,6.042219e-01,4.972964e+00,1.661410e+00,4.000172e+00,1.459655e-01,0,0,4.027877e-05,1.278098e+00,-6.334498e-01,7.322914e-01,-1.758931e-01,-8.707529e-01,-2.696578e+00,5.113590e-01,2.690092e-02,-9.255446e-01,-1.067088e+00,-1.111313e+00,6.590032e-03,-2.478090e-02,0,4.243837e-02
4.854534e-04,-1.554916e+01,-4.730996e-01,-5.086376e+00,3.211125e+00,-6.933009e+00,-3.056735e+00,5.719479e-01,7.182548e-01,-2.078287e+00,6.167773e+00,1.660915e+00,3.117174e+00,1.175582e-01,0,0,4.463675e-04,2.453403e+00,-1.607856e+00,6.669514e-01,-1.494686e+00,-1.361907e+00,-3.503257e+00,1.905655e+00,-5.153618e-01,-1.855232e+00,2.439758e-01,-2.539837e+00,7.107413e-01,-2.659414e-02,1.310262e+01,1.127887e-01
7.799670e-04,-1.172502e+01,-2.429110e+00,-4.292771e+00,2.428506e+00,-7.837209e+00,-5.929443e+00,2.192838e+00,-7.523029e-01,-2.904167e+00,5.928694e+00,-3.512241e+00,3.939075e+00,9.096404e-02,0,2.121918e-01,1.243133e-03,3.221131e+00,-2.092303e+00,6.949339e-02,-2.691123e+00,-1.845947e+00,-4.461600e+00,3.237395e+00,-3.014186e-01,-2.026287e+00,1.880815e+00,-4.114932e+00,1.208924e+00,-2.710789e-02,3.253052e+01,1.900707e-01
2.571116e-03,-7.699636e+00,-4.751974e+00,-4.846056e+00,-2.499511e+00,-1.001205e+01,-1.348888e+01,6.942430e+00,5.283674e-03,-5.415758e+00,1.066807e+01,-8.013474e+00,6.445620e+00,6.044122e-02,6.551308e+01,4.578476e-01,2.125229e-03,2.935561e+00,-2.218418e+00,-4.845037e-01,-3.617935e+00,-1.829887e+00,-4.137751e+00,4.364063e+00,3.486204e-01,-2.005521e+00,2.208728e+00,-4.684412e+00,1.729934e+00,-2.206105e-02,5.171341e+01,2.057910e-01
5.627869e-03,-4.835175e+00,-6.286231e+00,-6.090998e+00,-5.447570e+00,-1.177887e+01,-1.781681e+01,1.179169e+01,1.439435e+00,-7.858478e+00,1.212689e+01,-1.407605e+01,8.380569e+00,3.898459e-02,1.298961e+02,7.214296e-01,2.492702e-03,1.794509e+00,-2.393484e+00,-4.194268e-01,-4.309726e+00,-1.869870e+00,-2.173724e+00,4.927770e+00,-3.473083e-01,-1.932737e+00,1.199764e+00,-3.625095e+00,1.431699e+00,-1.372016e-02,5.114545e+01,1.481392e-01
8.687646e-03,-4.316270e+00,-9.636631e+00,-6.609781e+00,-1.094051e+01,-1.411161e+01,-1.780181e+01,1.759283e+01,1.365488e+00,-9.628736e+00,1.411231e+01,-1.647924e+01,9.546100e+00,3.324267e-02,1.936190e+02,7.743359e-01,1.966184e-03,6.397875e-01,-1.978685e+00,2.192831e-01,-4.182402e+00,-1.368946e+00,4.964170e-01,4.254543e+00,-1.971798e+00,-1.277872e+00,-1.047228e+00,-1.723812e+00,4.739535e-01,-5.016622e-03,3.129995e+01,7.510939e-02
1.018521e-02,-4.444153e+00,-1.195420e+01,-5.508043e+00,-1.489962e+01,-1.513678e+01,-1.464160e+01,2.150648e+01,-3.168947e+00,-1.046136e+01,1.020539e+01,-1.740484e+01,9.547332e+00,3.596253e-02,1.916743e+02,7.946439e-01,9.693102e-04,-1.006206e-01,-1.195699e+00,6.766208e-01,-3.880308e+00,-6.669003e-01,1.547879e+00,3.028312e+00,-3.300658e+00,-5.168459e-01,-2.640853e+00,3.747960e-01,-6.158619e-01,1.813237e-04,1.205894e+01,1.769449e-02
1.012337e-02,-4.696209e+00,-1.181141e+01,-4.041118e+00,-1.868550e+01,-1.517783e+01,-1.259440e+01,2.335775e+01,-7.549517e+00,-1.050368e+01,6.392679e+00,-1.496814e+01,8.232006e+00,3.686914e-02,1.911237e+02,7.967874e-01,1.220021e-04,-2.678791e-01,-4.194794e-02,6.070577e-01,-2.708001e+00,2.043610e-02,1.478912e+00,1.537636e+00,-3.299736e+00,5.976171e-02,-3.158103e+00,1.527562e+00,-1.317603e+00,1.178604e-03,-3.365356e-01,5.214852e-03
9.756560e-03,-5.148308e+00,-1.117733e+01,-3.992226e+00,-2.097662e+01,-1.458027e+01,-1.268111e+01,2.405079e+01,-1.060635e+01,-1.000524e+01,2.782445e+00,-1.295762e+01,5.958306e+00,3.807797e-02,1.914384e+02,7.986763e-01,-1.984529e-04,-2.386885e-01,5.570585e-01,3.020259e-01,-1.509552e+00,2.357636e-01,9.407878e-01,5.470139e-01,-2.056782e+00,1.051092e-02,-1.870026e+00,1.837231e+00,-1.621179e+00,4.230894e-04,3.151215e-01,1.017570e-03
9.511982e-03,-5.303588e+00,-1.023480e+01,-4.332401e+00,-2.144202e+01,-1.428768e+01,-1.138749e+01,2.400886e+01,-1.141449e+01,-9.557991e+00,2.033271e+00,-1.106504e+01,4.752596e+00,3.807797e-02,1.920543e+02,7.983939e-01,-1.245804e-04,-1.260957e-01,4.980561e-01,9.475493e-02,-3.001890e-01,4.879837e-02,8.091757e-01,1.279116e-01,-1.054957e+00,-3.470201e-02,-3.335680e-01,1.355097e+00,-1.493222e+00,6.044172e-05,6.943054e-01,1.926005e-04
9.498638e-03,-5.333906e+00,-9.957212e+00,-3.852272e+00,-2.106912e+01,-1.440303e+01,-1.054111e+01,2.391600e+01,-1.152037e+01,-1.088165e+01,3.034967e+00,-1.017023e+01,3.181141e+00,3.747356e-02,1.927846e+02,7.989285e-01,3.625741e-05,-4.969845e-02,2.014104e-01,1.170564e-01,4.518619e-01,-4.370349e-01,7.970551e-01,-1.368179e-01,-6.873586e-01,8.289013e-02,8.078183e-01,6.249679e-01,-1.359788e+00,3.022067e-04,9.632568e-01,-2.580225e-04
9.629425e-03,-5.233889e+00,-9.931193e+00,-3.637320e+00,-2.014019e+01,-1.502245e+01,-9.618524e+00,2.406471e+01,-1.236729e+01,-1.023898e+01,4.598578e+00,-9.586354e+00,2.154481e+00,3.747356e-02,1.939221e+02,7.976243e-01,1.694227e-04,-5.794602e-02,-1.923157e-01,-1.048183e-02,6.635788e-01,-8.787545e-01,4.792270e-01,-2.009684e-01,-8.252321e-01,6.893525e-01,1.443402e+00,-2.579683e-01,-8.261155e-01,7.857364e-04,1.149069e+00,-1.177311e-04
9.879126e-03,-5.431650e+00,-1.032209e+01,-3.754484e+00,-1.936823e+01,-1.639806e+01,-9.580322e+00,2.333878e+01,-1.356674e+01,-9.250293e+00,5.538883e+00,-1.057212e+01,4.584255e-01,3.989121e-02,1.953208e+02,7.977710e-01,1.451829e-04,-8.530883e-02,-2.433283e-01,-4.017174e-01,7.083141e-01,-1.157865e+00,3.871233e-01,-4.362518e-01,-9.074861e-01,1.533526e+00,1.362769e+00,-6.153525e-01,-2.735911e-01,3.928676e-04,1.121262e+00,4.221380e-04
1.016885e-02,-5.544446e+00,-1.101395e+01,-4.433704e+00,-1.897458e+01,-1.768394e+01,-9.471753e+00,2.329263e+01,-1.451746e+01,-6.926908e+00,7.998322e+00,-1.215393e+01,1.983376e+00,4.079783e-02,1.965315e+02,7.983840e-01,-4.666056e-05,-9.400678e-02,-4.171953e-02,-7.075129e-01,4.992838e-01,-9.838203e-01,4.977816e-01,-8.622366e-01,-6.664283e-01,2.054956e+00,7.018434e-01,-1.506722e-01,-4.907318e-02,-1.420369e-03,8.556396e-01,1.286286e-03
9.954839e-03,-5.605172e+00,-1.063248e+01,-5.462667e+00,-1.811036e+01,-1.886161e+01,-8.678883e+00,2.212078e+01,-1.498272e+01,-4.870059e+00,8.148937e+00,-1.196321e+01,1.898738e+00,3.777576e-02,1.970862e+02,8.006594e-01,-3.455399e-04,-1.431618e-02,3.723617e-01,-7.841171e-01,2.246464e-01,-4.451447e-01,7.452602e-01,-1.284734e+00,-2.993096e-01,2.259332e+00,-4.611771e-01,1.057106e+00,-5.258924e-01,-3.233606e-03,5.026550e-01,1.635164e-03
9.358265e-03,-5.617162e+00,-9.984595e+00,-6.320793e+00,-1.827270e+01,-1.870978e+01,-7.580336e+00,2.036252e+01,-1.499145e+01,-2.154314e+00,6.802768e+00,-9.644174e+00,1.188959e+00,3.142944e-02,1.973176e+02,8.026116e-01,-5.379557e-04,-2.004428e-02,6.624371e-01,-4.944922e-01,-1.804153e-01,9.842358e-02,6.384216e-01,-1.556102e+00,2.214232e-01,1.710931e+00,-1.268647e+00,2.051181e+00,-1.694283e+00,-3.112724e-03,7.001975e+00,-4.200929e-03
8.556720e-03,-5.466873e+00,-8.974953e+00,-6.731525e+00,-1.859593e+01,-1.811086e+01,-6.799730e+00,1.838016e+01,-1.482630e+01,-3.399310e-01,3.830775e+00,-6.541476e+00,-1.773828e+00,2.840737e-02,1.974410e+02,8.038330e-01,-4.792446e-04,-1.190687e-01,5.515016e-01,1.365638e-01,-4.054974e-01,2.270599e-01,-4.185777e-02,-1.361599e+00,1.061074e+00,4.471048e-01,-8.232381e-01,2.261771e+00,-2.324052e+00,-1.057721e-03,1.732461e+01,-1.277782e-02
8.178133e-03,-5.713817e+00,-8.530522e+00,-6.271736e+00,-1.963387e+01,-1.756720e+01,-7.219222e+00,1.738243e+01,-1.348856e+01,-6.373151e-01,3.814170e+00,-4.608894e+00,-4.651756e+00,2.991840e-02,2.313640e+02,7.757925e-01,-2.726019e-04,-3.583795e-01,3.112531e-01,8.053991e-01,-2.603123e-01,-1.663277e-01,-1.121073e+00,-1.141647e+00,1.743731e+00,-1.321619e+00,3.443441e-01,1.759318e+00,-2.549370e+00,1.329707e-03,2.139801e+01,-1.711904e-02
8.148682e-03,-6.152188e+00,-8.602006e+00,-4.804377e+00,-1.945726e+01,-1.829760e+01,-9.068728e+00,1.680283e+01,-1.042879e+01,-3.393034e+00,5.527046e+00,-3.171991e+00,-6.801164e+00,3.324267e-02,2.666861e+02,7.501798e-01,-1.853680e-04,-4.926658e-01,2.134111e-01,1.271108e+00,-2.622185e-02,-7.090279e-01,-1.985052e+00,-1.085261e+00,1.517996e+00,-2.221331e+00,1.274705e+00,1.032925e+00,-2.068263e+00,2.326988e-03,1.236243e+01,-1.042939e-02
8.199275e-03,-7.066402e+00,-8.614803e+00,-3.257372e+00,-1.914360e+01,-1.944805e+01,-1.205120e+01,1.544295e+01,-8.471542e+00,-7.235859e+00,7.676353e+00,-2.532326e+00,-9.044222e+00,3.566032e-02,2.696852e+02,7.438430e-01,-3.822624e-04,-3.125500e-01,4.146891e-01,1.217367e+00,1.470154e-01,-9.417908e-01,-2.049494e+00,-1.261554e+00,-9.322500e-02,-1.676418e+00,8.715042e-01,4.576856e-01,-1.512907e+00,2.024781e-03,-7.059226e+00,4.914039e-03
7.619309e-03,-7.253910e+00,-7.865757e+00,-1.883166e+00,-1.897217e+01,-2.071558e+01,-1.430900e+01,1.392360e+01,-9.744826e+00,-8.147316e+00,8.273208e+00,-2.415137e+00,-9.918907e+00,3.717135e-02,2.400926e+02,7.676608e-01,-7.703872e-04,1.382843e-01,6.931034e-01,8.014040e-01,2.888865e-01,-8.150543e-01,-1.296875e+00,-1.416930e+00,-2.082355e+00,-3.593367e-01,-2.203449e-01,-1.048965e-02,-7.635441e-01,9.066180e-04,-1.723707e+01,1.354357e-02
6.531507e-03,-6.725706e+00,-6.825202e+00,-1.645505e+00,-1.914133e+01,-2.106716e+01,-1.484655e+01,1.251427e+01,-1.429667e+01,-6.642264e+00,6.798610e+00,-2.698893e+00,-1.065742e+01,3.807797e-02,2.093646e+02,7.916222e-01,-1.109936e-03,7.098513e-01,7.317889e-01,6.753714e-02,1.100777e+00,-7.950421e-02,-6.359110e-01,-1.392773e+00,-2.550774e+00,1.199417e-02,-1.252017e+00,-2.687282e-01,3.577310e-01,-4.230894e-04,-1.493723e+01,1.140296e-02
5.130630e-03,-5.631114e+00,-6.031290e+00,-1.603290e+00,-1.801396e+01,-2.156331e+01,-1.415543e+01,1.118252e+01,-1.792801e+01,-5.486515e+00,4.864193e+00,-3.141156e+00,-9.812285e+00,3.656694e-02,2.106610e+02,7.940080e-01,-1.256987e-03,1.052337e+00,7.659926e-01,-8.174865e-01,2.675644e+00,1.220220e+00,-1.588124e-01,-1.475500e+00,-1.178095e+00,-1.013777e+00,-1.395889e+00,-8.422875e-01,1.684689e+00,-1.511031e-03,-6.889650e+00,-4.058421e-04
3.893934e-03,-4.328544e+00,-5.873092e+00,-3.059624e+00,-1.411882e+01,-1.942170e+01,-1.530754e+01,9.849626e+00,-1.713382e+01,-8.506289e+00,3.120773e+00,-3.512958e+00,-7.308877e+00,3.384708e-02,2.097148e+02,7.876842e-01,-1.232668e-03,1.146634e+00,1.111693e+00,-1.300645e+00,3.704785e+00,2.733868e+00,1.938270e-01,-1.635529e+00,8.318016e-01,-1.999524e+00,-4.722653e-01,-1.386299e+00,2.116058e+00,-1.450589e-03,-1.533671e+01,-6.027380e-02
2.653159e-03,-3.190806e+00,-4.511848e+00,-5.263539e+00,-8.105210e+00,-1.543721e+01,-1.487257e+01,7.878418e+00,-1.421672e+01,-1.228419e+01,3.132683e+00,-6.219542e+00,-3.169736e+00,3.173164e-02,2.054693e+02,7.676006e-01,-1.042499e-03,9.034497e-01,1.685211e+00,-1.095046e+00,3.086114e+00,3.902502e+00,5.866610e-01,-1.214002e+00,2.135794e+00,-1.911507e+00,8.943372e-01,-1.555534e+00,1.031801e+00,-9.066183e-04,-3.634341e+01,-1.380153e-01
1.606902e-03,-2.212692e+00,-2.026458e+00,-6.318604e+00,-5.571785e+00,-1.046088e+01,-1.351885e+01,5.988682e+00,-1.199330e+01,-1.324105e+01,5.303039e+00,-8.091195e+00,-3.398405e+00,3.324267e-02,1.352769e+02,5.034570e-01,-7.529200e-04,5.401602e-01,2.031011e+00,-1.330007e-01,1.021356e+00,3.972976e+00,4.080650e-01,-6.111196e-01,1.905626e+00,-9.103144e-01,1.902021e+00,-8.396465e-01,-8.952328e-01,-1.027501e-03,-4.267582e+01,-1.605660e-01
1.061650e-03,-2.171792e+00,4.714500e-01,-5.449028e+00,-6.856905e+00,-6.531217e+00,-1.211647e+01,7.042984e+00,-9.819299e+00,-1.267667e+01,8.244746e+00,-8.629705e+00,-6.608514e+00,3.233605e-02,6.616282e+01,2.460453e-01,-4.025408e-04,2.571258e-01,1.649321e+00,7.275676e-01,-6.716464e-01,3.048956e+00,-6.996313e-01,3.129076e-01,1.376587e+00,-3.887707e-01,1.666528e+00,2.236841e-01,-1.916456e+00,-3.022061e-03,-2.156033e+01,-7.976028e-02
9.250885e-04,-2.137250e+00,1.790314e+00,-3.631883e+00,-9.636191e+00,-4.009817e+00,-1.464527e+01,7.211745e+00,-9.804402e+00,-1.286162e+01,1.007484e+01,-6.506109e+00,-1.006565e+01,2.840737e-02,6.598892e+01,2.456319e-01,-1.325256e-04,8.367266e-02,9.621110e-01,9.174069e-01,-7.644848e-01,1.834974e+00,-1.756194e+00,3.361187e-01,8.927749e-01,-4.557583e-01,5.556089e-01,7.352874e-01,-1.028476e+00,-5.197945e-03,6.021821e+00,2.401760e-02
9.813611e-04,-1.942898e+00,1.826369e+00,-2.969061e+00,-9.431239e+00,-3.417958e+00,-1.780752e+01,8.831425e+00,-8.428241e+00,-1.441775e+01,9.079417e+00,-5.893665e+00,-9.418392e+00,1.903898e-02,1.323116e+02,4.977117e-01,-9.911792e-06,1.306957e-01,4.751231e-01,3.914891e-01,-2.840939e-02,7.833829e-01,-2.016613e+00,4.399037e-02,1.126707e+00,-3.560309e-01,-2.993626e-01,4.455946e-01,2.875571e-01,-5.197945e-03,1.948077e+01,7.650340e-02
9.844188e-04,-1.908776e+00,2.106638e+00,-2.971553e+00,-8.107042e+00,-2.842639e+00,-1.945429e+01,6.775055e+00,-8.224956e+00,-1.464930e+01,7.663748e+00,-5.782778e+00,-7.135847e+00,1.390148e-02,1.323116e+02,4.977117e-01,1.077119e-05,2.068667e-01,4.614469e-01,-2.052505e-01,5.028725e-01,2.463063e-01,-1.208444e+00,-1.271688e-01,1.407813e+00,1.323257e-01,8.264256e-03,1.712283e-01,8.856875e-01,-2.598973e-03,-5.718933e-01,1.443195e-03
9.824255e-04,-1.632551e+00,2.688904e+00,-3.821748e+00,-7.763527e+00,-3.197891e+00,-1.979502e+01,7.481281e+00,-4.975489e+00,-1.356299e+01,7.953482e+00,-6.763398e+00,-6.635632e+00,1.359927e-02,1.304053e+02,5.025224e-01,-4.328613e-06,3.371343e-01,7.998172e-01,-4.761431e-01,2.605963e-03,2.937612e-01,-2.939705e-01,-5.868336e-01,1.061519e+00,5.783779e-01,9.748628e-01,2.852825e-01,5.302526e-01,3.626472e-04,-2.046871e+01,-7.418077e-02
9.784122e-04,-1.258090e+00,3.666281e+00,-4.231792e+00,-7.955685e+00,-2.888318e+00,-1.969374e+01,7.250973e+00,-4.491714e+00,-1.262737e+01,1.067913e+01,-5.215101e+00,-7.028595e+00,1.813237e-02,6.408261e+01,2.504425e-01,-1.685279e-05,3.990945e-01,9.962975e-01,-2.868127e-01,-4.276658e-01,2.838969e-01,1.546557e-01,-7.059139e-01,3.649701e-01,8.464823e-02,1.611844e+00,8.592821e-01,6.473656e-02,1.299487e-03,-3.309460e+01,-1.247503e-01
9.627214e-04,-5.825697e-01,5.045633e+00,-4.719657e+00,-9.493888e+00,-1.926312e+00,-1.915765e+01,5.659298e+00,-4.987267e+00,-1.253683e+01,1.244604e+01,-4.751091e+00,-6.820755e+00,1.873678e-02,6.408261e+01,2.504425e-01,-3.012766e-05,3.238670e-01,1.099957e+00,2.620346e-02,-4.954132e-01,3.298991e-01,4.204283e-01,-1.116332e+00,-5.485338e-01,-5.263165e-01,1.560802e+00,1.205271e+00,-7.924704e-02,7.555157e-04,-3.248933e+01,-1.255487e-01
9.100069e-04,-4.382936e-01,5.909761e+00,-3.956662e+00,-9.380191e+00,-2.058944e+00,-1.899970e+01,4.156477e+00,-6.394216e+00,-1.473914e+01,1.347669e+01,-2.492521e+00,-6.719602e+00,1.783016e-02,0,0,-4.077385e-05,2.430823e-01,8.768862e-01,2.653160e-01,-1.526635e-01,-4.657542e-02,5.456230e-01,-5.987786e-01,-6.106082e-01,-9.443633e-01,9.485350e-01,8.573439e-01,-1.957858e-01,5.439714e-04,-1.922478e+01,-7.513276e-02
8.659899e-04,-4.231138e-01,7.066950e+00,-3.828296e+00,-9.528340e+00,-1.963083e+00,-1.803990e+01,3.446869e+00,-6.766907e+00,-1.513869e+01,1.435872e+01,-2.098335e+00,-7.186363e+00,1.752795e-02,0,0,-4.551271e-05,2.457197e-01,5.866858e-01,2.817623e-01,2.717744e-01,-5.090421e-01,1.051021e+00,-1.720312e-01,-3.524135e-01,-4.375488e-01,3.126497e-01,1.708084e-01,-1.180112e-01,1.087942e-03,-1.281652e+01,-5.008851e-02
8.229087e-04,-1.224062e-01,7.040054e+00,-3.350893e+00,-8.701777e+00,-3.102810e+00,-1.752450e+01,5.363294e+00,-6.654934e+00,-1.604826e+01,1.446547e+01,-2.254759e+00,-7.824720e+00,2.145663e-02,0,0,-4.844102e-05,3.906908e-01,3.078961e-01,5.534739e-02,5.771644e-01,-5.951265e-01,1.660374e+00,-2.522964e-01,1.340512e-01,5.973089e-01,-7.671243e-01,-6.446637e-01,2.050267e-01,9.066183e-04,0,0
7.787069e-04,4.880852e-01,7.413916e+00,-3.613730e+00,-8.474223e+00,-3.949589e+00,-1.464015e+01,4.195734e+00,-6.618975e+00,-1.407001e+01,1.351490e+01,-4.015930e+00,-6.858252e+00,2.236325e-02,0,0,-5.374302e-05,4.575059e-01,2.381774e-01,9.731965e-02,1.023476e+00,-1.073000e+00,2.066521e+00,-6.021026e-01,7.861547e-01,1.537184e+00,-1.632621e+00,-1.034636e+00,2.607347e-01,-3.928684e-04,0,0
7.114433e-04,1.059561e+00,7.275759e+00,-3.787208e+00,-7.021428e+00,-4.041323e+00,-1.239771e+01,2.520563e+00,-5.797926e+00,-1.228693e+01,1.006298e+01,-4.757042e+00,-5.858524e+00,1.994560e-02,0,0,-6.011847e-05,3.316290e-01,3.196183e-01,3.890671e-01,1.431975e+00,-1.613795e+00,1.974213e+00,-6.720663e-01,1.320244e+00,2.360967e+00,-1.935947e+00,-9.538293e-01,2.655072e-02,-1.450590e-03,0,0
6.530075e-04,1.273432e+00,8.139985e+00,-3.123540e+00,-5.251134e+00,-6.858827e+00,-1.027069e+01,1.857721e+00,-3.264638e+00,-9.333431e+00,8.396855e+00,-6.020372e+00,-6.865788e+00,1.631913e-02,0,0,-6.295964e-05,5.846167e-02,3.785346e-01,7.804605e-01,1.506377e+00,-2.141561e+00,1.632676e+00,4.701903e-02,1.559692e+00,2.703484e+00,-1.294065e+00,-2.508253e-01,-6.558490e-02,-1.511030e-04,0,0
5.851661e-04,1.143065e+00,8.275111e+00,-1.650652e+00,-3.153448e+00,-9.717164e+00,-9.838161e+00,3.171968e+00,-1.730884e+00,-6.611713e+00,7.344757e+00,-6.021685e+00,-7.688199e+00,1.722575e-02,0,0,-5.910511e-05,-1.403264e-01,5.302134e-01,7.893095e-01,1.175134e+00,-1.977700e+00,1.600105e+00,1.880364e-01,1.059783e+00,3.016126e+00,-4.082136e-01,6.818138e-01,4.358004e-01,1.934119e-03,0,0
5.270473e-04,7.386413e-01,8.806912e+00,-7.797057e-01,-2.876328e+00,-1.181947e+01,-7.756544e+00,4.105126e+00,-8.540379e-01,-3.390199e+00,8.403682e+00,-4.637735e+00,-6.271339e+00,2.296766e-02,0,0,-5.214100e-05,-2.168544e-01,7.059630e-01,3.349894e-01,5.358948e-01,-9.246576e-01,1.852125e+00,-3.684424e-01,3.242009e-01,2.850049e+00,-2.040291e-03,1.824129e+00,8.409173e-01,2.598973e-03,0,0
4.788979e-04,6.253245e-01,9.593362e+00,-1.012578e+00,-2.333160e+00,-1.144950e+01,-5.654257e+00,2.337043e+00,-1.704312e+00,-1.779172e-01,8.018496e+00,-2.039292e+00,-3.976746e+00,2.629193e-02,0,0,-3.978169e-05,-2.552675e-01,9.789246e-01,-1.326760e-01,1.982193e-02,2.569062e-01,1.587625e+00,-1.346822e+00,1.918492e-01,2.463113e+00,1.794477e-01,1.800584e+00,5.173041e-01,6.044122e-04,0,0
4.454366e-04,4.480304e-01,1.101067e+01,-1.767631e+00,-2.981805e+00,-1.061595e+01,-3.102011e+00,4.329726e-01,-1.656919e+00,1.699915e+00,8.049785e+00,1.109077e+00,-4.516927e+00,2.478090e-02,0,0,-1.819823e-05,-4.059741e-01,4.141911e-01,-5.346517e-01,-1.460535e-01,1.136820e+00,8.117407e-01,-1.785251e+00,7.075649e-01,1.385185e+00,-2.659233e-01,1.183943e+00,2.049553e-02,-1.783016e-03,0,0
4.270630e-04,1.203352e-02,1.206785e+01,-1.820070e+00,-3.001600e+00,-9.034396e+00,-4.227303e+00,-1.726062e+00,-3.701973e-01,3.158796e+00,8.418944e+00,1.078289e-01,-5.978884e+00,1.934119e-02,0,0,9.897102e-05,-9.674791e-01,-8.262103e-01,-6.048993e-01,-8.439505e-02,9.284295e-01,-4.117022e-01,-1.506166e+00,8.287609e-01,2.969318e-01,-7.970896e-01,2.432244e-01,3.145142e-01,-2.236325e-03,0,4.293941e-02
4.619736e-04,-9.845842e-01,9.640622e+00,-3.049218e+00,-3.272375e+00,-7.342928e+00,-4.411317e+00,-2.789579e+00,2.016729e+00,1.867370e+00,6.873841e+00,2.084209e-01,-5.167793e+00,1.752795e-02,0,0,3.468049e-04,-1.332926e+00,-2.475370e+00,-9.308206e-01,3.626732e-01,-1.279922e-01,-2.060034e+00,-8.451600e-01,2.749425e-01,-6.346883e-01,-1.489679e+00,-1.982973e-02,1.735239e+00,-8.461770e-04,1.098129e+01,1.140578e-01
9.654845e-04,-3.495764e+00,6.147336e+00,-3.396280e+00,-2.609850e+00,-8.443863e+00,-7.058115e+00,-3.582512e+00,6.026685e-01,1.223015e+00,4.621019e+00,-3.728421e-01,-2.078742e+00,1.873678e-02,0,2.146971e-01,7.503940e-04,-1.280121e+00,-3.550647e+00,-1.243894e+00,6.642326e-01,-2.033395e+00,-3.556821e+00,5.628159e-01,-1.081879e+00,-9.378540e-01,-1.067930e+00,2.885804e-01,2.958034e+00,8.159563e-04,2.737289e+01,1.888264e-01
1.910250e-03,-4.462698e+00,1.594084e+00,-5.633629e+00,-1.364314e+00,-1.155117e+01,-1.198678e+01,-2.864603e+00,-7.686391e-01,-5.056357e-01,2.500355e+00,1.250263e+00,2.209197e+00,2.085222e-02,5.490643e+01,4.629403e-01,1.022235e-03,-6.182678e-01,-3.367504e+00,-1.456593e+00,5.897411e-01,-3.454314e+00,-4.248599e+00,2.159187e+00,-1.782337e+00,-6.483034e-01,3.105422e-01,-1.839051e-01,3.487881e+00,1.269265e-03,4.351882e+01,1.993423e-01
3.454895e-03,-4.649516e+00,-1.662111e+00,-6.747335e+00,-6.344681e-01,-1.709725e+01,-1.822368e+01,1.125529e+00,-4.386906e+00,-3.439713e-01,5.266039e+00,1.029810e+00,5.122792e+00,2.175884e-02,1.094112e+02,7.126617e-01,9.668873e-04,7.762511e-02,-2.430778e+00,-1.263109e+00,-9.713912e-03,-3.883549e+00,-3.027551e+00,3.696519e+00,-1.530750e+00,-5.324046e-01,1.410684e+00,-8.490685e-01,2.992832e+00,1.420369e-03,4.301658e+01,1.352273e-01
4.328444e-03,-3.499047e+00,-3.292173e+00,-8.656655e+00,-1.311361e+00,-2.028780e+01,-2.007153e+01,5.652337e+00,-4.400170e+00,-5.906546e-01,8.104042e+00,-1.412430e+00,8.670843e+00,2.236325e-02,1.628885e+02,7.477290e-01,5.779729e-04,1.717463e-01,-1.019124e+00,-4.356488e-01,-6.953323e-01,-3.360612e+00,-7.128493e-01,4.043578e+00,-7.772940e-01,-7.310740e-01,1.488417e+00,-1.571865e+00,1.797417e+00,1.843457e-03,2.610151e+01,6.045586e-02
4.590824e-03,-3.589464e+00,-3.563426e+00,-8.200311e+00,-2.684896e+00,-2.349329e+01,-1.815349e+01,1.064162e+01,-5.235316e+00,-1.396499e+00,8.872596e+00,-3.286837e+00,9.654595e+00,2.508311e-02,1.610919e+02,7.484393e-01,1.118777e-04,1.686394e-02,-1.236552e-01,4.520474e-01,-1.136973e+00,-2.017951e+00,1.008039e+00,3.277570e+00,2.964471e-01,-1.354290e+00,3.845966e-01,-1.414546e+00,3.735273e-01,2.296767e-03,9.623098e+00,6.525672e-03
4.232150e-03,-4.133993e+00,-2.550878e+00,-7.085385e+00,-3.815762e+00,-2.515621e+01,-1.558612e+01,1.259524e+01,-4.230905e+00,-3.634742e+00,8.139163e+00,-4.450737e+00,8.930380e+00,2.840737e-02,1.595737e+02,7.473308e-01,-1.054852e-04,-2.227486e-01,1.905539e-01,1.155682e+00,-1.120094e+00,-8.764766e-01,1.216300e+00,1.901464e+00,9.590596e-01,-1.820897e+00,-4.532787e-01,-9.336478e-01,-9.317290e-01,2.326987e-03,-9.302429e-01,-8.955359e-04
4.062430e-03,-4.247723e+00,-2.651035e+00,-5.272733e+00,-5.067131e+00,-2.475280e+01,-1.542619e+01,1.404192e+01,-2.989303e+00,-5.593378e+00,7.171462e+00,-4.523769e+00,6.860660e+00,3.022061e-02,1.591841e+02,7.454892e-01,-1.263070e-04,-6.189141e-02,-1.393464e-02,1.201761e+00,-9.973505e-01,4.622494e-01,3.309337e-01,6.318348e-01,1.679188e+00,-1.779772e+00,-7.186605e-01,-4.886118e-01,-1.382051e+00,1.752795e-03,-4.001541e-01,-5.764723e-04
4.065215e-03,-4.283660e+00,-2.795599e+00,-4.342033e+00,-5.720714e+00,-2.404043e+01,-1.535368e+01,1.345951e+01,-7.278779e-01,-7.596700e+00,6.688216e+00,-5.462204e+00,5.409166e+00,3.142944e-02,1.591911e+02,7.447264e-01,-2.217665e-05,1.708060e-01,-3.678907e-01,8.610926e-01,-8.259169e-01,1.092153e+00,-4.376437e-01,2.653074e-02,1.922470e+00,-1.527850e+00,-4.674147e-01,-1.312470e-01,-1.122290e+00,1.299486e-03,-3.812561e-02,5.130052e-04
4.042756e-03,-3.824087e+00,-3.510739e+00,-3.563181e+00,-6.719172e+00,-2.173993e+01,-1.661504e+01,1.336866e+01,1.409111e+00,-8.314378e+00,6.004767e+00,-5.224163e+00,4.504948e+00,3.233605e-02,1.592824e+02,7.468591e-01,3.313143e-05,2.980314e-01,-4.587376e-01,4.689626e-01,-7.081629e-01,1.091278e+00,-5.738403e-01,-3.198667e-01,1.955527e+00,-1.319023e+00,-1.405758e-01,2.380635e-01,-5.800943e-01,9.670596e-04,1.689453e-02,1.646507e-03
4.131104e-03,-3.491781e+00,-3.960479e+00,-3.634698e+00,-7.119325e+00,-2.120188e+01,-1.717991e+01,1.306453e+01,3.182239e+00,-9.913491e+00,6.385437e+00,-4.756775e+00,4.496783e+00,3.384708e-02,1.593339e+02,7.492109e-01,5.776631e-05,2.391498e-01,-3.971203e-01,2.927004e-01,-4.817078e-01,3.882858e-01,-1.140701e-01,-3.073433e-01,1.403871e+00,-8.374037e-01,1.814185e-01,3.693621e-01,9.998942e-03,8.159559e-04,-5.706482e-02,1.077449e-03
4.195143e-03,-3.153506e+00,-4.362282e+00,-3.281588e+00,-7.908639e+00,-2.071568e+01,-1.738228e+01,1.264008e+01,4.833275e+00,-1.103010e+01,6.619972e+00,-3.686166e+00,4.416380e+00,3.384709e-02,1.591972e+02,7.514794e-01,4.783361e-05,4.640269e-02,-1.705962e-01,1.850488e-01,-1.066568e-01,-6.254990e-01,6.634842e-01,-2.455179e-01,5.405937e-01,-8.575859e-02,4.176317e-01,2.622194e-02,4.253098e-01,8.763977e-04,-2.594086e-01,-2.359450e-04
4.277853e-03,-3.423202e+00,-4.355429e+00,-3.019328e+00,-7.534519e+00,-2.261113e+01,-1.554041e+01,1.228708e+01,4.579395e+00,-1.042586e+01,7.287706e+00,-4.384392e+00,5.503445e+00,3.475370e-02,1.589484e+02,7.478034e-01,2.349773e-06,-5.699077e-02,-4.750776e-02,1.938936e-01,1.659953e-01,-1.249567e+00,1.128522e+00,2.768459e-02,-4.717867e-01,1.080796e+00,3.364037e-01,-3.508237e-01,7.621101e-01,1.148383e-03,-4.981125e-01,-1.202357e-03
4.208550e-03,-3.626363e+00,-4.166245e+00,-2.945622e+00,-7.044858e+00,-2.416281e+01,-1.411737e+01,1.252979e+01,3.413502e+00,-8.486987e+00,7.641791e+00,-5.279245e+00,6.128167e+00,3.626473e-02,1.581781e+02,7.463831e-01,-4.111929e-05,3.792124e-02,2.839422e-03,2.006912e-02,3.552182e-01,-1.533140e+00,1.013045e+00,5.036730e-01,-1.327909e+00,1.873099e+00,3.482218e-01,-7.791505e-01,1.136916e+00,1.269266e-03,-6.870529e-01,-7.733643e-04
4.136149e-03,-3.540306e+00,-4.296036e+00,-2.833213e+00,-6.721239e+00,-2.572616e+01,-1.316975e+01,1.325809e+01,1.533192e+00,-5.781067e+00,7.556546e+00,-5.714354e+00,7.451440e+00,3.838018e-02,1.573529e+02,7.457473e-01,-7.402827e-05,4.005791e-01,-8.436303e-02,-1.493530e-01,1.912088e-01,-1.131394e+00,4.812140e-01,7.300307e-01,-1.362560e+00,1.861106e+00,2.385665e-01,-7.850552e-01,1.293577e+00,7.555165e-04,-7.143723e-01,1.072717e-03
4.060398e-03,-2.905348e+00,-4.377781e+00,-3.274299e+00,-6.539188e+00,-2.682387e+01,-1.350239e+01,1.467294e+01,-2.831678e-01,-3.986997e+00,8.226661e+00,-6.916937e+00,9.126960e+00,3.838018e-02,1.565597e+02,7.486407e-01,-8.581439e-05,7.183682e-01,-1.279493e-01,-3.457638e-01,3.441753e-02,-8.029053e-01,2.755753e-01,6.897330e-01,-1.075901e+00,1.300907e+00,1.920534e-01,-7.929314e-01,1.209897e+00,-2.115436e-04,-5.287369e-01,2.586418e-03
3.981787e-03,-1.780814e+00,-4.671476e+00,-3.601754e+00,-6.831310e+00,-2.693757e+01,-1.344184e+01,1.486566e+01,-3.850707e-01,-3.370325e+00,8.188104e+00,-7.490821e+00,1.047193e+01,3.747356e-02,1.561857e+02,7.520382e-01,-8.851858e-05,7.802541e-01,-1.481285e-02,-5.314273e-01,5.587192e-02,-6.366138e-01,4.703327e-01,4.570573e-01,-7.302375e-01,6.420819e-01,-1.022635e-01,-4.836117e-01,6.899468e-01,-9.972792e-04,-2.565826e-01,3.043246e-03
3.856659e-03,-9.142678e-01,-4.618272e+00,-4.290170e+00,-6.817735e+00,-2.757163e+01,-1.260345e+01,1.517467e+01,-1.006871e+00,-3.187820e+00,8.286279e+00,-8.355668e+00,1.066740e+01,3.566032e-02,1.561180e+02,7.561697e-01,-7.168621e-05,5.445055e-01,5.097108e-02,-4.432396e-01,2.058965e-01,-7.979931e-01,8.298129e-01,3.939646e-01,-9.047926e-01,3.649529e-01,-5.151870e-01,9.366398e-02,-1.338455e-01,-9.972792e-04,1.457214e-02,1.953465e-03
3.795426e-03,-6.345756e-01,-4.249855e+00,-4.982414e+00,-6.302606e+00,-2.853535e+01,-1.126756e+01,1.529251e+01,-1.756144e+00,-2.970246e+00,7.015419e+00,-7.413047e+00,1.013095e+01,3.475371e-02,1.562908e+02,7.571990e-01,-3.297138e-05,1.230327e-01,1.170848e-01,-1.474185e-01,2.038870e-01,-8.760933e-01,7.936617e-01,6.465601e-01,-1.364692e+00,9.555931e-02,-3.355106e-01,1.547743e-01,-6.721171e-01,-6.346322e-04,1.966232e-01,-4.277825e-05
3.795148e-03,-7.559395e-01,-4.333736e+00,-4.800168e+00,-5.774058e+00,-3.001495e+01,-1.044046e+01,1.642933e+01,-4.121594e+00,-2.362272e+00,6.237068e+00,-6.487504e+00,8.628223e+00,3.475371e-02,1.565800e+02,7.558277e-01,-6.380677e-06,-1.231975e-01,9.236465e-02,2.518103e-01,-6.212492e-02,-5.725724e-01,3.894498e-01,7.473768e-01,-1.500488e+00,-1.567409e-01,1.058471e-01,-1.055212e-01,-8.161911e-01,-3.022060e-04,2.717071e-01,-1.568723e-03
3.847686e-03,-1.244814e+00,-4.228320e+00,-4.083848e+00,-6.333714e+00,-3.009637e+01,-1.055502e+01,1.747113e+01,-5.651168e+00,-3.305303e+00,7.535156e+00,-7.651031e+00,8.130939e+00,3.475371e-02,1.569379e+02,7.519954e-01,-5.348888e-06,-2.561469e-01,2.065127e-01,3.491465e-01,-2.705383e-01,-1.149847e-01,-8.272505e-02,4.688831e-01,-8.324701e-01,-7.173569e-01,8.450397e-01,-7.036977e-01,-6.672862e-01,-3.022067e-04,2.379715e-01,-1.982069e-03
3.798626e-03,-1.225136e+00,-4.167217e+00,-3.480402e+00,-7.112806e+00,-2.965398e+01,-1.101247e+01,1.782225e+01,-6.561800e+00,-3.803997e+00,8.555646e+00,-8.764282e+00,7.586455e+00,3.414929e-02,1.571530e+02,7.509279e-01,-5.804445e-06,-2.910972e-01,4.452268e-01,1.143805e-01,-1.082937e-01,2.217117e-01,-3.996787e-01,-3.441238e-03,3.773043e-01,-1.186077e+00,1.277339e+00,-1.089582e+00,-1.582235e-01,-3.626481e-04,1.162231e-01,-1.876509e-03
3.766943e-03,-1.680712e+00,-3.300551e+00,-3.896565e+00,-6.985924e+00,-2.929076e+01,-1.139518e+01,1.694047e+01,-4.698391e+00,-5.836168e+00,1.008133e+01,-9.793147e+00,7.315405e+00,3.354488e-02,1.571942e+02,7.497385e-01,1.120507e-05,-3.233842e-01,4.942760e-01,-5.478473e-02,1.366843e-01,3.300537e-01,-4.627904e-01,-4.780300e-01,1.517429e+00,-1.539418e+00,1.423100e+00,-1.075984e+00,1.872468e-02,-3.626481e-04,3.843689e-03,-1.502258e-03
3.806497e-03,-1.993477e+00,-2.571486e+00,-4.321907e+00,-5.989421e+00,-2.930920e+01,-1.201878e+01,1.667746e+01,-2.711461e+00,-7.027224e+00,1.135068e+01,-1.086436e+01,8.244873e+00,3.354488e-02,1.570330e+02,7.475736e-01,5.730619e-05,-2.857913e-01,2.558497e-01,7.179511e-02,1.566053e-01,3.858864e-01,-4.403296e-01,-4.046988e-01,1.772080e+00,-1.566316e+00,1.427840e+00,-1.020167e+00,1.473975e-01,-2.115447e-04,-3.509521e-04,-1.489985e-03
3.899775e-03,-2.477565e+00,-2.554805e+00,-3.937019e+00,-6.211985e+00,-2.861849e+01,-1.236582e+01,1.565338e+01,1.080501e-02,-9.390781e+00,1.325314e+01,-1.198091e+01,7.895354e+00,3.324267e-02,1.570171e+02,7.461613e-01,8.621460e-05,-9.972914e-02,-1.872019e-01,3.209743e-01,-2.248211e-02,3.482197e-01,-3.072395e-01,-8.482418e-02,1.154263e+00,-1.104500e+00,1.083312e+00,-7.907427e-01,-3.556738e-02,3.021993e-05,8.172455e-02,-8.760214e-04
4.018740e-03,-2.255666e+00,-3.260841e+00,-3.101199e+00,-6.716749e+00,-2.806068e+01,-1.272880e+01,1.644230e+01,-5.599682e-02,-9.858272e+00,1.410894e+01,-1.277124e+01,8.033468e+00,3.324267e-02,1.572398e+02,7.452666e-01,8.891490e-05,8.222294e-02,-4.630275e-01,3.707241e-01,-1.277112e-01,1.629801e-01,-1.733198e-02,1.708899e-01,3.926272e-01,-6.381308e-01,6.464880e-01,-4.487891e-01,-2.276778e-01,3.022063e-04,1.805893e-01,-5.470514e-05
4.091894e-03,-2.048263e+00,-3.891883e+00,-2.902047e+00,-6.734671e+00,-2.817392e+01,-1.257637e+01,1.663393e+01,-2.548089e-01,-9.943143e+00,1.411876e+01,-1.279342e+01,7.243271e+00,3.384708e-02,1.574994e+02,7.465119e-01,6.133514e-05,1.945834e-01,-3.957818e-01,1.652234e-01,2.819390e-02,-1.362019e-01,1.962845e-01,4.506504e-01,-2.632118e-01,-1.364105e-01,2.883096e-01,-1.235844e-01,-9.720669e-02,4.533101e-04,1.704910e-01,5.718350e-04
4.155012e-03,-1.797013e+00,-4.218084e+00,-2.985772e+00,-6.366634e+00,-2.871658e+01,-1.200017e+01,1.704163e+01,-6.155176e-01,-9.941697e+00,1.415031e+01,-1.270205e+01,7.432526e+00,3.475371e-02,1.576948e+02,7.471247e-01,2.542557e-05,1.128580e-01,-1.010769e-01,-1.335392e-02,6.704392e-02,-3.227581e-01,2.641396e-01,5.922600e-01,-4.795284e-01,-7.688446e-02,1.414490e-01,3.497775e-01,-2.191896e-01,1.511037e-04,6.373902e-02,5.747676e-04
4.138315e-03,-1.733975e+00,-4.055092e+00,-3.168616e+00,-6.246072e+00,-2.897155e+01,-1.174871e+01,1.760696e+01,-1.025494e+00,-1.003112e+01,1.467400e+01,-1.263343e+01,7.709792e+00,3.475371e-02,1.576421e+02,7.480914e-01,-1.659994e-05,3.212536e-02,2.520187e-01,-9.675608e-02,2.349935e-02,-3.033743e-01,2.581234e-02,9.594887e-01,-7.601765e-01,-4.911232e-02,1.746043e-01,6.525291e-01,-3.442317e-01,-6.648533e-04,-8.424530e-02,1.661003e-04
4.122658e-03,-1.848520e+00,-3.684621e+00,-3.034684e+00,-6.625828e+00,-2.927565e+01,-1.182192e+01,1.891708e+01,-2.068296e+00,-1.019870e+01,1.453856e+01,-1.110235e+01,6.704260e+00,3.354488e-02,1.574872e+02,7.473507e-01,-3.798129e-05,-5.204518e-02,5.435702e-01,-1.957059e-01,1.018527e-01,-5.522653e-01,-2.303715e-02,1.081544e+00,-8.811787e-01,-2.489448e-01,3.987954e-01,6.827480e-01,-5.762167e-01,-1.390149e-03,-1.948013e-01,-4.045487e-04
4.025072e-03,-1.861883e+00,-2.898521e+00,-3.361371e+00,-6.487577e+00,-2.941126e+01,-1.253643e+01,2.049365e+01,-3.329302e+00,-1.006020e+01,1.479765e+01,-1.033063e+01,5.886245e+00,3.112723e-02,1.571820e+02,7.472294e-01,-4.209690e-05,-3.857518e-02,5.963567e-01,-1.776461e-01,1.103846e-01,-6.361052e-01,3.824510e-02,8.131689e-01,-6.114627e-01,-7.053270e-01,8.449891e-01,3.087761e-01,-5.528281e-01,-1.662134e-03,-2.178284e-01,-7.741690e-04
4.021727e-03,-1.993285e+00,-2.078519e+00,-3.867924e+00,-5.736619e+00,-3.125806e+01,-1.172150e+01,2.100601e+01,-3.869507e+00,-1.117188e+01,1.608246e+01,-1.043971e+01,5.463215e+00,2.961620e-02,1.569508e+02,7.455330e-01,-2.604998e-05,5.716493e-02,3.623634e-01,-3.675163e-02,6.883039e-02,-7.274233e-01,3.486502e-01,1.322353e-01,-6.258082e-02,-1.145619e+00,1.241812e+00,-1.897821e-01,-3.750347e-01,-1.359927e-03,-2.198547e-01,-1.016152e-03
3.978296e-03,-1.854468e+00,-1.876360e+00,-3.640226e+00,-6.138754e+00,-3.116087e+01,-1.160770e+01,2.062834e+01,-3.182202e+00,-1.307117e+01,1.812700e+01,-1.142087e+01,5.566174e+00,2.840737e-02,1.568211e+02,7.451294e-01,-2.092607e-05,9.040090e-02,5.662489e-02,2.731569e-01,-3.376364e-01,-2.219364e-01,2.890281e-01,-4.206753e-01,3.988088e-01,-1.087863e+00,1.170386e+00,-4.988176e-01,-2.222424e-01,-8.159567e-04,-2.490936e-01,-1.294190e-03
4.015796e-03,-1.566403e+00,-2.383885e+00,-3.079015e+00,-6.456088e+00,-3.203796e+01,-1.054303e+01,1.951091e+01,-2.454751e+00,-1.442132e+01,1.908295e+01,-1.150614e+01,4.989122e+00,2.810517e-02,1.565683e+02,7.433199e-01,-4.528384e-05,7.885911e-02,-9.968348e-02,3.477057e-01,-4.890873e-01,4.612314e-01,-2.245819e-01,-5.679405e-01,5.398779e-01,-3.813091e-01,5.820824e-01,-5.509937e-01,-2.111831e-02,-2.417650e-04,-3.521561e-01,-1.323795e-03
3.923407e-03,-1.623319e+00,-2.462714e+00,-2.390041e+00,-7.816024e+00,-3.013099e+01,-1.168052e+01,1.913782e+01,-2.042636e+00,-1.387480e+01,1.914934e+01,-1.229150e+01,5.012080e+00,2.780296e-02,1.561277e+02,7.418650e-01,-8.025591e-05,-7.567110e-02,9.675471e-02,6.090100e-02,-2.562265e-01,8.857086e-01,-7.770646e-01,-4.507355e-01,5.519956e-01,2.567766e-01,4.628239e-02,-4.743500e-01,3.084361e-01,3.626468e-04,-4.716522e-01,-1.034492e-03
3.822753e-03,-1.714564e+00,-2.283759e+00,-2.754488e+00,-7.343420e+00,-2.946684e+01,-1.280800e+01,1.891157e+01,-1.739900e+00,-1.267661e+01,1.848171e+01,-1.275936e+01,5.634671e+00,2.870958e-02,1.555367e+02,7.405462e-01,-9.736248e-05,-1.659358e-01,3.568042e-01,-2.413712e-01,1.088163e-01,9.028629e-01,-9.562341e-01,-3.793217e-01,6.807882e-01,2.090487e-01,3.745670e-02,-2.417075e-01,5.791416e-01,8.159561e-04,-5.257126e-01,-4.631519e-04
3.673538e-03,-2.158743e+00,-1.442649e+00,-3.497985e+00,-6.976221e+00,-2.801789e+01,-1.436054e+01,1.867434e+01,-7.796488e-01,-1.265964e+01,1.865903e+01,-1.316600e+01,6.785580e+00,2.991840e-02,1.549787e+02,7.413438e-01,-6.671585e-05,-1.085686e-01,4.717909e-01,-4.093933e-01,4.981664e-01,1.485395e-01,-3.619604e-01,-4.905575e-01,7.710509e-01,-3.963711e-01,4.656792e-01,1.450039e-01,4.236019e-01,8.461775e-04,-4.887726e-01,-6.796718e-05
3.653918e-03,-2.128370e+00,-1.109896e+00,-3.731899e+00,-6.331908e+00,-2.858019e+01,-1.398419e+01,1.784604e+01,3.176963e-01,-1.398365e+01,1.951539e+01,-1.227742e+01,6.998080e+00,3.112723e-02,1.545143e+02,7.412648e-01,-1.162207e-05,5.539024e-03,3.938420e-01,-1.831969e-01,3.620835e-01,-4.025940e-01,1.232841e-01,-3.725395e-01,5.896414e-01,-8.706595e-01,8.652004e-01,4.633497e-01,-1.600128e-01,3.324268e-04,-3.666916e-01,-1.057565e-04
3.674245e-03,-1.959259e+00,-6.906913e-01,-3.948302e+00,-5.830948e+00,-2.983161e+01,-1.290222e+01,1.721779e+01,7.838205e-01,-1.520313e+01,2.096089e+01,-1.180745e+01,6.448385e+00,3.082502e-02,1.541951e+02,7.411659e-01,3.502879e-05,9.109800e-02,3.061259e-01,-7.905114e-02,2.971659e-01,-7.114540e-01,3.600311e-03,1.340515e-01,3.015064e-01,-9.337273e-01,8.598217e-01,6.524434e-01,-9.687799e-01,-3.022058e-04,-2.028687e-01,-1.209617e-04
3.764288e-03,-1.786611e+00,-6.905279e-01,-3.445314e+00,-6.105639e+00,-3.057295e+01,-1.292074e+01,1.777714e+01,4.265721e-01,-1.575816e+01,2.165678e+01,-1.112189e+01,5.003204e+00,2.991840e-02,1.540950e+02,7.401064e-01,4.451943e-05,1.836181e-02,3.103073e-01,-7.990400e-02,1.810286e-01,-3.618258e-01,-5.620109e-01,5.696033e-01,2.442506e-01,-6.923255e-01,4.980827e-01,6.102923e-01,-1.339073e+00,-7.252948e-04,-6.057587e-02,5.438924e-05
3.793497e-03,-1.874133e+00,-1.217038e-01,-4.036533e+00,-5.603526e+00,-3.057878e+01,-1.487427e+01,1.937905e+01,6.734454e-01,-1.644102e+01,2.188745e+01,-1.048155e+01,2.939117e+00,2.901179e-02,1.541739e+02,7.413182e-01,2.220236e-05,-4.814353e-02,3.455909e-01,-2.807345e-01,3.670337e-01,-1.042818e-01,-8.014994e-01,5.605946e-01,4.557140e-01,-3.893512e-01,-7.824822e-02,6.154873e-01,-1.162259e+00,-6.346330e-04,-1.863098e-02,2.116978e-04
3.816890e-03,-2.079124e+00,1.571465e-01,-4.087304e+00,-5.540476e+00,-3.001574e+01,-1.580822e+01,1.961344e+01,1.594137e+00,-1.682634e+01,2.154252e+01,-9.888908e+00,2.057350e+00,2.840737e-02,1.542220e+02,7.414606e-01,-1.522794e-05,-8.982432e-03,2.594181e-01,-3.900016e-01,6.049526e-01,-1.184652e-01,-3.060189e-01,2.886581e-03,7.334269e-01,-2.614450e-01,-3.327370e-01,5.080386e-01,-5.854729e-01,-4.230885e-04,-1.036408e-01,7.545948e-06
3.758956e-03,-2.053720e+00,6.134263e-01,-5.030980e+00,-4.278361e+00,-3.063163e+01,-1.546598e+01,1.910262e+01,2.478608e+00,-1.661580e+01,2.062678e+01,-9.346502e+00,2.110018e+00,2.840737e-02,1.540385e+02,7.415473e-01,-3.714755e-05,1.057089e-01,2.164932e-02,-1.938718e-01,6.019064e-01,-4.970838e-01,5.020829e-01,-5.162422e-01,7.663078e-01,-2.793144e-01,-3.052498e-01,4.306735e-01,-1.658418e-01,-3.324267e-04,-2.976379e-01,-6.208897e-04
3.705419e-03,-1.741729e+00,2.389977e-01,-4.898098e+00,-3.743458e+00,-3.113885e+01,-1.415498e+01,1.792979e+01,3.191125e+00,-1.697799e+01,2.062343e+01,-9.149220e+00,2.490389e+00,2.810517e-02,1.536446e+02,7.400296e-01,-4.627325e-05,2.058077e-01,-1.032764e-01,-9.354820e-02,5.207542e-01,-6.343725e-01,6.965448e-01,-5.547855e-01,6.962056e-01,-3.807507e-01,3.886528e-02,3.230210e-01,-1.537846e-01,-1.511032e-04,-5.048996e-01,-7.978797e-04
3.663494e-03,-1.514285e+00,-5.438277e-02,-4.600495e+00,-3.492503e+00,-3.250264e+01,-1.319048e+01,1.763966e+01,3.706491e+00,-1.776176e+01,2.082075e+01,-8.698031e+00,1.893389e+00,2.750076e-02,1.529745e+02,7.389292e-01,-4.243143e-05,2.135607e-01,-1.106556e-01,3.148031e-02,2.552930e-01,-5.508593e-01,6.018707e-01,-6.395733e-01,7.506909e-01,-2.214561e-01,3.931198e-02,5.548471e-01,-4.618142e-01,1.813233e-04,-6.602020e-01,-4.325926e-04
3.633254e-03,-1.319803e+00,-2.533106e-02,-4.770287e+00,-3.329634e+00,-3.225209e+01,-1.346325e+01,1.757099e+01,4.461224e+00,-1.815711e+01,2.163987e+01,-8.598039e+00,1.396742e+00,2.810517e-02,1.522295e+02,7.387802e-01,-3.939618e-05,1.356852e-01,8.671920e-02,-1.414053e-01,2.950912e-01,-3.387432e-01,3.222101e-01,-7.443905e-01,7.209333e-01,3.095078e-01,-2.904255e-01,9.426922e-01,-6.627229e-01,1.208824e-03,-7.219955e-01,9.878874e-05
3.582882e-03,-1.196879e+00,1.923128e-01,-4.937484e+00,-3.208809e+00,-3.282930e+01,-1.280249e+01,1.608415e+01,5.597013e+00,-1.713352e+01,2.031512e+01,-6.847858e+00,3.477713e-01,2.931399e-02,1.514450e+02,7.400090e-01,-4.725698e-05,6.272930e-02,9.258118e-02,1.310813e-01,1.443626e-01,-1.080894e-01,1.472558e-01,-7.576044e-01,6.180694e-01,7.445839e-01,-8.247601e-01,1.370914e+00,-6.797821e-01,1.662134e-03,-6.889313e-01,1.632333e-04
3.548744e-03,-1.222006e+00,5.492459e-01,-5.436630e+00,-2.409849e+00,-3.266924e+01,-1.273792e+01,1.498559e+01,5.850530e+00,-1.574458e+01,1.942411e+01,-5.360846e+00,-5.041637e-02,3.324267e-02,1.507993e+02,7.399836e-01,-7.462779e-05,-3.651362e-02,-3.164510e-02,6.106310e-01,-4.651842e-02,1.497368e-01,-1.549278e-01,-3.900232e-01,2.104776e-01,1.081334e+00,-1.392281e+00,1.367680e+00,-4.878597e-01,1.480811e-03,-6.101959e-01,-3.728986e-04
3.469464e-03,-1.249538e+00,1.212347e-01,-3.611917e+00,-3.230582e+00,-3.283452e+01,-1.281686e+01,1.514434e+01,6.102184e+00,-1.524511e+01,1.780482e+01,-3.462060e+00,-7.819424e-01,3.324267e-02,1.502449e+02,7.391437e-01,-1.195692e-04,-9.950378e-02,-1.249275e-01,9.724699e-01,-2.485915e-01,6.445059e-01,-7.582694e-01,3.601006e-01,-3.131645e-01,1.099603e+00,-1.557521e+00,8.885023e-01,-2.420485e-01,6.950743e-04,-5.039276e-01,-7.592320e-04
3.316824e-03,-1.476042e+00,-1.480175e-01,-2.379916e+00,-3.551339e+00,-3.150080e+01,-1.423070e+01,1.609078e+01,5.261026e+00,-1.369465e+01,1.593361e+01,-3.452537e+00,-4.777001e-01,3.354488e-02,1.497786e+02,7.373484e-01,-1.530903e-04,-1.079327e-01,-2.441451e-02,7.320688e-01,-4.272175e-03,8.155130e-01,-1.096808e+00,6.948938e-01,-5.589060e-01,1.110615e+00,-1.541326e+00,2.382101e-01,3.292172e-02,1.208819e-04,9.491274e+00,-4.874885e-04
3.100996e-03,-1.567380e+00,-8.369323e-02,-1.603492e+00,-3.881021e+00,-3.019099e+01,-1.584744e+01,1.733206e+01,4.325943e+00,-1.266048e+01,1.427276e+01,-3.359501e+00,-6.488292e-01,3.263826e-02,1.494357e+02,7.375305e-01,-1.332658e-04,-4.953988e-02,2.198047e-01,-6.339850e-02,5.859789e-01,7.367121e-01,-1.308093e+00,8.846371e-01,-6.668061e-01,1.098757e+00,-1.192885e+00,-3.375836e-01,3.376986e-01,-1.813237e-04,2.437292e+01,6.308019e-04
2.967527e-03,-1.602748e+00,5.296373e-01,-2.780499e+00,-2.105990e+00,-2.991344e+01,-1.670667e+01,1.736620e+01,3.944121e+00,-1.148382e+01,1.348351e+01,-4.221075e+00,4.763563e-02,3.414929e-02,1.986603e+02,7.383528e-01,-6.150063e-05,2.837751e-02,3.533016e-01,-7.117556e-01,1.022964e+00,3.799272e-01,-1.352362e+00,1.095776e+00,-4.858726e-01,9.530948e-01,-8.726079e-01,-5.222301e-01,6.420955e-01,-6.648533e-04,3.920046e+01,1.774043e-03
2.977784e-03,-1.433884e+00,8.814306e-01,-3.728618e+00,-1.023362e+00,-2.994464e+01,-1.811934e+01,1.892982e+01,3.426606e+00,-1.085674e+01,1.306545e+01,-4.765709e+00,6.438830e-01,3.203385e-02,2.476687e+02,7.417955e-01,1.940159e-05,-1.998875e-02,3.351508e-01,-8.874830e-01,9.978746e-01,2.476994e-01,-1.473574e+00,1.209879e+00,-2.351416e-01,7.711196e-01,-5.429176e-01,-7.663862e-01,1.038759e+00,-9.670591e-04,3.913762e+01,1.641828e-03
3.070927e-03,-1.400903e+00,1.135929e+00,-4.876131e+00,1.346506e-01,-2.972434e+01,-1.985656e+01,2.077078e+01,3.281332e+00,-9.831040e+00,1.217423e+01,-5.360584e+00,2.086421e+00,3.052282e-02,2.966644e+02,7.440861e-01,5.418966e-05,-1.600887e-01,2.620335e-01,-5.932990e-01,5.788230e-01,3.609600e-01,-1.507537e+00,1.161247e+00,5.840249e-02,3.843612e-01,-2.778203e-01,-7.824207e-01,1.170130e+00,-8.461770e-04,2.430886e+01,3.637671e-05
3.146304e-03,-1.768247e+00,1.288915e+00,-4.993091e+00,-1.196890e-02,-2.904704e+01,-2.164037e+01,2.167916e+01,3.481630e+00,-9.631267e+00,1.221282e+01,-6.621677e+00,3.525571e+00,2.961620e-02,2.961217e+02,7.428730e-01,3.941250e-05,-3.092621e-01,2.362275e-01,-2.248984e-01,1.878711e-01,3.855841e-01,-1.044366e+00,5.026705e-01,4.904074e-01,-8.518696e-02,-1.575127e-02,-7.132920e-01,1.013016e+00,-4.230888e-04,9.522268e+00,-2.047718e-03
3.154215e-03,-2.236011e+00,1.636062e+00,-5.114757e+00,2.824284e-01,-2.855744e+01,-2.248384e+01,2.179776e+01,4.208622e+00,-1.017475e+01,1.252073e+01,-7.205194e+00,4.457444e+00,3.112723e-02,2.959780e+02,7.379959e-01,1.378048e-05,-3.533730e-01,1.782899e-01,8.400612e-02,-2.382175e-01,5.031368e-01,-5.433003e-01,-9.704876e-02,8.061587e-01,-6.317009e-01,2.040159e-01,-2.255297e-01,3.599535e-01,-3.022063e-04,-3.171387e-01,-2.808988e-03
3.133202e-03,-2.562640e+00,1.812501e+00,-4.733797e+00,-1.578957e-01,-2.860017e+01,-2.202753e+01,2.092968e+01,5.414999e+00,-1.111082e+01,1.281344e+01,-7.409864e+00,4.523452e+00,2.961620e-02,2.956232e+02,7.346020e-01,-7.263152e-07,-2.394810e-01,1.531582e-02,2.672814e-01,-5.780695e-01,4.267464e-01,8.374806e-02,-6.550758e-01,1.051296e+00,-1.050475e+00,3.442720e-01,4.340319e-01,-3.898694e-01,-2.115447e-04,-3.764526e-01,-1.612180e-03
3.146380e-03,-2.770571e+00,1.765585e+00,-4.585747e+00,-9.834736e-01,-2.743209e+01,-2.237948e+01,2.066028e+01,6.345441e+00,-1.224977e+01,1.289399e+01,-6.094139e+00,3.387248e+00,2.901179e-02,2.953280e+02,7.341766e-01,4.334259e-06,-8.059876e-02,-2.612209e-01,4.812528e-01,-8.375271e-01,3.016754e-01,4.511694e-01,-8.945743e-01,7.867582e-01,-1.069016e+00,6.297576e-01,7.287382e-01,-9.061370e-01,1.208818e-04,-5.156494e-01,-4.763007e-05
3.146590e-03,-2.698372e+00,1.300733e+00,-3.921189e+00,-2.269365e+00,-2.747598e+01,-2.127381e+01,1.897252e+01,7.669697e+00,-1.384613e+01,1.374754e+01,-5.007046e+00,2.111322e+00,2.961620e-02,2.945645e+02,7.367217e-01,1.211616e-05,2.010031e-02,-3.899523e-01,6.095930e-01,-7.208794e-01,-8.377838e-02,5.487347e-01,-6.622898e-01,1.995142e-01,-6.991647e-01,8.973068e-01,3.765896e-01,-7.491088e-01,8.159559e-04,-6.210510e-01,6.801725e-04
3.169193e-03,-2.571139e+00,5.858419e-01,-3.114797e+00,-2.849472e+00,-2.761115e+01,-2.060486e+01,1.830346e+01,7.015064e+00,-1.415217e+01,1.520246e+01,-4.762912e+00,1.132824e+00,3.173164e-02,2.939291e+02,7.366979e-01,3.281236e-06,4.571629e-02,-3.107489e-01,6.719134e-01,-4.474489e-01,-4.758026e-01,4.606588e-01,-2.378559e-01,-4.654675e-01,2.151966e-02,9.136368e-01,-3.928528e-01,-6.814979e-02,8.763982e-04,-6.447144e-01,2.198577e-04
3.182377e-03,-2.561855e+00,4.526115e-01,-2.421307e+00,-2.829293e+00,-2.892953e+01,-2.017117e+01,1.879664e+01,6.077758e+00,-1.365544e+01,1.614574e+01,-6.192529e+00,1.905120e+00,3.233605e-02,2.932174e+02,7.367422e-01,-1.155513e-05,-4.827736e-02,1.088394e-02,4.359616e-01,-8.654990e-02,-5.214130e-01,3.374901e-02,1.439106e-01,-5.806495e-01,4.671457e-01,4.964507e-01,-7.748869e-01,5.460879e-01,5.137514e-04,-5.173187e-01,-5.524814e-04
3.144893e-03,-2.610248e+00,6.359016e-01,-1.976121e+00,-2.940754e+00,-2.908433e+01,-2.062750e+01,1.955894e+01,4.814073e+00,-1.223752e+01,1.626308e+01,-7.465662e+00,3.149600e+00,3.203385e-02,2.927780e+02,7.352657e-01,-3.677995e-05,-1.754551e-01,3.760471e-01,8.969714e-02,1.042274e-01,-3.066149e-01,-1.718439e-01,-7.740078e-02,-1.395767e-01,5.142128e-01,-7.420826e-02,-5.383168e-01,7.713980e-01,3.022179e-05,-4.529327e-01,-1.248032e-03
3.100964e-03,-2.920204e+00,1.330123e+00,-2.310719e+00,-2.656474e+00,-2.934646e+01,-2.109374e+01,1.906434e+01,5.866945e+00,-1.246773e+01,1.569949e+01,-7.530106e+00,3.833374e+00,3.203385e-02,2.925535e+02,7.346754e-01,-5.057724e-05,-2.700250e-01,5.430278e-01,-2.061565e-01,2.745330e-01,4.615517e-02,-3.884111e-01,-4.635660e-01,2.765245e-01,3.546841e-01,-2.935731e-01,-1.232902e-01,4.924960e-01,-6.044060e-05,-4.339111e-01,-1.852572e-03
3.025999e-03,-3.269239e+00,2.027322e+00,-2.721605e+00,-2.414745e+00,-2.893577e+01,-2.100279e+01,1.778261e+01,6.422587e+00,-1.217496e+01,1.505455e+01,-6.785708e+00,4.025688e+00,3.203385e-02,2.919964e+02,7.314911e-01,-6.352563e-05,-2.223579e-01,4.322318e-01,-1.358527e-01,3.057941e-01,1.939600e-01,-4.550457e-01,-6.708773e-01,3.453612e-01,5.152834e-01,-3.090386e-01,6.488180e-03,6.445487e-02,-6.044134e-05,-5.218018e-01,-1.851088e-03
2.988937e-03,-3.582484e+00,2.472040e+00,-3.079348e+00,-1.719633e+00,-2.877304e+01,-2.192558e+01,1.736697e+01,6.656124e+00,-1.191330e+01,1.528214e+01,-7.148957e+00,3.929557e+00,3.203385e-02,2.914386e+02,7.293666e-01,-7.688448e-05,-3.907936e-02,1.084772e-01,1.810766e-01,2.255548e-01,3.454502e-01,-6.569692e-01,-4.391571e-01,-4.147897e-02,1.078226e+00,-1.685371e-01,-3.017544e-01,-3.033808e-01,1.511026e-04,-1.022173e+01,-1.441735e-03
2.883278e-03,-3.390897e+00,2.226102e+00,-2.271070e+00,-1.880204e+00,-2.840124e+01,-2.248681e+01,1.705324e+01,6.146290e+00,-9.938315e+00,1.492656e+01,-7.623795e+00,3.423783e+00,3.173164e-02,2.907264e+02,7.286646e-01,-8.261103e-05,1.482365e-01,-1.065681e-01,3.805213e-01,1.847992e-01,3.117216e-01,-6.732855e-01,-3.293526e-01,-6.452198e-02,1.438388e+00,-1.651723e-01,-6.253414e-01,-4.268613e-01,2.115443e-04,-2.463901e+01,-4.364729e-04
2.787902e-03,-3.054772e+00,1.773119e+00,-1.630603e+00,-1.795970e+00,-2.788647e+01,-2.363658e+01,1.723324e+01,5.797699e+00,-8.194927e+00,1.492080e+01,-8.619834e+00,2.617422e+00,3.294047e-02,2.420798e+02,7.288800e-01,-7.763328e-05,2.145820e-01,-1.017540e-01,3.655565e-01,1.400834e-01,3.527044e-01,-5.243618e-01,-4.442648e-01,1.583255e-01,1.336029e+00,-9.006310e-02,-7.341205e-01,-3.852287e-01,3.324267e-04,-3.905602e+01,-1.808703e-04
2.713462e-03,-2.791913e+00,1.843942e+00,-1.543371e+00,-1.452580e+00,-2.782044e+01,-2.351372e+01,1.620272e+01,6.529190e+00,-6.842207e+00,1.440936e+01,-9.176976e+00,2.547449e+00,3.263826e-02,1.934808e+02,7.295521e-01,-5.839781e-05,1.902094e-01,6.690170e-02,1.370828e-01,1.747384e-01,3.292183e-01,-4.217440e-01,-5.870669e-01,5.162169e-01,6.795150e-01,2.185903e-01,-7.045141e-01,-2.386284e-01,-9.066202e-05,-3.899477e+01,2.648413e-04
2.685679e-03,-2.809066e+00,2.154350e+00,-1.615415e+00,-1.233028e+00,-2.729992e+01,-2.403394e+01,1.557091e+01,7.256302e+00,-6.781209e+00,1.509043e+01,-1.004297e+01,2.441581e+00,3.324267e-02,1.447813e+02,7.280185e-01,-4.260072e-05,1.565682e-01,1.835150e-01,-6.463768e-02,1.708825e-01,3.099363e-01,-2.540598e-01,-7.100919e-01,6.622812e-01,-1.737309e-02,5.901791e-01,-5.789601e-01,-1.328479e-01,-5.741917e-04,-2.454392e+01,6.301046e-04
2.642401e-03,-2.562703e+00,2.369995e+00,-1.593251e+00,-1.287983e+00,-2.704843e+01,-2.439685e+01,1.494907e+01,7.998073e+00,-7.247599e+00,1.593470e+01,-1.043480e+01,2.318562e+00,3.112723e-02,1.444018e+02,7.304196e-01,-3.560930e-05,1.965173e-01,1.528821e-01,-3.107771e-01,3.119910e-01,3.725308e-01,-4.557276e-01,-5.020628e-01,4.682686e-01,-3.218883e-01,7.027110e-01,-5.054504e-01,7.438970e-02,-9.670602e-04,-1.006286e+01,1.198286e-03
2.610429e-03,-2.386536e+00,2.427667e+00,-1.928852e+00,-1.023857e+00,-2.672280e+01,-2.446531e+01,1.430960e+01,8.374663e+00,-8.079097e+00,1.710903e+01,-1.088572e+01,2.067626e+00,3.082502e-02,1.438997e+02,7.315968e-01,-4.512647e-05,2.732267e-01,9.315474e-02,-5.381678e-01,5.267989e-01,2.849312e-01,-4.268915e-01,-3.259758e-01,1.820340e-01,-1.777409e-01,4.002562e-01,-4.490892e-01,2.996988e-01,-1.178604e-03,-3.459595e-01,1.543123e-03
2.573040e-03,-2.020591e+00,2.471694e+00,-2.940538e+00,2.789338e-03,-2.624635e+01,-2.557667e+01,1.432306e+01,8.311352e+00,-7.802705e+00,1.691361e+01,-1.128285e+01,3.106375e+00,2.901179e-02,1.436073e+02,7.337544e-01,-6.282095e-05,2.999169e-01,-2.391033e-02,-4.224643e-01,5.578235e-01,2.202625e-01,-4.250286e-01,-8.305931e-03,-1.634258e-01,2.189915e-01,-1.225094e-01,-3.382949e-01,3.720224e-01,-9.670600e-04,-1.994278e-01,7.790506e-04
2.494727e-03,-1.713988e+00,2.569274e+00,-3.632610e+00,7.555807e-01,-2.627630e+01,-2.557848e+01,1.425404e+01,8.009832e+00,-7.392361e+00,1.660225e+01,-1.186439e+01,3.546168e+00,2.840737e-02,1.434488e+02,7.340667e-01,-9.284695e-05,2.672549e-01,-1.081712e-01,4.935455e-02,2.098224e-01,2.041603e-01,-2.154779e-01,1.346830e-01,-2.153760e-01,3.047978e-01,-4.546591e-01,-7.974310e-02,2.004747e-01,-8.159569e-04,-1.520844e-02,1.838624e-04
2.386147e-03,-1.399392e+00,2.179640e+00,-2.853693e+00,6.114166e-01,-2.617036e+01,-2.596541e+01,1.493532e+01,7.363359e+00,-6.496010e+00,1.557554e+01,-1.163694e+01,3.439403e+00,2.750075e-02,1.436301e+02,7.330799e-01,-1.098448e-04,9.671710e-02,-2.109812e-01,6.669315e-01,-2.506561e-01,2.453505e-01,2.572907e-01,-1.565203e-01,-9.833713e-02,5.103774e-02,-3.074833e-01,2.688352e-01,-3.026947e-01,-3.928682e-04,1.042282e-01,-9.688794e-04
2.239641e-03,-1.360861e+00,2.032839e+00,-1.725502e+00,-2.790584e-01,-2.573999e+01,-2.534833e+01,1.467689e+01,7.771780e+00,-7.208456e+00,1.550477e+01,-1.110739e+01,2.903485e+00,2.750076e-02,1.438122e+02,7.328534e-01,-1.026574e-04,-9.950484e-02,-2.322877e-01,8.238376e-01,-2.431756e-01,2.819094e-01,6.482202e-01,-8.195265e-01,2.534625e-01,-3.803110e-01,6.459198e-02,7.206237e-01,-6.440887e-01,-1.208827e-04,1.106033e-01,-1.735759e-03
2.151359e-03,-1.713570e+00,1.685006e+00,-5.594357e-01,-7.331716e-01,-2.528775e+01,-2.440529e+01,1.332903e+01,7.938693e+00,-7.639469e+00,1.592494e+01,-1.031717e+01,1.914243e+00,2.750075e-02,1.439467e+02,7.295167e-01,-7.504774e-05,-1.634991e-01,-3.145334e-01,6.387968e-01,1.644979e-01,6.883354e-02,1.125099e+00,-1.502982e+00,4.401487e-01,-6.366746e-01,6.306089e-01,9.141555e-01,-8.612607e-01,3.324268e-04,1.668701e-02,-2.269918e-03
2.098834e-03,-2.054424e+00,1.655153e+00,-6.605509e-01,2.119967e-01,-2.530806e+01,-2.311744e+01,1.095955e+01,8.989478e+00,-8.722186e+00,1.675051e+01,-8.921154e+00,1.088304e+00,2.780296e-02,1.438435e+02,7.271695e-01,-3.936118e-05,-2.560713e-02,-4.443977e-01,2.590180e-01,7.744076e-01,-1.334271e-01,1.006218e+00,-1.388397e+00,3.310080e-01,-6.256684e-01,9.843922e-01,9.081615e-01,-8.004730e-01,7.555155e-04,-8.385925e-02,-1.999944e-03
2.081312e-03,-1.870107e+00,7.958157e-01,-1.921844e-01,1.188379e+00,-2.604216e+01,-2.145536e+01,9.279077e+00,8.955254e+00,-8.922518e+00,1.810571e+01,-8.159283e+00,4.068966e-02,2.901179e-02,1.436979e+02,7.245722e-01,-1.574512e-05,1.960973e-01,-5.147434e-01,-3.134499e-02,1.011763e+00,-8.809986e-02,4.138607e-01,-4.650239e-01,-7.201099e-03,-5.692720e-01,1.202497e+00,5.354194e-01,-5.269549e-01,1.118163e-03,-1.350967e-01,-8.755863e-04
2.077859e-03,-1.410628e+00,2.554448e-01,-6.140373e-01,2.632204e+00,-2.602992e+01,-2.179221e+01,9.759880e+00,8.918539e+00,-9.695273e+00,1.933634e+01,-7.645531e+00,-1.621035e-01,3.052282e-02,1.435173e+02,7.253259e-01,-2.041692e-06,2.878152e-01,-4.308103e-01,-1.851039e-01,8.803574e-01,1.680162e-01,-3.878593e-01,6.418239e-01,-4.144316e-01,-4.355210e-01,1.146528e+00,4.644156e-02,-2.436403e-01,1.057722e-03,-1.202362e-01,1.668751e-04
2.083121e-03,-1.054981e+00,-1.888578e-01,-7.394174e-01,3.115538e+00,-2.536732e+01,-2.299861e+01,1.160375e+01,7.938157e+00,-9.999286e+00,2.064451e+01,-8.277886e+00,-9.532788e-02,3.173164e-02,1.434343e+02,7.260606e-01,2.268050e-06,2.082109e-01,-1.866761e-01,-2.938955e-01,5.941650e-01,3.698044e-01,-8.152405e-01,1.070097e+00,-4.551441e-01,-3.543913e-01,8.093491e-01,-1.924837e-01,-1.049404e-02,6.648538e-04,-7.907410e-02,7.308841e-04
2.087721e-03,-1.022911e+00,-6.561625e-03,-1.312454e+00,3.650204e+00,-2.480540e+01,-2.428511e+01,1.300634e+01,7.425869e+00,-1.036141e+01,2.121375e+01,-8.629644e+00,-6.188818e-02,3.173164e-02,1.433741e+02,7.272597e-01,2.432452e-06,8.075055e-02,-3.417166e-02,-1.969869e-01,2.570666e-01,3.010963e-01,-6.272316e-01,7.895500e-01,-3.497629e-01,-1.694389e-01,4.324066e-01,-2.319984e-01,2.338704e-02,2.417650e-04,-3.465424e-02,5.066752e-04
